timestamp,symbol,instrument,ltp,volume,bid,ask,oi,bid_qty,ask_qty,stock_name,strike,option_type,expiry
2025-02-03 09:32:39.120760,COALINDIA27FEB25P370,OPTSTK,9.85,573300,9.75,9.9,926100,7350,6300,COALINDIA,370.0,PE,27-FEB-2025
2025-02-03 09:32:46.760634,COALINDIA27FEB25P370,OPTSTK,10.0,573300,9.75,9.9,926100,7350,6300,COALINDIA,370.0,PE,27-FEB-2025
2025-02-03 09:33:00.834562,COALINDIA27FEB25P370,OPTSTK,10.2,573300,9.75,9.9,926100,7350,6300,COALINDIA,370.0,PE,27-FEB-2025
2025-02-03 09:33:12.064897,COALINDIA27FEB25P370,OPTSTK,10.25,612150,10.15,10.25,926100,4200,2100,COALINDIA,370.0,PE,27-FEB-2025
2025-02-03 09:33:26.671944,COALINDIA27FEB25P370,OPTSTK,10.15,612150,10.15,10.25,926100,4200,2100,COALINDIA,370.0,PE,27-FEB-2025
2025-02-03 09:33:34.629581,COALINDIA27FEB25P370,OPTSTK,10.4,612150,10.15,10.25,926100,4200,2100,COALINDIA,370.0,PE,27-FEB-2025
2025-02-03 09:33:42.235199,COALINDIA27FEB25P370,OPTSTK,10.45,643650,10.3,10.4,977550,3150,1050,COALINDIA,370.0,PE,27-FEB-2025
2025-02-03 09:33:50.053170,COALINDIA27FEB25P370,OPTSTK,10.45,643650,10.3,10.4,977550,3150,1050,COALINDIA,370.0,PE,27-FEB-2025
2025-02-03 09:33:58.410243,COALINDIA27FEB25P370,OPTSTK,10.45,643650,10.3,10.4,977550,3150,1050,COALINDIA,370.0,PE,27-FEB-2025
2025-02-03 09:34:10.165932,COALINDIA27FEB25P370,OPTSTK,10.5,658350,10.45,10.55,977550,1050,5250,COALINDIA,370.0,PE,27-FEB-2025
2025-02-03 09:34:23.396900,COALINDIA27FEB25P370,OPTSTK,10.6,658350,10.45,10.55,977550,1050,5250,COALINDIA,370.0,PE,27-FEB-2025
2025-02-03 09:34:31.376002,COALINDIA27FEB25P370,OPTSTK,10.55,658350,10.45,10.55,977550,1050,5250,COALINDIA,370.0,PE,27-FEB-2025
2025-02-03 09:34:39.313070,COALINDIA27FEB25P370,OPTSTK,10.55,658350,10.45,10.55,977550,1050,5250,COALINDIA,370.0,PE,27-FEB-2025
2025-02-03 09:34:46.643980,COALINDIA27FEB25P370,OPTSTK,10.8,669900,10.7,10.8,977550,1050,7350,COALINDIA,370.0,PE,27-FEB-2025
2025-02-03 09:34:56.761241,COALINDIA27FEB25P370,OPTSTK,10.8,669900,10.7,10.8,977550,1050,7350,COALINDIA,370.0,PE,27-FEB-2025
2025-02-03 09:35:14.317654,COALINDIA27FEB25P370,OPTSTK,10.8,685650,10.8,10.9,977550,1050,4200,COALINDIA,370.0,PE,27-FEB-2025
2025-02-03 09:35:33.040461,COALINDIA27FEB25P370,OPTSTK,10.8,685650,10.8,10.9,977550,1050,4200,COALINDIA,370.0,PE,27-FEB-2025
2025-02-03 09:35:45.178057,COALINDIA27FEB25P370,OPTSTK,10.9,706650,10.85,10.95,977550,3150,2100,COALINDIA,370.0,PE,27-FEB-2025
2025-02-03 09:35:56.601437,COALINDIA27FEB25P370,OPTSTK,10.8,706650,10.85,10.95,977550,3150,2100,COALINDIA,370.0,PE,27-FEB-2025
2025-02-03 09:36:04.828673,COALINDIA27FEB25P370,OPTSTK,10.8,706650,10.85,10.95,977550,3150,2100,COALINDIA,370.0,PE,27-FEB-2025
2025-02-03 09:36:12.911593,COALINDIA27FEB25P370,OPTSTK,10.85,706650,10.85,10.95,977550,3150,2100,COALINDIA,370.0,PE,27-FEB-2025
2025-02-03 09:36:21.623829,COALINDIA27FEB25P370,OPTSTK,11.0,723450,10.95,11.1,977550,5250,7350,COALINDIA,370.0,PE,27-FEB-2025
2025-02-03 09:36:29.355470,COALINDIA27FEB25P370,OPTSTK,11.05,723450,10.95,11.1,977550,5250,7350,COALINDIA,370.0,PE,27-FEB-2025
2025-02-03 09:36:39.787252,COALINDIA27FEB25P370,OPTSTK,11.2,723450,10.95,11.1,993300,5250,7350,COALINDIA,370.0,PE,27-FEB-2025
2025-02-03 09:36:52.072659,COALINDIA27FEB25P370,OPTSTK,11.3,723450,10.95,11.1,993300,5250,7350,COALINDIA,370.0,PE,27-FEB-2025
2025-02-03 09:37:00.878188,COALINDIA27FEB25P370,OPTSTK,11.4,739200,11.3,11.4,993300,3150,1050,COALINDIA,370.0,PE,27-FEB-2025
2025-02-03 09:37:09.855335,COALINDIA27FEB25P370,OPTSTK,11.4,739200,11.3,11.4,993300,3150,1050,COALINDIA,370.0,PE,27-FEB-2025
2025-02-03 09:37:17.208727,COALINDIA27FEB25P370,OPTSTK,11.3,739200,11.3,11.4,993300,3150,1050,COALINDIA,370.0,PE,27-FEB-2025
2025-02-03 09:37:25.181401,COALINDIA27FEB25P370,OPTSTK,11.4,739200,11.3,11.4,993300,3150,1050,COALINDIA,370.0,PE,27-FEB-2025
2025-02-03 09:37:32.996811,COALINDIA27FEB25P370,OPTSTK,11.35,758100,11.3,11.45,993300,5250,3150,COALINDIA,370.0,PE,27-FEB-2025
2025-02-03 09:37:42.014472,COALINDIA27FEB25P370,OPTSTK,11.55,758100,11.3,11.45,993300,5250,3150,COALINDIA,370.0,PE,27-FEB-2025
2025-02-03 09:37:51.325264,COALINDIA27FEB25P370,OPTSTK,11.6,758100,11.3,11.45,993300,5250,3150,COALINDIA,370.0,PE,27-FEB-2025
2025-02-03 09:38:02.250337,COALINDIA27FEB25P370,OPTSTK,11.65,778050,11.6,11.7,993300,4200,4200,COALINDIA,370.0,PE,27-FEB-2025
2025-02-03 09:38:12.645619,COALINDIA27FEB25P370,OPTSTK,11.65,778050,11.6,11.7,993300,4200,4200,COALINDIA,370.0,PE,27-FEB-2025
2025-02-03 09:38:22.172938,COALINDIA27FEB25P370,OPTSTK,11.65,778050,11.6,11.7,993300,4200,4200,COALINDIA,370.0,PE,27-FEB-2025
2025-02-03 09:38:29.941115,COALINDIA27FEB25P370,OPTSTK,11.7,778050,11.6,11.7,993300,4200,4200,COALINDIA,370.0,PE,27-FEB-2025
2025-02-03 09:38:37.493118,COALINDIA27FEB25P370,OPTSTK,11.65,793800,11.65,11.8,993300,12600,1050,COALINDIA,370.0,PE,27-FEB-2025
2025-02-03 09:38:47.569722,COALINDIA27FEB25P370,OPTSTK,11.65,793800,11.65,11.8,993300,12600,1050,COALINDIA,370.0,PE,27-FEB-2025
2025-02-03 09:38:58.633076,COALINDIA27FEB25P370,OPTSTK,11.75,793800,11.65,11.8,993300,12600,1050,COALINDIA,370.0,PE,27-FEB-2025
2025-02-03 09:39:06.989042,COALINDIA27FEB25P370,OPTSTK,11.8,800100,11.75,11.9,993300,2100,5250,COALINDIA,370.0,PE,27-FEB-2025
2025-02-03 09:39:18.459920,COALINDIA27FEB25P370,OPTSTK,11.95,800100,11.75,11.9,993300,2100,5250,COALINDIA,370.0,PE,27-FEB-2025
2025-02-03 09:39:31.526679,COALINDIA27FEB25P370,OPTSTK,11.95,800100,11.75,11.9,993300,2100,5250,COALINDIA,370.0,PE,27-FEB-2025
2025-02-03 09:39:39.878063,COALINDIA27FEB25P370,OPTSTK,11.95,821100,11.95,12.0,1012200,1050,1050,COALINDIA,370.0,PE,27-FEB-2025
2025-02-03 09:39:47.946752,COALINDIA27FEB25P370,OPTSTK,12.05,821100,11.95,12.0,1012200,1050,1050,COALINDIA,370.0,PE,27-FEB-2025
2025-02-03 09:39:55.618354,COALINDIA27FEB25P370,OPTSTK,12.1,821100,11.95,12.0,1012200,1050,1050,COALINDIA,370.0,PE,27-FEB-2025
2025-02-03 09:40:05.079589,COALINDIA27FEB25P370,OPTSTK,12.0,821100,11.95,12.0,1012200,1050,1050,COALINDIA,370.0,PE,27-FEB-2025
2025-02-03 09:40:16.134412,COALINDIA27FEB25P370,OPTSTK,12.05,864150,12.05,12.15,1012200,2100,3150,COALINDIA,370.0,PE,27-FEB-2025
2025-02-03 09:40:26.429727,COALINDIA27FEB25P370,OPTSTK,12.25,864150,12.05,12.15,1012200,2100,3150,COALINDIA,370.0,PE,27-FEB-2025
2025-02-03 09:40:38.530415,COALINDIA27FEB25P370,OPTSTK,12.25,886200,12.15,12.3,1012200,4200,5250,COALINDIA,370.0,PE,27-FEB-2025
2025-02-03 09:40:51.853249,COALINDIA27FEB25P370,OPTSTK,12.2,886200,12.15,12.3,1012200,4200,5250,COALINDIA,370.0,PE,27-FEB-2025
2025-02-03 09:40:59.307112,COALINDIA27FEB25P370,OPTSTK,12.3,886200,12.15,12.3,1012200,4200,5250,COALINDIA,370.0,PE,27-FEB-2025
2025-02-03 09:41:07.024663,COALINDIA27FEB25P370,OPTSTK,12.3,886200,12.15,12.3,1012200,4200,5250,COALINDIA,370.0,PE,27-FEB-2025
2025-02-03 09:41:14.659876,COALINDIA27FEB25P370,OPTSTK,12.45,886200,12.15,12.3,1012200,4200,5250,COALINDIA,370.0,PE,27-FEB-2025
2025-02-03 09:41:23.392542,COALINDIA27FEB25P370,OPTSTK,12.2,907200,12.35,12.55,1012200,10500,2100,COALINDIA,370.0,PE,27-FEB-2025
2025-02-03 09:41:32.483069,COALINDIA27FEB25P370,OPTSTK,12.0,907200,12.35,12.55,1012200,10500,2100,COALINDIA,370.0,PE,27-FEB-2025
2025-02-03 09:41:40.981771,COALINDIA27FEB25P370,OPTSTK,12.3,907200,12.35,12.55,1012200,10500,2100,COALINDIA,370.0,PE,27-FEB-2025
2025-02-03 09:41:54.826687,COALINDIA27FEB25P370,OPTSTK,12.15,989100,12.15,12.3,1012200,1050,9450,COALINDIA,370.0,PE,27-FEB-2025
2025-02-03 09:42:05.270707,COALINDIA27FEB25P370,OPTSTK,12.0,989100,12.15,12.3,1012200,1050,9450,COALINDIA,370.0,PE,27-FEB-2025
2025-02-03 09:42:13.281372,COALINDIA27FEB25P370,OPTSTK,12.2,989100,12.15,12.3,1012200,1050,9450,COALINDIA,370.0,PE,27-FEB-2025
2025-02-03 09:42:21.534509,COALINDIA27FEB25P370,OPTSTK,12.25,1056300,12.15,12.25,1012200,1050,3150,COALINDIA,370.0,PE,27-FEB-2025
2025-02-03 09:42:29.548700,COALINDIA27FEB25P370,OPTSTK,11.95,1056300,12.15,12.25,1012200,1050,3150,COALINDIA,370.0,PE,27-FEB-2025
2025-02-03 09:42:37.477223,COALINDIA27FEB25P370,OPTSTK,11.95,1056300,12.15,12.25,1012200,1050,3150,COALINDIA,370.0,PE,27-FEB-2025
2025-02-03 09:42:45.118858,COALINDIA27FEB25P370,OPTSTK,12.0,1056300,12.15,12.25,1040550,1050,3150,COALINDIA,370.0,PE,27-FEB-2025
2025-02-03 09:42:52.974070,COALINDIA27FEB25P370,OPTSTK,11.95,1067850,11.95,12.1,1040550,5250,4200,COALINDIA,370.0,PE,27-FEB-2025
2025-02-03 09:43:00.956799,COALINDIA27FEB25P370,OPTSTK,12.0,1067850,11.95,12.1,1040550,5250,4200,COALINDIA,370.0,PE,27-FEB-2025
2025-02-03 09:43:11.158152,COALINDIA27FEB25P370,OPTSTK,12.0,1067850,11.95,12.1,1040550,5250,4200,COALINDIA,370.0,PE,27-FEB-2025
2025-02-03 09:43:21.510577,COALINDIA27FEB25P370,OPTSTK,12.0,1067850,11.95,12.1,1040550,5250,4200,COALINDIA,370.0,PE,27-FEB-2025
2025-02-03 09:43:29.114381,COALINDIA27FEB25P370,OPTSTK,12.15,1073100,12.15,12.25,1040550,2100,3150,COALINDIA,370.0,PE,27-FEB-2025
2025-02-03 09:43:36.758396,COALINDIA27FEB25P370,OPTSTK,11.95,1073100,12.15,12.25,1040550,2100,3150,COALINDIA,370.0,PE,27-FEB-2025
2025-02-03 09:43:44.330789,COALINDIA27FEB25P370,OPTSTK,11.95,1073100,12.15,12.25,1040550,2100,3150,COALINDIA,370.0,PE,27-FEB-2025
2025-02-03 09:43:53.246563,COALINDIA27FEB25P370,OPTSTK,12.25,1073100,12.15,12.25,1040550,2100,3150,COALINDIA,370.0,PE,27-FEB-2025
2025-02-03 09:44:01.282252,COALINDIA27FEB25P370,OPTSTK,12.1,1083600,12.0,12.2,1040550,10500,6300,COALINDIA,370.0,PE,27-FEB-2025
2025-02-03 09:44:09.119166,COALINDIA27FEB25P370,OPTSTK,12.1,1083600,12.0,12.2,1040550,10500,6300,COALINDIA,370.0,PE,27-FEB-2025
2025-02-03 09:44:18.035700,COALINDIA27FEB25P370,OPTSTK,12.1,1083600,12.0,12.2,1040550,10500,6300,COALINDIA,370.0,PE,27-FEB-2025
2025-02-03 09:44:28.483363,COALINDIA27FEB25P370,OPTSTK,11.9,1092000,11.85,12.0,1040550,4200,5250,COALINDIA,370.0,PE,27-FEB-2025
2025-02-03 09:44:37.433738,COALINDIA27FEB25P370,OPTSTK,11.9,1092000,11.85,12.0,1040550,4200,5250,COALINDIA,370.0,PE,27-FEB-2025
2025-02-03 09:44:44.964017,COALINDIA27FEB25P370,OPTSTK,11.9,1092000,11.85,12.0,1040550,4200,5250,COALINDIA,370.0,PE,27-FEB-2025
2025-02-03 09:44:52.759906,COALINDIA27FEB25P370,OPTSTK,12.15,1092000,11.85,12.0,1040550,4200,5250,COALINDIA,370.0,PE,27-FEB-2025
2025-02-03 09:45:01.051553,COALINDIA27FEB25P370,OPTSTK,12.15,1099350,11.9,12.0,1040550,2100,2100,COALINDIA,370.0,PE,27-FEB-2025
2025-02-03 09:45:08.668992,COALINDIA27FEB25P370,OPTSTK,12.0,1099350,11.9,12.0,1040550,2100,2100,COALINDIA,370.0,PE,27-FEB-2025
2025-02-03 09:45:17.318050,COALINDIA27FEB25P370,OPTSTK,12.1,1099350,11.9,12.0,1040550,2100,2100,COALINDIA,370.0,PE,27-FEB-2025
2025-02-03 09:45:33.114124,COALINDIA27FEB25P370,OPTSTK,11.9,1111950,11.95,12.05,1040550,2100,1050,COALINDIA,370.0,PE,27-FEB-2025
2025-02-03 09:45:44.293212,COALINDIA27FEB25P370,OPTSTK,11.7,1111950,11.95,12.05,1050000,2100,1050,COALINDIA,370.0,PE,27-FEB-2025
2025-02-03 09:45:54.253925,COALINDIA27FEB25P370,OPTSTK,11.7,1111950,11.95,12.05,1050000,2100,1050,COALINDIA,370.0,PE,27-FEB-2025
2025-02-03 09:46:01.886978,COALINDIA27FEB25P370,OPTSTK,11.75,1111950,11.95,12.05,1050000,2100,1050,COALINDIA,370.0,PE,27-FEB-2025
2025-02-03 09:46:10.034317,COALINDIA27FEB25P370,OPTSTK,11.6,1128750,11.55,11.7,1050000,2100,3150,COALINDIA,370.0,PE,27-FEB-2025
2025-02-03 09:46:17.885821,COALINDIA27FEB25P370,OPTSTK,11.7,1128750,11.55,11.7,1050000,2100,3150,COALINDIA,370.0,PE,27-FEB-2025
2025-02-03 09:46:25.671319,COALINDIA27FEB25P370,OPTSTK,11.45,1128750,11.55,11.7,1050000,2100,3150,COALINDIA,370.0,PE,27-FEB-2025
2025-02-03 09:46:33.281602,COALINDIA27FEB25P370,OPTSTK,11.35,1128750,11.55,11.7,1050000,2100,3150,COALINDIA,370.0,PE,27-FEB-2025
2025-02-03 09:46:41.117015,COALINDIA27FEB25P370,OPTSTK,11.35,1138200,11.25,11.4,1050000,2100,4200,COALINDIA,370.0,PE,27-FEB-2025
2025-02-03 09:46:51.075093,COALINDIA27FEB25P370,OPTSTK,11.15,1138200,11.25,11.4,1050000,2100,4200,COALINDIA,370.0,PE,27-FEB-2025
2025-02-03 09:47:01.033969,COALINDIA27FEB25P370,OPTSTK,11.35,1138200,11.25,11.4,1050000,2100,4200,COALINDIA,370.0,PE,27-FEB-2025
2025-02-03 09:47:09.960535,COALINDIA27FEB25P370,OPTSTK,11.5,1157100,11.4,11.5,1050000,1050,3150,COALINDIA,370.0,PE,27-FEB-2025
2025-02-03 09:47:18.659236,COALINDIA27FEB25P370,OPTSTK,11.7,1157100,11.4,11.5,1050000,1050,3150,COALINDIA,370.0,PE,27-FEB-2025
2025-02-03 09:47:32.975539,COALINDIA27FEB25P370,OPTSTK,11.8,1184400,11.65,11.8,1050000,3150,1050,COALINDIA,370.0,PE,27-FEB-2025
2025-02-03 09:47:57.338434,COALINDIA27FEB25P370,OPTSTK,11.8,1184400,11.65,11.8,1050000,3150,1050,COALINDIA,370.0,PE,27-FEB-2025
2025-02-03 09:48:05.272277,COALINDIA27FEB25P370,OPTSTK,11.8,1184400,11.65,11.8,1050000,3150,1050,COALINDIA,370.0,PE,27-FEB-2025
2025-02-03 09:48:18.069051,COALINDIA27FEB25P370,OPTSTK,11.7,1194900,11.65,11.8,1050000,2100,30450,COALINDIA,370.0,PE,27-FEB-2025
2025-02-03 09:48:27.912384,COALINDIA27FEB25P370,OPTSTK,11.7,1194900,11.65,11.8,1050000,2100,30450,COALINDIA,370.0,PE,27-FEB-2025
2025-02-03 09:48:36.879135,COALINDIA27FEB25P370,OPTSTK,11.75,1194900,11.65,11.8,1050000,2100,30450,COALINDIA,370.0,PE,27-FEB-2025
2025-02-03 09:48:44.834860,COALINDIA27FEB25P370,OPTSTK,11.7,1230600,11.6,11.75,1090950,4200,5250,COALINDIA,370.0,PE,27-FEB-2025
2025-02-03 09:48:55.163970,COALINDIA27FEB25P370,OPTSTK,11.7,1230600,11.6,11.75,1090950,4200,5250,COALINDIA,370.0,PE,27-FEB-2025
2025-02-03 09:49:03.671670,COALINDIA27FEB25P370,OPTSTK,11.75,1230600,11.6,11.75,1090950,4200,5250,COALINDIA,370.0,PE,27-FEB-2025
2025-02-03 09:49:13.547883,COALINDIA27FEB25P370,OPTSTK,11.85,1230600,11.6,11.75,1090950,4200,5250,COALINDIA,370.0,PE,27-FEB-2025
2025-02-03 09:49:24.816599,COALINDIA27FEB25P370,OPTSTK,12.0,1237950,11.8,11.9,1090950,1050,4200,COALINDIA,370.0,PE,27-FEB-2025
2025-02-03 09:49:37.241798,COALINDIA27FEB25P370,OPTSTK,12.0,1237950,11.8,11.9,1090950,1050,4200,COALINDIA,370.0,PE,27-FEB-2025
2025-02-03 09:49:46.399856,COALINDIA27FEB25P370,OPTSTK,12.0,1244250,11.95,12.1,1090950,5250,4200,COALINDIA,370.0,PE,27-FEB-2025
2025-02-03 09:49:56.925244,COALINDIA27FEB25P370,OPTSTK,12.0,1244250,11.95,12.1,1090950,5250,4200,COALINDIA,370.0,PE,27-FEB-2025
2025-02-03 09:50:06.125391,COALINDIA27FEB25P370,OPTSTK,12.0,1244250,11.95,12.1,1090950,5250,4200,COALINDIA,370.0,PE,27-FEB-2025
2025-02-03 09:50:14.924231,COALINDIA27FEB25P370,OPTSTK,11.9,1244250,11.95,12.1,1090950,5250,4200,COALINDIA,370.0,PE,27-FEB-2025
2025-02-03 09:50:24.509311,COALINDIA27FEB25P370,OPTSTK,11.9,1255800,11.7,11.85,1090950,6300,4200,COALINDIA,370.0,PE,27-FEB-2025
2025-02-03 09:50:33.725145,COALINDIA27FEB25P370,OPTSTK,11.75,1255800,11.7,11.85,1090950,6300,4200,COALINDIA,370.0,PE,27-FEB-2025
2025-02-03 09:50:44.188338,COALINDIA27FEB25P370,OPTSTK,12.0,1255800,11.7,11.85,1090950,6300,4200,COALINDIA,370.0,PE,27-FEB-2025
2025-02-03 09:50:56.242089,COALINDIA27FEB25P370,OPTSTK,12.0,1261050,11.75,11.9,1090950,5250,3150,COALINDIA,370.0,PE,27-FEB-2025
2025-02-03 09:51:04.671442,COALINDIA27FEB25P370,OPTSTK,11.9,1261050,11.75,11.9,1090950,5250,3150,COALINDIA,370.0,PE,27-FEB-2025
2025-02-03 09:51:12.734135,COALINDIA27FEB25P370,OPTSTK,11.65,1261050,11.75,11.9,1090950,5250,3150,COALINDIA,370.0,PE,27-FEB-2025
2025-02-03 09:51:21.234346,COALINDIA27FEB25P370,OPTSTK,11.35,1261050,11.75,11.9,1090950,5250,3150,COALINDIA,370.0,PE,27-FEB-2025
2025-02-03 09:51:29.355227,COALINDIA27FEB25P370,OPTSTK,11.4,1279950,11.3,11.45,1090950,5250,3150,COALINDIA,370.0,PE,27-FEB-2025
2025-02-03 09:51:37.625862,COALINDIA27FEB25P370,OPTSTK,11.35,1279950,11.3,11.45,1090950,5250,3150,COALINDIA,370.0,PE,27-FEB-2025
2025-02-03 09:51:46.332801,COALINDIA27FEB25P370,OPTSTK,11.35,1279950,11.3,11.45,1079400,5250,3150,COALINDIA,370.0,PE,27-FEB-2025
2025-02-03 09:51:54.179862,COALINDIA27FEB25P370,OPTSTK,11.5,1279950,11.3,11.45,1079400,5250,3150,COALINDIA,370.0,PE,27-FEB-2025
2025-02-03 09:52:06.612731,COALINDIA27FEB25P370,OPTSTK,11.45,1284150,11.45,11.6,1079400,1050,9450,COALINDIA,370.0,PE,27-FEB-2025
2025-02-03 09:52:17.172763,COALINDIA27FEB25P370,OPTSTK,11.4,1284150,11.45,11.6,1079400,1050,9450,COALINDIA,370.0,PE,27-FEB-2025
2025-02-03 09:52:27.246177,COALINDIA27FEB25P370,OPTSTK,11.35,1284150,11.45,11.6,1079400,1050,9450,COALINDIA,370.0,PE,27-FEB-2025
2025-02-03 09:52:34.970862,COALINDIA27FEB25P370,OPTSTK,11.35,1302000,11.2,11.35,1079400,5250,3150,COALINDIA,370.0,PE,27-FEB-2025
2025-02-03 09:52:42.730944,COALINDIA27FEB25P370,OPTSTK,11.35,1302000,11.2,11.35,1079400,5250,3150,COALINDIA,370.0,PE,27-FEB-2025
2025-02-03 09:52:50.815210,COALINDIA27FEB25P370,OPTSTK,11.6,1302000,11.2,11.35,1079400,5250,3150,COALINDIA,370.0,PE,27-FEB-2025
2025-02-03 09:52:58.175091,COALINDIA27FEB25P370,OPTSTK,11.65,1302000,11.2,11.35,1079400,5250,3150,COALINDIA,370.0,PE,27-FEB-2025
2025-02-03 09:53:06.008006,COALINDIA27FEB25P370,OPTSTK,11.55,1313550,11.55,11.65,1079400,6300,2100,COALINDIA,370.0,PE,27-FEB-2025
2025-02-03 09:53:16.066460,COALINDIA27FEB25P370,OPTSTK,11.45,1313550,11.55,11.65,1079400,6300,2100,COALINDIA,370.0,PE,27-FEB-2025
2025-02-03 09:53:25.303169,COALINDIA27FEB25P370,OPTSTK,11.45,1313550,11.55,11.65,1079400,6300,2100,COALINDIA,370.0,PE,27-FEB-2025
2025-02-03 09:53:35.676600,COALINDIA27FEB25P370,OPTSTK,11.3,1321950,11.15,11.25,1079400,5250,1050,COALINDIA,370.0,PE,27-FEB-2025
2025-02-03 09:53:43.439038,COALINDIA27FEB25P370,OPTSTK,11.1,1321950,11.15,11.25,1079400,5250,1050,COALINDIA,370.0,PE,27-FEB-2025
2025-02-03 09:53:51.253233,COALINDIA27FEB25P370,OPTSTK,11.3,1321950,11.15,11.25,1079400,5250,1050,COALINDIA,370.0,PE,27-FEB-2025
2025-02-03 09:53:59.190725,COALINDIA27FEB25P370,OPTSTK,11.3,1321950,11.15,11.25,1079400,5250,1050,COALINDIA,370.0,PE,27-FEB-2025
2025-02-03 09:54:06.935036,COALINDIA27FEB25P370,OPTSTK,11.45,1334550,11.35,11.5,1079400,2100,9450,COALINDIA,370.0,PE,27-FEB-2025
2025-02-03 09:54:15.011971,COALINDIA27FEB25P370,OPTSTK,11.45,1334550,11.35,11.5,1079400,2100,9450,COALINDIA,370.0,PE,27-FEB-2025
2025-02-03 09:54:22.562370,COALINDIA27FEB25P370,OPTSTK,11.45,1334550,11.35,11.5,1079400,2100,9450,COALINDIA,370.0,PE,27-FEB-2025
2025-02-03 09:54:32.417166,COALINDIA27FEB25P370,OPTSTK,11.45,1334550,11.35,11.5,1079400,2100,9450,COALINDIA,370.0,PE,27-FEB-2025
2025-02-03 09:54:43.500854,COALINDIA27FEB25P370,OPTSTK,11.45,1336650,11.3,11.45,1073100,6300,3150,COALINDIA,370.0,PE,27-FEB-2025
2025-02-03 09:54:52.080880,COALINDIA27FEB25P370,OPTSTK,11.45,1336650,11.3,11.45,1073100,6300,3150,COALINDIA,370.0,PE,27-FEB-2025
2025-02-03 09:55:02.035852,COALINDIA27FEB25P370,OPTSTK,11.45,1336650,11.3,11.45,1073100,6300,3150,COALINDIA,370.0,PE,27-FEB-2025
2025-02-03 09:55:09.699489,COALINDIA27FEB25P370,OPTSTK,11.45,1340850,11.35,11.5,1073100,5250,3150,COALINDIA,370.0,PE,27-FEB-2025
2025-02-03 09:55:17.988823,COALINDIA27FEB25P370,OPTSTK,11.2,1340850,11.35,11.5,1073100,5250,3150,COALINDIA,370.0,PE,27-FEB-2025
2025-02-03 09:55:26.997021,COALINDIA27FEB25P370,OPTSTK,11.2,1340850,11.35,11.5,1073100,5250,3150,COALINDIA,370.0,PE,27-FEB-2025
2025-02-03 09:55:34.951205,COALINDIA27FEB25P370,OPTSTK,11.2,1340850,11.35,11.5,1073100,5250,3150,COALINDIA,370.0,PE,27-FEB-2025
2025-02-03 09:55:44.631709,COALINDIA27FEB25P370,OPTSTK,11.35,1344000,11.25,11.4,1073100,1050,6300,COALINDIA,370.0,PE,27-FEB-2025
2025-02-03 09:55:56.618431,COALINDIA27FEB25P370,OPTSTK,12.0,1344000,11.25,11.4,1073100,1050,6300,COALINDIA,370.0,PE,27-FEB-2025
2025-02-03 09:56:06.146717,COALINDIA27FEB25P370,OPTSTK,11.8,1344000,11.25,11.4,1073100,1050,6300,COALINDIA,370.0,PE,27-FEB-2025
2025-02-03 09:56:14.394424,COALINDIA27FEB25P370,OPTSTK,11.8,1361850,11.95,12.05,1073100,1050,1050,COALINDIA,370.0,PE,27-FEB-2025
2025-02-03 09:56:21.987580,COALINDIA27FEB25P370,OPTSTK,11.9,1361850,11.95,12.05,1073100,1050,1050,COALINDIA,370.0,PE,27-FEB-2025
2025-02-03 09:56:29.847742,COALINDIA27FEB25P370,OPTSTK,11.9,1361850,11.95,12.05,1073100,1050,1050,COALINDIA,370.0,PE,27-FEB-2025
2025-02-03 09:56:37.537662,COALINDIA27FEB25P370,OPTSTK,12.05,1361850,11.95,12.05,1073100,1050,1050,COALINDIA,370.0,PE,27-FEB-2025
2025-02-03 09:56:45.298199,COALINDIA27FEB25P370,OPTSTK,11.95,1373400,11.8,11.95,1073100,6300,2100,COALINDIA,370.0,PE,27-FEB-2025
2025-02-03 09:56:54.951049,COALINDIA27FEB25P370,OPTSTK,11.75,1373400,11.8,11.95,1073100,6300,2100,COALINDIA,370.0,PE,27-FEB-2025
2025-02-03 09:57:04.482848,COALINDIA27FEB25P370,OPTSTK,11.7,1373400,11.8,11.95,1073100,6300,2100,COALINDIA,370.0,PE,27-FEB-2025
2025-02-03 09:57:17.171237,COALINDIA27FEB25P370,OPTSTK,11.7,1377600,11.65,11.8,1073100,5250,1050,COALINDIA,370.0,PE,27-FEB-2025
2025-02-03 09:57:27.753112,COALINDIA27FEB25P370,OPTSTK,11.85,1377600,11.65,11.8,1073100,5250,1050,COALINDIA,370.0,PE,27-FEB-2025
2025-02-03 09:57:37.679994,COALINDIA27FEB25P370,OPTSTK,11.9,1377600,11.65,11.8,1073100,5250,1050,COALINDIA,370.0,PE,27-FEB-2025
2025-02-03 09:57:45.696550,COALINDIA27FEB25P370,OPTSTK,11.9,1377600,11.65,11.8,1073100,5250,1050,COALINDIA,370.0,PE,27-FEB-2025
2025-02-03 09:57:53.153979,COALINDIA27FEB25P370,OPTSTK,11.95,1382850,11.85,12.0,1086750,4200,4200,COALINDIA,370.0,PE,27-FEB-2025
2025-02-03 09:58:01.089365,COALINDIA27FEB25P370,OPTSTK,12.1,1382850,11.85,12.0,1086750,4200,4200,COALINDIA,370.0,PE,27-FEB-2025
2025-02-03 09:58:08.730781,COALINDIA27FEB25P370,OPTSTK,12.1,1382850,11.85,12.0,1086750,4200,4200,COALINDIA,370.0,PE,27-FEB-2025
2025-02-03 09:58:15.960566,COALINDIA27FEB25P370,OPTSTK,12.35,1382850,11.85,12.0,1086750,4200,4200,COALINDIA,370.0,PE,27-FEB-2025
2025-02-03 09:58:27.839617,COALINDIA27FEB25P370,OPTSTK,12.15,1391250,12.1,12.2,1086750,3150,1050,COALINDIA,370.0,PE,27-FEB-2025
2025-02-03 09:58:38.514977,COALINDIA27FEB25P370,OPTSTK,12.1,1391250,12.1,12.2,1086750,3150,1050,COALINDIA,370.0,PE,27-FEB-2025
2025-02-03 09:58:46.517468,COALINDIA27FEB25P370,OPTSTK,12.05,1391250,12.1,12.2,1086750,3150,1050,COALINDIA,370.0,PE,27-FEB-2025
2025-02-03 09:58:54.452505,COALINDIA27FEB25P370,OPTSTK,12.0,1418550,11.9,12.0,1086750,1050,4200,COALINDIA,370.0,PE,27-FEB-2025
2025-02-03 09:59:02.704889,COALINDIA27FEB25P370,OPTSTK,12.0,1418550,11.9,12.0,1086750,1050,4200,COALINDIA,370.0,PE,27-FEB-2025
2025-02-03 09:59:13.570108,COALINDIA27FEB25P370,OPTSTK,11.65,1418550,11.9,12.0,1086750,1050,4200,COALINDIA,370.0,PE,27-FEB-2025
2025-02-03 09:59:29.093519,COALINDIA27FEB25P370,OPTSTK,11.7,1437450,11.6,11.75,1086750,4200,7350,COALINDIA,370.0,PE,27-FEB-2025
2025-02-03 09:59:41.825294,COALINDIA27FEB25P370,OPTSTK,11.8,1437450,11.6,11.75,1086750,4200,7350,COALINDIA,370.0,PE,27-FEB-2025
2025-02-03 09:59:52.440231,COALINDIA27FEB25P370,OPTSTK,11.9,1437450,11.6,11.75,1086750,4200,7350,COALINDIA,370.0,PE,27-FEB-2025
2025-02-03 10:00:00.563992,COALINDIA27FEB25P370,OPTSTK,11.65,1442700,11.65,11.75,1086750,4200,1050,COALINDIA,370.0,PE,27-FEB-2025
2025-02-03 10:00:08.405964,COALINDIA27FEB25P370,OPTSTK,11.65,1442700,11.65,11.75,1086750,4200,1050,COALINDIA,370.0,PE,27-FEB-2025
2025-02-03 10:00:16.566616,COALINDIA27FEB25P370,OPTSTK,11.75,1442700,11.65,11.75,1086750,4200,1050,COALINDIA,370.0,PE,27-FEB-2025
2025-02-03 10:00:29.216854,COALINDIA27FEB25P370,OPTSTK,11.95,1445850,11.8,11.95,1086750,1050,5250,COALINDIA,370.0,PE,27-FEB-2025
2025-02-03 10:00:40.252752,COALINDIA27FEB25P370,OPTSTK,11.95,1445850,11.8,11.95,1088850,1050,5250,COALINDIA,370.0,PE,27-FEB-2025
2025-02-03 10:00:51.970051,COALINDIA27FEB25P370,OPTSTK,12.05,1445850,11.8,11.95,1088850,1050,5250,COALINDIA,370.0,PE,27-FEB-2025
2025-02-03 10:01:03.328758,COALINDIA27FEB25P370,OPTSTK,11.8,1453200,11.85,11.95,1088850,1050,1050,COALINDIA,370.0,PE,27-FEB-2025
2025-02-03 10:01:14.135000,COALINDIA27FEB25P370,OPTSTK,11.7,1453200,11.85,11.95,1088850,1050,1050,COALINDIA,370.0,PE,27-FEB-2025
2025-02-03 10:01:22.497554,COALINDIA27FEB25P370,OPTSTK,11.7,1453200,11.85,11.95,1088850,1050,1050,COALINDIA,370.0,PE,27-FEB-2025
2025-02-03 10:01:31.327754,COALINDIA27FEB25P370,OPTSTK,11.55,1453200,11.85,11.95,1088850,1050,1050,COALINDIA,370.0,PE,27-FEB-2025
2025-02-03 10:01:38.838023,COALINDIA27FEB25P370,OPTSTK,11.4,1461600,11.4,11.5,1088850,6300,1050,COALINDIA,370.0,PE,27-FEB-2025
2025-02-03 10:01:46.765338,COALINDIA27FEB25P370,OPTSTK,11.2,1461600,11.4,11.5,1088850,6300,1050,COALINDIA,370.0,PE,27-FEB-2025
2025-02-03 10:01:55.135530,COALINDIA27FEB25P370,OPTSTK,11.35,1461600,11.4,11.5,1088850,6300,1050,COALINDIA,370.0,PE,27-FEB-2025
2025-02-03 10:02:02.908097,COALINDIA27FEB25P370,OPTSTK,11.4,1461600,11.4,11.5,1088850,6300,1050,COALINDIA,370.0,PE,27-FEB-2025
2025-02-03 10:02:14.152744,COALINDIA27FEB25P370,OPTSTK,11.4,1470000,11.2,11.4,1088850,5250,7350,COALINDIA,370.0,PE,27-FEB-2025
2025-02-03 10:02:25.137564,COALINDIA27FEB25P370,OPTSTK,11.25,1470000,11.2,11.4,1088850,5250,7350,COALINDIA,370.0,PE,27-FEB-2025
2025-02-03 10:02:37.133246,COALINDIA27FEB25P370,OPTSTK,11.25,1474200,11.2,11.3,1088850,1050,6300,COALINDIA,370.0,PE,27-FEB-2025
2025-02-03 10:02:48.622138,COALINDIA27FEB25P370,OPTSTK,11.4,1474200,11.2,11.3,1088850,1050,6300,COALINDIA,370.0,PE,27-FEB-2025
2025-02-03 10:03:00.159105,COALINDIA27FEB25P370,OPTSTK,11.6,1474200,11.2,11.3,1088850,1050,6300,COALINDIA,370.0,PE,27-FEB-2025
2025-02-03 10:03:09.829186,COALINDIA27FEB25P370,OPTSTK,11.6,1482600,11.35,11.5,1088850,4200,2100,COALINDIA,370.0,PE,27-FEB-2025
2025-02-03 10:03:17.609249,COALINDIA27FEB25P370,OPTSTK,11.5,1482600,11.35,11.5,1088850,4200,2100,COALINDIA,370.0,PE,27-FEB-2025
2025-02-03 10:03:25.926408,COALINDIA27FEB25P370,OPTSTK,10.9,1482600,11.35,11.5,1088850,4200,2100,COALINDIA,370.0,PE,27-FEB-2025
2025-02-03 10:03:41.729021,COALINDIA27FEB25P370,OPTSTK,11.2,1504650,11.1,11.25,1088850,1050,10500,COALINDIA,370.0,PE,27-FEB-2025
2025-02-03 10:03:51.426020,COALINDIA27FEB25P370,OPTSTK,11.05,1504650,11.1,11.25,1078350,1050,10500,COALINDIA,370.0,PE,27-FEB-2025
2025-02-03 10:03:59.136475,COALINDIA27FEB25P370,OPTSTK,11.1,1504650,11.1,11.25,1078350,1050,10500,COALINDIA,370.0,PE,27-FEB-2025
2025-02-03 10:04:06.983719,COALINDIA27FEB25P370,OPTSTK,11.15,1504650,11.1,11.25,1078350,1050,10500,COALINDIA,370.0,PE,27-FEB-2025
2025-02-03 10:04:15.305043,COALINDIA27FEB25P370,OPTSTK,11.15,1508850,11.05,11.2,1078350,4200,5250,COALINDIA,370.0,PE,27-FEB-2025
2025-02-03 10:04:26.079726,COALINDIA27FEB25P370,OPTSTK,11.1,1508850,11.05,11.2,1078350,4200,5250,COALINDIA,370.0,PE,27-FEB-2025
2025-02-03 10:04:41.032025,COALINDIA27FEB25P370,OPTSTK,11.2,1510950,11.1,11.25,1078350,3150,4200,COALINDIA,370.0,PE,27-FEB-2025
2025-02-03 10:04:53.242872,COALINDIA27FEB25P370,OPTSTK,11.15,1510950,11.1,11.25,1078350,3150,4200,COALINDIA,370.0,PE,27-FEB-2025
2025-02-03 10:05:02.585928,COALINDIA27FEB25P370,OPTSTK,11.15,1510950,11.1,11.25,1078350,3150,4200,COALINDIA,370.0,PE,27-FEB-2025
2025-02-03 10:05:10.310853,COALINDIA27FEB25P370,OPTSTK,11.15,1510950,11.1,11.25,1078350,3150,4200,COALINDIA,370.0,PE,27-FEB-2025
2025-02-03 10:05:18.435006,COALINDIA27FEB25P370,OPTSTK,11.15,1518300,11.05,11.15,1078350,1050,5250,COALINDIA,370.0,PE,27-FEB-2025
2025-02-03 10:05:26.267012,COALINDIA27FEB25P370,OPTSTK,11.05,1518300,11.05,11.15,1078350,1050,5250,COALINDIA,370.0,PE,27-FEB-2025
2025-02-03 10:05:33.602177,COALINDIA27FEB25P370,OPTSTK,11.05,1518300,11.05,11.15,1078350,1050,5250,COALINDIA,370.0,PE,27-FEB-2025
2025-02-03 10:05:40.883727,COALINDIA27FEB25P370,OPTSTK,11.15,1518300,11.05,11.15,1078350,1050,5250,COALINDIA,370.0,PE,27-FEB-2025
2025-02-03 10:05:48.517861,COALINDIA27FEB25P370,OPTSTK,11.15,1521450,10.95,11.1,1078350,6300,1050,COALINDIA,370.0,PE,27-FEB-2025
2025-02-03 10:05:55.989612,COALINDIA27FEB25P370,OPTSTK,11.15,1521450,10.95,11.1,1078350,6300,1050,COALINDIA,370.0,PE,27-FEB-2025
2025-02-03 10:06:07.207852,COALINDIA27FEB25P370,OPTSTK,11.05,1521450,10.95,11.1,1078350,6300,1050,COALINDIA,370.0,PE,27-FEB-2025
2025-02-03 10:06:17.093131,COALINDIA27FEB25P370,OPTSTK,10.75,1528800,10.6,10.75,1078350,9450,4200,COALINDIA,370.0,PE,27-FEB-2025
2025-02-03 10:06:24.808108,COALINDIA27FEB25P370,OPTSTK,10.75,1528800,10.6,10.75,1078350,9450,4200,COALINDIA,370.0,PE,27-FEB-2025
2025-02-03 10:06:33.144445,COALINDIA27FEB25P370,OPTSTK,10.85,1528800,10.6,10.75,1078350,9450,4200,COALINDIA,370.0,PE,27-FEB-2025
2025-02-03 10:06:41.466248,COALINDIA27FEB25P370,OPTSTK,10.65,1528800,10.6,10.75,1087800,9450,4200,COALINDIA,370.0,PE,27-FEB-2025
2025-02-03 10:06:49.310539,COALINDIA27FEB25P370,OPTSTK,10.6,1539300,10.6,10.7,1087800,7350,1050,COALINDIA,370.0,PE,27-FEB-2025
2025-02-03 10:07:04.727243,COALINDIA27FEB25P370,OPTSTK,10.6,1539300,10.6,10.7,1087800,7350,1050,COALINDIA,370.0,PE,27-FEB-2025
2025-02-03 10:07:16.639921,COALINDIA27FEB25P370,OPTSTK,10.6,1542450,10.45,10.6,1087800,10500,3150,COALINDIA,370.0,PE,27-FEB-2025
2025-02-03 10:07:29.044808,COALINDIA27FEB25P370,OPTSTK,10.45,1542450,10.45,10.6,1087800,10500,3150,COALINDIA,370.0,PE,27-FEB-2025
2025-02-03 10:07:37.490102,COALINDIA27FEB25P370,OPTSTK,10.35,1542450,10.45,10.6,1087800,10500,3150,COALINDIA,370.0,PE,27-FEB-2025
2025-02-03 10:07:45.040953,COALINDIA27FEB25P370,OPTSTK,10.4,1542450,10.45,10.6,1087800,10500,3150,COALINDIA,370.0,PE,27-FEB-2025
2025-02-03 10:07:52.515539,COALINDIA27FEB25P370,OPTSTK,10.35,1554000,10.35,10.45,1087800,4200,3150,COALINDIA,370.0,PE,27-FEB-2025
2025-02-03 10:08:00.296098,COALINDIA27FEB25P370,OPTSTK,10.35,1554000,10.35,10.45,1087800,4200,3150,COALINDIA,370.0,PE,27-FEB-2025
2025-02-03 10:08:08.517758,COALINDIA27FEB25P370,OPTSTK,10.35,1554000,10.35,10.45,1087800,4200,3150,COALINDIA,370.0,PE,27-FEB-2025
2025-02-03 10:08:16.245908,COALINDIA27FEB25P370,OPTSTK,10.55,1554000,10.35,10.45,1087800,4200,3150,COALINDIA,370.0,PE,27-FEB-2025
2025-02-03 10:08:23.781473,COALINDIA27FEB25P370,OPTSTK,10.6,1556100,10.55,10.65,1087800,2100,3150,COALINDIA,370.0,PE,27-FEB-2025
2025-02-03 10:08:31.813265,COALINDIA27FEB25P370,OPTSTK,10.45,1556100,10.55,10.65,1087800,2100,3150,COALINDIA,370.0,PE,27-FEB-2025
2025-02-03 10:08:42.736094,COALINDIA27FEB25P370,OPTSTK,10.5,1556100,10.55,10.65,1087800,2100,3150,COALINDIA,370.0,PE,27-FEB-2025
2025-02-03 10:08:51.965064,COALINDIA27FEB25P370,OPTSTK,10.45,1572900,10.4,10.55,1087800,9450,7350,COALINDIA,370.0,PE,27-FEB-2025
2025-02-03 10:09:02.735859,COALINDIA27FEB25P370,OPTSTK,10.45,1572900,10.4,10.55,1087800,9450,7350,COALINDIA,370.0,PE,27-FEB-2025
2025-02-03 10:09:14.519844,COALINDIA27FEB25P370,OPTSTK,10.45,1572900,10.4,10.55,1087800,9450,7350,COALINDIA,370.0,PE,27-FEB-2025
2025-02-03 10:09:24.595781,COALINDIA27FEB25P370,OPTSTK,10.55,1576050,10.55,10.65,1087800,1050,6300,COALINDIA,370.0,PE,27-FEB-2025
2025-02-03 10:09:33.780088,COALINDIA27FEB25P370,OPTSTK,10.75,1576050,10.55,10.65,1087800,1050,6300,COALINDIA,370.0,PE,27-FEB-2025
2025-02-03 10:09:41.571575,COALINDIA27FEB25P370,OPTSTK,10.65,1576050,10.55,10.65,1090950,1050,6300,COALINDIA,370.0,PE,27-FEB-2025
2025-02-03 10:09:50.884164,COALINDIA27FEB25P370,OPTSTK,10.7,1590750,10.6,10.7,1090950,4200,4200,COALINDIA,370.0,PE,27-FEB-2025
2025-02-03 10:10:01.997344,COALINDIA27FEB25P370,OPTSTK,10.4,1590750,10.6,10.7,1090950,4200,4200,COALINDIA,370.0,PE,27-FEB-2025
2025-02-03 10:10:10.331610,COALINDIA27FEB25P370,OPTSTK,10.35,1590750,10.6,10.7,1090950,4200,4200,COALINDIA,370.0,PE,27-FEB-2025
2025-02-03 10:10:18.959043,COALINDIA27FEB25P370,OPTSTK,10.4,1590750,10.6,10.7,1090950,4200,4200,COALINDIA,370.0,PE,27-FEB-2025
2025-02-03 10:10:26.730805,COALINDIA27FEB25P370,OPTSTK,10.4,1601250,10.35,10.5,1090950,6300,6300,COALINDIA,370.0,PE,27-FEB-2025
2025-02-03 10:10:34.332299,COALINDIA27FEB25P370,OPTSTK,10.55,1601250,10.35,10.5,1090950,6300,6300,COALINDIA,370.0,PE,27-FEB-2025
2025-02-03 10:10:42.597585,COALINDIA27FEB25P370,OPTSTK,10.7,1601250,10.35,10.5,1090950,6300,6300,COALINDIA,370.0,PE,27-FEB-2025
2025-02-03 10:10:50.468817,COALINDIA27FEB25P370,OPTSTK,10.55,1601250,10.35,10.5,1090950,6300,6300,COALINDIA,370.0,PE,27-FEB-2025
2025-02-03 10:10:57.893339,COALINDIA27FEB25P370,OPTSTK,10.6,1613850,10.6,10.75,1090950,5250,17850,COALINDIA,370.0,PE,27-FEB-2025
2025-02-03 10:11:08.647547,COALINDIA27FEB25P370,OPTSTK,10.65,1613850,10.6,10.75,1090950,5250,17850,COALINDIA,370.0,PE,27-FEB-2025
2025-02-03 10:11:19.231539,COALINDIA27FEB25P370,OPTSTK,10.45,1613850,10.6,10.75,1090950,5250,17850,COALINDIA,370.0,PE,27-FEB-2025
2025-02-03 10:11:27.564733,COALINDIA27FEB25P370,OPTSTK,10.45,1625400,10.4,10.5,1090950,2100,5250,COALINDIA,370.0,PE,27-FEB-2025
2025-02-03 10:11:35.723195,COALINDIA27FEB25P370,OPTSTK,10.4,1625400,10.4,10.5,1090950,2100,5250,COALINDIA,370.0,PE,27-FEB-2025
2025-02-03 10:11:43.049588,COALINDIA27FEB25P370,OPTSTK,10.3,1625400,10.4,10.5,1090950,2100,5250,COALINDIA,370.0,PE,27-FEB-2025
2025-02-03 10:11:50.411878,COALINDIA27FEB25P370,OPTSTK,10.3,1625400,10.4,10.5,1090950,2100,5250,COALINDIA,370.0,PE,27-FEB-2025
2025-02-03 10:11:58.048620,COALINDIA27FEB25P370,OPTSTK,10.2,1641150,10.15,10.25,1090950,3150,2100,COALINDIA,370.0,PE,27-FEB-2025
2025-02-03 10:12:05.913874,COALINDIA27FEB25P370,OPTSTK,10.15,1641150,10.15,10.25,1090950,3150,2100,COALINDIA,370.0,PE,27-FEB-2025
2025-02-03 10:12:13.936957,COALINDIA27FEB25P370,OPTSTK,10.2,1641150,10.15,10.25,1090950,3150,2100,COALINDIA,370.0,PE,27-FEB-2025
2025-02-03 10:12:23.349461,COALINDIA27FEB25P370,OPTSTK,10.25,1641150,10.15,10.25,1090950,3150,2100,COALINDIA,370.0,PE,27-FEB-2025
2025-02-03 10:12:33.942959,COALINDIA27FEB25P370,OPTSTK,10.35,1652700,10.3,10.4,1090950,4200,2100,COALINDIA,370.0,PE,27-FEB-2025
2025-02-03 10:12:42.658123,COALINDIA27FEB25P370,OPTSTK,10.35,1652700,10.3,10.4,1090950,4200,2100,COALINDIA,370.0,PE,27-FEB-2025
2025-02-03 10:12:50.542263,COALINDIA27FEB25P370,OPTSTK,10.4,1652700,10.3,10.4,1099350,4200,2100,COALINDIA,370.0,PE,27-FEB-2025
2025-02-03 10:13:03.905967,COALINDIA27FEB25P370,OPTSTK,10.4,1654800,10.3,10.4,1099350,5250,2100,COALINDIA,370.0,PE,27-FEB-2025
2025-02-03 10:13:14.652989,COALINDIA27FEB25P370,OPTSTK,10.45,1654800,10.3,10.4,1099350,5250,2100,COALINDIA,370.0,PE,27-FEB-2025
2025-02-03 10:13:25.575546,COALINDIA27FEB25P370,OPTSTK,10.5,1654800,10.3,10.4,1099350,5250,2100,COALINDIA,370.0,PE,27-FEB-2025
2025-02-03 10:13:33.221799,COALINDIA27FEB25P370,OPTSTK,10.5,1660050,10.55,10.6,1099350,1050,2100,COALINDIA,370.0,PE,27-FEB-2025
2025-02-03 10:13:45.345379,COALINDIA27FEB25P370,OPTSTK,10.35,1660050,10.55,10.6,1099350,1050,2100,COALINDIA,370.0,PE,27-FEB-2025
2025-02-03 10:13:56.386534,COALINDIA27FEB25P370,OPTSTK,10.25,1660050,10.55,10.6,1099350,1050,2100,COALINDIA,370.0,PE,27-FEB-2025
2025-02-03 10:14:05.264666,COALINDIA27FEB25P370,OPTSTK,10.35,1676850,10.25,10.35,1099350,4200,5250,COALINDIA,370.0,PE,27-FEB-2025
2025-02-03 10:14:13.226023,COALINDIA27FEB25P370,OPTSTK,10.25,1676850,10.25,10.35,1099350,4200,5250,COALINDIA,370.0,PE,27-FEB-2025
2025-02-03 10:14:20.872162,COALINDIA27FEB25P370,OPTSTK,10.25,1676850,10.25,10.35,1099350,4200,5250,COALINDIA,370.0,PE,27-FEB-2025
2025-02-03 10:14:28.340635,COALINDIA27FEB25P370,OPTSTK,10.2,1676850,10.25,10.35,1099350,4200,5250,COALINDIA,370.0,PE,27-FEB-2025
2025-02-03 10:14:37.534411,COALINDIA27FEB25P370,OPTSTK,10.2,1682100,10.2,10.3,1099350,3150,4200,COALINDIA,370.0,PE,27-FEB-2025
2025-02-03 10:14:44.900697,COALINDIA27FEB25P370,OPTSTK,10.2,1682100,10.2,10.3,1099350,3150,4200,COALINDIA,370.0,PE,27-FEB-2025
2025-02-03 10:14:52.896760,COALINDIA27FEB25P370,OPTSTK,10.35,1682100,10.2,10.3,1099350,3150,4200,COALINDIA,370.0,PE,27-FEB-2025
2025-02-03 10:15:07.834158,COALINDIA27FEB25P370,OPTSTK,10.45,1755600,10.45,10.55,1099350,4200,4200,COALINDIA,370.0,PE,27-FEB-2025
2025-02-03 10:15:17.514445,COALINDIA27FEB25P370,OPTSTK,10.55,1755600,10.45,10.55,1099350,4200,4200,COALINDIA,370.0,PE,27-FEB-2025
2025-02-03 10:15:26.794558,COALINDIA27FEB25P370,OPTSTK,10.55,1755600,10.45,10.55,1099350,4200,4200,COALINDIA,370.0,PE,27-FEB-2025
2025-02-03 10:15:34.411364,COALINDIA27FEB25P370,OPTSTK,10.5,1755600,10.45,10.55,1099350,4200,4200,COALINDIA,370.0,PE,27-FEB-2025
2025-02-03 10:15:42.289101,COALINDIA27FEB25P370,OPTSTK,10.65,1758750,10.6,10.7,1137150,2100,5250,COALINDIA,370.0,PE,27-FEB-2025
2025-02-03 10:15:49.679218,COALINDIA27FEB25P370,OPTSTK,10.55,1758750,10.6,10.7,1137150,2100,5250,COALINDIA,370.0,PE,27-FEB-2025
2025-02-03 10:15:57.102424,COALINDIA27FEB25P370,OPTSTK,10.55,1758750,10.6,10.7,1137150,2100,5250,COALINDIA,370.0,PE,27-FEB-2025
2025-02-03 10:16:04.528643,COALINDIA27FEB25P370,OPTSTK,10.55,1758750,10.6,10.7,1137150,2100,5250,COALINDIA,370.0,PE,27-FEB-2025
2025-02-03 10:16:13.599631,COALINDIA27FEB25P370,OPTSTK,10.55,1794450,10.55,10.65,1137150,1050,6300,COALINDIA,370.0,PE,27-FEB-2025
2025-02-03 10:16:23.738918,COALINDIA27FEB25P370,OPTSTK,10.55,1794450,10.55,10.65,1137150,1050,6300,COALINDIA,370.0,PE,27-FEB-2025
2025-02-03 10:16:32.335437,COALINDIA27FEB25P370,OPTSTK,10.65,1794450,10.55,10.65,1137150,1050,6300,COALINDIA,370.0,PE,27-FEB-2025
2025-02-03 10:16:40.976537,COALINDIA27FEB25P370,OPTSTK,10.7,1797600,10.7,10.8,1137150,3150,5250,COALINDIA,370.0,PE,27-FEB-2025
2025-02-03 10:16:51.109870,COALINDIA27FEB25P370,OPTSTK,10.7,1797600,10.7,10.8,1137150,3150,5250,COALINDIA,370.0,PE,27-FEB-2025
2025-02-03 10:17:01.721017,COALINDIA27FEB25P370,OPTSTK,10.7,1797600,10.7,10.8,1137150,3150,5250,COALINDIA,370.0,PE,27-FEB-2025
2025-02-03 10:17:11.523120,COALINDIA27FEB25P370,OPTSTK,10.7,1806000,10.6,10.7,1137150,3150,5250,COALINDIA,370.0,PE,27-FEB-2025
2025-02-03 10:17:21.881450,COALINDIA27FEB25P370,OPTSTK,10.7,1806000,10.6,10.7,1137150,3150,5250,COALINDIA,370.0,PE,27-FEB-2025
2025-02-03 10:17:32.789613,COALINDIA27FEB25P370,OPTSTK,10.7,1806000,10.6,10.7,1137150,3150,5250,COALINDIA,370.0,PE,27-FEB-2025
2025-02-03 10:17:42.316365,COALINDIA27FEB25P370,OPTSTK,10.65,1806000,10.6,10.7,1137150,3150,5250,COALINDIA,370.0,PE,27-FEB-2025
2025-02-03 10:17:49.672900,COALINDIA27FEB25P370,OPTSTK,10.55,1819650,10.6,10.7,1137150,4200,5250,COALINDIA,370.0,PE,27-FEB-2025
2025-02-03 10:17:57.374493,COALINDIA27FEB25P370,OPTSTK,10.6,1819650,10.6,10.7,1137150,4200,5250,COALINDIA,370.0,PE,27-FEB-2025
2025-02-03 10:18:09.085031,COALINDIA27FEB25P370,OPTSTK,10.6,1819650,10.6,10.7,1137150,4200,5250,COALINDIA,370.0,PE,27-FEB-2025
2025-02-03 10:18:18.380589,COALINDIA27FEB25P370,OPTSTK,10.75,1829100,10.6,10.75,1137150,10500,6300,COALINDIA,370.0,PE,27-FEB-2025
2025-02-03 10:18:25.805101,COALINDIA27FEB25P370,OPTSTK,10.75,1829100,10.6,10.75,1137150,10500,6300,COALINDIA,370.0,PE,27-FEB-2025
2025-02-03 10:18:33.177283,COALINDIA27FEB25P370,OPTSTK,10.75,1829100,10.6,10.75,1137150,10500,6300,COALINDIA,370.0,PE,27-FEB-2025
2025-02-03 10:18:40.610187,COALINDIA27FEB25P370,OPTSTK,10.6,1829100,10.6,10.75,1137150,10500,6300,COALINDIA,370.0,PE,27-FEB-2025
2025-02-03 10:18:51.800167,COALINDIA27FEB25P370,OPTSTK,10.65,1837500,10.55,10.65,1156050,4200,2100,COALINDIA,370.0,PE,27-FEB-2025
2025-02-03 10:19:03.687324,COALINDIA27FEB25P370,OPTSTK,10.6,1837500,10.55,10.65,1156050,4200,2100,COALINDIA,370.0,PE,27-FEB-2025
2025-02-03 10:19:13.288981,COALINDIA27FEB25P370,OPTSTK,10.8,1837500,10.55,10.65,1156050,4200,2100,COALINDIA,370.0,PE,27-FEB-2025
2025-02-03 10:19:23.085347,COALINDIA27FEB25P370,OPTSTK,10.8,1850100,10.7,10.8,1156050,5250,2100,COALINDIA,370.0,PE,27-FEB-2025
2025-02-03 10:19:32.292043,COALINDIA27FEB25P370,OPTSTK,10.8,1850100,10.7,10.8,1156050,5250,2100,COALINDIA,370.0,PE,27-FEB-2025
2025-02-03 10:19:39.884451,COALINDIA27FEB25P370,OPTSTK,10.8,1850100,10.7,10.8,1156050,5250,2100,COALINDIA,370.0,PE,27-FEB-2025
2025-02-03 10:19:47.455535,COALINDIA27FEB25P370,OPTSTK,10.8,1855350,10.65,10.75,1156050,4200,5250,COALINDIA,370.0,PE,27-FEB-2025
2025-02-03 10:19:54.523444,COALINDIA27FEB25P370,OPTSTK,10.8,1855350,10.65,10.75,1156050,4200,5250,COALINDIA,370.0,PE,27-FEB-2025
2025-02-03 10:20:04.684337,COALINDIA27FEB25P370,OPTSTK,10.7,1855350,10.65,10.75,1156050,4200,5250,COALINDIA,370.0,PE,27-FEB-2025
2025-02-03 10:20:14.924047,COALINDIA27FEB25P370,OPTSTK,10.65,1855350,10.65,10.75,1156050,4200,5250,COALINDIA,370.0,PE,27-FEB-2025
2025-02-03 10:20:22.407835,COALINDIA27FEB25P370,OPTSTK,10.95,1860600,10.75,10.85,1156050,1050,6300,COALINDIA,370.0,PE,27-FEB-2025
2025-02-03 10:20:29.879274,COALINDIA27FEB25P370,OPTSTK,10.8,1860600,10.75,10.85,1156050,1050,6300,COALINDIA,370.0,PE,27-FEB-2025
2025-02-03 10:20:37.345132,COALINDIA27FEB25P370,OPTSTK,10.8,1860600,10.75,10.85,1156050,1050,6300,COALINDIA,370.0,PE,27-FEB-2025
2025-02-03 10:20:44.903496,COALINDIA27FEB25P370,OPTSTK,10.7,1860600,10.75,10.85,1156050,1050,6300,COALINDIA,370.0,PE,27-FEB-2025
2025-02-03 10:20:52.931350,COALINDIA27FEB25P370,OPTSTK,10.6,1881600,10.65,10.75,1156050,9450,2100,COALINDIA,370.0,PE,27-FEB-2025
2025-02-03 10:21:03.898313,COALINDIA27FEB25P370,OPTSTK,10.5,1881600,10.65,10.75,1156050,9450,2100,COALINDIA,370.0,PE,27-FEB-2025
2025-02-03 10:21:14.866910,COALINDIA27FEB25P370,OPTSTK,10.5,1881600,10.65,10.75,1156050,9450,2100,COALINDIA,370.0,PE,27-FEB-2025
2025-02-03 10:21:25.586878,COALINDIA27FEB25P370,OPTSTK,10.1,1900500,10.25,10.35,1156050,5250,2100,COALINDIA,370.0,PE,27-FEB-2025
2025-02-03 10:21:36.345754,COALINDIA27FEB25P370,OPTSTK,9.9,1900500,10.25,10.35,1156050,5250,2100,COALINDIA,370.0,PE,27-FEB-2025
2025-02-03 10:21:44.705465,COALINDIA27FEB25P370,OPTSTK,9.9,1900500,10.25,10.35,1156050,5250,2100,COALINDIA,370.0,PE,27-FEB-2025
2025-02-03 10:21:52.164946,COALINDIA27FEB25P370,OPTSTK,9.85,1949850,9.8,9.9,1151850,6300,1050,COALINDIA,370.0,PE,27-FEB-2025
2025-02-03 10:21:59.738423,COALINDIA27FEB25P370,OPTSTK,10.05,1949850,9.8,9.9,1151850,6300,1050,COALINDIA,370.0,PE,27-FEB-2025
2025-02-03 10:22:07.097915,COALINDIA27FEB25P370,OPTSTK,10.05,1949850,9.8,9.9,1151850,6300,1050,COALINDIA,370.0,PE,27-FEB-2025
2025-02-03 10:22:14.362273,COALINDIA27FEB25P370,OPTSTK,9.95,1949850,9.8,9.9,1151850,6300,1050,COALINDIA,370.0,PE,27-FEB-2025
2025-02-03 10:22:22.529338,COALINDIA27FEB25P370,OPTSTK,10.05,1962450,9.95,10.05,1151850,5250,3150,COALINDIA,370.0,PE,27-FEB-2025
2025-02-03 10:22:30.493835,COALINDIA27FEB25P370,OPTSTK,10.05,1962450,9.95,10.05,1151850,5250,3150,COALINDIA,370.0,PE,27-FEB-2025
2025-02-03 10:22:41.807744,COALINDIA27FEB25P370,OPTSTK,9.95,1962450,9.95,10.05,1151850,5250,3150,COALINDIA,370.0,PE,27-FEB-2025
2025-02-03 10:22:53.119017,COALINDIA27FEB25P370,OPTSTK,9.95,1970850,9.8,9.95,1151850,10500,8400,COALINDIA,370.0,PE,27-FEB-2025
2025-02-03 10:23:00.758178,COALINDIA27FEB25P370,OPTSTK,9.9,1970850,9.8,9.95,1151850,10500,8400,COALINDIA,370.0,PE,27-FEB-2025
2025-02-03 10:23:16.141039,COALINDIA27FEB25P370,OPTSTK,9.9,1970850,9.8,9.95,1151850,10500,8400,COALINDIA,370.0,PE,27-FEB-2025
2025-02-03 10:23:27.665979,COALINDIA27FEB25P370,OPTSTK,10.05,1978200,9.95,10.05,1151850,4200,3150,COALINDIA,370.0,PE,27-FEB-2025
2025-02-03 10:23:36.807836,COALINDIA27FEB25P370,OPTSTK,10.25,1978200,9.95,10.05,1151850,4200,3150,COALINDIA,370.0,PE,27-FEB-2025
2025-02-03 10:23:44.926093,COALINDIA27FEB25P370,OPTSTK,10.25,1978200,9.95,10.05,1151850,4200,3150,COALINDIA,370.0,PE,27-FEB-2025
2025-02-03 10:23:52.543264,COALINDIA27FEB25P370,OPTSTK,10.25,2005500,10.3,10.4,1151850,5250,4200,COALINDIA,370.0,PE,27-FEB-2025
2025-02-03 10:24:00.043997,COALINDIA27FEB25P370,OPTSTK,10.3,2005500,10.3,10.4,1151850,5250,4200,COALINDIA,370.0,PE,27-FEB-2025
2025-02-03 10:24:07.307141,COALINDIA27FEB25P370,OPTSTK,10.25,2005500,10.3,10.4,1151850,5250,4200,COALINDIA,370.0,PE,27-FEB-2025
2025-02-03 10:24:14.726965,COALINDIA27FEB25P370,OPTSTK,10.25,2005500,10.3,10.4,1151850,5250,4200,COALINDIA,370.0,PE,27-FEB-2025
2025-02-03 10:24:22.364621,COALINDIA27FEB25P370,OPTSTK,10.25,2016000,10.3,10.45,1151850,8400,6300,COALINDIA,370.0,PE,27-FEB-2025
2025-02-03 10:24:29.755665,COALINDIA27FEB25P370,OPTSTK,10.4,2016000,10.3,10.45,1151850,8400,6300,COALINDIA,370.0,PE,27-FEB-2025
2025-02-03 10:24:37.052856,COALINDIA27FEB25P370,OPTSTK,10.4,2016000,10.3,10.45,1151850,8400,6300,COALINDIA,370.0,PE,27-FEB-2025
2025-02-03 10:24:44.542676,COALINDIA27FEB25P370,OPTSTK,10.1,2016000,10.3,10.45,1151850,8400,6300,COALINDIA,370.0,PE,27-FEB-2025
2025-02-03 10:24:52.378731,COALINDIA27FEB25P370,OPTSTK,10.2,2035950,10.15,10.25,1164450,3150,5250,COALINDIA,370.0,PE,27-FEB-2025
2025-02-03 10:25:00.838252,COALINDIA27FEB25P370,OPTSTK,10.2,2035950,10.15,10.25,1164450,3150,5250,COALINDIA,370.0,PE,27-FEB-2025
2025-02-03 10:25:08.191938,COALINDIA27FEB25P370,OPTSTK,10.05,2035950,10.15,10.25,1164450,3150,5250,COALINDIA,370.0,PE,27-FEB-2025
2025-02-03 10:25:15.753799,COALINDIA27FEB25P370,OPTSTK,10.05,2035950,10.15,10.25,1164450,3150,5250,COALINDIA,370.0,PE,27-FEB-2025
2025-02-03 10:25:23.271680,COALINDIA27FEB25P370,OPTSTK,10.15,2039100,10.15,10.3,1164450,6300,9450,COALINDIA,370.0,PE,27-FEB-2025
2025-02-03 10:25:31.114095,COALINDIA27FEB25P370,OPTSTK,10.15,2039100,10.15,10.3,1164450,6300,9450,COALINDIA,370.0,PE,27-FEB-2025
2025-02-03 10:25:38.458326,COALINDIA27FEB25P370,OPTSTK,10.15,2039100,10.15,10.3,1164450,6300,9450,COALINDIA,370.0,PE,27-FEB-2025
2025-02-03 10:25:45.835804,COALINDIA27FEB25P370,OPTSTK,10.05,2039100,10.15,10.3,1164450,6300,9450,COALINDIA,370.0,PE,27-FEB-2025
2025-02-03 10:25:53.373129,COALINDIA27FEB25P370,OPTSTK,10.05,2041200,10.1,10.2,1164450,3150,6300,COALINDIA,370.0,PE,27-FEB-2025
2025-02-03 10:26:02.245233,COALINDIA27FEB25P370,OPTSTK,10.05,2041200,10.1,10.2,1164450,3150,6300,COALINDIA,370.0,PE,27-FEB-2025
2025-02-03 10:26:09.671504,COALINDIA27FEB25P370,OPTSTK,10.1,2041200,10.1,10.2,1164450,3150,6300,COALINDIA,370.0,PE,27-FEB-2025
2025-02-03 10:26:17.058369,COALINDIA27FEB25P370,OPTSTK,10.05,2041200,10.1,10.2,1164450,3150,6300,COALINDIA,370.0,PE,27-FEB-2025
2025-02-03 10:26:24.707697,COALINDIA27FEB25P370,OPTSTK,10.05,2052750,9.95,10.05,1164450,6300,2100,COALINDIA,370.0,PE,27-FEB-2025
2025-02-03 10:26:33.396854,COALINDIA27FEB25P370,OPTSTK,10.1,2052750,9.95,10.05,1164450,6300,2100,COALINDIA,370.0,PE,27-FEB-2025
2025-02-03 10:26:42.344861,COALINDIA27FEB25P370,OPTSTK,10.1,2052750,9.95,10.05,1164450,6300,2100,COALINDIA,370.0,PE,27-FEB-2025
2025-02-03 10:26:51.931419,COALINDIA27FEB25P370,OPTSTK,10.1,2075850,10.2,10.3,1164450,1050,10500,COALINDIA,370.0,PE,27-FEB-2025
2025-02-03 10:27:02.235984,COALINDIA27FEB25P370,OPTSTK,10.2,2075850,10.2,10.3,1164450,1050,10500,COALINDIA,370.0,PE,27-FEB-2025
2025-02-03 10:27:13.185328,COALINDIA27FEB25P370,OPTSTK,10.2,2075850,10.2,10.3,1164450,1050,10500,COALINDIA,370.0,PE,27-FEB-2025
2025-02-03 10:27:22.645118,COALINDIA27FEB25P370,OPTSTK,10.2,2102100,10.1,10.2,1164450,4200,3150,COALINDIA,370.0,PE,27-FEB-2025
2025-02-03 10:27:30.097339,COALINDIA27FEB25P370,OPTSTK,10.2,2102100,10.1,10.2,1164450,4200,3150,COALINDIA,370.0,PE,27-FEB-2025
2025-02-03 10:27:38.016688,COALINDIA27FEB25P370,OPTSTK,10.2,2102100,10.1,10.2,1164450,4200,3150,COALINDIA,370.0,PE,27-FEB-2025
2025-02-03 10:27:45.423692,COALINDIA27FEB25P370,OPTSTK,10.2,2102100,10.1,10.2,1164450,4200,3150,COALINDIA,370.0,PE,27-FEB-2025
2025-02-03 10:27:52.543148,COALINDIA27FEB25P370,OPTSTK,10.35,2103150,10.25,10.35,1147650,6300,1050,COALINDIA,370.0,PE,27-FEB-2025
2025-02-03 10:27:59.841599,COALINDIA27FEB25P370,OPTSTK,10.35,2103150,10.25,10.35,1147650,6300,1050,COALINDIA,370.0,PE,27-FEB-2025
2025-02-03 10:28:07.110348,COALINDIA27FEB25P370,OPTSTK,10.35,2103150,10.25,10.35,1147650,6300,1050,COALINDIA,370.0,PE,27-FEB-2025
2025-02-03 10:28:14.591597,COALINDIA27FEB25P370,OPTSTK,10.3,2103150,10.25,10.35,1147650,6300,1050,COALINDIA,370.0,PE,27-FEB-2025
2025-02-03 10:28:22.138321,COALINDIA27FEB25P370,OPTSTK,10.3,2105250,10.25,10.35,1147650,4200,7350,COALINDIA,370.0,PE,27-FEB-2025
2025-02-03 10:28:29.320161,COALINDIA27FEB25P370,OPTSTK,10.3,2105250,10.25,10.35,1147650,4200,7350,COALINDIA,370.0,PE,27-FEB-2025
2025-02-03 10:28:36.598619,COALINDIA27FEB25P370,OPTSTK,10.3,2105250,10.25,10.35,1147650,4200,7350,COALINDIA,370.0,PE,27-FEB-2025
2025-02-03 10:28:43.862333,COALINDIA27FEB25P370,OPTSTK,10.3,2105250,10.25,10.35,1147650,4200,7350,COALINDIA,370.0,PE,27-FEB-2025
2025-02-03 10:28:52.193863,COALINDIA27FEB25P370,OPTSTK,10.35,2108400,10.35,10.45,1147650,5250,1050,COALINDIA,370.0,PE,27-FEB-2025
2025-02-03 10:29:06.011085,COALINDIA27FEB25P370,OPTSTK,10.5,2108400,10.35,10.45,1147650,5250,1050,COALINDIA,370.0,PE,27-FEB-2025
2025-02-03 10:29:18.686028,COALINDIA27FEB25P370,OPTSTK,10.55,2108400,10.35,10.45,1147650,5250,1050,COALINDIA,370.0,PE,27-FEB-2025
2025-02-03 10:29:26.802774,COALINDIA27FEB25P370,OPTSTK,10.4,2114700,10.45,10.55,1147650,6300,1050,COALINDIA,370.0,PE,27-FEB-2025
2025-02-03 10:29:34.444191,COALINDIA27FEB25P370,OPTSTK,10.5,2114700,10.45,10.55,1147650,6300,1050,COALINDIA,370.0,PE,27-FEB-2025
2025-02-03 10:29:47.331509,COALINDIA27FEB25P370,OPTSTK,10.55,2114700,10.45,10.55,1147650,6300,1050,COALINDIA,370.0,PE,27-FEB-2025
2025-02-03 10:29:55.543665,COALINDIA27FEB25P370,OPTSTK,10.5,2121000,10.4,10.5,1147650,5250,3150,COALINDIA,370.0,PE,27-FEB-2025
2025-02-03 10:30:03.028967,COALINDIA27FEB25P370,OPTSTK,10.5,2121000,10.4,10.5,1147650,5250,3150,COALINDIA,370.0,PE,27-FEB-2025
2025-02-03 10:30:10.330164,COALINDIA27FEB25P370,OPTSTK,10.4,2121000,10.4,10.5,1147650,5250,3150,COALINDIA,370.0,PE,27-FEB-2025
2025-02-03 10:30:17.771943,COALINDIA27FEB25P370,OPTSTK,10.35,2121000,10.4,10.5,1147650,5250,3150,COALINDIA,370.0,PE,27-FEB-2025
2025-02-03 10:30:26.382670,COALINDIA27FEB25P370,OPTSTK,10.3,2125200,10.25,10.4,1147650,6300,10500,COALINDIA,370.0,PE,27-FEB-2025
2025-02-03 10:30:33.583077,COALINDIA27FEB25P370,OPTSTK,10.4,2125200,10.25,10.4,1147650,6300,10500,COALINDIA,370.0,PE,27-FEB-2025
2025-02-03 10:30:40.931621,COALINDIA27FEB25P370,OPTSTK,10.4,2125200,10.25,10.4,1147650,6300,10500,COALINDIA,370.0,PE,27-FEB-2025
2025-02-03 10:30:48.442700,COALINDIA27FEB25P370,OPTSTK,10.4,2125200,10.25,10.4,1147650,6300,10500,COALINDIA,370.0,PE,27-FEB-2025
2025-02-03 10:30:55.665085,COALINDIA27FEB25P370,OPTSTK,10.35,2125200,10.25,10.4,1156050,6300,10500,COALINDIA,370.0,PE,27-FEB-2025
2025-02-03 10:31:02.919510,COALINDIA27FEB25P370,OPTSTK,10.35,2128350,10.3,10.4,1156050,4200,1050,COALINDIA,370.0,PE,27-FEB-2025
2025-02-03 10:31:10.659177,COALINDIA27FEB25P370,OPTSTK,10.3,2128350,10.3,10.4,1156050,4200,1050,COALINDIA,370.0,PE,27-FEB-2025
2025-02-03 10:31:17.999690,COALINDIA27FEB25P370,OPTSTK,10.3,2128350,10.3,10.4,1156050,4200,1050,COALINDIA,370.0,PE,27-FEB-2025
2025-02-03 10:31:25.212012,COALINDIA27FEB25P370,OPTSTK,10.25,2128350,10.3,10.4,1156050,4200,1050,COALINDIA,370.0,PE,27-FEB-2025
2025-02-03 10:31:32.599917,COALINDIA27FEB25P370,OPTSTK,10.2,2131500,10.15,10.25,1156050,3150,1050,COALINDIA,370.0,PE,27-FEB-2025
2025-02-03 10:31:39.785422,COALINDIA27FEB25P370,OPTSTK,10.05,2131500,10.15,10.25,1156050,3150,1050,COALINDIA,370.0,PE,27-FEB-2025
2025-02-03 10:31:47.504368,COALINDIA27FEB25P370,OPTSTK,10.3,2213400,10.35,10.45,1173900,4200,6300,COALINDIA,370.0,PE,27-FEB-2025
2025-02-03 10:34:39.459336,COALINDIA27FEB25P370,OPTSTK,10.3,2213400,10.35,10.45,1173900,4200,6300,COALINDIA,370.0,PE,27-FEB-2025
2025-02-03 10:34:47.380841,COALINDIA27FEB25P370,OPTSTK,10.2,2213400,10.35,10.45,1173900,4200,6300,COALINDIA,370.0,PE,27-FEB-2025
2025-02-03 10:34:55.544434,COALINDIA27FEB25P370,OPTSTK,10.2,2223900,10.1,10.2,1173900,2100,2100,COALINDIA,370.0,PE,27-FEB-2025
2025-02-03 10:35:02.912994,COALINDIA27FEB25P370,OPTSTK,10.1,2223900,10.1,10.2,1173900,2100,2100,COALINDIA,370.0,PE,27-FEB-2025
2025-02-03 10:35:10.149801,COALINDIA27FEB25P370,OPTSTK,10.05,2223900,10.1,10.2,1173900,2100,2100,COALINDIA,370.0,PE,27-FEB-2025
2025-02-03 10:35:17.465433,COALINDIA27FEB25P370,OPTSTK,10.25,2269050,10.15,10.25,1202250,3150,7350,COALINDIA,370.0,PE,27-FEB-2025
2025-02-03 10:38:26.386442,COALINDIA27FEB25P370,OPTSTK,10.25,2271150,10.15,10.25,1202250,9450,3150,COALINDIA,370.0,PE,27-FEB-2025
2025-02-03 10:38:34.112239,COALINDIA27FEB25P370,OPTSTK,10.25,2271150,10.15,10.25,1202250,9450,3150,COALINDIA,370.0,PE,27-FEB-2025
2025-02-03 10:38:42.300738,COALINDIA27FEB25P370,OPTSTK,10.25,2271150,10.15,10.25,1202250,9450,3150,COALINDIA,370.0,PE,27-FEB-2025
2025-02-03 10:38:50.063996,COALINDIA27FEB25P370,OPTSTK,10.25,2272200,10.05,10.15,1202250,5250,1050,COALINDIA,370.0,PE,27-FEB-2025
2025-02-03 10:38:57.994676,COALINDIA27FEB25P370,OPTSTK,10.25,2286900,10.2,10.3,1210650,2100,5250,COALINDIA,370.0,PE,27-FEB-2025
2025-02-03 10:40:50.489871,COALINDIA27FEB25P370,OPTSTK,10.25,2291100,10.1,10.2,1210650,5250,3150,COALINDIA,370.0,PE,27-FEB-2025
2025-02-03 10:40:58.274419,COALINDIA27FEB25P370,OPTSTK,10.1,2291100,10.1,10.2,1210650,5250,3150,COALINDIA,370.0,PE,27-FEB-2025
2025-02-03 10:41:06.782384,COALINDIA27FEB25P370,OPTSTK,10.15,2291100,10.1,10.2,1210650,5250,3150,COALINDIA,370.0,PE,27-FEB-2025
2025-02-03 10:41:15.906003,COALINDIA27FEB25P370,OPTSTK,10.15,2293200,10.05,10.15,1210650,4200,3150,COALINDIA,370.0,PE,27-FEB-2025
2025-02-03 10:41:23.291110,COALINDIA27FEB25P370,OPTSTK,9.7,2323650,9.55,9.65,1224300,7350,1050,COALINDIA,370.0,PE,27-FEB-2025
2025-02-03 10:43:59.322773,COALINDIA27FEB25P370,OPTSTK,9.7,2323650,9.55,9.65,1224300,7350,1050,COALINDIA,370.0,PE,27-FEB-2025
2025-02-03 10:44:07.423169,COALINDIA27FEB25P370,OPTSTK,9.55,2323650,9.55,9.65,1224300,7350,1050,COALINDIA,370.0,PE,27-FEB-2025
2025-02-03 10:44:20.497011,COALINDIA27FEB25P370,OPTSTK,9.5,2328900,9.4,9.5,1224300,7350,3150,COALINDIA,370.0,PE,27-FEB-2025
2025-02-03 10:44:31.557140,COALINDIA27FEB25P370,OPTSTK,9.5,2328900,9.4,9.5,1224300,7350,3150,COALINDIA,370.0,PE,27-FEB-2025
2025-02-03 10:44:43.687728,COALINDIA27FEB25P370,OPTSTK,9.45,2328900,9.4,9.5,1224300,7350,3150,COALINDIA,370.0,PE,27-FEB-2025
2025-02-03 10:44:52.224325,COALINDIA27FEB25P370,OPTSTK,9.5,2387700,9.4,9.5,1224300,3150,14700,COALINDIA,370.0,PE,27-FEB-2025
2025-02-03 10:45:01.619077,COALINDIA27FEB25P370,OPTSTK,9.5,2387700,9.4,9.5,1224300,3150,14700,COALINDIA,370.0,PE,27-FEB-2025
2025-02-03 10:45:09.453176,COALINDIA27FEB25P370,OPTSTK,9.3,2387700,9.4,9.5,1224300,3150,14700,COALINDIA,370.0,PE,27-FEB-2025
2025-02-03 13:09:08.160236,COALINDIA27FEB25P370,OPTSTK,9.2,4414200,9.2,9.3,1669500,9450,3150,COALINDIA,370.0,PE,27-FEB-2025
2025-02-03 13:10:54.982493,COALINDIA27FEB25P370,OPTSTK,9.35,4442550,9.15,9.25,1682100,5250,4200,COALINDIA,370.0,PE,27-FEB-2025
2025-02-03 13:11:01.483146,COALINDIA27FEB25P370,OPTSTK,9.35,4446750,9.25,9.35,1682100,1050,9450,COALINDIA,370.0,PE,27-FEB-2025
2025-02-03 13:12:06.975173,COALINDIA27FEB25P370,OPTSTK,9.35,4446750,9.2,9.3,1682100,3150,6300,COALINDIA,370.0,PE,27-FEB-2025
2025-02-03 13:12:13.563337,COALINDIA27FEB25P370,OPTSTK,9.35,4446750,9.2,9.3,1682100,3150,6300,COALINDIA,370.0,PE,27-FEB-2025
2025-02-03 13:12:21.566476,COALINDIA27FEB25P370,OPTSTK,9.35,4446750,9.2,9.3,1682100,3150,6300,COALINDIA,370.0,PE,27-FEB-2025
2025-02-03 13:12:28.095515,COALINDIA27FEB25P370,OPTSTK,9.35,4446750,9.15,9.25,1682100,8400,2100,COALINDIA,370.0,PE,27-FEB-2025
2025-02-03 13:12:35.248046,COALINDIA27FEB25P370,OPTSTK,9.35,4446750,9.15,9.25,1682100,8400,2100,COALINDIA,370.0,PE,27-FEB-2025
2025-02-03 13:12:41.351801,COALINDIA27FEB25P370,OPTSTK,9.35,4446750,9.15,9.25,1682100,8400,2100,COALINDIA,370.0,PE,27-FEB-2025
2025-02-03 13:12:48.725243,COALINDIA27FEB25P370,OPTSTK,9.35,4446750,9.15,9.25,1682100,8400,2100,COALINDIA,370.0,PE,27-FEB-2025
2025-02-03 13:12:57.061552,COALINDIA27FEB25P370,OPTSTK,9.35,4446750,9.1,9.2,1682100,10500,4200,COALINDIA,370.0,PE,27-FEB-2025
2025-02-03 13:13:04.976348,COALINDIA27FEB25P370,OPTSTK,9.35,4446750,9.1,9.2,1682100,10500,4200,COALINDIA,370.0,PE,27-FEB-2025
2025-02-03 13:13:11.519569,COALINDIA27FEB25P370,OPTSTK,9.05,4446750,9.1,9.2,1682100,10500,4200,COALINDIA,370.0,PE,27-FEB-2025
2025-02-03 13:13:17.996264,COALINDIA27FEB25P370,OPTSTK,9.0,4446750,9.1,9.2,1678950,10500,4200,COALINDIA,370.0,PE,27-FEB-2025
2025-02-03 13:13:23.973374,COALINDIA27FEB25P370,OPTSTK,9.0,4452000,9.0,9.1,1678950,2100,5250,COALINDIA,370.0,PE,27-FEB-2025
2025-02-03 13:13:30.210383,COALINDIA27FEB25P370,OPTSTK,8.95,4452000,9.0,9.1,1678950,2100,5250,COALINDIA,370.0,PE,27-FEB-2025
2025-02-03 13:13:36.333333,COALINDIA27FEB25P370,OPTSTK,8.95,4452000,9.0,9.1,1678950,2100,5250,COALINDIA,370.0,PE,27-FEB-2025
2025-02-03 13:13:42.779416,COALINDIA27FEB25P370,OPTSTK,8.95,4452000,9.0,9.1,1678950,2100,5250,COALINDIA,370.0,PE,27-FEB-2025
2025-02-03 13:13:49.069028,COALINDIA27FEB25P370,OPTSTK,8.95,4452000,9.0,9.1,1678950,2100,5250,COALINDIA,370.0,PE,27-FEB-2025
2025-02-03 13:13:56.673382,COALINDIA27FEB25P370,OPTSTK,8.95,4455150,8.95,9.05,1678950,6300,5250,COALINDIA,370.0,PE,27-FEB-2025
2025-02-03 13:14:03.740793,COALINDIA27FEB25P370,OPTSTK,8.95,4455150,8.95,9.05,1678950,6300,5250,COALINDIA,370.0,PE,27-FEB-2025
2025-02-03 13:14:12.348317,COALINDIA27FEB25P370,OPTSTK,9.0,4455150,8.95,9.05,1678950,6300,5250,COALINDIA,370.0,PE,27-FEB-2025
2025-02-03 13:14:19.787887,COALINDIA27FEB25P370,OPTSTK,9.0,4459350,8.95,9.05,1678950,3150,6300,COALINDIA,370.0,PE,27-FEB-2025
2025-02-03 13:14:26.030632,COALINDIA27FEB25P370,OPTSTK,9.0,4459350,8.95,9.05,1678950,3150,6300,COALINDIA,370.0,PE,27-FEB-2025
2025-02-03 13:14:32.362911,COALINDIA27FEB25P370,OPTSTK,9.0,4459350,8.95,9.05,1678950,3150,6300,COALINDIA,370.0,PE,27-FEB-2025
2025-02-03 13:14:38.639461,COALINDIA27FEB25P370,OPTSTK,9.0,4459350,8.95,9.05,1678950,3150,6300,COALINDIA,370.0,PE,27-FEB-2025
2025-02-03 13:14:45.013626,COALINDIA27FEB25P370,OPTSTK,9.0,4459350,8.95,9.05,1678950,3150,6300,COALINDIA,370.0,PE,27-FEB-2025
2025-02-03 13:14:51.861991,COALINDIA27FEB25P370,OPTSTK,9.0,4460400,8.95,9.05,1678950,3150,8400,COALINDIA,370.0,PE,27-FEB-2025
2025-02-03 13:14:58.180985,COALINDIA27FEB25P370,OPTSTK,9.05,4460400,8.95,9.05,1678950,3150,8400,COALINDIA,370.0,PE,27-FEB-2025
2025-02-03 13:15:04.440904,COALINDIA27FEB25P370,OPTSTK,9.05,4460400,8.95,9.05,1678950,3150,8400,COALINDIA,370.0,PE,27-FEB-2025
2025-02-03 13:15:10.692247,COALINDIA27FEB25P370,OPTSTK,9.05,4460400,8.95,9.05,1678950,3150,8400,COALINDIA,370.0,PE,27-FEB-2025
2025-02-03 13:15:16.824503,COALINDIA27FEB25P370,OPTSTK,9.0,4469850,8.95,9.05,1678950,6300,3150,COALINDIA,370.0,PE,27-FEB-2025
2025-02-03 13:15:25.123495,COALINDIA27FEB25P370,OPTSTK,9.0,4469850,8.95,9.05,1678950,6300,3150,COALINDIA,370.0,PE,27-FEB-2025
2025-02-03 13:15:33.459915,COALINDIA27FEB25P370,OPTSTK,9.0,4469850,8.95,9.05,1678950,6300,3150,COALINDIA,370.0,PE,27-FEB-2025
2025-02-03 13:15:41.032587,COALINDIA27FEB25P370,OPTSTK,9.0,4469850,8.95,9.05,1678950,6300,3150,COALINDIA,370.0,PE,27-FEB-2025
2025-02-03 13:15:47.244282,COALINDIA27FEB25P370,OPTSTK,9.0,4469850,8.95,9.05,1678950,6300,3150,COALINDIA,370.0,PE,27-FEB-2025
2025-02-03 13:15:53.472636,COALINDIA27FEB25P370,OPTSTK,9.1,4469850,9.05,9.15,1678950,5250,4200,COALINDIA,370.0,PE,27-FEB-2025
2025-02-03 13:15:59.925373,COALINDIA27FEB25P370,OPTSTK,9.1,4469850,9.05,9.15,1678950,5250,4200,COALINDIA,370.0,PE,27-FEB-2025
2025-02-03 13:16:06.191434,COALINDIA27FEB25P370,OPTSTK,9.1,4469850,9.05,9.15,1678950,5250,4200,COALINDIA,370.0,PE,27-FEB-2025
2025-02-03 13:16:12.849391,COALINDIA27FEB25P370,OPTSTK,9.1,4469850,9.05,9.15,1678950,5250,4200,COALINDIA,370.0,PE,27-FEB-2025
2025-02-03 13:16:19.924427,COALINDIA27FEB25P370,OPTSTK,9.1,4473000,9.1,9.2,1678950,3150,2100,COALINDIA,370.0,PE,27-FEB-2025
2025-02-03 13:16:27.248636,COALINDIA27FEB25P370,OPTSTK,9.1,4473000,9.1,9.2,1678950,3150,2100,COALINDIA,370.0,PE,27-FEB-2025
2025-02-03 13:16:33.824304,COALINDIA27FEB25P370,OPTSTK,9.1,4473000,9.1,9.2,1678950,3150,2100,COALINDIA,370.0,PE,27-FEB-2025
2025-02-03 13:16:40.847391,COALINDIA27FEB25P370,OPTSTK,9.1,4473000,9.1,9.2,1678950,3150,2100,COALINDIA,370.0,PE,27-FEB-2025
2025-02-03 13:16:47.548584,COALINDIA27FEB25P370,OPTSTK,9.1,4473000,8.95,9.05,1678950,7350,5250,COALINDIA,370.0,PE,27-FEB-2025
2025-02-03 13:16:54.136902,COALINDIA27FEB25P370,OPTSTK,9.1,4473000,8.95,9.05,1678950,7350,5250,COALINDIA,370.0,PE,27-FEB-2025
2025-02-03 13:17:00.585656,COALINDIA27FEB25P370,OPTSTK,9.1,4473000,8.95,9.05,1678950,7350,5250,COALINDIA,370.0,PE,27-FEB-2025
2025-02-03 13:17:06.941623,COALINDIA27FEB25P370,OPTSTK,9.1,4473000,8.95,9.05,1678950,7350,5250,COALINDIA,370.0,PE,27-FEB-2025
2025-02-03 13:17:14.289780,COALINDIA27FEB25P370,OPTSTK,9.1,4473000,8.95,9.05,1678950,7350,5250,COALINDIA,370.0,PE,27-FEB-2025
2025-02-03 13:17:20.676920,COALINDIA27FEB25P370,OPTSTK,9.1,4473000,9.0,9.1,1678950,3150,5250,COALINDIA,370.0,PE,27-FEB-2025
2025-02-03 13:17:27.089729,COALINDIA27FEB25P370,OPTSTK,9.1,4473000,9.0,9.1,1678950,3150,5250,COALINDIA,370.0,PE,27-FEB-2025
2025-02-03 13:17:33.395518,COALINDIA27FEB25P370,OPTSTK,9.1,4473000,9.0,9.1,1678950,3150,5250,COALINDIA,370.0,PE,27-FEB-2025
2025-02-03 13:17:39.779757,COALINDIA27FEB25P370,OPTSTK,9.1,4473000,9.0,9.1,1678950,3150,5250,COALINDIA,370.0,PE,27-FEB-2025
2025-02-03 13:17:46.092434,COALINDIA27FEB25P370,OPTSTK,9.1,4473000,9.05,9.15,1678950,4200,4200,COALINDIA,370.0,PE,27-FEB-2025
2025-02-03 13:17:52.429219,COALINDIA27FEB25P370,OPTSTK,9.1,4473000,9.05,9.15,1678950,4200,4200,COALINDIA,370.0,PE,27-FEB-2025
2025-02-03 13:17:59.188757,COALINDIA27FEB25P370,OPTSTK,9.1,4473000,9.05,9.15,1678950,4200,4200,COALINDIA,370.0,PE,27-FEB-2025
2025-02-03 13:18:05.694481,COALINDIA27FEB25P370,OPTSTK,9.1,4473000,9.05,9.15,1678950,4200,4200,COALINDIA,370.0,PE,27-FEB-2025
2025-02-03 13:18:12.204483,COALINDIA27FEB25P370,OPTSTK,9.1,4473000,9.05,9.15,1678950,4200,4200,COALINDIA,370.0,PE,27-FEB-2025
2025-02-03 13:18:18.494409,COALINDIA27FEB25P370,OPTSTK,9.1,4473000,9.1,9.2,1678950,5250,3150,COALINDIA,370.0,PE,27-FEB-2025
2025-02-03 13:18:24.702243,COALINDIA27FEB25P370,OPTSTK,9.1,4473000,9.1,9.2,1678950,5250,3150,COALINDIA,370.0,PE,27-FEB-2025
2025-02-03 13:18:31.123235,COALINDIA27FEB25P370,OPTSTK,9.05,4473000,9.1,9.2,1683150,5250,3150,COALINDIA,370.0,PE,27-FEB-2025
2025-02-03 13:18:37.634491,COALINDIA27FEB25P370,OPTSTK,9.05,4473000,9.1,9.2,1683150,5250,3150,COALINDIA,370.0,PE,27-FEB-2025
2025-02-03 13:18:43.953525,COALINDIA27FEB25P370,OPTSTK,9.05,4476150,9.1,9.2,1683150,5250,4200,COALINDIA,370.0,PE,27-FEB-2025
2025-02-03 13:18:50.535270,COALINDIA27FEB25P370,OPTSTK,9.05,4476150,9.1,9.2,1683150,5250,4200,COALINDIA,370.0,PE,27-FEB-2025
2025-02-03 13:18:56.951202,COALINDIA27FEB25P370,OPTSTK,9.05,4476150,9.1,9.2,1683150,5250,4200,COALINDIA,370.0,PE,27-FEB-2025
2025-02-03 13:19:03.489672,COALINDIA27FEB25P370,OPTSTK,9.05,4476150,9.1,9.2,1683150,5250,4200,COALINDIA,370.0,PE,27-FEB-2025
2025-02-03 13:19:09.942267,COALINDIA27FEB25P370,OPTSTK,9.05,4476150,9.1,9.2,1683150,5250,4200,COALINDIA,370.0,PE,27-FEB-2025
2025-02-03 13:19:16.323081,COALINDIA27FEB25P370,OPTSTK,9.05,4476150,9.15,9.25,1683150,6300,2100,COALINDIA,370.0,PE,27-FEB-2025
2025-02-03 13:19:22.741035,COALINDIA27FEB25P370,OPTSTK,9.05,4476150,9.15,9.25,1683150,6300,2100,COALINDIA,370.0,PE,27-FEB-2025
2025-02-03 13:19:29.070981,COALINDIA27FEB25P370,OPTSTK,9.05,4476150,9.15,9.25,1683150,6300,2100,COALINDIA,370.0,PE,27-FEB-2025
2025-02-03 13:19:35.456421,COALINDIA27FEB25P370,OPTSTK,9.05,4476150,9.15,9.25,1683150,6300,2100,COALINDIA,370.0,PE,27-FEB-2025
2025-02-03 13:19:42.188868,COALINDIA27FEB25P370,OPTSTK,9.05,4476150,9.25,9.35,1683150,4200,3150,COALINDIA,370.0,PE,27-FEB-2025
2025-02-03 13:19:48.724003,COALINDIA27FEB25P370,OPTSTK,9.05,4476150,9.25,9.35,1683150,4200,3150,COALINDIA,370.0,PE,27-FEB-2025
2025-02-03 13:19:55.083237,COALINDIA27FEB25P370,OPTSTK,9.05,4476150,9.25,9.35,1683150,4200,3150,COALINDIA,370.0,PE,27-FEB-2025
2025-02-03 13:20:01.518622,COALINDIA27FEB25P370,OPTSTK,9.3,4476150,9.25,9.35,1682100,4200,3150,COALINDIA,370.0,PE,27-FEB-2025
2025-02-03 13:20:07.924854,COALINDIA27FEB25P370,OPTSTK,9.4,4476150,9.25,9.35,1682100,4200,3150,COALINDIA,370.0,PE,27-FEB-2025
2025-02-03 13:20:14.281806,COALINDIA27FEB25P370,OPTSTK,9.4,4533900,9.35,9.45,1682100,8400,2100,COALINDIA,370.0,PE,27-FEB-2025
2025-02-03 13:20:20.721747,COALINDIA27FEB25P370,OPTSTK,9.4,4533900,9.35,9.45,1682100,8400,2100,COALINDIA,370.0,PE,27-FEB-2025
2025-02-03 13:20:27.127637,COALINDIA27FEB25P370,OPTSTK,9.4,4533900,9.35,9.45,1682100,8400,2100,COALINDIA,370.0,PE,27-FEB-2025
2025-02-03 13:20:33.692291,COALINDIA27FEB25P370,OPTSTK,9.35,4533900,9.35,9.45,1682100,8400,2100,COALINDIA,370.0,PE,27-FEB-2025
2025-02-03 13:20:40.066753,COALINDIA27FEB25P370,OPTSTK,9.35,4533900,9.35,9.45,1682100,8400,2100,COALINDIA,370.0,PE,27-FEB-2025
2025-02-03 13:20:46.297966,COALINDIA27FEB25P370,OPTSTK,9.35,4537050,9.3,9.4,1682100,12600,2100,COALINDIA,370.0,PE,27-FEB-2025
2025-02-03 13:20:52.523648,COALINDIA27FEB25P370,OPTSTK,9.3,4537050,9.3,9.4,1682100,12600,2100,COALINDIA,370.0,PE,27-FEB-2025
2025-02-03 13:20:58.935701,COALINDIA27FEB25P370,OPTSTK,9.3,4537050,9.3,9.4,1682100,12600,2100,COALINDIA,370.0,PE,27-FEB-2025
2025-02-03 13:21:05.269726,COALINDIA27FEB25P370,OPTSTK,9.3,4537050,9.3,9.4,1682100,12600,2100,COALINDIA,370.0,PE,27-FEB-2025
2025-02-03 13:21:11.578966,COALINDIA27FEB25P370,OPTSTK,9.3,4545450,9.35,9.45,1682100,3150,7350,COALINDIA,370.0,PE,27-FEB-2025
2025-02-03 13:21:17.965591,COALINDIA27FEB25P370,OPTSTK,9.3,4545450,9.35,9.45,1682100,3150,7350,COALINDIA,370.0,PE,27-FEB-2025
2025-02-03 13:21:24.369142,COALINDIA27FEB25P370,OPTSTK,9.3,4545450,9.35,9.45,1682100,3150,7350,COALINDIA,370.0,PE,27-FEB-2025
2025-02-03 13:21:30.767186,COALINDIA27FEB25P370,OPTSTK,9.3,4545450,9.35,9.45,1682100,3150,7350,COALINDIA,370.0,PE,27-FEB-2025
2025-02-03 13:21:37.194889,COALINDIA27FEB25P370,OPTSTK,9.3,4545450,9.3,9.4,1682100,3150,5250,COALINDIA,370.0,PE,27-FEB-2025
2025-02-03 13:21:45.611640,COALINDIA27FEB25P370,OPTSTK,9.3,4545450,9.3,9.4,1682100,3150,5250,COALINDIA,370.0,PE,27-FEB-2025
2025-02-03 13:21:53.409303,COALINDIA27FEB25P370,OPTSTK,9.3,4545450,9.3,9.4,1682100,3150,5250,COALINDIA,370.0,PE,27-FEB-2025
2025-02-03 13:22:00.596889,COALINDIA27FEB25P370,OPTSTK,9.3,4545450,9.3,9.4,1682100,3150,5250,COALINDIA,370.0,PE,27-FEB-2025
2025-02-03 13:22:06.963403,COALINDIA27FEB25P370,OPTSTK,9.3,4545450,9.45,9.55,1682100,4200,9450,COALINDIA,370.0,PE,27-FEB-2025
2025-02-03 13:22:13.247029,COALINDIA27FEB25P370,OPTSTK,9.3,4545450,9.45,9.55,1682100,4200,9450,COALINDIA,370.0,PE,27-FEB-2025
2025-02-03 13:22:19.515639,COALINDIA27FEB25P370,OPTSTK,9.3,4545450,9.45,9.55,1682100,4200,9450,COALINDIA,370.0,PE,27-FEB-2025
2025-02-03 13:22:26.114069,COALINDIA27FEB25P370,OPTSTK,9.5,4545450,9.45,9.55,1734600,4200,9450,COALINDIA,370.0,PE,27-FEB-2025
2025-02-03 13:22:34.816071,COALINDIA27FEB25P370,OPTSTK,9.5,4545450,9.45,9.55,1734600,4200,9450,COALINDIA,370.0,PE,27-FEB-2025
2025-02-03 13:22:42.011673,COALINDIA27FEB25P370,OPTSTK,9.5,4546500,9.4,9.5,1734600,3150,3150,COALINDIA,370.0,PE,27-FEB-2025
2025-02-03 13:22:50.413868,COALINDIA27FEB25P370,OPTSTK,9.55,4546500,9.4,9.5,1734600,3150,3150,COALINDIA,370.0,PE,27-FEB-2025
2025-02-03 13:22:58.795152,COALINDIA27FEB25P370,OPTSTK,9.5,4546500,9.4,9.5,1734600,3150,3150,COALINDIA,370.0,PE,27-FEB-2025
2025-02-03 13:23:06.166247,COALINDIA27FEB25P370,OPTSTK,9.5,4546500,9.4,9.5,1734600,3150,3150,COALINDIA,370.0,PE,27-FEB-2025
2025-02-03 13:23:13.435098,COALINDIA27FEB25P370,OPTSTK,9.5,4568550,9.4,9.5,1734600,5250,5250,COALINDIA,370.0,PE,27-FEB-2025
2025-02-03 13:23:19.737294,COALINDIA27FEB25P370,OPTSTK,9.55,4568550,9.4,9.5,1734600,5250,5250,COALINDIA,370.0,PE,27-FEB-2025
2025-02-03 13:23:26.037675,COALINDIA27FEB25P370,OPTSTK,9.55,4568550,9.4,9.5,1734600,5250,5250,COALINDIA,370.0,PE,27-FEB-2025
2025-02-03 13:23:32.450346,COALINDIA27FEB25P370,OPTSTK,9.55,4568550,9.4,9.5,1734600,5250,5250,COALINDIA,370.0,PE,27-FEB-2025
2025-02-03 13:23:38.745201,COALINDIA27FEB25P370,OPTSTK,9.55,4569600,9.4,9.5,1734600,9450,3150,COALINDIA,370.0,PE,27-FEB-2025
2025-02-03 13:23:45.011329,COALINDIA27FEB25P370,OPTSTK,9.5,4569600,9.4,9.5,1734600,9450,3150,COALINDIA,370.0,PE,27-FEB-2025
2025-02-03 13:23:51.329648,COALINDIA27FEB25P370,OPTSTK,9.5,4569600,9.4,9.5,1734600,9450,3150,COALINDIA,370.0,PE,27-FEB-2025
2025-02-03 13:23:57.715341,COALINDIA27FEB25P370,OPTSTK,9.5,4569600,9.4,9.5,1734600,9450,3150,COALINDIA,370.0,PE,27-FEB-2025
2025-02-03 13:24:03.991662,COALINDIA27FEB25P370,OPTSTK,9.5,4570650,9.35,9.45,1734600,8400,3150,COALINDIA,370.0,PE,27-FEB-2025
2025-02-03 13:24:10.444109,COALINDIA27FEB25P370,OPTSTK,9.5,4570650,9.35,9.45,1734600,8400,3150,COALINDIA,370.0,PE,27-FEB-2025
2025-02-03 13:24:16.883577,COALINDIA27FEB25P370,OPTSTK,9.35,4570650,9.35,9.45,1734600,8400,3150,COALINDIA,370.0,PE,27-FEB-2025
2025-02-03 13:24:23.272892,COALINDIA27FEB25P370,OPTSTK,9.25,4570650,9.35,9.45,1734600,8400,3150,COALINDIA,370.0,PE,27-FEB-2025
2025-02-03 13:24:29.606585,COALINDIA27FEB25P370,OPTSTK,9.25,4578000,9.3,9.4,1734600,2100,5250,COALINDIA,370.0,PE,27-FEB-2025
2025-02-03 13:24:36.071258,COALINDIA27FEB25P370,OPTSTK,9.25,4578000,9.3,9.4,1734600,2100,5250,COALINDIA,370.0,PE,27-FEB-2025
2025-02-03 13:24:42.465993,COALINDIA27FEB25P370,OPTSTK,9.25,4578000,9.3,9.4,1734600,2100,5250,COALINDIA,370.0,PE,27-FEB-2025
2025-02-03 13:24:48.880176,COALINDIA27FEB25P370,OPTSTK,9.25,4578000,9.3,9.4,1734600,2100,5250,COALINDIA,370.0,PE,27-FEB-2025
2025-02-03 13:24:55.232481,COALINDIA27FEB25P370,OPTSTK,9.25,4578000,9.3,9.4,1734600,2100,5250,COALINDIA,370.0,PE,27-FEB-2025
2025-02-03 13:25:01.620597,COALINDIA27FEB25P370,OPTSTK,9.25,4578000,9.35,9.45,1734600,4200,4200,COALINDIA,370.0,PE,27-FEB-2025
2025-02-03 13:25:08.045240,COALINDIA27FEB25P370,OPTSTK,9.25,4578000,9.35,9.45,1734600,4200,4200,COALINDIA,370.0,PE,27-FEB-2025
2025-02-03 13:25:14.511115,COALINDIA27FEB25P370,OPTSTK,9.25,4578000,9.35,9.45,1734600,4200,4200,COALINDIA,370.0,PE,27-FEB-2025
2025-02-03 13:25:20.936597,COALINDIA27FEB25P370,OPTSTK,9.25,4578000,9.35,9.45,1734600,4200,4200,COALINDIA,370.0,PE,27-FEB-2025
2025-02-03 13:25:27.235767,COALINDIA27FEB25P370,OPTSTK,9.25,4578000,9.3,9.4,1734600,2100,6300,COALINDIA,370.0,PE,27-FEB-2025
2025-02-03 13:25:33.955168,COALINDIA27FEB25P370,OPTSTK,9.25,4578000,9.3,9.4,1734600,2100,6300,COALINDIA,370.0,PE,27-FEB-2025
2025-02-03 13:25:40.226864,COALINDIA27FEB25P370,OPTSTK,9.25,4578000,9.3,9.4,1734600,2100,6300,COALINDIA,370.0,PE,27-FEB-2025
2025-02-03 13:25:46.674480,COALINDIA27FEB25P370,OPTSTK,9.25,4578000,9.3,9.4,1734600,2100,6300,COALINDIA,370.0,PE,27-FEB-2025
2025-02-03 13:25:53.103587,COALINDIA27FEB25P370,OPTSTK,9.25,4578000,9.4,9.55,1734600,12600,21000,COALINDIA,370.0,PE,27-FEB-2025
2025-02-03 13:25:59.481253,COALINDIA27FEB25P370,OPTSTK,9.25,4578000,9.4,9.55,1734600,12600,21000,COALINDIA,370.0,PE,27-FEB-2025
2025-02-03 13:26:05.887218,COALINDIA27FEB25P370,OPTSTK,9.25,4578000,9.4,9.55,1734600,12600,21000,COALINDIA,370.0,PE,27-FEB-2025
2025-02-03 13:26:12.232531,COALINDIA27FEB25P370,OPTSTK,9.25,4578000,9.4,9.55,1734600,12600,21000,COALINDIA,370.0,PE,27-FEB-2025
2025-02-03 13:26:18.602633,COALINDIA27FEB25P370,OPTSTK,9.25,4578000,9.4,9.55,1734600,12600,21000,COALINDIA,370.0,PE,27-FEB-2025
2025-02-03 13:26:24.907325,COALINDIA27FEB25P370,OPTSTK,9.55,4586400,9.5,9.6,1751400,6300,2100,COALINDIA,370.0,PE,27-FEB-2025
2025-02-03 13:26:31.279470,COALINDIA27FEB25P370,OPTSTK,9.55,4586400,9.5,9.6,1751400,6300,2100,COALINDIA,370.0,PE,27-FEB-2025
2025-02-03 13:26:37.643416,COALINDIA27FEB25P370,OPTSTK,9.55,4586400,9.5,9.6,1751400,6300,2100,COALINDIA,370.0,PE,27-FEB-2025
2025-02-03 13:26:43.905396,COALINDIA27FEB25P370,OPTSTK,9.55,4586400,9.5,9.6,1751400,6300,2100,COALINDIA,370.0,PE,27-FEB-2025
2025-02-03 13:26:50.448558,COALINDIA27FEB25P370,OPTSTK,9.55,4587450,9.5,9.6,1751400,8400,4200,COALINDIA,370.0,PE,27-FEB-2025
2025-02-03 13:26:56.759444,COALINDIA27FEB25P370,OPTSTK,9.55,4587450,9.5,9.6,1751400,8400,4200,COALINDIA,370.0,PE,27-FEB-2025
2025-02-03 13:27:03.205867,COALINDIA27FEB25P370,OPTSTK,9.55,4587450,9.5,9.6,1751400,8400,4200,COALINDIA,370.0,PE,27-FEB-2025
2025-02-03 13:27:09.608901,COALINDIA27FEB25P370,OPTSTK,9.55,4587450,9.5,9.6,1751400,8400,4200,COALINDIA,370.0,PE,27-FEB-2025
2025-02-03 13:27:15.992246,COALINDIA27FEB25P370,OPTSTK,9.45,4587450,9.5,9.6,1751400,8400,4200,COALINDIA,370.0,PE,27-FEB-2025
2025-02-03 13:27:22.241878,COALINDIA27FEB25P370,OPTSTK,9.45,4591650,9.5,9.6,1751400,5250,9450,COALINDIA,370.0,PE,27-FEB-2025
2025-02-03 13:27:28.578825,COALINDIA27FEB25P370,OPTSTK,9.45,4591650,9.5,9.6,1751400,5250,9450,COALINDIA,370.0,PE,27-FEB-2025
2025-02-03 13:27:34.895150,COALINDIA27FEB25P370,OPTSTK,9.45,4591650,9.5,9.6,1751400,5250,9450,COALINDIA,370.0,PE,27-FEB-2025
2025-02-03 13:27:41.179431,COALINDIA27FEB25P370,OPTSTK,9.45,4591650,9.5,9.6,1751400,5250,9450,COALINDIA,370.0,PE,27-FEB-2025
2025-02-03 13:27:47.484989,COALINDIA27FEB25P370,OPTSTK,9.55,4592700,9.5,9.6,1751400,7350,4200,COALINDIA,370.0,PE,27-FEB-2025
2025-02-03 13:27:53.827029,COALINDIA27FEB25P370,OPTSTK,9.55,4592700,9.5,9.6,1751400,7350,4200,COALINDIA,370.0,PE,27-FEB-2025
2025-02-03 13:28:00.246651,COALINDIA27FEB25P370,OPTSTK,9.55,4592700,9.5,9.6,1751400,7350,4200,COALINDIA,370.0,PE,27-FEB-2025
2025-02-03 13:28:06.657008,COALINDIA27FEB25P370,OPTSTK,9.55,4592700,9.5,9.6,1751400,7350,4200,COALINDIA,370.0,PE,27-FEB-2025
2025-02-03 13:28:12.926536,COALINDIA27FEB25P370,OPTSTK,9.55,4592700,9.5,9.6,1751400,7350,4200,COALINDIA,370.0,PE,27-FEB-2025
2025-02-03 13:28:19.215588,COALINDIA27FEB25P370,OPTSTK,9.55,4593750,9.55,9.7,1751400,7350,10500,COALINDIA,370.0,PE,27-FEB-2025
2025-02-03 13:28:25.477776,COALINDIA27FEB25P370,OPTSTK,9.55,4593750,9.55,9.7,1751400,7350,10500,COALINDIA,370.0,PE,27-FEB-2025
2025-02-03 13:28:31.959401,COALINDIA27FEB25P370,OPTSTK,9.65,4593750,9.55,9.7,1743000,7350,10500,COALINDIA,370.0,PE,27-FEB-2025
2025-02-03 13:28:38.379396,COALINDIA27FEB25P370,OPTSTK,9.65,4593750,9.55,9.7,1743000,7350,10500,COALINDIA,370.0,PE,27-FEB-2025
2025-02-03 13:28:44.649387,COALINDIA27FEB25P370,OPTSTK,9.65,4593750,9.55,9.7,1743000,7350,10500,COALINDIA,370.0,PE,27-FEB-2025
2025-02-03 13:28:51.137134,COALINDIA27FEB25P370,OPTSTK,9.65,4595850,9.6,9.7,1743000,4200,5250,COALINDIA,370.0,PE,27-FEB-2025
2025-02-03 13:28:57.390700,COALINDIA27FEB25P370,OPTSTK,9.65,4595850,9.6,9.7,1743000,4200,5250,COALINDIA,370.0,PE,27-FEB-2025
2025-02-03 13:29:03.739733,COALINDIA27FEB25P370,OPTSTK,9.65,4595850,9.6,9.7,1743000,4200,5250,COALINDIA,370.0,PE,27-FEB-2025
2025-02-03 13:29:10.166623,COALINDIA27FEB25P370,OPTSTK,9.65,4595850,9.6,9.7,1743000,4200,5250,COALINDIA,370.0,PE,27-FEB-2025
2025-02-03 13:29:16.430368,COALINDIA27FEB25P370,OPTSTK,9.5,4596900,9.45,9.55,1743000,3150,6300,COALINDIA,370.0,PE,27-FEB-2025
2025-02-03 13:29:22.797471,COALINDIA27FEB25P370,OPTSTK,9.5,4596900,9.45,9.55,1743000,3150,6300,COALINDIA,370.0,PE,27-FEB-2025
2025-02-03 13:29:29.132470,COALINDIA27FEB25P370,OPTSTK,9.5,4596900,9.45,9.55,1743000,3150,6300,COALINDIA,370.0,PE,27-FEB-2025
2025-02-03 13:29:35.501497,COALINDIA27FEB25P370,OPTSTK,9.5,4596900,9.45,9.55,1743000,3150,6300,COALINDIA,370.0,PE,27-FEB-2025
2025-02-03 13:29:42.049420,COALINDIA27FEB25P370,OPTSTK,9.5,4596900,9.45,9.55,1743000,3150,6300,COALINDIA,370.0,PE,27-FEB-2025
2025-02-03 13:29:48.405768,COALINDIA27FEB25P370,OPTSTK,9.5,4596900,9.35,9.45,1743000,3150,6300,COALINDIA,370.0,PE,27-FEB-2025
2025-02-03 13:29:55.216080,COALINDIA27FEB25P370,OPTSTK,9.5,4596900,9.35,9.45,1743000,3150,6300,COALINDIA,370.0,PE,27-FEB-2025
2025-02-03 13:30:01.849137,COALINDIA27FEB25P370,OPTSTK,9.5,4596900,9.35,9.45,1743000,3150,6300,COALINDIA,370.0,PE,27-FEB-2025
2025-02-03 13:30:08.522307,COALINDIA27FEB25P370,OPTSTK,9.5,4596900,9.35,9.45,1743000,3150,6300,COALINDIA,370.0,PE,27-FEB-2025
2025-02-03 13:30:14.949345,COALINDIA27FEB25P370,OPTSTK,9.5,4596900,9.25,9.35,1743000,8400,2100,COALINDIA,370.0,PE,27-FEB-2025
2025-02-03 13:30:21.328275,COALINDIA27FEB25P370,OPTSTK,9.25,4596900,9.25,9.35,1743000,8400,2100,COALINDIA,370.0,PE,27-FEB-2025
2025-02-03 13:30:27.677861,COALINDIA27FEB25P370,OPTSTK,9.25,4596900,9.25,9.35,1743000,8400,2100,COALINDIA,370.0,PE,27-FEB-2025
2025-02-03 13:30:33.937628,COALINDIA27FEB25P370,OPTSTK,9.25,4596900,9.25,9.35,1743000,8400,2100,COALINDIA,370.0,PE,27-FEB-2025
2025-02-03 13:30:40.456545,COALINDIA27FEB25P370,OPTSTK,9.25,4596900,9.25,9.35,1743000,8400,2100,COALINDIA,370.0,PE,27-FEB-2025
2025-02-03 13:30:46.744297,COALINDIA27FEB25P370,OPTSTK,9.25,4597950,9.2,9.25,1743000,5250,2100,COALINDIA,370.0,PE,27-FEB-2025
2025-02-03 13:30:53.227541,COALINDIA27FEB25P370,OPTSTK,9.25,4597950,9.2,9.25,1743000,5250,2100,COALINDIA,370.0,PE,27-FEB-2025
2025-02-03 13:30:59.570261,COALINDIA27FEB25P370,OPTSTK,9.25,4597950,9.2,9.25,1743000,5250,2100,COALINDIA,370.0,PE,27-FEB-2025
2025-02-03 13:31:05.938707,COALINDIA27FEB25P370,OPTSTK,9.25,4597950,9.2,9.25,1743000,5250,2100,COALINDIA,370.0,PE,27-FEB-2025
2025-02-03 13:31:12.427546,COALINDIA27FEB25P370,OPTSTK,9.25,4597950,9.25,9.35,1743000,10500,2100,COALINDIA,370.0,PE,27-FEB-2025
2025-02-03 13:31:18.754869,COALINDIA27FEB25P370,OPTSTK,9.25,4597950,9.25,9.35,1743000,10500,2100,COALINDIA,370.0,PE,27-FEB-2025
2025-02-03 13:31:25.398575,COALINDIA27FEB25P370,OPTSTK,9.25,4597950,9.25,9.35,1743000,10500,2100,COALINDIA,370.0,PE,27-FEB-2025
2025-02-03 13:31:31.850946,COALINDIA27FEB25P370,OPTSTK,9.25,4597950,9.25,9.35,1743000,10500,2100,COALINDIA,370.0,PE,27-FEB-2025
2025-02-03 13:31:38.170677,COALINDIA27FEB25P370,OPTSTK,9.25,4597950,9.25,9.35,1743000,10500,2100,COALINDIA,370.0,PE,27-FEB-2025
2025-02-03 13:31:44.533036,COALINDIA27FEB25P370,OPTSTK,9.25,4597950,9.3,9.4,1743000,7350,4200,COALINDIA,370.0,PE,27-FEB-2025
2025-02-03 13:31:50.661512,COALINDIA27FEB25P370,OPTSTK,9.25,4597950,9.3,9.4,1743000,7350,4200,COALINDIA,370.0,PE,27-FEB-2025
2025-02-03 13:31:56.975323,COALINDIA27FEB25P370,OPTSTK,9.25,4597950,9.3,9.4,1743000,7350,4200,COALINDIA,370.0,PE,27-FEB-2025
2025-02-03 13:32:03.433601,COALINDIA27FEB25P370,OPTSTK,9.25,4597950,9.3,9.4,1743000,7350,4200,COALINDIA,370.0,PE,27-FEB-2025
2025-02-03 13:32:09.815768,COALINDIA27FEB25P370,OPTSTK,9.25,4597950,9.3,9.4,1743000,6300,5250,COALINDIA,370.0,PE,27-FEB-2025
2025-02-03 13:32:16.195632,COALINDIA27FEB25P370,OPTSTK,9.25,4597950,9.3,9.4,1743000,6300,5250,COALINDIA,370.0,PE,27-FEB-2025
2025-02-03 13:32:22.525494,COALINDIA27FEB25P370,OPTSTK,9.25,4597950,9.3,9.4,1743000,6300,5250,COALINDIA,370.0,PE,27-FEB-2025
2025-02-03 13:32:28.802589,COALINDIA27FEB25P370,OPTSTK,9.25,4597950,9.3,9.4,1743000,6300,5250,COALINDIA,370.0,PE,27-FEB-2025
2025-02-03 13:32:35.031458,COALINDIA27FEB25P370,OPTSTK,9.35,4597950,9.3,9.4,1743000,6300,5250,COALINDIA,370.0,PE,27-FEB-2025
2025-02-03 13:32:41.362662,COALINDIA27FEB25P370,OPTSTK,9.35,4599000,9.3,9.45,1743000,8400,11550,COALINDIA,370.0,PE,27-FEB-2025
2025-02-03 13:32:47.735677,COALINDIA27FEB25P370,OPTSTK,9.35,4599000,9.3,9.45,1743000,8400,11550,COALINDIA,370.0,PE,27-FEB-2025
2025-02-03 13:32:54.066884,COALINDIA27FEB25P370,OPTSTK,9.35,4599000,9.3,9.45,1743000,8400,11550,COALINDIA,370.0,PE,27-FEB-2025
2025-02-03 13:33:00.476345,COALINDIA27FEB25P370,OPTSTK,9.35,4599000,9.3,9.45,1743000,8400,11550,COALINDIA,370.0,PE,27-FEB-2025
2025-02-03 13:33:06.737518,COALINDIA27FEB25P370,OPTSTK,9.35,4599000,9.35,9.45,1743000,6300,5250,COALINDIA,370.0,PE,27-FEB-2025
2025-02-03 13:33:13.098293,COALINDIA27FEB25P370,OPTSTK,9.35,4599000,9.35,9.45,1743000,6300,5250,COALINDIA,370.0,PE,27-FEB-2025
2025-02-03 13:33:19.280985,COALINDIA27FEB25P370,OPTSTK,9.35,4599000,9.35,9.45,1743000,6300,5250,COALINDIA,370.0,PE,27-FEB-2025
2025-02-03 13:33:25.696656,COALINDIA27FEB25P370,OPTSTK,9.35,4599000,9.35,9.45,1743000,6300,5250,COALINDIA,370.0,PE,27-FEB-2025
2025-02-03 13:33:32.027087,COALINDIA27FEB25P370,OPTSTK,9.35,4599000,9.35,9.45,1743000,6300,5250,COALINDIA,370.0,PE,27-FEB-2025
2025-02-03 13:33:38.447995,COALINDIA27FEB25P370,OPTSTK,9.35,4599000,9.35,9.45,1743000,2100,6300,COALINDIA,370.0,PE,27-FEB-2025
2025-02-03 13:33:44.699612,COALINDIA27FEB25P370,OPTSTK,9.35,4599000,9.35,9.45,1743000,2100,6300,COALINDIA,370.0,PE,27-FEB-2025
2025-02-03 13:33:51.137495,COALINDIA27FEB25P370,OPTSTK,9.3,4599000,9.35,9.45,1743000,2100,6300,COALINDIA,370.0,PE,27-FEB-2025
2025-02-03 13:33:57.577585,COALINDIA27FEB25P370,OPTSTK,9.3,4599000,9.35,9.45,1743000,2100,6300,COALINDIA,370.0,PE,27-FEB-2025
2025-02-03 13:34:03.879203,COALINDIA27FEB25P370,OPTSTK,9.3,4600050,9.25,9.35,1743000,2100,8400,COALINDIA,370.0,PE,27-FEB-2025
2025-02-03 13:34:10.400728,COALINDIA27FEB25P370,OPTSTK,9.3,4600050,9.25,9.35,1743000,2100,8400,COALINDIA,370.0,PE,27-FEB-2025
2025-02-03 13:34:17.179686,COALINDIA27FEB25P370,OPTSTK,9.3,4600050,9.25,9.35,1743000,2100,8400,COALINDIA,370.0,PE,27-FEB-2025
2025-02-03 13:34:23.565431,COALINDIA27FEB25P370,OPTSTK,9.3,4600050,9.25,9.35,1743000,2100,8400,COALINDIA,370.0,PE,27-FEB-2025
2025-02-03 13:34:30.026211,COALINDIA27FEB25P370,OPTSTK,9.3,4600050,9.25,9.35,1743000,2100,8400,COALINDIA,370.0,PE,27-FEB-2025
2025-02-03 13:34:36.769623,COALINDIA27FEB25P370,OPTSTK,9.2,4600050,9.2,9.3,1745100,5250,4200,COALINDIA,370.0,PE,27-FEB-2025
2025-02-03 13:34:43.329271,COALINDIA27FEB25P370,OPTSTK,9.2,4600050,9.2,9.3,1745100,5250,4200,COALINDIA,370.0,PE,27-FEB-2025
2025-02-03 13:34:49.622739,COALINDIA27FEB25P370,OPTSTK,9.15,4600050,9.2,9.3,1745100,5250,4200,COALINDIA,370.0,PE,27-FEB-2025
2025-02-03 13:34:56.069824,COALINDIA27FEB25P370,OPTSTK,9.15,4600050,9.2,9.3,1745100,5250,4200,COALINDIA,370.0,PE,27-FEB-2025
2025-02-03 13:35:02.538746,COALINDIA27FEB25P370,OPTSTK,9.15,4605300,9.1,9.2,1745100,6300,2100,COALINDIA,370.0,PE,27-FEB-2025
2025-02-03 13:35:08.860746,COALINDIA27FEB25P370,OPTSTK,9.15,4605300,9.1,9.2,1745100,6300,2100,COALINDIA,370.0,PE,27-FEB-2025
2025-02-03 13:35:15.247464,COALINDIA27FEB25P370,OPTSTK,9.15,4605300,9.1,9.2,1745100,6300,2100,COALINDIA,370.0,PE,27-FEB-2025
2025-02-03 13:35:21.700431,COALINDIA27FEB25P370,OPTSTK,9.15,4605300,9.1,9.2,1745100,6300,2100,COALINDIA,370.0,PE,27-FEB-2025
2025-02-03 13:35:28.051769,COALINDIA27FEB25P370,OPTSTK,9.15,4605300,9.1,9.2,1745100,5250,4200,COALINDIA,370.0,PE,27-FEB-2025
2025-02-03 13:35:34.355864,COALINDIA27FEB25P370,OPTSTK,9.15,4605300,9.1,9.2,1745100,5250,4200,COALINDIA,370.0,PE,27-FEB-2025
2025-02-03 13:35:40.632978,COALINDIA27FEB25P370,OPTSTK,9.1,4605300,9.1,9.2,1745100,5250,4200,COALINDIA,370.0,PE,27-FEB-2025
2025-02-03 13:35:47.053947,COALINDIA27FEB25P370,OPTSTK,9.1,4605300,9.1,9.2,1745100,5250,4200,COALINDIA,370.0,PE,27-FEB-2025
2025-02-03 13:35:53.409147,COALINDIA27FEB25P370,OPTSTK,9.1,4605300,9.1,9.2,1745100,5250,4200,COALINDIA,370.0,PE,27-FEB-2025
2025-02-03 13:35:59.713466,COALINDIA27FEB25P370,OPTSTK,9.05,4608450,9.0,9.1,1745100,4200,5250,COALINDIA,370.0,PE,27-FEB-2025
2025-02-03 13:36:06.069166,COALINDIA27FEB25P370,OPTSTK,9.15,4608450,9.0,9.1,1745100,4200,5250,COALINDIA,370.0,PE,27-FEB-2025
2025-02-03 13:36:12.482074,COALINDIA27FEB25P370,OPTSTK,9.1,4608450,9.0,9.1,1745100,4200,5250,COALINDIA,370.0,PE,27-FEB-2025
2025-02-03 13:36:18.926472,COALINDIA27FEB25P370,OPTSTK,9.1,4608450,9.0,9.1,1745100,4200,5250,COALINDIA,370.0,PE,27-FEB-2025
2025-02-03 13:36:25.244098,COALINDIA27FEB25P370,OPTSTK,9.1,4608450,9.0,9.1,1745100,4200,5250,COALINDIA,370.0,PE,27-FEB-2025
2025-02-03 13:36:31.641257,COALINDIA27FEB25P370,OPTSTK,9.1,4612650,9.0,9.1,1745100,4200,2100,COALINDIA,370.0,PE,27-FEB-2025
2025-02-03 13:36:37.993028,COALINDIA27FEB25P370,OPTSTK,9.1,4612650,9.0,9.1,1745100,4200,2100,COALINDIA,370.0,PE,27-FEB-2025
2025-02-03 13:36:44.299454,COALINDIA27FEB25P370,OPTSTK,9.1,4612650,9.0,9.1,1745100,4200,2100,COALINDIA,370.0,PE,27-FEB-2025
2025-02-03 13:36:50.650866,COALINDIA27FEB25P370,OPTSTK,9.1,4612650,9.0,9.1,1745100,4200,2100,COALINDIA,370.0,PE,27-FEB-2025
2025-02-03 13:36:56.869086,COALINDIA27FEB25P370,OPTSTK,9.1,4612650,9.1,9.2,1745100,5250,4200,COALINDIA,370.0,PE,27-FEB-2025
2025-02-03 13:37:03.290320,COALINDIA27FEB25P370,OPTSTK,9.1,4612650,9.1,9.2,1745100,5250,4200,COALINDIA,370.0,PE,27-FEB-2025
2025-02-03 13:37:09.572748,COALINDIA27FEB25P370,OPTSTK,9.1,4612650,9.1,9.2,1745100,5250,4200,COALINDIA,370.0,PE,27-FEB-2025
2025-02-03 13:37:15.849105,COALINDIA27FEB25P370,OPTSTK,9.1,4612650,9.1,9.2,1745100,5250,4200,COALINDIA,370.0,PE,27-FEB-2025
2025-02-03 13:37:22.269099,COALINDIA27FEB25P370,OPTSTK,9.1,4612650,9.15,9.25,1745100,6300,1050,COALINDIA,370.0,PE,27-FEB-2025
2025-02-03 13:37:28.508410,COALINDIA27FEB25P370,OPTSTK,9.1,4612650,9.15,9.25,1745100,6300,1050,COALINDIA,370.0,PE,27-FEB-2025
2025-02-03 13:37:34.739856,COALINDIA27FEB25P370,OPTSTK,9.1,4612650,9.15,9.25,1745100,6300,1050,COALINDIA,370.0,PE,27-FEB-2025
2025-02-03 13:37:41.022193,COALINDIA27FEB25P370,OPTSTK,9.1,4612650,9.15,9.25,1745100,6300,1050,COALINDIA,370.0,PE,27-FEB-2025
2025-02-03 13:37:47.293923,COALINDIA27FEB25P370,OPTSTK,9.1,4612650,9.15,9.25,1745100,6300,1050,COALINDIA,370.0,PE,27-FEB-2025
2025-02-03 13:37:53.702605,COALINDIA27FEB25P370,OPTSTK,9.25,4612650,9.2,9.3,1741950,4200,3150,COALINDIA,370.0,PE,27-FEB-2025
2025-02-03 13:38:00.082619,COALINDIA27FEB25P370,OPTSTK,9.25,4612650,9.2,9.3,1741950,4200,3150,COALINDIA,370.0,PE,27-FEB-2025
2025-02-03 13:38:06.423651,COALINDIA27FEB25P370,OPTSTK,9.3,4612650,9.2,9.3,1741950,4200,3150,COALINDIA,370.0,PE,27-FEB-2025
2025-02-03 13:38:12.871353,COALINDIA27FEB25P370,OPTSTK,9.3,4612650,9.2,9.3,1741950,4200,3150,COALINDIA,370.0,PE,27-FEB-2025
2025-02-03 13:38:19.139078,COALINDIA27FEB25P370,OPTSTK,9.3,4615800,9.2,9.3,1741950,5250,3150,COALINDIA,370.0,PE,27-FEB-2025
2025-02-03 13:38:25.385056,COALINDIA27FEB25P370,OPTSTK,9.3,4615800,9.2,9.3,1741950,5250,3150,COALINDIA,370.0,PE,27-FEB-2025
2025-02-03 13:38:31.869549,COALINDIA27FEB25P370,OPTSTK,9.3,4615800,9.2,9.3,1741950,5250,3150,COALINDIA,370.0,PE,27-FEB-2025
2025-02-03 13:38:38.246110,COALINDIA27FEB25P370,OPTSTK,9.3,4615800,9.2,9.3,1741950,5250,3150,COALINDIA,370.0,PE,27-FEB-2025
2025-02-03 13:38:44.616826,COALINDIA27FEB25P370,OPTSTK,9.3,4615800,9.2,9.3,1741950,5250,3150,COALINDIA,370.0,PE,27-FEB-2025
2025-02-03 13:38:50.965497,COALINDIA27FEB25P370,OPTSTK,9.3,4615800,9.25,9.35,1741950,6300,3150,COALINDIA,370.0,PE,27-FEB-2025
2025-02-03 13:38:57.374829,COALINDIA27FEB25P370,OPTSTK,9.3,4615800,9.25,9.35,1741950,6300,3150,COALINDIA,370.0,PE,27-FEB-2025
2025-02-03 13:39:03.749054,COALINDIA27FEB25P370,OPTSTK,9.3,4615800,9.25,9.35,1741950,6300,3150,COALINDIA,370.0,PE,27-FEB-2025
2025-02-03 13:39:10.287048,COALINDIA27FEB25P370,OPTSTK,9.3,4615800,9.25,9.35,1741950,6300,3150,COALINDIA,370.0,PE,27-FEB-2025
2025-02-03 13:39:16.663125,COALINDIA27FEB25P370,OPTSTK,9.3,4615800,9.25,9.35,1741950,5250,3150,COALINDIA,370.0,PE,27-FEB-2025
2025-02-03 13:39:23.190593,COALINDIA27FEB25P370,OPTSTK,9.3,4615800,9.25,9.35,1741950,5250,3150,COALINDIA,370.0,PE,27-FEB-2025
2025-02-03 13:39:29.579070,COALINDIA27FEB25P370,OPTSTK,9.3,4615800,9.25,9.35,1741950,5250,3150,COALINDIA,370.0,PE,27-FEB-2025
2025-02-03 13:39:35.742607,COALINDIA27FEB25P370,OPTSTK,9.3,4615800,9.25,9.35,1741950,5250,3150,COALINDIA,370.0,PE,27-FEB-2025
2025-02-03 13:39:41.914067,COALINDIA27FEB25P370,OPTSTK,9.3,4615800,9.2,9.3,1741950,3150,4200,COALINDIA,370.0,PE,27-FEB-2025
2025-02-03 13:39:48.261605,COALINDIA27FEB25P370,OPTSTK,9.3,4615800,9.2,9.3,1741950,3150,4200,COALINDIA,370.0,PE,27-FEB-2025
2025-02-03 13:39:54.583904,COALINDIA27FEB25P370,OPTSTK,9.3,4615800,9.2,9.3,1741950,3150,4200,COALINDIA,370.0,PE,27-FEB-2025
2025-02-03 13:40:00.908780,COALINDIA27FEB25P370,OPTSTK,9.3,4615800,9.2,9.3,1741950,3150,4200,COALINDIA,370.0,PE,27-FEB-2025
2025-02-03 13:40:07.244180,COALINDIA27FEB25P370,OPTSTK,9.3,4615800,9.2,9.3,1741950,3150,4200,COALINDIA,370.0,PE,27-FEB-2025
2025-02-03 13:40:13.620991,COALINDIA27FEB25P370,OPTSTK,9.3,4615800,9.05,9.15,1741950,2100,4200,COALINDIA,370.0,PE,27-FEB-2025
2025-02-03 13:40:22.978843,COALINDIA27FEB25P370,OPTSTK,9.3,4615800,9.05,9.15,1741950,2100,4200,COALINDIA,370.0,PE,27-FEB-2025
2025-02-03 13:40:30.999431,COALINDIA27FEB25P370,OPTSTK,9.3,4615800,9.05,9.15,1741950,2100,4200,COALINDIA,370.0,PE,27-FEB-2025
2025-02-03 13:40:37.608657,COALINDIA27FEB25P370,OPTSTK,9.3,4615800,9.05,9.15,1741950,2100,4200,COALINDIA,370.0,PE,27-FEB-2025
2025-02-03 13:40:44.003231,COALINDIA27FEB25P370,OPTSTK,9.3,4615800,9.15,9.25,1741950,1050,4200,COALINDIA,370.0,PE,27-FEB-2025
2025-02-03 13:40:50.527353,COALINDIA27FEB25P370,OPTSTK,9.3,4615800,9.15,9.25,1741950,1050,4200,COALINDIA,370.0,PE,27-FEB-2025
2025-02-03 13:40:56.827175,COALINDIA27FEB25P370,OPTSTK,9.1,4615800,9.15,9.25,1744050,1050,4200,COALINDIA,370.0,PE,27-FEB-2025
2025-02-03 13:41:03.280140,COALINDIA27FEB25P370,OPTSTK,9.1,4615800,9.15,9.25,1744050,1050,4200,COALINDIA,370.0,PE,27-FEB-2025
2025-02-03 13:41:09.791663,COALINDIA27FEB25P370,OPTSTK,9.1,4617900,9.05,9.15,1744050,5250,1050,COALINDIA,370.0,PE,27-FEB-2025
2025-02-03 13:41:16.361517,COALINDIA27FEB25P370,OPTSTK,9.1,4617900,9.05,9.15,1744050,5250,1050,COALINDIA,370.0,PE,27-FEB-2025
2025-02-03 13:41:22.728350,COALINDIA27FEB25P370,OPTSTK,9.1,4617900,9.05,9.15,1744050,5250,1050,COALINDIA,370.0,PE,27-FEB-2025
2025-02-03 13:41:29.129600,COALINDIA27FEB25P370,OPTSTK,9.1,4617900,9.05,9.15,1744050,5250,1050,COALINDIA,370.0,PE,27-FEB-2025
2025-02-03 13:41:35.774764,COALINDIA27FEB25P370,OPTSTK,9.1,4617900,9.0,9.1,1744050,2100,3150,COALINDIA,370.0,PE,27-FEB-2025
2025-02-03 13:41:42.260726,COALINDIA27FEB25P370,OPTSTK,9.1,4617900,9.0,9.1,1744050,2100,3150,COALINDIA,370.0,PE,27-FEB-2025
2025-02-03 13:41:48.694064,COALINDIA27FEB25P370,OPTSTK,8.95,4617900,9.0,9.1,1744050,2100,3150,COALINDIA,370.0,PE,27-FEB-2025
2025-02-03 13:41:55.134784,COALINDIA27FEB25P370,OPTSTK,8.95,4617900,9.0,9.1,1744050,2100,3150,COALINDIA,370.0,PE,27-FEB-2025
2025-02-03 13:42:01.706268,COALINDIA27FEB25P370,OPTSTK,8.95,4617900,9.0,9.1,1744050,2100,3150,COALINDIA,370.0,PE,27-FEB-2025
2025-02-03 13:42:08.135313,COALINDIA27FEB25P370,OPTSTK,8.95,4624200,8.9,8.95,1744050,6300,1050,COALINDIA,370.0,PE,27-FEB-2025
2025-02-03 13:42:14.631053,COALINDIA27FEB25P370,OPTSTK,8.9,4624200,8.9,8.95,1744050,6300,1050,COALINDIA,370.0,PE,27-FEB-2025
2025-02-03 13:42:20.950351,COALINDIA27FEB25P370,OPTSTK,8.95,4624200,8.9,8.95,1744050,6300,1050,COALINDIA,370.0,PE,27-FEB-2025
2025-02-03 13:42:27.527588,COALINDIA27FEB25P370,OPTSTK,8.95,4624200,8.9,8.95,1744050,6300,1050,COALINDIA,370.0,PE,27-FEB-2025
2025-02-03 13:42:34.313046,COALINDIA27FEB25P370,OPTSTK,8.95,4631550,8.9,9.0,1744050,5250,3150,COALINDIA,370.0,PE,27-FEB-2025
2025-02-03 13:42:40.849557,COALINDIA27FEB25P370,OPTSTK,8.95,4631550,8.9,9.0,1744050,5250,3150,COALINDIA,370.0,PE,27-FEB-2025
2025-02-03 13:42:47.516875,COALINDIA27FEB25P370,OPTSTK,8.95,4631550,8.9,9.0,1744050,5250,3150,COALINDIA,370.0,PE,27-FEB-2025
2025-02-03 13:42:53.957091,COALINDIA27FEB25P370,OPTSTK,8.95,4631550,8.9,9.0,1744050,5250,3150,COALINDIA,370.0,PE,27-FEB-2025
2025-02-03 13:43:00.371546,COALINDIA27FEB25P370,OPTSTK,8.95,4632600,8.9,9.0,1744050,3150,4200,COALINDIA,370.0,PE,27-FEB-2025
2025-02-03 13:43:06.802858,COALINDIA27FEB25P370,OPTSTK,8.95,4632600,8.9,9.0,1744050,3150,4200,COALINDIA,370.0,PE,27-FEB-2025
2025-02-03 13:43:13.141390,COALINDIA27FEB25P370,OPTSTK,8.95,4632600,8.9,9.0,1744050,3150,4200,COALINDIA,370.0,PE,27-FEB-2025
2025-02-03 13:43:19.738011,COALINDIA27FEB25P370,OPTSTK,8.95,4632600,8.9,9.0,1744050,3150,4200,COALINDIA,370.0,PE,27-FEB-2025
2025-02-03 13:43:26.112298,COALINDIA27FEB25P370,OPTSTK,8.95,4632600,8.9,9.0,1744050,3150,4200,COALINDIA,370.0,PE,27-FEB-2025
2025-02-03 13:43:32.570289,COALINDIA27FEB25P370,OPTSTK,8.95,4634700,8.9,9.0,1744050,2100,5250,COALINDIA,370.0,PE,27-FEB-2025
2025-02-03 13:43:39.042248,COALINDIA27FEB25P370,OPTSTK,8.95,4634700,8.9,9.0,1744050,2100,5250,COALINDIA,370.0,PE,27-FEB-2025
2025-02-03 13:43:45.673878,COALINDIA27FEB25P370,OPTSTK,8.95,4634700,8.9,9.0,1744050,2100,5250,COALINDIA,370.0,PE,27-FEB-2025
2025-02-03 13:43:52.046364,COALINDIA27FEB25P370,OPTSTK,8.95,4634700,8.9,9.0,1744050,2100,5250,COALINDIA,370.0,PE,27-FEB-2025
2025-02-03 13:43:58.664684,COALINDIA27FEB25P370,OPTSTK,8.95,4634700,9.0,9.1,1744050,2100,4200,COALINDIA,370.0,PE,27-FEB-2025
2025-02-03 13:44:05.106813,COALINDIA27FEB25P370,OPTSTK,8.95,4634700,9.0,9.1,1744050,2100,4200,COALINDIA,370.0,PE,27-FEB-2025
2025-02-03 13:44:11.514649,COALINDIA27FEB25P370,OPTSTK,8.95,4634700,9.0,9.1,1744050,2100,4200,COALINDIA,370.0,PE,27-FEB-2025
2025-02-03 13:44:17.858176,COALINDIA27FEB25P370,OPTSTK,8.95,4634700,9.0,9.1,1744050,2100,4200,COALINDIA,370.0,PE,27-FEB-2025
2025-02-03 13:44:24.216071,COALINDIA27FEB25P370,OPTSTK,8.95,4634700,9.0,9.1,1744050,3150,3150,COALINDIA,370.0,PE,27-FEB-2025
2025-02-03 13:44:30.590624,COALINDIA27FEB25P370,OPTSTK,8.95,4634700,9.0,9.1,1744050,3150,3150,COALINDIA,370.0,PE,27-FEB-2025
2025-02-03 13:44:37.003797,COALINDIA27FEB25P370,OPTSTK,8.95,4634700,9.0,9.1,1744050,3150,3150,COALINDIA,370.0,PE,27-FEB-2025
2025-02-03 13:44:43.690580,COALINDIA27FEB25P370,OPTSTK,8.95,4634700,9.0,9.1,1744050,3150,3150,COALINDIA,370.0,PE,27-FEB-2025
2025-02-03 13:44:50.570522,COALINDIA27FEB25P370,OPTSTK,8.95,4634700,9.0,9.1,1744050,4200,2100,COALINDIA,370.0,PE,27-FEB-2025
2025-02-03 13:44:56.863615,COALINDIA27FEB25P370,OPTSTK,8.95,4634700,9.0,9.1,1744050,4200,2100,COALINDIA,370.0,PE,27-FEB-2025
2025-02-03 13:45:03.512921,COALINDIA27FEB25P370,OPTSTK,8.95,4634700,9.0,9.1,1744050,4200,2100,COALINDIA,370.0,PE,27-FEB-2025
2025-02-03 13:45:09.969216,COALINDIA27FEB25P370,OPTSTK,8.95,4634700,9.0,9.1,1744050,4200,2100,COALINDIA,370.0,PE,27-FEB-2025
2025-02-03 13:45:17.931817,COALINDIA27FEB25P370,OPTSTK,8.95,4634700,9.0,9.1,1744050,4200,2100,COALINDIA,370.0,PE,27-FEB-2025
2025-02-03 13:45:24.236705,COALINDIA27FEB25P370,OPTSTK,8.95,4634700,8.9,9.0,1744050,5250,2100,COALINDIA,370.0,PE,27-FEB-2025
2025-02-03 13:45:30.698340,COALINDIA27FEB25P370,OPTSTK,8.95,4634700,8.9,9.0,1744050,5250,2100,COALINDIA,370.0,PE,27-FEB-2025
2025-02-03 13:45:37.168483,COALINDIA27FEB25P370,OPTSTK,8.95,4634700,8.9,9.0,1756650,5250,2100,COALINDIA,370.0,PE,27-FEB-2025
2025-02-03 13:45:43.574498,COALINDIA27FEB25P370,OPTSTK,8.95,4634700,8.9,9.0,1756650,5250,2100,COALINDIA,370.0,PE,27-FEB-2025
2025-02-03 13:45:50.171044,COALINDIA27FEB25P370,OPTSTK,8.9,4639950,8.9,9.0,1756650,5250,4200,COALINDIA,370.0,PE,27-FEB-2025
2025-02-03 13:45:58.158653,COALINDIA27FEB25P370,OPTSTK,8.9,4639950,8.9,9.0,1756650,5250,4200,COALINDIA,370.0,PE,27-FEB-2025
2025-02-03 13:46:04.803411,COALINDIA27FEB25P370,OPTSTK,9.0,4639950,8.9,9.0,1756650,5250,4200,COALINDIA,370.0,PE,27-FEB-2025
2025-02-03 13:46:11.517452,COALINDIA27FEB25P370,OPTSTK,9.0,4639950,8.9,9.0,1756650,5250,4200,COALINDIA,370.0,PE,27-FEB-2025
2025-02-03 13:46:18.200862,COALINDIA27FEB25P370,OPTSTK,9.0,4642050,9.0,9.1,1756650,10500,1050,COALINDIA,370.0,PE,27-FEB-2025
2025-02-03 13:46:26.032605,COALINDIA27FEB25P370,OPTSTK,9.05,4642050,9.0,9.1,1755600,10500,1050,COALINDIA,370.0,PE,27-FEB-2025
2025-02-03 13:46:32.542317,COALINDIA27FEB25P370,OPTSTK,9.1,4642050,9.0,9.1,1755600,10500,1050,COALINDIA,370.0,PE,27-FEB-2025
2025-02-03 13:46:39.482012,COALINDIA27FEB25P370,OPTSTK,9.1,4642050,9.0,9.1,1755600,10500,1050,COALINDIA,370.0,PE,27-FEB-2025
2025-02-03 13:46:46.318643,COALINDIA27FEB25P370,OPTSTK,9.1,4644150,9.0,9.1,1755600,3150,3150,COALINDIA,370.0,PE,27-FEB-2025
2025-02-03 13:46:53.249638,COALINDIA27FEB25P370,OPTSTK,9.1,4644150,9.0,9.1,1755600,3150,3150,COALINDIA,370.0,PE,27-FEB-2025
2025-02-03 13:46:59.964463,COALINDIA27FEB25P370,OPTSTK,9.1,4644150,9.0,9.1,1755600,3150,3150,COALINDIA,370.0,PE,27-FEB-2025
2025-02-03 13:47:06.688596,COALINDIA27FEB25P370,OPTSTK,9.1,4644150,9.0,9.1,1755600,3150,3150,COALINDIA,370.0,PE,27-FEB-2025
2025-02-03 13:47:14.768233,COALINDIA27FEB25P370,OPTSTK,9.1,4644150,9.0,9.1,1755600,1050,4200,COALINDIA,370.0,PE,27-FEB-2025
2025-02-03 13:47:21.306336,COALINDIA27FEB25P370,OPTSTK,9.0,4644150,9.0,9.1,1755600,1050,4200,COALINDIA,370.0,PE,27-FEB-2025
2025-02-03 13:47:27.812968,COALINDIA27FEB25P370,OPTSTK,9.0,4644150,9.0,9.1,1755600,1050,4200,COALINDIA,370.0,PE,27-FEB-2025
2025-02-03 13:47:34.259052,COALINDIA27FEB25P370,OPTSTK,8.9,4644150,9.0,9.1,1755600,1050,4200,COALINDIA,370.0,PE,27-FEB-2025
2025-02-03 13:47:40.977297,COALINDIA27FEB25P370,OPTSTK,8.9,4644150,9.0,9.1,1755600,1050,4200,COALINDIA,370.0,PE,27-FEB-2025
2025-02-03 13:47:47.443259,COALINDIA27FEB25P370,OPTSTK,8.9,4647300,8.9,9.0,1755600,5250,4200,COALINDIA,370.0,PE,27-FEB-2025
2025-02-03 13:47:53.879440,COALINDIA27FEB25P370,OPTSTK,8.9,4647300,8.9,9.0,1755600,5250,4200,COALINDIA,370.0,PE,27-FEB-2025
2025-02-03 13:48:00.442756,COALINDIA27FEB25P370,OPTSTK,8.9,4647300,8.9,9.0,1755600,5250,4200,COALINDIA,370.0,PE,27-FEB-2025
2025-02-03 13:48:07.953000,COALINDIA27FEB25P370,OPTSTK,8.95,4647300,8.9,9.0,1755600,5250,4200,COALINDIA,370.0,PE,27-FEB-2025
2025-02-03 13:48:14.714984,COALINDIA27FEB25P370,OPTSTK,8.95,4649400,8.9,9.0,1755600,6300,2100,COALINDIA,370.0,PE,27-FEB-2025
2025-02-03 13:48:21.162985,COALINDIA27FEB25P370,OPTSTK,8.95,4649400,8.9,9.0,1755600,6300,2100,COALINDIA,370.0,PE,27-FEB-2025
2025-02-03 13:48:27.753542,COALINDIA27FEB25P370,OPTSTK,8.95,4649400,8.9,9.0,1755600,6300,2100,COALINDIA,370.0,PE,27-FEB-2025
2025-02-03 13:48:34.187952,COALINDIA27FEB25P370,OPTSTK,8.95,4649400,8.9,9.0,1755600,6300,2100,COALINDIA,370.0,PE,27-FEB-2025
2025-02-03 13:48:40.583121,COALINDIA27FEB25P370,OPTSTK,8.95,4649400,8.95,9.05,1755600,6300,2100,COALINDIA,370.0,PE,27-FEB-2025
2025-02-03 13:48:46.905128,COALINDIA27FEB25P370,OPTSTK,8.95,4649400,8.95,9.05,1755600,6300,2100,COALINDIA,370.0,PE,27-FEB-2025
2025-02-03 13:48:53.263084,COALINDIA27FEB25P370,OPTSTK,8.95,4649400,8.95,9.05,1755600,6300,2100,COALINDIA,370.0,PE,27-FEB-2025
2025-02-03 13:49:00.066771,COALINDIA27FEB25P370,OPTSTK,8.95,4649400,8.95,9.05,1755600,6300,2100,COALINDIA,370.0,PE,27-FEB-2025
2025-02-03 13:49:06.631628,COALINDIA27FEB25P370,OPTSTK,8.95,4649400,9.05,9.15,1755600,1050,6300,COALINDIA,370.0,PE,27-FEB-2025
2025-02-03 13:49:13.132532,COALINDIA27FEB25P370,OPTSTK,8.95,4649400,9.05,9.15,1755600,1050,6300,COALINDIA,370.0,PE,27-FEB-2025
2025-02-03 13:49:19.680965,COALINDIA27FEB25P370,OPTSTK,8.95,4649400,9.05,9.15,1755600,1050,6300,COALINDIA,370.0,PE,27-FEB-2025
2025-02-03 13:49:26.096485,COALINDIA27FEB25P370,OPTSTK,8.95,4649400,9.05,9.15,1755600,1050,6300,COALINDIA,370.0,PE,27-FEB-2025
2025-02-03 13:49:32.613917,COALINDIA27FEB25P370,OPTSTK,8.95,4649400,9.05,9.15,1755600,1050,6300,COALINDIA,370.0,PE,27-FEB-2025
2025-02-03 13:49:38.938541,COALINDIA27FEB25P370,OPTSTK,8.95,4649400,9.0,9.1,1755600,6300,2100,COALINDIA,370.0,PE,27-FEB-2025
2025-02-03 13:49:45.467946,COALINDIA27FEB25P370,OPTSTK,8.95,4649400,9.0,9.1,1755600,6300,2100,COALINDIA,370.0,PE,27-FEB-2025
2025-02-03 13:49:52.105453,COALINDIA27FEB25P370,OPTSTK,8.95,4649400,9.0,9.1,1755600,6300,2100,COALINDIA,370.0,PE,27-FEB-2025
2025-02-03 13:49:58.793089,COALINDIA27FEB25P370,OPTSTK,8.95,4649400,9.0,9.1,1755600,6300,2100,COALINDIA,370.0,PE,27-FEB-2025
2025-02-03 13:50:06.008356,COALINDIA27FEB25P370,OPTSTK,8.95,4649400,9.05,9.15,1755600,5250,2100,COALINDIA,370.0,PE,27-FEB-2025
2025-02-03 13:50:12.716542,COALINDIA27FEB25P370,OPTSTK,8.95,4649400,9.05,9.15,1755600,5250,2100,COALINDIA,370.0,PE,27-FEB-2025
2025-02-03 13:50:19.313889,COALINDIA27FEB25P370,OPTSTK,8.95,4649400,9.05,9.15,1755600,5250,2100,COALINDIA,370.0,PE,27-FEB-2025
2025-02-03 13:50:25.840513,COALINDIA27FEB25P370,OPTSTK,8.95,4649400,9.05,9.15,1755600,5250,2100,COALINDIA,370.0,PE,27-FEB-2025
2025-02-03 13:50:32.608774,COALINDIA27FEB25P370,OPTSTK,8.95,4649400,9.15,9.25,1755600,4200,3150,COALINDIA,370.0,PE,27-FEB-2025
2025-02-03 13:50:39.047779,COALINDIA27FEB25P370,OPTSTK,8.95,4649400,9.15,9.25,1755600,4200,3150,COALINDIA,370.0,PE,27-FEB-2025
2025-02-03 13:50:45.474854,COALINDIA27FEB25P370,OPTSTK,8.95,4649400,9.15,9.25,1755600,4200,3150,COALINDIA,370.0,PE,27-FEB-2025
2025-02-03 13:50:52.057491,COALINDIA27FEB25P370,OPTSTK,8.95,4649400,9.15,9.25,1755600,4200,3150,COALINDIA,370.0,PE,27-FEB-2025
2025-02-03 13:50:58.766945,COALINDIA27FEB25P370,OPTSTK,8.95,4649400,9.15,9.25,1755600,3150,2100,COALINDIA,370.0,PE,27-FEB-2025
2025-02-03 13:51:05.475633,COALINDIA27FEB25P370,OPTSTK,8.95,4649400,9.15,9.25,1755600,3150,2100,COALINDIA,370.0,PE,27-FEB-2025
2025-02-03 13:51:12.028660,COALINDIA27FEB25P370,OPTSTK,9.3,4649400,9.15,9.25,1754550,3150,2100,COALINDIA,370.0,PE,27-FEB-2025
2025-02-03 13:51:18.680980,COALINDIA27FEB25P370,OPTSTK,9.3,4649400,9.15,9.25,1754550,3150,2100,COALINDIA,370.0,PE,27-FEB-2025
2025-02-03 13:51:25.013071,COALINDIA27FEB25P370,OPTSTK,9.3,4649400,9.15,9.25,1754550,3150,2100,COALINDIA,370.0,PE,27-FEB-2025
2025-02-03 13:51:31.453217,COALINDIA27FEB25P370,OPTSTK,9.3,4651500,9.3,9.4,1754550,5250,2100,COALINDIA,370.0,PE,27-FEB-2025
2025-02-03 13:51:37.905607,COALINDIA27FEB25P370,OPTSTK,9.35,4651500,9.3,9.4,1754550,5250,2100,COALINDIA,370.0,PE,27-FEB-2025
2025-02-03 13:51:44.238989,COALINDIA27FEB25P370,OPTSTK,9.35,4651500,9.3,9.4,1754550,5250,2100,COALINDIA,370.0,PE,27-FEB-2025
2025-02-03 13:51:50.507746,COALINDIA27FEB25P370,OPTSTK,9.35,4651500,9.3,9.4,1754550,5250,2100,COALINDIA,370.0,PE,27-FEB-2025
2025-02-03 13:51:56.883606,COALINDIA27FEB25P370,OPTSTK,9.35,4651500,9.3,9.4,1754550,5250,2100,COALINDIA,370.0,PE,27-FEB-2025
2025-02-03 13:52:05.658859,COALINDIA27FEB25P370,OPTSTK,9.35,4653600,9.4,9.5,1754550,2100,3150,COALINDIA,370.0,PE,27-FEB-2025
2025-02-03 13:52:12.339100,COALINDIA27FEB25P370,OPTSTK,9.65,4653600,9.4,9.5,1754550,2100,3150,COALINDIA,370.0,PE,27-FEB-2025
2025-02-03 13:52:18.727638,COALINDIA27FEB25P370,OPTSTK,9.65,4653600,9.4,9.5,1754550,2100,3150,COALINDIA,370.0,PE,27-FEB-2025
2025-02-03 13:52:25.431496,COALINDIA27FEB25P370,OPTSTK,9.65,4653600,9.4,9.5,1754550,2100,3150,COALINDIA,370.0,PE,27-FEB-2025
2025-02-03 13:52:31.797705,COALINDIA27FEB25P370,OPTSTK,9.65,4653600,9.4,9.5,1748250,2100,3150,COALINDIA,370.0,PE,27-FEB-2025
2025-02-03 13:52:38.631916,COALINDIA27FEB25P370,OPTSTK,9.65,4659900,9.65,9.75,1748250,1050,9450,COALINDIA,370.0,PE,27-FEB-2025
2025-02-03 13:52:45.626909,COALINDIA27FEB25P370,OPTSTK,9.65,4659900,9.65,9.75,1748250,1050,9450,COALINDIA,370.0,PE,27-FEB-2025
2025-02-03 13:52:52.108407,COALINDIA27FEB25P370,OPTSTK,9.65,4659900,9.65,9.75,1748250,1050,9450,COALINDIA,370.0,PE,27-FEB-2025
2025-02-03 13:52:58.568033,COALINDIA27FEB25P370,OPTSTK,9.65,4659900,9.65,9.75,1748250,1050,9450,COALINDIA,370.0,PE,27-FEB-2025
2025-02-03 13:53:06.110086,COALINDIA27FEB25P370,OPTSTK,9.65,4659900,9.65,9.75,1748250,1050,9450,COALINDIA,370.0,PE,27-FEB-2025
2025-02-03 13:53:12.712244,COALINDIA27FEB25P370,OPTSTK,9.65,4660950,9.6,9.7,1748250,5250,3150,COALINDIA,370.0,PE,27-FEB-2025
2025-02-03 13:53:19.190664,COALINDIA27FEB25P370,OPTSTK,9.65,4660950,9.6,9.7,1748250,5250,3150,COALINDIA,370.0,PE,27-FEB-2025
2025-02-03 13:53:25.799296,COALINDIA27FEB25P370,OPTSTK,9.65,4660950,9.6,9.7,1748250,5250,3150,COALINDIA,370.0,PE,27-FEB-2025
2025-02-03 13:53:32.366190,COALINDIA27FEB25P370,OPTSTK,9.65,4660950,9.6,9.7,1748250,5250,3150,COALINDIA,370.0,PE,27-FEB-2025
2025-02-03 13:53:39.803627,COALINDIA27FEB25P370,OPTSTK,9.7,4663050,9.65,9.75,1748250,8400,3150,COALINDIA,370.0,PE,27-FEB-2025
2025-02-03 13:53:46.119007,COALINDIA27FEB25P370,OPTSTK,9.65,4663050,9.65,9.75,1748250,8400,3150,COALINDIA,370.0,PE,27-FEB-2025
2025-02-03 13:53:52.602231,COALINDIA27FEB25P370,OPTSTK,9.65,4663050,9.65,9.75,1748250,8400,3150,COALINDIA,370.0,PE,27-FEB-2025
2025-02-03 13:53:59.164859,COALINDIA27FEB25P370,OPTSTK,9.65,4663050,9.65,9.75,1748250,8400,3150,COALINDIA,370.0,PE,27-FEB-2025
2025-02-03 13:54:05.588259,COALINDIA27FEB25P370,OPTSTK,9.65,4663050,9.65,9.75,1748250,8400,3150,COALINDIA,370.0,PE,27-FEB-2025
2025-02-03 13:54:11.915353,COALINDIA27FEB25P370,OPTSTK,9.65,4668300,9.65,9.75,1748250,6300,3150,COALINDIA,370.0,PE,27-FEB-2025
2025-02-03 13:54:18.182617,COALINDIA27FEB25P370,OPTSTK,9.65,4668300,9.65,9.75,1748250,6300,3150,COALINDIA,370.0,PE,27-FEB-2025
2025-02-03 13:54:24.742683,COALINDIA27FEB25P370,OPTSTK,9.65,4668300,9.65,9.75,1748250,6300,3150,COALINDIA,370.0,PE,27-FEB-2025
2025-02-03 13:54:31.128176,COALINDIA27FEB25P370,OPTSTK,9.65,4668300,9.65,9.75,1748250,6300,3150,COALINDIA,370.0,PE,27-FEB-2025
2025-02-03 13:54:37.682295,COALINDIA27FEB25P370,OPTSTK,9.75,4668300,9.65,9.75,1748250,6300,3150,COALINDIA,370.0,PE,27-FEB-2025
2025-02-03 13:54:44.263125,COALINDIA27FEB25P370,OPTSTK,9.75,4669350,9.7,9.8,1748250,5250,3150,COALINDIA,370.0,PE,27-FEB-2025
2025-02-03 13:54:52.055760,COALINDIA27FEB25P370,OPTSTK,9.75,4669350,9.7,9.8,1748250,5250,3150,COALINDIA,370.0,PE,27-FEB-2025
2025-02-03 13:54:58.494626,COALINDIA27FEB25P370,OPTSTK,9.75,4669350,9.7,9.8,1748250,5250,3150,COALINDIA,370.0,PE,27-FEB-2025
2025-02-03 13:55:05.157237,COALINDIA27FEB25P370,OPTSTK,9.8,4669350,9.7,9.8,1748250,5250,3150,COALINDIA,370.0,PE,27-FEB-2025
2025-02-03 13:55:11.705489,COALINDIA27FEB25P370,OPTSTK,9.8,4671450,9.7,9.8,1748250,5250,1050,COALINDIA,370.0,PE,27-FEB-2025
2025-02-03 13:55:18.321954,COALINDIA27FEB25P370,OPTSTK,9.8,4671450,9.7,9.8,1748250,5250,1050,COALINDIA,370.0,PE,27-FEB-2025
2025-02-03 13:55:25.077898,COALINDIA27FEB25P370,OPTSTK,9.8,4671450,9.7,9.8,1750350,5250,1050,COALINDIA,370.0,PE,27-FEB-2025
2025-02-03 13:55:31.584060,COALINDIA27FEB25P370,OPTSTK,9.8,4671450,9.7,9.8,1750350,5250,1050,COALINDIA,370.0,PE,27-FEB-2025
2025-02-03 13:55:37.933230,COALINDIA27FEB25P370,OPTSTK,9.8,4672500,9.7,9.8,1750350,3150,5250,COALINDIA,370.0,PE,27-FEB-2025
2025-02-03 13:55:44.444472,COALINDIA27FEB25P370,OPTSTK,9.8,4672500,9.7,9.8,1750350,3150,5250,COALINDIA,370.0,PE,27-FEB-2025
2025-02-03 13:55:50.997841,COALINDIA27FEB25P370,OPTSTK,9.8,4672500,9.7,9.8,1750350,3150,5250,COALINDIA,370.0,PE,27-FEB-2025
2025-02-03 13:55:57.323705,COALINDIA27FEB25P370,OPTSTK,9.8,4672500,9.7,9.8,1750350,3150,5250,COALINDIA,370.0,PE,27-FEB-2025
2025-02-03 13:56:03.670876,COALINDIA27FEB25P370,OPTSTK,9.8,4672500,9.7,9.8,1750350,3150,5250,COALINDIA,370.0,PE,27-FEB-2025
2025-02-03 13:56:10.035541,COALINDIA27FEB25P370,OPTSTK,9.8,4672500,9.7,9.8,1750350,5250,2100,COALINDIA,370.0,PE,27-FEB-2025
2025-02-03 13:56:16.489619,COALINDIA27FEB25P370,OPTSTK,9.8,4672500,9.7,9.8,1750350,5250,2100,COALINDIA,370.0,PE,27-FEB-2025
2025-02-03 13:56:23.061060,COALINDIA27FEB25P370,OPTSTK,9.7,4672500,9.7,9.8,1750350,5250,2100,COALINDIA,370.0,PE,27-FEB-2025
2025-02-03 13:56:29.656241,COALINDIA27FEB25P370,OPTSTK,9.75,4672500,9.7,9.8,1750350,5250,2100,COALINDIA,370.0,PE,27-FEB-2025
2025-02-03 13:56:36.146184,COALINDIA27FEB25P370,OPTSTK,9.75,4681950,9.7,9.8,1750350,1050,7350,COALINDIA,370.0,PE,27-FEB-2025
2025-02-03 13:56:42.414459,COALINDIA27FEB25P370,OPTSTK,9.75,4681950,9.7,9.8,1750350,1050,7350,COALINDIA,370.0,PE,27-FEB-2025
2025-02-03 13:56:49.001142,COALINDIA27FEB25P370,OPTSTK,9.75,4681950,9.7,9.8,1750350,1050,7350,COALINDIA,370.0,PE,27-FEB-2025
2025-02-03 13:56:55.417925,COALINDIA27FEB25P370,OPTSTK,9.75,4681950,9.7,9.8,1750350,1050,7350,COALINDIA,370.0,PE,27-FEB-2025
2025-02-03 13:57:01.895863,COALINDIA27FEB25P370,OPTSTK,9.75,4681950,9.7,9.8,1750350,1050,7350,COALINDIA,370.0,PE,27-FEB-2025
2025-02-03 13:57:08.295504,COALINDIA27FEB25P370,OPTSTK,9.75,4681950,9.65,9.75,1750350,4200,2100,COALINDIA,370.0,PE,27-FEB-2025
2025-02-03 13:57:14.867053,COALINDIA27FEB25P370,OPTSTK,9.75,4681950,9.65,9.75,1750350,4200,2100,COALINDIA,370.0,PE,27-FEB-2025
2025-02-03 13:57:21.623502,COALINDIA27FEB25P370,OPTSTK,9.7,4681950,9.65,9.75,1750350,4200,2100,COALINDIA,370.0,PE,27-FEB-2025
2025-02-03 13:57:28.448309,COALINDIA27FEB25P370,OPTSTK,9.7,4681950,9.65,9.75,1750350,4200,2100,COALINDIA,370.0,PE,27-FEB-2025
2025-02-03 13:57:35.167733,COALINDIA27FEB25P370,OPTSTK,9.7,4685100,9.65,9.75,1750350,3150,9450,COALINDIA,370.0,PE,27-FEB-2025
2025-02-03 13:57:41.562968,COALINDIA27FEB25P370,OPTSTK,9.7,4685100,9.65,9.75,1750350,3150,9450,COALINDIA,370.0,PE,27-FEB-2025
2025-02-03 13:57:47.913130,COALINDIA27FEB25P370,OPTSTK,9.7,4685100,9.65,9.75,1750350,3150,9450,COALINDIA,370.0,PE,27-FEB-2025
2025-02-03 13:57:54.236629,COALINDIA27FEB25P370,OPTSTK,9.7,4685100,9.65,9.75,1750350,3150,9450,COALINDIA,370.0,PE,27-FEB-2025
2025-02-03 13:58:00.975598,COALINDIA27FEB25P370,OPTSTK,9.7,4686150,9.7,9.8,1750350,4200,1050,COALINDIA,370.0,PE,27-FEB-2025
2025-02-03 13:58:07.459084,COALINDIA27FEB25P370,OPTSTK,9.7,4686150,9.7,9.8,1750350,4200,1050,COALINDIA,370.0,PE,27-FEB-2025
2025-02-03 13:58:13.913687,COALINDIA27FEB25P370,OPTSTK,9.8,4686150,9.7,9.8,1750350,4200,1050,COALINDIA,370.0,PE,27-FEB-2025
2025-02-03 13:58:20.754105,COALINDIA27FEB25P370,OPTSTK,9.8,4686150,9.7,9.8,1750350,4200,1050,COALINDIA,370.0,PE,27-FEB-2025
2025-02-03 13:58:27.813381,COALINDIA27FEB25P370,OPTSTK,9.8,4686150,9.7,9.8,1750350,4200,1050,COALINDIA,370.0,PE,27-FEB-2025
2025-02-03 13:58:34.980802,COALINDIA27FEB25P370,OPTSTK,9.8,4687200,9.65,9.75,1750350,4200,4200,COALINDIA,370.0,PE,27-FEB-2025
2025-02-03 13:58:41.619495,COALINDIA27FEB25P370,OPTSTK,9.8,4687200,9.65,9.75,1750350,4200,4200,COALINDIA,370.0,PE,27-FEB-2025
2025-02-03 13:58:48.358217,COALINDIA27FEB25P370,OPTSTK,9.8,4687200,9.65,9.75,1750350,4200,4200,COALINDIA,370.0,PE,27-FEB-2025
2025-02-03 13:58:55.759453,COALINDIA27FEB25P370,OPTSTK,9.8,4687200,9.65,9.75,1750350,4200,4200,COALINDIA,370.0,PE,27-FEB-2025
2025-02-03 13:59:02.256535,COALINDIA27FEB25P370,OPTSTK,9.8,4687200,9.65,9.8,1750350,6300,7350,COALINDIA,370.0,PE,27-FEB-2025
2025-02-03 13:59:08.629692,COALINDIA27FEB25P370,OPTSTK,9.8,4687200,9.65,9.8,1750350,6300,7350,COALINDIA,370.0,PE,27-FEB-2025
2025-02-03 13:59:15.075411,COALINDIA27FEB25P370,OPTSTK,9.8,4687200,9.65,9.8,1750350,6300,7350,COALINDIA,370.0,PE,27-FEB-2025
2025-02-03 13:59:21.601381,COALINDIA27FEB25P370,OPTSTK,9.8,4687200,9.65,9.8,1750350,6300,7350,COALINDIA,370.0,PE,27-FEB-2025
2025-02-03 13:59:28.134271,COALINDIA27FEB25P370,OPTSTK,9.8,4687200,9.65,9.75,1750350,3150,4200,COALINDIA,370.0,PE,27-FEB-2025
2025-02-03 13:59:34.374057,COALINDIA27FEB25P370,OPTSTK,9.8,4687200,9.65,9.75,1750350,3150,4200,COALINDIA,370.0,PE,27-FEB-2025
2025-02-03 13:59:41.866116,COALINDIA27FEB25P370,OPTSTK,9.8,4687200,9.65,9.75,1750350,3150,4200,COALINDIA,370.0,PE,27-FEB-2025
2025-02-03 13:59:48.470644,COALINDIA27FEB25P370,OPTSTK,9.8,4687200,9.65,9.75,1750350,3150,4200,COALINDIA,370.0,PE,27-FEB-2025
2025-02-03 13:59:55.116339,COALINDIA27FEB25P370,OPTSTK,9.8,4687200,9.6,9.7,1750350,3150,2100,COALINDIA,370.0,PE,27-FEB-2025
2025-02-03 14:00:01.675797,COALINDIA27FEB25P370,OPTSTK,9.8,4687200,9.6,9.7,1750350,3150,2100,COALINDIA,370.0,PE,27-FEB-2025
2025-02-03 14:00:08.215353,COALINDIA27FEB25P370,OPTSTK,9.6,4687200,9.6,9.7,1760850,3150,2100,COALINDIA,370.0,PE,27-FEB-2025
2025-02-03 14:00:14.761357,COALINDIA27FEB25P370,OPTSTK,9.6,4687200,9.6,9.7,1760850,3150,2100,COALINDIA,370.0,PE,27-FEB-2025
2025-02-03 14:00:21.295572,COALINDIA27FEB25P370,OPTSTK,9.6,4689300,9.6,9.7,1760850,2100,4200,COALINDIA,370.0,PE,27-FEB-2025
2025-02-03 14:00:28.675177,COALINDIA27FEB25P370,OPTSTK,9.6,4689300,9.6,9.7,1760850,2100,4200,COALINDIA,370.0,PE,27-FEB-2025
2025-02-03 14:00:35.121548,COALINDIA27FEB25P370,OPTSTK,9.6,4689300,9.6,9.7,1760850,2100,4200,COALINDIA,370.0,PE,27-FEB-2025
2025-02-03 14:00:41.899339,COALINDIA27FEB25P370,OPTSTK,9.6,4689300,9.6,9.7,1760850,2100,4200,COALINDIA,370.0,PE,27-FEB-2025
2025-02-03 14:00:49.354826,COALINDIA27FEB25P370,OPTSTK,9.6,4689300,9.55,9.7,1760850,7350,6300,COALINDIA,370.0,PE,27-FEB-2025
2025-02-03 14:00:58.386711,COALINDIA27FEB25P370,OPTSTK,9.6,4689300,9.55,9.7,1760850,7350,6300,COALINDIA,370.0,PE,27-FEB-2025
2025-02-03 14:01:04.871270,COALINDIA27FEB25P370,OPTSTK,9.6,4689300,9.55,9.7,1760850,7350,6300,COALINDIA,370.0,PE,27-FEB-2025
2025-02-03 14:01:11.340441,COALINDIA27FEB25P370,OPTSTK,9.6,4689300,9.55,9.7,1760850,7350,6300,COALINDIA,370.0,PE,27-FEB-2025
2025-02-03 14:01:18.219650,COALINDIA27FEB25P370,OPTSTK,9.6,4689300,9.55,9.65,1760850,2100,6300,COALINDIA,370.0,PE,27-FEB-2025
2025-02-03 14:01:24.859078,COALINDIA27FEB25P370,OPTSTK,9.6,4689300,9.55,9.65,1760850,2100,6300,COALINDIA,370.0,PE,27-FEB-2025
2025-02-03 14:01:31.673951,COALINDIA27FEB25P370,OPTSTK,9.6,4689300,9.55,9.65,1760850,2100,6300,COALINDIA,370.0,PE,27-FEB-2025
2025-02-03 14:01:38.377523,COALINDIA27FEB25P370,OPTSTK,9.6,4689300,9.55,9.65,1760850,2100,6300,COALINDIA,370.0,PE,27-FEB-2025
2025-02-03 14:01:45.904814,COALINDIA27FEB25P370,OPTSTK,9.6,4689300,9.55,9.65,1760850,2100,5250,COALINDIA,370.0,PE,27-FEB-2025
2025-02-03 14:01:52.605048,COALINDIA27FEB25P370,OPTSTK,9.6,4689300,9.55,9.65,1760850,2100,5250,COALINDIA,370.0,PE,27-FEB-2025
2025-02-03 14:01:59.266513,COALINDIA27FEB25P370,OPTSTK,9.6,4689300,9.55,9.65,1760850,2100,5250,COALINDIA,370.0,PE,27-FEB-2025
2025-02-03 14:02:05.719748,COALINDIA27FEB25P370,OPTSTK,9.6,4689300,9.55,9.65,1760850,2100,5250,COALINDIA,370.0,PE,27-FEB-2025
2025-02-03 14:02:12.348743,COALINDIA27FEB25P370,OPTSTK,9.6,4689300,9.55,9.7,1760850,7350,4200,COALINDIA,370.0,PE,27-FEB-2025
2025-02-03 14:02:19.240349,COALINDIA27FEB25P370,OPTSTK,9.6,4689300,9.55,9.7,1760850,7350,4200,COALINDIA,370.0,PE,27-FEB-2025
2025-02-03 14:02:26.015319,COALINDIA27FEB25P370,OPTSTK,9.6,4689300,9.55,9.7,1760850,7350,4200,COALINDIA,370.0,PE,27-FEB-2025
2025-02-03 14:02:32.663208,COALINDIA27FEB25P370,OPTSTK,9.6,4689300,9.55,9.7,1760850,7350,4200,COALINDIA,370.0,PE,27-FEB-2025
2025-02-03 14:02:39.233274,COALINDIA27FEB25P370,OPTSTK,9.6,4689300,9.55,9.7,1760850,7350,4200,COALINDIA,370.0,PE,27-FEB-2025
2025-02-03 14:02:45.881364,COALINDIA27FEB25P370,OPTSTK,9.6,4689300,9.55,9.65,1760850,2100,3150,COALINDIA,370.0,PE,27-FEB-2025
2025-02-03 14:02:52.636977,COALINDIA27FEB25P370,OPTSTK,9.5,4689300,9.55,9.65,1758750,2100,3150,COALINDIA,370.0,PE,27-FEB-2025
2025-02-03 14:02:59.164504,COALINDIA27FEB25P370,OPTSTK,9.5,4689300,9.55,9.65,1758750,2100,3150,COALINDIA,370.0,PE,27-FEB-2025
2025-02-03 14:03:05.878869,COALINDIA27FEB25P370,OPTSTK,9.5,4689300,9.55,9.65,1758750,2100,3150,COALINDIA,370.0,PE,27-FEB-2025
2025-02-03 14:03:12.454041,COALINDIA27FEB25P370,OPTSTK,9.45,4691400,9.45,9.55,1758750,3150,1050,COALINDIA,370.0,PE,27-FEB-2025
2025-02-03 14:03:18.928286,COALINDIA27FEB25P370,OPTSTK,9.45,4691400,9.45,9.55,1758750,3150,1050,COALINDIA,370.0,PE,27-FEB-2025
2025-02-03 14:03:25.587884,COALINDIA27FEB25P370,OPTSTK,9.45,4691400,9.45,9.55,1758750,3150,1050,COALINDIA,370.0,PE,27-FEB-2025
2025-02-03 14:03:32.233786,COALINDIA27FEB25P370,OPTSTK,9.45,4691400,9.45,9.55,1758750,3150,1050,COALINDIA,370.0,PE,27-FEB-2025
2025-02-03 14:03:39.041334,COALINDIA27FEB25P370,OPTSTK,9.45,4691400,9.45,9.55,1758750,1050,8400,COALINDIA,370.0,PE,27-FEB-2025
2025-02-03 14:03:45.661838,COALINDIA27FEB25P370,OPTSTK,9.45,4691400,9.45,9.55,1758750,1050,8400,COALINDIA,370.0,PE,27-FEB-2025
2025-02-03 14:03:52.159108,COALINDIA27FEB25P370,OPTSTK,9.55,4691400,9.45,9.55,1758750,1050,8400,COALINDIA,370.0,PE,27-FEB-2025
2025-02-03 14:03:59.225473,COALINDIA27FEB25P370,OPTSTK,9.55,4691400,9.45,9.55,1758750,1050,8400,COALINDIA,370.0,PE,27-FEB-2025
2025-02-03 14:04:05.835888,COALINDIA27FEB25P370,OPTSTK,9.55,4693500,9.5,9.65,1758750,7350,5250,COALINDIA,370.0,PE,27-FEB-2025
2025-02-03 14:04:12.338726,COALINDIA27FEB25P370,OPTSTK,9.55,4693500,9.5,9.65,1758750,7350,5250,COALINDIA,370.0,PE,27-FEB-2025
2025-02-03 14:04:19.207225,COALINDIA27FEB25P370,OPTSTK,9.55,4693500,9.5,9.65,1758750,7350,5250,COALINDIA,370.0,PE,27-FEB-2025
2025-02-03 14:04:25.818358,COALINDIA27FEB25P370,OPTSTK,9.55,4693500,9.5,9.65,1758750,7350,5250,COALINDIA,370.0,PE,27-FEB-2025
2025-02-03 14:04:32.498318,COALINDIA27FEB25P370,OPTSTK,9.55,4693500,9.5,9.65,1758750,7350,5250,COALINDIA,370.0,PE,27-FEB-2025
2025-02-03 14:04:38.912220,COALINDIA27FEB25P370,OPTSTK,9.55,4693500,9.5,9.55,1758750,3150,1050,COALINDIA,370.0,PE,27-FEB-2025
2025-02-03 14:04:45.396933,COALINDIA27FEB25P370,OPTSTK,9.45,4693500,9.5,9.55,1759800,3150,1050,COALINDIA,370.0,PE,27-FEB-2025
2025-02-03 14:04:52.285241,COALINDIA27FEB25P370,OPTSTK,9.45,4693500,9.5,9.55,1759800,3150,1050,COALINDIA,370.0,PE,27-FEB-2025
2025-02-03 14:04:58.935353,COALINDIA27FEB25P370,OPTSTK,9.45,4693500,9.5,9.55,1759800,3150,1050,COALINDIA,370.0,PE,27-FEB-2025
2025-02-03 14:05:05.606740,COALINDIA27FEB25P370,OPTSTK,9.45,4699800,9.4,9.5,1759800,5250,3150,COALINDIA,370.0,PE,27-FEB-2025
2025-02-03 14:05:12.188737,COALINDIA27FEB25P370,OPTSTK,9.45,4699800,9.4,9.5,1759800,5250,3150,COALINDIA,370.0,PE,27-FEB-2025
2025-02-03 14:05:18.568047,COALINDIA27FEB25P370,OPTSTK,9.45,4699800,9.4,9.5,1759800,5250,3150,COALINDIA,370.0,PE,27-FEB-2025
2025-02-03 14:05:24.917560,COALINDIA27FEB25P370,OPTSTK,9.4,4699800,9.4,9.5,1759800,5250,3150,COALINDIA,370.0,PE,27-FEB-2025
2025-02-03 14:05:31.521283,COALINDIA27FEB25P370,OPTSTK,9.4,4700850,9.35,9.45,1759800,3150,3150,COALINDIA,370.0,PE,27-FEB-2025
2025-02-03 14:05:38.062273,COALINDIA27FEB25P370,OPTSTK,9.4,4700850,9.35,9.45,1759800,3150,3150,COALINDIA,370.0,PE,27-FEB-2025
2025-02-03 14:05:44.928848,COALINDIA27FEB25P370,OPTSTK,9.4,4700850,9.35,9.45,1759800,3150,3150,COALINDIA,370.0,PE,27-FEB-2025
2025-02-03 14:05:51.699318,COALINDIA27FEB25P370,OPTSTK,9.4,4700850,9.35,9.45,1759800,3150,3150,COALINDIA,370.0,PE,27-FEB-2025
2025-02-03 14:05:58.531886,COALINDIA27FEB25P370,OPTSTK,9.45,4700850,9.3,9.4,1759800,7350,3150,COALINDIA,370.0,PE,27-FEB-2025
2025-02-03 14:06:05.527342,COALINDIA27FEB25P370,OPTSTK,9.45,4700850,9.3,9.4,1759800,7350,3150,COALINDIA,370.0,PE,27-FEB-2025
2025-02-03 14:06:12.188012,COALINDIA27FEB25P370,OPTSTK,9.45,4700850,9.3,9.4,1759800,7350,3150,COALINDIA,370.0,PE,27-FEB-2025
2025-02-03 14:06:18.626014,COALINDIA27FEB25P370,OPTSTK,9.45,4700850,9.3,9.4,1759800,7350,3150,COALINDIA,370.0,PE,27-FEB-2025
2025-02-03 14:06:25.113023,COALINDIA27FEB25P370,OPTSTK,9.45,4708200,9.4,9.5,1759800,3150,5250,COALINDIA,370.0,PE,27-FEB-2025
2025-02-03 14:06:31.722145,COALINDIA27FEB25P370,OPTSTK,9.45,4708200,9.4,9.5,1759800,3150,5250,COALINDIA,370.0,PE,27-FEB-2025
2025-02-03 14:06:38.339126,COALINDIA27FEB25P370,OPTSTK,9.45,4708200,9.4,9.5,1759800,3150,5250,COALINDIA,370.0,PE,27-FEB-2025
2025-02-03 14:06:44.873106,COALINDIA27FEB25P370,OPTSTK,9.45,4708200,9.4,9.5,1759800,3150,5250,COALINDIA,370.0,PE,27-FEB-2025
2025-02-03 14:06:51.527902,COALINDIA27FEB25P370,OPTSTK,9.45,4708200,9.4,9.5,1759800,3150,5250,COALINDIA,370.0,PE,27-FEB-2025
2025-02-03 14:06:58.129772,COALINDIA27FEB25P370,OPTSTK,9.4,4712400,9.35,9.45,1759800,1050,8400,COALINDIA,370.0,PE,27-FEB-2025
2025-02-03 14:07:05.070753,COALINDIA27FEB25P370,OPTSTK,9.4,4712400,9.35,9.45,1759800,1050,8400,COALINDIA,370.0,PE,27-FEB-2025
2025-02-03 14:07:11.973269,COALINDIA27FEB25P370,OPTSTK,9.4,4712400,9.35,9.45,1759800,1050,8400,COALINDIA,370.0,PE,27-FEB-2025
2025-02-03 14:07:18.907353,COALINDIA27FEB25P370,OPTSTK,9.4,4712400,9.35,9.45,1759800,1050,8400,COALINDIA,370.0,PE,27-FEB-2025
2025-02-03 14:07:27.047797,COALINDIA27FEB25P370,OPTSTK,9.4,4712400,9.35,9.45,1759800,1050,8400,COALINDIA,370.0,PE,27-FEB-2025
2025-02-03 14:07:33.603165,COALINDIA27FEB25P370,OPTSTK,9.4,4712400,9.35,9.45,1759800,1050,8400,COALINDIA,370.0,PE,27-FEB-2025
2025-02-03 14:07:40.195306,COALINDIA27FEB25P370,OPTSTK,9.4,4712400,9.35,9.45,1759800,1050,8400,COALINDIA,370.0,PE,27-FEB-2025
2025-02-03 14:07:46.848182,COALINDIA27FEB25P370,OPTSTK,9.4,4712400,9.35,9.45,1759800,1050,8400,COALINDIA,370.0,PE,27-FEB-2025
2025-02-03 14:07:53.366852,COALINDIA27FEB25P370,OPTSTK,9.4,4712400,9.25,9.35,1759800,4200,7350,COALINDIA,370.0,PE,27-FEB-2025
2025-02-03 14:07:59.915704,COALINDIA27FEB25P370,OPTSTK,9.4,4712400,9.25,9.35,1759800,4200,7350,COALINDIA,370.0,PE,27-FEB-2025
2025-02-03 14:08:06.339235,COALINDIA27FEB25P370,OPTSTK,9.4,4712400,9.25,9.35,1759800,4200,7350,COALINDIA,370.0,PE,27-FEB-2025
2025-02-03 14:08:12.970806,COALINDIA27FEB25P370,OPTSTK,9.4,4712400,9.25,9.35,1759800,4200,7350,COALINDIA,370.0,PE,27-FEB-2025
2025-02-03 14:08:19.349097,COALINDIA27FEB25P370,OPTSTK,9.4,4712400,9.25,9.35,1759800,4200,7350,COALINDIA,370.0,PE,27-FEB-2025
2025-02-03 14:08:25.757041,COALINDIA27FEB25P370,OPTSTK,9.4,4712400,9.3,9.4,1759800,3150,6300,COALINDIA,370.0,PE,27-FEB-2025
2025-02-03 14:08:32.420137,COALINDIA27FEB25P370,OPTSTK,9.4,4712400,9.3,9.4,1759800,3150,6300,COALINDIA,370.0,PE,27-FEB-2025
2025-02-03 14:08:38.956554,COALINDIA27FEB25P370,OPTSTK,9.4,4712400,9.3,9.4,1759800,3150,6300,COALINDIA,370.0,PE,27-FEB-2025
2025-02-03 14:08:45.581895,COALINDIA27FEB25P370,OPTSTK,9.3,4712400,9.3,9.4,1755600,3150,6300,COALINDIA,370.0,PE,27-FEB-2025
2025-02-03 14:08:52.187410,COALINDIA27FEB25P370,OPTSTK,9.3,4718700,9.25,9.35,1755600,4200,3150,COALINDIA,370.0,PE,27-FEB-2025
2025-02-03 14:08:58.745204,COALINDIA27FEB25P370,OPTSTK,9.3,4718700,9.25,9.35,1755600,4200,3150,COALINDIA,370.0,PE,27-FEB-2025
2025-02-03 14:09:05.386928,COALINDIA27FEB25P370,OPTSTK,9.3,4718700,9.25,9.35,1755600,4200,3150,COALINDIA,370.0,PE,27-FEB-2025
2025-02-03 14:09:12.174730,COALINDIA27FEB25P370,OPTSTK,9.3,4718700,9.25,9.35,1755600,4200,3150,COALINDIA,370.0,PE,27-FEB-2025
2025-02-03 14:09:18.698972,COALINDIA27FEB25P370,OPTSTK,9.3,4718700,9.35,9.4,1755600,1050,1050,COALINDIA,370.0,PE,27-FEB-2025
2025-02-03 14:09:25.333088,COALINDIA27FEB25P370,OPTSTK,9.35,4718700,9.35,9.4,1755600,1050,1050,COALINDIA,370.0,PE,27-FEB-2025
2025-02-03 14:09:31.752539,COALINDIA27FEB25P370,OPTSTK,9.35,4718700,9.35,9.4,1755600,1050,1050,COALINDIA,370.0,PE,27-FEB-2025
2025-02-03 14:09:38.517468,COALINDIA27FEB25P370,OPTSTK,9.25,4718700,9.35,9.4,1755600,1050,1050,COALINDIA,370.0,PE,27-FEB-2025
2025-02-03 14:09:45.156672,COALINDIA27FEB25P370,OPTSTK,9.25,4718700,9.35,9.4,1755600,1050,1050,COALINDIA,370.0,PE,27-FEB-2025
2025-02-03 14:09:51.629705,COALINDIA27FEB25P370,OPTSTK,9.25,4720800,9.25,9.35,1755600,3150,6300,COALINDIA,370.0,PE,27-FEB-2025
2025-02-03 14:09:58.125498,COALINDIA27FEB25P370,OPTSTK,9.25,4720800,9.25,9.35,1755600,3150,6300,COALINDIA,370.0,PE,27-FEB-2025
2025-02-03 14:10:04.641849,COALINDIA27FEB25P370,OPTSTK,9.25,4720800,9.25,9.35,1755600,3150,6300,COALINDIA,370.0,PE,27-FEB-2025
2025-02-03 14:10:11.153677,COALINDIA27FEB25P370,OPTSTK,9.25,4720800,9.25,9.35,1755600,3150,6300,COALINDIA,370.0,PE,27-FEB-2025
2025-02-03 14:10:17.622594,COALINDIA27FEB25P370,OPTSTK,9.25,4720800,9.25,9.35,1755600,6300,8400,COALINDIA,370.0,PE,27-FEB-2025
2025-02-03 14:10:24.677624,COALINDIA27FEB25P370,OPTSTK,9.25,4720800,9.25,9.35,1755600,6300,8400,COALINDIA,370.0,PE,27-FEB-2025
2025-02-03 14:10:31.148643,COALINDIA27FEB25P370,OPTSTK,9.25,4720800,9.25,9.35,1755600,6300,8400,COALINDIA,370.0,PE,27-FEB-2025
2025-02-03 14:10:37.864150,COALINDIA27FEB25P370,OPTSTK,9.25,4720800,9.25,9.35,1755600,6300,8400,COALINDIA,370.0,PE,27-FEB-2025
2025-02-03 14:10:44.499000,COALINDIA27FEB25P370,OPTSTK,9.3,4723950,9.25,9.35,1749300,5250,1050,COALINDIA,370.0,PE,27-FEB-2025
2025-02-03 14:10:51.635782,COALINDIA27FEB25P370,OPTSTK,9.3,4723950,9.25,9.35,1749300,5250,1050,COALINDIA,370.0,PE,27-FEB-2025
2025-02-03 14:10:57.989788,COALINDIA27FEB25P370,OPTSTK,9.3,4723950,9.25,9.35,1749300,5250,1050,COALINDIA,370.0,PE,27-FEB-2025
2025-02-03 14:11:04.402633,COALINDIA27FEB25P370,OPTSTK,9.3,4723950,9.25,9.35,1749300,5250,1050,COALINDIA,370.0,PE,27-FEB-2025
2025-02-03 14:11:10.919183,COALINDIA27FEB25P370,OPTSTK,9.3,4723950,9.25,9.35,1749300,5250,1050,COALINDIA,370.0,PE,27-FEB-2025
2025-02-03 14:11:17.371689,COALINDIA27FEB25P370,OPTSTK,9.3,4723950,9.25,9.35,1749300,6300,1050,COALINDIA,370.0,PE,27-FEB-2025
2025-02-03 14:11:23.722326,COALINDIA27FEB25P370,OPTSTK,9.3,4723950,9.25,9.35,1749300,6300,1050,COALINDIA,370.0,PE,27-FEB-2025
2025-02-03 14:11:30.019813,COALINDIA27FEB25P370,OPTSTK,9.3,4723950,9.25,9.35,1749300,6300,1050,COALINDIA,370.0,PE,27-FEB-2025
2025-02-03 14:11:36.373864,COALINDIA27FEB25P370,OPTSTK,9.3,4723950,9.25,9.35,1749300,6300,1050,COALINDIA,370.0,PE,27-FEB-2025
2025-02-03 14:11:42.768173,COALINDIA27FEB25P370,OPTSTK,9.3,4725000,9.25,9.35,1749300,6300,1050,COALINDIA,370.0,PE,27-FEB-2025
2025-02-03 14:11:49.117140,COALINDIA27FEB25P370,OPTSTK,9.3,4725000,9.25,9.35,1749300,6300,1050,COALINDIA,370.0,PE,27-FEB-2025
2025-02-03 14:11:55.466249,COALINDIA27FEB25P370,OPTSTK,9.25,4725000,9.25,9.35,1749300,6300,1050,COALINDIA,370.0,PE,27-FEB-2025
2025-02-03 14:12:03.265323,COALINDIA27FEB25P370,OPTSTK,9.25,4725000,9.25,9.35,1749300,6300,1050,COALINDIA,370.0,PE,27-FEB-2025
2025-02-03 14:12:09.684076,COALINDIA27FEB25P370,OPTSTK,9.2,4726050,9.2,9.3,1749300,4200,4200,COALINDIA,370.0,PE,27-FEB-2025
2025-02-03 14:12:16.213480,COALINDIA27FEB25P370,OPTSTK,9.2,4726050,9.2,9.3,1749300,4200,4200,COALINDIA,370.0,PE,27-FEB-2025
2025-02-03 14:12:22.567464,COALINDIA27FEB25P370,OPTSTK,9.2,4726050,9.2,9.3,1749300,4200,4200,COALINDIA,370.0,PE,27-FEB-2025
2025-02-03 14:12:29.126965,COALINDIA27FEB25P370,OPTSTK,9.2,4726050,9.2,9.3,1749300,4200,4200,COALINDIA,370.0,PE,27-FEB-2025
2025-02-03 14:12:35.569249,COALINDIA27FEB25P370,OPTSTK,9.2,4727100,9.15,9.25,1749300,3150,6300,COALINDIA,370.0,PE,27-FEB-2025
2025-02-03 14:12:42.019830,COALINDIA27FEB25P370,OPTSTK,9.2,4727100,9.15,9.25,1749300,3150,6300,COALINDIA,370.0,PE,27-FEB-2025
2025-02-03 14:12:48.526007,COALINDIA27FEB25P370,OPTSTK,9.2,4727100,9.15,9.25,1749300,3150,6300,COALINDIA,370.0,PE,27-FEB-2025
2025-02-03 14:12:54.832102,COALINDIA27FEB25P370,OPTSTK,9.2,4727100,9.15,9.25,1749300,3150,6300,COALINDIA,370.0,PE,27-FEB-2025
2025-02-03 14:13:01.325843,COALINDIA27FEB25P370,OPTSTK,9.2,4727100,9.15,9.25,1749300,3150,6300,COALINDIA,370.0,PE,27-FEB-2025
2025-02-03 14:13:07.600670,COALINDIA27FEB25P370,OPTSTK,9.2,4727100,9.1,9.2,1749300,7350,1050,COALINDIA,370.0,PE,27-FEB-2025
2025-02-03 14:13:14.219278,COALINDIA27FEB25P370,OPTSTK,9.2,4727100,9.1,9.2,1749300,7350,1050,COALINDIA,370.0,PE,27-FEB-2025
2025-02-03 14:13:20.576908,COALINDIA27FEB25P370,OPTSTK,9.2,4727100,9.1,9.2,1749300,7350,1050,COALINDIA,370.0,PE,27-FEB-2025
2025-02-03 14:13:26.992615,COALINDIA27FEB25P370,OPTSTK,9.2,4727100,9.1,9.2,1749300,7350,1050,COALINDIA,370.0,PE,27-FEB-2025
2025-02-03 14:13:33.469710,COALINDIA27FEB25P370,OPTSTK,9.2,4727100,9.2,9.3,1749300,4200,2100,COALINDIA,370.0,PE,27-FEB-2025
2025-02-03 14:13:40.266719,COALINDIA27FEB25P370,OPTSTK,9.2,4727100,9.2,9.3,1749300,4200,2100,COALINDIA,370.0,PE,27-FEB-2025
2025-02-03 14:13:46.807203,COALINDIA27FEB25P370,OPTSTK,9.2,4727100,9.2,9.3,1749300,4200,2100,COALINDIA,370.0,PE,27-FEB-2025
2025-02-03 14:13:53.126898,COALINDIA27FEB25P370,OPTSTK,9.2,4727100,9.2,9.3,1749300,4200,2100,COALINDIA,370.0,PE,27-FEB-2025
2025-02-03 14:13:59.590493,COALINDIA27FEB25P370,OPTSTK,9.2,4728150,9.2,9.3,1749300,5250,3150,COALINDIA,370.0,PE,27-FEB-2025
2025-02-03 14:14:06.075387,COALINDIA27FEB25P370,OPTSTK,9.2,4728150,9.2,9.3,1749300,5250,3150,COALINDIA,370.0,PE,27-FEB-2025
2025-02-03 14:14:12.288538,COALINDIA27FEB25P370,OPTSTK,9.2,4728150,9.2,9.3,1749300,5250,3150,COALINDIA,370.0,PE,27-FEB-2025
2025-02-03 14:14:18.860145,COALINDIA27FEB25P370,OPTSTK,9.2,4728150,9.2,9.3,1749300,5250,3150,COALINDIA,370.0,PE,27-FEB-2025
2025-02-03 14:14:25.137973,COALINDIA27FEB25P370,OPTSTK,9.2,4728150,9.2,9.3,1749300,5250,3150,COALINDIA,370.0,PE,27-FEB-2025
2025-02-03 14:14:31.588721,COALINDIA27FEB25P370,OPTSTK,9.2,4728150,9.2,9.3,1749300,7350,3150,COALINDIA,370.0,PE,27-FEB-2025
2025-02-03 14:14:38.194900,COALINDIA27FEB25P370,OPTSTK,9.2,4728150,9.2,9.3,1749300,7350,3150,COALINDIA,370.0,PE,27-FEB-2025
2025-02-03 14:14:44.505210,COALINDIA27FEB25P370,OPTSTK,9.2,4728150,9.2,9.3,1749300,7350,3150,COALINDIA,370.0,PE,27-FEB-2025
2025-02-03 14:14:50.896037,COALINDIA27FEB25P370,OPTSTK,9.2,4728150,9.2,9.3,1749300,7350,3150,COALINDIA,370.0,PE,27-FEB-2025
2025-02-03 14:14:56.985916,COALINDIA27FEB25P370,OPTSTK,9.2,4728150,9.2,9.3,1749300,1050,4200,COALINDIA,370.0,PE,27-FEB-2025
2025-02-03 14:15:03.324313,COALINDIA27FEB25P370,OPTSTK,9.2,4728150,9.2,9.3,1749300,1050,4200,COALINDIA,370.0,PE,27-FEB-2025
2025-02-03 14:15:09.640180,COALINDIA27FEB25P370,OPTSTK,9.2,4728150,9.2,9.3,1749300,1050,4200,COALINDIA,370.0,PE,27-FEB-2025
2025-02-03 14:15:15.996442,COALINDIA27FEB25P370,OPTSTK,9.2,4728150,9.2,9.3,1749300,1050,4200,COALINDIA,370.0,PE,27-FEB-2025
2025-02-03 14:15:22.417709,COALINDIA27FEB25P370,OPTSTK,9.2,4728150,9.15,9.25,1749300,2100,4200,COALINDIA,370.0,PE,27-FEB-2025
2025-02-03 14:15:28.813679,COALINDIA27FEB25P370,OPTSTK,9.2,4728150,9.15,9.25,1749300,2100,4200,COALINDIA,370.0,PE,27-FEB-2025
2025-02-03 14:15:35.155085,COALINDIA27FEB25P370,OPTSTK,9.05,4728150,9.15,9.25,1749300,2100,4200,COALINDIA,370.0,PE,27-FEB-2025
2025-02-03 14:15:41.530617,COALINDIA27FEB25P370,OPTSTK,9.05,4728150,9.15,9.25,1749300,2100,4200,COALINDIA,370.0,PE,27-FEB-2025
2025-02-03 14:15:47.688534,COALINDIA27FEB25P370,OPTSTK,9.0,4728150,9.15,9.25,1749300,2100,4200,COALINDIA,370.0,PE,27-FEB-2025
2025-02-03 14:15:54.032739,COALINDIA27FEB25P370,OPTSTK,9.0,4736550,8.95,9.05,1749300,1050,7350,COALINDIA,370.0,PE,27-FEB-2025
2025-02-03 14:16:00.437682,COALINDIA27FEB25P370,OPTSTK,8.9,4736550,8.95,9.05,1749300,1050,7350,COALINDIA,370.0,PE,27-FEB-2025
2025-02-03 14:16:06.904254,COALINDIA27FEB25P370,OPTSTK,8.9,4736550,8.95,9.05,1749300,1050,7350,COALINDIA,370.0,PE,27-FEB-2025
2025-02-03 14:16:13.207514,COALINDIA27FEB25P370,OPTSTK,8.9,4736550,8.95,9.05,1749300,1050,7350,COALINDIA,370.0,PE,27-FEB-2025
2025-02-03 14:16:19.746838,COALINDIA27FEB25P370,OPTSTK,8.9,4752300,8.85,8.9,1749300,2100,6300,COALINDIA,370.0,PE,27-FEB-2025
2025-02-03 14:16:26.001939,COALINDIA27FEB25P370,OPTSTK,8.9,4752300,8.85,8.9,1749300,2100,6300,COALINDIA,370.0,PE,27-FEB-2025
2025-02-03 14:16:32.358741,COALINDIA27FEB25P370,OPTSTK,8.9,4752300,8.85,8.9,1744050,2100,6300,COALINDIA,370.0,PE,27-FEB-2025
2025-02-03 14:16:38.592847,COALINDIA27FEB25P370,OPTSTK,8.9,4752300,8.85,8.9,1744050,2100,6300,COALINDIA,370.0,PE,27-FEB-2025
2025-02-03 14:16:44.806251,COALINDIA27FEB25P370,OPTSTK,8.9,4752300,8.85,8.9,1744050,2100,6300,COALINDIA,370.0,PE,27-FEB-2025
2025-02-03 14:16:51.169441,COALINDIA27FEB25P370,OPTSTK,8.9,4759650,8.85,8.95,1744050,4200,4200,COALINDIA,370.0,PE,27-FEB-2025
2025-02-03 14:16:57.602023,COALINDIA27FEB25P370,OPTSTK,8.9,4759650,8.85,8.95,1744050,4200,4200,COALINDIA,370.0,PE,27-FEB-2025
2025-02-03 14:17:03.871422,COALINDIA27FEB25P370,OPTSTK,8.9,4759650,8.85,8.95,1744050,4200,4200,COALINDIA,370.0,PE,27-FEB-2025
2025-02-03 14:17:10.220158,COALINDIA27FEB25P370,OPTSTK,8.9,4759650,8.85,8.95,1744050,4200,4200,COALINDIA,370.0,PE,27-FEB-2025
2025-02-03 14:17:16.509502,COALINDIA27FEB25P370,OPTSTK,8.9,4763850,8.9,9.0,1744050,4200,3150,COALINDIA,370.0,PE,27-FEB-2025
2025-02-03 14:17:22.869598,COALINDIA27FEB25P370,OPTSTK,8.9,4763850,8.9,9.0,1744050,4200,3150,COALINDIA,370.0,PE,27-FEB-2025
2025-02-03 14:17:29.275655,COALINDIA27FEB25P370,OPTSTK,8.9,4763850,8.9,9.0,1744050,4200,3150,COALINDIA,370.0,PE,27-FEB-2025
2025-02-03 14:17:35.676871,COALINDIA27FEB25P370,OPTSTK,8.9,4763850,8.9,9.0,1744050,4200,3150,COALINDIA,370.0,PE,27-FEB-2025
2025-02-03 14:17:41.980320,COALINDIA27FEB25P370,OPTSTK,8.9,4763850,8.9,9.0,1744050,4200,2100,COALINDIA,370.0,PE,27-FEB-2025
2025-02-03 14:17:48.309903,COALINDIA27FEB25P370,OPTSTK,8.9,4763850,8.9,9.0,1744050,4200,2100,COALINDIA,370.0,PE,27-FEB-2025
2025-02-03 14:17:54.502291,COALINDIA27FEB25P370,OPTSTK,8.9,4763850,8.9,9.0,1744050,4200,2100,COALINDIA,370.0,PE,27-FEB-2025
2025-02-03 14:18:01.061538,COALINDIA27FEB25P370,OPTSTK,8.9,4763850,8.9,9.0,1744050,4200,2100,COALINDIA,370.0,PE,27-FEB-2025
2025-02-03 14:18:07.325681,COALINDIA27FEB25P370,OPTSTK,8.9,4763850,8.9,9.0,1744050,4200,2100,COALINDIA,370.0,PE,27-FEB-2025
2025-02-03 14:18:13.787494,COALINDIA27FEB25P370,OPTSTK,8.9,4763850,8.9,9.0,1744050,4200,2100,COALINDIA,370.0,PE,27-FEB-2025
2025-02-03 14:18:20.142414,COALINDIA27FEB25P370,OPTSTK,8.9,4763850,8.9,9.0,1744050,4200,2100,COALINDIA,370.0,PE,27-FEB-2025
2025-02-03 14:18:26.469226,COALINDIA27FEB25P370,OPTSTK,8.9,4763850,8.9,9.0,1744050,4200,2100,COALINDIA,370.0,PE,27-FEB-2025
2025-02-03 14:18:33.783145,COALINDIA27FEB25P370,OPTSTK,8.9,4763850,8.9,9.0,1744050,4200,2100,COALINDIA,370.0,PE,27-FEB-2025
2025-02-03 14:18:40.065458,COALINDIA27FEB25P370,OPTSTK,8.9,4764900,8.9,9.0,1744050,5250,2100,COALINDIA,370.0,PE,27-FEB-2025
2025-02-03 14:18:46.439507,COALINDIA27FEB25P370,OPTSTK,8.9,4764900,8.9,9.0,1744050,5250,2100,COALINDIA,370.0,PE,27-FEB-2025
2025-02-03 14:18:52.796273,COALINDIA27FEB25P370,OPTSTK,8.9,4764900,8.9,9.0,1744050,5250,2100,COALINDIA,370.0,PE,27-FEB-2025
2025-02-03 14:18:59.231526,COALINDIA27FEB25P370,OPTSTK,8.9,4764900,8.9,9.0,1744050,5250,2100,COALINDIA,370.0,PE,27-FEB-2025
2025-02-03 14:19:05.563743,COALINDIA27FEB25P370,OPTSTK,8.9,4764900,8.9,9.05,1744050,5250,7350,COALINDIA,370.0,PE,27-FEB-2025
2025-02-03 14:19:11.989450,COALINDIA27FEB25P370,OPTSTK,8.9,4764900,8.9,9.05,1744050,5250,7350,COALINDIA,370.0,PE,27-FEB-2025
2025-02-03 14:19:18.352322,COALINDIA27FEB25P370,OPTSTK,8.9,4764900,8.9,9.05,1744050,5250,7350,COALINDIA,370.0,PE,27-FEB-2025
2025-02-03 14:19:25.658066,COALINDIA27FEB25P370,OPTSTK,8.9,4764900,8.9,9.05,1744050,5250,7350,COALINDIA,370.0,PE,27-FEB-2025
2025-02-03 14:19:31.892220,COALINDIA27FEB25P370,OPTSTK,8.9,4767000,8.8,8.9,1740900,6300,2100,COALINDIA,370.0,PE,27-FEB-2025
2025-02-03 14:19:38.314280,COALINDIA27FEB25P370,OPTSTK,8.8,4767000,8.8,8.9,1740900,6300,2100,COALINDIA,370.0,PE,27-FEB-2025
2025-02-03 14:19:44.691968,COALINDIA27FEB25P370,OPTSTK,8.8,4767000,8.8,8.9,1740900,6300,2100,COALINDIA,370.0,PE,27-FEB-2025
2025-02-03 14:19:51.151722,COALINDIA27FEB25P370,OPTSTK,8.8,4767000,8.8,8.9,1740900,6300,2100,COALINDIA,370.0,PE,27-FEB-2025
2025-02-03 14:19:57.480237,COALINDIA27FEB25P370,OPTSTK,8.8,4767000,8.8,8.9,1740900,6300,2100,COALINDIA,370.0,PE,27-FEB-2025
2025-02-03 14:20:03.879594,COALINDIA27FEB25P370,OPTSTK,8.8,4769100,8.8,8.9,1740900,4200,3150,COALINDIA,370.0,PE,27-FEB-2025
2025-02-03 14:20:10.204055,COALINDIA27FEB25P370,OPTSTK,8.8,4769100,8.8,8.9,1740900,4200,3150,COALINDIA,370.0,PE,27-FEB-2025
2025-02-03 14:20:16.384545,COALINDIA27FEB25P370,OPTSTK,8.8,4769100,8.8,8.9,1740900,4200,3150,COALINDIA,370.0,PE,27-FEB-2025
2025-02-03 14:20:22.806691,COALINDIA27FEB25P370,OPTSTK,8.8,4769100,8.8,8.9,1740900,4200,3150,COALINDIA,370.0,PE,27-FEB-2025
2025-02-03 14:20:29.083621,COALINDIA27FEB25P370,OPTSTK,8.8,4769100,8.8,8.9,1740900,5250,1050,COALINDIA,370.0,PE,27-FEB-2025
2025-02-03 14:20:35.574750,COALINDIA27FEB25P370,OPTSTK,8.8,4769100,8.8,8.9,1740900,5250,1050,COALINDIA,370.0,PE,27-FEB-2025
2025-02-03 14:20:41.868349,COALINDIA27FEB25P370,OPTSTK,8.8,4769100,8.8,8.9,1740900,5250,1050,COALINDIA,370.0,PE,27-FEB-2025
2025-02-03 14:20:48.393508,COALINDIA27FEB25P370,OPTSTK,8.8,4769100,8.8,8.9,1740900,5250,1050,COALINDIA,370.0,PE,27-FEB-2025
2025-02-03 14:20:54.714149,COALINDIA27FEB25P370,OPTSTK,8.8,4769100,8.8,8.9,1740900,5250,1050,COALINDIA,370.0,PE,27-FEB-2025
2025-02-03 14:21:01.140392,COALINDIA27FEB25P370,OPTSTK,8.95,4769100,8.85,8.95,1740900,4200,5250,COALINDIA,370.0,PE,27-FEB-2025
2025-02-03 14:21:07.633405,COALINDIA27FEB25P370,OPTSTK,8.95,4769100,8.85,8.95,1740900,4200,5250,COALINDIA,370.0,PE,27-FEB-2025
2025-02-03 14:21:13.900833,COALINDIA27FEB25P370,OPTSTK,9.0,4769100,8.85,8.95,1740900,4200,5250,COALINDIA,370.0,PE,27-FEB-2025
2025-02-03 14:21:20.299601,COALINDIA27FEB25P370,OPTSTK,9.0,4769100,8.85,8.95,1740900,4200,5250,COALINDIA,370.0,PE,27-FEB-2025
2025-02-03 14:21:26.698536,COALINDIA27FEB25P370,OPTSTK,8.95,4774350,8.85,8.95,1740900,3150,5250,COALINDIA,370.0,PE,27-FEB-2025
2025-02-03 14:21:33.048741,COALINDIA27FEB25P370,OPTSTK,8.95,4774350,8.85,8.95,1740900,3150,5250,COALINDIA,370.0,PE,27-FEB-2025
2025-02-03 14:21:39.378277,COALINDIA27FEB25P370,OPTSTK,8.95,4774350,8.85,8.95,1740900,3150,5250,COALINDIA,370.0,PE,27-FEB-2025
2025-02-03 14:21:45.857745,COALINDIA27FEB25P370,OPTSTK,8.95,4774350,8.85,8.95,1740900,3150,5250,COALINDIA,370.0,PE,27-FEB-2025
2025-02-03 14:21:52.196113,COALINDIA27FEB25P370,OPTSTK,8.95,4774350,8.85,8.95,1740900,3150,5250,COALINDIA,370.0,PE,27-FEB-2025
2025-02-03 14:21:58.550929,COALINDIA27FEB25P370,OPTSTK,8.95,4774350,8.85,8.95,1740900,1050,8400,COALINDIA,370.0,PE,27-FEB-2025
2025-02-03 14:22:05.008635,COALINDIA27FEB25P370,OPTSTK,8.95,4774350,8.85,8.95,1740900,1050,8400,COALINDIA,370.0,PE,27-FEB-2025
2025-02-03 14:22:11.375002,COALINDIA27FEB25P370,OPTSTK,8.95,4774350,8.85,8.95,1740900,1050,8400,COALINDIA,370.0,PE,27-FEB-2025
2025-02-03 14:22:17.759895,COALINDIA27FEB25P370,OPTSTK,8.95,4774350,8.85,8.95,1740900,1050,8400,COALINDIA,370.0,PE,27-FEB-2025
2025-02-03 14:22:24.147150,COALINDIA27FEB25P370,OPTSTK,8.95,4774350,8.85,8.95,1740900,1050,7350,COALINDIA,370.0,PE,27-FEB-2025
2025-02-03 14:22:30.616036,COALINDIA27FEB25P370,OPTSTK,8.95,4774350,8.85,8.95,1740900,1050,7350,COALINDIA,370.0,PE,27-FEB-2025
2025-02-03 14:22:36.947860,COALINDIA27FEB25P370,OPTSTK,8.85,4774350,8.85,8.95,1741950,1050,7350,COALINDIA,370.0,PE,27-FEB-2025
2025-02-03 14:22:43.227248,COALINDIA27FEB25P370,OPTSTK,8.85,4774350,8.85,8.95,1741950,1050,7350,COALINDIA,370.0,PE,27-FEB-2025
2025-02-03 14:22:49.805927,COALINDIA27FEB25P370,OPTSTK,8.85,4774350,8.85,8.95,1741950,1050,7350,COALINDIA,370.0,PE,27-FEB-2025
2025-02-03 14:22:56.094716,COALINDIA27FEB25P370,OPTSTK,8.85,4775400,8.85,8.95,1741950,2100,8400,COALINDIA,370.0,PE,27-FEB-2025
2025-02-03 14:23:02.603249,COALINDIA27FEB25P370,OPTSTK,8.85,4775400,8.85,8.95,1741950,2100,8400,COALINDIA,370.0,PE,27-FEB-2025
2025-02-03 14:23:08.774480,COALINDIA27FEB25P370,OPTSTK,8.85,4775400,8.85,8.95,1741950,2100,8400,COALINDIA,370.0,PE,27-FEB-2025
2025-02-03 14:23:16.094885,COALINDIA27FEB25P370,OPTSTK,8.85,4775400,8.85,8.95,1741950,2100,8400,COALINDIA,370.0,PE,27-FEB-2025
2025-02-03 14:23:22.556367,COALINDIA27FEB25P370,OPTSTK,8.85,4775400,8.95,9.05,1741950,6300,2100,COALINDIA,370.0,PE,27-FEB-2025
2025-02-03 14:23:28.811035,COALINDIA27FEB25P370,OPTSTK,8.85,4775400,8.95,9.05,1741950,6300,2100,COALINDIA,370.0,PE,27-FEB-2025
2025-02-03 14:23:35.232020,COALINDIA27FEB25P370,OPTSTK,8.85,4775400,8.95,9.05,1741950,6300,2100,COALINDIA,370.0,PE,27-FEB-2025
2025-02-03 14:23:41.622494,COALINDIA27FEB25P370,OPTSTK,8.85,4775400,8.95,9.05,1741950,6300,2100,COALINDIA,370.0,PE,27-FEB-2025
2025-02-03 14:23:48.077381,COALINDIA27FEB25P370,OPTSTK,8.85,4775400,8.95,9.05,1741950,6300,2100,COALINDIA,370.0,PE,27-FEB-2025
2025-02-03 14:23:54.622635,COALINDIA27FEB25P370,OPTSTK,8.85,4775400,8.85,8.95,1741950,5250,2100,COALINDIA,370.0,PE,27-FEB-2025
2025-02-03 14:24:00.974274,COALINDIA27FEB25P370,OPTSTK,8.85,4775400,8.85,8.95,1741950,5250,2100,COALINDIA,370.0,PE,27-FEB-2025
2025-02-03 14:24:07.622365,COALINDIA27FEB25P370,OPTSTK,8.85,4775400,8.85,8.95,1741950,5250,2100,COALINDIA,370.0,PE,27-FEB-2025
2025-02-03 14:24:13.816090,COALINDIA27FEB25P370,OPTSTK,8.85,4775400,8.85,8.95,1741950,5250,2100,COALINDIA,370.0,PE,27-FEB-2025
2025-02-03 14:24:20.182534,COALINDIA27FEB25P370,OPTSTK,8.85,4775400,8.85,8.95,1741950,1050,9450,COALINDIA,370.0,PE,27-FEB-2025
2025-02-03 14:24:26.450151,COALINDIA27FEB25P370,OPTSTK,8.85,4775400,8.85,8.95,1741950,1050,9450,COALINDIA,370.0,PE,27-FEB-2025
2025-02-03 14:24:32.828461,COALINDIA27FEB25P370,OPTSTK,8.85,4775400,8.85,8.95,1741950,1050,9450,COALINDIA,370.0,PE,27-FEB-2025
2025-02-03 14:24:39.417156,COALINDIA27FEB25P370,OPTSTK,8.85,4775400,8.85,8.95,1741950,1050,9450,COALINDIA,370.0,PE,27-FEB-2025
2025-02-03 14:24:45.929552,COALINDIA27FEB25P370,OPTSTK,8.85,4776450,8.75,8.85,1741950,4200,4200,COALINDIA,370.0,PE,27-FEB-2025
2025-02-03 14:24:52.386829,COALINDIA27FEB25P370,OPTSTK,8.85,4776450,8.75,8.85,1741950,4200,4200,COALINDIA,370.0,PE,27-FEB-2025
2025-02-03 14:24:58.940481,COALINDIA27FEB25P370,OPTSTK,8.85,4776450,8.75,8.85,1741950,4200,4200,COALINDIA,370.0,PE,27-FEB-2025
2025-02-03 14:25:05.504098,COALINDIA27FEB25P370,OPTSTK,8.85,4776450,8.75,8.85,1741950,4200,4200,COALINDIA,370.0,PE,27-FEB-2025
2025-02-03 14:25:11.916349,COALINDIA27FEB25P370,OPTSTK,8.85,4776450,8.75,8.85,1741950,4200,4200,COALINDIA,370.0,PE,27-FEB-2025
2025-02-03 14:25:18.345099,COALINDIA27FEB25P370,OPTSTK,8.85,4776450,8.75,8.85,1741950,5250,5250,COALINDIA,370.0,PE,27-FEB-2025
2025-02-03 14:25:24.951414,COALINDIA27FEB25P370,OPTSTK,8.85,4776450,8.75,8.85,1741950,5250,5250,COALINDIA,370.0,PE,27-FEB-2025
2025-02-03 14:25:31.313438,COALINDIA27FEB25P370,OPTSTK,8.85,4776450,8.75,8.85,1744050,5250,5250,COALINDIA,370.0,PE,27-FEB-2025
2025-02-03 14:25:37.786398,COALINDIA27FEB25P370,OPTSTK,8.85,4776450,8.75,8.85,1744050,5250,5250,COALINDIA,370.0,PE,27-FEB-2025
2025-02-03 14:25:44.199325,COALINDIA27FEB25P370,OPTSTK,8.85,4778550,8.8,8.9,1744050,1050,6300,COALINDIA,370.0,PE,27-FEB-2025
2025-02-03 14:25:50.602499,COALINDIA27FEB25P370,OPTSTK,8.85,4778550,8.8,8.9,1744050,1050,6300,COALINDIA,370.0,PE,27-FEB-2025
2025-02-03 14:25:57.141453,COALINDIA27FEB25P370,OPTSTK,8.85,4778550,8.8,8.9,1744050,1050,6300,COALINDIA,370.0,PE,27-FEB-2025
2025-02-03 14:26:03.584667,COALINDIA27FEB25P370,OPTSTK,8.85,4778550,8.8,8.9,1744050,1050,6300,COALINDIA,370.0,PE,27-FEB-2025
2025-02-03 14:26:10.062924,COALINDIA27FEB25P370,OPTSTK,8.85,4778550,8.9,9.0,1744050,2100,4200,COALINDIA,370.0,PE,27-FEB-2025
2025-02-03 14:26:16.906081,COALINDIA27FEB25P370,OPTSTK,8.85,4778550,8.9,9.0,1744050,2100,4200,COALINDIA,370.0,PE,27-FEB-2025
2025-02-03 14:26:23.433560,COALINDIA27FEB25P370,OPTSTK,8.85,4778550,8.9,9.0,1744050,2100,4200,COALINDIA,370.0,PE,27-FEB-2025
2025-02-03 14:26:29.827862,COALINDIA27FEB25P370,OPTSTK,8.85,4778550,8.9,9.0,1744050,2100,4200,COALINDIA,370.0,PE,27-FEB-2025
2025-02-03 14:26:36.256269,COALINDIA27FEB25P370,OPTSTK,8.85,4778550,8.9,9.0,1744050,2100,4200,COALINDIA,370.0,PE,27-FEB-2025
2025-02-03 14:26:42.600440,COALINDIA27FEB25P370,OPTSTK,8.85,4778550,8.95,9.05,1744050,4200,7350,COALINDIA,370.0,PE,27-FEB-2025
2025-02-03 14:26:49.095965,COALINDIA27FEB25P370,OPTSTK,8.85,4778550,8.95,9.05,1744050,4200,7350,COALINDIA,370.0,PE,27-FEB-2025
2025-02-03 14:26:55.484364,COALINDIA27FEB25P370,OPTSTK,8.85,4778550,8.95,9.05,1744050,4200,7350,COALINDIA,370.0,PE,27-FEB-2025
2025-02-03 14:27:02.018597,COALINDIA27FEB25P370,OPTSTK,8.85,4778550,8.95,9.05,1744050,4200,7350,COALINDIA,370.0,PE,27-FEB-2025
2025-02-03 14:27:08.348090,COALINDIA27FEB25P370,OPTSTK,8.85,4778550,8.9,9.0,1744050,5250,3150,COALINDIA,370.0,PE,27-FEB-2025
2025-02-03 14:27:14.496367,COALINDIA27FEB25P370,OPTSTK,8.85,4778550,8.9,9.0,1744050,5250,3150,COALINDIA,370.0,PE,27-FEB-2025
2025-02-03 14:27:20.878685,COALINDIA27FEB25P370,OPTSTK,8.85,4778550,8.9,9.0,1744050,5250,3150,COALINDIA,370.0,PE,27-FEB-2025
2025-02-03 14:27:27.355096,COALINDIA27FEB25P370,OPTSTK,8.85,4778550,8.9,9.0,1744050,5250,3150,COALINDIA,370.0,PE,27-FEB-2025
2025-02-03 14:27:33.744027,COALINDIA27FEB25P370,OPTSTK,8.85,4778550,8.9,9.0,1744050,3150,4200,COALINDIA,370.0,PE,27-FEB-2025
2025-02-03 14:27:40.052049,COALINDIA27FEB25P370,OPTSTK,8.85,4778550,8.9,9.0,1744050,3150,4200,COALINDIA,370.0,PE,27-FEB-2025
2025-02-03 14:27:46.586521,COALINDIA27FEB25P370,OPTSTK,8.85,4778550,8.9,9.0,1744050,3150,4200,COALINDIA,370.0,PE,27-FEB-2025
2025-02-03 14:27:52.826674,COALINDIA27FEB25P370,OPTSTK,8.85,4778550,8.9,9.0,1744050,3150,4200,COALINDIA,370.0,PE,27-FEB-2025
2025-02-03 14:27:59.385108,COALINDIA27FEB25P370,OPTSTK,8.85,4778550,8.9,9.0,1744050,4200,3150,COALINDIA,370.0,PE,27-FEB-2025
2025-02-03 14:28:05.768410,COALINDIA27FEB25P370,OPTSTK,8.85,4778550,8.9,9.0,1744050,4200,3150,COALINDIA,370.0,PE,27-FEB-2025
2025-02-03 14:28:12.081580,COALINDIA27FEB25P370,OPTSTK,8.9,4778550,8.9,9.0,1744050,4200,3150,COALINDIA,370.0,PE,27-FEB-2025
2025-02-03 14:28:18.557691,COALINDIA27FEB25P370,OPTSTK,8.9,4778550,8.9,9.0,1744050,4200,3150,COALINDIA,370.0,PE,27-FEB-2025
2025-02-03 14:28:24.881432,COALINDIA27FEB25P370,OPTSTK,8.8,4778550,8.9,9.0,1745100,4200,3150,COALINDIA,370.0,PE,27-FEB-2025
2025-02-03 14:28:31.138095,COALINDIA27FEB25P370,OPTSTK,8.8,4781700,8.8,8.85,1745100,2100,1050,COALINDIA,370.0,PE,27-FEB-2025
2025-02-03 14:28:37.500301,COALINDIA27FEB25P370,OPTSTK,8.8,4781700,8.8,8.85,1745100,2100,1050,COALINDIA,370.0,PE,27-FEB-2025
2025-02-03 14:28:44.043855,COALINDIA27FEB25P370,OPTSTK,8.8,4781700,8.8,8.85,1745100,2100,1050,COALINDIA,370.0,PE,27-FEB-2025
2025-02-03 14:28:50.675123,COALINDIA27FEB25P370,OPTSTK,8.8,4781700,8.8,8.85,1745100,2100,1050,COALINDIA,370.0,PE,27-FEB-2025
2025-02-03 14:28:57.089634,COALINDIA27FEB25P370,OPTSTK,8.8,4781700,8.8,8.85,1745100,5250,1050,COALINDIA,370.0,PE,27-FEB-2025
2025-02-03 14:29:03.503793,COALINDIA27FEB25P370,OPTSTK,8.8,4781700,8.8,8.85,1745100,5250,1050,COALINDIA,370.0,PE,27-FEB-2025
2025-02-03 14:29:10.020105,COALINDIA27FEB25P370,OPTSTK,8.75,4781700,8.8,8.85,1745100,5250,1050,COALINDIA,370.0,PE,27-FEB-2025
2025-02-03 14:29:17.315774,COALINDIA27FEB25P370,OPTSTK,8.8,4781700,8.8,8.85,1745100,5250,1050,COALINDIA,370.0,PE,27-FEB-2025
2025-02-03 14:29:23.654459,COALINDIA27FEB25P370,OPTSTK,8.8,4792200,8.75,8.8,1745100,1050,1050,COALINDIA,370.0,PE,27-FEB-2025
2025-02-03 14:29:30.029858,COALINDIA27FEB25P370,OPTSTK,8.8,4792200,8.75,8.8,1745100,1050,1050,COALINDIA,370.0,PE,27-FEB-2025
2025-02-03 14:29:36.349883,COALINDIA27FEB25P370,OPTSTK,8.8,4792200,8.75,8.8,1745100,1050,1050,COALINDIA,370.0,PE,27-FEB-2025
2025-02-03 14:29:42.849842,COALINDIA27FEB25P370,OPTSTK,8.8,4792200,8.75,8.8,1745100,1050,1050,COALINDIA,370.0,PE,27-FEB-2025
2025-02-03 14:29:49.296531,COALINDIA27FEB25P370,OPTSTK,8.8,4792200,8.75,8.8,1745100,1050,1050,COALINDIA,370.0,PE,27-FEB-2025
2025-02-03 14:29:55.825036,COALINDIA27FEB25P370,OPTSTK,8.8,4801650,8.75,8.85,1745100,11550,3150,COALINDIA,370.0,PE,27-FEB-2025
2025-02-03 14:30:02.294428,COALINDIA27FEB25P370,OPTSTK,8.8,4801650,8.75,8.85,1745100,11550,3150,COALINDIA,370.0,PE,27-FEB-2025
