timestamp,symbol,index_name,ltp,volume,bid,ask,oi,bid_qty,ask_qty
2025-01-29 09:29:10.266040,BANKNIFTY30JAN25F,BANKNIFTY,48884.55,107415,48884.55,48886.0,1489875,15,15
2025-01-29 09:29:11.642142,BANKNIFTY30JAN25F,BANKNIFTY,48886.0,107415,48884.55,48886.0,1489875,15,15
2025-01-29 09:29:13.129067,BANKNIFTY30JAN25F,BANKNIFTY,48885.9,107430,48880.65,48882.65,1489875,15,30
2025-01-29 09:29:14.528831,BANKNIFTY30JAN25F,BANKNIFTY,48887.5,107580,48886.0,48890.0,1489875,45,30
2025-01-29 09:29:15.894015,BANKNIFTY30JAN25F,BANKNIFTY,48882.25,107640,48882.2,48890.0,1489875,15,30
2025-01-29 09:29:17.212065,BANKNIFTY30JAN25F,BANKNIFTY,48886.0,107670,48884.15,48886.0,1489875,15,45
2025-01-29 09:29:18.532619,BANKNIFTY30JAN25F,BANKNIFTY,48885.0,107775,48884.9,48885.95,1489875,30,30
2025-01-29 09:29:19.954772,BANKNIFTY30JAN25F,BANKNIFTY,48890.0,107775,48884.9,48885.95,1489875,30,30
2025-01-29 09:29:21.298783,BANKNIFTY30JAN25F,BANKNIFTY,48893.2,108000,48890.65,48893.95,1489875,30,60
2025-01-29 09:29:22.697704,BANKNIFTY30JAN25F,BANKNIFTY,48893.95,108045,48888.2,48893.95,1489875,15,60
2025-01-29 09:29:24.005017,BANKNIFTY30JAN25F,BANKNIFTY,48888.0,108075,48887.6,48893.95,1489875,15,105
2025-01-29 09:29:25.333736,BANKNIFTY30JAN25F,BANKNIFTY,48890.15,108240,48890.45,48893.95,1489875,15,105
2025-01-29 09:29:26.918080,BANKNIFTY30JAN25F,BANKNIFTY,48890.15,108240,48889.7,48893.95,1489875,15,135
2025-01-29 09:29:28.241724,BANKNIFTY30JAN25F,BANKNIFTY,48890.55,108270,48888.2,48893.9,1489875,15,60
2025-01-29 09:29:29.589323,BANKNIFTY30JAN25F,BANKNIFTY,48889.7,108270,48888.2,48893.9,1489875,15,60
2025-01-29 09:29:30.998687,BANKNIFTY30JAN25F,BANKNIFTY,48886.0,108480,48885.4,48893.85,1489875,15,30
2025-01-29 09:29:32.297880,BANKNIFTY30JAN25F,BANKNIFTY,48886.0,108480,48887.05,48888.7,1489875,15,15
2025-01-29 09:29:33.704923,BANKNIFTY30JAN25F,BANKNIFTY,48888.7,108525,48887.0,48888.7,1489875,150,135
2025-01-29 09:29:35.110712,BANKNIFTY30JAN25F,BANKNIFTY,48888.7,108525,48888.0,48888.7,1489875,45,150
2025-01-29 09:29:36.419023,BANKNIFTY30JAN25F,BANKNIFTY,48888.0,108570,48887.0,48888.6,1489875,150,30
2025-01-29 09:29:37.833956,BANKNIFTY30JAN25F,BANKNIFTY,48888.6,108570,48887.0,48888.6,1489875,150,30
2025-01-29 09:29:39.195638,BANKNIFTY30JAN25F,BANKNIFTY,48888.6,108660,48887.15,48888.6,1489875,15,120
2025-01-29 09:29:40.538309,BANKNIFTY30JAN25F,BANKNIFTY,48893.0,108840,48892.0,48893.0,1489875,15,15
2025-01-29 09:29:41.881924,BANKNIFTY30JAN25F,BANKNIFTY,48894.0,108915,48893.05,48893.95,1489875,45,45
2025-01-29 09:29:43.220497,BANKNIFTY30JAN25F,BANKNIFTY,48892.25,108915,48893.05,48893.95,1489875,45,45
2025-01-29 09:29:44.541437,BANKNIFTY30JAN25F,BANKNIFTY,48892.25,109020,48891.25,48893.9,1489875,15,15
2025-01-29 09:29:46.091346,BANKNIFTY30JAN25F,BANKNIFTY,48892.25,109020,48891.45,48893.9,1489875,15,15
2025-01-29 09:29:47.417494,BANKNIFTY30JAN25F,BANKNIFTY,48892.25,109020,48889.05,48893.9,1489875,15,105
2025-01-29 09:29:48.797827,BANKNIFTY30JAN25F,BANKNIFTY,48890.0,109065,48890.8,48892.25,1489875,30,45
2025-01-29 09:29:50.155475,BANKNIFTY30JAN25F,BANKNIFTY,48890.3,109260,48890.95,48892.25,1489875,15,15
2025-01-29 09:29:51.627761,BANKNIFTY30JAN25F,BANKNIFTY,48892.2,109290,48891.6,48892.2,1489875,15,30
2025-01-29 09:29:53.011098,BANKNIFTY30JAN25F,BANKNIFTY,48892.2,109290,48891.6,48892.2,1489875,15,30
2025-01-29 09:29:54.408838,BANKNIFTY30JAN25F,BANKNIFTY,48892.75,109500,48894.55,48895.95,1489875,30,30
2025-01-29 09:29:55.735925,BANKNIFTY30JAN25F,BANKNIFTY,48895.15,109695,48895.05,48899.0,1489875,15,15
2025-01-29 09:29:57.377036,BANKNIFTY30JAN25F,BANKNIFTY,48895.95,109965,48895.95,48899.0,1489875,15,30
2025-01-29 09:29:58.698452,BANKNIFTY30JAN25F,BANKNIFTY,48894.95,110055,48890.1,48894.95,1489875,450,90
2025-01-29 09:30:00.057354,BANKNIFTY30JAN25F,BANKNIFTY,48894.95,110100,48890.1,48894.95,1489875,450,60
2025-01-29 09:30:01.497325,BANKNIFTY30JAN25F,BANKNIFTY,48890.1,110280,48890.1,48894.95,1489875,270,180
2025-01-29 09:30:02.886614,BANKNIFTY30JAN25F,BANKNIFTY,48885.0,110280,48890.1,48894.95,1489875,270,180
2025-01-29 09:30:04.832914,BANKNIFTY30JAN25F,BANKNIFTY,48883.85,111840,48883.8,48883.9,1489875,15,30
2025-01-29 09:30:06.422889,BANKNIFTY30JAN25F,BANKNIFTY,48883.9,112005,48883.0,48883.85,1489875,30,45
2025-01-29 09:30:08.183529,BANKNIFTY30JAN25F,BANKNIFTY,48883.85,112080,48880.25,48888.7,1489875,15,15
2025-01-29 09:30:10.174395,BANKNIFTY30JAN25F,BANKNIFTY,48883.0,112335,48880.45,48883.0,1489875,15,45
2025-01-29 09:30:11.932634,BANKNIFTY30JAN25F,BANKNIFTY,48883.0,112410,48885.5,48888.7,1489875,30,15
2025-01-29 09:30:13.330674,BANKNIFTY30JAN25F,BANKNIFTY,48885.75,112440,48887.65,48888.7,1489875,15,15
2025-01-29 09:30:14.864607,BANKNIFTY30JAN25F,BANKNIFTY,48890.0,113160,48894.75,48899.0,1489875,15,15
2025-01-29 09:30:16.234978,BANKNIFTY30JAN25F,BANKNIFTY,48900.0,113160,48894.75,48899.0,1489875,15,15
2025-01-29 09:30:17.617124,BANKNIFTY30JAN25F,BANKNIFTY,48896.3,113625,48898.95,48906.0,1489875,60,165
2025-01-29 09:30:19.402938,BANKNIFTY30JAN25F,BANKNIFTY,48895.0,113670,48890.35,48895.0,1489875,45,60
2025-01-29 09:30:20.960822,BANKNIFTY30JAN25F,BANKNIFTY,48891.0,113880,48888.7,48894.35,1489875,105,75
2025-01-29 09:30:22.328550,BANKNIFTY30JAN25F,BANKNIFTY,48880.1,114015,48880.25,48890.1,1489875,15,60
2025-01-29 09:30:23.655184,BANKNIFTY30JAN25F,BANKNIFTY,48880.1,114075,48883.3,48890.1,1489875,30,15
2025-01-29 09:30:24.989906,BANKNIFTY30JAN25F,BANKNIFTY,48891.0,114750,48890.2,48890.95,1489875,30,30
2025-01-29 09:30:26.309208,BANKNIFTY30JAN25F,BANKNIFTY,48892.55,114840,48894.0,48900.0,1489875,30,15
2025-01-29 09:30:27.666963,BANKNIFTY30JAN25F,BANKNIFTY,48894.0,114840,48894.0,48900.0,1489875,30,15
2025-01-29 09:30:28.971845,BANKNIFTY30JAN25F,BANKNIFTY,48900.0,114915,48892.55,48900.0,1489875,150,30
2025-01-29 09:30:30.285770,BANKNIFTY30JAN25F,BANKNIFTY,48900.0,114930,48892.55,48898.6,1489875,150,15
2025-01-29 09:30:31.600843,BANKNIFTY30JAN25F,BANKNIFTY,48892.55,114945,48891.95,48898.6,1489875,45,90
2025-01-29 09:30:32.919589,BANKNIFTY30JAN25F,BANKNIFTY,48895.0,115050,48895.0,48898.6,1489875,30,90
2025-01-29 09:30:34.236791,BANKNIFTY30JAN25F,BANKNIFTY,48895.0,115050,48895.0,48898.6,1489875,30,90
2025-01-29 09:30:35.567083,BANKNIFTY30JAN25F,BANKNIFTY,48890.1,115080,48890.1,48895.0,1489875,165,120
2025-01-29 09:30:36.926218,BANKNIFTY30JAN25F,BANKNIFTY,48886.7,115365,48886.15,48895.0,1489875,15,210
2025-01-29 09:30:38.253819,BANKNIFTY30JAN25F,BANKNIFTY,48887.95,115545,48887.55,48888.4,1489875,15,30
2025-01-29 09:30:39.583203,BANKNIFTY30JAN25F,BANKNIFTY,48886.9,115725,48887.4,48892.55,1489875,15,120
2025-01-29 09:30:40.903780,BANKNIFTY30JAN25F,BANKNIFTY,48888.4,115725,48887.4,48892.55,1489875,15,120
2025-01-29 09:30:42.237470,BANKNIFTY30JAN25F,BANKNIFTY,48892.55,115800,48889.6,48892.55,1489875,105,75
2025-01-29 09:30:43.578284,BANKNIFTY30JAN25F,BANKNIFTY,48900.0,115920,48898.6,48900.0,1489875,15,15
2025-01-29 09:30:44.919894,BANKNIFTY30JAN25F,BANKNIFTY,48900.0,115935,48890.05,48895.1,1489875,15,15
2025-01-29 09:30:46.280258,BANKNIFTY30JAN25F,BANKNIFTY,48895.1,116025,48893.1,48895.1,1489875,30,45
2025-01-29 09:30:47.617078,BANKNIFTY30JAN25F,BANKNIFTY,48898.0,116025,48893.1,48895.1,1489875,30,45
2025-01-29 09:30:48.946725,BANKNIFTY30JAN25F,BANKNIFTY,48888.4,119445,48888.4,48890.0,1489875,1770,195
2025-01-29 09:30:50.274374,BANKNIFTY30JAN25F,BANKNIFTY,48890.0,120390,48889.45,48890.0,1489875,90,195
2025-01-29 09:30:51.634910,BANKNIFTY30JAN25F,BANKNIFTY,48889.15,120630,48889.4,48889.95,1489875,15,15
2025-01-29 09:30:52.943838,BANKNIFTY30JAN25F,BANKNIFTY,48889.95,120660,48890.1,48898.0,1489875,75,270
2025-01-29 09:30:54.259379,BANKNIFTY30JAN25F,BANKNIFTY,48890.1,120660,48890.1,48898.0,1489875,75,270
2025-01-29 09:30:55.583472,BANKNIFTY30JAN25F,BANKNIFTY,48890.3,120690,48890.1,48897.95,1489875,15,15
2025-01-29 09:30:56.928539,BANKNIFTY30JAN25F,BANKNIFTY,48890.3,120705,48891.65,48897.9,1489875,60,15
2025-01-29 09:30:58.251139,BANKNIFTY30JAN25F,BANKNIFTY,48890.3,120705,48893.8,48897.0,1489875,15,30
2025-01-29 09:30:59.568713,BANKNIFTY30JAN25F,BANKNIFTY,48897.9,120765,48894.15,48897.0,1489875,15,90
2025-01-29 09:31:00.886549,BANKNIFTY30JAN25F,BANKNIFTY,48897.05,120765,48894.15,48897.0,1489875,15,90
2025-01-29 09:31:02.211430,BANKNIFTY30JAN25F,BANKNIFTY,48898.0,120915,48895.4,48897.0,1489875,15,15
2025-01-29 09:31:03.543345,BANKNIFTY30JAN25F,BANKNIFTY,48898.0,121035,48890.45,48898.0,1489875,15,165
2025-01-29 09:31:04.901540,BANKNIFTY30JAN25F,BANKNIFTY,48898.0,121035,48890.3,48898.0,1489875,15,165
2025-01-29 09:31:06.207176,BANKNIFTY30JAN25F,BANKNIFTY,48898.0,121080,48891.7,48898.0,1489875,15,120
2025-01-29 09:31:07.539806,BANKNIFTY30JAN25F,BANKNIFTY,48898.0,121080,48891.7,48898.0,1489875,15,120
2025-01-29 09:31:08.929757,BANKNIFTY30JAN25F,BANKNIFTY,48898.0,121080,48890.3,48898.0,1489875,15,120
2025-01-29 09:31:10.263536,BANKNIFTY30JAN25F,BANKNIFTY,48890.95,121080,48892.4,48898.0,1483125,15,135
2025-01-29 09:31:11.599012,BANKNIFTY30JAN25F,BANKNIFTY,48890.95,122085,48890.6,48897.7,1483125,15,15
2025-01-29 09:31:12.929385,BANKNIFTY30JAN25F,BANKNIFTY,48890.95,122085,48891.65,48897.7,1483125,15,30
2025-01-29 09:31:14.255133,BANKNIFTY30JAN25F,BANKNIFTY,48890.95,122085,48891.65,48897.7,1483125,15,30
2025-01-29 09:31:15.561126,BANKNIFTY30JAN25F,BANKNIFTY,48898.0,122085,48895.5,48897.7,1483125,45,105
2025-01-29 09:31:16.928513,BANKNIFTY30JAN25F,BANKNIFTY,48900.0,122445,48897.9,48900.0,1483125,15,225
2025-01-29 09:31:18.258339,BANKNIFTY30JAN25F,BANKNIFTY,48900.0,122490,48899.35,48900.0,1483125,15,240
2025-01-29 09:31:19.580938,BANKNIFTY30JAN25F,BANKNIFTY,48900.0,122520,48897.15,48899.95,1483125,45,15
2025-01-29 09:31:21.833968,BANKNIFTY30JAN25F,BANKNIFTY,48906.0,122835,48901.1,48906.0,1483125,15,120
2025-01-29 09:31:23.193488,BANKNIFTY30JAN25F,BANKNIFTY,48906.0,122835,48901.5,48906.0,1483125,15,120
2025-01-29 09:31:24.532655,BANKNIFTY30JAN25F,BANKNIFTY,48906.0,122850,48900.0,48906.0,1483125,90,105
2025-01-29 09:31:27.206952,BANKNIFTY30JAN25F,BANKNIFTY,48901.6,122970,48903.0,48908.0,1483125,15,180
2025-01-29 09:31:28.649494,BANKNIFTY30JAN25F,BANKNIFTY,48903.0,123015,48900.85,48908.0,1483125,15,180
2025-01-29 09:31:30.144302,BANKNIFTY30JAN25F,BANKNIFTY,48908.0,123075,48906.1,48908.0,1483125,300,285
2025-01-29 09:31:31.542990,BANKNIFTY30JAN25F,BANKNIFTY,48907.95,123105,48906.1,48908.0,1483125,300,285
2025-01-29 09:31:33.171907,BANKNIFTY30JAN25F,BANKNIFTY,48906.5,123120,48906.8,48908.0,1483125,15,285
2025-01-29 09:31:34.628562,BANKNIFTY30JAN25F,BANKNIFTY,48906.1,123135,48906.1,48907.95,1483125,285,30
2025-01-29 09:31:36.022792,BANKNIFTY30JAN25F,BANKNIFTY,48906.55,123330,48906.95,48907.95,1483125,15,45
2025-01-29 09:31:37.517413,BANKNIFTY30JAN25F,BANKNIFTY,48907.45,123330,48906.95,48907.95,1483125,15,45
2025-01-29 09:31:38.830902,BANKNIFTY30JAN25F,BANKNIFTY,48918.0,123540,48907.7,48908.0,1483125,15,15
2025-01-29 09:31:40.215674,BANKNIFTY30JAN25F,BANKNIFTY,48907.75,123780,48908.2,48918.0,1483125,15,30
2025-01-29 09:31:41.543088,BANKNIFTY30JAN25F,BANKNIFTY,48918.0,123825,48908.4,48918.0,1483125,15,45
2025-01-29 09:31:42.873826,BANKNIFTY30JAN25F,BANKNIFTY,48917.85,124380,48905.85,48917.85,1483125,15,120
2025-01-29 09:31:44.336276,BANKNIFTY30JAN25F,BANKNIFTY,48906.15,125085,48907.1,48917.95,1483125,15,105
2025-01-29 09:31:45.669254,BANKNIFTY30JAN25F,BANKNIFTY,48917.95,125085,48907.1,48917.95,1483125,15,105
2025-01-29 09:31:47.036891,BANKNIFTY30JAN25F,BANKNIFTY,48908.6,125115,48909.2,48917.9,1483125,15,30
2025-01-29 09:31:48.403323,BANKNIFTY30JAN25F,BANKNIFTY,48914.0,125145,48907.1,48914.0,1483125,15,150
2025-01-29 09:31:49.726587,BANKNIFTY30JAN25F,BANKNIFTY,48914.0,125220,48906.9,48914.0,1483125,15,105
2025-01-29 09:31:51.595288,BANKNIFTY30JAN25F,BANKNIFTY,48914.0,125280,48910.1,48914.0,1483125,15,90
2025-01-29 09:31:52.911839,BANKNIFTY30JAN25F,BANKNIFTY,48914.0,125295,48908.3,48914.0,1483125,15,120
2025-01-29 09:31:54.244707,BANKNIFTY30JAN25F,BANKNIFTY,48914.0,125325,48909.45,48913.95,1483125,15,45
2025-01-29 09:31:55.583871,BANKNIFTY30JAN25F,BANKNIFTY,48908.85,125325,48909.45,48913.95,1483125,15,45
2025-01-29 09:31:56.913472,BANKNIFTY30JAN25F,BANKNIFTY,48913.95,125400,48909.1,48913.95,1483125,15,45
2025-01-29 09:31:58.253496,BANKNIFTY30JAN25F,BANKNIFTY,48907.4,125475,48908.05,48913.95,1483125,30,75
2025-01-29 09:31:59.563271,BANKNIFTY30JAN25F,BANKNIFTY,48907.4,125565,48908.9,48913.95,1483125,30,150
2025-01-29 09:32:00.893358,BANKNIFTY30JAN25F,BANKNIFTY,48907.4,125565,48912.15,48913.9,1483125,30,75
2025-01-29 09:32:02.319574,BANKNIFTY30JAN25F,BANKNIFTY,48913.85,125565,48912.15,48913.9,1483125,30,75
2025-01-29 09:32:03.721882,BANKNIFTY30JAN25F,BANKNIFTY,48906.15,125640,48906.15,48913.85,1483125,15,45
2025-01-29 09:32:05.059152,BANKNIFTY30JAN25F,BANKNIFTY,48906.15,125685,48906.0,48913.7,1483125,75,90
2025-01-29 09:32:06.417768,BANKNIFTY30JAN25F,BANKNIFTY,48906.0,125760,48903.4,48913.5,1483125,15,15
2025-01-29 09:32:07.748844,BANKNIFTY30JAN25F,BANKNIFTY,48906.0,125760,48902.0,48911.6,1483125,165,15
2025-01-29 09:32:09.133381,BANKNIFTY30JAN25F,BANKNIFTY,48906.0,126150,48910.25,48911.6,1483125,15,30
2025-01-29 09:32:10.483328,BANKNIFTY30JAN25F,BANKNIFTY,48911.6,126150,48910.25,48911.6,1483125,15,30
2025-01-29 09:32:11.796538,BANKNIFTY30JAN25F,BANKNIFTY,48909.2,126555,48906.5,48914.0,1483125,15,30
2025-01-29 09:32:13.121722,BANKNIFTY30JAN25F,BANKNIFTY,48911.6,126555,48902.35,48912.25,1483125,15,15
2025-01-29 09:32:14.649812,BANKNIFTY30JAN25F,BANKNIFTY,48902.4,126570,48903.7,48911.3,1483125,15,15
2025-01-29 09:32:15.963479,BANKNIFTY30JAN25F,BANKNIFTY,48902.4,126600,48906.0,48911.3,1483125,30,135
2025-01-29 09:32:17.263472,BANKNIFTY30JAN25F,BANKNIFTY,48906.0,126600,48906.0,48911.3,1483125,30,135
2025-01-29 09:32:18.603666,BANKNIFTY30JAN25F,BANKNIFTY,48907.85,126630,48900.0,48907.85,1483125,105,15
2025-01-29 09:32:19.936234,BANKNIFTY30JAN25F,BANKNIFTY,48900.0,126690,48900.0,48905.65,1483125,90,15
2025-01-29 09:32:21.742198,BANKNIFTY30JAN25F,BANKNIFTY,48900.0,126765,48900.0,48905.65,1483125,30,45
2025-01-29 09:32:23.069531,BANKNIFTY30JAN25F,BANKNIFTY,48905.6,126765,48900.0,48905.6,1483125,60,30
2025-01-29 09:32:24.673244,BANKNIFTY30JAN25F,BANKNIFTY,48905.6,126825,48903.85,48910.0,1483125,30,15
2025-01-29 09:32:26.014955,BANKNIFTY30JAN25F,BANKNIFTY,48905.6,126825,48906.8,48910.0,1483125,15,30
2025-01-29 09:32:27.333401,BANKNIFTY30JAN25F,BANKNIFTY,48910.0,126840,48900.3,48910.0,1483125,75,75
2025-01-29 09:32:28.669497,BANKNIFTY30JAN25F,BANKNIFTY,48900.0,126840,48900.3,48910.0,1483125,75,75
2025-01-29 09:32:30.013931,BANKNIFTY30JAN25F,BANKNIFTY,48900.0,127125,48903.75,48908.55,1483125,15,60
2025-01-29 09:32:31.364670,BANKNIFTY30JAN25F,BANKNIFTY,48903.75,127140,48900.0,48908.5,1483125,15,45
2025-01-29 09:32:32.733164,BANKNIFTY30JAN25F,BANKNIFTY,48903.75,127140,48900.0,48906.65,1483125,15,30
2025-01-29 09:32:34.084250,BANKNIFTY30JAN25F,BANKNIFTY,48900.0,127200,48897.5,48902.35,1483125,15,15
2025-01-29 09:32:35.406225,BANKNIFTY30JAN25F,BANKNIFTY,48902.35,127200,48897.5,48902.35,1483125,15,15
2025-01-29 09:32:36.883346,BANKNIFTY30JAN25F,BANKNIFTY,48895.1,127245,48900.65,48902.35,1483125,30,60
2025-01-29 09:32:39.032742,BANKNIFTY30JAN25F,BANKNIFTY,48900.65,127275,48899.0,48902.3,1483125,15,30
2025-01-29 09:32:40.676876,BANKNIFTY30JAN25F,BANKNIFTY,48913.45,127725,48897.65,48902.3,1483125,15,30
2025-01-29 09:32:42.456563,BANKNIFTY30JAN25F,BANKNIFTY,48913.45,127725,48895.1,48902.3,1483125,60,30
2025-01-29 09:32:43.939187,BANKNIFTY30JAN25F,BANKNIFTY,48913.45,127725,48890.95,48902.25,1483125,45,30
2025-01-29 09:32:46.307064,BANKNIFTY30JAN25F,BANKNIFTY,48913.45,127725,48890.95,48900.3,1483125,45,15
2025-01-29 09:32:47.803449,BANKNIFTY30JAN25F,BANKNIFTY,48913.45,127725,48890.95,48900.2,1483125,45,60
2025-01-29 09:32:49.257328,BANKNIFTY30JAN25F,BANKNIFTY,48894.45,127725,48894.45,48900.2,1483125,45,30
2025-01-29 09:32:51.543188,BANKNIFTY30JAN25F,BANKNIFTY,48890.95,127770,48890.95,48899.3,1483125,45,15
2025-01-29 09:32:52.992740,BANKNIFTY30JAN25F,BANKNIFTY,48890.95,127815,48890.95,48899.3,1483125,15,45
2025-01-29 09:32:54.456428,BANKNIFTY30JAN25F,BANKNIFTY,48890.95,127815,48895.0,48899.25,1483125,45,15
2025-01-29 09:32:55.877834,BANKNIFTY30JAN25F,BANKNIFTY,48899.25,127875,48896.65,48899.3,1483125,75,15
2025-01-29 09:32:57.229235,BANKNIFTY30JAN25F,BANKNIFTY,48899.3,127905,48896.65,48900.0,1483125,75,45
2025-01-29 09:32:58.537222,BANKNIFTY30JAN25F,BANKNIFTY,48899.3,127905,48896.65,48900.0,1483125,75,45
2025-01-29 09:32:59.835523,BANKNIFTY30JAN25F,BANKNIFTY,48899.3,127905,48896.95,48900.0,1483125,45,120
2025-01-29 09:33:01.156996,BANKNIFTY30JAN25F,BANKNIFTY,48899.95,127905,48896.95,48900.0,1483125,45,120
2025-01-29 09:33:02.623043,BANKNIFTY30JAN25F,BANKNIFTY,48894.8,128040,48890.95,48896.95,1483125,45,60
2025-01-29 09:33:03.962848,BANKNIFTY30JAN25F,BANKNIFTY,48890.95,128070,48890.95,48896.95,1483125,15,135
2025-01-29 09:33:05.298895,BANKNIFTY30JAN25F,BANKNIFTY,48890.3,128160,48890.0,48896.95,1483125,30,30
2025-01-29 09:33:06.640420,BANKNIFTY30JAN25F,BANKNIFTY,48889.95,128160,48890.0,48896.95,1483125,30,30
2025-01-29 09:33:07.982982,BANKNIFTY30JAN25F,BANKNIFTY,48888.2,128250,48887.95,48895.65,1483125,15,15
2025-01-29 09:33:09.299666,BANKNIFTY30JAN25F,BANKNIFTY,48887.0,128295,48888.75,48890.95,1483125,15,45
2025-01-29 09:33:10.622952,BANKNIFTY30JAN25F,BANKNIFTY,48888.9,128295,48887.95,48890.9,1483125,15,15
2025-01-29 09:33:11.955107,BANKNIFTY30JAN25F,BANKNIFTY,48882.4,128490,48883.95,48890.9,1483125,15,30
2025-01-29 09:33:13.292745,BANKNIFTY30JAN25F,BANKNIFTY,48890.85,128505,48880.0,48890.85,1483125,45,45
2025-01-29 09:33:15.604842,BANKNIFTY30JAN25F,BANKNIFTY,48890.85,128550,48885.0,48889.7,1483125,15,30
2025-01-29 09:33:16.951012,BANKNIFTY30JAN25F,BANKNIFTY,48885.0,128565,48880.0,48887.6,1483125,45,90
2025-01-29 09:33:18.275873,BANKNIFTY30JAN25F,BANKNIFTY,48868.8,130080,48869.35,48871.9,1483125,15,15
2025-01-29 09:33:19.662664,BANKNIFTY30JAN25F,BANKNIFTY,48866.4,130080,48869.35,48871.9,1483125,15,15
2025-01-29 09:33:21.053872,BANKNIFTY30JAN25F,BANKNIFTY,48873.95,132840,48867.85,48871.9,1483125,15,30
2025-01-29 09:33:22.385344,BANKNIFTY30JAN25F,BANKNIFTY,48873.2,133455,48871.75,48876.7,1483125,15,30
2025-01-29 09:33:23.712806,BANKNIFTY30JAN25F,BANKNIFTY,48871.0,133515,48870.95,48872.7,1483125,15,30
2025-01-29 09:33:25.031248,BANKNIFTY30JAN25F,BANKNIFTY,48872.7,133560,48872.7,48876.7,1483125,15,30
2025-01-29 09:33:26.368821,BANKNIFTY30JAN25F,BANKNIFTY,48876.7,133560,48872.7,48876.7,1483125,15,30
2025-01-29 09:33:27.826707,BANKNIFTY30JAN25F,BANKNIFTY,48877.7,133710,48877.15,48885.9,1483125,15,45
2025-01-29 09:33:29.224367,BANKNIFTY30JAN25F,BANKNIFTY,48895.35,134565,48896.45,48899.85,1483125,15,15
2025-01-29 09:33:30.644569,BANKNIFTY30JAN25F,BANKNIFTY,48900.0,134640,48894.25,48902.35,1483125,30,15
2025-01-29 09:33:31.962713,BANKNIFTY30JAN25F,BANKNIFTY,48899.85,134670,48899.85,48902.35,1483125,30,15
2025-01-29 09:33:33.402199,BANKNIFTY30JAN25F,BANKNIFTY,48900.0,134715,48898.95,48902.3,1483125,135,15
2025-01-29 09:33:34.773899,BANKNIFTY30JAN25F,BANKNIFTY,48904.0,134760,48904.75,48911.95,1483125,15,45
2025-01-29 09:33:36.204648,BANKNIFTY30JAN25F,BANKNIFTY,48904.0,134760,48904.75,48911.95,1483125,15,45
2025-01-29 09:33:37.542465,BANKNIFTY30JAN25F,BANKNIFTY,48904.25,134805,48903.45,48911.95,1483125,15,15
2025-01-29 09:33:38.891288,BANKNIFTY30JAN25F,BANKNIFTY,48904.55,135000,48903.1,48911.9,1483125,15,30
2025-01-29 09:33:40.212656,BANKNIFTY30JAN25F,BANKNIFTY,48925.0,136590,48920.1,48925.0,1483125,30,555
2025-01-29 09:33:41.592239,BANKNIFTY30JAN25F,BANKNIFTY,48925.0,136635,48920.1,48925.0,1483125,45,615
2025-01-29 09:33:42.922408,BANKNIFTY30JAN25F,BANKNIFTY,48925.0,136635,48920.1,48925.0,1483125,45,615
2025-01-29 09:33:44.239087,BANKNIFTY30JAN25F,BANKNIFTY,48924.95,136800,48920.1,48924.95,1483125,30,15
2025-01-29 09:33:45.552388,BANKNIFTY30JAN25F,BANKNIFTY,48918.85,136815,48920.1,48924.95,1483125,30,75
2025-01-29 09:33:46.906316,BANKNIFTY30JAN25F,BANKNIFTY,48923.15,137130,48922.55,48924.8,1483125,15,15
2025-01-29 09:33:48.224207,BANKNIFTY30JAN25F,BANKNIFTY,48925.0,137130,48922.55,48924.8,1483125,15,15
2025-01-29 09:33:49.562507,BANKNIFTY30JAN25F,BANKNIFTY,48925.0,137220,48922.25,48925.0,1483125,15,315
2025-01-29 09:33:50.920183,BANKNIFTY30JAN25F,BANKNIFTY,48927.15,137655,48924.95,48925.0,1483125,15,165
2025-01-29 09:33:52.318483,BANKNIFTY30JAN25F,BANKNIFTY,48939.1,139455,48926.0,48940.8,1483125,30,120
2025-01-29 09:33:53.760899,BANKNIFTY30JAN25F,BANKNIFTY,48925.0,139635,48925.0,48939.9,1483125,240,75
2025-01-29 09:33:55.192451,BANKNIFTY30JAN25F,BANKNIFTY,48939.8,139875,48925.05,48939.85,1483125,30,15
2025-01-29 09:33:56.696976,BANKNIFTY30JAN25F,BANKNIFTY,48925.05,139950,48925.0,48937.7,1483125,45,45
2025-01-29 09:33:58.338869,BANKNIFTY30JAN25F,BANKNIFTY,48937.7,139980,48925.4,48937.7,1483125,90,60
2025-01-29 09:33:59.722228,BANKNIFTY30JAN25F,BANKNIFTY,48937.7,139980,48927.8,48937.7,1483125,180,60
2025-01-29 09:34:02.390620,BANKNIFTY30JAN25F,BANKNIFTY,48944.95,140610,48929.35,48944.95,1483125,15,120
2025-01-29 09:34:03.908957,BANKNIFTY30JAN25F,BANKNIFTY,48938.95,140700,48926.65,48938.95,1483125,60,15
2025-01-29 09:34:06.484649,BANKNIFTY30JAN25F,BANKNIFTY,48936.35,140730,48925.05,48934.4,1483125,15,45
2025-01-29 09:34:08.004331,BANKNIFTY30JAN25F,BANKNIFTY,48934.1,140730,48925.05,48934.4,1480950,15,45
2025-01-29 09:34:09.472292,BANKNIFTY30JAN25F,BANKNIFTY,48934.1,140760,48925.05,48933.5,1480950,15,45
2025-01-29 09:34:10.882078,BANKNIFTY30JAN25F,BANKNIFTY,48934.4,140790,48927.0,48934.45,1480950,15,15
2025-01-29 09:34:12.212256,BANKNIFTY30JAN25F,BANKNIFTY,48925.05,141615,48925.0,48934.45,1480950,45,75
2025-01-29 09:34:13.550993,BANKNIFTY30JAN25F,BANKNIFTY,48934.45,141630,48925.0,48934.45,1480950,45,60
2025-01-29 09:34:14.888547,BANKNIFTY30JAN25F,BANKNIFTY,48934.6,141660,48925.05,48934.65,1480950,30,60
2025-01-29 09:34:16.202198,BANKNIFTY30JAN25F,BANKNIFTY,48925.05,141660,48925.05,48934.65,1480950,30,60
2025-01-29 09:34:17.522208,BANKNIFTY30JAN25F,BANKNIFTY,48934.65,141705,48925.0,48934.65,1480950,30,75
2025-01-29 09:34:18.913663,BANKNIFTY30JAN25F,BANKNIFTY,48927.75,141795,48927.7,48934.65,1480950,105,60
2025-01-29 09:34:20.272008,BANKNIFTY30JAN25F,BANKNIFTY,48934.65,142005,48930.1,48934.65,1480950,15,60
2025-01-29 09:34:21.631988,BANKNIFTY30JAN25F,BANKNIFTY,48934.6,142050,48931.85,48934.6,1480950,15,30
2025-01-29 09:34:22.981586,BANKNIFTY30JAN25F,BANKNIFTY,48934.55,142050,48931.85,48934.6,1480950,15,30
2025-01-29 09:34:24.361120,BANKNIFTY30JAN25F,BANKNIFTY,48940.0,142425,48940.0,48945.0,1480950,645,120
2025-01-29 09:34:25.722482,BANKNIFTY30JAN25F,BANKNIFTY,48940.0,142425,48940.0,48945.0,1480950,645,120
2025-01-29 09:34:27.062288,BANKNIFTY30JAN25F,BANKNIFTY,48945.0,142440,48940.0,48945.0,1480950,645,195
2025-01-29 09:34:28.438050,BANKNIFTY30JAN25F,BANKNIFTY,48945.0,142440,48940.0,48945.0,1480950,645,210
2025-01-29 09:34:29.760335,BANKNIFTY30JAN25F,BANKNIFTY,48945.0,142485,48940.0,48945.0,1480950,630,180
2025-01-29 09:34:31.112040,BANKNIFTY30JAN25F,BANKNIFTY,48945.0,142485,48940.0,48945.0,1480950,630,180
2025-01-29 09:34:32.424769,BANKNIFTY30JAN25F,BANKNIFTY,48945.0,142575,48940.0,48945.0,1480950,630,150
2025-01-29 09:34:33.761834,BANKNIFTY30JAN25F,BANKNIFTY,48940.0,142755,48940.0,48945.0,1480950,465,90
2025-01-29 09:34:35.202282,BANKNIFTY30JAN25F,BANKNIFTY,48940.0,142770,48940.0,48945.0,1480950,465,90
2025-01-29 09:34:36.541818,BANKNIFTY30JAN25F,BANKNIFTY,48928.9,143295,48928.15,48942.8,1480950,120,60
2025-01-29 09:34:37.898543,BANKNIFTY30JAN25F,BANKNIFTY,48942.8,143295,48928.15,48942.8,1480950,120,60
2025-01-29 09:34:39.216967,BANKNIFTY30JAN25F,BANKNIFTY,48942.8,143310,48935.55,48945.0,1480950,120,45
2025-01-29 09:34:40.541759,BANKNIFTY30JAN25F,BANKNIFTY,48942.8,143310,48931.1,48944.95,1480950,120,30
2025-01-29 09:34:41.898641,BANKNIFTY30JAN25F,BANKNIFTY,48942.8,143310,48930.45,48944.95,1480950,120,105
2025-01-29 09:34:43.228429,BANKNIFTY30JAN25F,BANKNIFTY,48944.95,143355,48932.75,48944.95,1480950,120,90
2025-01-29 09:34:44.566869,BANKNIFTY30JAN25F,BANKNIFTY,48944.95,143355,48932.75,48944.95,1480950,120,90
2025-01-29 09:34:45.885474,BANKNIFTY30JAN25F,BANKNIFTY,48940.0,143355,48932.9,48940.0,1480950,120,30
2025-01-29 09:34:47.235429,BANKNIFTY30JAN25F,BANKNIFTY,48940.0,143385,48930.6,48940.0,1480950,120,105
2025-01-29 09:34:48.552060,BANKNIFTY30JAN25F,BANKNIFTY,48930.9,143505,48931.6,48940.0,1480950,120,30
2025-01-29 09:34:49.897391,BANKNIFTY30JAN25F,BANKNIFTY,48940.0,143535,48931.05,48944.95,1480950,90,120
2025-01-29 09:34:51.218558,BANKNIFTY30JAN25F,BANKNIFTY,48945.45,143535,48931.05,48944.95,1480950,90,120
2025-01-29 09:34:52.541164,BANKNIFTY30JAN25F,BANKNIFTY,48931.05,143955,48931.0,48943.95,1480950,60,90
2025-01-29 09:34:53.885099,BANKNIFTY30JAN25F,BANKNIFTY,48944.0,144195,48943.8,48944.95,1480950,15,15
2025-01-29 09:34:55.221767,BANKNIFTY30JAN25F,BANKNIFTY,48944.15,144690,48942.85,48952.55,1480950,75,45
2025-01-29 09:34:56.571757,BANKNIFTY30JAN25F,BANKNIFTY,48958.25,145335,48945.5,48949.95,1480950,30,15
2025-01-29 09:34:57.957125,BANKNIFTY30JAN25F,BANKNIFTY,48955.25,145380,48940.85,48956.2,1480950,150,45
2025-01-29 09:34:59.311712,BANKNIFTY30JAN25F,BANKNIFTY,48955.65,145380,48940.85,48956.2,1480950,150,45
2025-01-29 09:35:00.626185,BANKNIFTY30JAN25F,BANKNIFTY,48955.55,145425,48942.8,48955.55,1480950,30,30
2025-01-29 09:35:01.951343,BANKNIFTY30JAN25F,BANKNIFTY,48949.95,145500,48942.8,48957.05,1480950,30,60
2025-01-29 09:35:03.308916,BANKNIFTY30JAN25F,BANKNIFTY,48949.35,145560,48935.15,48950.3,1480950,120,30
2025-01-29 09:35:05.804447,BANKNIFTY30JAN25F,BANKNIFTY,48950.0,145635,48939.05,48953.0,1480950,150,30
2025-01-29 09:35:08.439377,BANKNIFTY30JAN25F,BANKNIFTY,48936.05,145695,48939.4,48952.95,1480950,120,15
2025-01-29 09:35:10.448830,BANKNIFTY30JAN25F,BANKNIFTY,48951.8,145860,48944.3,48952.4,1480950,15,30
2025-01-29 09:35:12.015631,BANKNIFTY30JAN25F,BANKNIFTY,48955.35,145860,48944.3,48952.95,1480950,15,75
2025-01-29 09:35:13.655398,BANKNIFTY30JAN25F,BANKNIFTY,48944.3,146220,48938.15,48953.55,1480950,120,30
2025-01-29 09:35:15.360744,BANKNIFTY30JAN25F,BANKNIFTY,48954.2,146820,48942.95,48955.65,1480950,120,15
2025-01-29 09:35:16.838690,BANKNIFTY30JAN25F,BANKNIFTY,48955.65,146820,48942.95,48955.65,1480950,120,15
2025-01-29 09:35:18.309942,BANKNIFTY30JAN25F,BANKNIFTY,48941.8,146955,48947.25,48959.55,1480950,30,90
2025-01-29 09:35:20.056823,BANKNIFTY30JAN25F,BANKNIFTY,48938.65,146955,48947.25,48959.55,1480950,30,90
2025-01-29 09:35:21.612035,BANKNIFTY30JAN25F,BANKNIFTY,48953.3,146955,48947.25,48959.55,1480950,30,90
2025-01-29 09:35:24.028337,BANKNIFTY30JAN25F,BANKNIFTY,48933.05,146955,48947.25,48959.55,1480950,30,90
2025-01-29 09:35:25.690907,BANKNIFTY30JAN25F,BANKNIFTY,48930.0,146955,48947.25,48959.55,1480950,30,90
2025-01-29 09:35:27.302089,BANKNIFTY30JAN25F,BANKNIFTY,48930.1,146955,48947.25,48959.55,1480950,30,90
2025-01-29 09:35:28.678260,BANKNIFTY30JAN25F,BANKNIFTY,48931.0,147690,48922.15,48931.0,1480950,150,15
2025-01-29 09:35:30.020957,BANKNIFTY30JAN25F,BANKNIFTY,48938.15,147690,48922.15,48931.0,1480950,150,15
2025-01-29 09:35:31.395019,BANKNIFTY30JAN25F,BANKNIFTY,48920.05,147690,48922.15,48931.0,1480950,150,15
2025-01-29 09:35:32.733020,BANKNIFTY30JAN25F,BANKNIFTY,48920.05,147690,48922.15,48931.0,1480950,150,15
2025-01-29 09:35:34.056216,BANKNIFTY30JAN25F,BANKNIFTY,48920.05,147690,48922.15,48931.0,1480950,150,15
2025-01-29 09:35:35.386020,BANKNIFTY30JAN25F,BANKNIFTY,48920.05,147690,48922.15,48931.0,1480950,150,15
2025-01-29 09:35:36.703775,BANKNIFTY30JAN25F,BANKNIFTY,48920.05,147690,48922.15,48931.0,1480950,150,15
2025-01-29 09:35:38.047039,BANKNIFTY30JAN25F,BANKNIFTY,48920.05,148350,48921.0,48935.0,1480950,30,15
2025-01-29 09:35:39.375385,BANKNIFTY30JAN25F,BANKNIFTY,48929.8,148350,48921.0,48935.0,1480950,30,15
2025-01-29 09:35:40.760133,BANKNIFTY30JAN25F,BANKNIFTY,48915.0,148350,48921.0,48935.0,1480950,30,15
2025-01-29 09:35:42.086382,BANKNIFTY30JAN25F,BANKNIFTY,48927.7,148350,48921.0,48935.0,1480950,30,15
2025-01-29 09:35:43.461672,BANKNIFTY30JAN25F,BANKNIFTY,48920.0,148350,48921.0,48935.0,1480950,30,15
2025-01-29 09:35:44.890673,BANKNIFTY30JAN25F,BANKNIFTY,48919.35,148350,48921.0,48935.0,1480950,30,15
2025-01-29 09:35:46.241643,BANKNIFTY30JAN25F,BANKNIFTY,48929.9,148350,48921.0,48935.0,1480950,30,15
2025-01-29 09:35:47.636306,BANKNIFTY30JAN25F,BANKNIFTY,48918.05,148755,48920.0,48931.65,1480950,15,15
2025-01-29 09:35:48.986420,BANKNIFTY30JAN25F,BANKNIFTY,48918.05,148755,48920.0,48931.65,1480950,15,15
2025-01-29 09:35:50.335147,BANKNIFTY30JAN25F,BANKNIFTY,48931.25,148755,48920.0,48931.65,1480950,15,15
2025-01-29 09:35:51.698074,BANKNIFTY30JAN25F,BANKNIFTY,48917.6,148755,48920.0,48931.65,1480950,15,15
2025-01-29 09:35:53.028082,BANKNIFTY30JAN25F,BANKNIFTY,48921.0,148755,48920.0,48931.65,1480950,15,15
2025-01-29 09:35:54.687519,BANKNIFTY30JAN25F,BANKNIFTY,48917.1,148755,48920.0,48931.65,1480950,15,15
2025-01-29 09:35:56.008938,BANKNIFTY30JAN25F,BANKNIFTY,48918.95,149355,48919.9,48931.5,1480950,150,30
2025-01-29 09:35:57.331055,BANKNIFTY30JAN25F,BANKNIFTY,48918.95,149355,48919.9,48931.5,1480950,150,30
2025-01-29 09:35:58.692699,BANKNIFTY30JAN25F,BANKNIFTY,48918.95,149355,48919.9,48931.5,1480950,150,30
2025-01-29 09:36:00.229917,BANKNIFTY30JAN25F,BANKNIFTY,48930.4,149355,48919.9,48931.5,1480950,150,30
2025-01-29 09:36:01.561907,BANKNIFTY30JAN25F,BANKNIFTY,48918.05,149355,48919.9,48931.5,1480950,150,30
2025-01-29 09:36:02.937312,BANKNIFTY30JAN25F,BANKNIFTY,48931.5,149355,48919.9,48931.5,1480950,150,30
2025-01-29 09:36:04.267194,BANKNIFTY30JAN25F,BANKNIFTY,48931.5,149355,48919.9,48931.5,1480950,150,30
2025-01-29 09:36:05.571933,BANKNIFTY30JAN25F,BANKNIFTY,48931.45,149685,48919.0,48931.2,1480950,15,90
2025-01-29 09:36:06.882504,BANKNIFTY30JAN25F,BANKNIFTY,48916.0,149685,48919.0,48931.2,1480950,15,90
2025-01-29 09:36:08.187247,BANKNIFTY30JAN25F,BANKNIFTY,48916.0,149685,48919.0,48931.2,1480950,15,90
2025-01-29 09:36:09.508566,BANKNIFTY30JAN25F,BANKNIFTY,48918.85,149685,48919.0,48931.2,1480950,15,90
2025-01-29 09:36:10.819523,BANKNIFTY30JAN25F,BANKNIFTY,48931.15,149685,48919.0,48931.2,1480950,15,90
2025-01-29 09:36:12.203968,BANKNIFTY30JAN25F,BANKNIFTY,48931.15,149685,48919.0,48931.2,1480950,15,90
2025-01-29 09:36:13.564192,BANKNIFTY30JAN25F,BANKNIFTY,48931.2,149685,48919.0,48931.2,1480950,15,90
2025-01-29 09:36:14.873374,BANKNIFTY30JAN25F,BANKNIFTY,48931.7,150165,48932.55,48938.6,1480950,120,15
2025-01-29 09:36:16.208633,BANKNIFTY30JAN25F,BANKNIFTY,48945.0,150165,48932.55,48938.6,1480950,120,15
2025-01-29 09:36:17.523777,BANKNIFTY30JAN25F,BANKNIFTY,48943.85,150255,48941.95,48950.0,1480950,120,45
2025-01-29 09:36:18.950815,BANKNIFTY30JAN25F,BANKNIFTY,48947.15,150405,48947.15,48950.0,1480950,30,45
2025-01-29 09:36:20.286180,BANKNIFTY30JAN25F,BANKNIFTY,48947.15,150435,48945.0,48945.15,1480950,30,30
2025-01-29 09:36:21.608724,BANKNIFTY30JAN25F,BANKNIFTY,48945.15,150480,48945.15,48947.2,1480950,15,30
2025-01-29 09:36:22.939387,BANKNIFTY30JAN25F,BANKNIFTY,48954.0,150705,48945.0,48954.0,1480950,15,15
2025-01-29 09:36:24.320790,BANKNIFTY30JAN25F,BANKNIFTY,48954.0,150705,48945.0,48954.0,1480950,15,15
2025-01-29 09:36:25.667464,BANKNIFTY30JAN25F,BANKNIFTY,48953.55,150720,48945.0,48953.95,1480950,15,120
2025-01-29 09:36:27.124290,BANKNIFTY30JAN25F,BANKNIFTY,48952.35,150720,48945.0,48953.95,1480950,15,90
2025-01-29 09:36:28.761640,BANKNIFTY30JAN25F,BANKNIFTY,48941.05,150765,48945.0,48951.65,1480950,15,90
2025-01-29 09:36:30.494666,BANKNIFTY30JAN25F,BANKNIFTY,48945.0,150795,48941.05,48945.0,1480950,15,15
2025-01-29 09:36:32.120482,BANKNIFTY30JAN25F,BANKNIFTY,48945.0,150825,48936.5,48945.0,1480950,150,90
2025-01-29 09:36:33.577671,BANKNIFTY30JAN25F,BANKNIFTY,48941.05,150915,48930.2,48943.95,1480950,75,120
2025-01-29 09:36:35.041359,BANKNIFTY30JAN25F,BANKNIFTY,48943.15,150990,48928.5,48943.35,1480950,75,120
2025-01-29 09:36:36.424811,BANKNIFTY30JAN25F,BANKNIFTY,48943.15,151005,48926.3,48940.55,1480950,90,120
2025-01-29 09:36:37.869531,BANKNIFTY30JAN25F,BANKNIFTY,48927.75,151020,48926.9,48939.2,1480950,15,30
2025-01-29 09:36:39.343822,BANKNIFTY30JAN25F,BANKNIFTY,48934.15,151020,48934.15,48939.2,1480950,90,90
2025-01-29 09:36:40.670557,BANKNIFTY30JAN25F,BANKNIFTY,48934.8,151110,48931.0,48939.2,1480950,15,90
2025-01-29 09:36:42.389078,BANKNIFTY30JAN25F,BANKNIFTY,48936.2,151155,48934.8,48939.2,1480950,45,105
2025-01-29 09:36:43.992056,BANKNIFTY30JAN25F,BANKNIFTY,48936.2,151155,48934.8,48939.2,1480950,45,105
2025-01-29 09:36:45.325166,BANKNIFTY30JAN25F,BANKNIFTY,48936.2,151155,48926.4,48939.2,1480950,15,105
2025-01-29 09:36:46.615817,BANKNIFTY30JAN25F,BANKNIFTY,48936.2,151185,48923.25,48938.4,1480950,30,120
2025-01-29 09:36:47.970013,BANKNIFTY30JAN25F,BANKNIFTY,48924.25,151245,48923.65,48938.35,1480950,45,135
2025-01-29 09:36:49.378322,BANKNIFTY30JAN25F,BANKNIFTY,48924.25,151245,48924.4,48938.3,1480950,90,120
2025-01-29 09:36:50.729727,BANKNIFTY30JAN25F,BANKNIFTY,48924.25,151245,48926.65,48931.15,1480950,150,75
2025-01-29 09:36:52.085391,BANKNIFTY30JAN25F,BANKNIFTY,48926.55,151245,48926.65,48931.15,1480950,150,75
2025-01-29 09:36:53.411298,BANKNIFTY30JAN25F,BANKNIFTY,48926.55,151260,48923.6,48931.15,1480950,30,120
2025-01-29 09:36:54.770749,BANKNIFTY30JAN25F,BANKNIFTY,48936.05,151260,48927.7,48931.15,1480950,15,195
2025-01-29 09:36:56.083924,BANKNIFTY30JAN25F,BANKNIFTY,48925.45,151590,48924.85,48940.0,1480950,75,120
2025-01-29 09:36:57.435767,BANKNIFTY30JAN25F,BANKNIFTY,48939.4,151665,48920.9,48933.35,1480950,15,30
2025-01-29 09:36:58.767312,BANKNIFTY30JAN25F,BANKNIFTY,48921.8,151725,48922.05,48935.9,1480950,15,120
2025-01-29 09:37:00.140590,BANKNIFTY30JAN25F,BANKNIFTY,48921.8,151725,48922.05,48935.9,1480950,15,120
2025-01-29 09:37:01.477925,BANKNIFTY30JAN25F,BANKNIFTY,48921.8,151725,48920.3,48933.75,1480950,15,120
2025-01-29 09:37:02.836273,BANKNIFTY30JAN25F,BANKNIFTY,48930.95,151725,48920.05,48933.6,1480950,30,120
2025-01-29 09:37:04.385724,BANKNIFTY30JAN25F,BANKNIFTY,48932.5,151770,48920.0,48932.5,1480950,45,120
2025-01-29 09:37:05.730129,BANKNIFTY30JAN25F,BANKNIFTY,48921.9,151950,48922.15,48929.45,1480950,15,15
2025-01-29 09:37:07.053449,BANKNIFTY30JAN25F,BANKNIFTY,48920.0,151980,48920.4,48936.65,1480950,30,120
2025-01-29 09:37:08.453387,BANKNIFTY30JAN25F,BANKNIFTY,48920.0,151980,48920.4,48936.65,1480950,30,120
2025-01-29 09:37:09.788931,BANKNIFTY30JAN25F,BANKNIFTY,48920.0,151980,48920.0,48935.2,1480950,30,150
2025-01-29 09:37:11.154896,BANKNIFTY30JAN25F,BANKNIFTY,48920.0,151980,48920.0,48933.75,1480950,30,120
2025-01-29 09:37:12.463764,BANKNIFTY30JAN25F,BANKNIFTY,48920.0,151980,48920.0,48933.7,1480950,30,120
2025-01-29 09:37:13.792857,BANKNIFTY30JAN25F,BANKNIFTY,48920.0,151980,48920.0,48931.95,1480950,30,120
2025-01-29 09:37:15.191167,BANKNIFTY30JAN25F,BANKNIFTY,48920.0,152040,48918.8,48920.0,1466835,15,90
2025-01-29 09:37:16.563194,BANKNIFTY30JAN25F,BANKNIFTY,48917.35,152055,48917.05,48920.0,1466835,30,105
2025-01-29 09:37:17.943796,BANKNIFTY30JAN25F,BANKNIFTY,48920.0,152055,48917.05,48920.0,1466835,30,105
2025-01-29 09:37:19.330093,BANKNIFTY30JAN25F,BANKNIFTY,48917.1,152145,48917.1,48920.0,1466835,30,90
2025-01-29 09:37:20.796727,BANKNIFTY30JAN25F,BANKNIFTY,48917.1,152160,48917.15,48920.0,1466835,30,105
2025-01-29 09:37:22.129917,BANKNIFTY30JAN25F,BANKNIFTY,48917.1,152160,48916.05,48920.0,1466835,30,105
2025-01-29 09:37:23.510993,BANKNIFTY30JAN25F,BANKNIFTY,48920.0,152370,48921.55,48929.95,1466835,30,45
2025-01-29 09:37:24.920064,BANKNIFTY30JAN25F,BANKNIFTY,48920.0,152370,48917.45,48929.9,1466835,15,75
2025-01-29 09:37:26.241516,BANKNIFTY30JAN25F,BANKNIFTY,48917.55,152370,48917.45,48929.9,1466835,15,75
2025-01-29 09:37:27.594989,BANKNIFTY30JAN25F,BANKNIFTY,48917.1,152430,48917.1,48920.0,1466835,15,120
2025-01-29 09:37:28.946869,BANKNIFTY30JAN25F,BANKNIFTY,48919.95,152445,48916.0,48919.95,1466835,150,75
2025-01-29 09:37:30.296784,BANKNIFTY30JAN25F,BANKNIFTY,48916.0,152475,48916.0,48919.95,1466835,135,45
2025-01-29 09:37:31.659063,BANKNIFTY30JAN25F,BANKNIFTY,48916.0,152505,48916.0,48919.95,1466835,105,45
2025-01-29 09:37:33.158563,BANKNIFTY30JAN25F,BANKNIFTY,48916.0,152535,48916.0,48919.95,1466835,75,75
2025-01-29 09:37:34.527068,BANKNIFTY30JAN25F,BANKNIFTY,48916.0,152535,48916.0,48919.95,1466835,75,75
2025-01-29 09:37:35.860429,BANKNIFTY30JAN25F,BANKNIFTY,48916.0,152565,48916.0,48919.95,1466835,45,75
2025-01-29 09:37:37.175042,BANKNIFTY30JAN25F,BANKNIFTY,48916.05,152610,48916.05,48919.7,1466835,15,30
2025-01-29 09:37:38.521051,BANKNIFTY30JAN25F,BANKNIFTY,48914.6,152640,48917.15,48919.65,1466835,30,15
2025-01-29 09:37:39.893298,BANKNIFTY30JAN25F,BANKNIFTY,48920.55,152940,48924.05,48929.95,1466835,15,45
2025-01-29 09:37:41.324280,BANKNIFTY30JAN25F,BANKNIFTY,48922.15,152940,48924.05,48929.95,1466835,15,45
2025-01-29 09:37:42.783828,BANKNIFTY30JAN25F,BANKNIFTY,48923.85,152985,48927.8,48929.95,1466835,30,45
2025-01-29 09:37:44.386697,BANKNIFTY30JAN25F,BANKNIFTY,48921.9,153060,48921.9,48923.85,1466835,15,15
2025-01-29 09:37:46.040060,BANKNIFTY30JAN25F,BANKNIFTY,48923.85,153090,48915.65,48923.85,1466835,30,30
2025-01-29 09:37:47.518642,BANKNIFTY30JAN25F,BANKNIFTY,48924.75,153120,48916.7,48923.85,1466835,30,30
2025-01-29 09:37:49.166076,BANKNIFTY30JAN25F,BANKNIFTY,48929.8,153270,48928.6,48935.0,1466835,45,15
2025-01-29 09:37:50.869760,BANKNIFTY30JAN25F,BANKNIFTY,48928.05,153300,48928.0,48934.9,1466835,30,30
2025-01-29 09:37:52.256952,BANKNIFTY30JAN25F,BANKNIFTY,48933.75,153480,48933.85,48934.75,1466835,90,30
2025-01-29 09:37:54.804584,BANKNIFTY30JAN25F,BANKNIFTY,48935.0,153630,48936.8,48945.0,1466835,30,15
2025-01-29 09:37:56.428036,BANKNIFTY30JAN25F,BANKNIFTY,48947.0,153675,48937.2,48944.95,1466835,15,30
2025-01-29 09:37:58.245495,BANKNIFTY30JAN25F,BANKNIFTY,48939.15,153975,48936.9,48949.95,1466835,15,120
2025-01-29 09:37:59.924250,BANKNIFTY30JAN25F,BANKNIFTY,48939.15,153975,48933.15,48947.0,1466835,15,15
2025-01-29 09:38:01.344066,BANKNIFTY30JAN25F,BANKNIFTY,48939.15,153975,48933.15,48947.0,1466835,15,15
2025-01-29 09:38:02.669075,BANKNIFTY30JAN25F,BANKNIFTY,48928.8,153975,48931.8,48943.15,1466835,15,15
2025-01-29 09:38:04.002888,BANKNIFTY30JAN25F,BANKNIFTY,48924.2,154005,48924.7,48937.5,1466835,15,120
2025-01-29 09:38:05.330976,BANKNIFTY30JAN25F,BANKNIFTY,48937.5,154050,48934.05,48937.5,1466835,285,15
2025-01-29 09:38:06.654692,BANKNIFTY30JAN25F,BANKNIFTY,48937.5,154185,48937.25,48940.0,1466835,45,60
2025-01-29 09:38:07.971233,BANKNIFTY30JAN25F,BANKNIFTY,48937.5,154185,48937.25,48940.0,1466835,45,60
2025-01-29 09:38:09.292517,BANKNIFTY30JAN25F,BANKNIFTY,48939.95,154215,48933.8,48940.0,1466835,15,30
2025-01-29 09:38:10.650221,BANKNIFTY30JAN25F,BANKNIFTY,48939.95,154245,48932.9,48940.0,1466835,15,45
2025-01-29 09:38:12.018404,BANKNIFTY30JAN25F,BANKNIFTY,48939.95,154245,48930.5,48940.0,1466835,15,45
2025-01-29 09:38:13.354547,BANKNIFTY30JAN25F,BANKNIFTY,48935.05,154260,48939.15,48939.95,1466835,30,225
2025-01-29 09:38:14.702400,BANKNIFTY30JAN25F,BANKNIFTY,48939.95,154260,48939.15,48939.95,1466835,30,225
2025-01-29 09:38:16.030887,BANKNIFTY30JAN25F,BANKNIFTY,48940.0,154530,48936.45,48937.45,1466835,30,15
2025-01-29 09:38:17.339292,BANKNIFTY30JAN25F,BANKNIFTY,48940.0,154665,48939.05,48950.0,1466835,75,555
2025-01-29 09:38:18.660063,BANKNIFTY30JAN25F,BANKNIFTY,48937.45,154665,48937.0,48950.0,1466835,30,555
2025-01-29 09:38:19.993956,BANKNIFTY30JAN25F,BANKNIFTY,48937.45,154770,48940.5,48950.0,1466835,30,555
2025-01-29 09:38:21.336494,BANKNIFTY30JAN25F,BANKNIFTY,48950.0,155400,48949.7,48953.25,1466835,45,15
2025-01-29 09:38:22.665638,BANKNIFTY30JAN25F,BANKNIFTY,48952.1,155400,48949.7,48953.25,1466835,45,15
2025-01-29 09:38:24.002285,BANKNIFTY30JAN25F,BANKNIFTY,48943.1,155535,48942.75,48959.15,1466835,30,120
2025-01-29 09:38:25.489366,BANKNIFTY30JAN25F,BANKNIFTY,48954.7,155550,48943.85,48958.85,1466835,45,120
2025-01-29 09:38:26.815644,BANKNIFTY30JAN25F,BANKNIFTY,48951.4,155595,48941.0,48951.4,1466835,30,150
2025-01-29 09:38:28.119388,BANKNIFTY30JAN25F,BANKNIFTY,48941.0,155655,48941.0,48950.25,1466835,15,120
2025-01-29 09:38:29.463789,BANKNIFTY30JAN25F,BANKNIFTY,48941.0,155655,48941.0,48950.25,1466835,15,120
2025-01-29 09:38:30.769127,BANKNIFTY30JAN25F,BANKNIFTY,48948.6,155715,48934.45,48948.5,1466835,30,120
2025-01-29 09:38:32.109121,BANKNIFTY30JAN25F,BANKNIFTY,48948.45,155745,48934.35,48948.45,1466835,15,105
2025-01-29 09:38:33.429098,BANKNIFTY30JAN25F,BANKNIFTY,48933.05,155745,48932.45,48948.05,1466835,120,120
2025-01-29 09:38:34.749290,BANKNIFTY30JAN25F,BANKNIFTY,48930.85,157635,48932.0,48948.0,1466835,120,15
2025-01-29 09:38:36.069050,BANKNIFTY30JAN25F,BANKNIFTY,48947.1,157635,48932.0,48948.0,1466835,120,15
2025-01-29 09:38:37.422336,BANKNIFTY30JAN25F,BANKNIFTY,48948.0,159450,48931.75,48948.0,1466835,135,30
2025-01-29 09:38:38.816545,BANKNIFTY30JAN25F,BANKNIFTY,48948.0,160365,48948.0,48950.0,1466835,900,60
2025-01-29 09:38:40.138431,BANKNIFTY30JAN25F,BANKNIFTY,48948.0,162210,48948.0,48950.0,1466835,870,30
2025-01-29 09:38:41.503796,BANKNIFTY30JAN25F,BANKNIFTY,48948.0,162300,48948.0,48950.0,1466835,780,30
2025-01-29 09:38:42.829441,BANKNIFTY30JAN25F,BANKNIFTY,48950.0,162480,48950.0,48960.0,1466835,840,15
2025-01-29 09:38:44.316850,BANKNIFTY30JAN25F,BANKNIFTY,48950.0,162480,48950.0,48960.0,1466835,840,15
2025-01-29 09:38:45.632321,BANKNIFTY30JAN25F,BANKNIFTY,48950.0,162540,48950.0,48958.45,1466835,780,105
2025-01-29 09:38:46.949263,BANKNIFTY30JAN25F,BANKNIFTY,48950.0,162675,48950.0,48959.0,1466835,735,90
2025-01-29 09:38:48.823707,BANKNIFTY30JAN25F,BANKNIFTY,48962.4,162720,48951.0,48959.65,1466835,15,15
2025-01-29 09:38:50.503302,BANKNIFTY30JAN25F,BANKNIFTY,48960.0,163035,48950.0,48962.35,1466835,675,30
2025-01-29 09:38:51.839070,BANKNIFTY30JAN25F,BANKNIFTY,48950.0,163050,48943.05,48959.5,1466835,120,45
2025-01-29 09:38:53.186319,BANKNIFTY30JAN25F,BANKNIFTY,48959.45,163125,48946.5,48959.5,1466835,120,90
2025-01-29 09:38:54.525719,BANKNIFTY30JAN25F,BANKNIFTY,48959.45,163125,48946.5,48959.5,1466835,120,90
2025-01-29 09:38:55.847047,BANKNIFTY30JAN25F,BANKNIFTY,48950.0,164025,48950.0,48959.45,1466835,30,30
2025-01-29 09:38:57.329013,BANKNIFTY30JAN25F,BANKNIFTY,48959.5,165840,48950.0,48962.3,1466835,15,90
2025-01-29 09:38:58.768990,BANKNIFTY30JAN25F,BANKNIFTY,48954.6,165885,48950.0,48961.95,1466835,15,30
2025-01-29 09:39:00.346091,BANKNIFTY30JAN25F,BANKNIFTY,48950.0,166485,48950.15,48960.0,1466835,15,30
2025-01-29 09:39:01.991766,BANKNIFTY30JAN25F,BANKNIFTY,48950.0,166665,48954.2,48959.95,1466835,15,45
2025-01-29 09:39:03.628753,BANKNIFTY30JAN25F,BANKNIFTY,48959.4,166770,48950.0,48958.25,1466835,15,75
2025-01-29 09:39:06.488747,BANKNIFTY30JAN25F,BANKNIFTY,48945.0,166845,48945.0,48945.1,1466835,45,15
2025-01-29 09:39:07.977642,BANKNIFTY30JAN25F,BANKNIFTY,48945.1,166875,48945.0,48945.1,1466835,30,75
2025-01-29 09:39:09.397701,BANKNIFTY30JAN25F,BANKNIFTY,48940.95,166875,48945.0,48945.1,1466835,30,75
2025-01-29 09:39:10.749692,BANKNIFTY30JAN25F,BANKNIFTY,48945.1,167040,48945.1,48950.0,1466835,75,225
2025-01-29 09:39:12.252393,BANKNIFTY30JAN25F,BANKNIFTY,48950.0,167085,48945.15,48950.0,1466835,15,240
2025-01-29 09:39:14.018818,BANKNIFTY30JAN25F,BANKNIFTY,48945.0,167280,48945.15,48950.0,1466835,120,105
2025-01-29 09:39:15.795683,BANKNIFTY30JAN25F,BANKNIFTY,48945.1,167370,48944.75,48950.0,1466835,120,105
2025-01-29 09:39:17.499601,BANKNIFTY30JAN25F,BANKNIFTY,48945.2,167475,48945.2,48950.0,1466835,105,90
2025-01-29 09:39:19.143959,BANKNIFTY30JAN25F,BANKNIFTY,48947.4,167505,48947.45,48950.0,1466835,120,90
2025-01-29 09:39:20.552959,BANKNIFTY30JAN25F,BANKNIFTY,48945.0,167535,48945.0,48950.0,1466835,30,90
2025-01-29 09:39:21.928543,BANKNIFTY30JAN25F,BANKNIFTY,48941.65,167640,48942.3,48950.0,1466835,45,180
2025-01-29 09:39:23.501793,BANKNIFTY30JAN25F,BANKNIFTY,48942.55,167700,48942.4,48944.5,1466835,15,45
2025-01-29 09:39:24.928533,BANKNIFTY30JAN25F,BANKNIFTY,48944.5,167835,48940.0,48944.5,1466835,30,45
2025-01-29 09:39:26.256718,BANKNIFTY30JAN25F,BANKNIFTY,48939.45,167910,48939.0,48944.5,1466835,90,60
2025-01-29 09:39:27.598758,BANKNIFTY30JAN25F,BANKNIFTY,48943.3,167910,48939.0,48944.5,1466835,90,60
2025-01-29 09:39:28.972027,BANKNIFTY30JAN25F,BANKNIFTY,48943.5,167985,48943.5,48950.0,1466835,30,90
2025-01-29 09:39:30.320102,BANKNIFTY30JAN25F,BANKNIFTY,48939.55,168000,48939.55,48950.0,1466835,120,90
2025-01-29 09:39:31.658460,BANKNIFTY30JAN25F,BANKNIFTY,48940.25,168135,48939.9,48950.0,1466835,15,90
2025-01-29 09:39:33.185937,BANKNIFTY30JAN25F,BANKNIFTY,48935.95,168180,48935.95,48937.1,1466835,30,15
2025-01-29 09:39:34.528406,BANKNIFTY30JAN25F,BANKNIFTY,48936.4,168180,48935.95,48937.1,1466835,30,15
2025-01-29 09:39:35.928336,BANKNIFTY30JAN25F,BANKNIFTY,48941.1,168225,48937.9,48943.5,1466835,15,15
2025-01-29 09:39:37.245503,BANKNIFTY30JAN25F,BANKNIFTY,48943.5,168315,48942.7,48949.95,1466835,30,45
2025-01-29 09:39:38.638604,BANKNIFTY30JAN25F,BANKNIFTY,48940.5,168345,48940.5,48940.85,1466835,30,15
2025-01-29 09:39:39.972986,BANKNIFTY30JAN25F,BANKNIFTY,48940.5,168375,48940.45,48947.1,1466835,60,30
2025-01-29 09:39:41.306256,BANKNIFTY30JAN25F,BANKNIFTY,48940.5,168375,48941.35,48947.1,1466835,30,15
2025-01-29 09:39:42.671125,BANKNIFTY30JAN25F,BANKNIFTY,48940.5,168375,48941.35,48947.1,1466835,30,15
2025-01-29 09:39:44.099082,BANKNIFTY30JAN25F,BANKNIFTY,48945.05,168375,48943.65,48947.1,1466835,15,15
2025-01-29 09:39:45.530063,BANKNIFTY30JAN25F,BANKNIFTY,48944.75,168435,48944.75,48945.75,1466835,15,15
2025-01-29 09:39:46.898444,BANKNIFTY30JAN25F,BANKNIFTY,48944.75,168465,48941.1,48943.3,1466835,15,15
2025-01-29 09:39:48.238425,BANKNIFTY30JAN25F,BANKNIFTY,48942.45,168540,48942.45,48944.2,1466835,90,45
2025-01-29 09:39:50.039763,BANKNIFTY30JAN25F,BANKNIFTY,48944.2,168735,48940.4,48944.2,1466835,165,30
2025-01-29 09:39:51.365065,BANKNIFTY30JAN25F,BANKNIFTY,48940.0,168765,48938.65,48944.2,1466835,30,15
2025-01-29 09:39:52.677428,BANKNIFTY30JAN25F,BANKNIFTY,48944.6,168765,48938.65,48944.2,1466835,30,15
2025-01-29 09:39:54.081466,BANKNIFTY30JAN25F,BANKNIFTY,48940.3,168960,48939.15,48944.2,1466835,30,60
2025-01-29 09:39:55.663215,BANKNIFTY30JAN25F,BANKNIFTY,48941.75,168990,48941.6,48944.2,1466835,60,75
2025-01-29 09:39:56.988322,BANKNIFTY30JAN25F,BANKNIFTY,48944.2,169095,48944.2,48946.0,1466835,15,30
2025-01-29 09:39:58.355337,BANKNIFTY30JAN25F,BANKNIFTY,48942.35,169140,48942.35,48946.0,1466835,30,15
2025-01-29 09:39:59.854707,BANKNIFTY30JAN25F,BANKNIFTY,48946.0,169170,48944.15,48945.25,1466835,45,15
2025-01-29 09:40:01.178122,BANKNIFTY30JAN25F,BANKNIFTY,48946.0,169365,48945.7,48949.0,1466835,30,30
2025-01-29 09:40:02.509891,BANKNIFTY30JAN25F,BANKNIFTY,48942.85,169365,48945.7,48949.0,1466835,30,30
2025-01-29 09:40:03.838238,BANKNIFTY30JAN25F,BANKNIFTY,48949.0,170010,48942.3,48949.0,1466835,60,45
2025-01-29 09:40:05.177114,BANKNIFTY30JAN25F,BANKNIFTY,48949.0,170040,48940.3,48948.95,1466835,15,120
2025-01-29 09:40:06.498055,BANKNIFTY30JAN25F,BANKNIFTY,48947.1,170055,48940.3,48947.1,1466835,15,165
2025-01-29 09:40:08.618199,BANKNIFTY30JAN25F,BANKNIFTY,48935.0,170160,48935.0,48945.55,1466835,15,210
2025-01-29 09:40:10.006211,BANKNIFTY30JAN25F,BANKNIFTY,48934.0,170190,48934.0,48943.6,1472025,90,210
2025-01-29 09:40:11.557364,BANKNIFTY30JAN25F,BANKNIFTY,48934.0,170190,48934.0,48943.55,1472025,90,30
2025-01-29 09:40:13.143137,BANKNIFTY30JAN25F,BANKNIFTY,48934.0,170280,48930.0,48943.5,1472025,30,210
2025-01-29 09:40:14.465847,BANKNIFTY30JAN25F,BANKNIFTY,48932.3,170280,48932.85,48943.5,1472025,45,45
2025-01-29 09:40:15.917380,BANKNIFTY30JAN25F,BANKNIFTY,48930.0,170400,48930.0,48942.4,1472025,15,195
2025-01-29 09:40:17.418153,BANKNIFTY30JAN25F,BANKNIFTY,48930.0,170400,48930.0,48942.4,1472025,15,225
2025-01-29 09:40:19.078888,BANKNIFTY30JAN25F,BANKNIFTY,48930.0,170400,48930.0,48942.4,1472025,15,285
2025-01-29 09:40:21.178904,BANKNIFTY30JAN25F,BANKNIFTY,48930.0,170400,48930.0,48942.35,1472025,15,225
2025-01-29 09:40:22.988721,BANKNIFTY30JAN25F,BANKNIFTY,48930.0,170400,48930.0,48942.35,1472025,15,300
2025-01-29 09:40:24.648866,BANKNIFTY30JAN25F,BANKNIFTY,48927.5,170415,48927.6,48930.0,1472025,15,30
2025-01-29 09:40:26.165561,BANKNIFTY30JAN25F,BANKNIFTY,48925.75,170460,48925.05,48930.0,1472025,60,105
2025-01-29 09:40:27.816503,BANKNIFTY30JAN25F,BANKNIFTY,48927.0,170775,48928.2,48943.7,1472025,105,180
2025-01-29 09:40:30.818004,BANKNIFTY30JAN25F,BANKNIFTY,48927.0,170775,48925.4,48940.35,1472025,30,210
2025-01-29 09:40:32.229477,BANKNIFTY30JAN25F,BANKNIFTY,48927.0,170775,48926.6,48940.3,1472025,15,150
2025-01-29 09:40:33.687902,BANKNIFTY30JAN25F,BANKNIFTY,48927.0,170775,48926.6,48940.3,1472025,15,150
2025-01-29 09:40:35.030773,BANKNIFTY30JAN25F,BANKNIFTY,48939.45,170775,48935.4,48940.3,1472025,225,75
2025-01-29 09:40:36.350949,BANKNIFTY30JAN25F,BANKNIFTY,48945.0,170970,48943.35,48949.0,1472025,30,15
2025-01-29 09:40:37.682120,BANKNIFTY30JAN25F,BANKNIFTY,48945.0,170970,48944.95,48949.0,1472025,75,45
2025-01-29 09:40:39.007833,BANKNIFTY30JAN25F,BANKNIFTY,48950.6,171225,48950.6,48958.65,1472025,30,240
2025-01-29 09:40:40.327358,BANKNIFTY30JAN25F,BANKNIFTY,48950.6,171225,48950.6,48958.65,1472025,30,240
2025-01-29 09:40:41.645887,BANKNIFTY30JAN25F,BANKNIFTY,48941.9,171255,48941.9,48956.4,1472025,15,150
2025-01-29 09:40:42.974252,BANKNIFTY30JAN25F,BANKNIFTY,48955.75,171285,48938.3,48953.85,1472025,150,120
2025-01-29 09:40:44.357617,BANKNIFTY30JAN25F,BANKNIFTY,48955.75,171585,48939.75,48954.95,1472025,120,135
2025-01-29 09:40:45.740079,BANKNIFTY30JAN25F,BANKNIFTY,48955.75,171585,48940.9,48954.95,1472025,15,120
2025-01-29 09:40:47.077315,BANKNIFTY30JAN25F,BANKNIFTY,48955.75,171585,48935.7,48951.4,1472025,120,165
2025-01-29 09:40:48.447504,BANKNIFTY30JAN25F,BANKNIFTY,48955.75,171585,48935.7,48951.4,1472025,120,165
2025-01-29 09:40:49.783220,BANKNIFTY30JAN25F,BANKNIFTY,48950.65,171585,48936.95,48951.25,1472025,15,105
2025-01-29 09:40:51.137674,BANKNIFTY30JAN25F,BANKNIFTY,48950.65,171615,48933.3,48948.85,1472025,150,105
2025-01-29 09:40:52.499617,BANKNIFTY30JAN25F,BANKNIFTY,48950.65,171615,48935.2,48948.35,1472025,120,15
2025-01-29 09:40:53.884926,BANKNIFTY30JAN25F,BANKNIFTY,48948.35,171630,48937.2,48948.35,1472025,120,105
2025-01-29 09:40:55.304230,BANKNIFTY30JAN25F,BANKNIFTY,48937.4,171645,48935.8,48938.55,1472025,120,15
2025-01-29 09:40:56.733391,BANKNIFTY30JAN25F,BANKNIFTY,48948.35,171645,48935.8,48938.55,1472025,120,15
2025-01-29 09:40:58.077470,BANKNIFTY30JAN25F,BANKNIFTY,48936.6,171705,48936.2,48950.7,1472025,150,90
2025-01-29 09:40:59.433441,BANKNIFTY30JAN25F,BANKNIFTY,48936.6,171765,48939.05,48954.95,1472025,90,120
2025-01-29 09:41:00.818148,BANKNIFTY30JAN25F,BANKNIFTY,48936.6,171765,48942.65,48955.0,1472025,30,15
2025-01-29 09:41:02.187852,BANKNIFTY30JAN25F,BANKNIFTY,48936.6,171765,48940.75,48951.0,1472025,120,15
2025-01-29 09:41:03.556292,BANKNIFTY30JAN25F,BANKNIFTY,48936.6,171765,48939.85,48950.0,1472025,90,15
2025-01-29 09:41:04.908356,BANKNIFTY30JAN25F,BANKNIFTY,48950.0,171765,48939.85,48950.0,1472025,90,15
2025-01-29 09:41:06.281079,BANKNIFTY30JAN25F,BANKNIFTY,48942.55,171795,48943.7,48950.0,1472025,75,75
2025-01-29 09:41:07.979355,BANKNIFTY30JAN25F,BANKNIFTY,48950.0,171825,48939.75,48950.0,1472025,75,90
2025-01-29 09:41:09.419445,BANKNIFTY30JAN25F,BANKNIFTY,48943.1,171855,48945.1,48950.0,1472025,60,75
2025-01-29 09:41:10.807756,BANKNIFTY30JAN25F,BANKNIFTY,48945.7,171855,48945.6,48950.0,1472025,15,255
2025-01-29 09:41:12.245984,BANKNIFTY30JAN25F,BANKNIFTY,48945.7,171915,48943.95,48949.95,1472025,15,15
2025-01-29 09:41:13.619088,BANKNIFTY30JAN25F,BANKNIFTY,48949.95,171915,48946.1,48949.95,1472025,60,15
2025-01-29 09:41:15.057247,BANKNIFTY30JAN25F,BANKNIFTY,48949.6,172470,48949.35,48955.0,1472025,15,15
2025-01-29 09:41:16.487255,BANKNIFTY30JAN25F,BANKNIFTY,48955.0,172470,48949.35,48955.0,1472025,15,15
2025-01-29 09:41:17.837232,BANKNIFTY30JAN25F,BANKNIFTY,48945.7,172485,48942.1,48955.75,1472025,180,15
2025-01-29 09:41:19.223862,BANKNIFTY30JAN25F,BANKNIFTY,48945.7,172515,48940.0,48945.7,1472025,105,120
2025-01-29 09:41:20.603007,BANKNIFTY30JAN25F,BANKNIFTY,48945.7,172530,48940.0,48945.65,1472025,105,30
2025-01-29 09:41:22.053563,BANKNIFTY30JAN25F,BANKNIFTY,48940.0,172665,48931.0,48945.55,1472025,30,135
2025-01-29 09:41:23.457355,BANKNIFTY30JAN25F,BANKNIFTY,48938.25,172695,48931.0,48938.05,1472025,15,15
2025-01-29 09:41:24.914946,BANKNIFTY30JAN25F,BANKNIFTY,48938.25,172695,48931.0,48937.4,1472025,15,120
2025-01-29 09:41:26.247126,BANKNIFTY30JAN25F,BANKNIFTY,48931.0,172695,48931.0,48937.4,1472025,15,120
2025-01-29 09:41:27.590676,BANKNIFTY30JAN25F,BANKNIFTY,48925.0,172770,48925.05,48932.65,1472025,15,15
2025-01-29 09:41:28.907121,BANKNIFTY30JAN25F,BANKNIFTY,48925.0,172830,48924.55,48932.65,1472025,30,30
2025-01-29 09:41:30.307450,BANKNIFTY30JAN25F,BANKNIFTY,48925.0,172830,48926.6,48930.0,1472025,45,105
2025-01-29 09:41:31.666246,BANKNIFTY30JAN25F,BANKNIFTY,48930.0,172950,48925.7,48935.0,1472025,15,60
2025-01-29 09:41:33.481520,BANKNIFTY30JAN25F,BANKNIFTY,48930.0,172950,48925.0,48935.0,1472025,15,135
2025-01-29 09:41:35.066706,BANKNIFTY30JAN25F,BANKNIFTY,48930.0,172950,48929.65,48934.95,1472025,15,15
2025-01-29 09:41:36.525494,BANKNIFTY30JAN25F,BANKNIFTY,48931.2,172980,48926.35,48930.1,1472025,45,15
2025-01-29 09:41:38.100740,BANKNIFTY30JAN25F,BANKNIFTY,48931.2,172980,48928.7,48930.1,1472025,15,105
2025-01-29 09:41:39.668401,BANKNIFTY30JAN25F,BANKNIFTY,48927.1,173025,48927.45,48930.05,1472025,15,15
2025-01-29 09:41:41.245111,BANKNIFTY30JAN25F,BANKNIFTY,48935.0,173115,48927.1,48930.05,1472025,30,15
2025-01-29 09:41:42.740517,BANKNIFTY30JAN25F,BANKNIFTY,48926.6,173130,48929.7,48930.0,1472025,30,15
2025-01-29 09:41:44.430686,BANKNIFTY30JAN25F,BANKNIFTY,48934.7,173130,48929.7,48930.0,1472025,30,15
2025-01-29 09:41:46.388375,BANKNIFTY30JAN25F,BANKNIFTY,48934.7,173205,48928.1,48935.0,1472025,15,45
2025-01-29 09:41:48.005980,BANKNIFTY30JAN25F,BANKNIFTY,48929.5,173250,48928.25,48935.0,1472025,30,120
2025-01-29 09:41:49.439529,BANKNIFTY30JAN25F,BANKNIFTY,48929.5,173250,48928.25,48935.0,1472025,30,120
2025-01-29 09:41:50.740679,BANKNIFTY30JAN25F,BANKNIFTY,48931.55,173250,48930.3,48935.0,1472025,75,120
2025-01-29 09:41:52.096198,BANKNIFTY30JAN25F,BANKNIFTY,48931.55,173265,48930.15,48935.0,1472025,15,105
2025-01-29 09:41:53.431769,BANKNIFTY30JAN25F,BANKNIFTY,48931.1,173295,48931.65,48935.0,1472025,15,105
2025-01-29 09:41:54.836998,BANKNIFTY30JAN25F,BANKNIFTY,48932.7,173295,48932.7,48935.0,1472025,15,105
2025-01-29 09:41:56.259443,BANKNIFTY30JAN25F,BANKNIFTY,48931.55,173310,48932.3,48935.0,1472025,15,30
2025-01-29 09:41:57.605443,BANKNIFTY30JAN25F,BANKNIFTY,48931.55,173310,48932.3,48935.0,1472025,15,30
2025-01-29 09:41:58.956949,BANKNIFTY30JAN25F,BANKNIFTY,48934.55,173340,48931.3,48934.95,1472025,15,30
2025-01-29 09:42:00.307181,BANKNIFTY30JAN25F,BANKNIFTY,48935.6,173400,48933.35,48934.95,1472025,45,60
2025-01-29 09:42:01.627024,BANKNIFTY30JAN25F,BANKNIFTY,48935.6,173520,48932.65,48940.0,1472025,30,45
2025-01-29 09:42:02.968454,BANKNIFTY30JAN25F,BANKNIFTY,48932.6,173550,48928.0,48939.25,1472025,15,135
2025-01-29 09:42:04.426876,BANKNIFTY30JAN25F,BANKNIFTY,48932.6,173550,48930.0,48939.2,1472025,30,30
2025-01-29 09:42:05.733383,BANKNIFTY30JAN25F,BANKNIFTY,48932.6,173550,48930.0,48939.2,1472025,30,30
2025-01-29 09:42:07.082781,BANKNIFTY30JAN25F,BANKNIFTY,48932.6,173550,48930.0,48939.2,1472025,30,120
2025-01-29 09:42:08.421674,BANKNIFTY30JAN25F,BANKNIFTY,48932.6,173550,48934.55,48939.2,1472025,15,90
2025-01-29 09:42:09.759341,BANKNIFTY30JAN25F,BANKNIFTY,48934.55,173565,48931.85,48939.1,1472025,45,45
2025-01-29 09:42:11.073489,BANKNIFTY30JAN25F,BANKNIFTY,48933.5,173580,48931.7,48939.05,1472025,75,15
2025-01-29 09:42:12.386613,BANKNIFTY30JAN25F,BANKNIFTY,48932.3,173580,48931.7,48939.05,1472025,75,15
2025-01-29 09:42:13.867410,BANKNIFTY30JAN25F,BANKNIFTY,48939.05,173655,48932.25,48939.05,1472025,15,15
2025-01-29 09:42:15.276742,BANKNIFTY30JAN25F,BANKNIFTY,48939.05,173685,48931.7,48939.05,1472025,45,15
2025-01-29 09:42:16.648354,BANKNIFTY30JAN25F,BANKNIFTY,48932.5,173700,48935.1,48939.05,1472025,15,15
2025-01-29 09:42:18.005737,BANKNIFTY30JAN25F,BANKNIFTY,48935.1,173700,48935.1,48939.05,1472025,15,90
2025-01-29 09:42:19.359168,BANKNIFTY30JAN25F,BANKNIFTY,48935.1,173715,48933.25,48939.05,1472025,15,75
2025-01-29 09:42:20.676562,BANKNIFTY30JAN25F,BANKNIFTY,48935.1,173715,48933.25,48939.05,1472025,15,75
2025-01-29 09:42:22.003133,BANKNIFTY30JAN25F,BANKNIFTY,48939.05,173715,48934.4,48939.05,1472025,15,75
2025-01-29 09:42:23.589194,BANKNIFTY30JAN25F,BANKNIFTY,48935.1,173730,48935.1,48939.0,1472025,15,15
2025-01-29 09:42:24.923098,BANKNIFTY30JAN25F,BANKNIFTY,48938.75,173745,48931.0,48938.85,1472025,15,120
2025-01-29 09:42:26.440987,BANKNIFTY30JAN25F,BANKNIFTY,48931.0,173760,48931.0,48938.8,1472025,15,120
2025-01-29 09:42:28.077227,BANKNIFTY30JAN25F,BANKNIFTY,48930.0,173775,48930.05,48938.55,1472025,15,120
2025-01-29 09:42:29.606582,BANKNIFTY30JAN25F,BANKNIFTY,48930.0,173820,48926.7,48938.35,1472025,75,15
2025-01-29 09:42:30.937999,BANKNIFTY30JAN25F,BANKNIFTY,48932.65,173835,48934.9,48938.35,1472025,30,15
2025-01-29 09:42:32.286382,BANKNIFTY30JAN25F,BANKNIFTY,48933.75,173850,48932.4,48938.35,1472025,60,90
2025-01-29 09:42:33.788802,BANKNIFTY30JAN25F,BANKNIFTY,48938.35,173850,48932.4,48938.35,1472025,60,90
2025-01-29 09:42:35.224132,BANKNIFTY30JAN25F,BANKNIFTY,48938.35,173880,48930.1,48938.35,1472025,90,60
2025-01-29 09:42:36.544368,BANKNIFTY30JAN25F,BANKNIFTY,48938.35,173880,48930.1,48938.3,1472025,90,120
2025-01-29 09:42:37.916621,BANKNIFTY30JAN25F,BANKNIFTY,48938.35,173880,48930.1,48938.3,1472025,90,60
2025-01-29 09:42:39.536300,BANKNIFTY30JAN25F,BANKNIFTY,48930.1,173955,48938.35,48939.95,1472025,15,45
2025-01-29 09:42:41.017279,BANKNIFTY30JAN25F,BANKNIFTY,48938.35,173955,48938.35,48939.95,1472025,15,45
2025-01-29 09:42:42.496055,BANKNIFTY30JAN25F,BANKNIFTY,48939.9,173985,48930.1,48939.8,1472025,15,120
2025-01-29 09:42:44.142083,BANKNIFTY30JAN25F,BANKNIFTY,48939.9,173985,48926.45,48939.75,1472025,15,120
2025-01-29 09:42:46.476216,BANKNIFTY30JAN25F,BANKNIFTY,48925.0,173985,48925.0,48936.1,1472025,75,135
2025-01-29 09:42:47.996141,BANKNIFTY30JAN25F,BANKNIFTY,48933.1,174015,48925.0,48933.1,1472025,60,15
2025-01-29 09:42:49.836171,BANKNIFTY30JAN25F,BANKNIFTY,48933.1,174015,48925.2,48933.1,1472025,30,90
2025-01-29 09:42:51.622653,BANKNIFTY30JAN25F,BANKNIFTY,48938.15,174030,48925.0,48933.1,1472025,60,75
2025-01-29 09:42:53.380682,BANKNIFTY30JAN25F,BANKNIFTY,48925.0,174045,48925.0,48938.15,1472025,60,120
2025-01-29 09:42:54.956779,BANKNIFTY30JAN25F,BANKNIFTY,48925.0,174105,48925.45,48938.15,1472025,15,60
2025-01-29 09:42:57.243713,BANKNIFTY30JAN25F,BANKNIFTY,48926.5,174135,48923.7,48938.1,1472025,45,135
2025-01-29 09:42:58.910170,BANKNIFTY30JAN25F,BANKNIFTY,48938.0,174150,48932.1,48938.05,1472025,15,15
2025-01-29 09:43:00.452620,BANKNIFTY30JAN25F,BANKNIFTY,48937.95,174165,48930.0,48937.1,1472025,15,15
2025-01-29 09:43:02.040863,BANKNIFTY30JAN25F,BANKNIFTY,48937.1,174180,48930.85,48937.1,1472025,30,105
2025-01-29 09:43:03.808719,BANKNIFTY30JAN25F,BANKNIFTY,48938.75,174375,48934.95,48940.0,1472025,135,45
2025-01-29 09:43:05.156017,BANKNIFTY30JAN25F,BANKNIFTY,48940.0,174375,48934.95,48940.0,1472025,135,45
2025-01-29 09:43:06.560636,BANKNIFTY30JAN25F,BANKNIFTY,48945.0,174615,48939.4,48945.0,1472025,30,15
2025-01-29 09:43:07.916145,BANKNIFTY30JAN25F,BANKNIFTY,48937.3,174645,48938.25,48949.95,1472025,30,15
2025-01-29 09:43:09.266133,BANKNIFTY30JAN25F,BANKNIFTY,48958.65,174780,48947.4,48955.0,1471620,30,15
2025-01-29 09:43:10.616131,BANKNIFTY30JAN25F,BANKNIFTY,48962.4,175155,48950.4,48962.4,1471620,30,495
2025-01-29 09:43:11.991313,BANKNIFTY30JAN25F,BANKNIFTY,48957.05,175230,48954.4,48962.4,1471620,75,480
2025-01-29 09:43:13.666023,BANKNIFTY30JAN25F,BANKNIFTY,48955.95,175260,48953.75,48962.4,1471620,45,480
2025-01-29 09:43:14.995864,BANKNIFTY30JAN25F,BANKNIFTY,48962.4,175260,48953.75,48962.4,1471620,45,480
2025-01-29 09:43:16.326065,BANKNIFTY30JAN25F,BANKNIFTY,48962.4,175860,48945.0,48960.2,1471620,120,120
2025-01-29 09:43:17.644289,BANKNIFTY30JAN25F,BANKNIFTY,48959.2,175860,48945.75,48959.25,1471620,120,120
2025-01-29 09:43:20.031561,BANKNIFTY30JAN25F,BANKNIFTY,48959.15,175905,48950.0,48959.15,1471620,15,105
2025-01-29 09:43:21.375821,BANKNIFTY30JAN25F,BANKNIFTY,48959.15,175920,48950.0,48959.15,1471620,15,75
2025-01-29 09:43:23.237742,BANKNIFTY30JAN25F,BANKNIFTY,48950.0,175950,48950.0,48959.15,1471620,30,45
2025-01-29 09:43:24.595946,BANKNIFTY30JAN25F,BANKNIFTY,48950.0,175980,48947.6,48950.0,1471620,15,15
2025-01-29 09:43:25.945366,BANKNIFTY30JAN25F,BANKNIFTY,48947.6,176010,48943.3,48957.3,1471620,150,15
2025-01-29 09:43:27.297462,BANKNIFTY30JAN25F,BANKNIFTY,48947.6,176010,48952.5,48957.25,1471620,15,105
2025-01-29 09:43:28.807690,BANKNIFTY30JAN25F,BANKNIFTY,48937.35,176100,48936.0,48951.7,1471620,120,60
2025-01-29 09:43:30.145713,BANKNIFTY30JAN25F,BANKNIFTY,48950.0,176100,48936.0,48951.7,1471620,120,60
2025-01-29 09:43:31.482100,BANKNIFTY30JAN25F,BANKNIFTY,48943.75,176145,48936.55,48943.75,1471620,15,15
2025-01-29 09:43:32.814106,BANKNIFTY30JAN25F,BANKNIFTY,48943.75,176160,48940.1,48943.75,1471620,30,75
2025-01-29 09:43:34.137061,BANKNIFTY30JAN25F,BANKNIFTY,48948.0,176175,48940.1,48943.75,1471620,15,15
2025-01-29 09:43:35.485918,BANKNIFTY30JAN25F,BANKNIFTY,48940.1,176205,48940.1,48948.0,1471620,15,60
2025-01-29 09:43:36.880601,BANKNIFTY30JAN25F,BANKNIFTY,48940.1,176205,48940.1,48948.0,1471620,15,60
2025-01-29 09:43:38.223617,BANKNIFTY30JAN25F,BANKNIFTY,48940.0,176220,48934.55,48940.0,1471620,30,45
2025-01-29 09:43:39.535870,BANKNIFTY30JAN25F,BANKNIFTY,48940.0,176325,48942.0,48959.35,1471620,165,60
2025-01-29 09:43:40.893773,BANKNIFTY30JAN25F,BANKNIFTY,48957.25,176355,48942.75,48957.8,1471620,30,30
2025-01-29 09:43:42.244637,BANKNIFTY30JAN25F,BANKNIFTY,48957.05,176385,48940.9,48956.25,1471620,30,60
2025-01-29 09:43:43.566024,BANKNIFTY30JAN25F,BANKNIFTY,48954.8,176415,48940.0,48954.25,1471620,135,30
2025-01-29 09:43:44.885706,BANKNIFTY30JAN25F,BANKNIFTY,48954.8,176415,48940.0,48954.25,1471620,135,30
2025-01-29 09:43:46.256192,BANKNIFTY30JAN25F,BANKNIFTY,48940.0,176415,48940.0,48954.2,1471620,135,60
2025-01-29 09:43:47.656565,BANKNIFTY30JAN25F,BANKNIFTY,48940.0,176430,48940.0,48954.2,1471620,120,105
2025-01-29 09:43:49.483960,BANKNIFTY30JAN25F,BANKNIFTY,48959.0,176460,48943.1,48954.2,1471620,30,45
2025-01-29 09:43:50.828786,BANKNIFTY30JAN25F,BANKNIFTY,48945.0,176535,48943.25,48945.0,1471620,15,405
2025-01-29 09:43:52.206463,BANKNIFTY30JAN25F,BANKNIFTY,48960.95,176535,48944.1,48945.0,1471620,15,465
2025-01-29 09:43:53.605439,BANKNIFTY30JAN25F,BANKNIFTY,48950.0,177135,48952.35,48962.0,1471620,135,15
2025-01-29 09:43:54.942351,BANKNIFTY30JAN25F,BANKNIFTY,48962.0,177135,48952.35,48962.0,1471620,135,15
2025-01-29 09:43:56.265608,BANKNIFTY30JAN25F,BANKNIFTY,48962.6,177150,48957.15,48962.4,1471620,60,15
2025-01-29 09:43:57.802953,BANKNIFTY30JAN25F,BANKNIFTY,48962.6,177210,48949.75,48958.95,1471620,15,15
2025-01-29 09:43:59.140218,BANKNIFTY30JAN25F,BANKNIFTY,48963.75,177255,48951.35,48963.75,1471620,15,735
2025-01-29 09:44:00.655554,BANKNIFTY30JAN25F,BANKNIFTY,48963.75,177255,48957.55,48963.75,1471620,15,810
2025-01-29 09:44:01.970756,BANKNIFTY30JAN25F,BANKNIFTY,48963.75,177270,48945.4,48962.15,1471620,120,45
2025-01-29 09:44:03.349161,BANKNIFTY30JAN25F,BANKNIFTY,48960.05,177270,48945.4,48962.15,1471620,120,45
2025-01-29 09:44:04.784095,BANKNIFTY30JAN25F,BANKNIFTY,48957.1,177285,48942.3,48958.3,1471620,150,60
2025-01-29 09:44:06.126488,BANKNIFTY30JAN25F,BANKNIFTY,48942.6,177675,48940.45,48956.0,1471620,120,105
2025-01-29 09:44:07.479663,BANKNIFTY30JAN25F,BANKNIFTY,48949.6,177705,48940.05,48948.95,1471620,15,75
2025-01-29 09:44:08.810450,BANKNIFTY30JAN25F,BANKNIFTY,48945.75,177855,48940.0,48945.7,1471620,105,15
2025-01-29 09:44:10.175933,BANKNIFTY30JAN25F,BANKNIFTY,48940.0,177855,48940.0,48945.7,1471620,105,15
2025-01-29 09:44:11.586685,BANKNIFTY30JAN25F,BANKNIFTY,48946.0,177900,48940.0,48946.15,1471620,90,30
2025-01-29 09:44:12.898831,BANKNIFTY30JAN25F,BANKNIFTY,48940.0,177915,48940.0,48946.0,1471620,75,30
2025-01-29 09:44:14.317432,BANKNIFTY30JAN25F,BANKNIFTY,48940.0,177930,48940.0,48944.6,1471620,60,15
2025-01-29 09:44:15.750137,BANKNIFTY30JAN25F,BANKNIFTY,48938.0,178065,48935.0,48943.55,1471620,15,45
2025-01-29 09:44:17.220970,BANKNIFTY30JAN25F,BANKNIFTY,48925.0,178110,48920.35,48935.9,1471620,120,60
2025-01-29 09:44:18.535186,BANKNIFTY30JAN25F,BANKNIFTY,48915.0,178110,48920.35,48935.9,1471620,120,60
2025-01-29 09:44:19.887033,BANKNIFTY30JAN25F,BANKNIFTY,48922.2,178185,48915.55,48928.9,1471620,120,60
2025-01-29 09:44:21.359376,BANKNIFTY30JAN25F,BANKNIFTY,48925.2,178215,48913.35,48925.2,1471620,120,30
2025-01-29 09:44:22.675130,BANKNIFTY30JAN25F,BANKNIFTY,48920.35,178245,48920.3,48925.2,1471620,15,90
2025-01-29 09:44:23.970297,BANKNIFTY30JAN25F,BANKNIFTY,48928.05,178470,48928.15,48943.7,1471620,90,150
2025-01-29 09:44:25.355281,BANKNIFTY30JAN25F,BANKNIFTY,48933.0,178530,48934.2,48943.65,1471620,90,30
2025-01-29 09:44:26.731985,BANKNIFTY30JAN25F,BANKNIFTY,48933.0,178530,48934.2,48943.65,1471620,90,30
2025-01-29 09:44:28.078669,BANKNIFTY30JAN25F,BANKNIFTY,48933.0,178530,48933.45,48943.65,1471620,15,30
2025-01-29 09:44:29.389200,BANKNIFTY30JAN25F,BANKNIFTY,48933.0,178575,48927.5,48942.3,1471620,135,120
2025-01-29 09:44:31.555174,BANKNIFTY30JAN25F,BANKNIFTY,48933.0,178575,48930.15,48940.0,1471620,75,30
2025-01-29 09:44:32.975003,BANKNIFTY30JAN25F,BANKNIFTY,48935.0,178770,48935.25,48940.0,1471620,105,30
2025-01-29 09:44:35.582283,BANKNIFTY30JAN25F,BANKNIFTY,48933.7,178920,48932.95,48940.0,1471620,30,45
2025-01-29 09:44:37.110991,BANKNIFTY30JAN25F,BANKNIFTY,48928.2,178935,48929.7,48940.0,1471620,30,45
2025-01-29 09:44:38.504935,BANKNIFTY30JAN25F,BANKNIFTY,48928.2,178935,48929.7,48940.0,1471620,30,45
2025-01-29 09:44:39.859441,BANKNIFTY30JAN25F,BANKNIFTY,48935.0,178935,48932.6,48935.8,1471620,30,15
2025-01-29 09:44:41.199547,BANKNIFTY30JAN25F,BANKNIFTY,48933.7,178980,48932.65,48935.8,1471620,45,30
2025-01-29 09:44:42.518760,BANKNIFTY30JAN25F,BANKNIFTY,48939.05,179055,48939.05,48948.95,1471620,15,30
2025-01-29 09:44:43.873371,BANKNIFTY30JAN25F,BANKNIFTY,48948.95,179085,48942.85,48948.95,1471620,30,15
2025-01-29 09:44:45.308555,BANKNIFTY30JAN25F,BANKNIFTY,48948.95,179085,48941.75,48948.95,1471620,15,90
2025-01-29 09:44:46.725019,BANKNIFTY30JAN25F,BANKNIFTY,48948.95,179085,48941.75,48948.95,1471620,15,90
2025-01-29 09:44:48.079344,BANKNIFTY30JAN25F,BANKNIFTY,48948.95,179100,48942.3,48948.95,1471620,45,90
2025-01-29 09:44:49.433372,BANKNIFTY30JAN25F,BANKNIFTY,48948.95,179115,48944.35,48948.95,1471620,15,90
2025-01-29 09:44:50.744971,BANKNIFTY30JAN25F,BANKNIFTY,48948.95,179130,48942.9,48948.95,1471620,30,75
2025-01-29 09:44:52.079001,BANKNIFTY30JAN25F,BANKNIFTY,48943.35,179175,48941.4,48948.95,1471620,15,30
2025-01-29 09:44:53.394759,BANKNIFTY30JAN25F,BANKNIFTY,48945.1,179175,48941.4,48948.95,1471620,15,30
2025-01-29 09:44:54.964912,BANKNIFTY30JAN25F,BANKNIFTY,48945.1,179205,48943.95,48948.95,1471620,15,15
2025-01-29 09:44:56.271331,BANKNIFTY30JAN25F,BANKNIFTY,48949.9,179205,48940.55,48948.95,1471620,30,15
2025-01-29 09:44:57.614743,BANKNIFTY30JAN25F,BANKNIFTY,48949.9,179220,48937.95,48948.95,1471620,75,30
2025-01-29 09:44:58.954456,BANKNIFTY30JAN25F,BANKNIFTY,48948.95,179250,48940.0,48948.95,1471620,15,135
2025-01-29 09:45:00.999154,BANKNIFTY30JAN25F,BANKNIFTY,48948.95,179250,48940.0,48948.85,1471620,15,30
2025-01-29 09:45:02.334691,BANKNIFTY30JAN25F,BANKNIFTY,48940.0,179280,48937.25,48948.8,1471620,30,15
2025-01-29 09:45:03.665085,BANKNIFTY30JAN25F,BANKNIFTY,48948.8,179325,48940.3,48948.8,1471620,45,105
2025-01-29 09:45:04.995721,BANKNIFTY30JAN25F,BANKNIFTY,48948.8,179325,48940.3,48948.8,1471620,45,105
2025-01-29 09:45:06.324812,BANKNIFTY30JAN25F,BANKNIFTY,48940.8,179325,48937.2,48948.8,1471620,30,105
2025-01-29 09:45:07.720458,BANKNIFTY30JAN25F,BANKNIFTY,48940.8,179415,48942.95,48948.8,1471620,15,15
2025-01-29 09:45:09.056401,BANKNIFTY30JAN25F,BANKNIFTY,48948.95,179430,48944.85,48950.0,1471620,15,345
2025-01-29 09:45:10.374581,BANKNIFTY30JAN25F,BANKNIFTY,48948.95,179430,48947.4,48949.9,1471620,15,30
2025-01-29 09:45:11.838412,BANKNIFTY30JAN25F,BANKNIFTY,48948.45,179430,48947.4,48949.9,1471620,15,30
2025-01-29 09:45:13.485293,BANKNIFTY30JAN25F,BANKNIFTY,48948.05,179895,48947.8,48955.0,1471620,15,105
2025-01-29 09:45:15.055717,BANKNIFTY30JAN25F,BANKNIFTY,48955.0,179895,48947.8,48955.0,1471620,15,105
2025-01-29 09:45:16.371608,BANKNIFTY30JAN25F,BANKNIFTY,48958.95,180045,48948.7,48958.95,1471620,30,45
2025-01-29 09:45:17.724488,BANKNIFTY30JAN25F,BANKNIFTY,48958.95,180075,48947.2,48962.6,1471620,15,120
2025-01-29 09:45:19.069153,BANKNIFTY30JAN25F,BANKNIFTY,48960.0,180075,48947.0,48959.95,1471620,60,120
2025-01-29 09:45:20.400931,BANKNIFTY30JAN25F,BANKNIFTY,48948.35,180315,48948.3,48962.85,1471620,15,120
2025-01-29 09:45:21.724460,BANKNIFTY30JAN25F,BANKNIFTY,48948.35,180315,48948.3,48962.85,1471620,15,120
2025-01-29 09:45:23.092451,BANKNIFTY30JAN25F,BANKNIFTY,48948.35,180315,48950.7,48963.0,1471620,90,15
2025-01-29 09:45:24.461552,BANKNIFTY30JAN25F,BANKNIFTY,48948.35,180315,48953.9,48963.0,1471620,30,15
2025-01-29 09:45:25.784600,BANKNIFTY30JAN25F,BANKNIFTY,48960.4,180525,48957.05,48963.0,1471620,150,30
2025-01-29 09:45:27.124725,BANKNIFTY30JAN25F,BANKNIFTY,48957.8,180540,48959.05,48963.0,1471620,30,30
2025-01-29 09:45:28.474537,BANKNIFTY30JAN25F,BANKNIFTY,48959.05,180555,48957.85,48959.05,1471620,30,15
2025-01-29 09:45:29.843558,BANKNIFTY30JAN25F,BANKNIFTY,48959.05,180555,48957.85,48959.05,1471620,30,15
2025-01-29 09:45:31.163763,BANKNIFTY30JAN25F,BANKNIFTY,48959.05,180585,48956.25,48959.05,1471620,30,150
2025-01-29 09:45:32.521076,BANKNIFTY30JAN25F,BANKNIFTY,48959.05,180585,48950.0,48958.95,1471620,15,30
2025-01-29 09:45:33.868508,BANKNIFTY30JAN25F,BANKNIFTY,48959.05,180585,48950.0,48953.7,1471620,15,30
2025-01-29 09:45:35.187115,BANKNIFTY30JAN25F,BANKNIFTY,48953.7,180660,48950.6,48953.65,1471620,15,15
2025-01-29 09:45:36.532225,BANKNIFTY30JAN25F,BANKNIFTY,48953.7,180660,48950.6,48953.65,1471620,15,15
2025-01-29 09:45:37.874437,BANKNIFTY30JAN25F,BANKNIFTY,48953.65,180660,48951.55,48953.65,1471620,15,60
2025-01-29 09:45:39.194509,BANKNIFTY30JAN25F,BANKNIFTY,48953.35,180795,48953.05,48953.65,1471620,495,15
2025-01-29 09:45:40.524248,BANKNIFTY30JAN25F,BANKNIFTY,48953.65,180810,48956.85,48963.0,1471620,15,30
2025-01-29 09:45:42.268939,BANKNIFTY30JAN25F,BANKNIFTY,48953.65,180810,48953.0,48962.65,1471620,15,120
2025-01-29 09:45:43.604375,BANKNIFTY30JAN25F,BANKNIFTY,48953.65,180810,48953.0,48962.5,1471620,15,120
2025-01-29 09:45:44.954707,BANKNIFTY30JAN25F,BANKNIFTY,48953.65,180810,48953.0,48957.2,1471620,15,120
2025-01-29 09:45:46.294363,BANKNIFTY30JAN25F,BANKNIFTY,48953.0,180810,48953.0,48957.2,1471620,15,120
2025-01-29 09:45:47.617308,BANKNIFTY30JAN25F,BANKNIFTY,48931.8,181170,48931.35,48944.55,1471620,15,120
2025-01-29 09:45:48.968984,BANKNIFTY30JAN25F,BANKNIFTY,48931.8,181215,48926.3,48933.1,1471620,15,15
2025-01-29 09:45:50.324299,BANKNIFTY30JAN25F,BANKNIFTY,48933.1,181320,48933.5,48948.6,1471620,60,120
2025-01-29 09:45:51.642681,BANKNIFTY30JAN25F,BANKNIFTY,48933.1,181320,48934.9,48947.6,1471620,15,120
2025-01-29 09:45:52.991580,BANKNIFTY30JAN25F,BANKNIFTY,48931.3,181320,48934.9,48947.6,1471620,15,120
2025-01-29 09:45:54.364235,BANKNIFTY30JAN25F,BANKNIFTY,48946.35,181365,48933.75,48946.35,1471620,30,120
2025-01-29 09:45:55.689432,BANKNIFTY30JAN25F,BANKNIFTY,48946.35,181365,48932.1,48945.7,1471620,15,120
2025-01-29 09:45:57.003384,BANKNIFTY30JAN25F,BANKNIFTY,48946.35,181365,48933.25,48949.25,1471620,15,120
2025-01-29 09:45:58.347389,BANKNIFTY30JAN25F,BANKNIFTY,48929.8,181380,48929.5,48942.3,1471620,45,150
2025-01-29 09:45:59.729768,BANKNIFTY30JAN25F,BANKNIFTY,48942.3,181380,48929.5,48942.3,1471620,45,150
2025-01-29 09:46:01.081835,BANKNIFTY30JAN25F,BANKNIFTY,48930.0,181395,48929.15,48942.15,1471620,75,120
2025-01-29 09:46:02.431988,BANKNIFTY30JAN25F,BANKNIFTY,48927.8,181785,48922.85,48930.0,1471620,15,15
2025-01-29 09:46:03.823235,BANKNIFTY30JAN25F,BANKNIFTY,48926.5,181890,48926.5,48937.6,1471620,15,30
2025-01-29 09:46:05.174035,BANKNIFTY30JAN25F,BANKNIFTY,48930.0,181935,48927.0,48937.55,1471620,15,120
2025-01-29 09:46:06.571668,BANKNIFTY30JAN25F,BANKNIFTY,48920.0,181995,48916.4,48920.0,1471620,45,15
2025-01-29 09:46:07.924087,BANKNIFTY30JAN25F,BANKNIFTY,48935.8,181995,48916.4,48920.0,1471620,45,15
2025-01-29 09:46:09.254876,BANKNIFTY30JAN25F,BANKNIFTY,48935.8,182235,48919.95,48934.8,1471620,15,105
2025-01-29 09:46:10.605591,BANKNIFTY30JAN25F,BANKNIFTY,48942.35,182235,48917.9,48932.0,1468005,120,105
2025-01-29 09:46:12.188920,BANKNIFTY30JAN25F,BANKNIFTY,48942.35,182250,48921.25,48935.05,1468005,45,90
2025-01-29 09:46:13.505519,BANKNIFTY30JAN25F,BANKNIFTY,48921.25,182295,48921.4,48934.9,1468005,45,90
2025-01-29 09:46:14.847570,BANKNIFTY30JAN25F,BANKNIFTY,48927.25,182355,48926.05,48934.9,1468005,120,60
2025-01-29 09:46:16.176176,BANKNIFTY30JAN25F,BANKNIFTY,48924.15,182370,48923.35,48924.5,1468005,255,15
2025-01-29 09:46:17.578490,BANKNIFTY30JAN25F,BANKNIFTY,48921.8,182370,48923.35,48924.5,1468005,255,15
2025-01-29 09:46:18.911333,BANKNIFTY30JAN25F,BANKNIFTY,48924.6,182565,48923.9,48924.5,1468005,45,30
2025-01-29 09:46:20.249634,BANKNIFTY30JAN25F,BANKNIFTY,48924.5,182730,48924.3,48935.8,1468005,30,15
2025-01-29 09:46:21.579796,BANKNIFTY30JAN25F,BANKNIFTY,48934.8,182760,48921.7,48934.8,1468005,15,30
2025-01-29 09:46:22.917189,BANKNIFTY30JAN25F,BANKNIFTY,48934.8,182760,48921.7,48934.8,1468005,15,30
2025-01-29 09:46:24.248465,BANKNIFTY30JAN25F,BANKNIFTY,48924.5,182760,48925.65,48934.8,1468005,45,15
2025-01-29 09:46:25.595368,BANKNIFTY30JAN25F,BANKNIFTY,48924.5,182775,48924.6,48934.8,1468005,30,15
2025-01-29 09:46:26.939860,BANKNIFTY30JAN25F,BANKNIFTY,48924.5,182775,48925.85,48934.8,1468005,15,30
2025-01-29 09:46:28.331127,BANKNIFTY30JAN25F,BANKNIFTY,48924.5,182775,48926.5,48934.8,1468005,30,105
2025-01-29 09:46:29.720382,BANKNIFTY30JAN25F,BANKNIFTY,48924.5,182775,48922.4,48934.55,1468005,105,15
2025-01-29 09:46:31.101544,BANKNIFTY30JAN25F,BANKNIFTY,48924.5,182775,48922.4,48934.55,1468005,105,15
2025-01-29 09:46:32.446009,BANKNIFTY30JAN25F,BANKNIFTY,48921.55,182805,48921.55,48924.5,1468005,15,150
2025-01-29 09:46:33.781496,BANKNIFTY30JAN25F,BANKNIFTY,48921.55,182820,48920.0,48924.45,1468005,15,15
2025-01-29 09:46:35.100487,BANKNIFTY30JAN25F,BANKNIFTY,48915.7,182850,48917.15,48924.45,1468005,15,30
2025-01-29 09:46:36.469466,BANKNIFTY30JAN25F,BANKNIFTY,48910.2,182850,48910.2,48923.7,1468005,15,150
2025-01-29 09:46:37.782241,BANKNIFTY30JAN25F,BANKNIFTY,48912.75,182850,48910.2,48923.7,1468005,15,150
2025-01-29 09:46:39.112148,BANKNIFTY30JAN25F,BANKNIFTY,48914.6,183120,48913.9,48923.5,1468005,30,15
2025-01-29 09:46:40.452611,BANKNIFTY30JAN25F,BANKNIFTY,48915.05,183165,48914.35,48917.1,1468005,30,30
2025-01-29 09:46:41.782336,BANKNIFTY30JAN25F,BANKNIFTY,48912.5,183180,48912.25,48915.7,1468005,15,15
2025-01-29 09:46:43.113146,BANKNIFTY30JAN25F,BANKNIFTY,48909.1,183495,48908.2,48915.65,1468005,15,15
2025-01-29 09:46:44.482325,BANKNIFTY30JAN25F,BANKNIFTY,48915.7,183495,48908.2,48915.65,1468005,15,15
2025-01-29 09:46:45.818034,BANKNIFTY30JAN25F,BANKNIFTY,48908.0,183570,48906.35,48908.0,1468005,30,15
2025-01-29 09:46:47.192804,BANKNIFTY30JAN25F,BANKNIFTY,48904.4,183765,48905.0,48908.0,1468005,120,75
2025-01-29 09:46:48.533606,BANKNIFTY30JAN25F,BANKNIFTY,48910.7,183870,48909.2,48917.1,1468005,30,15
2025-01-29 09:46:49.867368,BANKNIFTY30JAN25F,BANKNIFTY,48911.35,183915,48910.5,48917.1,1468005,15,15
2025-01-29 09:46:51.177390,BANKNIFTY30JAN25F,BANKNIFTY,48911.35,183915,48910.5,48917.1,1468005,15,15
2025-01-29 09:46:52.520865,BANKNIFTY30JAN25F,BANKNIFTY,48919.1,184125,48913.35,48919.1,1468005,15,30
2025-01-29 09:46:53.862984,BANKNIFTY30JAN25F,BANKNIFTY,48916.2,184170,48918.0,48924.5,1468005,45,45
2025-01-29 09:46:55.199089,BANKNIFTY30JAN25F,BANKNIFTY,48918.1,184200,48915.85,48924.5,1468005,45,60
2025-01-29 09:46:56.532877,BANKNIFTY30JAN25F,BANKNIFTY,48918.1,184200,48913.65,48924.5,1468005,15,60
2025-01-29 09:46:57.853065,BANKNIFTY30JAN25F,BANKNIFTY,48918.1,184200,48913.65,48924.5,1468005,15,60
2025-01-29 09:46:59.176579,BANKNIFTY30JAN25F,BANKNIFTY,48916.4,184200,48916.4,48924.5,1468005,15,150
2025-01-29 09:47:00.502935,BANKNIFTY30JAN25F,BANKNIFTY,48915.75,184215,48920.1,48924.5,1468005,15,135
2025-01-29 09:47:01.882939,BANKNIFTY30JAN25F,BANKNIFTY,48915.75,184290,48917.45,48924.5,1468005,15,150
2025-01-29 09:47:03.244706,BANKNIFTY30JAN25F,BANKNIFTY,48916.55,184305,48917.0,48924.5,1468005,45,150
2025-01-29 09:47:04.608916,BANKNIFTY30JAN25F,BANKNIFTY,48920.15,184305,48917.0,48924.5,1468005,45,150
2025-01-29 09:47:05.935153,BANKNIFTY30JAN25F,BANKNIFTY,48915.0,184455,48916.45,48924.5,1468005,30,75
2025-01-29 09:47:07.283657,BANKNIFTY30JAN25F,BANKNIFTY,48916.85,184470,48917.6,48924.5,1468005,15,60
2025-01-29 09:47:08.952981,BANKNIFTY30JAN25F,BANKNIFTY,48918.35,184470,48920.6,48924.5,1468005,45,75
2025-01-29 09:47:10.418298,BANKNIFTY30JAN25F,BANKNIFTY,48918.35,184515,48917.7,48924.5,1468005,15,90
2025-01-29 09:47:11.823001,BANKNIFTY30JAN25F,BANKNIFTY,48918.25,184515,48916.4,48924.5,1468005,15,180
2025-01-29 09:47:13.181603,BANKNIFTY30JAN25F,BANKNIFTY,48918.15,184560,48917.95,48924.5,1468005,75,150
2025-01-29 09:47:14.534902,BANKNIFTY30JAN25F,BANKNIFTY,48924.5,184560,48917.95,48924.5,1468005,75,150
2025-01-29 09:47:15.882160,BANKNIFTY30JAN25F,BANKNIFTY,48924.5,184575,48916.2,48924.5,1468005,15,135
2025-01-29 09:47:17.236987,BANKNIFTY30JAN25F,BANKNIFTY,48924.5,184575,48917.8,48924.5,1468005,15,135
2025-01-29 09:47:18.777300,BANKNIFTY30JAN25F,BANKNIFTY,48923.15,184590,48922.0,48924.5,1468005,90,120
2025-01-29 09:47:20.117385,BANKNIFTY30JAN25F,BANKNIFTY,48924.5,184725,48924.35,48933.0,1468005,75,15
2025-01-29 09:47:21.426156,BANKNIFTY30JAN25F,BANKNIFTY,48925.0,184755,48925.05,48933.0,1468005,15,30
2025-01-29 09:47:22.739041,BANKNIFTY30JAN25F,BANKNIFTY,48925.1,184770,48924.7,48933.0,1468005,90,60
2025-01-29 09:47:24.171639,BANKNIFTY30JAN25F,BANKNIFTY,48925.1,184770,48924.7,48933.0,1468005,90,60
2025-01-29 09:47:25.483111,BANKNIFTY30JAN25F,BANKNIFTY,48933.0,184785,48924.4,48933.0,1468005,60,45
2025-01-29 09:47:26.823140,BANKNIFTY30JAN25F,BANKNIFTY,48920.0,184800,48920.0,48924.0,1468005,30,510
2025-01-29 09:47:28.153364,BANKNIFTY30JAN25F,BANKNIFTY,48920.0,184800,48920.0,48924.0,1468005,30,510
2025-01-29 09:47:29.573135,BANKNIFTY30JAN25F,BANKNIFTY,48920.0,184830,48912.55,48924.0,1468005,15,585
2025-01-29 09:47:30.909660,BANKNIFTY30JAN25F,BANKNIFTY,48920.0,184830,48912.55,48924.0,1468005,15,585
2025-01-29 09:47:32.252913,BANKNIFTY30JAN25F,BANKNIFTY,48924.0,184830,48920.0,48924.0,1468005,15,585
2025-01-29 09:47:33.593765,BANKNIFTY30JAN25F,BANKNIFTY,48922.95,184935,48923.15,48924.0,1468005,30,555
2025-01-29 09:47:34.942659,BANKNIFTY30JAN25F,BANKNIFTY,48923.95,185250,48921.8,48923.95,1468005,90,15
2025-01-29 09:47:36.715473,BANKNIFTY30JAN25F,BANKNIFTY,48921.15,185520,48917.7,48923.95,1468005,15,15
2025-01-29 09:47:38.053386,BANKNIFTY30JAN25F,BANKNIFTY,48923.8,185880,48921.55,48923.95,1468005,75,15
2025-01-29 09:47:39.397157,BANKNIFTY30JAN25F,BANKNIFTY,48921.75,185910,48922.95,48923.95,1468005,15,15
2025-01-29 09:47:40.726992,BANKNIFTY30JAN25F,BANKNIFTY,48923.95,185910,48922.95,48923.95,1468005,15,15
2025-01-29 09:47:42.044840,BANKNIFTY30JAN25F,BANKNIFTY,48927.0,185985,48923.65,48923.95,1468005,15,15
2025-01-29 09:47:43.352843,BANKNIFTY30JAN25F,BANKNIFTY,48927.0,186030,48926.75,48935.0,1468005,75,120
2025-01-29 09:47:44.674879,BANKNIFTY30JAN25F,BANKNIFTY,48935.8,186150,48935.2,48935.8,1468005,15,15
2025-01-29 09:47:46.043630,BANKNIFTY30JAN25F,BANKNIFTY,48935.8,186165,48932.9,48945.0,1468005,45,60
2025-01-29 09:47:47.393867,BANKNIFTY30JAN25F,BANKNIFTY,48933.75,186165,48932.9,48945.0,1468005,45,60
2025-01-29 09:47:48.717357,BANKNIFTY30JAN25F,BANKNIFTY,48932.6,186360,48932.55,48944.95,1468005,30,120
2025-01-29 09:47:50.063704,BANKNIFTY30JAN25F,BANKNIFTY,48920.5,186435,48920.1,48924.0,1468005,15,495
2025-01-29 09:47:51.372757,BANKNIFTY30JAN25F,BANKNIFTY,48924.05,187005,48927.2,48943.65,1468005,15,135
2025-01-29 09:47:52.695873,BANKNIFTY30JAN25F,BANKNIFTY,48924.05,187005,48925.45,48941.15,1468005,75,165
2025-01-29 09:47:54.052926,BANKNIFTY30JAN25F,BANKNIFTY,48941.05,187005,48925.45,48941.15,1468005,75,165
2025-01-29 09:47:55.378761,BANKNIFTY30JAN25F,BANKNIFTY,48941.05,187395,48930.15,48945.0,1468005,15,15
2025-01-29 09:47:56.699617,BANKNIFTY30JAN25F,BANKNIFTY,48941.05,187395,48928.1,48944.3,1468005,15,45
2025-01-29 09:47:58.032888,BANKNIFTY30JAN25F,BANKNIFTY,48941.05,187395,48929.75,48944.3,1468005,15,105
2025-01-29 09:47:59.374487,BANKNIFTY30JAN25F,BANKNIFTY,48926.45,187770,48926.75,48943.95,1468005,30,90
2025-01-29 09:48:01.612786,BANKNIFTY30JAN25F,BANKNIFTY,48923.85,188340,48924.55,48941.35,1468005,30,15
2025-01-29 09:48:03.035770,BANKNIFTY30JAN25F,BANKNIFTY,48939.95,189120,48925.15,48940.0,1468005,30,15
2025-01-29 09:48:04.902826,BANKNIFTY30JAN25F,BANKNIFTY,48935.75,189510,48921.6,48936.6,1468005,15,315
2025-01-29 09:48:06.286559,BANKNIFTY30JAN25F,BANKNIFTY,48934.0,189615,48920.35,48934.9,1468005,30,30
2025-01-29 09:48:07.890310,BANKNIFTY30JAN25F,BANKNIFTY,48920.35,190020,48916.4,48920.35,1468005,30,15
2025-01-29 09:48:09.202596,BANKNIFTY30JAN25F,BANKNIFTY,48926.0,190080,48913.05,48928.25,1468005,120,105
2025-01-29 09:48:10.557038,BANKNIFTY30JAN25F,BANKNIFTY,48926.0,190080,48913.05,48928.25,1468005,120,105
2025-01-29 09:48:11.912786,BANKNIFTY30JAN25F,BANKNIFTY,48926.0,190080,48911.55,48927.4,1468005,120,45
2025-01-29 09:48:13.241967,BANKNIFTY30JAN25F,BANKNIFTY,48901.0,190110,48901.0,48901.5,1468005,15,15
2025-01-29 09:48:14.575000,BANKNIFTY30JAN25F,BANKNIFTY,48900.95,190620,48890.0,48892.9,1468005,15,30
2025-01-29 09:48:15.902409,BANKNIFTY30JAN25F,BANKNIFTY,48892.0,190740,48892.55,48901.0,1468005,15,90
2025-01-29 09:48:17.242736,BANKNIFTY30JAN25F,BANKNIFTY,48892.55,190740,48892.55,48901.0,1468005,15,90
2025-01-29 09:48:18.572703,BANKNIFTY30JAN25F,BANKNIFTY,48892.15,190845,48892.0,48901.0,1468005,15,90
2025-01-29 09:48:19.912514,BANKNIFTY30JAN25F,BANKNIFTY,48893.65,190875,48895.05,48900.0,1468005,15,15
2025-01-29 09:48:21.273727,BANKNIFTY30JAN25F,BANKNIFTY,48890.4,191190,48893.3,48899.95,1468005,45,90
2025-01-29 09:48:22.593206,BANKNIFTY30JAN25F,BANKNIFTY,48893.65,191325,48892.0,48899.9,1468005,15,15
2025-01-29 09:48:23.912482,BANKNIFTY30JAN25F,BANKNIFTY,48892.0,191325,48892.0,48899.9,1468005,15,15
2025-01-29 09:48:25.462916,BANKNIFTY30JAN25F,BANKNIFTY,48892.0,191355,48888.0,48899.85,1468005,15,150
2025-01-29 09:48:26.812458,BANKNIFTY30JAN25F,BANKNIFTY,48894.2,191355,48890.15,48899.65,1468005,75,15
2025-01-29 09:48:28.149672,BANKNIFTY30JAN25F,BANKNIFTY,48894.2,191370,48891.15,48899.65,1468005,90,135
2025-01-29 09:48:29.503455,BANKNIFTY30JAN25F,BANKNIFTY,48892.8,191580,48893.45,48899.95,1468005,15,45
2025-01-29 09:48:30.976852,BANKNIFTY30JAN25F,BANKNIFTY,48892.8,191655,48898.35,48899.95,1468005,15,30
2025-01-29 09:48:32.287685,BANKNIFTY30JAN25F,BANKNIFTY,48899.95,191655,48898.35,48899.95,1468005,15,30
2025-01-29 09:48:33.613901,BANKNIFTY30JAN25F,BANKNIFTY,48898.5,191730,48896.95,48899.95,1468005,75,15
2025-01-29 09:48:35.019309,BANKNIFTY30JAN25F,BANKNIFTY,48898.5,191745,48897.85,48899.95,1468005,15,15
2025-01-29 09:48:36.332004,BANKNIFTY30JAN25F,BANKNIFTY,48898.5,191745,48896.1,48899.95,1468005,15,15
2025-01-29 09:48:37.717840,BANKNIFTY30JAN25F,BANKNIFTY,48896.9,191775,48896.9,48899.95,1468005,30,30
2025-01-29 09:48:39.042779,BANKNIFTY30JAN25F,BANKNIFTY,48895.25,192480,48893.2,48904.0,1468005,30,15
2025-01-29 09:48:40.512988,BANKNIFTY30JAN25F,BANKNIFTY,48904.0,192525,48898.0,48904.0,1468005,30,75
2025-01-29 09:48:41.930992,BANKNIFTY30JAN25F,BANKNIFTY,48904.0,192525,48898.0,48904.0,1468005,30,75
2025-01-29 09:48:43.264533,BANKNIFTY30JAN25F,BANKNIFTY,48900.45,192525,48902.1,48913.8,1468005,30,75
2025-01-29 09:48:44.628304,BANKNIFTY30JAN25F,BANKNIFTY,48900.45,192540,48900.95,48917.7,1468005,105,150
2025-01-29 09:48:45.972462,BANKNIFTY30JAN25F,BANKNIFTY,48900.45,192540,48899.05,48916.25,1468005,45,300
2025-01-29 09:48:47.296076,BANKNIFTY30JAN25F,BANKNIFTY,48900.45,192540,48899.0,48914.85,1468005,15,150
2025-01-29 09:48:48.622269,BANKNIFTY30JAN25F,BANKNIFTY,48900.45,192540,48899.0,48914.85,1468005,15,150
2025-01-29 09:48:49.932416,BANKNIFTY30JAN25F,BANKNIFTY,48896.35,192615,48898.55,48915.65,1468005,225,180
2025-01-29 09:48:51.253324,BANKNIFTY30JAN25F,BANKNIFTY,48891.05,192660,48890.0,48891.05,1468005,15,15
2025-01-29 09:48:52.565193,BANKNIFTY30JAN25F,BANKNIFTY,48885.0,192690,48885.0,48887.0,1468005,75,15
2025-01-29 09:48:53.902209,BANKNIFTY30JAN25F,BANKNIFTY,48871.0,193095,48871.0,48880.8,1468005,15,30
2025-01-29 09:48:55.238118,BANKNIFTY30JAN25F,BANKNIFTY,48876.1,193185,48878.15,48880.8,1468005,15,135
2025-01-29 09:48:56.922167,BANKNIFTY30JAN25F,BANKNIFTY,48880.8,193185,48878.15,48880.8,1468005,15,135
2025-01-29 09:48:58.244989,BANKNIFTY30JAN25F,BANKNIFTY,48885.0,193350,48885.4,48887.0,1468005,30,15
2025-01-29 09:48:59.562210,BANKNIFTY30JAN25F,BANKNIFTY,48886.45,193395,48886.9,48900.0,1468005,45,15
2025-01-29 09:49:00.872320,BANKNIFTY30JAN25F,BANKNIFTY,48886.45,193425,48887.25,48900.0,1468005,15,45
2025-01-29 09:49:02.266244,BANKNIFTY30JAN25F,BANKNIFTY,48886.45,193425,48893.25,48900.0,1468005,15,60
2025-01-29 09:49:03.604017,BANKNIFTY30JAN25F,BANKNIFTY,48886.45,193425,48893.25,48900.0,1468005,15,60
2025-01-29 09:49:04.935286,BANKNIFTY30JAN25F,BANKNIFTY,48893.8,193425,48892.55,48900.0,1468005,30,60
2025-01-29 09:49:06.300214,BANKNIFTY30JAN25F,BANKNIFTY,48900.0,193485,48895.7,48900.0,1468005,15,45
2025-01-29 09:49:07.647381,BANKNIFTY30JAN25F,BANKNIFTY,48897.4,193650,48897.4,48914.2,1468005,45,120
2025-01-29 09:49:08.982033,BANKNIFTY30JAN25F,BANKNIFTY,48897.4,193695,48903.45,48920.15,1468005,15,150
2025-01-29 09:49:10.298514,BANKNIFTY30JAN25F,BANKNIFTY,48897.4,193695,48903.45,48920.15,1468005,15,150
2025-01-29 09:49:11.608332,BANKNIFTY30JAN25F,BANKNIFTY,48905.15,194595,48903.05,48919.8,1466805,30,120
2025-01-29 09:49:12.932014,BANKNIFTY30JAN25F,BANKNIFTY,48905.15,195570,48909.5,48919.8,1466805,15,75
2025-01-29 09:49:14.252792,BANKNIFTY30JAN25F,BANKNIFTY,48905.15,195570,48907.8,48919.8,1466805,30,15
2025-01-29 09:49:15.602944,BANKNIFTY30JAN25F,BANKNIFTY,48907.75,195600,48906.55,48919.75,1466805,15,30
2025-01-29 09:49:16.976077,BANKNIFTY30JAN25F,BANKNIFTY,48907.3,195600,48906.55,48919.75,1466805,15,30
2025-01-29 09:49:18.334348,BANKNIFTY30JAN25F,BANKNIFTY,48906.75,195735,48907.4,48919.65,1466805,30,30
2025-01-29 09:49:20.030603,BANKNIFTY30JAN25F,BANKNIFTY,48907.8,195735,48907.4,48919.65,1466805,30,30
2025-01-29 09:49:21.333482,BANKNIFTY30JAN25F,BANKNIFTY,48907.8,195750,48913.25,48919.6,1466805,165,30
2025-01-29 09:49:22.673382,BANKNIFTY30JAN25F,BANKNIFTY,48920.0,195750,48918.55,48919.55,1466805,75,30
2025-01-29 09:49:24.019777,BANKNIFTY30JAN25F,BANKNIFTY,48920.0,195840,48917.15,48919.55,1466805,30,90
2025-01-29 09:49:25.435445,BANKNIFTY30JAN25F,BANKNIFTY,48919.55,195840,48917.15,48919.55,1466805,30,90
2025-01-29 09:49:26.762472,BANKNIFTY30JAN25F,BANKNIFTY,48919.55,195975,48918.15,48924.0,1466805,15,1695
2025-01-29 09:49:28.091883,BANKNIFTY30JAN25F,BANKNIFTY,48919.55,195975,48919.2,48924.0,1466805,30,1710
2025-01-29 09:49:29.447721,BANKNIFTY30JAN25F,BANKNIFTY,48924.0,195975,48921.4,48924.0,1466805,15,1710
2025-01-29 09:49:30.818311,BANKNIFTY30JAN25F,BANKNIFTY,48925.9,197760,48926.1,48929.95,1466805,15,30
2025-01-29 09:49:32.173725,BANKNIFTY30JAN25F,BANKNIFTY,48929.95,197805,48922.2,48929.95,1466805,30,15
2025-01-29 09:49:33.477941,BANKNIFTY30JAN25F,BANKNIFTY,48929.95,197805,48922.2,48929.95,1466805,30,15
2025-01-29 09:49:34.810343,BANKNIFTY30JAN25F,BANKNIFTY,48925.05,197865,48918.85,48925.05,1466805,15,15
2025-01-29 09:49:36.144366,BANKNIFTY30JAN25F,BANKNIFTY,48922.55,197880,48923.35,48929.95,1466805,30,15
2025-01-29 09:49:37.471970,BANKNIFTY30JAN25F,BANKNIFTY,48922.55,197895,48922.4,48929.95,1466805,15,15
2025-01-29 09:49:38.831959,BANKNIFTY30JAN25F,BANKNIFTY,48922.05,197925,48922.05,48929.95,1466805,15,90
2025-01-29 09:49:40.168469,BANKNIFTY30JAN25F,BANKNIFTY,48929.95,197925,48922.05,48929.95,1466805,15,90
2025-01-29 09:49:41.602760,BANKNIFTY30JAN25F,BANKNIFTY,48929.95,197955,48920.0,48929.9,1466805,15,120
2025-01-29 09:49:42.931757,BANKNIFTY30JAN25F,BANKNIFTY,48929.95,197955,48923.6,48929.9,1466805,30,75
2025-01-29 09:49:44.301749,BANKNIFTY30JAN25F,BANKNIFTY,48923.1,197955,48923.1,48929.9,1466805,15,75
2025-01-29 09:49:45.672253,BANKNIFTY30JAN25F,BANKNIFTY,48920.8,198120,48920.0,48920.8,1466805,15,75
2025-01-29 09:49:47.001891,BANKNIFTY30JAN25F,BANKNIFTY,48920.8,198120,48920.0,48920.8,1466805,15,75
2025-01-29 09:49:48.361696,BANKNIFTY30JAN25F,BANKNIFTY,48923.1,198210,48922.95,48930.0,1466805,15,45
2025-01-29 09:49:49.859203,BANKNIFTY30JAN25F,BANKNIFTY,48918.2,198240,48912.25,48926.85,1466805,15,120
2025-01-29 09:49:51.239905,BANKNIFTY30JAN25F,BANKNIFTY,48924.65,198255,48910.3,48924.65,1466805,15,120
2025-01-29 09:49:52.589084,BANKNIFTY30JAN25F,BANKNIFTY,48911.45,198300,48911.85,48926.15,1466805,15,120
2025-01-29 09:49:53.951816,BANKNIFTY30JAN25F,BANKNIFTY,48911.45,198300,48910.6,48922.0,1466805,30,15
2025-01-29 09:49:55.332951,BANKNIFTY30JAN25F,BANKNIFTY,48911.45,198300,48910.6,48922.0,1466805,30,15
2025-01-29 09:49:57.010298,BANKNIFTY30JAN25F,BANKNIFTY,48917.75,198315,48903.55,48910.25,1466805,30,30
2025-01-29 09:49:58.336895,BANKNIFTY30JAN25F,BANKNIFTY,48915.0,198375,48903.4,48910.25,1466805,45,60
2025-01-29 09:49:59.655524,BANKNIFTY30JAN25F,BANKNIFTY,48906.1,198375,48906.05,48910.25,1466805,30,60
2025-01-29 09:50:01.116793,BANKNIFTY30JAN25F,BANKNIFTY,48910.75,198600,48910.25,48918.95,1466805,15,60
2025-01-29 09:50:02.468714,BANKNIFTY30JAN25F,BANKNIFTY,48911.35,198720,48910.8,48919.0,1466805,15,15
2025-01-29 09:50:03.808925,BANKNIFTY30JAN25F,BANKNIFTY,48911.35,198720,48903.7,48918.25,1466805,30,150
2025-01-29 09:50:05.148709,BANKNIFTY30JAN25F,BANKNIFTY,48911.35,198720,48903.7,48918.25,1466805,30,150
2025-01-29 09:50:06.449202,BANKNIFTY30JAN25F,BANKNIFTY,48910.55,198720,48901.1,48914.65,1466805,15,120
2025-01-29 09:50:07.849032,BANKNIFTY30JAN25F,BANKNIFTY,48910.55,198735,48898.85,48913.5,1466805,15,120
2025-01-29 09:50:09.186735,BANKNIFTY30JAN25F,BANKNIFTY,48910.55,198735,48897.9,48913.3,1466805,45,120
2025-01-29 09:50:10.485559,BANKNIFTY30JAN25F,BANKNIFTY,48910.55,198735,48897.9,48913.3,1466805,45,120
2025-01-29 09:50:11.811027,BANKNIFTY30JAN25F,BANKNIFTY,48910.55,198735,48895.45,48910.6,1466805,15,150
2025-01-29 09:50:13.171647,BANKNIFTY30JAN25F,BANKNIFTY,48896.95,198735,48896.9,48909.95,1466805,15,120
2025-01-29 09:50:14.502468,BANKNIFTY30JAN25F,BANKNIFTY,48899.4,198810,48899.4,48910.0,1466805,15,15
2025-01-29 09:50:15.836112,BANKNIFTY30JAN25F,BANKNIFTY,48896.9,198900,48895.8,48909.95,1466805,15,120
2025-01-29 09:50:17.194228,BANKNIFTY30JAN25F,BANKNIFTY,48896.9,198900,48896.65,48909.95,1466805,15,120
2025-01-29 09:50:18.511600,BANKNIFTY30JAN25F,BANKNIFTY,48897.2,198900,48896.65,48909.95,1466805,15,120
2025-01-29 09:50:19.887113,BANKNIFTY30JAN25F,BANKNIFTY,48896.2,198975,48896.2,48908.65,1466805,30,120
2025-01-29 09:50:21.228358,BANKNIFTY30JAN25F,BANKNIFTY,48896.2,199005,48895.0,48907.5,1466805,15,120
2025-01-29 09:50:22.589902,BANKNIFTY30JAN25F,BANKNIFTY,48896.2,199005,48895.0,48907.5,1466805,15,15
2025-01-29 09:50:23.936509,BANKNIFTY30JAN25F,BANKNIFTY,48907.5,199035,48905.1,48907.5,1466805,45,105
2025-01-29 09:50:25.282799,BANKNIFTY30JAN25F,BANKNIFTY,48910.0,199035,48905.1,48907.5,1466805,45,105
2025-01-29 09:50:26.598305,BANKNIFTY30JAN25F,BANKNIFTY,48910.0,199155,48909.05,48919.0,1466805,15,15
2025-01-29 09:50:27.958598,BANKNIFTY30JAN25F,BANKNIFTY,48910.0,199155,48907.3,48919.0,1466805,30,15
2025-01-29 09:50:29.305070,BANKNIFTY30JAN25F,BANKNIFTY,48910.0,199155,48904.2,48918.25,1466805,15,120
2025-01-29 09:50:31.846695,BANKNIFTY30JAN25F,BANKNIFTY,48904.4,199155,48904.75,48918.95,1466805,15,120
2025-01-29 09:50:33.193909,BANKNIFTY30JAN25F,BANKNIFTY,48910.0,199230,48903.8,48910.0,1466805,15,45
2025-01-29 09:50:37.921414,BANKNIFTY30JAN25F,BANKNIFTY,48912.6,199275,48910.0,48912.6,1466805,75,30
2025-01-29 09:50:40.101370,BANKNIFTY30JAN25F,BANKNIFTY,48910.0,199380,48910.0,48912.55,1466805,30,75
2025-01-29 09:50:42.298353,BANKNIFTY30JAN25F,BANKNIFTY,48900.5,199440,48896.95,48909.35,1466805,15,120
2025-01-29 09:50:43.835072,BANKNIFTY30JAN25F,BANKNIFTY,48905.0,199440,48905.0,48909.35,1466805,15,90
2025-01-29 09:50:45.311180,BANKNIFTY30JAN25F,BANKNIFTY,48905.0,199440,48905.0,48909.35,1466805,15,90
2025-01-29 09:50:46.606319,BANKNIFTY30JAN25F,BANKNIFTY,48905.0,199455,48901.0,48901.3,1466805,15,15
2025-01-29 09:50:47.964224,BANKNIFTY30JAN25F,BANKNIFTY,48901.3,199515,48899.3,48910.0,1466805,15,15
2025-01-29 09:50:49.291125,BANKNIFTY30JAN25F,BANKNIFTY,48898.95,199635,48902.4,48910.0,1466805,15,15
2025-01-29 09:50:50.641185,BANKNIFTY30JAN25F,BANKNIFTY,48903.35,199650,48902.75,48909.95,1466805,15,15
2025-01-29 09:50:51.974556,BANKNIFTY30JAN25F,BANKNIFTY,48903.35,199650,48902.75,48909.95,1466805,15,15
2025-01-29 09:50:53.295224,BANKNIFTY30JAN25F,BANKNIFTY,48909.9,199650,48903.85,48909.95,1466805,15,120
2025-01-29 09:50:54.608951,BANKNIFTY30JAN25F,BANKNIFTY,48909.9,199680,48907.5,48909.95,1466805,15,105
2025-01-29 09:50:55.931066,BANKNIFTY30JAN25F,BANKNIFTY,48905.7,199680,48905.7,48909.95,1466805,15,135
2025-01-29 09:50:57.298384,BANKNIFTY30JAN25F,BANKNIFTY,48905.7,199695,48907.2,48909.9,1466805,15,15
2025-01-29 09:50:58.631048,BANKNIFTY30JAN25F,BANKNIFTY,48905.7,199695,48905.9,48909.85,1466805,15,45
2025-01-29 09:50:59.963486,BANKNIFTY30JAN25F,BANKNIFTY,48905.7,199695,48905.9,48909.85,1466805,15,45
2025-01-29 09:51:01.328744,BANKNIFTY30JAN25F,BANKNIFTY,48899.1,199725,48899.1,48900.0,1466805,30,15
2025-01-29 09:51:02.715106,BANKNIFTY30JAN25F,BANKNIFTY,48897.55,199770,48897.55,48898.15,1466805,15,15
2025-01-29 09:51:04.359104,BANKNIFTY30JAN25F,BANKNIFTY,48898.15,199905,48897.9,48898.15,1466805,15,30
2025-01-29 09:51:05.683262,BANKNIFTY30JAN25F,BANKNIFTY,48895.8,200010,48895.8,48896.9,1466805,15,15
2025-01-29 09:51:07.014553,BANKNIFTY30JAN25F,BANKNIFTY,48895.45,200010,48895.8,48896.9,1466805,15,15
2025-01-29 09:51:08.348130,BANKNIFTY30JAN25F,BANKNIFTY,48894.55,200055,48894.55,48895.0,1466805,30,30
2025-01-29 09:51:09.656466,BANKNIFTY30JAN25F,BANKNIFTY,48896.75,200205,48896.75,48896.85,1466805,15,75
2025-01-29 09:51:10.990957,BANKNIFTY30JAN25F,BANKNIFTY,48893.55,200325,48893.35,48895.0,1466805,15,15
2025-01-29 09:51:12.328631,BANKNIFTY30JAN25F,BANKNIFTY,48896.9,200385,48894.5,48905.7,1466805,15,30
2025-01-29 09:51:13.790908,BANKNIFTY30JAN25F,BANKNIFTY,48890.1,200400,48890.1,48892.85,1466805,15,30
2025-01-29 09:51:15.104357,BANKNIFTY30JAN25F,BANKNIFTY,48891.55,200400,48890.1,48892.85,1466805,15,30
2025-01-29 09:51:16.684317,BANKNIFTY30JAN25F,BANKNIFTY,48888.0,200550,48890.0,48890.1,1466805,15,15
2025-01-29 09:51:18.035344,BANKNIFTY30JAN25F,BANKNIFTY,48886.15,200640,48886.15,48890.1,1466805,15,30
2025-01-29 09:51:19.369651,BANKNIFTY30JAN25F,BANKNIFTY,48890.1,200700,48889.05,48890.1,1466805,15,15
2025-01-29 09:51:20.705627,BANKNIFTY30JAN25F,BANKNIFTY,48890.05,200775,48891.15,48898.0,1466805,30,30
2025-01-29 09:51:22.039567,BANKNIFTY30JAN25F,BANKNIFTY,48889.45,200775,48891.15,48898.0,1466805,30,30
2025-01-29 09:51:23.374033,BANKNIFTY30JAN25F,BANKNIFTY,48898.0,200790,48889.3,48898.0,1466805,15,105
2025-01-29 09:51:24.690994,BANKNIFTY30JAN25F,BANKNIFTY,48886.35,200910,48888.15,48900.0,1466805,15,15
2025-01-29 09:51:26.042436,BANKNIFTY30JAN25F,BANKNIFTY,48886.35,200940,48885.15,48890.0,1466805,15,15
2025-01-29 09:51:27.477198,BANKNIFTY30JAN25F,BANKNIFTY,48890.0,200970,48888.35,48900.0,1466805,30,15
2025-01-29 09:51:28.840873,BANKNIFTY30JAN25F,BANKNIFTY,48890.0,200970,48888.1,48900.0,1466805,15,15
2025-01-29 09:51:30.200926,BANKNIFTY30JAN25F,BANKNIFTY,48890.0,200970,48888.1,48900.0,1466805,15,15
2025-01-29 09:51:31.590897,BANKNIFTY30JAN25F,BANKNIFTY,48890.0,200970,48891.9,48900.0,1466805,15,15
2025-01-29 09:51:32.900917,BANKNIFTY30JAN25F,BANKNIFTY,48890.0,200970,48892.9,48900.0,1466805,15,15
2025-01-29 09:51:34.239320,BANKNIFTY30JAN25F,BANKNIFTY,48900.0,200985,48888.55,48900.0,1466805,15,30
2025-01-29 09:51:35.610695,BANKNIFTY30JAN25F,BANKNIFTY,48900.0,201000,48895.7,48900.0,1466805,15,15
2025-01-29 09:51:36.943170,BANKNIFTY30JAN25F,BANKNIFTY,48900.0,201180,48899.65,48910.0,1466805,15,15
2025-01-29 09:51:38.807845,BANKNIFTY30JAN25F,BANKNIFTY,48909.9,201210,48899.95,48910.0,1466805,30,15
2025-01-29 09:51:40.140828,BANKNIFTY30JAN25F,BANKNIFTY,48909.9,201210,48899.95,48910.0,1466805,30,15
2025-01-29 09:51:41.479814,BANKNIFTY30JAN25F,BANKNIFTY,48903.8,201225,48903.9,48910.0,1466805,30,15
2025-01-29 09:51:42.808210,BANKNIFTY30JAN25F,BANKNIFTY,48910.0,201270,48909.2,48910.0,1466805,15,15
2025-01-29 09:51:44.204884,BANKNIFTY30JAN25F,BANKNIFTY,48910.0,201270,48907.55,48909.95,1466805,15,15
2025-01-29 09:51:45.520782,BANKNIFTY30JAN25F,BANKNIFTY,48909.95,201285,48914.4,48920.0,1466805,15,210
2025-01-29 09:51:47.070787,BANKNIFTY30JAN25F,BANKNIFTY,48914.4,201300,48912.6,48920.0,1466805,90,225
2025-01-29 09:51:48.417449,BANKNIFTY30JAN25F,BANKNIFTY,48914.4,201300,48912.6,48920.0,1466805,90,225
2025-01-29 09:51:49.762562,BANKNIFTY30JAN25F,BANKNIFTY,48919.85,201315,48913.55,48919.9,1466805,15,15
2025-01-29 09:51:51.097439,BANKNIFTY30JAN25F,BANKNIFTY,48919.85,201330,48911.15,48919.85,1466805,15,30
2025-01-29 09:51:52.483118,BANKNIFTY30JAN25F,BANKNIFTY,48898.35,201345,48904.75,48909.55,1466805,15,15
2025-01-29 09:51:53.860907,BANKNIFTY30JAN25F,BANKNIFTY,48900.95,201390,48899.1,48909.5,1466805,15,15
2025-01-29 09:51:55.200696,BANKNIFTY30JAN25F,BANKNIFTY,48900.95,201390,48899.1,48909.5,1466805,15,15
2025-01-29 09:51:56.604857,BANKNIFTY30JAN25F,BANKNIFTY,48900.95,201390,48899.35,48909.4,1466805,15,15
2025-01-29 09:51:57.924958,BANKNIFTY30JAN25F,BANKNIFTY,48897.95,201405,48897.95,48909.4,1466805,15,105
2025-01-29 09:51:59.351458,BANKNIFTY30JAN25F,BANKNIFTY,48897.85,201510,48902.3,48909.35,1466805,15,30
2025-01-29 09:52:00.732608,BANKNIFTY30JAN25F,BANKNIFTY,48897.85,201510,48892.0,48906.7,1466805,180,120
2025-01-29 09:52:02.055482,BANKNIFTY30JAN25F,BANKNIFTY,48892.0,201540,48892.0,48903.95,1466805,150,120
2025-01-29 09:52:04.388604,BANKNIFTY30JAN25F,BANKNIFTY,48892.0,201555,48892.0,48903.25,1466805,135,120
2025-01-29 09:52:05.702535,BANKNIFTY30JAN25F,BANKNIFTY,48892.0,201555,48895.0,48903.25,1466805,15,30
2025-01-29 09:52:07.010469,BANKNIFTY30JAN25F,BANKNIFTY,48895.95,201585,48892.0,48903.15,1466805,135,15
2025-01-29 09:52:08.338139,BANKNIFTY30JAN25F,BANKNIFTY,48895.95,201585,48892.0,48903.15,1466805,135,15
2025-01-29 09:52:09.646824,BANKNIFTY30JAN25F,BANKNIFTY,48895.95,201585,48894.2,48897.95,1466805,15,30
2025-01-29 09:52:10.971031,BANKNIFTY30JAN25F,BANKNIFTY,48895.95,201585,48893.05,48897.85,1466805,15,15
2025-01-29 09:52:12.372677,BANKNIFTY30JAN25F,BANKNIFTY,48895.95,201585,48896.2,48897.85,1466805,15,105
2025-01-29 09:52:13.704489,BANKNIFTY30JAN25F,BANKNIFTY,48897.8,201585,48896.2,48897.85,1466265,15,105
2025-01-29 09:52:15.040495,BANKNIFTY30JAN25F,BANKNIFTY,48897.95,201645,48896.1,48897.95,1466265,15,15
2025-01-29 09:52:16.380439,BANKNIFTY30JAN25F,BANKNIFTY,48897.95,201645,48895.35,48897.95,1466265,15,30
2025-01-29 09:52:17.700088,BANKNIFTY30JAN25F,BANKNIFTY,48902.3,201780,48899.55,48910.0,1466265,15,15
2025-01-29 09:52:19.036200,BANKNIFTY30JAN25F,BANKNIFTY,48902.3,201960,48901.6,48910.0,1466265,15,15
2025-01-29 09:52:20.380466,BANKNIFTY30JAN25F,BANKNIFTY,48902.3,201960,48903.1,48909.95,1466265,15,15
2025-01-29 09:52:21.710462,BANKNIFTY30JAN25F,BANKNIFTY,48902.3,201960,48903.1,48909.95,1466265,15,15
2025-01-29 09:52:23.066902,BANKNIFTY30JAN25F,BANKNIFTY,48910.0,201960,48907.6,48909.95,1466265,15,30
2025-01-29 09:52:24.380439,BANKNIFTY30JAN25F,BANKNIFTY,48910.0,202080,48907.35,48919.85,1466265,15,120
2025-01-29 09:52:25.713687,BANKNIFTY30JAN25F,BANKNIFTY,48910.0,202080,48906.4,48919.9,1466265,45,120
2025-01-29 09:52:27.056691,BANKNIFTY30JAN25F,BANKNIFTY,48910.0,202080,48909.95,48918.85,1466265,15,120
2025-01-29 09:52:28.386596,BANKNIFTY30JAN25F,BANKNIFTY,48910.0,202080,48909.95,48918.85,1466265,15,120
2025-01-29 09:52:29.710377,BANKNIFTY30JAN25F,BANKNIFTY,48910.0,202095,48910.0,48920.0,1466265,15,270
2025-01-29 09:52:31.062070,BANKNIFTY30JAN25F,BANKNIFTY,48909.95,202095,48910.0,48920.0,1466265,15,285
2025-01-29 09:52:32.399396,BANKNIFTY30JAN25F,BANKNIFTY,48909.95,202125,48907.8,48918.9,1466265,15,15
2025-01-29 09:52:33.740326,BANKNIFTY30JAN25F,BANKNIFTY,48909.95,202125,48910.0,48918.9,1466265,30,15
2025-01-29 09:52:35.082484,BANKNIFTY30JAN25F,BANKNIFTY,48908.85,202125,48910.0,48918.9,1466265,30,15
2025-01-29 09:52:36.416811,BANKNIFTY30JAN25F,BANKNIFTY,48910.0,202230,48909.2,48918.9,1466265,15,75
2025-01-29 09:52:37.762826,BANKNIFTY30JAN25F,BANKNIFTY,48910.0,202230,48911.5,48918.9,1466265,15,75
2025-01-29 09:52:39.320100,BANKNIFTY30JAN25F,BANKNIFTY,48910.0,202230,48914.95,48918.85,1466265,15,15
2025-01-29 09:52:40.634450,BANKNIFTY30JAN25F,BANKNIFTY,48915.55,202230,48916.55,48918.85,1466265,15,90
2025-01-29 09:52:42.010270,BANKNIFTY30JAN25F,BANKNIFTY,48915.55,202245,48914.95,48918.8,1466265,15,15
2025-01-29 09:52:43.350764,BANKNIFTY30JAN25F,BANKNIFTY,48918.8,202245,48914.95,48918.8,1466265,15,15
2025-01-29 09:52:44.704759,BANKNIFTY30JAN25F,BANKNIFTY,48918.8,202275,48913.2,48918.8,1466265,30,15
2025-01-29 09:52:46.057810,BANKNIFTY30JAN25F,BANKNIFTY,48918.8,202275,48913.05,48918.8,1466265,15,15
2025-01-29 09:52:47.373482,BANKNIFTY30JAN25F,BANKNIFTY,48918.8,202275,48913.65,48918.8,1466265,15,15
2025-01-29 09:52:48.773429,BANKNIFTY30JAN25F,BANKNIFTY,48914.8,202350,48915.35,48920.0,1466265,15,255
2025-01-29 09:52:50.101209,BANKNIFTY30JAN25F,BANKNIFTY,48914.8,202350,48917.75,48920.0,1466265,15,255
2025-01-29 09:52:51.455823,BANKNIFTY30JAN25F,BANKNIFTY,48914.8,202350,48917.75,48920.0,1466265,15,255
2025-01-29 09:52:52.804715,BANKNIFTY30JAN25F,BANKNIFTY,48914.05,202350,48916.45,48920.0,1466265,15,330
2025-01-29 09:52:54.133025,BANKNIFTY30JAN25F,BANKNIFTY,48908.4,202395,48914.0,48915.0,1466265,15,30
2025-01-29 09:52:55.461281,BANKNIFTY30JAN25F,BANKNIFTY,48914.8,202470,48906.05,48915.0,1466265,15,105
2025-01-29 09:52:56.758321,BANKNIFTY30JAN25F,BANKNIFTY,48914.8,202470,48906.05,48915.0,1466265,15,105
2025-01-29 09:52:58.087408,BANKNIFTY30JAN25F,BANKNIFTY,48908.2,202470,48905.7,48915.0,1466265,15,105
2025-01-29 09:52:59.406589,BANKNIFTY30JAN25F,BANKNIFTY,48909.95,202575,48908.3,48915.0,1466265,15,15
2025-01-29 09:53:00.754451,BANKNIFTY30JAN25F,BANKNIFTY,48915.0,202605,48912.75,48915.0,1466265,30,15
2025-01-29 09:53:02.107937,BANKNIFTY30JAN25F,BANKNIFTY,48915.0,202620,48911.65,48920.0,1466265,30,255
2025-01-29 09:53:03.444098,BANKNIFTY30JAN25F,BANKNIFTY,48914.65,202695,48913.0,48915.0,1466265,15,60
2025-01-29 09:53:04.770067,BANKNIFTY30JAN25F,BANKNIFTY,48915.0,202695,48913.0,48915.0,1466265,15,60
2025-01-29 09:53:06.099345,BANKNIFTY30JAN25F,BANKNIFTY,48911.6,202740,48910.95,48915.0,1466265,15,90
2025-01-29 09:53:07.426963,BANKNIFTY30JAN25F,BANKNIFTY,48912.55,202770,48913.35,48915.0,1466265,30,75
2025-01-29 09:53:08.764181,BANKNIFTY30JAN25F,BANKNIFTY,48915.0,202845,48917.8,48920.0,1466265,15,255
2025-01-29 09:53:10.090624,BANKNIFTY30JAN25F,BANKNIFTY,48920.0,202995,48915.75,48920.0,1466265,90,120
2025-01-29 09:53:11.417306,BANKNIFTY30JAN25F,BANKNIFTY,48920.0,202995,48915.75,48920.0,1466265,90,120
2025-01-29 09:53:12.740707,BANKNIFTY30JAN25F,BANKNIFTY,48921.0,203190,48921.0,48925.0,1466265,90,45
2025-01-29 09:53:18.789947,BANKNIFTY30JAN25F,BANKNIFTY,48927.0,203220,48921.0,48925.0,1466265,90,45
2025-01-29 09:53:20.908349,BANKNIFTY30JAN25F,BANKNIFTY,48925.0,203325,48918.95,48925.0,1466265,15,60
2025-01-29 09:53:23.929705,BANKNIFTY30JAN25F,BANKNIFTY,48925.0,203325,48925.0,48929.9,1466265,15,15
2025-01-29 09:53:25.236949,BANKNIFTY30JAN25F,BANKNIFTY,48925.0,203325,48925.0,48929.8,1466265,45,135
2025-01-29 09:53:26.538128,BANKNIFTY30JAN25F,BANKNIFTY,48925.0,203325,48925.0,48929.8,1466265,45,135
2025-01-29 09:53:27.858328,BANKNIFTY30JAN25F,BANKNIFTY,48915.4,203370,48919.25,48929.8,1466265,75,15
2025-01-29 09:53:29.167372,BANKNIFTY30JAN25F,BANKNIFTY,48915.0,203415,48915.8,48929.65,1466265,15,135
2025-01-29 09:53:30.524075,BANKNIFTY30JAN25F,BANKNIFTY,48915.0,203430,48915.0,48925.25,1466265,15,120
2025-01-29 09:53:31.852330,BANKNIFTY30JAN25F,BANKNIFTY,48915.0,203445,48910.4,48923.9,1466265,15,120
2025-01-29 09:53:33.165837,BANKNIFTY30JAN25F,BANKNIFTY,48915.0,203445,48910.4,48923.9,1466265,15,120
2025-01-29 09:53:34.549788,BANKNIFTY30JAN25F,BANKNIFTY,48915.0,203445,48916.75,48925.4,1466265,75,30
2025-01-29 09:53:35.926613,BANKNIFTY30JAN25F,BANKNIFTY,48913.25,203445,48915.95,48925.0,1466265,15,15
2025-01-29 09:53:37.249760,BANKNIFTY30JAN25F,BANKNIFTY,48913.25,203505,48915.1,48925.0,1466265,15,90
2025-01-29 09:53:38.614576,BANKNIFTY30JAN25F,BANKNIFTY,48907.75,203505,48909.05,48919.0,1466265,30,30
2025-01-29 09:53:39.920884,BANKNIFTY30JAN25F,BANKNIFTY,48909.25,203505,48909.05,48919.0,1466265,30,30
2025-01-29 09:53:41.304565,BANKNIFTY30JAN25F,BANKNIFTY,48909.25,203580,48910.45,48919.0,1466265,30,120
2025-01-29 09:53:42.638873,BANKNIFTY30JAN25F,BANKNIFTY,48909.5,203655,48911.5,48919.0,1466265,15,60
2025-01-29 09:53:44.009190,BANKNIFTY30JAN25F,BANKNIFTY,48919.0,203775,48907.35,48920.1,1466265,15,120
2025-01-29 09:53:45.323586,BANKNIFTY30JAN25F,BANKNIFTY,48919.0,203775,48907.7,48920.7,1466265,15,120
2025-01-29 09:53:46.712585,BANKNIFTY30JAN25F,BANKNIFTY,48919.0,203775,48908.9,48923.4,1466265,15,120
2025-01-29 09:53:48.051375,BANKNIFTY30JAN25F,BANKNIFTY,48919.0,203775,48908.9,48923.4,1466265,15,120
2025-01-29 09:53:49.347776,BANKNIFTY30JAN25F,BANKNIFTY,48919.0,203775,48912.6,48923.55,1466265,30,15
2025-01-29 09:53:50.665832,BANKNIFTY30JAN25F,BANKNIFTY,48919.0,203775,48911.95,48923.55,1466265,45,105
2025-01-29 09:53:52.157118,BANKNIFTY30JAN25F,BANKNIFTY,48905.0,203865,48904.95,48917.15,1466265,15,120
2025-01-29 09:53:53.459631,BANKNIFTY30JAN25F,BANKNIFTY,48905.0,203865,48905.15,48917.0,1466265,15,120
2025-01-29 09:53:54.874626,BANKNIFTY30JAN25F,BANKNIFTY,48905.0,203865,48905.15,48917.0,1466265,15,120
2025-01-29 09:53:56.192549,BANKNIFTY30JAN25F,BANKNIFTY,48900.0,203865,48903.8,48915.05,1466265,15,120
2025-01-29 09:53:57.532070,BANKNIFTY30JAN25F,BANKNIFTY,48900.0,203910,48898.85,48911.1,1466265,15,120
2025-01-29 09:53:58.879382,BANKNIFTY30JAN25F,BANKNIFTY,48910.2,204030,48900.55,48911.1,1466265,15,15
2025-01-29 09:54:00.205937,BANKNIFTY30JAN25F,BANKNIFTY,48910.2,204030,48897.7,48912.5,1466265,45,120
2025-01-29 09:54:01.557908,BANKNIFTY30JAN25F,BANKNIFTY,48910.2,204030,48897.7,48912.5,1466265,45,120
2025-01-29 09:54:02.903135,BANKNIFTY30JAN25F,BANKNIFTY,48910.2,204030,48905.5,48912.5,1466265,45,15
2025-01-29 09:54:04.246355,BANKNIFTY30JAN25F,BANKNIFTY,48912.5,204045,48903.6,48918.45,1466265,15,120
2025-01-29 09:54:05.564390,BANKNIFTY30JAN25F,BANKNIFTY,48902.7,204090,48901.95,48916.5,1466265,75,120
2025-01-29 09:54:06.874834,BANKNIFTY30JAN25F,BANKNIFTY,48902.7,204090,48903.7,48907.6,1466265,15,15
2025-01-29 09:54:08.191344,BANKNIFTY30JAN25F,BANKNIFTY,48902.05,204150,48902.85,48907.55,1466265,15,15
2025-01-29 09:54:09.683012,BANKNIFTY30JAN25F,BANKNIFTY,48902.05,204150,48902.85,48907.55,1466265,15,15
2025-01-29 09:54:10.999268,BANKNIFTY30JAN25F,BANKNIFTY,48904.25,204180,48901.2,48907.55,1466265,45,90
2025-01-29 09:54:12.317339,BANKNIFTY30JAN25F,BANKNIFTY,48907.6,204315,48908.3,48915.0,1466265,15,15
2025-01-29 09:54:13.609416,BANKNIFTY30JAN25F,BANKNIFTY,48907.6,204315,48908.65,48915.0,1466265,15,15
2025-01-29 09:54:14.920521,BANKNIFTY30JAN25F,BANKNIFTY,48907.6,204315,48908.65,48915.0,1466265,15,15
2025-01-29 09:54:16.269373,BANKNIFTY30JAN25F,BANKNIFTY,48907.6,204315,48906.85,48915.0,1466265,75,15
2025-01-29 09:54:17.619206,BANKNIFTY30JAN25F,BANKNIFTY,48906.95,204315,48906.1,48915.0,1466265,15,15
2025-01-29 09:54:18.955363,BANKNIFTY30JAN25F,BANKNIFTY,48901.45,204345,48901.45,48907.75,1466265,15,45
2025-01-29 09:54:20.274706,BANKNIFTY30JAN25F,BANKNIFTY,48907.75,204525,48901.45,48907.75,1466265,15,15
2025-01-29 09:54:21.573801,BANKNIFTY30JAN25F,BANKNIFTY,48907.75,204525,48901.45,48907.75,1466265,15,15
2025-01-29 09:54:22.877132,BANKNIFTY30JAN25F,BANKNIFTY,48903.1,204555,48902.0,48907.75,1466265,15,105
2025-01-29 09:54:24.217534,BANKNIFTY30JAN25F,BANKNIFTY,48907.75,204555,48900.95,48907.75,1466265,30,105
2025-01-29 09:54:25.557540,BANKNIFTY30JAN25F,BANKNIFTY,48907.75,204615,48899.5,48907.75,1466265,15,45
2025-01-29 09:54:26.878264,BANKNIFTY30JAN25F,BANKNIFTY,48899.3,204660,48900.0,48913.05,1466265,15,120
2025-01-29 09:54:28.200862,BANKNIFTY30JAN25F,BANKNIFTY,48899.3,204660,48900.0,48913.05,1466265,15,120
2025-01-29 09:54:29.515882,BANKNIFTY30JAN25F,BANKNIFTY,48899.3,204660,48900.75,48914.55,1466265,15,120
2025-01-29 09:54:30.842870,BANKNIFTY30JAN25F,BANKNIFTY,48899.3,204660,48901.35,48914.85,1466265,30,120
2025-01-29 09:54:32.166277,BANKNIFTY30JAN25F,BANKNIFTY,48899.3,204660,48904.85,48915.0,1466265,90,15
2025-01-29 09:54:33.469278,BANKNIFTY30JAN25F,BANKNIFTY,48915.0,205410,48912.05,48915.0,1466265,15,90
2025-01-29 09:54:34.837323,BANKNIFTY30JAN25F,BANKNIFTY,48911.4,205410,48912.05,48915.0,1466265,15,90
2025-01-29 09:54:36.195668,BANKNIFTY30JAN25F,BANKNIFTY,48911.4,205590,48910.3,48912.05,1466265,15,15
2025-01-29 09:54:37.496522,BANKNIFTY30JAN25F,BANKNIFTY,48911.4,205590,48910.85,48912.05,1466265,15,15
2025-01-29 09:54:38.839005,BANKNIFTY30JAN25F,BANKNIFTY,48912.05,205605,48909.35,48920.0,1466265,15,120
2025-01-29 09:54:40.179135,BANKNIFTY30JAN25F,BANKNIFTY,48912.05,205605,48911.3,48912.95,1466265,15,15
2025-01-29 09:54:41.519231,BANKNIFTY30JAN25F,BANKNIFTY,48908.15,205605,48911.3,48912.95,1466265,15,15
2025-01-29 09:54:42.853493,BANKNIFTY30JAN25F,BANKNIFTY,48908.15,205650,48903.95,48910.0,1466265,15,30
2025-01-29 09:54:44.485242,BANKNIFTY30JAN25F,BANKNIFTY,48908.15,205650,48902.15,48910.0,1466265,15,30
2025-01-29 09:54:45.829076,BANKNIFTY30JAN25F,BANKNIFTY,48908.15,205650,48901.85,48902.95,1466265,15,15
2025-01-29 09:54:47.141308,BANKNIFTY30JAN25F,BANKNIFTY,48902.95,205695,48903.65,48910.0,1466265,30,105
2025-01-29 09:54:48.458906,BANKNIFTY30JAN25F,BANKNIFTY,48910.0,205695,48904.15,48910.0,1466265,15,180
2025-01-29 09:54:49.816710,BANKNIFTY30JAN25F,BANKNIFTY,48910.0,205725,48902.35,48910.0,1466265,75,165
2025-01-29 09:54:51.158953,BANKNIFTY30JAN25F,BANKNIFTY,48903.8,205725,48902.35,48910.0,1466265,75,165
2025-01-29 09:54:52.502097,BANKNIFTY30JAN25F,BANKNIFTY,48903.8,205740,48902.15,48910.0,1466265,30,165
2025-01-29 09:54:53.806651,BANKNIFTY30JAN25F,BANKNIFTY,48910.0,205740,48906.95,48910.0,1466265,15,165
2025-01-29 09:54:55.110453,BANKNIFTY30JAN25F,BANKNIFTY,48908.75,205875,48904.55,48909.6,1466265,15,15
2025-01-29 09:54:57.446431,BANKNIFTY30JAN25F,BANKNIFTY,48903.8,205875,48903.85,48909.6,1466265,15,15
2025-01-29 09:54:58.765203,BANKNIFTY30JAN25F,BANKNIFTY,48903.8,205905,48905.25,48909.6,1466265,15,15
2025-01-29 09:55:00.149171,BANKNIFTY30JAN25F,BANKNIFTY,48919.9,205935,48909.6,48919.85,1466265,15,120
2025-01-29 09:55:01.468800,BANKNIFTY30JAN25F,BANKNIFTY,48919.85,206055,48909.6,48913.85,1466265,15,105
2025-01-29 09:55:02.788873,BANKNIFTY30JAN25F,BANKNIFTY,48901.9,206130,48903.0,48913.85,1466265,15,90
2025-01-29 09:55:07.213374,BANKNIFTY30JAN25F,BANKNIFTY,48901.9,206160,48901.8,48913.55,1466265,15,15
2025-01-29 09:55:08.623738,BANKNIFTY30JAN25F,BANKNIFTY,48903.0,206190,48902.8,48913.55,1466265,15,75
2025-01-29 09:55:09.937162,BANKNIFTY30JAN25F,BANKNIFTY,48903.0,206190,48901.85,48913.75,1466265,15,30
2025-01-29 09:55:11.284266,BANKNIFTY30JAN25F,BANKNIFTY,48900.85,206190,48901.85,48913.75,1466265,15,30
2025-01-29 09:55:12.781476,BANKNIFTY30JAN25F,BANKNIFTY,48906.65,207000,48901.5,48913.75,1462680,15,30
2025-01-29 09:55:14.345525,BANKNIFTY30JAN25F,BANKNIFTY,48906.65,207135,48904.6,48913.75,1462680,15,30
2025-01-29 09:55:15.690863,BANKNIFTY30JAN25F,BANKNIFTY,48906.65,207135,48906.0,48913.75,1462680,15,30
2025-01-29 09:55:17.002294,BANKNIFTY30JAN25F,BANKNIFTY,48906.65,207135,48907.0,48913.75,1462680,30,30
2025-01-29 09:55:18.354441,BANKNIFTY30JAN25F,BANKNIFTY,48906.65,207135,48906.65,48913.75,1462680,75,120
2025-01-29 09:55:19.876497,BANKNIFTY30JAN25F,BANKNIFTY,48906.65,207135,48906.65,48913.75,1462680,75,180
2025-01-29 09:55:21.202485,BANKNIFTY30JAN25F,BANKNIFTY,48906.65,207135,48906.65,48913.75,1462680,75,180
2025-01-29 09:55:22.548769,BANKNIFTY30JAN25F,BANKNIFTY,48906.65,207135,48906.65,48913.75,1462680,165,210
2025-01-29 09:55:24.068926,BANKNIFTY30JAN25F,BANKNIFTY,48906.65,207165,48906.65,48912.9,1462680,135,30
2025-01-29 09:55:25.368719,BANKNIFTY30JAN25F,BANKNIFTY,48900.0,207300,48900.0,48911.85,1462680,30,120
2025-01-29 09:55:26.694769,BANKNIFTY30JAN25F,BANKNIFTY,48903.5,207405,48903.7,48911.85,1462680,15,105
2025-01-29 09:55:28.039041,BANKNIFTY30JAN25F,BANKNIFTY,48904.95,207405,48903.7,48911.85,1462680,15,105
2025-01-29 09:55:29.338578,BANKNIFTY30JAN25F,BANKNIFTY,48904.95,207435,48903.35,48911.75,1462680,75,15
2025-01-29 09:55:30.656359,BANKNIFTY30JAN25F,BANKNIFTY,48911.75,207435,48905.35,48911.75,1462680,60,105
2025-01-29 09:55:32.130475,BANKNIFTY30JAN25F,BANKNIFTY,48911.75,207450,48900.0,48911.25,1462680,150,120
2025-01-29 09:55:33.517654,BANKNIFTY30JAN25F,BANKNIFTY,48911.75,207450,48900.0,48909.55,1462680,150,120
2025-01-29 09:55:34.834907,BANKNIFTY30JAN25F,BANKNIFTY,48911.75,207450,48900.0,48906.75,1462680,150,120
2025-01-29 09:55:36.147715,BANKNIFTY30JAN25F,BANKNIFTY,48900.0,207450,48900.0,48906.75,1462680,150,120
2025-01-29 09:55:37.448604,BANKNIFTY30JAN25F,BANKNIFTY,48900.0,207465,48900.0,48906.75,1462680,135,165
2025-01-29 09:55:38.832470,BANKNIFTY30JAN25F,BANKNIFTY,48906.75,207630,48907.2,48913.75,1462680,30,30
2025-01-29 09:55:40.208246,BANKNIFTY30JAN25F,BANKNIFTY,48906.75,207630,48905.45,48913.75,1462680,15,30
2025-01-29 09:55:41.555301,BANKNIFTY30JAN25F,BANKNIFTY,48906.75,207630,48908.15,48913.75,1462680,15,30
2025-01-29 09:55:42.884828,BANKNIFTY30JAN25F,BANKNIFTY,48906.75,207630,48908.15,48913.75,1462680,15,30
2025-01-29 09:55:44.263942,BANKNIFTY30JAN25F,BANKNIFTY,48900.0,207630,48904.0,48913.75,1462680,15,30
2025-01-29 09:55:45.588158,BANKNIFTY30JAN25F,BANKNIFTY,48900.0,207660,48900.0,48909.7,1462680,105,15
2025-01-29 09:55:46.897311,BANKNIFTY30JAN25F,BANKNIFTY,48900.0,207675,48901.75,48909.7,1462680,15,60
2025-01-29 09:55:48.224108,BANKNIFTY30JAN25F,BANKNIFTY,48900.0,207675,48901.95,48909.7,1462680,15,135
2025-01-29 09:55:49.539031,BANKNIFTY30JAN25F,BANKNIFTY,48900.0,207675,48901.95,48909.7,1462680,15,135
2025-01-29 09:55:50.886289,BANKNIFTY30JAN25F,BANKNIFTY,48906.55,207675,48905.65,48909.65,1462680,150,15
2025-01-29 09:55:52.231780,BANKNIFTY30JAN25F,BANKNIFTY,48913.75,207870,48912.4,48913.75,1462680,60,15
2025-01-29 09:55:53.560410,BANKNIFTY30JAN25F,BANKNIFTY,48910.5,208530,48910.05,48920.0,1462680,75,135
2025-01-29 09:55:55.046892,BANKNIFTY30JAN25F,BANKNIFTY,48919.45,208590,48904.7,48919.45,1462680,15,150
2025-01-29 09:55:56.560752,BANKNIFTY30JAN25F,BANKNIFTY,48919.45,208605,48904.35,48916.0,1462680,15,30
2025-01-29 09:55:57.966654,BANKNIFTY30JAN25F,BANKNIFTY,48919.45,208605,48904.35,48916.0,1462680,15,30
2025-01-29 09:55:59.288398,BANKNIFTY30JAN25F,BANKNIFTY,48919.45,208605,48908.45,48916.0,1462680,30,30
2025-01-29 09:56:00.821898,BANKNIFTY30JAN25F,BANKNIFTY,48911.95,208635,48911.65,48915.95,1462680,30,30
2025-01-29 09:56:02.175136,BANKNIFTY30JAN25F,BANKNIFTY,48911.95,208635,48910.95,48915.9,1462680,30,15
2025-01-29 09:56:03.534736,BANKNIFTY30JAN25F,BANKNIFTY,48911.95,208635,48906.8,48915.9,1462680,15,15
2025-01-29 09:56:04.861973,BANKNIFTY30JAN25F,BANKNIFTY,48915.9,208695,48907.1,48915.9,1462680,15,105
2025-01-29 09:56:06.217194,BANKNIFTY30JAN25F,BANKNIFTY,48915.9,208695,48907.1,48915.9,1462680,15,105
2025-01-29 09:56:07.557218,BANKNIFTY30JAN25F,BANKNIFTY,48904.95,208695,48904.55,48915.9,1462680,15,105
2025-01-29 09:56:08.867534,BANKNIFTY30JAN25F,BANKNIFTY,48904.95,208755,48905.8,48915.85,1462680,30,15
2025-01-29 09:56:10.575429,BANKNIFTY30JAN25F,BANKNIFTY,48906.85,208755,48907.15,48915.8,1462680,15,15
2025-01-29 09:56:11.919704,BANKNIFTY30JAN25F,BANKNIFTY,48907.0,208800,48905.25,48915.8,1462680,75,45
2025-01-29 09:56:13.278029,BANKNIFTY30JAN25F,BANKNIFTY,48906.5,208860,48903.85,48915.8,1462680,15,60
2025-01-29 09:56:14.614564,BANKNIFTY30JAN25F,BANKNIFTY,48905.8,208860,48903.85,48915.8,1462680,15,60
2025-01-29 09:56:15.934620,BANKNIFTY30JAN25F,BANKNIFTY,48905.8,208920,48908.9,48915.8,1462680,30,60
2025-01-29 09:56:17.240339,BANKNIFTY30JAN25F,BANKNIFTY,48904.45,208935,48906.0,48915.75,1462680,15,15
2025-01-29 09:56:18.539264,BANKNIFTY30JAN25F,BANKNIFTY,48906.95,209115,48906.15,48915.75,1462680,15,105
2025-01-29 09:56:19.861767,BANKNIFTY30JAN25F,BANKNIFTY,48906.95,209115,48904.25,48915.75,1462680,15,105
2025-01-29 09:56:21.151766,BANKNIFTY30JAN25F,BANKNIFTY,48906.95,209115,48904.25,48915.75,1462680,15,105
2025-01-29 09:56:22.468077,BANKNIFTY30JAN25F,BANKNIFTY,48906.95,209115,48906.35,48915.75,1462680,15,105
2025-01-29 09:56:23.811248,BANKNIFTY30JAN25F,BANKNIFTY,48906.0,209205,48905.0,48915.65,1462680,15,120
2025-01-29 09:56:28.262806,BANKNIFTY30JAN25F,BANKNIFTY,48906.0,209205,48905.0,48910.9,1462680,15,120
2025-01-29 09:56:29.573236,BANKNIFTY30JAN25F,BANKNIFTY,48906.0,209205,48905.0,48910.9,1462680,15,30
2025-01-29 09:56:30.982810,BANKNIFTY30JAN25F,BANKNIFTY,48906.0,209205,48905.0,48910.9,1462680,15,30
2025-01-29 09:56:32.305796,BANKNIFTY30JAN25F,BANKNIFTY,48905.0,209205,48905.0,48910.9,1462680,15,30
2025-01-29 09:56:33.628528,BANKNIFTY30JAN25F,BANKNIFTY,48905.0,209220,48901.75,48910.15,1462680,15,120
2025-01-29 09:56:34.977877,BANKNIFTY30JAN25F,BANKNIFTY,48900.0,209250,48900.0,48910.1,1462680,120,120
2025-01-29 09:56:36.308037,BANKNIFTY30JAN25F,BANKNIFTY,48900.0,209370,48899.0,48904.85,1462680,15,120
2025-01-29 09:56:37.973711,BANKNIFTY30JAN25F,BANKNIFTY,48899.0,209385,48897.0,48904.85,1462680,15,30
2025-01-29 09:56:39.330967,BANKNIFTY30JAN25F,BANKNIFTY,48895.1,209385,48897.0,48904.85,1462680,15,30
2025-01-29 09:56:40.731424,BANKNIFTY30JAN25F,BANKNIFTY,48895.1,209415,48892.0,48904.8,1462680,135,120
2025-01-29 09:56:42.045447,BANKNIFTY30JAN25F,BANKNIFTY,48900.0,209430,48900.0,48904.35,1462680,15,120
2025-01-29 09:56:43.385212,BANKNIFTY30JAN25F,BANKNIFTY,48892.2,209460,48892.25,48895.1,1462680,15,30
2025-01-29 09:56:44.687799,BANKNIFTY30JAN25F,BANKNIFTY,48895.1,209505,48892.0,48895.1,1462680,135,15
2025-01-29 09:56:46.005871,BANKNIFTY30JAN25F,BANKNIFTY,48892.0,209505,48892.0,48895.1,1462680,135,15
2025-01-29 09:56:47.340271,BANKNIFTY30JAN25F,BANKNIFTY,48892.0,209550,48892.0,48895.1,1462680,90,15
2025-01-29 09:56:48.669806,BANKNIFTY30JAN25F,BANKNIFTY,48883.15,209670,48882.8,48885.9,1462680,15,15
2025-01-29 09:56:50.001031,BANKNIFTY30JAN25F,BANKNIFTY,48885.9,209700,48887.0,48895.0,1462680,15,30
2025-01-29 09:56:51.355983,BANKNIFTY30JAN25F,BANKNIFTY,48885.9,209700,48887.0,48895.0,1462680,15,30
2025-01-29 09:56:52.897730,BANKNIFTY30JAN25F,BANKNIFTY,48885.6,209700,48885.6,48895.0,1462680,15,30
2025-01-29 09:56:54.251541,BANKNIFTY30JAN25F,BANKNIFTY,48885.95,209730,48886.75,48895.0,1462680,15,30
2025-01-29 09:56:55.581329,BANKNIFTY30JAN25F,BANKNIFTY,48889.0,209745,48888.85,48895.0,1462680,15,45
2025-01-29 09:56:56.902871,BANKNIFTY30JAN25F,BANKNIFTY,48895.0,209760,48890.8,48895.0,1462680,30,60
2025-01-29 09:56:58.231750,BANKNIFTY30JAN25F,BANKNIFTY,48891.1,209835,48892.2,48895.0,1462680,15,15
2025-01-29 09:56:59.547651,BANKNIFTY30JAN25F,BANKNIFTY,48895.0,209835,48892.2,48895.0,1462680,15,15
2025-01-29 09:57:00.886333,BANKNIFTY30JAN25F,BANKNIFTY,48901.1,209865,48887.1,48901.1,1462680,15,120
2025-01-29 09:57:02.213286,BANKNIFTY30JAN25F,BANKNIFTY,48901.1,209880,48885.85,48896.2,1462680,15,15
2025-01-29 09:57:03.600250,BANKNIFTY30JAN25F,BANKNIFTY,48901.1,209880,48884.6,48896.2,1462680,15,15
2025-01-29 09:57:05.452789,BANKNIFTY30JAN25F,BANKNIFTY,48901.1,209880,48885.2,48896.2,1462680,15,30
2025-01-29 09:57:06.789199,BANKNIFTY30JAN25F,BANKNIFTY,48886.75,210000,48886.9,48896.2,1462680,15,30
2025-01-29 09:57:08.105667,BANKNIFTY30JAN25F,BANKNIFTY,48886.75,210000,48888.0,48896.2,1462680,15,30
2025-01-29 09:57:09.422654,BANKNIFTY30JAN25F,BANKNIFTY,48886.75,210000,48888.0,48896.2,1462680,15,30
2025-01-29 09:57:10.830416,BANKNIFTY30JAN25F,BANKNIFTY,48886.75,210000,48888.0,48896.2,1462680,75,45
2025-01-29 09:57:12.166385,BANKNIFTY30JAN25F,BANKNIFTY,48886.75,210000,48888.0,48896.2,1462680,75,60
2025-01-29 09:57:13.519045,BANKNIFTY30JAN25F,BANKNIFTY,48886.75,210000,48888.0,48896.2,1462680,75,60
2025-01-29 09:57:14.852434,BANKNIFTY30JAN25F,BANKNIFTY,48889.6,210015,48888.0,48895.0,1462680,75,30
2025-01-29 09:57:16.178245,BANKNIFTY30JAN25F,BANKNIFTY,48895.0,210045,48888.2,48895.0,1462680,15,15
2025-01-29 09:57:17.518197,BANKNIFTY30JAN25F,BANKNIFTY,48895.0,210045,48888.2,48895.0,1462680,15,15
2025-01-29 09:57:19.021349,BANKNIFTY30JAN25F,BANKNIFTY,48896.15,210060,48890.0,48896.15,1462680,15,15
2025-01-29 09:57:20.381147,BANKNIFTY30JAN25F,BANKNIFTY,48896.2,210090,48892.3,48896.2,1462680,30,15
2025-01-29 09:57:21.694720,BANKNIFTY30JAN25F,BANKNIFTY,48896.2,210105,48896.2,48900.0,1462680,30,15
2025-01-29 09:57:23.033057,BANKNIFTY30JAN25F,BANKNIFTY,48900.0,210135,48892.3,48905.9,1462680,60,120
2025-01-29 09:57:24.642309,BANKNIFTY30JAN25F,BANKNIFTY,48905.9,210255,48892.95,48906.0,1462680,120,60
2025-01-29 09:57:25.994352,BANKNIFTY30JAN25F,BANKNIFTY,48892.6,210255,48892.95,48906.0,1462680,120,60
2025-01-29 09:57:27.312213,BANKNIFTY30JAN25F,BANKNIFTY,48892.6,210315,48893.45,48906.0,1462680,75,60
2025-01-29 09:57:28.640300,BANKNIFTY30JAN25F,BANKNIFTY,48896.3,210345,48896.3,48896.85,1462680,45,15
2025-01-29 09:57:29.953910,BANKNIFTY30JAN25F,BANKNIFTY,48894.65,210390,48896.85,48904.65,1462680,30,120
2025-01-29 09:57:31.297392,BANKNIFTY30JAN25F,BANKNIFTY,48894.65,210390,48892.3,48901.1,1462680,60,15
2025-01-29 09:57:32.629835,BANKNIFTY30JAN25F,BANKNIFTY,48894.65,210390,48892.3,48901.1,1462680,60,15
2025-01-29 09:57:33.974162,BANKNIFTY30JAN25F,BANKNIFTY,48894.65,210390,48892.3,48896.3,1462680,60,15
2025-01-29 09:57:35.388821,BANKNIFTY30JAN25F,BANKNIFTY,48894.65,210390,48888.0,48896.3,1462680,15,30
2025-01-29 09:57:36.706869,BANKNIFTY30JAN25F,BANKNIFTY,48896.3,210405,48890.35,48896.3,1462680,30,15
2025-01-29 09:57:38.037272,BANKNIFTY30JAN25F,BANKNIFTY,48896.3,210405,48892.1,48896.3,1462680,30,30
2025-01-29 09:57:39.485629,BANKNIFTY30JAN25F,BANKNIFTY,48896.3,210405,48891.35,48896.25,1462680,15,60
2025-01-29 09:57:40.844489,BANKNIFTY30JAN25F,BANKNIFTY,48891.35,210405,48891.35,48896.25,1462680,15,60
2025-01-29 09:57:42.171905,BANKNIFTY30JAN25F,BANKNIFTY,48891.35,210450,48891.7,48896.25,1462680,15,45
2025-01-29 09:57:43.534935,BANKNIFTY30JAN25F,BANKNIFTY,48890.45,210450,48890.45,48891.7,1462680,15,60
2025-01-29 09:57:44.938703,BANKNIFTY30JAN25F,BANKNIFTY,48893.0,210570,48892.9,48896.25,1462680,15,165
2025-01-29 09:57:49.403670,BANKNIFTY30JAN25F,BANKNIFTY,48896.25,210570,48892.9,48896.25,1462680,15,165
2025-01-29 09:57:50.734734,BANKNIFTY30JAN25F,BANKNIFTY,48892.4,210585,48892.4,48892.9,1462680,15,30
2025-01-29 09:57:52.086806,BANKNIFTY30JAN25F,BANKNIFTY,48892.4,210615,48893.6,48896.25,1462680,30,165
2025-01-29 09:57:53.431249,BANKNIFTY30JAN25F,BANKNIFTY,48896.25,210705,48889.3,48896.25,1462680,15,75
2025-01-29 09:57:54.789127,BANKNIFTY30JAN25F,BANKNIFTY,48888.0,210735,48895.0,48896.25,1462680,15,60
2025-01-29 09:57:56.205314,BANKNIFTY30JAN25F,BANKNIFTY,48888.0,210765,48886.9,48887.45,1462680,15,15
2025-01-29 09:57:57.546281,BANKNIFTY30JAN25F,BANKNIFTY,48887.45,210765,48886.9,48887.45,1462680,15,15
2025-01-29 09:57:58.900542,BANKNIFTY30JAN25F,BANKNIFTY,48887.45,210780,48890.8,48896.25,1462680,30,45
2025-01-29 09:58:07.056981,BANKNIFTY30JAN25F,BANKNIFTY,48890.8,210960,48890.25,48896.25,1462680,135,15
2025-01-29 09:58:08.782418,BANKNIFTY30JAN25F,BANKNIFTY,48890.8,210960,48890.25,48894.0,1462680,135,30
2025-01-29 09:58:11.829189,BANKNIFTY30JAN25F,BANKNIFTY,48898.0,210975,48890.25,48890.8,1462680,135,30
2025-01-29 09:58:13.187714,BANKNIFTY30JAN25F,BANKNIFTY,48898.0,211725,48890.25,48895.0,1462680,135,15
2025-01-29 09:58:14.536958,BANKNIFTY30JAN25F,BANKNIFTY,48898.0,211725,48890.25,48894.75,1462680,135,15
2025-01-29 09:58:15.893552,BANKNIFTY30JAN25F,BANKNIFTY,48898.0,211725,48890.25,48894.75,1462680,135,15
2025-01-29 09:58:17.213643,BANKNIFTY30JAN25F,BANKNIFTY,48890.25,211725,48890.25,48894.75,1461675,135,15
2025-01-29 09:58:18.584276,BANKNIFTY30JAN25F,BANKNIFTY,48890.25,211770,48890.25,48894.75,1461675,120,45
2025-01-29 09:58:21.478703,BANKNIFTY30JAN25F,BANKNIFTY,48890.25,211830,48890.25,48894.75,1461675,60,45
2025-01-29 09:58:22.805239,BANKNIFTY30JAN25F,BANKNIFTY,48890.05,211905,48886.9,48890.0,1461675,15,15
2025-01-29 09:58:24.218821,BANKNIFTY30JAN25F,BANKNIFTY,48886.9,211920,48882.3,48890.0,1461675,15,45
2025-01-29 09:58:25.566354,BANKNIFTY30JAN25F,BANKNIFTY,48882.5,211920,48882.3,48890.0,1461675,15,45
2025-01-29 09:58:26.973014,BANKNIFTY30JAN25F,BANKNIFTY,48884.05,211950,48883.65,48890.0,1461675,30,60
2025-01-29 09:58:28.310623,BANKNIFTY30JAN25F,BANKNIFTY,48883.65,211980,48884.25,48889.1,1461675,15,15
2025-01-29 09:58:29.656233,BANKNIFTY30JAN25F,BANKNIFTY,48884.05,212025,48883.4,48884.2,1461675,15,60
2025-01-29 09:58:31.038442,BANKNIFTY30JAN25F,BANKNIFTY,48887.2,212175,48887.6,48890.0,1461675,90,15
2025-01-29 09:58:32.404755,BANKNIFTY30JAN25F,BANKNIFTY,48890.0,212340,48882.3,48885.0,1461675,15,90
2025-01-29 09:58:33.738927,BANKNIFTY30JAN25F,BANKNIFTY,48886.15,212340,48882.3,48885.0,1461675,15,90
2025-01-29 09:58:35.169468,BANKNIFTY30JAN25F,BANKNIFTY,48882.3,212445,48882.85,48886.15,1461675,15,15
2025-01-29 09:58:36.529749,BANKNIFTY30JAN25F,BANKNIFTY,48886.15,212475,48885.0,48890.25,1461675,15,60
2025-01-29 09:58:37.896711,BANKNIFTY30JAN25F,BANKNIFTY,48881.7,212535,48881.4,48885.0,1461675,30,15
2025-01-29 09:58:39.237402,BANKNIFTY30JAN25F,BANKNIFTY,48884.25,212565,48884.3,48886.0,1461675,15,45
2025-01-29 09:58:40.635952,BANKNIFTY30JAN25F,BANKNIFTY,48883.6,212595,48884.3,48886.0,1461675,15,75
2025-01-29 09:58:41.997159,BANKNIFTY30JAN25F,BANKNIFTY,48881.55,212595,48884.3,48886.0,1461675,15,75
2025-01-29 09:58:43.320672,BANKNIFTY30JAN25F,BANKNIFTY,48881.8,212850,48881.75,48885.95,1461675,30,15
2025-01-29 09:58:44.668590,BANKNIFTY30JAN25F,BANKNIFTY,48881.4,212880,48881.4,48885.95,1461675,15,15
2025-01-29 09:58:46.151689,BANKNIFTY30JAN25F,BANKNIFTY,48886.0,212880,48884.55,48885.95,1461675,15,15
2025-01-29 09:58:47.496614,BANKNIFTY30JAN25F,BANKNIFTY,48886.0,212940,48888.45,48890.0,1461675,15,45
2025-01-29 09:58:48.990085,BANKNIFTY30JAN25F,BANKNIFTY,48885.6,212970,48884.05,48888.45,1461675,15,15
2025-01-29 09:58:50.328870,BANKNIFTY30JAN25F,BANKNIFTY,48888.45,213015,48887.5,48889.4,1461675,15,30
2025-01-29 09:58:51.666161,BANKNIFTY30JAN25F,BANKNIFTY,48888.45,213015,48887.5,48889.4,1461675,15,30
2025-01-29 09:58:53.002580,BANKNIFTY30JAN25F,BANKNIFTY,48889.4,213105,48888.45,48889.4,1461675,840,45
2025-01-29 09:58:55.367533,BANKNIFTY30JAN25F,BANKNIFTY,48889.4,213150,48889.4,48890.0,1461675,30,15
2025-01-29 09:58:56.774975,BANKNIFTY30JAN25F,BANKNIFTY,48890.0,213165,48890.0,48894.65,1461675,825,15
2025-01-29 09:58:58.126519,BANKNIFTY30JAN25F,BANKNIFTY,48890.0,213165,48890.0,48894.65,1461675,825,15
2025-01-29 09:58:59.466479,BANKNIFTY30JAN25F,BANKNIFTY,48890.55,213165,48890.0,48894.65,1461675,825,30
2025-01-29 09:59:01.248163,BANKNIFTY30JAN25F,BANKNIFTY,48890.55,213180,48890.0,48894.65,1461675,825,30
2025-01-29 09:59:02.609986,BANKNIFTY30JAN25F,BANKNIFTY,48890.55,213180,48890.45,48894.65,1461675,15,45
2025-01-29 09:59:03.946826,BANKNIFTY30JAN25F,BANKNIFTY,48899.85,213375,48892.1,48899.9,1461675,15,15
2025-01-29 09:59:05.328974,BANKNIFTY30JAN25F,BANKNIFTY,48894.95,213405,48892.6,48896.75,1461675,30,15
2025-01-29 09:59:06.676432,BANKNIFTY30JAN25F,BANKNIFTY,48900.0,213405,48892.6,48896.75,1461675,30,15
2025-01-29 09:59:08.036014,BANKNIFTY30JAN25F,BANKNIFTY,48895.75,214290,48897.6,48900.0,1461675,15,420
2025-01-29 09:59:09.404762,BANKNIFTY30JAN25F,BANKNIFTY,48900.0,214515,48898.7,48900.0,1461675,15,225
2025-01-29 09:59:10.773031,BANKNIFTY30JAN25F,BANKNIFTY,48897.9,215190,48890.55,48901.55,1461675,15,135
2025-01-29 09:59:12.206147,BANKNIFTY30JAN25F,BANKNIFTY,48890.0,215280,48890.0,48891.05,1461675,825,15
2025-01-29 09:59:13.703774,BANKNIFTY30JAN25F,BANKNIFTY,48890.0,215715,48890.0,48898.7,1461675,435,15
2025-01-29 09:59:15.013179,BANKNIFTY30JAN25F,BANKNIFTY,48898.65,215745,48890.0,48898.65,1461675,420,15
2025-01-29 09:59:16.336338,BANKNIFTY30JAN25F,BANKNIFTY,48890.0,215745,48890.0,48898.65,1461675,420,15
2025-01-29 09:59:17.699480,BANKNIFTY30JAN25F,BANKNIFTY,48890.55,215835,48890.55,48898.65,1461675,15,30
2025-01-29 09:59:19.298815,BANKNIFTY30JAN25F,BANKNIFTY,48892.3,215850,48890.45,48892.3,1461675,15,45
2025-01-29 09:59:20.669420,BANKNIFTY30JAN25F,BANKNIFTY,48892.65,216240,48893.6,48907.75,1461675,30,30
2025-01-29 09:59:22.022837,BANKNIFTY30JAN25F,BANKNIFTY,48893.15,216300,48892.75,48895.0,1461675,15,15
2025-01-29 09:59:23.351784,BANKNIFTY30JAN25F,BANKNIFTY,48907.7,216330,48891.35,48893.0,1461675,15,150
2025-01-29 09:59:24.694489,BANKNIFTY30JAN25F,BANKNIFTY,48891.35,216330,48891.35,48893.0,1461675,15,150
2025-01-29 09:59:26.015042,BANKNIFTY30JAN25F,BANKNIFTY,48893.0,216375,48890.75,48893.0,1461675,15,150
2025-01-29 09:59:27.360060,BANKNIFTY30JAN25F,BANKNIFTY,48893.0,216405,48890.0,48893.0,1461675,105,135
2025-01-29 09:59:28.720093,BANKNIFTY30JAN25F,BANKNIFTY,48893.0,216405,48890.0,48893.0,1461675,105,135
2025-01-29 09:59:30.032174,BANKNIFTY30JAN25F,BANKNIFTY,48881.4,216630,48881.4,48889.95,1461675,15,45
2025-01-29 09:59:31.352197,BANKNIFTY30JAN25F,BANKNIFTY,48877.0,216630,48881.4,48889.95,1461675,15,45
2025-01-29 09:59:32.697006,BANKNIFTY30JAN25F,BANKNIFTY,48880.0,217305,48877.0,48880.0,1461675,90,30
2025-01-29 09:59:34.083067,BANKNIFTY30JAN25F,BANKNIFTY,48880.0,217395,48880.0,48889.9,1461675,15,225
2025-01-29 09:59:35.428834,BANKNIFTY30JAN25F,BANKNIFTY,48880.0,217425,48879.2,48880.75,1461675,15,15
2025-01-29 09:59:36.808308,BANKNIFTY30JAN25F,BANKNIFTY,48883.5,217485,48882.75,48889.9,1461675,15,240
2025-01-29 09:59:38.256514,BANKNIFTY30JAN25F,BANKNIFTY,48884.5,217530,48884.25,48887.45,1461675,15,15
2025-01-29 09:59:39.768109,BANKNIFTY30JAN25F,BANKNIFTY,48893.0,217875,48891.1,48893.0,1461675,15,45
2025-01-29 09:59:41.542661,BANKNIFTY30JAN25F,BANKNIFTY,48896.8,218145,48897.0,48899.0,1461675,15,15
2025-01-29 09:59:43.063514,BANKNIFTY30JAN25F,BANKNIFTY,48900.0,218250,48902.15,48905.0,1461675,45,45
2025-01-29 09:59:45.649215,BANKNIFTY30JAN25F,BANKNIFTY,48905.0,218295,48901.8,48910.0,1461675,45,30
2025-01-29 09:59:47.140513,BANKNIFTY30JAN25F,BANKNIFTY,48908.55,218295,48905.5,48910.0,1461675,15,30
2025-01-29 09:59:48.996654,BANKNIFTY30JAN25F,BANKNIFTY,48910.0,218415,48909.55,48914.0,1461675,30,15
2025-01-29 09:59:50.551781,BANKNIFTY30JAN25F,BANKNIFTY,48914.0,218445,48914.25,48920.0,1461675,30,30
2025-01-29 09:59:52.126310,BANKNIFTY30JAN25F,BANKNIFTY,48920.0,218460,48917.2,48920.0,1461675,15,15
2025-01-29 09:59:53.997357,BANKNIFTY30JAN25F,BANKNIFTY,48920.0,218460,48918.9,48920.0,1461675,15,15
2025-01-29 09:59:55.445965,BANKNIFTY30JAN25F,BANKNIFTY,48921.6,218475,48921.5,48925.0,1461675,45,135
2025-01-29 09:59:57.160924,BANKNIFTY30JAN25F,BANKNIFTY,48922.45,218505,48920.5,48925.0,1461675,15,135
2025-01-29 09:59:58.652004,BANKNIFTY30JAN25F,BANKNIFTY,48930.0,219285,48935.05,48938.95,1461675,75,30
2025-01-29 10:00:00.212802,BANKNIFTY30JAN25F,BANKNIFTY,48932.05,219375,48931.25,48939.95,1461675,15,45
2025-01-29 10:00:01.650748,BANKNIFTY30JAN25F,BANKNIFTY,48931.3,219510,48925.4,48931.25,1461675,15,30
2025-01-29 10:00:03.292682,BANKNIFTY30JAN25F,BANKNIFTY,48931.25,219630,48926.75,48940.0,1461675,15,15
2025-01-29 10:00:04.794425,BANKNIFTY30JAN25F,BANKNIFTY,48927.35,219675,48927.45,48940.0,1461675,15,15
2025-01-29 10:00:06.434488,BANKNIFTY30JAN25F,BANKNIFTY,48925.1,219720,48923.75,48938.45,1461675,15,60
2025-01-29 10:00:07.864635,BANKNIFTY30JAN25F,BANKNIFTY,48920.05,219720,48923.75,48938.45,1461675,15,60
2025-01-29 10:00:09.198946,BANKNIFTY30JAN25F,BANKNIFTY,48926.75,219945,48923.55,48926.75,1461675,15,735
2025-01-29 10:00:10.694902,BANKNIFTY30JAN25F,BANKNIFTY,48926.75,219975,48923.4,48926.75,1461675,15,705
2025-01-29 10:00:12.113630,BANKNIFTY30JAN25F,BANKNIFTY,48926.75,220020,48920.05,48926.75,1461675,15,720
2025-01-29 10:00:13.482922,BANKNIFTY30JAN25F,BANKNIFTY,48919.35,220125,48915.85,48926.75,1461675,15,660
2025-01-29 10:00:14.871053,BANKNIFTY30JAN25F,BANKNIFTY,48919.35,220125,48916.15,48926.2,1461675,15,60
2025-01-29 10:00:16.185779,BANKNIFTY30JAN25F,BANKNIFTY,48916.9,220125,48916.15,48926.2,1461675,15,60
2025-01-29 10:00:17.511052,BANKNIFTY30JAN25F,BANKNIFTY,48926.7,220140,48914.1,48926.2,1461675,150,15
2025-01-29 10:00:18.835741,BANKNIFTY30JAN25F,BANKNIFTY,48916.85,220170,48915.8,48926.2,1461675,45,30
2025-01-29 10:00:20.174168,BANKNIFTY30JAN25F,BANKNIFTY,48915.6,220275,48914.85,48926.2,1461675,45,30
2025-01-29 10:00:21.533387,BANKNIFTY30JAN25F,BANKNIFTY,48919.35,220305,48910.6,48920.05,1461675,15,135
2025-01-29 10:00:22.838676,BANKNIFTY30JAN25F,BANKNIFTY,48910.95,220335,48908.2,48920.05,1461675,30,165
2025-01-29 10:00:24.263278,BANKNIFTY30JAN25F,BANKNIFTY,48908.65,220335,48908.2,48920.05,1461675,30,165
2025-01-29 10:00:25.596551,BANKNIFTY30JAN25F,BANKNIFTY,48908.65,220365,48906.35,48918.5,1461675,15,30
2025-01-29 10:00:26.938827,BANKNIFTY30JAN25F,BANKNIFTY,48906.0,220380,48906.9,48918.5,1461675,15,30
2025-01-29 10:00:28.249345,BANKNIFTY30JAN25F,BANKNIFTY,48906.0,220380,48903.4,48917.35,1461675,15,60
2025-01-29 10:00:29.574828,BANKNIFTY30JAN25F,BANKNIFTY,48917.35,220380,48903.4,48917.35,1461675,15,60
2025-01-29 10:00:30.899728,BANKNIFTY30JAN25F,BANKNIFTY,48904.9,220395,48904.85,48917.35,1461675,15,15
2025-01-29 10:00:32.248531,BANKNIFTY30JAN25F,BANKNIFTY,48906.65,220425,48905.0,48906.65,1461675,15,30
2025-01-29 10:00:33.593574,BANKNIFTY30JAN25F,BANKNIFTY,48922.95,220755,48906.65,48920.25,1461675,15,30
2025-01-29 10:00:34.908557,BANKNIFTY30JAN25F,BANKNIFTY,48918.9,220785,48906.65,48916.5,1461675,15,15
2025-01-29 10:00:36.258399,BANKNIFTY30JAN25F,BANKNIFTY,48904.1,220785,48906.65,48916.5,1461675,15,15
2025-01-29 10:00:37.629116,BANKNIFTY30JAN25F,BANKNIFTY,48904.1,220815,48906.9,48921.35,1461675,15,30
2025-01-29 10:00:38.995575,BANKNIFTY30JAN25F,BANKNIFTY,48905.2,220815,48904.85,48910.0,1461675,45,30
2025-01-29 10:00:40.323587,BANKNIFTY30JAN25F,BANKNIFTY,48909.3,220905,48908.6,48924.55,1461675,15,60
2025-01-29 10:00:41.662846,BANKNIFTY30JAN25F,BANKNIFTY,48910.4,220950,48909.85,48923.05,1461675,30,15
2025-01-29 10:00:43.158526,BANKNIFTY30JAN25F,BANKNIFTY,48910.4,220950,48910.85,48923.1,1461675,15,15
2025-01-29 10:00:44.557766,BANKNIFTY30JAN25F,BANKNIFTY,48910.4,220950,48910.85,48923.1,1461675,15,15
2025-01-29 10:00:45.908575,BANKNIFTY30JAN25F,BANKNIFTY,48912.85,220950,48913.65,48925.0,1461675,30,930
2025-01-29 10:00:47.276114,BANKNIFTY30JAN25F,BANKNIFTY,48912.85,220995,48913.6,48925.0,1461675,15,930
2025-01-29 10:00:48.632269,BANKNIFTY30JAN25F,BANKNIFTY,48911.35,220995,48911.35,48913.6,1461675,15,30
2025-01-29 10:00:49.975472,BANKNIFTY30JAN25F,BANKNIFTY,48924.55,221040,48913.6,48923.5,1461675,15,15
2025-01-29 10:00:51.633572,BANKNIFTY30JAN25F,BANKNIFTY,48924.55,221040,48913.6,48923.45,1461675,15,15
2025-01-29 10:00:53.746634,BANKNIFTY30JAN25F,BANKNIFTY,48911.7,221205,48911.7,48923.45,1461675,15,30
2025-01-29 10:00:55.082727,BANKNIFTY30JAN25F,BANKNIFTY,48911.15,221355,48910.95,48923.45,1461675,30,75
2025-01-29 10:00:56.556416,BANKNIFTY30JAN25F,BANKNIFTY,48910.95,221385,48912.6,48923.45,1461675,15,15
2025-01-29 10:00:57.916380,BANKNIFTY30JAN25F,BANKNIFTY,48911.4,221460,48910.55,48924.0,1461675,15,75
2025-01-29 10:00:59.328956,BANKNIFTY30JAN25F,BANKNIFTY,48915.5,221460,48910.55,48924.0,1461675,15,75
2025-01-29 10:01:00.629610,BANKNIFTY30JAN25F,BANKNIFTY,48915.9,221505,48916.1,48920.8,1461675,15,15
2025-01-29 10:01:02.017786,BANKNIFTY30JAN25F,BANKNIFTY,48924.9,221580,48920.0,48924.9,1461675,30,45
2025-01-29 10:01:03.447833,BANKNIFTY30JAN25F,BANKNIFTY,48924.9,221580,48917.25,48924.9,1461675,15,45
2025-01-29 10:01:04.895702,BANKNIFTY30JAN25F,BANKNIFTY,48914.55,221610,48915.55,48924.9,1461675,15,45
2025-01-29 10:01:06.211302,BANKNIFTY30JAN25F,BANKNIFTY,48915.5,221610,48915.55,48924.9,1461675,15,45
2025-01-29 10:01:07.570303,BANKNIFTY30JAN25F,BANKNIFTY,48915.5,221715,48915.05,48924.9,1461675,15,45
2025-01-29 10:01:08.899231,BANKNIFTY30JAN25F,BANKNIFTY,48919.5,221715,48917.55,48924.9,1461675,15,60
2025-01-29 10:01:10.265272,BANKNIFTY30JAN25F,BANKNIFTY,48920.65,221775,48920.2,48924.9,1461675,45,60
2025-01-29 10:01:11.607194,BANKNIFTY30JAN25F,BANKNIFTY,48918.0,221775,48918.0,48924.9,1461675,15,15
2025-01-29 10:01:12.946864,BANKNIFTY30JAN25F,BANKNIFTY,48918.85,221775,48918.0,48924.9,1461675,15,15
2025-01-29 10:01:14.310606,BANKNIFTY30JAN25F,BANKNIFTY,48916.2,221805,48917.6,48924.35,1459980,30,30
2025-01-29 10:01:15.708321,BANKNIFTY30JAN25F,BANKNIFTY,48920.4,222060,48920.65,48924.35,1459980,15,30
2025-01-29 10:01:17.028376,BANKNIFTY30JAN25F,BANKNIFTY,48920.4,222060,48919.15,48923.85,1459980,15,30
2025-01-29 10:01:18.379614,BANKNIFTY30JAN25F,BANKNIFTY,48920.4,222060,48921.5,48923.85,1459980,15,30
2025-01-29 10:01:19.708422,BANKNIFTY30JAN25F,BANKNIFTY,48923.85,222090,48921.0,48924.35,1459980,15,30
2025-01-29 10:01:21.036449,BANKNIFTY30JAN25F,BANKNIFTY,48917.05,222090,48921.0,48924.35,1459980,15,30
2025-01-29 10:01:22.366743,BANKNIFTY30JAN25F,BANKNIFTY,48924.35,222690,48914.0,48924.35,1459980,30,45
2025-01-29 10:01:23.759315,BANKNIFTY30JAN25F,BANKNIFTY,48925.0,222810,48924.35,48925.0,1459980,15,945
2025-01-29 10:01:25.095091,BANKNIFTY30JAN25F,BANKNIFTY,48925.0,222915,48919.2,48925.0,1459980,15,870
2025-01-29 10:01:26.455470,BANKNIFTY30JAN25F,BANKNIFTY,48925.0,222915,48920.8,48925.0,1459980,30,870
2025-01-29 10:01:27.813924,BANKNIFTY30JAN25F,BANKNIFTY,48925.0,222915,48920.8,48925.0,1459980,30,870
2025-01-29 10:01:29.149737,BANKNIFTY30JAN25F,BANKNIFTY,48920.25,223035,48921.05,48925.0,1459980,30,780
2025-01-29 10:01:30.474949,BANKNIFTY30JAN25F,BANKNIFTY,48925.0,223185,48920.9,48925.0,1459980,15,780
2025-01-29 10:01:31.825789,BANKNIFTY30JAN25F,BANKNIFTY,48930.0,225345,48926.9,48930.0,1459980,45,120
2025-01-29 10:01:34.156942,BANKNIFTY30JAN25F,BANKNIFTY,48923.75,225465,48923.75,48926.9,1459980,15,30
2025-01-29 10:01:35.492168,BANKNIFTY30JAN25F,BANKNIFTY,48933.45,225495,48919.2,48933.95,1459980,15,165
2025-01-29 10:01:36.870201,BANKNIFTY30JAN25F,BANKNIFTY,48933.45,225510,48927.65,48933.95,1459980,30,15
2025-01-29 10:01:38.253722,BANKNIFTY30JAN25F,BANKNIFTY,48929.2,225525,48927.55,48930.35,1459980,30,30
2025-01-29 10:01:39.580390,BANKNIFTY30JAN25F,BANKNIFTY,48934.55,225525,48927.55,48930.35,1459980,30,30
2025-01-29 10:01:40.930744,BANKNIFTY30JAN25F,BANKNIFTY,48934.55,225585,48928.95,48935.0,1459980,75,30
2025-01-29 10:01:42.278077,BANKNIFTY30JAN25F,BANKNIFTY,48923.35,225585,48929.1,48935.0,1459980,60,45
2025-01-29 10:01:43.622124,BANKNIFTY30JAN25F,BANKNIFTY,48935.0,225855,48924.65,48935.0,1459980,60,30
2025-01-29 10:01:44.948487,BANKNIFTY30JAN25F,BANKNIFTY,48935.0,225870,48931.4,48935.0,1459980,75,15
2025-01-29 10:01:46.256741,BANKNIFTY30JAN25F,BANKNIFTY,48933.45,225900,48933.45,48940.0,1459980,15,15
2025-01-29 10:01:47.585433,BANKNIFTY30JAN25F,BANKNIFTY,48933.45,225900,48933.45,48940.0,1459980,15,15
2025-01-29 10:01:48.900616,BANKNIFTY30JAN25F,BANKNIFTY,48944.95,225900,48930.35,48940.0,1459980,60,15
2025-01-29 10:01:50.308339,BANKNIFTY30JAN25F,BANKNIFTY,48930.35,226095,48930.35,48943.75,1459980,60,60
2025-01-29 10:01:51.650923,BANKNIFTY30JAN25F,BANKNIFTY,48930.35,226155,48935.0,48943.3,1459980,60,30
2025-01-29 10:01:53.019605,BANKNIFTY30JAN25F,BANKNIFTY,48944.95,226200,48935.0,48944.95,1459980,30,15
2025-01-29 10:01:54.365612,BANKNIFTY30JAN25F,BANKNIFTY,48944.95,226200,48935.0,48944.95,1459980,30,15
2025-01-29 10:01:55.713209,BANKNIFTY30JAN25F,BANKNIFTY,48944.95,226200,48935.0,48944.95,1459980,30,15
2025-01-29 10:01:57.056002,BANKNIFTY30JAN25F,BANKNIFTY,48944.95,226200,48936.9,48945.0,1459980,15,30
2025-01-29 10:01:58.381934,BANKNIFTY30JAN25F,BANKNIFTY,48948.0,226275,48939.35,48948.0,1459980,15,105
2025-01-29 10:01:59.817033,BANKNIFTY30JAN25F,BANKNIFTY,48943.6,226305,48943.1,48948.0,1459980,30,105
2025-01-29 10:02:01.152721,BANKNIFTY30JAN25F,BANKNIFTY,48944.1,226305,48944.1,48948.0,1459980,15,105
2025-01-29 10:02:02.787100,BANKNIFTY30JAN25F,BANKNIFTY,48948.0,226305,48944.1,48948.0,1459980,15,105
2025-01-29 10:02:04.137516,BANKNIFTY30JAN25F,BANKNIFTY,48941.75,226500,48944.7,48948.05,1459980,60,15
2025-01-29 10:02:05.495097,BANKNIFTY30JAN25F,BANKNIFTY,48950.0,226860,48940.45,48949.95,1459980,75,15
2025-01-29 10:02:06.809437,BANKNIFTY30JAN25F,BANKNIFTY,48953.0,227475,48951.5,48953.0,1459980,15,120
2025-01-29 10:02:08.139263,BANKNIFTY30JAN25F,BANKNIFTY,48963.75,229005,48959.0,48963.75,1459980,30,390
2025-01-29 10:02:09.476570,BANKNIFTY30JAN25F,BANKNIFTY,48975.0,229005,48959.0,48963.75,1459980,30,390
2025-01-29 10:02:10.836989,BANKNIFTY30JAN25F,BANKNIFTY,48971.0,231810,48971.0,48981.2,1459980,420,60
2025-01-29 10:02:12.176958,BANKNIFTY30JAN25F,BANKNIFTY,48967.5,232815,48955.0,48968.65,1459980,15,15
2025-01-29 10:02:13.508754,BANKNIFTY30JAN25F,BANKNIFTY,48968.15,232845,48955.6,48972.95,1459980,30,135
2025-01-29 10:02:14.836822,BANKNIFTY30JAN25F,BANKNIFTY,48958.4,232890,48960.6,48976.9,1459980,15,15
2025-01-29 10:02:16.206884,BANKNIFTY30JAN25F,BANKNIFTY,48977.0,234120,48960.4,48974.95,1459980,120,30
2025-01-29 10:02:17.663201,BANKNIFTY30JAN25F,BANKNIFTY,48974.95,234120,48960.4,48974.95,1459980,120,30
2025-01-29 10:02:19.016343,BANKNIFTY30JAN25F,BANKNIFTY,48978.55,234165,48963.4,48978.55,1459980,135,15
2025-01-29 10:02:20.359037,BANKNIFTY30JAN25F,BANKNIFTY,48974.95,234180,48961.75,48978.75,1459980,15,135
2025-01-29 10:02:21.694347,BANKNIFTY30JAN25F,BANKNIFTY,48959.15,234435,48959.2,48975.45,1459980,30,75
2025-01-29 10:02:23.016167,BANKNIFTY30JAN25F,BANKNIFTY,48972.1,234495,48956.9,48972.1,1459980,15,15
2025-01-29 10:02:24.343841,BANKNIFTY30JAN25F,BANKNIFTY,48973.7,234495,48956.9,48972.1,1459980,15,15
2025-01-29 10:02:25.703007,BANKNIFTY30JAN25F,BANKNIFTY,48957.55,234630,48957.55,48973.95,1459980,15,60
2025-01-29 10:02:27.042174,BANKNIFTY30JAN25F,BANKNIFTY,48968.0,234675,48959.15,48968.0,1459980,15,15
2025-01-29 10:02:28.390315,BANKNIFTY30JAN25F,BANKNIFTY,48967.5,234690,48959.15,48971.45,1459980,15,195
2025-01-29 10:02:29.722436,BANKNIFTY30JAN25F,BANKNIFTY,48959.55,234900,48959.55,48969.95,1459980,120,15
2025-01-29 10:02:31.066842,BANKNIFTY30JAN25F,BANKNIFTY,48969.95,234900,48959.55,48969.95,1459980,120,15
2025-01-29 10:02:32.418362,BANKNIFTY30JAN25F,BANKNIFTY,48962.3,234975,48960.75,48970.0,1459980,270,165
2025-01-29 10:02:33.793480,BANKNIFTY30JAN25F,BANKNIFTY,48967.5,235140,48959.15,48968.95,1459980,15,150
2025-01-29 10:02:35.129424,BANKNIFTY30JAN25F,BANKNIFTY,48959.15,235170,48956.5,48961.75,1459980,30,60
2025-01-29 10:02:36.496115,BANKNIFTY30JAN25F,BANKNIFTY,48961.75,235200,48956.25,48958.85,1459980,30,15
2025-01-29 10:02:37.831589,BANKNIFTY30JAN25F,BANKNIFTY,48958.85,235215,48955.95,48961.75,1459980,120,30
2025-01-29 10:02:39.170771,BANKNIFTY30JAN25F,BANKNIFTY,48961.75,235215,48955.95,48961.75,1459980,120,30
2025-01-29 10:02:40.504839,BANKNIFTY30JAN25F,BANKNIFTY,48970.0,235275,48963.2,48970.0,1459980,165,225
2025-01-29 10:02:41.841616,BANKNIFTY30JAN25F,BANKNIFTY,48975.0,235530,48963.05,48977.95,1459980,135,120
2025-01-29 10:02:43.156723,BANKNIFTY30JAN25F,BANKNIFTY,48963.15,235560,48963.2,48977.95,1459980,120,105
2025-01-29 10:02:44.482980,BANKNIFTY30JAN25F,BANKNIFTY,48963.15,235560,48963.2,48977.95,1459980,120,105
2025-01-29 10:02:45.813365,BANKNIFTY30JAN25F,BANKNIFTY,48977.95,236160,48963.05,48978.9,1459980,120,30
2025-01-29 10:02:47.149746,BANKNIFTY30JAN25F,BANKNIFTY,48977.95,237075,48970.1,48977.0,1459980,15,15
2025-01-29 10:02:48.462633,BANKNIFTY30JAN25F,BANKNIFTY,48970.1,237090,48963.25,48977.0,1459980,120,15
2025-01-29 10:02:49.806432,BANKNIFTY30JAN25F,BANKNIFTY,48976.95,237090,48963.0,48976.95,1459980,15,30
2025-01-29 10:02:51.172314,BANKNIFTY30JAN25F,BANKNIFTY,48966.45,238665,48965.0,48981.9,1459980,120,165
2025-01-29 10:02:52.508232,BANKNIFTY30JAN25F,BANKNIFTY,48979.1,238665,48965.0,48981.9,1459980,120,165
2025-01-29 10:02:53.835398,BANKNIFTY30JAN25F,BANKNIFTY,48965.15,238830,48963.05,48979.15,1459980,120,105
2025-01-29 10:02:55.152274,BANKNIFTY30JAN25F,BANKNIFTY,48981.8,238890,48964.9,48981.8,1459980,120,60
2025-01-29 10:02:56.509202,BANKNIFTY30JAN25F,BANKNIFTY,48981.8,238890,48966.95,48983.4,1459980,120,60
2025-01-29 10:02:57.871190,BANKNIFTY30JAN25F,BANKNIFTY,48981.8,238890,48966.05,48982.45,1459980,120,30
2025-01-29 10:02:59.231477,BANKNIFTY30JAN25F,BANKNIFTY,48965.2,238890,48966.05,48982.45,1459980,120,30
2025-01-29 10:03:00.610244,BANKNIFTY30JAN25F,BANKNIFTY,48974.0,238950,48965.2,48974.0,1459980,120,30
2025-01-29 10:03:01.980806,BANKNIFTY30JAN25F,BANKNIFTY,48965.15,239100,48965.15,48972.8,1459980,30,75
2025-01-29 10:03:03.343915,BANKNIFTY30JAN25F,BANKNIFTY,48960.0,239175,48960.0,48962.1,1459980,45,30
2025-01-29 10:03:04.665313,BANKNIFTY30JAN25F,BANKNIFTY,48958.85,239400,48955.4,48957.0,1459980,15,15
2025-01-29 10:03:05.989558,BANKNIFTY30JAN25F,BANKNIFTY,48962.0,239400,48955.4,48957.0,1459980,15,15
2025-01-29 10:03:07.314739,BANKNIFTY30JAN25F,BANKNIFTY,48952.0,239490,48955.0,48962.7,1459980,15,60
2025-01-29 10:03:08.650073,BANKNIFTY30JAN25F,BANKNIFTY,48952.0,239535,48950.0,48955.25,1459980,105,30
2025-01-29 10:03:10.104501,BANKNIFTY30JAN25F,BANKNIFTY,48937.0,239790,48942.0,48957.4,1459980,15,240
2025-01-29 10:03:11.445103,BANKNIFTY30JAN25F,BANKNIFTY,48954.6,239850,48937.5,48954.85,1459980,120,45
2025-01-29 10:03:12.826807,BANKNIFTY30JAN25F,BANKNIFTY,48954.6,239880,48936.85,48952.85,1459980,120,90
2025-01-29 10:03:14.149241,BANKNIFTY30JAN25F,BANKNIFTY,48952.25,239880,48936.85,48952.85,1459980,120,90
2025-01-29 10:03:15.477030,BANKNIFTY30JAN25F,BANKNIFTY,48952.25,240015,48935.6,48952.4,1459980,120,30
2025-01-29 10:03:16.801342,BANKNIFTY30JAN25F,BANKNIFTY,48953.85,240015,48944.0,48953.85,1459980,15,15
2025-01-29 10:03:18.160884,BANKNIFTY30JAN25F,BANKNIFTY,48953.85,240030,48940.35,48954.95,1459980,120,30
