timestamp,symbol,index_name,ltp,volume,bid,ask,oi,bid_qty,ask_qty
2025-01-29 09:29:10.266040,FINNIFTY30JAN25F,FINNIFTY,22823.7,1425,22816.45,22823.25,46400,25,150
2025-01-29 09:29:11.642142,FINNIFTY30JAN25F,FINNIFTY,22823.7,1425,22814.35,22821.4,46400,25,25
2025-01-29 09:29:13.129067,FINNIFTY30JAN25F,FINNIFTY,22823.7,1425,22814.35,22821.4,46400,25,25
2025-01-29 09:29:14.528831,FINNIFTY30JAN25F,FINNIFTY,22823.7,1425,22813.55,22821.65,46400,50,25
2025-01-29 09:29:15.894015,FINNIFTY30JAN25F,FINNIFTY,22823.7,1425,22815.15,22822.25,46400,25,25
2025-01-29 09:29:17.212065,FINNIFTY30JAN25F,FINNIFTY,22823.7,1425,22815.95,22823.7,46400,50,25
2025-01-29 09:29:18.532619,FINNIFTY30JAN25F,FINNIFTY,22823.7,1425,22814.05,22822.1,46400,50,25
2025-01-29 09:29:19.954772,FINNIFTY30JAN25F,FINNIFTY,22823.7,1425,22814.05,22822.1,46400,50,25
2025-01-29 09:29:21.298783,FINNIFTY30JAN25F,FINNIFTY,22823.7,1425,22818.75,22827.15,46400,100,75
2025-01-29 09:29:22.697704,FINNIFTY30JAN25F,FINNIFTY,22823.7,1425,22816.85,22824.95,46400,50,25
2025-01-29 09:29:24.005017,FINNIFTY30JAN25F,FINNIFTY,22823.7,1425,22816.85,22823.8,46400,25,75
2025-01-29 09:29:25.333736,FINNIFTY30JAN25F,FINNIFTY,22823.7,1425,22818.85,22826.95,46400,25,25
2025-01-29 09:29:26.918080,FINNIFTY30JAN25F,FINNIFTY,22823.7,1425,22818.65,22825.75,46400,25,25
2025-01-29 09:29:28.241724,FINNIFTY30JAN25F,FINNIFTY,22823.7,1425,22818.65,22825.75,46400,25,25
2025-01-29 09:29:29.589323,FINNIFTY30JAN25F,FINNIFTY,22823.7,1425,22819.2,22826.6,46400,50,25
2025-01-29 09:29:30.998687,FINNIFTY30JAN25F,FINNIFTY,22823.7,1425,22818.35,22826.65,46400,275,25
2025-01-29 09:29:32.297880,FINNIFTY30JAN25F,FINNIFTY,22823.7,1425,22818.1,22825.0,46400,25,25
2025-01-29 09:29:33.704923,FINNIFTY30JAN25F,FINNIFTY,22823.7,1425,22818.8,22826.85,46400,25,75
2025-01-29 09:29:35.110712,FINNIFTY30JAN25F,FINNIFTY,22823.7,1425,22819.45,22825.0,46400,25,1000
2025-01-29 09:29:36.419023,FINNIFTY30JAN25F,FINNIFTY,22823.7,1425,22819.45,22825.0,46400,25,1000
2025-01-29 09:29:37.833956,FINNIFTY30JAN25F,FINNIFTY,22823.7,1425,22821.15,22825.0,46400,25,1000
2025-01-29 09:29:39.195638,FINNIFTY30JAN25F,FINNIFTY,22823.7,1425,22819.8,22825.0,46400,25,1000
2025-01-29 09:29:40.538309,FINNIFTY30JAN25F,FINNIFTY,22823.7,1425,22823.2,22825.0,46400,50,1000
2025-01-29 09:29:41.881924,FINNIFTY30JAN25F,FINNIFTY,22823.7,1425,22823.25,22825.0,46400,275,1000
2025-01-29 09:29:43.220497,FINNIFTY30JAN25F,FINNIFTY,22823.7,1425,22823.25,22825.0,46400,275,1000
2025-01-29 09:29:44.541437,FINNIFTY30JAN25F,FINNIFTY,22823.7,1425,22821.4,22825.0,46400,25,1000
2025-01-29 09:29:46.091346,FINNIFTY30JAN25F,FINNIFTY,22823.7,1425,22821.95,22825.0,46400,25,1000
2025-01-29 09:29:47.417494,FINNIFTY30JAN25F,FINNIFTY,22823.7,1425,22821.7,22825.0,46400,25,1000
2025-01-29 09:29:48.797827,FINNIFTY30JAN25F,FINNIFTY,22823.7,1425,22821.7,22825.0,46400,25,1000
2025-01-29 09:29:50.155475,FINNIFTY30JAN25F,FINNIFTY,22823.7,1425,22821.7,22825.0,46400,25,1000
2025-01-29 09:29:51.627761,FINNIFTY30JAN25F,FINNIFTY,22823.7,1425,22822.05,22825.0,46400,250,1000
2025-01-29 09:29:53.011098,FINNIFTY30JAN25F,FINNIFTY,22823.7,1425,22822.05,22825.0,46400,250,1000
2025-01-29 09:29:54.408838,FINNIFTY30JAN25F,FINNIFTY,22823.7,1425,22821.9,22825.0,46400,25,1000
2025-01-29 09:29:55.735925,FINNIFTY30JAN25F,FINNIFTY,22823.7,1425,22822.65,22825.0,46400,250,1000
2025-01-29 09:29:57.377036,FINNIFTY30JAN25F,FINNIFTY,22823.7,1425,22822.45,22825.0,46400,25,1000
2025-01-29 09:29:58.698452,FINNIFTY30JAN25F,FINNIFTY,22823.7,1425,22818.9,22823.35,46400,25,50
2025-01-29 09:30:00.057354,FINNIFTY30JAN25F,FINNIFTY,22823.7,1425,22818.9,22823.1,46400,25,100
2025-01-29 09:30:01.497325,FINNIFTY30JAN25F,FINNIFTY,22823.7,1425,22818.9,22823.1,46400,25,100
2025-01-29 09:30:02.886614,FINNIFTY30JAN25F,FINNIFTY,22823.7,1425,22814.65,22821.1,46400,25,75
2025-01-29 09:30:04.832914,FINNIFTY30JAN25F,FINNIFTY,22823.7,1425,22814.1,22818.2,46400,50,50
2025-01-29 09:30:06.422889,FINNIFTY30JAN25F,FINNIFTY,22823.7,1425,22816.6,22822.2,46400,25,50
2025-01-29 09:30:08.183529,FINNIFTY30JAN25F,FINNIFTY,22823.7,1425,22815.2,22820.4,46400,25,50
2025-01-29 09:30:10.174395,FINNIFTY30JAN25F,FINNIFTY,22823.7,1425,22815.5,22821.55,46400,25,50
2025-01-29 09:30:11.932634,FINNIFTY30JAN25F,FINNIFTY,22823.7,1425,22819.7,22824.85,46400,250,25
2025-01-29 09:30:13.330674,FINNIFTY30JAN25F,FINNIFTY,22823.7,1425,22819.95,22824.8,46400,250,25
2025-01-29 09:30:14.864607,FINNIFTY30JAN25F,FINNIFTY,22823.7,1425,22819.95,22824.8,46400,250,25
2025-01-29 09:30:16.234978,FINNIFTY30JAN25F,FINNIFTY,22825.0,2425,22826.4,22833.9,46325,250,50
2025-01-29 09:30:17.617124,FINNIFTY30JAN25F,FINNIFTY,22825.0,2425,22823.05,22830.4,46325,50,50
2025-01-29 09:30:19.402938,FINNIFTY30JAN25F,FINNIFTY,22825.0,2425,22818.7,22824.25,46325,25,50
2025-01-29 09:30:20.960822,FINNIFTY30JAN25F,FINNIFTY,22825.0,2425,22814.05,22819.9,46325,25,50
2025-01-29 09:30:22.328550,FINNIFTY30JAN25F,FINNIFTY,22825.0,2425,22813.85,22819.25,46325,25,25
2025-01-29 09:30:23.655184,FINNIFTY30JAN25F,FINNIFTY,22825.0,2425,22818.0,22823.75,46325,275,25
2025-01-29 09:30:24.989906,FINNIFTY30JAN25F,FINNIFTY,22825.0,2425,22818.0,22823.75,46325,275,25
2025-01-29 09:30:26.309208,FINNIFTY30JAN25F,FINNIFTY,22825.0,2425,22821.2,22825.7,46325,25,25
2025-01-29 09:30:27.666963,FINNIFTY30JAN25F,FINNIFTY,22825.0,2425,22821.15,22828.15,46325,25,100
2025-01-29 09:30:28.971845,FINNIFTY30JAN25F,FINNIFTY,22825.0,2425,22820.1,22826.55,46325,25,50
2025-01-29 09:30:30.285770,FINNIFTY30JAN25F,FINNIFTY,22825.0,2425,22818.95,22825.75,46325,50,50
2025-01-29 09:30:31.600843,FINNIFTY30JAN25F,FINNIFTY,22825.0,2425,22818.95,22825.75,46325,50,50
2025-01-29 09:30:32.919589,FINNIFTY30JAN25F,FINNIFTY,22825.0,2425,22820.15,22825.35,46325,25,50
2025-01-29 09:30:34.236791,FINNIFTY30JAN25F,FINNIFTY,22825.0,2425,22822.3,22827.85,46325,25,50
2025-01-29 09:30:35.567083,FINNIFTY30JAN25F,FINNIFTY,22825.0,2425,22820.35,22827.5,46325,50,50
2025-01-29 09:30:36.926218,FINNIFTY30JAN25F,FINNIFTY,22825.0,2425,22822.1,22827.35,46325,50,25
2025-01-29 09:30:38.253819,FINNIFTY30JAN25F,FINNIFTY,22825.0,2425,22822.1,22827.35,46325,50,25
2025-01-29 09:30:39.583203,FINNIFTY30JAN25F,FINNIFTY,22825.0,2425,22820.4,22827.05,46325,25,100
2025-01-29 09:30:40.903780,FINNIFTY30JAN25F,FINNIFTY,22825.0,2425,22822.15,22826.9,46325,25,25
2025-01-29 09:30:42.237470,FINNIFTY30JAN25F,FINNIFTY,22825.0,2425,22822.8,22829.85,46325,50,50
2025-01-29 09:30:43.578284,FINNIFTY30JAN25F,FINNIFTY,22825.0,2425,22824.35,22829.7,46325,50,25
2025-01-29 09:30:44.919894,FINNIFTY30JAN25F,FINNIFTY,22825.0,2425,22824.35,22829.7,46325,50,25
2025-01-29 09:30:46.280258,FINNIFTY30JAN25F,FINNIFTY,22825.0,2425,22823.05,22829.1,46325,50,25
2025-01-29 09:30:47.617078,FINNIFTY30JAN25F,FINNIFTY,22825.0,2425,22822.05,22828.4,46325,25,50
2025-01-29 09:30:48.946725,FINNIFTY30JAN25F,FINNIFTY,22825.0,2425,22823.15,22829.3,46325,25,50
2025-01-29 09:30:50.274374,FINNIFTY30JAN25F,FINNIFTY,22825.0,2425,22824.0,22829.3,46325,300,25
2025-01-29 09:30:51.634910,FINNIFTY30JAN25F,FINNIFTY,22825.0,2425,22824.0,22829.3,46325,300,25
2025-01-29 09:30:52.943838,FINNIFTY30JAN25F,FINNIFTY,22825.0,2425,22824.1,22829.3,46325,25,25
2025-01-29 09:30:54.259379,FINNIFTY30JAN25F,FINNIFTY,22825.0,2425,22824.35,22829.3,46325,25,25
2025-01-29 09:30:55.583472,FINNIFTY30JAN25F,FINNIFTY,22825.0,2425,22825.25,22831.85,46325,300,25
2025-01-29 09:30:56.928539,FINNIFTY30JAN25F,FINNIFTY,22825.0,2425,22825.6,22831.7,46325,300,25
2025-01-29 09:30:58.251139,FINNIFTY30JAN25F,FINNIFTY,22825.0,2425,22825.6,22831.7,46325,300,25
2025-01-29 09:30:59.568713,FINNIFTY30JAN25F,FINNIFTY,22825.0,2425,22828.1,22834.65,46325,50,100
2025-01-29 09:31:00.886549,FINNIFTY30JAN25F,FINNIFTY,22825.0,2425,22830.55,22837.6,46325,50,50
2025-01-29 09:31:02.211430,FINNIFTY30JAN25F,FINNIFTY,22825.0,2425,22827.35,22834.65,46325,300,50
2025-01-29 09:31:03.543345,FINNIFTY30JAN25F,FINNIFTY,22825.0,2425,22827.35,22834.65,46325,300,50
2025-01-29 09:31:04.901540,FINNIFTY30JAN25F,FINNIFTY,22825.0,2425,22827.05,22833.2,46325,25,50
2025-01-29 09:31:06.207176,FINNIFTY30JAN25F,FINNIFTY,22825.0,2425,22826.8,22831.85,46325,300,25
2025-01-29 09:31:07.539806,FINNIFTY30JAN25F,FINNIFTY,22825.0,2425,22827.05,22831.85,46325,25,25
2025-01-29 09:31:08.929757,FINNIFTY30JAN25F,FINNIFTY,22825.0,2425,22828.4,22834.0,46325,25,25
2025-01-29 09:31:10.263536,FINNIFTY30JAN25F,FINNIFTY,22825.0,2425,22829.5,22837.15,46325,50,50
2025-01-29 09:31:11.599012,FINNIFTY30JAN25F,FINNIFTY,22825.0,2425,22829.5,22837.15,46325,50,50
2025-01-29 09:31:12.929385,FINNIFTY30JAN25F,FINNIFTY,22825.0,2425,22829.75,22835.4,46325,50,25
2025-01-29 09:31:14.255133,FINNIFTY30JAN25F,FINNIFTY,22825.0,2425,22830.7,22836.6,46325,25,50
2025-01-29 09:31:15.561126,FINNIFTY30JAN25F,FINNIFTY,22825.0,2425,22835.0,22841.6,46325,25,50
2025-01-29 09:31:16.928513,FINNIFTY30JAN25F,FINNIFTY,22825.0,2425,22835.2,22840.75,46325,25,100
2025-01-29 09:31:18.258339,FINNIFTY30JAN25F,FINNIFTY,22825.0,2425,22835.2,22840.75,46325,25,100
2025-01-29 09:31:19.580938,FINNIFTY30JAN25F,FINNIFTY,22825.0,2425,22837.3,22843.7,46325,50,25
2025-01-29 09:31:21.833968,FINNIFTY30JAN25F,FINNIFTY,22825.0,2425,22838.3,22843.65,46325,25,25
2025-01-29 09:31:23.193488,FINNIFTY30JAN25F,FINNIFTY,22825.0,2425,22838.3,22843.65,46325,25,25
2025-01-29 09:31:24.532655,FINNIFTY30JAN25F,FINNIFTY,22843.45,2450,22838.5,22845.7,45350,50,25
2025-01-29 09:31:27.206952,FINNIFTY30JAN25F,FINNIFTY,22843.45,2450,22839.05,22845.7,45350,50,25
2025-01-29 09:31:28.649494,FINNIFTY30JAN25F,FINNIFTY,22843.45,2450,22841.3,22847.15,45350,25,75
2025-01-29 09:31:30.144302,FINNIFTY30JAN25F,FINNIFTY,22843.45,2450,22841.3,22847.15,45350,25,75
2025-01-29 09:31:31.542990,FINNIFTY30JAN25F,FINNIFTY,22843.45,2450,22839.75,22845.25,45350,25,25
2025-01-29 09:31:33.171907,FINNIFTY30JAN25F,FINNIFTY,22843.45,2450,22840.5,22846.65,45350,50,25
2025-01-29 09:31:34.628562,FINNIFTY30JAN25F,FINNIFTY,22843.45,2450,22841.35,22846.65,45350,25,25
2025-01-29 09:31:36.022792,FINNIFTY30JAN25F,FINNIFTY,22843.45,2450,22841.45,22848.75,45350,50,75
2025-01-29 09:31:37.517413,FINNIFTY30JAN25F,FINNIFTY,22843.45,2450,22842.55,22848.55,45350,25,75
2025-01-29 09:31:38.830902,FINNIFTY30JAN25F,FINNIFTY,22843.45,2450,22842.6,22850.05,45350,50,125
2025-01-29 09:31:40.215674,FINNIFTY30JAN25F,FINNIFTY,22843.45,2450,22842.6,22850.05,45350,50,125
2025-01-29 09:31:41.543088,FINNIFTY30JAN25F,FINNIFTY,22843.45,2450,22844.1,22851.5,45350,50,125
2025-01-29 09:31:42.873826,FINNIFTY30JAN25F,FINNIFTY,22843.45,2450,22844.35,22849.8,45350,25,125
2025-01-29 09:31:44.336276,FINNIFTY30JAN25F,FINNIFTY,22843.45,2450,22842.6,22849.2,45350,325,25
2025-01-29 09:31:45.669254,FINNIFTY30JAN25F,FINNIFTY,22843.45,2450,22842.8,22849.15,45350,50,25
2025-01-29 09:31:47.036891,FINNIFTY30JAN25F,FINNIFTY,22843.45,2450,22843.5,22849.15,45350,50,25
2025-01-29 09:31:48.403323,FINNIFTY30JAN25F,FINNIFTY,22843.45,2450,22843.5,22849.15,45350,50,25
2025-01-29 09:31:49.726587,FINNIFTY30JAN25F,FINNIFTY,22843.45,2450,22841.1,22847.4,45350,50,25
2025-01-29 09:31:51.595288,FINNIFTY30JAN25F,FINNIFTY,22843.45,2450,22841.45,22847.4,45350,25,25
2025-01-29 09:31:52.911839,FINNIFTY30JAN25F,FINNIFTY,22843.45,2450,22842.75,22849.9,45350,50,25
2025-01-29 09:31:54.244707,FINNIFTY30JAN25F,FINNIFTY,22843.45,2450,22842.85,22849.25,45350,25,75
2025-01-29 09:31:55.583871,FINNIFTY30JAN25F,FINNIFTY,22843.45,2450,22843.7,22849.25,45350,50,25
2025-01-29 09:31:56.913472,FINNIFTY30JAN25F,FINNIFTY,22843.45,2450,22841.85,22849.1,45350,50,75
2025-01-29 09:31:58.253496,FINNIFTY30JAN25F,FINNIFTY,22843.45,2450,22841.85,22849.1,45350,50,75
2025-01-29 09:31:59.563271,FINNIFTY30JAN25F,FINNIFTY,22843.45,2450,22842.0,22848.85,45350,50,25
2025-01-29 09:32:00.893358,FINNIFTY30JAN25F,FINNIFTY,22843.45,2450,22842.5,22848.7,45350,25,50
2025-01-29 09:32:02.319574,FINNIFTY30JAN25F,FINNIFTY,22843.45,2450,22839.2,22846.4,45350,25,75
2025-01-29 09:32:03.721882,FINNIFTY30JAN25F,FINNIFTY,22843.45,2450,22839.95,22845.95,45350,50,25
2025-01-29 09:32:05.059152,FINNIFTY30JAN25F,FINNIFTY,22843.45,2450,22839.95,22845.95,45350,50,25
2025-01-29 09:32:06.417768,FINNIFTY30JAN25F,FINNIFTY,22843.45,2450,22840.85,22847.55,45350,25,75
2025-01-29 09:32:07.748844,FINNIFTY30JAN25F,FINNIFTY,22843.45,2450,22839.15,22846.2,45350,50,75
2025-01-29 09:32:09.133381,FINNIFTY30JAN25F,FINNIFTY,22843.45,2450,22840.15,22846.0,45350,50,25
2025-01-29 09:32:10.483328,FINNIFTY30JAN25F,FINNIFTY,22843.45,2450,22843.3,22849.9,45350,25,25
2025-01-29 09:32:11.796538,FINNIFTY30JAN25F,FINNIFTY,22843.45,2450,22843.3,22849.9,45350,25,25
2025-01-29 09:32:13.121722,FINNIFTY30JAN25F,FINNIFTY,22843.45,2450,22840.95,22846.65,45350,275,25
2025-01-29 09:32:14.649812,FINNIFTY30JAN25F,FINNIFTY,22843.45,2450,22839.65,22845.55,45350,25,25
2025-01-29 09:32:15.963479,FINNIFTY30JAN25F,FINNIFTY,22843.45,2450,22839.0,22845.45,45350,25,75
2025-01-29 09:32:17.263472,FINNIFTY30JAN25F,FINNIFTY,22843.45,2450,22836.45,22843.85,45350,25,75
2025-01-29 09:32:18.603666,FINNIFTY30JAN25F,FINNIFTY,22843.45,2450,22835.35,22841.5,45350,25,75
2025-01-29 09:32:19.936234,FINNIFTY30JAN25F,FINNIFTY,22843.45,2450,22834.85,22840.8,45350,25,75
2025-01-29 09:32:21.742198,FINNIFTY30JAN25F,FINNIFTY,22843.45,2450,22834.85,22840.8,45350,25,75
2025-01-29 09:32:23.069531,FINNIFTY30JAN25F,FINNIFTY,22843.45,2450,22834.8,22840.5,45350,50,25
2025-01-29 09:32:24.673244,FINNIFTY30JAN25F,FINNIFTY,22843.45,2450,22837.35,22843.7,45350,50,25
2025-01-29 09:32:26.014955,FINNIFTY30JAN25F,FINNIFTY,22843.45,2450,22839.0,22843.7,45350,300,25
2025-01-29 09:32:27.333401,FINNIFTY30JAN25F,FINNIFTY,22843.45,2450,22840.5,22845.95,45350,25,25
2025-01-29 09:32:28.669497,FINNIFTY30JAN25F,FINNIFTY,22843.45,2450,22837.8,22844.1,45350,50,75
2025-01-29 09:32:30.013931,FINNIFTY30JAN25F,FINNIFTY,22843.45,2450,22837.8,22844.1,45350,50,75
2025-01-29 09:32:31.364670,FINNIFTY30JAN25F,FINNIFTY,22843.45,2450,22837.9,22843.5,45350,25,25
2025-01-29 09:32:32.733164,FINNIFTY30JAN25F,FINNIFTY,22843.45,2450,22835.75,22841.9,45350,25,75
2025-01-29 09:32:34.084250,FINNIFTY30JAN25F,FINNIFTY,22843.45,2450,22834.55,22840.85,45350,25,75
2025-01-29 09:32:35.406225,FINNIFTY30JAN25F,FINNIFTY,22843.45,2450,22835.5,22841.45,45350,25,75
2025-01-29 09:32:36.883346,FINNIFTY30JAN25F,FINNIFTY,22843.45,2450,22834.15,22841.2,45350,50,75
2025-01-29 09:32:39.032742,FINNIFTY30JAN25F,FINNIFTY,22843.45,2450,22835.45,22843.25,45350,50,200
2025-01-29 09:32:40.676876,FINNIFTY30JAN25F,FINNIFTY,22843.45,2450,22835.65,22842.0,45350,50,25
2025-01-29 09:32:42.456563,FINNIFTY30JAN25F,FINNIFTY,22843.45,2450,22832.0,22838.55,45350,300,25
2025-01-29 09:32:43.939187,FINNIFTY30JAN25F,FINNIFTY,22843.45,2450,22832.75,22838.45,45350,25,75
2025-01-29 09:32:46.307064,FINNIFTY30JAN25F,FINNIFTY,22843.45,2450,22832.75,22838.45,45350,25,75
2025-01-29 09:32:47.803449,FINNIFTY30JAN25F,FINNIFTY,22843.45,2450,22831.15,22838.15,45350,50,75
2025-01-29 09:32:49.257328,FINNIFTY30JAN25F,FINNIFTY,22843.45,2450,22833.05,22837.5,45350,275,25
2025-01-29 09:32:51.543188,FINNIFTY30JAN25F,FINNIFTY,22843.45,2450,22833.05,22837.5,45350,275,25
2025-01-29 09:32:52.992740,FINNIFTY30JAN25F,FINNIFTY,22843.45,2450,22833.6,22840.8,45350,25,75
2025-01-29 09:32:54.456428,FINNIFTY30JAN25F,FINNIFTY,22843.45,2450,22834.55,22840.65,45350,25,75
2025-01-29 09:32:55.877834,FINNIFTY30JAN25F,FINNIFTY,22843.45,2450,22835.05,22840.6,45350,25,25
2025-01-29 09:32:57.229235,FINNIFTY30JAN25F,FINNIFTY,22843.45,2450,22835.1,22840.6,45350,50,25
2025-01-29 09:32:58.537222,FINNIFTY30JAN25F,FINNIFTY,22843.45,2450,22833.75,22840.1,45350,275,25
2025-01-29 09:32:59.835523,FINNIFTY30JAN25F,FINNIFTY,22843.45,2450,22833.75,22840.1,45350,275,25
2025-01-29 09:33:01.156996,FINNIFTY30JAN25F,FINNIFTY,22843.45,2450,22834.5,22840.05,45350,25,25
2025-01-29 09:33:02.623043,FINNIFTY30JAN25F,FINNIFTY,22843.45,2450,22830.85,22838.35,45350,25,75
2025-01-29 09:33:03.962848,FINNIFTY30JAN25F,FINNIFTY,22843.45,2450,22832.4,22837.75,45350,25,25
2025-01-29 09:33:05.298895,FINNIFTY30JAN25F,FINNIFTY,22843.45,2450,22833.8,22840.65,45350,25,75
2025-01-29 09:33:06.640420,FINNIFTY30JAN25F,FINNIFTY,22843.45,2450,22833.8,22840.65,45350,25,75
2025-01-29 09:33:07.982982,FINNIFTY30JAN25F,FINNIFTY,22843.45,2450,22834.05,22840.3,45350,25,25
2025-01-29 09:33:09.299666,FINNIFTY30JAN25F,FINNIFTY,22843.45,2450,22834.75,22839.95,45350,25,25
2025-01-29 09:33:10.622952,FINNIFTY30JAN25F,FINNIFTY,22843.45,2450,22835.7,22843.55,45350,50,75
2025-01-29 09:33:11.955107,FINNIFTY30JAN25F,FINNIFTY,22843.45,2450,22835.3,22840.7,45350,50,25
2025-01-29 09:33:13.292745,FINNIFTY30JAN25F,FINNIFTY,22843.45,2450,22833.35,22840.0,45350,50,75
2025-01-29 09:33:15.604842,FINNIFTY30JAN25F,FINNIFTY,22843.45,2450,22831.75,22839.05,45350,275,75
2025-01-29 09:33:16.951012,FINNIFTY30JAN25F,FINNIFTY,22843.45,2450,22831.05,22837.2,45350,50,25
2025-01-29 09:33:18.275873,FINNIFTY30JAN25F,FINNIFTY,22843.45,2450,22831.05,22837.2,45350,50,25
2025-01-29 09:33:19.662664,FINNIFTY30JAN25F,FINNIFTY,22843.45,2450,22830.05,22835.65,45350,25,75
2025-01-29 09:33:21.053872,FINNIFTY30JAN25F,FINNIFTY,22843.45,2450,22832.0,22836.7,45350,25,25
2025-01-29 09:33:22.385344,FINNIFTY30JAN25F,FINNIFTY,22843.45,2450,22831.85,22838.2,45350,25,75
2025-01-29 09:33:23.712806,FINNIFTY30JAN25F,FINNIFTY,22843.45,2450,22832.0,22838.0,45350,300,25
2025-01-29 09:33:25.031248,FINNIFTY30JAN25F,FINNIFTY,22843.45,2450,22833.5,22838.8,45350,25,50
2025-01-29 09:33:26.368821,FINNIFTY30JAN25F,FINNIFTY,22843.45,2450,22833.5,22838.8,45350,25,50
2025-01-29 09:33:27.826707,FINNIFTY30JAN25F,FINNIFTY,22843.45,2450,22833.6,22838.8,45350,25,25
2025-01-29 09:33:29.224367,FINNIFTY30JAN25F,FINNIFTY,22841.75,4275,22842.55,22847.45,45350,25,25
2025-01-29 09:33:30.644569,FINNIFTY30JAN25F,FINNIFTY,22841.75,4275,22841.55,22847.45,45350,50,25
2025-01-29 09:33:31.962713,FINNIFTY30JAN25F,FINNIFTY,22841.75,4275,22840.65,22847.45,45350,25,25
2025-01-29 09:33:33.402199,FINNIFTY30JAN25F,FINNIFTY,22841.75,4275,22842.35,22847.45,45350,25,25
2025-01-29 09:33:34.773899,FINNIFTY30JAN25F,FINNIFTY,22841.75,4275,22842.35,22847.45,45350,25,25
2025-01-29 09:33:36.204648,FINNIFTY30JAN25F,FINNIFTY,22841.75,4275,22842.55,22849.9,45350,25,75
2025-01-29 09:33:37.542465,FINNIFTY30JAN25F,FINNIFTY,22841.75,4275,22842.8,22849.6,45350,275,25
2025-01-29 09:33:38.891288,FINNIFTY30JAN25F,FINNIFTY,22841.75,4275,22844.25,22849.35,45350,25,25
2025-01-29 09:33:40.212656,FINNIFTY30JAN25F,FINNIFTY,22841.75,4275,22848.1,22855.9,45350,25,75
2025-01-29 09:33:41.592239,FINNIFTY30JAN25F,FINNIFTY,22841.75,4275,22848.1,22855.9,45350,25,75
2025-01-29 09:33:42.922408,FINNIFTY30JAN25F,FINNIFTY,22841.75,4275,22850.0,22856.6,45350,50,25
2025-01-29 09:33:44.239087,FINNIFTY30JAN25F,FINNIFTY,22841.75,4275,22850.0,22856.55,45350,275,25
2025-01-29 09:33:45.552388,FINNIFTY30JAN25F,FINNIFTY,22841.75,4275,22850.8,22856.5,45350,25,25
2025-01-29 09:33:46.906316,FINNIFTY30JAN25F,FINNIFTY,22841.75,4275,22850.95,22858.2,45350,275,75
2025-01-29 09:33:48.224207,FINNIFTY30JAN25F,FINNIFTY,22841.75,4275,22850.95,22858.2,45350,275,75
2025-01-29 09:33:49.562507,FINNIFTY30JAN25F,FINNIFTY,22841.75,4275,22851.4,22858.05,45350,50,25
2025-01-29 09:33:50.920183,FINNIFTY30JAN25F,FINNIFTY,22841.75,4275,22853.95,22860.9,45350,25,25
2025-01-29 09:33:52.318483,FINNIFTY30JAN25F,FINNIFTY,22841.75,4275,22853.6,22860.85,45350,50,25
2025-01-29 09:33:53.760899,FINNIFTY30JAN25F,FINNIFTY,22841.75,4275,22853.65,22859.85,45350,25,25
2025-01-29 09:33:55.192451,FINNIFTY30JAN25F,FINNIFTY,22841.75,4275,22852.65,22858.45,45350,25,75
2025-01-29 09:33:56.696976,FINNIFTY30JAN25F,FINNIFTY,22841.75,4275,22849.7,22856.75,45350,50,25
2025-01-29 09:33:58.338869,FINNIFTY30JAN25F,FINNIFTY,22841.75,4275,22851.0,22856.75,45350,50,25
2025-01-29 09:33:59.722228,FINNIFTY30JAN25F,FINNIFTY,22857.0,4300,22854.3,22862.75,45350,25,75
2025-01-29 09:34:02.390620,FINNIFTY30JAN25F,FINNIFTY,22857.0,4300,22850.55,22858.6,45350,50,50
2025-01-29 09:34:03.908957,FINNIFTY30JAN25F,FINNIFTY,22857.0,4300,22852.25,22859.1,45350,300,25
2025-01-29 09:34:06.484649,FINNIFTY30JAN25F,FINNIFTY,22857.0,4300,22852.25,22859.1,45350,300,25
2025-01-29 09:34:08.004331,FINNIFTY30JAN25F,FINNIFTY,22857.0,4300,22848.2,22854.75,45350,25,50
2025-01-29 09:34:09.472292,FINNIFTY30JAN25F,FINNIFTY,22857.0,4300,22848.2,22853.85,45350,25,75
2025-01-29 09:34:10.882078,FINNIFTY30JAN25F,FINNIFTY,22857.0,4300,22848.3,22855.4,45350,50,25
2025-01-29 09:34:12.212256,FINNIFTY30JAN25F,FINNIFTY,22857.0,4300,22849.95,22855.4,45350,25,25
2025-01-29 09:34:13.550993,FINNIFTY30JAN25F,FINNIFTY,22857.0,4300,22848.4,22855.35,45350,25,75
2025-01-29 09:34:14.888547,FINNIFTY30JAN25F,FINNIFTY,22857.0,4300,22848.4,22855.35,45350,25,75
2025-01-29 09:34:16.202198,FINNIFTY30JAN25F,FINNIFTY,22857.0,4300,22848.65,22854.9,45350,300,25
2025-01-29 09:34:17.522208,FINNIFTY30JAN25F,FINNIFTY,22857.0,4300,22848.9,22854.9,45350,275,25
2025-01-29 09:34:18.913663,FINNIFTY30JAN25F,FINNIFTY,22857.0,4300,22850.65,22858.35,45350,50,75
2025-01-29 09:34:20.272008,FINNIFTY30JAN25F,FINNIFTY,22857.0,4300,22850.85,22857.8,45350,25,75
2025-01-29 09:34:21.631988,FINNIFTY30JAN25F,FINNIFTY,22857.0,4300,22850.85,22857.8,45350,25,75
2025-01-29 09:34:22.981586,FINNIFTY30JAN25F,FINNIFTY,22857.0,4300,22851.7,22857.5,45350,25,25
2025-01-29 09:34:24.361120,FINNIFTY30JAN25F,FINNIFTY,22857.0,4300,22852.3,22859.1,45350,25,50
2025-01-29 09:34:25.722482,FINNIFTY30JAN25F,FINNIFTY,22857.0,4300,22852.5,22857.95,45350,275,25
2025-01-29 09:34:27.062288,FINNIFTY30JAN25F,FINNIFTY,22857.0,4300,22851.2,22858.15,45350,50,25
2025-01-29 09:34:28.438050,FINNIFTY30JAN25F,FINNIFTY,22857.0,4300,22853.4,22860.0,45350,50,25
2025-01-29 09:34:29.760335,FINNIFTY30JAN25F,FINNIFTY,22857.0,4300,22853.4,22860.0,45350,50,25
2025-01-29 09:34:31.112040,FINNIFTY30JAN25F,FINNIFTY,22857.0,4300,22854.75,22860.0,45350,25,25
2025-01-29 09:34:32.424769,FINNIFTY30JAN25F,FINNIFTY,22857.0,4300,22851.4,22858.95,45350,25,75
2025-01-29 09:34:33.761834,FINNIFTY30JAN25F,FINNIFTY,22857.0,4300,22850.75,22858.4,45350,25,75
2025-01-29 09:34:35.202282,FINNIFTY30JAN25F,FINNIFTY,22857.0,4300,22853.0,22858.4,45350,25,25
2025-01-29 09:34:36.541818,FINNIFTY30JAN25F,FINNIFTY,22857.0,4300,22853.0,22858.4,45350,25,25
2025-01-29 09:34:37.898543,FINNIFTY30JAN25F,FINNIFTY,22857.0,4300,22852.5,22858.15,45350,25,25
2025-01-29 09:34:39.216967,FINNIFTY30JAN25F,FINNIFTY,22857.0,4300,22854.55,22860.15,45350,25,25
2025-01-29 09:34:40.541759,FINNIFTY30JAN25F,FINNIFTY,22857.0,4300,22853.45,22859.7,45350,25,75
2025-01-29 09:34:41.898641,FINNIFTY30JAN25F,FINNIFTY,22857.0,4300,22853.4,22859.65,45350,25,75
2025-01-29 09:34:43.228429,FINNIFTY30JAN25F,FINNIFTY,22857.0,4300,22853.4,22859.65,45350,25,75
2025-01-29 09:34:44.566869,FINNIFTY30JAN25F,FINNIFTY,22857.0,4300,22853.4,22859.6,45350,25,50
2025-01-29 09:34:45.885474,FINNIFTY30JAN25F,FINNIFTY,22857.0,4300,22852.8,22859.4,45350,50,25
2025-01-29 09:34:47.235429,FINNIFTY30JAN25F,FINNIFTY,22857.0,4300,22851.05,22858.2,45350,50,75
2025-01-29 09:34:48.552060,FINNIFTY30JAN25F,FINNIFTY,22857.0,4300,22853.7,22859.55,45350,300,25
2025-01-29 09:34:49.897391,FINNIFTY30JAN25F,FINNIFTY,22857.0,4300,22853.7,22859.55,45350,300,25
2025-01-29 09:34:51.218558,FINNIFTY30JAN25F,FINNIFTY,22857.0,4300,22852.6,22859.15,45350,25,25
2025-01-29 09:34:52.541164,FINNIFTY30JAN25F,FINNIFTY,22857.0,4300,22851.0,22858.05,45350,25,75
2025-01-29 09:34:53.885099,FINNIFTY30JAN25F,FINNIFTY,22857.0,4300,22856.3,22861.7,45350,25,25
2025-01-29 09:34:55.221767,FINNIFTY30JAN25F,FINNIFTY,22857.0,4300,22857.65,22864.35,45350,25,25
2025-01-29 09:34:56.571757,FINNIFTY30JAN25F,FINNIFTY,22857.0,4300,22857.65,22864.35,45350,25,25
2025-01-29 09:34:57.957125,FINNIFTY30JAN25F,FINNIFTY,22857.0,4300,22858.6,22864.35,45350,25,25
2025-01-29 09:34:59.311712,FINNIFTY30JAN25F,FINNIFTY,22857.0,4300,22856.6,22863.5,45350,25,75
2025-01-29 09:35:00.626185,FINNIFTY30JAN25F,FINNIFTY,22857.0,4300,22854.75,22861.7,45350,25,75
2025-01-29 09:35:01.951343,FINNIFTY30JAN25F,FINNIFTY,22857.0,4300,22854.2,22860.1,45350,275,25
2025-01-29 09:35:03.308916,FINNIFTY30JAN25F,FINNIFTY,22857.0,4300,22852.5,22859.35,45350,25,75
2025-01-29 09:35:05.804447,FINNIFTY30JAN25F,FINNIFTY,22857.0,4300,22854.2,22859.3,45350,25,25
2025-01-29 09:35:08.439377,FINNIFTY30JAN25F,FINNIFTY,22857.0,4300,22855.2,22861.95,45350,50,25
2025-01-29 09:35:10.448830,FINNIFTY30JAN25F,FINNIFTY,22857.0,4300,22854.35,22859.25,45350,25,25
2025-01-29 09:35:12.015631,FINNIFTY30JAN25F,FINNIFTY,22857.0,4300,22853.95,22859.25,45350,275,25
2025-01-29 09:35:13.655398,FINNIFTY30JAN25F,FINNIFTY,22857.0,4300,22853.85,22859.25,45350,25,25
2025-01-29 09:35:15.360744,FINNIFTY30JAN25F,FINNIFTY,22857.0,4300,22856.35,22861.95,45350,25,25
2025-01-29 09:35:16.838690,FINNIFTY30JAN25F,FINNIFTY,22857.0,4300,22857.3,22863.55,45350,275,75
2025-01-29 09:35:18.309942,FINNIFTY30JAN25F,FINNIFTY,22857.0,4300,22852.75,22860.45,45350,25,75
2025-01-29 09:35:20.056823,FINNIFTY30JAN25F,FINNIFTY,22857.0,4300,22852.2,22859.05,45350,25,75
2025-01-29 09:35:21.612035,FINNIFTY30JAN25F,FINNIFTY,22857.0,4300,22851.45,22858.6,45350,25,75
2025-01-29 09:35:24.028337,FINNIFTY30JAN25F,FINNIFTY,22857.0,4300,22847.7,22854.15,45350,25,75
2025-01-29 09:35:25.690907,FINNIFTY30JAN25F,FINNIFTY,22857.0,4300,22846.45,22853.4,45350,25,75
2025-01-29 09:35:27.302089,FINNIFTY30JAN25F,FINNIFTY,22857.0,4300,22841.8,22848.2,45350,25,50
2025-01-29 09:35:28.678260,FINNIFTY30JAN25F,FINNIFTY,22854.55,4300,22845.9,22853.4,45425,50,75
2025-01-29 09:35:30.020957,FINNIFTY30JAN25F,FINNIFTY,22854.55,4700,22844.25,22851.9,45425,50,100
2025-01-29 09:35:31.395019,FINNIFTY30JAN25F,FINNIFTY,22854.55,4700,22844.25,22851.9,45425,50,100
2025-01-29 09:35:32.733020,FINNIFTY30JAN25F,FINNIFTY,22854.55,4700,22844.55,22851.45,45425,50,25
2025-01-29 09:35:34.056216,FINNIFTY30JAN25F,FINNIFTY,22854.55,4700,22845.65,22852.7,45425,25,500
2025-01-29 09:35:35.386020,FINNIFTY30JAN25F,FINNIFTY,22854.55,4700,22844.25,22851.7,45425,50,125
2025-01-29 09:35:36.703775,FINNIFTY30JAN25F,FINNIFTY,22854.55,4700,22844.25,22850.1,45425,25,100
2025-01-29 09:35:38.047039,FINNIFTY30JAN25F,FINNIFTY,22854.55,4700,22844.25,22850.1,45425,25,100
2025-01-29 09:35:39.375385,FINNIFTY30JAN25F,FINNIFTY,22854.55,4700,22843.7,22850.3,45425,25,300
2025-01-29 09:35:40.760133,FINNIFTY30JAN25F,FINNIFTY,22854.55,4700,22842.2,22848.7,45425,75,25
2025-01-29 09:35:42.086382,FINNIFTY30JAN25F,FINNIFTY,22854.55,4700,22842.45,22848.7,45425,25,25
2025-01-29 09:35:43.461672,FINNIFTY30JAN25F,FINNIFTY,22854.55,4700,22846.05,22851.55,45425,25,25
2025-01-29 09:35:44.890673,FINNIFTY30JAN25F,FINNIFTY,22854.55,4700,22846.05,22851.55,45425,25,25
2025-01-29 09:35:46.241643,FINNIFTY30JAN25F,FINNIFTY,22854.55,4700,22844.95,22852.7,45425,50,125
2025-01-29 09:35:47.636306,FINNIFTY30JAN25F,FINNIFTY,22854.55,4700,22845.05,22852.15,45425,50,75
2025-01-29 09:35:48.986420,FINNIFTY30JAN25F,FINNIFTY,22854.55,4700,22845.1,22852.15,45425,50,75
2025-01-29 09:35:50.335147,FINNIFTY30JAN25F,FINNIFTY,22854.55,4700,22845.15,22851.9,45425,25,75
2025-01-29 09:35:51.698074,FINNIFTY30JAN25F,FINNIFTY,22851.55,4775,22843.55,22850.8,45425,50,75
2025-01-29 09:35:53.028082,FINNIFTY30JAN25F,FINNIFTY,22851.55,4775,22843.55,22850.8,45425,50,75
2025-01-29 09:35:54.687519,FINNIFTY30JAN25F,FINNIFTY,22851.55,4775,22843.65,22850.8,45425,50,25
2025-01-29 09:35:56.008938,FINNIFTY30JAN25F,FINNIFTY,22851.55,4775,22843.75,22850.8,45425,50,25
2025-01-29 09:35:57.331055,FINNIFTY30JAN25F,FINNIFTY,22851.55,4775,22843.95,22851.35,45425,50,75
2025-01-29 09:35:58.692699,FINNIFTY30JAN25F,FINNIFTY,22851.55,4775,22844.35,22851.35,45425,50,25
2025-01-29 09:36:00.229917,FINNIFTY30JAN25F,FINNIFTY,22851.55,4775,22844.55,22850.4,45425,50,25
2025-01-29 09:36:01.561907,FINNIFTY30JAN25F,FINNIFTY,22851.55,4775,22844.55,22850.4,45425,50,25
2025-01-29 09:36:02.937312,FINNIFTY30JAN25F,FINNIFTY,22851.55,4775,22846.65,22852.45,45425,25,25
2025-01-29 09:36:04.267194,FINNIFTY30JAN25F,FINNIFTY,22851.55,4775,22845.35,22852.0,45425,25,25
2025-01-29 09:36:05.571933,FINNIFTY30JAN25F,FINNIFTY,22851.55,4775,22843.8,22850.65,45425,50,25
2025-01-29 09:36:06.882504,FINNIFTY30JAN25F,FINNIFTY,22851.55,4775,22845.0,22850.4,45425,25,25
2025-01-29 09:36:08.187247,FINNIFTY30JAN25F,FINNIFTY,22851.55,4775,22845.0,22850.4,45425,25,25
2025-01-29 09:36:09.508566,FINNIFTY30JAN25F,FINNIFTY,22851.55,4775,22845.35,22853.35,45425,50,125
2025-01-29 09:36:10.819523,FINNIFTY30JAN25F,FINNIFTY,22851.55,4775,22845.7,22852.4,45425,25,25
2025-01-29 09:36:12.203968,FINNIFTY30JAN25F,FINNIFTY,22851.55,4775,22850.05,22856.1,45425,50,25
2025-01-29 09:36:13.564192,FINNIFTY30JAN25F,FINNIFTY,22851.55,4775,22851.8,22859.8,45425,50,125
2025-01-29 09:36:14.873374,FINNIFTY30JAN25F,FINNIFTY,22851.55,4775,22851.8,22859.8,45425,50,125
2025-01-29 09:36:16.208633,FINNIFTY30JAN25F,FINNIFTY,22851.55,4775,22854.55,22861.95,45425,50,150
2025-01-29 09:36:17.523777,FINNIFTY30JAN25F,FINNIFTY,22851.55,4775,22857.15,22863.95,45425,25,25
2025-01-29 09:36:18.950815,FINNIFTY30JAN25F,FINNIFTY,22851.55,4775,22857.65,22863.95,45425,25,25
2025-01-29 09:36:20.286180,FINNIFTY30JAN25F,FINNIFTY,22851.55,4775,22855.0,22862.8,45425,50,125
2025-01-29 09:36:21.608724,FINNIFTY30JAN25F,FINNIFTY,22851.55,4775,22855.0,22862.8,45425,50,125
2025-01-29 09:36:22.939387,FINNIFTY30JAN25F,FINNIFTY,22851.55,4775,22855.8,22862.8,45425,50,25
2025-01-29 09:36:24.320790,FINNIFTY30JAN25F,FINNIFTY,22851.55,4775,22857.05,22862.8,45425,25,25
2025-01-29 09:36:25.667464,FINNIFTY30JAN25F,FINNIFTY,22851.55,4775,22854.8,22862.3,45425,25,125
2025-01-29 09:36:27.124290,FINNIFTY30JAN25F,FINNIFTY,22851.55,4775,22853.15,22861.0,45425,25,125
2025-01-29 09:36:28.761640,FINNIFTY30JAN25F,FINNIFTY,22851.55,4775,22853.05,22859.75,45425,300,25
2025-01-29 09:36:30.494666,FINNIFTY30JAN25F,FINNIFTY,22851.55,4775,22855.25,22862.9,45425,50,25
2025-01-29 09:36:32.120482,FINNIFTY30JAN25F,FINNIFTY,22851.55,4775,22853.75,22860.3,45425,25,125
2025-01-29 09:36:33.577671,FINNIFTY30JAN25F,FINNIFTY,22851.55,4775,22850.3,22856.7,45425,25,175
2025-01-29 09:36:35.041359,FINNIFTY30JAN25F,FINNIFTY,22851.55,4775,22850.3,22856.7,45425,25,175
2025-01-29 09:36:36.424811,FINNIFTY30JAN25F,FINNIFTY,22851.55,4775,22850.3,22857.6,45425,50,125
2025-01-29 09:36:37.869531,FINNIFTY30JAN25F,FINNIFTY,22851.55,4775,22848.55,22854.3,45425,25,125
2025-01-29 09:36:39.343822,FINNIFTY30JAN25F,FINNIFTY,22851.55,4775,22848.6,22854.0,45425,25,25
2025-01-29 09:36:40.670557,FINNIFTY30JAN25F,FINNIFTY,22851.55,4775,22850.1,22856.45,45425,25,250
2025-01-29 09:36:42.389078,FINNIFTY30JAN25F,FINNIFTY,22851.55,4775,22851.05,22858.7,45425,50,125
2025-01-29 09:36:43.992056,FINNIFTY30JAN25F,FINNIFTY,22851.55,4775,22848.8,22855.55,45425,25,125
2025-01-29 09:36:45.325166,FINNIFTY30JAN25F,FINNIFTY,22851.55,4775,22846.2,22852.1,45425,25,75
2025-01-29 09:36:46.615817,FINNIFTY30JAN25F,FINNIFTY,22851.55,4775,22846.2,22852.1,45425,25,75
2025-01-29 09:36:47.970013,FINNIFTY30JAN25F,FINNIFTY,22851.55,4775,22847.6,22855.25,45425,100,25
2025-01-29 09:36:49.378322,FINNIFTY30JAN25F,FINNIFTY,22851.55,4775,22848.05,22854.5,45425,25,75
2025-01-29 09:36:50.729727,FINNIFTY30JAN25F,FINNIFTY,22851.55,4775,22848.1,22854.95,45425,50,25
2025-01-29 09:36:52.085391,FINNIFTY30JAN25F,FINNIFTY,22851.55,4775,22848.65,22854.95,45425,50,25
2025-01-29 09:36:53.411298,FINNIFTY30JAN25F,FINNIFTY,22851.55,4775,22846.95,22855.0,45425,50,850
2025-01-29 09:36:54.770749,FINNIFTY30JAN25F,FINNIFTY,22851.55,4775,22846.95,22855.0,45425,50,850
2025-01-29 09:36:56.083924,FINNIFTY30JAN25F,FINNIFTY,22851.55,4775,22849.1,22855.0,45425,25,850
2025-01-29 09:36:57.435767,FINNIFTY30JAN25F,FINNIFTY,22851.55,4775,22845.05,22851.75,45425,25,125
2025-01-29 09:36:58.767312,FINNIFTY30JAN25F,FINNIFTY,22851.55,4775,22845.05,22851.0,45425,25,25
2025-01-29 09:37:00.140590,FINNIFTY30JAN25F,FINNIFTY,22851.55,4775,22845.3,22851.0,45425,50,25
2025-01-29 09:37:01.477925,FINNIFTY30JAN25F,FINNIFTY,22851.55,4775,22845.3,22851.0,45425,50,25
2025-01-29 09:37:02.836273,FINNIFTY30JAN25F,FINNIFTY,22851.55,4775,22846.15,22853.3,45425,25,75
2025-01-29 09:37:04.385724,FINNIFTY30JAN25F,FINNIFTY,22851.55,4775,22845.25,22851.2,45425,50,25
2025-01-29 09:37:05.730129,FINNIFTY30JAN25F,FINNIFTY,22851.55,4775,22847.45,22854.4,45425,50,25
2025-01-29 09:37:07.053449,FINNIFTY30JAN25F,FINNIFTY,22851.55,4775,22848.8,22854.0,45425,25,25
2025-01-29 09:37:08.453387,FINNIFTY30JAN25F,FINNIFTY,22851.55,4775,22847.5,22854.0,45425,25,25
2025-01-29 09:37:09.788931,FINNIFTY30JAN25F,FINNIFTY,22851.55,4775,22847.5,22854.0,45425,25,25
2025-01-29 09:37:11.154896,FINNIFTY30JAN25F,FINNIFTY,22851.55,4775,22846.55,22852.9,45425,50,25
2025-01-29 09:37:12.463764,FINNIFTY30JAN25F,FINNIFTY,22851.55,4775,22846.55,22852.9,45425,25,25
2025-01-29 09:37:13.792857,FINNIFTY30JAN25F,FINNIFTY,22851.55,4775,22846.6,22852.9,45425,50,25
2025-01-29 09:37:15.191167,FINNIFTY30JAN25F,FINNIFTY,22851.55,4775,22847.65,22852.9,45425,25,25
2025-01-29 09:37:16.563194,FINNIFTY30JAN25F,FINNIFTY,22851.55,4775,22847.85,22852.9,45425,50,25
2025-01-29 09:37:17.943796,FINNIFTY30JAN25F,FINNIFTY,22851.55,4775,22847.85,22852.9,45425,50,25
2025-01-29 09:37:19.330093,FINNIFTY30JAN25F,FINNIFTY,22851.55,4775,22847.85,22852.9,45425,25,25
2025-01-29 09:37:20.796727,FINNIFTY30JAN25F,FINNIFTY,22851.55,4775,22848.2,22852.9,45425,50,25
2025-01-29 09:37:22.129917,FINNIFTY30JAN25F,FINNIFTY,22851.55,4775,22846.35,22852.9,45425,25,25
2025-01-29 09:37:23.510993,FINNIFTY30JAN25F,FINNIFTY,22851.55,4775,22847.5,22854.95,45425,25,75
2025-01-29 09:37:24.920064,FINNIFTY30JAN25F,FINNIFTY,22851.55,4775,22847.5,22854.95,45425,25,75
2025-01-29 09:37:26.241516,FINNIFTY30JAN25F,FINNIFTY,22851.55,4775,22846.6,22853.6,45425,75,25
2025-01-29 09:37:27.594989,FINNIFTY30JAN25F,FINNIFTY,22851.55,4775,22845.05,22853.0,45425,50,125
2025-01-29 09:37:28.946869,FINNIFTY30JAN25F,FINNIFTY,22851.55,4775,22846.05,22853.7,45425,50,75
2025-01-29 09:37:30.296784,FINNIFTY30JAN25F,FINNIFTY,22851.55,4775,22847.0,22852.85,45425,25,25
2025-01-29 09:37:31.659063,FINNIFTY30JAN25F,FINNIFTY,22851.55,4775,22845.1,22851.8,45425,25,375
2025-01-29 09:37:33.158563,FINNIFTY30JAN25F,FINNIFTY,22851.55,4775,22845.25,22852.75,45425,100,25
2025-01-29 09:37:34.527068,FINNIFTY30JAN25F,FINNIFTY,22851.55,4775,22845.25,22852.75,45425,100,25
2025-01-29 09:37:35.860429,FINNIFTY30JAN25F,FINNIFTY,22851.55,4775,22847.35,22852.75,45425,50,25
2025-01-29 09:37:37.175042,FINNIFTY30JAN25F,FINNIFTY,22851.55,4775,22846.0,22852.7,45425,50,25
2025-01-29 09:37:38.521051,FINNIFTY30JAN25F,FINNIFTY,22855.0,4775,22849.9,22855.0,45400,50,800
2025-01-29 09:37:39.893298,FINNIFTY30JAN25F,FINNIFTY,22855.0,4825,22852.9,22855.0,45400,50,750
2025-01-29 09:37:41.324280,FINNIFTY30JAN25F,FINNIFTY,22855.0,4825,22852.9,22855.0,45400,50,750
2025-01-29 09:37:42.783828,FINNIFTY30JAN25F,FINNIFTY,22855.0,5575,22855.4,22862.55,45400,25,75
2025-01-29 09:37:44.386697,FINNIFTY30JAN25F,FINNIFTY,22855.0,5575,22851.2,22858.8,45400,50,75
2025-01-29 09:37:46.040060,FINNIFTY30JAN25F,FINNIFTY,22855.0,5575,22848.65,22856.05,45400,50,75
2025-01-29 09:37:47.518642,FINNIFTY30JAN25F,FINNIFTY,22855.0,5575,22849.3,22855.7,45400,50,25
2025-01-29 09:37:49.166076,FINNIFTY30JAN25F,FINNIFTY,22855.0,5575,22852.9,22857.85,45400,150,25
2025-01-29 09:37:50.869760,FINNIFTY30JAN25F,FINNIFTY,22855.0,5575,22852.9,22857.85,45400,25,25
2025-01-29 09:37:52.256952,FINNIFTY30JAN25F,FINNIFTY,22855.0,5575,22855.25,22861.95,45400,50,25
2025-01-29 09:37:54.804584,FINNIFTY30JAN25F,FINNIFTY,22855.0,5575,22856.9,22863.95,45400,50,25
2025-01-29 09:37:56.428036,FINNIFTY30JAN25F,FINNIFTY,22855.0,5575,22861.6,22867.95,45400,50,25
2025-01-29 09:37:58.245495,FINNIFTY30JAN25F,FINNIFTY,22855.0,5575,22856.45,22863.2,45400,50,25
2025-01-29 09:37:59.924250,FINNIFTY30JAN25F,FINNIFTY,22855.0,5575,22856.9,22863.2,45400,50,25
2025-01-29 09:38:01.344066,FINNIFTY30JAN25F,FINNIFTY,22855.0,5575,22856.9,22863.2,45400,50,25
2025-01-29 09:38:02.669075,FINNIFTY30JAN25F,FINNIFTY,22855.0,5575,22854.8,22863.1,45400,325,250
2025-01-29 09:38:04.002888,FINNIFTY30JAN25F,FINNIFTY,22862.65,5575,22854.2,22856.3,45400,25,25
2025-01-29 09:38:05.330976,FINNIFTY30JAN25F,FINNIFTY,22867.95,5700,22861.1,22867.95,45400,50,25
2025-01-29 09:38:06.654692,FINNIFTY30JAN25F,FINNIFTY,22868.15,5875,22861.55,22868.95,45400,25,125
2025-01-29 09:38:07.971233,FINNIFTY30JAN25F,FINNIFTY,22868.15,5875,22861.55,22868.95,45400,25,125
2025-01-29 09:38:09.292517,FINNIFTY30JAN25F,FINNIFTY,22868.15,5875,22860.25,22862.3,45400,25,25
2025-01-29 09:38:10.650221,FINNIFTY30JAN25F,FINNIFTY,22868.15,5875,22860.3,22862.3,45400,50,25
2025-01-29 09:38:12.018404,FINNIFTY30JAN25F,FINNIFTY,22868.15,5875,22858.3,22862.3,45400,300,25
2025-01-29 09:38:13.354547,FINNIFTY30JAN25F,FINNIFTY,22862.3,5900,22861.35,22869.35,45400,50,25
2025-01-29 09:38:14.702400,FINNIFTY30JAN25F,FINNIFTY,22869.35,5900,22861.35,22869.35,45400,50,25
2025-01-29 09:38:16.030887,FINNIFTY30JAN25F,FINNIFTY,22869.35,5925,22863.05,22869.0,45400,25,175
2025-01-29 09:38:17.339292,FINNIFTY30JAN25F,FINNIFTY,22869.35,5925,22863.25,22869.85,45400,50,25
2025-01-29 09:38:18.660063,FINNIFTY30JAN25F,FINNIFTY,22869.35,5925,22862.15,22868.95,45400,100,25
2025-01-29 09:38:19.993956,FINNIFTY30JAN25F,FINNIFTY,22869.35,5925,22865.2,22870.95,45400,25,50
2025-01-29 09:38:21.336494,FINNIFTY30JAN25F,FINNIFTY,22870.95,5925,22865.2,22870.95,45400,25,50
2025-01-29 09:38:22.665638,FINNIFTY30JAN25F,FINNIFTY,22870.95,5950,22871.3,22877.2,45400,25,25
2025-01-29 09:38:24.002285,FINNIFTY30JAN25F,FINNIFTY,22870.95,5950,22866.45,22874.35,45400,50,125
2025-01-29 09:38:25.489366,FINNIFTY30JAN25F,FINNIFTY,22870.95,5950,22864.55,22870.75,45400,25,125
2025-01-29 09:38:26.815644,FINNIFTY30JAN25F,FINNIFTY,22870.95,5950,22862.55,22869.7,45400,50,75
2025-01-29 09:38:28.119388,FINNIFTY30JAN25F,FINNIFTY,22870.95,5950,22862.7,22869.6,45400,25,25
2025-01-29 09:38:29.463789,FINNIFTY30JAN25F,FINNIFTY,22870.95,5950,22862.7,22869.6,45400,25,25
2025-01-29 09:38:30.769127,FINNIFTY30JAN25F,FINNIFTY,22870.95,5950,22860.7,22867.6,45400,25,50
2025-01-29 09:38:32.109121,FINNIFTY30JAN25F,FINNIFTY,22870.95,5950,22861.0,22867.95,45400,25,125
2025-01-29 09:38:33.429098,FINNIFTY30JAN25F,FINNIFTY,22870.95,5950,22860.95,22867.85,45400,25,125
2025-01-29 09:38:34.749290,FINNIFTY30JAN25F,FINNIFTY,22870.95,5950,22860.95,22867.85,45400,25,125
2025-01-29 09:38:36.069050,FINNIFTY30JAN25F,FINNIFTY,22870.95,5950,22861.75,22868.0,45400,25,125
2025-01-29 09:38:37.422336,FINNIFTY30JAN25F,FINNIFTY,22870.95,5950,22862.15,22870.1,45400,50,300
2025-01-29 09:38:38.816545,FINNIFTY30JAN25F,FINNIFTY,22870.95,5950,22866.0,22872.55,45400,100,25
2025-01-29 09:38:40.138431,FINNIFTY30JAN25F,FINNIFTY,22870.95,5950,22862.3,22869.3,45400,50,25
2025-01-29 09:38:41.503796,FINNIFTY30JAN25F,FINNIFTY,22870.95,5950,22862.85,22871.2,45400,300,75
2025-01-29 09:38:42.829441,FINNIFTY30JAN25F,FINNIFTY,22870.95,5950,22862.85,22871.2,45400,300,75
2025-01-29 09:38:44.316850,FINNIFTY30JAN25F,FINNIFTY,22870.95,5950,22869.05,22875.85,45400,25,100
2025-01-29 09:38:45.632321,FINNIFTY30JAN25F,FINNIFTY,22870.95,5950,22866.8,22873.0,45400,25,25
2025-01-29 09:38:46.949263,FINNIFTY30JAN25F,FINNIFTY,22870.95,5950,22867.2,22873.0,45400,50,25
2025-01-29 09:38:48.823707,FINNIFTY30JAN25F,FINNIFTY,22870.95,5950,22869.1,22875.5,45400,50,25
2025-01-29 09:38:50.503302,FINNIFTY30JAN25F,FINNIFTY,22870.95,5950,22868.5,22875.0,45400,100,25
2025-01-29 09:38:51.839070,FINNIFTY30JAN25F,FINNIFTY,22870.95,5950,22866.3,22873.0,45400,25,75
2025-01-29 09:38:53.186319,FINNIFTY30JAN25F,FINNIFTY,22870.95,5950,22868.35,22875.85,45400,50,75
2025-01-29 09:38:54.525719,FINNIFTY30JAN25F,FINNIFTY,22870.95,5950,22868.35,22875.85,45400,50,75
2025-01-29 09:38:55.847047,FINNIFTY30JAN25F,FINNIFTY,22870.95,5950,22866.2,22872.9,45400,50,25
2025-01-29 09:38:57.329013,FINNIFTY30JAN25F,FINNIFTY,22870.95,5950,22866.7,22872.9,45400,25,25
2025-01-29 09:38:58.768990,FINNIFTY30JAN25F,FINNIFTY,22870.95,5950,22865.7,22873.35,45400,50,300
2025-01-29 09:39:00.346091,FINNIFTY30JAN25F,FINNIFTY,22870.95,5950,22862.1,22870.25,45400,25,625
2025-01-29 09:39:01.991766,FINNIFTY30JAN25F,FINNIFTY,22870.95,5950,22865.2,22871.25,45400,50,25
2025-01-29 09:39:03.628753,FINNIFTY30JAN25F,FINNIFTY,22870.95,5950,22864.95,22872.5,45400,50,125
2025-01-29 09:39:06.488747,FINNIFTY30JAN25F,FINNIFTY,22870.95,5950,22863.3,22867.35,45400,50,25
2025-01-29 09:39:07.977642,FINNIFTY30JAN25F,FINNIFTY,22869.35,5950,22863.3,22867.35,45400,50,25
2025-01-29 09:39:09.397701,FINNIFTY30JAN25F,FINNIFTY,22869.35,6075,22862.05,22869.2,45400,50,75
2025-01-29 09:39:10.749692,FINNIFTY30JAN25F,FINNIFTY,22869.35,6075,22863.1,22870.45,45400,50,75
2025-01-29 09:39:12.252393,FINNIFTY30JAN25F,FINNIFTY,22869.35,6075,22864.55,22872.5,45400,50,25
2025-01-29 09:39:14.018818,FINNIFTY30JAN25F,FINNIFTY,22869.35,6075,22864.85,22871.7,45400,25,25
2025-01-29 09:39:15.795683,FINNIFTY30JAN25F,FINNIFTY,22865.15,6075,22865.15,22871.45,45400,50,25
2025-01-29 09:39:17.499601,FINNIFTY30JAN25F,FINNIFTY,22865.15,6125,22866.2,22871.45,45400,50,25
2025-01-29 09:39:19.143959,FINNIFTY30JAN25F,FINNIFTY,22865.15,6125,22867.0,22873.65,45400,25,225
2025-01-29 09:39:20.552959,FINNIFTY30JAN25F,FINNIFTY,22865.15,6125,22862.4,22869.85,45400,50,100
2025-01-29 09:39:21.928543,FINNIFTY30JAN25F,FINNIFTY,22865.15,6125,22862.45,22868.3,45400,50,25
2025-01-29 09:39:23.501793,FINNIFTY30JAN25F,FINNIFTY,22865.15,6125,22862.35,22870.95,45400,50,100
2025-01-29 09:39:24.928533,FINNIFTY30JAN25F,FINNIFTY,22865.15,6125,22862.35,22870.95,45400,50,100
2025-01-29 09:39:26.256718,FINNIFTY30JAN25F,FINNIFTY,22865.15,6125,22860.95,22868.2,45400,25,100
2025-01-29 09:39:27.598758,FINNIFTY30JAN25F,FINNIFTY,22865.15,6125,22861.25,22868.15,45400,50,50
2025-01-29 09:39:28.972027,FINNIFTY30JAN25F,FINNIFTY,22865.15,6125,22862.7,22870.05,45400,50,50
2025-01-29 09:39:30.320102,FINNIFTY30JAN25F,FINNIFTY,22865.15,6125,22864.15,22870.0,45400,25,25
2025-01-29 09:39:31.658460,FINNIFTY30JAN25F,FINNIFTY,22865.15,6125,22862.1,22869.35,45400,50,100
2025-01-29 09:39:33.185937,FINNIFTY30JAN25F,FINNIFTY,22865.15,6125,22862.1,22869.35,45400,50,100
2025-01-29 09:39:34.528406,FINNIFTY30JAN25F,FINNIFTY,22865.15,6125,22861.15,22868.2,45400,50,50
2025-01-29 09:39:35.928336,FINNIFTY30JAN25F,FINNIFTY,22865.15,6125,22862.65,22868.05,45400,50,25
2025-01-29 09:39:37.245503,FINNIFTY30JAN25F,FINNIFTY,22865.15,6125,22864.4,22870.7,45400,25,100
2025-01-29 09:39:38.638604,FINNIFTY30JAN25F,FINNIFTY,22865.15,6125,22862.75,22869.45,45400,50,50
2025-01-29 09:39:39.972986,FINNIFTY30JAN25F,FINNIFTY,22865.15,6125,22862.75,22869.45,45400,50,50
2025-01-29 09:39:41.306256,FINNIFTY30JAN25F,FINNIFTY,22865.15,6125,22863.4,22869.45,45400,300,25
2025-01-29 09:39:42.671125,FINNIFTY30JAN25F,FINNIFTY,22865.15,6125,22863.4,22869.45,45400,50,25
2025-01-29 09:39:44.099082,FINNIFTY30JAN25F,FINNIFTY,22865.15,6125,22864.85,22871.25,45400,50,25
2025-01-29 09:39:45.530063,FINNIFTY30JAN25F,FINNIFTY,22865.15,6125,22865.25,22871.2,45400,50,25
2025-01-29 09:39:46.898444,FINNIFTY30JAN25F,FINNIFTY,22865.15,6125,22862.6,22869.9,45400,25,50
2025-01-29 09:39:48.238425,FINNIFTY30JAN25F,FINNIFTY,22865.15,6125,22863.25,22869.85,45400,50,50
2025-01-29 09:39:50.039763,FINNIFTY30JAN25F,FINNIFTY,22865.15,6125,22863.35,22869.75,45400,50,25
2025-01-29 09:39:51.365065,FINNIFTY30JAN25F,FINNIFTY,22865.15,6125,22863.35,22869.75,45400,50,25
2025-01-29 09:39:52.677428,FINNIFTY30JAN25F,FINNIFTY,22865.15,6125,22861.9,22868.35,45400,50,25
2025-01-29 09:39:54.081466,FINNIFTY30JAN25F,FINNIFTY,22865.15,6125,22862.75,22870.3,45400,50,50
2025-01-29 09:39:55.663215,FINNIFTY30JAN25F,FINNIFTY,22865.15,6125,22863.4,22869.8,45400,25,100
2025-01-29 09:39:56.988322,FINNIFTY30JAN25F,FINNIFTY,22865.15,6125,22860.9,22868.05,45400,25,225
2025-01-29 09:39:58.355337,FINNIFTY30JAN25F,FINNIFTY,22865.15,6125,22863.4,22869.9,45400,50,25
2025-01-29 09:39:59.854707,FINNIFTY30JAN25F,FINNIFTY,22865.15,6125,22863.4,22869.9,45400,50,25
2025-01-29 09:40:01.178122,FINNIFTY30JAN25F,FINNIFTY,22865.15,6125,22864.45,22868.25,45400,50,25
2025-01-29 09:40:02.509891,FINNIFTY30JAN25F,FINNIFTY,22865.15,6125,22865.1,22868.25,45400,50,25
2025-01-29 09:40:03.838238,FINNIFTY30JAN25F,FINNIFTY,22865.15,6125,22861.65,22868.2,45400,50,75
2025-01-29 09:40:05.177114,FINNIFTY30JAN25F,FINNIFTY,22865.15,6125,22860.1,22867.15,45400,25,100
2025-01-29 09:40:06.498055,FINNIFTY30JAN25F,FINNIFTY,22865.15,6125,22859.0,22866.4,45400,25,225
2025-01-29 09:40:08.618199,FINNIFTY30JAN25F,FINNIFTY,22865.15,6125,22857.5,22862.35,45400,50,25
2025-01-29 09:40:10.006211,FINNIFTY30JAN25F,FINNIFTY,22865.15,6125,22856.75,22862.35,45400,25,50
2025-01-29 09:40:11.557364,FINNIFTY30JAN25F,FINNIFTY,22865.15,6125,22857.8,22862.35,45400,25,25
2025-01-29 09:40:13.143137,FINNIFTY30JAN25F,FINNIFTY,22865.15,6125,22857.8,22862.35,45400,25,25
2025-01-29 09:40:14.465847,FINNIFTY30JAN25F,FINNIFTY,22865.15,6125,22858.35,22862.35,45400,75,25
2025-01-29 09:40:15.917380,FINNIFTY30JAN25F,FINNIFTY,22865.15,6125,22856.3,22862.35,45400,50,25
2025-01-29 09:40:17.418153,FINNIFTY30JAN25F,FINNIFTY,22865.15,6125,22856.15,22862.35,45400,300,50
2025-01-29 09:40:19.078888,FINNIFTY30JAN25F,FINNIFTY,22865.15,6125,22856.95,22862.3,45400,50,25
2025-01-29 09:40:21.178904,FINNIFTY30JAN25F,FINNIFTY,22865.15,6125,22854.75,22862.2,45400,50,100
2025-01-29 09:40:22.988721,FINNIFTY30JAN25F,FINNIFTY,22865.15,6125,22854.75,22862.2,45400,50,100
2025-01-29 09:40:24.648866,FINNIFTY30JAN25F,FINNIFTY,22865.15,6125,22855.75,22862.2,45400,50,25
2025-01-29 09:40:26.165561,FINNIFTY30JAN25F,FINNIFTY,22865.15,6125,22855.8,22859.9,45400,25,25
2025-01-29 09:40:27.816503,FINNIFTY30JAN25F,FINNIFTY,22865.15,6125,22854.35,22861.75,45400,25,100
2025-01-29 09:40:30.818004,FINNIFTY30JAN25F,FINNIFTY,22865.15,6125,22853.85,22861.55,45400,50,100
2025-01-29 09:40:32.229477,FINNIFTY30JAN25F,FINNIFTY,22865.15,6125,22855.45,22861.5,45400,50,25
2025-01-29 09:40:33.687902,FINNIFTY30JAN25F,FINNIFTY,22865.15,6125,22859.45,22863.55,45400,50,25
2025-01-29 09:40:35.030773,FINNIFTY30JAN25F,FINNIFTY,22865.15,6125,22863.65,22865.75,45400,25,25
2025-01-29 09:40:36.350949,FINNIFTY30JAN25F,FINNIFTY,22865.15,6125,22863.65,22865.75,45400,25,25
2025-01-29 09:40:37.682120,FINNIFTY30JAN25F,FINNIFTY,22865.15,6125,22863.9,22867.9,45400,25,25
2025-01-29 09:40:39.007833,FINNIFTY30JAN25F,FINNIFTY,22865.15,6125,22861.3,22867.85,45400,50,100
2025-01-29 09:40:40.327358,FINNIFTY30JAN25F,FINNIFTY,22865.15,6125,22862.45,22869.2,45400,25,50
2025-01-29 09:40:41.645887,FINNIFTY30JAN25F,FINNIFTY,22865.15,6125,22862.45,22869.2,45400,25,50
2025-01-29 09:40:42.974252,FINNIFTY30JAN25F,FINNIFTY,22865.15,6125,22861.6,22868.35,45400,25,50
2025-01-29 09:40:44.357617,FINNIFTY30JAN25F,FINNIFTY,22865.15,6125,22863.5,22868.9,45400,25,25
2025-01-29 09:40:45.740079,FINNIFTY30JAN25F,FINNIFTY,22865.15,6125,22861.95,22868.75,45400,50,25
2025-01-29 09:40:47.077315,FINNIFTY30JAN25F,FINNIFTY,22865.15,6125,22862.8,22868.7,45400,50,25
2025-01-29 09:40:48.447504,FINNIFTY30JAN25F,FINNIFTY,22865.15,6125,22859.8,22866.5,45400,50,50
2025-01-29 09:40:49.783220,FINNIFTY30JAN25F,FINNIFTY,22865.15,6125,22859.8,22866.5,45400,50,50
2025-01-29 09:40:51.137674,FINNIFTY30JAN25F,FINNIFTY,22865.15,6125,22859.95,22866.4,45400,25,100
2025-01-29 09:40:52.499617,FINNIFTY30JAN25F,FINNIFTY,22865.15,6125,22859.3,22865.8,45400,50,25
2025-01-29 09:40:53.884926,FINNIFTY30JAN25F,FINNIFTY,22865.15,6125,22861.9,22866.65,45400,25,25
2025-01-29 09:40:55.304230,FINNIFTY30JAN25F,FINNIFTY,22865.15,6125,22862.0,22866.65,45400,275,25
2025-01-29 09:40:56.733391,FINNIFTY30JAN25F,FINNIFTY,22865.15,6125,22860.1,22866.5,45400,50,25
2025-01-29 09:40:58.077470,FINNIFTY30JAN25F,FINNIFTY,22865.15,6125,22860.1,22866.5,45400,50,25
2025-01-29 09:40:59.433441,FINNIFTY30JAN25F,FINNIFTY,22865.15,6125,22861.75,22866.55,45400,25,25
2025-01-29 09:41:00.818148,FINNIFTY30JAN25F,FINNIFTY,22865.15,6125,22863.5,22868.7,45400,50,25
2025-01-29 09:41:02.187852,FINNIFTY30JAN25F,FINNIFTY,22865.15,6125,22863.85,22868.7,45400,25,25
2025-01-29 09:41:03.556292,FINNIFTY30JAN25F,FINNIFTY,22865.15,6125,22862.4,22868.65,45400,50,25
2025-01-29 09:41:04.908356,FINNIFTY30JAN25F,FINNIFTY,22865.15,6125,22865.25,22868.7,45400,25,25
2025-01-29 09:41:06.281079,FINNIFTY30JAN25F,FINNIFTY,22865.15,6125,22865.25,22868.7,45400,25,25
2025-01-29 09:41:07.979355,FINNIFTY30JAN25F,FINNIFTY,22865.15,6125,22860.65,22867.9,45400,300,50
2025-01-29 09:41:09.419445,FINNIFTY30JAN25F,FINNIFTY,22865.15,6125,22863.1,22868.7,45400,50,25
2025-01-29 09:41:10.807756,FINNIFTY30JAN25F,FINNIFTY,22865.15,6125,22864.4,22868.7,45400,25,25
2025-01-29 09:41:12.245984,FINNIFTY30JAN25F,FINNIFTY,22865.15,6125,22862.65,22868.7,45400,50,25
2025-01-29 09:41:13.619088,FINNIFTY30JAN25F,FINNIFTY,22865.15,6125,22863.55,22868.7,45400,50,25
2025-01-29 09:41:15.057247,FINNIFTY30JAN25F,FINNIFTY,22865.15,6125,22865.0,22868.7,45400,25,25
2025-01-29 09:41:16.487255,FINNIFTY30JAN25F,FINNIFTY,22865.15,6125,22865.0,22868.7,45400,25,25
2025-01-29 09:41:17.837232,FINNIFTY30JAN25F,FINNIFTY,22865.15,6125,22861.25,22868.35,45400,25,100
2025-01-29 09:41:19.223862,FINNIFTY30JAN25F,FINNIFTY,22865.15,6125,22859.8,22866.05,45400,25,100
2025-01-29 09:41:20.603007,FINNIFTY30JAN25F,FINNIFTY,22865.15,6125,22858.05,22864.55,45400,25,50
2025-01-29 09:41:22.053563,FINNIFTY30JAN25F,FINNIFTY,22865.15,6125,22856.4,22862.8,45400,25,50
2025-01-29 09:41:23.457355,FINNIFTY30JAN25F,FINNIFTY,22865.15,6125,22854.8,22861.7,45400,50,50
2025-01-29 09:41:24.914946,FINNIFTY30JAN25F,FINNIFTY,22865.15,6125,22854.8,22861.7,45400,50,50
2025-01-29 09:41:26.247126,FINNIFTY30JAN25F,FINNIFTY,22865.15,6125,22854.35,22861.6,45400,25,50
2025-01-29 09:41:27.590676,FINNIFTY30JAN25F,FINNIFTY,22865.15,6125,22853.75,22859.65,45400,100,25
2025-01-29 09:41:28.907121,FINNIFTY30JAN25F,FINNIFTY,22865.15,6125,22854.8,22859.65,45400,25,25
2025-01-29 09:41:30.307450,FINNIFTY30JAN25F,FINNIFTY,22865.15,6125,22854.95,22859.65,45400,25,25
2025-01-29 09:41:31.666246,FINNIFTY30JAN25F,FINNIFTY,22865.15,6125,22854.0,22861.85,45400,50,100
2025-01-29 09:41:33.481520,FINNIFTY30JAN25F,FINNIFTY,22865.15,6125,22854.35,22861.65,45400,50,100
2025-01-29 09:41:35.066706,FINNIFTY30JAN25F,FINNIFTY,22865.15,6125,22857.35,22861.9,45400,50,25
2025-01-29 09:41:36.525494,FINNIFTY30JAN25F,FINNIFTY,22865.15,6125,22857.35,22861.9,45400,50,25
2025-01-29 09:41:38.100740,FINNIFTY30JAN25F,FINNIFTY,22865.15,6125,22856.1,22859.7,45400,275,25
2025-01-29 09:41:39.668401,FINNIFTY30JAN25F,FINNIFTY,22865.15,6125,22856.55,22859.7,45400,300,25
2025-01-29 09:41:41.245111,FINNIFTY30JAN25F,FINNIFTY,22865.15,6125,22856.55,22859.7,45400,50,25
2025-01-29 09:41:42.740517,FINNIFTY30JAN25F,FINNIFTY,22865.15,6125,22857.1,22859.7,45400,50,25
2025-01-29 09:41:44.430686,FINNIFTY30JAN25F,FINNIFTY,22858.4,6175,22857.85,22861.25,45825,25,25
2025-01-29 09:41:46.388375,FINNIFTY30JAN25F,FINNIFTY,22858.4,6175,22857.85,22861.25,45825,25,25
2025-01-29 09:41:48.005980,FINNIFTY30JAN25F,FINNIFTY,22858.4,6175,22859.7,22861.25,45825,275,25
2025-01-29 09:41:49.439529,FINNIFTY30JAN25F,FINNIFTY,22858.4,6175,22857.5,22861.25,45825,25,25
2025-01-29 09:41:50.740679,FINNIFTY30JAN25F,FINNIFTY,22858.4,6175,22858.25,22861.25,45825,25,25
2025-01-29 09:41:52.096198,FINNIFTY30JAN25F,FINNIFTY,22858.4,6175,22859.55,22861.25,45825,275,25
2025-01-29 09:41:53.431769,FINNIFTY30JAN25F,FINNIFTY,22858.4,6175,22859.5,22861.25,45825,25,25
2025-01-29 09:41:54.836998,FINNIFTY30JAN25F,FINNIFTY,22858.4,6175,22859.5,22861.25,45825,25,25
2025-01-29 09:41:56.259443,FINNIFTY30JAN25F,FINNIFTY,22858.4,6175,22859.1,22861.25,45825,275,25
2025-01-29 09:41:57.605443,FINNIFTY30JAN25F,FINNIFTY,22858.4,6175,22857.7,22861.25,45825,25,25
2025-01-29 09:41:58.956949,FINNIFTY30JAN25F,FINNIFTY,22858.4,6175,22859.15,22863.5,45825,50,25
2025-01-29 09:42:00.307181,FINNIFTY30JAN25F,FINNIFTY,22858.4,6175,22860.45,22863.5,45825,275,25
2025-01-29 09:42:01.627024,FINNIFTY30JAN25F,FINNIFTY,22858.4,6175,22857.95,22863.5,45825,50,50
2025-01-29 09:42:02.968454,FINNIFTY30JAN25F,FINNIFTY,22858.4,6175,22857.95,22863.5,45825,50,50
2025-01-29 09:42:04.426876,FINNIFTY30JAN25F,FINNIFTY,22858.4,6175,22856.85,22863.35,45825,50,25
2025-01-29 09:42:05.733383,FINNIFTY30JAN25F,FINNIFTY,22858.4,6175,22857.65,22863.2,45825,25,25
2025-01-29 09:42:07.082781,FINNIFTY30JAN25F,FINNIFTY,22858.4,6175,22857.45,22863.2,45825,25,25
2025-01-29 09:42:08.421674,FINNIFTY30JAN25F,FINNIFTY,22858.4,6175,22861.15,22863.5,45825,50,25
2025-01-29 09:42:09.759341,FINNIFTY30JAN25F,FINNIFTY,22858.4,6175,22861.15,22863.5,45825,50,25
2025-01-29 09:42:11.073489,FINNIFTY30JAN25F,FINNIFTY,22858.4,6175,22861.45,22863.5,45825,50,25
2025-01-29 09:42:12.386613,FINNIFTY30JAN25F,FINNIFTY,22858.4,6175,22862.05,22863.5,45825,25,25
2025-01-29 09:42:13.867410,FINNIFTY30JAN25F,FINNIFTY,22863.5,6200,22860.6,22865.1,45825,25,25
2025-01-29 09:42:15.276742,FINNIFTY30JAN25F,FINNIFTY,22863.5,6200,22860.3,22865.1,45825,25,50
2025-01-29 09:42:16.648354,FINNIFTY30JAN25F,FINNIFTY,22863.5,6275,22862.55,22865.1,45825,300,25
2025-01-29 09:42:18.005737,FINNIFTY30JAN25F,FINNIFTY,22863.5,6275,22862.55,22865.1,45825,300,25
2025-01-29 09:42:19.359168,FINNIFTY30JAN25F,FINNIFTY,22863.5,6275,22863.35,22865.1,45825,25,25
2025-01-29 09:42:20.676562,FINNIFTY30JAN25F,FINNIFTY,22865.1,6275,22863.4,22865.1,45825,50,25
2025-01-29 09:42:22.003133,FINNIFTY30JAN25F,FINNIFTY,22865.1,6300,22863.75,22866.45,45825,25,25
2025-01-29 09:42:23.589194,FINNIFTY30JAN25F,FINNIFTY,22865.1,6300,22861.35,22866.35,45825,25,50
2025-01-29 09:42:24.923098,FINNIFTY30JAN25F,FINNIFTY,22865.1,6300,22859.5,22866.15,45825,50,25
2025-01-29 09:42:26.440987,FINNIFTY30JAN25F,FINNIFTY,22865.1,6300,22860.0,22866.05,45825,25,50
2025-01-29 09:42:28.077227,FINNIFTY30JAN25F,FINNIFTY,22865.1,6300,22860.45,22866.05,45825,50,25
2025-01-29 09:42:29.606582,FINNIFTY30JAN25F,FINNIFTY,22865.1,6300,22860.45,22866.05,45825,50,25
2025-01-29 09:42:30.937999,FINNIFTY30JAN25F,FINNIFTY,22865.1,6300,22864.2,22866.45,45825,50,25
2025-01-29 09:42:32.286382,FINNIFTY30JAN25F,FINNIFTY,22865.1,6300,22865.05,22866.45,45825,25,25
2025-01-29 09:42:33.788802,FINNIFTY30JAN25F,FINNIFTY,22865.1,6300,22862.95,22866.45,45825,25,25
2025-01-29 09:42:35.224132,FINNIFTY30JAN25F,FINNIFTY,22865.1,6300,22861.45,22866.45,45825,50,25
2025-01-29 09:42:36.544368,FINNIFTY30JAN25F,FINNIFTY,22865.1,6300,22861.45,22866.45,45825,50,25
2025-01-29 09:42:37.916621,FINNIFTY30JAN25F,FINNIFTY,22865.1,6300,22862.25,22866.45,45825,25,50
2025-01-29 09:42:39.536300,FINNIFTY30JAN25F,FINNIFTY,22865.1,6300,22862.7,22866.45,45825,50,25
2025-01-29 09:42:41.017279,FINNIFTY30JAN25F,FINNIFTY,22865.1,6300,22864.35,22866.45,45825,275,25
2025-01-29 09:42:42.496055,FINNIFTY30JAN25F,FINNIFTY,22865.1,6300,22862.7,22866.45,45825,25,25
2025-01-29 09:42:44.142083,FINNIFTY30JAN25F,FINNIFTY,22865.1,6300,22861.75,22866.45,45825,25,25
2025-01-29 09:42:46.476216,FINNIFTY30JAN25F,FINNIFTY,22865.1,6300,22860.8,22863.7,45825,25,25
2025-01-29 09:42:47.996141,FINNIFTY30JAN25F,FINNIFTY,22865.1,6300,22859.35,22863.7,45825,25,25
2025-01-29 09:42:49.836171,FINNIFTY30JAN25F,FINNIFTY,22865.1,6300,22861.05,22863.7,45825,275,25
2025-01-29 09:42:51.622653,FINNIFTY30JAN25F,FINNIFTY,22865.1,6300,22861.0,22863.7,45825,300,25
2025-01-29 09:42:53.380682,FINNIFTY30JAN25F,FINNIFTY,22865.1,6300,22861.4,22863.7,45825,25,25
2025-01-29 09:42:54.956779,FINNIFTY30JAN25F,FINNIFTY,22865.1,6300,22862.65,22863.7,45825,50,25
2025-01-29 09:42:57.243713,FINNIFTY30JAN25F,FINNIFTY,22865.1,6300,22862.05,22863.7,45825,25,25
2025-01-29 09:42:58.910170,FINNIFTY30JAN25F,FINNIFTY,22863.7,6325,22863.35,22870.6,45825,50,100
2025-01-29 09:43:00.452620,FINNIFTY30JAN25F,FINNIFTY,22863.7,6325,22863.4,22868.0,45825,25,50
2025-01-29 09:43:02.040863,FINNIFTY30JAN25F,FINNIFTY,22863.7,6325,22864.0,22868.0,45825,50,25
2025-01-29 09:43:03.808719,FINNIFTY30JAN25F,FINNIFTY,22868.0,6325,22864.75,22868.0,45775,25,25
2025-01-29 09:43:05.156017,FINNIFTY30JAN25F,FINNIFTY,22870.45,6375,22870.1,22875.65,45775,100,25
2025-01-29 09:43:06.560636,FINNIFTY30JAN25F,FINNIFTY,22868.25,6425,22868.85,22875.45,45775,250,25
2025-01-29 09:43:07.916145,FINNIFTY30JAN25F,FINNIFTY,22868.25,6425,22870.05,22875.25,45775,50,25
2025-01-29 09:43:09.266133,FINNIFTY30JAN25F,FINNIFTY,22868.25,6425,22870.05,22875.25,45775,50,25
2025-01-29 09:43:10.616131,FINNIFTY30JAN25F,FINNIFTY,22868.25,6425,22876.5,22883.75,45775,50,50
2025-01-29 09:43:11.991313,FINNIFTY30JAN25F,FINNIFTY,22868.25,6425,22874.9,22883.1,45775,25,125
2025-01-29 09:43:13.666023,FINNIFTY30JAN25F,FINNIFTY,22868.25,6425,22873.75,22882.05,45775,300,100
2025-01-29 09:43:14.995864,FINNIFTY30JAN25F,FINNIFTY,22868.25,6425,22873.3,22881.35,45775,250,100
2025-01-29 09:43:16.326065,FINNIFTY30JAN25F,FINNIFTY,22868.25,6425,22873.3,22881.35,45775,250,100
2025-01-29 09:43:17.644289,FINNIFTY30JAN25F,FINNIFTY,22868.25,6425,22870.1,22877.85,45775,25,100
2025-01-29 09:43:20.031561,FINNIFTY30JAN25F,FINNIFTY,22868.25,6425,22870.85,22876.85,45775,50,25
2025-01-29 09:43:21.375821,FINNIFTY30JAN25F,FINNIFTY,22868.25,6425,22870.85,22876.85,45775,50,25
2025-01-29 09:43:23.237742,FINNIFTY30JAN25F,FINNIFTY,22868.25,6425,22867.9,22875.8,45775,275,50
2025-01-29 09:43:24.595946,FINNIFTY30JAN25F,FINNIFTY,22868.25,6425,22867.9,22875.8,45775,275,50
2025-01-29 09:43:25.945366,FINNIFTY30JAN25F,FINNIFTY,22868.25,6425,22867.9,22874.4,45775,250,25
2025-01-29 09:43:27.297462,FINNIFTY30JAN25F,FINNIFTY,22868.25,6425,22868.6,22874.2,45775,250,25
2025-01-29 09:43:28.807690,FINNIFTY30JAN25F,FINNIFTY,22868.25,6425,22866.8,22873.6,45775,25,100
2025-01-29 09:43:30.145713,FINNIFTY30JAN25F,FINNIFTY,22868.25,6425,22866.1,22872.75,45775,325,25
2025-01-29 09:43:31.482100,FINNIFTY30JAN25F,FINNIFTY,22868.25,6425,22863.95,22871.7,45775,250,100
2025-01-29 09:43:32.814106,FINNIFTY30JAN25F,FINNIFTY,22868.25,6425,22863.95,22871.7,45775,250,100
2025-01-29 09:43:34.137061,FINNIFTY30JAN25F,FINNIFTY,22868.25,6425,22865.2,22870.0,45775,250,50
2025-01-29 09:43:35.485918,FINNIFTY30JAN25F,FINNIFTY,22868.25,6425,22865.4,22870.0,45775,250,50
2025-01-29 09:43:36.880601,FINNIFTY30JAN25F,FINNIFTY,22868.25,6425,22864.25,22870.0,45775,250,75
2025-01-29 09:43:38.223617,FINNIFTY30JAN25F,FINNIFTY,22868.25,6425,22866.4,22870.0,45775,250,50
2025-01-29 09:43:39.535870,FINNIFTY30JAN25F,FINNIFTY,22870.0,6425,22866.4,22870.0,45775,250,50
2025-01-29 09:43:40.893773,FINNIFTY30JAN25F,FINNIFTY,22870.0,6475,22868.9,22875.0,45775,250,50
2025-01-29 09:43:42.244637,FINNIFTY30JAN25F,FINNIFTY,22870.0,6475,22867.9,22874.7,45775,50,50
2025-01-29 09:43:43.566024,FINNIFTY30JAN25F,FINNIFTY,22870.0,6475,22866.9,22873.5,45775,50,25
2025-01-29 09:43:44.885706,FINNIFTY30JAN25F,FINNIFTY,22870.0,6475,22866.6,22873.25,45775,250,25
2025-01-29 09:43:46.256192,FINNIFTY30JAN25F,FINNIFTY,22870.0,6475,22866.6,22873.25,45775,250,25
2025-01-29 09:43:47.656565,FINNIFTY30JAN25F,FINNIFTY,22870.0,6475,22868.25,22873.2,45775,250,25
2025-01-29 09:43:49.483960,FINNIFTY30JAN25F,FINNIFTY,22870.0,6475,22869.0,22874.95,45775,250,25
2025-01-29 09:43:50.828786,FINNIFTY30JAN25F,FINNIFTY,22870.0,6475,22870.15,22875.0,45775,250,25
2025-01-29 09:43:52.206463,FINNIFTY30JAN25F,FINNIFTY,22870.0,6475,22870.3,22875.0,45775,25,25
2025-01-29 09:43:53.605439,FINNIFTY30JAN25F,FINNIFTY,22875.0,6500,22874.0,22881.5,45775,50,175
2025-01-29 09:43:54.942351,FINNIFTY30JAN25F,FINNIFTY,22875.0,6500,22874.4,22881.35,45775,25,50
2025-01-29 09:43:56.265608,FINNIFTY30JAN25F,FINNIFTY,22875.0,6500,22874.45,22882.5,45775,50,100
2025-01-29 09:43:57.802953,FINNIFTY30JAN25F,FINNIFTY,22875.0,6500,22874.45,22882.5,45775,50,100
2025-01-29 09:43:59.140218,FINNIFTY30JAN25F,FINNIFTY,22875.0,6500,22873.35,22880.25,45775,75,25
2025-01-29 09:44:00.655554,FINNIFTY30JAN25F,FINNIFTY,22875.0,6500,22872.6,22880.0,45775,250,100
2025-01-29 09:44:01.970756,FINNIFTY30JAN25F,FINNIFTY,22875.0,6500,22870.6,22878.55,45775,250,100
2025-01-29 09:44:03.349161,FINNIFTY30JAN25F,FINNIFTY,22875.0,6500,22869.55,22876.95,45775,250,100
2025-01-29 09:44:04.784095,FINNIFTY30JAN25F,FINNIFTY,22875.0,6500,22869.55,22876.95,45775,250,100
2025-01-29 09:44:06.126488,FINNIFTY30JAN25F,FINNIFTY,22875.0,6500,22867.95,22875.0,45775,50,100
2025-01-29 09:44:07.479663,FINNIFTY30JAN25F,FINNIFTY,22875.0,6500,22866.1,22872.45,45775,50,25
2025-01-29 09:44:08.810450,FINNIFTY30JAN25F,FINNIFTY,22875.0,6500,22864.45,22870.65,45775,50,25
2025-01-29 09:44:10.175933,FINNIFTY30JAN25F,FINNIFTY,22875.0,6500,22864.05,22870.55,45775,50,25
2025-01-29 09:44:11.586685,FINNIFTY30JAN25F,FINNIFTY,22875.0,6500,22862.2,22870.4,45775,50,100
2025-01-29 09:44:12.898831,FINNIFTY30JAN25F,FINNIFTY,22875.0,6500,22862.2,22870.4,45775,50,100
2025-01-29 09:44:14.317432,FINNIFTY30JAN25F,FINNIFTY,22875.0,6500,22863.45,22870.15,45775,50,100
2025-01-29 09:44:15.750137,FINNIFTY30JAN25F,FINNIFTY,22875.0,6500,22861.85,22869.85,45775,325,100
2025-01-29 09:44:17.220970,FINNIFTY30JAN25F,FINNIFTY,22875.0,6500,22859.5,22867.25,45775,25,100
2025-01-29 09:44:18.535186,FINNIFTY30JAN25F,FINNIFTY,22864.25,6625,22855.3,22861.5,45775,50,25
2025-01-29 09:44:19.887033,FINNIFTY30JAN25F,FINNIFTY,22864.25,6625,22852.8,22860.25,45775,50,75
2025-01-29 09:44:21.359376,FINNIFTY30JAN25F,FINNIFTY,22864.25,6625,22852.8,22860.25,45775,50,75
2025-01-29 09:44:22.675130,FINNIFTY30JAN25F,FINNIFTY,22864.25,6625,22855.35,22860.25,45775,50,25
2025-01-29 09:44:23.970297,FINNIFTY30JAN25F,FINNIFTY,22864.25,6625,22859.6,22865.7,45775,50,25
2025-01-29 09:44:25.355281,FINNIFTY30JAN25F,FINNIFTY,22864.25,6625,22863.45,22868.95,45775,50,25
2025-01-29 09:44:26.731985,FINNIFTY30JAN25F,FINNIFTY,22864.25,6625,22862.25,22869.6,45775,50,25
2025-01-29 09:44:28.078669,FINNIFTY30JAN25F,FINNIFTY,22864.25,6625,22861.2,22868.25,45775,25,450
2025-01-29 09:44:29.389200,FINNIFTY30JAN25F,FINNIFTY,22864.25,6625,22860.6,22866.7,45775,50,25
2025-01-29 09:44:31.555174,FINNIFTY30JAN25F,FINNIFTY,22864.25,6625,22860.65,22866.7,45775,25,25
2025-01-29 09:44:32.975003,FINNIFTY30JAN25F,FINNIFTY,22864.25,6625,22862.15,22869.55,45775,50,275
2025-01-29 09:44:35.582283,FINNIFTY30JAN25F,FINNIFTY,22864.25,6625,22860.9,22868.6,45775,50,125
2025-01-29 09:44:37.110991,FINNIFTY30JAN25F,FINNIFTY,22864.25,6625,22860.45,22868.25,45775,25,75
2025-01-29 09:44:38.504935,FINNIFTY30JAN25F,FINNIFTY,22864.25,6625,22862.1,22868.25,45775,275,25
2025-01-29 09:44:39.859441,FINNIFTY30JAN25F,FINNIFTY,22864.25,6625,22862.75,22868.25,45775,25,25
2025-01-29 09:44:41.199547,FINNIFTY30JAN25F,FINNIFTY,22864.25,6625,22862.75,22868.25,45775,25,25
2025-01-29 09:44:42.518760,FINNIFTY30JAN25F,FINNIFTY,22864.25,6625,22863.6,22872.4,45775,25,75
2025-01-29 09:44:43.873371,FINNIFTY30JAN25F,FINNIFTY,22864.25,6625,22864.8,22871.8,45775,50,25
2025-01-29 09:44:45.308555,FINNIFTY30JAN25F,FINNIFTY,22864.25,6625,22866.8,22871.8,45775,25,25
2025-01-29 09:44:46.725019,FINNIFTY30JAN25F,FINNIFTY,22864.25,6625,22865.8,22871.8,45775,25,25
2025-01-29 09:44:48.079344,FINNIFTY30JAN25F,FINNIFTY,22864.25,6625,22868.0,22874.75,45775,275,25
2025-01-29 09:44:49.433372,FINNIFTY30JAN25F,FINNIFTY,22864.25,6625,22868.0,22874.75,45775,275,25
2025-01-29 09:44:50.744971,FINNIFTY30JAN25F,FINNIFTY,22864.25,6625,22868.25,22874.75,45775,50,25
2025-01-29 09:44:52.079001,FINNIFTY30JAN25F,FINNIFTY,22864.25,6625,22867.5,22874.55,45775,25,25
2025-01-29 09:44:53.394759,FINNIFTY30JAN25F,FINNIFTY,22864.25,6625,22868.4,22874.4,45775,100,25
2025-01-29 09:44:54.964912,FINNIFTY30JAN25F,FINNIFTY,22864.25,6625,22866.6,22872.95,45775,25,75
2025-01-29 09:44:56.271331,FINNIFTY30JAN25F,FINNIFTY,22864.25,6625,22866.6,22872.95,45775,25,75
2025-01-29 09:44:57.614743,FINNIFTY30JAN25F,FINNIFTY,22864.25,6625,22866.0,22872.75,45775,25,75
2025-01-29 09:44:58.954456,FINNIFTY30JAN25F,FINNIFTY,22864.25,6625,22866.0,22871.65,45775,25,25
2025-01-29 09:45:00.999154,FINNIFTY30JAN25F,FINNIFTY,22864.25,6625,22866.05,22872.5,45775,25,25
2025-01-29 09:45:02.334691,FINNIFTY30JAN25F,FINNIFTY,22864.25,6625,22866.8,22874.1,45775,25,25
2025-01-29 09:45:03.665085,FINNIFTY30JAN25F,FINNIFTY,22864.25,6625,22866.15,22873.35,45775,50,25
2025-01-29 09:45:04.995721,FINNIFTY30JAN25F,FINNIFTY,22864.25,6625,22866.75,22873.35,45775,50,25
2025-01-29 09:45:06.324812,FINNIFTY30JAN25F,FINNIFTY,22864.25,6625,22866.75,22873.35,45775,50,25
2025-01-29 09:45:07.720458,FINNIFTY30JAN25F,FINNIFTY,22864.25,6625,22867.5,22875.0,45775,25,225
2025-01-29 09:45:09.056401,FINNIFTY30JAN25F,FINNIFTY,22864.25,6625,22870.3,22875.0,45775,25,225
2025-01-29 09:45:10.374581,FINNIFTY30JAN25F,FINNIFTY,22864.25,6625,22871.25,22875.0,45775,25,225
2025-01-29 09:45:11.838412,FINNIFTY30JAN25F,FINNIFTY,22864.25,6625,22873.15,22875.0,45775,50,225
2025-01-29 09:45:13.485293,FINNIFTY30JAN25F,FINNIFTY,22864.25,6625,22873.25,22875.0,45775,25,225
2025-01-29 09:45:15.055717,FINNIFTY30JAN25F,FINNIFTY,22875.0,6850,22874.4,22880.6,45775,25,125
2025-01-29 09:45:16.371608,FINNIFTY30JAN25F,FINNIFTY,22875.0,6850,22873.25,22880.25,45775,50,75
2025-01-29 09:45:17.724488,FINNIFTY30JAN25F,FINNIFTY,22875.0,6850,22873.25,22880.25,45775,50,75
2025-01-29 09:45:19.069153,FINNIFTY30JAN25F,FINNIFTY,22875.0,6850,22873.35,22879.9,45775,25,75
2025-01-29 09:45:20.400931,FINNIFTY30JAN25F,FINNIFTY,22875.0,6850,22872.1,22878.95,45775,50,75
2025-01-29 09:45:21.724460,FINNIFTY30JAN25F,FINNIFTY,22875.0,6850,22872.15,22878.45,45775,50,25
2025-01-29 09:45:23.092451,FINNIFTY30JAN25F,FINNIFTY,22875.0,6850,22873.75,22881.05,45775,100,25
2025-01-29 09:45:24.461552,FINNIFTY30JAN25F,FINNIFTY,22875.0,6850,22873.75,22881.05,45775,100,25
2025-01-29 09:45:25.784600,FINNIFTY30JAN25F,FINNIFTY,22875.0,6850,22875.6,22883.25,45775,25,125
2025-01-29 09:45:27.124725,FINNIFTY30JAN25F,FINNIFTY,22882.05,6875,22875.1,22882.4,45775,100,25
2025-01-29 09:45:28.474537,FINNIFTY30JAN25F,FINNIFTY,22882.05,6875,22875.2,22881.85,45775,50,25
2025-01-29 09:45:29.843558,FINNIFTY30JAN25F,FINNIFTY,22882.05,6875,22875.4,22882.5,45775,25,200
2025-01-29 09:45:31.163763,FINNIFTY30JAN25F,FINNIFTY,22882.05,6875,22875.4,22882.5,45775,25,200
2025-01-29 09:45:32.521076,FINNIFTY30JAN25F,FINNIFTY,22882.05,6875,22875.75,22882.45,45775,25,450
2025-01-29 09:45:33.868508,FINNIFTY30JAN25F,FINNIFTY,22882.05,6875,22871.95,22878.55,45775,25,75
2025-01-29 09:45:35.187115,FINNIFTY30JAN25F,FINNIFTY,22882.05,6875,22872.65,22879.65,45775,25,125
2025-01-29 09:45:36.532225,FINNIFTY30JAN25F,FINNIFTY,22882.05,6875,22872.8,22879.55,45775,25,125
2025-01-29 09:45:37.874437,FINNIFTY30JAN25F,FINNIFTY,22882.05,6875,22872.8,22879.55,45775,25,125
2025-01-29 09:45:39.194509,FINNIFTY30JAN25F,FINNIFTY,22882.05,6875,22872.95,22879.55,45775,25,125
2025-01-29 09:45:40.524248,FINNIFTY30JAN25F,FINNIFTY,22882.05,6875,22873.3,22880.65,45775,100,125
2025-01-29 09:45:42.268939,FINNIFTY30JAN25F,FINNIFTY,22882.05,6875,22871.25,22877.65,45775,25,75
2025-01-29 09:45:43.604375,FINNIFTY30JAN25F,FINNIFTY,22882.05,6875,22869.55,22876.05,45775,50,25
2025-01-29 09:45:44.954707,FINNIFTY30JAN25F,FINNIFTY,22882.05,6875,22867.6,22874.7,45775,25,75
2025-01-29 09:45:46.294363,FINNIFTY30JAN25F,FINNIFTY,22882.05,6875,22867.6,22874.7,45775,25,75
2025-01-29 09:45:47.617308,FINNIFTY30JAN25F,FINNIFTY,22866.15,7000,22858.7,22867.45,45775,50,75
2025-01-29 09:45:48.968984,FINNIFTY30JAN25F,FINNIFTY,22866.15,7000,22860.15,22868.2,45775,50,75
2025-01-29 09:45:50.324299,FINNIFTY30JAN25F,FINNIFTY,22866.15,7000,22865.05,22871.6,45775,25,25
2025-01-29 09:45:51.642681,FINNIFTY30JAN25F,FINNIFTY,22866.15,7000,22864.85,22871.6,45775,50,25
2025-01-29 09:45:52.991580,FINNIFTY30JAN25F,FINNIFTY,22866.15,7000,22864.85,22871.6,45775,50,25
2025-01-29 09:45:54.364235,FINNIFTY30JAN25F,FINNIFTY,22866.15,7000,22863.8,22870.7,45775,25,125
2025-01-29 09:45:55.689432,FINNIFTY30JAN25F,FINNIFTY,22866.15,7000,22863.65,22870.35,45775,50,25
2025-01-29 09:45:57.003384,FINNIFTY30JAN25F,FINNIFTY,22866.15,7000,22864.0,22870.35,45775,50,25
2025-01-29 09:45:58.347389,FINNIFTY30JAN25F,FINNIFTY,22866.15,7000,22862.5,22869.7,45775,25,125
2025-01-29 09:45:59.729768,FINNIFTY30JAN25F,FINNIFTY,22866.15,7000,22862.5,22869.7,45775,25,125
2025-01-29 09:46:01.081835,FINNIFTY30JAN25F,FINNIFTY,22866.15,7000,22861.8,22868.8,45775,25,125
2025-01-29 09:46:02.431988,FINNIFTY30JAN25F,FINNIFTY,22866.15,7000,22858.35,22866.45,45775,50,25
2025-01-29 09:46:03.823235,FINNIFTY30JAN25F,FINNIFTY,22866.15,7000,22860.05,22866.45,45775,50,25
2025-01-29 09:46:05.174035,FINNIFTY30JAN25F,FINNIFTY,22866.15,7000,22859.25,22866.45,45775,25,25
2025-01-29 09:46:06.571668,FINNIFTY30JAN25F,FINNIFTY,22864.75,7200,22856.55,22863.7,45725,25,25
2025-01-29 09:46:07.924087,FINNIFTY30JAN25F,FINNIFTY,22864.75,7200,22856.55,22863.7,45725,25,25
2025-01-29 09:46:09.254876,FINNIFTY30JAN25F,FINNIFTY,22864.75,7200,22858.15,22863.7,45725,25,25
2025-01-29 09:46:10.605591,FINNIFTY30JAN25F,FINNIFTY,22864.75,7200,22857.75,22865.15,45725,25,25
2025-01-29 09:46:12.188920,FINNIFTY30JAN25F,FINNIFTY,22864.75,7200,22856.6,22865.1,45725,50,125
2025-01-29 09:46:13.505519,FINNIFTY30JAN25F,FINNIFTY,22864.85,7525,22857.95,22865.2,45725,50,125
2025-01-29 09:46:14.847570,FINNIFTY30JAN25F,FINNIFTY,22864.85,7525,22860.05,22867.55,45725,25,25
2025-01-29 09:46:16.176176,FINNIFTY30JAN25F,FINNIFTY,22864.85,7525,22860.05,22867.55,45725,25,25
2025-01-29 09:46:17.578490,FINNIFTY30JAN25F,FINNIFTY,22864.85,7525,22859.65,22866.9,45725,25,250
2025-01-29 09:46:18.911333,FINNIFTY30JAN25F,FINNIFTY,22864.85,7525,22861.35,22868.95,45725,50,25
2025-01-29 09:46:20.249634,FINNIFTY30JAN25F,FINNIFTY,22864.85,7525,22862.0,22869.15,45725,25,125
2025-01-29 09:46:21.579796,FINNIFTY30JAN25F,FINNIFTY,22864.85,7525,22861.85,22868.85,45725,50,25
2025-01-29 09:46:22.917189,FINNIFTY30JAN25F,FINNIFTY,22864.85,7525,22861.85,22868.85,45725,50,25
2025-01-29 09:46:24.248465,FINNIFTY30JAN25F,FINNIFTY,22864.85,7525,22862.8,22870.3,45725,50,125
2025-01-29 09:46:25.595368,FINNIFTY30JAN25F,FINNIFTY,22864.85,7525,22862.95,22870.25,45725,50,125
2025-01-29 09:46:26.939860,FINNIFTY30JAN25F,FINNIFTY,22864.85,7525,22863.35,22870.95,45725,50,250
2025-01-29 09:46:28.331127,FINNIFTY30JAN25F,FINNIFTY,22864.85,7525,22862.45,22869.95,45725,25,25
2025-01-29 09:46:29.720382,FINNIFTY30JAN25F,FINNIFTY,22864.85,7525,22862.45,22869.95,45725,25,25
2025-01-29 09:46:31.101544,FINNIFTY30JAN25F,FINNIFTY,22864.85,7525,22860.8,22867.95,45725,50,50
2025-01-29 09:46:32.446009,FINNIFTY30JAN25F,FINNIFTY,22864.9,7525,22858.8,22865.55,45725,25,125
2025-01-29 09:46:33.781496,FINNIFTY30JAN25F,FINNIFTY,22865.3,7975,22858.2,22865.8,45725,50,125
2025-01-29 09:46:35.100487,FINNIFTY30JAN25F,FINNIFTY,22864.55,8175,22860.6,22867.65,45725,25,125
2025-01-29 09:46:36.469466,FINNIFTY30JAN25F,FINNIFTY,22864.55,8175,22857.45,22865.0,45725,50,125
2025-01-29 09:46:37.782241,FINNIFTY30JAN25F,FINNIFTY,22864.55,8175,22857.45,22865.0,45725,50,125
2025-01-29 09:46:39.112148,FINNIFTY30JAN25F,FINNIFTY,22864.55,8175,22859.4,22866.75,45725,50,125
2025-01-29 09:46:40.452611,FINNIFTY30JAN25F,FINNIFTY,22864.55,8175,22857.75,22866.25,45725,50,125
2025-01-29 09:46:41.782336,FINNIFTY30JAN25F,FINNIFTY,22864.55,8175,22857.85,22864.9,45725,25,125
2025-01-29 09:46:43.113146,FINNIFTY30JAN25F,FINNIFTY,22862.95,8425,22856.0,22863.1,45725,25,125
2025-01-29 09:46:44.482325,FINNIFTY30JAN25F,FINNIFTY,22862.95,8425,22856.0,22863.1,45725,25,125
2025-01-29 09:46:45.818034,FINNIFTY30JAN25F,FINNIFTY,22862.95,8425,22854.55,22862.55,45725,50,200
2025-01-29 09:46:47.192804,FINNIFTY30JAN25F,FINNIFTY,22862.95,8425,22855.55,22863.45,45725,50,50
2025-01-29 09:46:48.533606,FINNIFTY30JAN25F,FINNIFTY,22862.95,8425,22856.55,22863.8,45725,50,50
2025-01-29 09:46:49.867368,FINNIFTY30JAN25F,FINNIFTY,22862.95,8425,22856.55,22863.8,45725,50,50
2025-01-29 09:46:51.177390,FINNIFTY30JAN25F,FINNIFTY,22862.95,8425,22856.95,22863.9,45725,25,75
2025-01-29 09:46:52.520865,FINNIFTY30JAN25F,FINNIFTY,22862.95,8425,22858.05,22865.4,45725,50,125
2025-01-29 09:46:53.862984,FINNIFTY30JAN25F,FINNIFTY,22862.95,8425,22859.9,22866.8,45725,25,125
2025-01-29 09:46:55.199089,FINNIFTY30JAN25F,FINNIFTY,22862.95,8425,22858.05,22864.5,45725,25,125
2025-01-29 09:46:56.532877,FINNIFTY30JAN25F,FINNIFTY,22862.95,8425,22857.75,22865.45,45725,50,50
2025-01-29 09:46:57.853065,FINNIFTY30JAN25F,FINNIFTY,22862.95,8425,22857.75,22865.45,45725,50,50
2025-01-29 09:46:59.176579,FINNIFTY30JAN25F,FINNIFTY,22862.95,8425,22859.2,22865.5,45725,25,325
2025-01-29 09:47:00.502935,FINNIFTY30JAN25F,FINNIFTY,22862.95,8425,22860.45,22866.5,45725,25,325
2025-01-29 09:47:01.882939,FINNIFTY30JAN25F,FINNIFTY,22862.95,8425,22860.65,22867.35,45725,25,125
2025-01-29 09:47:03.244706,FINNIFTY30JAN25F,FINNIFTY,22862.95,8425,22861.6,22868.55,45725,100,125
2025-01-29 09:47:04.608916,FINNIFTY30JAN25F,FINNIFTY,22862.95,8425,22861.6,22868.55,45725,100,125
2025-01-29 09:47:05.935153,FINNIFTY30JAN25F,FINNIFTY,22862.95,8425,22860.95,22867.3,45725,25,125
2025-01-29 09:47:07.283657,FINNIFTY30JAN25F,FINNIFTY,22862.95,8425,22861.7,22868.4,45725,25,75
2025-01-29 09:47:08.952981,FINNIFTY30JAN25F,FINNIFTY,22862.95,8425,22862.75,22868.3,45725,25,375
2025-01-29 09:47:10.418298,FINNIFTY30JAN25F,FINNIFTY,22862.95,8425,22863.25,22867.95,45725,25,125
2025-01-29 09:47:11.823001,FINNIFTY30JAN25F,FINNIFTY,22862.95,8425,22863.65,22869.9,45725,25,75
2025-01-29 09:47:13.181603,FINNIFTY30JAN25F,FINNIFTY,22862.95,8425,22862.95,22869.95,45725,50,25
2025-01-29 09:47:14.534902,FINNIFTY30JAN25F,FINNIFTY,22862.95,8425,22862.95,22869.95,45725,50,25
2025-01-29 09:47:15.882160,FINNIFTY30JAN25F,FINNIFTY,22862.95,8425,22863.0,22867.6,45725,25,125
2025-01-29 09:47:17.236987,FINNIFTY30JAN25F,FINNIFTY,22862.95,8425,22861.15,22868.65,45725,50,125
2025-01-29 09:47:18.777300,FINNIFTY30JAN25F,FINNIFTY,22862.95,8425,22864.15,22870.85,45725,25,125
2025-01-29 09:47:20.117385,FINNIFTY30JAN25F,FINNIFTY,22862.95,8425,22864.3,22870.95,45725,25,125
2025-01-29 09:47:21.426156,FINNIFTY30JAN25F,FINNIFTY,22862.95,8425,22864.35,22870.55,45725,25,125
2025-01-29 09:47:22.739041,FINNIFTY30JAN25F,FINNIFTY,22862.95,8425,22864.35,22870.55,45725,25,125
2025-01-29 09:47:24.171639,FINNIFTY30JAN25F,FINNIFTY,22862.95,8425,22862.3,22870.45,45725,100,150
2025-01-29 09:47:25.483111,FINNIFTY30JAN25F,FINNIFTY,22862.95,8425,22863.4,22869.9,45725,25,125
2025-01-29 09:47:26.823140,FINNIFTY30JAN25F,FINNIFTY,22862.95,8425,22861.65,22867.9,45725,25,125
2025-01-29 09:47:28.153364,FINNIFTY30JAN25F,FINNIFTY,22862.95,8425,22859.3,22866.0,45725,25,125
2025-01-29 09:47:29.573135,FINNIFTY30JAN25F,FINNIFTY,22862.95,8425,22859.3,22866.0,45725,25,125
2025-01-29 09:47:30.909660,FINNIFTY30JAN25F,FINNIFTY,22862.95,8425,22859.45,22865.2,45725,25,125
2025-01-29 09:47:32.252913,FINNIFTY30JAN25F,FINNIFTY,22862.95,8425,22861.7,22868.95,45725,50,125
2025-01-29 09:47:33.593765,FINNIFTY30JAN25F,FINNIFTY,22862.95,8425,22864.4,22871.45,45725,50,25
2025-01-29 09:47:34.942659,FINNIFTY30JAN25F,FINNIFTY,22862.95,8425,22864.75,22871.45,45725,25,25
2025-01-29 09:47:36.715473,FINNIFTY30JAN25F,FINNIFTY,22862.95,8425,22864.05,22871.45,45725,50,25
2025-01-29 09:47:38.053386,FINNIFTY30JAN25F,FINNIFTY,22862.95,8425,22864.05,22871.45,45725,50,25
2025-01-29 09:47:39.397157,FINNIFTY30JAN25F,FINNIFTY,22862.95,8425,22866.3,22871.95,45725,25,25
2025-01-29 09:47:40.726992,FINNIFTY30JAN25F,FINNIFTY,22862.95,8425,22866.35,22871.95,45725,25,25
2025-01-29 09:47:42.044840,FINNIFTY30JAN25F,FINNIFTY,22862.95,8425,22867.35,22874.25,45725,25,75
2025-01-29 09:47:43.352843,FINNIFTY30JAN25F,FINNIFTY,22862.95,8425,22869.6,22874.95,45725,50,25
2025-01-29 09:47:44.674879,FINNIFTY30JAN25F,FINNIFTY,22862.95,8425,22869.6,22874.95,45725,50,25
2025-01-29 09:47:46.043630,FINNIFTY30JAN25F,FINNIFTY,22862.95,8425,22871.6,22878.65,45725,50,125
2025-01-29 09:47:47.393867,FINNIFTY30JAN25F,FINNIFTY,22862.95,8425,22871.7,22877.8,45725,25,125
2025-01-29 09:47:48.717357,FINNIFTY30JAN25F,FINNIFTY,22862.95,8425,22868.05,22874.75,45725,25,50
2025-01-29 09:47:50.063704,FINNIFTY30JAN25F,FINNIFTY,22862.95,8425,22868.15,22871.45,45725,50,25
2025-01-29 09:47:51.372757,FINNIFTY30JAN25F,FINNIFTY,22862.95,8425,22870.1,22876.85,45725,25,150
2025-01-29 09:47:52.695873,FINNIFTY30JAN25F,FINNIFTY,22862.95,8425,22870.1,22876.85,45725,25,150
2025-01-29 09:47:54.052926,FINNIFTY30JAN25F,FINNIFTY,22862.95,8425,22868.25,22875.15,45725,25,125
2025-01-29 09:47:55.378761,FINNIFTY30JAN25F,FINNIFTY,22862.95,8425,22870.5,22876.85,45725,25,25
2025-01-29 09:47:56.699617,FINNIFTY30JAN25F,FINNIFTY,22862.95,8425,22868.25,22874.9,45725,25,125
2025-01-29 09:47:58.032888,FINNIFTY30JAN25F,FINNIFTY,22862.95,8425,22868.25,22874.9,45725,25,125
2025-01-29 09:47:59.374487,FINNIFTY30JAN25F,FINNIFTY,22862.95,8425,22868.1,22874.7,45725,25,125
2025-01-29 09:48:01.612786,FINNIFTY30JAN25F,FINNIFTY,22862.95,8425,22867.45,22874.55,45725,50,125
2025-01-29 09:48:03.035770,FINNIFTY30JAN25F,FINNIFTY,22862.95,8425,22868.8,22875.7,45725,25,50
2025-01-29 09:48:04.902826,FINNIFTY30JAN25F,FINNIFTY,22862.95,8425,22866.9,22873.0,45725,25,125
2025-01-29 09:48:06.286559,FINNIFTY30JAN25F,FINNIFTY,22862.95,8425,22866.9,22873.0,45725,25,125
2025-01-29 09:48:07.890310,FINNIFTY30JAN25F,FINNIFTY,22862.95,8425,22865.3,22872.35,45725,50,50
2025-01-29 09:48:09.202596,FINNIFTY30JAN25F,FINNIFTY,22862.95,8425,22861.45,22868.3,45725,25,125
2025-01-29 09:48:10.557038,FINNIFTY30JAN25F,FINNIFTY,22862.95,8425,22862.0,22869.0,45725,50,125
2025-01-29 09:48:11.912786,FINNIFTY30JAN25F,FINNIFTY,22862.95,8425,22862.05,22867.85,45725,25,50
2025-01-29 09:48:13.241967,FINNIFTY30JAN25F,FINNIFTY,22862.95,8425,22853.1,22861.7,45725,50,75
2025-01-29 09:48:14.575000,FINNIFTY30JAN25F,FINNIFTY,22862.95,8425,22853.1,22861.7,45725,50,75
2025-01-29 09:48:15.902409,FINNIFTY30JAN25F,FINNIFTY,22862.95,8425,22854.15,22859.5,45725,25,25
2025-01-29 09:48:17.242736,FINNIFTY30JAN25F,FINNIFTY,22862.95,8425,22853.5,22859.5,45725,50,25
2025-01-29 09:48:18.572703,FINNIFTY30JAN25F,FINNIFTY,22862.95,8425,22853.35,22859.5,45725,50,25
2025-01-29 09:48:19.912514,FINNIFTY30JAN25F,FINNIFTY,22862.95,8425,22853.75,22859.5,45725,50,25
2025-01-29 09:48:21.273727,FINNIFTY30JAN25F,FINNIFTY,22862.95,8425,22853.75,22859.5,45725,50,25
2025-01-29 09:48:22.593206,FINNIFTY30JAN25F,FINNIFTY,22862.95,8425,22854.95,22859.5,45725,25,25
2025-01-29 09:48:23.912482,FINNIFTY30JAN25F,FINNIFTY,22862.95,8425,22850.15,22858.05,45725,50,50
2025-01-29 09:48:25.462916,FINNIFTY30JAN25F,FINNIFTY,22862.95,8425,22850.85,22857.8,45725,50,50
2025-01-29 09:48:26.812458,FINNIFTY30JAN25F,FINNIFTY,22862.95,8425,22853.25,22859.5,45725,100,50
2025-01-29 09:48:28.149672,FINNIFTY30JAN25F,FINNIFTY,22862.95,8425,22852.85,22859.5,45725,25,50
2025-01-29 09:48:29.503455,FINNIFTY30JAN25F,FINNIFTY,22862.95,8425,22852.85,22859.5,45725,25,50
2025-01-29 09:48:30.976852,FINNIFTY30JAN25F,FINNIFTY,22862.95,8425,22854.75,22859.5,45725,25,25
2025-01-29 09:48:32.287685,FINNIFTY30JAN25F,FINNIFTY,22862.95,8425,22855.7,22859.5,45725,25,25
2025-01-29 09:48:33.613901,FINNIFTY30JAN25F,FINNIFTY,22862.95,8425,22855.55,22859.5,45725,100,25
2025-01-29 09:48:35.019309,FINNIFTY30JAN25F,FINNIFTY,22862.95,8425,22855.75,22859.5,45725,25,25
2025-01-29 09:48:36.332004,FINNIFTY30JAN25F,FINNIFTY,22862.95,8425,22855.75,22859.5,45725,25,25
2025-01-29 09:48:37.717840,FINNIFTY30JAN25F,FINNIFTY,22862.95,8425,22855.55,22859.5,45725,100,25
2025-01-29 09:48:39.042779,FINNIFTY30JAN25F,FINNIFTY,22862.95,8425,22855.55,22859.5,45725,25,25
2025-01-29 09:48:40.512988,FINNIFTY30JAN25F,FINNIFTY,22862.95,8425,22854.25,22859.5,45725,50,25
2025-01-29 09:48:41.930992,FINNIFTY30JAN25F,FINNIFTY,22862.95,8425,22857.05,22861.55,45725,50,25
2025-01-29 09:48:43.264533,FINNIFTY30JAN25F,FINNIFTY,22862.95,8425,22858.35,22864.65,45725,25,50
2025-01-29 09:48:44.628304,FINNIFTY30JAN25F,FINNIFTY,22862.95,8425,22858.35,22864.65,45725,25,50
2025-01-29 09:48:45.972462,FINNIFTY30JAN25F,FINNIFTY,22862.95,8425,22858.5,22864.65,45725,25,25
2025-01-29 09:48:47.296076,FINNIFTY30JAN25F,FINNIFTY,22862.95,8425,22856.15,22863.5,45725,50,250
2025-01-29 09:48:48.622269,FINNIFTY30JAN25F,FINNIFTY,22862.95,8425,22858.0,22864.65,45725,25,50
2025-01-29 09:48:49.932416,FINNIFTY30JAN25F,FINNIFTY,22857.85,8525,22854.55,22859.95,45725,50,25
2025-01-29 09:48:51.253324,FINNIFTY30JAN25F,FINNIFTY,22857.85,8525,22854.55,22859.95,45725,50,25
2025-01-29 09:48:52.565193,FINNIFTY30JAN25F,FINNIFTY,22857.85,8525,22851.7,22857.5,45725,25,25
2025-01-29 09:48:53.902209,FINNIFTY30JAN25F,FINNIFTY,22850.0,8600,22843.2,22850.5,45725,50,25
2025-01-29 09:48:55.238118,FINNIFTY30JAN25F,FINNIFTY,22849.9,8600,22845.2,22849.9,45725,25,25
2025-01-29 09:48:56.922167,FINNIFTY30JAN25F,FINNIFTY,22849.9,8625,22849.7,22855.85,45725,50,25
2025-01-29 09:48:58.244989,FINNIFTY30JAN25F,FINNIFTY,22849.9,8625,22852.2,22858.55,45725,25,150
2025-01-29 09:48:59.562210,FINNIFTY30JAN25F,FINNIFTY,22849.9,8625,22852.2,22858.55,45725,25,150
2025-01-29 09:49:00.872320,FINNIFTY30JAN25F,FINNIFTY,22849.9,8625,22854.4,22861.1,45725,50,25
2025-01-29 09:49:02.266244,FINNIFTY30JAN25F,FINNIFTY,22849.9,8625,22854.85,22861.8,45725,50,50
2025-01-29 09:49:03.604017,FINNIFTY30JAN25F,FINNIFTY,22849.9,8625,22856.55,22862.95,45725,50,25
2025-01-29 09:49:04.935286,FINNIFTY30JAN25F,FINNIFTY,22849.9,8625,22856.4,22863.5,45725,50,25
2025-01-29 09:49:06.300214,FINNIFTY30JAN25F,FINNIFTY,22849.9,8625,22856.4,22863.5,45725,50,25
2025-01-29 09:49:07.647381,FINNIFTY30JAN25F,FINNIFTY,22849.9,8625,22859.1,22865.25,45725,25,50
2025-01-29 09:49:08.982033,FINNIFTY30JAN25F,FINNIFTY,22849.9,8625,22859.5,22866.65,45725,50,25
2025-01-29 09:49:10.298514,FINNIFTY30JAN25F,FINNIFTY,22849.9,8625,22862.55,22868.5,45725,25,25
2025-01-29 09:49:11.608332,FINNIFTY30JAN25F,FINNIFTY,22849.9,8625,22862.65,22870.05,45725,50,25
2025-01-29 09:49:12.932014,FINNIFTY30JAN25F,FINNIFTY,22862.9,8625,22862.65,22870.05,46975,50,25
2025-01-29 09:49:14.252792,FINNIFTY30JAN25F,FINNIFTY,22862.9,8650,22861.2,22868.55,46975,50,50
2025-01-29 09:49:15.602944,FINNIFTY30JAN25F,FINNIFTY,22862.9,8650,22862.6,22868.55,46975,50,25
2025-01-29 09:49:16.976077,FINNIFTY30JAN25F,FINNIFTY,22862.9,8650,22860.75,22867.95,46975,25,25
2025-01-29 09:49:18.334348,FINNIFTY30JAN25F,FINNIFTY,22862.9,8650,22863.2,22869.65,46975,25,225
2025-01-29 09:49:20.030603,FINNIFTY30JAN25F,FINNIFTY,22862.9,8650,22864.75,22872.4,46975,100,50
2025-01-29 09:49:21.333482,FINNIFTY30JAN25F,FINNIFTY,22862.9,8650,22864.75,22872.4,46975,100,50
2025-01-29 09:49:22.673382,FINNIFTY30JAN25F,FINNIFTY,22862.9,8650,22866.05,22873.35,46975,50,50
2025-01-29 09:49:24.019777,FINNIFTY30JAN25F,FINNIFTY,22862.9,8650,22867.65,22874.8,46975,25,150
2025-01-29 09:49:25.435445,FINNIFTY30JAN25F,FINNIFTY,22862.9,8650,22868.75,22875.65,46975,25,25
2025-01-29 09:49:26.762472,FINNIFTY30JAN25F,FINNIFTY,22862.9,8650,22869.1,22876.3,46975,25,50
2025-01-29 09:49:28.091883,FINNIFTY30JAN25F,FINNIFTY,22862.9,8650,22870.15,22877.4,46975,25,175
2025-01-29 09:49:29.447721,FINNIFTY30JAN25F,FINNIFTY,22862.9,8650,22870.15,22877.4,46975,25,175
2025-01-29 09:49:30.818311,FINNIFTY30JAN25F,FINNIFTY,22862.9,8650,22872.05,22879.1,46975,25,50
2025-01-29 09:49:32.173725,FINNIFTY30JAN25F,FINNIFTY,22862.9,8650,22872.05,22877.75,46975,25,150
2025-01-29 09:49:33.477941,FINNIFTY30JAN25F,FINNIFTY,22862.9,8650,22868.25,22875.25,46975,25,50
2025-01-29 09:49:34.810343,FINNIFTY30JAN25F,FINNIFTY,22862.9,8650,22869.3,22876.2,46975,25,150
2025-01-29 09:49:36.144366,FINNIFTY30JAN25F,FINNIFTY,22862.9,8650,22869.3,22876.2,46975,25,150
2025-01-29 09:49:37.471970,FINNIFTY30JAN25F,FINNIFTY,22862.9,8650,22869.35,22875.5,46975,25,25
2025-01-29 09:49:38.831959,FINNIFTY30JAN25F,FINNIFTY,22862.9,8650,22869.35,22875.5,46975,25,25
2025-01-29 09:49:40.168469,FINNIFTY30JAN25F,FINNIFTY,22862.9,8650,22867.05,22874.1,46975,25,150
2025-01-29 09:49:41.602760,FINNIFTY30JAN25F,FINNIFTY,22862.9,8650,22868.7,22876.2,46975,50,25
2025-01-29 09:49:42.931757,FINNIFTY30JAN25F,FINNIFTY,22862.9,8650,22868.7,22876.2,46975,50,25
2025-01-29 09:49:44.301749,FINNIFTY30JAN25F,FINNIFTY,22862.9,8650,22870.8,22876.8,46975,25,25
2025-01-29 09:49:45.672253,FINNIFTY30JAN25F,FINNIFTY,22862.9,8650,22870.8,22876.9,46975,25,25
2025-01-29 09:49:47.001891,FINNIFTY30JAN25F,FINNIFTY,22862.9,8650,22870.8,22876.55,46975,25,25
2025-01-29 09:49:48.361696,FINNIFTY30JAN25F,FINNIFTY,22862.9,8650,22863.6,22870.75,46975,25,275
2025-01-29 09:49:49.859203,FINNIFTY30JAN25F,FINNIFTY,22862.9,8650,22864.75,22872.0,46975,50,25
2025-01-29 09:49:51.239905,FINNIFTY30JAN25F,FINNIFTY,22862.9,8650,22864.75,22872.0,46975,50,25
2025-01-29 09:49:52.589084,FINNIFTY30JAN25F,FINNIFTY,22862.9,8650,22864.5,22871.85,46975,25,100
2025-01-29 09:49:53.951816,FINNIFTY30JAN25F,FINNIFTY,22862.9,8650,22865.2,22872.15,46975,50,25
2025-01-29 09:49:55.332951,FINNIFTY30JAN25F,FINNIFTY,22862.9,8650,22863.95,22871.05,46975,50,25
2025-01-29 09:49:57.010298,FINNIFTY30JAN25F,FINNIFTY,22862.9,8650,22860.1,22867.35,46975,50,100
2025-01-29 09:49:58.336895,FINNIFTY30JAN25F,FINNIFTY,22862.9,8650,22862.85,22869.8,46975,50,25
2025-01-29 09:49:59.655524,FINNIFTY30JAN25F,FINNIFTY,22862.9,8650,22864.45,22871.7,46975,25,25
2025-01-29 09:50:01.116793,FINNIFTY30JAN25F,FINNIFTY,22862.9,8650,22864.45,22871.7,46975,25,25
2025-01-29 09:50:02.468714,FINNIFTY30JAN25F,FINNIFTY,22862.9,8650,22865.35,22872.3,46975,50,25
2025-01-29 09:50:03.808925,FINNIFTY30JAN25F,FINNIFTY,22862.9,8650,22864.55,22872.35,46975,50,25
2025-01-29 09:50:05.148709,FINNIFTY30JAN25F,FINNIFTY,22862.9,8650,22860.85,22868.45,46975,25,400
2025-01-29 09:50:06.449202,FINNIFTY30JAN25F,FINNIFTY,22862.9,8650,22860.85,22868.45,46975,25,400
2025-01-29 09:50:07.849032,FINNIFTY30JAN25F,FINNIFTY,22862.9,8650,22859.85,22866.15,46975,25,25
2025-01-29 09:50:09.186735,FINNIFTY30JAN25F,FINNIFTY,22862.9,8650,22859.9,22866.75,46975,25,50
2025-01-29 09:50:10.485559,FINNIFTY30JAN25F,FINNIFTY,22862.9,8650,22857.7,22865.7,46975,50,25
2025-01-29 09:50:11.811027,FINNIFTY30JAN25F,FINNIFTY,22862.9,8650,22859.15,22866.4,46975,25,200
2025-01-29 09:50:13.171647,FINNIFTY30JAN25F,FINNIFTY,22862.9,8650,22859.15,22866.4,46975,25,200
2025-01-29 09:50:14.502468,FINNIFTY30JAN25F,FINNIFTY,22862.9,8650,22861.35,22868.4,46975,25,25
2025-01-29 09:50:15.836112,FINNIFTY30JAN25F,FINNIFTY,22862.9,8650,22859.35,22867.85,46975,25,125
2025-01-29 09:50:17.194228,FINNIFTY30JAN25F,FINNIFTY,22862.9,8650,22859.65,22866.85,46975,25,25
2025-01-29 09:50:18.511600,FINNIFTY30JAN25F,FINNIFTY,22862.9,8650,22859.6,22866.65,46975,25,150
2025-01-29 09:50:19.887113,FINNIFTY30JAN25F,FINNIFTY,22862.9,8650,22858.35,22865.75,46975,25,50
2025-01-29 09:50:21.228358,FINNIFTY30JAN25F,FINNIFTY,22862.9,8650,22858.35,22865.75,46975,25,50
2025-01-29 09:50:22.589902,FINNIFTY30JAN25F,FINNIFTY,22862.9,8650,22857.55,22864.6,46975,50,50
2025-01-29 09:50:23.936509,FINNIFTY30JAN25F,FINNIFTY,22862.9,8650,22863.65,22869.75,46975,50,50
2025-01-29 09:50:25.282799,FINNIFTY30JAN25F,FINNIFTY,22862.9,8650,22865.7,22871.6,46975,50,100
2025-01-29 09:50:26.598305,FINNIFTY30JAN25F,FINNIFTY,22862.9,8650,22863.65,22871.05,46975,50,275
2025-01-29 09:50:27.958598,FINNIFTY30JAN25F,FINNIFTY,22862.9,8650,22863.65,22871.05,46975,50,275
2025-01-29 09:50:29.305070,FINNIFTY30JAN25F,FINNIFTY,22862.9,8650,22863.6,22870.9,46975,50,25
2025-01-29 09:50:31.846695,FINNIFTY30JAN25F,FINNIFTY,22862.9,8650,22862.9,22870.1,46975,50,25
2025-01-29 09:50:33.193909,FINNIFTY30JAN25F,FINNIFTY,22862.9,8650,22864.15,22871.05,46975,25,25
2025-01-29 09:50:37.921414,FINNIFTY30JAN25F,FINNIFTY,22862.9,8650,22862.85,22870.35,46975,50,25
2025-01-29 09:50:40.101370,FINNIFTY30JAN25F,FINNIFTY,22862.9,8650,22861.95,22869.7,46975,25,25
2025-01-29 09:50:42.298353,FINNIFTY30JAN25F,FINNIFTY,22862.9,8650,22858.7,22864.55,46975,25,75
2025-01-29 09:50:43.835072,FINNIFTY30JAN25F,FINNIFTY,22862.9,8650,22858.75,22865.8,46975,25,25
2025-01-29 09:50:45.311180,FINNIFTY30JAN25F,FINNIFTY,22862.9,8650,22858.7,22864.9,46975,25,25
2025-01-29 09:50:46.606319,FINNIFTY30JAN25F,FINNIFTY,22862.9,8650,22859.45,22866.35,46975,25,25
2025-01-29 09:50:47.964224,FINNIFTY30JAN25F,FINNIFTY,22862.9,8650,22859.45,22866.35,46975,25,25
2025-01-29 09:50:49.291125,FINNIFTY30JAN25F,FINNIFTY,22862.9,8650,22859.15,22866.0,46975,75,25
2025-01-29 09:50:50.641185,FINNIFTY30JAN25F,FINNIFTY,22862.9,8650,22859.35,22867.15,46975,50,200
2025-01-29 09:50:51.974556,FINNIFTY30JAN25F,FINNIFTY,22862.9,8650,22861.95,22869.05,46975,25,25
2025-01-29 09:50:53.295224,FINNIFTY30JAN25F,FINNIFTY,22862.9,8650,22860.8,22867.95,46975,50,75
2025-01-29 09:50:54.608951,FINNIFTY30JAN25F,FINNIFTY,22862.9,8650,22860.8,22867.95,46975,50,75
2025-01-29 09:50:55.931066,FINNIFTY30JAN25F,FINNIFTY,22862.9,8650,22862.35,22869.15,46975,50,25
2025-01-29 09:50:57.298384,FINNIFTY30JAN25F,FINNIFTY,22862.9,8650,22862.9,22869.75,46975,25,150
2025-01-29 09:50:58.631048,FINNIFTY30JAN25F,FINNIFTY,22862.9,8650,22863.15,22869.9,46975,50,25
2025-01-29 09:50:59.963486,FINNIFTY30JAN25F,FINNIFTY,22862.9,8650,22858.0,22863.75,46975,25,25
2025-01-29 09:51:01.328744,FINNIFTY30JAN25F,FINNIFTY,22862.9,8650,22858.0,22863.75,46975,25,25
2025-01-29 09:51:02.715106,FINNIFTY30JAN25F,FINNIFTY,22862.9,8650,22858.65,22864.5,46975,25,25
2025-01-29 09:51:04.359104,FINNIFTY30JAN25F,FINNIFTY,22862.9,8650,22859.8,22866.25,46975,50,25
2025-01-29 09:51:05.683262,FINNIFTY30JAN25F,FINNIFTY,22862.9,8650,22857.95,22864.8,46975,50,25
2025-01-29 09:51:07.014553,FINNIFTY30JAN25F,FINNIFTY,22862.9,8650,22858.0,22864.95,46975,50,25
2025-01-29 09:51:08.348130,FINNIFTY30JAN25F,FINNIFTY,22862.9,8650,22858.55,22865.4,46975,50,75
2025-01-29 09:51:09.656466,FINNIFTY30JAN25F,FINNIFTY,22862.9,8650,22858.55,22865.4,46975,50,75
2025-01-29 09:51:10.990957,FINNIFTY30JAN25F,FINNIFTY,22862.9,8650,22859.1,22865.85,46975,25,150
2025-01-29 09:51:12.328631,FINNIFTY30JAN25F,FINNIFTY,22862.9,8650,22859.1,22865.7,46975,25,150
2025-01-29 09:51:13.790908,FINNIFTY30JAN25F,FINNIFTY,22862.9,8650,22854.25,22862.0,46975,50,75
2025-01-29 09:51:15.104357,FINNIFTY30JAN25F,FINNIFTY,22862.9,8650,22856.45,22863.0,46975,25,25
2025-01-29 09:51:16.684317,FINNIFTY30JAN25F,FINNIFTY,22862.9,8650,22854.6,22861.3,46975,25,25
2025-01-29 09:51:18.035344,FINNIFTY30JAN25F,FINNIFTY,22862.9,8650,22854.6,22861.3,46975,25,25
2025-01-29 09:51:19.369651,FINNIFTY30JAN25F,FINNIFTY,22862.9,8650,22853.6,22861.05,46975,50,25
2025-01-29 09:51:20.705627,FINNIFTY30JAN25F,FINNIFTY,22862.9,8650,22856.7,22863.15,46975,50,25
2025-01-29 09:51:22.039567,FINNIFTY30JAN25F,FINNIFTY,22862.9,8650,22855.8,22862.4,46975,50,25
2025-01-29 09:51:23.374033,FINNIFTY30JAN25F,FINNIFTY,22862.9,8650,22855.7,22862.7,46975,25,25
2025-01-29 09:51:24.690994,FINNIFTY30JAN25F,FINNIFTY,22862.9,8650,22855.7,22862.7,46975,25,25
2025-01-29 09:51:26.042436,FINNIFTY30JAN25F,FINNIFTY,22862.9,8650,22854.65,22861.9,46975,25,25
2025-01-29 09:51:27.477198,FINNIFTY30JAN25F,FINNIFTY,22862.9,8650,22855.6,22862.95,46975,25,25
2025-01-29 09:51:28.840873,FINNIFTY30JAN25F,FINNIFTY,22862.9,8650,22857.7,22864.15,46975,50,50
2025-01-29 09:51:30.200926,FINNIFTY30JAN25F,FINNIFTY,22862.9,8650,22859.05,22866.8,46975,25,25
2025-01-29 09:51:31.590897,FINNIFTY30JAN25F,FINNIFTY,22862.9,8650,22859.0,22866.6,46975,25,25
2025-01-29 09:51:32.900917,FINNIFTY30JAN25F,FINNIFTY,22862.9,8650,22859.0,22866.6,46975,25,25
2025-01-29 09:51:34.239320,FINNIFTY30JAN25F,FINNIFTY,22862.9,8650,22857.6,22865.25,46975,25,25
2025-01-29 09:51:35.610695,FINNIFTY30JAN25F,FINNIFTY,22862.9,8650,22860.65,22868.2,46975,25,25
2025-01-29 09:51:36.943170,FINNIFTY30JAN25F,FINNIFTY,22862.9,8650,22861.4,22868.6,46975,25,25
2025-01-29 09:51:38.807845,FINNIFTY30JAN25F,FINNIFTY,22862.9,8650,22862.25,22868.9,46975,50,25
2025-01-29 09:51:40.140828,FINNIFTY30JAN25F,FINNIFTY,22862.9,8650,22864.05,22870.9,46975,50,50
2025-01-29 09:51:41.479814,FINNIFTY30JAN25F,FINNIFTY,22862.9,8650,22864.05,22870.9,46975,50,50
2025-01-29 09:51:42.808210,FINNIFTY30JAN25F,FINNIFTY,22862.9,8650,22863.9,22871.0,46975,25,25
2025-01-29 09:51:44.204884,FINNIFTY30JAN25F,FINNIFTY,22862.9,8650,22865.0,22871.65,46975,50,25
2025-01-29 09:51:45.520782,FINNIFTY30JAN25F,FINNIFTY,22862.9,8650,22866.15,22872.6,46975,50,75
2025-01-29 09:51:47.070787,FINNIFTY30JAN25F,FINNIFTY,22862.9,8650,22866.95,22873.3,46975,50,25
2025-01-29 09:51:48.417449,FINNIFTY30JAN25F,FINNIFTY,22862.9,8650,22867.4,22873.95,46975,50,25
2025-01-29 09:51:49.762562,FINNIFTY30JAN25F,FINNIFTY,22862.9,8650,22867.4,22873.95,46975,50,25
2025-01-29 09:51:51.097439,FINNIFTY30JAN25F,FINNIFTY,22862.9,8650,22863.9,22871.65,46975,50,200
2025-01-29 09:51:52.483118,FINNIFTY30JAN25F,FINNIFTY,22862.9,8650,22864.5,22871.25,46975,25,25
2025-01-29 09:51:53.860907,FINNIFTY30JAN25F,FINNIFTY,22862.9,8650,22858.1,22865.6,46975,50,25
2025-01-29 09:51:55.200696,FINNIFTY30JAN25F,FINNIFTY,22862.9,8650,22857.85,22865.35,46975,50,100
2025-01-29 09:51:56.604857,FINNIFTY30JAN25F,FINNIFTY,22862.9,8650,22858.05,22864.5,46975,25,25
2025-01-29 09:51:57.924958,FINNIFTY30JAN25F,FINNIFTY,22862.9,8650,22858.05,22864.5,46975,25,25
2025-01-29 09:51:59.351458,FINNIFTY30JAN25F,FINNIFTY,22862.9,8650,22858.05,22864.05,46975,25,25
2025-01-29 09:52:00.732608,FINNIFTY30JAN25F,FINNIFTY,22862.9,8650,22856.2,22862.6,46975,25,25
2025-01-29 09:52:02.055482,FINNIFTY30JAN25F,FINNIFTY,22862.9,8650,22852.9,22859.4,46975,50,25
2025-01-29 09:52:04.388604,FINNIFTY30JAN25F,FINNIFTY,22862.9,8650,22853.2,22859.9,46975,25,25
2025-01-29 09:52:05.702535,FINNIFTY30JAN25F,FINNIFTY,22862.9,8650,22853.5,22860.55,46975,25,25
2025-01-29 09:52:07.010469,FINNIFTY30JAN25F,FINNIFTY,22862.9,8650,22855.9,22862.85,46975,25,25
2025-01-29 09:52:08.338139,FINNIFTY30JAN25F,FINNIFTY,22862.9,8650,22856.05,22862.95,46975,25,25
2025-01-29 09:52:09.646824,FINNIFTY30JAN25F,FINNIFTY,22862.9,8650,22856.05,22862.95,46975,25,25
2025-01-29 09:52:10.971031,FINNIFTY30JAN25F,FINNIFTY,22862.9,8650,22855.8,22862.8,46975,50,25
2025-01-29 09:52:12.372677,FINNIFTY30JAN25F,FINNIFTY,22862.9,8650,22856.0,22862.85,46975,100,25
2025-01-29 09:52:13.704489,FINNIFTY30JAN25F,FINNIFTY,22862.9,8650,22856.45,22863.2,46975,25,25
2025-01-29 09:52:15.040495,FINNIFTY30JAN25F,FINNIFTY,22862.9,8650,22856.2,22863.25,46975,25,25
2025-01-29 09:52:16.380439,FINNIFTY30JAN25F,FINNIFTY,22862.9,8650,22856.2,22863.25,46975,25,25
2025-01-29 09:52:17.700088,FINNIFTY30JAN25F,FINNIFTY,22862.9,8650,22857.3,22864.45,46975,25,25
2025-01-29 09:52:19.036200,FINNIFTY30JAN25F,FINNIFTY,22862.9,8650,22859.6,22866.2,46975,50,25
2025-01-29 09:52:20.380466,FINNIFTY30JAN25F,FINNIFTY,22862.9,8650,22859.45,22866.45,46975,25,25
2025-01-29 09:52:21.710462,FINNIFTY30JAN25F,FINNIFTY,22862.9,8650,22858.8,22866.05,46975,25,25
2025-01-29 09:52:23.066902,FINNIFTY30JAN25F,FINNIFTY,22862.9,8650,22858.8,22866.05,46975,25,25
2025-01-29 09:52:24.380439,FINNIFTY30JAN25F,FINNIFTY,22862.9,8650,22860.55,22867.85,46975,25,75
2025-01-29 09:52:25.713687,FINNIFTY30JAN25F,FINNIFTY,22862.9,8650,22860.1,22867.65,46975,25,25
2025-01-29 09:52:27.056691,FINNIFTY30JAN25F,FINNIFTY,22862.9,8650,22860.75,22867.25,46975,50,25
2025-01-29 09:52:28.386596,FINNIFTY30JAN25F,FINNIFTY,22862.9,8650,22861.6,22868.65,46975,50,25
2025-01-29 09:52:29.710377,FINNIFTY30JAN25F,FINNIFTY,22862.9,8650,22861.6,22868.65,46975,50,25
2025-01-29 09:52:31.062070,FINNIFTY30JAN25F,FINNIFTY,22862.9,8650,22859.9,22867.35,46975,25,25
2025-01-29 09:52:32.399396,FINNIFTY30JAN25F,FINNIFTY,22862.9,8650,22858.65,22865.95,46975,50,25
2025-01-29 09:52:33.740326,FINNIFTY30JAN25F,FINNIFTY,22862.9,8650,22860.3,22867.15,46975,25,25
2025-01-29 09:52:35.082484,FINNIFTY30JAN25F,FINNIFTY,22862.9,8650,22858.85,22866.3,46975,50,25
2025-01-29 09:52:36.416811,FINNIFTY30JAN25F,FINNIFTY,22862.9,8650,22859.15,22866.75,46975,50,150
2025-01-29 09:52:37.762826,FINNIFTY30JAN25F,FINNIFTY,22862.9,8650,22859.15,22866.75,46975,50,150
2025-01-29 09:52:39.320100,FINNIFTY30JAN25F,FINNIFTY,22862.9,8650,22861.0,22868.25,46975,25,25
2025-01-29 09:52:40.634450,FINNIFTY30JAN25F,FINNIFTY,22862.9,8650,22861.6,22869.1,46975,50,150
2025-01-29 09:52:42.010270,FINNIFTY30JAN25F,FINNIFTY,22862.9,8650,22862.6,22869.85,46975,25,25
2025-01-29 09:52:43.350764,FINNIFTY30JAN25F,FINNIFTY,22862.9,8650,22863.95,22870.6,46975,50,25
2025-01-29 09:52:44.704759,FINNIFTY30JAN25F,FINNIFTY,22862.9,8650,22863.3,22869.75,46975,50,25
2025-01-29 09:52:46.057810,FINNIFTY30JAN25F,FINNIFTY,22862.9,8650,22863.3,22869.75,46975,50,25
2025-01-29 09:52:47.373482,FINNIFTY30JAN25F,FINNIFTY,22862.9,8650,22863.65,22870.4,46975,25,25
2025-01-29 09:52:48.773429,FINNIFTY30JAN25F,FINNIFTY,22862.9,8650,22864.65,22871.6,46975,25,25
2025-01-29 09:52:50.101209,FINNIFTY30JAN25F,FINNIFTY,22862.9,8650,22864.7,22872.1,46975,50,25
2025-01-29 09:52:51.455823,FINNIFTY30JAN25F,FINNIFTY,22862.9,8650,22863.65,22871.8,46975,25,25
2025-01-29 09:52:52.804715,FINNIFTY30JAN25F,FINNIFTY,22862.9,8650,22863.65,22871.8,46975,25,25
2025-01-29 09:52:54.133025,FINNIFTY30JAN25F,FINNIFTY,22862.9,8650,22862.15,22868.15,46975,25,25
2025-01-29 09:52:55.461281,FINNIFTY30JAN25F,FINNIFTY,22862.9,8650,22860.75,22867.85,46975,50,100
2025-01-29 09:52:56.758321,FINNIFTY30JAN25F,FINNIFTY,22862.9,8650,22859.95,22867.35,46975,25,25
2025-01-29 09:52:58.087408,FINNIFTY30JAN25F,FINNIFTY,22862.9,8650,22860.3,22867.35,46975,50,25
2025-01-29 09:52:59.406589,FINNIFTY30JAN25F,FINNIFTY,22862.9,8650,22860.3,22867.35,46975,50,25
2025-01-29 09:53:00.754451,FINNIFTY30JAN25F,FINNIFTY,22862.9,8650,22862.7,22870.0,46975,25,25
2025-01-29 09:53:02.107937,FINNIFTY30JAN25F,FINNIFTY,22862.9,8650,22862.5,22870.0,46975,25,25
2025-01-29 09:53:03.444098,FINNIFTY30JAN25F,FINNIFTY,22862.9,8650,22864.3,22871.3,46975,25,25
2025-01-29 09:53:04.770067,FINNIFTY30JAN25F,FINNIFTY,22862.9,8650,22864.25,22870.85,46975,50,25
2025-01-29 09:53:06.099345,FINNIFTY30JAN25F,FINNIFTY,22862.9,8650,22863.7,22870.65,46975,25,25
2025-01-29 09:53:07.426963,FINNIFTY30JAN25F,FINNIFTY,22862.9,8650,22863.7,22870.65,46975,25,25
2025-01-29 09:53:08.764181,FINNIFTY30JAN25F,FINNIFTY,22862.9,8650,22865.2,22872.2,46975,50,25
2025-01-29 09:53:10.090624,FINNIFTY30JAN25F,FINNIFTY,22862.9,8650,22868.35,22875.8,46975,25,50
2025-01-29 09:53:11.417306,FINNIFTY30JAN25F,FINNIFTY,22862.9,8650,22866.9,22874.45,46975,25,25
2025-01-29 09:53:12.740707,FINNIFTY30JAN25F,FINNIFTY,22862.9,8650,22870.35,22876.8,46975,50,25
2025-01-29 09:53:18.789947,FINNIFTY30JAN25F,FINNIFTY,22862.9,8650,22871.25,22877.65,46975,50,75
2025-01-29 09:53:20.908349,FINNIFTY30JAN25F,FINNIFTY,22862.9,8650,22868.15,22876.0,46975,25,25
2025-01-29 09:53:23.929705,FINNIFTY30JAN25F,FINNIFTY,22862.9,8650,22869.8,22876.55,46975,25,25
2025-01-29 09:53:25.236949,FINNIFTY30JAN25F,FINNIFTY,22862.9,8650,22868.6,22875.7,46975,25,25
2025-01-29 09:53:26.538128,FINNIFTY30JAN25F,FINNIFTY,22862.9,8650,22868.7,22875.7,46975,25,25
2025-01-29 09:53:27.858328,FINNIFTY30JAN25F,FINNIFTY,22875.3,8950,22865.95,22873.8,46950,50,100
2025-01-29 09:53:29.167372,FINNIFTY30JAN25F,FINNIFTY,22875.3,8950,22865.95,22873.8,46950,50,100
2025-01-29 09:53:30.524075,FINNIFTY30JAN25F,FINNIFTY,22875.3,8950,22864.05,22870.8,46950,25,50
2025-01-29 09:53:31.852330,FINNIFTY30JAN25F,FINNIFTY,22875.3,8950,22865.2,22872.75,46950,25,100
2025-01-29 09:53:33.165837,FINNIFTY30JAN25F,FINNIFTY,22875.3,8950,22864.7,22871.7,46950,25,50
2025-01-29 09:53:34.549788,FINNIFTY30JAN25F,FINNIFTY,22875.3,8950,22864.5,22871.8,46950,25,100
2025-01-29 09:53:35.926613,FINNIFTY30JAN25F,FINNIFTY,22875.3,8950,22864.95,22872.3,46950,25,50
2025-01-29 09:53:37.249760,FINNIFTY30JAN25F,FINNIFTY,22875.3,8950,22864.95,22872.3,46950,25,50
2025-01-29 09:53:38.614576,FINNIFTY30JAN25F,FINNIFTY,22875.3,8950,22865.75,22872.75,46950,50,125
2025-01-29 09:53:39.920884,FINNIFTY30JAN25F,FINNIFTY,22875.3,8950,22863.3,22870.5,46950,25,50
2025-01-29 09:53:41.304565,FINNIFTY30JAN25F,FINNIFTY,22875.3,8950,22864.3,22871.55,46950,25,50
2025-01-29 09:53:42.638873,FINNIFTY30JAN25F,FINNIFTY,22875.3,8950,22864.3,22871.55,46950,25,50
2025-01-29 09:53:44.009190,FINNIFTY30JAN25F,FINNIFTY,22875.3,8950,22864.0,22871.6,46950,25,75
2025-01-29 09:53:45.323586,FINNIFTY30JAN25F,FINNIFTY,22875.3,8950,22863.45,22871.0,46950,25,125
2025-01-29 09:53:46.712585,FINNIFTY30JAN25F,FINNIFTY,22875.3,8950,22863.0,22870.4,46950,25,50
2025-01-29 09:53:48.051375,FINNIFTY30JAN25F,FINNIFTY,22875.3,8950,22863.85,22871.05,46950,25,50
2025-01-29 09:53:49.347776,FINNIFTY30JAN25F,FINNIFTY,22875.3,8950,22863.3,22870.85,46950,50,50
2025-01-29 09:53:50.665832,FINNIFTY30JAN25F,FINNIFTY,22875.3,8950,22863.3,22870.85,46950,50,50
2025-01-29 09:53:52.157118,FINNIFTY30JAN25F,FINNIFTY,22875.3,8950,22861.7,22868.9,46950,25,50
2025-01-29 09:53:53.459631,FINNIFTY30JAN25F,FINNIFTY,22875.3,8950,22861.8,22869.05,46950,25,50
2025-01-29 09:53:54.874626,FINNIFTY30JAN25F,FINNIFTY,22875.3,8950,22860.45,22868.0,46950,25,50
2025-01-29 09:53:56.192549,FINNIFTY30JAN25F,FINNIFTY,22875.3,8950,22857.35,22865.6,46950,50,50
2025-01-29 09:53:57.532070,FINNIFTY30JAN25F,FINNIFTY,22875.3,8950,22857.35,22865.6,46950,50,50
2025-01-29 09:53:58.879382,FINNIFTY30JAN25F,FINNIFTY,22875.3,8950,22859.9,22867.5,46950,50,175
2025-01-29 09:54:00.205937,FINNIFTY30JAN25F,FINNIFTY,22875.3,8950,22858.7,22866.6,46950,25,50
2025-01-29 09:54:01.557908,FINNIFTY30JAN25F,FINNIFTY,22875.3,8950,22860.5,22867.65,46950,25,50
2025-01-29 09:54:02.903135,FINNIFTY30JAN25F,FINNIFTY,22875.3,8950,22862.35,22869.85,46950,25,50
2025-01-29 09:54:04.246355,FINNIFTY30JAN25F,FINNIFTY,22875.3,8950,22862.35,22869.85,46950,25,50
2025-01-29 09:54:05.564390,FINNIFTY30JAN25F,FINNIFTY,22875.3,8950,22861.45,22868.4,46950,25,175
2025-01-29 09:54:06.874834,FINNIFTY30JAN25F,FINNIFTY,22875.3,8950,22859.8,22867.4,46950,25,50
2025-01-29 09:54:08.191344,FINNIFTY30JAN25F,FINNIFTY,22875.3,8950,22861.25,22868.95,46950,50,150
2025-01-29 09:54:09.683012,FINNIFTY30JAN25F,FINNIFTY,22875.3,8950,22862.1,22869.35,46950,25,50
2025-01-29 09:54:10.999268,FINNIFTY30JAN25F,FINNIFTY,22875.3,8950,22862.75,22870.1,46950,50,150
2025-01-29 09:54:12.317339,FINNIFTY30JAN25F,FINNIFTY,22875.3,8950,22862.75,22870.1,46950,50,150
2025-01-29 09:54:13.609416,FINNIFTY30JAN25F,FINNIFTY,22875.3,8950,22864.35,22871.25,46950,25,125
2025-01-29 09:54:14.920521,FINNIFTY30JAN25F,FINNIFTY,22875.3,8950,22864.35,22870.35,46950,25,100
2025-01-29 09:54:16.269373,FINNIFTY30JAN25F,FINNIFTY,22875.3,8950,22862.75,22869.3,46950,25,50
2025-01-29 09:54:17.619206,FINNIFTY30JAN25F,FINNIFTY,22875.3,8950,22861.8,22869.5,46950,25,75
2025-01-29 09:54:18.955363,FINNIFTY30JAN25F,FINNIFTY,22875.3,8950,22861.8,22869.5,46950,25,75
2025-01-29 09:54:20.274706,FINNIFTY30JAN25F,FINNIFTY,22875.3,8950,22859.05,22865.0,46950,25,50
2025-01-29 09:54:21.573801,FINNIFTY30JAN25F,FINNIFTY,22875.3,8950,22860.45,22867.05,46950,25,50
2025-01-29 09:54:22.877132,FINNIFTY30JAN25F,FINNIFTY,22875.3,8950,22860.5,22867.15,46950,25,50
2025-01-29 09:54:24.217534,FINNIFTY30JAN25F,FINNIFTY,22875.3,8950,22860.8,22867.45,46950,25,50
2025-01-29 09:54:25.557540,FINNIFTY30JAN25F,FINNIFTY,22875.3,8950,22860.8,22867.45,46950,25,50
2025-01-29 09:54:26.878264,FINNIFTY30JAN25F,FINNIFTY,22875.3,8950,22861.55,22868.95,46950,50,50
2025-01-29 09:54:28.200862,FINNIFTY30JAN25F,FINNIFTY,22875.3,8950,22862.7,22869.4,46950,25,50
2025-01-29 09:54:29.515882,FINNIFTY30JAN25F,FINNIFTY,22875.3,8950,22862.7,22869.5,46950,25,50
2025-01-29 09:54:30.842870,FINNIFTY30JAN25F,FINNIFTY,22875.3,8950,22862.7,22869.5,46950,25,50
2025-01-29 09:54:32.166277,FINNIFTY30JAN25F,FINNIFTY,22875.3,8950,22864.3,22871.1,46950,50,125
2025-01-29 09:54:33.469278,FINNIFTY30JAN25F,FINNIFTY,22875.3,8950,22865.35,22872.8,46950,25,75
2025-01-29 09:54:34.837323,FINNIFTY30JAN25F,FINNIFTY,22875.3,8950,22867.4,22873.6,46950,25,75
2025-01-29 09:54:36.195668,FINNIFTY30JAN25F,FINNIFTY,22875.3,8950,22866.3,22873.75,46950,100,50
2025-01-29 09:54:37.496522,FINNIFTY30JAN25F,FINNIFTY,22875.3,8950,22866.3,22873.75,46950,100,50
2025-01-29 09:54:38.839005,FINNIFTY30JAN25F,FINNIFTY,22875.3,8950,22865.2,22873.4,46950,25,50
2025-01-29 09:54:40.179135,FINNIFTY30JAN25F,FINNIFTY,22875.3,8950,22867.65,22875.0,46950,50,25
2025-01-29 09:54:41.519231,FINNIFTY30JAN25F,FINNIFTY,22875.3,8950,22865.85,22872.3,46950,25,50
2025-01-29 09:54:42.853493,FINNIFTY30JAN25F,FINNIFTY,22875.3,8950,22862.1,22869.05,46950,25,50
2025-01-29 09:54:44.485242,FINNIFTY30JAN25F,FINNIFTY,22875.3,8950,22862.15,22869.15,46950,25,50
2025-01-29 09:54:45.829076,FINNIFTY30JAN25F,FINNIFTY,22875.3,8950,22862.15,22869.15,46950,25,50
2025-01-29 09:54:47.141308,FINNIFTY30JAN25F,FINNIFTY,22875.3,8950,22861.45,22868.95,46950,50,175
2025-01-29 09:54:48.458906,FINNIFTY30JAN25F,FINNIFTY,22875.3,8950,22863.55,22871.3,46950,75,125
2025-01-29 09:54:49.816710,FINNIFTY30JAN25F,FINNIFTY,22875.3,8950,22862.1,22869.55,46950,50,50
2025-01-29 09:54:51.158953,FINNIFTY30JAN25F,FINNIFTY,22875.3,8950,22862.85,22869.1,46950,25,50
2025-01-29 09:54:52.502097,FINNIFTY30JAN25F,FINNIFTY,22875.3,8950,22862.85,22869.1,46950,25,50
2025-01-29 09:54:53.806651,FINNIFTY30JAN25F,FINNIFTY,22875.3,8950,22862.85,22869.9,46950,50,50
2025-01-29 09:54:55.110453,FINNIFTY30JAN25F,FINNIFTY,22875.3,8950,22861.2,22868.65,46950,50,50
2025-01-29 09:54:57.446431,FINNIFTY30JAN25F,FINNIFTY,22875.3,8950,22861.2,22868.65,46950,50,50
2025-01-29 09:54:58.765203,FINNIFTY30JAN25F,FINNIFTY,22875.3,8950,22862.75,22870.0,46950,50,50
2025-01-29 09:55:00.149171,FINNIFTY30JAN25F,FINNIFTY,22875.3,8950,22864.3,22871.65,46950,25,50
2025-01-29 09:55:01.468800,FINNIFTY30JAN25F,FINNIFTY,22875.3,8950,22862.75,22870.15,46950,50,50
2025-01-29 09:55:02.788873,FINNIFTY30JAN25F,FINNIFTY,22875.3,8950,22861.75,22867.9,46950,25,175
2025-01-29 09:55:07.213374,FINNIFTY30JAN25F,FINNIFTY,22875.3,8950,22861.75,22867.9,46950,25,175
2025-01-29 09:55:08.623738,FINNIFTY30JAN25F,FINNIFTY,22875.3,8950,22861.05,22868.55,46950,50,50
2025-01-29 09:55:09.937162,FINNIFTY30JAN25F,FINNIFTY,22875.3,8950,22861.8,22869.65,46950,25,125
2025-01-29 09:55:11.284266,FINNIFTY30JAN25F,FINNIFTY,22875.3,8950,22863.1,22870.1,46950,25,50
2025-01-29 09:55:12.781476,FINNIFTY30JAN25F,FINNIFTY,22875.3,8950,22865.15,22872.3,46950,25,50
2025-01-29 09:55:14.345525,FINNIFTY30JAN25F,FINNIFTY,22875.3,8950,22864.0,22871.0,46950,25,50
2025-01-29 09:55:15.690863,FINNIFTY30JAN25F,FINNIFTY,22875.3,8950,22864.0,22871.0,46950,25,50
2025-01-29 09:55:17.002294,FINNIFTY30JAN25F,FINNIFTY,22875.3,8950,22864.6,22872.3,46950,50,300
2025-01-29 09:55:18.354441,FINNIFTY30JAN25F,FINNIFTY,22875.3,8950,22863.8,22871.3,46950,75,100
2025-01-29 09:55:19.876497,FINNIFTY30JAN25F,FINNIFTY,22875.3,8950,22864.25,22871.25,46950,25,50
2025-01-29 09:55:21.202485,FINNIFTY30JAN25F,FINNIFTY,22875.3,8950,22864.35,22871.25,46950,25,50
2025-01-29 09:55:22.548769,FINNIFTY30JAN25F,FINNIFTY,22875.3,8950,22864.35,22870.0,46950,25,50
2025-01-29 09:55:24.068926,FINNIFTY30JAN25F,FINNIFTY,22875.3,8950,22864.35,22870.0,46950,25,50
2025-01-29 09:55:25.368719,FINNIFTY30JAN25F,FINNIFTY,22875.3,8950,22860.25,22868.5,46950,125,50
2025-01-29 09:55:26.694769,FINNIFTY30JAN25F,FINNIFTY,22875.3,8950,22862.5,22869.45,46950,50,50
2025-01-29 09:55:28.039041,FINNIFTY30JAN25F,FINNIFTY,22875.3,8950,22863.5,22870.5,46950,25,50
2025-01-29 09:55:29.338578,FINNIFTY30JAN25F,FINNIFTY,22875.3,8950,22863.65,22870.45,46950,25,50
2025-01-29 09:55:30.656359,FINNIFTY30JAN25F,FINNIFTY,22875.3,8950,22863.65,22870.45,46950,25,50
2025-01-29 09:55:32.130475,FINNIFTY30JAN25F,FINNIFTY,22875.3,8950,22861.75,22869.25,46950,50,75
2025-01-29 09:55:33.517654,FINNIFTY30JAN25F,FINNIFTY,22875.3,8950,22861.75,22868.25,46950,25,50
2025-01-29 09:55:34.834907,FINNIFTY30JAN25F,FINNIFTY,22875.3,8950,22859.55,22866.05,46950,25,50
2025-01-29 09:55:36.147715,FINNIFTY30JAN25F,FINNIFTY,22875.3,8950,22859.75,22866.85,46950,50,50
2025-01-29 09:55:37.448604,FINNIFTY30JAN25F,FINNIFTY,22875.3,8950,22864.95,22872.4,46950,50,125
2025-01-29 09:55:38.832470,FINNIFTY30JAN25F,FINNIFTY,22875.3,8950,22864.95,22872.4,46950,50,125
2025-01-29 09:55:40.208246,FINNIFTY30JAN25F,FINNIFTY,22875.3,8950,22865.2,22871.95,46950,25,50
2025-01-29 09:55:41.555301,FINNIFTY30JAN25F,FINNIFTY,22875.3,8950,22865.55,22872.4,46950,25,425
2025-01-29 09:55:42.884828,FINNIFTY30JAN25F,FINNIFTY,22875.3,8950,22865.65,22872.0,46950,25,175
2025-01-29 09:55:44.263942,FINNIFTY30JAN25F,FINNIFTY,22875.3,8950,22865.65,22872.0,46950,25,175
2025-01-29 09:55:45.588158,FINNIFTY30JAN25F,FINNIFTY,22875.3,8950,22860.3,22867.7,46950,50,50
2025-01-29 09:55:46.897311,FINNIFTY30JAN25F,FINNIFTY,22875.3,8950,22861.1,22867.35,46950,25,50
2025-01-29 09:55:48.224108,FINNIFTY30JAN25F,FINNIFTY,22875.3,8950,22861.75,22868.65,46950,50,50
2025-01-29 09:55:49.539031,FINNIFTY30JAN25F,FINNIFTY,22875.3,8950,22864.3,22871.05,46950,25,125
2025-01-29 09:55:50.886289,FINNIFTY30JAN25F,FINNIFTY,22875.3,8950,22866.05,22872.4,46950,25,50
2025-01-29 09:55:52.231780,FINNIFTY30JAN25F,FINNIFTY,22875.3,8950,22866.05,22872.4,46950,25,50
2025-01-29 09:55:53.560410,FINNIFTY30JAN25F,FINNIFTY,22875.3,8950,22870.1,22875.0,46950,25,25
2025-01-29 09:55:55.046892,FINNIFTY30JAN25F,FINNIFTY,22875.3,8950,22867.0,22872.6,46950,25,50
2025-01-29 09:55:56.560752,FINNIFTY30JAN25F,FINNIFTY,22875.3,8950,22865.4,22871.7,46950,25,100
2025-01-29 09:55:57.966654,FINNIFTY30JAN25F,FINNIFTY,22875.3,8950,22866.0,22873.0,46950,25,150
2025-01-29 09:55:59.288398,FINNIFTY30JAN25F,FINNIFTY,22875.3,8950,22867.8,22874.95,46950,75,50
2025-01-29 09:56:00.821898,FINNIFTY30JAN25F,FINNIFTY,22875.3,8950,22867.8,22874.95,46950,75,50
2025-01-29 09:56:02.175136,FINNIFTY30JAN25F,FINNIFTY,22875.3,8950,22868.4,22875.0,46950,25,25
2025-01-29 09:56:03.534736,FINNIFTY30JAN25F,FINNIFTY,22875.3,8950,22866.7,22872.6,46950,25,50
2025-01-29 09:56:04.861973,FINNIFTY30JAN25F,FINNIFTY,22875.3,8950,22865.65,22872.45,46950,25,50
2025-01-29 09:56:06.217194,FINNIFTY30JAN25F,FINNIFTY,22875.3,8950,22863.35,22870.45,46950,25,100
2025-01-29 09:56:07.557218,FINNIFTY30JAN25F,FINNIFTY,22875.3,8950,22865.2,22872.7,46950,50,50
2025-01-29 09:56:08.867534,FINNIFTY30JAN25F,FINNIFTY,22875.3,8950,22865.2,22872.7,46950,50,50
2025-01-29 09:56:10.575429,FINNIFTY30JAN25F,FINNIFTY,22875.3,8950,22865.7,22873.1,46950,25,50
2025-01-29 09:56:11.919704,FINNIFTY30JAN25F,FINNIFTY,22875.3,8950,22866.6,22873.95,46950,25,50
2025-01-29 09:56:13.278029,FINNIFTY30JAN25F,FINNIFTY,22875.3,8950,22866.6,22874.1,46950,50,50
2025-01-29 09:56:14.614564,FINNIFTY30JAN25F,FINNIFTY,22875.3,8950,22868.15,22875.0,46950,25,25
2025-01-29 09:56:15.934620,FINNIFTY30JAN25F,FINNIFTY,22875.3,8950,22868.15,22875.0,46950,25,25
2025-01-29 09:56:17.240339,FINNIFTY30JAN25F,FINNIFTY,22875.3,8950,22867.45,22874.25,46950,25,50
2025-01-29 09:56:18.539264,FINNIFTY30JAN25F,FINNIFTY,22875.3,8950,22866.5,22873.35,46950,25,50
2025-01-29 09:56:19.861767,FINNIFTY30JAN25F,FINNIFTY,22875.3,8950,22864.45,22872.15,46950,50,100
2025-01-29 09:56:21.151766,FINNIFTY30JAN25F,FINNIFTY,22875.3,8950,22864.8,22871.45,46950,25,50
2025-01-29 09:56:22.468077,FINNIFTY30JAN25F,FINNIFTY,22875.3,8950,22864.8,22871.45,46950,25,50
2025-01-29 09:56:23.811248,FINNIFTY30JAN25F,FINNIFTY,22875.3,8950,22865.3,22871.5,46950,25,50
2025-01-29 09:56:28.262806,FINNIFTY30JAN25F,FINNIFTY,22875.3,8950,22862.75,22868.2,46950,25,50
2025-01-29 09:56:29.573236,FINNIFTY30JAN25F,FINNIFTY,22875.3,8950,22862.75,22869.35,46950,25,50
2025-01-29 09:56:30.982810,FINNIFTY30JAN25F,FINNIFTY,22875.3,8950,22861.55,22868.7,46950,50,50
2025-01-29 09:56:32.305796,FINNIFTY30JAN25F,FINNIFTY,22875.3,8950,22861.55,22868.7,46950,50,50
2025-01-29 09:56:33.628528,FINNIFTY30JAN25F,FINNIFTY,22875.3,8950,22860.45,22867.7,46950,50,175
2025-01-29 09:56:34.977877,FINNIFTY30JAN25F,FINNIFTY,22875.3,8950,22860.7,22867.7,46950,25,50
2025-01-29 09:56:36.308037,FINNIFTY30JAN25F,FINNIFTY,22875.3,8950,22858.6,22865.55,46950,25,75
2025-01-29 09:56:37.973711,FINNIFTY30JAN25F,FINNIFTY,22875.3,8950,22859.8,22868.0,46950,25,175
2025-01-29 09:56:39.330967,FINNIFTY30JAN25F,FINNIFTY,22875.3,8950,22859.5,22867.3,46950,50,50
2025-01-29 09:56:40.731424,FINNIFTY30JAN25F,FINNIFTY,22875.3,8950,22859.5,22867.3,46950,50,50
2025-01-29 09:56:42.045447,FINNIFTY30JAN25F,FINNIFTY,22875.3,8950,22860.25,22866.55,46950,50,125
2025-01-29 09:56:43.385212,FINNIFTY30JAN25F,FINNIFTY,22875.3,8950,22860.4,22866.1,46950,25,25
2025-01-29 09:56:44.687799,FINNIFTY30JAN25F,FINNIFTY,22875.3,8950,22860.25,22865.9,46950,50,50
2025-01-29 09:56:46.005871,FINNIFTY30JAN25F,FINNIFTY,22875.3,8950,22860.25,22864.7,46950,50,300
2025-01-29 09:56:47.340271,FINNIFTY30JAN25F,FINNIFTY,22860.25,8950,22860.25,22864.7,47250,50,300
2025-01-29 09:56:48.669806,FINNIFTY30JAN25F,FINNIFTY,22860.25,9000,22851.75,22859.95,47250,50,75
2025-01-29 09:56:50.001031,FINNIFTY30JAN25F,FINNIFTY,22860.25,9000,22853.75,22861.05,47250,75,50
2025-01-29 09:56:51.355983,FINNIFTY30JAN25F,FINNIFTY,22860.25,9000,22851.45,22859.3,47250,50,100
2025-01-29 09:56:52.897730,FINNIFTY30JAN25F,FINNIFTY,22860.25,9000,22852.95,22860.45,47250,25,50
2025-01-29 09:56:54.251541,FINNIFTY30JAN25F,FINNIFTY,22860.25,9000,22852.95,22860.45,47250,25,50
2025-01-29 09:56:55.581329,FINNIFTY30JAN25F,FINNIFTY,22860.25,9000,22854.45,22861.65,47250,25,50
2025-01-29 09:56:56.902871,FINNIFTY30JAN25F,FINNIFTY,22860.25,9000,22857.2,22864.6,47250,25,50
2025-01-29 09:56:58.231750,FINNIFTY30JAN25F,FINNIFTY,22860.25,9000,22856.2,22863.75,47250,50,225
2025-01-29 09:56:59.547651,FINNIFTY30JAN25F,FINNIFTY,22860.25,9000,22856.55,22862.95,47250,25,50
2025-01-29 09:57:00.886333,FINNIFTY30JAN25F,FINNIFTY,22860.25,9000,22856.55,22862.95,47250,25,50
2025-01-29 09:57:02.213286,FINNIFTY30JAN25F,FINNIFTY,22860.25,9000,22853.75,22861.45,47250,75,50
2025-01-29 09:57:03.600250,FINNIFTY30JAN25F,FINNIFTY,22860.25,9000,22855.1,22861.05,47250,25,50
2025-01-29 09:57:05.452789,FINNIFTY30JAN25F,FINNIFTY,22860.25,9000,22855.6,22862.15,47250,25,125
2025-01-29 09:57:06.789199,FINNIFTY30JAN25F,FINNIFTY,22860.25,9000,22856.0,22863.25,47250,25,50
2025-01-29 09:57:08.105667,FINNIFTY30JAN25F,FINNIFTY,22860.25,9000,22855.8,22862.65,47250,50,50
2025-01-29 09:57:09.422654,FINNIFTY30JAN25F,FINNIFTY,22860.25,9000,22854.55,22862.1,47250,50,175
2025-01-29 09:57:10.830416,FINNIFTY30JAN25F,FINNIFTY,22860.25,9000,22854.55,22862.1,47250,50,175
2025-01-29 09:57:12.166385,FINNIFTY30JAN25F,FINNIFTY,22860.25,9000,22855.3,22862.6,47250,50,50
2025-01-29 09:57:13.519045,FINNIFTY30JAN25F,FINNIFTY,22860.25,9000,22856.8,22863.35,47250,25,50
2025-01-29 09:57:14.852434,FINNIFTY30JAN25F,FINNIFTY,22860.25,9000,22857.85,22864.75,47250,25,75
2025-01-29 09:57:16.178245,FINNIFTY30JAN25F,FINNIFTY,22860.25,9000,22858.15,22865.45,47250,25,50
2025-01-29 09:57:17.518197,FINNIFTY30JAN25F,FINNIFTY,22860.25,9000,22858.15,22865.45,47250,25,50
2025-01-29 09:57:19.021349,FINNIFTY30JAN25F,FINNIFTY,22860.25,9000,22858.9,22865.4,47250,25,50
2025-01-29 09:57:20.381147,FINNIFTY30JAN25F,FINNIFTY,22860.25,9000,22859.1,22866.2,47250,50,50
2025-01-29 09:57:21.694720,FINNIFTY30JAN25F,FINNIFTY,22860.25,9000,22860.55,22868.0,47250,25,50
2025-01-29 09:57:23.033057,FINNIFTY30JAN25F,FINNIFTY,22860.25,9000,22859.8,22866.1,47250,25,125
2025-01-29 09:57:24.642309,FINNIFTY30JAN25F,FINNIFTY,22860.25,9000,22859.8,22866.75,47250,25,50
2025-01-29 09:57:25.994352,FINNIFTY30JAN25F,FINNIFTY,22860.25,9000,22859.45,22867.1,47250,50,50
2025-01-29 09:57:27.312213,FINNIFTY30JAN25F,FINNIFTY,22860.25,9000,22859.45,22867.1,47250,50,50
2025-01-29 09:57:28.640300,FINNIFTY30JAN25F,FINNIFTY,22860.25,9000,22861.15,22868.7,47250,50,50
2025-01-29 09:57:29.953910,FINNIFTY30JAN25F,FINNIFTY,22860.25,9000,22857.7,22865.4,47250,100,50
2025-01-29 09:57:31.297392,FINNIFTY30JAN25F,FINNIFTY,22860.25,9000,22857.8,22864.4,47250,25,50
2025-01-29 09:57:32.629835,FINNIFTY30JAN25F,FINNIFTY,22860.25,9000,22855.4,22862.1,47250,25,50
2025-01-29 09:57:33.974162,FINNIFTY30JAN25F,FINNIFTY,22860.25,9000,22855.4,22862.1,47250,25,50
2025-01-29 09:57:35.388821,FINNIFTY30JAN25F,FINNIFTY,22860.25,9000,22855.5,22862.5,47250,50,50
2025-01-29 09:57:36.706869,FINNIFTY30JAN25F,FINNIFTY,22860.25,9000,22858.9,22865.95,47250,25,50
2025-01-29 09:57:38.037272,FINNIFTY30JAN25F,FINNIFTY,22860.25,9000,22859.7,22866.45,47250,25,125
2025-01-29 09:57:39.485629,FINNIFTY30JAN25F,FINNIFTY,22860.25,9000,22857.65,22865.25,47250,50,175
2025-01-29 09:57:40.844489,FINNIFTY30JAN25F,FINNIFTY,22860.25,9000,22857.65,22865.25,47250,50,175
2025-01-29 09:57:42.171905,FINNIFTY30JAN25F,FINNIFTY,22860.25,9000,22858.15,22865.35,47250,50,100
2025-01-29 09:57:43.534935,FINNIFTY30JAN25F,FINNIFTY,22860.25,9000,22858.15,22864.85,47250,25,125
2025-01-29 09:57:44.938703,FINNIFTY30JAN25F,FINNIFTY,22860.25,9000,22858.95,22865.25,47250,25,50
2025-01-29 09:57:49.403670,FINNIFTY30JAN25F,FINNIFTY,22860.25,9000,22857.9,22865.35,47250,50,50
2025-01-29 09:57:50.734734,FINNIFTY30JAN25F,FINNIFTY,22860.25,9000,22862.55,22868.95,47250,25,25
2025-01-29 09:57:52.086806,FINNIFTY30JAN25F,FINNIFTY,22860.25,9000,22862.55,22868.95,47250,25,25
2025-01-29 09:57:53.431249,FINNIFTY30JAN25F,FINNIFTY,22860.25,9000,22859.95,22866.7,47250,25,75
2025-01-29 09:57:54.789127,FINNIFTY30JAN25F,FINNIFTY,22860.25,9000,22855.65,22864.0,47250,50,50
2025-01-29 09:57:56.205314,FINNIFTY30JAN25F,FINNIFTY,22860.25,9000,22856.7,22864.1,47250,50,125
2025-01-29 09:57:57.546281,FINNIFTY30JAN25F,FINNIFTY,22860.25,9000,22857.35,22864.6,47250,25,300
2025-01-29 09:57:58.900542,FINNIFTY30JAN25F,FINNIFTY,22860.25,9000,22855.85,22863.05,47250,50,50
2025-01-29 09:58:07.056981,FINNIFTY30JAN25F,FINNIFTY,22860.25,9000,22857.55,22863.6,47250,25,225
2025-01-29 09:58:08.782418,FINNIFTY30JAN25F,FINNIFTY,22860.25,9000,22857.6,22864.75,47250,25,150
2025-01-29 09:58:11.829189,FINNIFTY30JAN25F,FINNIFTY,22860.25,9000,22856.15,22863.4,47250,50,175
2025-01-29 09:58:13.187714,FINNIFTY30JAN25F,FINNIFTY,22860.25,9000,22856.85,22863.2,47250,25,50
2025-01-29 09:58:14.536958,FINNIFTY30JAN25F,FINNIFTY,22860.25,9000,22857.25,22864.3,47250,50,50
2025-01-29 09:58:15.893552,FINNIFTY30JAN25F,FINNIFTY,22860.25,9000,22858.15,22865.6,47250,25,100
2025-01-29 09:58:17.213643,FINNIFTY30JAN25F,FINNIFTY,22860.25,9000,22858.15,22865.6,47250,25,100
2025-01-29 09:58:18.584276,FINNIFTY30JAN25F,FINNIFTY,22860.25,9000,22859.05,22865.8,47250,25,50
2025-01-29 09:58:21.478703,FINNIFTY30JAN25F,FINNIFTY,22860.25,9000,22855.7,22863.4,47250,50,50
2025-01-29 09:58:22.805239,FINNIFTY30JAN25F,FINNIFTY,22860.25,9000,22855.85,22862.8,47250,25,50
2025-01-29 09:58:24.218821,FINNIFTY30JAN25F,FINNIFTY,22860.25,9000,22855.85,22862.8,47250,25,175
2025-01-29 09:58:25.566354,FINNIFTY30JAN25F,FINNIFTY,22860.25,9000,22855.85,22862.8,47250,25,175
2025-01-29 09:58:26.973014,FINNIFTY30JAN25F,FINNIFTY,22860.25,9000,22856.4,22863.45,47250,25,275
2025-01-29 09:58:28.310623,FINNIFTY30JAN25F,FINNIFTY,22860.25,9000,22856.45,22862.05,47250,25,50
2025-01-29 09:58:29.656233,FINNIFTY30JAN25F,FINNIFTY,22860.25,9000,22855.2,22862.6,47250,100,125
2025-01-29 09:58:31.038442,FINNIFTY30JAN25F,FINNIFTY,22860.25,9000,22856.95,22864.2,47250,25,225
2025-01-29 09:58:32.404755,FINNIFTY30JAN25F,FINNIFTY,22860.25,9000,22854.15,22861.4,47250,50,125
2025-01-29 09:58:33.738927,FINNIFTY30JAN25F,FINNIFTY,22860.25,9000,22854.15,22861.4,47250,50,125
2025-01-29 09:58:35.169468,FINNIFTY30JAN25F,FINNIFTY,22860.25,9000,22855.1,22862.1,47250,25,50
2025-01-29 09:58:36.529749,FINNIFTY30JAN25F,FINNIFTY,22860.25,9000,22854.2,22862.0,47250,100,50
2025-01-29 09:58:37.896711,FINNIFTY30JAN25F,FINNIFTY,22860.25,9000,22855.05,22862.25,47250,50,50
2025-01-29 09:58:39.237402,FINNIFTY30JAN25F,FINNIFTY,22860.25,9000,22856.1,22863.55,47250,50,175
2025-01-29 09:58:40.635952,FINNIFTY30JAN25F,FINNIFTY,22860.25,9000,22856.1,22863.55,47250,50,175
2025-01-29 09:58:41.997159,FINNIFTY30JAN25F,FINNIFTY,22860.25,9000,22856.35,22863.3,47250,25,50
2025-01-29 09:58:43.320672,FINNIFTY30JAN25F,FINNIFTY,22860.25,9000,22854.7,22861.65,47250,25,50
2025-01-29 09:58:44.668590,FINNIFTY30JAN25F,FINNIFTY,22860.25,9000,22854.75,22860.95,47250,25,50
2025-01-29 09:58:46.151689,FINNIFTY30JAN25F,FINNIFTY,22860.25,9000,22856.7,22863.85,47250,50,50
2025-01-29 09:58:47.496614,FINNIFTY30JAN25F,FINNIFTY,22860.25,9000,22856.8,22863.0,47250,25,50
2025-01-29 09:58:48.990085,FINNIFTY30JAN25F,FINNIFTY,22860.25,9000,22856.85,22864.0,47250,50,100
2025-01-29 09:58:50.328870,FINNIFTY30JAN25F,FINNIFTY,22860.25,9000,22856.85,22864.0,47250,50,100
2025-01-29 09:58:51.666161,FINNIFTY30JAN25F,FINNIFTY,22860.25,9000,22857.7,22864.9,47250,25,325
2025-01-29 09:58:53.002580,FINNIFTY30JAN25F,FINNIFTY,22860.25,9000,22859.25,22866.35,47250,50,25
2025-01-29 09:58:55.367533,FINNIFTY30JAN25F,FINNIFTY,22860.25,9000,22859.25,22866.35,47250,50,25
2025-01-29 09:58:56.774975,FINNIFTY30JAN25F,FINNIFTY,22860.25,9000,22858.1,22865.4,47250,50,50
2025-01-29 09:58:58.126519,FINNIFTY30JAN25F,FINNIFTY,22860.25,9000,22859.3,22866.15,47250,50,50
2025-01-29 09:58:59.466479,FINNIFTY30JAN25F,FINNIFTY,22860.25,9000,22860.75,22866.6,47250,50,25
2025-01-29 09:59:01.248163,FINNIFTY30JAN25F,FINNIFTY,22860.25,9000,22860.75,22866.6,47250,25,25
2025-01-29 09:59:02.609986,FINNIFTY30JAN25F,FINNIFTY,22860.25,9000,22860.75,22866.6,47250,25,25
2025-01-29 09:59:03.946826,FINNIFTY30JAN25F,FINNIFTY,22860.25,9000,22864.15,22869.9,47250,50,25
2025-01-29 09:59:05.328974,FINNIFTY30JAN25F,FINNIFTY,22860.25,9000,22864.15,22869.9,47250,50,25
2025-01-29 09:59:06.676432,FINNIFTY30JAN25F,FINNIFTY,22860.25,9000,22865.6,22869.9,47250,25,25
2025-01-29 09:59:08.036014,FINNIFTY30JAN25F,FINNIFTY,22860.25,9000,22864.6,22869.9,47250,25,25
2025-01-29 09:59:09.404762,FINNIFTY30JAN25F,FINNIFTY,22860.25,9000,22864.2,22871.65,47250,50,50
2025-01-29 09:59:10.773031,FINNIFTY30JAN25F,FINNIFTY,22860.25,9000,22859.2,22866.45,47250,25,75
2025-01-29 09:59:12.206147,FINNIFTY30JAN25F,FINNIFTY,22860.25,9000,22859.2,22866.45,47250,25,75
2025-01-29 09:59:13.703774,FINNIFTY30JAN25F,FINNIFTY,22859.45,9000,22860.85,22866.8,47250,25,175
2025-01-29 09:59:15.013179,FINNIFTY30JAN25F,FINNIFTY,22859.45,9100,22858.7,22866.0,47250,50,125
2025-01-29 09:59:16.336338,FINNIFTY30JAN25F,FINNIFTY,22859.45,9100,22858.75,22864.95,47250,25,25
2025-01-29 09:59:17.699480,FINNIFTY30JAN25F,FINNIFTY,22859.45,9100,22858.8,22865.45,47250,25,25
2025-01-29 09:59:19.298815,FINNIFTY30JAN25F,FINNIFTY,22859.45,9100,22859.25,22866.05,47250,75,25
2025-01-29 09:59:20.669420,FINNIFTY30JAN25F,FINNIFTY,22859.45,9100,22859.6,22866.05,47250,75,25
2025-01-29 09:59:22.022837,FINNIFTY30JAN25F,FINNIFTY,22859.45,9100,22859.6,22866.05,47250,75,25
2025-01-29 09:59:23.351784,FINNIFTY30JAN25F,FINNIFTY,22859.45,9100,22857.75,22865.15,47250,50,25
2025-01-29 09:59:24.694489,FINNIFTY30JAN25F,FINNIFTY,22859.45,9100,22858.9,22865.4,47250,25,25
2025-01-29 09:59:26.015042,FINNIFTY30JAN25F,FINNIFTY,22859.45,9100,22859.05,22864.8,47250,25,25
2025-01-29 09:59:27.360060,FINNIFTY30JAN25F,FINNIFTY,22859.45,9100,22856.45,22863.75,47250,50,25
2025-01-29 09:59:28.720093,FINNIFTY30JAN25F,FINNIFTY,22859.45,9100,22856.45,22863.75,47250,50,25
2025-01-29 09:59:30.032174,FINNIFTY30JAN25F,FINNIFTY,22859.45,9100,22856.2,22862.75,47250,25,50
2025-01-29 09:59:31.352197,FINNIFTY30JAN25F,FINNIFTY,22859.45,9100,22850.0,22858.25,47250,50,25
2025-01-29 09:59:32.697006,FINNIFTY30JAN25F,FINNIFTY,22859.45,9100,22854.25,22860.0,47250,25,25
2025-01-29 09:59:34.083067,FINNIFTY30JAN25F,FINNIFTY,22859.45,9100,22855.55,22862.35,47250,25,25
2025-01-29 09:59:35.428834,FINNIFTY30JAN25F,FINNIFTY,22859.45,9100,22855.55,22862.35,47250,25,25
2025-01-29 09:59:36.808308,FINNIFTY30JAN25F,FINNIFTY,22859.45,9100,22857.3,22862.45,47250,25,25
2025-01-29 09:59:38.256514,FINNIFTY30JAN25F,FINNIFTY,22859.45,9100,22858.4,22865.1,47250,50,50
2025-01-29 09:59:39.768109,FINNIFTY30JAN25F,FINNIFTY,22859.45,9100,22860.3,22865.2,47250,50,25
2025-01-29 09:59:41.542661,FINNIFTY30JAN25F,FINNIFTY,22859.45,9100,22864.0,22867.9,47250,25,25
2025-01-29 09:59:43.063514,FINNIFTY30JAN25F,FINNIFTY,22859.45,9100,22867.6,22873.5,47250,25,25
2025-01-29 09:59:45.649215,FINNIFTY30JAN25F,FINNIFTY,22859.45,9100,22867.55,22873.55,47250,50,25
2025-01-29 09:59:47.140513,FINNIFTY30JAN25F,FINNIFTY,22859.45,9100,22870.15,22875.0,47250,50,25
2025-01-29 09:59:48.996654,FINNIFTY30JAN25F,FINNIFTY,22859.45,9100,22871.65,22875.0,47250,50,25
2025-01-29 09:59:50.551781,FINNIFTY30JAN25F,FINNIFTY,22875.0,9125,22874.55,22879.85,47250,50,25
2025-01-29 09:59:52.126310,FINNIFTY30JAN25F,FINNIFTY,22875.0,9125,22875.05,22879.85,47250,25,25
2025-01-29 09:59:53.997357,FINNIFTY30JAN25F,FINNIFTY,22875.0,9125,22878.15,22879.85,47250,50,25
2025-01-29 09:59:55.445965,FINNIFTY30JAN25F,FINNIFTY,22875.0,9125,22877.5,22882.55,47250,25,25
2025-01-29 09:59:57.160924,FINNIFTY30JAN25F,FINNIFTY,22882.55,9150,22881.8,22889.5,47250,50,50
2025-01-29 09:59:58.652004,FINNIFTY30JAN25F,FINNIFTY,22882.55,9150,22885.45,22890.6,47250,50,25
2025-01-29 10:00:00.212802,FINNIFTY30JAN25F,FINNIFTY,22882.55,9150,22885.45,22890.6,47250,50,25
2025-01-29 10:00:01.650748,FINNIFTY30JAN25F,FINNIFTY,22882.55,9150,22881.95,22888.9,47250,25,25
2025-01-29 10:00:03.292682,FINNIFTY30JAN25F,FINNIFTY,22882.55,9150,22884.05,22890.55,47250,25,25
2025-01-29 10:00:04.794425,FINNIFTY30JAN25F,FINNIFTY,22882.55,9150,22883.4,22890.0,47250,25,25
2025-01-29 10:00:06.434488,FINNIFTY30JAN25F,FINNIFTY,22882.55,9150,22882.1,22888.45,47250,25,25
2025-01-29 10:00:07.864635,FINNIFTY30JAN25F,FINNIFTY,22882.55,9150,22879.6,22887.6,47250,25,50
2025-01-29 10:00:09.198946,FINNIFTY30JAN25F,FINNIFTY,22882.55,9150,22881.0,22887.65,47250,25,25
2025-01-29 10:00:10.694902,FINNIFTY30JAN25F,FINNIFTY,22882.55,9150,22880.95,22887.65,47250,25,25
2025-01-29 10:00:12.113630,FINNIFTY30JAN25F,FINNIFTY,22882.55,9150,22880.95,22887.65,47250,25,25
2025-01-29 10:00:13.482922,FINNIFTY30JAN25F,FINNIFTY,22882.55,9150,22880.95,22887.6,47250,50,25
2025-01-29 10:00:14.871053,FINNIFTY30JAN25F,FINNIFTY,22886.1,9150,22878.1,22886.1,47250,25,50
2025-01-29 10:00:16.185779,FINNIFTY30JAN25F,FINNIFTY,22886.1,9175,22879.65,22887.55,47250,25,50
2025-01-29 10:00:17.511052,FINNIFTY30JAN25F,FINNIFTY,22886.1,9175,22878.95,22887.05,47250,25,50
2025-01-29 10:00:18.835741,FINNIFTY30JAN25F,FINNIFTY,22886.1,9175,22878.95,22887.05,47250,25,50
2025-01-29 10:00:20.174168,FINNIFTY30JAN25F,FINNIFTY,22886.1,9175,22879.4,22887.25,47250,50,125
2025-01-29 10:00:21.533387,FINNIFTY30JAN25F,FINNIFTY,22886.1,9175,22876.4,22885.05,47250,25,75
2025-01-29 10:00:22.838676,FINNIFTY30JAN25F,FINNIFTY,22886.1,9175,22876.85,22884.2,47250,25,50
2025-01-29 10:00:24.263278,FINNIFTY30JAN25F,FINNIFTY,22886.1,9175,22874.2,22881.8,47250,50,175
2025-01-29 10:00:25.596551,FINNIFTY30JAN25F,FINNIFTY,22886.1,9175,22874.2,22881.8,47250,50,175
2025-01-29 10:00:26.938827,FINNIFTY30JAN25F,FINNIFTY,22886.1,9175,22875.15,22881.9,47250,25,125
2025-01-29 10:00:28.249345,FINNIFTY30JAN25F,FINNIFTY,22886.1,9175,22872.95,22880.9,47250,75,50
2025-01-29 10:00:29.574828,FINNIFTY30JAN25F,FINNIFTY,22886.1,9175,22875.4,22882.95,47250,50,125
2025-01-29 10:00:30.899728,FINNIFTY30JAN25F,FINNIFTY,22886.1,9175,22874.4,22882.1,47250,50,125
2025-01-29 10:00:32.248531,FINNIFTY30JAN25F,FINNIFTY,22886.1,9175,22874.4,22882.1,47250,50,125
2025-01-29 10:00:33.593574,FINNIFTY30JAN25F,FINNIFTY,22886.1,9175,22876.6,22883.1,47250,25,25
2025-01-29 10:00:34.908557,FINNIFTY30JAN25F,FINNIFTY,22886.1,9175,22874.4,22881.35,47250,25,50
2025-01-29 10:00:36.258399,FINNIFTY30JAN25F,FINNIFTY,22886.1,9175,22875.7,22883.6,47250,50,75
2025-01-29 10:00:37.629116,FINNIFTY30JAN25F,FINNIFTY,22886.1,9175,22875.7,22882.45,47250,25,125
2025-01-29 10:00:38.995575,FINNIFTY30JAN25F,FINNIFTY,22886.1,9175,22875.7,22882.45,47250,25,125
2025-01-29 10:00:40.323587,FINNIFTY30JAN25F,FINNIFTY,22886.1,9175,22874.6,22882.15,47250,50,50
2025-01-29 10:00:41.662846,FINNIFTY30JAN25F,FINNIFTY,22886.1,9175,22875.65,22883.0,47250,50,50
2025-01-29 10:00:43.158526,FINNIFTY30JAN25F,FINNIFTY,22886.1,9175,22875.7,22882.45,47250,25,50
2025-01-29 10:00:44.557766,FINNIFTY30JAN25F,FINNIFTY,22886.1,9175,22876.2,22883.85,47250,50,125
2025-01-29 10:00:45.908575,FINNIFTY30JAN25F,FINNIFTY,22886.1,9175,22877.35,22883.55,47250,25,125
2025-01-29 10:00:47.276114,FINNIFTY30JAN25F,FINNIFTY,22886.1,9175,22877.35,22883.55,47250,25,125
2025-01-29 10:00:48.632269,FINNIFTY30JAN25F,FINNIFTY,22886.1,9175,22877.35,22883.4,47250,25,50
2025-01-29 10:00:49.975472,FINNIFTY30JAN25F,FINNIFTY,22886.1,9175,22874.65,22882.5,47250,100,125
2025-01-29 10:00:51.633572,FINNIFTY30JAN25F,FINNIFTY,22886.1,9175,22874.75,22880.85,47250,25,50
2025-01-29 10:00:53.746634,FINNIFTY30JAN25F,FINNIFTY,22886.1,9175,22875.75,22882.0,47250,25,50
2025-01-29 10:00:55.082727,FINNIFTY30JAN25F,FINNIFTY,22886.1,9175,22876.45,22883.75,47250,100,250
2025-01-29 10:00:56.556416,FINNIFTY30JAN25F,FINNIFTY,22886.1,9175,22876.8,22883.4,47250,25,375
2025-01-29 10:00:57.916380,FINNIFTY30JAN25F,FINNIFTY,22886.1,9175,22877.05,22883.95,47250,25,175
2025-01-29 10:00:59.328956,FINNIFTY30JAN25F,FINNIFTY,22886.1,9175,22879.05,22886.35,47250,50,75
2025-01-29 10:01:00.629610,FINNIFTY30JAN25F,FINNIFTY,22886.1,9175,22879.05,22886.35,47250,50,75
2025-01-29 10:01:02.017786,FINNIFTY30JAN25F,FINNIFTY,22886.1,9175,22880.05,22887.25,47250,50,125
2025-01-29 10:01:03.447833,FINNIFTY30JAN25F,FINNIFTY,22886.1,9175,22879.1,22886.6,47250,50,50
2025-01-29 10:01:04.895702,FINNIFTY30JAN25F,FINNIFTY,22886.1,9175,22879.95,22885.6,47250,25,75
2025-01-29 10:01:06.211302,FINNIFTY30JAN25F,FINNIFTY,22886.1,9175,22880.2,22886.85,47250,25,50
2025-01-29 10:01:07.570303,FINNIFTY30JAN25F,FINNIFTY,22886.1,9175,22880.2,22886.3,47250,25,25
2025-01-29 10:01:08.899231,FINNIFTY30JAN25F,FINNIFTY,22886.1,9175,22880.2,22886.3,47250,25,25
2025-01-29 10:01:10.265272,FINNIFTY30JAN25F,FINNIFTY,22886.1,9175,22881.4,22888.5,47250,50,50
2025-01-29 10:01:11.607194,FINNIFTY30JAN25F,FINNIFTY,22886.1,9175,22881.45,22886.8,47250,25,50
2025-01-29 10:01:12.946864,FINNIFTY30JAN25F,FINNIFTY,22886.1,9175,22879.5,22885.6,47250,25,50
2025-01-29 10:01:14.310606,FINNIFTY30JAN25F,FINNIFTY,22886.1,9175,22879.5,22885.65,47250,25,250
2025-01-29 10:01:15.708321,FINNIFTY30JAN25F,FINNIFTY,22886.1,9175,22879.5,22885.65,47250,25,250
2025-01-29 10:01:17.028376,FINNIFTY30JAN25F,FINNIFTY,22886.1,9175,22880.3,22886.95,47250,25,50
2025-01-29 10:01:18.379614,FINNIFTY30JAN25F,FINNIFTY,22886.1,9175,22878.4,22885.75,47250,50,50
2025-01-29 10:01:19.708422,FINNIFTY30JAN25F,FINNIFTY,22886.1,9175,22879.9,22886.55,47250,25,50
2025-01-29 10:01:21.036449,FINNIFTY30JAN25F,FINNIFTY,22886.1,9175,22880.0,22884.1,47250,50,175
2025-01-29 10:01:22.366743,FINNIFTY30JAN25F,FINNIFTY,22886.1,9175,22880.6,22887.35,47250,25,50
2025-01-29 10:01:23.759315,FINNIFTY30JAN25F,FINNIFTY,22886.1,9175,22880.6,22887.35,47250,25,50
2025-01-29 10:01:25.095091,FINNIFTY30JAN25F,FINNIFTY,22886.1,9175,22880.8,22885.8,47250,25,50
2025-01-29 10:01:26.455470,FINNIFTY30JAN25F,FINNIFTY,22886.1,9175,22880.0,22885.85,47250,50,50
2025-01-29 10:01:27.813924,FINNIFTY30JAN25F,FINNIFTY,22886.1,9175,22880.0,22886.3,47250,50,125
2025-01-29 10:01:29.149737,FINNIFTY30JAN25F,FINNIFTY,22886.1,9175,22880.0,22884.9,47250,50,50
2025-01-29 10:01:30.474949,FINNIFTY30JAN25F,FINNIFTY,22886.1,9175,22880.0,22884.9,47250,50,50
2025-01-29 10:01:31.825789,FINNIFTY30JAN25F,FINNIFTY,22886.1,9175,22880.05,22885.8,47250,25,50
2025-01-29 10:01:34.156942,FINNIFTY30JAN25F,FINNIFTY,22886.1,9175,22880.0,22884.6,47250,50,50
2025-01-29 10:01:35.492168,FINNIFTY30JAN25F,FINNIFTY,22886.1,9175,22880.0,22884.6,47250,50,50
2025-01-29 10:01:36.870201,FINNIFTY30JAN25F,FINNIFTY,22886.1,9175,22880.1,22886.65,47250,75,50
2025-01-29 10:01:38.253722,FINNIFTY30JAN25F,FINNIFTY,22886.1,9175,22881.45,22888.2,47250,25,50
2025-01-29 10:01:39.580390,FINNIFTY30JAN25F,FINNIFTY,22886.1,9175,22883.65,22890.45,47250,25,50
2025-01-29 10:01:40.930744,FINNIFTY30JAN25F,FINNIFTY,22888.4,9375,22881.95,22888.5,47175,25,125
2025-01-29 10:01:42.278077,FINNIFTY30JAN25F,FINNIFTY,22888.4,9375,22881.95,22888.5,47175,25,125
2025-01-29 10:01:43.622124,FINNIFTY30JAN25F,FINNIFTY,22888.4,9375,22880.35,22887.55,47175,50,125
2025-01-29 10:01:44.948487,FINNIFTY30JAN25F,FINNIFTY,22888.4,9375,22882.8,22890.15,47175,50,25
2025-01-29 10:01:46.256741,FINNIFTY30JAN25F,FINNIFTY,22888.4,9375,22884.15,22890.6,47175,100,50
2025-01-29 10:01:47.585433,FINNIFTY30JAN25F,FINNIFTY,22888.4,9375,22885.95,22890.6,47175,50,25
2025-01-29 10:01:48.900616,FINNIFTY30JAN25F,FINNIFTY,22888.4,9375,22885.95,22890.6,47175,50,25
2025-01-29 10:01:50.308339,FINNIFTY30JAN25F,FINNIFTY,22888.4,9375,22883.8,22890.6,47175,50,50
2025-01-29 10:01:51.650923,FINNIFTY30JAN25F,FINNIFTY,22888.4,9375,22884.15,22890.6,47175,50,50
2025-01-29 10:01:53.019605,FINNIFTY30JAN25F,FINNIFTY,22888.4,9375,22884.35,22889.65,47175,25,75
2025-01-29 10:01:54.365612,FINNIFTY30JAN25F,FINNIFTY,22888.4,9375,22882.9,22889.8,47175,50,125
2025-01-29 10:01:55.713209,FINNIFTY30JAN25F,FINNIFTY,22888.4,9375,22882.9,22889.8,47175,50,125
2025-01-29 10:01:57.056002,FINNIFTY30JAN25F,FINNIFTY,22888.4,9375,22883.95,22890.6,47175,25,50
2025-01-29 10:01:58.381934,FINNIFTY30JAN25F,FINNIFTY,22884.25,9375,22886.3,22890.6,47175,25,25
2025-01-29 10:01:59.817033,FINNIFTY30JAN25F,FINNIFTY,22884.25,9550,22887.35,22890.6,47175,50,25
2025-01-29 10:02:01.152721,FINNIFTY30JAN25F,FINNIFTY,22884.25,9550,22887.5,22890.6,47175,50,25
2025-01-29 10:02:02.787100,FINNIFTY30JAN25F,FINNIFTY,22884.25,9550,22887.75,22890.6,47175,50,25
2025-01-29 10:02:04.137516,FINNIFTY30JAN25F,FINNIFTY,22884.25,9550,22886.35,22890.6,47175,25,25
2025-01-29 10:02:05.495097,FINNIFTY30JAN25F,FINNIFTY,22884.25,9550,22886.35,22890.6,47175,25,25
2025-01-29 10:02:06.809437,FINNIFTY30JAN25F,FINNIFTY,22890.6,9550,22888.55,22890.6,47175,50,25
2025-01-29 10:02:08.139263,FINNIFTY30JAN25F,FINNIFTY,22890.6,9575,22895.3,22899.0,47175,25,100
2025-01-29 10:02:09.476570,FINNIFTY30JAN25F,FINNIFTY,22899.95,9700,22898.9,22906.55,47175,25,50
2025-01-29 10:02:10.836989,FINNIFTY30JAN25F,FINNIFTY,22896.95,9775,22889.75,22896.95,47175,25,25
2025-01-29 10:02:12.176958,FINNIFTY30JAN25F,FINNIFTY,22896.95,9775,22889.75,22896.95,47175,25,25
2025-01-29 10:02:13.508754,FINNIFTY30JAN25F,FINNIFTY,22896.95,9775,22891.05,22897.8,47175,50,25
2025-01-29 10:02:14.836822,FINNIFTY30JAN25F,FINNIFTY,22896.95,9775,22894.15,22901.45,47175,25,25
2025-01-29 10:02:16.206884,FINNIFTY30JAN25F,FINNIFTY,22896.95,9775,22892.85,22900.2,47175,250,25
2025-01-29 10:02:17.663201,FINNIFTY30JAN25F,FINNIFTY,22896.95,9775,22894.2,22901.0,47175,25,25
2025-01-29 10:02:19.016343,FINNIFTY30JAN25F,FINNIFTY,22896.95,9775,22894.2,22901.0,47175,25,25
2025-01-29 10:02:20.359037,FINNIFTY30JAN25F,FINNIFTY,22896.95,9775,22892.4,22899.85,47175,25,75
2025-01-29 10:02:21.694347,FINNIFTY30JAN25F,FINNIFTY,22896.95,9775,22890.1,22898.1,47175,100,75
2025-01-29 10:02:23.016167,FINNIFTY30JAN25F,FINNIFTY,22896.95,9775,22889.5,22898.0,47175,25,75
2025-01-29 10:02:24.343841,FINNIFTY30JAN25F,FINNIFTY,22896.95,9775,22889.7,22897.9,47175,250,75
2025-01-29 10:02:25.703007,FINNIFTY30JAN25F,FINNIFTY,22896.95,9775,22889.7,22897.9,47175,250,75
2025-01-29 10:02:27.042174,FINNIFTY30JAN25F,FINNIFTY,22896.95,9775,22887.5,22895.7,47175,25,75
2025-01-29 10:02:28.390315,FINNIFTY30JAN25F,FINNIFTY,22896.95,9775,22887.85,22895.65,47175,25,75
2025-01-29 10:02:29.722436,FINNIFTY30JAN25F,FINNIFTY,22896.95,9775,22889.85,22896.1,47175,25,25
2025-01-29 10:02:31.066842,FINNIFTY30JAN25F,FINNIFTY,22896.95,9775,22890.95,22899.35,47175,25,75
2025-01-29 10:02:32.418362,FINNIFTY30JAN25F,FINNIFTY,22896.95,9775,22890.95,22899.35,47175,25,75
2025-01-29 10:02:33.793480,FINNIFTY30JAN25F,FINNIFTY,22896.95,9775,22888.7,22897.3,47175,25,25
2025-01-29 10:02:35.129424,FINNIFTY30JAN25F,FINNIFTY,22896.95,9775,22888.45,22896.45,47175,250,75
2025-01-29 10:02:36.496115,FINNIFTY30JAN25F,FINNIFTY,22896.95,9775,22888.45,22896.45,47175,25,75
2025-01-29 10:02:37.831589,FINNIFTY30JAN25F,FINNIFTY,22896.95,9775,22888.1,22896.35,47175,25,75
2025-01-29 10:02:39.170771,FINNIFTY30JAN25F,FINNIFTY,22896.95,9775,22888.1,22896.35,47175,25,75
2025-01-29 10:02:40.504839,FINNIFTY30JAN25F,FINNIFTY,22896.95,9775,22892.0,22899.65,47175,25,75
2025-01-29 10:02:41.841616,FINNIFTY30JAN25F,FINNIFTY,22896.95,9775,22892.75,22900.55,47175,25,75
2025-01-29 10:02:43.156723,FINNIFTY30JAN25F,FINNIFTY,22896.95,9775,22892.4,22899.6,47175,25,75
2025-01-29 10:02:44.482980,FINNIFTY30JAN25F,FINNIFTY,22896.95,9775,22891.65,22898.8,47175,25,75
2025-01-29 10:02:45.813365,FINNIFTY30JAN25F,FINNIFTY,22896.95,9775,22891.65,22898.8,47175,25,75
2025-01-29 10:02:47.149746,FINNIFTY30JAN25F,FINNIFTY,22896.95,9775,22893.5,22901.05,47175,25,25
2025-01-29 10:02:48.462633,FINNIFTY30JAN25F,FINNIFTY,22896.95,9775,22891.4,22899.5,47175,250,100
2025-01-29 10:02:49.806432,FINNIFTY30JAN25F,FINNIFTY,22896.95,9775,22890.55,22897.5,47175,25,75
2025-01-29 10:02:51.172314,FINNIFTY30JAN25F,FINNIFTY,22896.95,9775,22892.2,22897.5,47175,25,25
2025-01-29 10:02:52.508232,FINNIFTY30JAN25F,FINNIFTY,22896.95,9775,22889.9,22897.45,47175,25,75
2025-01-29 10:02:53.835398,FINNIFTY30JAN25F,FINNIFTY,22896.95,9775,22889.9,22897.45,47175,25,75
2025-01-29 10:02:55.152274,FINNIFTY30JAN25F,FINNIFTY,22896.95,9775,22891.35,22897.45,47175,25,25
2025-01-29 10:02:56.509202,FINNIFTY30JAN25F,FINNIFTY,22896.95,9775,22892.2,22899.95,47175,25,25
2025-01-29 10:02:57.871190,FINNIFTY30JAN25F,FINNIFTY,22896.95,9775,22890.75,22898.1,47175,75,50
2025-01-29 10:02:59.231477,FINNIFTY30JAN25F,FINNIFTY,22896.95,9775,22890.75,22898.1,47175,75,50
2025-01-29 10:03:00.610244,FINNIFTY30JAN25F,FINNIFTY,22896.95,9775,22889.7,22897.9,47175,25,75
2025-01-29 10:03:01.980806,FINNIFTY30JAN25F,FINNIFTY,22896.95,9775,22885.9,22893.85,47175,25,50
2025-01-29 10:03:03.343915,FINNIFTY30JAN25F,FINNIFTY,22884.3,9800,22883.25,22890.1,47175,250,50
2025-01-29 10:03:04.665313,FINNIFTY30JAN25F,FINNIFTY,22884.3,9800,22883.15,22890.1,47175,25,50
2025-01-29 10:03:05.989558,FINNIFTY30JAN25F,FINNIFTY,22884.3,9800,22884.0,22891.3,47175,25,50
2025-01-29 10:03:07.314739,FINNIFTY30JAN25F,FINNIFTY,22884.3,9800,22884.0,22891.3,47175,25,50
2025-01-29 10:03:08.650073,FINNIFTY30JAN25F,FINNIFTY,22884.3,9800,22882.3,22890.05,47175,250,50
2025-01-29 10:03:10.104501,FINNIFTY30JAN25F,FINNIFTY,22884.3,9800,22881.1,22888.15,47175,25,50
2025-01-29 10:03:11.445103,FINNIFTY30JAN25F,FINNIFTY,22884.3,9800,22880.05,22887.45,47175,25,50
2025-01-29 10:03:12.826807,FINNIFTY30JAN25F,FINNIFTY,22884.3,9800,22880.05,22887.0,47175,25,50
2025-01-29 10:03:14.149241,FINNIFTY30JAN25F,FINNIFTY,22884.3,9800,22880.05,22887.0,47175,25,50
2025-01-29 10:03:15.477030,FINNIFTY30JAN25F,FINNIFTY,22884.3,9800,22880.05,22886.65,47175,25,25
2025-01-29 10:03:16.801342,FINNIFTY30JAN25F,FINNIFTY,22884.3,9800,22882.5,22889.35,47175,25,25
2025-01-29 10:03:18.160884,FINNIFTY30JAN25F,FINNIFTY,22884.3,9800,22882.55,22889.2,47175,25,25
