timestamp,symbol,index_name,ltp,volume,bid,ask,oi,bid_qty,ask_qty
2025-01-29 09:29:10.266040,NIFTY30JAN25F,NIFTY,23009.65,370000,23007.3,23012.5,8961275,150,75
2025-01-29 09:29:11.642142,NIFTY30JAN25F,NIFTY,23006.15,370250,23006.15,23007.3,8961275,25,50
2025-01-29 09:29:13.129067,NIFTY30JAN25F,NIFTY,23005.8,370975,23005.6,23011.2,8961275,25,75
2025-01-29 09:29:14.528831,NIFTY30JAN25F,NIFTY,23005.2,371025,23005.9,23007.3,8961275,125,25
2025-01-29 09:29:15.894015,NIFTY30JAN25F,NIFTY,23005.95,371025,23005.9,23007.3,8961275,125,25
2025-01-29 09:29:17.212065,NIFTY30JAN25F,NIFTY,23005.85,371175,23006.3,23010.0,8961275,25,1775
2025-01-29 09:29:18.532619,NIFTY30JAN25F,NIFTY,23005.5,371625,23005.5,23010.0,8961275,25,1750
2025-01-29 09:29:19.954772,NIFTY30JAN25F,NIFTY,23005.2,371700,23005.45,23009.65,8961275,100,25
2025-01-29 09:29:21.298783,NIFTY30JAN25F,NIFTY,23010.0,371950,23007.9,23009.65,8961275,50,25
2025-01-29 09:29:22.697704,NIFTY30JAN25F,NIFTY,23005.9,371950,23007.9,23009.65,8961275,50,25
2025-01-29 09:29:24.005017,NIFTY30JAN25F,NIFTY,23006.4,373325,23006.25,23009.9,8961275,350,675
2025-01-29 09:29:25.333736,NIFTY30JAN25F,NIFTY,23009.7,374650,23008.5,23009.9,8961275,125,675
2025-01-29 09:29:26.918080,NIFTY30JAN25F,NIFTY,23009.9,375525,23009.45,23009.9,8961275,225,150
2025-01-29 09:29:28.241724,NIFTY30JAN25F,NIFTY,23012.2,379025,23011.05,23012.2,8961275,25,50
2025-01-29 09:29:29.589323,NIFTY30JAN25F,NIFTY,23012.2,379225,23009.9,23012.35,8961275,250,25
2025-01-29 09:29:30.998687,NIFTY30JAN25F,NIFTY,23009.9,379225,23009.9,23012.35,8961275,250,25
2025-01-29 09:29:32.297880,NIFTY30JAN25F,NIFTY,23009.35,379500,23009.9,23012.35,8961275,25,25
2025-01-29 09:29:33.704923,NIFTY30JAN25F,NIFTY,23009.4,379850,23009.85,23012.35,8961275,50,200
2025-01-29 09:29:35.110712,NIFTY30JAN25F,NIFTY,23009.8,380350,23010.0,23012.0,8961275,250,25
2025-01-29 09:29:36.419023,NIFTY30JAN25F,NIFTY,23011.3,381050,23011.35,23012.0,8961275,250,50
2025-01-29 09:29:37.833956,NIFTY30JAN25F,NIFTY,23014.8,381825,23011.05,23014.8,8961275,25,300
2025-01-29 09:29:39.195638,NIFTY30JAN25F,NIFTY,23011.75,381825,23011.05,23014.8,8961275,25,300
2025-01-29 09:29:40.538309,NIFTY30JAN25F,NIFTY,23013.8,382850,23013.2,23014.8,8961275,125,475
2025-01-29 09:29:41.881924,NIFTY30JAN25F,NIFTY,23014.75,384600,23014.2,23014.8,8961275,50,50
2025-01-29 09:29:43.220497,NIFTY30JAN25F,NIFTY,23013.6,384975,23013.55,23014.75,8961275,25,50
2025-01-29 09:29:44.541437,NIFTY30JAN25F,NIFTY,23013.0,386750,23013.05,23013.55,8961275,50,25
2025-01-29 09:29:46.091346,NIFTY30JAN25F,NIFTY,23013.55,386750,23013.05,23013.55,8961275,50,25
2025-01-29 09:29:47.417494,NIFTY30JAN25F,NIFTY,23015.35,386875,23015.65,23017.8,8961275,25,275
2025-01-29 09:29:48.797827,NIFTY30JAN25F,NIFTY,23017.75,387025,23013.3,23017.75,8961275,50,200
2025-01-29 09:29:50.155475,NIFTY30JAN25F,NIFTY,23011.75,387825,23012.35,23017.65,8961275,275,175
2025-01-29 09:29:51.627761,NIFTY30JAN25F,NIFTY,23014.8,388350,23014.85,23017.65,8961275,50,175
2025-01-29 09:29:53.011098,NIFTY30JAN25F,NIFTY,23014.85,388625,23015.0,23017.0,8961275,25,450
2025-01-29 09:29:54.408838,NIFTY30JAN25F,NIFTY,23013.95,388625,23015.0,23017.0,8961275,25,450
2025-01-29 09:29:55.735925,NIFTY30JAN25F,NIFTY,23016.1,389100,23014.9,23016.95,8961275,50,125
2025-01-29 09:29:57.377036,NIFTY30JAN25F,NIFTY,23016.9,390125,23015.95,23016.95,8961275,25,100
2025-01-29 09:29:58.698452,NIFTY30JAN25F,NIFTY,23014.75,391675,23014.75,23015.15,8961275,25,25
2025-01-29 09:30:00.057354,NIFTY30JAN25F,NIFTY,23016.9,392500,23014.85,23017.8,8961275,25,225
2025-01-29 09:30:01.497325,NIFTY30JAN25F,NIFTY,23017.8,392875,23012.35,23017.75,8961275,75,250
2025-01-29 09:30:02.886614,NIFTY30JAN25F,NIFTY,23012.0,393325,23011.5,23012.0,8961275,50,875
2025-01-29 09:30:04.832914,NIFTY30JAN25F,NIFTY,23011.85,394275,23011.35,23012.0,8961275,50,275
2025-01-29 09:30:06.422889,NIFTY30JAN25F,NIFTY,23011.0,395425,23010.6,23011.95,8961275,25,75
2025-01-29 09:30:08.183529,NIFTY30JAN25F,NIFTY,23008.1,395775,23009.8,23013.0,8961275,25,175
2025-01-29 09:30:10.174395,NIFTY30JAN25F,NIFTY,23006.9,396525,23005.75,23011.6,8961275,25,275
2025-01-29 09:30:11.932634,NIFTY30JAN25F,NIFTY,23010.05,398275,23010.1,23011.55,8961275,125,100
2025-01-29 09:30:13.330674,NIFTY30JAN25F,NIFTY,23012.25,398625,23012.45,23017.0,8961275,150,950
2025-01-29 09:30:14.864607,NIFTY30JAN25F,NIFTY,23017.0,399200,23016.8,23017.0,8961275,100,750
2025-01-29 09:30:16.234978,NIFTY30JAN25F,NIFTY,23019.0,399200,23016.8,23017.0,8961275,100,750
2025-01-29 09:30:17.617124,NIFTY30JAN25F,NIFTY,23015.95,401550,23016.05,23022.1,8961275,100,150
2025-01-29 09:30:19.402938,NIFTY30JAN25F,NIFTY,23017.85,402025,23012.8,23018.55,8961275,275,175
2025-01-29 09:30:20.960822,NIFTY30JAN25F,NIFTY,23010.5,402175,23010.75,23016.85,8961275,50,225
2025-01-29 09:30:22.328550,NIFTY30JAN25F,NIFTY,23014.4,402450,23010.0,23014.7,8961275,50,175
2025-01-29 09:30:23.655184,NIFTY30JAN25F,NIFTY,23014.7,402800,23012.35,23014.7,8961275,225,100
2025-01-29 09:30:24.989906,NIFTY30JAN25F,NIFTY,23019.95,403300,23014.65,23019.85,8961275,100,375
2025-01-29 09:30:26.309208,NIFTY30JAN25F,NIFTY,23016.3,403650,23016.2,23020.0,8961275,175,400
2025-01-29 09:30:27.666963,NIFTY30JAN25F,NIFTY,23020.0,403650,23016.2,23020.0,8961275,175,400
2025-01-29 09:30:28.971845,NIFTY30JAN25F,NIFTY,23017.9,404200,23012.95,23018.3,8961275,50,150
2025-01-29 09:30:30.285770,NIFTY30JAN25F,NIFTY,23012.45,404325,23015.05,23018.0,8961275,25,275
2025-01-29 09:30:31.600843,NIFTY30JAN25F,NIFTY,23014.5,404550,23015.0,23018.3,8961275,50,375
2025-01-29 09:30:32.919589,NIFTY30JAN25F,NIFTY,23015.3,404875,23015.3,23020.0,8961275,25,550
2025-01-29 09:30:34.236791,NIFTY30JAN25F,NIFTY,23015.15,404875,23015.3,23020.0,8961275,25,550
2025-01-29 09:30:35.567083,NIFTY30JAN25F,NIFTY,23015.15,405000,23015.15,23019.65,8961275,325,375
2025-01-29 09:30:36.926218,NIFTY30JAN25F,NIFTY,23015.15,405225,23015.15,23019.9,8961275,100,525
2025-01-29 09:30:38.253819,NIFTY30JAN25F,NIFTY,23014.2,405675,23014.2,23019.85,8961275,275,150
2025-01-29 09:30:39.583203,NIFTY30JAN25F,NIFTY,23015.3,406400,23014.0,23015.3,8961275,125,1275
2025-01-29 09:30:40.903780,NIFTY30JAN25F,NIFTY,23015.3,406400,23014.0,23015.3,8961275,125,1275
2025-01-29 09:30:42.237470,NIFTY30JAN25F,NIFTY,23019.85,408000,23014.6,23019.8,8961275,25,375
2025-01-29 09:30:43.578284,NIFTY30JAN25F,NIFTY,23015.55,410125,23015.6,23021.75,8961275,125,300
2025-01-29 09:30:44.919894,NIFTY30JAN25F,NIFTY,23020.85,414600,23015.5,23021.3,8961275,25,100
2025-01-29 09:30:46.280258,NIFTY30JAN25F,NIFTY,23016.1,414600,23015.5,23021.3,8961275,25,100
2025-01-29 09:30:47.617078,NIFTY30JAN25F,NIFTY,23014.7,416000,23016.1,23022.2,8961275,25,100
2025-01-29 09:30:48.946725,NIFTY30JAN25F,NIFTY,23020.35,416125,23015.45,23021.1,8961275,25,150
2025-01-29 09:30:50.274374,NIFTY30JAN25F,NIFTY,23019.25,417550,23015.4,23019.9,8961275,25,150
2025-01-29 09:30:51.634910,NIFTY30JAN25F,NIFTY,23015.0,418450,23015.05,23019.6,8961275,50,125
2025-01-29 09:30:52.943838,NIFTY30JAN25F,NIFTY,23019.35,418450,23015.05,23019.6,8961275,50,125
2025-01-29 09:30:54.259379,NIFTY30JAN25F,NIFTY,23019.45,418550,23015.1,23019.5,8961275,25,300
2025-01-29 09:30:55.583472,NIFTY30JAN25F,NIFTY,23019.45,418800,23015.75,23019.45,8961275,25,275
2025-01-29 09:30:56.928539,NIFTY30JAN25F,NIFTY,23019.25,418950,23016.65,23019.4,8961275,25,175
2025-01-29 09:30:58.251139,NIFTY30JAN25F,NIFTY,23017.65,419125,23017.25,23022.15,8961275,50,250
2025-01-29 09:30:59.568713,NIFTY30JAN25F,NIFTY,23018.35,419475,23018.3,23023.0,8961275,50,375
2025-01-29 09:31:00.886549,NIFTY30JAN25F,NIFTY,23021.0,419475,23018.3,23023.0,8943900,50,375
2025-01-29 09:31:02.211430,NIFTY30JAN25F,NIFTY,23023.25,429425,23018.8,23025.0,8943900,50,225
2025-01-29 09:31:03.543345,NIFTY30JAN25F,NIFTY,23016.9,430075,23018.05,23023.5,8943900,25,75
2025-01-29 09:31:04.901540,NIFTY30JAN25F,NIFTY,23017.2,430475,23017.9,23022.4,8943900,25,150
2025-01-29 09:31:06.207176,NIFTY30JAN25F,NIFTY,23017.95,430475,23017.9,23022.4,8943900,25,150
2025-01-29 09:31:07.539806,NIFTY30JAN25F,NIFTY,23018.1,430800,23018.25,23024.05,8943900,25,200
2025-01-29 09:31:08.929757,NIFTY30JAN25F,NIFTY,23018.5,431150,23018.6,23022.0,8943900,25,400
2025-01-29 09:31:10.263536,NIFTY30JAN25F,NIFTY,23020.0,432325,23020.7,23024.0,8943900,125,25
2025-01-29 09:31:11.599012,NIFTY30JAN25F,NIFTY,23019.75,433425,23020.3,23024.0,8943900,25,25
2025-01-29 09:31:12.929385,NIFTY30JAN25F,NIFTY,23021.35,433425,23020.3,23024.0,8943900,25,25
2025-01-29 09:31:14.255133,NIFTY30JAN25F,NIFTY,23021.65,435075,23021.85,23027.5,8943900,25,25
2025-01-29 09:31:15.561126,NIFTY30JAN25F,NIFTY,23035.0,437575,23028.6,23031.95,8943900,875,150
2025-01-29 09:31:16.928513,NIFTY30JAN25F,NIFTY,23029.05,441000,23029.1,23034.65,8943900,50,150
2025-01-29 09:31:18.258339,NIFTY30JAN25F,NIFTY,23027.95,444975,23026.95,23031.5,8943900,50,75
2025-01-29 09:31:19.580938,NIFTY30JAN25F,NIFTY,23028.7,445475,23028.7,23034.0,8943900,75,350
2025-01-29 09:31:21.833968,NIFTY30JAN25F,NIFTY,23030.6,445900,23030.35,23034.5,8943900,25,75
2025-01-29 09:31:23.193488,NIFTY30JAN25F,NIFTY,23030.25,446375,23030.9,23034.0,8943900,50,25
2025-01-29 09:31:24.532655,NIFTY30JAN25F,NIFTY,23030.0,446375,23030.9,23034.0,8943900,50,25
2025-01-29 09:31:27.206952,NIFTY30JAN25F,NIFTY,23031.15,448300,23031.55,23034.0,8943900,25,100
2025-01-29 09:31:28.649494,NIFTY30JAN25F,NIFTY,23035.0,449000,23033.0,23033.95,8943900,25,25
2025-01-29 09:31:30.144302,NIFTY30JAN25F,NIFTY,23030.75,450025,23030.95,23036.95,8943900,25,225
2025-01-29 09:31:31.542990,NIFTY30JAN25F,NIFTY,23034.4,451475,23034.3,23040.0,8943900,25,225
2025-01-29 09:31:33.171907,NIFTY30JAN25F,NIFTY,23033.65,452675,23033.75,23039.3,8943900,25,150
2025-01-29 09:31:34.628562,NIFTY30JAN25F,NIFTY,23032.0,453000,23032.95,23038.0,8943900,275,25
2025-01-29 09:31:36.022792,NIFTY30JAN25F,NIFTY,23035.15,453000,23032.95,23038.0,8943900,275,25
2025-01-29 09:31:37.517413,NIFTY30JAN25F,NIFTY,23036.85,456100,23036.45,23042.5,8943900,25,200
2025-01-29 09:31:38.830902,NIFTY30JAN25F,NIFTY,23046.0,456500,23037.65,23044.15,8943900,25,100
2025-01-29 09:31:40.215674,NIFTY30JAN25F,NIFTY,23039.3,457525,23039.05,23044.65,8943900,25,100
2025-01-29 09:31:41.543088,NIFTY30JAN25F,NIFTY,23040.9,457825,23041.45,23043.0,8943900,25,700
2025-01-29 09:31:42.873826,NIFTY30JAN25F,NIFTY,23041.15,458000,23039.1,23043.0,8943900,25,750
2025-01-29 09:31:44.336276,NIFTY30JAN25F,NIFTY,23037.85,458000,23039.1,23043.0,8943900,25,750
2025-01-29 09:31:45.669254,NIFTY30JAN25F,NIFTY,23042.4,458250,23038.2,23042.8,8943900,25,250
2025-01-29 09:31:47.036891,NIFTY30JAN25F,NIFTY,23042.8,458600,23038.65,23042.8,8943900,25,375
2025-01-29 09:31:48.403323,NIFTY30JAN25F,NIFTY,23037.2,458775,23036.9,23042.15,8943900,50,150
2025-01-29 09:31:49.726587,NIFTY30JAN25F,NIFTY,23040.9,459500,23036.85,23042.0,8943900,25,300
2025-01-29 09:31:51.595288,NIFTY30JAN25F,NIFTY,23036.3,461600,23035.85,23036.9,8943900,100,750
2025-01-29 09:31:52.911839,NIFTY30JAN25F,NIFTY,23035.45,461925,23034.8,23036.9,8943900,150,625
2025-01-29 09:31:54.244707,NIFTY30JAN25F,NIFTY,23034.55,461925,23034.8,23036.9,8943900,150,625
2025-01-29 09:31:55.583871,NIFTY30JAN25F,NIFTY,23039.45,462125,23034.4,23035.85,8943900,250,3000
2025-01-29 09:31:56.913472,NIFTY30JAN25F,NIFTY,23034.3,466600,23034.4,23035.8,8943900,25,150
2025-01-29 09:31:58.253496,NIFTY30JAN25F,NIFTY,23034.85,466925,23034.85,23035.7,8943900,125,100
2025-01-29 09:31:59.563271,NIFTY30JAN25F,NIFTY,23035.65,466925,23034.85,23035.7,8943900,125,100
2025-01-29 09:32:00.893358,NIFTY30JAN25F,NIFTY,23034.85,467575,23038.1,23039.0,8943900,25,250
2025-01-29 09:32:02.319574,NIFTY30JAN25F,NIFTY,23036.9,468150,23038.45,23039.0,8943900,25,150
2025-01-29 09:32:03.721882,NIFTY30JAN25F,NIFTY,23033.55,468900,23032.4,23036.15,8943900,125,25
2025-01-29 09:32:05.059152,NIFTY30JAN25F,NIFTY,23033.0,469275,23034.65,23040.85,8943900,125,125
2025-01-29 09:32:06.417768,NIFTY30JAN25F,NIFTY,23033.3,469525,23033.05,23038.2,8943900,125,150
2025-01-29 09:32:07.748844,NIFTY30JAN25F,NIFTY,23035.0,469525,23033.05,23038.2,8943900,125,150
2025-01-29 09:32:09.133381,NIFTY30JAN25F,NIFTY,23031.9,469925,23031.85,23036.95,8943900,75,275
2025-01-29 09:32:10.483328,NIFTY30JAN25F,NIFTY,23036.75,471000,23032.0,23036.85,8943900,25,275
2025-01-29 09:32:11.796538,NIFTY30JAN25F,NIFTY,23032.9,471350,23030.0,23033.3,8943900,25,150
2025-01-29 09:32:13.121722,NIFTY30JAN25F,NIFTY,23028.0,471575,23027.0,23031.95,8943900,25,75
2025-01-29 09:32:14.649812,NIFTY30JAN25F,NIFTY,23031.95,471575,23027.0,23031.95,8943900,25,75
2025-01-29 09:32:15.963479,NIFTY30JAN25F,NIFTY,23031.8,473425,23026.95,23031.8,8943900,75,250
2025-01-29 09:32:17.263472,NIFTY30JAN25F,NIFTY,23024.5,473575,23024.45,23029.9,8943900,275,150
2025-01-29 09:32:18.603666,NIFTY30JAN25F,NIFTY,23028.2,473775,23023.1,23028.2,8943900,350,150
2025-01-29 09:32:19.936234,NIFTY30JAN25F,NIFTY,23022.15,473975,23022.15,23027.05,8943900,25,150
2025-01-29 09:32:21.742198,NIFTY30JAN25F,NIFTY,23027.05,474250,23022.05,23027.05,8943900,25,275
2025-01-29 09:32:23.069531,NIFTY30JAN25F,NIFTY,23022.15,475050,23022.05,23026.95,8943900,250,50
2025-01-29 09:32:24.673244,NIFTY30JAN25F,NIFTY,23025.65,475300,23025.7,23031.05,8943900,50,150
2025-01-29 09:32:26.014955,NIFTY30JAN25F,NIFTY,23025.65,475300,23025.7,23031.05,8943900,50,150
2025-01-29 09:32:27.333401,NIFTY30JAN25F,NIFTY,23028.8,475450,23029.05,23034.95,8943900,200,100
2025-01-29 09:32:28.669497,NIFTY30JAN25F,NIFTY,23027.25,475650,23026.7,23032.05,8943900,50,150
2025-01-29 09:32:30.013931,NIFTY30JAN25F,NIFTY,23027.1,476175,23027.1,23032.05,8943900,100,200
2025-01-29 09:32:31.364670,NIFTY30JAN25F,NIFTY,23024.35,476350,23023.9,23028.75,8943900,25,150
2025-01-29 09:32:32.733164,NIFTY30JAN25F,NIFTY,23023.4,476775,23022.6,23027.9,8943900,125,150
2025-01-29 09:32:34.084250,NIFTY30JAN25F,NIFTY,23023.4,476775,23022.6,23027.9,8943900,125,150
2025-01-29 09:32:35.406225,NIFTY30JAN25F,NIFTY,23026.15,477350,23026.1,23031.35,8943900,25,150
2025-01-29 09:32:36.883346,NIFTY30JAN25F,NIFTY,23024.8,477450,23024.8,23030.0,8943900,125,150
2025-01-29 09:32:39.032742,NIFTY30JAN25F,NIFTY,23029.75,481900,23025.0,23029.75,8943900,75,150
2025-01-29 09:32:40.676876,NIFTY30JAN25F,NIFTY,23030.8,483025,23025.25,23030.9,8943900,150,150
2025-01-29 09:32:42.456563,NIFTY30JAN25F,NIFTY,23025.0,483350,23025.0,23030.2,8943900,150,150
2025-01-29 09:32:43.939187,NIFTY30JAN25F,NIFTY,23025.0,483575,23023.9,23028.75,8943900,25,225
2025-01-29 09:32:46.307064,NIFTY30JAN25F,NIFTY,23023.15,483775,23023.6,23028.1,8943900,125,25
2025-01-29 09:32:47.803449,NIFTY30JAN25F,NIFTY,23027.95,483875,23023.05,23028.1,8943900,50,125
2025-01-29 09:32:49.257328,NIFTY30JAN25F,NIFTY,23023.7,483875,23023.05,23028.1,8943900,50,125
2025-01-29 09:32:51.543188,NIFTY30JAN25F,NIFTY,23023.2,484250,23023.45,23028.1,8943900,100,400
2025-01-29 09:32:52.992740,NIFTY30JAN25F,NIFTY,23024.6,484325,23027.95,23028.1,8943900,25,300
2025-01-29 09:32:54.456428,NIFTY30JAN25F,NIFTY,23024.45,484550,23025.35,23027.7,8943900,25,25
2025-01-29 09:32:55.877834,NIFTY30JAN25F,NIFTY,23025.55,484550,23025.35,23027.7,8943900,25,25
2025-01-29 09:32:57.229235,NIFTY30JAN25F,NIFTY,23026.9,484825,23026.4,23029.9,8943900,250,300
2025-01-29 09:32:58.537222,NIFTY30JAN25F,NIFTY,23024.7,485425,23026.2,23029.9,8943900,25,150
2025-01-29 09:32:59.835523,NIFTY30JAN25F,NIFTY,23028.35,485625,23024.75,23029.1,8943900,25,25
2025-01-29 09:33:01.156996,NIFTY30JAN25F,NIFTY,23024.7,485825,23024.0,23026.9,8943900,25,150
2025-01-29 09:33:02.623043,NIFTY30JAN25F,NIFTY,23023.75,485925,23023.75,23025.85,8943900,25,125
2025-01-29 09:33:03.962848,NIFTY30JAN25F,NIFTY,23024.0,485925,23023.75,23025.85,8943900,25,125
2025-01-29 09:33:05.298895,NIFTY30JAN25F,NIFTY,23024.7,489125,23025.35,23025.8,8943900,25,50
2025-01-29 09:33:06.640420,NIFTY30JAN25F,NIFTY,23024.7,489925,23024.35,23029.35,8943900,50,150
2025-01-29 09:33:07.982982,NIFTY30JAN25F,NIFTY,23024.2,490025,23024.2,23029.05,8943900,125,150
2025-01-29 09:33:09.299666,NIFTY30JAN25F,NIFTY,23029.05,490050,23024.25,23028.8,8943900,25,150
2025-01-29 09:33:10.622952,NIFTY30JAN25F,NIFTY,23027.85,490050,23024.25,23028.8,8943900,25,150
2025-01-29 09:33:11.955107,NIFTY30JAN25F,NIFTY,23027.85,490150,23024.25,23028.7,8943900,25,150
2025-01-29 09:33:13.292745,NIFTY30JAN25F,NIFTY,23029.9,490375,23025.5,23026.95,8943900,50,75
2025-01-29 09:33:15.604842,NIFTY30JAN25F,NIFTY,23028.15,490375,23025.5,23026.95,8943900,50,75
2025-01-29 09:33:16.951012,NIFTY30JAN25F,NIFTY,23025.5,490525,23025.45,23028.55,8943900,25,125
2025-01-29 09:33:18.275873,NIFTY30JAN25F,NIFTY,23026.95,491100,23021.55,23026.6,8943900,25,125
2025-01-29 09:33:19.662664,NIFTY30JAN25F,NIFTY,23027.95,491300,23022.5,23027.95,8943900,25,125
2025-01-29 09:33:21.053872,NIFTY30JAN25F,NIFTY,23024.55,491450,23024.5,23029.85,8943900,50,125
2025-01-29 09:33:22.385344,NIFTY30JAN25F,NIFTY,23029.05,491750,23027.5,23028.4,8943900,25,125
2025-01-29 09:33:23.712806,NIFTY30JAN25F,NIFTY,23027.75,491750,23027.5,23028.4,8943900,25,125
2025-01-29 09:33:25.031248,NIFTY30JAN25F,NIFTY,23027.75,491825,23027.75,23028.3,8943900,25,125
2025-01-29 09:33:26.368821,NIFTY30JAN25F,NIFTY,23027.5,491875,23026.85,23027.5,8943900,25,325
2025-01-29 09:33:27.826707,NIFTY30JAN25F,NIFTY,23027.0,492000,23026.85,23027.45,8943900,25,100
2025-01-29 09:33:29.224367,NIFTY30JAN25F,NIFTY,23029.9,492600,23029.35,23029.9,8943900,25,75
2025-01-29 09:33:30.644569,NIFTY30JAN25F,NIFTY,23032.0,492600,23029.35,23029.9,8943900,25,75
2025-01-29 09:33:31.962713,NIFTY30JAN25F,NIFTY,23029.9,492725,23031.4,23032.0,8943900,25,75
2025-01-29 09:33:33.402199,NIFTY30JAN25F,NIFTY,23029.9,493100,23026.95,23031.3,8943900,50,100
2025-01-29 09:33:34.773899,NIFTY30JAN25F,NIFTY,23031.3,493100,23030.2,23031.3,8943900,50,300
2025-01-29 09:33:36.204648,NIFTY30JAN25F,NIFTY,23030.0,493300,23026.95,23030.75,8943900,50,100
2025-01-29 09:33:37.542465,NIFTY30JAN25F,NIFTY,23027.0,493675,23027.05,23030.35,8943900,25,200
2025-01-29 09:33:38.891288,NIFTY30JAN25F,NIFTY,23027.05,493675,23027.05,23030.35,8943900,25,200
2025-01-29 09:33:40.212656,NIFTY30JAN25F,NIFTY,23030.35,495725,23029.0,23035.1,8943900,125,75
2025-01-29 09:33:41.592239,NIFTY30JAN25F,NIFTY,23034.3,495850,23031.6,23034.75,8943900,25,25
2025-01-29 09:33:42.922408,NIFTY30JAN25F,NIFTY,23029.1,498200,23029.1,23033.25,8943900,325,25
2025-01-29 09:33:44.239087,NIFTY30JAN25F,NIFTY,23036.0,498625,23029.95,23035.75,8943900,25,150
2025-01-29 09:33:45.552388,NIFTY30JAN25F,NIFTY,23029.7,498625,23029.95,23035.75,8943900,25,150
2025-01-29 09:33:46.906316,NIFTY30JAN25F,NIFTY,23034.9,498950,23029.8,23036.25,8943900,50,100
2025-01-29 09:33:48.224207,NIFTY30JAN25F,NIFTY,23030.1,499950,23030.1,23035.1,8943900,100,200
2025-01-29 09:33:49.562507,NIFTY30JAN25F,NIFTY,23032.15,500275,23032.1,23035.0,8943900,625,75
2025-01-29 09:33:50.920183,NIFTY30JAN25F,NIFTY,23034.45,500775,23034.45,23035.0,8943900,125,100
2025-01-29 09:33:52.318483,NIFTY30JAN25F,NIFTY,23039.35,500775,23034.45,23035.0,8943900,125,100
2025-01-29 09:33:53.760899,NIFTY30JAN25F,NIFTY,23035.0,501400,23035.0,23039.05,8943900,50,75
2025-01-29 09:33:55.192451,NIFTY30JAN25F,NIFTY,23034.9,501725,23034.7,23041.35,8943900,75,75
2025-01-29 09:33:56.696976,NIFTY30JAN25F,NIFTY,23033.75,501850,23033.75,23039.6,8943900,100,25
2025-01-29 09:33:58.338869,NIFTY30JAN25F,NIFTY,23033.95,502225,23033.9,23038.3,8943900,25,100
2025-01-29 09:33:59.722228,NIFTY30JAN25F,NIFTY,23034.3,502600,23034.3,23035.0,8943900,25,350
2025-01-29 09:34:02.390620,NIFTY30JAN25F,NIFTY,23035.0,503425,23035.1,23038.6,8942325,325,200
2025-01-29 09:34:03.908957,NIFTY30JAN25F,NIFTY,23038.9,503625,23035.2,23038.5,8942325,25,200
2025-01-29 09:34:06.484649,NIFTY30JAN25F,NIFTY,23035.1,504100,23035.9,23038.6,8942325,25,475
2025-01-29 09:34:08.004331,NIFTY30JAN25F,NIFTY,23035.1,504375,23035.1,23038.5,8942325,150,225
2025-01-29 09:34:09.472292,NIFTY30JAN25F,NIFTY,23038.0,504750,23035.2,23038.0,8942325,50,100
2025-01-29 09:34:10.882078,NIFTY30JAN25F,NIFTY,23034.0,505150,23034.25,23038.0,8942325,125,250
2025-01-29 09:34:12.212256,NIFTY30JAN25F,NIFTY,23034.0,505150,23034.25,23038.0,8942325,125,250
2025-01-29 09:34:13.550993,NIFTY30JAN25F,NIFTY,23037.25,505475,23032.7,23037.65,8942325,125,225
2025-01-29 09:34:14.888547,NIFTY30JAN25F,NIFTY,23032.55,505950,23032.65,23037.6,8942325,725,125
2025-01-29 09:34:16.202198,NIFTY30JAN25F,NIFTY,23034.45,507325,23033.9,23037.6,8942325,100,200
2025-01-29 09:34:17.522208,NIFTY30JAN25F,NIFTY,23033.85,507450,23033.85,23037.6,8942325,200,200
2025-01-29 09:34:18.913663,NIFTY30JAN25F,NIFTY,23033.85,507450,23033.85,23037.6,8942325,200,200
2025-01-29 09:34:20.272008,NIFTY30JAN25F,NIFTY,23035.0,508300,23033.9,23037.55,8942325,175,125
2025-01-29 09:34:21.631988,NIFTY30JAN25F,NIFTY,23033.9,508625,23033.85,23036.7,8942325,75,100
2025-01-29 09:34:22.981586,NIFTY30JAN25F,NIFTY,23033.85,508825,23033.85,23036.7,8942325,25,50
2025-01-29 09:34:24.361120,NIFTY30JAN25F,NIFTY,23033.8,508950,23033.8,23036.65,8942325,75,100
2025-01-29 09:34:25.722482,NIFTY30JAN25F,NIFTY,23032.55,508950,23033.8,23036.65,8942325,75,100
2025-01-29 09:34:27.062288,NIFTY30JAN25F,NIFTY,23035.05,509225,23035.05,23036.65,8942325,25,75
2025-01-29 09:34:28.438050,NIFTY30JAN25F,NIFTY,23033.6,509475,23033.7,23036.65,8942325,100,75
2025-01-29 09:34:29.760335,NIFTY30JAN25F,NIFTY,23036.65,509700,23036.05,23037.25,8942325,25,75
2025-01-29 09:34:31.112040,NIFTY30JAN25F,NIFTY,23040.35,510100,23037.3,23038.55,8942325,75,100
2025-01-29 09:34:32.424769,NIFTY30JAN25F,NIFTY,23036.7,510100,23037.3,23038.55,8942325,75,100
2025-01-29 09:34:33.761834,NIFTY30JAN25F,NIFTY,23036.05,510325,23036.0,23037.95,8942325,200,100
2025-01-29 09:34:35.202282,NIFTY30JAN25F,NIFTY,23038.35,511025,23037.65,23038.35,8942325,25,100
2025-01-29 09:34:36.541818,NIFTY30JAN25F,NIFTY,23032.15,512700,23032.65,23038.0,8942325,75,100
2025-01-29 09:34:37.898543,NIFTY30JAN25F,NIFTY,23032.7,512775,23033.6,23036.65,8942325,75,25
2025-01-29 09:34:39.216967,NIFTY30JAN25F,NIFTY,23036.65,512775,23033.6,23036.65,8942325,75,25
2025-01-29 09:34:40.541759,NIFTY30JAN25F,NIFTY,23039.95,513025,23036.7,23038.75,8942325,25,100
2025-01-29 09:34:41.898641,NIFTY30JAN25F,NIFTY,23038.55,513350,23038.6,23039.95,8942325,25,100
2025-01-29 09:34:43.228429,NIFTY30JAN25F,NIFTY,23036.0,513525,23035.05,23039.25,8942325,25,200
2025-01-29 09:34:44.566869,NIFTY30JAN25F,NIFTY,23034.7,513700,23034.45,23039.85,8942325,25,300
2025-01-29 09:34:45.885474,NIFTY30JAN25F,NIFTY,23040.0,513700,23034.45,23039.85,8942325,25,300
2025-01-29 09:34:47.235429,NIFTY30JAN25F,NIFTY,23034.0,516400,23034.05,23039.25,8942325,100,100
2025-01-29 09:34:48.552060,NIFTY30JAN25F,NIFTY,23040.2,516525,23034.05,23038.6,8942325,25,100
2025-01-29 09:34:49.897391,NIFTY30JAN25F,NIFTY,23035.15,516700,23034.0,23039.25,8942325,425,100
2025-01-29 09:34:51.218558,NIFTY30JAN25F,NIFTY,23035.0,516925,23034.65,23040.25,8942325,25,100
2025-01-29 09:34:52.541164,NIFTY30JAN25F,NIFTY,23038.0,517150,23036.65,23039.4,8942325,25,100
2025-01-29 09:34:53.885099,NIFTY30JAN25F,NIFTY,23034.7,517150,23036.65,23039.4,8942325,25,100
2025-01-29 09:34:55.221767,NIFTY30JAN25F,NIFTY,23039.35,517300,23037.8,23039.35,8942325,200,50
2025-01-29 09:34:56.571757,NIFTY30JAN25F,NIFTY,23039.35,517625,23039.35,23041.0,8942325,125,150
2025-01-29 09:34:57.957125,NIFTY30JAN25F,NIFTY,23040.95,517725,23036.45,23040.9,8942325,75,200
2025-01-29 09:34:59.311712,NIFTY30JAN25F,NIFTY,23039.3,517725,23036.45,23040.9,8942325,75,200
2025-01-29 09:35:00.626185,NIFTY30JAN25F,NIFTY,23039.3,517950,23035.35,23039.35,8942325,125,25
2025-01-29 09:35:01.951343,NIFTY30JAN25F,NIFTY,23039.4,519300,23034.8,23039.8,8942325,225,100
2025-01-29 09:35:03.308916,NIFTY30JAN25F,NIFTY,23039.3,520450,23036.55,23041.95,8942325,50,200
2025-01-29 09:35:05.804447,NIFTY30JAN25F,NIFTY,23036.65,520450,23036.55,23041.95,8942325,50,200
2025-01-29 09:35:08.439377,NIFTY30JAN25F,NIFTY,23042.0,520725,23036.7,23040.55,8942325,25,25
2025-01-29 09:35:10.448830,NIFTY30JAN25F,NIFTY,23041.45,521075,23036.7,23040.1,8942325,25,100
2025-01-29 09:35:12.015631,NIFTY30JAN25F,NIFTY,23040.8,521500,23036.65,23040.8,8942325,25,200
2025-01-29 09:35:13.655398,NIFTY30JAN25F,NIFTY,23039.8,521825,23036.65,23039.8,8942325,50,150
2025-01-29 09:35:15.360744,NIFTY30JAN25F,NIFTY,23043.0,522400,23040.15,23042.25,8942325,50,25
2025-01-29 09:35:16.838690,NIFTY30JAN25F,NIFTY,23041.6,523550,23041.95,23047.0,8942325,100,400
2025-01-29 09:35:18.309942,NIFTY30JAN25F,NIFTY,23041.05,523775,23041.05,23045.2,8942325,150,125
2025-01-29 09:35:20.056823,NIFTY30JAN25F,NIFTY,23041.35,524825,23040.1,23042.4,8942325,525,125
2025-01-29 09:35:21.612035,NIFTY30JAN25F,NIFTY,23040.0,526025,23035.05,23038.9,8942325,150,125
2025-01-29 09:35:24.028337,NIFTY30JAN25F,NIFTY,23038.25,526025,23035.05,23038.9,8942325,150,125
2025-01-29 09:35:25.690907,NIFTY30JAN25F,NIFTY,23036.1,526550,23035.05,23037.25,8942325,75,125
2025-01-29 09:35:27.302089,NIFTY30JAN25F,NIFTY,23031.0,527150,23034.05,23035.45,8942325,50,125
2025-01-29 09:35:28.678260,NIFTY30JAN25F,NIFTY,23027.95,529675,23029.85,23032.5,8942325,50,25
2025-01-29 09:35:30.020957,NIFTY30JAN25F,NIFTY,23032.5,530075,23029.55,23035.65,8942325,100,125
2025-01-29 09:35:31.395019,NIFTY30JAN25F,NIFTY,23028.1,530650,23028.1,23033.3,8942325,25,100
2025-01-29 09:35:32.733020,NIFTY30JAN25F,NIFTY,23032.15,530750,23030.05,23033.5,8942325,25,25
2025-01-29 09:35:34.056216,NIFTY30JAN25F,NIFTY,23029.0,530750,23030.05,23033.5,8942325,25,25
2025-01-29 09:35:35.386020,NIFTY30JAN25F,NIFTY,23026.5,530975,23028.15,23034.05,8942325,75,100
2025-01-29 09:35:36.703775,NIFTY30JAN25F,NIFTY,23032.25,531275,23026.15,23032.05,8942325,450,100
2025-01-29 09:35:38.047039,NIFTY30JAN25F,NIFTY,23028.95,531450,23028.95,23034.95,8942325,75,100
2025-01-29 09:35:39.375385,NIFTY30JAN25F,NIFTY,23034.95,531475,23030.0,23034.25,8942325,25,100
2025-01-29 09:35:40.760133,NIFTY30JAN25F,NIFTY,23030.05,531475,23030.0,23034.25,8942325,25,100
2025-01-29 09:35:42.086382,NIFTY30JAN25F,NIFTY,23029.05,531600,23030.05,23034.9,8942325,25,100
2025-01-29 09:35:43.461672,NIFTY30JAN25F,NIFTY,23035.25,531800,23029.2,23035.3,8942325,50,50
2025-01-29 09:35:44.890673,NIFTY30JAN25F,NIFTY,23038.7,531925,23035.3,23038.2,8942325,25,200
2025-01-29 09:35:46.241643,NIFTY30JAN25F,NIFTY,23037.85,532575,23032.35,23037.9,8942325,25,100
2025-01-29 09:35:47.636306,NIFTY30JAN25F,NIFTY,23032.0,532625,23032.05,23035.0,8942325,25,25
2025-01-29 09:35:48.986420,NIFTY30JAN25F,NIFTY,23035.0,532625,23032.05,23035.0,8942325,25,25
2025-01-29 09:35:50.335147,NIFTY30JAN25F,NIFTY,23032.35,532775,23032.3,23037.6,8942325,25,250
2025-01-29 09:35:51.698074,NIFTY30JAN25F,NIFTY,23032.35,533425,23032.4,23037.2,8942325,25,100
2025-01-29 09:35:53.028082,NIFTY30JAN25F,NIFTY,23035.0,533425,23034.9,23035.0,8942325,25,25
2025-01-29 09:35:54.687519,NIFTY30JAN25F,NIFTY,23036.35,533525,23032.4,23036.45,8942325,50,100
2025-01-29 09:35:56.008938,NIFTY30JAN25F,NIFTY,23038.45,533525,23032.4,23036.45,8942325,50,100
2025-01-29 09:35:57.331055,NIFTY30JAN25F,NIFTY,23037.6,534925,23035.35,23037.7,8942325,325,100
2025-01-29 09:35:58.692699,NIFTY30JAN25F,NIFTY,23036.35,535175,23035.35,23037.2,8942325,325,100
2025-01-29 09:36:00.229917,NIFTY30JAN25F,NIFTY,23035.35,535275,23035.4,23037.2,8942325,25,100
2025-01-29 09:36:01.561907,NIFTY30JAN25F,NIFTY,23040.25,535775,23035.5,23040.7,8942325,50,100
2025-01-29 09:36:02.937312,NIFTY30JAN25F,NIFTY,23039.8,535825,23036.25,23040.0,8942325,25,25
2025-01-29 09:36:04.267194,NIFTY30JAN25F,NIFTY,23039.95,535825,23036.25,23040.0,8942325,25,25
2025-01-29 09:36:05.571933,NIFTY30JAN25F,NIFTY,23037.7,535875,23036.3,23037.15,8942325,25,50
2025-01-29 09:36:06.882504,NIFTY30JAN25F,NIFTY,23036.25,536375,23035.5,23037.45,8942325,50,100
2025-01-29 09:36:08.187247,NIFTY30JAN25F,NIFTY,23036.25,536375,23035.5,23038.0,8942325,75,25
2025-01-29 09:36:09.508566,NIFTY30JAN25F,NIFTY,23038.0,536425,23038.0,23039.6,8942325,25,75
2025-01-29 09:36:10.819523,NIFTY30JAN25F,NIFTY,23037.85,536425,23038.0,23039.6,8942325,25,75
2025-01-29 09:36:12.203968,NIFTY30JAN25F,NIFTY,23037.85,536550,23038.1,23039.2,8942325,75,100
2025-01-29 09:36:13.564192,NIFTY30JAN25F,NIFTY,23037.85,536550,23038.1,23040.0,8942325,75,50
2025-01-29 09:36:14.873374,NIFTY30JAN25F,NIFTY,23037.85,536550,23038.1,23040.0,8942325,75,50
2025-01-29 09:36:16.208633,NIFTY30JAN25F,NIFTY,23039.5,536600,23038.2,23040.0,8942325,25,50
2025-01-29 09:36:17.523777,NIFTY30JAN25F,NIFTY,23041.5,536600,23038.2,23040.0,8942325,25,50
2025-01-29 09:36:18.950815,NIFTY30JAN25F,NIFTY,23038.15,536725,23038.2,23040.95,8942325,25,75
2025-01-29 09:36:20.286180,NIFTY30JAN25F,NIFTY,23036.0,536850,23038.2,23039.95,8942325,25,125
2025-01-29 09:36:21.608724,NIFTY30JAN25F,NIFTY,23038.25,538250,23037.05,23039.65,8942325,325,75
2025-01-29 09:36:22.939387,NIFTY30JAN25F,NIFTY,23039.2,538325,23037.1,23040.0,8942325,25,25
2025-01-29 09:36:24.320790,NIFTY30JAN25F,NIFTY,23037.1,538325,23037.1,23040.0,8942325,25,25
2025-01-29 09:36:25.667464,NIFTY30JAN25F,NIFTY,23037.15,538450,23037.1,23039.75,8942325,25,75
2025-01-29 09:36:27.124290,NIFTY30JAN25F,NIFTY,23037.2,539600,23037.15,23040.2,8942325,75,75
2025-01-29 09:36:28.761640,NIFTY30JAN25F,NIFTY,23037.05,539675,23037.25,23038.0,8942325,25,150
2025-01-29 09:36:30.494666,NIFTY30JAN25F,NIFTY,23038.05,540325,23038.05,23040.95,8942325,100,75
2025-01-29 09:36:32.120482,NIFTY30JAN25F,NIFTY,23037.05,541625,23037.05,23037.8,8942325,25,25
2025-01-29 09:36:33.577671,NIFTY30JAN25F,NIFTY,23036.05,542375,23036.05,23037.75,8942325,100,50
2025-01-29 09:36:35.041359,NIFTY30JAN25F,NIFTY,23035.3,543050,23035.0,23037.7,8942325,350,75
2025-01-29 09:36:36.424811,NIFTY30JAN25F,NIFTY,23035.1,543500,23035.1,23037.0,8942325,50,325
2025-01-29 09:36:37.869531,NIFTY30JAN25F,NIFTY,23035.05,543625,23035.0,23036.95,8942325,350,100
2025-01-29 09:36:39.343822,NIFTY30JAN25F,NIFTY,23035.0,543625,23035.0,23036.95,8942325,350,100
2025-01-29 09:36:40.670557,NIFTY30JAN25F,NIFTY,23036.5,543700,23035.05,23036.95,8942325,25,200
2025-01-29 09:36:42.389078,NIFTY30JAN25F,NIFTY,23038.05,543825,23035.0,23036.95,8942325,275,325
2025-01-29 09:36:43.992056,NIFTY30JAN25F,NIFTY,23038.05,544625,23035.35,23039.85,8942325,175,275
2025-01-29 09:36:45.325166,NIFTY30JAN25F,NIFTY,23035.35,544800,23035.35,23038.6,8942325,125,150
2025-01-29 09:36:46.615817,NIFTY30JAN25F,NIFTY,23035.4,544875,23035.4,23039.35,8942325,25,100
2025-01-29 09:36:47.970013,NIFTY30JAN25F,NIFTY,23035.4,544875,23036.05,23039.6,8942325,50,150
2025-01-29 09:36:49.378322,NIFTY30JAN25F,NIFTY,23035.4,544875,23036.05,23039.6,8942325,50,150
2025-01-29 09:36:50.729727,NIFTY30JAN25F,NIFTY,23035.05,544875,23036.05,23039.0,8942325,50,150
2025-01-29 09:36:52.085391,NIFTY30JAN25F,NIFTY,23039.25,547050,23035.05,23039.05,8942325,125,100
2025-01-29 09:36:53.411298,NIFTY30JAN25F,NIFTY,23038.75,547150,23035.25,23038.7,8942325,50,25
2025-01-29 09:36:54.770749,NIFTY30JAN25F,NIFTY,23036.05,548175,23035.0,23038.1,8942325,50,150
2025-01-29 09:36:56.083924,NIFTY30JAN25F,NIFTY,23030.95,548175,23035.0,23038.1,8942325,50,150
2025-01-29 09:36:57.435767,NIFTY30JAN25F,NIFTY,23033.8,548675,23030.95,23036.9,8942325,100,100
2025-01-29 09:36:58.767312,NIFTY30JAN25F,NIFTY,23035.05,549350,23030.95,23035.05,8942325,75,100
2025-01-29 09:37:00.140590,NIFTY30JAN25F,NIFTY,23035.05,549375,23034.15,23035.25,8942325,25,25
2025-01-29 09:37:01.477925,NIFTY30JAN25F,NIFTY,23031.05,549550,23031.0,23035.25,8919675,125,25
2025-01-29 09:37:02.836273,NIFTY30JAN25F,NIFTY,23037.95,549675,23035.25,23037.95,8919675,25,25
2025-01-29 09:37:04.385724,NIFTY30JAN25F,NIFTY,23035.25,549675,23035.25,23037.95,8919675,25,25
2025-01-29 09:37:05.730129,NIFTY30JAN25F,NIFTY,23035.4,549725,23035.3,23038.95,8919675,25,100
2025-01-29 09:37:07.053449,NIFTY30JAN25F,NIFTY,23035.25,549825,23034.35,23039.0,8919675,50,75
2025-01-29 09:37:08.453387,NIFTY30JAN25F,NIFTY,23042.0,550175,23036.55,23042.0,8919675,100,100
2025-01-29 09:37:09.788931,NIFTY30JAN25F,NIFTY,23042.0,550175,23036.6,23040.0,8919675,50,50
2025-01-29 09:37:11.154896,NIFTY30JAN25F,NIFTY,23042.0,550175,23036.6,23039.95,8919675,75,100
2025-01-29 09:37:12.463764,NIFTY30JAN25F,NIFTY,23039.5,550175,23036.6,23039.95,8919675,75,100
2025-01-29 09:37:13.792857,NIFTY30JAN25F,NIFTY,23039.5,550200,23037.0,23039.4,8919675,125,25
2025-01-29 09:37:15.191167,NIFTY30JAN25F,NIFTY,23039.4,550225,23037.0,23039.4,8919675,125,175
2025-01-29 09:37:16.563194,NIFTY30JAN25F,NIFTY,23037.05,550375,23037.05,23039.4,8919675,50,175
2025-01-29 09:37:17.943796,NIFTY30JAN25F,NIFTY,23040.0,550600,23037.15,23039.95,8919675,50,225
2025-01-29 09:37:19.330093,NIFTY30JAN25F,NIFTY,23037.15,550600,23037.15,23039.95,8919675,50,225
2025-01-29 09:37:20.796727,NIFTY30JAN25F,NIFTY,23036.65,550675,23037.15,23038.9,8919675,75,75
2025-01-29 09:37:22.129917,NIFTY30JAN25F,NIFTY,23036.7,551325,23036.65,23040.1,8919675,50,225
2025-01-29 09:37:23.510993,NIFTY30JAN25F,NIFTY,23040.4,551400,23036.75,23038.9,8919675,25,150
2025-01-29 09:37:24.920064,NIFTY30JAN25F,NIFTY,23036.75,552175,23036.75,23039.75,8919675,150,50
2025-01-29 09:37:26.241516,NIFTY30JAN25F,NIFTY,23039.9,552400,23036.75,23040.05,8919675,125,25
2025-01-29 09:37:27.594989,NIFTY30JAN25F,NIFTY,23040.65,552400,23036.75,23040.05,8919675,125,25
2025-01-29 09:37:28.946869,NIFTY30JAN25F,NIFTY,23040.7,552450,23037.0,23042.0,8919675,125,25
2025-01-29 09:37:30.296784,NIFTY30JAN25F,NIFTY,23040.75,552525,23037.05,23041.15,8919675,25,250
2025-01-29 09:37:31.659063,NIFTY30JAN25F,NIFTY,23040.65,552600,23037.05,23041.65,8919675,150,125
2025-01-29 09:37:33.158563,NIFTY30JAN25F,NIFTY,23040.45,552675,23037.05,23041.65,8919675,125,125
2025-01-29 09:37:34.527068,NIFTY30JAN25F,NIFTY,23041.1,552675,23037.05,23041.65,8919675,125,125
2025-01-29 09:37:35.860429,NIFTY30JAN25F,NIFTY,23039.25,552825,23038.0,23040.25,8919675,125,25
2025-01-29 09:37:37.175042,NIFTY30JAN25F,NIFTY,23039.25,552850,23038.05,23040.25,8919675,25,200
2025-01-29 09:37:38.521051,NIFTY30JAN25F,NIFTY,23042.5,552850,23038.1,23040.25,8919675,250,100
2025-01-29 09:37:39.893298,NIFTY30JAN25F,NIFTY,23043.95,553300,23043.0,23043.95,8919675,300,325
2025-01-29 09:37:41.324280,NIFTY30JAN25F,NIFTY,23043.9,553350,23043.05,23043.9,8919675,25,150
2025-01-29 09:37:42.783828,NIFTY30JAN25F,NIFTY,23043.9,553500,23043.05,23043.95,8919675,25,325
2025-01-29 09:37:44.386697,NIFTY30JAN25F,NIFTY,23043.95,553500,23043.05,23043.95,8919675,25,325
2025-01-29 09:37:46.040060,NIFTY30JAN25F,NIFTY,23043.05,553600,23043.05,23043.9,8919675,25,775
2025-01-29 09:37:47.518642,NIFTY30JAN25F,NIFTY,23041.1,554050,23040.3,23041.1,8919675,25,200
2025-01-29 09:37:49.166076,NIFTY30JAN25F,NIFTY,23043.0,554925,23040.4,23041.0,8919675,250,100
2025-01-29 09:37:50.869760,NIFTY30JAN25F,NIFTY,23043.05,555100,23043.05,23043.1,8919675,25,25
2025-01-29 09:37:52.256952,NIFTY30JAN25F,NIFTY,23043.05,555150,23043.05,23043.95,8919675,25,225
2025-01-29 09:37:54.804584,NIFTY30JAN25F,NIFTY,23043.85,555450,23043.05,23043.95,8919675,50,225
2025-01-29 09:37:56.428036,NIFTY30JAN25F,NIFTY,23042.9,556225,23042.7,23044.9,8919675,125,25
2025-01-29 09:37:58.245495,NIFTY30JAN25F,NIFTY,23043.9,556300,23043.85,23044.9,8919675,550,25
2025-01-29 09:37:59.924250,NIFTY30JAN25F,NIFTY,23048.2,558625,23043.85,23048.25,8919675,250,250
2025-01-29 09:38:01.344066,NIFTY30JAN25F,NIFTY,23044.9,560475,23043.85,23045.9,8919675,275,150
2025-01-29 09:38:02.669075,NIFTY30JAN25F,NIFTY,23045.45,560875,23043.85,23046.0,8919675,325,125
2025-01-29 09:38:04.002888,NIFTY30JAN25F,NIFTY,23043.85,560875,23043.85,23046.0,8919675,325,125
2025-01-29 09:38:05.330976,NIFTY30JAN25F,NIFTY,23047.1,561075,23043.85,23048.2,8919675,350,25
2025-01-29 09:38:06.654692,NIFTY30JAN25F,NIFTY,23046.0,561075,23044.8,23048.2,8919675,50,25
2025-01-29 09:38:07.971233,NIFTY30JAN25F,NIFTY,23045.0,561350,23045.0,23047.85,8919675,1550,25
2025-01-29 09:38:09.292517,NIFTY30JAN25F,NIFTY,23048.3,561350,23045.0,23047.85,8919675,1550,25
2025-01-29 09:38:10.650221,NIFTY30JAN25F,NIFTY,23048.3,562275,23045.0,23047.85,8919675,1550,125
2025-01-29 09:38:12.018404,NIFTY30JAN25F,NIFTY,23047.85,562300,23045.0,23047.85,8919675,1575,100
2025-01-29 09:38:13.354547,NIFTY30JAN25F,NIFTY,23047.85,562300,23045.0,23047.85,8919675,1600,100
2025-01-29 09:38:14.702400,NIFTY30JAN25F,NIFTY,23047.85,562725,23047.85,23048.0,8919675,1450,50
2025-01-29 09:38:16.030887,NIFTY30JAN25F,NIFTY,23048.3,562725,23047.85,23048.0,8919675,1450,50
2025-01-29 09:38:17.339292,NIFTY30JAN25F,NIFTY,23048.15,563325,23048.15,23048.3,8919675,25,425
2025-01-29 09:38:18.660063,NIFTY30JAN25F,NIFTY,23048.3,563500,23047.85,23048.3,8919675,1350,325
2025-01-29 09:38:19.993956,NIFTY30JAN25F,NIFTY,23054.0,563700,23047.85,23048.3,8919675,1350,125
2025-01-29 09:38:21.336494,NIFTY30JAN25F,NIFTY,23051.0,566650,23051.0,23054.75,8919675,50,250
2025-01-29 09:38:22.665638,NIFTY30JAN25F,NIFTY,23057.75,567500,23055.75,23059.0,8919675,125,50
2025-01-29 09:38:24.002285,NIFTY30JAN25F,NIFTY,23060.0,567500,23055.75,23059.0,8919675,125,50
2025-01-29 09:38:25.489366,NIFTY30JAN25F,NIFTY,23060.0,569600,23054.75,23060.0,8919675,25,3100
2025-01-29 09:38:26.815644,NIFTY30JAN25F,NIFTY,23054.75,569800,23054.75,23058.8,8919675,25,150
2025-01-29 09:38:28.119388,NIFTY30JAN25F,NIFTY,23057.9,569900,23056.1,23059.0,8919675,325,25
2025-01-29 09:38:29.463789,NIFTY30JAN25F,NIFTY,23055.15,569950,23052.85,23058.65,8919675,25,200
2025-01-29 09:38:30.769127,NIFTY30JAN25F,NIFTY,23052.85,569950,23052.85,23058.65,8919675,25,200
2025-01-29 09:38:32.109121,NIFTY30JAN25F,NIFTY,23051.6,572175,23052.0,23055.15,8919675,50,25
2025-01-29 09:38:33.429098,NIFTY30JAN25F,NIFTY,23056.15,572550,23051.45,23056.15,8919675,25,225
2025-01-29 09:38:34.749290,NIFTY30JAN25F,NIFTY,23053.5,574700,23054.8,23059.95,8919675,25,100
2025-01-29 09:38:36.069050,NIFTY30JAN25F,NIFTY,23057.95,575400,23055.7,23057.95,8919675,25,50
2025-01-29 09:38:37.422336,NIFTY30JAN25F,NIFTY,23057.95,575400,23055.7,23057.95,8919675,25,50
2025-01-29 09:38:38.816545,NIFTY30JAN25F,NIFTY,23058.0,575500,23056.35,23058.0,8919675,50,1075
2025-01-29 09:38:40.138431,NIFTY30JAN25F,NIFTY,23055.25,576075,23055.25,23056.25,8919675,100,25
2025-01-29 09:38:41.503796,NIFTY30JAN25F,NIFTY,23051.0,579875,23051.05,23056.3,8919675,25,50
2025-01-29 09:38:42.829441,NIFTY30JAN25F,NIFTY,23057.95,580050,23053.45,23058.0,8919675,50,575
2025-01-29 09:38:44.316850,NIFTY30JAN25F,NIFTY,23056.0,583475,23052.95,23056.55,8919675,25,50
2025-01-29 09:38:45.632321,NIFTY30JAN25F,NIFTY,23057.35,583475,23052.95,23056.55,8919675,25,50
2025-01-29 09:38:46.949263,NIFTY30JAN25F,NIFTY,23053.05,583600,23053.05,23058.0,8919675,50,25
2025-01-29 09:38:48.823707,NIFTY30JAN25F,NIFTY,23058.55,584525,23053.0,23056.0,8919675,25,125
2025-01-29 09:38:50.503302,NIFTY30JAN25F,NIFTY,23053.0,586900,23052.95,23056.0,8919675,25,150
2025-01-29 09:38:51.839070,NIFTY30JAN25F,NIFTY,23055.9,590025,23049.35,23055.85,8919675,25,150
2025-01-29 09:38:53.186319,NIFTY30JAN25F,NIFTY,23054.5,590075,23050.4,23055.95,8919675,25,100
2025-01-29 09:38:54.525719,NIFTY30JAN25F,NIFTY,23055.4,590100,23055.4,23056.0,8919675,50,50
2025-01-29 09:38:55.847047,NIFTY30JAN25F,NIFTY,23055.95,590100,23055.4,23056.0,8919675,50,50
2025-01-29 09:38:57.329013,NIFTY30JAN25F,NIFTY,23054.6,590225,23051.2,23056.0,8919675,50,50
2025-01-29 09:38:58.768990,NIFTY30JAN25F,NIFTY,23054.7,590300,23054.7,23056.0,8919675,25,50
2025-01-29 09:39:00.346091,NIFTY30JAN25F,NIFTY,23050.4,590975,23051.0,23055.1,8919675,25,100
2025-01-29 09:39:01.991766,NIFTY30JAN25F,NIFTY,23050.4,591325,23045.3,23050.9,8919675,50,25
2025-01-29 09:39:03.628753,NIFTY30JAN25F,NIFTY,23052.45,593175,23048.05,23052.65,8919675,25,100
2025-01-29 09:39:06.488747,NIFTY30JAN25F,NIFTY,23051.55,593450,23050.0,23052.05,8919675,50,50
2025-01-29 09:39:07.977642,NIFTY30JAN25F,NIFTY,23050.0,595375,23045.6,23049.1,8919675,150,350
2025-01-29 09:39:09.397701,NIFTY30JAN25F,NIFTY,23043.85,595825,23046.0,23047.0,8919675,25,300
2025-01-29 09:39:10.749692,NIFTY30JAN25F,NIFTY,23047.0,595825,23046.0,23047.0,8919675,25,300
2025-01-29 09:39:12.252393,NIFTY30JAN25F,NIFTY,23047.0,596100,23044.1,23047.0,8919675,50,250
2025-01-29 09:39:14.018818,NIFTY30JAN25F,NIFTY,23047.0,596150,23044.1,23047.0,8919675,50,200
2025-01-29 09:39:15.795683,NIFTY30JAN25F,NIFTY,23046.0,596275,23044.1,23047.0,8919675,25,100
2025-01-29 09:39:17.499601,NIFTY30JAN25F,NIFTY,23047.0,597300,23045.65,23048.3,8919675,50,1800
2025-01-29 09:39:19.143959,NIFTY30JAN25F,NIFTY,23048.3,597350,23045.65,23048.3,8919675,25,1750
2025-01-29 09:39:20.552959,NIFTY30JAN25F,NIFTY,23048.3,597350,23045.65,23048.3,8919675,25,1750
2025-01-29 09:39:21.928543,NIFTY30JAN25F,NIFTY,23048.3,598250,23045.65,23048.3,8919675,75,925
2025-01-29 09:39:23.501793,NIFTY30JAN25F,NIFTY,23043.85,598750,23043.85,23048.3,8919675,50,600
2025-01-29 09:39:24.928533,NIFTY30JAN25F,NIFTY,23045.0,598850,23042.9,23045.0,8919675,25,1275
2025-01-29 09:39:26.256718,NIFTY30JAN25F,NIFTY,23045.0,599350,23043.85,23044.6,8919675,25,125
2025-01-29 09:39:27.598758,NIFTY30JAN25F,NIFTY,23044.1,599400,23044.8,23045.0,8919675,25,775
2025-01-29 09:39:28.972027,NIFTY30JAN25F,NIFTY,23045.0,599400,23044.8,23045.0,8919675,25,775
2025-01-29 09:39:30.320102,NIFTY30JAN25F,NIFTY,23042.55,599775,23044.35,23045.0,8919675,25,550
2025-01-29 09:39:31.658460,NIFTY30JAN25F,NIFTY,23045.0,599975,23044.0,23045.0,8919675,200,450
2025-01-29 09:39:33.185937,NIFTY30JAN25F,NIFTY,23043.85,600275,23043.15,23045.0,8919675,25,425
2025-01-29 09:39:34.528406,NIFTY30JAN25F,NIFTY,23041.0,600425,23041.0,23045.0,8919675,25,425
2025-01-29 09:39:35.928336,NIFTY30JAN25F,NIFTY,23041.0,600425,23041.0,23045.0,8919675,25,425
2025-01-29 09:39:37.245503,NIFTY30JAN25F,NIFTY,23043.15,600675,23041.2,23045.0,8919675,200,425
2025-01-29 09:39:38.638604,NIFTY30JAN25F,NIFTY,23043.15,600675,23041.2,23044.0,8919675,25,150
2025-01-29 09:39:39.972986,NIFTY30JAN25F,NIFTY,23041.2,601050,23041.2,23044.0,8919675,350,25
2025-01-29 09:39:41.306256,NIFTY30JAN25F,NIFTY,23045.0,601325,23040.0,23045.0,8919675,150,400
2025-01-29 09:39:42.671125,NIFTY30JAN25F,NIFTY,23045.0,601325,23040.9,23045.0,8919675,150,400
2025-01-29 09:39:44.099082,NIFTY30JAN25F,NIFTY,23045.0,601325,23040.9,23045.0,8919675,150,400
2025-01-29 09:39:45.530063,NIFTY30JAN25F,NIFTY,23040.9,601325,23040.9,23045.0,8919675,25,400
2025-01-29 09:39:46.898444,NIFTY30JAN25F,NIFTY,23040.9,601350,23040.95,23044.9,8919675,150,25
2025-01-29 09:39:48.238425,NIFTY30JAN25F,NIFTY,23040.9,601350,23041.95,23044.9,8919675,50,25
2025-01-29 09:39:50.039763,NIFTY30JAN25F,NIFTY,23040.9,601350,23042.0,23044.85,8919675,50,50
2025-01-29 09:39:51.365065,NIFTY30JAN25F,NIFTY,23044.05,601450,23042.0,23044.05,8919675,75,25
2025-01-29 09:39:52.677428,NIFTY30JAN25F,NIFTY,23044.15,601525,23040.95,23042.0,8919675,125,125
2025-01-29 09:39:54.081466,NIFTY30JAN25F,NIFTY,23045.0,601525,23040.95,23042.0,8919675,125,125
2025-01-29 09:39:55.663215,NIFTY30JAN25F,NIFTY,23045.0,601775,23044.55,23045.0,8919675,25,500
2025-01-29 09:39:56.988322,NIFTY30JAN25F,NIFTY,23044.85,601950,23042.1,23045.0,8919675,25,450
2025-01-29 09:39:58.355337,NIFTY30JAN25F,NIFTY,23044.55,602025,23044.55,23045.0,8919675,25,450
2025-01-29 09:39:59.854707,NIFTY30JAN25F,NIFTY,23046.15,603900,23044.55,23046.4,8919675,25,25
2025-01-29 09:40:01.178122,NIFTY30JAN25F,NIFTY,23044.55,604050,23044.55,23048.0,8919675,25,125
2025-01-29 09:40:02.509891,NIFTY30JAN25F,NIFTY,23044.55,604050,23044.55,23048.0,8937550,25,125
2025-01-29 09:40:03.838238,NIFTY30JAN25F,NIFTY,23044.6,604575,23041.8,23048.05,8937550,150,25
2025-01-29 09:40:05.177114,NIFTY30JAN25F,NIFTY,23045.3,604625,23041.0,23045.6,8937550,275,75
2025-01-29 09:40:06.498055,NIFTY30JAN25F,NIFTY,23045.05,606550,23040.0,23045.05,8937550,25,50
2025-01-29 09:40:08.618199,NIFTY30JAN25F,NIFTY,23043.0,606625,23040.0,23042.3,8937550,50,350
2025-01-29 09:40:10.006211,NIFTY30JAN25F,NIFTY,23041.3,606675,23040.0,23042.05,8937550,75,200
2025-01-29 09:40:11.557364,NIFTY30JAN25F,NIFTY,23040.4,607000,23036.0,23040.7,8937550,200,25
2025-01-29 09:40:13.143137,NIFTY30JAN25F,NIFTY,23040.4,607000,23036.0,23040.65,8937550,200,25
2025-01-29 09:40:14.465847,NIFTY30JAN25F,NIFTY,23040.4,607000,23040.0,23042.8,8937550,50,50
2025-01-29 09:40:15.917380,NIFTY30JAN25F,NIFTY,23036.05,607000,23040.0,23042.8,8937550,50,50
2025-01-29 09:40:17.418153,NIFTY30JAN25F,NIFTY,23036.0,607225,23036.0,23041.15,8937550,50,50
2025-01-29 09:40:19.078888,NIFTY30JAN25F,NIFTY,23036.0,607225,23036.0,23040.0,8937550,150,25
2025-01-29 09:40:21.178904,NIFTY30JAN25F,NIFTY,23036.0,607375,23036.0,23039.9,8937550,75,350
2025-01-29 09:40:22.988721,NIFTY30JAN25F,NIFTY,23036.0,607625,23035.55,23039.9,8937550,275,350
2025-01-29 09:40:24.648866,NIFTY30JAN25F,NIFTY,23039.9,607700,23035.9,23039.9,8937550,100,300
2025-01-29 09:40:26.165561,NIFTY30JAN25F,NIFTY,23038.85,607950,23036.35,23039.9,8937550,250,100
2025-01-29 09:40:27.816503,NIFTY30JAN25F,NIFTY,23038.8,608600,23038.8,23044.95,8937550,150,50
2025-01-29 09:40:30.818004,NIFTY30JAN25F,NIFTY,23039.9,608775,23038.95,23044.9,8937550,150,25
2025-01-29 09:40:32.229477,NIFTY30JAN25F,NIFTY,23040.05,609250,23039.95,23045.4,8937550,150,25
2025-01-29 09:40:33.687902,NIFTY30JAN25F,NIFTY,23046.8,609275,23045.2,23045.4,8937550,25,25
2025-01-29 09:40:35.030773,NIFTY30JAN25F,NIFTY,23042.65,610075,23043.05,23048.0,8937550,150,25
2025-01-29 09:40:36.350949,NIFTY30JAN25F,NIFTY,23044.35,610350,23044.85,23048.3,8937550,150,475
2025-01-29 09:40:37.682120,NIFTY30JAN25F,NIFTY,23047.9,610825,23042.55,23047.55,8937550,25,50
2025-01-29 09:40:39.007833,NIFTY30JAN25F,NIFTY,23045.0,610825,23042.55,23047.55,8937550,25,50
2025-01-29 09:40:40.327358,NIFTY30JAN25F,NIFTY,23048.3,610850,23045.15,23048.3,8937550,225,475
2025-01-29 09:40:41.645887,NIFTY30JAN25F,NIFTY,23049.0,612650,23045.05,23048.8,8937550,25,100
2025-01-29 09:40:42.974252,NIFTY30JAN25F,NIFTY,23049.9,612875,23044.35,23050.0,8937550,25,150
2025-01-29 09:40:44.357617,NIFTY30JAN25F,NIFTY,23043.65,612950,23042.6,23047.0,8937550,150,100
2025-01-29 09:40:45.740079,NIFTY30JAN25F,NIFTY,23047.0,612950,23042.6,23047.0,8937550,150,100
2025-01-29 09:40:47.077315,NIFTY30JAN25F,NIFTY,23047.0,613050,23047.0,23047.05,8937550,125,75
2025-01-29 09:40:48.447504,NIFTY30JAN25F,NIFTY,23047.0,613050,23044.75,23047.05,8937550,50,100
2025-01-29 09:40:49.783220,NIFTY30JAN25F,NIFTY,23047.0,613050,23042.45,23047.05,8937550,50,100
2025-01-29 09:40:51.137674,NIFTY30JAN25F,NIFTY,23046.05,613125,23042.7,23046.1,8937550,25,25
2025-01-29 09:40:52.499617,NIFTY30JAN25F,NIFTY,23046.95,613125,23042.7,23046.1,8937550,25,25
2025-01-29 09:40:53.884926,NIFTY30JAN25F,NIFTY,23047.0,613375,23042.0,23046.15,8937550,825,75
2025-01-29 09:40:55.304230,NIFTY30JAN25F,NIFTY,23046.05,613900,23042.75,23046.05,8937550,125,25
2025-01-29 09:40:56.733391,NIFTY30JAN25F,NIFTY,23047.0,614100,23046.1,23047.0,8937550,50,50
2025-01-29 09:40:58.077470,NIFTY30JAN25F,NIFTY,23047.1,614250,23047.1,23049.0,8937550,75,175
2025-01-29 09:40:59.433441,NIFTY30JAN25F,NIFTY,23049.0,614275,23048.7,23049.0,8937550,50,150
2025-01-29 09:41:00.818148,NIFTY30JAN25F,NIFTY,23052.45,614275,23048.7,23049.0,8937550,50,150
2025-01-29 09:41:02.187852,NIFTY30JAN25F,NIFTY,23045.2,614800,23048.95,23052.4,8937550,50,375
2025-01-29 09:41:03.556292,NIFTY30JAN25F,NIFTY,23052.35,614975,23050.9,23051.95,8937550,25,50
2025-01-29 09:41:04.908356,NIFTY30JAN25F,NIFTY,23050.4,615150,23050.4,23054.7,8937550,25,50
2025-01-29 09:41:06.281079,NIFTY30JAN25F,NIFTY,23052.0,615250,23047.45,23053.3,8937550,100,100
2025-01-29 09:41:07.979355,NIFTY30JAN25F,NIFTY,23050.0,615400,23050.0,23052.6,8937550,850,25
2025-01-29 09:41:09.419445,NIFTY30JAN25F,NIFTY,23055.0,615675,23050.05,23055.0,8937550,125,50
2025-01-29 09:41:10.807756,NIFTY30JAN25F,NIFTY,23055.2,615675,23050.05,23055.0,8937550,125,50
2025-01-29 09:41:12.245984,NIFTY30JAN25F,NIFTY,23053.35,615825,23050.0,23054.6,8937550,900,75
2025-01-29 09:41:13.619088,NIFTY30JAN25F,NIFTY,23050.0,615875,23050.1,23053.65,8937550,75,125
2025-01-29 09:41:15.057247,NIFTY30JAN25F,NIFTY,23050.3,616025,23050.3,23052.95,8937550,25,400
2025-01-29 09:41:16.487255,NIFTY30JAN25F,NIFTY,23050.0,616875,23047.85,23051.25,8937550,25,125
2025-01-29 09:41:17.837232,NIFTY30JAN25F,NIFTY,23050.3,616975,23047.85,23049.6,8937550,25,250
2025-01-29 09:41:19.223862,NIFTY30JAN25F,NIFTY,23047.85,616975,23047.85,23049.6,8937550,25,250
2025-01-29 09:41:20.603007,NIFTY30JAN25F,NIFTY,23043.15,617025,23047.0,23049.0,8937550,750,125
2025-01-29 09:41:22.053563,NIFTY30JAN25F,NIFTY,23047.65,619050,23042.0,23047.05,8937550,125,25
2025-01-29 09:41:23.457355,NIFTY30JAN25F,NIFTY,23044.7,619300,23042.0,23044.45,8937550,100,75
2025-01-29 09:41:24.914946,NIFTY30JAN25F,NIFTY,23040.3,619400,23042.0,23045.0,8937550,50,25
2025-01-29 09:41:26.247126,NIFTY30JAN25F,NIFTY,23043.3,619800,23040.0,23043.8,8937550,125,50
2025-01-29 09:41:27.590676,NIFTY30JAN25F,NIFTY,23043.3,619800,23040.0,23043.8,8937550,125,50
2025-01-29 09:41:28.907121,NIFTY30JAN25F,NIFTY,23044.6,619825,23040.0,23044.95,8937550,125,100
2025-01-29 09:41:30.307450,NIFTY30JAN25F,NIFTY,23044.8,619975,23040.0,23044.8,8937550,150,50
2025-01-29 09:41:31.666246,NIFTY30JAN25F,NIFTY,23047.85,620175,23040.95,23046.7,8937550,150,75
2025-01-29 09:41:33.481520,NIFTY30JAN25F,NIFTY,23043.75,625200,23040.0,23044.8,8937550,125,200
2025-01-29 09:41:35.066706,NIFTY30JAN25F,NIFTY,23044.8,626300,23044.8,23045.0,8937550,25,400
2025-01-29 09:41:36.525494,NIFTY30JAN25F,NIFTY,23045.0,626650,23041.45,23045.0,8937550,25,200
2025-01-29 09:41:38.100740,NIFTY30JAN25F,NIFTY,23041.5,626800,23041.6,23045.0,8937550,50,150
2025-01-29 09:41:39.668401,NIFTY30JAN25F,NIFTY,23046.9,627175,23041.3,23046.95,8937550,150,250
2025-01-29 09:41:41.245111,NIFTY30JAN25F,NIFTY,23043.0,627200,23041.35,23046.75,8937550,150,25
2025-01-29 09:41:42.740517,NIFTY30JAN25F,NIFTY,23041.6,627625,23042.4,23047.6,8937550,200,50
2025-01-29 09:41:44.430686,NIFTY30JAN25F,NIFTY,23043.75,627650,23042.55,23047.0,8937550,150,25
2025-01-29 09:41:46.388375,NIFTY30JAN25F,NIFTY,23048.75,627850,23044.55,23048.35,8937550,50,750
2025-01-29 09:41:48.005980,NIFTY30JAN25F,NIFTY,23044.8,627950,23044.55,23047.0,8937550,25,25
2025-01-29 09:41:49.439529,NIFTY30JAN25F,NIFTY,23044.6,628225,23044.55,23049.95,8937550,25,50
2025-01-29 09:41:50.740679,NIFTY30JAN25F,NIFTY,23050.4,628225,23044.55,23049.95,8937550,25,50
2025-01-29 09:41:52.096198,NIFTY30JAN25F,NIFTY,23050.4,628425,23045.8,23051.0,8937550,125,25
2025-01-29 09:41:53.431769,NIFTY30JAN25F,NIFTY,23051.2,628675,23046.0,23051.4,8937550,125,50
2025-01-29 09:41:54.836998,NIFTY30JAN25F,NIFTY,23046.55,629000,23045.75,23051.65,8937550,125,100
2025-01-29 09:41:56.259443,NIFTY30JAN25F,NIFTY,23050.4,629075,23045.75,23051.35,8937550,25,100
2025-01-29 09:41:57.605443,NIFTY30JAN25F,NIFTY,23049.15,629075,23045.75,23051.35,8937550,25,100
2025-01-29 09:41:58.956949,NIFTY30JAN25F,NIFTY,23050.0,629175,23045.75,23050.8,8937550,25,100
2025-01-29 09:42:00.307181,NIFTY30JAN25F,NIFTY,23051.25,629500,23045.8,23051.3,8937550,125,125
2025-01-29 09:42:01.627024,NIFTY30JAN25F,NIFTY,23050.0,629600,23045.8,23050.8,8937550,50,150
2025-01-29 09:42:02.968454,NIFTY30JAN25F,NIFTY,23048.05,629675,23045.8,23048.75,8937550,25,25
2025-01-29 09:42:04.426876,NIFTY30JAN25F,NIFTY,23047.45,629725,23045.8,23047.45,8937550,25,75
2025-01-29 09:42:05.733383,NIFTY30JAN25F,NIFTY,23047.9,629725,23045.8,23047.45,8937550,25,75
2025-01-29 09:42:07.082781,NIFTY30JAN25F,NIFTY,23042.05,629975,23042.05,23045.8,8937550,25,25
2025-01-29 09:42:08.421674,NIFTY30JAN25F,NIFTY,23044.6,630300,23045.8,23049.0,8937550,25,200
2025-01-29 09:42:09.759341,NIFTY30JAN25F,NIFTY,23051.25,630500,23049.0,23051.25,8937550,200,25
2025-01-29 09:42:11.073489,NIFTY30JAN25F,NIFTY,23049.0,630500,23049.0,23051.25,8937550,200,25
2025-01-29 09:42:12.386613,NIFTY30JAN25F,NIFTY,23049.15,630625,23049.0,23051.9,8937550,450,25
2025-01-29 09:42:13.867410,NIFTY30JAN25F,NIFTY,23047.2,630825,23049.25,23052.0,8937550,100,25
2025-01-29 09:42:15.276742,NIFTY30JAN25F,NIFTY,23046.1,631375,23046.1,23052.0,8937550,100,25
2025-01-29 09:42:16.648354,NIFTY30JAN25F,NIFTY,23046.5,631975,23045.8,23049.25,8937550,100,100
2025-01-29 09:42:18.005737,NIFTY30JAN25F,NIFTY,23046.6,632175,23047.65,23053.0,8937550,100,25
2025-01-29 09:42:19.359168,NIFTY30JAN25F,NIFTY,23054.0,632175,23047.65,23053.0,8937550,100,25
2025-01-29 09:42:20.676562,NIFTY30JAN25F,NIFTY,23054.0,632575,23049.2,23054.3,8937550,150,125
2025-01-29 09:42:22.003133,NIFTY30JAN25F,NIFTY,23050.0,632600,23050.0,23053.0,8937550,100,25
2025-01-29 09:42:23.589194,NIFTY30JAN25F,NIFTY,23053.15,632775,23048.4,23053.95,8937550,100,25
2025-01-29 09:42:24.923098,NIFTY30JAN25F,NIFTY,23051.05,632825,23047.1,23051.0,8937550,100,25
2025-01-29 09:42:26.440987,NIFTY30JAN25F,NIFTY,23051.5,632850,23047.6,23053.15,8937550,75,25
2025-01-29 09:42:28.077227,NIFTY30JAN25F,NIFTY,23051.7,632875,23048.25,23053.0,8937550,75,25
2025-01-29 09:42:29.606582,NIFTY30JAN25F,NIFTY,23051.7,632875,23052.35,23053.0,8937550,25,25
2025-01-29 09:42:30.937999,NIFTY30JAN25F,NIFTY,23059.6,632875,23052.35,23053.0,8937550,25,25
2025-01-29 09:42:32.286382,NIFTY30JAN25F,NIFTY,23053.8,633625,23053.85,23059.45,8937550,75,50
2025-01-29 09:42:33.788802,NIFTY30JAN25F,NIFTY,23058.5,635775,23053.75,23059.2,8937550,75,25
2025-01-29 09:42:35.224132,NIFTY30JAN25F,NIFTY,23057.2,636725,23053.65,23058.6,8937550,50,25
2025-01-29 09:42:36.544368,NIFTY30JAN25F,NIFTY,23050.7,636800,23051.65,23056.3,8937550,75,25
2025-01-29 09:42:37.916621,NIFTY30JAN25F,NIFTY,23052.6,636875,23053.0,23057.1,8937550,25,300
2025-01-29 09:42:39.536300,NIFTY30JAN25F,NIFTY,23057.55,638000,23051.7,23057.7,8937550,75,275
2025-01-29 09:42:41.017279,NIFTY30JAN25F,NIFTY,23053.05,638000,23051.7,23057.7,8937550,75,275
2025-01-29 09:42:42.496055,NIFTY30JAN25F,NIFTY,23057.55,639075,23053.05,23057.7,8937550,25,50
2025-01-29 09:42:44.142083,NIFTY30JAN25F,NIFTY,23052.65,639400,23052.0,23058.3,8937550,75,125
2025-01-29 09:42:46.476216,NIFTY30JAN25F,NIFTY,23052.0,639450,23050.0,23054.85,8937550,575,50
2025-01-29 09:42:47.996141,NIFTY30JAN25F,NIFTY,23054.95,641550,23047.65,23053.75,8937550,100,50
2025-01-29 09:42:49.836171,NIFTY30JAN25F,NIFTY,23055.9,643675,23050.0,23055.6,8937550,175,25
2025-01-29 09:42:51.622653,NIFTY30JAN25F,NIFTY,23047.7,643950,23050.15,23056.1,8937550,125,100
2025-01-29 09:42:53.380682,NIFTY30JAN25F,NIFTY,23055.0,645000,23052.2,23056.4,8937550,50,25
2025-01-29 09:42:54.956779,NIFTY30JAN25F,NIFTY,23055.85,645025,23055.05,23056.0,8937550,25,25
2025-01-29 09:42:57.243713,NIFTY30JAN25F,NIFTY,23050.3,646075,23055.25,23056.45,8937550,50,25
2025-01-29 09:42:58.910170,NIFTY30JAN25F,NIFTY,23056.65,646425,23051.1,23056.55,8937550,50,100
2025-01-29 09:43:00.452620,NIFTY30JAN25F,NIFTY,23051.2,646575,23051.2,23055.75,8937550,75,25
2025-01-29 09:43:02.040863,NIFTY30JAN25F,NIFTY,23060.0,646625,23054.7,23055.3,8946850,50,25
2025-01-29 09:43:03.808719,NIFTY30JAN25F,NIFTY,23060.0,647750,23058.65,23060.0,8946850,25,1175
2025-01-29 09:43:05.156017,NIFTY30JAN25F,NIFTY,23066.05,652575,23065.0,23068.0,8946850,25,25
2025-01-29 09:43:06.560636,NIFTY30JAN25F,NIFTY,23065.0,653000,23060.9,23066.45,8946850,100,100
2025-01-29 09:43:07.916145,NIFTY30JAN25F,NIFTY,23060.15,653350,23059.45,23065.85,8946850,50,125
2025-01-29 09:43:09.266133,NIFTY30JAN25F,NIFTY,23068.7,653350,23059.45,23065.85,8946850,50,125
2025-01-29 09:43:10.616131,NIFTY30JAN25F,NIFTY,23065.45,653975,23065.45,23069.0,8946850,100,50
2025-01-29 09:43:11.991313,NIFTY30JAN25F,NIFTY,23066.25,654150,23062.6,23069.0,8946850,100,150
2025-01-29 09:43:13.666023,NIFTY30JAN25F,NIFTY,23065.45,655475,23065.85,23068.0,8946850,125,50
2025-01-29 09:43:14.995864,NIFTY30JAN25F,NIFTY,23071.3,657525,23063.65,23069.65,8946850,100,50
2025-01-29 09:43:16.326065,NIFTY30JAN25F,NIFTY,23068.8,658100,23063.0,23069.15,8946850,100,75
2025-01-29 09:43:17.644289,NIFTY30JAN25F,NIFTY,23068.9,658100,23063.0,23069.15,8946850,100,75
2025-01-29 09:43:20.031561,NIFTY30JAN25F,NIFTY,23068.95,658400,23062.55,23068.45,8946850,100,300
2025-01-29 09:43:21.375821,NIFTY30JAN25F,NIFTY,23068.9,658750,23062.95,23068.4,8946850,100,150
2025-01-29 09:43:23.237742,NIFTY30JAN25F,NIFTY,23063.2,658825,23062.95,23065.0,8946850,50,25
2025-01-29 09:43:24.595946,NIFTY30JAN25F,NIFTY,23065.0,658850,23062.95,23063.35,8946850,50,50
2025-01-29 09:43:25.945366,NIFTY30JAN25F,NIFTY,23067.2,658850,23062.95,23063.35,8946850,50,50
2025-01-29 09:43:27.297462,NIFTY30JAN25F,NIFTY,23068.45,659075,23063.35,23068.45,8946850,525,175
2025-01-29 09:43:28.807690,NIFTY30JAN25F,NIFTY,23069.1,661300,23062.85,23068.45,8946850,100,100
2025-01-29 09:43:30.145713,NIFTY30JAN25F,NIFTY,23063.45,661475,23062.85,23067.95,8946850,25,100
2025-01-29 09:43:31.482100,NIFTY30JAN25F,NIFTY,23068.8,662125,23066.1,23066.95,8946850,50,100
2025-01-29 09:43:32.814106,NIFTY30JAN25F,NIFTY,23066.8,662125,23066.1,23066.95,8946850,50,100
2025-01-29 09:43:34.137061,NIFTY30JAN25F,NIFTY,23063.5,663775,23063.45,23068.45,8946850,25,300
2025-01-29 09:43:35.485918,NIFTY30JAN25F,NIFTY,23066.1,663875,23066.1,23068.95,8946850,650,300
2025-01-29 09:43:36.880601,NIFTY30JAN25F,NIFTY,23067.0,663925,23066.1,23067.0,8946850,650,25
2025-01-29 09:43:38.223617,NIFTY30JAN25F,NIFTY,23068.0,664075,23067.0,23069.95,8946850,25,300
2025-01-29 09:43:39.535870,NIFTY30JAN25F,NIFTY,23066.55,664950,23066.55,23071.85,8946850,100,150
2025-01-29 09:43:40.893773,NIFTY30JAN25F,NIFTY,23067.0,664950,23066.55,23071.85,8946850,100,150
2025-01-29 09:43:42.244637,NIFTY30JAN25F,NIFTY,23070.0,665075,23066.1,23069.35,8946850,600,25
2025-01-29 09:43:43.566024,NIFTY30JAN25F,NIFTY,23067.0,666000,23067.0,23070.0,8946850,4775,325
2025-01-29 09:43:44.885706,NIFTY30JAN25F,NIFTY,23070.95,666700,23067.0,23070.95,8946850,4600,100
2025-01-29 09:43:46.256192,NIFTY30JAN25F,NIFTY,23067.0,667050,23067.0,23070.95,8946850,4325,250
2025-01-29 09:43:47.656565,NIFTY30JAN25F,NIFTY,23068.45,667050,23067.0,23070.95,8946850,4325,250
2025-01-29 09:43:49.483960,NIFTY30JAN25F,NIFTY,23069.5,667350,23067.0,23070.0,8946850,4325,25
2025-01-29 09:43:50.828786,NIFTY30JAN25F,NIFTY,23070.95,668200,23068.45,23070.0,8946850,25,25
2025-01-29 09:43:52.206463,NIFTY30JAN25F,NIFTY,23068.45,668250,23068.45,23071.0,8946850,50,150
2025-01-29 09:43:53.605439,NIFTY30JAN25F,NIFTY,23075.0,670675,23071.25,23075.0,8946850,25,425
2025-01-29 09:43:54.942351,NIFTY30JAN25F,NIFTY,23073.2,672125,23072.0,23077.0,8946850,100,50
2025-01-29 09:43:56.265608,NIFTY30JAN25F,NIFTY,23075.0,672425,23073.8,23077.0,8946850,125,25
2025-01-29 09:43:57.802953,NIFTY30JAN25F,NIFTY,23078.0,672425,23073.8,23077.0,8946850,125,25
2025-01-29 09:43:59.140218,NIFTY30JAN25F,NIFTY,23071.0,673125,23071.0,23074.2,8946850,150,100
2025-01-29 09:44:00.655554,NIFTY30JAN25F,NIFTY,23068.6,673450,23069.5,23074.0,8946850,50,200
2025-01-29 09:44:01.970756,NIFTY30JAN25F,NIFTY,23067.1,675650,23067.05,23073.5,8946850,100,75
2025-01-29 09:44:03.349161,NIFTY30JAN25F,NIFTY,23070.0,675975,23070.0,23072.0,8946850,150,75
2025-01-29 09:44:04.784095,NIFTY30JAN25F,NIFTY,23067.0,676300,23067.0,23069.0,8946850,3525,50
2025-01-29 09:44:06.126488,NIFTY30JAN25F,NIFTY,23069.4,676300,23067.0,23069.0,8946850,3525,50
2025-01-29 09:44:07.479663,NIFTY30JAN25F,NIFTY,23065.9,681425,23064.0,23065.0,8946850,125,25
2025-01-29 09:44:08.810450,NIFTY30JAN25F,NIFTY,23060.0,683525,23061.0,23063.65,8946850,600,75
2025-01-29 09:44:10.175933,NIFTY30JAN25F,NIFTY,23062.1,684850,23058.2,23062.15,8946850,25,25
2025-01-29 09:44:11.586685,NIFTY30JAN25F,NIFTY,23056.1,685225,23056.0,23061.5,8946850,200,100
2025-01-29 09:44:12.898831,NIFTY30JAN25F,NIFTY,23056.0,685225,23056.0,23061.5,8946850,200,100
2025-01-29 09:44:14.317432,NIFTY30JAN25F,NIFTY,23053.6,686750,23053.5,23059.75,8946850,75,100
2025-01-29 09:44:15.750137,NIFTY30JAN25F,NIFTY,23053.5,690050,23056.1,23058.6,8946850,150,125
2025-01-29 09:44:17.220970,NIFTY30JAN25F,NIFTY,23054.7,690250,23053.5,23055.85,8946850,625,50
2025-01-29 09:44:18.535186,NIFTY30JAN25F,NIFTY,23046.6,697025,23046.6,23046.9,8946850,100,25
2025-01-29 09:44:19.887033,NIFTY30JAN25F,NIFTY,23047.0,698500,23047.0,23048.6,8946850,150,25
2025-01-29 09:44:21.359376,NIFTY30JAN25F,NIFTY,23048.8,700075,23047.3,23049.1,8946850,25,175
2025-01-29 09:44:22.675130,NIFTY30JAN25F,NIFTY,23048.6,700075,23047.3,23049.1,8946850,25,175
2025-01-29 09:44:23.970297,NIFTY30JAN25F,NIFTY,23048.8,700925,23048.8,23053.0,8946850,75,75
2025-01-29 09:44:25.355281,NIFTY30JAN25F,NIFTY,23049.85,701025,23053.0,23055.0,8946850,75,25
2025-01-29 09:44:26.731985,NIFTY30JAN25F,NIFTY,23050.5,701350,23049.0,23055.3,8946850,200,100
2025-01-29 09:44:28.078669,NIFTY30JAN25F,NIFTY,23055.35,701450,23050.75,23055.5,8946850,200,50
2025-01-29 09:44:29.389200,NIFTY30JAN25F,NIFTY,23055.7,701575,23055.25,23055.5,8946850,25,25
2025-01-29 09:44:31.555174,NIFTY30JAN25F,NIFTY,23055.25,702000,23049.55,23055.0,8946850,100,50
2025-01-29 09:44:32.975003,NIFTY30JAN25F,NIFTY,23055.9,702750,23055.15,23055.9,8946850,25,50
2025-01-29 09:44:35.582283,NIFTY30JAN25F,NIFTY,23055.25,702900,23052.0,23055.55,8946850,25,100
2025-01-29 09:44:37.110991,NIFTY30JAN25F,NIFTY,23052.0,702925,23054.0,23055.0,8946850,25,200
2025-01-29 09:44:38.504935,NIFTY30JAN25F,NIFTY,23054.0,703525,23050.0,23054.35,8946850,1750,1125
2025-01-29 09:44:39.859441,NIFTY30JAN25F,NIFTY,23050.05,703700,23050.0,23052.25,8946850,1700,50
2025-01-29 09:44:41.199547,NIFTY30JAN25F,NIFTY,23053.15,703700,23050.0,23052.25,8946850,1700,50
2025-01-29 09:44:42.518760,NIFTY30JAN25F,NIFTY,23053.15,704025,23050.35,23055.0,8946850,125,25
2025-01-29 09:44:43.873371,NIFTY30JAN25F,NIFTY,23052.0,704125,23052.0,23055.0,8946850,200,375
2025-01-29 09:44:45.308555,NIFTY30JAN25F,NIFTY,23055.0,704450,23052.0,23055.0,8946850,150,125
2025-01-29 09:44:46.725019,NIFTY30JAN25F,NIFTY,23055.0,704650,23055.0,23055.15,8946850,50,25
2025-01-29 09:44:48.079344,NIFTY30JAN25F,NIFTY,23055.25,704775,23055.15,23055.7,8946850,50,25
2025-01-29 09:44:49.433372,NIFTY30JAN25F,NIFTY,23055.7,704775,23055.15,23055.7,8946850,50,25
2025-01-29 09:44:50.744971,NIFTY30JAN25F,NIFTY,23055.0,705650,23055.7,23058.85,8946850,25,25
2025-01-29 09:44:52.079001,NIFTY30JAN25F,NIFTY,23055.65,705750,23054.05,23055.65,8946850,75,25
2025-01-29 09:44:53.394759,NIFTY30JAN25F,NIFTY,23055.95,705875,23055.95,23059.25,8946850,175,25
2025-01-29 09:44:54.964912,NIFTY30JAN25F,NIFTY,23055.9,706125,23055.9,23059.9,8946850,25,175
2025-01-29 09:44:56.271331,NIFTY30JAN25F,NIFTY,23055.9,706125,23058.3,23058.5,8946850,25,125
2025-01-29 09:44:57.614743,NIFTY30JAN25F,NIFTY,23058.3,706125,23058.3,23058.5,8946850,25,125
2025-01-29 09:44:58.954456,NIFTY30JAN25F,NIFTY,23055.0,706375,23055.9,23057.5,8946850,50,175
2025-01-29 09:45:00.999154,NIFTY30JAN25F,NIFTY,23056.75,707925,23055.05,23056.75,8946850,25,50
2025-01-29 09:45:02.334691,NIFTY30JAN25F,NIFTY,23056.75,708025,23056.75,23058.0,8946850,50,250
2025-01-29 09:45:03.665085,NIFTY30JAN25F,NIFTY,23055.0,709200,23055.0,23056.7,8946850,675,50
2025-01-29 09:45:04.995721,NIFTY30JAN25F,NIFTY,23057.65,709925,23055.0,23058.4,8946850,750,75
2025-01-29 09:45:06.324812,NIFTY30JAN25F,NIFTY,23059.85,710250,23058.0,23059.9,8946850,50,75
2025-01-29 09:45:07.720458,NIFTY30JAN25F,NIFTY,23060.0,710250,23058.0,23059.9,8946850,50,75
2025-01-29 09:45:09.056401,NIFTY30JAN25F,NIFTY,23063.55,711825,23058.85,23063.25,8946850,25,150
2025-01-29 09:45:10.374581,NIFTY30JAN25F,NIFTY,23063.35,711975,23059.55,23063.8,8946850,25,150
2025-01-29 09:45:11.838412,NIFTY30JAN25F,NIFTY,23065.0,712175,23059.1,23064.3,8946850,300,350
2025-01-29 09:45:13.485293,NIFTY30JAN25F,NIFTY,23061.55,712350,23061.55,23066.45,8946850,25,250
2025-01-29 09:45:15.055717,NIFTY30JAN25F,NIFTY,23067.2,712475,23063.15,23067.9,8946850,25,125
2025-01-29 09:45:16.371608,NIFTY30JAN25F,NIFTY,23067.65,712550,23063.15,23067.9,8946850,25,25
2025-01-29 09:45:17.724488,NIFTY30JAN25F,NIFTY,23063.15,712550,23063.15,23067.9,8946850,25,25
2025-01-29 09:45:19.069153,NIFTY30JAN25F,NIFTY,23066.45,712600,23063.15,23065.4,8946850,25,50
2025-01-29 09:45:20.400931,NIFTY30JAN25F,NIFTY,23063.15,712975,23058.45,23064.5,8946850,250,250
2025-01-29 09:45:21.724460,NIFTY30JAN25F,NIFTY,23061.7,714825,23058.45,23061.3,8946850,75,50
2025-01-29 09:45:23.092451,NIFTY30JAN25F,NIFTY,23063.0,714850,23062.9,23063.0,8946850,75,125
2025-01-29 09:45:24.461552,NIFTY30JAN25F,NIFTY,23062.9,714850,23062.9,23063.0,8946850,75,125
2025-01-29 09:45:25.784600,NIFTY30JAN25F,NIFTY,23062.9,714900,23062.9,23063.15,8946850,75,125
2025-01-29 09:45:27.124725,NIFTY30JAN25F,NIFTY,23063.15,715375,23063.15,23065.95,8946850,75,125
2025-01-29 09:45:28.474537,NIFTY30JAN25F,NIFTY,23061.45,715675,23061.2,23063.95,8946850,150,225
2025-01-29 09:45:29.843558,NIFTY30JAN25F,NIFTY,23064.0,716075,23063.95,23067.75,8946850,25,225
2025-01-29 09:45:31.163763,NIFTY30JAN25F,NIFTY,23066.7,716075,23063.95,23067.75,8946850,25,225
2025-01-29 09:45:32.521076,NIFTY30JAN25F,NIFTY,23064.05,716125,23064.0,23067.55,8946850,25,375
2025-01-29 09:45:33.868508,NIFTY30JAN25F,NIFTY,23061.25,716425,23061.2,23063.0,8946850,700,925
2025-01-29 09:45:35.187115,NIFTY30JAN25F,NIFTY,23061.2,717500,23061.3,23063.4,8946850,50,25
2025-01-29 09:45:36.532225,NIFTY30JAN25F,NIFTY,23061.45,717675,23061.2,23065.9,8946850,625,25
2025-01-29 09:45:37.874437,NIFTY30JAN25F,NIFTY,23064.65,717675,23061.2,23065.9,8946850,625,25
2025-01-29 09:45:39.194509,NIFTY30JAN25F,NIFTY,23065.2,717800,23061.6,23065.2,8946850,150,25
2025-01-29 09:45:40.524248,NIFTY30JAN25F,NIFTY,23062.95,717825,23062.05,23065.9,8946850,150,25
2025-01-29 09:45:42.268939,NIFTY30JAN25F,NIFTY,23065.25,717875,23061.3,23064.05,8946850,25,100
2025-01-29 09:45:43.604375,NIFTY30JAN25F,NIFTY,23065.55,718600,23061.3,23065.55,8946850,50,150
2025-01-29 09:45:44.954707,NIFTY30JAN25F,NIFTY,23061.8,719825,23061.2,23061.7,8946850,550,100
2025-01-29 09:45:46.294363,NIFTY30JAN25F,NIFTY,23060.0,719825,23061.2,23061.7,8946850,550,100
2025-01-29 09:45:47.617308,NIFTY30JAN25F,NIFTY,23052.75,721125,23055.1,23055.95,8946850,300,25
2025-01-29 09:45:48.968984,NIFTY30JAN25F,NIFTY,23051.65,722725,23050.45,23054.8,8946850,50,25
2025-01-29 09:45:50.324299,NIFTY30JAN25F,NIFTY,23056.55,722775,23053.95,23058.55,8946850,125,25
2025-01-29 09:45:51.642681,NIFTY30JAN25F,NIFTY,23055.85,722900,23056.3,23058.55,8946850,25,25
2025-01-29 09:45:52.991580,NIFTY30JAN25F,NIFTY,23056.5,722900,23056.3,23058.55,8946850,25,25
2025-01-29 09:45:54.364235,NIFTY30JAN25F,NIFTY,23053.95,723100,23053.85,23059.3,8946850,125,75
2025-01-29 09:45:55.689432,NIFTY30JAN25F,NIFTY,23057.55,724075,23053.8,23057.8,8946850,50,50
2025-01-29 09:45:57.003384,NIFTY30JAN25F,NIFTY,23058.4,724100,23053.8,23057.0,8946850,75,50
2025-01-29 09:45:58.347389,NIFTY30JAN25F,NIFTY,23054.0,724200,23054.1,23055.85,8946850,50,250
2025-01-29 09:45:59.729768,NIFTY30JAN25F,NIFTY,23054.1,724200,23054.1,23055.85,8946850,50,250
2025-01-29 09:46:01.081835,NIFTY30JAN25F,NIFTY,23051.5,724250,23054.2,23054.85,8946850,175,25
2025-01-29 09:46:02.431988,NIFTY30JAN25F,NIFTY,23050.0,728875,23046.15,23047.8,8946850,100,100
2025-01-29 09:46:03.823235,NIFTY30JAN25F,NIFTY,23052.7,730100,23051.0,23051.6,8952300,250,25
2025-01-29 09:46:05.174035,NIFTY30JAN25F,NIFTY,23050.15,731550,23046.25,23050.65,8952300,25,225
2025-01-29 09:46:06.571668,NIFTY30JAN25F,NIFTY,23046.45,732050,23046.4,23046.45,8952300,50,100
2025-01-29 09:46:07.924087,NIFTY30JAN25F,NIFTY,23047.4,732050,23046.4,23046.45,8952300,50,100
2025-01-29 09:46:09.254876,NIFTY30JAN25F,NIFTY,23046.6,733800,23046.5,23048.45,8952300,50,75
2025-01-29 09:46:10.605591,NIFTY30JAN25F,NIFTY,23046.7,734200,23046.8,23046.85,8952300,125,50
2025-01-29 09:46:12.188920,NIFTY30JAN25F,NIFTY,23046.0,735475,23047.0,23048.15,8952300,75,50
2025-01-29 09:46:13.505519,NIFTY30JAN25F,NIFTY,23044.6,737850,23041.2,23044.9,8952300,25,75
2025-01-29 09:46:14.847570,NIFTY30JAN25F,NIFTY,23041.4,738000,23041.5,23044.3,8952300,75,25
2025-01-29 09:46:16.176176,NIFTY30JAN25F,NIFTY,23045.6,738000,23041.5,23044.3,8952300,75,25
2025-01-29 09:46:17.578490,NIFTY30JAN25F,NIFTY,23041.8,739150,23042.05,23044.9,8952300,25,50
2025-01-29 09:46:18.911333,NIFTY30JAN25F,NIFTY,23043.15,739600,23043.2,23046.85,8952300,100,25
2025-01-29 09:46:20.249634,NIFTY30JAN25F,NIFTY,23046.8,739650,23046.8,23047.2,8952300,25,125
2025-01-29 09:46:21.579796,NIFTY30JAN25F,NIFTY,23042.0,739850,23042.05,23045.6,8952300,100,25
2025-01-29 09:46:22.917189,NIFTY30JAN25F,NIFTY,23045.6,739850,23042.05,23045.6,8952300,100,25
2025-01-29 09:46:24.248465,NIFTY30JAN25F,NIFTY,23046.85,740000,23042.3,23047.05,8952300,75,25
2025-01-29 09:46:25.595368,NIFTY30JAN25F,NIFTY,23045.0,740000,23043.35,23045.0,8952300,100,75
2025-01-29 09:46:26.939860,NIFTY30JAN25F,NIFTY,23046.85,740100,23043.4,23046.0,8952300,100,50
2025-01-29 09:46:28.331127,NIFTY30JAN25F,NIFTY,23046.85,740175,23043.4,23044.9,8952300,100,125
2025-01-29 09:46:29.720382,NIFTY30JAN25F,NIFTY,23041.7,740175,23043.4,23044.9,8952300,100,125
2025-01-29 09:46:31.101544,NIFTY30JAN25F,NIFTY,23041.4,740750,23041.15,23043.55,8952300,50,25
2025-01-29 09:46:32.446009,NIFTY30JAN25F,NIFTY,23040.0,743650,23040.15,23040.45,8952300,25,250
2025-01-29 09:46:33.781496,NIFTY30JAN25F,NIFTY,23039.95,745800,23040.45,23040.5,8952300,200,250
2025-01-29 09:46:35.100487,NIFTY30JAN25F,NIFTY,23040.0,747300,23040.0,23043.6,8952300,125,225
2025-01-29 09:46:36.469466,NIFTY30JAN25F,NIFTY,23039.05,747425,23039.05,23041.45,8952300,25,225
2025-01-29 09:46:37.782241,NIFTY30JAN25F,NIFTY,23039.05,747425,23039.05,23041.45,8952300,25,225
2025-01-29 09:46:39.112148,NIFTY30JAN25F,NIFTY,23038.3,747800,23036.85,23041.3,8952300,25,225
2025-01-29 09:46:40.452611,NIFTY30JAN25F,NIFTY,23039.65,747825,23039.35,23041.25,8952300,25,25
2025-01-29 09:46:41.782336,NIFTY30JAN25F,NIFTY,23035.85,749225,23035.85,23040.15,8952300,400,75
2025-01-29 09:46:43.113146,NIFTY30JAN25F,NIFTY,23035.1,749225,23035.85,23040.15,8952300,400,75
2025-01-29 09:46:44.482325,NIFTY30JAN25F,NIFTY,23035.0,749250,23035.85,23038.75,8952300,25,125
2025-01-29 09:46:45.818034,NIFTY30JAN25F,NIFTY,23039.05,749375,23035.2,23038.35,8952300,25,50
2025-01-29 09:46:47.192804,NIFTY30JAN25F,NIFTY,23035.5,750850,23035.5,23039.65,8952300,200,25
2025-01-29 09:46:48.533606,NIFTY30JAN25F,NIFTY,23036.05,750875,23036.1,23039.0,8952300,200,100
2025-01-29 09:46:49.867368,NIFTY30JAN25F,NIFTY,23040.15,751225,23036.45,23041.0,8952300,300,25
2025-01-29 09:46:51.177390,NIFTY30JAN25F,NIFTY,23040.15,751225,23036.45,23041.0,8952300,300,25
2025-01-29 09:46:52.520865,NIFTY30JAN25F,NIFTY,23045.3,752525,23039.1,23043.25,8952300,250,25
2025-01-29 09:46:53.862984,NIFTY30JAN25F,NIFTY,23043.25,752650,23041.95,23045.7,8952300,300,50
2025-01-29 09:46:55.199089,NIFTY30JAN25F,NIFTY,23043.25,752650,23037.95,23042.9,8952300,100,25
2025-01-29 09:46:56.532877,NIFTY30JAN25F,NIFTY,23037.9,752675,23037.6,23041.0,8952300,100,75
2025-01-29 09:46:57.853065,NIFTY30JAN25F,NIFTY,23041.0,752675,23037.6,23041.0,8952300,100,75
2025-01-29 09:46:59.176579,NIFTY30JAN25F,NIFTY,23040.25,752775,23040.1,23044.65,8952300,100,125
2025-01-29 09:47:00.502935,NIFTY30JAN25F,NIFTY,23046.6,752975,23044.7,23046.7,8952300,225,125
2025-01-29 09:47:01.882939,NIFTY30JAN25F,NIFTY,23044.85,753075,23044.85,23047.6,8952300,200,50
2025-01-29 09:47:03.244706,NIFTY30JAN25F,NIFTY,23049.55,753075,23044.85,23047.6,8952300,200,50
2025-01-29 09:47:04.608916,NIFTY30JAN25F,NIFTY,23047.85,753175,23047.7,23049.6,8952300,50,50
2025-01-29 09:47:05.935153,NIFTY30JAN25F,NIFTY,23050.0,753300,23047.8,23049.5,8952300,150,125
2025-01-29 09:47:07.283657,NIFTY30JAN25F,NIFTY,23052.0,753425,23048.2,23052.0,8952300,25,150
2025-01-29 09:47:08.952981,NIFTY30JAN25F,NIFTY,23051.05,753625,23051.05,23054.85,8952300,125,150
2025-01-29 09:47:10.418298,NIFTY30JAN25F,NIFTY,23051.05,753625,23052.3,23054.95,8952300,25,175
2025-01-29 09:47:11.823001,NIFTY30JAN25F,NIFTY,23056.3,753650,23052.3,23054.95,8952300,25,75
2025-01-29 09:47:13.181603,NIFTY30JAN25F,NIFTY,23056.3,753650,23052.3,23054.95,8952300,25,75
2025-01-29 09:47:14.534902,NIFTY30JAN25F,NIFTY,23054.2,753800,23054.2,23056.6,8952300,150,225
2025-01-29 09:47:15.882160,NIFTY30JAN25F,NIFTY,23054.2,753975,23049.9,23055.1,8952300,100,125
2025-01-29 09:47:17.236987,NIFTY30JAN25F,NIFTY,23054.6,753975,23049.95,23054.9,8952300,100,25
2025-01-29 09:47:18.777300,NIFTY30JAN25F,NIFTY,23051.15,757775,23051.15,23055.0,8952300,100,300
2025-01-29 09:47:20.117385,NIFTY30JAN25F,NIFTY,23051.2,757950,23051.2,23055.0,8952300,100,300
2025-01-29 09:47:21.426156,NIFTY30JAN25F,NIFTY,23051.45,757950,23051.2,23055.0,8952300,100,300
2025-01-29 09:47:22.739041,NIFTY30JAN25F,NIFTY,23050.1,758550,23051.0,23055.0,8952300,100,500
2025-01-29 09:47:24.171639,NIFTY30JAN25F,NIFTY,23051.3,758575,23051.0,23054.6,8952300,25,25
2025-01-29 09:47:25.483111,NIFTY30JAN25F,NIFTY,23051.3,758575,23051.15,23053.95,8952300,25,125
2025-01-29 09:47:26.823140,NIFTY30JAN25F,NIFTY,23051.3,758575,23051.15,23053.4,8952300,75,125
2025-01-29 09:47:28.153364,NIFTY30JAN25F,NIFTY,23051.15,758575,23051.15,23053.4,8952300,75,125
2025-01-29 09:47:29.573135,NIFTY30JAN25F,NIFTY,23051.15,758675,23050.0,23051.55,8952300,600,125
2025-01-29 09:47:30.909660,NIFTY30JAN25F,NIFTY,23051.15,758675,23050.0,23051.15,8952300,600,25
2025-01-29 09:47:32.252913,NIFTY30JAN25F,NIFTY,23051.15,758900,23050.05,23052.4,8952300,25,125
2025-01-29 09:47:33.593765,NIFTY30JAN25F,NIFTY,23051.15,758975,23050.1,23054.95,8952300,125,125
2025-01-29 09:47:34.942659,NIFTY30JAN25F,NIFTY,23051.15,759100,23050.15,23054.95,8952300,125,25
2025-01-29 09:47:36.715473,NIFTY30JAN25F,NIFTY,23050.1,759200,23051.0,23055.0,8952300,1800,700
2025-01-29 09:47:38.053386,NIFTY30JAN25F,NIFTY,23051.1,759200,23051.0,23055.0,8952300,1800,700
2025-01-29 09:47:39.397157,NIFTY30JAN25F,NIFTY,23051.0,760275,23051.5,23055.95,8952300,150,25
2025-01-29 09:47:40.726992,NIFTY30JAN25F,NIFTY,23051.0,760300,23051.3,23055.85,8952300,25,25
2025-01-29 09:47:42.044840,NIFTY30JAN25F,NIFTY,23051.35,760425,23051.35,23055.95,8952300,150,25
2025-01-29 09:47:43.352843,NIFTY30JAN25F,NIFTY,23055.0,760525,23055.0,23058.15,8952300,950,125
2025-01-29 09:47:44.674879,NIFTY30JAN25F,NIFTY,23059.0,760525,23055.0,23058.15,8952300,950,125
2025-01-29 09:47:46.043630,NIFTY30JAN25F,NIFTY,23060.0,760975,23055.0,23060.15,8952300,950,125
2025-01-29 09:47:47.393867,NIFTY30JAN25F,NIFTY,23060.0,760975,23055.0,23058.75,8952300,950,25
2025-01-29 09:47:48.717357,NIFTY30JAN25F,NIFTY,23060.0,760975,23055.0,23056.7,8952300,950,325
2025-01-29 09:47:50.063704,NIFTY30JAN25F,NIFTY,23057.0,761025,23055.0,23057.65,8952300,925,125
2025-01-29 09:47:51.372757,NIFTY30JAN25F,NIFTY,23058.15,761025,23055.0,23057.65,8952300,925,125
2025-01-29 09:47:52.695873,NIFTY30JAN25F,NIFTY,23057.0,761075,23055.05,23058.0,8952300,25,325
2025-01-29 09:47:54.052926,NIFTY30JAN25F,NIFTY,23057.2,761125,23055.05,23056.85,8952300,50,25
2025-01-29 09:47:55.378761,NIFTY30JAN25F,NIFTY,23055.05,761650,23055.05,23058.25,8952300,25,25
2025-01-29 09:47:56.699617,NIFTY30JAN25F,NIFTY,23055.05,761700,23055.05,23057.6,8952300,25,450
2025-01-29 09:47:58.032888,NIFTY30JAN25F,NIFTY,23057.9,761700,23055.05,23057.6,8952300,25,450
2025-01-29 09:47:59.374487,NIFTY30JAN25F,NIFTY,23057.9,761850,23055.05,23057.55,8952300,25,325
2025-01-29 09:48:01.612786,NIFTY30JAN25F,NIFTY,23055.5,763375,23052.0,23055.95,8952300,925,125
2025-01-29 09:48:03.035770,NIFTY30JAN25F,NIFTY,23052.0,763400,23052.0,23054.3,8952300,900,25
2025-01-29 09:48:04.902826,NIFTY30JAN25F,NIFTY,23053.8,763400,23052.0,23054.3,8952300,900,25
2025-01-29 09:48:06.286559,NIFTY30JAN25F,NIFTY,23052.0,763575,23052.0,23053.3,8952300,900,250
2025-01-29 09:48:07.890310,NIFTY30JAN25F,NIFTY,23050.0,763825,23052.05,23053.05,8952300,25,25
2025-01-29 09:48:09.202596,NIFTY30JAN25F,NIFTY,23048.95,770425,23048.1,23048.95,8952300,25,375
2025-01-29 09:48:10.557038,NIFTY30JAN25F,NIFTY,23043.15,771175,23044.95,23050.7,8952300,50,25
2025-01-29 09:48:11.912786,NIFTY30JAN25F,NIFTY,23043.15,771175,23044.75,23050.3,8952300,25,200
2025-01-29 09:48:13.241967,NIFTY30JAN25F,NIFTY,23044.75,771175,23044.75,23050.3,8952300,25,200
2025-01-29 09:48:14.575000,NIFTY30JAN25F,NIFTY,23044.75,771200,23042.05,23046.25,8952300,25,50
2025-01-29 09:48:15.902409,NIFTY30JAN25F,NIFTY,23044.6,771250,23042.05,23044.9,8952300,50,125
2025-01-29 09:48:17.242736,NIFTY30JAN25F,NIFTY,23044.6,771325,23042.05,23043.4,8952300,50,50
2025-01-29 09:48:18.572703,NIFTY30JAN25F,NIFTY,23042.0,771375,23042.05,23043.9,8952300,25,50
2025-01-29 09:48:19.912514,NIFTY30JAN25F,NIFTY,23044.65,771375,23042.05,23043.9,8952300,25,50
2025-01-29 09:48:21.273727,NIFTY30JAN25F,NIFTY,23042.05,772150,23042.05,23043.6,8952300,25,25
2025-01-29 09:48:22.593206,NIFTY30JAN25F,NIFTY,23042.0,772275,23042.05,23043.4,8952300,25,25
2025-01-29 09:48:23.912482,NIFTY30JAN25F,NIFTY,23041.05,772575,23040.0,23041.15,8952300,775,150
2025-01-29 09:48:25.462916,NIFTY30JAN25F,NIFTY,23042.0,772725,23040.0,23042.4,8952300,700,25
2025-01-29 09:48:26.812458,NIFTY30JAN25F,NIFTY,23044.15,773375,23040.0,23044.25,8952300,700,250
2025-01-29 09:48:28.149672,NIFTY30JAN25F,NIFTY,23040.0,773375,23040.0,23044.25,8952300,700,250
2025-01-29 09:48:29.503455,NIFTY30JAN25F,NIFTY,23040.0,773550,23040.6,23042.3,8952300,75,50
2025-01-29 09:48:30.976852,NIFTY30JAN25F,NIFTY,23042.0,773550,23040.6,23042.0,8952300,100,300
2025-01-29 09:48:32.287685,NIFTY30JAN25F,NIFTY,23040.6,773875,23040.6,23044.05,8952300,75,125
2025-01-29 09:48:33.613901,NIFTY30JAN25F,NIFTY,23040.6,773950,23040.6,23043.6,8952300,25,25
2025-01-29 09:48:35.019309,NIFTY30JAN25F,NIFTY,23040.6,773950,23042.0,23044.0,8952300,25,25
2025-01-29 09:48:36.332004,NIFTY30JAN25F,NIFTY,23040.6,773950,23042.0,23044.0,8952300,25,25
2025-01-29 09:48:37.717840,NIFTY30JAN25F,NIFTY,23042.0,774000,23042.0,23044.0,8952300,50,125
2025-01-29 09:48:39.042779,NIFTY30JAN25F,NIFTY,23042.0,774075,23040.0,23043.9,8952300,525,475
2025-01-29 09:48:40.512988,NIFTY30JAN25F,NIFTY,23041.15,774300,23040.0,23044.0,8952300,325,225
2025-01-29 09:48:41.930992,NIFTY30JAN25F,NIFTY,23045.85,774725,23040.85,23046.9,8952300,200,500
2025-01-29 09:48:43.264533,NIFTY30JAN25F,NIFTY,23046.5,774725,23040.85,23046.9,8952300,200,500
2025-01-29 09:48:44.628304,NIFTY30JAN25F,NIFTY,23046.5,774825,23042.0,23045.8,8952300,25,150
2025-01-29 09:48:45.972462,NIFTY30JAN25F,NIFTY,23044.35,774825,23042.0,23045.45,8952300,50,725
2025-01-29 09:48:47.296076,NIFTY30JAN25F,NIFTY,23044.05,774975,23040.5,23043.7,8952300,25,725
2025-01-29 09:48:48.622269,NIFTY30JAN25F,NIFTY,23044.5,776550,23040.55,23044.35,8952300,50,700
2025-01-29 09:48:49.932416,NIFTY30JAN25F,NIFTY,23044.5,776550,23040.55,23044.35,8952300,50,700
2025-01-29 09:48:51.253324,NIFTY30JAN25F,NIFTY,23040.55,776625,23040.55,23042.2,8952300,75,225
2025-01-29 09:48:52.565193,NIFTY30JAN25F,NIFTY,23040.0,776750,23040.0,23040.65,8952300,300,25
2025-01-29 09:48:53.902209,NIFTY30JAN25F,NIFTY,23034.0,779550,23034.0,23036.3,8952300,200,50
2025-01-29 09:48:55.238118,NIFTY30JAN25F,NIFTY,23035.35,779675,23034.0,23035.9,8952300,200,75
2025-01-29 09:48:56.922167,NIFTY30JAN25F,NIFTY,23036.5,779950,23036.5,23040.4,8952300,225,50
2025-01-29 09:48:58.244989,NIFTY30JAN25F,NIFTY,23042.0,779950,23036.5,23040.4,8952300,225,50
2025-01-29 09:48:59.562210,NIFTY30JAN25F,NIFTY,23037.55,780075,23037.1,23042.0,8952300,175,100
2025-01-29 09:49:00.872320,NIFTY30JAN25F,NIFTY,23041.0,780250,23039.65,23044.7,8952300,200,75
2025-01-29 09:49:02.266244,NIFTY30JAN25F,NIFTY,23036.6,780550,23040.0,23044.45,8952300,225,25
2025-01-29 09:49:03.604017,NIFTY30JAN25F,NIFTY,23042.15,780600,23040.05,23045.15,8960600,150,25
2025-01-29 09:49:04.935286,NIFTY30JAN25F,NIFTY,23040.0,780600,23040.05,23045.15,8960600,150,25
2025-01-29 09:49:06.300214,NIFTY30JAN25F,NIFTY,23046.9,780975,23040.0,23044.85,8960600,150,50
2025-01-29 09:49:07.647381,NIFTY30JAN25F,NIFTY,23046.9,781150,23041.45,23046.75,8960600,150,25
2025-01-29 09:49:08.982033,NIFTY30JAN25F,NIFTY,23042.05,781175,23043.15,23047.85,8960600,150,50
2025-01-29 09:49:10.298514,NIFTY30JAN25F,NIFTY,23045.35,781625,23044.4,23049.2,8960600,150,50
2025-01-29 09:49:11.608332,NIFTY30JAN25F,NIFTY,23045.35,781625,23044.4,23049.2,8960600,150,50
2025-01-29 09:49:12.932014,NIFTY30JAN25F,NIFTY,23047.85,781625,23047.85,23049.2,8960600,100,50
2025-01-29 09:49:14.252792,NIFTY30JAN25F,NIFTY,23040.85,781725,23041.45,23046.7,8960600,125,25
2025-01-29 09:49:15.602944,NIFTY30JAN25F,NIFTY,23040.85,781775,23041.45,23046.5,8960600,125,25
2025-01-29 09:49:16.976077,NIFTY30JAN25F,NIFTY,23040.15,781775,23040.05,23045.6,8960600,125,25
2025-01-29 09:49:18.334348,NIFTY30JAN25F,NIFTY,23041.65,781850,23041.6,23045.0,8960600,125,75
2025-01-29 09:49:20.030603,NIFTY30JAN25F,NIFTY,23042.35,782000,23041.65,23047.4,8960600,125,250
2025-01-29 09:49:21.333482,NIFTY30JAN25F,NIFTY,23047.4,782000,23041.65,23047.4,8960600,125,250
2025-01-29 09:49:22.673382,NIFTY30JAN25F,NIFTY,23042.5,782125,23042.6,23045.0,8960600,125,100
2025-01-29 09:49:24.019777,NIFTY30JAN25F,NIFTY,23047.4,782625,23044.95,23049.0,8960600,125,25
2025-01-29 09:49:25.435445,NIFTY30JAN25F,NIFTY,23049.0,782650,23046.6,23049.0,8960600,125,100
2025-01-29 09:49:26.762472,NIFTY30JAN25F,NIFTY,23049.0,782650,23046.7,23049.0,8960600,225,100
2025-01-29 09:49:28.091883,NIFTY30JAN25F,NIFTY,23049.0,782650,23046.7,23049.0,8960600,225,100
2025-01-29 09:49:29.447721,NIFTY30JAN25F,NIFTY,23049.0,782650,23046.25,23049.0,8960600,125,100
2025-01-29 09:49:30.818311,NIFTY30JAN25F,NIFTY,23049.0,782750,23046.65,23050.0,8960600,225,125
2025-01-29 09:49:32.173725,NIFTY30JAN25F,NIFTY,23046.7,782750,23046.75,23049.0,8960600,125,25
2025-01-29 09:49:33.477941,NIFTY30JAN25F,NIFTY,23049.95,783200,23044.75,23049.1,8960600,25,150
2025-01-29 09:49:34.810343,NIFTY30JAN25F,NIFTY,23044.75,783200,23044.75,23049.1,8960600,25,150
2025-01-29 09:49:36.144366,NIFTY30JAN25F,NIFTY,23044.75,783225,23045.75,23050.0,8960600,25,125
2025-01-29 09:49:37.471970,NIFTY30JAN25F,NIFTY,23050.0,783250,23047.25,23050.0,8960600,25,100
2025-01-29 09:49:38.831959,NIFTY30JAN25F,NIFTY,23050.0,783250,23047.3,23050.0,8960600,150,350
2025-01-29 09:49:40.168469,NIFTY30JAN25F,NIFTY,23050.0,783325,23047.3,23050.0,8960600,200,300
2025-01-29 09:49:41.602760,NIFTY30JAN25F,NIFTY,23050.0,783325,23047.3,23050.0,8960600,200,300
2025-01-29 09:49:42.931757,NIFTY30JAN25F,NIFTY,23047.65,783350,23047.35,23050.0,8960600,125,275
2025-01-29 09:49:44.301749,NIFTY30JAN25F,NIFTY,23047.65,783800,23048.95,23054.4,8960600,125,400
2025-01-29 09:49:45.672253,NIFTY30JAN25F,NIFTY,23047.65,783800,23050.1,23054.3,8960600,25,400
2025-01-29 09:49:47.001891,NIFTY30JAN25F,NIFTY,23047.65,783800,23050.15,23053.65,8960600,150,50
2025-01-29 09:49:48.361696,NIFTY30JAN25F,NIFTY,23050.1,783975,23047.7,23050.15,8960600,25,50
2025-01-29 09:49:49.859203,NIFTY30JAN25F,NIFTY,23051.4,783975,23047.7,23050.15,8960600,25,50
2025-01-29 09:49:51.239905,NIFTY30JAN25F,NIFTY,23050.75,784475,23047.7,23051.35,8960600,50,375
2025-01-29 09:49:52.589084,NIFTY30JAN25F,NIFTY,23050.7,785300,23047.75,23050.6,8960600,100,25
2025-01-29 09:49:53.951816,NIFTY30JAN25F,NIFTY,23050.25,785575,23047.75,23051.1,8960600,75,25
2025-01-29 09:49:55.332951,NIFTY30JAN25F,NIFTY,23050.25,785575,23047.75,23049.9,8960600,75,25
2025-01-29 09:49:57.010298,NIFTY30JAN25F,NIFTY,23045.0,786825,23045.0,23046.95,8960600,25,225
2025-01-29 09:49:58.336895,NIFTY30JAN25F,NIFTY,23044.0,786825,23045.0,23046.95,8960600,25,225
2025-01-29 09:49:59.655524,NIFTY30JAN25F,NIFTY,23045.2,787100,23045.25,23050.45,8960600,25,25
2025-01-29 09:50:01.116793,NIFTY30JAN25F,NIFTY,23045.2,787175,23047.75,23050.3,8960600,75,25
2025-01-29 09:50:02.468714,NIFTY30JAN25F,NIFTY,23045.2,787175,23048.0,23050.25,8960600,50,300
2025-01-29 09:50:03.808925,NIFTY30JAN25F,NIFTY,23048.05,787325,23048.05,23050.05,8960600,75,25
2025-01-29 09:50:05.148709,NIFTY30JAN25F,NIFTY,23044.05,787500,23044.05,23046.25,8960600,50,25
2025-01-29 09:50:06.449202,NIFTY30JAN25F,NIFTY,23044.05,787500,23044.05,23046.25,8960600,50,25
2025-01-29 09:50:07.849032,NIFTY30JAN25F,NIFTY,23044.05,787525,23044.05,23045.95,8960600,25,150
2025-01-29 09:50:09.186735,NIFTY30JAN25F,NIFTY,23044.05,787525,23044.1,23045.85,8960600,75,125
2025-01-29 09:50:10.485559,NIFTY30JAN25F,NIFTY,23044.0,787525,23044.1,23045.2,8960600,100,150
2025-01-29 09:50:11.811027,NIFTY30JAN25F,NIFTY,23045.7,787800,23044.1,23045.2,8960600,25,100
2025-01-29 09:50:13.171647,NIFTY30JAN25F,NIFTY,23044.0,787800,23044.1,23045.2,8960600,25,100
2025-01-29 09:50:14.502468,NIFTY30JAN25F,NIFTY,23044.0,788025,23044.1,23045.2,8960600,25,200
2025-01-29 09:50:15.836112,NIFTY30JAN25F,NIFTY,23045.1,788025,23044.2,23045.1,8960600,50,100
2025-01-29 09:50:17.194228,NIFTY30JAN25F,NIFTY,23045.1,788125,23044.2,23044.55,8960600,75,50
2025-01-29 09:50:18.511600,NIFTY30JAN25F,NIFTY,23044.15,788225,23044.2,23044.55,8960600,25,50
2025-01-29 09:50:19.887113,NIFTY30JAN25F,NIFTY,23040.05,788825,23040.05,23042.35,8960600,75,25
2025-01-29 09:50:21.228358,NIFTY30JAN25F,NIFTY,23040.05,788825,23040.05,23042.35,8960600,75,25
2025-01-29 09:50:22.589902,NIFTY30JAN25F,NIFTY,23040.05,788850,23040.05,23043.1,8960600,50,50
2025-01-29 09:50:23.936509,NIFTY30JAN25F,NIFTY,23043.45,788875,23042.6,23047.05,8960600,100,25
2025-01-29 09:50:25.282799,NIFTY30JAN25F,NIFTY,23048.05,789000,23044.6,23048.05,8960600,150,25
2025-01-29 09:50:26.598305,NIFTY30JAN25F,NIFTY,23045.0,790900,23042.65,23045.15,8960600,25,25
2025-01-29 09:50:27.958598,NIFTY30JAN25F,NIFTY,23042.65,790900,23042.65,23045.15,8960600,25,25
2025-01-29 09:50:29.305070,NIFTY30JAN25F,NIFTY,23042.65,790925,23042.65,23045.7,8960600,25,125
2025-01-29 09:50:31.846695,NIFTY30JAN25F,NIFTY,23042.5,790950,23042.1,23046.8,8960600,75,25
2025-01-29 09:50:33.193909,NIFTY30JAN25F,NIFTY,23045.2,791025,23042.05,23045.5,8960600,25,75
2025-01-29 09:50:37.921414,NIFTY30JAN25F,NIFTY,23042.7,791125,23042.75,23045.0,8960600,25,75
2025-01-29 09:50:40.101370,NIFTY30JAN25F,NIFTY,23045.25,792200,23042.75,23045.2,8960600,25,100
2025-01-29 09:50:42.298353,NIFTY30JAN25F,NIFTY,23040.0,792575,23040.0,23042.85,8960600,225,50
2025-01-29 09:50:43.835072,NIFTY30JAN25F,NIFTY,23040.0,792650,23040.0,23043.35,8960600,150,125
2025-01-29 09:50:45.311180,NIFTY30JAN25F,NIFTY,23043.1,792700,23040.0,23043.0,8960600,175,50
2025-01-29 09:50:46.606319,NIFTY30JAN25F,NIFTY,23040.0,792700,23040.0,23043.0,8960600,175,50
2025-01-29 09:50:47.964224,NIFTY30JAN25F,NIFTY,23044.7,792725,23040.0,23045.3,8960600,150,150
2025-01-29 09:50:49.291125,NIFTY30JAN25F,NIFTY,23040.05,792775,23040.05,23044.55,8960600,25,50
2025-01-29 09:50:50.641185,NIFTY30JAN25F,NIFTY,23040.05,792825,23040.05,23045.1,8960600,75,300
2025-01-29 09:50:51.974556,NIFTY30JAN25F,NIFTY,23040.05,792850,23040.2,23045.2,8960600,75,25
2025-01-29 09:50:53.295224,NIFTY30JAN25F,NIFTY,23040.05,792850,23040.85,23043.0,8960600,75,375
2025-01-29 09:50:54.608951,NIFTY30JAN25F,NIFTY,23043.0,792850,23040.85,23043.0,8960600,75,375
2025-01-29 09:50:55.931066,NIFTY30JAN25F,NIFTY,23043.0,793075,23040.85,23043.0,8960600,100,150
2025-01-29 09:50:57.298384,NIFTY30JAN25F,NIFTY,23045.0,793675,23040.85,23044.05,8960600,25,50
2025-01-29 09:50:58.631048,NIFTY30JAN25F,NIFTY,23045.0,793675,23040.85,23044.05,8960600,25,50
2025-01-29 09:50:59.963486,NIFTY30JAN25F,NIFTY,23041.35,793725,23040.9,23041.35,8960600,25,50
2025-01-29 09:51:01.328744,NIFTY30JAN25F,NIFTY,23040.65,793725,23040.9,23041.35,8960600,25,50
2025-01-29 09:51:02.715106,NIFTY30JAN25F,NIFTY,23042.05,794150,23039.0,23041.85,8960600,25,50
2025-01-29 09:51:04.359104,NIFTY30JAN25F,NIFTY,23040.0,794550,23040.0,23042.75,8960600,100,50
2025-01-29 09:51:05.683262,NIFTY30JAN25F,NIFTY,23042.1,794650,23040.05,23041.35,8960600,50,50
2025-01-29 09:51:07.014553,NIFTY30JAN25F,NIFTY,23042.1,794650,23040.05,23042.0,8960600,75,50
2025-01-29 09:51:08.348130,NIFTY30JAN25F,NIFTY,23042.1,794650,23040.05,23042.0,8960600,75,50
2025-01-29 09:51:09.656466,NIFTY30JAN25F,NIFTY,23042.1,794650,23040.05,23042.0,8960600,75,50
2025-01-29 09:51:10.990957,NIFTY30JAN25F,NIFTY,23040.05,794650,23040.05,23042.75,8960600,75,50
2025-01-29 09:51:12.328631,NIFTY30JAN25F,NIFTY,23040.05,794725,23040.05,23042.65,8960600,50,150
2025-01-29 09:51:13.790908,NIFTY30JAN25F,NIFTY,23040.0,795225,23040.0,23040.25,8960600,25,100
2025-01-29 09:51:15.104357,NIFTY30JAN25F,NIFTY,23040.0,795300,23037.05,23040.05,8960600,50,25
2025-01-29 09:51:16.684317,NIFTY30JAN25F,NIFTY,23037.05,795450,23037.1,23041.7,8960600,75,50
2025-01-29 09:51:18.035344,NIFTY30JAN25F,NIFTY,23037.1,795450,23037.1,23041.7,8960600,75,50
2025-01-29 09:51:19.369651,NIFTY30JAN25F,NIFTY,23040.05,795675,23037.1,23039.95,8960600,25,125
2025-01-29 09:51:20.705627,NIFTY30JAN25F,NIFTY,23039.95,795800,23037.2,23039.95,8960600,25,150
2025-01-29 09:51:22.039567,NIFTY30JAN25F,NIFTY,23039.95,795950,23037.2,23040.9,8960600,50,50
2025-01-29 09:51:23.374033,NIFTY30JAN25F,NIFTY,23040.0,796075,23039.95,23041.05,8960600,300,25
2025-01-29 09:51:24.690994,NIFTY30JAN25F,NIFTY,23039.95,796075,23039.95,23041.05,8960600,300,25
2025-01-29 09:51:26.042436,NIFTY30JAN25F,NIFTY,23040.05,796550,23037.0,23040.25,8960600,25,25
2025-01-29 09:51:27.477198,NIFTY30JAN25F,NIFTY,23039.4,796700,23037.05,23039.75,8960600,50,75
2025-01-29 09:51:28.840873,NIFTY30JAN25F,NIFTY,23040.0,797675,23037.25,23040.0,8960600,75,525
2025-01-29 09:51:30.200926,NIFTY30JAN25F,NIFTY,23039.95,797900,23039.95,23040.0,8960600,25,525
2025-01-29 09:51:31.590897,NIFTY30JAN25F,NIFTY,23039.95,797950,23037.0,23039.95,8960600,25,75
2025-01-29 09:51:32.900917,NIFTY30JAN25F,NIFTY,23037.0,797950,23037.0,23039.95,8960600,25,75
2025-01-29 09:51:34.239320,NIFTY30JAN25F,NIFTY,23037.05,798050,23037.05,23039.95,8960600,75,25
2025-01-29 09:51:35.610695,NIFTY30JAN25F,NIFTY,23039.7,798750,23039.5,23043.0,8960600,100,25
2025-01-29 09:51:36.943170,NIFTY30JAN25F,NIFTY,23043.0,799025,23038.75,23044.15,8960600,100,75
2025-01-29 09:51:38.807845,NIFTY30JAN25F,NIFTY,23040.1,799100,23038.95,23040.0,8960600,75,1725
2025-01-29 09:51:40.140828,NIFTY30JAN25F,NIFTY,23039.95,801925,23040.6,23043.65,8960600,150,50
2025-01-29 09:51:41.479814,NIFTY30JAN25F,NIFTY,23044.85,801925,23040.6,23043.65,8960600,150,50
2025-01-29 09:51:42.808210,NIFTY30JAN25F,NIFTY,23040.6,802000,23039.8,23044.75,8960600,100,50
2025-01-29 09:51:44.204884,NIFTY30JAN25F,NIFTY,23041.7,802050,23041.8,23044.75,8960600,100,50
2025-01-29 09:51:45.520782,NIFTY30JAN25F,NIFTY,23040.55,802100,23040.55,23044.75,8960600,75,25
2025-01-29 09:51:47.070787,NIFTY30JAN25F,NIFTY,23043.55,802125,23043.55,23044.75,8960600,25,25
2025-01-29 09:51:48.417449,NIFTY30JAN25F,NIFTY,23045.0,802175,23043.55,23045.0,8960600,50,400
2025-01-29 09:51:49.762562,NIFTY30JAN25F,NIFTY,23045.0,802175,23043.55,23045.0,8960600,50,400
2025-01-29 09:51:51.097439,NIFTY30JAN25F,NIFTY,23045.0,802200,23043.55,23045.0,8960600,50,375
2025-01-29 09:51:52.483118,NIFTY30JAN25F,NIFTY,23043.15,802250,23043.55,23045.0,8960600,50,325
2025-01-29 09:51:53.860907,NIFTY30JAN25F,NIFTY,23044.25,803050,23038.7,23044.15,8960600,100,125
2025-01-29 09:51:55.200696,NIFTY30JAN25F,NIFTY,23042.6,803150,23038.7,23042.1,8960600,25,50
2025-01-29 09:51:56.604857,NIFTY30JAN25F,NIFTY,23041.55,803500,23038.75,23041.65,8960600,25,125
2025-01-29 09:51:57.924958,NIFTY30JAN25F,NIFTY,23041.55,803500,23038.75,23041.65,8960600,25,125
2025-01-29 09:51:59.351458,NIFTY30JAN25F,NIFTY,23037.05,803525,23038.75,23041.45,8960600,50,50
2025-01-29 09:52:00.732608,NIFTY30JAN25F,NIFTY,23038.8,803600,23038.8,23041.9,8960600,50,50
2025-01-29 09:52:02.055482,NIFTY30JAN25F,NIFTY,23037.05,803675,23037.05,23039.05,8960600,50,25
2025-01-29 09:52:04.388604,NIFTY30JAN25F,NIFTY,23040.0,803725,23037.1,23040.0,8962600,75,250
2025-01-29 09:52:05.702535,NIFTY30JAN25F,NIFTY,23040.0,803925,23037.1,23040.0,8962600,25,200
2025-01-29 09:52:07.010469,NIFTY30JAN25F,NIFTY,23042.7,804150,23038.1,23042.7,8962600,75,75
2025-01-29 09:52:08.338139,NIFTY30JAN25F,NIFTY,23042.7,804225,23039.6,23042.2,8962600,25,50
2025-01-29 09:52:09.646824,NIFTY30JAN25F,NIFTY,23042.7,804225,23039.6,23042.2,8962600,25,50
2025-01-29 09:52:10.971031,NIFTY30JAN25F,NIFTY,23042.75,804300,23039.65,23040.0,8962600,125,300
2025-01-29 09:52:12.372677,NIFTY30JAN25F,NIFTY,23039.9,805050,23042.3,23042.55,8962600,200,50
2025-01-29 09:52:13.704489,NIFTY30JAN25F,NIFTY,23043.0,805800,23039.55,23043.35,8962600,25,75
2025-01-29 09:52:15.040495,NIFTY30JAN25F,NIFTY,23039.55,806950,23039.5,23043.55,8962600,200,200
2025-01-29 09:52:16.380439,NIFTY30JAN25F,NIFTY,23039.55,806950,23039.5,23044.05,8962600,325,50
2025-01-29 09:52:17.700088,NIFTY30JAN25F,NIFTY,23045.0,806950,23039.5,23044.05,8962600,325,50
2025-01-29 09:52:19.036200,NIFTY30JAN25F,NIFTY,23042.6,807100,23041.0,23044.0,8962600,100,50
2025-01-29 09:52:20.380466,NIFTY30JAN25F,NIFTY,23045.0,807525,23044.25,23047.0,8962600,25,25
2025-01-29 09:52:21.710462,NIFTY30JAN25F,NIFTY,23047.0,807600,23044.3,23048.0,8962600,50,150
2025-01-29 09:52:23.066902,NIFTY30JAN25F,NIFTY,23049.6,807600,23044.3,23048.0,8962600,50,150
2025-01-29 09:52:24.380439,NIFTY30JAN25F,NIFTY,23048.5,808250,23048.5,23049.85,8962600,25,50
2025-01-29 09:52:25.713687,NIFTY30JAN25F,NIFTY,23043.8,808400,23043.1,23048.8,8962600,100,50
2025-01-29 09:52:27.056691,NIFTY30JAN25F,NIFTY,23043.8,808475,23043.3,23048.6,8962600,100,50
2025-01-29 09:52:28.386596,NIFTY30JAN25F,NIFTY,23043.8,808475,23043.35,23048.75,8962600,100,25
2025-01-29 09:52:29.710377,NIFTY30JAN25F,NIFTY,23043.8,808475,23043.35,23048.75,8962600,100,25
2025-01-29 09:52:31.062070,NIFTY30JAN25F,NIFTY,23041.35,808475,23041.95,23047.8,8962600,100,25
2025-01-29 09:52:32.399396,NIFTY30JAN25F,NIFTY,23041.35,808550,23041.05,23045.85,8962600,100,75
2025-01-29 09:52:33.740326,NIFTY30JAN25F,NIFTY,23047.5,808550,23042.55,23047.95,8962600,100,75
2025-01-29 09:52:35.082484,NIFTY30JAN25F,NIFTY,23042.6,808725,23042.6,23047.55,8962600,100,25
2025-01-29 09:52:36.416811,NIFTY30JAN25F,NIFTY,23047.75,808900,23043.35,23048.05,8962600,75,25
2025-01-29 09:52:37.762826,NIFTY30JAN25F,NIFTY,23047.75,808900,23043.35,23048.05,8962600,75,25
2025-01-29 09:52:39.320100,NIFTY30JAN25F,NIFTY,23049.0,808975,23043.4,23048.75,8962600,75,225
2025-01-29 09:52:40.634450,NIFTY30JAN25F,NIFTY,23049.0,809000,23046.55,23050.0,8962600,50,225
2025-01-29 09:52:42.010270,NIFTY30JAN25F,NIFTY,23049.0,809025,23046.6,23049.0,8962600,50,100
2025-01-29 09:52:43.350764,NIFTY30JAN25F,NIFTY,23049.75,809750,23048.1,23053.65,8962600,100,350
2025-01-29 09:52:44.704759,NIFTY30JAN25F,NIFTY,23045.95,809750,23048.1,23053.65,8962600,100,350
2025-01-29 09:52:46.057810,NIFTY30JAN25F,NIFTY,23052.45,809975,23046.85,23052.4,8962600,75,100
2025-01-29 09:52:47.373482,NIFTY30JAN25F,NIFTY,23050.0,810050,23047.55,23053.1,8962600,100,125
2025-01-29 09:52:48.773429,NIFTY30JAN25F,NIFTY,23050.0,810100,23048.5,23053.8,8962600,100,125
2025-01-29 09:52:50.101209,NIFTY30JAN25F,NIFTY,23050.0,810575,23050.05,23055.0,8962600,100,300
2025-01-29 09:52:51.455823,NIFTY30JAN25F,NIFTY,23054.55,810950,23050.05,23054.8,8962600,25,125
2025-01-29 09:52:52.804715,NIFTY30JAN25F,NIFTY,23050.05,810950,23050.05,23054.8,8962600,25,125
2025-01-29 09:52:54.133025,NIFTY30JAN25F,NIFTY,23050.2,811125,23050.2,23051.5,8962600,50,50
2025-01-29 09:52:55.461281,NIFTY30JAN25F,NIFTY,23050.2,811200,23050.05,23051.7,8962600,25,150
2025-01-29 09:52:56.758321,NIFTY30JAN25F,NIFTY,23051.55,811400,23047.7,23050.05,8962600,25,150
2025-01-29 09:52:58.087408,NIFTY30JAN25F,NIFTY,23047.7,811400,23047.7,23050.05,8962600,25,150
2025-01-29 09:52:59.406589,NIFTY30JAN25F,NIFTY,23050.2,811425,23047.75,23049.05,8962600,50,150
2025-01-29 09:53:00.754451,NIFTY30JAN25F,NIFTY,23050.95,812400,23048.1,23052.05,8962600,125,50
2025-01-29 09:53:02.107937,NIFTY30JAN25F,NIFTY,23049.8,812550,23049.4,23052.9,8962600,25,150
2025-01-29 09:53:03.444098,NIFTY30JAN25F,NIFTY,23050.6,812625,23050.6,23054.3,8962600,100,50
2025-01-29 09:53:04.770067,NIFTY30JAN25F,NIFTY,23049.8,812625,23050.6,23054.3,8962600,100,50
2025-01-29 09:53:06.099345,NIFTY30JAN25F,NIFTY,23049.35,812750,23050.9,23054.8,8962600,100,50
2025-01-29 09:53:07.426963,NIFTY30JAN25F,NIFTY,23049.55,812800,23050.15,23054.5,8962600,100,50
2025-01-29 09:53:08.764181,NIFTY30JAN25F,NIFTY,23049.8,812975,23051.55,23055.0,8962600,100,225
2025-01-29 09:53:10.090624,NIFTY30JAN25F,NIFTY,23053.0,813025,23050.45,23055.0,8962600,300,225
2025-01-29 09:53:11.417306,NIFTY30JAN25F,NIFTY,23050.45,813025,23050.45,23055.0,8962600,300,225
2025-01-29 09:53:12.740707,NIFTY30JAN25F,NIFTY,23055.0,813450,23050.55,23055.0,8962600,100,150
2025-01-29 09:53:18.789947,NIFTY30JAN25F,NIFTY,23054.75,814125,23052.85,23058.0,8962600,75,125
2025-01-29 09:53:20.908349,NIFTY30JAN25F,NIFTY,23054.75,814575,23052.85,23058.0,8962600,25,125
2025-01-29 09:53:23.929705,NIFTY30JAN25F,NIFTY,23059.0,814775,23055.25,23059.0,8962600,100,350
2025-01-29 09:53:25.236949,NIFTY30JAN25F,NIFTY,23057.1,815450,23057.3,23060.0,8962600,25,1350
2025-01-29 09:53:26.538128,NIFTY30JAN25F,NIFTY,23057.35,815700,23057.4,23060.0,8962600,75,1150
2025-01-29 09:53:27.858328,NIFTY30JAN25F,NIFTY,23057.35,815700,23057.4,23060.0,8962600,75,1150
2025-01-29 09:53:29.167372,NIFTY30JAN25F,NIFTY,23058.5,815950,23055.05,23059.85,8962600,25,1125
2025-01-29 09:53:30.524075,NIFTY30JAN25F,NIFTY,23055.05,816025,23055.0,23059.75,8962600,25,325
2025-01-29 09:53:31.852330,NIFTY30JAN25F,NIFTY,23057.35,816400,23055.0,23058.45,8962600,50,250
2025-01-29 09:53:33.165837,NIFTY30JAN25F,NIFTY,23057.0,816700,23052.55,23057.2,8962600,50,25
2025-01-29 09:53:34.549788,NIFTY30JAN25F,NIFTY,23051.8,816700,23052.55,23057.2,8962600,50,25
2025-01-29 09:53:35.926613,NIFTY30JAN25F,NIFTY,23053.05,816800,23053.05,23057.0,8962600,50,25
2025-01-29 09:53:37.249760,NIFTY30JAN25F,NIFTY,23052.45,817000,23052.75,23056.9,8962600,50,225
2025-01-29 09:53:38.614576,NIFTY30JAN25F,NIFTY,23055.0,817175,23052.75,23055.75,8962600,25,250
2025-01-29 09:53:39.920884,NIFTY30JAN25F,NIFTY,23052.75,817575,23051.1,23055.65,8962600,25,250
2025-01-29 09:53:41.304565,NIFTY30JAN25F,NIFTY,23054.9,817575,23051.1,23055.65,8962600,25,250
2025-01-29 09:53:42.638873,NIFTY30JAN25F,NIFTY,23054.55,817875,23051.1,23055.85,8962600,25,175
2025-01-29 09:53:44.009190,NIFTY30JAN25F,NIFTY,23054.55,818200,23051.1,23054.3,8962600,25,150
2025-01-29 09:53:45.323586,NIFTY30JAN25F,NIFTY,23054.6,818475,23049.35,23054.2,8962600,25,250
2025-01-29 09:53:46.712585,NIFTY30JAN25F,NIFTY,23054.6,818500,23049.35,23054.7,8962600,50,225
2025-01-29 09:53:48.051375,NIFTY30JAN25F,NIFTY,23055.0,818500,23049.35,23054.7,8962600,50,225
2025-01-29 09:53:49.347776,NIFTY30JAN25F,NIFTY,23049.55,818575,23049.4,23054.85,8962600,100,250
2025-01-29 09:53:50.665832,NIFTY30JAN25F,NIFTY,23049.55,818700,23049.45,23054.4,8962600,50,275
2025-01-29 09:53:52.157118,NIFTY30JAN25F,NIFTY,23053.85,818700,23049.45,23053.85,8962600,75,150
2025-01-29 09:53:53.459631,NIFTY30JAN25F,NIFTY,23054.05,818900,23049.5,23053.9,8962600,25,225
2025-01-29 09:53:54.874626,NIFTY30JAN25F,NIFTY,23051.1,818900,23049.5,23053.9,8962600,25,225
2025-01-29 09:53:56.192549,NIFTY30JAN25F,NIFTY,23050.05,820850,23051.05,23053.2,8962600,25,225
2025-01-29 09:53:57.532070,NIFTY30JAN25F,NIFTY,23050.95,821125,23050.05,23050.55,8962600,50,125
2025-01-29 09:53:58.879382,NIFTY30JAN25F,NIFTY,23049.55,821275,23050.0,23051.1,8962600,50,25
2025-01-29 09:54:00.205937,NIFTY30JAN25F,NIFTY,23051.0,821675,23046.2,23052.5,8962600,25,325
2025-01-29 09:54:01.557908,NIFTY30JAN25F,NIFTY,23052.75,822675,23047.6,23052.95,8962600,75,125
2025-01-29 09:54:02.903135,NIFTY30JAN25F,NIFTY,23053.05,822675,23047.6,23052.95,8962600,75,125
2025-01-29 09:54:04.246355,NIFTY30JAN25F,NIFTY,23053.05,823200,23051.1,23054.95,8962600,25,150
2025-01-29 09:54:05.564390,NIFTY30JAN25F,NIFTY,23051.1,823200,23051.1,23053.85,8962600,50,250
2025-01-29 09:54:06.874834,NIFTY30JAN25F,NIFTY,23046.65,823325,23048.65,23054.4,8962600,50,125
2025-01-29 09:54:08.191344,NIFTY30JAN25F,NIFTY,23046.65,823325,23048.85,23054.45,8962600,100,50
2025-01-29 09:54:09.683012,NIFTY30JAN25F,NIFTY,23046.65,823325,23048.85,23054.45,8962600,100,50
2025-01-29 09:54:10.999268,NIFTY30JAN25F,NIFTY,23046.65,823325,23050.05,23053.8,8962600,50,150
2025-01-29 09:54:12.317339,NIFTY30JAN25F,NIFTY,23050.65,823525,23050.65,23055.0,8962600,125,175
2025-01-29 09:54:13.609416,NIFTY30JAN25F,NIFTY,23055.0,825500,23051.1,23055.0,8962600,150,325
2025-01-29 09:54:14.920521,NIFTY30JAN25F,NIFTY,23051.1,825500,23051.1,23055.0,8962600,150,325
2025-01-29 09:54:16.269373,NIFTY30JAN25F,NIFTY,23051.1,825875,23050.2,23055.4,8962600,100,125
2025-01-29 09:54:17.619206,NIFTY30JAN25F,NIFTY,23050.55,825900,23050.75,23056.0,8962600,100,25
2025-01-29 09:54:18.955363,NIFTY30JAN25F,NIFTY,23053.75,825975,23051.0,23053.6,8962600,525,25
2025-01-29 09:54:20.274706,NIFTY30JAN25F,NIFTY,23053.4,826575,23051.1,23053.7,8962600,50,25
2025-01-29 09:54:21.573801,NIFTY30JAN25F,NIFTY,23051.1,826625,23051.05,23054.75,8962600,25,225
2025-01-29 09:54:22.877132,NIFTY30JAN25F,NIFTY,23054.75,826625,23051.05,23054.75,8962600,25,225
2025-01-29 09:54:24.217534,NIFTY30JAN25F,NIFTY,23054.25,826700,23051.05,23054.85,8962600,50,150
2025-01-29 09:54:25.557540,NIFTY30JAN25F,NIFTY,23051.05,826775,23051.4,23054.3,8962600,25,175
2025-01-29 09:54:26.878264,NIFTY30JAN25F,NIFTY,23053.9,829325,23053.65,23054.8,8962600,25,125
2025-01-29 09:54:28.200862,NIFTY30JAN25F,NIFTY,23054.95,831050,23050.35,23056.1,8962600,100,50
2025-01-29 09:54:29.515882,NIFTY30JAN25F,NIFTY,23050.35,831050,23050.35,23056.1,8962600,100,50
2025-01-29 09:54:30.842870,NIFTY30JAN25F,NIFTY,23050.35,831675,23050.35,23055.9,8962600,100,50
2025-01-29 09:54:32.166277,NIFTY30JAN25F,NIFTY,23052.8,831725,23051.8,23056.8,8962600,100,25
2025-01-29 09:54:33.469278,NIFTY30JAN25F,NIFTY,23058.3,832325,23055.2,23059.75,8962600,100,50
2025-01-29 09:54:34.837323,NIFTY30JAN25F,NIFTY,23061.7,834100,23055.45,23061.6,8962600,100,200
2025-01-29 09:54:36.195668,NIFTY30JAN25F,NIFTY,23056.8,834100,23055.45,23061.6,8962600,100,200
2025-01-29 09:54:37.496522,NIFTY30JAN25F,NIFTY,23056.8,834300,23056.8,23060.9,8962600,1650,75
2025-01-29 09:54:38.839005,NIFTY30JAN25F,NIFTY,23058.6,835000,23057.05,23058.9,8962600,50,50
2025-01-29 09:54:40.179135,NIFTY30JAN25F,NIFTY,23056.8,835250,23056.8,23059.15,8962600,1150,50
2025-01-29 09:54:41.519231,NIFTY30JAN25F,NIFTY,23056.75,835250,23056.8,23059.15,8962600,1150,50
2025-01-29 09:54:42.853493,NIFTY30JAN25F,NIFTY,23055.1,836575,23051.0,23056.4,8962600,25,150
2025-01-29 09:54:44.485242,NIFTY30JAN25F,NIFTY,23051.0,836625,23055.1,23055.4,8962600,25,125
2025-01-29 09:54:45.829076,NIFTY30JAN25F,NIFTY,23054.3,836725,23050.0,23055.0,8962600,25,200
2025-01-29 09:54:47.141308,NIFTY30JAN25F,NIFTY,23048.7,837375,23048.65,23054.85,8962600,50,150
2025-01-29 09:54:48.458906,NIFTY30JAN25F,NIFTY,23048.7,837375,23050.0,23054.85,8962600,75,50
2025-01-29 09:54:49.816710,NIFTY30JAN25F,NIFTY,23054.85,837400,23053.15,23054.85,8962600,200,125
2025-01-29 09:54:51.158953,NIFTY30JAN25F,NIFTY,23055.7,837400,23053.15,23054.85,8962600,200,125
2025-01-29 09:54:52.502097,NIFTY30JAN25F,NIFTY,23056.15,838975,23050.05,23056.05,8962600,75,100
2025-01-29 09:54:53.806651,NIFTY30JAN25F,NIFTY,23056.95,841225,23052.05,23057.95,8962600,50,125
2025-01-29 09:54:55.110453,NIFTY30JAN25F,NIFTY,23056.2,842425,23052.3,23056.75,8962600,75,350
2025-01-29 09:54:57.446431,NIFTY30JAN25F,NIFTY,23052.25,842825,23052.3,23056.8,8962600,25,125
2025-01-29 09:54:58.765203,NIFTY30JAN25F,NIFTY,23052.25,843025,23052.25,23056.2,8962600,125,75
2025-01-29 09:55:00.149171,NIFTY30JAN25F,NIFTY,23056.45,843225,23052.3,23056.7,8962600,25,225
2025-01-29 09:55:01.468800,NIFTY30JAN25F,NIFTY,23052.65,843225,23052.3,23056.7,8962600,25,225
2025-01-29 09:55:02.788873,NIFTY30JAN25F,NIFTY,23055.6,843500,23052.7,23055.8,8969850,100,250
2025-01-29 09:55:07.213374,NIFTY30JAN25F,NIFTY,23054.05,843650,23052.7,23055.45,8969850,125,525
2025-01-29 09:55:08.623738,NIFTY30JAN25F,NIFTY,23054.05,843800,23052.7,23055.2,8969850,50,175
2025-01-29 09:55:09.937162,NIFTY30JAN25F,NIFTY,23052.7,843975,23052.7,23055.2,8969850,25,100
2025-01-29 09:55:11.284266,NIFTY30JAN25F,NIFTY,23052.7,843975,23052.7,23055.2,8969850,25,100
2025-01-29 09:55:12.781476,NIFTY30JAN25F,NIFTY,23052.7,844000,23052.7,23055.2,8969850,25,125
2025-01-29 09:55:14.345525,NIFTY30JAN25F,NIFTY,23050.15,844000,23052.75,23055.0,8969850,25,700
2025-01-29 09:55:15.690863,NIFTY30JAN25F,NIFTY,23053.5,844150,23051.1,23054.95,8969850,125,100
2025-01-29 09:55:17.002294,NIFTY30JAN25F,NIFTY,23054.95,844250,23053.45,23054.95,8969850,50,25
2025-01-29 09:55:18.354441,NIFTY30JAN25F,NIFTY,23055.0,844525,23053.5,23055.0,8969850,50,475
2025-01-29 09:55:19.876497,NIFTY30JAN25F,NIFTY,23055.0,844625,23053.6,23055.0,8969850,75,300
2025-01-29 09:55:21.202485,NIFTY30JAN25F,NIFTY,23055.0,844625,23053.6,23055.0,8969850,75,300
2025-01-29 09:55:22.548769,NIFTY30JAN25F,NIFTY,23055.0,844625,23053.6,23055.0,8969850,100,400
2025-01-29 09:55:24.068926,NIFTY30JAN25F,NIFTY,23054.3,845375,23053.05,23054.2,8969850,50,225
2025-01-29 09:55:25.368719,NIFTY30JAN25F,NIFTY,23053.9,845675,23050.1,23054.0,8969850,25,150
2025-01-29 09:55:26.694769,NIFTY30JAN25F,NIFTY,23055.0,845725,23054.45,23055.0,8969850,25,25
2025-01-29 09:55:28.039041,NIFTY30JAN25F,NIFTY,23055.95,845725,23054.45,23055.0,8969850,25,25
2025-01-29 09:55:29.338578,NIFTY30JAN25F,NIFTY,23056.25,846225,23050.2,23056.05,8969850,50,50
2025-01-29 09:55:30.656359,NIFTY30JAN25F,NIFTY,23053.75,846225,23052.9,23053.75,8969850,25,25
2025-01-29 09:55:32.130475,NIFTY30JAN25F,NIFTY,23055.1,846525,23052.9,23054.75,8969850,50,150
2025-01-29 09:55:33.517654,NIFTY30JAN25F,NIFTY,23052.95,846875,23052.9,23055.5,8969850,25,25
2025-01-29 09:55:34.834907,NIFTY30JAN25F,NIFTY,23054.9,846875,23052.9,23055.5,8969850,25,25
2025-01-29 09:55:36.147715,NIFTY30JAN25F,NIFTY,23054.8,847350,23053.0,23054.3,8969850,100,25
2025-01-29 09:55:37.448604,NIFTY30JAN25F,NIFTY,23054.9,847625,23052.85,23055.15,8969850,200,550
2025-01-29 09:55:38.832470,NIFTY30JAN25F,NIFTY,23057.5,848475,23057.65,23060.0,8969850,25,250
2025-01-29 09:55:40.208246,NIFTY30JAN25F,NIFTY,23057.65,848875,23057.65,23058.85,8969850,25,25
2025-01-29 09:55:41.555301,NIFTY30JAN25F,NIFTY,23053.65,849525,23053.5,23059.05,8969850,50,25
2025-01-29 09:55:42.884828,NIFTY30JAN25F,NIFTY,23053.65,849525,23053.5,23059.05,8969850,50,25
2025-01-29 09:55:44.263942,NIFTY30JAN25F,NIFTY,23056.7,849525,23053.05,23057.2,8969850,50,125
2025-01-29 09:55:45.588158,NIFTY30JAN25F,NIFTY,23053.0,849600,23053.1,23055.85,8969850,25,100
2025-01-29 09:55:46.897311,NIFTY30JAN25F,NIFTY,23053.1,849750,23053.05,23055.2,8969850,25,125
2025-01-29 09:55:48.224108,NIFTY30JAN25F,NIFTY,23057.45,849750,23053.05,23055.2,8969850,25,125
2025-01-29 09:55:49.539031,NIFTY30JAN25F,NIFTY,23059.4,851275,23053.1,23057.55,8969850,25,50
2025-01-29 09:55:50.886289,NIFTY30JAN25F,NIFTY,23061.3,856700,23060.65,23061.45,8969850,50,150
2025-01-29 09:55:52.231780,NIFTY30JAN25F,NIFTY,23064.9,861850,23063.2,23063.5,8969850,25,25
2025-01-29 09:55:53.560410,NIFTY30JAN25F,NIFTY,23066.4,866250,23060.15,23065.35,8969850,25,25
2025-01-29 09:55:55.046892,NIFTY30JAN25F,NIFTY,23061.9,866325,23060.35,23061.65,8969850,50,125
2025-01-29 09:55:56.560752,NIFTY30JAN25F,NIFTY,23060.5,866625,23055.2,23059.7,8969850,75,75
2025-01-29 09:55:57.966654,NIFTY30JAN25F,NIFTY,23060.4,866625,23055.2,23059.7,8969850,75,75
2025-01-29 09:55:59.288398,NIFTY30JAN25F,NIFTY,23060.0,867075,23055.9,23060.1,8969850,100,50
2025-01-29 09:56:00.821898,NIFTY30JAN25F,NIFTY,23061.0,867600,23060.15,23061.15,8969850,25,50
2025-01-29 09:56:02.175136,NIFTY30JAN25F,NIFTY,23060.4,868150,23055.85,23061.7,8969850,200,50
2025-01-29 09:56:03.534736,NIFTY30JAN25F,NIFTY,23059.3,868325,23056.75,23059.35,8969850,25,25
2025-01-29 09:56:04.861973,NIFTY30JAN25F,NIFTY,23059.55,868325,23056.75,23059.35,8969850,25,25
2025-01-29 09:56:06.217194,NIFTY30JAN25F,NIFTY,23055.0,870625,23056.75,23058.7,8969850,25,50
2025-01-29 09:56:07.557218,NIFTY30JAN25F,NIFTY,23054.0,870900,23053.0,23057.0,8969850,125,300
2025-01-29 09:56:08.867534,NIFTY30JAN25F,NIFTY,23057.0,870900,23053.05,23057.0,8969850,50,300
2025-01-29 09:56:10.575429,NIFTY30JAN25F,NIFTY,23057.0,871100,23053.1,23057.0,8969850,200,100
2025-01-29 09:56:11.919704,NIFTY30JAN25F,NIFTY,23057.0,871100,23054.2,23057.0,8969850,75,100
2025-01-29 09:56:13.278029,NIFTY30JAN25F,NIFTY,23059.0,871100,23054.2,23057.0,8969850,75,100
2025-01-29 09:56:14.614564,NIFTY30JAN25F,NIFTY,23059.35,873800,23058.45,23058.5,8969850,25,350
2025-01-29 09:56:15.934620,NIFTY30JAN25F,NIFTY,23061.05,879400,23054.95,23061.1,8969850,200,275
2025-01-29 09:56:17.240339,NIFTY30JAN25F,NIFTY,23057.0,880475,23057.05,23061.0,8969850,25,150
2025-01-29 09:56:18.539264,NIFTY30JAN25F,NIFTY,23057.0,881625,23057.1,23060.1,8969850,25,75
2025-01-29 09:56:19.861767,NIFTY30JAN25F,NIFTY,23058.5,881875,23058.5,23058.7,8969850,25,50
2025-01-29 09:56:21.151766,NIFTY30JAN25F,NIFTY,23057.0,881875,23058.5,23058.7,8969850,25,50
2025-01-29 09:56:22.468077,NIFTY30JAN25F,NIFTY,23058.45,882125,23057.05,23059.4,8969850,25,150
2025-01-29 09:56:23.811248,NIFTY30JAN25F,NIFTY,23057.1,882275,23057.1,23058.4,8969850,50,75
2025-01-29 09:56:28.262806,NIFTY30JAN25F,NIFTY,23053.5,883525,23053.5,23056.7,8969850,50,250
2025-01-29 09:56:29.573236,NIFTY30JAN25F,NIFTY,23053.5,883525,23053.5,23056.7,8969850,50,250
2025-01-29 09:56:30.982810,NIFTY30JAN25F,NIFTY,23053.55,883525,23053.55,23057.05,8969850,25,25
2025-01-29 09:56:32.305796,NIFTY30JAN25F,NIFTY,23053.55,883550,23053.65,23056.3,8969850,50,250
2025-01-29 09:56:33.628528,NIFTY30JAN25F,NIFTY,23053.55,883550,23053.65,23056.1,8969850,75,75
2025-01-29 09:56:34.977877,NIFTY30JAN25F,NIFTY,23056.0,887550,23053.65,23056.05,8969850,25,50
2025-01-29 09:56:36.308037,NIFTY30JAN25F,NIFTY,23054.45,887550,23053.65,23056.05,8969850,25,50
2025-01-29 09:56:37.973711,NIFTY30JAN25F,NIFTY,23054.25,887750,23050.2,23050.7,8969850,200,25
2025-01-29 09:56:39.330967,NIFTY30JAN25F,NIFTY,23055.1,889250,23052.15,23055.45,8969850,125,25
2025-01-29 09:56:40.731424,NIFTY30JAN25F,NIFTY,23054.6,889925,23052.35,23054.35,8969850,100,25
2025-01-29 09:56:42.045447,NIFTY30JAN25F,NIFTY,23054.1,892125,23050.15,23053.65,8969850,25,50
2025-01-29 09:56:43.385212,NIFTY30JAN25F,NIFTY,23053.8,892500,23050.25,23053.1,8969850,25,25
2025-01-29 09:56:44.687799,NIFTY30JAN25F,NIFTY,23053.8,892500,23050.25,23053.1,8969850,25,25
2025-01-29 09:56:46.005871,NIFTY30JAN25F,NIFTY,23050.2,892500,23050.25,23052.85,8969850,50,50
2025-01-29 09:56:47.340271,NIFTY30JAN25F,NIFTY,23050.4,893200,23050.35,23052.8,8969850,25,125
2025-01-29 09:56:48.669806,NIFTY30JAN25F,NIFTY,23047.25,893925,23047.85,23048.75,8969850,75,500
2025-01-29 09:56:50.001031,NIFTY30JAN25F,NIFTY,23049.6,894525,23050.05,23050.7,8969850,25,200
2025-01-29 09:56:51.355983,NIFTY30JAN25F,NIFTY,23045.15,894525,23050.05,23050.7,8969850,25,200
2025-01-29 09:56:52.897730,NIFTY30JAN25F,NIFTY,23048.2,895125,23045.1,23048.8,8969850,25,25
2025-01-29 09:56:54.251541,NIFTY30JAN25F,NIFTY,23050.5,897000,23045.3,23049.2,8969850,100,25
2025-01-29 09:56:55.581329,NIFTY30JAN25F,NIFTY,23049.2,897600,23049.2,23050.25,8969850,75,25
2025-01-29 09:56:56.902871,NIFTY30JAN25F,NIFTY,23048.1,898175,23048.2,23050.95,8969850,150,25
2025-01-29 09:56:58.231750,NIFTY30JAN25F,NIFTY,23048.1,898175,23048.3,23050.3,8969850,200,50
2025-01-29 09:56:59.547651,NIFTY30JAN25F,NIFTY,23048.1,898175,23048.3,23050.3,8969850,200,50
2025-01-29 09:57:00.886333,NIFTY30JAN25F,NIFTY,23048.85,898325,23048.3,23050.25,8969850,200,25
2025-01-29 09:57:02.213286,NIFTY30JAN25F,NIFTY,23046.45,900875,23048.1,23050.85,8969850,25,50
2025-01-29 09:57:03.600250,NIFTY30JAN25F,NIFTY,23046.45,901325,23046.5,23050.7,8969850,25,275
2025-01-29 09:57:05.452789,NIFTY30JAN25F,NIFTY,23046.4,902075,23047.0,23050.95,8969850,50,50
2025-01-29 09:57:06.789199,NIFTY30JAN25F,NIFTY,23046.4,902600,23046.65,23051.4,8969850,100,275
2025-01-29 09:57:08.105667,NIFTY30JAN25F,NIFTY,23051.15,902600,23046.65,23051.4,8969850,100,275
2025-01-29 09:57:09.422654,NIFTY30JAN25F,NIFTY,23052.25,904300,23051.7,23052.05,8969850,375,500
2025-01-29 09:57:10.830416,NIFTY30JAN25F,NIFTY,23051.7,904925,23047.5,23052.2,8969850,100,375
2025-01-29 09:57:12.166385,NIFTY30JAN25F,NIFTY,23051.15,905025,23048.75,23052.6,8969850,50,25
2025-01-29 09:57:13.519045,NIFTY30JAN25F,NIFTY,23051.15,905025,23049.0,23052.3,8969850,25,25
2025-01-29 09:57:14.852434,NIFTY30JAN25F,NIFTY,23054.05,905250,23050.15,23052.0,8969850,50,25
2025-01-29 09:57:16.178245,NIFTY30JAN25F,NIFTY,23052.85,905250,23050.15,23052.0,8969850,50,25
2025-01-29 09:57:17.518197,NIFTY30JAN25F,NIFTY,23054.25,905800,23049.35,23054.05,8969850,100,200
2025-01-29 09:57:19.021349,NIFTY30JAN25F,NIFTY,23054.25,906175,23052.85,23054.2,8969850,25,50
2025-01-29 09:57:20.381147,NIFTY30JAN25F,NIFTY,23054.25,906300,23052.9,23054.55,8969850,25,100
2025-01-29 09:57:21.694720,NIFTY30JAN25F,NIFTY,23052.85,906950,23052.8,23054.55,8969850,625,50
2025-01-29 09:57:23.033057,NIFTY30JAN25F,NIFTY,23052.85,906950,23052.8,23054.55,8969850,625,50
2025-01-29 09:57:24.642309,NIFTY30JAN25F,NIFTY,23051.0,907550,23047.9,23052.85,8969850,100,250
2025-01-29 09:57:25.994352,NIFTY30JAN25F,NIFTY,23045.75,907850,23050.05,23052.4,8969850,50,25
2025-01-29 09:57:27.312213,NIFTY30JAN25F,NIFTY,23045.75,908500,23046.05,23051.6,8969850,100,125
2025-01-29 09:57:28.640300,NIFTY30JAN25F,NIFTY,23051.3,908775,23051.25,23052.55,8969850,25,425
2025-01-29 09:57:29.953910,NIFTY30JAN25F,NIFTY,23050.0,910200,23046.45,23049.85,8969850,50,125
2025-01-29 09:57:31.297392,NIFTY30JAN25F,NIFTY,23050.0,910200,23046.45,23049.85,8969850,50,125
2025-01-29 09:57:32.629835,NIFTY30JAN25F,NIFTY,23045.05,910875,23045.1,23047.3,8969850,25,50
2025-01-29 09:57:33.974162,NIFTY30JAN25F,NIFTY,23045.05,910875,23045.15,23046.9,8969850,25,50
2025-01-29 09:57:35.388821,NIFTY30JAN25F,NIFTY,23050.25,915225,23047.15,23050.0,8969850,25,25
2025-01-29 09:57:36.706869,NIFTY30JAN25F,NIFTY,23051.4,915450,23047.6,23051.05,8969850,25,25
2025-01-29 09:57:38.037272,NIFTY30JAN25F,NIFTY,23051.4,915450,23047.6,23051.05,8969850,25,25
2025-01-29 09:57:39.485629,NIFTY30JAN25F,NIFTY,23050.15,915450,23047.75,23050.3,8969850,25,50
2025-01-29 09:57:40.844489,NIFTY30JAN25F,NIFTY,23050.2,915500,23047.85,23050.2,8969850,75,125
2025-01-29 09:57:42.171905,NIFTY30JAN25F,NIFTY,23050.4,915800,23047.85,23050.4,8969850,25,50
2025-01-29 09:57:43.534935,NIFTY30JAN25F,NIFTY,23050.4,915800,23047.85,23050.4,8969850,25,75
2025-01-29 09:57:44.938703,NIFTY30JAN25F,NIFTY,23049.9,916150,23047.5,23050.0,8969850,50,125
2025-01-29 09:57:49.403670,NIFTY30JAN25F,NIFTY,23048.85,916300,23047.55,23048.8,8969850,25,250
2025-01-29 09:57:50.734734,NIFTY30JAN25F,NIFTY,23051.85,917575,23051.05,23051.75,8969850,25,50
2025-01-29 09:57:52.086806,NIFTY30JAN25F,NIFTY,23053.95,923650,23048.05,23054.05,8969850,50,200
2025-01-29 09:57:53.431249,NIFTY30JAN25F,NIFTY,23053.15,924325,23050.0,23053.0,8969850,50,50
2025-01-29 09:57:54.789127,NIFTY30JAN25F,NIFTY,23050.95,924325,23050.0,23053.0,8969850,50,50
2025-01-29 09:57:56.205314,NIFTY30JAN25F,NIFTY,23050.95,925250,23045.15,23050.45,8969850,125,25
2025-01-29 09:57:57.546281,NIFTY30JAN25F,NIFTY,23050.95,925250,23046.05,23050.55,8969850,25,50
2025-01-29 09:57:58.900542,NIFTY30JAN25F,NIFTY,23050.95,925525,23050.9,23051.65,8969850,50,25
2025-01-29 09:58:07.056981,NIFTY30JAN25F,NIFTY,23050.7,927000,23045.25,23050.65,9009350,125,50
2025-01-29 09:58:08.782418,NIFTY30JAN25F,NIFTY,23050.1,927025,23048.0,23050.6,9009350,50,25
2025-01-29 09:58:11.829189,NIFTY30JAN25F,NIFTY,23051.4,927525,23048.05,23051.2,9009350,75,75
2025-01-29 09:58:13.187714,NIFTY30JAN25F,NIFTY,23050.05,927525,23048.05,23051.2,9009350,75,75
2025-01-29 09:58:14.536958,NIFTY30JAN25F,NIFTY,23048.1,927900,23048.1,23051.2,9009350,125,25
2025-01-29 09:58:15.893552,NIFTY30JAN25F,NIFTY,23048.1,928000,23048.05,23051.7,9009350,75,100
2025-01-29 09:58:17.213643,NIFTY30JAN25F,NIFTY,23048.05,928400,23048.15,23051.05,9009350,125,25
2025-01-29 09:58:18.584276,NIFTY30JAN25F,NIFTY,23045.0,929250,23045.05,23051.25,9009350,175,250
2025-01-29 09:58:21.478703,NIFTY30JAN25F,NIFTY,23045.0,929250,23045.05,23051.25,9009350,175,250
2025-01-29 09:58:22.805239,NIFTY30JAN25F,NIFTY,23045.0,929250,23045.15,23049.5,9009350,175,25
2025-01-29 09:58:24.218821,NIFTY30JAN25F,NIFTY,23045.1,929325,23045.05,23049.3,9009350,50,25
2025-01-29 09:58:25.566354,NIFTY30JAN25F,NIFTY,23045.25,929625,23045.3,23050.2,9009350,175,25
2025-01-29 09:58:26.973014,NIFTY30JAN25F,NIFTY,23045.0,929875,23045.0,23049.45,9009350,175,75
2025-01-29 09:58:28.310623,NIFTY30JAN25F,NIFTY,23045.0,930025,23045.05,23048.2,9009350,25,175
2025-01-29 09:58:29.656233,NIFTY30JAN25F,NIFTY,23042.3,930025,23045.05,23048.2,9009350,25,175
2025-01-29 09:58:31.038442,NIFTY30JAN25F,NIFTY,23048.85,930200,23046.05,23048.9,9009350,50,25
2025-01-29 09:58:32.404755,NIFTY30JAN25F,NIFTY,23042.5,931700,23046.0,23048.2,9009350,50,125
2025-01-29 09:58:33.738927,NIFTY30JAN25F,NIFTY,23048.15,932125,23043.8,23048.2,9009350,50,475
2025-01-29 09:58:35.169468,NIFTY30JAN25F,NIFTY,23044.15,932275,23044.15,23046.6,9009350,175,125
2025-01-29 09:58:36.529749,NIFTY30JAN25F,NIFTY,23046.7,933325,23043.8,23046.7,9009350,25,50
2025-01-29 09:58:37.896711,NIFTY30JAN25F,NIFTY,23046.55,933325,23043.8,23046.7,9009350,25,50
2025-01-29 09:58:39.237402,NIFTY30JAN25F,NIFTY,23047.0,934750,23044.1,23047.05,9009350,125,75
2025-01-29 09:58:40.635952,NIFTY30JAN25F,NIFTY,23046.6,935425,23044.0,23046.7,9009350,25,325
2025-01-29 09:58:41.997159,NIFTY30JAN25F,NIFTY,23046.9,935650,23044.0,23046.8,9009350,25,50
2025-01-29 09:58:43.320672,NIFTY30JAN25F,NIFTY,23045.75,935650,23044.0,23046.8,9009350,25,50
2025-01-29 09:58:44.668590,NIFTY30JAN25F,NIFTY,23045.35,937075,23042.05,23045.8,9009350,50,150
2025-01-29 09:58:46.151689,NIFTY30JAN25F,NIFTY,23045.8,938375,23042.2,23045.3,9009350,75,50
2025-01-29 09:58:47.496614,NIFTY30JAN25F,NIFTY,23047.6,939975,23042.95,23047.6,9009350,100,50
2025-01-29 09:58:48.990085,NIFTY30JAN25F,NIFTY,23043.25,940075,23042.25,23047.0,9009350,200,1800
2025-01-29 09:58:50.328870,NIFTY30JAN25F,NIFTY,23042.25,940350,23042.7,23047.0,9009350,200,1750
2025-01-29 09:58:51.666161,NIFTY30JAN25F,NIFTY,23043.0,941625,23043.15,23047.0,9009350,200,550
2025-01-29 09:58:53.002580,NIFTY30JAN25F,NIFTY,23043.25,942225,23043.4,23047.9,9009350,200,25
2025-01-29 09:58:55.367533,NIFTY30JAN25F,NIFTY,23042.9,942825,23043.15,23048.3,9009350,200,100
2025-01-29 09:58:56.774975,NIFTY30JAN25F,NIFTY,23042.75,943275,23042.9,23048.1,9009350,100,125
2025-01-29 09:58:58.126519,NIFTY30JAN25F,NIFTY,23045.1,943275,23042.9,23048.1,9009350,100,125
2025-01-29 09:58:59.466479,NIFTY30JAN25F,NIFTY,23048.0,943600,23043.05,23048.0,9009350,100,1650
2025-01-29 09:59:01.248163,NIFTY30JAN25F,NIFTY,23048.0,943850,23044.45,23048.0,9009350,75,1625
2025-01-29 09:59:02.609986,NIFTY30JAN25F,NIFTY,23048.0,944400,23043.6,23047.95,9009350,125,50
2025-01-29 09:59:03.946826,NIFTY30JAN25F,NIFTY,23044.65,944975,23044.65,23048.0,9009350,125,1050
2025-01-29 09:59:05.328974,NIFTY30JAN25F,NIFTY,23049.1,951675,23044.95,23050.0,9009350,150,50
2025-01-29 09:59:06.676432,NIFTY30JAN25F,NIFTY,23050.45,951750,23049.0,23051.4,9009350,25,25
2025-01-29 09:59:08.036014,NIFTY30JAN25F,NIFTY,23051.1,951750,23049.0,23051.4,9009350,25,25
2025-01-29 09:59:09.404762,NIFTY30JAN25F,NIFTY,23049.1,952025,23049.1,23051.3,9009350,125,50
2025-01-29 09:59:10.773031,NIFTY30JAN25F,NIFTY,23048.0,952375,23049.15,23049.7,9009350,25,50
2025-01-29 09:59:12.206147,NIFTY30JAN25F,NIFTY,23044.3,953800,23044.3,23048.05,9009350,75,25
2025-01-29 09:59:13.703774,NIFTY30JAN25F,NIFTY,23042.0,954100,23041.95,23047.8,9009350,175,275
2025-01-29 09:59:15.013179,NIFTY30JAN25F,NIFTY,23046.95,954275,23045.05,23047.1,9009350,75,25
2025-01-29 09:59:16.336338,NIFTY30JAN25F,NIFTY,23046.95,954275,23045.05,23047.1,9009350,75,25
2025-01-29 09:59:17.699480,NIFTY30JAN25F,NIFTY,23045.25,954650,23045.25,23047.0,9009350,50,25
2025-01-29 09:59:19.298815,NIFTY30JAN25F,NIFTY,23045.35,955850,23045.3,23046.75,9009350,100,125
2025-01-29 09:59:20.669420,NIFTY30JAN25F,NIFTY,23046.75,955850,23045.65,23046.75,9009350,325,75
2025-01-29 09:59:22.022837,NIFTY30JAN25F,NIFTY,23042.45,956425,23043.55,23048.6,9009350,225,25
2025-01-29 09:59:23.351784,NIFTY30JAN25F,NIFTY,23042.45,956425,23043.55,23048.6,9009350,225,25
2025-01-29 09:59:24.694489,NIFTY30JAN25F,NIFTY,23047.3,956425,23042.45,23047.45,9009350,225,75
2025-01-29 09:59:26.015042,NIFTY30JAN25F,NIFTY,23047.3,957550,23042.15,23047.0,9009350,225,25
2025-01-29 09:59:27.360060,NIFTY30JAN25F,NIFTY,23047.3,957550,23042.15,23046.15,9009350,125,25
2025-01-29 09:59:28.720093,NIFTY30JAN25F,NIFTY,23045.1,958850,23042.15,23045.2,9009350,25,50
2025-01-29 09:59:30.032174,NIFTY30JAN25F,NIFTY,23041.1,959025,23041.1,23041.9,9009350,75,25
2025-01-29 09:59:31.352197,NIFTY30JAN25F,NIFTY,23039.95,959025,23041.1,23041.9,9009350,75,25
2025-01-29 09:59:32.697006,NIFTY30JAN25F,NIFTY,23040.15,961600,23037.85,23039.9,9009350,150,100
2025-01-29 09:59:34.083067,NIFTY30JAN25F,NIFTY,23040.25,961850,23037.95,23040.9,9009350,175,50
2025-01-29 09:59:35.428834,NIFTY30JAN25F,NIFTY,23042.9,961950,23039.55,23044.2,9009350,75,25
2025-01-29 09:59:36.808308,NIFTY30JAN25F,NIFTY,23041.6,962425,23042.7,23046.4,9009350,250,25
2025-01-29 09:59:38.256514,NIFTY30JAN25F,NIFTY,23046.65,962425,23042.7,23046.4,9009350,250,25
2025-01-29 09:59:39.768109,NIFTY30JAN25F,NIFTY,23043.2,962725,23043.2,23047.45,9009350,175,25
2025-01-29 09:59:41.542661,NIFTY30JAN25F,NIFTY,23047.3,964075,23048.35,23050.0,9009350,150,1850
2025-01-29 09:59:43.063514,NIFTY30JAN25F,NIFTY,23050.0,964075,23048.35,23050.0,9009350,150,1850
2025-01-29 09:59:45.649215,NIFTY30JAN25F,NIFTY,23054.0,970050,23054.0,23055.0,9009350,100,50
2025-01-29 09:59:47.140513,NIFTY30JAN25F,NIFTY,23056.0,970375,23054.95,23056.0,9009350,150,50
2025-01-29 09:59:48.996654,NIFTY30JAN25F,NIFTY,23057.9,970650,23054.9,23058.0,9009350,250,50
2025-01-29 09:59:50.551781,NIFTY30JAN25F,NIFTY,23053.4,972450,23055.45,23058.0,9009350,175,50
2025-01-29 09:59:52.126310,NIFTY30JAN25F,NIFTY,23058.0,972450,23057.0,23058.0,9009350,125,50
2025-01-29 09:59:53.997357,NIFTY30JAN25F,NIFTY,23059.0,972750,23058.95,23060.0,9009350,75,200
2025-01-29 09:59:55.445965,NIFTY30JAN25F,NIFTY,23055.45,974550,23057.25,23059.8,9009350,150,50
2025-01-29 09:59:57.160924,NIFTY30JAN25F,NIFTY,23055.0,974900,23056.5,23058.95,9009350,275,50
2025-01-29 09:59:58.652004,NIFTY30JAN25F,NIFTY,23066.0,976025,23065.55,23066.0,9009350,50,250
2025-01-29 10:00:00.212802,NIFTY30JAN25F,NIFTY,23060.45,978475,23060.2,23066.5,9009350,200,25
2025-01-29 10:00:01.650748,NIFTY30JAN25F,NIFTY,23060.0,979150,23063.3,23066.5,9009350,325,25
2025-01-29 10:00:03.292682,NIFTY30JAN25F,NIFTY,23063.25,979150,23063.3,23066.5,9009350,325,25
2025-01-29 10:00:04.794425,NIFTY30JAN25F,NIFTY,23063.9,979850,23063.55,23064.3,9009350,125,100
2025-01-29 10:00:06.434488,NIFTY30JAN25F,NIFTY,23060.0,981225,23060.1,23063.0,9009350,50,50
2025-01-29 10:00:07.864635,NIFTY30JAN25F,NIFTY,23058.55,983225,23060.0,23060.05,9009350,350,100
2025-01-29 10:00:09.198946,NIFTY30JAN25F,NIFTY,23059.7,984750,23057.6,23058.55,9009350,50,300
2025-01-29 10:00:10.694902,NIFTY30JAN25F,NIFTY,23061.05,984800,23058.95,23060.8,9009350,150,25
2025-01-29 10:00:12.113630,NIFTY30JAN25F,NIFTY,23060.0,985075,23055.1,23059.55,9009350,75,275
2025-01-29 10:00:13.482922,NIFTY30JAN25F,NIFTY,23055.45,987050,23055.85,23057.05,9009350,25,250
2025-01-29 10:00:14.871053,NIFTY30JAN25F,NIFTY,23055.0,987050,23055.85,23057.05,9009350,25,250
2025-01-29 10:00:16.185779,NIFTY30JAN25F,NIFTY,23054.3,987425,23054.3,23058.6,9009350,25,25
2025-01-29 10:00:17.511052,NIFTY30JAN25F,NIFTY,23060.8,987875,23055.5,23060.85,9009350,150,250
2025-01-29 10:00:18.835741,NIFTY30JAN25F,NIFTY,23060.8,987875,23058.35,23062.0,9009350,25,25
2025-01-29 10:00:20.174168,NIFTY30JAN25F,NIFTY,23061.3,988300,23058.45,23061.05,9009350,25,300
2025-01-29 10:00:21.533387,NIFTY30JAN25F,NIFTY,23060.55,988300,23058.45,23061.05,9009350,25,300
2025-01-29 10:00:22.838676,NIFTY30JAN25F,NIFTY,23060.9,988350,23058.45,23060.55,9009350,50,250
2025-01-29 10:00:24.263278,NIFTY30JAN25F,NIFTY,23060.05,988600,23058.45,23060.05,9009350,25,300
2025-01-29 10:00:25.596551,NIFTY30JAN25F,NIFTY,23059.75,988925,23058.45,23059.05,9009350,25,300
2025-01-29 10:00:26.938827,NIFTY30JAN25F,NIFTY,23060.05,989250,23057.1,23060.05,9009350,25,200
2025-01-29 10:00:28.249345,NIFTY30JAN25F,NIFTY,23060.05,989250,23057.1,23060.05,9009350,25,200
2025-01-29 10:00:29.574828,NIFTY30JAN25F,NIFTY,23059.5,989325,23057.15,23059.55,9009350,100,200
2025-01-29 10:00:30.899728,NIFTY30JAN25F,NIFTY,23059.55,989350,23057.15,23059.55,9009350,125,200
2025-01-29 10:00:32.248531,NIFTY30JAN25F,NIFTY,23057.15,989500,23057.15,23060.0,9009350,50,25
2025-01-29 10:00:33.593574,NIFTY30JAN25F,NIFTY,23057.05,989650,23056.05,23057.05,9009350,50,300
2025-01-29 10:00:34.908557,NIFTY30JAN25F,NIFTY,23056.25,989650,23056.05,23057.05,9009350,50,300
2025-01-29 10:00:36.258399,NIFTY30JAN25F,NIFTY,23052.25,991025,23052.25,23057.4,9009350,25,25
2025-01-29 10:00:37.629116,NIFTY30JAN25F,NIFTY,23057.7,992150,23052.65,23058.4,9009350,200,150
2025-01-29 10:00:38.995575,NIFTY30JAN25F,NIFTY,23058.6,992225,23053.0,23058.7,9009350,300,200
2025-01-29 10:00:40.323587,NIFTY30JAN25F,NIFTY,23054.4,992250,23054.3,23059.2,9009350,125,50
2025-01-29 10:00:41.662846,NIFTY30JAN25F,NIFTY,23058.95,992300,23054.5,23058.0,9009350,225,25
2025-01-29 10:00:43.158526,NIFTY30JAN25F,NIFTY,23054.5,992300,23054.5,23058.0,9009350,225,25
2025-01-29 10:00:44.557766,NIFTY30JAN25F,NIFTY,23055.85,992350,23055.85,23058.0,9009350,50,25
2025-01-29 10:00:45.908575,NIFTY30JAN25F,NIFTY,23055.85,992525,23056.4,23060.0,9009350,200,100
2025-01-29 10:00:47.276114,NIFTY30JAN25F,NIFTY,23054.65,992625,23055.1,23060.0,9009350,25,100
2025-01-29 10:00:48.632269,NIFTY30JAN25F,NIFTY,23054.65,992625,23056.5,23060.0,9009350,50,100
2025-01-29 10:00:49.975472,NIFTY30JAN25F,NIFTY,23054.65,992625,23056.5,23060.0,9009350,50,100
2025-01-29 10:00:51.633572,NIFTY30JAN25F,NIFTY,23059.6,992875,23059.55,23059.6,9009350,25,300
2025-01-29 10:00:53.746634,NIFTY30JAN25F,NIFTY,23059.55,992975,23058.1,23060.0,9009350,75,100
2025-01-29 10:00:55.082727,NIFTY30JAN25F,NIFTY,23060.0,992975,23058.1,23060.0,9009350,75,100
2025-01-29 10:00:56.556416,NIFTY30JAN25F,NIFTY,23059.0,993025,23059.95,23060.0,9009350,50,50
2025-01-29 10:00:57.916380,NIFTY30JAN25F,NIFTY,23059.0,993400,23058.6,23062.7,9009350,225,25
2025-01-29 10:00:59.328956,NIFTY30JAN25F,NIFTY,23058.95,993400,23058.95,23061.05,9009350,225,25
2025-01-29 10:01:00.629610,NIFTY30JAN25F,NIFTY,23060.0,993950,23060.05,23060.95,9009350,25,50
2025-01-29 10:01:02.017786,NIFTY30JAN25F,NIFTY,23062.95,999050,23060.05,23062.55,9009350,25,50
2025-01-29 10:01:03.447833,NIFTY30JAN25F,NIFTY,23060.05,999050,23060.05,23062.55,9009350,25,50
2025-01-29 10:01:04.895702,NIFTY30JAN25F,NIFTY,23060.0,999075,23060.1,23061.55,9009350,25,25
2025-01-29 10:01:06.211302,NIFTY30JAN25F,NIFTY,23060.0,999175,23059.05,23060.8,9009350,25,50
2025-01-29 10:01:07.570303,NIFTY30JAN25F,NIFTY,23060.5,999200,23059.05,23060.2,8998625,25,25
2025-01-29 10:01:08.899231,NIFTY30JAN25F,NIFTY,23060.5,1000375,23059.1,23060.05,8998625,50,125
2025-01-29 10:01:10.265272,NIFTY30JAN25F,NIFTY,23059.15,1000500,23059.1,23060.05,8998625,75,50
2025-01-29 10:01:11.607194,NIFTY30JAN25F,NIFTY,23059.0,1000500,23059.1,23060.05,8998625,75,50
2025-01-29 10:01:12.946864,NIFTY30JAN25F,NIFTY,23059.05,1000675,23059.05,23059.1,8998625,50,275
2025-01-29 10:01:14.310606,NIFTY30JAN25F,NIFTY,23060.5,1001400,23059.05,23059.6,8998625,25,300
2025-01-29 10:01:15.708321,NIFTY30JAN25F,NIFTY,23061.85,1001525,23059.1,23061.9,8998625,25,25
2025-01-29 10:01:17.028376,NIFTY30JAN25F,NIFTY,23061.85,1001525,23060.1,23061.8,8998625,25,50
2025-01-29 10:01:18.379614,NIFTY30JAN25F,NIFTY,23060.0,1001625,23060.5,23063.0,8998625,50,150
2025-01-29 10:01:19.708422,NIFTY30JAN25F,NIFTY,23061.85,1001625,23060.5,23063.0,8998625,50,150
2025-01-29 10:01:21.036449,NIFTY30JAN25F,NIFTY,23062.0,1001750,23062.05,23063.0,8998625,50,150
2025-01-29 10:01:22.366743,NIFTY30JAN25F,NIFTY,23060.85,1002675,23060.85,23062.5,8998625,175,25
2025-01-29 10:01:23.759315,NIFTY30JAN25F,NIFTY,23063.25,1002975,23063.25,23064.0,8998625,25,200
2025-01-29 10:01:25.095091,NIFTY30JAN25F,NIFTY,23063.3,1003075,23063.25,23064.0,8998625,25,200
2025-01-29 10:01:26.455470,NIFTY30JAN25F,NIFTY,23063.25,1003075,23063.25,23064.0,8998625,25,200
2025-01-29 10:01:27.813924,NIFTY30JAN25F,NIFTY,23061.2,1003300,23061.25,23064.0,8998625,100,150
2025-01-29 10:01:29.149737,NIFTY30JAN25F,NIFTY,23064.0,1003325,23061.45,23064.0,8998625,100,150
2025-01-29 10:01:30.474949,NIFTY30JAN25F,NIFTY,23063.95,1003550,23064.05,23065.0,8998625,25,150
2025-01-29 10:01:31.825789,NIFTY30JAN25F,NIFTY,23067.1,1005000,23067.1,23068.0,8998625,50,500
2025-01-29 10:01:34.156942,NIFTY30JAN25F,NIFTY,23068.0,1005225,23065.45,23068.0,8998625,25,500
2025-01-29 10:01:35.492168,NIFTY30JAN25F,NIFTY,23065.0,1006250,23064.05,23065.0,8998625,25,225
2025-01-29 10:01:36.870201,NIFTY30JAN25F,NIFTY,23068.0,1006675,23064.8,23068.0,8998625,100,425
2025-01-29 10:01:38.253722,NIFTY30JAN25F,NIFTY,23066.75,1006675,23064.8,23068.0,8998625,100,425
2025-01-29 10:01:39.580390,NIFTY30JAN25F,NIFTY,23067.35,1007225,23064.0,23066.7,8998625,25,25
2025-01-29 10:01:40.930744,NIFTY30JAN25F,NIFTY,23064.05,1007750,23066.9,23067.4,8998625,50,125
2025-01-29 10:01:42.278077,NIFTY30JAN25F,NIFTY,23066.3,1009050,23064.05,23065.9,8998625,25,25
2025-01-29 10:01:43.622124,NIFTY30JAN25F,NIFTY,23067.25,1010225,23064.05,23067.25,8998625,25,75
2025-01-29 10:01:44.948487,NIFTY30JAN25F,NIFTY,23066.0,1010225,23064.05,23067.25,8998625,25,75
2025-01-29 10:01:46.256741,NIFTY30JAN25F,NIFTY,23067.0,1010275,23064.1,23066.0,8998625,200,25
2025-01-29 10:01:47.585433,NIFTY30JAN25F,NIFTY,23065.3,1010475,23065.25,23068.0,8998625,25,175
2025-01-29 10:01:48.900616,NIFTY30JAN25F,NIFTY,23065.35,1010625,23066.05,23067.65,8998625,25,50
2025-01-29 10:01:50.308339,NIFTY30JAN25F,NIFTY,23066.75,1010725,23066.05,23066.1,8998625,25,400
2025-01-29 10:01:51.650923,NIFTY30JAN25F,NIFTY,23066.05,1010725,23066.05,23066.1,8998625,25,400
2025-01-29 10:01:53.019605,NIFTY30JAN25F,NIFTY,23067.65,1010850,23064.05,23068.1,8998625,100,300
2025-01-29 10:01:54.365612,NIFTY30JAN25F,NIFTY,23067.55,1013025,23064.1,23067.15,8998625,50,50
2025-01-29 10:01:55.713209,NIFTY30JAN25F,NIFTY,23067.6,1013050,23066.8,23067.0,8998625,150,25
2025-01-29 10:01:57.056002,NIFTY30JAN25F,NIFTY,23067.9,1013600,23066.85,23067.8,8998625,75,25
2025-01-29 10:01:58.381934,NIFTY30JAN25F,NIFTY,23067.9,1013600,23066.85,23067.8,8998625,75,25
2025-01-29 10:01:59.817033,NIFTY30JAN25F,NIFTY,23067.9,1014725,23067.0,23067.9,8998625,25,1850
2025-01-29 10:02:01.152721,NIFTY30JAN25F,NIFTY,23067.9,1015250,23067.05,23067.9,8998625,25,1325
2025-01-29 10:02:02.787100,NIFTY30JAN25F,NIFTY,23067.0,1016700,23066.6,23069.0,8998625,150,150
2025-01-29 10:02:04.137516,NIFTY30JAN25F,NIFTY,23068.0,1017175,23067.95,23068.0,8998625,50,225
2025-01-29 10:02:05.495097,NIFTY30JAN25F,NIFTY,23068.0,1017275,23067.95,23068.0,8998625,75,125
2025-01-29 10:02:06.809437,NIFTY30JAN25F,NIFTY,23069.0,1017275,23067.95,23068.0,8998625,75,125
2025-01-29 10:02:08.139263,NIFTY30JAN25F,NIFTY,23069.95,1017550,23069.0,23069.9,8998625,75,25
2025-01-29 10:02:09.476570,NIFTY30JAN25F,NIFTY,23075.0,1019950,23070.65,23073.3,8998625,175,25
2025-01-29 10:02:10.836989,NIFTY30JAN25F,NIFTY,23074.0,1021750,23074.0,23075.0,8998625,25,800
2025-01-29 10:02:12.176958,NIFTY30JAN25F,NIFTY,23073.25,1022000,23073.35,23075.0,8998625,50,675
2025-01-29 10:02:13.508754,NIFTY30JAN25F,NIFTY,23076.0,1022800,23075.95,23076.2,8998625,50,150
2025-01-29 10:02:14.836822,NIFTY30JAN25F,NIFTY,23075.95,1022800,23075.95,23076.2,8998625,50,150
2025-01-29 10:02:16.206884,NIFTY30JAN25F,NIFTY,23074.0,1023000,23072.6,23072.95,8998625,25,25
2025-01-29 10:02:17.663201,NIFTY30JAN25F,NIFTY,23073.75,1023525,23072.0,23072.6,8998625,25,225
2025-01-29 10:02:19.016343,NIFTY30JAN25F,NIFTY,23075.0,1025225,23072.0,23073.65,8998625,25,125
2025-01-29 10:02:20.359037,NIFTY30JAN25F,NIFTY,23074.2,1026600,23072.0,23073.75,8998625,25,25
2025-01-29 10:02:21.694347,NIFTY30JAN25F,NIFTY,23073.6,1026600,23072.0,23073.75,8998625,25,25
2025-01-29 10:02:23.016167,NIFTY30JAN25F,NIFTY,23074.75,1027000,23070.1,23073.6,8998625,100,25
2025-01-29 10:02:24.343841,NIFTY30JAN25F,NIFTY,23070.0,1027675,23070.0,23072.7,8998625,25,50
2025-01-29 10:02:25.703007,NIFTY30JAN25F,NIFTY,23072.5,1027850,23070.0,23072.0,8998625,175,50
2025-01-29 10:02:27.042174,NIFTY30JAN25F,NIFTY,23070.5,1029450,23070.55,23071.95,8998625,50,25
2025-01-29 10:02:28.390315,NIFTY30JAN25F,NIFTY,23070.65,1029450,23070.55,23071.95,8998625,50,25
2025-01-29 10:02:29.722436,NIFTY30JAN25F,NIFTY,23071.5,1031200,23069.95,23070.65,8998625,50,25
2025-01-29 10:02:31.066842,NIFTY30JAN25F,NIFTY,23070.5,1031925,23068.0,23070.5,8998625,150,900
2025-01-29 10:02:32.418362,NIFTY30JAN25F,NIFTY,23070.5,1032325,23068.0,23070.5,8998625,175,525
2025-01-29 10:02:33.793480,NIFTY30JAN25F,NIFTY,23067.8,1032850,23067.05,23067.95,8998625,25,25
2025-01-29 10:02:35.129424,NIFTY30JAN25F,NIFTY,23066.65,1033125,23065.55,23067.05,8998625,25,25
2025-01-29 10:02:36.496115,NIFTY30JAN25F,NIFTY,23067.55,1033125,23065.55,23067.05,8998625,25,25
2025-01-29 10:02:37.831589,NIFTY30JAN25F,NIFTY,23067.5,1033425,23065.05,23067.55,8998625,25,25
2025-01-29 10:02:39.170771,NIFTY30JAN25F,NIFTY,23067.1,1033525,23067.05,23069.0,8998625,25,150
2025-01-29 10:02:40.504839,NIFTY30JAN25F,NIFTY,23067.05,1033600,23067.05,23070.0,8998625,50,150
2025-01-29 10:02:41.841616,NIFTY30JAN25F,NIFTY,23065.0,1033600,23067.05,23070.0,8998625,50,150
2025-01-29 10:02:43.156723,NIFTY30JAN25F,NIFTY,23065.0,1033675,23067.05,23069.65,8998625,25,125
2025-01-29 10:02:44.482980,NIFTY30JAN25F,NIFTY,23065.2,1033675,23067.1,23068.75,8998625,50,25
2025-01-29 10:02:45.813365,NIFTY30JAN25F,NIFTY,23067.7,1034250,23066.2,23067.0,8998625,25,25
2025-01-29 10:02:47.149746,NIFTY30JAN25F,NIFTY,23066.25,1034825,23066.25,23066.95,8998625,25,50
2025-01-29 10:02:48.462633,NIFTY30JAN25F,NIFTY,23066.0,1034825,23066.25,23066.95,8998625,25,50
2025-01-29 10:02:49.806432,NIFTY30JAN25F,NIFTY,23066.15,1035125,23065.5,23065.7,8998625,200,25
2025-01-29 10:02:51.172314,NIFTY30JAN25F,NIFTY,23066.45,1035650,23065.75,23066.25,8998625,25,25
2025-01-29 10:02:52.508232,NIFTY30JAN25F,NIFTY,23064.05,1035775,23064.05,23066.5,8998625,25,50
2025-01-29 10:02:53.835398,NIFTY30JAN25F,NIFTY,23064.05,1035775,23066.15,23066.55,8998625,450,50
2025-01-29 10:02:55.152274,NIFTY30JAN25F,NIFTY,23066.15,1036150,23066.15,23066.35,8998625,275,50
2025-01-29 10:02:56.509202,NIFTY30JAN25F,NIFTY,23066.2,1036150,23066.15,23066.35,8998625,275,50
2025-01-29 10:02:57.871190,NIFTY30JAN25F,NIFTY,23066.0,1036700,23066.0,23068.15,8998625,1600,125
2025-01-29 10:02:59.231477,NIFTY30JAN25F,NIFTY,23066.0,1036750,23066.5,23067.45,8998625,375,25
2025-01-29 10:03:00.610244,NIFTY30JAN25F,NIFTY,23064.1,1038725,23065.0,23065.5,8998625,275,25
2025-01-29 10:03:01.980806,NIFTY30JAN25F,NIFTY,23063.2,1039375,23063.2,23063.7,8998625,400,25
2025-01-29 10:03:03.343915,NIFTY30JAN25F,NIFTY,23062.25,1039375,23063.2,23063.7,8998625,400,25
2025-01-29 10:03:04.665313,NIFTY30JAN25F,NIFTY,23063.55,1039975,23062.3,23062.4,8998625,50,25
2025-01-29 10:03:05.989558,NIFTY30JAN25F,NIFTY,23062.3,1040175,23062.3,23063.3,8998625,25,50
2025-01-29 10:03:07.314739,NIFTY30JAN25F,NIFTY,23065.15,1040650,23063.4,23065.3,8998625,25,175
2025-01-29 10:03:08.650073,NIFTY30JAN25F,NIFTY,23061.25,1042000,23061.25,23063.05,8998625,300,25
2025-01-29 10:03:10.104501,NIFTY30JAN25F,NIFTY,23061.25,1042000,23061.25,23063.05,8998625,300,25
2025-01-29 10:03:11.445103,NIFTY30JAN25F,NIFTY,23062.9,1042450,23061.3,23062.85,8998625,50,25
2025-01-29 10:03:12.826807,NIFTY30JAN25F,NIFTY,23063.2,1042875,23060.3,23063.1,8998625,150,25
2025-01-29 10:03:14.149241,NIFTY30JAN25F,NIFTY,23060.3,1042950,23060.3,23061.65,8998625,150,25
2025-01-29 10:03:15.477030,NIFTY30JAN25F,NIFTY,23061.85,1045025,23060.45,23062.05,8998625,125,25
2025-01-29 10:03:16.801342,NIFTY30JAN25F,NIFTY,23063.25,1045575,23060.75,23062.8,8998625,25,50
2025-01-29 10:03:18.160884,NIFTY30JAN25F,NIFTY,23060.75,1045575,23060.75,23062.8,8998625,25,50
