timestamp,symbol,instrument,ltp,volume,bid,ask,oi,bid_qty,ask_qty,stock_name,strike,option_type,expiry
2025-02-03 12:02:22.495489,POWERGRID27FEB25P280,OPTSTK,10.25,2667600,10.1,10.2,1134000,1800,7200,POWERGRID,280.0,PE,27-FEB-2025
2025-02-03 12:02:29.160118,POWERGRID27FEB25P280,OPTSTK,10.25,2667600,10.1,10.2,1134000,1800,7200,POWERGRID,280.0,PE,27-FEB-2025
2025-02-03 12:02:35.537620,POWERGRID27FEB25P280,OPTSTK,10.25,2667600,10.1,10.2,1134000,1800,7200,POWERGRID,280.0,PE,27-FEB-2025
2025-02-03 12:02:41.835332,POWERGRID27FEB25P280,OPTSTK,10.25,2667600,10.15,10.2,1134000,1800,5400,POWERGRID,280.0,PE,27-FEB-2025
2025-02-03 12:02:48.310071,POWERGRID27FEB25P280,OPTSTK,10.25,2667600,10.15,10.2,1134000,1800,5400,POWERGRID,280.0,PE,27-FEB-2025
2025-02-03 12:02:54.442539,POWERGRID27FEB25P280,OPTSTK,10.25,2667600,10.15,10.2,1134000,1800,5400,POWERGRID,280.0,PE,27-FEB-2025
2025-02-03 12:03:01.072712,POWERGRID27FEB25P280,OPTSTK,10.25,2667600,10.15,10.2,1134000,1800,5400,POWERGRID,280.0,PE,27-FEB-2025
2025-02-03 12:03:07.547840,POWERGRID27FEB25P280,OPTSTK,10.2,2667600,10.1,10.2,1134000,14400,5400,POWERGRID,280.0,PE,27-FEB-2025
2025-02-03 12:03:14.798111,POWERGRID27FEB25P280,OPTSTK,10.2,2667600,10.1,10.2,1134000,14400,5400,POWERGRID,280.0,PE,27-FEB-2025
2025-02-03 12:03:23.493666,POWERGRID27FEB25P280,OPTSTK,10.15,2667600,10.1,10.2,1134000,14400,5400,POWERGRID,280.0,PE,27-FEB-2025
2025-02-03 12:03:31.167340,POWERGRID27FEB25P280,OPTSTK,10.15,2674800,10.05,10.15,1134000,3600,3600,POWERGRID,280.0,PE,27-FEB-2025
2025-02-03 12:03:37.577525,POWERGRID27FEB25P280,OPTSTK,10.15,2674800,10.05,10.15,1134000,3600,3600,POWERGRID,280.0,PE,27-FEB-2025
2025-02-03 12:03:44.256401,POWERGRID27FEB25P280,OPTSTK,10.15,2674800,10.05,10.15,1134000,3600,3600,POWERGRID,280.0,PE,27-FEB-2025
2025-02-03 12:03:50.940092,POWERGRID27FEB25P280,OPTSTK,10.15,2674800,10.05,10.15,1134000,3600,3600,POWERGRID,280.0,PE,27-FEB-2025
2025-02-03 12:03:57.496482,POWERGRID27FEB25P280,OPTSTK,10.15,2674800,10.0,10.1,1134000,1800,5400,POWERGRID,280.0,PE,27-FEB-2025
2025-02-03 12:04:04.124672,POWERGRID27FEB25P280,OPTSTK,10.15,2674800,10.0,10.1,1134000,1800,5400,POWERGRID,280.0,PE,27-FEB-2025
2025-02-03 12:04:10.517507,POWERGRID27FEB25P280,OPTSTK,10.15,2674800,10.0,10.1,1134000,1800,5400,POWERGRID,280.0,PE,27-FEB-2025
2025-02-03 12:04:17.082864,POWERGRID27FEB25P280,OPTSTK,10.15,2674800,10.0,10.1,1134000,1800,5400,POWERGRID,280.0,PE,27-FEB-2025
2025-02-03 12:04:23.491034,POWERGRID27FEB25P280,OPTSTK,10.15,2674800,10.05,10.1,1134000,1800,1800,POWERGRID,280.0,PE,27-FEB-2025
2025-02-03 12:04:30.613074,POWERGRID27FEB25P280,OPTSTK,10.15,2674800,10.05,10.1,1134000,1800,1800,POWERGRID,280.0,PE,27-FEB-2025
2025-02-03 12:04:39.374480,POWERGRID27FEB25P280,OPTSTK,10.15,2674800,10.05,10.1,1134000,1800,1800,POWERGRID,280.0,PE,27-FEB-2025
2025-02-03 12:04:47.358396,POWERGRID27FEB25P280,OPTSTK,10.15,2674800,10.0,10.1,1134000,1800,7200,POWERGRID,280.0,PE,27-FEB-2025
2025-02-03 12:04:53.723411,POWERGRID27FEB25P280,OPTSTK,10.15,2674800,10.0,10.1,1134000,1800,7200,POWERGRID,280.0,PE,27-FEB-2025
2025-02-03 12:05:00.218201,POWERGRID27FEB25P280,OPTSTK,10.15,2674800,10.0,10.1,1134000,1800,7200,POWERGRID,280.0,PE,27-FEB-2025
2025-02-03 12:05:06.863694,POWERGRID27FEB25P280,OPTSTK,10.15,2674800,9.95,10.05,1134000,5400,7200,POWERGRID,280.0,PE,27-FEB-2025
2025-02-03 12:05:13.487224,POWERGRID27FEB25P280,OPTSTK,10.15,2674800,9.95,10.05,1134000,5400,7200,POWERGRID,280.0,PE,27-FEB-2025
2025-02-03 12:05:20.337355,POWERGRID27FEB25P280,OPTSTK,10.0,2674800,9.95,10.05,1134000,5400,7200,POWERGRID,280.0,PE,27-FEB-2025
2025-02-03 12:05:27.104185,POWERGRID27FEB25P280,OPTSTK,10.1,2674800,9.95,10.05,1134000,5400,7200,POWERGRID,280.0,PE,27-FEB-2025
2025-02-03 12:05:33.677661,POWERGRID27FEB25P280,OPTSTK,10.0,2682000,10.0,10.1,1134000,7200,5400,POWERGRID,280.0,PE,27-FEB-2025
2025-02-03 12:05:40.181061,POWERGRID27FEB25P280,OPTSTK,10.0,2682000,10.0,10.1,1134000,7200,5400,POWERGRID,280.0,PE,27-FEB-2025
2025-02-03 12:05:47.118992,POWERGRID27FEB25P280,OPTSTK,10.1,2682000,10.0,10.1,1134000,7200,5400,POWERGRID,280.0,PE,27-FEB-2025
2025-02-03 12:05:55.774945,POWERGRID27FEB25P280,OPTSTK,10.1,2687400,10.0,10.15,1134000,10800,9000,POWERGRID,280.0,PE,27-FEB-2025
2025-02-03 12:06:03.408807,POWERGRID27FEB25P280,OPTSTK,10.1,2687400,10.0,10.15,1134000,10800,9000,POWERGRID,280.0,PE,27-FEB-2025
2025-02-03 12:06:10.120414,POWERGRID27FEB25P280,OPTSTK,10.1,2687400,10.0,10.15,1134000,10800,9000,POWERGRID,280.0,PE,27-FEB-2025
2025-02-03 12:06:17.162783,POWERGRID27FEB25P280,OPTSTK,10.1,2687400,10.0,10.15,1134000,10800,9000,POWERGRID,280.0,PE,27-FEB-2025
2025-02-03 12:06:23.545967,POWERGRID27FEB25P280,OPTSTK,10.1,2687400,9.9,10.0,1134000,7200,3600,POWERGRID,280.0,PE,27-FEB-2025
2025-02-03 12:06:30.116975,POWERGRID27FEB25P280,OPTSTK,10.1,2687400,9.9,10.0,1134000,7200,3600,POWERGRID,280.0,PE,27-FEB-2025
2025-02-03 12:06:36.843339,POWERGRID27FEB25P280,OPTSTK,10.0,2687400,9.9,10.0,1134000,7200,3600,POWERGRID,280.0,PE,27-FEB-2025
2025-02-03 12:06:43.874922,POWERGRID27FEB25P280,OPTSTK,10.0,2687400,9.9,10.0,1134000,7200,3600,POWERGRID,280.0,PE,27-FEB-2025
2025-02-03 12:06:50.781930,POWERGRID27FEB25P280,OPTSTK,10.0,2689200,9.9,10.05,1134000,14400,7200,POWERGRID,280.0,PE,27-FEB-2025
2025-02-03 12:06:59.984782,POWERGRID27FEB25P280,OPTSTK,10.05,2689200,9.9,10.05,1134000,14400,7200,POWERGRID,280.0,PE,27-FEB-2025
2025-02-03 12:07:09.193038,POWERGRID27FEB25P280,OPTSTK,10.05,2689200,9.9,10.05,1134000,14400,7200,POWERGRID,280.0,PE,27-FEB-2025
2025-02-03 12:07:16.901949,POWERGRID27FEB25P280,OPTSTK,10.05,2691000,9.95,10.1,1137600,7200,12600,POWERGRID,280.0,PE,27-FEB-2025
2025-02-03 12:07:24.395123,POWERGRID27FEB25P280,OPTSTK,10.05,2691000,9.95,10.1,1137600,7200,12600,POWERGRID,280.0,PE,27-FEB-2025
2025-02-03 12:07:31.915628,POWERGRID27FEB25P280,OPTSTK,10.05,2691000,9.95,10.1,1137600,7200,12600,POWERGRID,280.0,PE,27-FEB-2025
2025-02-03 12:07:39.628928,POWERGRID27FEB25P280,OPTSTK,10.2,2692800,10.0,10.1,1137600,7200,1800,POWERGRID,280.0,PE,27-FEB-2025
2025-02-03 12:07:46.876476,POWERGRID27FEB25P280,OPTSTK,10.2,2692800,10.0,10.1,1137600,7200,1800,POWERGRID,280.0,PE,27-FEB-2025
2025-02-03 12:07:54.338502,POWERGRID27FEB25P280,OPTSTK,10.35,2692800,10.0,10.1,1137600,7200,1800,POWERGRID,280.0,PE,27-FEB-2025
2025-02-03 12:08:01.752295,POWERGRID27FEB25P280,OPTSTK,10.35,2692800,10.0,10.1,1137600,7200,1800,POWERGRID,280.0,PE,27-FEB-2025
2025-02-03 12:08:09.972501,POWERGRID27FEB25P280,OPTSTK,10.35,2714400,10.55,10.65,1137600,3600,3600,POWERGRID,280.0,PE,27-FEB-2025
2025-02-03 12:08:17.972200,POWERGRID27FEB25P280,OPTSTK,10.35,2714400,10.55,10.65,1137600,3600,3600,POWERGRID,280.0,PE,27-FEB-2025
2025-02-03 12:08:26.746816,POWERGRID27FEB25P280,OPTSTK,10.75,2714400,10.55,10.65,1137600,3600,3600,POWERGRID,280.0,PE,27-FEB-2025
2025-02-03 12:08:34.261976,POWERGRID27FEB25P280,OPTSTK,10.75,2716200,10.65,10.8,1137600,7200,7200,POWERGRID,280.0,PE,27-FEB-2025
2025-02-03 12:08:40.760716,POWERGRID27FEB25P280,OPTSTK,10.75,2716200,10.65,10.8,1137600,7200,7200,POWERGRID,280.0,PE,27-FEB-2025
2025-02-03 12:08:47.420881,POWERGRID27FEB25P280,OPTSTK,10.75,2716200,10.65,10.8,1137600,7200,7200,POWERGRID,280.0,PE,27-FEB-2025
2025-02-03 12:08:53.698292,POWERGRID27FEB25P280,OPTSTK,10.75,2716200,10.65,10.8,1137600,7200,7200,POWERGRID,280.0,PE,27-FEB-2025
2025-02-03 12:09:00.068386,POWERGRID27FEB25P280,OPTSTK,10.75,2719800,10.7,10.85,1137600,5400,18000,POWERGRID,280.0,PE,27-FEB-2025
2025-02-03 12:09:06.319953,POWERGRID27FEB25P280,OPTSTK,10.75,2719800,10.7,10.85,1137600,5400,18000,POWERGRID,280.0,PE,27-FEB-2025
2025-02-03 12:09:12.515053,POWERGRID27FEB25P280,OPTSTK,10.75,2719800,10.7,10.85,1137600,5400,18000,POWERGRID,280.0,PE,27-FEB-2025
2025-02-03 12:09:18.854341,POWERGRID27FEB25P280,OPTSTK,10.75,2719800,10.7,10.85,1137600,5400,18000,POWERGRID,280.0,PE,27-FEB-2025
2025-02-03 12:09:25.053807,POWERGRID27FEB25P280,OPTSTK,10.75,2721600,10.6,10.75,1137600,10800,9000,POWERGRID,280.0,PE,27-FEB-2025
2025-02-03 12:09:31.513459,POWERGRID27FEB25P280,OPTSTK,10.75,2721600,10.6,10.75,1137600,10800,9000,POWERGRID,280.0,PE,27-FEB-2025
2025-02-03 12:09:39.324431,POWERGRID27FEB25P280,OPTSTK,10.75,2721600,10.6,10.75,1137600,10800,9000,POWERGRID,280.0,PE,27-FEB-2025
2025-02-03 12:09:47.911842,POWERGRID27FEB25P280,OPTSTK,10.75,2721600,10.7,10.85,1137600,5400,10800,POWERGRID,280.0,PE,27-FEB-2025
2025-02-03 12:09:55.334552,POWERGRID27FEB25P280,OPTSTK,10.75,2721600,10.7,10.85,1137600,5400,10800,POWERGRID,280.0,PE,27-FEB-2025
2025-02-03 12:10:01.717189,POWERGRID27FEB25P280,OPTSTK,10.75,2721600,10.7,10.85,1137600,5400,10800,POWERGRID,280.0,PE,27-FEB-2025
2025-02-03 12:10:08.135247,POWERGRID27FEB25P280,OPTSTK,10.8,2721600,10.7,10.85,1135800,5400,10800,POWERGRID,280.0,PE,27-FEB-2025
2025-02-03 12:10:14.477131,POWERGRID27FEB25P280,OPTSTK,10.8,2723400,10.8,10.95,1135800,9000,12600,POWERGRID,280.0,PE,27-FEB-2025
2025-02-03 12:10:20.703987,POWERGRID27FEB25P280,OPTSTK,10.8,2723400,10.8,10.95,1135800,9000,12600,POWERGRID,280.0,PE,27-FEB-2025
2025-02-03 12:10:26.951573,POWERGRID27FEB25P280,OPTSTK,10.8,2723400,10.8,10.95,1135800,9000,12600,POWERGRID,280.0,PE,27-FEB-2025
2025-02-03 12:10:33.174260,POWERGRID27FEB25P280,OPTSTK,10.8,2723400,10.8,10.95,1135800,9000,12600,POWERGRID,280.0,PE,27-FEB-2025
2025-02-03 12:10:41.199737,POWERGRID27FEB25P280,OPTSTK,10.8,2725200,10.75,10.9,1135800,5400,9000,POWERGRID,280.0,PE,27-FEB-2025
2025-02-03 12:10:47.779677,POWERGRID27FEB25P280,OPTSTK,10.8,2725200,10.75,10.9,1135800,5400,9000,POWERGRID,280.0,PE,27-FEB-2025
2025-02-03 12:10:55.186393,POWERGRID27FEB25P280,OPTSTK,10.75,2725200,10.75,10.9,1135800,5400,9000,POWERGRID,280.0,PE,27-FEB-2025
2025-02-03 12:11:03.632710,POWERGRID27FEB25P280,OPTSTK,10.75,2728800,10.9,11.05,1135800,7200,12600,POWERGRID,280.0,PE,27-FEB-2025
2025-02-03 12:11:11.054897,POWERGRID27FEB25P280,OPTSTK,10.95,2728800,10.9,11.05,1135800,7200,12600,POWERGRID,280.0,PE,27-FEB-2025
2025-02-03 12:11:17.364811,POWERGRID27FEB25P280,OPTSTK,10.95,2728800,10.9,11.05,1135800,7200,12600,POWERGRID,280.0,PE,27-FEB-2025
2025-02-03 12:11:23.650592,POWERGRID27FEB25P280,OPTSTK,10.95,2728800,10.9,11.05,1135800,7200,12600,POWERGRID,280.0,PE,27-FEB-2025
2025-02-03 12:11:29.838463,POWERGRID27FEB25P280,OPTSTK,10.95,2732400,10.8,10.9,1135800,3600,3600,POWERGRID,280.0,PE,27-FEB-2025
2025-02-03 12:11:36.179363,POWERGRID27FEB25P280,OPTSTK,10.95,2732400,10.8,10.9,1135800,3600,3600,POWERGRID,280.0,PE,27-FEB-2025
2025-02-03 12:11:42.521041,POWERGRID27FEB25P280,OPTSTK,10.9,2732400,10.8,10.9,1135800,3600,3600,POWERGRID,280.0,PE,27-FEB-2025
2025-02-03 12:11:48.827884,POWERGRID27FEB25P280,OPTSTK,10.9,2732400,10.8,10.9,1135800,3600,3600,POWERGRID,280.0,PE,27-FEB-2025
2025-02-03 12:11:55.420623,POWERGRID27FEB25P280,OPTSTK,10.9,2734200,10.8,10.85,1135800,1800,1800,POWERGRID,280.0,PE,27-FEB-2025
2025-02-03 12:12:01.934417,POWERGRID27FEB25P280,OPTSTK,10.9,2734200,10.8,10.85,1135800,1800,1800,POWERGRID,280.0,PE,27-FEB-2025
2025-02-03 12:12:08.113975,POWERGRID27FEB25P280,OPTSTK,10.9,2734200,10.8,10.85,1135800,1800,1800,POWERGRID,280.0,PE,27-FEB-2025
2025-02-03 12:12:16.718988,POWERGRID27FEB25P280,OPTSTK,10.9,2734200,10.8,10.85,1135800,1800,1800,POWERGRID,280.0,PE,27-FEB-2025
2025-02-03 12:12:24.389120,POWERGRID27FEB25P280,OPTSTK,10.75,2734200,10.75,10.85,1135800,1800,7200,POWERGRID,280.0,PE,27-FEB-2025
2025-02-03 12:12:30.725101,POWERGRID27FEB25P280,OPTSTK,10.75,2734200,10.75,10.85,1135800,1800,7200,POWERGRID,280.0,PE,27-FEB-2025
2025-02-03 12:12:36.882144,POWERGRID27FEB25P280,OPTSTK,10.75,2734200,10.75,10.85,1135800,1800,7200,POWERGRID,280.0,PE,27-FEB-2025
2025-02-03 12:12:43.100752,POWERGRID27FEB25P280,OPTSTK,10.75,2734200,10.75,10.85,1135800,1800,7200,POWERGRID,280.0,PE,27-FEB-2025
2025-02-03 12:12:49.447816,POWERGRID27FEB25P280,OPTSTK,10.75,2736000,10.75,10.9,1135800,14400,3600,POWERGRID,280.0,PE,27-FEB-2025
2025-02-03 12:12:55.589660,POWERGRID27FEB25P280,OPTSTK,10.75,2736000,10.75,10.9,1135800,14400,3600,POWERGRID,280.0,PE,27-FEB-2025
2025-02-03 12:13:01.720395,POWERGRID27FEB25P280,OPTSTK,10.75,2736000,10.75,10.9,1135800,14400,3600,POWERGRID,280.0,PE,27-FEB-2025
2025-02-03 12:13:07.969203,POWERGRID27FEB25P280,OPTSTK,10.75,2736000,10.75,10.9,1135800,14400,3600,POWERGRID,280.0,PE,27-FEB-2025
2025-02-03 12:13:14.706528,POWERGRID27FEB25P280,OPTSTK,10.75,2736000,10.8,10.9,1135800,1800,1800,POWERGRID,280.0,PE,27-FEB-2025
2025-02-03 12:13:20.903039,POWERGRID27FEB25P280,OPTSTK,10.75,2736000,10.8,10.9,1135800,1800,1800,POWERGRID,280.0,PE,27-FEB-2025
2025-02-03 12:13:28.713410,POWERGRID27FEB25P280,OPTSTK,10.75,2736000,10.8,10.9,1135800,1800,1800,POWERGRID,280.0,PE,27-FEB-2025
2025-02-03 12:13:36.668911,POWERGRID27FEB25P280,OPTSTK,10.75,2736000,10.7,10.85,1135800,10800,5400,POWERGRID,280.0,PE,27-FEB-2025
2025-02-03 12:13:43.715750,POWERGRID27FEB25P280,OPTSTK,10.75,2736000,10.7,10.85,1135800,10800,5400,POWERGRID,280.0,PE,27-FEB-2025
2025-02-03 12:13:50.235930,POWERGRID27FEB25P280,OPTSTK,10.75,2736000,10.7,10.85,1135800,10800,5400,POWERGRID,280.0,PE,27-FEB-2025
2025-02-03 12:13:56.587088,POWERGRID27FEB25P280,OPTSTK,10.65,2736000,10.7,10.85,1137600,10800,5400,POWERGRID,280.0,PE,27-FEB-2025
2025-02-03 12:14:03.900102,POWERGRID27FEB25P280,OPTSTK,10.8,2743200,10.65,10.8,1137600,12600,3600,POWERGRID,280.0,PE,27-FEB-2025
2025-02-03 12:14:10.448915,POWERGRID27FEB25P280,OPTSTK,10.8,2743200,10.65,10.8,1137600,12600,3600,POWERGRID,280.0,PE,27-FEB-2025
2025-02-03 12:14:16.950709,POWERGRID27FEB25P280,OPTSTK,10.8,2743200,10.65,10.8,1137600,12600,3600,POWERGRID,280.0,PE,27-FEB-2025
2025-02-03 12:14:24.541553,POWERGRID27FEB25P280,OPTSTK,10.8,2743200,10.65,10.8,1137600,12600,3600,POWERGRID,280.0,PE,27-FEB-2025
2025-02-03 12:14:31.199731,POWERGRID27FEB25P280,OPTSTK,10.8,2743200,10.55,10.7,1137600,12600,7200,POWERGRID,280.0,PE,27-FEB-2025
2025-02-03 12:14:37.751088,POWERGRID27FEB25P280,OPTSTK,10.8,2743200,10.55,10.7,1137600,12600,7200,POWERGRID,280.0,PE,27-FEB-2025
2025-02-03 12:14:45.348502,POWERGRID27FEB25P280,OPTSTK,10.8,2743200,10.55,10.7,1137600,12600,7200,POWERGRID,280.0,PE,27-FEB-2025
2025-02-03 12:14:53.406093,POWERGRID27FEB25P280,OPTSTK,10.6,2745000,10.55,10.65,1137600,1800,7200,POWERGRID,280.0,PE,27-FEB-2025
2025-02-03 12:15:00.557362,POWERGRID27FEB25P280,OPTSTK,10.6,2745000,10.55,10.65,1137600,1800,7200,POWERGRID,280.0,PE,27-FEB-2025
2025-02-03 12:15:06.799970,POWERGRID27FEB25P280,OPTSTK,10.6,2745000,10.55,10.65,1137600,1800,7200,POWERGRID,280.0,PE,27-FEB-2025
2025-02-03 12:15:13.157010,POWERGRID27FEB25P280,OPTSTK,10.6,2745000,10.55,10.65,1137600,1800,7200,POWERGRID,280.0,PE,27-FEB-2025
2025-02-03 12:15:20.203286,POWERGRID27FEB25P280,OPTSTK,10.6,2745000,10.55,10.7,1137600,3600,9000,POWERGRID,280.0,PE,27-FEB-2025
2025-02-03 12:15:26.946202,POWERGRID27FEB25P280,OPTSTK,10.6,2745000,10.55,10.7,1137600,3600,9000,POWERGRID,280.0,PE,27-FEB-2025
2025-02-03 12:15:33.487346,POWERGRID27FEB25P280,OPTSTK,10.6,2745000,10.55,10.7,1137600,3600,9000,POWERGRID,280.0,PE,27-FEB-2025
2025-02-03 12:15:39.976742,POWERGRID27FEB25P280,OPTSTK,10.6,2745000,10.55,10.7,1137600,3600,9000,POWERGRID,280.0,PE,27-FEB-2025
2025-02-03 12:15:46.500406,POWERGRID27FEB25P280,OPTSTK,10.6,2746800,10.55,10.7,1137600,10800,7200,POWERGRID,280.0,PE,27-FEB-2025
2025-02-03 13:09:08.160236,POWERGRID27FEB25P280,OPTSTK,10.2,2916000,10.05,10.2,1141200,7200,7200,POWERGRID,280.0,PE,27-FEB-2025
2025-02-03 13:10:54.982493,POWERGRID27FEB25P280,OPTSTK,9.95,2928600,10.1,10.2,1141200,3600,5400,POWERGRID,280.0,PE,27-FEB-2025
2025-02-03 13:11:01.483146,POWERGRID27FEB25P280,OPTSTK,9.95,2928600,10.1,10.2,1141200,3600,5400,POWERGRID,280.0,PE,27-FEB-2025
2025-02-03 13:12:06.975173,POWERGRID27FEB25P280,OPTSTK,10.2,2930400,10.15,10.3,1141200,18000,3600,POWERGRID,280.0,PE,27-FEB-2025
2025-02-03 13:12:13.563337,POWERGRID27FEB25P280,OPTSTK,10.2,2930400,10.15,10.3,1141200,18000,3600,POWERGRID,280.0,PE,27-FEB-2025
2025-02-03 13:12:21.566476,POWERGRID27FEB25P280,OPTSTK,10.2,2930400,10.15,10.3,1141200,18000,3600,POWERGRID,280.0,PE,27-FEB-2025
2025-02-03 13:12:28.095515,POWERGRID27FEB25P280,OPTSTK,10.2,2930400,10.15,10.3,1141200,18000,3600,POWERGRID,280.0,PE,27-FEB-2025
2025-02-03 13:12:35.248046,POWERGRID27FEB25P280,OPTSTK,10.2,2930400,10.2,10.3,1141200,3600,5400,POWERGRID,280.0,PE,27-FEB-2025
2025-02-03 13:12:41.351801,POWERGRID27FEB25P280,OPTSTK,10.2,2930400,10.2,10.3,1141200,3600,5400,POWERGRID,280.0,PE,27-FEB-2025
2025-02-03 13:12:48.725243,POWERGRID27FEB25P280,OPTSTK,10.2,2930400,10.2,10.3,1141200,3600,5400,POWERGRID,280.0,PE,27-FEB-2025
2025-02-03 13:12:57.061552,POWERGRID27FEB25P280,OPTSTK,10.2,2930400,10.1,10.2,1141200,23400,1800,POWERGRID,280.0,PE,27-FEB-2025
2025-02-03 13:13:04.976348,POWERGRID27FEB25P280,OPTSTK,10.2,2930400,10.1,10.2,1141200,23400,1800,POWERGRID,280.0,PE,27-FEB-2025
2025-02-03 13:13:11.519569,POWERGRID27FEB25P280,OPTSTK,10.2,2930400,10.1,10.2,1141200,23400,1800,POWERGRID,280.0,PE,27-FEB-2025
2025-02-03 13:13:17.996264,POWERGRID27FEB25P280,OPTSTK,10.2,2930400,10.1,10.2,1141200,23400,1800,POWERGRID,280.0,PE,27-FEB-2025
2025-02-03 13:13:23.973374,POWERGRID27FEB25P280,OPTSTK,10.2,2932200,10.15,10.25,1141200,1800,7200,POWERGRID,280.0,PE,27-FEB-2025
2025-02-03 13:13:30.210383,POWERGRID27FEB25P280,OPTSTK,10.2,2932200,10.15,10.25,1141200,1800,7200,POWERGRID,280.0,PE,27-FEB-2025
2025-02-03 13:13:36.333333,POWERGRID27FEB25P280,OPTSTK,10.2,2932200,10.15,10.25,1141200,1800,7200,POWERGRID,280.0,PE,27-FEB-2025
2025-02-03 13:13:42.779416,POWERGRID27FEB25P280,OPTSTK,10.2,2932200,10.15,10.25,1141200,1800,7200,POWERGRID,280.0,PE,27-FEB-2025
2025-02-03 13:13:49.069028,POWERGRID27FEB25P280,OPTSTK,10.2,2932200,10.15,10.25,1141200,1800,7200,POWERGRID,280.0,PE,27-FEB-2025
2025-02-03 13:13:56.673382,POWERGRID27FEB25P280,OPTSTK,10.2,2932200,10.15,10.25,1141200,1800,3600,POWERGRID,280.0,PE,27-FEB-2025
2025-02-03 13:14:03.740793,POWERGRID27FEB25P280,OPTSTK,10.2,2932200,10.15,10.25,1141200,1800,3600,POWERGRID,280.0,PE,27-FEB-2025
2025-02-03 13:14:12.348317,POWERGRID27FEB25P280,OPTSTK,10.2,2932200,10.15,10.25,1141200,1800,3600,POWERGRID,280.0,PE,27-FEB-2025
2025-02-03 13:14:19.787887,POWERGRID27FEB25P280,OPTSTK,10.2,2932200,10.15,10.25,1141200,7200,1800,POWERGRID,280.0,PE,27-FEB-2025
2025-02-03 13:14:26.030632,POWERGRID27FEB25P280,OPTSTK,10.2,2932200,10.15,10.25,1141200,7200,1800,POWERGRID,280.0,PE,27-FEB-2025
2025-02-03 13:14:32.362911,POWERGRID27FEB25P280,OPTSTK,10.2,2932200,10.15,10.25,1141200,7200,1800,POWERGRID,280.0,PE,27-FEB-2025
2025-02-03 13:14:38.639461,POWERGRID27FEB25P280,OPTSTK,10.2,2932200,10.15,10.25,1141200,7200,1800,POWERGRID,280.0,PE,27-FEB-2025
2025-02-03 13:14:45.013626,POWERGRID27FEB25P280,OPTSTK,10.2,2932200,10.15,10.25,1141200,9000,1800,POWERGRID,280.0,PE,27-FEB-2025
2025-02-03 13:14:51.861991,POWERGRID27FEB25P280,OPTSTK,10.2,2932200,10.15,10.25,1141200,9000,1800,POWERGRID,280.0,PE,27-FEB-2025
2025-02-03 13:14:58.180985,POWERGRID27FEB25P280,OPTSTK,10.2,2932200,10.15,10.25,1141200,9000,1800,POWERGRID,280.0,PE,27-FEB-2025
2025-02-03 13:15:04.440904,POWERGRID27FEB25P280,OPTSTK,10.2,2932200,10.15,10.25,1141200,9000,1800,POWERGRID,280.0,PE,27-FEB-2025
2025-02-03 13:15:10.692247,POWERGRID27FEB25P280,OPTSTK,10.2,2932200,10.15,10.25,1141200,1800,5400,POWERGRID,280.0,PE,27-FEB-2025
2025-02-03 13:15:16.824503,POWERGRID27FEB25P280,OPTSTK,10.2,2932200,10.15,10.25,1141200,1800,5400,POWERGRID,280.0,PE,27-FEB-2025
2025-02-03 13:15:25.123495,POWERGRID27FEB25P280,OPTSTK,10.2,2932200,10.15,10.25,1141200,1800,5400,POWERGRID,280.0,PE,27-FEB-2025
2025-02-03 13:15:33.459915,POWERGRID27FEB25P280,OPTSTK,10.2,2932200,10.15,10.25,1141200,3600,3600,POWERGRID,280.0,PE,27-FEB-2025
2025-02-03 13:15:41.032587,POWERGRID27FEB25P280,OPTSTK,10.2,2932200,10.15,10.25,1141200,3600,3600,POWERGRID,280.0,PE,27-FEB-2025
2025-02-03 13:15:47.244282,POWERGRID27FEB25P280,OPTSTK,10.2,2932200,10.15,10.25,1141200,3600,3600,POWERGRID,280.0,PE,27-FEB-2025
2025-02-03 13:15:53.472636,POWERGRID27FEB25P280,OPTSTK,10.2,2932200,10.15,10.25,1141200,3600,3600,POWERGRID,280.0,PE,27-FEB-2025
2025-02-03 13:15:59.925373,POWERGRID27FEB25P280,OPTSTK,10.2,2932200,10.2,10.3,1141200,1800,3600,POWERGRID,280.0,PE,27-FEB-2025
2025-02-03 13:16:06.191434,POWERGRID27FEB25P280,OPTSTK,10.2,2932200,10.2,10.3,1141200,1800,3600,POWERGRID,280.0,PE,27-FEB-2025
2025-02-03 13:16:12.849391,POWERGRID27FEB25P280,OPTSTK,10.2,2932200,10.2,10.3,1141200,1800,3600,POWERGRID,280.0,PE,27-FEB-2025
2025-02-03 13:16:19.924427,POWERGRID27FEB25P280,OPTSTK,10.2,2932200,10.2,10.3,1141200,1800,3600,POWERGRID,280.0,PE,27-FEB-2025
2025-02-03 13:16:27.248636,POWERGRID27FEB25P280,OPTSTK,10.2,2932200,10.15,10.3,1141200,14400,5400,POWERGRID,280.0,PE,27-FEB-2025
2025-02-03 13:16:33.824304,POWERGRID27FEB25P280,OPTSTK,10.2,2932200,10.15,10.3,1141200,14400,5400,POWERGRID,280.0,PE,27-FEB-2025
2025-02-03 13:16:40.847391,POWERGRID27FEB25P280,OPTSTK,10.2,2932200,10.15,10.3,1141200,14400,5400,POWERGRID,280.0,PE,27-FEB-2025
2025-02-03 13:16:47.548584,POWERGRID27FEB25P280,OPTSTK,10.2,2932200,10.15,10.3,1141200,14400,5400,POWERGRID,280.0,PE,27-FEB-2025
2025-02-03 13:16:54.136902,POWERGRID27FEB25P280,OPTSTK,10.2,2932200,10.15,10.25,1141200,1800,3600,POWERGRID,280.0,PE,27-FEB-2025
2025-02-03 13:17:00.585656,POWERGRID27FEB25P280,OPTSTK,10.2,2932200,10.15,10.25,1141200,1800,3600,POWERGRID,280.0,PE,27-FEB-2025
2025-02-03 13:17:06.941623,POWERGRID27FEB25P280,OPTSTK,10.2,2932200,10.15,10.25,1141200,1800,3600,POWERGRID,280.0,PE,27-FEB-2025
2025-02-03 13:17:14.289780,POWERGRID27FEB25P280,OPTSTK,10.2,2932200,10.15,10.25,1141200,1800,3600,POWERGRID,280.0,PE,27-FEB-2025
2025-02-03 13:17:20.676920,POWERGRID27FEB25P280,OPTSTK,10.2,2932200,10.15,10.25,1141200,3600,5400,POWERGRID,280.0,PE,27-FEB-2025
2025-02-03 13:17:27.089729,POWERGRID27FEB25P280,OPTSTK,10.2,2932200,10.15,10.25,1141200,3600,5400,POWERGRID,280.0,PE,27-FEB-2025
2025-02-03 13:17:33.395518,POWERGRID27FEB25P280,OPTSTK,10.2,2932200,10.15,10.25,1141200,3600,5400,POWERGRID,280.0,PE,27-FEB-2025
2025-02-03 13:17:39.779757,POWERGRID27FEB25P280,OPTSTK,10.2,2932200,10.15,10.25,1141200,3600,5400,POWERGRID,280.0,PE,27-FEB-2025
2025-02-03 13:17:46.092434,POWERGRID27FEB25P280,OPTSTK,10.2,2932200,10.15,10.3,1141200,7200,1800,POWERGRID,280.0,PE,27-FEB-2025
2025-02-03 13:17:52.429219,POWERGRID27FEB25P280,OPTSTK,10.2,2932200,10.15,10.3,1141200,7200,1800,POWERGRID,280.0,PE,27-FEB-2025
2025-02-03 13:17:59.188757,POWERGRID27FEB25P280,OPTSTK,10.2,2932200,10.15,10.3,1141200,7200,1800,POWERGRID,280.0,PE,27-FEB-2025
2025-02-03 13:18:05.694481,POWERGRID27FEB25P280,OPTSTK,10.2,2932200,10.15,10.3,1141200,7200,1800,POWERGRID,280.0,PE,27-FEB-2025
2025-02-03 13:18:12.204483,POWERGRID27FEB25P280,OPTSTK,10.2,2934000,10.2,10.35,1141200,18000,9000,POWERGRID,280.0,PE,27-FEB-2025
2025-02-03 13:18:18.494409,POWERGRID27FEB25P280,OPTSTK,10.2,2934000,10.2,10.35,1141200,18000,9000,POWERGRID,280.0,PE,27-FEB-2025
2025-02-03 13:18:24.702243,POWERGRID27FEB25P280,OPTSTK,10.2,2934000,10.2,10.35,1141200,18000,9000,POWERGRID,280.0,PE,27-FEB-2025
2025-02-03 13:18:31.123235,POWERGRID27FEB25P280,OPTSTK,10.3,2934000,10.2,10.35,1141200,18000,9000,POWERGRID,280.0,PE,27-FEB-2025
2025-02-03 13:18:37.634491,POWERGRID27FEB25P280,OPTSTK,10.3,2935800,10.3,10.4,1141200,7200,1800,POWERGRID,280.0,PE,27-FEB-2025
2025-02-03 13:18:43.953525,POWERGRID27FEB25P280,OPTSTK,10.3,2935800,10.3,10.4,1141200,7200,1800,POWERGRID,280.0,PE,27-FEB-2025
2025-02-03 13:18:50.535270,POWERGRID27FEB25P280,OPTSTK,10.3,2935800,10.3,10.4,1141200,7200,1800,POWERGRID,280.0,PE,27-FEB-2025
2025-02-03 13:18:56.951202,POWERGRID27FEB25P280,OPTSTK,10.3,2935800,10.35,10.45,1141200,7200,1800,POWERGRID,280.0,PE,27-FEB-2025
2025-02-03 13:19:03.489672,POWERGRID27FEB25P280,OPTSTK,10.5,2935800,10.35,10.45,1141200,7200,1800,POWERGRID,280.0,PE,27-FEB-2025
2025-02-03 13:19:09.942267,POWERGRID27FEB25P280,OPTSTK,10.45,2935800,10.35,10.45,1141200,7200,1800,POWERGRID,280.0,PE,27-FEB-2025
2025-02-03 13:19:16.323081,POWERGRID27FEB25P280,OPTSTK,10.45,2935800,10.35,10.45,1141200,7200,1800,POWERGRID,280.0,PE,27-FEB-2025
2025-02-03 13:19:22.741035,POWERGRID27FEB25P280,OPTSTK,10.45,2941200,10.35,10.45,1141200,3600,3600,POWERGRID,280.0,PE,27-FEB-2025
2025-02-03 13:19:29.070981,POWERGRID27FEB25P280,OPTSTK,10.45,2941200,10.35,10.45,1141200,3600,3600,POWERGRID,280.0,PE,27-FEB-2025
2025-02-03 13:19:35.456421,POWERGRID27FEB25P280,OPTSTK,10.45,2941200,10.35,10.45,1141200,3600,3600,POWERGRID,280.0,PE,27-FEB-2025
2025-02-03 13:19:42.188868,POWERGRID27FEB25P280,OPTSTK,10.45,2941200,10.35,10.45,1141200,3600,3600,POWERGRID,280.0,PE,27-FEB-2025
2025-02-03 13:19:48.724003,POWERGRID27FEB25P280,OPTSTK,10.55,2948400,10.5,10.6,1143000,3600,9000,POWERGRID,280.0,PE,27-FEB-2025
2025-02-03 13:19:55.083237,POWERGRID27FEB25P280,OPTSTK,10.55,2948400,10.5,10.6,1143000,3600,9000,POWERGRID,280.0,PE,27-FEB-2025
2025-02-03 13:20:01.518622,POWERGRID27FEB25P280,OPTSTK,10.55,2948400,10.5,10.6,1143000,3600,9000,POWERGRID,280.0,PE,27-FEB-2025
2025-02-03 13:20:07.924854,POWERGRID27FEB25P280,OPTSTK,10.55,2948400,10.5,10.6,1143000,3600,9000,POWERGRID,280.0,PE,27-FEB-2025
2025-02-03 13:20:14.281806,POWERGRID27FEB25P280,OPTSTK,10.55,2950200,10.35,10.45,1143000,3600,5400,POWERGRID,280.0,PE,27-FEB-2025
2025-02-03 13:20:20.721747,POWERGRID27FEB25P280,OPTSTK,10.45,2950200,10.35,10.45,1143000,3600,5400,POWERGRID,280.0,PE,27-FEB-2025
2025-02-03 13:20:27.127637,POWERGRID27FEB25P280,OPTSTK,10.45,2950200,10.35,10.45,1143000,3600,5400,POWERGRID,280.0,PE,27-FEB-2025
2025-02-03 13:20:33.692291,POWERGRID27FEB25P280,OPTSTK,10.4,2950200,10.35,10.45,1143000,3600,5400,POWERGRID,280.0,PE,27-FEB-2025
2025-02-03 13:20:40.066753,POWERGRID27FEB25P280,OPTSTK,10.4,2953800,10.3,10.45,1143000,19800,7200,POWERGRID,280.0,PE,27-FEB-2025
2025-02-03 13:20:46.297966,POWERGRID27FEB25P280,OPTSTK,10.4,2953800,10.3,10.45,1143000,19800,7200,POWERGRID,280.0,PE,27-FEB-2025
2025-02-03 13:20:52.523648,POWERGRID27FEB25P280,OPTSTK,10.4,2953800,10.3,10.45,1143000,19800,7200,POWERGRID,280.0,PE,27-FEB-2025
2025-02-03 13:20:58.935701,POWERGRID27FEB25P280,OPTSTK,10.4,2953800,10.3,10.45,1143000,19800,7200,POWERGRID,280.0,PE,27-FEB-2025
2025-02-03 13:21:05.269726,POWERGRID27FEB25P280,OPTSTK,10.4,2953800,10.3,10.45,1143000,19800,7200,POWERGRID,280.0,PE,27-FEB-2025
2025-02-03 13:21:11.578966,POWERGRID27FEB25P280,OPTSTK,10.45,2953800,10.4,10.5,1143000,1800,5400,POWERGRID,280.0,PE,27-FEB-2025
2025-02-03 13:21:17.965591,POWERGRID27FEB25P280,OPTSTK,10.45,2953800,10.4,10.5,1143000,1800,5400,POWERGRID,280.0,PE,27-FEB-2025
2025-02-03 13:21:24.369142,POWERGRID27FEB25P280,OPTSTK,10.45,2953800,10.4,10.5,1143000,1800,5400,POWERGRID,280.0,PE,27-FEB-2025
2025-02-03 13:21:30.767186,POWERGRID27FEB25P280,OPTSTK,10.45,2955600,10.35,10.45,1143000,1800,7200,POWERGRID,280.0,PE,27-FEB-2025
2025-02-03 13:21:37.194889,POWERGRID27FEB25P280,OPTSTK,10.45,2955600,10.35,10.45,1143000,1800,7200,POWERGRID,280.0,PE,27-FEB-2025
2025-02-03 13:21:45.611640,POWERGRID27FEB25P280,OPTSTK,10.45,2955600,10.35,10.45,1143000,1800,7200,POWERGRID,280.0,PE,27-FEB-2025
2025-02-03 13:21:53.409303,POWERGRID27FEB25P280,OPTSTK,10.45,2955600,10.35,10.45,1143000,1800,7200,POWERGRID,280.0,PE,27-FEB-2025
2025-02-03 13:22:00.596889,POWERGRID27FEB25P280,OPTSTK,10.45,2957400,10.25,10.4,1143000,5400,9000,POWERGRID,280.0,PE,27-FEB-2025
2025-02-03 13:22:06.963403,POWERGRID27FEB25P280,OPTSTK,10.45,2957400,10.25,10.4,1143000,5400,9000,POWERGRID,280.0,PE,27-FEB-2025
2025-02-03 13:22:13.247029,POWERGRID27FEB25P280,OPTSTK,10.45,2957400,10.25,10.4,1143000,5400,9000,POWERGRID,280.0,PE,27-FEB-2025
2025-02-03 13:22:19.515639,POWERGRID27FEB25P280,OPTSTK,10.45,2957400,10.25,10.4,1143000,5400,9000,POWERGRID,280.0,PE,27-FEB-2025
2025-02-03 13:22:26.114069,POWERGRID27FEB25P280,OPTSTK,10.45,2957400,10.4,10.45,1144800,1800,3600,POWERGRID,280.0,PE,27-FEB-2025
2025-02-03 13:22:34.816071,POWERGRID27FEB25P280,OPTSTK,10.45,2957400,10.4,10.45,1144800,1800,3600,POWERGRID,280.0,PE,27-FEB-2025
2025-02-03 13:22:42.011673,POWERGRID27FEB25P280,OPTSTK,10.45,2957400,10.4,10.45,1144800,1800,3600,POWERGRID,280.0,PE,27-FEB-2025
2025-02-03 13:22:50.413868,POWERGRID27FEB25P280,OPTSTK,10.45,2959200,10.35,10.45,1144800,5400,5400,POWERGRID,280.0,PE,27-FEB-2025
2025-02-03 13:22:58.795152,POWERGRID27FEB25P280,OPTSTK,10.35,2959200,10.35,10.45,1144800,5400,5400,POWERGRID,280.0,PE,27-FEB-2025
2025-02-03 13:23:06.166247,POWERGRID27FEB25P280,OPTSTK,10.35,2959200,10.35,10.45,1144800,5400,5400,POWERGRID,280.0,PE,27-FEB-2025
2025-02-03 13:23:13.435098,POWERGRID27FEB25P280,OPTSTK,10.35,2962800,10.25,10.35,1144800,5400,1800,POWERGRID,280.0,PE,27-FEB-2025
2025-02-03 13:23:19.737294,POWERGRID27FEB25P280,OPTSTK,10.35,2962800,10.25,10.35,1144800,5400,1800,POWERGRID,280.0,PE,27-FEB-2025
2025-02-03 13:23:26.037675,POWERGRID27FEB25P280,OPTSTK,10.35,2962800,10.25,10.35,1144800,5400,1800,POWERGRID,280.0,PE,27-FEB-2025
2025-02-03 13:23:32.450346,POWERGRID27FEB25P280,OPTSTK,10.35,2962800,10.25,10.35,1144800,5400,1800,POWERGRID,280.0,PE,27-FEB-2025
2025-02-03 13:23:38.745201,POWERGRID27FEB25P280,OPTSTK,10.35,2962800,10.25,10.4,1144800,19800,5400,POWERGRID,280.0,PE,27-FEB-2025
2025-02-03 13:23:45.011329,POWERGRID27FEB25P280,OPTSTK,10.35,2962800,10.25,10.4,1144800,19800,5400,POWERGRID,280.0,PE,27-FEB-2025
2025-02-03 13:23:51.329648,POWERGRID27FEB25P280,OPTSTK,10.35,2962800,10.25,10.4,1144800,19800,5400,POWERGRID,280.0,PE,27-FEB-2025
2025-02-03 13:23:57.715341,POWERGRID27FEB25P280,OPTSTK,10.35,2962800,10.25,10.4,1144800,19800,5400,POWERGRID,280.0,PE,27-FEB-2025
2025-02-03 13:24:03.991662,POWERGRID27FEB25P280,OPTSTK,10.35,2962800,10.25,10.4,1144800,19800,5400,POWERGRID,280.0,PE,27-FEB-2025
2025-02-03 13:24:10.444109,POWERGRID27FEB25P280,OPTSTK,10.35,2962800,10.25,10.35,1144800,9000,3600,POWERGRID,280.0,PE,27-FEB-2025
2025-02-03 13:24:16.883577,POWERGRID27FEB25P280,OPTSTK,10.35,2962800,10.25,10.35,1144800,9000,3600,POWERGRID,280.0,PE,27-FEB-2025
2025-02-03 13:24:23.272892,POWERGRID27FEB25P280,OPTSTK,10.35,2962800,10.25,10.35,1144800,9000,3600,POWERGRID,280.0,PE,27-FEB-2025
2025-02-03 13:24:29.606585,POWERGRID27FEB25P280,OPTSTK,10.35,2962800,10.25,10.35,1144800,9000,3600,POWERGRID,280.0,PE,27-FEB-2025
2025-02-03 13:24:36.071258,POWERGRID27FEB25P280,OPTSTK,10.35,2962800,10.2,10.3,1144800,5400,3600,POWERGRID,280.0,PE,27-FEB-2025
2025-02-03 13:24:42.465993,POWERGRID27FEB25P280,OPTSTK,10.35,2962800,10.2,10.3,1144800,5400,3600,POWERGRID,280.0,PE,27-FEB-2025
2025-02-03 13:24:48.880176,POWERGRID27FEB25P280,OPTSTK,10.35,2962800,10.2,10.3,1144800,5400,3600,POWERGRID,280.0,PE,27-FEB-2025
2025-02-03 13:24:55.232481,POWERGRID27FEB25P280,OPTSTK,10.35,2962800,10.2,10.3,1144800,5400,3600,POWERGRID,280.0,PE,27-FEB-2025
2025-02-03 13:25:01.620597,POWERGRID27FEB25P280,OPTSTK,10.35,2962800,10.15,10.25,1144800,3600,1800,POWERGRID,280.0,PE,27-FEB-2025
2025-02-03 13:25:08.045240,POWERGRID27FEB25P280,OPTSTK,10.35,2962800,10.15,10.25,1144800,3600,1800,POWERGRID,280.0,PE,27-FEB-2025
2025-02-03 13:25:14.511115,POWERGRID27FEB25P280,OPTSTK,10.35,2962800,10.15,10.25,1144800,3600,1800,POWERGRID,280.0,PE,27-FEB-2025
2025-02-03 13:25:20.936597,POWERGRID27FEB25P280,OPTSTK,10.35,2962800,10.2,10.3,1144800,5400,3600,POWERGRID,280.0,PE,27-FEB-2025
2025-02-03 13:25:27.235767,POWERGRID27FEB25P280,OPTSTK,10.35,2962800,10.2,10.3,1144800,5400,3600,POWERGRID,280.0,PE,27-FEB-2025
2025-02-03 13:25:33.955168,POWERGRID27FEB25P280,OPTSTK,10.35,2962800,10.2,10.3,1144800,5400,3600,POWERGRID,280.0,PE,27-FEB-2025
2025-02-03 13:25:40.226864,POWERGRID27FEB25P280,OPTSTK,10.3,2962800,10.2,10.3,1148400,5400,3600,POWERGRID,280.0,PE,27-FEB-2025
2025-02-03 13:25:46.674480,POWERGRID27FEB25P280,OPTSTK,10.3,2964600,10.2,10.3,1148400,3600,5400,POWERGRID,280.0,PE,27-FEB-2025
2025-02-03 13:25:53.103587,POWERGRID27FEB25P280,OPTSTK,10.3,2964600,10.2,10.3,1148400,3600,5400,POWERGRID,280.0,PE,27-FEB-2025
2025-02-03 13:25:59.481253,POWERGRID27FEB25P280,OPTSTK,10.3,2964600,10.2,10.3,1148400,3600,5400,POWERGRID,280.0,PE,27-FEB-2025
2025-02-03 13:26:05.887218,POWERGRID27FEB25P280,OPTSTK,10.3,2964600,10.2,10.3,1148400,3600,5400,POWERGRID,280.0,PE,27-FEB-2025
2025-02-03 13:26:12.232531,POWERGRID27FEB25P280,OPTSTK,10.3,2964600,10.25,10.4,1148400,9000,7200,POWERGRID,280.0,PE,27-FEB-2025
2025-02-03 13:26:18.602633,POWERGRID27FEB25P280,OPTSTK,10.3,2964600,10.25,10.4,1148400,9000,7200,POWERGRID,280.0,PE,27-FEB-2025
2025-02-03 13:26:24.907325,POWERGRID27FEB25P280,OPTSTK,10.3,2964600,10.25,10.4,1148400,9000,7200,POWERGRID,280.0,PE,27-FEB-2025
2025-02-03 13:26:31.279470,POWERGRID27FEB25P280,OPTSTK,10.3,2964600,10.25,10.4,1148400,9000,7200,POWERGRID,280.0,PE,27-FEB-2025
2025-02-03 13:26:37.643416,POWERGRID27FEB25P280,OPTSTK,10.4,2973600,10.35,10.45,1148400,5400,1800,POWERGRID,280.0,PE,27-FEB-2025
2025-02-03 13:26:43.905396,POWERGRID27FEB25P280,OPTSTK,10.4,2973600,10.35,10.45,1148400,5400,1800,POWERGRID,280.0,PE,27-FEB-2025
2025-02-03 13:26:50.448558,POWERGRID27FEB25P280,OPTSTK,10.4,2973600,10.35,10.45,1148400,5400,1800,POWERGRID,280.0,PE,27-FEB-2025
2025-02-03 13:26:56.759444,POWERGRID27FEB25P280,OPTSTK,10.4,2973600,10.35,10.45,1148400,5400,1800,POWERGRID,280.0,PE,27-FEB-2025
2025-02-03 13:27:03.205867,POWERGRID27FEB25P280,OPTSTK,10.4,2973600,10.35,10.45,1148400,5400,1800,POWERGRID,280.0,PE,27-FEB-2025
2025-02-03 13:27:09.608901,POWERGRID27FEB25P280,OPTSTK,10.4,2973600,10.35,10.45,1148400,5400,1800,POWERGRID,280.0,PE,27-FEB-2025
2025-02-03 13:27:15.992246,POWERGRID27FEB25P280,OPTSTK,10.4,2973600,10.35,10.45,1148400,5400,1800,POWERGRID,280.0,PE,27-FEB-2025
2025-02-03 13:27:22.241878,POWERGRID27FEB25P280,OPTSTK,10.4,2973600,10.35,10.45,1148400,5400,1800,POWERGRID,280.0,PE,27-FEB-2025
2025-02-03 13:27:28.578825,POWERGRID27FEB25P280,OPTSTK,10.4,2973600,10.35,10.45,1148400,7200,1800,POWERGRID,280.0,PE,27-FEB-2025
2025-02-03 13:27:34.895150,POWERGRID27FEB25P280,OPTSTK,10.4,2973600,10.35,10.45,1148400,7200,1800,POWERGRID,280.0,PE,27-FEB-2025
2025-02-03 13:27:41.179431,POWERGRID27FEB25P280,OPTSTK,10.4,2973600,10.35,10.45,1148400,7200,1800,POWERGRID,280.0,PE,27-FEB-2025
2025-02-03 13:27:47.484989,POWERGRID27FEB25P280,OPTSTK,10.4,2973600,10.35,10.45,1148400,7200,1800,POWERGRID,280.0,PE,27-FEB-2025
2025-02-03 13:27:53.827029,POWERGRID27FEB25P280,OPTSTK,10.4,2973600,10.35,10.45,1148400,7200,1800,POWERGRID,280.0,PE,27-FEB-2025
2025-02-03 13:28:00.246651,POWERGRID27FEB25P280,OPTSTK,10.45,2973600,10.4,10.45,1148400,3600,1800,POWERGRID,280.0,PE,27-FEB-2025
2025-02-03 13:28:06.657008,POWERGRID27FEB25P280,OPTSTK,10.45,2973600,10.4,10.45,1148400,3600,1800,POWERGRID,280.0,PE,27-FEB-2025
2025-02-03 13:28:12.926536,POWERGRID27FEB25P280,OPTSTK,10.45,2973600,10.4,10.45,1148400,3600,1800,POWERGRID,280.0,PE,27-FEB-2025
2025-02-03 13:28:19.215588,POWERGRID27FEB25P280,OPTSTK,10.45,2973600,10.4,10.45,1148400,3600,1800,POWERGRID,280.0,PE,27-FEB-2025
2025-02-03 13:28:25.477776,POWERGRID27FEB25P280,OPTSTK,10.45,2975400,10.45,10.55,1148400,7200,1800,POWERGRID,280.0,PE,27-FEB-2025
2025-02-03 13:28:31.959401,POWERGRID27FEB25P280,OPTSTK,10.45,2975400,10.45,10.55,1148400,7200,1800,POWERGRID,280.0,PE,27-FEB-2025
2025-02-03 13:28:38.379396,POWERGRID27FEB25P280,OPTSTK,10.45,2975400,10.45,10.55,1148400,7200,1800,POWERGRID,280.0,PE,27-FEB-2025
2025-02-03 13:28:44.649387,POWERGRID27FEB25P280,OPTSTK,10.35,2975400,10.45,10.55,1146600,7200,1800,POWERGRID,280.0,PE,27-FEB-2025
2025-02-03 13:28:51.137134,POWERGRID27FEB25P280,OPTSTK,10.35,2988000,10.35,10.5,1146600,5400,10800,POWERGRID,280.0,PE,27-FEB-2025
2025-02-03 13:28:57.390700,POWERGRID27FEB25P280,OPTSTK,10.35,2988000,10.35,10.5,1146600,5400,10800,POWERGRID,280.0,PE,27-FEB-2025
2025-02-03 13:29:03.739733,POWERGRID27FEB25P280,OPTSTK,10.35,2988000,10.35,10.5,1146600,5400,10800,POWERGRID,280.0,PE,27-FEB-2025
2025-02-03 13:29:10.166623,POWERGRID27FEB25P280,OPTSTK,10.35,2988000,10.35,10.5,1146600,5400,10800,POWERGRID,280.0,PE,27-FEB-2025
2025-02-03 13:29:16.430368,POWERGRID27FEB25P280,OPTSTK,10.35,2988000,10.25,10.35,1146600,7200,1800,POWERGRID,280.0,PE,27-FEB-2025
2025-02-03 13:29:22.797471,POWERGRID27FEB25P280,OPTSTK,10.35,2988000,10.25,10.35,1146600,7200,1800,POWERGRID,280.0,PE,27-FEB-2025
2025-02-03 13:29:29.132470,POWERGRID27FEB25P280,OPTSTK,10.35,2988000,10.25,10.35,1146600,7200,1800,POWERGRID,280.0,PE,27-FEB-2025
2025-02-03 13:29:35.501497,POWERGRID27FEB25P280,OPTSTK,10.35,2988000,10.25,10.35,1146600,7200,1800,POWERGRID,280.0,PE,27-FEB-2025
2025-02-03 13:29:42.049420,POWERGRID27FEB25P280,OPTSTK,10.35,2993400,10.2,10.35,1146600,5400,12600,POWERGRID,280.0,PE,27-FEB-2025
2025-02-03 13:29:48.405768,POWERGRID27FEB25P280,OPTSTK,10.35,2993400,10.2,10.35,1146600,5400,12600,POWERGRID,280.0,PE,27-FEB-2025
2025-02-03 13:29:55.216080,POWERGRID27FEB25P280,OPTSTK,10.35,2993400,10.2,10.35,1146600,5400,12600,POWERGRID,280.0,PE,27-FEB-2025
2025-02-03 13:30:01.849137,POWERGRID27FEB25P280,OPTSTK,10.35,2993400,10.2,10.35,1146600,5400,12600,POWERGRID,280.0,PE,27-FEB-2025
2025-02-03 13:30:08.522307,POWERGRID27FEB25P280,OPTSTK,10.35,2993400,10.2,10.3,1146600,5400,1800,POWERGRID,280.0,PE,27-FEB-2025
2025-02-03 13:30:14.949345,POWERGRID27FEB25P280,OPTSTK,10.35,2993400,10.2,10.3,1146600,5400,1800,POWERGRID,280.0,PE,27-FEB-2025
2025-02-03 13:30:21.328275,POWERGRID27FEB25P280,OPTSTK,10.1,2993400,10.2,10.3,1146600,5400,1800,POWERGRID,280.0,PE,27-FEB-2025
2025-02-03 13:30:27.677861,POWERGRID27FEB25P280,OPTSTK,10.1,2993400,10.2,10.3,1146600,5400,1800,POWERGRID,280.0,PE,27-FEB-2025
2025-02-03 13:30:33.937628,POWERGRID27FEB25P280,OPTSTK,10.15,2997000,10.1,10.2,1146600,3600,1800,POWERGRID,280.0,PE,27-FEB-2025
2025-02-03 13:30:40.456545,POWERGRID27FEB25P280,OPTSTK,10.15,2997000,10.1,10.2,1146600,3600,1800,POWERGRID,280.0,PE,27-FEB-2025
2025-02-03 13:30:46.744297,POWERGRID27FEB25P280,OPTSTK,10.15,2997000,10.1,10.2,1146600,3600,1800,POWERGRID,280.0,PE,27-FEB-2025
2025-02-03 13:30:53.227541,POWERGRID27FEB25P280,OPTSTK,10.15,2997000,10.1,10.2,1146600,3600,1800,POWERGRID,280.0,PE,27-FEB-2025
2025-02-03 13:30:59.570261,POWERGRID27FEB25P280,OPTSTK,10.15,2997000,10.15,10.3,1146600,18000,7200,POWERGRID,280.0,PE,27-FEB-2025
2025-02-03 13:31:05.938707,POWERGRID27FEB25P280,OPTSTK,10.15,2997000,10.15,10.3,1146600,18000,7200,POWERGRID,280.0,PE,27-FEB-2025
2025-02-03 13:31:12.427546,POWERGRID27FEB25P280,OPTSTK,10.15,2997000,10.15,10.3,1146600,18000,7200,POWERGRID,280.0,PE,27-FEB-2025
2025-02-03 13:31:18.754869,POWERGRID27FEB25P280,OPTSTK,10.15,2997000,10.15,10.3,1146600,18000,7200,POWERGRID,280.0,PE,27-FEB-2025
2025-02-03 13:31:25.398575,POWERGRID27FEB25P280,OPTSTK,10.15,3002400,10.0,10.15,1146600,7200,14400,POWERGRID,280.0,PE,27-FEB-2025
2025-02-03 13:31:31.850946,POWERGRID27FEB25P280,OPTSTK,10.0,3002400,10.0,10.15,1148400,7200,14400,POWERGRID,280.0,PE,27-FEB-2025
2025-02-03 13:31:38.170677,POWERGRID27FEB25P280,OPTSTK,10.1,3002400,10.0,10.15,1148400,7200,14400,POWERGRID,280.0,PE,27-FEB-2025
2025-02-03 13:31:44.533036,POWERGRID27FEB25P280,OPTSTK,10.1,3002400,10.0,10.15,1148400,7200,14400,POWERGRID,280.0,PE,27-FEB-2025
2025-02-03 13:31:50.661512,POWERGRID27FEB25P280,OPTSTK,10.1,3011400,10.0,10.1,1148400,5400,3600,POWERGRID,280.0,PE,27-FEB-2025
2025-02-03 13:31:56.975323,POWERGRID27FEB25P280,OPTSTK,10.1,3011400,10.0,10.1,1148400,5400,3600,POWERGRID,280.0,PE,27-FEB-2025
2025-02-03 13:32:03.433601,POWERGRID27FEB25P280,OPTSTK,10.1,3011400,10.0,10.1,1148400,5400,3600,POWERGRID,280.0,PE,27-FEB-2025
2025-02-03 13:32:09.815768,POWERGRID27FEB25P280,OPTSTK,10.1,3011400,10.0,10.1,1148400,5400,3600,POWERGRID,280.0,PE,27-FEB-2025
2025-02-03 13:32:16.195632,POWERGRID27FEB25P280,OPTSTK,10.1,3013200,10.0,10.15,1148400,7200,9000,POWERGRID,280.0,PE,27-FEB-2025
2025-02-03 13:32:22.525494,POWERGRID27FEB25P280,OPTSTK,10.1,3013200,10.0,10.15,1148400,7200,9000,POWERGRID,280.0,PE,27-FEB-2025
2025-02-03 13:32:28.802589,POWERGRID27FEB25P280,OPTSTK,10.1,3013200,10.0,10.15,1148400,7200,9000,POWERGRID,280.0,PE,27-FEB-2025
2025-02-03 13:32:35.031458,POWERGRID27FEB25P280,OPTSTK,10.1,3013200,10.0,10.15,1148400,7200,9000,POWERGRID,280.0,PE,27-FEB-2025
2025-02-03 13:32:41.362662,POWERGRID27FEB25P280,OPTSTK,10.1,3015000,10.05,10.2,1148400,7200,9000,POWERGRID,280.0,PE,27-FEB-2025
2025-02-03 13:32:47.735677,POWERGRID27FEB25P280,OPTSTK,10.1,3015000,10.05,10.2,1148400,7200,9000,POWERGRID,280.0,PE,27-FEB-2025
2025-02-03 13:32:54.066884,POWERGRID27FEB25P280,OPTSTK,10.1,3015000,10.05,10.2,1148400,7200,9000,POWERGRID,280.0,PE,27-FEB-2025
2025-02-03 13:33:00.476345,POWERGRID27FEB25P280,OPTSTK,10.1,3015000,10.05,10.2,1148400,7200,9000,POWERGRID,280.0,PE,27-FEB-2025
2025-02-03 13:33:06.737518,POWERGRID27FEB25P280,OPTSTK,10.1,3015000,10.1,10.25,1148400,7200,3600,POWERGRID,280.0,PE,27-FEB-2025
2025-02-03 13:33:13.098293,POWERGRID27FEB25P280,OPTSTK,10.1,3015000,10.1,10.25,1148400,7200,3600,POWERGRID,280.0,PE,27-FEB-2025
2025-02-03 13:33:19.280985,POWERGRID27FEB25P280,OPTSTK,10.1,3015000,10.1,10.25,1148400,7200,3600,POWERGRID,280.0,PE,27-FEB-2025
2025-02-03 13:33:25.696656,POWERGRID27FEB25P280,OPTSTK,10.1,3015000,10.1,10.25,1148400,7200,3600,POWERGRID,280.0,PE,27-FEB-2025
2025-02-03 13:33:32.027087,POWERGRID27FEB25P280,OPTSTK,10.1,3015000,10.1,10.25,1148400,7200,3600,POWERGRID,280.0,PE,27-FEB-2025
2025-02-03 13:33:38.447995,POWERGRID27FEB25P280,OPTSTK,10.1,3015000,10.15,10.25,1148400,5400,3600,POWERGRID,280.0,PE,27-FEB-2025
2025-02-03 13:33:44.699612,POWERGRID27FEB25P280,OPTSTK,10.1,3015000,10.15,10.25,1148400,5400,3600,POWERGRID,280.0,PE,27-FEB-2025
2025-02-03 13:33:51.137495,POWERGRID27FEB25P280,OPTSTK,10.1,3015000,10.15,10.25,1148400,5400,3600,POWERGRID,280.0,PE,27-FEB-2025
2025-02-03 13:33:57.577585,POWERGRID27FEB25P280,OPTSTK,10.1,3015000,10.15,10.25,1148400,5400,3600,POWERGRID,280.0,PE,27-FEB-2025
2025-02-03 13:34:03.879203,POWERGRID27FEB25P280,OPTSTK,10.1,3015000,10.05,10.15,1148400,3600,3600,POWERGRID,280.0,PE,27-FEB-2025
2025-02-03 13:34:10.400728,POWERGRID27FEB25P280,OPTSTK,10.1,3015000,10.05,10.15,1148400,3600,3600,POWERGRID,280.0,PE,27-FEB-2025
2025-02-03 13:34:17.179686,POWERGRID27FEB25P280,OPTSTK,10.1,3015000,10.05,10.15,1148400,3600,3600,POWERGRID,280.0,PE,27-FEB-2025
2025-02-03 13:34:23.565431,POWERGRID27FEB25P280,OPTSTK,10.1,3015000,10.05,10.15,1148400,3600,3600,POWERGRID,280.0,PE,27-FEB-2025
2025-02-03 13:34:30.026211,POWERGRID27FEB25P280,OPTSTK,10.1,3015000,10.05,10.15,1148400,5400,3600,POWERGRID,280.0,PE,27-FEB-2025
2025-02-03 13:34:36.769623,POWERGRID27FEB25P280,OPTSTK,10.1,3015000,10.05,10.15,1148400,5400,3600,POWERGRID,280.0,PE,27-FEB-2025
2025-02-03 13:34:43.329271,POWERGRID27FEB25P280,OPTSTK,10.1,3015000,10.05,10.15,1148400,5400,3600,POWERGRID,280.0,PE,27-FEB-2025
2025-02-03 13:34:49.622739,POWERGRID27FEB25P280,OPTSTK,10.1,3015000,10.05,10.15,1148400,5400,3600,POWERGRID,280.0,PE,27-FEB-2025
2025-02-03 13:34:56.069824,POWERGRID27FEB25P280,OPTSTK,10.1,3015000,9.9,10.0,1148400,9000,1800,POWERGRID,280.0,PE,27-FEB-2025
2025-02-03 13:35:02.538746,POWERGRID27FEB25P280,OPTSTK,10.1,3015000,9.9,10.0,1148400,9000,1800,POWERGRID,280.0,PE,27-FEB-2025
2025-02-03 13:35:08.860746,POWERGRID27FEB25P280,OPTSTK,10.1,3015000,9.9,10.0,1148400,9000,1800,POWERGRID,280.0,PE,27-FEB-2025
2025-02-03 13:35:15.247464,POWERGRID27FEB25P280,OPTSTK,10.1,3015000,9.9,10.0,1148400,9000,1800,POWERGRID,280.0,PE,27-FEB-2025
2025-02-03 13:35:21.700431,POWERGRID27FEB25P280,OPTSTK,10.1,3015000,9.8,9.9,1148400,1800,5400,POWERGRID,280.0,PE,27-FEB-2025
2025-02-03 13:35:28.051769,POWERGRID27FEB25P280,OPTSTK,10.1,3015000,9.8,9.9,1148400,1800,5400,POWERGRID,280.0,PE,27-FEB-2025
2025-02-03 13:35:34.355864,POWERGRID27FEB25P280,OPTSTK,9.7,3015000,9.8,9.9,1150200,1800,5400,POWERGRID,280.0,PE,27-FEB-2025
2025-02-03 13:35:40.632978,POWERGRID27FEB25P280,OPTSTK,9.7,3015000,9.8,9.9,1150200,1800,5400,POWERGRID,280.0,PE,27-FEB-2025
2025-02-03 13:35:47.053947,POWERGRID27FEB25P280,OPTSTK,9.7,3018600,9.6,9.7,1150200,7200,3600,POWERGRID,280.0,PE,27-FEB-2025
2025-02-03 13:35:53.409147,POWERGRID27FEB25P280,OPTSTK,9.7,3018600,9.6,9.7,1150200,7200,3600,POWERGRID,280.0,PE,27-FEB-2025
2025-02-03 13:35:59.713466,POWERGRID27FEB25P280,OPTSTK,9.7,3018600,9.6,9.7,1150200,7200,3600,POWERGRID,280.0,PE,27-FEB-2025
2025-02-03 13:36:06.069166,POWERGRID27FEB25P280,OPTSTK,9.7,3018600,9.6,9.7,1150200,7200,3600,POWERGRID,280.0,PE,27-FEB-2025
2025-02-03 13:36:12.482074,POWERGRID27FEB25P280,OPTSTK,9.7,3018600,9.7,9.8,1150200,5400,1800,POWERGRID,280.0,PE,27-FEB-2025
2025-02-03 13:36:18.926472,POWERGRID27FEB25P280,OPTSTK,9.7,3018600,9.7,9.8,1150200,5400,1800,POWERGRID,280.0,PE,27-FEB-2025
2025-02-03 13:36:25.244098,POWERGRID27FEB25P280,OPTSTK,9.7,3018600,9.7,9.8,1150200,5400,1800,POWERGRID,280.0,PE,27-FEB-2025
2025-02-03 13:36:31.641257,POWERGRID27FEB25P280,OPTSTK,9.7,3018600,9.7,9.8,1150200,5400,1800,POWERGRID,280.0,PE,27-FEB-2025
2025-02-03 13:36:37.993028,POWERGRID27FEB25P280,OPTSTK,9.7,3018600,9.7,9.8,1150200,10800,1800,POWERGRID,280.0,PE,27-FEB-2025
2025-02-03 13:36:44.299454,POWERGRID27FEB25P280,OPTSTK,9.7,3018600,9.7,9.8,1150200,10800,1800,POWERGRID,280.0,PE,27-FEB-2025
2025-02-03 13:36:50.650866,POWERGRID27FEB25P280,OPTSTK,9.7,3018600,9.7,9.8,1150200,10800,1800,POWERGRID,280.0,PE,27-FEB-2025
2025-02-03 13:36:56.869086,POWERGRID27FEB25P280,OPTSTK,9.7,3018600,9.7,9.8,1150200,10800,1800,POWERGRID,280.0,PE,27-FEB-2025
2025-02-03 13:37:03.290320,POWERGRID27FEB25P280,OPTSTK,9.7,3018600,9.7,9.8,1150200,10800,5400,POWERGRID,280.0,PE,27-FEB-2025
2025-02-03 13:37:09.572748,POWERGRID27FEB25P280,OPTSTK,9.7,3018600,9.7,9.8,1150200,10800,5400,POWERGRID,280.0,PE,27-FEB-2025
2025-02-03 13:37:15.849105,POWERGRID27FEB25P280,OPTSTK,9.7,3018600,9.7,9.8,1150200,10800,5400,POWERGRID,280.0,PE,27-FEB-2025
2025-02-03 13:37:22.269099,POWERGRID27FEB25P280,OPTSTK,9.7,3018600,9.7,9.8,1152000,10800,5400,POWERGRID,280.0,PE,27-FEB-2025
2025-02-03 13:37:28.508410,POWERGRID27FEB25P280,OPTSTK,9.7,3020400,9.7,9.8,1152000,12600,1800,POWERGRID,280.0,PE,27-FEB-2025
2025-02-03 13:37:34.739856,POWERGRID27FEB25P280,OPTSTK,9.7,3020400,9.7,9.8,1152000,12600,1800,POWERGRID,280.0,PE,27-FEB-2025
2025-02-03 13:37:41.022193,POWERGRID27FEB25P280,OPTSTK,9.7,3020400,9.7,9.8,1152000,12600,1800,POWERGRID,280.0,PE,27-FEB-2025
2025-02-03 13:37:47.293923,POWERGRID27FEB25P280,OPTSTK,9.7,3020400,9.7,9.8,1152000,12600,1800,POWERGRID,280.0,PE,27-FEB-2025
2025-02-03 13:37:53.702605,POWERGRID27FEB25P280,OPTSTK,9.7,3020400,9.7,9.8,1152000,10800,3600,POWERGRID,280.0,PE,27-FEB-2025
2025-02-03 13:38:00.082619,POWERGRID27FEB25P280,OPTSTK,9.7,3020400,9.7,9.8,1152000,10800,3600,POWERGRID,280.0,PE,27-FEB-2025
2025-02-03 13:38:06.423651,POWERGRID27FEB25P280,OPTSTK,9.7,3020400,9.7,9.8,1152000,10800,3600,POWERGRID,280.0,PE,27-FEB-2025
2025-02-03 13:38:12.871353,POWERGRID27FEB25P280,OPTSTK,9.75,3020400,9.7,9.8,1152000,10800,3600,POWERGRID,280.0,PE,27-FEB-2025
2025-02-03 13:38:19.139078,POWERGRID27FEB25P280,OPTSTK,9.75,3025800,9.7,9.8,1152000,7200,1800,POWERGRID,280.0,PE,27-FEB-2025
2025-02-03 13:38:25.385056,POWERGRID27FEB25P280,OPTSTK,9.75,3025800,9.7,9.8,1152000,7200,1800,POWERGRID,280.0,PE,27-FEB-2025
2025-02-03 13:38:31.869549,POWERGRID27FEB25P280,OPTSTK,9.75,3025800,9.7,9.8,1152000,7200,1800,POWERGRID,280.0,PE,27-FEB-2025
2025-02-03 13:38:38.246110,POWERGRID27FEB25P280,OPTSTK,9.75,3025800,9.7,9.8,1152000,7200,1800,POWERGRID,280.0,PE,27-FEB-2025
2025-02-03 13:38:44.616826,POWERGRID27FEB25P280,OPTSTK,9.75,3025800,9.7,9.8,1152000,7200,1800,POWERGRID,280.0,PE,27-FEB-2025
2025-02-03 13:38:50.965497,POWERGRID27FEB25P280,OPTSTK,9.75,3025800,9.7,9.8,1152000,7200,1800,POWERGRID,280.0,PE,27-FEB-2025
2025-02-03 13:38:57.374829,POWERGRID27FEB25P280,OPTSTK,9.75,3025800,9.7,9.8,1152000,7200,1800,POWERGRID,280.0,PE,27-FEB-2025
2025-02-03 13:39:03.749054,POWERGRID27FEB25P280,OPTSTK,9.75,3025800,9.7,9.8,1152000,7200,1800,POWERGRID,280.0,PE,27-FEB-2025
2025-02-03 13:39:10.287048,POWERGRID27FEB25P280,OPTSTK,9.75,3025800,9.7,9.8,1152000,7200,1800,POWERGRID,280.0,PE,27-FEB-2025
2025-02-03 13:39:16.663125,POWERGRID27FEB25P280,OPTSTK,9.75,3025800,9.7,9.8,1152000,7200,1800,POWERGRID,280.0,PE,27-FEB-2025
2025-02-03 13:39:23.190593,POWERGRID27FEB25P280,OPTSTK,9.75,3025800,9.7,9.8,1152000,7200,1800,POWERGRID,280.0,PE,27-FEB-2025
2025-02-03 13:39:29.579070,POWERGRID27FEB25P280,OPTSTK,9.75,3025800,9.7,9.8,1152000,7200,1800,POWERGRID,280.0,PE,27-FEB-2025
2025-02-03 13:39:35.742607,POWERGRID27FEB25P280,OPTSTK,9.7,3027600,9.65,9.75,1152000,7200,1800,POWERGRID,280.0,PE,27-FEB-2025
2025-02-03 13:39:41.914067,POWERGRID27FEB25P280,OPTSTK,9.7,3027600,9.65,9.75,1152000,7200,1800,POWERGRID,280.0,PE,27-FEB-2025
2025-02-03 13:39:48.261605,POWERGRID27FEB25P280,OPTSTK,9.7,3027600,9.65,9.75,1152000,7200,1800,POWERGRID,280.0,PE,27-FEB-2025
2025-02-03 13:39:54.583904,POWERGRID27FEB25P280,OPTSTK,9.7,3027600,9.65,9.75,1152000,7200,1800,POWERGRID,280.0,PE,27-FEB-2025
2025-02-03 13:40:00.908780,POWERGRID27FEB25P280,OPTSTK,9.65,3027600,9.65,9.7,1152000,1800,3600,POWERGRID,280.0,PE,27-FEB-2025
2025-02-03 13:40:07.244180,POWERGRID27FEB25P280,OPTSTK,9.65,3027600,9.65,9.7,1152000,1800,3600,POWERGRID,280.0,PE,27-FEB-2025
2025-02-03 13:40:13.620991,POWERGRID27FEB25P280,OPTSTK,9.65,3027600,9.65,9.7,1152000,1800,3600,POWERGRID,280.0,PE,27-FEB-2025
2025-02-03 13:40:22.978843,POWERGRID27FEB25P280,OPTSTK,9.65,3029400,9.5,9.6,1152000,7200,3600,POWERGRID,280.0,PE,27-FEB-2025
2025-02-03 13:40:30.999431,POWERGRID27FEB25P280,OPTSTK,9.65,3029400,9.5,9.6,1152000,7200,3600,POWERGRID,280.0,PE,27-FEB-2025
2025-02-03 13:40:37.608657,POWERGRID27FEB25P280,OPTSTK,9.65,3029400,9.5,9.6,1152000,7200,3600,POWERGRID,280.0,PE,27-FEB-2025
2025-02-03 13:40:44.003231,POWERGRID27FEB25P280,OPTSTK,9.65,3029400,9.5,9.6,1152000,7200,3600,POWERGRID,280.0,PE,27-FEB-2025
2025-02-03 13:40:50.527353,POWERGRID27FEB25P280,OPTSTK,9.65,3029400,9.5,9.6,1152000,7200,5400,POWERGRID,280.0,PE,27-FEB-2025
2025-02-03 13:40:56.827175,POWERGRID27FEB25P280,OPTSTK,9.65,3029400,9.5,9.6,1152000,7200,5400,POWERGRID,280.0,PE,27-FEB-2025
2025-02-03 13:41:03.280140,POWERGRID27FEB25P280,OPTSTK,9.65,3029400,9.5,9.6,1152000,7200,5400,POWERGRID,280.0,PE,27-FEB-2025
2025-02-03 13:41:09.791663,POWERGRID27FEB25P280,OPTSTK,9.65,3029400,9.5,9.6,1152000,7200,5400,POWERGRID,280.0,PE,27-FEB-2025
2025-02-03 13:41:16.361517,POWERGRID27FEB25P280,OPTSTK,9.65,3029400,9.5,9.65,1152000,7200,7200,POWERGRID,280.0,PE,27-FEB-2025
2025-02-03 13:41:22.728350,POWERGRID27FEB25P280,OPTSTK,9.65,3029400,9.5,9.65,1152000,7200,7200,POWERGRID,280.0,PE,27-FEB-2025
2025-02-03 13:41:29.129600,POWERGRID27FEB25P280,OPTSTK,9.65,3029400,9.5,9.65,1152000,7200,7200,POWERGRID,280.0,PE,27-FEB-2025
2025-02-03 13:41:35.774764,POWERGRID27FEB25P280,OPTSTK,9.65,3029400,9.5,9.65,1152000,7200,7200,POWERGRID,280.0,PE,27-FEB-2025
2025-02-03 13:41:42.260726,POWERGRID27FEB25P280,OPTSTK,9.65,3029400,9.55,9.7,1152000,10800,5400,POWERGRID,280.0,PE,27-FEB-2025
2025-02-03 13:41:48.694064,POWERGRID27FEB25P280,OPTSTK,9.65,3029400,9.55,9.7,1152000,10800,5400,POWERGRID,280.0,PE,27-FEB-2025
2025-02-03 13:41:55.134784,POWERGRID27FEB25P280,OPTSTK,9.65,3029400,9.55,9.7,1152000,10800,5400,POWERGRID,280.0,PE,27-FEB-2025
2025-02-03 13:42:01.706268,POWERGRID27FEB25P280,OPTSTK,9.65,3029400,9.55,9.7,1152000,10800,5400,POWERGRID,280.0,PE,27-FEB-2025
2025-02-03 13:42:08.135313,POWERGRID27FEB25P280,OPTSTK,9.65,3029400,9.5,9.6,1152000,1800,5400,POWERGRID,280.0,PE,27-FEB-2025
2025-02-03 13:42:14.631053,POWERGRID27FEB25P280,OPTSTK,9.65,3029400,9.5,9.6,1152000,1800,5400,POWERGRID,280.0,PE,27-FEB-2025
2025-02-03 13:42:20.950351,POWERGRID27FEB25P280,OPTSTK,9.65,3029400,9.5,9.6,1152000,1800,5400,POWERGRID,280.0,PE,27-FEB-2025
2025-02-03 13:42:27.527588,POWERGRID27FEB25P280,OPTSTK,9.65,3029400,9.5,9.6,1152000,1800,5400,POWERGRID,280.0,PE,27-FEB-2025
2025-02-03 13:42:34.313046,POWERGRID27FEB25P280,OPTSTK,9.65,3029400,9.5,9.65,1152000,12600,5400,POWERGRID,280.0,PE,27-FEB-2025
2025-02-03 13:42:40.849557,POWERGRID27FEB25P280,OPTSTK,9.65,3029400,9.5,9.65,1152000,12600,5400,POWERGRID,280.0,PE,27-FEB-2025
2025-02-03 13:42:47.516875,POWERGRID27FEB25P280,OPTSTK,9.65,3029400,9.5,9.65,1152000,12600,5400,POWERGRID,280.0,PE,27-FEB-2025
2025-02-03 13:42:53.957091,POWERGRID27FEB25P280,OPTSTK,9.65,3029400,9.5,9.65,1152000,12600,5400,POWERGRID,280.0,PE,27-FEB-2025
2025-02-03 13:43:00.371546,POWERGRID27FEB25P280,OPTSTK,9.65,3029400,9.5,9.65,1152000,7200,5400,POWERGRID,280.0,PE,27-FEB-2025
2025-02-03 13:43:06.802858,POWERGRID27FEB25P280,OPTSTK,9.65,3029400,9.5,9.65,1152000,7200,5400,POWERGRID,280.0,PE,27-FEB-2025
2025-02-03 13:43:13.141390,POWERGRID27FEB25P280,OPTSTK,9.65,3029400,9.5,9.65,1152000,7200,5400,POWERGRID,280.0,PE,27-FEB-2025
2025-02-03 13:43:19.738011,POWERGRID27FEB25P280,OPTSTK,9.65,3029400,9.5,9.65,1152000,7200,5400,POWERGRID,280.0,PE,27-FEB-2025
2025-02-03 13:43:26.112298,POWERGRID27FEB25P280,OPTSTK,9.65,3029400,9.5,9.65,1152000,7200,5400,POWERGRID,280.0,PE,27-FEB-2025
2025-02-03 13:43:32.570289,POWERGRID27FEB25P280,OPTSTK,9.6,3029400,9.5,9.65,1152000,7200,5400,POWERGRID,280.0,PE,27-FEB-2025
2025-02-03 13:43:39.042248,POWERGRID27FEB25P280,OPTSTK,9.6,3029400,9.5,9.65,1152000,7200,5400,POWERGRID,280.0,PE,27-FEB-2025
2025-02-03 13:43:45.673878,POWERGRID27FEB25P280,OPTSTK,9.6,3029400,9.5,9.65,1152000,7200,5400,POWERGRID,280.0,PE,27-FEB-2025
2025-02-03 13:43:52.046364,POWERGRID27FEB25P280,OPTSTK,9.6,3031200,9.55,9.65,1152000,5400,3600,POWERGRID,280.0,PE,27-FEB-2025
2025-02-03 13:43:58.664684,POWERGRID27FEB25P280,OPTSTK,9.6,3031200,9.55,9.65,1152000,5400,3600,POWERGRID,280.0,PE,27-FEB-2025
2025-02-03 13:44:05.106813,POWERGRID27FEB25P280,OPTSTK,9.7,3031200,9.55,9.65,1152000,5400,3600,POWERGRID,280.0,PE,27-FEB-2025
2025-02-03 13:44:11.514649,POWERGRID27FEB25P280,OPTSTK,9.7,3031200,9.55,9.65,1152000,5400,3600,POWERGRID,280.0,PE,27-FEB-2025
2025-02-03 13:44:17.858176,POWERGRID27FEB25P280,OPTSTK,9.7,3034800,9.65,9.75,1152000,1800,16200,POWERGRID,280.0,PE,27-FEB-2025
2025-02-03 13:44:24.216071,POWERGRID27FEB25P280,OPTSTK,9.7,3034800,9.65,9.75,1152000,1800,16200,POWERGRID,280.0,PE,27-FEB-2025
2025-02-03 13:44:30.590624,POWERGRID27FEB25P280,OPTSTK,9.7,3034800,9.65,9.75,1152000,1800,16200,POWERGRID,280.0,PE,27-FEB-2025
2025-02-03 13:44:37.003797,POWERGRID27FEB25P280,OPTSTK,9.7,3034800,9.65,9.75,1152000,1800,16200,POWERGRID,280.0,PE,27-FEB-2025
2025-02-03 13:44:43.690580,POWERGRID27FEB25P280,OPTSTK,9.65,3034800,9.65,9.75,1152000,5400,3600,POWERGRID,280.0,PE,27-FEB-2025
2025-02-03 13:44:50.570522,POWERGRID27FEB25P280,OPTSTK,9.65,3034800,9.65,9.75,1152000,5400,3600,POWERGRID,280.0,PE,27-FEB-2025
2025-02-03 13:44:56.863615,POWERGRID27FEB25P280,OPTSTK,9.65,3034800,9.65,9.75,1152000,5400,3600,POWERGRID,280.0,PE,27-FEB-2025
2025-02-03 13:45:03.512921,POWERGRID27FEB25P280,OPTSTK,9.75,3042000,9.65,9.75,1152000,3600,3600,POWERGRID,280.0,PE,27-FEB-2025
2025-02-03 13:45:09.969216,POWERGRID27FEB25P280,OPTSTK,9.75,3042000,9.65,9.75,1152000,3600,3600,POWERGRID,280.0,PE,27-FEB-2025
2025-02-03 13:45:17.931817,POWERGRID27FEB25P280,OPTSTK,9.75,3042000,9.65,9.75,1152000,3600,3600,POWERGRID,280.0,PE,27-FEB-2025
2025-02-03 13:45:24.236705,POWERGRID27FEB25P280,OPTSTK,9.75,3042000,9.65,9.75,1152000,3600,3600,POWERGRID,280.0,PE,27-FEB-2025
2025-02-03 13:45:30.698340,POWERGRID27FEB25P280,OPTSTK,9.75,3042000,9.65,9.75,1152000,7200,1800,POWERGRID,280.0,PE,27-FEB-2025
2025-02-03 13:45:37.168483,POWERGRID27FEB25P280,OPTSTK,9.75,3042000,9.65,9.75,1152000,7200,1800,POWERGRID,280.0,PE,27-FEB-2025
2025-02-03 13:45:43.574498,POWERGRID27FEB25P280,OPTSTK,9.75,3042000,9.65,9.75,1152000,7200,1800,POWERGRID,280.0,PE,27-FEB-2025
2025-02-03 13:45:50.171044,POWERGRID27FEB25P280,OPTSTK,9.75,3042000,9.65,9.75,1152000,7200,1800,POWERGRID,280.0,PE,27-FEB-2025
2025-02-03 13:45:58.158653,POWERGRID27FEB25P280,OPTSTK,9.75,3042000,9.65,9.8,1152000,12600,7200,POWERGRID,280.0,PE,27-FEB-2025
2025-02-03 13:46:04.803411,POWERGRID27FEB25P280,OPTSTK,9.75,3042000,9.65,9.8,1152000,12600,7200,POWERGRID,280.0,PE,27-FEB-2025
2025-02-03 13:46:11.517452,POWERGRID27FEB25P280,OPTSTK,9.75,3042000,9.65,9.8,1152000,12600,7200,POWERGRID,280.0,PE,27-FEB-2025
2025-02-03 13:46:18.200862,POWERGRID27FEB25P280,OPTSTK,9.75,3042000,9.7,9.85,1152000,7200,9000,POWERGRID,280.0,PE,27-FEB-2025
2025-02-03 13:46:26.032605,POWERGRID27FEB25P280,OPTSTK,9.75,3042000,9.7,9.85,1152000,7200,9000,POWERGRID,280.0,PE,27-FEB-2025
2025-02-03 13:46:32.542317,POWERGRID27FEB25P280,OPTSTK,9.75,3042000,9.7,9.85,1152000,7200,9000,POWERGRID,280.0,PE,27-FEB-2025
2025-02-03 13:46:39.482012,POWERGRID27FEB25P280,OPTSTK,9.75,3042000,9.7,9.85,1152000,7200,9000,POWERGRID,280.0,PE,27-FEB-2025
2025-02-03 13:46:46.318643,POWERGRID27FEB25P280,OPTSTK,9.75,3042000,9.7,9.85,1152000,7200,7200,POWERGRID,280.0,PE,27-FEB-2025
2025-02-03 13:46:53.249638,POWERGRID27FEB25P280,OPTSTK,9.75,3042000,9.7,9.85,1152000,7200,7200,POWERGRID,280.0,PE,27-FEB-2025
2025-02-03 13:46:59.964463,POWERGRID27FEB25P280,OPTSTK,9.75,3042000,9.7,9.85,1152000,7200,7200,POWERGRID,280.0,PE,27-FEB-2025
2025-02-03 13:47:06.688596,POWERGRID27FEB25P280,OPTSTK,9.75,3042000,9.7,9.85,1152000,7200,7200,POWERGRID,280.0,PE,27-FEB-2025
2025-02-03 13:47:14.768233,POWERGRID27FEB25P280,OPTSTK,9.75,3042000,9.7,9.75,1152000,3600,5400,POWERGRID,280.0,PE,27-FEB-2025
2025-02-03 13:47:21.306336,POWERGRID27FEB25P280,OPTSTK,9.7,3042000,9.7,9.75,1155600,3600,5400,POWERGRID,280.0,PE,27-FEB-2025
2025-02-03 13:47:27.812968,POWERGRID27FEB25P280,OPTSTK,9.7,3042000,9.7,9.75,1155600,3600,5400,POWERGRID,280.0,PE,27-FEB-2025
2025-02-03 13:47:34.259052,POWERGRID27FEB25P280,OPTSTK,9.7,3047400,9.7,9.75,1155600,1800,5400,POWERGRID,280.0,PE,27-FEB-2025
2025-02-03 13:47:40.977297,POWERGRID27FEB25P280,OPTSTK,9.7,3047400,9.7,9.75,1155600,1800,5400,POWERGRID,280.0,PE,27-FEB-2025
2025-02-03 13:47:47.443259,POWERGRID27FEB25P280,OPTSTK,9.7,3047400,9.7,9.75,1155600,1800,5400,POWERGRID,280.0,PE,27-FEB-2025
2025-02-03 13:47:53.879440,POWERGRID27FEB25P280,OPTSTK,9.7,3047400,9.7,9.75,1155600,1800,5400,POWERGRID,280.0,PE,27-FEB-2025
2025-02-03 13:48:00.442756,POWERGRID27FEB25P280,OPTSTK,9.7,3049200,9.65,9.75,1155600,7200,5400,POWERGRID,280.0,PE,27-FEB-2025
2025-02-03 13:48:07.953000,POWERGRID27FEB25P280,OPTSTK,9.7,3049200,9.65,9.75,1155600,7200,5400,POWERGRID,280.0,PE,27-FEB-2025
2025-02-03 13:48:14.714984,POWERGRID27FEB25P280,OPTSTK,9.7,3049200,9.65,9.75,1155600,7200,5400,POWERGRID,280.0,PE,27-FEB-2025
2025-02-03 13:48:21.162985,POWERGRID27FEB25P280,OPTSTK,9.7,3049200,9.65,9.75,1155600,7200,5400,POWERGRID,280.0,PE,27-FEB-2025
2025-02-03 13:48:27.753542,POWERGRID27FEB25P280,OPTSTK,9.7,3049200,9.7,9.85,1155600,7200,9000,POWERGRID,280.0,PE,27-FEB-2025
2025-02-03 13:48:34.187952,POWERGRID27FEB25P280,OPTSTK,9.7,3049200,9.7,9.85,1155600,7200,9000,POWERGRID,280.0,PE,27-FEB-2025
2025-02-03 13:48:40.583121,POWERGRID27FEB25P280,OPTSTK,9.7,3049200,9.7,9.85,1155600,7200,9000,POWERGRID,280.0,PE,27-FEB-2025
2025-02-03 13:48:46.905128,POWERGRID27FEB25P280,OPTSTK,9.7,3049200,9.7,9.85,1155600,7200,9000,POWERGRID,280.0,PE,27-FEB-2025
2025-02-03 13:48:53.263084,POWERGRID27FEB25P280,OPTSTK,9.7,3049200,9.7,9.85,1155600,7200,10800,POWERGRID,280.0,PE,27-FEB-2025
2025-02-03 13:49:00.066771,POWERGRID27FEB25P280,OPTSTK,9.7,3049200,9.7,9.85,1155600,7200,10800,POWERGRID,280.0,PE,27-FEB-2025
2025-02-03 13:49:06.631628,POWERGRID27FEB25P280,OPTSTK,9.7,3049200,9.7,9.85,1155600,7200,10800,POWERGRID,280.0,PE,27-FEB-2025
2025-02-03 13:49:13.132532,POWERGRID27FEB25P280,OPTSTK,9.75,3049200,9.7,9.85,1155600,7200,10800,POWERGRID,280.0,PE,27-FEB-2025
2025-02-03 13:49:19.680965,POWERGRID27FEB25P280,OPTSTK,9.75,3051000,9.7,9.85,1155600,5400,10800,POWERGRID,280.0,PE,27-FEB-2025
2025-02-03 13:49:26.096485,POWERGRID27FEB25P280,OPTSTK,9.75,3051000,9.7,9.85,1155600,5400,10800,POWERGRID,280.0,PE,27-FEB-2025
2025-02-03 13:49:32.613917,POWERGRID27FEB25P280,OPTSTK,9.75,3051000,9.7,9.85,1155600,5400,10800,POWERGRID,280.0,PE,27-FEB-2025
2025-02-03 13:49:38.938541,POWERGRID27FEB25P280,OPTSTK,9.75,3051000,9.65,9.8,1155600,10800,3600,POWERGRID,280.0,PE,27-FEB-2025
2025-02-03 13:49:45.467946,POWERGRID27FEB25P280,OPTSTK,9.75,3051000,9.65,9.8,1155600,10800,3600,POWERGRID,280.0,PE,27-FEB-2025
2025-02-03 13:49:52.105453,POWERGRID27FEB25P280,OPTSTK,9.75,3051000,9.65,9.8,1155600,10800,3600,POWERGRID,280.0,PE,27-FEB-2025
2025-02-03 13:49:58.793089,POWERGRID27FEB25P280,OPTSTK,9.75,3051000,9.65,9.8,1155600,10800,3600,POWERGRID,280.0,PE,27-FEB-2025
2025-02-03 13:50:06.008356,POWERGRID27FEB25P280,OPTSTK,9.75,3051000,9.75,9.85,1155600,5400,1800,POWERGRID,280.0,PE,27-FEB-2025
2025-02-03 13:50:12.716542,POWERGRID27FEB25P280,OPTSTK,9.75,3051000,9.75,9.85,1155600,5400,1800,POWERGRID,280.0,PE,27-FEB-2025
2025-02-03 13:50:19.313889,POWERGRID27FEB25P280,OPTSTK,9.75,3051000,9.75,9.85,1155600,5400,1800,POWERGRID,280.0,PE,27-FEB-2025
2025-02-03 13:50:25.840513,POWERGRID27FEB25P280,OPTSTK,9.75,3051000,9.75,9.85,1155600,5400,1800,POWERGRID,280.0,PE,27-FEB-2025
2025-02-03 13:50:32.608774,POWERGRID27FEB25P280,OPTSTK,9.75,3051000,9.8,9.9,1155600,5400,1800,POWERGRID,280.0,PE,27-FEB-2025
2025-02-03 13:50:39.047779,POWERGRID27FEB25P280,OPTSTK,9.75,3051000,9.8,9.9,1155600,5400,1800,POWERGRID,280.0,PE,27-FEB-2025
2025-02-03 13:50:45.474854,POWERGRID27FEB25P280,OPTSTK,9.75,3051000,9.8,9.9,1155600,5400,1800,POWERGRID,280.0,PE,27-FEB-2025
2025-02-03 13:50:52.057491,POWERGRID27FEB25P280,OPTSTK,9.75,3051000,9.75,9.85,1155600,5400,1800,POWERGRID,280.0,PE,27-FEB-2025
2025-02-03 13:50:58.766945,POWERGRID27FEB25P280,OPTSTK,9.75,3051000,9.75,9.85,1155600,5400,1800,POWERGRID,280.0,PE,27-FEB-2025
2025-02-03 13:51:05.475633,POWERGRID27FEB25P280,OPTSTK,9.75,3051000,9.75,9.85,1155600,5400,1800,POWERGRID,280.0,PE,27-FEB-2025
2025-02-03 13:51:12.028660,POWERGRID27FEB25P280,OPTSTK,9.75,3051000,9.75,9.85,1155600,5400,1800,POWERGRID,280.0,PE,27-FEB-2025
2025-02-03 13:51:18.680980,POWERGRID27FEB25P280,OPTSTK,9.75,3051000,9.75,9.9,1155600,10800,5400,POWERGRID,280.0,PE,27-FEB-2025
2025-02-03 13:51:25.013071,POWERGRID27FEB25P280,OPTSTK,9.85,3051000,9.75,9.9,1159200,10800,5400,POWERGRID,280.0,PE,27-FEB-2025
2025-02-03 13:51:31.453217,POWERGRID27FEB25P280,OPTSTK,9.85,3051000,9.75,9.9,1159200,10800,5400,POWERGRID,280.0,PE,27-FEB-2025
2025-02-03 13:51:37.905607,POWERGRID27FEB25P280,OPTSTK,9.85,3051000,9.75,9.9,1159200,10800,5400,POWERGRID,280.0,PE,27-FEB-2025
2025-02-03 13:51:44.238989,POWERGRID27FEB25P280,OPTSTK,9.85,3051000,9.75,9.9,1159200,10800,5400,POWERGRID,280.0,PE,27-FEB-2025
2025-02-03 13:51:50.507746,POWERGRID27FEB25P280,OPTSTK,9.85,3054600,9.95,10.05,1159200,3600,3600,POWERGRID,280.0,PE,27-FEB-2025
2025-02-03 13:51:56.883606,POWERGRID27FEB25P280,OPTSTK,10.05,3054600,9.95,10.05,1159200,3600,3600,POWERGRID,280.0,PE,27-FEB-2025
2025-02-03 13:52:05.658859,POWERGRID27FEB25P280,OPTSTK,10.05,3054600,9.95,10.05,1159200,3600,3600,POWERGRID,280.0,PE,27-FEB-2025
2025-02-03 13:52:12.339100,POWERGRID27FEB25P280,OPTSTK,10.2,3054600,9.95,10.05,1159200,3600,3600,POWERGRID,280.0,PE,27-FEB-2025
2025-02-03 13:52:18.727638,POWERGRID27FEB25P280,OPTSTK,10.1,3070800,10.1,10.2,1159200,3600,1800,POWERGRID,280.0,PE,27-FEB-2025
2025-02-03 13:52:25.431496,POWERGRID27FEB25P280,OPTSTK,10.2,3070800,10.1,10.2,1153800,3600,1800,POWERGRID,280.0,PE,27-FEB-2025
2025-02-03 13:52:31.797705,POWERGRID27FEB25P280,OPTSTK,10.2,3070800,10.1,10.2,1153800,3600,1800,POWERGRID,280.0,PE,27-FEB-2025
2025-02-03 13:52:38.631916,POWERGRID27FEB25P280,OPTSTK,10.25,3070800,10.1,10.2,1153800,3600,1800,POWERGRID,280.0,PE,27-FEB-2025
2025-02-03 13:52:45.626909,POWERGRID27FEB25P280,OPTSTK,10.25,3070800,10.1,10.2,1153800,3600,1800,POWERGRID,280.0,PE,27-FEB-2025
2025-02-03 13:52:52.108407,POWERGRID27FEB25P280,OPTSTK,10.25,3078000,10.2,10.3,1153800,5400,7200,POWERGRID,280.0,PE,27-FEB-2025
2025-02-03 13:52:58.568033,POWERGRID27FEB25P280,OPTSTK,10.25,3078000,10.2,10.3,1153800,5400,7200,POWERGRID,280.0,PE,27-FEB-2025
2025-02-03 13:53:06.110086,POWERGRID27FEB25P280,OPTSTK,10.25,3078000,10.2,10.3,1153800,5400,7200,POWERGRID,280.0,PE,27-FEB-2025
2025-02-03 13:53:12.712244,POWERGRID27FEB25P280,OPTSTK,10.25,3078000,10.2,10.3,1153800,5400,7200,POWERGRID,280.0,PE,27-FEB-2025
2025-02-03 13:53:19.190664,POWERGRID27FEB25P280,OPTSTK,10.25,3078000,10.25,10.35,1153800,5400,1800,POWERGRID,280.0,PE,27-FEB-2025
2025-02-03 13:53:25.799296,POWERGRID27FEB25P280,OPTSTK,10.4,3078000,10.25,10.35,1153800,5400,1800,POWERGRID,280.0,PE,27-FEB-2025
2025-02-03 13:53:32.366190,POWERGRID27FEB25P280,OPTSTK,10.3,3078000,10.25,10.35,1153800,5400,1800,POWERGRID,280.0,PE,27-FEB-2025
2025-02-03 13:53:39.803627,POWERGRID27FEB25P280,OPTSTK,10.3,3078000,10.25,10.35,1153800,5400,1800,POWERGRID,280.0,PE,27-FEB-2025
2025-02-03 13:53:46.119007,POWERGRID27FEB25P280,OPTSTK,10.2,3088800,10.2,10.3,1153800,10800,1800,POWERGRID,280.0,PE,27-FEB-2025
2025-02-03 13:53:52.602231,POWERGRID27FEB25P280,OPTSTK,10.2,3088800,10.2,10.3,1153800,10800,1800,POWERGRID,280.0,PE,27-FEB-2025
2025-02-03 13:53:59.164859,POWERGRID27FEB25P280,OPTSTK,10.2,3088800,10.2,10.3,1153800,10800,1800,POWERGRID,280.0,PE,27-FEB-2025
2025-02-03 13:54:05.588259,POWERGRID27FEB25P280,OPTSTK,10.2,3088800,10.2,10.3,1153800,10800,1800,POWERGRID,280.0,PE,27-FEB-2025
2025-02-03 13:54:11.915353,POWERGRID27FEB25P280,OPTSTK,10.2,3092400,10.2,10.3,1153800,3600,3600,POWERGRID,280.0,PE,27-FEB-2025
2025-02-03 13:54:18.182617,POWERGRID27FEB25P280,OPTSTK,10.2,3092400,10.2,10.3,1153800,3600,3600,POWERGRID,280.0,PE,27-FEB-2025
2025-02-03 13:54:24.742683,POWERGRID27FEB25P280,OPTSTK,10.2,3092400,10.2,10.3,1153800,3600,3600,POWERGRID,280.0,PE,27-FEB-2025
2025-02-03 13:54:31.128176,POWERGRID27FEB25P280,OPTSTK,10.2,3092400,10.2,10.3,1153800,3600,3600,POWERGRID,280.0,PE,27-FEB-2025
2025-02-03 13:54:37.682295,POWERGRID27FEB25P280,OPTSTK,10.2,3092400,10.05,10.2,1153800,14400,7200,POWERGRID,280.0,PE,27-FEB-2025
2025-02-03 13:54:44.263125,POWERGRID27FEB25P280,OPTSTK,10.2,3092400,10.05,10.2,1153800,14400,7200,POWERGRID,280.0,PE,27-FEB-2025
2025-02-03 13:54:52.055760,POWERGRID27FEB25P280,OPTSTK,10.2,3092400,10.05,10.2,1153800,14400,7200,POWERGRID,280.0,PE,27-FEB-2025
2025-02-03 13:54:58.494626,POWERGRID27FEB25P280,OPTSTK,10.2,3092400,10.1,10.2,1153800,12600,1800,POWERGRID,280.0,PE,27-FEB-2025
2025-02-03 13:55:05.157237,POWERGRID27FEB25P280,OPTSTK,10.15,3092400,10.1,10.2,1153800,12600,1800,POWERGRID,280.0,PE,27-FEB-2025
2025-02-03 13:55:11.705489,POWERGRID27FEB25P280,OPTSTK,10.15,3092400,10.1,10.2,1153800,12600,1800,POWERGRID,280.0,PE,27-FEB-2025
2025-02-03 13:55:18.321954,POWERGRID27FEB25P280,OPTSTK,10.15,3092400,10.1,10.2,1153800,12600,1800,POWERGRID,280.0,PE,27-FEB-2025
2025-02-03 13:55:25.077898,POWERGRID27FEB25P280,OPTSTK,10.1,3096000,10.1,10.2,1152000,3600,3600,POWERGRID,280.0,PE,27-FEB-2025
2025-02-03 13:55:31.584060,POWERGRID27FEB25P280,OPTSTK,10.1,3096000,10.1,10.2,1152000,3600,3600,POWERGRID,280.0,PE,27-FEB-2025
2025-02-03 13:55:37.933230,POWERGRID27FEB25P280,OPTSTK,10.1,3096000,10.1,10.2,1152000,3600,3600,POWERGRID,280.0,PE,27-FEB-2025
2025-02-03 13:55:44.444472,POWERGRID27FEB25P280,OPTSTK,10.1,3096000,10.1,10.2,1152000,3600,3600,POWERGRID,280.0,PE,27-FEB-2025
2025-02-03 13:55:50.997841,POWERGRID27FEB25P280,OPTSTK,10.1,3097800,10.05,10.2,1152000,12600,3600,POWERGRID,280.0,PE,27-FEB-2025
2025-02-03 13:55:57.323705,POWERGRID27FEB25P280,OPTSTK,10.1,3097800,10.05,10.2,1152000,12600,3600,POWERGRID,280.0,PE,27-FEB-2025
2025-02-03 13:56:03.670876,POWERGRID27FEB25P280,OPTSTK,10.1,3097800,10.05,10.2,1152000,12600,3600,POWERGRID,280.0,PE,27-FEB-2025
2025-02-03 13:56:10.035541,POWERGRID27FEB25P280,OPTSTK,10.1,3097800,10.05,10.2,1152000,12600,3600,POWERGRID,280.0,PE,27-FEB-2025
2025-02-03 13:56:16.489619,POWERGRID27FEB25P280,OPTSTK,10.1,3097800,10.05,10.15,1152000,9000,7200,POWERGRID,280.0,PE,27-FEB-2025
2025-02-03 13:56:23.061060,POWERGRID27FEB25P280,OPTSTK,10.1,3097800,10.05,10.15,1152000,9000,7200,POWERGRID,280.0,PE,27-FEB-2025
2025-02-03 13:56:29.656241,POWERGRID27FEB25P280,OPTSTK,10.1,3097800,10.05,10.15,1152000,9000,7200,POWERGRID,280.0,PE,27-FEB-2025
2025-02-03 13:56:36.146184,POWERGRID27FEB25P280,OPTSTK,10.1,3097800,10.05,10.15,1152000,9000,7200,POWERGRID,280.0,PE,27-FEB-2025
2025-02-03 13:56:42.414459,POWERGRID27FEB25P280,OPTSTK,10.1,3097800,10.05,10.2,1152000,9000,5400,POWERGRID,280.0,PE,27-FEB-2025
2025-02-03 13:56:49.001142,POWERGRID27FEB25P280,OPTSTK,10.15,3097800,10.05,10.2,1152000,9000,5400,POWERGRID,280.0,PE,27-FEB-2025
2025-02-03 13:56:55.417925,POWERGRID27FEB25P280,OPTSTK,10.15,3097800,10.05,10.2,1152000,9000,5400,POWERGRID,280.0,PE,27-FEB-2025
2025-02-03 13:57:01.895863,POWERGRID27FEB25P280,OPTSTK,10.05,3097800,10.05,10.2,1152000,9000,5400,POWERGRID,280.0,PE,27-FEB-2025
2025-02-03 13:57:08.295504,POWERGRID27FEB25P280,OPTSTK,10.05,3105000,10.05,10.15,1152000,7200,1800,POWERGRID,280.0,PE,27-FEB-2025
2025-02-03 13:57:14.867053,POWERGRID27FEB25P280,OPTSTK,10.05,3105000,10.05,10.15,1152000,7200,1800,POWERGRID,280.0,PE,27-FEB-2025
2025-02-03 13:57:21.623502,POWERGRID27FEB25P280,OPTSTK,10.05,3105000,10.05,10.15,1152000,7200,1800,POWERGRID,280.0,PE,27-FEB-2025
2025-02-03 13:57:28.448309,POWERGRID27FEB25P280,OPTSTK,10.05,3105000,10.05,10.15,1152000,7200,1800,POWERGRID,280.0,PE,27-FEB-2025
2025-02-03 13:57:35.167733,POWERGRID27FEB25P280,OPTSTK,10.05,3105000,10.0,10.15,1152000,5400,7200,POWERGRID,280.0,PE,27-FEB-2025
2025-02-03 13:57:41.562968,POWERGRID27FEB25P280,OPTSTK,10.05,3105000,10.0,10.15,1152000,5400,7200,POWERGRID,280.0,PE,27-FEB-2025
2025-02-03 13:57:47.913130,POWERGRID27FEB25P280,OPTSTK,10.05,3105000,10.0,10.15,1152000,5400,7200,POWERGRID,280.0,PE,27-FEB-2025
2025-02-03 13:57:54.236629,POWERGRID27FEB25P280,OPTSTK,10.05,3105000,10.0,10.15,1152000,5400,7200,POWERGRID,280.0,PE,27-FEB-2025
2025-02-03 13:58:00.975598,POWERGRID27FEB25P280,OPTSTK,10.05,3106800,10.05,10.2,1152000,16200,5400,POWERGRID,280.0,PE,27-FEB-2025
2025-02-03 13:58:07.459084,POWERGRID27FEB25P280,OPTSTK,10.05,3106800,10.05,10.2,1152000,16200,5400,POWERGRID,280.0,PE,27-FEB-2025
2025-02-03 13:58:13.913687,POWERGRID27FEB25P280,OPTSTK,10.05,3106800,10.05,10.2,1152000,16200,5400,POWERGRID,280.0,PE,27-FEB-2025
2025-02-03 13:58:20.754105,POWERGRID27FEB25P280,OPTSTK,10.05,3106800,10.05,10.2,1152000,16200,5400,POWERGRID,280.0,PE,27-FEB-2025
2025-02-03 13:58:27.813381,POWERGRID27FEB25P280,OPTSTK,10.05,3106800,10.05,10.2,1152000,16200,5400,POWERGRID,280.0,PE,27-FEB-2025
2025-02-03 13:58:34.980802,POWERGRID27FEB25P280,OPTSTK,10.05,3106800,10.05,10.2,1152000,16200,5400,POWERGRID,280.0,PE,27-FEB-2025
2025-02-03 13:58:41.619495,POWERGRID27FEB25P280,OPTSTK,10.05,3106800,10.05,10.2,1152000,16200,5400,POWERGRID,280.0,PE,27-FEB-2025
2025-02-03 13:58:48.358217,POWERGRID27FEB25P280,OPTSTK,10.05,3106800,10.05,10.2,1152000,16200,5400,POWERGRID,280.0,PE,27-FEB-2025
2025-02-03 13:58:55.759453,POWERGRID27FEB25P280,OPTSTK,10.05,3106800,10.1,10.2,1152000,1800,5400,POWERGRID,280.0,PE,27-FEB-2025
2025-02-03 13:59:02.256535,POWERGRID27FEB25P280,OPTSTK,10.05,3106800,10.1,10.2,1152000,1800,5400,POWERGRID,280.0,PE,27-FEB-2025
2025-02-03 13:59:08.629692,POWERGRID27FEB25P280,OPTSTK,10.05,3106800,10.1,10.2,1152000,1800,5400,POWERGRID,280.0,PE,27-FEB-2025
2025-02-03 13:59:15.075411,POWERGRID27FEB25P280,OPTSTK,10.05,3106800,10.1,10.2,1152000,1800,5400,POWERGRID,280.0,PE,27-FEB-2025
2025-02-03 13:59:21.601381,POWERGRID27FEB25P280,OPTSTK,10.05,3106800,10.05,10.2,1152000,12600,7200,POWERGRID,280.0,PE,27-FEB-2025
2025-02-03 13:59:28.134271,POWERGRID27FEB25P280,OPTSTK,10.05,3106800,10.05,10.2,1152000,12600,7200,POWERGRID,280.0,PE,27-FEB-2025
2025-02-03 13:59:34.374057,POWERGRID27FEB25P280,OPTSTK,10.05,3106800,10.05,10.2,1152000,12600,7200,POWERGRID,280.0,PE,27-FEB-2025
2025-02-03 13:59:41.866116,POWERGRID27FEB25P280,OPTSTK,10.05,3106800,10.05,10.2,1152000,7200,7200,POWERGRID,280.0,PE,27-FEB-2025
2025-02-03 13:59:48.470644,POWERGRID27FEB25P280,OPTSTK,10.05,3106800,10.05,10.2,1152000,7200,7200,POWERGRID,280.0,PE,27-FEB-2025
2025-02-03 13:59:55.116339,POWERGRID27FEB25P280,OPTSTK,10.05,3106800,10.05,10.2,1152000,7200,7200,POWERGRID,280.0,PE,27-FEB-2025
2025-02-03 14:00:01.675797,POWERGRID27FEB25P280,OPTSTK,10.05,3106800,10.05,10.2,1152000,7200,7200,POWERGRID,280.0,PE,27-FEB-2025
2025-02-03 14:00:08.215353,POWERGRID27FEB25P280,OPTSTK,10.05,3106800,10.05,10.2,1152000,3600,9000,POWERGRID,280.0,PE,27-FEB-2025
2025-02-03 14:00:14.761357,POWERGRID27FEB25P280,OPTSTK,10.05,3106800,10.05,10.2,1152000,3600,9000,POWERGRID,280.0,PE,27-FEB-2025
2025-02-03 14:00:21.295572,POWERGRID27FEB25P280,OPTSTK,10.05,3106800,10.05,10.2,1152000,3600,9000,POWERGRID,280.0,PE,27-FEB-2025
2025-02-03 14:00:28.675177,POWERGRID27FEB25P280,OPTSTK,10.05,3106800,10.05,10.2,1152000,3600,9000,POWERGRID,280.0,PE,27-FEB-2025
2025-02-03 14:00:35.121548,POWERGRID27FEB25P280,OPTSTK,10.05,3106800,10.05,10.15,1152000,1800,5400,POWERGRID,280.0,PE,27-FEB-2025
2025-02-03 14:00:41.899339,POWERGRID27FEB25P280,OPTSTK,10.05,3106800,10.05,10.15,1152000,1800,5400,POWERGRID,280.0,PE,27-FEB-2025
2025-02-03 14:00:49.354826,POWERGRID27FEB25P280,OPTSTK,10.0,3106800,10.05,10.15,1155600,1800,5400,POWERGRID,280.0,PE,27-FEB-2025
2025-02-03 14:00:58.386711,POWERGRID27FEB25P280,OPTSTK,10.0,3108600,9.95,10.1,1155600,3600,7200,POWERGRID,280.0,PE,27-FEB-2025
2025-02-03 14:01:04.871270,POWERGRID27FEB25P280,OPTSTK,10.2,3108600,9.95,10.1,1155600,3600,7200,POWERGRID,280.0,PE,27-FEB-2025
2025-02-03 14:01:11.340441,POWERGRID27FEB25P280,OPTSTK,10.2,3108600,9.95,10.1,1155600,3600,7200,POWERGRID,280.0,PE,27-FEB-2025
2025-02-03 14:01:18.219650,POWERGRID27FEB25P280,OPTSTK,10.2,3108600,9.95,10.1,1155600,3600,7200,POWERGRID,280.0,PE,27-FEB-2025
2025-02-03 14:01:24.859078,POWERGRID27FEB25P280,OPTSTK,10.2,3117600,10.0,10.1,1155600,10800,1800,POWERGRID,280.0,PE,27-FEB-2025
2025-02-03 14:01:31.673951,POWERGRID27FEB25P280,OPTSTK,10.2,3117600,10.0,10.1,1155600,10800,1800,POWERGRID,280.0,PE,27-FEB-2025
2025-02-03 14:01:38.377523,POWERGRID27FEB25P280,OPTSTK,10.2,3117600,10.0,10.1,1155600,10800,1800,POWERGRID,280.0,PE,27-FEB-2025
2025-02-03 14:01:45.904814,POWERGRID27FEB25P280,OPTSTK,10.2,3117600,10.0,10.15,1155600,12600,12600,POWERGRID,280.0,PE,27-FEB-2025
2025-02-03 14:01:52.605048,POWERGRID27FEB25P280,OPTSTK,10.2,3117600,10.0,10.15,1155600,12600,12600,POWERGRID,280.0,PE,27-FEB-2025
2025-02-03 14:01:59.266513,POWERGRID27FEB25P280,OPTSTK,10.2,3117600,10.0,10.15,1155600,12600,12600,POWERGRID,280.0,PE,27-FEB-2025
2025-02-03 14:02:05.719748,POWERGRID27FEB25P280,OPTSTK,10.2,3117600,10.0,10.15,1152000,12600,12600,POWERGRID,280.0,PE,27-FEB-2025
2025-02-03 14:02:12.348743,POWERGRID27FEB25P280,OPTSTK,10.2,3119400,10.1,10.2,1152000,1800,5400,POWERGRID,280.0,PE,27-FEB-2025
2025-02-03 14:02:19.240349,POWERGRID27FEB25P280,OPTSTK,10.2,3119400,10.1,10.2,1152000,1800,5400,POWERGRID,280.0,PE,27-FEB-2025
2025-02-03 14:02:26.015319,POWERGRID27FEB25P280,OPTSTK,10.2,3119400,10.1,10.2,1152000,1800,5400,POWERGRID,280.0,PE,27-FEB-2025
2025-02-03 14:02:32.663208,POWERGRID27FEB25P280,OPTSTK,10.2,3119400,10.1,10.2,1152000,1800,5400,POWERGRID,280.0,PE,27-FEB-2025
2025-02-03 14:02:39.233274,POWERGRID27FEB25P280,OPTSTK,10.2,3119400,10.1,10.2,1152000,1800,5400,POWERGRID,280.0,PE,27-FEB-2025
2025-02-03 14:02:45.881364,POWERGRID27FEB25P280,OPTSTK,10.2,3119400,10.1,10.2,1152000,1800,5400,POWERGRID,280.0,PE,27-FEB-2025
2025-02-03 14:02:52.636977,POWERGRID27FEB25P280,OPTSTK,10.2,3119400,10.1,10.2,1152000,1800,5400,POWERGRID,280.0,PE,27-FEB-2025
2025-02-03 14:02:59.164504,POWERGRID27FEB25P280,OPTSTK,10.2,3119400,10.1,10.2,1152000,1800,5400,POWERGRID,280.0,PE,27-FEB-2025
2025-02-03 14:03:05.878869,POWERGRID27FEB25P280,OPTSTK,10.2,3119400,10.05,10.2,1152000,10800,7200,POWERGRID,280.0,PE,27-FEB-2025
2025-02-03 14:03:12.454041,POWERGRID27FEB25P280,OPTSTK,10.1,3119400,10.05,10.2,1152000,10800,7200,POWERGRID,280.0,PE,27-FEB-2025
2025-02-03 14:03:18.928286,POWERGRID27FEB25P280,OPTSTK,10.1,3119400,10.05,10.2,1152000,10800,7200,POWERGRID,280.0,PE,27-FEB-2025
2025-02-03 14:03:25.587884,POWERGRID27FEB25P280,OPTSTK,10.1,3119400,10.05,10.2,1152000,10800,7200,POWERGRID,280.0,PE,27-FEB-2025
2025-02-03 14:03:32.233786,POWERGRID27FEB25P280,OPTSTK,10.1,3121200,10.0,10.1,1152000,5400,1800,POWERGRID,280.0,PE,27-FEB-2025
2025-02-03 14:03:39.041334,POWERGRID27FEB25P280,OPTSTK,10.1,3121200,10.0,10.1,1152000,5400,1800,POWERGRID,280.0,PE,27-FEB-2025
2025-02-03 14:03:45.661838,POWERGRID27FEB25P280,OPTSTK,10.1,3121200,10.0,10.1,1152000,5400,1800,POWERGRID,280.0,PE,27-FEB-2025
2025-02-03 14:03:52.159108,POWERGRID27FEB25P280,OPTSTK,10.1,3121200,10.0,10.1,1152000,5400,1800,POWERGRID,280.0,PE,27-FEB-2025
2025-02-03 14:03:59.225473,POWERGRID27FEB25P280,OPTSTK,10.1,3121200,10.05,10.15,1152000,10800,3600,POWERGRID,280.0,PE,27-FEB-2025
2025-02-03 14:04:05.835888,POWERGRID27FEB25P280,OPTSTK,10.1,3121200,10.05,10.15,1152000,10800,3600,POWERGRID,280.0,PE,27-FEB-2025
2025-02-03 14:04:12.338726,POWERGRID27FEB25P280,OPTSTK,10.1,3121200,10.05,10.15,1152000,10800,3600,POWERGRID,280.0,PE,27-FEB-2025
2025-02-03 14:04:19.207225,POWERGRID27FEB25P280,OPTSTK,10.1,3121200,10.05,10.15,1152000,10800,3600,POWERGRID,280.0,PE,27-FEB-2025
2025-02-03 14:04:25.818358,POWERGRID27FEB25P280,OPTSTK,10.1,3121200,10.05,10.15,1152000,3600,7200,POWERGRID,280.0,PE,27-FEB-2025
2025-02-03 14:04:32.498318,POWERGRID27FEB25P280,OPTSTK,10.1,3121200,10.05,10.15,1152000,3600,7200,POWERGRID,280.0,PE,27-FEB-2025
2025-02-03 14:04:38.912220,POWERGRID27FEB25P280,OPTSTK,10.1,3121200,10.05,10.15,1152000,3600,7200,POWERGRID,280.0,PE,27-FEB-2025
2025-02-03 14:04:45.396933,POWERGRID27FEB25P280,OPTSTK,10.1,3121200,10.0,10.15,1152000,12600,12600,POWERGRID,280.0,PE,27-FEB-2025
2025-02-03 14:04:52.285241,POWERGRID27FEB25P280,OPTSTK,10.1,3121200,10.0,10.15,1152000,12600,12600,POWERGRID,280.0,PE,27-FEB-2025
2025-02-03 14:04:58.935353,POWERGRID27FEB25P280,OPTSTK,10.1,3121200,10.0,10.15,1152000,12600,12600,POWERGRID,280.0,PE,27-FEB-2025
2025-02-03 14:05:05.606740,POWERGRID27FEB25P280,OPTSTK,10.1,3121200,10.0,10.15,1152000,12600,12600,POWERGRID,280.0,PE,27-FEB-2025
2025-02-03 14:05:12.188737,POWERGRID27FEB25P280,OPTSTK,10.1,3121200,10.0,10.15,1152000,14400,12600,POWERGRID,280.0,PE,27-FEB-2025
2025-02-03 14:05:18.568047,POWERGRID27FEB25P280,OPTSTK,10.1,3121200,10.0,10.15,1152000,14400,12600,POWERGRID,280.0,PE,27-FEB-2025
2025-02-03 14:05:24.917560,POWERGRID27FEB25P280,OPTSTK,10.0,3121200,10.0,10.15,1153800,14400,12600,POWERGRID,280.0,PE,27-FEB-2025
2025-02-03 14:05:31.521283,POWERGRID27FEB25P280,OPTSTK,10.0,3121200,10.0,10.15,1153800,14400,12600,POWERGRID,280.0,PE,27-FEB-2025
2025-02-03 14:05:38.062273,POWERGRID27FEB25P280,OPTSTK,10.0,3123000,9.95,10.1,1153800,10800,12600,POWERGRID,280.0,PE,27-FEB-2025
2025-02-03 14:05:44.928848,POWERGRID27FEB25P280,OPTSTK,10.0,3123000,9.95,10.1,1153800,10800,12600,POWERGRID,280.0,PE,27-FEB-2025
2025-02-03 14:05:51.699318,POWERGRID27FEB25P280,OPTSTK,10.0,3123000,9.95,10.1,1153800,10800,12600,POWERGRID,280.0,PE,27-FEB-2025
2025-02-03 14:05:58.531886,POWERGRID27FEB25P280,OPTSTK,10.0,3123000,9.95,10.1,1153800,10800,12600,POWERGRID,280.0,PE,27-FEB-2025
2025-02-03 14:06:05.527342,POWERGRID27FEB25P280,OPTSTK,10.0,3123000,10.05,10.15,1153800,5400,1800,POWERGRID,280.0,PE,27-FEB-2025
2025-02-03 14:06:12.188012,POWERGRID27FEB25P280,OPTSTK,10.0,3123000,10.05,10.15,1153800,5400,1800,POWERGRID,280.0,PE,27-FEB-2025
2025-02-03 14:06:18.626014,POWERGRID27FEB25P280,OPTSTK,10.0,3123000,10.05,10.15,1153800,5400,1800,POWERGRID,280.0,PE,27-FEB-2025
2025-02-03 14:06:25.113023,POWERGRID27FEB25P280,OPTSTK,10.0,3123000,10.0,10.1,1153800,5400,1800,POWERGRID,280.0,PE,27-FEB-2025
2025-02-03 14:06:31.722145,POWERGRID27FEB25P280,OPTSTK,10.0,3123000,10.0,10.1,1153800,5400,1800,POWERGRID,280.0,PE,27-FEB-2025
2025-02-03 14:06:38.339126,POWERGRID27FEB25P280,OPTSTK,10.0,3123000,10.0,10.1,1153800,5400,1800,POWERGRID,280.0,PE,27-FEB-2025
2025-02-03 14:06:44.873106,POWERGRID27FEB25P280,OPTSTK,10.0,3123000,10.0,10.1,1153800,5400,1800,POWERGRID,280.0,PE,27-FEB-2025
2025-02-03 14:06:51.527902,POWERGRID27FEB25P280,OPTSTK,10.0,3128400,9.95,10.1,1153800,12600,7200,POWERGRID,280.0,PE,27-FEB-2025
2025-02-03 14:06:58.129772,POWERGRID27FEB25P280,OPTSTK,10.05,3128400,9.95,10.1,1153800,12600,7200,POWERGRID,280.0,PE,27-FEB-2025
2025-02-03 14:07:05.070753,POWERGRID27FEB25P280,OPTSTK,10.05,3128400,9.95,10.1,1153800,12600,7200,POWERGRID,280.0,PE,27-FEB-2025
2025-02-03 14:07:11.973269,POWERGRID27FEB25P280,OPTSTK,10.05,3128400,9.95,10.1,1153800,12600,7200,POWERGRID,280.0,PE,27-FEB-2025
2025-02-03 14:07:18.907353,POWERGRID27FEB25P280,OPTSTK,10.05,3130200,10.0,10.1,1153800,7200,1800,POWERGRID,280.0,PE,27-FEB-2025
2025-02-03 14:07:27.047797,POWERGRID27FEB25P280,OPTSTK,10.05,3130200,10.0,10.1,1153800,7200,1800,POWERGRID,280.0,PE,27-FEB-2025
2025-02-03 14:07:33.603165,POWERGRID27FEB25P280,OPTSTK,10.05,3130200,10.0,10.1,1153800,7200,1800,POWERGRID,280.0,PE,27-FEB-2025
2025-02-03 14:07:40.195306,POWERGRID27FEB25P280,OPTSTK,10.05,3130200,10.0,10.1,1153800,7200,1800,POWERGRID,280.0,PE,27-FEB-2025
2025-02-03 14:07:46.848182,POWERGRID27FEB25P280,OPTSTK,10.05,3130200,10.0,10.15,1153800,12600,5400,POWERGRID,280.0,PE,27-FEB-2025
2025-02-03 14:07:53.366852,POWERGRID27FEB25P280,OPTSTK,10.05,3130200,10.0,10.15,1153800,12600,5400,POWERGRID,280.0,PE,27-FEB-2025
2025-02-03 14:07:59.915704,POWERGRID27FEB25P280,OPTSTK,10.05,3130200,10.0,10.15,1153800,12600,5400,POWERGRID,280.0,PE,27-FEB-2025
2025-02-03 14:08:06.339235,POWERGRID27FEB25P280,OPTSTK,10.05,3130200,10.0,10.15,1153800,12600,5400,POWERGRID,280.0,PE,27-FEB-2025
2025-02-03 14:08:12.970806,POWERGRID27FEB25P280,OPTSTK,10.05,3130200,10.0,10.15,1153800,10800,7200,POWERGRID,280.0,PE,27-FEB-2025
2025-02-03 14:08:19.349097,POWERGRID27FEB25P280,OPTSTK,10.05,3130200,10.0,10.15,1153800,10800,7200,POWERGRID,280.0,PE,27-FEB-2025
2025-02-03 14:08:25.757041,POWERGRID27FEB25P280,OPTSTK,10.05,3130200,10.0,10.15,1153800,10800,7200,POWERGRID,280.0,PE,27-FEB-2025
2025-02-03 14:08:32.420137,POWERGRID27FEB25P280,OPTSTK,10.05,3130200,10.0,10.15,1153800,10800,7200,POWERGRID,280.0,PE,27-FEB-2025
2025-02-03 14:08:38.956554,POWERGRID27FEB25P280,OPTSTK,10.05,3130200,10.05,10.15,1153800,3600,5400,POWERGRID,280.0,PE,27-FEB-2025
2025-02-03 14:08:45.581895,POWERGRID27FEB25P280,OPTSTK,10.05,3130200,10.05,10.15,1153800,3600,5400,POWERGRID,280.0,PE,27-FEB-2025
2025-02-03 14:08:52.187410,POWERGRID27FEB25P280,OPTSTK,10.05,3130200,10.05,10.15,1153800,3600,5400,POWERGRID,280.0,PE,27-FEB-2025
2025-02-03 14:08:58.745204,POWERGRID27FEB25P280,OPTSTK,10.05,3130200,10.05,10.15,1153800,3600,5400,POWERGRID,280.0,PE,27-FEB-2025
2025-02-03 14:09:05.386928,POWERGRID27FEB25P280,OPTSTK,10.05,3130200,10.05,10.15,1153800,3600,1800,POWERGRID,280.0,PE,27-FEB-2025
2025-02-03 14:09:12.174730,POWERGRID27FEB25P280,OPTSTK,10.05,3130200,10.05,10.15,1153800,3600,1800,POWERGRID,280.0,PE,27-FEB-2025
2025-02-03 14:09:18.698972,POWERGRID27FEB25P280,OPTSTK,10.05,3130200,10.05,10.15,1153800,3600,1800,POWERGRID,280.0,PE,27-FEB-2025
2025-02-03 14:09:25.333088,POWERGRID27FEB25P280,OPTSTK,10.05,3130200,10.05,10.15,1153800,3600,1800,POWERGRID,280.0,PE,27-FEB-2025
2025-02-03 14:09:31.752539,POWERGRID27FEB25P280,OPTSTK,10.05,3130200,10.05,10.15,1153800,3600,9000,POWERGRID,280.0,PE,27-FEB-2025
2025-02-03 14:09:38.517468,POWERGRID27FEB25P280,OPTSTK,10.05,3130200,10.05,10.15,1153800,3600,9000,POWERGRID,280.0,PE,27-FEB-2025
2025-02-03 14:09:45.156672,POWERGRID27FEB25P280,OPTSTK,10.05,3130200,10.05,10.15,1153800,3600,9000,POWERGRID,280.0,PE,27-FEB-2025
2025-02-03 14:09:51.629705,POWERGRID27FEB25P280,OPTSTK,10.05,3130200,10.05,10.1,1153800,7200,1800,POWERGRID,280.0,PE,27-FEB-2025
2025-02-03 14:09:58.125498,POWERGRID27FEB25P280,OPTSTK,10.1,3130200,10.05,10.1,1155600,7200,1800,POWERGRID,280.0,PE,27-FEB-2025
2025-02-03 14:10:04.641849,POWERGRID27FEB25P280,OPTSTK,10.1,3130200,10.05,10.1,1155600,7200,1800,POWERGRID,280.0,PE,27-FEB-2025
2025-02-03 14:10:11.153677,POWERGRID27FEB25P280,OPTSTK,10.1,3130200,10.05,10.1,1155600,7200,1800,POWERGRID,280.0,PE,27-FEB-2025
2025-02-03 14:10:17.622594,POWERGRID27FEB25P280,OPTSTK,10.1,3132000,10.1,10.15,1155600,5400,1800,POWERGRID,280.0,PE,27-FEB-2025
2025-02-03 14:10:24.677624,POWERGRID27FEB25P280,OPTSTK,10.1,3132000,10.1,10.15,1155600,5400,1800,POWERGRID,280.0,PE,27-FEB-2025
2025-02-03 14:10:31.148643,POWERGRID27FEB25P280,OPTSTK,10.15,3132000,10.1,10.15,1155600,5400,1800,POWERGRID,280.0,PE,27-FEB-2025
2025-02-03 14:10:37.864150,POWERGRID27FEB25P280,OPTSTK,10.15,3132000,10.1,10.15,1155600,5400,1800,POWERGRID,280.0,PE,27-FEB-2025
2025-02-03 14:10:44.499000,POWERGRID27FEB25P280,OPTSTK,10.15,3137400,10.1,10.2,1155600,5400,14400,POWERGRID,280.0,PE,27-FEB-2025
2025-02-03 14:10:51.635782,POWERGRID27FEB25P280,OPTSTK,10.15,3137400,10.1,10.2,1155600,5400,14400,POWERGRID,280.0,PE,27-FEB-2025
2025-02-03 14:10:57.989788,POWERGRID27FEB25P280,OPTSTK,10.1,3137400,10.1,10.2,1155600,5400,14400,POWERGRID,280.0,PE,27-FEB-2025
2025-02-03 14:11:04.402633,POWERGRID27FEB25P280,OPTSTK,10.1,3144600,10.05,10.15,1155600,12600,5400,POWERGRID,280.0,PE,27-FEB-2025
2025-02-03 14:11:10.919183,POWERGRID27FEB25P280,OPTSTK,10.1,3144600,10.05,10.15,1155600,12600,5400,POWERGRID,280.0,PE,27-FEB-2025
2025-02-03 14:11:17.371689,POWERGRID27FEB25P280,OPTSTK,10.1,3144600,10.05,10.15,1155600,12600,5400,POWERGRID,280.0,PE,27-FEB-2025
2025-02-03 14:11:23.722326,POWERGRID27FEB25P280,OPTSTK,10.1,3144600,10.05,10.15,1155600,12600,5400,POWERGRID,280.0,PE,27-FEB-2025
2025-02-03 14:11:30.019813,POWERGRID27FEB25P280,OPTSTK,10.1,3144600,10.05,10.15,1155600,9000,5400,POWERGRID,280.0,PE,27-FEB-2025
2025-02-03 14:11:36.373864,POWERGRID27FEB25P280,OPTSTK,10.1,3144600,10.05,10.15,1155600,9000,5400,POWERGRID,280.0,PE,27-FEB-2025
2025-02-03 14:11:42.768173,POWERGRID27FEB25P280,OPTSTK,10.05,3144600,10.05,10.15,1155600,9000,5400,POWERGRID,280.0,PE,27-FEB-2025
2025-02-03 14:11:49.117140,POWERGRID27FEB25P280,OPTSTK,10.05,3144600,10.05,10.15,1155600,9000,5400,POWERGRID,280.0,PE,27-FEB-2025
2025-02-03 14:11:55.466249,POWERGRID27FEB25P280,OPTSTK,10.05,3146400,10.05,10.1,1155600,1800,3600,POWERGRID,280.0,PE,27-FEB-2025
2025-02-03 14:12:03.265323,POWERGRID27FEB25P280,OPTSTK,10.05,3146400,10.05,10.1,1155600,1800,3600,POWERGRID,280.0,PE,27-FEB-2025
2025-02-03 14:12:09.684076,POWERGRID27FEB25P280,OPTSTK,10.05,3146400,10.05,10.1,1155600,1800,3600,POWERGRID,280.0,PE,27-FEB-2025
2025-02-03 14:12:16.213480,POWERGRID27FEB25P280,OPTSTK,10.05,3150000,9.9,10.05,1155600,16200,9000,POWERGRID,280.0,PE,27-FEB-2025
2025-02-03 14:12:22.567464,POWERGRID27FEB25P280,OPTSTK,10.05,3150000,9.9,10.05,1155600,16200,9000,POWERGRID,280.0,PE,27-FEB-2025
2025-02-03 14:12:29.126965,POWERGRID27FEB25P280,OPTSTK,10.0,3150000,9.9,10.05,1155600,16200,9000,POWERGRID,280.0,PE,27-FEB-2025
2025-02-03 14:12:35.569249,POWERGRID27FEB25P280,OPTSTK,10.0,3150000,9.9,10.05,1155600,16200,9000,POWERGRID,280.0,PE,27-FEB-2025
2025-02-03 14:12:42.019830,POWERGRID27FEB25P280,OPTSTK,10.0,3151800,9.9,10.0,1155600,5400,7200,POWERGRID,280.0,PE,27-FEB-2025
2025-02-03 14:12:48.526007,POWERGRID27FEB25P280,OPTSTK,10.0,3151800,9.9,10.0,1155600,5400,7200,POWERGRID,280.0,PE,27-FEB-2025
2025-02-03 14:12:54.832102,POWERGRID27FEB25P280,OPTSTK,9.9,3151800,9.9,10.0,1155600,5400,7200,POWERGRID,280.0,PE,27-FEB-2025
2025-02-03 14:13:01.325843,POWERGRID27FEB25P280,OPTSTK,9.9,3151800,9.9,10.0,1155600,5400,7200,POWERGRID,280.0,PE,27-FEB-2025
2025-02-03 14:13:07.600670,POWERGRID27FEB25P280,OPTSTK,9.9,3159000,9.85,10.0,1155600,16200,7200,POWERGRID,280.0,PE,27-FEB-2025
2025-02-03 14:13:14.219278,POWERGRID27FEB25P280,OPTSTK,9.9,3159000,9.85,10.0,1155600,16200,7200,POWERGRID,280.0,PE,27-FEB-2025
2025-02-03 14:13:20.576908,POWERGRID27FEB25P280,OPTSTK,9.9,3159000,9.85,10.0,1155600,16200,7200,POWERGRID,280.0,PE,27-FEB-2025
2025-02-03 14:13:26.992615,POWERGRID27FEB25P280,OPTSTK,9.9,3159000,9.85,10.0,1155600,16200,7200,POWERGRID,280.0,PE,27-FEB-2025
2025-02-03 14:13:33.469710,POWERGRID27FEB25P280,OPTSTK,9.9,3159000,9.9,10.05,1155600,10800,5400,POWERGRID,280.0,PE,27-FEB-2025
2025-02-03 14:13:40.266719,POWERGRID27FEB25P280,OPTSTK,9.9,3159000,9.9,10.05,1155600,10800,5400,POWERGRID,280.0,PE,27-FEB-2025
2025-02-03 14:13:46.807203,POWERGRID27FEB25P280,OPTSTK,9.9,3159000,9.9,10.05,1155600,10800,5400,POWERGRID,280.0,PE,27-FEB-2025
2025-02-03 14:13:53.126898,POWERGRID27FEB25P280,OPTSTK,9.9,3159000,9.9,10.05,1155600,10800,5400,POWERGRID,280.0,PE,27-FEB-2025
2025-02-03 14:13:59.590493,POWERGRID27FEB25P280,OPTSTK,9.9,3159000,9.95,10.05,1155600,10800,1800,POWERGRID,280.0,PE,27-FEB-2025
2025-02-03 14:14:06.075387,POWERGRID27FEB25P280,OPTSTK,9.9,3159000,9.95,10.05,1155600,10800,1800,POWERGRID,280.0,PE,27-FEB-2025
2025-02-03 14:14:12.288538,POWERGRID27FEB25P280,OPTSTK,9.9,3159000,9.95,10.05,1155600,10800,1800,POWERGRID,280.0,PE,27-FEB-2025
2025-02-03 14:14:18.860145,POWERGRID27FEB25P280,OPTSTK,9.9,3159000,9.95,10.05,1155600,10800,1800,POWERGRID,280.0,PE,27-FEB-2025
2025-02-03 14:14:25.137973,POWERGRID27FEB25P280,OPTSTK,9.9,3159000,10.0,10.1,1155600,12600,1800,POWERGRID,280.0,PE,27-FEB-2025
2025-02-03 14:14:31.588721,POWERGRID27FEB25P280,OPTSTK,9.9,3159000,10.0,10.1,1155600,12600,1800,POWERGRID,280.0,PE,27-FEB-2025
2025-02-03 14:14:38.194900,POWERGRID27FEB25P280,OPTSTK,9.9,3159000,10.0,10.1,1155600,12600,1800,POWERGRID,280.0,PE,27-FEB-2025
2025-02-03 14:14:44.505210,POWERGRID27FEB25P280,OPTSTK,9.9,3159000,10.0,10.1,1155600,12600,1800,POWERGRID,280.0,PE,27-FEB-2025
2025-02-03 14:14:50.896037,POWERGRID27FEB25P280,OPTSTK,9.9,3159000,10.0,10.1,1155600,12600,1800,POWERGRID,280.0,PE,27-FEB-2025
2025-02-03 14:14:56.985916,POWERGRID27FEB25P280,OPTSTK,9.9,3159000,10.0,10.1,1155600,12600,1800,POWERGRID,280.0,PE,27-FEB-2025
2025-02-03 14:15:03.324313,POWERGRID27FEB25P280,OPTSTK,9.9,3159000,10.0,10.1,1155600,12600,1800,POWERGRID,280.0,PE,27-FEB-2025
2025-02-03 14:15:09.640180,POWERGRID27FEB25P280,OPTSTK,9.9,3159000,10.0,10.1,1155600,12600,1800,POWERGRID,280.0,PE,27-FEB-2025
2025-02-03 14:15:15.996442,POWERGRID27FEB25P280,OPTSTK,9.9,3159000,10.0,10.1,1155600,10800,1800,POWERGRID,280.0,PE,27-FEB-2025
2025-02-03 14:15:22.417709,POWERGRID27FEB25P280,OPTSTK,9.9,3159000,10.0,10.1,1155600,10800,1800,POWERGRID,280.0,PE,27-FEB-2025
2025-02-03 14:15:28.813679,POWERGRID27FEB25P280,OPTSTK,9.9,3159000,10.0,10.1,1155600,10800,1800,POWERGRID,280.0,PE,27-FEB-2025
2025-02-03 14:15:35.155085,POWERGRID27FEB25P280,OPTSTK,10.0,3159000,10.0,10.1,1159200,10800,1800,POWERGRID,280.0,PE,27-FEB-2025
2025-02-03 14:15:41.530617,POWERGRID27FEB25P280,OPTSTK,10.0,3169800,9.9,10.0,1159200,9000,3600,POWERGRID,280.0,PE,27-FEB-2025
2025-02-03 14:15:47.688534,POWERGRID27FEB25P280,OPTSTK,9.9,3169800,9.9,10.0,1159200,9000,3600,POWERGRID,280.0,PE,27-FEB-2025
2025-02-03 14:15:54.032739,POWERGRID27FEB25P280,OPTSTK,9.9,3169800,9.9,10.0,1159200,9000,3600,POWERGRID,280.0,PE,27-FEB-2025
2025-02-03 14:16:00.437682,POWERGRID27FEB25P280,OPTSTK,9.9,3169800,9.9,10.0,1159200,9000,3600,POWERGRID,280.0,PE,27-FEB-2025
2025-02-03 14:16:06.904254,POWERGRID27FEB25P280,OPTSTK,9.9,3175200,9.85,9.9,1159200,1800,3600,POWERGRID,280.0,PE,27-FEB-2025
2025-02-03 14:16:13.207514,POWERGRID27FEB25P280,OPTSTK,9.9,3175200,9.85,9.9,1159200,1800,3600,POWERGRID,280.0,PE,27-FEB-2025
2025-02-03 14:16:19.746838,POWERGRID27FEB25P280,OPTSTK,9.9,3175200,9.85,9.9,1159200,1800,3600,POWERGRID,280.0,PE,27-FEB-2025
2025-02-03 14:16:26.001939,POWERGRID27FEB25P280,OPTSTK,9.9,3175200,9.85,9.9,1159200,1800,3600,POWERGRID,280.0,PE,27-FEB-2025
2025-02-03 14:16:32.358741,POWERGRID27FEB25P280,OPTSTK,9.9,3175200,9.85,9.9,1159200,3600,1800,POWERGRID,280.0,PE,27-FEB-2025
2025-02-03 14:16:38.592847,POWERGRID27FEB25P280,OPTSTK,9.9,3175200,9.85,9.9,1159200,3600,1800,POWERGRID,280.0,PE,27-FEB-2025
2025-02-03 14:16:44.806251,POWERGRID27FEB25P280,OPTSTK,9.9,3175200,9.85,9.9,1159200,3600,1800,POWERGRID,280.0,PE,27-FEB-2025
2025-02-03 14:16:51.169441,POWERGRID27FEB25P280,OPTSTK,9.9,3175200,9.85,9.9,1164600,3600,1800,POWERGRID,280.0,PE,27-FEB-2025
2025-02-03 14:16:57.602023,POWERGRID27FEB25P280,OPTSTK,9.9,3177000,9.85,9.95,1164600,1800,10800,POWERGRID,280.0,PE,27-FEB-2025
2025-02-03 14:17:03.871422,POWERGRID27FEB25P280,OPTSTK,9.9,3177000,9.85,9.95,1164600,1800,10800,POWERGRID,280.0,PE,27-FEB-2025
2025-02-03 14:17:10.220158,POWERGRID27FEB25P280,OPTSTK,9.9,3177000,9.85,9.95,1164600,1800,10800,POWERGRID,280.0,PE,27-FEB-2025
2025-02-03 14:17:16.509502,POWERGRID27FEB25P280,OPTSTK,9.8,3177000,9.85,9.95,1164600,1800,10800,POWERGRID,280.0,PE,27-FEB-2025
2025-02-03 14:17:22.869598,POWERGRID27FEB25P280,OPTSTK,9.8,3178800,9.8,9.9,1164600,3600,3600,POWERGRID,280.0,PE,27-FEB-2025
2025-02-03 14:17:29.275655,POWERGRID27FEB25P280,OPTSTK,9.9,3178800,9.8,9.9,1164600,3600,3600,POWERGRID,280.0,PE,27-FEB-2025
2025-02-03 14:17:35.676871,POWERGRID27FEB25P280,OPTSTK,9.9,3178800,9.8,9.9,1164600,3600,3600,POWERGRID,280.0,PE,27-FEB-2025
2025-02-03 14:17:41.980320,POWERGRID27FEB25P280,OPTSTK,9.9,3178800,9.8,9.9,1164600,3600,3600,POWERGRID,280.0,PE,27-FEB-2025
2025-02-03 14:17:48.309903,POWERGRID27FEB25P280,OPTSTK,9.75,3180600,9.8,9.9,1164600,1800,10800,POWERGRID,280.0,PE,27-FEB-2025
2025-02-03 14:17:54.502291,POWERGRID27FEB25P280,OPTSTK,9.75,3180600,9.8,9.9,1164600,1800,10800,POWERGRID,280.0,PE,27-FEB-2025
2025-02-03 14:18:01.061538,POWERGRID27FEB25P280,OPTSTK,9.75,3180600,9.8,9.9,1164600,1800,10800,POWERGRID,280.0,PE,27-FEB-2025
2025-02-03 14:18:07.325681,POWERGRID27FEB25P280,OPTSTK,9.75,3180600,9.8,9.9,1164600,1800,10800,POWERGRID,280.0,PE,27-FEB-2025
2025-02-03 14:18:13.787494,POWERGRID27FEB25P280,OPTSTK,9.75,3187800,9.75,9.85,1164600,10800,1800,POWERGRID,280.0,PE,27-FEB-2025
2025-02-03 14:18:20.142414,POWERGRID27FEB25P280,OPTSTK,9.75,3187800,9.75,9.85,1164600,10800,1800,POWERGRID,280.0,PE,27-FEB-2025
2025-02-03 14:18:26.469226,POWERGRID27FEB25P280,OPTSTK,9.75,3187800,9.75,9.85,1164600,10800,1800,POWERGRID,280.0,PE,27-FEB-2025
2025-02-03 14:18:33.783145,POWERGRID27FEB25P280,OPTSTK,9.75,3187800,9.6,9.75,1164600,10800,12600,POWERGRID,280.0,PE,27-FEB-2025
2025-02-03 14:18:40.065458,POWERGRID27FEB25P280,OPTSTK,9.75,3187800,9.6,9.75,1164600,10800,12600,POWERGRID,280.0,PE,27-FEB-2025
2025-02-03 14:18:46.439507,POWERGRID27FEB25P280,OPTSTK,9.75,3187800,9.6,9.75,1164600,10800,12600,POWERGRID,280.0,PE,27-FEB-2025
2025-02-03 14:18:52.796273,POWERGRID27FEB25P280,OPTSTK,9.65,3187800,9.6,9.75,1164600,10800,12600,POWERGRID,280.0,PE,27-FEB-2025
2025-02-03 14:18:59.231526,POWERGRID27FEB25P280,OPTSTK,9.65,3196800,9.6,9.75,1164600,12600,14400,POWERGRID,280.0,PE,27-FEB-2025
2025-02-03 14:19:05.563743,POWERGRID27FEB25P280,OPTSTK,9.65,3196800,9.6,9.75,1164600,12600,14400,POWERGRID,280.0,PE,27-FEB-2025
2025-02-03 14:19:11.989450,POWERGRID27FEB25P280,OPTSTK,9.65,3196800,9.6,9.75,1164600,12600,14400,POWERGRID,280.0,PE,27-FEB-2025
2025-02-03 14:19:18.352322,POWERGRID27FEB25P280,OPTSTK,9.65,3196800,9.6,9.75,1164600,12600,14400,POWERGRID,280.0,PE,27-FEB-2025
2025-02-03 14:19:25.658066,POWERGRID27FEB25P280,OPTSTK,9.65,3196800,9.55,9.65,1164600,1800,7200,POWERGRID,280.0,PE,27-FEB-2025
2025-02-03 14:19:31.892220,POWERGRID27FEB25P280,OPTSTK,9.65,3196800,9.55,9.65,1164600,1800,7200,POWERGRID,280.0,PE,27-FEB-2025
2025-02-03 14:19:38.314280,POWERGRID27FEB25P280,OPTSTK,9.65,3196800,9.55,9.65,1164600,1800,7200,POWERGRID,280.0,PE,27-FEB-2025
2025-02-03 14:19:44.691968,POWERGRID27FEB25P280,OPTSTK,9.65,3196800,9.55,9.65,1164600,1800,7200,POWERGRID,280.0,PE,27-FEB-2025
2025-02-03 14:19:51.151722,POWERGRID27FEB25P280,OPTSTK,9.65,3196800,9.5,9.65,1164600,16200,7200,POWERGRID,280.0,PE,27-FEB-2025
2025-02-03 14:19:57.480237,POWERGRID27FEB25P280,OPTSTK,9.65,3196800,9.5,9.65,1164600,16200,7200,POWERGRID,280.0,PE,27-FEB-2025
2025-02-03 14:20:03.879594,POWERGRID27FEB25P280,OPTSTK,9.65,3196800,9.5,9.65,1164600,16200,7200,POWERGRID,280.0,PE,27-FEB-2025
2025-02-03 14:20:10.204055,POWERGRID27FEB25P280,OPTSTK,9.6,3196800,9.5,9.65,1164600,16200,7200,POWERGRID,280.0,PE,27-FEB-2025
2025-02-03 14:20:16.384545,POWERGRID27FEB25P280,OPTSTK,9.6,3198600,9.6,9.7,1164600,5400,1800,POWERGRID,280.0,PE,27-FEB-2025
2025-02-03 14:20:22.806691,POWERGRID27FEB25P280,OPTSTK,9.6,3198600,9.6,9.7,1164600,5400,1800,POWERGRID,280.0,PE,27-FEB-2025
2025-02-03 14:20:29.083621,POWERGRID27FEB25P280,OPTSTK,9.6,3198600,9.6,9.7,1164600,5400,1800,POWERGRID,280.0,PE,27-FEB-2025
2025-02-03 14:20:35.574750,POWERGRID27FEB25P280,OPTSTK,9.6,3198600,9.6,9.7,1164600,5400,1800,POWERGRID,280.0,PE,27-FEB-2025
2025-02-03 14:20:41.868349,POWERGRID27FEB25P280,OPTSTK,9.6,3198600,9.6,9.7,1164600,1800,3600,POWERGRID,280.0,PE,27-FEB-2025
2025-02-03 14:20:48.393508,POWERGRID27FEB25P280,OPTSTK,9.6,3198600,9.6,9.7,1164600,1800,3600,POWERGRID,280.0,PE,27-FEB-2025
2025-02-03 14:20:54.714149,POWERGRID27FEB25P280,OPTSTK,9.6,3198600,9.6,9.7,1164600,1800,3600,POWERGRID,280.0,PE,27-FEB-2025
2025-02-03 14:21:01.140392,POWERGRID27FEB25P280,OPTSTK,9.6,3198600,9.6,9.7,1164600,1800,3600,POWERGRID,280.0,PE,27-FEB-2025
2025-02-03 14:21:07.633405,POWERGRID27FEB25P280,OPTSTK,9.6,3198600,9.65,9.75,1164600,1800,7200,POWERGRID,280.0,PE,27-FEB-2025
2025-02-03 14:21:13.900833,POWERGRID27FEB25P280,OPTSTK,9.7,3198600,9.65,9.75,1164600,1800,7200,POWERGRID,280.0,PE,27-FEB-2025
2025-02-03 14:21:20.299601,POWERGRID27FEB25P280,OPTSTK,9.7,3198600,9.65,9.75,1164600,1800,7200,POWERGRID,280.0,PE,27-FEB-2025
2025-02-03 14:21:26.698536,POWERGRID27FEB25P280,OPTSTK,9.7,3198600,9.65,9.75,1164600,1800,7200,POWERGRID,280.0,PE,27-FEB-2025
2025-02-03 14:21:33.048741,POWERGRID27FEB25P280,OPTSTK,9.7,3200400,9.7,9.8,1164600,3600,5400,POWERGRID,280.0,PE,27-FEB-2025
2025-02-03 14:21:39.378277,POWERGRID27FEB25P280,OPTSTK,9.7,3200400,9.7,9.8,1164600,3600,5400,POWERGRID,280.0,PE,27-FEB-2025
2025-02-03 14:21:45.857745,POWERGRID27FEB25P280,OPTSTK,9.7,3200400,9.7,9.8,1164600,3600,5400,POWERGRID,280.0,PE,27-FEB-2025
2025-02-03 14:21:52.196113,POWERGRID27FEB25P280,OPTSTK,9.7,3200400,9.7,9.8,1164600,3600,5400,POWERGRID,280.0,PE,27-FEB-2025
2025-02-03 14:21:58.550929,POWERGRID27FEB25P280,OPTSTK,9.7,3200400,9.7,9.8,1164600,1800,7200,POWERGRID,280.0,PE,27-FEB-2025
2025-02-03 14:22:05.008635,POWERGRID27FEB25P280,OPTSTK,9.7,3200400,9.7,9.8,1164600,1800,7200,POWERGRID,280.0,PE,27-FEB-2025
2025-02-03 14:22:11.375002,POWERGRID27FEB25P280,OPTSTK,9.7,3200400,9.7,9.8,1164600,1800,7200,POWERGRID,280.0,PE,27-FEB-2025
2025-02-03 14:22:17.759895,POWERGRID27FEB25P280,OPTSTK,9.7,3202200,9.65,9.8,1164600,7200,7200,POWERGRID,280.0,PE,27-FEB-2025
2025-02-03 14:22:24.147150,POWERGRID27FEB25P280,OPTSTK,9.7,3202200,9.65,9.8,1164600,7200,7200,POWERGRID,280.0,PE,27-FEB-2025
2025-02-03 14:22:30.616036,POWERGRID27FEB25P280,OPTSTK,9.7,3202200,9.65,9.8,1164600,7200,7200,POWERGRID,280.0,PE,27-FEB-2025
2025-02-03 14:22:36.947860,POWERGRID27FEB25P280,OPTSTK,9.7,3202200,9.65,9.8,1164600,7200,7200,POWERGRID,280.0,PE,27-FEB-2025
2025-02-03 14:22:43.227248,POWERGRID27FEB25P280,OPTSTK,9.7,3202200,9.55,9.65,1164600,3600,5400,POWERGRID,280.0,PE,27-FEB-2025
2025-02-03 14:22:49.805927,POWERGRID27FEB25P280,OPTSTK,9.7,3202200,9.55,9.65,1164600,3600,5400,POWERGRID,280.0,PE,27-FEB-2025
2025-02-03 14:22:56.094716,POWERGRID27FEB25P280,OPTSTK,9.7,3202200,9.55,9.65,1164600,3600,5400,POWERGRID,280.0,PE,27-FEB-2025
2025-02-03 14:23:02.603249,POWERGRID27FEB25P280,OPTSTK,9.7,3202200,9.55,9.65,1164600,3600,5400,POWERGRID,280.0,PE,27-FEB-2025
2025-02-03 14:23:08.774480,POWERGRID27FEB25P280,OPTSTK,9.7,3202200,9.6,9.75,1164600,12600,9000,POWERGRID,280.0,PE,27-FEB-2025
2025-02-03 14:23:16.094885,POWERGRID27FEB25P280,OPTSTK,9.7,3202200,9.6,9.75,1164600,12600,9000,POWERGRID,280.0,PE,27-FEB-2025
2025-02-03 14:23:22.556367,POWERGRID27FEB25P280,OPTSTK,9.7,3202200,9.6,9.75,1164600,12600,9000,POWERGRID,280.0,PE,27-FEB-2025
2025-02-03 14:23:28.811035,POWERGRID27FEB25P280,OPTSTK,9.7,3202200,9.6,9.75,1164600,12600,9000,POWERGRID,280.0,PE,27-FEB-2025
2025-02-03 14:23:35.232020,POWERGRID27FEB25P280,OPTSTK,9.7,3202200,9.65,9.75,1164600,3600,3600,POWERGRID,280.0,PE,27-FEB-2025
2025-02-03 14:23:41.622494,POWERGRID27FEB25P280,OPTSTK,9.7,3202200,9.65,9.75,1164600,3600,3600,POWERGRID,280.0,PE,27-FEB-2025
2025-02-03 14:23:48.077381,POWERGRID27FEB25P280,OPTSTK,9.7,3202200,9.65,9.75,1164600,3600,3600,POWERGRID,280.0,PE,27-FEB-2025
2025-02-03 14:23:54.622635,POWERGRID27FEB25P280,OPTSTK,9.7,3202200,9.65,9.75,1164600,3600,3600,POWERGRID,280.0,PE,27-FEB-2025
2025-02-03 14:24:00.974274,POWERGRID27FEB25P280,OPTSTK,9.7,3202200,9.65,9.75,1164600,1800,9000,POWERGRID,280.0,PE,27-FEB-2025
2025-02-03 14:24:07.622365,POWERGRID27FEB25P280,OPTSTK,9.65,3202200,9.65,9.75,1166400,1800,9000,POWERGRID,280.0,PE,27-FEB-2025
2025-02-03 14:24:13.816090,POWERGRID27FEB25P280,OPTSTK,9.65,3202200,9.65,9.75,1166400,1800,9000,POWERGRID,280.0,PE,27-FEB-2025
2025-02-03 14:24:20.182534,POWERGRID27FEB25P280,OPTSTK,9.65,3202200,9.65,9.75,1166400,1800,9000,POWERGRID,280.0,PE,27-FEB-2025
2025-02-03 14:24:26.450151,POWERGRID27FEB25P280,OPTSTK,9.65,3204000,9.6,9.75,1166400,10800,10800,POWERGRID,280.0,PE,27-FEB-2025
2025-02-03 14:24:32.828461,POWERGRID27FEB25P280,OPTSTK,9.65,3204000,9.6,9.75,1166400,10800,10800,POWERGRID,280.0,PE,27-FEB-2025
2025-02-03 14:24:39.417156,POWERGRID27FEB25P280,OPTSTK,9.65,3204000,9.6,9.75,1166400,10800,10800,POWERGRID,280.0,PE,27-FEB-2025
2025-02-03 14:24:45.929552,POWERGRID27FEB25P280,OPTSTK,9.65,3204000,9.6,9.75,1166400,10800,10800,POWERGRID,280.0,PE,27-FEB-2025
2025-02-03 14:24:52.386829,POWERGRID27FEB25P280,OPTSTK,9.65,3204000,9.55,9.7,1166400,10800,5400,POWERGRID,280.0,PE,27-FEB-2025
2025-02-03 14:24:58.940481,POWERGRID27FEB25P280,OPTSTK,9.65,3204000,9.55,9.7,1166400,10800,5400,POWERGRID,280.0,PE,27-FEB-2025
2025-02-03 14:25:05.504098,POWERGRID27FEB25P280,OPTSTK,9.65,3204000,9.55,9.7,1166400,10800,5400,POWERGRID,280.0,PE,27-FEB-2025
2025-02-03 14:25:11.916349,POWERGRID27FEB25P280,OPTSTK,9.65,3204000,9.55,9.7,1166400,10800,5400,POWERGRID,280.0,PE,27-FEB-2025
2025-02-03 14:25:18.345099,POWERGRID27FEB25P280,OPTSTK,9.65,3204000,9.55,9.65,1166400,16200,3600,POWERGRID,280.0,PE,27-FEB-2025
2025-02-03 14:25:24.951414,POWERGRID27FEB25P280,OPTSTK,9.65,3204000,9.55,9.65,1166400,16200,3600,POWERGRID,280.0,PE,27-FEB-2025
2025-02-03 14:25:31.313438,POWERGRID27FEB25P280,OPTSTK,9.65,3204000,9.55,9.65,1166400,16200,3600,POWERGRID,280.0,PE,27-FEB-2025
2025-02-03 14:25:37.786398,POWERGRID27FEB25P280,OPTSTK,9.65,3204000,9.55,9.6,1166400,5400,1800,POWERGRID,280.0,PE,27-FEB-2025
2025-02-03 14:25:44.199325,POWERGRID27FEB25P280,OPTSTK,9.65,3204000,9.55,9.6,1166400,5400,1800,POWERGRID,280.0,PE,27-FEB-2025
2025-02-03 14:25:50.602499,POWERGRID27FEB25P280,OPTSTK,9.65,3204000,9.55,9.6,1166400,5400,1800,POWERGRID,280.0,PE,27-FEB-2025
2025-02-03 14:25:57.141453,POWERGRID27FEB25P280,OPTSTK,9.65,3204000,9.55,9.6,1166400,5400,1800,POWERGRID,280.0,PE,27-FEB-2025
2025-02-03 14:26:03.584667,POWERGRID27FEB25P280,OPTSTK,9.65,3214800,9.55,9.65,1166400,12600,5400,POWERGRID,280.0,PE,27-FEB-2025
2025-02-03 14:26:10.062924,POWERGRID27FEB25P280,OPTSTK,9.65,3214800,9.55,9.65,1166400,12600,5400,POWERGRID,280.0,PE,27-FEB-2025
2025-02-03 14:26:16.906081,POWERGRID27FEB25P280,OPTSTK,9.65,3214800,9.55,9.65,1166400,12600,5400,POWERGRID,280.0,PE,27-FEB-2025
2025-02-03 14:26:23.433560,POWERGRID27FEB25P280,OPTSTK,9.65,3214800,9.55,9.65,1166400,12600,5400,POWERGRID,280.0,PE,27-FEB-2025
2025-02-03 14:26:29.827862,POWERGRID27FEB25P280,OPTSTK,9.65,3216600,9.6,9.65,1166400,1800,1800,POWERGRID,280.0,PE,27-FEB-2025
2025-02-03 14:26:36.256269,POWERGRID27FEB25P280,OPTSTK,9.65,3216600,9.6,9.65,1166400,1800,1800,POWERGRID,280.0,PE,27-FEB-2025
2025-02-03 14:26:42.600440,POWERGRID27FEB25P280,OPTSTK,9.65,3216600,9.6,9.65,1166400,1800,1800,POWERGRID,280.0,PE,27-FEB-2025
2025-02-03 14:26:49.095965,POWERGRID27FEB25P280,OPTSTK,9.65,3216600,9.6,9.65,1166400,1800,1800,POWERGRID,280.0,PE,27-FEB-2025
2025-02-03 14:26:55.484364,POWERGRID27FEB25P280,OPTSTK,9.6,3216600,9.55,9.6,1166400,10800,1800,POWERGRID,280.0,PE,27-FEB-2025
2025-02-03 14:27:02.018597,POWERGRID27FEB25P280,OPTSTK,9.6,3216600,9.55,9.6,1166400,10800,1800,POWERGRID,280.0,PE,27-FEB-2025
2025-02-03 14:27:08.348090,POWERGRID27FEB25P280,OPTSTK,9.6,3216600,9.55,9.6,1166400,10800,1800,POWERGRID,280.0,PE,27-FEB-2025
2025-02-03 14:27:14.496367,POWERGRID27FEB25P280,OPTSTK,9.6,3218400,9.55,9.65,1166400,9000,5400,POWERGRID,280.0,PE,27-FEB-2025
2025-02-03 14:27:20.878685,POWERGRID27FEB25P280,OPTSTK,9.6,3218400,9.55,9.65,1166400,9000,5400,POWERGRID,280.0,PE,27-FEB-2025
2025-02-03 14:27:27.355096,POWERGRID27FEB25P280,OPTSTK,9.6,3218400,9.55,9.65,1166400,9000,5400,POWERGRID,280.0,PE,27-FEB-2025
2025-02-03 14:27:33.744027,POWERGRID27FEB25P280,OPTSTK,9.6,3218400,9.55,9.65,1166400,9000,5400,POWERGRID,280.0,PE,27-FEB-2025
2025-02-03 14:27:40.052049,POWERGRID27FEB25P280,OPTSTK,9.6,3218400,9.65,9.75,1166400,5400,7200,POWERGRID,280.0,PE,27-FEB-2025
2025-02-03 14:27:46.586521,POWERGRID27FEB25P280,OPTSTK,9.6,3218400,9.65,9.75,1166400,5400,7200,POWERGRID,280.0,PE,27-FEB-2025
2025-02-03 14:27:52.826674,POWERGRID27FEB25P280,OPTSTK,9.6,3218400,9.65,9.75,1166400,5400,7200,POWERGRID,280.0,PE,27-FEB-2025
2025-02-03 14:27:59.385108,POWERGRID27FEB25P280,OPTSTK,9.6,3218400,9.65,9.75,1166400,5400,7200,POWERGRID,280.0,PE,27-FEB-2025
2025-02-03 14:28:05.768410,POWERGRID27FEB25P280,OPTSTK,9.6,3218400,9.65,9.75,1166400,1800,9000,POWERGRID,280.0,PE,27-FEB-2025
2025-02-03 14:28:12.081580,POWERGRID27FEB25P280,OPTSTK,9.6,3218400,9.65,9.75,1166400,1800,9000,POWERGRID,280.0,PE,27-FEB-2025
2025-02-03 14:28:18.557691,POWERGRID27FEB25P280,OPTSTK,9.7,3218400,9.65,9.75,1166400,1800,9000,POWERGRID,280.0,PE,27-FEB-2025
2025-02-03 14:28:24.881432,POWERGRID27FEB25P280,OPTSTK,9.7,3218400,9.65,9.75,1166400,1800,9000,POWERGRID,280.0,PE,27-FEB-2025
2025-02-03 14:28:31.138095,POWERGRID27FEB25P280,OPTSTK,9.7,3220200,9.55,9.65,1166400,3600,7200,POWERGRID,280.0,PE,27-FEB-2025
2025-02-03 14:28:37.500301,POWERGRID27FEB25P280,OPTSTK,9.7,3220200,9.55,9.65,1166400,3600,7200,POWERGRID,280.0,PE,27-FEB-2025
2025-02-03 14:28:44.043855,POWERGRID27FEB25P280,OPTSTK,9.7,3220200,9.55,9.65,1166400,3600,7200,POWERGRID,280.0,PE,27-FEB-2025
2025-02-03 14:28:50.675123,POWERGRID27FEB25P280,OPTSTK,9.7,3220200,9.55,9.65,1166400,3600,7200,POWERGRID,280.0,PE,27-FEB-2025
2025-02-03 14:28:57.089634,POWERGRID27FEB25P280,OPTSTK,9.7,3220200,9.55,9.7,1166400,16200,7200,POWERGRID,280.0,PE,27-FEB-2025
2025-02-03 14:29:03.503793,POWERGRID27FEB25P280,OPTSTK,9.7,3220200,9.55,9.7,1166400,16200,7200,POWERGRID,280.0,PE,27-FEB-2025
2025-02-03 14:29:10.020105,POWERGRID27FEB25P280,OPTSTK,9.7,3220200,9.55,9.7,1166400,16200,7200,POWERGRID,280.0,PE,27-FEB-2025
2025-02-03 14:29:17.315774,POWERGRID27FEB25P280,OPTSTK,9.7,3220200,9.55,9.7,1166400,16200,7200,POWERGRID,280.0,PE,27-FEB-2025
2025-02-03 14:29:23.654459,POWERGRID27FEB25P280,OPTSTK,9.7,3220200,9.55,9.7,1166400,10800,9000,POWERGRID,280.0,PE,27-FEB-2025
2025-02-03 14:29:30.029858,POWERGRID27FEB25P280,OPTSTK,9.65,3220200,9.55,9.7,1171800,10800,9000,POWERGRID,280.0,PE,27-FEB-2025
2025-02-03 14:29:36.349883,POWERGRID27FEB25P280,OPTSTK,9.65,3220200,9.55,9.7,1171800,10800,9000,POWERGRID,280.0,PE,27-FEB-2025
2025-02-03 14:29:42.849842,POWERGRID27FEB25P280,OPTSTK,9.65,3220200,9.55,9.7,1171800,10800,9000,POWERGRID,280.0,PE,27-FEB-2025
2025-02-03 14:29:49.296531,POWERGRID27FEB25P280,OPTSTK,9.65,3222000,9.65,9.75,1171800,5400,5400,POWERGRID,280.0,PE,27-FEB-2025
2025-02-03 14:29:55.825036,POWERGRID27FEB25P280,OPTSTK,9.65,3222000,9.65,9.75,1171800,5400,5400,POWERGRID,280.0,PE,27-FEB-2025
2025-02-03 14:30:02.294428,POWERGRID27FEB25P280,OPTSTK,9.65,3222000,9.65,9.75,1171800,5400,5400,POWERGRID,280.0,PE,27-FEB-2025
