timestamp,symbol,instrument,ltp,volume,bid,ask,oi,bid_qty,ask_qty,stock_name,strike,option_type,expiry
2025-02-03 09:30:10.689412,BPCL27FEB25P245,OPTSTK,7.7,671400,7.75,7.9,761400,9000,18000,BPCL,245.0,PE,27-FEB-2025
2025-02-03 09:32:39.120760,BPCL27FEB25P245,OPTSTK,7.95,707400,7.9,8.05,765000,10800,16200,BPCL,245.0,PE,27-FEB-2025
2025-02-03 09:32:46.760634,BPCL27FEB25P245,OPTSTK,8.0,707400,7.9,8.05,765000,10800,16200,BPCL,245.0,PE,27-FEB-2025
2025-02-03 09:33:00.834562,BPCL27FEB25P245,OPTSTK,8.2,716400,8.05,8.15,765000,5400,10800,BPCL,245.0,PE,27-FEB-2025
2025-02-03 09:33:12.064897,BPCL27FEB25P245,OPTSTK,8.35,716400,8.05,8.15,765000,5400,10800,BPCL,245.0,PE,27-FEB-2025
2025-02-03 09:33:26.671944,BPCL27FEB25P245,OPTSTK,8.4,739800,8.3,8.4,765000,7200,23400,BPCL,245.0,PE,27-FEB-2025
2025-02-03 09:33:34.629581,BPCL27FEB25P245,OPTSTK,8.5,739800,8.3,8.4,765000,7200,23400,BPCL,245.0,PE,27-FEB-2025
2025-02-03 09:33:42.235199,BPCL27FEB25P245,OPTSTK,8.5,739800,8.3,8.4,763200,7200,23400,BPCL,245.0,PE,27-FEB-2025
2025-02-03 09:33:50.053170,BPCL27FEB25P245,OPTSTK,8.4,756000,8.5,8.6,763200,10800,1800,BPCL,245.0,PE,27-FEB-2025
2025-02-03 09:33:58.410243,BPCL27FEB25P245,OPTSTK,8.8,756000,8.5,8.6,763200,10800,1800,BPCL,245.0,PE,27-FEB-2025
2025-02-03 09:34:10.165932,BPCL27FEB25P245,OPTSTK,8.85,786600,8.75,8.85,763200,7200,5400,BPCL,245.0,PE,27-FEB-2025
2025-02-03 09:34:23.396900,BPCL27FEB25P245,OPTSTK,8.8,786600,8.75,8.85,763200,7200,5400,BPCL,245.0,PE,27-FEB-2025
2025-02-03 09:34:31.376002,BPCL27FEB25P245,OPTSTK,8.75,786600,8.75,8.85,763200,7200,5400,BPCL,245.0,PE,27-FEB-2025
2025-02-03 09:34:39.313070,BPCL27FEB25P245,OPTSTK,8.9,828000,8.8,8.9,763200,1800,9000,BPCL,245.0,PE,27-FEB-2025
2025-02-03 09:34:46.643980,BPCL27FEB25P245,OPTSTK,9.0,828000,8.8,8.9,763200,1800,9000,BPCL,245.0,PE,27-FEB-2025
2025-02-03 09:34:56.761241,BPCL27FEB25P245,OPTSTK,9.0,860400,8.95,9.1,763200,10800,12600,BPCL,245.0,PE,27-FEB-2025
2025-02-03 09:35:14.317654,BPCL27FEB25P245,OPTSTK,9.1,892800,9.0,9.1,763200,7200,5400,BPCL,245.0,PE,27-FEB-2025
2025-02-03 09:35:33.040461,BPCL27FEB25P245,OPTSTK,9.15,892800,9.0,9.1,763200,7200,5400,BPCL,245.0,PE,27-FEB-2025
2025-02-03 09:35:45.178057,BPCL27FEB25P245,OPTSTK,9.25,900000,9.1,9.2,763200,9000,5400,BPCL,245.0,PE,27-FEB-2025
2025-02-03 09:35:56.601437,BPCL27FEB25P245,OPTSTK,9.2,900000,9.1,9.2,763200,9000,5400,BPCL,245.0,PE,27-FEB-2025
2025-02-03 09:36:04.828673,BPCL27FEB25P245,OPTSTK,9.3,900000,9.1,9.2,763200,9000,5400,BPCL,245.0,PE,27-FEB-2025
2025-02-03 09:36:12.911593,BPCL27FEB25P245,OPTSTK,9.5,914400,9.3,9.4,763200,5400,12600,BPCL,245.0,PE,27-FEB-2025
2025-02-03 09:36:21.623829,BPCL27FEB25P245,OPTSTK,9.6,914400,9.3,9.4,763200,5400,12600,BPCL,245.0,PE,27-FEB-2025
2025-02-03 09:36:29.355470,BPCL27FEB25P245,OPTSTK,9.5,945000,9.45,9.55,763200,1800,9000,BPCL,245.0,PE,27-FEB-2025
2025-02-03 09:36:39.787252,BPCL27FEB25P245,OPTSTK,9.35,945000,9.45,9.55,774000,1800,9000,BPCL,245.0,PE,27-FEB-2025
2025-02-03 09:36:52.072659,BPCL27FEB25P245,OPTSTK,9.35,945000,9.45,9.55,774000,1800,9000,BPCL,245.0,PE,27-FEB-2025
2025-02-03 09:37:00.878188,BPCL27FEB25P245,OPTSTK,9.4,963000,9.4,9.5,774000,3600,9000,BPCL,245.0,PE,27-FEB-2025
2025-02-03 09:37:09.855335,BPCL27FEB25P245,OPTSTK,9.4,963000,9.4,9.5,774000,3600,9000,BPCL,245.0,PE,27-FEB-2025
2025-02-03 09:37:17.208727,BPCL27FEB25P245,OPTSTK,9.5,963000,9.4,9.5,774000,3600,9000,BPCL,245.0,PE,27-FEB-2025
2025-02-03 09:37:25.181401,BPCL27FEB25P245,OPTSTK,9.35,977400,9.35,9.4,774000,1800,1800,BPCL,245.0,PE,27-FEB-2025
2025-02-03 09:37:32.996811,BPCL27FEB25P245,OPTSTK,9.35,977400,9.35,9.4,774000,1800,1800,BPCL,245.0,PE,27-FEB-2025
2025-02-03 09:37:42.014472,BPCL27FEB25P245,OPTSTK,9.55,990000,9.55,9.65,774000,5400,7200,BPCL,245.0,PE,27-FEB-2025
2025-02-03 09:37:51.325264,BPCL27FEB25P245,OPTSTK,9.75,990000,9.55,9.65,774000,5400,7200,BPCL,245.0,PE,27-FEB-2025
2025-02-03 09:38:02.250337,BPCL27FEB25P245,OPTSTK,9.7,990000,9.55,9.65,774000,5400,7200,BPCL,245.0,PE,27-FEB-2025
2025-02-03 09:38:12.645619,BPCL27FEB25P245,OPTSTK,9.7,1002600,9.65,9.75,774000,1800,18000,BPCL,245.0,PE,27-FEB-2025
2025-02-03 09:38:22.172938,BPCL27FEB25P245,OPTSTK,9.65,1002600,9.65,9.75,774000,1800,18000,BPCL,245.0,PE,27-FEB-2025
2025-02-03 09:38:29.941115,BPCL27FEB25P245,OPTSTK,9.75,1018800,9.75,9.85,774000,5400,3600,BPCL,245.0,PE,27-FEB-2025
2025-02-03 09:38:37.493118,BPCL27FEB25P245,OPTSTK,9.9,1018800,9.75,9.85,774000,5400,3600,BPCL,245.0,PE,27-FEB-2025
2025-02-03 09:38:47.569722,BPCL27FEB25P245,OPTSTK,9.95,1018800,9.75,9.85,774000,5400,3600,BPCL,245.0,PE,27-FEB-2025
2025-02-03 09:38:58.633076,BPCL27FEB25P245,OPTSTK,10.0,1029600,9.95,10.0,774000,3600,3600,BPCL,245.0,PE,27-FEB-2025
2025-02-03 09:39:06.989042,BPCL27FEB25P245,OPTSTK,9.85,1029600,9.95,10.0,774000,3600,3600,BPCL,245.0,PE,27-FEB-2025
2025-02-03 09:39:18.459920,BPCL27FEB25P245,OPTSTK,10.0,1049400,10.0,10.15,774000,14400,18000,BPCL,245.0,PE,27-FEB-2025
2025-02-03 09:39:31.526679,BPCL27FEB25P245,OPTSTK,10.1,1049400,10.0,10.15,774000,14400,18000,BPCL,245.0,PE,27-FEB-2025
2025-02-03 09:39:39.878063,BPCL27FEB25P245,OPTSTK,10.1,1053000,10.15,10.25,774000,9000,1800,BPCL,245.0,PE,27-FEB-2025
2025-02-03 09:39:47.946752,BPCL27FEB25P245,OPTSTK,10.2,1053000,10.15,10.25,781200,9000,1800,BPCL,245.0,PE,27-FEB-2025
2025-02-03 09:39:55.618354,BPCL27FEB25P245,OPTSTK,10.45,1053000,10.15,10.25,781200,9000,1800,BPCL,245.0,PE,27-FEB-2025
2025-02-03 09:40:05.079589,BPCL27FEB25P245,OPTSTK,10.25,1074600,10.15,10.2,781200,1800,1800,BPCL,245.0,PE,27-FEB-2025
2025-02-03 09:40:16.134412,BPCL27FEB25P245,OPTSTK,10.2,1074600,10.15,10.2,781200,1800,1800,BPCL,245.0,PE,27-FEB-2025
2025-02-03 09:40:26.429727,BPCL27FEB25P245,OPTSTK,10.2,1083600,10.2,10.35,781200,7200,9000,BPCL,245.0,PE,27-FEB-2025
2025-02-03 09:40:38.530415,BPCL27FEB25P245,OPTSTK,10.1,1083600,10.2,10.35,781200,7200,9000,BPCL,245.0,PE,27-FEB-2025
2025-02-03 09:40:51.853249,BPCL27FEB25P245,OPTSTK,10.2,1110600,10.2,10.3,781200,5400,7200,BPCL,245.0,PE,27-FEB-2025
2025-02-03 09:40:59.307112,BPCL27FEB25P245,OPTSTK,10.1,1110600,10.2,10.3,781200,5400,7200,BPCL,245.0,PE,27-FEB-2025
2025-02-03 09:41:07.024663,BPCL27FEB25P245,OPTSTK,10.1,1110600,10.2,10.3,781200,5400,7200,BPCL,245.0,PE,27-FEB-2025
2025-02-03 09:41:14.659876,BPCL27FEB25P245,OPTSTK,10.1,1117800,10.2,10.35,781200,7200,10800,BPCL,245.0,PE,27-FEB-2025
2025-02-03 09:41:23.392542,BPCL27FEB25P245,OPTSTK,10.1,1117800,10.2,10.35,781200,7200,10800,BPCL,245.0,PE,27-FEB-2025
2025-02-03 09:41:32.483069,BPCL27FEB25P245,OPTSTK,10.1,1117800,10.2,10.35,781200,7200,10800,BPCL,245.0,PE,27-FEB-2025
2025-02-03 09:41:40.981771,BPCL27FEB25P245,OPTSTK,10.35,1130400,10.15,10.25,781200,5400,3600,BPCL,245.0,PE,27-FEB-2025
2025-02-03 09:41:54.826687,BPCL27FEB25P245,OPTSTK,10.45,1130400,10.15,10.25,781200,5400,3600,BPCL,245.0,PE,27-FEB-2025
2025-02-03 09:42:05.270707,BPCL27FEB25P245,OPTSTK,10.15,1146600,10.35,10.4,781200,1800,1800,BPCL,245.0,PE,27-FEB-2025
2025-02-03 09:42:13.281372,BPCL27FEB25P245,OPTSTK,10.2,1146600,10.35,10.4,781200,1800,1800,BPCL,245.0,PE,27-FEB-2025
2025-02-03 09:42:21.534509,BPCL27FEB25P245,OPTSTK,10.1,1146600,10.35,10.4,781200,1800,1800,BPCL,245.0,PE,27-FEB-2025
2025-02-03 09:42:29.548700,BPCL27FEB25P245,OPTSTK,10.0,1159200,10.05,10.2,781200,10800,16200,BPCL,245.0,PE,27-FEB-2025
2025-02-03 09:42:37.477223,BPCL27FEB25P245,OPTSTK,10.0,1159200,10.05,10.2,781200,10800,16200,BPCL,245.0,PE,27-FEB-2025
2025-02-03 09:42:45.118858,BPCL27FEB25P245,OPTSTK,9.9,1159200,10.05,10.2,775800,10800,16200,BPCL,245.0,PE,27-FEB-2025
2025-02-03 09:42:52.974070,BPCL27FEB25P245,OPTSTK,9.85,1170000,9.75,9.9,775800,18000,10800,BPCL,245.0,PE,27-FEB-2025
2025-02-03 09:43:00.956799,BPCL27FEB25P245,OPTSTK,9.95,1170000,9.75,9.9,775800,18000,10800,BPCL,245.0,PE,27-FEB-2025
2025-02-03 09:43:11.158152,BPCL27FEB25P245,OPTSTK,9.8,1193400,9.9,10.0,775800,7200,1800,BPCL,245.0,PE,27-FEB-2025
2025-02-03 09:43:21.510577,BPCL27FEB25P245,OPTSTK,9.8,1193400,9.9,10.0,775800,7200,1800,BPCL,245.0,PE,27-FEB-2025
2025-02-03 09:43:29.114381,BPCL27FEB25P245,OPTSTK,9.8,1193400,9.9,10.0,775800,7200,1800,BPCL,245.0,PE,27-FEB-2025
2025-02-03 09:43:36.758396,BPCL27FEB25P245,OPTSTK,9.8,1193400,9.9,10.0,775800,9000,1800,BPCL,245.0,PE,27-FEB-2025
2025-02-03 09:43:44.330789,BPCL27FEB25P245,OPTSTK,9.8,1193400,9.9,10.0,775800,9000,1800,BPCL,245.0,PE,27-FEB-2025
2025-02-03 09:43:53.246563,BPCL27FEB25P245,OPTSTK,10.1,1193400,9.9,10.0,775800,9000,1800,BPCL,245.0,PE,27-FEB-2025
2025-02-03 09:44:01.282252,BPCL27FEB25P245,OPTSTK,10.1,1198800,10.1,10.2,775800,7200,3600,BPCL,245.0,PE,27-FEB-2025
2025-02-03 09:44:09.119166,BPCL27FEB25P245,OPTSTK,10.1,1198800,10.1,10.2,775800,7200,3600,BPCL,245.0,PE,27-FEB-2025
2025-02-03 09:44:18.035700,BPCL27FEB25P245,OPTSTK,10.0,1198800,10.1,10.2,775800,7200,3600,BPCL,245.0,PE,27-FEB-2025
2025-02-03 09:44:28.483363,BPCL27FEB25P245,OPTSTK,10.0,1207800,10.0,10.1,775800,1800,12600,BPCL,245.0,PE,27-FEB-2025
2025-02-03 09:44:37.433738,BPCL27FEB25P245,OPTSTK,10.0,1207800,10.0,10.1,775800,1800,12600,BPCL,245.0,PE,27-FEB-2025
2025-02-03 09:44:44.964017,BPCL27FEB25P245,OPTSTK,10.0,1216800,10.0,10.15,775800,7200,14400,BPCL,245.0,PE,27-FEB-2025
2025-02-03 09:44:52.759906,BPCL27FEB25P245,OPTSTK,10.0,1216800,10.0,10.15,775800,7200,14400,BPCL,245.0,PE,27-FEB-2025
2025-02-03 09:45:01.051553,BPCL27FEB25P245,OPTSTK,9.9,1216800,10.0,10.15,775800,7200,14400,BPCL,245.0,PE,27-FEB-2025
2025-02-03 09:45:08.668992,BPCL27FEB25P245,OPTSTK,9.9,1220400,9.85,9.95,775800,14400,1800,BPCL,245.0,PE,27-FEB-2025
2025-02-03 09:45:17.318050,BPCL27FEB25P245,OPTSTK,9.95,1220400,9.85,9.95,775800,14400,1800,BPCL,245.0,PE,27-FEB-2025
2025-02-03 09:45:33.114124,BPCL27FEB25P245,OPTSTK,10.0,1224000,10.0,10.1,775800,1800,5400,BPCL,245.0,PE,27-FEB-2025
2025-02-03 09:45:44.293212,BPCL27FEB25P245,OPTSTK,9.85,1224000,10.0,10.1,763200,1800,5400,BPCL,245.0,PE,27-FEB-2025
2025-02-03 09:45:54.253925,BPCL27FEB25P245,OPTSTK,9.85,1224000,10.0,10.1,763200,1800,5400,BPCL,245.0,PE,27-FEB-2025
2025-02-03 09:46:01.886978,BPCL27FEB25P245,OPTSTK,9.85,1227600,9.85,9.95,763200,7200,5400,BPCL,245.0,PE,27-FEB-2025
2025-02-03 09:46:10.034317,BPCL27FEB25P245,OPTSTK,9.75,1227600,9.85,9.95,763200,7200,5400,BPCL,245.0,PE,27-FEB-2025
2025-02-03 09:46:17.885821,BPCL27FEB25P245,OPTSTK,9.75,1227600,9.85,9.95,763200,7200,5400,BPCL,245.0,PE,27-FEB-2025
2025-02-03 09:46:25.671319,BPCL27FEB25P245,OPTSTK,9.55,1229400,9.6,9.7,763200,1800,10800,BPCL,245.0,PE,27-FEB-2025
2025-02-03 09:46:33.281602,BPCL27FEB25P245,OPTSTK,9.25,1229400,9.6,9.7,763200,1800,10800,BPCL,245.0,PE,27-FEB-2025
2025-02-03 09:46:41.117015,BPCL27FEB25P245,OPTSTK,9.15,1229400,9.6,9.7,763200,1800,10800,BPCL,245.0,PE,27-FEB-2025
2025-02-03 09:46:51.075093,BPCL27FEB25P245,OPTSTK,9.15,1254600,9.0,9.1,763200,5400,7200,BPCL,245.0,PE,27-FEB-2025
2025-02-03 09:47:01.033969,BPCL27FEB25P245,OPTSTK,8.95,1254600,9.0,9.1,763200,5400,7200,BPCL,245.0,PE,27-FEB-2025
2025-02-03 09:47:09.960535,BPCL27FEB25P245,OPTSTK,9.1,1261800,9.1,9.2,763200,3600,10800,BPCL,245.0,PE,27-FEB-2025
2025-02-03 09:47:18.659236,BPCL27FEB25P245,OPTSTK,9.05,1261800,9.1,9.2,763200,3600,10800,BPCL,245.0,PE,27-FEB-2025
2025-02-03 09:47:32.975539,BPCL27FEB25P245,OPTSTK,9.35,1276200,9.1,9.2,763200,5400,16200,BPCL,245.0,PE,27-FEB-2025
2025-02-03 09:47:57.338434,BPCL27FEB25P245,OPTSTK,9.45,1319400,9.4,9.5,763200,1800,16200,BPCL,245.0,PE,27-FEB-2025
2025-02-03 09:48:05.272277,BPCL27FEB25P245,OPTSTK,9.45,1319400,9.4,9.5,763200,1800,16200,BPCL,245.0,PE,27-FEB-2025
2025-02-03 09:48:18.069051,BPCL27FEB25P245,OPTSTK,9.7,1324800,9.65,9.75,763200,7200,3600,BPCL,245.0,PE,27-FEB-2025
2025-02-03 09:48:27.912384,BPCL27FEB25P245,OPTSTK,9.65,1324800,9.65,9.75,763200,7200,3600,BPCL,245.0,PE,27-FEB-2025
2025-02-03 09:48:36.879135,BPCL27FEB25P245,OPTSTK,9.65,1324800,9.65,9.75,763200,7200,3600,BPCL,245.0,PE,27-FEB-2025
2025-02-03 09:48:44.834860,BPCL27FEB25P245,OPTSTK,9.65,1332000,9.5,9.6,763200,9000,1800,BPCL,245.0,PE,27-FEB-2025
2025-02-03 09:48:55.163970,BPCL27FEB25P245,OPTSTK,9.65,1332000,9.5,9.6,763200,9000,1800,BPCL,245.0,PE,27-FEB-2025
2025-02-03 09:49:03.671670,BPCL27FEB25P245,OPTSTK,9.65,1332000,9.5,9.6,763200,9000,1800,BPCL,245.0,PE,27-FEB-2025
2025-02-03 09:49:13.547883,BPCL27FEB25P245,OPTSTK,9.65,1332000,9.6,9.7,763200,3600,7200,BPCL,245.0,PE,27-FEB-2025
2025-02-03 09:49:24.816599,BPCL27FEB25P245,OPTSTK,10.2,1332000,9.6,9.7,754200,3600,7200,BPCL,245.0,PE,27-FEB-2025
2025-02-03 09:49:37.241798,BPCL27FEB25P245,OPTSTK,10.3,1346400,10.1,10.2,754200,5400,1800,BPCL,245.0,PE,27-FEB-2025
2025-02-03 09:49:46.399856,BPCL27FEB25P245,OPTSTK,10.3,1346400,10.1,10.2,754200,5400,1800,BPCL,245.0,PE,27-FEB-2025
2025-02-03 09:49:56.925244,BPCL27FEB25P245,OPTSTK,10.3,1364400,10.15,10.3,754200,14400,7200,BPCL,245.0,PE,27-FEB-2025
2025-02-03 09:50:06.125391,BPCL27FEB25P245,OPTSTK,10.3,1364400,10.15,10.3,754200,14400,7200,BPCL,245.0,PE,27-FEB-2025
2025-02-03 09:50:14.924231,BPCL27FEB25P245,OPTSTK,10.1,1364400,10.15,10.3,754200,14400,7200,BPCL,245.0,PE,27-FEB-2025
2025-02-03 09:50:24.509311,BPCL27FEB25P245,OPTSTK,10.1,1368000,10.05,10.15,754200,9000,5400,BPCL,245.0,PE,27-FEB-2025
2025-02-03 09:50:33.725145,BPCL27FEB25P245,OPTSTK,10.0,1368000,10.05,10.15,754200,9000,5400,BPCL,245.0,PE,27-FEB-2025
2025-02-03 09:50:44.188338,BPCL27FEB25P245,OPTSTK,10.0,1375200,9.8,9.9,754200,12600,3600,BPCL,245.0,PE,27-FEB-2025
2025-02-03 09:50:56.242089,BPCL27FEB25P245,OPTSTK,9.85,1375200,9.8,9.9,754200,12600,3600,BPCL,245.0,PE,27-FEB-2025
2025-02-03 09:51:04.671442,BPCL27FEB25P245,OPTSTK,9.95,1386000,9.85,9.95,754200,1800,9000,BPCL,245.0,PE,27-FEB-2025
2025-02-03 09:51:12.734135,BPCL27FEB25P245,OPTSTK,9.9,1386000,9.85,9.95,754200,1800,9000,BPCL,245.0,PE,27-FEB-2025
2025-02-03 09:51:21.234346,BPCL27FEB25P245,OPTSTK,9.9,1386000,9.85,9.95,754200,1800,9000,BPCL,245.0,PE,27-FEB-2025
2025-02-03 09:51:29.355227,BPCL27FEB25P245,OPTSTK,9.85,1391400,9.75,9.9,754200,10800,16200,BPCL,245.0,PE,27-FEB-2025
2025-02-03 09:51:37.625862,BPCL27FEB25P245,OPTSTK,9.75,1391400,9.75,9.9,754200,10800,16200,BPCL,245.0,PE,27-FEB-2025
2025-02-03 09:51:46.332801,BPCL27FEB25P245,OPTSTK,9.9,1391400,9.75,9.9,754200,10800,16200,BPCL,245.0,PE,27-FEB-2025
2025-02-03 09:51:54.179862,BPCL27FEB25P245,OPTSTK,9.9,1396800,9.95,10.05,754200,9000,1800,BPCL,245.0,PE,27-FEB-2025
2025-02-03 09:52:06.612731,BPCL27FEB25P245,OPTSTK,9.9,1396800,9.95,10.05,756000,9000,1800,BPCL,245.0,PE,27-FEB-2025
2025-02-03 09:52:17.172763,BPCL27FEB25P245,OPTSTK,9.9,1398600,9.8,9.9,756000,9000,3600,BPCL,245.0,PE,27-FEB-2025
2025-02-03 09:52:27.246177,BPCL27FEB25P245,OPTSTK,9.75,1398600,9.8,9.9,756000,9000,3600,BPCL,245.0,PE,27-FEB-2025
2025-02-03 09:52:34.970862,BPCL27FEB25P245,OPTSTK,9.7,1398600,9.8,9.9,756000,9000,3600,BPCL,245.0,PE,27-FEB-2025
2025-02-03 09:52:42.730944,BPCL27FEB25P245,OPTSTK,9.9,1409400,9.8,9.9,756000,5400,9000,BPCL,245.0,PE,27-FEB-2025
2025-02-03 09:52:50.815210,BPCL27FEB25P245,OPTSTK,10.1,1409400,9.8,9.9,756000,5400,9000,BPCL,245.0,PE,27-FEB-2025
2025-02-03 09:52:58.175091,BPCL27FEB25P245,OPTSTK,10.15,1409400,9.8,9.9,756000,5400,9000,BPCL,245.0,PE,27-FEB-2025
2025-02-03 09:53:06.008006,BPCL27FEB25P245,OPTSTK,10.15,1414800,10.15,10.25,756000,3600,9000,BPCL,245.0,PE,27-FEB-2025
2025-02-03 09:53:16.066460,BPCL27FEB25P245,OPTSTK,10.05,1414800,10.15,10.25,756000,3600,9000,BPCL,245.0,PE,27-FEB-2025
2025-02-03 09:53:25.303169,BPCL27FEB25P245,OPTSTK,10.3,1414800,10.15,10.25,756000,3600,9000,BPCL,245.0,PE,27-FEB-2025
2025-02-03 09:53:35.676600,BPCL27FEB25P245,OPTSTK,10.3,1427400,10.3,10.4,756000,7200,1800,BPCL,245.0,PE,27-FEB-2025
2025-02-03 09:53:43.439038,BPCL27FEB25P245,OPTSTK,10.4,1427400,10.3,10.4,756000,7200,1800,BPCL,245.0,PE,27-FEB-2025
2025-02-03 09:53:51.253233,BPCL27FEB25P245,OPTSTK,10.4,1436400,10.3,10.4,756000,5400,10800,BPCL,245.0,PE,27-FEB-2025
2025-02-03 09:53:59.190725,BPCL27FEB25P245,OPTSTK,10.25,1436400,10.3,10.4,756000,5400,10800,BPCL,245.0,PE,27-FEB-2025
2025-02-03 09:54:06.935036,BPCL27FEB25P245,OPTSTK,10.2,1436400,10.3,10.4,756000,5400,10800,BPCL,245.0,PE,27-FEB-2025
2025-02-03 09:54:15.011971,BPCL27FEB25P245,OPTSTK,10.2,1447200,10.05,10.15,756000,7200,1800,BPCL,245.0,PE,27-FEB-2025
2025-02-03 09:54:22.562370,BPCL27FEB25P245,OPTSTK,10.05,1447200,10.05,10.15,756000,7200,1800,BPCL,245.0,PE,27-FEB-2025
2025-02-03 09:54:32.417166,BPCL27FEB25P245,OPTSTK,10.05,1447200,10.05,10.15,756000,7200,1800,BPCL,245.0,PE,27-FEB-2025
2025-02-03 09:54:43.500854,BPCL27FEB25P245,OPTSTK,9.95,1452600,9.9,10.05,754200,16200,7200,BPCL,245.0,PE,27-FEB-2025
2025-02-03 09:54:52.080880,BPCL27FEB25P245,OPTSTK,10.05,1452600,9.9,10.05,754200,16200,7200,BPCL,245.0,PE,27-FEB-2025
2025-02-03 09:55:02.035852,BPCL27FEB25P245,OPTSTK,10.05,1458000,10.0,10.15,754200,10800,18000,BPCL,245.0,PE,27-FEB-2025
2025-02-03 09:55:09.699489,BPCL27FEB25P245,OPTSTK,10.05,1458000,10.0,10.15,754200,10800,18000,BPCL,245.0,PE,27-FEB-2025
2025-02-03 09:55:17.988823,BPCL27FEB25P245,OPTSTK,9.85,1458000,10.0,10.15,754200,10800,18000,BPCL,245.0,PE,27-FEB-2025
2025-02-03 09:55:26.997021,BPCL27FEB25P245,OPTSTK,9.85,1470600,9.85,9.95,754200,7200,1800,BPCL,245.0,PE,27-FEB-2025
2025-02-03 09:55:34.951205,BPCL27FEB25P245,OPTSTK,9.95,1470600,9.85,9.95,754200,7200,1800,BPCL,245.0,PE,27-FEB-2025
2025-02-03 09:55:44.631709,BPCL27FEB25P245,OPTSTK,9.95,1470600,9.85,9.95,754200,7200,1800,BPCL,245.0,PE,27-FEB-2025
2025-02-03 09:55:56.618431,BPCL27FEB25P245,OPTSTK,9.9,1481400,9.75,9.85,754200,1800,9000,BPCL,245.0,PE,27-FEB-2025
2025-02-03 09:56:06.146717,BPCL27FEB25P245,OPTSTK,9.6,1481400,9.75,9.85,754200,1800,9000,BPCL,245.0,PE,27-FEB-2025
2025-02-03 09:56:14.394424,BPCL27FEB25P245,OPTSTK,9.6,1492200,9.4,9.5,754200,1800,9000,BPCL,245.0,PE,27-FEB-2025
2025-02-03 09:56:21.987580,BPCL27FEB25P245,OPTSTK,9.35,1492200,9.4,9.5,754200,1800,9000,BPCL,245.0,PE,27-FEB-2025
2025-02-03 09:56:29.847742,BPCL27FEB25P245,OPTSTK,9.35,1492200,9.4,9.5,754200,1800,9000,BPCL,245.0,PE,27-FEB-2025
2025-02-03 09:56:37.537662,BPCL27FEB25P245,OPTSTK,9.35,1492200,9.4,9.5,754200,1800,9000,BPCL,245.0,PE,27-FEB-2025
2025-02-03 09:56:45.298199,BPCL27FEB25P245,OPTSTK,9.2,1494000,9.2,9.35,754200,10800,9000,BPCL,245.0,PE,27-FEB-2025
2025-02-03 09:56:54.951049,BPCL27FEB25P245,OPTSTK,9.15,1494000,9.2,9.35,754200,10800,9000,BPCL,245.0,PE,27-FEB-2025
2025-02-03 09:57:04.482848,BPCL27FEB25P245,OPTSTK,9.15,1504800,9.15,9.25,754200,9000,3600,BPCL,245.0,PE,27-FEB-2025
2025-02-03 09:57:17.171237,BPCL27FEB25P245,OPTSTK,9.15,1504800,9.15,9.25,754200,9000,3600,BPCL,245.0,PE,27-FEB-2025
2025-02-03 09:57:27.753112,BPCL27FEB25P245,OPTSTK,9.15,1504800,9.15,9.25,754200,3600,9000,BPCL,245.0,PE,27-FEB-2025
2025-02-03 09:57:37.679994,BPCL27FEB25P245,OPTSTK,9.15,1504800,9.15,9.25,754200,3600,9000,BPCL,245.0,PE,27-FEB-2025
2025-02-03 09:57:45.696550,BPCL27FEB25P245,OPTSTK,9.45,1504800,9.15,9.25,754200,3600,9000,BPCL,245.0,PE,27-FEB-2025
2025-02-03 09:57:53.153979,BPCL27FEB25P245,OPTSTK,9.35,1513800,9.3,9.4,781200,7200,5400,BPCL,245.0,PE,27-FEB-2025
2025-02-03 09:58:01.089365,BPCL27FEB25P245,OPTSTK,9.9,1513800,9.3,9.4,781200,7200,5400,BPCL,245.0,PE,27-FEB-2025
2025-02-03 09:58:08.730781,BPCL27FEB25P245,OPTSTK,10.0,1513800,9.3,9.4,781200,7200,5400,BPCL,245.0,PE,27-FEB-2025
2025-02-03 09:58:15.960566,BPCL27FEB25P245,OPTSTK,10.05,1537200,9.9,10.05,781200,16200,9000,BPCL,245.0,PE,27-FEB-2025
2025-02-03 09:58:27.839617,BPCL27FEB25P245,OPTSTK,10.05,1537200,9.9,10.05,781200,16200,9000,BPCL,245.0,PE,27-FEB-2025
2025-02-03 09:58:38.514977,BPCL27FEB25P245,OPTSTK,10.05,1540800,9.7,9.85,781200,12600,10800,BPCL,245.0,PE,27-FEB-2025
2025-02-03 09:58:46.517468,BPCL27FEB25P245,OPTSTK,10.05,1540800,9.7,9.85,781200,12600,10800,BPCL,245.0,PE,27-FEB-2025
2025-02-03 09:58:54.452505,BPCL27FEB25P245,OPTSTK,10.05,1540800,9.7,9.85,781200,12600,10800,BPCL,245.0,PE,27-FEB-2025
2025-02-03 09:59:02.704889,BPCL27FEB25P245,OPTSTK,9.65,1540800,9.65,9.75,781200,3600,12600,BPCL,245.0,PE,27-FEB-2025
2025-02-03 09:59:13.570108,BPCL27FEB25P245,OPTSTK,9.6,1540800,9.65,9.75,781200,3600,12600,BPCL,245.0,PE,27-FEB-2025
2025-02-03 09:59:29.093519,BPCL27FEB25P245,OPTSTK,9.55,1553400,9.45,9.55,781200,12600,3600,BPCL,245.0,PE,27-FEB-2025
2025-02-03 09:59:41.825294,BPCL27FEB25P245,OPTSTK,9.55,1553400,9.45,9.55,781200,12600,3600,BPCL,245.0,PE,27-FEB-2025
2025-02-03 09:59:52.440231,BPCL27FEB25P245,OPTSTK,9.55,1560600,9.7,9.8,781200,7200,3600,BPCL,245.0,PE,27-FEB-2025
2025-02-03 10:00:00.563992,BPCL27FEB25P245,OPTSTK,9.55,1560600,9.7,9.8,781200,7200,3600,BPCL,245.0,PE,27-FEB-2025
2025-02-03 10:00:08.405964,BPCL27FEB25P245,OPTSTK,9.55,1560600,9.7,9.8,781200,7200,3600,BPCL,245.0,PE,27-FEB-2025
2025-02-03 10:00:16.566616,BPCL27FEB25P245,OPTSTK,9.55,1560600,9.55,9.65,781200,7200,1800,BPCL,245.0,PE,27-FEB-2025
2025-02-03 10:00:29.216854,BPCL27FEB25P245,OPTSTK,9.55,1560600,9.55,9.65,781200,7200,1800,BPCL,245.0,PE,27-FEB-2025
2025-02-03 10:00:40.252752,BPCL27FEB25P245,OPTSTK,9.95,1564200,9.95,10.0,781200,1800,1800,BPCL,245.0,PE,27-FEB-2025
2025-02-03 10:00:51.970051,BPCL27FEB25P245,OPTSTK,9.95,1564200,9.95,10.0,781200,1800,1800,BPCL,245.0,PE,27-FEB-2025
2025-02-03 10:01:03.328758,BPCL27FEB25P245,OPTSTK,9.95,1564200,9.9,10.05,781200,10800,9000,BPCL,245.0,PE,27-FEB-2025
2025-02-03 10:01:14.135000,BPCL27FEB25P245,OPTSTK,9.7,1564200,9.9,10.05,784800,10800,9000,BPCL,245.0,PE,27-FEB-2025
2025-02-03 10:01:22.497554,BPCL27FEB25P245,OPTSTK,9.7,1566000,9.6,9.7,784800,7200,5400,BPCL,245.0,PE,27-FEB-2025
2025-02-03 10:01:31.327754,BPCL27FEB25P245,OPTSTK,9.45,1566000,9.6,9.7,784800,7200,5400,BPCL,245.0,PE,27-FEB-2025
2025-02-03 10:01:38.838023,BPCL27FEB25P245,OPTSTK,9.3,1566000,9.6,9.7,784800,7200,5400,BPCL,245.0,PE,27-FEB-2025
2025-02-03 10:01:46.765338,BPCL27FEB25P245,OPTSTK,9.15,1582200,9.15,9.25,784800,10800,3600,BPCL,245.0,PE,27-FEB-2025
2025-02-03 10:01:55.135530,BPCL27FEB25P245,OPTSTK,9.15,1582200,9.15,9.25,784800,10800,3600,BPCL,245.0,PE,27-FEB-2025
2025-02-03 10:02:02.908097,BPCL27FEB25P245,OPTSTK,9.15,1582200,9.15,9.25,784800,10800,3600,BPCL,245.0,PE,27-FEB-2025
2025-02-03 10:02:14.152744,BPCL27FEB25P245,OPTSTK,9.15,1593000,9.1,9.25,784800,9000,16200,BPCL,245.0,PE,27-FEB-2025
2025-02-03 10:02:25.137564,BPCL27FEB25P245,OPTSTK,9.05,1593000,9.1,9.25,784800,9000,16200,BPCL,245.0,PE,27-FEB-2025
2025-02-03 10:02:37.133246,BPCL27FEB25P245,OPTSTK,9.05,1598400,9.1,9.2,784800,10800,9000,BPCL,245.0,PE,27-FEB-2025
2025-02-03 10:02:48.622138,BPCL27FEB25P245,OPTSTK,9.25,1598400,9.1,9.2,784800,10800,9000,BPCL,245.0,PE,27-FEB-2025
2025-02-03 10:03:00.159105,BPCL27FEB25P245,OPTSTK,9.35,1609200,9.3,9.4,784800,9000,3600,BPCL,245.0,PE,27-FEB-2025
2025-02-03 10:03:09.829186,BPCL27FEB25P245,OPTSTK,9.35,1609200,9.3,9.4,784800,9000,3600,BPCL,245.0,PE,27-FEB-2025
2025-02-03 10:03:17.609249,BPCL27FEB25P245,OPTSTK,9.35,1609200,9.3,9.45,784800,9000,18000,BPCL,245.0,PE,27-FEB-2025
2025-02-03 10:03:25.926408,BPCL27FEB25P245,OPTSTK,9.35,1609200,9.3,9.45,784800,9000,18000,BPCL,245.0,PE,27-FEB-2025
2025-02-03 10:03:41.729021,BPCL27FEB25P245,OPTSTK,9.45,1612800,9.4,9.5,784800,7200,1800,BPCL,245.0,PE,27-FEB-2025
2025-02-03 10:03:51.426020,BPCL27FEB25P245,OPTSTK,9.35,1612800,9.4,9.5,793800,7200,1800,BPCL,245.0,PE,27-FEB-2025
2025-02-03 10:03:59.136475,BPCL27FEB25P245,OPTSTK,9.35,1612800,9.4,9.5,793800,7200,1800,BPCL,245.0,PE,27-FEB-2025
2025-02-03 10:04:06.983719,BPCL27FEB25P245,OPTSTK,9.55,1618200,9.55,9.65,793800,9000,3600,BPCL,245.0,PE,27-FEB-2025
2025-02-03 10:04:15.305043,BPCL27FEB25P245,OPTSTK,9.6,1618200,9.55,9.65,793800,9000,3600,BPCL,245.0,PE,27-FEB-2025
2025-02-03 10:04:26.079726,BPCL27FEB25P245,OPTSTK,9.5,1623600,9.5,9.6,793800,5400,10800,BPCL,245.0,PE,27-FEB-2025
2025-02-03 10:04:41.032025,BPCL27FEB25P245,OPTSTK,9.5,1623600,9.5,9.6,793800,5400,10800,BPCL,245.0,PE,27-FEB-2025
2025-02-03 10:04:53.242872,BPCL27FEB25P245,OPTSTK,9.5,1627200,9.35,9.5,793800,9000,10800,BPCL,245.0,PE,27-FEB-2025
2025-02-03 10:05:02.585928,BPCL27FEB25P245,OPTSTK,9.5,1627200,9.35,9.5,793800,9000,10800,BPCL,245.0,PE,27-FEB-2025
2025-02-03 10:05:10.310853,BPCL27FEB25P245,OPTSTK,9.5,1627200,9.35,9.5,793800,9000,10800,BPCL,245.0,PE,27-FEB-2025
2025-02-03 10:05:18.435006,BPCL27FEB25P245,OPTSTK,9.5,1627200,9.55,9.65,793800,7200,7200,BPCL,245.0,PE,27-FEB-2025
2025-02-03 10:05:26.267012,BPCL27FEB25P245,OPTSTK,9.5,1627200,9.55,9.65,793800,7200,7200,BPCL,245.0,PE,27-FEB-2025
2025-02-03 10:05:33.602177,BPCL27FEB25P245,OPTSTK,9.5,1627200,9.55,9.65,793800,7200,7200,BPCL,245.0,PE,27-FEB-2025
2025-02-03 10:05:40.883727,BPCL27FEB25P245,OPTSTK,9.5,1627200,9.55,9.65,793800,10800,1800,BPCL,245.0,PE,27-FEB-2025
2025-02-03 10:05:48.517861,BPCL27FEB25P245,OPTSTK,9.5,1627200,9.55,9.65,793800,10800,1800,BPCL,245.0,PE,27-FEB-2025
2025-02-03 10:05:55.989612,BPCL27FEB25P245,OPTSTK,9.5,1627200,9.6,9.75,793800,10800,12600,BPCL,245.0,PE,27-FEB-2025
2025-02-03 10:06:07.207852,BPCL27FEB25P245,OPTSTK,9.6,1627200,9.6,9.75,793800,10800,12600,BPCL,245.0,PE,27-FEB-2025
2025-02-03 10:06:17.093131,BPCL27FEB25P245,OPTSTK,9.6,1627200,9.6,9.75,793800,10800,12600,BPCL,245.0,PE,27-FEB-2025
2025-02-03 10:06:24.808108,BPCL27FEB25P245,OPTSTK,9.25,1630800,9.3,9.4,793800,9000,3600,BPCL,245.0,PE,27-FEB-2025
2025-02-03 10:06:33.144445,BPCL27FEB25P245,OPTSTK,9.35,1630800,9.3,9.4,793800,9000,3600,BPCL,245.0,PE,27-FEB-2025
2025-02-03 10:06:41.466248,BPCL27FEB25P245,OPTSTK,9.35,1630800,9.3,9.4,793800,9000,3600,BPCL,245.0,PE,27-FEB-2025
2025-02-03 10:06:49.310539,BPCL27FEB25P245,OPTSTK,9.35,1634400,9.3,9.4,793800,14400,5400,BPCL,245.0,PE,27-FEB-2025
2025-02-03 10:07:04.727243,BPCL27FEB25P245,OPTSTK,9.35,1634400,9.3,9.4,793800,14400,5400,BPCL,245.0,PE,27-FEB-2025
2025-02-03 10:07:16.639921,BPCL27FEB25P245,OPTSTK,9.2,1634400,9.25,9.35,783000,5400,9000,BPCL,245.0,PE,27-FEB-2025
2025-02-03 10:07:29.044808,BPCL27FEB25P245,OPTSTK,9.1,1634400,9.25,9.35,783000,5400,9000,BPCL,245.0,PE,27-FEB-2025
2025-02-03 10:07:37.490102,BPCL27FEB25P245,OPTSTK,9.1,1639800,9.05,9.15,783000,3600,16200,BPCL,245.0,PE,27-FEB-2025
2025-02-03 10:07:45.040953,BPCL27FEB25P245,OPTSTK,9.1,1639800,9.05,9.15,783000,3600,16200,BPCL,245.0,PE,27-FEB-2025
2025-02-03 10:07:52.515539,BPCL27FEB25P245,OPTSTK,9.1,1639800,9.05,9.15,783000,3600,16200,BPCL,245.0,PE,27-FEB-2025
2025-02-03 10:08:00.296098,BPCL27FEB25P245,OPTSTK,9.1,1639800,9.15,9.25,783000,7200,12600,BPCL,245.0,PE,27-FEB-2025
2025-02-03 10:08:08.517758,BPCL27FEB25P245,OPTSTK,9.1,1639800,9.15,9.25,783000,7200,12600,BPCL,245.0,PE,27-FEB-2025
2025-02-03 10:08:16.245908,BPCL27FEB25P245,OPTSTK,9.25,1639800,9.15,9.25,783000,7200,12600,BPCL,245.0,PE,27-FEB-2025
2025-02-03 10:08:23.781473,BPCL27FEB25P245,OPTSTK,9.25,1641600,9.25,9.35,783000,5400,16200,BPCL,245.0,PE,27-FEB-2025
2025-02-03 10:08:31.813265,BPCL27FEB25P245,OPTSTK,9.25,1641600,9.25,9.35,783000,5400,16200,BPCL,245.0,PE,27-FEB-2025
2025-02-03 10:08:42.736094,BPCL27FEB25P245,OPTSTK,9.6,1645200,9.5,9.6,783000,3600,9000,BPCL,245.0,PE,27-FEB-2025
2025-02-03 10:08:51.965064,BPCL27FEB25P245,OPTSTK,9.6,1645200,9.5,9.6,783000,3600,9000,BPCL,245.0,PE,27-FEB-2025
2025-02-03 10:09:02.735859,BPCL27FEB25P245,OPTSTK,9.55,1648800,9.5,9.6,783000,7200,5400,BPCL,245.0,PE,27-FEB-2025
2025-02-03 10:09:14.519844,BPCL27FEB25P245,OPTSTK,9.75,1648800,9.5,9.6,783000,7200,5400,BPCL,245.0,PE,27-FEB-2025
2025-02-03 10:09:24.595781,BPCL27FEB25P245,OPTSTK,9.75,1648800,9.5,9.6,783000,7200,5400,BPCL,245.0,PE,27-FEB-2025
2025-02-03 10:09:33.780088,BPCL27FEB25P245,OPTSTK,9.75,1657800,9.75,9.85,783000,5400,9000,BPCL,245.0,PE,27-FEB-2025
2025-02-03 10:09:41.571575,BPCL27FEB25P245,OPTSTK,9.75,1657800,9.75,9.85,783000,5400,9000,BPCL,245.0,PE,27-FEB-2025
2025-02-03 10:09:50.884164,BPCL27FEB25P245,OPTSTK,9.9,1661400,9.8,9.95,779400,9000,27000,BPCL,245.0,PE,27-FEB-2025
2025-02-03 10:10:01.997344,BPCL27FEB25P245,OPTSTK,9.9,1661400,9.8,9.95,779400,9000,27000,BPCL,245.0,PE,27-FEB-2025
2025-02-03 10:10:10.331610,BPCL27FEB25P245,OPTSTK,9.7,1661400,9.8,9.95,779400,9000,27000,BPCL,245.0,PE,27-FEB-2025
2025-02-03 10:10:18.959043,BPCL27FEB25P245,OPTSTK,9.7,1675800,9.65,9.7,779400,1800,1800,BPCL,245.0,PE,27-FEB-2025
2025-02-03 10:10:26.730805,BPCL27FEB25P245,OPTSTK,9.7,1675800,9.65,9.7,779400,1800,1800,BPCL,245.0,PE,27-FEB-2025
2025-02-03 10:10:34.332299,BPCL27FEB25P245,OPTSTK,9.7,1675800,9.65,9.7,779400,1800,1800,BPCL,245.0,PE,27-FEB-2025
2025-02-03 10:10:42.597585,BPCL27FEB25P245,OPTSTK,9.7,1675800,9.6,9.7,779400,5400,7200,BPCL,245.0,PE,27-FEB-2025
2025-02-03 10:10:50.468817,BPCL27FEB25P245,OPTSTK,9.45,1675800,9.6,9.7,779400,5400,7200,BPCL,245.0,PE,27-FEB-2025
2025-02-03 10:10:57.893339,BPCL27FEB25P245,OPTSTK,9.65,1675800,9.6,9.7,779400,5400,7200,BPCL,245.0,PE,27-FEB-2025
2025-02-03 10:11:08.647547,BPCL27FEB25P245,OPTSTK,9.65,1683000,9.55,9.65,779400,7200,3600,BPCL,245.0,PE,27-FEB-2025
2025-02-03 10:11:19.231539,BPCL27FEB25P245,OPTSTK,9.55,1683000,9.55,9.65,779400,7200,3600,BPCL,245.0,PE,27-FEB-2025
2025-02-03 10:11:27.564733,BPCL27FEB25P245,OPTSTK,9.55,1684800,9.45,9.55,779400,10800,5400,BPCL,245.0,PE,27-FEB-2025
2025-02-03 10:11:35.723195,BPCL27FEB25P245,OPTSTK,9.55,1684800,9.45,9.55,779400,10800,5400,BPCL,245.0,PE,27-FEB-2025
2025-02-03 10:11:43.049588,BPCL27FEB25P245,OPTSTK,9.55,1684800,9.45,9.55,779400,10800,5400,BPCL,245.0,PE,27-FEB-2025
2025-02-03 10:11:50.411878,BPCL27FEB25P245,OPTSTK,9.55,1684800,9.3,9.4,779400,9000,5400,BPCL,245.0,PE,27-FEB-2025
2025-02-03 10:11:58.048620,BPCL27FEB25P245,OPTSTK,9.55,1684800,9.3,9.4,779400,9000,5400,BPCL,245.0,PE,27-FEB-2025
2025-02-03 10:12:05.913874,BPCL27FEB25P245,OPTSTK,9.2,1684800,9.3,9.4,779400,9000,5400,BPCL,245.0,PE,27-FEB-2025
2025-02-03 10:12:13.936957,BPCL27FEB25P245,OPTSTK,9.2,1686600,9.2,9.3,779400,12600,1800,BPCL,245.0,PE,27-FEB-2025
2025-02-03 10:12:23.349461,BPCL27FEB25P245,OPTSTK,9.25,1686600,9.2,9.3,779400,12600,1800,BPCL,245.0,PE,27-FEB-2025
2025-02-03 10:12:33.942959,BPCL27FEB25P245,OPTSTK,9.45,1686600,9.2,9.3,779400,12600,1800,BPCL,245.0,PE,27-FEB-2025
2025-02-03 10:12:42.658123,BPCL27FEB25P245,OPTSTK,9.45,1690200,9.35,9.45,779400,9000,14400,BPCL,245.0,PE,27-FEB-2025
2025-02-03 10:12:50.542263,BPCL27FEB25P245,OPTSTK,9.45,1690200,9.35,9.45,779400,9000,14400,BPCL,245.0,PE,27-FEB-2025
2025-02-03 10:13:03.905967,BPCL27FEB25P245,OPTSTK,9.45,1697400,9.65,9.75,779400,5400,10800,BPCL,245.0,PE,27-FEB-2025
2025-02-03 10:13:14.652989,BPCL27FEB25P245,OPTSTK,9.75,1697400,9.65,9.75,792000,5400,10800,BPCL,245.0,PE,27-FEB-2025
2025-02-03 10:13:25.575546,BPCL27FEB25P245,OPTSTK,9.75,1699200,9.75,9.85,792000,3600,12600,BPCL,245.0,PE,27-FEB-2025
2025-02-03 10:13:33.221799,BPCL27FEB25P245,OPTSTK,9.75,1699200,9.75,9.85,792000,3600,12600,BPCL,245.0,PE,27-FEB-2025
2025-02-03 10:13:45.345379,BPCL27FEB25P245,OPTSTK,9.75,1699200,9.75,9.9,792000,10800,14400,BPCL,245.0,PE,27-FEB-2025
2025-02-03 10:13:56.386534,BPCL27FEB25P245,OPTSTK,9.75,1699200,9.75,9.9,792000,10800,14400,BPCL,245.0,PE,27-FEB-2025
2025-02-03 10:14:05.264666,BPCL27FEB25P245,OPTSTK,9.75,1699200,9.75,9.9,792000,10800,14400,BPCL,245.0,PE,27-FEB-2025
2025-02-03 10:14:13.226023,BPCL27FEB25P245,OPTSTK,9.75,1699200,9.8,9.9,792000,3600,10800,BPCL,245.0,PE,27-FEB-2025
2025-02-03 10:14:20.872162,BPCL27FEB25P245,OPTSTK,9.8,1699200,9.8,9.9,792000,3600,10800,BPCL,245.0,PE,27-FEB-2025
2025-02-03 10:14:28.340635,BPCL27FEB25P245,OPTSTK,9.8,1699200,9.8,9.9,792000,3600,10800,BPCL,245.0,PE,27-FEB-2025
2025-02-03 10:14:37.534411,BPCL27FEB25P245,OPTSTK,9.75,1706400,9.7,9.8,792000,7200,10800,BPCL,245.0,PE,27-FEB-2025
2025-02-03 10:14:44.900697,BPCL27FEB25P245,OPTSTK,9.8,1706400,9.7,9.8,792000,7200,10800,BPCL,245.0,PE,27-FEB-2025
2025-02-03 10:14:52.896760,BPCL27FEB25P245,OPTSTK,9.9,1719000,9.8,9.9,792000,5400,7200,BPCL,245.0,PE,27-FEB-2025
2025-02-03 10:15:07.834158,BPCL27FEB25P245,OPTSTK,9.95,1719000,9.8,9.9,792000,5400,7200,BPCL,245.0,PE,27-FEB-2025
2025-02-03 10:15:17.514445,BPCL27FEB25P245,OPTSTK,9.95,1726200,9.9,10.0,792000,7200,7200,BPCL,245.0,PE,27-FEB-2025
2025-02-03 10:15:26.794558,BPCL27FEB25P245,OPTSTK,9.95,1726200,9.9,10.0,792000,7200,7200,BPCL,245.0,PE,27-FEB-2025
2025-02-03 10:15:34.411364,BPCL27FEB25P245,OPTSTK,9.95,1726200,9.9,10.0,792000,7200,7200,BPCL,245.0,PE,27-FEB-2025
2025-02-03 10:15:42.289101,BPCL27FEB25P245,OPTSTK,9.95,1726200,9.9,10.0,792000,7200,7200,BPCL,245.0,PE,27-FEB-2025
2025-02-03 10:15:49.679218,BPCL27FEB25P245,OPTSTK,9.95,1726200,10.0,10.1,792000,5400,10800,BPCL,245.0,PE,27-FEB-2025
2025-02-03 10:15:57.102424,BPCL27FEB25P245,OPTSTK,9.95,1726200,10.0,10.1,792000,5400,10800,BPCL,245.0,PE,27-FEB-2025
2025-02-03 10:16:04.528643,BPCL27FEB25P245,OPTSTK,9.95,1726200,10.0,10.1,792000,5400,10800,BPCL,245.0,PE,27-FEB-2025
2025-02-03 10:16:13.599631,BPCL27FEB25P245,OPTSTK,10.0,1726200,10.0,10.1,795600,9000,10800,BPCL,245.0,PE,27-FEB-2025
2025-02-03 10:16:23.738918,BPCL27FEB25P245,OPTSTK,10.0,1726200,10.0,10.1,795600,9000,10800,BPCL,245.0,PE,27-FEB-2025
2025-02-03 10:16:32.335437,BPCL27FEB25P245,OPTSTK,10.0,1729800,9.95,10.05,795600,1800,10800,BPCL,245.0,PE,27-FEB-2025
2025-02-03 10:16:40.976537,BPCL27FEB25P245,OPTSTK,10.0,1729800,9.95,10.05,795600,1800,10800,BPCL,245.0,PE,27-FEB-2025
2025-02-03 10:16:51.109870,BPCL27FEB25P245,OPTSTK,10.0,1729800,9.95,10.05,795600,1800,10800,BPCL,245.0,PE,27-FEB-2025
2025-02-03 10:17:01.721017,BPCL27FEB25P245,OPTSTK,10.0,1731600,10.0,10.1,795600,1800,7200,BPCL,245.0,PE,27-FEB-2025
2025-02-03 10:17:11.523120,BPCL27FEB25P245,OPTSTK,10.0,1731600,10.0,10.1,795600,1800,7200,BPCL,245.0,PE,27-FEB-2025
2025-02-03 10:17:21.881450,BPCL27FEB25P245,OPTSTK,10.0,1731600,9.9,10.0,795600,1800,10800,BPCL,245.0,PE,27-FEB-2025
2025-02-03 10:17:32.789613,BPCL27FEB25P245,OPTSTK,10.0,1731600,9.9,10.0,795600,1800,10800,BPCL,245.0,PE,27-FEB-2025
2025-02-03 10:17:42.316365,BPCL27FEB25P245,OPTSTK,10.0,1731600,9.95,10.05,795600,5400,3600,BPCL,245.0,PE,27-FEB-2025
2025-02-03 10:17:49.672900,BPCL27FEB25P245,OPTSTK,9.95,1731600,9.95,10.05,795600,5400,3600,BPCL,245.0,PE,27-FEB-2025
2025-02-03 10:17:57.374493,BPCL27FEB25P245,OPTSTK,9.95,1731600,9.95,10.05,795600,5400,3600,BPCL,245.0,PE,27-FEB-2025
2025-02-03 10:18:09.085031,BPCL27FEB25P245,OPTSTK,9.95,1733400,9.9,9.95,795600,1800,3600,BPCL,245.0,PE,27-FEB-2025
2025-02-03 10:18:18.380589,BPCL27FEB25P245,OPTSTK,9.95,1733400,9.9,9.95,795600,1800,3600,BPCL,245.0,PE,27-FEB-2025
2025-02-03 10:18:25.805101,BPCL27FEB25P245,OPTSTK,9.95,1733400,9.9,9.95,795600,1800,3600,BPCL,245.0,PE,27-FEB-2025
2025-02-03 10:18:33.177283,BPCL27FEB25P245,OPTSTK,9.95,1733400,9.9,10.0,795600,5400,5400,BPCL,245.0,PE,27-FEB-2025
2025-02-03 10:18:40.610187,BPCL27FEB25P245,OPTSTK,9.95,1733400,9.9,10.0,795600,5400,5400,BPCL,245.0,PE,27-FEB-2025
2025-02-03 10:18:51.800167,BPCL27FEB25P245,OPTSTK,9.95,1733400,9.95,10.1,795600,10800,9000,BPCL,245.0,PE,27-FEB-2025
2025-02-03 10:19:03.687324,BPCL27FEB25P245,OPTSTK,9.95,1733400,9.95,10.1,795600,10800,9000,BPCL,245.0,PE,27-FEB-2025
2025-02-03 10:19:13.288981,BPCL27FEB25P245,OPTSTK,9.95,1733400,10.0,10.1,795600,1800,5400,BPCL,245.0,PE,27-FEB-2025
2025-02-03 10:19:23.085347,BPCL27FEB25P245,OPTSTK,9.95,1733400,10.0,10.1,795600,1800,5400,BPCL,245.0,PE,27-FEB-2025
2025-02-03 10:19:32.292043,BPCL27FEB25P245,OPTSTK,10.0,1733400,10.0,10.1,797400,1800,5400,BPCL,245.0,PE,27-FEB-2025
2025-02-03 10:19:39.884451,BPCL27FEB25P245,OPTSTK,10.0,1737000,9.85,9.95,797400,1800,7200,BPCL,245.0,PE,27-FEB-2025
2025-02-03 10:19:47.455535,BPCL27FEB25P245,OPTSTK,10.0,1737000,9.85,9.95,797400,1800,7200,BPCL,245.0,PE,27-FEB-2025
2025-02-03 10:19:54.523444,BPCL27FEB25P245,OPTSTK,10.0,1737000,9.85,9.95,797400,1800,7200,BPCL,245.0,PE,27-FEB-2025
2025-02-03 10:20:04.684337,BPCL27FEB25P245,OPTSTK,10.0,1737000,9.75,9.9,797400,14400,12600,BPCL,245.0,PE,27-FEB-2025
2025-02-03 10:20:14.924047,BPCL27FEB25P245,OPTSTK,9.9,1737000,9.75,9.9,797400,14400,12600,BPCL,245.0,PE,27-FEB-2025
2025-02-03 10:20:22.407835,BPCL27FEB25P245,OPTSTK,9.9,1738800,9.7,9.85,797400,14400,9000,BPCL,245.0,PE,27-FEB-2025
2025-02-03 10:20:29.879274,BPCL27FEB25P245,OPTSTK,9.9,1738800,9.7,9.85,797400,14400,9000,BPCL,245.0,PE,27-FEB-2025
2025-02-03 10:20:37.345132,BPCL27FEB25P245,OPTSTK,9.9,1738800,9.7,9.85,797400,14400,9000,BPCL,245.0,PE,27-FEB-2025
2025-02-03 10:20:44.903496,BPCL27FEB25P245,OPTSTK,9.85,1740600,9.65,9.8,797400,16200,12600,BPCL,245.0,PE,27-FEB-2025
2025-02-03 10:20:52.931350,BPCL27FEB25P245,OPTSTK,9.65,1740600,9.65,9.8,797400,16200,12600,BPCL,245.0,PE,27-FEB-2025
2025-02-03 10:21:03.898313,BPCL27FEB25P245,OPTSTK,9.55,1740600,9.65,9.8,797400,16200,12600,BPCL,245.0,PE,27-FEB-2025
2025-02-03 10:21:14.866910,BPCL27FEB25P245,OPTSTK,9.55,1746000,9.4,9.5,797400,12600,3600,BPCL,245.0,PE,27-FEB-2025
2025-02-03 10:21:25.586878,BPCL27FEB25P245,OPTSTK,9.35,1746000,9.4,9.5,797400,12600,3600,BPCL,245.0,PE,27-FEB-2025
2025-02-03 10:21:36.345754,BPCL27FEB25P245,OPTSTK,9.3,1749600,9.2,9.3,797400,9000,9000,BPCL,245.0,PE,27-FEB-2025
2025-02-03 10:21:44.705465,BPCL27FEB25P245,OPTSTK,9.15,1749600,9.2,9.3,797400,9000,9000,BPCL,245.0,PE,27-FEB-2025
2025-02-03 10:21:52.164946,BPCL27FEB25P245,OPTSTK,9.1,1749600,9.2,9.3,808200,9000,9000,BPCL,245.0,PE,27-FEB-2025
2025-02-03 10:21:59.738423,BPCL27FEB25P245,OPTSTK,9.1,1755000,9.0,9.1,808200,7200,1800,BPCL,245.0,PE,27-FEB-2025
2025-02-03 10:22:07.097915,BPCL27FEB25P245,OPTSTK,9.1,1755000,9.0,9.1,808200,7200,1800,BPCL,245.0,PE,27-FEB-2025
2025-02-03 10:22:14.362273,BPCL27FEB25P245,OPTSTK,9.25,1755000,9.0,9.1,808200,7200,1800,BPCL,245.0,PE,27-FEB-2025
2025-02-03 10:22:22.529338,BPCL27FEB25P245,OPTSTK,9.25,1760400,9.15,9.25,808200,1800,9000,BPCL,245.0,PE,27-FEB-2025
2025-02-03 10:22:30.493835,BPCL27FEB25P245,OPTSTK,9.4,1760400,9.15,9.25,808200,1800,9000,BPCL,245.0,PE,27-FEB-2025
2025-02-03 10:22:41.807744,BPCL27FEB25P245,OPTSTK,9.15,1764000,9.2,9.3,808200,5400,7200,BPCL,245.0,PE,27-FEB-2025
2025-02-03 10:22:53.119017,BPCL27FEB25P245,OPTSTK,9.15,1764000,9.2,9.3,808200,5400,7200,BPCL,245.0,PE,27-FEB-2025
2025-02-03 10:23:00.758178,BPCL27FEB25P245,OPTSTK,9.1,1764000,9.2,9.3,808200,5400,7200,BPCL,245.0,PE,27-FEB-2025
2025-02-03 10:23:16.141039,BPCL27FEB25P245,OPTSTK,9.1,1767600,9.0,9.1,808200,3600,5400,BPCL,245.0,PE,27-FEB-2025
2025-02-03 10:23:27.665979,BPCL27FEB25P245,OPTSTK,9.1,1767600,9.15,9.25,808200,3600,10800,BPCL,245.0,PE,27-FEB-2025
2025-02-03 10:23:36.807836,BPCL27FEB25P245,OPTSTK,9.1,1767600,9.15,9.25,808200,3600,10800,BPCL,245.0,PE,27-FEB-2025
2025-02-03 10:23:44.926093,BPCL27FEB25P245,OPTSTK,9.1,1767600,9.15,9.25,808200,3600,10800,BPCL,245.0,PE,27-FEB-2025
2025-02-03 10:23:52.543264,BPCL27FEB25P245,OPTSTK,9.1,1767600,9.2,9.3,808200,3600,7200,BPCL,245.0,PE,27-FEB-2025
2025-02-03 10:24:00.043997,BPCL27FEB25P245,OPTSTK,9.1,1767600,9.2,9.3,808200,3600,7200,BPCL,245.0,PE,27-FEB-2025
2025-02-03 10:24:07.307141,BPCL27FEB25P245,OPTSTK,9.1,1767600,9.2,9.3,808200,3600,7200,BPCL,245.0,PE,27-FEB-2025
2025-02-03 10:24:14.726965,BPCL27FEB25P245,OPTSTK,9.1,1767600,9.25,9.35,808200,3600,7200,BPCL,245.0,PE,27-FEB-2025
2025-02-03 10:24:22.364621,BPCL27FEB25P245,OPTSTK,9.1,1767600,9.25,9.35,808200,3600,7200,BPCL,245.0,PE,27-FEB-2025
2025-02-03 10:24:29.755665,BPCL27FEB25P245,OPTSTK,9.1,1767600,9.25,9.35,808200,3600,7200,BPCL,245.0,PE,27-FEB-2025
2025-02-03 10:24:37.052856,BPCL27FEB25P245,OPTSTK,9.1,1767600,9.25,9.3,808200,1800,5400,BPCL,245.0,PE,27-FEB-2025
2025-02-03 10:24:44.542676,BPCL27FEB25P245,OPTSTK,9.1,1767600,9.25,9.3,808200,1800,5400,BPCL,245.0,PE,27-FEB-2025
2025-02-03 10:24:52.378731,BPCL27FEB25P245,OPTSTK,9.1,1767600,9.25,9.3,808200,1800,5400,BPCL,245.0,PE,27-FEB-2025
2025-02-03 10:25:00.838252,BPCL27FEB25P245,OPTSTK,9.1,1767600,9.25,9.35,808200,5400,7200,BPCL,245.0,PE,27-FEB-2025
2025-02-03 10:25:08.191938,BPCL27FEB25P245,OPTSTK,9.1,1767600,9.25,9.35,808200,5400,7200,BPCL,245.0,PE,27-FEB-2025
2025-02-03 10:25:15.753799,BPCL27FEB25P245,OPTSTK,9.1,1767600,9.25,9.35,808200,5400,7200,BPCL,245.0,PE,27-FEB-2025
2025-02-03 10:25:23.271680,BPCL27FEB25P245,OPTSTK,9.1,1767600,9.25,9.35,808200,1800,10800,BPCL,245.0,PE,27-FEB-2025
2025-02-03 10:25:31.114095,BPCL27FEB25P245,OPTSTK,9.1,1767600,9.25,9.35,808200,1800,10800,BPCL,245.0,PE,27-FEB-2025
2025-02-03 10:25:38.458326,BPCL27FEB25P245,OPTSTK,9.1,1767600,9.25,9.35,808200,1800,10800,BPCL,245.0,PE,27-FEB-2025
2025-02-03 10:25:45.835804,BPCL27FEB25P245,OPTSTK,9.1,1767600,9.15,9.25,808200,7200,3600,BPCL,245.0,PE,27-FEB-2025
2025-02-03 10:25:53.373129,BPCL27FEB25P245,OPTSTK,9.1,1767600,9.15,9.25,808200,7200,3600,BPCL,245.0,PE,27-FEB-2025
2025-02-03 10:26:02.245233,BPCL27FEB25P245,OPTSTK,9.1,1767600,9.15,9.25,808200,7200,3600,BPCL,245.0,PE,27-FEB-2025
2025-02-03 10:26:09.671504,BPCL27FEB25P245,OPTSTK,9.25,1771200,9.15,9.25,806400,5400,3600,BPCL,245.0,PE,27-FEB-2025
2025-02-03 10:26:17.058369,BPCL27FEB25P245,OPTSTK,9.05,1771200,9.15,9.25,806400,5400,3600,BPCL,245.0,PE,27-FEB-2025
2025-02-03 10:26:24.707697,BPCL27FEB25P245,OPTSTK,9.05,1771200,9.15,9.25,806400,5400,3600,BPCL,245.0,PE,27-FEB-2025
2025-02-03 10:26:33.396854,BPCL27FEB25P245,OPTSTK,8.8,1774800,8.85,8.9,806400,1800,3600,BPCL,245.0,PE,27-FEB-2025
2025-02-03 10:26:42.344861,BPCL27FEB25P245,OPTSTK,8.8,1774800,8.85,8.9,806400,1800,3600,BPCL,245.0,PE,27-FEB-2025
2025-02-03 10:26:51.931419,BPCL27FEB25P245,OPTSTK,8.8,1782000,8.95,9.05,806400,1800,12600,BPCL,245.0,PE,27-FEB-2025
2025-02-03 10:27:02.235984,BPCL27FEB25P245,OPTSTK,8.8,1782000,8.95,9.05,806400,1800,12600,BPCL,245.0,PE,27-FEB-2025
2025-02-03 10:27:13.185328,BPCL27FEB25P245,OPTSTK,8.7,1805400,8.7,8.8,806400,9000,7200,BPCL,245.0,PE,27-FEB-2025
2025-02-03 10:27:22.645118,BPCL27FEB25P245,OPTSTK,8.6,1805400,8.7,8.8,806400,9000,7200,BPCL,245.0,PE,27-FEB-2025
2025-02-03 10:27:30.097339,BPCL27FEB25P245,OPTSTK,8.5,1805400,8.7,8.8,806400,9000,7200,BPCL,245.0,PE,27-FEB-2025
2025-02-03 10:27:38.016688,BPCL27FEB25P245,OPTSTK,8.55,1837800,8.5,8.6,806400,10800,5400,BPCL,245.0,PE,27-FEB-2025
2025-02-03 10:27:45.423692,BPCL27FEB25P245,OPTSTK,8.55,1837800,8.5,8.6,806400,10800,5400,BPCL,245.0,PE,27-FEB-2025
2025-02-03 10:27:52.543148,BPCL27FEB25P245,OPTSTK,8.6,1837800,8.5,8.6,810000,10800,5400,BPCL,245.0,PE,27-FEB-2025
2025-02-03 10:27:59.841599,BPCL27FEB25P245,OPTSTK,8.6,1845000,8.5,8.6,810000,10800,3600,BPCL,245.0,PE,27-FEB-2025
2025-02-03 10:28:07.110348,BPCL27FEB25P245,OPTSTK,8.4,1845000,8.5,8.6,810000,10800,3600,BPCL,245.0,PE,27-FEB-2025
2025-02-03 10:28:14.591597,BPCL27FEB25P245,OPTSTK,8.4,1845000,8.5,8.6,810000,10800,3600,BPCL,245.0,PE,27-FEB-2025
2025-02-03 10:28:22.138321,BPCL27FEB25P245,OPTSTK,8.4,1850400,8.5,8.55,810000,1800,1800,BPCL,245.0,PE,27-FEB-2025
2025-02-03 10:28:29.320161,BPCL27FEB25P245,OPTSTK,8.4,1850400,8.5,8.55,810000,1800,1800,BPCL,245.0,PE,27-FEB-2025
2025-02-03 10:28:36.598619,BPCL27FEB25P245,OPTSTK,8.5,1850400,8.5,8.55,810000,1800,1800,BPCL,245.0,PE,27-FEB-2025
2025-02-03 10:28:43.862333,BPCL27FEB25P245,OPTSTK,8.6,1850400,8.5,8.55,810000,1800,1800,BPCL,245.0,PE,27-FEB-2025
2025-02-03 10:28:52.193863,BPCL27FEB25P245,OPTSTK,8.65,1854000,8.55,8.7,810000,12600,16200,BPCL,245.0,PE,27-FEB-2025
2025-02-03 10:29:06.011085,BPCL27FEB25P245,OPTSTK,9.0,1863000,9.0,9.1,810000,1800,16200,BPCL,245.0,PE,27-FEB-2025
2025-02-03 10:29:18.686028,BPCL27FEB25P245,OPTSTK,8.9,1863000,9.0,9.1,810000,1800,16200,BPCL,245.0,PE,27-FEB-2025
2025-02-03 10:29:26.802774,BPCL27FEB25P245,OPTSTK,8.9,1863000,9.0,9.1,810000,1800,16200,BPCL,245.0,PE,27-FEB-2025
2025-02-03 10:29:34.444191,BPCL27FEB25P245,OPTSTK,8.9,1864800,8.75,8.9,810000,12600,10800,BPCL,245.0,PE,27-FEB-2025
2025-02-03 10:29:47.331509,BPCL27FEB25P245,OPTSTK,8.9,1864800,8.75,8.9,810000,12600,10800,BPCL,245.0,PE,27-FEB-2025
2025-02-03 10:29:55.543665,BPCL27FEB25P245,OPTSTK,8.9,1864800,8.7,8.8,810000,10800,5400,BPCL,245.0,PE,27-FEB-2025
2025-02-03 10:30:03.028967,BPCL27FEB25P245,OPTSTK,8.5,1864800,8.7,8.8,810000,10800,5400,BPCL,245.0,PE,27-FEB-2025
2025-02-03 10:30:10.330164,BPCL27FEB25P245,OPTSTK,8.5,1864800,8.7,8.8,810000,10800,5400,BPCL,245.0,PE,27-FEB-2025
2025-02-03 10:30:17.771943,BPCL27FEB25P245,OPTSTK,8.5,1877400,8.4,8.5,810000,9000,10800,BPCL,245.0,PE,27-FEB-2025
2025-02-03 10:30:26.382670,BPCL27FEB25P245,OPTSTK,8.5,1877400,8.4,8.5,810000,9000,10800,BPCL,245.0,PE,27-FEB-2025
2025-02-03 10:30:33.583077,BPCL27FEB25P245,OPTSTK,8.55,1877400,8.4,8.5,810000,9000,10800,BPCL,245.0,PE,27-FEB-2025
2025-02-03 10:30:40.931621,BPCL27FEB25P245,OPTSTK,8.55,1877400,8.4,8.5,810000,9000,10800,BPCL,245.0,PE,27-FEB-2025
2025-02-03 10:30:48.442700,BPCL27FEB25P245,OPTSTK,8.55,1879200,8.5,8.55,810000,3600,10800,BPCL,245.0,PE,27-FEB-2025
2025-02-03 10:30:55.665085,BPCL27FEB25P245,OPTSTK,8.5,1879200,8.5,8.55,804600,3600,10800,BPCL,245.0,PE,27-FEB-2025
2025-02-03 10:31:02.919510,BPCL27FEB25P245,OPTSTK,8.5,1879200,8.5,8.55,804600,3600,10800,BPCL,245.0,PE,27-FEB-2025
2025-02-03 10:31:10.659177,BPCL27FEB25P245,OPTSTK,8.5,1882800,8.45,8.55,804600,9000,10800,BPCL,245.0,PE,27-FEB-2025
2025-02-03 10:31:17.999690,BPCL27FEB25P245,OPTSTK,8.4,1882800,8.45,8.55,804600,9000,10800,BPCL,245.0,PE,27-FEB-2025
2025-02-03 10:31:25.212012,BPCL27FEB25P245,OPTSTK,8.4,1882800,8.45,8.55,804600,9000,10800,BPCL,245.0,PE,27-FEB-2025
2025-02-03 10:31:32.599917,BPCL27FEB25P245,OPTSTK,8.4,1888200,8.35,8.45,804600,9000,10800,BPCL,245.0,PE,27-FEB-2025
2025-02-03 10:31:39.785422,BPCL27FEB25P245,OPTSTK,8.25,1888200,8.35,8.45,804600,9000,10800,BPCL,245.0,PE,27-FEB-2025
2025-02-03 10:31:47.504368,BPCL27FEB25P245,OPTSTK,8.45,1908000,8.4,8.5,804600,12600,7200,BPCL,245.0,PE,27-FEB-2025
2025-02-03 10:34:39.459336,BPCL27FEB25P245,OPTSTK,8.45,1908000,8.4,8.5,804600,12600,7200,BPCL,245.0,PE,27-FEB-2025
2025-02-03 10:34:47.380841,BPCL27FEB25P245,OPTSTK,8.35,1908000,8.4,8.5,817200,12600,7200,BPCL,245.0,PE,27-FEB-2025
2025-02-03 10:34:55.544434,BPCL27FEB25P245,OPTSTK,8.35,1911600,8.25,8.3,817200,5400,1800,BPCL,245.0,PE,27-FEB-2025
2025-02-03 10:35:02.912994,BPCL27FEB25P245,OPTSTK,8.25,1911600,8.25,8.3,817200,5400,1800,BPCL,245.0,PE,27-FEB-2025
2025-02-03 10:35:10.149801,BPCL27FEB25P245,OPTSTK,8.25,1911600,8.25,8.3,817200,5400,1800,BPCL,245.0,PE,27-FEB-2025
2025-02-03 10:35:17.465433,BPCL27FEB25P245,OPTSTK,8.05,1920600,8.0,8.1,819000,9000,7200,BPCL,245.0,PE,27-FEB-2025
2025-02-03 10:38:26.386442,BPCL27FEB25P245,OPTSTK,8.05,1920600,8.0,8.1,819000,9000,7200,BPCL,245.0,PE,27-FEB-2025
2025-02-03 10:38:34.112239,BPCL27FEB25P245,OPTSTK,8.05,1920600,8.0,8.1,819000,9000,7200,BPCL,245.0,PE,27-FEB-2025
2025-02-03 10:38:42.300738,BPCL27FEB25P245,OPTSTK,8.25,1922400,8.2,8.25,819000,1800,5400,BPCL,245.0,PE,27-FEB-2025
2025-02-03 10:38:50.063996,BPCL27FEB25P245,OPTSTK,8.25,1922400,8.2,8.25,819000,1800,5400,BPCL,245.0,PE,27-FEB-2025
2025-02-03 10:38:57.994676,BPCL27FEB25P245,OPTSTK,8.35,1942200,8.3,8.4,815400,5400,14400,BPCL,245.0,PE,27-FEB-2025
2025-02-03 10:40:50.489871,BPCL27FEB25P245,OPTSTK,8.3,1942200,8.3,8.4,815400,5400,14400,BPCL,245.0,PE,27-FEB-2025
2025-02-03 10:40:58.274419,BPCL27FEB25P245,OPTSTK,8.3,1944000,8.2,8.35,815400,9000,10800,BPCL,245.0,PE,27-FEB-2025
2025-02-03 10:41:06.782384,BPCL27FEB25P245,OPTSTK,8.3,1944000,8.2,8.35,815400,9000,10800,BPCL,245.0,PE,27-FEB-2025
2025-02-03 10:41:15.906003,BPCL27FEB25P245,OPTSTK,8.3,1944000,8.2,8.35,815400,9000,10800,BPCL,245.0,PE,27-FEB-2025
2025-02-03 10:41:23.291110,BPCL27FEB25P245,OPTSTK,8.05,1947600,8.05,8.15,811800,5400,12600,BPCL,245.0,PE,27-FEB-2025
2025-02-03 10:43:59.322773,BPCL27FEB25P245,OPTSTK,8.05,1949400,8.0,8.1,811800,10800,7200,BPCL,245.0,PE,27-FEB-2025
2025-02-03 10:44:07.423169,BPCL27FEB25P245,OPTSTK,8.05,1949400,8.0,8.1,811800,10800,7200,BPCL,245.0,PE,27-FEB-2025
2025-02-03 10:44:20.497011,BPCL27FEB25P245,OPTSTK,8.0,1949400,8.0,8.1,811800,7200,16200,BPCL,245.0,PE,27-FEB-2025
2025-02-03 10:44:31.557140,BPCL27FEB25P245,OPTSTK,8.0,1949400,8.0,8.1,811800,7200,16200,BPCL,245.0,PE,27-FEB-2025
2025-02-03 10:44:43.687728,BPCL27FEB25P245,OPTSTK,8.0,1951200,8.0,8.1,811800,7200,14400,BPCL,245.0,PE,27-FEB-2025
2025-02-03 10:44:52.224325,BPCL27FEB25P245,OPTSTK,8.0,1951200,8.0,8.1,811800,7200,14400,BPCL,245.0,PE,27-FEB-2025
2025-02-03 10:45:01.619077,BPCL27FEB25P245,OPTSTK,7.95,1951200,8.0,8.1,811800,7200,14400,BPCL,245.0,PE,27-FEB-2025
2025-02-03 10:45:09.453176,BPCL27FEB25P245,OPTSTK,7.95,1960200,7.9,8.0,811800,5400,7200,BPCL,245.0,PE,27-FEB-2025
2025-02-03 12:02:22.495489,BPCL27FEB25P245,OPTSTK,7.4,2980800,7.3,7.4,887400,10800,1800,BPCL,245.0,PE,27-FEB-2025
2025-02-03 12:02:29.160118,BPCL27FEB25P245,OPTSTK,7.4,2980800,7.3,7.4,887400,10800,1800,BPCL,245.0,PE,27-FEB-2025
2025-02-03 12:02:35.537620,BPCL27FEB25P245,OPTSTK,7.4,2980800,7.3,7.4,887400,10800,1800,BPCL,245.0,PE,27-FEB-2025
2025-02-03 12:02:41.835332,BPCL27FEB25P245,OPTSTK,7.4,2980800,7.35,7.45,887400,3600,12600,BPCL,245.0,PE,27-FEB-2025
2025-02-03 12:02:48.310071,BPCL27FEB25P245,OPTSTK,7.4,2980800,7.35,7.45,887400,3600,12600,BPCL,245.0,PE,27-FEB-2025
2025-02-03 12:02:54.442539,BPCL27FEB25P245,OPTSTK,7.4,2980800,7.35,7.45,887400,3600,12600,BPCL,245.0,PE,27-FEB-2025
2025-02-03 12:03:01.072712,BPCL27FEB25P245,OPTSTK,7.4,2980800,7.35,7.45,887400,3600,12600,BPCL,245.0,PE,27-FEB-2025
2025-02-03 12:03:07.547840,BPCL27FEB25P245,OPTSTK,7.4,2980800,7.35,7.45,887400,10800,5400,BPCL,245.0,PE,27-FEB-2025
2025-02-03 12:03:14.798111,BPCL27FEB25P245,OPTSTK,7.4,2980800,7.35,7.45,887400,10800,5400,BPCL,245.0,PE,27-FEB-2025
2025-02-03 12:03:23.493666,BPCL27FEB25P245,OPTSTK,7.4,2980800,7.35,7.45,887400,10800,5400,BPCL,245.0,PE,27-FEB-2025
2025-02-03 12:03:31.167340,BPCL27FEB25P245,OPTSTK,7.4,2980800,7.4,7.45,887400,3600,1800,BPCL,245.0,PE,27-FEB-2025
2025-02-03 12:03:37.577525,BPCL27FEB25P245,OPTSTK,7.4,2980800,7.4,7.45,887400,3600,1800,BPCL,245.0,PE,27-FEB-2025
2025-02-03 12:03:44.256401,BPCL27FEB25P245,OPTSTK,7.4,2980800,7.4,7.45,887400,3600,1800,BPCL,245.0,PE,27-FEB-2025
2025-02-03 12:03:50.940092,BPCL27FEB25P245,OPTSTK,7.4,2980800,7.4,7.45,887400,1800,1800,BPCL,245.0,PE,27-FEB-2025
2025-02-03 12:03:57.496482,BPCL27FEB25P245,OPTSTK,7.4,2980800,7.4,7.45,887400,1800,1800,BPCL,245.0,PE,27-FEB-2025
2025-02-03 12:04:04.124672,BPCL27FEB25P245,OPTSTK,7.4,2980800,7.4,7.45,887400,1800,1800,BPCL,245.0,PE,27-FEB-2025
2025-02-03 12:04:10.517507,BPCL27FEB25P245,OPTSTK,7.45,2980800,7.35,7.45,889200,14400,3600,BPCL,245.0,PE,27-FEB-2025
2025-02-03 12:04:17.082864,BPCL27FEB25P245,OPTSTK,7.45,2980800,7.35,7.45,889200,14400,3600,BPCL,245.0,PE,27-FEB-2025
2025-02-03 12:04:23.491034,BPCL27FEB25P245,OPTSTK,7.55,2980800,7.35,7.45,889200,14400,3600,BPCL,245.0,PE,27-FEB-2025
2025-02-03 12:04:30.613074,BPCL27FEB25P245,OPTSTK,7.55,2993400,7.5,7.6,889200,7200,5400,BPCL,245.0,PE,27-FEB-2025
2025-02-03 12:04:39.374480,BPCL27FEB25P245,OPTSTK,7.55,2993400,7.5,7.6,889200,7200,5400,BPCL,245.0,PE,27-FEB-2025
2025-02-03 12:04:47.358396,BPCL27FEB25P245,OPTSTK,7.55,2993400,7.5,7.6,889200,7200,5400,BPCL,245.0,PE,27-FEB-2025
2025-02-03 12:04:53.723411,BPCL27FEB25P245,OPTSTK,7.55,2995200,7.5,7.6,889200,5400,7200,BPCL,245.0,PE,27-FEB-2025
2025-02-03 12:05:00.218201,BPCL27FEB25P245,OPTSTK,7.55,2995200,7.5,7.6,889200,5400,7200,BPCL,245.0,PE,27-FEB-2025
2025-02-03 12:05:06.863694,BPCL27FEB25P245,OPTSTK,7.55,2995200,7.5,7.6,889200,5400,7200,BPCL,245.0,PE,27-FEB-2025
2025-02-03 12:05:13.487224,BPCL27FEB25P245,OPTSTK,7.55,2995200,7.5,7.6,889200,9000,3600,BPCL,245.0,PE,27-FEB-2025
2025-02-03 12:05:20.337355,BPCL27FEB25P245,OPTSTK,7.6,2995200,7.5,7.6,889200,9000,3600,BPCL,245.0,PE,27-FEB-2025
2025-02-03 12:05:27.104185,BPCL27FEB25P245,OPTSTK,7.6,2995200,7.5,7.6,889200,9000,3600,BPCL,245.0,PE,27-FEB-2025
2025-02-03 12:05:33.677661,BPCL27FEB25P245,OPTSTK,7.6,2997000,7.55,7.65,889200,9000,7200,BPCL,245.0,PE,27-FEB-2025
2025-02-03 12:05:40.181061,BPCL27FEB25P245,OPTSTK,7.6,2997000,7.55,7.65,889200,9000,7200,BPCL,245.0,PE,27-FEB-2025
2025-02-03 12:05:47.118992,BPCL27FEB25P245,OPTSTK,7.6,2997000,7.55,7.65,889200,9000,7200,BPCL,245.0,PE,27-FEB-2025
2025-02-03 12:05:55.774945,BPCL27FEB25P245,OPTSTK,7.6,2997000,7.6,7.7,889200,9000,7200,BPCL,245.0,PE,27-FEB-2025
2025-02-03 12:06:03.408807,BPCL27FEB25P245,OPTSTK,7.6,2997000,7.6,7.7,889200,9000,7200,BPCL,245.0,PE,27-FEB-2025
2025-02-03 12:06:10.120414,BPCL27FEB25P245,OPTSTK,7.6,2997000,7.6,7.7,889200,9000,7200,BPCL,245.0,PE,27-FEB-2025
2025-02-03 12:06:17.162783,BPCL27FEB25P245,OPTSTK,7.6,2997000,7.5,7.65,889200,12600,7200,BPCL,245.0,PE,27-FEB-2025
2025-02-03 12:06:23.545967,BPCL27FEB25P245,OPTSTK,7.6,2997000,7.5,7.65,889200,12600,7200,BPCL,245.0,PE,27-FEB-2025
2025-02-03 12:06:30.116975,BPCL27FEB25P245,OPTSTK,7.6,2997000,7.5,7.65,889200,12600,7200,BPCL,245.0,PE,27-FEB-2025
2025-02-03 12:06:36.843339,BPCL27FEB25P245,OPTSTK,7.6,2998800,7.55,7.65,889200,9000,5400,BPCL,245.0,PE,27-FEB-2025
2025-02-03 12:06:43.874922,BPCL27FEB25P245,OPTSTK,7.6,2998800,7.55,7.65,889200,9000,5400,BPCL,245.0,PE,27-FEB-2025
2025-02-03 12:06:50.781930,BPCL27FEB25P245,OPTSTK,7.6,2998800,7.55,7.65,889200,9000,5400,BPCL,245.0,PE,27-FEB-2025
2025-02-03 12:06:59.984782,BPCL27FEB25P245,OPTSTK,7.6,2998800,7.55,7.65,889200,5400,5400,BPCL,245.0,PE,27-FEB-2025
2025-02-03 12:07:09.193038,BPCL27FEB25P245,OPTSTK,7.6,2998800,7.55,7.65,889200,5400,5400,BPCL,245.0,PE,27-FEB-2025
2025-02-03 12:07:16.901949,BPCL27FEB25P245,OPTSTK,7.6,2998800,7.55,7.65,889200,5400,3600,BPCL,245.0,PE,27-FEB-2025
2025-02-03 12:07:24.395123,BPCL27FEB25P245,OPTSTK,7.6,2998800,7.55,7.65,889200,5400,3600,BPCL,245.0,PE,27-FEB-2025
2025-02-03 12:07:31.915628,BPCL27FEB25P245,OPTSTK,7.6,2998800,7.55,7.65,889200,5400,3600,BPCL,245.0,PE,27-FEB-2025
2025-02-03 12:07:39.628928,BPCL27FEB25P245,OPTSTK,7.65,3000600,7.55,7.7,887400,10800,7200,BPCL,245.0,PE,27-FEB-2025
2025-02-03 12:07:46.876476,BPCL27FEB25P245,OPTSTK,7.65,3000600,7.55,7.7,887400,10800,7200,BPCL,245.0,PE,27-FEB-2025
2025-02-03 12:07:54.338502,BPCL27FEB25P245,OPTSTK,7.65,3000600,7.55,7.7,887400,10800,7200,BPCL,245.0,PE,27-FEB-2025
2025-02-03 12:08:01.752295,BPCL27FEB25P245,OPTSTK,7.7,3002400,7.6,7.7,887400,5400,5400,BPCL,245.0,PE,27-FEB-2025
2025-02-03 12:08:09.972501,BPCL27FEB25P245,OPTSTK,7.6,3002400,7.6,7.7,887400,5400,5400,BPCL,245.0,PE,27-FEB-2025
2025-02-03 12:08:17.972200,BPCL27FEB25P245,OPTSTK,7.6,3002400,7.6,7.7,887400,5400,5400,BPCL,245.0,PE,27-FEB-2025
2025-02-03 12:08:26.746816,BPCL27FEB25P245,OPTSTK,7.6,3004200,7.6,7.7,887400,3600,5400,BPCL,245.0,PE,27-FEB-2025
2025-02-03 12:08:34.261976,BPCL27FEB25P245,OPTSTK,7.6,3004200,7.6,7.7,887400,3600,5400,BPCL,245.0,PE,27-FEB-2025
2025-02-03 12:08:40.760716,BPCL27FEB25P245,OPTSTK,7.6,3004200,7.6,7.7,887400,3600,5400,BPCL,245.0,PE,27-FEB-2025
2025-02-03 12:08:47.420881,BPCL27FEB25P245,OPTSTK,7.6,3006000,7.55,7.65,887400,3600,3600,BPCL,245.0,PE,27-FEB-2025
2025-02-03 12:08:53.698292,BPCL27FEB25P245,OPTSTK,7.6,3006000,7.55,7.65,887400,3600,3600,BPCL,245.0,PE,27-FEB-2025
2025-02-03 12:09:00.068386,BPCL27FEB25P245,OPTSTK,7.6,3006000,7.55,7.65,887400,3600,3600,BPCL,245.0,PE,27-FEB-2025
2025-02-03 12:09:06.319953,BPCL27FEB25P245,OPTSTK,7.6,3009600,7.55,7.65,887400,1800,7200,BPCL,245.0,PE,27-FEB-2025
2025-02-03 12:09:12.515053,BPCL27FEB25P245,OPTSTK,7.6,3009600,7.55,7.65,887400,1800,7200,BPCL,245.0,PE,27-FEB-2025
2025-02-03 12:09:18.854341,BPCL27FEB25P245,OPTSTK,7.5,3009600,7.55,7.65,887400,1800,7200,BPCL,245.0,PE,27-FEB-2025
2025-02-03 12:09:25.053807,BPCL27FEB25P245,OPTSTK,7.5,3009600,7.55,7.65,887400,1800,7200,BPCL,245.0,PE,27-FEB-2025
2025-02-03 12:09:31.513459,BPCL27FEB25P245,OPTSTK,7.5,3011400,7.45,7.55,887400,7200,1800,BPCL,245.0,PE,27-FEB-2025
2025-02-03 12:09:39.324431,BPCL27FEB25P245,OPTSTK,7.5,3011400,7.45,7.55,887400,7200,1800,BPCL,245.0,PE,27-FEB-2025
2025-02-03 12:09:47.911842,BPCL27FEB25P245,OPTSTK,7.5,3011400,7.4,7.5,887400,9000,5400,BPCL,245.0,PE,27-FEB-2025
2025-02-03 12:09:55.334552,BPCL27FEB25P245,OPTSTK,7.5,3011400,7.4,7.5,887400,9000,5400,BPCL,245.0,PE,27-FEB-2025
2025-02-03 12:10:01.717189,BPCL27FEB25P245,OPTSTK,7.5,3011400,7.4,7.5,887400,9000,5400,BPCL,245.0,PE,27-FEB-2025
2025-02-03 12:10:08.135247,BPCL27FEB25P245,OPTSTK,7.5,3011400,7.4,7.5,887400,9000,9000,BPCL,245.0,PE,27-FEB-2025
2025-02-03 12:10:14.477131,BPCL27FEB25P245,OPTSTK,7.5,3011400,7.4,7.5,887400,9000,9000,BPCL,245.0,PE,27-FEB-2025
2025-02-03 12:10:20.703987,BPCL27FEB25P245,OPTSTK,7.5,3011400,7.4,7.5,887400,9000,9000,BPCL,245.0,PE,27-FEB-2025
2025-02-03 12:10:26.951573,BPCL27FEB25P245,OPTSTK,7.5,3011400,7.4,7.5,892800,9000,9000,BPCL,245.0,PE,27-FEB-2025
2025-02-03 12:10:33.174260,BPCL27FEB25P245,OPTSTK,7.5,3015000,7.45,7.55,892800,7200,5400,BPCL,245.0,PE,27-FEB-2025
2025-02-03 12:10:41.199737,BPCL27FEB25P245,OPTSTK,7.5,3015000,7.45,7.55,892800,7200,5400,BPCL,245.0,PE,27-FEB-2025
2025-02-03 12:10:47.779677,BPCL27FEB25P245,OPTSTK,7.5,3015000,7.45,7.55,892800,7200,5400,BPCL,245.0,PE,27-FEB-2025
2025-02-03 12:10:55.186393,BPCL27FEB25P245,OPTSTK,7.5,3015000,7.45,7.5,892800,1800,5400,BPCL,245.0,PE,27-FEB-2025
2025-02-03 12:11:03.632710,BPCL27FEB25P245,OPTSTK,7.5,3015000,7.45,7.5,892800,1800,5400,BPCL,245.0,PE,27-FEB-2025
2025-02-03 12:11:11.054897,BPCL27FEB25P245,OPTSTK,7.5,3015000,7.45,7.5,892800,1800,5400,BPCL,245.0,PE,27-FEB-2025
2025-02-03 12:11:17.364811,BPCL27FEB25P245,OPTSTK,7.45,3015000,7.45,7.5,892800,1800,5400,BPCL,245.0,PE,27-FEB-2025
2025-02-03 12:11:23.650592,BPCL27FEB25P245,OPTSTK,7.45,3015000,7.45,7.5,892800,1800,5400,BPCL,245.0,PE,27-FEB-2025
2025-02-03 12:11:29.838463,BPCL27FEB25P245,OPTSTK,7.45,3015000,7.45,7.5,892800,1800,5400,BPCL,245.0,PE,27-FEB-2025
2025-02-03 12:11:36.179363,BPCL27FEB25P245,OPTSTK,7.45,3016800,7.35,7.45,892800,7200,5400,BPCL,245.0,PE,27-FEB-2025
2025-02-03 12:11:42.521041,BPCL27FEB25P245,OPTSTK,7.45,3016800,7.35,7.45,892800,7200,5400,BPCL,245.0,PE,27-FEB-2025
2025-02-03 12:11:48.827884,BPCL27FEB25P245,OPTSTK,7.45,3016800,7.35,7.45,892800,7200,5400,BPCL,245.0,PE,27-FEB-2025
2025-02-03 12:11:55.420623,BPCL27FEB25P245,OPTSTK,7.45,3016800,7.35,7.45,892800,7200,5400,BPCL,245.0,PE,27-FEB-2025
2025-02-03 12:12:01.934417,BPCL27FEB25P245,OPTSTK,7.45,3016800,7.35,7.45,892800,7200,5400,BPCL,245.0,PE,27-FEB-2025
2025-02-03 12:12:08.113975,BPCL27FEB25P245,OPTSTK,7.45,3016800,7.35,7.45,892800,7200,5400,BPCL,245.0,PE,27-FEB-2025
2025-02-03 12:12:16.718988,BPCL27FEB25P245,OPTSTK,7.45,3016800,7.4,7.5,892800,9000,5400,BPCL,245.0,PE,27-FEB-2025
2025-02-03 12:12:24.389120,BPCL27FEB25P245,OPTSTK,7.45,3016800,7.4,7.5,892800,9000,5400,BPCL,245.0,PE,27-FEB-2025
2025-02-03 12:12:30.725101,BPCL27FEB25P245,OPTSTK,7.45,3016800,7.4,7.5,892800,9000,5400,BPCL,245.0,PE,27-FEB-2025
2025-02-03 12:12:36.882144,BPCL27FEB25P245,OPTSTK,7.45,3016800,7.4,7.5,892800,7200,7200,BPCL,245.0,PE,27-FEB-2025
2025-02-03 12:12:43.100752,BPCL27FEB25P245,OPTSTK,7.45,3016800,7.4,7.5,892800,7200,7200,BPCL,245.0,PE,27-FEB-2025
2025-02-03 12:12:49.447816,BPCL27FEB25P245,OPTSTK,7.45,3016800,7.4,7.5,892800,7200,7200,BPCL,245.0,PE,27-FEB-2025
2025-02-03 12:12:55.589660,BPCL27FEB25P245,OPTSTK,7.45,3016800,7.4,7.5,892800,7200,7200,BPCL,245.0,PE,27-FEB-2025
2025-02-03 12:13:01.720395,BPCL27FEB25P245,OPTSTK,7.45,3016800,7.4,7.5,892800,9000,5400,BPCL,245.0,PE,27-FEB-2025
2025-02-03 12:13:07.969203,BPCL27FEB25P245,OPTSTK,7.45,3016800,7.4,7.5,892800,9000,5400,BPCL,245.0,PE,27-FEB-2025
2025-02-03 12:13:14.706528,BPCL27FEB25P245,OPTSTK,7.45,3016800,7.4,7.5,892800,9000,5400,BPCL,245.0,PE,27-FEB-2025
2025-02-03 12:13:20.903039,BPCL27FEB25P245,OPTSTK,7.45,3016800,7.4,7.5,892800,10800,7200,BPCL,245.0,PE,27-FEB-2025
2025-02-03 12:13:28.713410,BPCL27FEB25P245,OPTSTK,7.4,3016800,7.4,7.5,894600,10800,7200,BPCL,245.0,PE,27-FEB-2025
2025-02-03 12:13:36.668911,BPCL27FEB25P245,OPTSTK,7.4,3016800,7.4,7.5,894600,10800,7200,BPCL,245.0,PE,27-FEB-2025
2025-02-03 12:13:43.715750,BPCL27FEB25P245,OPTSTK,7.4,3018600,7.35,7.4,894600,7200,1800,BPCL,245.0,PE,27-FEB-2025
2025-02-03 12:13:50.235930,BPCL27FEB25P245,OPTSTK,7.4,3018600,7.35,7.4,894600,7200,1800,BPCL,245.0,PE,27-FEB-2025
2025-02-03 12:13:56.587088,BPCL27FEB25P245,OPTSTK,7.4,3018600,7.35,7.4,894600,7200,1800,BPCL,245.0,PE,27-FEB-2025
2025-02-03 12:14:03.900102,BPCL27FEB25P245,OPTSTK,7.4,3020400,7.4,7.5,894600,16200,1800,BPCL,245.0,PE,27-FEB-2025
2025-02-03 12:14:10.448915,BPCL27FEB25P245,OPTSTK,7.4,3020400,7.4,7.5,894600,16200,1800,BPCL,245.0,PE,27-FEB-2025
2025-02-03 12:14:16.950709,BPCL27FEB25P245,OPTSTK,7.4,3020400,7.4,7.5,894600,16200,1800,BPCL,245.0,PE,27-FEB-2025
2025-02-03 12:14:24.541553,BPCL27FEB25P245,OPTSTK,7.4,3020400,7.55,7.7,894600,10800,19800,BPCL,245.0,PE,27-FEB-2025
2025-02-03 12:14:31.199731,BPCL27FEB25P245,OPTSTK,7.4,3020400,7.55,7.7,894600,10800,19800,BPCL,245.0,PE,27-FEB-2025
2025-02-03 12:14:37.751088,BPCL27FEB25P245,OPTSTK,7.4,3020400,7.55,7.7,894600,10800,19800,BPCL,245.0,PE,27-FEB-2025
2025-02-03 12:14:45.348502,BPCL27FEB25P245,OPTSTK,7.4,3020400,7.6,7.7,894600,5400,5400,BPCL,245.0,PE,27-FEB-2025
2025-02-03 12:14:53.406093,BPCL27FEB25P245,OPTSTK,7.4,3020400,7.6,7.7,894600,5400,5400,BPCL,245.0,PE,27-FEB-2025
2025-02-03 12:15:00.557362,BPCL27FEB25P245,OPTSTK,7.4,3020400,7.6,7.7,894600,5400,5400,BPCL,245.0,PE,27-FEB-2025
2025-02-03 12:15:06.799970,BPCL27FEB25P245,OPTSTK,7.4,3020400,7.6,7.7,894600,7200,1800,BPCL,245.0,PE,27-FEB-2025
2025-02-03 12:15:13.157010,BPCL27FEB25P245,OPTSTK,7.4,3020400,7.6,7.7,894600,7200,1800,BPCL,245.0,PE,27-FEB-2025
2025-02-03 12:15:20.203286,BPCL27FEB25P245,OPTSTK,7.4,3020400,7.6,7.7,894600,7200,1800,BPCL,245.0,PE,27-FEB-2025
2025-02-03 12:15:26.946202,BPCL27FEB25P245,OPTSTK,7.4,3020400,7.6,7.7,894600,7200,1800,BPCL,245.0,PE,27-FEB-2025
2025-02-03 12:15:33.487346,BPCL27FEB25P245,OPTSTK,7.4,3020400,7.6,7.7,894600,7200,7200,BPCL,245.0,PE,27-FEB-2025
2025-02-03 12:15:39.976742,BPCL27FEB25P245,OPTSTK,7.4,3020400,7.6,7.7,894600,7200,7200,BPCL,245.0,PE,27-FEB-2025
2025-02-03 12:15:46.500406,BPCL27FEB25P245,OPTSTK,7.4,3020400,7.6,7.7,894600,7200,7200,BPCL,245.0,PE,27-FEB-2025
2025-02-03 13:09:08.160236,BPCL27FEB25P245,OPTSTK,7.8,3443400,7.7,7.8,943200,10800,5400,BPCL,245.0,PE,27-FEB-2025
2025-02-03 13:10:54.982493,BPCL27FEB25P245,OPTSTK,7.65,3456000,7.65,7.75,941400,14400,5400,BPCL,245.0,PE,27-FEB-2025
2025-02-03 13:11:01.483146,BPCL27FEB25P245,OPTSTK,7.65,3456000,7.65,7.75,941400,14400,5400,BPCL,245.0,PE,27-FEB-2025
2025-02-03 13:12:06.975173,BPCL27FEB25P245,OPTSTK,7.75,3459600,7.7,7.8,941400,5400,7200,BPCL,245.0,PE,27-FEB-2025
2025-02-03 13:12:13.563337,BPCL27FEB25P245,OPTSTK,7.75,3459600,7.7,7.8,941400,5400,7200,BPCL,245.0,PE,27-FEB-2025
2025-02-03 13:12:21.566476,BPCL27FEB25P245,OPTSTK,7.75,3459600,7.7,7.8,941400,5400,7200,BPCL,245.0,PE,27-FEB-2025
2025-02-03 13:12:28.095515,BPCL27FEB25P245,OPTSTK,7.75,3459600,7.7,7.8,941400,5400,7200,BPCL,245.0,PE,27-FEB-2025
2025-02-03 13:12:35.248046,BPCL27FEB25P245,OPTSTK,7.75,3459600,7.7,7.8,941400,5400,7200,BPCL,245.0,PE,27-FEB-2025
2025-02-03 13:12:41.351801,BPCL27FEB25P245,OPTSTK,7.75,3459600,7.8,7.85,941400,3600,1800,BPCL,245.0,PE,27-FEB-2025
2025-02-03 13:12:48.725243,BPCL27FEB25P245,OPTSTK,7.75,3459600,7.8,7.85,941400,3600,1800,BPCL,245.0,PE,27-FEB-2025
2025-02-03 13:12:57.061552,BPCL27FEB25P245,OPTSTK,7.75,3459600,7.8,7.85,941400,3600,1800,BPCL,245.0,PE,27-FEB-2025
2025-02-03 13:13:04.976348,BPCL27FEB25P245,OPTSTK,7.75,3459600,7.7,7.8,941400,10800,5400,BPCL,245.0,PE,27-FEB-2025
2025-02-03 13:13:11.519569,BPCL27FEB25P245,OPTSTK,7.75,3459600,7.7,7.8,941400,10800,5400,BPCL,245.0,PE,27-FEB-2025
2025-02-03 13:13:17.996264,BPCL27FEB25P245,OPTSTK,7.75,3459600,7.7,7.8,941400,10800,5400,BPCL,245.0,PE,27-FEB-2025
2025-02-03 13:13:23.973374,BPCL27FEB25P245,OPTSTK,7.75,3459600,7.7,7.8,941400,10800,5400,BPCL,245.0,PE,27-FEB-2025
2025-02-03 13:13:30.210383,BPCL27FEB25P245,OPTSTK,7.75,3459600,7.6,7.7,941400,10800,7200,BPCL,245.0,PE,27-FEB-2025
2025-02-03 13:13:36.333333,BPCL27FEB25P245,OPTSTK,7.75,3459600,7.6,7.7,941400,10800,7200,BPCL,245.0,PE,27-FEB-2025
2025-02-03 13:13:42.779416,BPCL27FEB25P245,OPTSTK,7.75,3459600,7.6,7.7,941400,10800,7200,BPCL,245.0,PE,27-FEB-2025
2025-02-03 13:13:49.069028,BPCL27FEB25P245,OPTSTK,7.75,3459600,7.6,7.65,941400,1800,5400,BPCL,245.0,PE,27-FEB-2025
2025-02-03 13:13:56.673382,BPCL27FEB25P245,OPTSTK,7.75,3459600,7.6,7.65,941400,1800,5400,BPCL,245.0,PE,27-FEB-2025
2025-02-03 13:14:03.740793,BPCL27FEB25P245,OPTSTK,7.75,3459600,7.6,7.65,941400,1800,5400,BPCL,245.0,PE,27-FEB-2025
2025-02-03 13:14:12.348317,BPCL27FEB25P245,OPTSTK,7.65,3459600,7.6,7.65,937800,1800,7200,BPCL,245.0,PE,27-FEB-2025
2025-02-03 13:14:19.787887,BPCL27FEB25P245,OPTSTK,7.65,3459600,7.6,7.65,937800,1800,7200,BPCL,245.0,PE,27-FEB-2025
2025-02-03 13:14:26.030632,BPCL27FEB25P245,OPTSTK,7.65,3459600,7.6,7.65,937800,1800,7200,BPCL,245.0,PE,27-FEB-2025
2025-02-03 13:14:32.362911,BPCL27FEB25P245,OPTSTK,7.65,3461400,7.6,7.65,937800,1800,7200,BPCL,245.0,PE,27-FEB-2025
2025-02-03 13:14:38.639461,BPCL27FEB25P245,OPTSTK,7.6,3461400,7.6,7.65,937800,1800,7200,BPCL,245.0,PE,27-FEB-2025
2025-02-03 13:14:45.013626,BPCL27FEB25P245,OPTSTK,7.6,3461400,7.6,7.65,937800,1800,7200,BPCL,245.0,PE,27-FEB-2025
2025-02-03 13:14:51.861991,BPCL27FEB25P245,OPTSTK,7.6,3465000,7.5,7.6,937800,16200,3600,BPCL,245.0,PE,27-FEB-2025
2025-02-03 13:14:58.180985,BPCL27FEB25P245,OPTSTK,7.6,3465000,7.5,7.6,937800,16200,3600,BPCL,245.0,PE,27-FEB-2025
2025-02-03 13:15:04.440904,BPCL27FEB25P245,OPTSTK,7.6,3465000,7.5,7.6,937800,16200,3600,BPCL,245.0,PE,27-FEB-2025
2025-02-03 13:15:10.692247,BPCL27FEB25P245,OPTSTK,7.6,3465000,7.5,7.6,937800,16200,3600,BPCL,245.0,PE,27-FEB-2025
2025-02-03 13:15:16.824503,BPCL27FEB25P245,OPTSTK,7.55,3465000,7.5,7.55,937800,3600,1800,BPCL,245.0,PE,27-FEB-2025
2025-02-03 13:15:25.123495,BPCL27FEB25P245,OPTSTK,7.55,3465000,7.5,7.55,937800,3600,1800,BPCL,245.0,PE,27-FEB-2025
2025-02-03 13:15:33.459915,BPCL27FEB25P245,OPTSTK,7.55,3465000,7.5,7.55,937800,3600,1800,BPCL,245.0,PE,27-FEB-2025
2025-02-03 13:15:41.032587,BPCL27FEB25P245,OPTSTK,7.55,3466800,7.5,7.6,937800,9000,9000,BPCL,245.0,PE,27-FEB-2025
2025-02-03 13:15:47.244282,BPCL27FEB25P245,OPTSTK,7.55,3466800,7.5,7.6,937800,9000,9000,BPCL,245.0,PE,27-FEB-2025
2025-02-03 13:15:53.472636,BPCL27FEB25P245,OPTSTK,7.5,3466800,7.5,7.6,937800,9000,9000,BPCL,245.0,PE,27-FEB-2025
2025-02-03 13:15:59.925373,BPCL27FEB25P245,OPTSTK,7.55,3468600,7.5,7.6,937800,9000,7200,BPCL,245.0,PE,27-FEB-2025
2025-02-03 13:16:06.191434,BPCL27FEB25P245,OPTSTK,7.55,3468600,7.5,7.6,937800,9000,7200,BPCL,245.0,PE,27-FEB-2025
2025-02-03 13:16:12.849391,BPCL27FEB25P245,OPTSTK,7.55,3468600,7.5,7.6,937800,9000,7200,BPCL,245.0,PE,27-FEB-2025
2025-02-03 13:16:19.924427,BPCL27FEB25P245,OPTSTK,7.55,3472200,7.5,7.6,937800,9000,7200,BPCL,245.0,PE,27-FEB-2025
2025-02-03 13:16:27.248636,BPCL27FEB25P245,OPTSTK,7.55,3472200,7.5,7.6,937800,9000,7200,BPCL,245.0,PE,27-FEB-2025
2025-02-03 13:16:33.824304,BPCL27FEB25P245,OPTSTK,7.55,3472200,7.5,7.6,937800,9000,7200,BPCL,245.0,PE,27-FEB-2025
2025-02-03 13:16:40.847391,BPCL27FEB25P245,OPTSTK,7.45,3474000,7.45,7.55,939600,3600,18000,BPCL,245.0,PE,27-FEB-2025
2025-02-03 13:16:47.548584,BPCL27FEB25P245,OPTSTK,7.45,3474000,7.45,7.55,939600,3600,18000,BPCL,245.0,PE,27-FEB-2025
2025-02-03 13:16:54.136902,BPCL27FEB25P245,OPTSTK,7.45,3474000,7.45,7.55,939600,3600,18000,BPCL,245.0,PE,27-FEB-2025
2025-02-03 13:17:00.585656,BPCL27FEB25P245,OPTSTK,7.45,3474000,7.45,7.55,939600,3600,18000,BPCL,245.0,PE,27-FEB-2025
2025-02-03 13:17:06.941623,BPCL27FEB25P245,OPTSTK,7.4,3474000,7.4,7.5,939600,9000,9000,BPCL,245.0,PE,27-FEB-2025
2025-02-03 13:17:14.289780,BPCL27FEB25P245,OPTSTK,7.4,3474000,7.4,7.5,939600,9000,9000,BPCL,245.0,PE,27-FEB-2025
2025-02-03 13:17:20.676920,BPCL27FEB25P245,OPTSTK,7.4,3474000,7.4,7.5,939600,9000,9000,BPCL,245.0,PE,27-FEB-2025
2025-02-03 13:17:27.089729,BPCL27FEB25P245,OPTSTK,7.4,3477600,7.4,7.45,939600,1800,1800,BPCL,245.0,PE,27-FEB-2025
2025-02-03 13:17:33.395518,BPCL27FEB25P245,OPTSTK,7.4,3477600,7.4,7.45,939600,1800,1800,BPCL,245.0,PE,27-FEB-2025
2025-02-03 13:17:39.779757,BPCL27FEB25P245,OPTSTK,7.4,3477600,7.4,7.45,939600,1800,1800,BPCL,245.0,PE,27-FEB-2025
2025-02-03 13:17:46.092434,BPCL27FEB25P245,OPTSTK,7.4,3477600,7.4,7.45,939600,1800,1800,BPCL,245.0,PE,27-FEB-2025
2025-02-03 13:17:52.429219,BPCL27FEB25P245,OPTSTK,7.45,3477600,7.4,7.45,939600,5400,1800,BPCL,245.0,PE,27-FEB-2025
2025-02-03 13:17:59.188757,BPCL27FEB25P245,OPTSTK,7.45,3477600,7.4,7.45,939600,5400,1800,BPCL,245.0,PE,27-FEB-2025
2025-02-03 13:18:05.694481,BPCL27FEB25P245,OPTSTK,7.45,3477600,7.4,7.45,939600,5400,1800,BPCL,245.0,PE,27-FEB-2025
2025-02-03 13:18:12.204483,BPCL27FEB25P245,OPTSTK,7.45,3481200,7.4,7.5,939600,16200,9000,BPCL,245.0,PE,27-FEB-2025
2025-02-03 13:18:18.494409,BPCL27FEB25P245,OPTSTK,7.45,3481200,7.4,7.5,939600,16200,9000,BPCL,245.0,PE,27-FEB-2025
2025-02-03 13:18:24.702243,BPCL27FEB25P245,OPTSTK,7.45,3481200,7.4,7.5,939600,16200,9000,BPCL,245.0,PE,27-FEB-2025
2025-02-03 13:18:31.123235,BPCL27FEB25P245,OPTSTK,7.45,3481200,7.5,7.6,939600,10800,5400,BPCL,245.0,PE,27-FEB-2025
2025-02-03 13:18:37.634491,BPCL27FEB25P245,OPTSTK,7.45,3481200,7.5,7.6,939600,10800,5400,BPCL,245.0,PE,27-FEB-2025
2025-02-03 13:18:43.953525,BPCL27FEB25P245,OPTSTK,7.45,3481200,7.5,7.6,939600,10800,5400,BPCL,245.0,PE,27-FEB-2025
2025-02-03 13:18:50.535270,BPCL27FEB25P245,OPTSTK,7.45,3481200,7.5,7.6,939600,10800,5400,BPCL,245.0,PE,27-FEB-2025
2025-02-03 13:18:56.951202,BPCL27FEB25P245,OPTSTK,7.45,3481200,7.5,7.6,939600,16200,5400,BPCL,245.0,PE,27-FEB-2025
2025-02-03 13:19:03.489672,BPCL27FEB25P245,OPTSTK,7.45,3481200,7.5,7.6,939600,16200,5400,BPCL,245.0,PE,27-FEB-2025
2025-02-03 13:19:09.942267,BPCL27FEB25P245,OPTSTK,7.45,3481200,7.5,7.6,939600,16200,5400,BPCL,245.0,PE,27-FEB-2025
2025-02-03 13:19:16.323081,BPCL27FEB25P245,OPTSTK,7.45,3481200,7.55,7.65,939600,5400,12600,BPCL,245.0,PE,27-FEB-2025
2025-02-03 13:19:22.741035,BPCL27FEB25P245,OPTSTK,7.6,3481200,7.55,7.65,936000,5400,12600,BPCL,245.0,PE,27-FEB-2025
2025-02-03 13:19:29.070981,BPCL27FEB25P245,OPTSTK,7.6,3481200,7.55,7.65,936000,5400,12600,BPCL,245.0,PE,27-FEB-2025
2025-02-03 13:19:35.456421,BPCL27FEB25P245,OPTSTK,7.6,3483000,7.6,7.65,936000,7200,1800,BPCL,245.0,PE,27-FEB-2025
2025-02-03 13:19:42.188868,BPCL27FEB25P245,OPTSTK,7.7,3483000,7.6,7.65,936000,7200,1800,BPCL,245.0,PE,27-FEB-2025
2025-02-03 13:19:48.724003,BPCL27FEB25P245,OPTSTK,7.7,3483000,7.6,7.65,936000,7200,1800,BPCL,245.0,PE,27-FEB-2025
2025-02-03 13:19:55.083237,BPCL27FEB25P245,OPTSTK,7.7,3483000,7.6,7.65,936000,7200,1800,BPCL,245.0,PE,27-FEB-2025
2025-02-03 13:20:01.518622,BPCL27FEB25P245,OPTSTK,7.85,3488400,7.65,7.75,936000,9000,12600,BPCL,245.0,PE,27-FEB-2025
2025-02-03 13:20:07.924854,BPCL27FEB25P245,OPTSTK,7.75,3488400,7.65,7.75,936000,9000,12600,BPCL,245.0,PE,27-FEB-2025
2025-02-03 13:20:14.281806,BPCL27FEB25P245,OPTSTK,7.8,3488400,7.65,7.75,936000,9000,12600,BPCL,245.0,PE,27-FEB-2025
2025-02-03 13:20:20.721747,BPCL27FEB25P245,OPTSTK,7.8,3488400,7.65,7.75,936000,9000,12600,BPCL,245.0,PE,27-FEB-2025
2025-02-03 13:20:27.127637,BPCL27FEB25P245,OPTSTK,7.8,3513600,7.7,7.8,936000,9000,7200,BPCL,245.0,PE,27-FEB-2025
2025-02-03 13:20:33.692291,BPCL27FEB25P245,OPTSTK,7.8,3513600,7.7,7.8,936000,9000,7200,BPCL,245.0,PE,27-FEB-2025
2025-02-03 13:20:40.066753,BPCL27FEB25P245,OPTSTK,7.8,3513600,7.7,7.8,936000,9000,7200,BPCL,245.0,PE,27-FEB-2025
2025-02-03 13:20:46.297966,BPCL27FEB25P245,OPTSTK,7.7,3515400,7.65,7.7,936000,3600,1800,BPCL,245.0,PE,27-FEB-2025
2025-02-03 13:20:52.523648,BPCL27FEB25P245,OPTSTK,7.7,3515400,7.65,7.7,936000,3600,1800,BPCL,245.0,PE,27-FEB-2025
2025-02-03 13:20:58.935701,BPCL27FEB25P245,OPTSTK,7.7,3515400,7.65,7.7,936000,3600,1800,BPCL,245.0,PE,27-FEB-2025
2025-02-03 13:21:05.269726,BPCL27FEB25P245,OPTSTK,7.7,3515400,7.7,7.8,936000,10800,3600,BPCL,245.0,PE,27-FEB-2025
2025-02-03 13:21:11.578966,BPCL27FEB25P245,OPTSTK,7.7,3515400,7.7,7.8,936000,10800,3600,BPCL,245.0,PE,27-FEB-2025
2025-02-03 13:21:17.965591,BPCL27FEB25P245,OPTSTK,7.7,3515400,7.7,7.8,936000,10800,3600,BPCL,245.0,PE,27-FEB-2025
2025-02-03 13:21:24.369142,BPCL27FEB25P245,OPTSTK,7.7,3515400,7.7,7.8,936000,10800,3600,BPCL,245.0,PE,27-FEB-2025
2025-02-03 13:21:30.767186,BPCL27FEB25P245,OPTSTK,7.7,3515400,7.7,7.75,936000,1800,1800,BPCL,245.0,PE,27-FEB-2025
2025-02-03 13:21:37.194889,BPCL27FEB25P245,OPTSTK,7.7,3515400,7.7,7.75,936000,1800,1800,BPCL,245.0,PE,27-FEB-2025
2025-02-03 13:21:45.611640,BPCL27FEB25P245,OPTSTK,7.7,3515400,7.7,7.75,936000,1800,1800,BPCL,245.0,PE,27-FEB-2025
2025-02-03 13:21:53.409303,BPCL27FEB25P245,OPTSTK,7.7,3515400,7.7,7.75,936000,1800,3600,BPCL,245.0,PE,27-FEB-2025
2025-02-03 13:22:00.596889,BPCL27FEB25P245,OPTSTK,7.7,3515400,7.7,7.75,936000,1800,3600,BPCL,245.0,PE,27-FEB-2025
2025-02-03 13:22:06.963403,BPCL27FEB25P245,OPTSTK,7.7,3515400,7.7,7.75,936000,1800,3600,BPCL,245.0,PE,27-FEB-2025
2025-02-03 13:22:13.247029,BPCL27FEB25P245,OPTSTK,7.7,3515400,7.75,7.85,936000,1800,18000,BPCL,245.0,PE,27-FEB-2025
2025-02-03 13:22:19.515639,BPCL27FEB25P245,OPTSTK,7.7,3515400,7.75,7.85,936000,1800,18000,BPCL,245.0,PE,27-FEB-2025
2025-02-03 13:22:26.114069,BPCL27FEB25P245,OPTSTK,7.75,3515400,7.75,7.85,932400,1800,18000,BPCL,245.0,PE,27-FEB-2025
2025-02-03 13:22:34.816071,BPCL27FEB25P245,OPTSTK,7.75,3519000,7.7,7.8,932400,10800,3600,BPCL,245.0,PE,27-FEB-2025
2025-02-03 13:22:42.011673,BPCL27FEB25P245,OPTSTK,7.75,3519000,7.7,7.8,932400,10800,3600,BPCL,245.0,PE,27-FEB-2025
2025-02-03 13:22:50.413868,BPCL27FEB25P245,OPTSTK,7.75,3519000,7.7,7.8,932400,10800,3600,BPCL,245.0,PE,27-FEB-2025
2025-02-03 13:22:58.795152,BPCL27FEB25P245,OPTSTK,7.75,3519000,7.75,7.85,932400,1800,10800,BPCL,245.0,PE,27-FEB-2025
2025-02-03 13:23:06.166247,BPCL27FEB25P245,OPTSTK,7.75,3519000,7.75,7.85,932400,1800,10800,BPCL,245.0,PE,27-FEB-2025
2025-02-03 13:23:13.435098,BPCL27FEB25P245,OPTSTK,7.75,3519000,7.75,7.85,932400,1800,10800,BPCL,245.0,PE,27-FEB-2025
2025-02-03 13:23:19.737294,BPCL27FEB25P245,OPTSTK,7.75,3519000,7.65,7.75,932400,7200,9000,BPCL,245.0,PE,27-FEB-2025
2025-02-03 13:23:26.037675,BPCL27FEB25P245,OPTSTK,7.75,3519000,7.65,7.75,932400,7200,9000,BPCL,245.0,PE,27-FEB-2025
2025-02-03 13:23:32.450346,BPCL27FEB25P245,OPTSTK,7.75,3519000,7.65,7.75,932400,7200,9000,BPCL,245.0,PE,27-FEB-2025
2025-02-03 13:23:38.745201,BPCL27FEB25P245,OPTSTK,7.75,3522600,7.65,7.75,932400,9000,7200,BPCL,245.0,PE,27-FEB-2025
2025-02-03 13:23:45.011329,BPCL27FEB25P245,OPTSTK,7.75,3522600,7.65,7.75,932400,9000,7200,BPCL,245.0,PE,27-FEB-2025
2025-02-03 13:23:51.329648,BPCL27FEB25P245,OPTSTK,7.75,3522600,7.65,7.75,932400,9000,7200,BPCL,245.0,PE,27-FEB-2025
2025-02-03 13:23:57.715341,BPCL27FEB25P245,OPTSTK,7.75,3522600,7.6,7.7,932400,12600,3600,BPCL,245.0,PE,27-FEB-2025
2025-02-03 13:24:03.991662,BPCL27FEB25P245,OPTSTK,7.75,3522600,7.6,7.7,932400,12600,3600,BPCL,245.0,PE,27-FEB-2025
2025-02-03 13:24:10.444109,BPCL27FEB25P245,OPTSTK,7.75,3522600,7.6,7.7,932400,12600,3600,BPCL,245.0,PE,27-FEB-2025
2025-02-03 13:24:16.883577,BPCL27FEB25P245,OPTSTK,7.75,3522600,7.6,7.7,932400,12600,3600,BPCL,245.0,PE,27-FEB-2025
2025-02-03 13:24:23.272892,BPCL27FEB25P245,OPTSTK,7.75,3522600,7.6,7.65,932400,1800,1800,BPCL,245.0,PE,27-FEB-2025
2025-02-03 13:24:29.606585,BPCL27FEB25P245,OPTSTK,7.65,3522600,7.6,7.65,932400,1800,1800,BPCL,245.0,PE,27-FEB-2025
2025-02-03 13:24:36.071258,BPCL27FEB25P245,OPTSTK,7.65,3522600,7.6,7.65,932400,1800,1800,BPCL,245.0,PE,27-FEB-2025
2025-02-03 13:24:42.465993,BPCL27FEB25P245,OPTSTK,7.65,3524400,7.65,7.75,932400,12600,7200,BPCL,245.0,PE,27-FEB-2025
2025-02-03 13:24:48.880176,BPCL27FEB25P245,OPTSTK,7.65,3524400,7.65,7.75,932400,12600,7200,BPCL,245.0,PE,27-FEB-2025
2025-02-03 13:24:55.232481,BPCL27FEB25P245,OPTSTK,7.65,3524400,7.65,7.75,932400,12600,7200,BPCL,245.0,PE,27-FEB-2025
2025-02-03 13:25:01.620597,BPCL27FEB25P245,OPTSTK,7.65,3524400,7.7,7.75,932400,5400,1800,BPCL,245.0,PE,27-FEB-2025
2025-02-03 13:25:08.045240,BPCL27FEB25P245,OPTSTK,7.65,3524400,7.7,7.75,932400,5400,1800,BPCL,245.0,PE,27-FEB-2025
2025-02-03 13:25:14.511115,BPCL27FEB25P245,OPTSTK,7.65,3524400,7.7,7.75,932400,5400,1800,BPCL,245.0,PE,27-FEB-2025
2025-02-03 13:25:20.936597,BPCL27FEB25P245,OPTSTK,7.65,3524400,7.7,7.75,932400,5400,1800,BPCL,245.0,PE,27-FEB-2025
2025-02-03 13:25:27.235767,BPCL27FEB25P245,OPTSTK,7.65,3528000,7.65,7.75,932400,7200,9000,BPCL,245.0,PE,27-FEB-2025
2025-02-03 13:25:33.955168,BPCL27FEB25P245,OPTSTK,7.65,3528000,7.65,7.75,932400,7200,9000,BPCL,245.0,PE,27-FEB-2025
2025-02-03 13:25:40.226864,BPCL27FEB25P245,OPTSTK,7.65,3528000,7.65,7.75,932400,7200,9000,BPCL,245.0,PE,27-FEB-2025
2025-02-03 13:25:46.674480,BPCL27FEB25P245,OPTSTK,7.65,3528000,7.65,7.7,932400,1800,7200,BPCL,245.0,PE,27-FEB-2025
2025-02-03 13:25:53.103587,BPCL27FEB25P245,OPTSTK,7.65,3528000,7.65,7.7,932400,1800,7200,BPCL,245.0,PE,27-FEB-2025
2025-02-03 13:25:59.481253,BPCL27FEB25P245,OPTSTK,7.8,3528000,7.65,7.7,934200,1800,7200,BPCL,245.0,PE,27-FEB-2025
2025-02-03 13:26:05.887218,BPCL27FEB25P245,OPTSTK,7.8,3528000,7.65,7.7,934200,1800,7200,BPCL,245.0,PE,27-FEB-2025
2025-02-03 13:26:12.232531,BPCL27FEB25P245,OPTSTK,7.8,3529800,7.7,7.8,934200,10800,5400,BPCL,245.0,PE,27-FEB-2025
2025-02-03 13:26:18.602633,BPCL27FEB25P245,OPTSTK,7.8,3529800,7.7,7.8,934200,10800,5400,BPCL,245.0,PE,27-FEB-2025
2025-02-03 13:26:24.907325,BPCL27FEB25P245,OPTSTK,7.8,3529800,7.7,7.8,934200,10800,5400,BPCL,245.0,PE,27-FEB-2025
2025-02-03 13:26:31.279470,BPCL27FEB25P245,OPTSTK,7.8,3529800,7.7,7.75,934200,3600,1800,BPCL,245.0,PE,27-FEB-2025
2025-02-03 13:26:37.643416,BPCL27FEB25P245,OPTSTK,7.8,3529800,7.7,7.75,934200,3600,1800,BPCL,245.0,PE,27-FEB-2025
2025-02-03 13:26:43.905396,BPCL27FEB25P245,OPTSTK,7.8,3529800,7.7,7.75,934200,3600,1800,BPCL,245.0,PE,27-FEB-2025
2025-02-03 13:26:50.448558,BPCL27FEB25P245,OPTSTK,7.8,3529800,7.7,7.8,934200,9000,5400,BPCL,245.0,PE,27-FEB-2025
2025-02-03 13:26:56.759444,BPCL27FEB25P245,OPTSTK,7.8,3529800,7.7,7.8,934200,9000,5400,BPCL,245.0,PE,27-FEB-2025
2025-02-03 13:27:03.205867,BPCL27FEB25P245,OPTSTK,7.8,3529800,7.7,7.8,934200,9000,5400,BPCL,245.0,PE,27-FEB-2025
2025-02-03 13:27:09.608901,BPCL27FEB25P245,OPTSTK,7.8,3529800,7.7,7.8,934200,9000,5400,BPCL,245.0,PE,27-FEB-2025
2025-02-03 13:27:15.992246,BPCL27FEB25P245,OPTSTK,7.8,3529800,7.7,7.8,934200,7200,7200,BPCL,245.0,PE,27-FEB-2025
2025-02-03 13:27:22.241878,BPCL27FEB25P245,OPTSTK,7.8,3529800,7.7,7.8,934200,7200,7200,BPCL,245.0,PE,27-FEB-2025
2025-02-03 13:27:28.578825,BPCL27FEB25P245,OPTSTK,7.8,3529800,7.7,7.8,934200,7200,7200,BPCL,245.0,PE,27-FEB-2025
2025-02-03 13:27:34.895150,BPCL27FEB25P245,OPTSTK,7.8,3529800,7.7,7.8,934200,7200,7200,BPCL,245.0,PE,27-FEB-2025
2025-02-03 13:27:41.179431,BPCL27FEB25P245,OPTSTK,7.8,3529800,7.7,7.75,934200,5400,1800,BPCL,245.0,PE,27-FEB-2025
2025-02-03 13:27:47.484989,BPCL27FEB25P245,OPTSTK,7.8,3529800,7.7,7.75,934200,5400,1800,BPCL,245.0,PE,27-FEB-2025
2025-02-03 13:27:53.827029,BPCL27FEB25P245,OPTSTK,7.8,3529800,7.7,7.75,934200,5400,1800,BPCL,245.0,PE,27-FEB-2025
2025-02-03 13:28:00.246651,BPCL27FEB25P245,OPTSTK,7.8,3533400,7.75,7.85,934200,7200,7200,BPCL,245.0,PE,27-FEB-2025
2025-02-03 13:28:06.657008,BPCL27FEB25P245,OPTSTK,7.85,3533400,7.75,7.85,934200,7200,7200,BPCL,245.0,PE,27-FEB-2025
2025-02-03 13:28:12.926536,BPCL27FEB25P245,OPTSTK,7.85,3533400,7.75,7.85,934200,7200,7200,BPCL,245.0,PE,27-FEB-2025
2025-02-03 13:28:19.215588,BPCL27FEB25P245,OPTSTK,7.85,3533400,7.75,7.85,934200,7200,7200,BPCL,245.0,PE,27-FEB-2025
2025-02-03 13:28:25.477776,BPCL27FEB25P245,OPTSTK,7.85,3535200,7.85,7.9,934200,1800,5400,BPCL,245.0,PE,27-FEB-2025
2025-02-03 13:28:31.959401,BPCL27FEB25P245,OPTSTK,7.85,3535200,7.85,7.9,934200,1800,5400,BPCL,245.0,PE,27-FEB-2025
2025-02-03 13:28:38.379396,BPCL27FEB25P245,OPTSTK,7.85,3535200,7.85,7.9,934200,1800,5400,BPCL,245.0,PE,27-FEB-2025
2025-02-03 13:28:44.649387,BPCL27FEB25P245,OPTSTK,7.85,3542400,7.8,7.9,934200,7200,9000,BPCL,245.0,PE,27-FEB-2025
2025-02-03 13:28:51.137134,BPCL27FEB25P245,OPTSTK,7.85,3542400,7.8,7.9,934200,7200,9000,BPCL,245.0,PE,27-FEB-2025
2025-02-03 13:28:57.390700,BPCL27FEB25P245,OPTSTK,7.85,3542400,7.8,7.9,934200,7200,9000,BPCL,245.0,PE,27-FEB-2025
2025-02-03 13:29:03.739733,BPCL27FEB25P245,OPTSTK,7.85,3542400,7.8,7.9,934200,7200,9000,BPCL,245.0,PE,27-FEB-2025
2025-02-03 13:29:10.166623,BPCL27FEB25P245,OPTSTK,7.85,3542400,7.75,7.85,934200,3600,16200,BPCL,245.0,PE,27-FEB-2025
2025-02-03 13:29:16.430368,BPCL27FEB25P245,OPTSTK,7.8,3542400,7.75,7.85,934200,3600,16200,BPCL,245.0,PE,27-FEB-2025
2025-02-03 13:29:22.797471,BPCL27FEB25P245,OPTSTK,7.8,3542400,7.75,7.85,934200,3600,16200,BPCL,245.0,PE,27-FEB-2025
2025-02-03 13:29:29.132470,BPCL27FEB25P245,OPTSTK,7.8,3542400,7.75,7.85,934200,3600,16200,BPCL,245.0,PE,27-FEB-2025
2025-02-03 13:29:35.501497,BPCL27FEB25P245,OPTSTK,7.8,3544200,7.7,7.8,934200,5400,7200,BPCL,245.0,PE,27-FEB-2025
2025-02-03 13:29:42.049420,BPCL27FEB25P245,OPTSTK,7.8,3544200,7.7,7.8,934200,5400,7200,BPCL,245.0,PE,27-FEB-2025
2025-02-03 13:29:48.405768,BPCL27FEB25P245,OPTSTK,7.8,3544200,7.7,7.8,934200,5400,7200,BPCL,245.0,PE,27-FEB-2025
2025-02-03 13:29:55.216080,BPCL27FEB25P245,OPTSTK,7.8,3544200,7.7,7.8,934200,7200,12600,BPCL,245.0,PE,27-FEB-2025
2025-02-03 13:30:01.849137,BPCL27FEB25P245,OPTSTK,7.8,3544200,7.7,7.8,934200,7200,12600,BPCL,245.0,PE,27-FEB-2025
2025-02-03 13:30:08.522307,BPCL27FEB25P245,OPTSTK,7.8,3544200,7.7,7.8,934200,7200,12600,BPCL,245.0,PE,27-FEB-2025
2025-02-03 13:30:14.949345,BPCL27FEB25P245,OPTSTK,7.8,3544200,7.65,7.7,934200,7200,1800,BPCL,245.0,PE,27-FEB-2025
2025-02-03 13:30:21.328275,BPCL27FEB25P245,OPTSTK,7.6,3544200,7.65,7.7,934200,7200,1800,BPCL,245.0,PE,27-FEB-2025
2025-02-03 13:30:27.677861,BPCL27FEB25P245,OPTSTK,7.6,3544200,7.65,7.7,934200,7200,1800,BPCL,245.0,PE,27-FEB-2025
2025-02-03 13:30:33.937628,BPCL27FEB25P245,OPTSTK,7.6,3544200,7.65,7.7,934200,7200,1800,BPCL,245.0,PE,27-FEB-2025
2025-02-03 13:30:40.456545,BPCL27FEB25P245,OPTSTK,7.6,3560400,7.55,7.65,934200,7200,5400,BPCL,245.0,PE,27-FEB-2025
2025-02-03 13:30:46.744297,BPCL27FEB25P245,OPTSTK,7.6,3560400,7.55,7.65,934200,7200,5400,BPCL,245.0,PE,27-FEB-2025
2025-02-03 13:30:53.227541,BPCL27FEB25P245,OPTSTK,7.6,3560400,7.55,7.65,934200,7200,5400,BPCL,245.0,PE,27-FEB-2025
2025-02-03 13:30:59.570261,BPCL27FEB25P245,OPTSTK,7.55,3562200,7.55,7.65,934200,10800,7200,BPCL,245.0,PE,27-FEB-2025
2025-02-03 13:31:05.938707,BPCL27FEB25P245,OPTSTK,7.55,3562200,7.55,7.65,934200,10800,7200,BPCL,245.0,PE,27-FEB-2025
2025-02-03 13:31:12.427546,BPCL27FEB25P245,OPTSTK,7.7,3562200,7.55,7.65,934200,10800,7200,BPCL,245.0,PE,27-FEB-2025
2025-02-03 13:31:18.754869,BPCL27FEB25P245,OPTSTK,7.7,3562200,7.55,7.65,934200,10800,7200,BPCL,245.0,PE,27-FEB-2025
2025-02-03 13:31:25.398575,BPCL27FEB25P245,OPTSTK,7.7,3564000,7.7,7.75,934200,1800,3600,BPCL,245.0,PE,27-FEB-2025
2025-02-03 13:31:31.850946,BPCL27FEB25P245,OPTSTK,7.7,3564000,7.7,7.75,934200,1800,3600,BPCL,245.0,PE,27-FEB-2025
2025-02-03 13:31:38.170677,BPCL27FEB25P245,OPTSTK,7.7,3564000,7.7,7.75,934200,1800,3600,BPCL,245.0,PE,27-FEB-2025
2025-02-03 13:31:44.533036,BPCL27FEB25P245,OPTSTK,7.7,3564000,7.7,7.75,934200,1800,9000,BPCL,245.0,PE,27-FEB-2025
2025-02-03 13:31:50.661512,BPCL27FEB25P245,OPTSTK,7.7,3564000,7.7,7.75,934200,1800,9000,BPCL,245.0,PE,27-FEB-2025
2025-02-03 13:31:56.975323,BPCL27FEB25P245,OPTSTK,7.7,3564000,7.7,7.75,934200,1800,9000,BPCL,245.0,PE,27-FEB-2025
2025-02-03 13:32:03.433601,BPCL27FEB25P245,OPTSTK,7.7,3565800,7.65,7.75,946800,7200,7200,BPCL,245.0,PE,27-FEB-2025
2025-02-03 13:32:09.815768,BPCL27FEB25P245,OPTSTK,7.7,3565800,7.65,7.75,946800,7200,7200,BPCL,245.0,PE,27-FEB-2025
2025-02-03 13:32:16.195632,BPCL27FEB25P245,OPTSTK,7.7,3565800,7.65,7.75,946800,7200,7200,BPCL,245.0,PE,27-FEB-2025
2025-02-03 13:32:22.525494,BPCL27FEB25P245,OPTSTK,7.7,3565800,7.65,7.75,946800,7200,7200,BPCL,245.0,PE,27-FEB-2025
2025-02-03 13:32:28.802589,BPCL27FEB25P245,OPTSTK,7.7,3565800,7.6,7.7,946800,9000,7200,BPCL,245.0,PE,27-FEB-2025
2025-02-03 13:32:35.031458,BPCL27FEB25P245,OPTSTK,7.7,3565800,7.6,7.7,946800,9000,7200,BPCL,245.0,PE,27-FEB-2025
2025-02-03 13:32:41.362662,BPCL27FEB25P245,OPTSTK,7.7,3565800,7.6,7.7,946800,9000,7200,BPCL,245.0,PE,27-FEB-2025
2025-02-03 13:32:47.735677,BPCL27FEB25P245,OPTSTK,7.7,3565800,7.6,7.7,946800,9000,9000,BPCL,245.0,PE,27-FEB-2025
2025-02-03 13:32:54.066884,BPCL27FEB25P245,OPTSTK,7.7,3565800,7.6,7.7,946800,9000,9000,BPCL,245.0,PE,27-FEB-2025
2025-02-03 13:33:00.476345,BPCL27FEB25P245,OPTSTK,7.7,3565800,7.6,7.7,946800,9000,9000,BPCL,245.0,PE,27-FEB-2025
2025-02-03 13:33:06.737518,BPCL27FEB25P245,OPTSTK,7.7,3565800,7.6,7.7,946800,9000,9000,BPCL,245.0,PE,27-FEB-2025
2025-02-03 13:33:13.098293,BPCL27FEB25P245,OPTSTK,7.7,3565800,7.6,7.7,946800,10800,7200,BPCL,245.0,PE,27-FEB-2025
2025-02-03 13:33:19.280985,BPCL27FEB25P245,OPTSTK,7.7,3565800,7.6,7.7,946800,10800,7200,BPCL,245.0,PE,27-FEB-2025
2025-02-03 13:33:25.696656,BPCL27FEB25P245,OPTSTK,7.7,3565800,7.6,7.7,946800,10800,7200,BPCL,245.0,PE,27-FEB-2025
2025-02-03 13:33:32.027087,BPCL27FEB25P245,OPTSTK,7.7,3565800,7.65,7.75,946800,7200,18000,BPCL,245.0,PE,27-FEB-2025
2025-02-03 13:33:38.447995,BPCL27FEB25P245,OPTSTK,7.7,3565800,7.65,7.75,946800,7200,18000,BPCL,245.0,PE,27-FEB-2025
2025-02-03 13:33:44.699612,BPCL27FEB25P245,OPTSTK,7.7,3565800,7.65,7.75,946800,7200,18000,BPCL,245.0,PE,27-FEB-2025
2025-02-03 13:33:51.137495,BPCL27FEB25P245,OPTSTK,7.7,3565800,7.6,7.7,946800,7200,10800,BPCL,245.0,PE,27-FEB-2025
2025-02-03 13:33:57.577585,BPCL27FEB25P245,OPTSTK,7.7,3565800,7.6,7.7,946800,7200,10800,BPCL,245.0,PE,27-FEB-2025
2025-02-03 13:34:03.879203,BPCL27FEB25P245,OPTSTK,7.7,3565800,7.6,7.7,946800,7200,10800,BPCL,245.0,PE,27-FEB-2025
2025-02-03 13:34:10.400728,BPCL27FEB25P245,OPTSTK,7.7,3565800,7.6,7.7,946800,7200,10800,BPCL,245.0,PE,27-FEB-2025
2025-02-03 13:34:17.179686,BPCL27FEB25P245,OPTSTK,7.7,3569400,7.6,7.7,946800,5400,9000,BPCL,245.0,PE,27-FEB-2025
2025-02-03 13:34:23.565431,BPCL27FEB25P245,OPTSTK,7.7,3569400,7.6,7.7,946800,5400,9000,BPCL,245.0,PE,27-FEB-2025
2025-02-03 13:34:30.026211,BPCL27FEB25P245,OPTSTK,7.7,3569400,7.6,7.7,946800,5400,9000,BPCL,245.0,PE,27-FEB-2025
2025-02-03 13:34:36.769623,BPCL27FEB25P245,OPTSTK,7.7,3571200,7.55,7.65,946800,9000,7200,BPCL,245.0,PE,27-FEB-2025
2025-02-03 13:34:43.329271,BPCL27FEB25P245,OPTSTK,7.7,3571200,7.55,7.65,946800,9000,7200,BPCL,245.0,PE,27-FEB-2025
2025-02-03 13:34:49.622739,BPCL27FEB25P245,OPTSTK,7.7,3571200,7.55,7.65,946800,9000,7200,BPCL,245.0,PE,27-FEB-2025
2025-02-03 13:34:56.069824,BPCL27FEB25P245,OPTSTK,7.7,3571200,7.5,7.6,946800,9000,5400,BPCL,245.0,PE,27-FEB-2025
2025-02-03 13:35:02.538746,BPCL27FEB25P245,OPTSTK,7.7,3571200,7.5,7.6,946800,9000,5400,BPCL,245.0,PE,27-FEB-2025
2025-02-03 13:35:08.860746,BPCL27FEB25P245,OPTSTK,7.7,3571200,7.5,7.6,946800,9000,5400,BPCL,245.0,PE,27-FEB-2025
2025-02-03 13:35:15.247464,BPCL27FEB25P245,OPTSTK,7.7,3571200,7.5,7.6,946800,9000,5400,BPCL,245.0,PE,27-FEB-2025
2025-02-03 13:35:21.700431,BPCL27FEB25P245,OPTSTK,7.5,3571200,7.45,7.5,948600,10800,3600,BPCL,245.0,PE,27-FEB-2025
2025-02-03 13:35:28.051769,BPCL27FEB25P245,OPTSTK,7.5,3571200,7.45,7.5,948600,10800,3600,BPCL,245.0,PE,27-FEB-2025
2025-02-03 13:35:34.355864,BPCL27FEB25P245,OPTSTK,7.5,3571200,7.45,7.5,948600,10800,3600,BPCL,245.0,PE,27-FEB-2025
2025-02-03 13:35:40.632978,BPCL27FEB25P245,OPTSTK,7.35,3574800,7.35,7.45,948600,7200,14400,BPCL,245.0,PE,27-FEB-2025
2025-02-03 13:35:47.053947,BPCL27FEB25P245,OPTSTK,7.35,3574800,7.35,7.45,948600,7200,14400,BPCL,245.0,PE,27-FEB-2025
2025-02-03 13:35:53.409147,BPCL27FEB25P245,OPTSTK,7.35,3574800,7.35,7.45,948600,7200,14400,BPCL,245.0,PE,27-FEB-2025
2025-02-03 13:35:59.713466,BPCL27FEB25P245,OPTSTK,7.35,3574800,7.35,7.45,948600,7200,14400,BPCL,245.0,PE,27-FEB-2025
2025-02-03 13:36:06.069166,BPCL27FEB25P245,OPTSTK,7.35,3574800,7.35,7.45,948600,7200,5400,BPCL,245.0,PE,27-FEB-2025
2025-02-03 13:36:12.482074,BPCL27FEB25P245,OPTSTK,7.35,3574800,7.35,7.45,948600,7200,5400,BPCL,245.0,PE,27-FEB-2025
2025-02-03 13:36:18.926472,BPCL27FEB25P245,OPTSTK,7.3,3574800,7.35,7.45,948600,7200,5400,BPCL,245.0,PE,27-FEB-2025
2025-02-03 13:36:25.244098,BPCL27FEB25P245,OPTSTK,7.3,3610800,7.25,7.3,948600,3600,7200,BPCL,245.0,PE,27-FEB-2025
2025-02-03 13:36:31.641257,BPCL27FEB25P245,OPTSTK,7.25,3610800,7.25,7.3,948600,3600,7200,BPCL,245.0,PE,27-FEB-2025
2025-02-03 13:36:37.993028,BPCL27FEB25P245,OPTSTK,7.25,3610800,7.25,7.3,948600,3600,7200,BPCL,245.0,PE,27-FEB-2025
2025-02-03 13:36:44.299454,BPCL27FEB25P245,OPTSTK,7.3,3610800,7.25,7.3,948600,3600,7200,BPCL,245.0,PE,27-FEB-2025
2025-02-03 13:36:50.650866,BPCL27FEB25P245,OPTSTK,7.3,3614400,7.25,7.35,948600,14400,7200,BPCL,245.0,PE,27-FEB-2025
2025-02-03 13:36:56.869086,BPCL27FEB25P245,OPTSTK,7.3,3614400,7.25,7.35,948600,14400,7200,BPCL,245.0,PE,27-FEB-2025
2025-02-03 13:37:03.290320,BPCL27FEB25P245,OPTSTK,7.3,3614400,7.25,7.35,948600,14400,7200,BPCL,245.0,PE,27-FEB-2025
2025-02-03 13:37:09.572748,BPCL27FEB25P245,OPTSTK,7.3,3614400,7.3,7.35,948600,1800,7200,BPCL,245.0,PE,27-FEB-2025
2025-02-03 13:37:15.849105,BPCL27FEB25P245,OPTSTK,7.3,3614400,7.3,7.35,948600,1800,7200,BPCL,245.0,PE,27-FEB-2025
2025-02-03 13:37:22.269099,BPCL27FEB25P245,OPTSTK,7.3,3614400,7.3,7.35,948600,1800,7200,BPCL,245.0,PE,27-FEB-2025
2025-02-03 13:37:28.508410,BPCL27FEB25P245,OPTSTK,7.3,3614400,7.3,7.35,948600,1800,7200,BPCL,245.0,PE,27-FEB-2025
2025-02-03 13:37:34.739856,BPCL27FEB25P245,OPTSTK,7.3,3614400,7.3,7.4,948600,10800,3600,BPCL,245.0,PE,27-FEB-2025
2025-02-03 13:37:41.022193,BPCL27FEB25P245,OPTSTK,7.3,3614400,7.3,7.4,948600,10800,3600,BPCL,245.0,PE,27-FEB-2025
2025-02-03 13:37:47.293923,BPCL27FEB25P245,OPTSTK,7.3,3614400,7.3,7.4,948600,10800,3600,BPCL,245.0,PE,27-FEB-2025
2025-02-03 13:37:53.702605,BPCL27FEB25P245,OPTSTK,7.3,3614400,7.3,7.35,948600,9000,1800,BPCL,245.0,PE,27-FEB-2025
2025-02-03 13:38:00.082619,BPCL27FEB25P245,OPTSTK,7.3,3614400,7.3,7.35,948600,9000,1800,BPCL,245.0,PE,27-FEB-2025
2025-02-03 13:38:06.423651,BPCL27FEB25P245,OPTSTK,7.3,3614400,7.3,7.35,948600,9000,1800,BPCL,245.0,PE,27-FEB-2025
2025-02-03 13:38:12.871353,BPCL27FEB25P245,OPTSTK,7.3,3614400,7.3,7.35,948600,9000,1800,BPCL,245.0,PE,27-FEB-2025
2025-02-03 13:38:19.139078,BPCL27FEB25P245,OPTSTK,7.3,3614400,7.25,7.35,948600,12600,7200,BPCL,245.0,PE,27-FEB-2025
2025-02-03 13:38:25.385056,BPCL27FEB25P245,OPTSTK,7.3,3614400,7.25,7.35,948600,12600,7200,BPCL,245.0,PE,27-FEB-2025
2025-02-03 13:38:31.869549,BPCL27FEB25P245,OPTSTK,7.3,3614400,7.25,7.35,948600,12600,7200,BPCL,245.0,PE,27-FEB-2025
2025-02-03 13:38:38.246110,BPCL27FEB25P245,OPTSTK,7.3,3614400,7.25,7.35,948600,12600,7200,BPCL,245.0,PE,27-FEB-2025
2025-02-03 13:38:44.616826,BPCL27FEB25P245,OPTSTK,7.3,3614400,7.25,7.35,948600,12600,7200,BPCL,245.0,PE,27-FEB-2025
2025-02-03 13:38:50.965497,BPCL27FEB25P245,OPTSTK,7.3,3614400,7.25,7.35,948600,12600,7200,BPCL,245.0,PE,27-FEB-2025
2025-02-03 13:38:57.374829,BPCL27FEB25P245,OPTSTK,7.3,3614400,7.3,7.4,948600,9000,7200,BPCL,245.0,PE,27-FEB-2025
2025-02-03 13:39:03.749054,BPCL27FEB25P245,OPTSTK,7.3,3614400,7.3,7.4,948600,9000,7200,BPCL,245.0,PE,27-FEB-2025
2025-02-03 13:39:10.287048,BPCL27FEB25P245,OPTSTK,7.3,3614400,7.3,7.4,948600,9000,7200,BPCL,245.0,PE,27-FEB-2025
2025-02-03 13:39:16.663125,BPCL27FEB25P245,OPTSTK,7.3,3614400,7.3,7.4,948600,9000,7200,BPCL,245.0,PE,27-FEB-2025
2025-02-03 13:39:23.190593,BPCL27FEB25P245,OPTSTK,7.3,3614400,7.3,7.35,934200,7200,1800,BPCL,245.0,PE,27-FEB-2025
2025-02-03 13:39:29.579070,BPCL27FEB25P245,OPTSTK,7.3,3614400,7.3,7.35,934200,7200,1800,BPCL,245.0,PE,27-FEB-2025
2025-02-03 13:39:35.742607,BPCL27FEB25P245,OPTSTK,7.3,3614400,7.3,7.35,934200,7200,1800,BPCL,245.0,PE,27-FEB-2025
2025-02-03 13:39:41.914067,BPCL27FEB25P245,OPTSTK,7.3,3616200,7.25,7.3,934200,3600,5400,BPCL,245.0,PE,27-FEB-2025
2025-02-03 13:39:48.261605,BPCL27FEB25P245,OPTSTK,7.25,3616200,7.25,7.3,934200,3600,5400,BPCL,245.0,PE,27-FEB-2025
2025-02-03 13:39:54.583904,BPCL27FEB25P245,OPTSTK,7.25,3616200,7.25,7.3,934200,3600,5400,BPCL,245.0,PE,27-FEB-2025
2025-02-03 13:40:00.908780,BPCL27FEB25P245,OPTSTK,7.15,3619800,7.1,7.2,934200,18000,7200,BPCL,245.0,PE,27-FEB-2025
2025-02-03 13:40:07.244180,BPCL27FEB25P245,OPTSTK,7.15,3619800,7.1,7.2,934200,18000,7200,BPCL,245.0,PE,27-FEB-2025
2025-02-03 13:40:13.620991,BPCL27FEB25P245,OPTSTK,7.05,3619800,7.1,7.2,934200,18000,7200,BPCL,245.0,PE,27-FEB-2025
2025-02-03 13:40:22.978843,BPCL27FEB25P245,OPTSTK,7.05,3623400,7.0,7.1,934200,12600,16200,BPCL,245.0,PE,27-FEB-2025
2025-02-03 13:40:30.999431,BPCL27FEB25P245,OPTSTK,7.05,3623400,7.0,7.1,934200,12600,16200,BPCL,245.0,PE,27-FEB-2025
2025-02-03 13:40:37.608657,BPCL27FEB25P245,OPTSTK,7.05,3623400,7.0,7.1,934200,12600,16200,BPCL,245.0,PE,27-FEB-2025
2025-02-03 13:40:44.003231,BPCL27FEB25P245,OPTSTK,7.05,3623400,7.05,7.15,934200,10800,7200,BPCL,245.0,PE,27-FEB-2025
2025-02-03 13:40:50.527353,BPCL27FEB25P245,OPTSTK,7.05,3623400,7.05,7.15,934200,10800,7200,BPCL,245.0,PE,27-FEB-2025
2025-02-03 13:40:56.827175,BPCL27FEB25P245,OPTSTK,7.05,3623400,7.05,7.15,934200,10800,7200,BPCL,245.0,PE,27-FEB-2025
2025-02-03 13:41:03.280140,BPCL27FEB25P245,OPTSTK,7.05,3623400,7.05,7.15,934200,10800,7200,BPCL,245.0,PE,27-FEB-2025
2025-02-03 13:41:09.791663,BPCL27FEB25P245,OPTSTK,7.05,3623400,7.0,7.1,934200,14400,9000,BPCL,245.0,PE,27-FEB-2025
2025-02-03 13:41:16.361517,BPCL27FEB25P245,OPTSTK,7.05,3623400,7.0,7.1,934200,14400,9000,BPCL,245.0,PE,27-FEB-2025
2025-02-03 13:41:22.728350,BPCL27FEB25P245,OPTSTK,7.05,3623400,7.0,7.1,934200,14400,9000,BPCL,245.0,PE,27-FEB-2025
2025-02-03 13:41:29.129600,BPCL27FEB25P245,OPTSTK,7.1,3623400,7.05,7.15,939600,14400,10800,BPCL,245.0,PE,27-FEB-2025
2025-02-03 13:41:35.774764,BPCL27FEB25P245,OPTSTK,7.1,3623400,7.05,7.15,939600,14400,10800,BPCL,245.0,PE,27-FEB-2025
2025-02-03 13:41:42.260726,BPCL27FEB25P245,OPTSTK,7.1,3623400,7.05,7.15,939600,14400,10800,BPCL,245.0,PE,27-FEB-2025
2025-02-03 13:41:48.694064,BPCL27FEB25P245,OPTSTK,7.1,3623400,7.05,7.15,939600,14400,10800,BPCL,245.0,PE,27-FEB-2025
2025-02-03 13:41:55.134784,BPCL27FEB25P245,OPTSTK,7.1,3625200,7.05,7.1,939600,9000,3600,BPCL,245.0,PE,27-FEB-2025
2025-02-03 13:42:01.706268,BPCL27FEB25P245,OPTSTK,7.1,3625200,7.05,7.1,939600,9000,3600,BPCL,245.0,PE,27-FEB-2025
2025-02-03 13:42:08.135313,BPCL27FEB25P245,OPTSTK,7.1,3625200,7.05,7.1,939600,9000,3600,BPCL,245.0,PE,27-FEB-2025
2025-02-03 13:42:14.631053,BPCL27FEB25P245,OPTSTK,7.1,3627000,7.1,7.2,939600,5400,14400,BPCL,245.0,PE,27-FEB-2025
2025-02-03 13:42:20.950351,BPCL27FEB25P245,OPTSTK,7.1,3627000,7.1,7.2,939600,5400,14400,BPCL,245.0,PE,27-FEB-2025
2025-02-03 13:42:27.527588,BPCL27FEB25P245,OPTSTK,7.1,3627000,7.1,7.2,939600,5400,14400,BPCL,245.0,PE,27-FEB-2025
2025-02-03 13:42:34.313046,BPCL27FEB25P245,OPTSTK,7.1,3627000,7.1,7.2,939600,10800,5400,BPCL,245.0,PE,27-FEB-2025
2025-02-03 13:42:40.849557,BPCL27FEB25P245,OPTSTK,7.1,3627000,7.1,7.2,939600,10800,5400,BPCL,245.0,PE,27-FEB-2025
2025-02-03 13:42:47.516875,BPCL27FEB25P245,OPTSTK,7.1,3627000,7.1,7.2,939600,10800,5400,BPCL,245.0,PE,27-FEB-2025
2025-02-03 13:42:53.957091,BPCL27FEB25P245,OPTSTK,7.1,3627000,7.1,7.15,939600,7200,1800,BPCL,245.0,PE,27-FEB-2025
2025-02-03 13:43:00.371546,BPCL27FEB25P245,OPTSTK,7.1,3627000,7.1,7.15,939600,7200,1800,BPCL,245.0,PE,27-FEB-2025
2025-02-03 13:43:06.802858,BPCL27FEB25P245,OPTSTK,7.1,3627000,7.1,7.15,939600,7200,1800,BPCL,245.0,PE,27-FEB-2025
2025-02-03 13:43:13.141390,BPCL27FEB25P245,OPTSTK,7.1,3627000,7.1,7.15,939600,7200,1800,BPCL,245.0,PE,27-FEB-2025
2025-02-03 13:43:19.738011,BPCL27FEB25P245,OPTSTK,7.1,3627000,7.1,7.15,939600,7200,1800,BPCL,245.0,PE,27-FEB-2025
2025-02-03 13:43:26.112298,BPCL27FEB25P245,OPTSTK,7.1,3627000,7.1,7.15,939600,7200,1800,BPCL,245.0,PE,27-FEB-2025
2025-02-03 13:43:32.570289,BPCL27FEB25P245,OPTSTK,7.1,3627000,7.1,7.15,939600,7200,1800,BPCL,245.0,PE,27-FEB-2025
2025-02-03 13:43:39.042248,BPCL27FEB25P245,OPTSTK,7.1,3627000,7.1,7.15,939600,9000,1800,BPCL,245.0,PE,27-FEB-2025
2025-02-03 13:43:45.673878,BPCL27FEB25P245,OPTSTK,7.1,3627000,7.1,7.15,939600,9000,1800,BPCL,245.0,PE,27-FEB-2025
2025-02-03 13:43:52.046364,BPCL27FEB25P245,OPTSTK,7.15,3627000,7.1,7.15,937800,9000,1800,BPCL,245.0,PE,27-FEB-2025
2025-02-03 13:43:58.664684,BPCL27FEB25P245,OPTSTK,7.15,3628800,7.1,7.2,937800,10800,9000,BPCL,245.0,PE,27-FEB-2025
2025-02-03 13:44:05.106813,BPCL27FEB25P245,OPTSTK,7.15,3628800,7.1,7.2,937800,10800,9000,BPCL,245.0,PE,27-FEB-2025
2025-02-03 13:44:11.514649,BPCL27FEB25P245,OPTSTK,7.15,3628800,7.1,7.2,937800,10800,9000,BPCL,245.0,PE,27-FEB-2025
2025-02-03 13:44:17.858176,BPCL27FEB25P245,OPTSTK,7.15,3628800,7.1,7.2,937800,10800,9000,BPCL,245.0,PE,27-FEB-2025
2025-02-03 13:44:24.216071,BPCL27FEB25P245,OPTSTK,7.15,3628800,7.1,7.2,937800,10800,9000,BPCL,245.0,PE,27-FEB-2025
2025-02-03 13:44:30.590624,BPCL27FEB25P245,OPTSTK,7.15,3628800,7.1,7.2,937800,10800,9000,BPCL,245.0,PE,27-FEB-2025
2025-02-03 13:44:37.003797,BPCL27FEB25P245,OPTSTK,7.15,3628800,7.1,7.2,937800,10800,9000,BPCL,245.0,PE,27-FEB-2025
2025-02-03 13:44:43.690580,BPCL27FEB25P245,OPTSTK,7.15,3628800,7.1,7.15,937800,5400,1800,BPCL,245.0,PE,27-FEB-2025
2025-02-03 13:44:50.570522,BPCL27FEB25P245,OPTSTK,7.15,3628800,7.1,7.15,937800,5400,1800,BPCL,245.0,PE,27-FEB-2025
2025-02-03 13:44:56.863615,BPCL27FEB25P245,OPTSTK,7.15,3628800,7.1,7.15,937800,5400,1800,BPCL,245.0,PE,27-FEB-2025
2025-02-03 13:45:03.512921,BPCL27FEB25P245,OPTSTK,7.15,3628800,7.05,7.1,937800,10800,3600,BPCL,245.0,PE,27-FEB-2025
2025-02-03 13:45:09.969216,BPCL27FEB25P245,OPTSTK,7.15,3628800,7.05,7.1,937800,10800,3600,BPCL,245.0,PE,27-FEB-2025
2025-02-03 13:45:17.931817,BPCL27FEB25P245,OPTSTK,7.15,3628800,7.05,7.1,937800,10800,3600,BPCL,245.0,PE,27-FEB-2025
2025-02-03 13:45:24.236705,BPCL27FEB25P245,OPTSTK,7.15,3628800,7.05,7.1,937800,5400,10800,BPCL,245.0,PE,27-FEB-2025
2025-02-03 13:45:30.698340,BPCL27FEB25P245,OPTSTK,7.05,3628800,7.05,7.1,937800,5400,10800,BPCL,245.0,PE,27-FEB-2025
2025-02-03 13:45:37.168483,BPCL27FEB25P245,OPTSTK,7.05,3628800,7.05,7.1,937800,5400,10800,BPCL,245.0,PE,27-FEB-2025
2025-02-03 13:45:43.574498,BPCL27FEB25P245,OPTSTK,7.05,3628800,7.05,7.1,937800,5400,10800,BPCL,245.0,PE,27-FEB-2025
2025-02-03 13:45:50.171044,BPCL27FEB25P245,OPTSTK,7.05,3636000,7.0,7.1,937800,12600,16200,BPCL,245.0,PE,27-FEB-2025
2025-02-03 13:45:58.158653,BPCL27FEB25P245,OPTSTK,7.05,3636000,7.0,7.1,937800,12600,16200,BPCL,245.0,PE,27-FEB-2025
2025-02-03 13:46:04.803411,BPCL27FEB25P245,OPTSTK,7.05,3636000,7.0,7.1,937800,12600,16200,BPCL,245.0,PE,27-FEB-2025
2025-02-03 13:46:11.517452,BPCL27FEB25P245,OPTSTK,7.05,3637800,7.05,7.1,937800,3600,3600,BPCL,245.0,PE,27-FEB-2025
2025-02-03 13:46:18.200862,BPCL27FEB25P245,OPTSTK,7.05,3637800,7.05,7.1,937800,3600,3600,BPCL,245.0,PE,27-FEB-2025
2025-02-03 13:46:26.032605,BPCL27FEB25P245,OPTSTK,7.05,3637800,7.05,7.1,937800,3600,3600,BPCL,245.0,PE,27-FEB-2025
2025-02-03 13:46:32.542317,BPCL27FEB25P245,OPTSTK,7.05,3637800,7.05,7.15,937800,7200,14400,BPCL,245.0,PE,27-FEB-2025
2025-02-03 13:46:39.482012,BPCL27FEB25P245,OPTSTK,7.05,3637800,7.05,7.15,937800,7200,14400,BPCL,245.0,PE,27-FEB-2025
2025-02-03 13:46:46.318643,BPCL27FEB25P245,OPTSTK,7.05,3637800,7.05,7.15,937800,7200,14400,BPCL,245.0,PE,27-FEB-2025
2025-02-03 13:46:53.249638,BPCL27FEB25P245,OPTSTK,7.05,3637800,7.05,7.1,937800,1800,10800,BPCL,245.0,PE,27-FEB-2025
2025-02-03 13:46:59.964463,BPCL27FEB25P245,OPTSTK,7.05,3637800,7.05,7.1,937800,1800,10800,BPCL,245.0,PE,27-FEB-2025
2025-02-03 13:47:06.688596,BPCL27FEB25P245,OPTSTK,7.05,3637800,7.05,7.1,937800,1800,10800,BPCL,245.0,PE,27-FEB-2025
2025-02-03 13:47:14.768233,BPCL27FEB25P245,OPTSTK,7.05,3637800,7.05,7.1,945000,1800,10800,BPCL,245.0,PE,27-FEB-2025
2025-02-03 13:47:21.306336,BPCL27FEB25P245,OPTSTK,7.05,3637800,7.05,7.1,945000,1800,10800,BPCL,245.0,PE,27-FEB-2025
2025-02-03 13:47:27.812968,BPCL27FEB25P245,OPTSTK,7.05,3637800,7.05,7.1,945000,1800,10800,BPCL,245.0,PE,27-FEB-2025
2025-02-03 13:47:34.259052,BPCL27FEB25P245,OPTSTK,7.05,3641400,7.0,7.05,945000,3600,14400,BPCL,245.0,PE,27-FEB-2025
2025-02-03 13:47:40.977297,BPCL27FEB25P245,OPTSTK,7.05,3641400,7.0,7.05,945000,3600,14400,BPCL,245.0,PE,27-FEB-2025
2025-02-03 13:47:47.443259,BPCL27FEB25P245,OPTSTK,7.0,3641400,7.0,7.05,945000,3600,14400,BPCL,245.0,PE,27-FEB-2025
2025-02-03 13:47:53.879440,BPCL27FEB25P245,OPTSTK,7.0,3645000,6.9,7.0,945000,16200,7200,BPCL,245.0,PE,27-FEB-2025
2025-02-03 13:48:00.442756,BPCL27FEB25P245,OPTSTK,6.95,3645000,6.9,7.0,945000,16200,7200,BPCL,245.0,PE,27-FEB-2025
2025-02-03 13:48:07.953000,BPCL27FEB25P245,OPTSTK,6.95,3645000,6.9,7.0,945000,16200,7200,BPCL,245.0,PE,27-FEB-2025
2025-02-03 13:48:14.714984,BPCL27FEB25P245,OPTSTK,6.95,3648600,6.95,7.05,945000,9000,9000,BPCL,245.0,PE,27-FEB-2025
2025-02-03 13:48:21.162985,BPCL27FEB25P245,OPTSTK,6.95,3648600,6.95,7.05,945000,9000,9000,BPCL,245.0,PE,27-FEB-2025
2025-02-03 13:48:27.753542,BPCL27FEB25P245,OPTSTK,6.95,3648600,6.95,7.05,945000,9000,9000,BPCL,245.0,PE,27-FEB-2025
2025-02-03 13:48:34.187952,BPCL27FEB25P245,OPTSTK,6.95,3648600,6.95,7.05,945000,9000,9000,BPCL,245.0,PE,27-FEB-2025
2025-02-03 13:48:40.583121,BPCL27FEB25P245,OPTSTK,6.95,3650400,7.0,7.05,945000,1800,5400,BPCL,245.0,PE,27-FEB-2025
2025-02-03 13:48:46.905128,BPCL27FEB25P245,OPTSTK,6.95,3650400,7.0,7.05,945000,1800,5400,BPCL,245.0,PE,27-FEB-2025
2025-02-03 13:48:53.263084,BPCL27FEB25P245,OPTSTK,6.95,3650400,7.0,7.05,945000,1800,5400,BPCL,245.0,PE,27-FEB-2025
2025-02-03 13:49:00.066771,BPCL27FEB25P245,OPTSTK,6.95,3650400,7.0,7.05,945000,1800,7200,BPCL,245.0,PE,27-FEB-2025
2025-02-03 13:49:06.631628,BPCL27FEB25P245,OPTSTK,6.95,3650400,7.0,7.05,945000,1800,7200,BPCL,245.0,PE,27-FEB-2025
2025-02-03 13:49:13.132532,BPCL27FEB25P245,OPTSTK,6.95,3650400,7.0,7.05,945000,1800,7200,BPCL,245.0,PE,27-FEB-2025
2025-02-03 13:49:19.680965,BPCL27FEB25P245,OPTSTK,6.95,3650400,7.0,7.05,945000,1800,9000,BPCL,245.0,PE,27-FEB-2025
2025-02-03 13:49:26.096485,BPCL27FEB25P245,OPTSTK,6.95,3650400,7.0,7.05,945000,1800,9000,BPCL,245.0,PE,27-FEB-2025
2025-02-03 13:49:32.613917,BPCL27FEB25P245,OPTSTK,6.95,3650400,7.0,7.05,945000,1800,9000,BPCL,245.0,PE,27-FEB-2025
2025-02-03 13:49:38.938541,BPCL27FEB25P245,OPTSTK,7.1,3650400,7.0,7.05,948600,1800,9000,BPCL,245.0,PE,27-FEB-2025
2025-02-03 13:49:45.467946,BPCL27FEB25P245,OPTSTK,7.1,3654000,7.0,7.1,948600,10800,9000,BPCL,245.0,PE,27-FEB-2025
2025-02-03 13:49:52.105453,BPCL27FEB25P245,OPTSTK,7.1,3654000,7.0,7.1,948600,10800,9000,BPCL,245.0,PE,27-FEB-2025
2025-02-03 13:49:58.793089,BPCL27FEB25P245,OPTSTK,7.1,3654000,7.0,7.1,948600,10800,9000,BPCL,245.0,PE,27-FEB-2025
2025-02-03 13:50:06.008356,BPCL27FEB25P245,OPTSTK,7.1,3654000,7.05,7.15,948600,3600,19800,BPCL,245.0,PE,27-FEB-2025
2025-02-03 13:50:12.716542,BPCL27FEB25P245,OPTSTK,7.1,3654000,7.05,7.15,948600,3600,19800,BPCL,245.0,PE,27-FEB-2025
2025-02-03 13:50:19.313889,BPCL27FEB25P245,OPTSTK,7.1,3654000,7.05,7.15,948600,3600,19800,BPCL,245.0,PE,27-FEB-2025
2025-02-03 13:50:25.840513,BPCL27FEB25P245,OPTSTK,7.1,3654000,7.1,7.15,948600,1800,5400,BPCL,245.0,PE,27-FEB-2025
2025-02-03 13:50:32.608774,BPCL27FEB25P245,OPTSTK,7.1,3654000,7.1,7.15,948600,1800,5400,BPCL,245.0,PE,27-FEB-2025
2025-02-03 13:50:39.047779,BPCL27FEB25P245,OPTSTK,7.15,3654000,7.1,7.15,948600,1800,5400,BPCL,245.0,PE,27-FEB-2025
2025-02-03 13:50:45.474854,BPCL27FEB25P245,OPTSTK,7.15,3655800,7.1,7.15,948600,1800,9000,BPCL,245.0,PE,27-FEB-2025
2025-02-03 13:50:52.057491,BPCL27FEB25P245,OPTSTK,7.15,3655800,7.1,7.15,948600,1800,9000,BPCL,245.0,PE,27-FEB-2025
2025-02-03 13:50:58.766945,BPCL27FEB25P245,OPTSTK,7.15,3655800,7.1,7.15,948600,1800,9000,BPCL,245.0,PE,27-FEB-2025
2025-02-03 13:51:05.475633,BPCL27FEB25P245,OPTSTK,7.15,3655800,7.1,7.2,948600,5400,16200,BPCL,245.0,PE,27-FEB-2025
2025-02-03 13:51:12.028660,BPCL27FEB25P245,OPTSTK,7.15,3655800,7.1,7.2,948600,5400,16200,BPCL,245.0,PE,27-FEB-2025
2025-02-03 13:51:18.680980,BPCL27FEB25P245,OPTSTK,7.15,3655800,7.1,7.2,948600,5400,16200,BPCL,245.0,PE,27-FEB-2025
2025-02-03 13:51:25.013071,BPCL27FEB25P245,OPTSTK,7.15,3655800,7.1,7.2,948600,5400,16200,BPCL,245.0,PE,27-FEB-2025
2025-02-03 13:51:31.453217,BPCL27FEB25P245,OPTSTK,7.2,3657600,7.1,7.2,948600,9000,12600,BPCL,245.0,PE,27-FEB-2025
2025-02-03 13:51:37.905607,BPCL27FEB25P245,OPTSTK,7.2,3657600,7.1,7.2,948600,9000,12600,BPCL,245.0,PE,27-FEB-2025
2025-02-03 13:51:44.238989,BPCL27FEB25P245,OPTSTK,7.25,3657600,7.1,7.2,948600,9000,12600,BPCL,245.0,PE,27-FEB-2025
2025-02-03 13:51:50.507746,BPCL27FEB25P245,OPTSTK,7.25,3657600,7.1,7.2,948600,9000,12600,BPCL,245.0,PE,27-FEB-2025
2025-02-03 13:51:56.883606,BPCL27FEB25P245,OPTSTK,7.25,3664800,7.2,7.3,948600,5400,10800,BPCL,245.0,PE,27-FEB-2025
2025-02-03 13:52:05.658859,BPCL27FEB25P245,OPTSTK,7.25,3664800,7.2,7.3,948600,5400,10800,BPCL,245.0,PE,27-FEB-2025
2025-02-03 13:52:12.339100,BPCL27FEB25P245,OPTSTK,7.25,3664800,7.2,7.3,948600,5400,10800,BPCL,245.0,PE,27-FEB-2025
2025-02-03 13:52:18.727638,BPCL27FEB25P245,OPTSTK,7.25,3664800,7.3,7.35,948600,1800,7200,BPCL,245.0,PE,27-FEB-2025
2025-02-03 13:52:25.431496,BPCL27FEB25P245,OPTSTK,7.25,3664800,7.3,7.35,948600,1800,7200,BPCL,245.0,PE,27-FEB-2025
2025-02-03 13:52:31.797705,BPCL27FEB25P245,OPTSTK,7.25,3664800,7.3,7.35,948600,1800,7200,BPCL,245.0,PE,27-FEB-2025
2025-02-03 13:52:38.631916,BPCL27FEB25P245,OPTSTK,7.4,3664800,7.3,7.35,948600,1800,7200,BPCL,245.0,PE,27-FEB-2025
2025-02-03 13:52:45.626909,BPCL27FEB25P245,OPTSTK,7.4,3668400,7.3,7.4,948600,9000,10800,BPCL,245.0,PE,27-FEB-2025
2025-02-03 13:52:52.108407,BPCL27FEB25P245,OPTSTK,7.4,3668400,7.3,7.4,948600,9000,10800,BPCL,245.0,PE,27-FEB-2025
2025-02-03 13:52:58.568033,BPCL27FEB25P245,OPTSTK,7.4,3668400,7.3,7.4,948600,9000,10800,BPCL,245.0,PE,27-FEB-2025
2025-02-03 13:53:06.110086,BPCL27FEB25P245,OPTSTK,7.4,3668400,7.3,7.4,948600,7200,7200,BPCL,245.0,PE,27-FEB-2025
2025-02-03 13:53:12.712244,BPCL27FEB25P245,OPTSTK,7.4,3668400,7.3,7.4,948600,7200,7200,BPCL,245.0,PE,27-FEB-2025
2025-02-03 13:53:19.190664,BPCL27FEB25P245,OPTSTK,7.4,3668400,7.3,7.4,948600,7200,7200,BPCL,245.0,PE,27-FEB-2025
2025-02-03 13:53:25.799296,BPCL27FEB25P245,OPTSTK,7.4,3668400,7.3,7.4,948600,7200,7200,BPCL,245.0,PE,27-FEB-2025
2025-02-03 13:53:32.366190,BPCL27FEB25P245,OPTSTK,7.4,3668400,7.3,7.35,948600,1800,7200,BPCL,245.0,PE,27-FEB-2025
2025-02-03 13:53:39.803627,BPCL27FEB25P245,OPTSTK,7.4,3668400,7.3,7.35,948600,1800,7200,BPCL,245.0,PE,27-FEB-2025
2025-02-03 13:53:46.119007,BPCL27FEB25P245,OPTSTK,7.4,3668400,7.3,7.35,948600,1800,7200,BPCL,245.0,PE,27-FEB-2025
2025-02-03 13:53:52.602231,BPCL27FEB25P245,OPTSTK,7.4,3668400,7.3,7.35,948600,1800,7200,BPCL,245.0,PE,27-FEB-2025
2025-02-03 13:53:59.164859,BPCL27FEB25P245,OPTSTK,7.4,3668400,7.3,7.35,948600,1800,7200,BPCL,245.0,PE,27-FEB-2025
2025-02-03 13:54:05.588259,BPCL27FEB25P245,OPTSTK,7.4,3668400,7.3,7.35,948600,1800,7200,BPCL,245.0,PE,27-FEB-2025
2025-02-03 13:54:11.915353,BPCL27FEB25P245,OPTSTK,7.4,3668400,7.3,7.4,948600,5400,10800,BPCL,245.0,PE,27-FEB-2025
2025-02-03 13:54:18.182617,BPCL27FEB25P245,OPTSTK,7.4,3668400,7.3,7.4,948600,5400,10800,BPCL,245.0,PE,27-FEB-2025
2025-02-03 13:54:24.742683,BPCL27FEB25P245,OPTSTK,7.4,3668400,7.3,7.4,948600,5400,10800,BPCL,245.0,PE,27-FEB-2025
2025-02-03 13:54:31.128176,BPCL27FEB25P245,OPTSTK,7.4,3668400,7.3,7.4,948600,5400,10800,BPCL,245.0,PE,27-FEB-2025
2025-02-03 13:54:37.682295,BPCL27FEB25P245,OPTSTK,7.4,3668400,7.35,7.4,948600,1800,10800,BPCL,245.0,PE,27-FEB-2025
2025-02-03 13:54:44.263125,BPCL27FEB25P245,OPTSTK,7.4,3668400,7.35,7.4,948600,1800,10800,BPCL,245.0,PE,27-FEB-2025
2025-02-03 13:54:52.055760,BPCL27FEB25P245,OPTSTK,7.4,3668400,7.35,7.4,948600,1800,10800,BPCL,245.0,PE,27-FEB-2025
2025-02-03 13:54:58.494626,BPCL27FEB25P245,OPTSTK,7.4,3668400,7.35,7.4,948600,1800,9000,BPCL,245.0,PE,27-FEB-2025
2025-02-03 13:55:05.157237,BPCL27FEB25P245,OPTSTK,7.4,3668400,7.35,7.4,948600,1800,9000,BPCL,245.0,PE,27-FEB-2025
2025-02-03 13:55:11.705489,BPCL27FEB25P245,OPTSTK,7.4,3668400,7.35,7.4,948600,1800,9000,BPCL,245.0,PE,27-FEB-2025
2025-02-03 13:55:18.321954,BPCL27FEB25P245,OPTSTK,7.4,3668400,7.35,7.4,948600,1800,12600,BPCL,245.0,PE,27-FEB-2025
2025-02-03 13:55:25.077898,BPCL27FEB25P245,OPTSTK,7.4,3668400,7.35,7.4,948600,1800,12600,BPCL,245.0,PE,27-FEB-2025
2025-02-03 13:55:31.584060,BPCL27FEB25P245,OPTSTK,7.35,3668400,7.35,7.4,950400,1800,12600,BPCL,245.0,PE,27-FEB-2025
2025-02-03 13:55:37.933230,BPCL27FEB25P245,OPTSTK,7.35,3670200,7.3,7.4,950400,5400,12600,BPCL,245.0,PE,27-FEB-2025
2025-02-03 13:55:44.444472,BPCL27FEB25P245,OPTSTK,7.35,3670200,7.3,7.4,950400,5400,12600,BPCL,245.0,PE,27-FEB-2025
2025-02-03 13:55:50.997841,BPCL27FEB25P245,OPTSTK,7.35,3670200,7.3,7.4,950400,5400,12600,BPCL,245.0,PE,27-FEB-2025
2025-02-03 13:55:57.323705,BPCL27FEB25P245,OPTSTK,7.35,3670200,7.3,7.4,950400,7200,10800,BPCL,245.0,PE,27-FEB-2025
2025-02-03 13:56:03.670876,BPCL27FEB25P245,OPTSTK,7.35,3670200,7.3,7.4,950400,7200,10800,BPCL,245.0,PE,27-FEB-2025
2025-02-03 13:56:10.035541,BPCL27FEB25P245,OPTSTK,7.35,3670200,7.3,7.4,950400,7200,10800,BPCL,245.0,PE,27-FEB-2025
2025-02-03 13:56:16.489619,BPCL27FEB25P245,OPTSTK,7.35,3670200,7.3,7.4,950400,7200,10800,BPCL,245.0,PE,27-FEB-2025
2025-02-03 13:56:23.061060,BPCL27FEB25P245,OPTSTK,7.35,3670200,7.3,7.4,950400,7200,10800,BPCL,245.0,PE,27-FEB-2025
2025-02-03 13:56:29.656241,BPCL27FEB25P245,OPTSTK,7.35,3670200,7.3,7.4,950400,7200,10800,BPCL,245.0,PE,27-FEB-2025
2025-02-03 13:56:36.146184,BPCL27FEB25P245,OPTSTK,7.35,3670200,7.3,7.4,950400,7200,10800,BPCL,245.0,PE,27-FEB-2025
2025-02-03 13:56:42.414459,BPCL27FEB25P245,OPTSTK,7.35,3670200,7.3,7.4,950400,9000,10800,BPCL,245.0,PE,27-FEB-2025
2025-02-03 13:56:49.001142,BPCL27FEB25P245,OPTSTK,7.4,3670200,7.3,7.4,950400,9000,10800,BPCL,245.0,PE,27-FEB-2025
2025-02-03 13:56:55.417925,BPCL27FEB25P245,OPTSTK,7.4,3670200,7.3,7.4,950400,9000,10800,BPCL,245.0,PE,27-FEB-2025
2025-02-03 13:57:01.895863,BPCL27FEB25P245,OPTSTK,7.4,3670200,7.3,7.4,950400,9000,10800,BPCL,245.0,PE,27-FEB-2025
2025-02-03 13:57:08.295504,BPCL27FEB25P245,OPTSTK,7.4,3672000,7.4,7.5,950400,5400,10800,BPCL,245.0,PE,27-FEB-2025
2025-02-03 13:57:14.867053,BPCL27FEB25P245,OPTSTK,7.4,3672000,7.4,7.5,950400,5400,10800,BPCL,245.0,PE,27-FEB-2025
2025-02-03 13:57:21.623502,BPCL27FEB25P245,OPTSTK,7.4,3672000,7.4,7.5,950400,5400,10800,BPCL,245.0,PE,27-FEB-2025
2025-02-03 13:57:28.448309,BPCL27FEB25P245,OPTSTK,7.4,3672000,7.4,7.5,950400,5400,12600,BPCL,245.0,PE,27-FEB-2025
2025-02-03 13:57:35.167733,BPCL27FEB25P245,OPTSTK,7.45,3672000,7.4,7.5,950400,5400,12600,BPCL,245.0,PE,27-FEB-2025
2025-02-03 13:57:41.562968,BPCL27FEB25P245,OPTSTK,7.45,3672000,7.4,7.5,950400,5400,12600,BPCL,245.0,PE,27-FEB-2025
2025-02-03 13:57:47.913130,BPCL27FEB25P245,OPTSTK,7.45,3673800,7.45,7.5,950400,5400,1800,BPCL,245.0,PE,27-FEB-2025
2025-02-03 13:57:54.236629,BPCL27FEB25P245,OPTSTK,7.45,3673800,7.45,7.5,950400,5400,1800,BPCL,245.0,PE,27-FEB-2025
2025-02-03 13:58:00.975598,BPCL27FEB25P245,OPTSTK,7.5,3673800,7.45,7.5,950400,5400,1800,BPCL,245.0,PE,27-FEB-2025
2025-02-03 13:58:07.459084,BPCL27FEB25P245,OPTSTK,7.5,3673800,7.45,7.5,950400,5400,1800,BPCL,245.0,PE,27-FEB-2025
2025-02-03 13:58:13.913687,BPCL27FEB25P245,OPTSTK,7.5,3677400,7.45,7.55,950400,5400,10800,BPCL,245.0,PE,27-FEB-2025
2025-02-03 13:58:20.754105,BPCL27FEB25P245,OPTSTK,7.5,3677400,7.45,7.55,950400,5400,10800,BPCL,245.0,PE,27-FEB-2025
2025-02-03 13:58:27.813381,BPCL27FEB25P245,OPTSTK,7.5,3677400,7.45,7.55,950400,5400,10800,BPCL,245.0,PE,27-FEB-2025
2025-02-03 13:58:34.980802,BPCL27FEB25P245,OPTSTK,7.5,3677400,7.45,7.5,950400,5400,1800,BPCL,245.0,PE,27-FEB-2025
2025-02-03 13:58:41.619495,BPCL27FEB25P245,OPTSTK,7.5,3677400,7.45,7.5,950400,5400,1800,BPCL,245.0,PE,27-FEB-2025
2025-02-03 13:58:48.358217,BPCL27FEB25P245,OPTSTK,7.5,3677400,7.45,7.5,950400,5400,1800,BPCL,245.0,PE,27-FEB-2025
2025-02-03 13:58:55.759453,BPCL27FEB25P245,OPTSTK,7.5,3679200,7.45,7.55,950400,7200,10800,BPCL,245.0,PE,27-FEB-2025
2025-02-03 13:59:02.256535,BPCL27FEB25P245,OPTSTK,7.5,3679200,7.45,7.55,950400,7200,10800,BPCL,245.0,PE,27-FEB-2025
2025-02-03 13:59:08.629692,BPCL27FEB25P245,OPTSTK,7.5,3679200,7.45,7.55,950400,7200,10800,BPCL,245.0,PE,27-FEB-2025
2025-02-03 13:59:15.075411,BPCL27FEB25P245,OPTSTK,7.5,3679200,7.45,7.55,950400,9000,10800,BPCL,245.0,PE,27-FEB-2025
2025-02-03 13:59:21.601381,BPCL27FEB25P245,OPTSTK,7.5,3679200,7.45,7.55,950400,9000,10800,BPCL,245.0,PE,27-FEB-2025
2025-02-03 13:59:28.134271,BPCL27FEB25P245,OPTSTK,7.5,3679200,7.45,7.55,950400,9000,10800,BPCL,245.0,PE,27-FEB-2025
2025-02-03 13:59:34.374057,BPCL27FEB25P245,OPTSTK,7.5,3679200,7.45,7.55,950400,9000,10800,BPCL,245.0,PE,27-FEB-2025
2025-02-03 13:59:41.866116,BPCL27FEB25P245,OPTSTK,7.5,3679200,7.4,7.5,950400,9000,7200,BPCL,245.0,PE,27-FEB-2025
2025-02-03 13:59:48.470644,BPCL27FEB25P245,OPTSTK,7.5,3679200,7.4,7.5,950400,9000,7200,BPCL,245.0,PE,27-FEB-2025
2025-02-03 13:59:55.116339,BPCL27FEB25P245,OPTSTK,7.5,3679200,7.4,7.5,950400,9000,7200,BPCL,245.0,PE,27-FEB-2025
2025-02-03 14:00:01.675797,BPCL27FEB25P245,OPTSTK,7.5,3679200,7.4,7.45,950400,3600,3600,BPCL,245.0,PE,27-FEB-2025
2025-02-03 14:00:08.215353,BPCL27FEB25P245,OPTSTK,7.5,3679200,7.4,7.45,950400,3600,3600,BPCL,245.0,PE,27-FEB-2025
2025-02-03 14:00:14.761357,BPCL27FEB25P245,OPTSTK,7.5,3679200,7.4,7.45,950400,3600,3600,BPCL,245.0,PE,27-FEB-2025
2025-02-03 14:00:21.295572,BPCL27FEB25P245,OPTSTK,7.5,3679200,7.3,7.45,950400,12600,12600,BPCL,245.0,PE,27-FEB-2025
2025-02-03 14:00:28.675177,BPCL27FEB25P245,OPTSTK,7.5,3679200,7.3,7.45,950400,12600,12600,BPCL,245.0,PE,27-FEB-2025
2025-02-03 14:00:35.121548,BPCL27FEB25P245,OPTSTK,7.5,3679200,7.3,7.45,950400,12600,12600,BPCL,245.0,PE,27-FEB-2025
2025-02-03 14:00:41.899339,BPCL27FEB25P245,OPTSTK,7.5,3679200,7.3,7.4,950400,7200,7200,BPCL,245.0,PE,27-FEB-2025
2025-02-03 14:00:49.354826,BPCL27FEB25P245,OPTSTK,7.5,3679200,7.3,7.4,950400,7200,7200,BPCL,245.0,PE,27-FEB-2025
2025-02-03 14:00:58.386711,BPCL27FEB25P245,OPTSTK,7.5,3679200,7.3,7.4,950400,7200,7200,BPCL,245.0,PE,27-FEB-2025
2025-02-03 14:01:04.871270,BPCL27FEB25P245,OPTSTK,7.5,3679200,7.25,7.3,950400,5400,3600,BPCL,245.0,PE,27-FEB-2025
2025-02-03 14:01:11.340441,BPCL27FEB25P245,OPTSTK,7.5,3679200,7.25,7.3,950400,5400,3600,BPCL,245.0,PE,27-FEB-2025
2025-02-03 14:01:18.219650,BPCL27FEB25P245,OPTSTK,7.5,3679200,7.25,7.3,950400,5400,3600,BPCL,245.0,PE,27-FEB-2025
2025-02-03 14:01:24.859078,BPCL27FEB25P245,OPTSTK,7.5,3679200,7.2,7.3,950400,10800,9000,BPCL,245.0,PE,27-FEB-2025
2025-02-03 14:01:31.673951,BPCL27FEB25P245,OPTSTK,7.5,3679200,7.2,7.3,950400,10800,9000,BPCL,245.0,PE,27-FEB-2025
2025-02-03 14:01:38.377523,BPCL27FEB25P245,OPTSTK,7.5,3679200,7.2,7.3,950400,10800,9000,BPCL,245.0,PE,27-FEB-2025
2025-02-03 14:01:45.904814,BPCL27FEB25P245,OPTSTK,7.5,3679200,7.15,7.25,950400,12600,7200,BPCL,245.0,PE,27-FEB-2025
2025-02-03 14:01:52.605048,BPCL27FEB25P245,OPTSTK,7.5,3679200,7.15,7.25,950400,12600,7200,BPCL,245.0,PE,27-FEB-2025
2025-02-03 14:01:59.266513,BPCL27FEB25P245,OPTSTK,7.5,3679200,7.15,7.25,950400,12600,7200,BPCL,245.0,PE,27-FEB-2025
2025-02-03 14:02:05.719748,BPCL27FEB25P245,OPTSTK,7.5,3679200,7.2,7.3,950400,9000,9000,BPCL,245.0,PE,27-FEB-2025
2025-02-03 14:02:12.348743,BPCL27FEB25P245,OPTSTK,7.5,3679200,7.2,7.3,950400,9000,9000,BPCL,245.0,PE,27-FEB-2025
2025-02-03 14:02:19.240349,BPCL27FEB25P245,OPTSTK,7.5,3679200,7.2,7.3,950400,9000,9000,BPCL,245.0,PE,27-FEB-2025
2025-02-03 14:02:26.015319,BPCL27FEB25P245,OPTSTK,7.5,3679200,7.2,7.3,950400,9000,10800,BPCL,245.0,PE,27-FEB-2025
2025-02-03 14:02:32.663208,BPCL27FEB25P245,OPTSTK,7.5,3679200,7.2,7.3,950400,9000,10800,BPCL,245.0,PE,27-FEB-2025
2025-02-03 14:02:39.233274,BPCL27FEB25P245,OPTSTK,7.5,3679200,7.2,7.3,950400,9000,10800,BPCL,245.0,PE,27-FEB-2025
2025-02-03 14:02:45.881364,BPCL27FEB25P245,OPTSTK,7.5,3679200,7.2,7.3,950400,9000,10800,BPCL,245.0,PE,27-FEB-2025
2025-02-03 14:02:52.636977,BPCL27FEB25P245,OPTSTK,7.25,3681000,7.15,7.25,943200,9000,10800,BPCL,245.0,PE,27-FEB-2025
2025-02-03 14:02:59.164504,BPCL27FEB25P245,OPTSTK,7.15,3681000,7.15,7.25,943200,9000,10800,BPCL,245.0,PE,27-FEB-2025
2025-02-03 14:03:05.878869,BPCL27FEB25P245,OPTSTK,7.15,3681000,7.15,7.25,943200,9000,10800,BPCL,245.0,PE,27-FEB-2025
2025-02-03 14:03:12.454041,BPCL27FEB25P245,OPTSTK,7.15,3686400,7.1,7.2,943200,9000,7200,BPCL,245.0,PE,27-FEB-2025
2025-02-03 14:03:18.928286,BPCL27FEB25P245,OPTSTK,7.15,3686400,7.1,7.2,943200,9000,7200,BPCL,245.0,PE,27-FEB-2025
2025-02-03 14:03:25.587884,BPCL27FEB25P245,OPTSTK,7.15,3686400,7.1,7.2,943200,9000,7200,BPCL,245.0,PE,27-FEB-2025
2025-02-03 14:03:32.233786,BPCL27FEB25P245,OPTSTK,7.15,3686400,7.1,7.15,943200,9000,3600,BPCL,245.0,PE,27-FEB-2025
2025-02-03 14:03:39.041334,BPCL27FEB25P245,OPTSTK,7.15,3686400,7.1,7.15,943200,9000,3600,BPCL,245.0,PE,27-FEB-2025
2025-02-03 14:03:45.661838,BPCL27FEB25P245,OPTSTK,7.2,3686400,7.1,7.15,943200,9000,3600,BPCL,245.0,PE,27-FEB-2025
2025-02-03 14:03:52.159108,BPCL27FEB25P245,OPTSTK,7.2,3686400,7.1,7.15,943200,9000,3600,BPCL,245.0,PE,27-FEB-2025
2025-02-03 14:03:59.225473,BPCL27FEB25P245,OPTSTK,7.2,3693600,7.15,7.25,943200,7200,7200,BPCL,245.0,PE,27-FEB-2025
2025-02-03 14:04:05.835888,BPCL27FEB25P245,OPTSTK,7.2,3693600,7.15,7.25,943200,7200,7200,BPCL,245.0,PE,27-FEB-2025
2025-02-03 14:04:12.338726,BPCL27FEB25P245,OPTSTK,7.2,3693600,7.15,7.25,943200,7200,7200,BPCL,245.0,PE,27-FEB-2025
2025-02-03 14:04:19.207225,BPCL27FEB25P245,OPTSTK,7.2,3693600,7.15,7.25,943200,7200,7200,BPCL,245.0,PE,27-FEB-2025
2025-02-03 14:04:25.818358,BPCL27FEB25P245,OPTSTK,7.2,3693600,7.15,7.25,943200,7200,7200,BPCL,245.0,PE,27-FEB-2025
2025-02-03 14:04:32.498318,BPCL27FEB25P245,OPTSTK,7.2,3693600,7.15,7.25,943200,7200,7200,BPCL,245.0,PE,27-FEB-2025
2025-02-03 14:04:38.912220,BPCL27FEB25P245,OPTSTK,7.2,3693600,7.15,7.25,943200,7200,7200,BPCL,245.0,PE,27-FEB-2025
2025-02-03 14:04:45.396933,BPCL27FEB25P245,OPTSTK,7.2,3693600,7.15,7.25,943200,7200,7200,BPCL,245.0,PE,27-FEB-2025
2025-02-03 14:04:52.285241,BPCL27FEB25P245,OPTSTK,7.2,3693600,7.15,7.25,943200,7200,7200,BPCL,245.0,PE,27-FEB-2025
2025-02-03 14:04:58.935353,BPCL27FEB25P245,OPTSTK,7.2,3693600,7.15,7.25,943200,9000,9000,BPCL,245.0,PE,27-FEB-2025
2025-02-03 14:05:05.606740,BPCL27FEB25P245,OPTSTK,7.2,3693600,7.15,7.25,943200,9000,9000,BPCL,245.0,PE,27-FEB-2025
2025-02-03 14:05:12.188737,BPCL27FEB25P245,OPTSTK,7.2,3693600,7.15,7.25,943200,9000,9000,BPCL,245.0,PE,27-FEB-2025
2025-02-03 14:05:18.568047,BPCL27FEB25P245,OPTSTK,7.2,3693600,7.1,7.15,943200,3600,1800,BPCL,245.0,PE,27-FEB-2025
2025-02-03 14:05:24.917560,BPCL27FEB25P245,OPTSTK,7.2,3693600,7.1,7.15,943200,3600,1800,BPCL,245.0,PE,27-FEB-2025
2025-02-03 14:05:31.521283,BPCL27FEB25P245,OPTSTK,7.2,3693600,7.1,7.15,943200,3600,1800,BPCL,245.0,PE,27-FEB-2025
2025-02-03 14:05:38.062273,BPCL27FEB25P245,OPTSTK,7.2,3693600,7.05,7.15,943200,18000,7200,BPCL,245.0,PE,27-FEB-2025
2025-02-03 14:05:44.928848,BPCL27FEB25P245,OPTSTK,7.2,3693600,7.05,7.15,943200,18000,7200,BPCL,245.0,PE,27-FEB-2025
2025-02-03 14:05:51.699318,BPCL27FEB25P245,OPTSTK,7.2,3693600,7.05,7.15,943200,18000,7200,BPCL,245.0,PE,27-FEB-2025
2025-02-03 14:05:58.531886,BPCL27FEB25P245,OPTSTK,7.05,3695400,7.05,7.1,943200,3600,1800,BPCL,245.0,PE,27-FEB-2025
2025-02-03 14:06:05.527342,BPCL27FEB25P245,OPTSTK,7.05,3695400,7.05,7.1,943200,3600,1800,BPCL,245.0,PE,27-FEB-2025
2025-02-03 14:06:12.188012,BPCL27FEB25P245,OPTSTK,7.05,3695400,7.05,7.1,943200,3600,1800,BPCL,245.0,PE,27-FEB-2025
2025-02-03 14:06:18.626014,BPCL27FEB25P245,OPTSTK,7.05,3695400,7.05,7.1,943200,3600,1800,BPCL,245.0,PE,27-FEB-2025
2025-02-03 14:06:25.113023,BPCL27FEB25P245,OPTSTK,7.05,3695400,7.05,7.1,943200,7200,1800,BPCL,245.0,PE,27-FEB-2025
2025-02-03 14:06:31.722145,BPCL27FEB25P245,OPTSTK,7.05,3695400,7.05,7.1,943200,7200,1800,BPCL,245.0,PE,27-FEB-2025
2025-02-03 14:06:38.339126,BPCL27FEB25P245,OPTSTK,7.05,3695400,7.05,7.1,943200,7200,1800,BPCL,245.0,PE,27-FEB-2025
2025-02-03 14:06:44.873106,BPCL27FEB25P245,OPTSTK,7.05,3695400,7.0,7.05,943200,3600,9000,BPCL,245.0,PE,27-FEB-2025
2025-02-03 14:06:51.527902,BPCL27FEB25P245,OPTSTK,7.05,3695400,7.0,7.05,943200,3600,9000,BPCL,245.0,PE,27-FEB-2025
2025-02-03 14:06:58.129772,BPCL27FEB25P245,OPTSTK,7.05,3695400,7.0,7.05,943200,3600,9000,BPCL,245.0,PE,27-FEB-2025
2025-02-03 14:07:05.070753,BPCL27FEB25P245,OPTSTK,7.05,3695400,7.0,7.05,943200,3600,9000,BPCL,245.0,PE,27-FEB-2025
2025-02-03 14:07:11.973269,BPCL27FEB25P245,OPTSTK,7.05,3695400,7.0,7.05,943200,3600,9000,BPCL,245.0,PE,27-FEB-2025
2025-02-03 14:07:18.907353,BPCL27FEB25P245,OPTSTK,7.05,3695400,7.0,7.05,943200,3600,9000,BPCL,245.0,PE,27-FEB-2025
2025-02-03 14:07:27.047797,BPCL27FEB25P245,OPTSTK,7.05,3695400,7.0,7.05,943200,3600,7200,BPCL,245.0,PE,27-FEB-2025
2025-02-03 14:07:33.603165,BPCL27FEB25P245,OPTSTK,7.05,3695400,7.0,7.05,943200,3600,7200,BPCL,245.0,PE,27-FEB-2025
2025-02-03 14:07:40.195306,BPCL27FEB25P245,OPTSTK,7.05,3695400,7.0,7.05,943200,3600,7200,BPCL,245.0,PE,27-FEB-2025
2025-02-03 14:07:46.848182,BPCL27FEB25P245,OPTSTK,7.05,3695400,7.0,7.05,943200,3600,7200,BPCL,245.0,PE,27-FEB-2025
2025-02-03 14:07:53.366852,BPCL27FEB25P245,OPTSTK,7.05,3695400,7.0,7.05,943200,1800,10800,BPCL,245.0,PE,27-FEB-2025
2025-02-03 14:07:59.915704,BPCL27FEB25P245,OPTSTK,7.05,3695400,7.0,7.05,943200,1800,10800,BPCL,245.0,PE,27-FEB-2025
2025-02-03 14:08:06.339235,BPCL27FEB25P245,OPTSTK,7.05,3695400,7.0,7.05,943200,1800,10800,BPCL,245.0,PE,27-FEB-2025
2025-02-03 14:08:12.970806,BPCL27FEB25P245,OPTSTK,7.05,3695400,7.0,7.05,943200,3600,7200,BPCL,245.0,PE,27-FEB-2025
2025-02-03 14:08:19.349097,BPCL27FEB25P245,OPTSTK,7.05,3695400,7.0,7.05,943200,3600,7200,BPCL,245.0,PE,27-FEB-2025
2025-02-03 14:08:25.757041,BPCL27FEB25P245,OPTSTK,7.05,3695400,7.0,7.05,943200,3600,7200,BPCL,245.0,PE,27-FEB-2025
2025-02-03 14:08:32.420137,BPCL27FEB25P245,OPTSTK,7.0,3695400,7.0,7.05,945000,3600,7200,BPCL,245.0,PE,27-FEB-2025
2025-02-03 14:08:38.956554,BPCL27FEB25P245,OPTSTK,7.0,3697200,6.95,7.05,945000,16200,10800,BPCL,245.0,PE,27-FEB-2025
2025-02-03 14:08:45.581895,BPCL27FEB25P245,OPTSTK,7.0,3697200,6.95,7.05,945000,16200,10800,BPCL,245.0,PE,27-FEB-2025
2025-02-03 14:08:52.187410,BPCL27FEB25P245,OPTSTK,7.0,3697200,6.95,7.05,945000,16200,10800,BPCL,245.0,PE,27-FEB-2025
2025-02-03 14:08:58.745204,BPCL27FEB25P245,OPTSTK,7.0,3697200,6.9,7.0,945000,16200,7200,BPCL,245.0,PE,27-FEB-2025
2025-02-03 14:09:05.386928,BPCL27FEB25P245,OPTSTK,7.0,3697200,6.9,7.0,945000,16200,7200,BPCL,245.0,PE,27-FEB-2025
2025-02-03 14:09:12.174730,BPCL27FEB25P245,OPTSTK,7.0,3697200,6.9,7.0,945000,16200,7200,BPCL,245.0,PE,27-FEB-2025
2025-02-03 14:09:18.698972,BPCL27FEB25P245,OPTSTK,7.0,3699000,6.95,7.05,945000,9000,7200,BPCL,245.0,PE,27-FEB-2025
2025-02-03 14:09:25.333088,BPCL27FEB25P245,OPTSTK,7.0,3699000,6.95,7.05,945000,9000,7200,BPCL,245.0,PE,27-FEB-2025
2025-02-03 14:09:31.752539,BPCL27FEB25P245,OPTSTK,6.95,3699000,6.95,7.05,945000,9000,7200,BPCL,245.0,PE,27-FEB-2025
2025-02-03 14:09:38.517468,BPCL27FEB25P245,OPTSTK,6.95,3699000,6.95,7.05,945000,9000,7200,BPCL,245.0,PE,27-FEB-2025
2025-02-03 14:09:45.156672,BPCL27FEB25P245,OPTSTK,6.95,3704400,6.95,7.05,945000,9000,9000,BPCL,245.0,PE,27-FEB-2025
2025-02-03 14:09:51.629705,BPCL27FEB25P245,OPTSTK,6.95,3704400,6.95,7.05,945000,9000,9000,BPCL,245.0,PE,27-FEB-2025
2025-02-03 14:09:58.125498,BPCL27FEB25P245,OPTSTK,7.0,3704400,6.95,7.05,945000,9000,9000,BPCL,245.0,PE,27-FEB-2025
2025-02-03 14:10:04.641849,BPCL27FEB25P245,OPTSTK,7.0,3708000,6.95,7.05,945000,9000,9000,BPCL,245.0,PE,27-FEB-2025
2025-02-03 14:10:11.153677,BPCL27FEB25P245,OPTSTK,7.0,3708000,6.95,7.05,945000,9000,9000,BPCL,245.0,PE,27-FEB-2025
2025-02-03 14:10:17.622594,BPCL27FEB25P245,OPTSTK,7.0,3708000,6.95,7.05,945000,9000,9000,BPCL,245.0,PE,27-FEB-2025
2025-02-03 14:10:24.677624,BPCL27FEB25P245,OPTSTK,7.0,3708000,6.95,7.05,945000,7200,7200,BPCL,245.0,PE,27-FEB-2025
2025-02-03 14:10:31.148643,BPCL27FEB25P245,OPTSTK,7.0,3708000,6.95,7.05,945000,7200,7200,BPCL,245.0,PE,27-FEB-2025
2025-02-03 14:10:37.864150,BPCL27FEB25P245,OPTSTK,7.0,3708000,6.95,7.05,945000,7200,7200,BPCL,245.0,PE,27-FEB-2025
2025-02-03 14:10:44.499000,BPCL27FEB25P245,OPTSTK,7.0,3708000,7.0,7.05,945000,1800,5400,BPCL,245.0,PE,27-FEB-2025
2025-02-03 14:10:51.635782,BPCL27FEB25P245,OPTSTK,7.0,3708000,7.0,7.05,945000,1800,5400,BPCL,245.0,PE,27-FEB-2025
2025-02-03 14:10:57.989788,BPCL27FEB25P245,OPTSTK,7.0,3708000,7.0,7.05,945000,1800,5400,BPCL,245.0,PE,27-FEB-2025
2025-02-03 14:11:04.402633,BPCL27FEB25P245,OPTSTK,7.0,3708000,7.0,7.05,945000,3600,5400,BPCL,245.0,PE,27-FEB-2025
2025-02-03 14:11:10.919183,BPCL27FEB25P245,OPTSTK,7.0,3708000,7.0,7.05,945000,3600,5400,BPCL,245.0,PE,27-FEB-2025
2025-02-03 14:11:17.371689,BPCL27FEB25P245,OPTSTK,7.0,3708000,7.0,7.05,945000,3600,5400,BPCL,245.0,PE,27-FEB-2025
2025-02-03 14:11:23.722326,BPCL27FEB25P245,OPTSTK,7.0,3708000,7.0,7.05,945000,3600,5400,BPCL,245.0,PE,27-FEB-2025
2025-02-03 14:11:30.019813,BPCL27FEB25P245,OPTSTK,7.05,3708000,7.0,7.05,943200,3600,3600,BPCL,245.0,PE,27-FEB-2025
2025-02-03 14:11:36.373864,BPCL27FEB25P245,OPTSTK,7.05,3708000,7.0,7.05,943200,3600,3600,BPCL,245.0,PE,27-FEB-2025
2025-02-03 14:11:42.768173,BPCL27FEB25P245,OPTSTK,7.05,3708000,7.0,7.05,943200,3600,3600,BPCL,245.0,PE,27-FEB-2025
2025-02-03 14:11:49.117140,BPCL27FEB25P245,OPTSTK,7.05,3711600,7.0,7.1,943200,7200,16200,BPCL,245.0,PE,27-FEB-2025
2025-02-03 14:11:55.466249,BPCL27FEB25P245,OPTSTK,7.05,3711600,7.0,7.1,943200,7200,16200,BPCL,245.0,PE,27-FEB-2025
2025-02-03 14:12:03.265323,BPCL27FEB25P245,OPTSTK,7.05,3711600,7.0,7.1,943200,7200,16200,BPCL,245.0,PE,27-FEB-2025
2025-02-03 14:12:09.684076,BPCL27FEB25P245,OPTSTK,7.05,3711600,6.9,7.0,943200,9000,5400,BPCL,245.0,PE,27-FEB-2025
2025-02-03 14:12:16.213480,BPCL27FEB25P245,OPTSTK,7.05,3711600,6.9,7.0,943200,9000,5400,BPCL,245.0,PE,27-FEB-2025
2025-02-03 14:12:22.567464,BPCL27FEB25P245,OPTSTK,7.05,3711600,6.9,7.0,943200,9000,5400,BPCL,245.0,PE,27-FEB-2025
2025-02-03 14:12:29.126965,BPCL27FEB25P245,OPTSTK,7.0,3713400,6.9,7.0,943200,9000,3600,BPCL,245.0,PE,27-FEB-2025
2025-02-03 14:12:35.569249,BPCL27FEB25P245,OPTSTK,7.0,3713400,6.9,7.0,943200,9000,3600,BPCL,245.0,PE,27-FEB-2025
2025-02-03 14:12:42.019830,BPCL27FEB25P245,OPTSTK,7.0,3713400,6.9,7.0,943200,9000,3600,BPCL,245.0,PE,27-FEB-2025
2025-02-03 14:12:48.526007,BPCL27FEB25P245,OPTSTK,7.0,3713400,6.9,7.0,943200,9000,3600,BPCL,245.0,PE,27-FEB-2025
2025-02-03 14:12:54.832102,BPCL27FEB25P245,OPTSTK,7.0,3713400,6.95,7.05,943200,5400,16200,BPCL,245.0,PE,27-FEB-2025
2025-02-03 14:13:01.325843,BPCL27FEB25P245,OPTSTK,7.0,3713400,6.95,7.05,943200,5400,16200,BPCL,245.0,PE,27-FEB-2025
2025-02-03 14:13:07.600670,BPCL27FEB25P245,OPTSTK,7.0,3713400,6.95,7.05,943200,5400,16200,BPCL,245.0,PE,27-FEB-2025
2025-02-03 14:13:14.219278,BPCL27FEB25P245,OPTSTK,7.0,3713400,6.95,7.05,943200,5400,18000,BPCL,245.0,PE,27-FEB-2025
2025-02-03 14:13:20.576908,BPCL27FEB25P245,OPTSTK,7.0,3713400,6.95,7.05,943200,5400,18000,BPCL,245.0,PE,27-FEB-2025
2025-02-03 14:13:26.992615,BPCL27FEB25P245,OPTSTK,7.0,3713400,6.95,7.05,943200,5400,18000,BPCL,245.0,PE,27-FEB-2025
2025-02-03 14:13:33.469710,BPCL27FEB25P245,OPTSTK,7.0,3715200,7.0,7.1,943200,7200,14400,BPCL,245.0,PE,27-FEB-2025
2025-02-03 14:13:40.266719,BPCL27FEB25P245,OPTSTK,7.0,3715200,7.0,7.1,943200,7200,14400,BPCL,245.0,PE,27-FEB-2025
2025-02-03 14:13:46.807203,BPCL27FEB25P245,OPTSTK,7.0,3715200,7.0,7.1,943200,7200,14400,BPCL,245.0,PE,27-FEB-2025
2025-02-03 14:13:53.126898,BPCL27FEB25P245,OPTSTK,7.0,3715200,7.0,7.1,943200,7200,14400,BPCL,245.0,PE,27-FEB-2025
2025-02-03 14:13:59.590493,BPCL27FEB25P245,OPTSTK,7.0,3715200,7.0,7.1,943200,7200,14400,BPCL,245.0,PE,27-FEB-2025
2025-02-03 14:14:06.075387,BPCL27FEB25P245,OPTSTK,7.0,3715200,7.0,7.1,943200,7200,14400,BPCL,245.0,PE,27-FEB-2025
2025-02-03 14:14:12.288538,BPCL27FEB25P245,OPTSTK,7.0,3715200,7.0,7.1,943200,7200,14400,BPCL,245.0,PE,27-FEB-2025
2025-02-03 14:14:18.860145,BPCL27FEB25P245,OPTSTK,7.05,3715200,7.0,7.1,943200,7200,14400,BPCL,245.0,PE,27-FEB-2025
2025-02-03 14:14:25.137973,BPCL27FEB25P245,OPTSTK,7.05,3715200,7.0,7.1,943200,7200,14400,BPCL,245.0,PE,27-FEB-2025
2025-02-03 14:14:31.588721,BPCL27FEB25P245,OPTSTK,7.05,3715200,7.0,7.1,943200,7200,14400,BPCL,245.0,PE,27-FEB-2025
2025-02-03 14:14:38.194900,BPCL27FEB25P245,OPTSTK,7.05,3718800,7.0,7.1,943200,9000,9000,BPCL,245.0,PE,27-FEB-2025
2025-02-03 14:14:44.505210,BPCL27FEB25P245,OPTSTK,7.05,3718800,7.0,7.1,943200,9000,9000,BPCL,245.0,PE,27-FEB-2025
2025-02-03 14:14:50.896037,BPCL27FEB25P245,OPTSTK,7.05,3718800,7.0,7.1,943200,9000,9000,BPCL,245.0,PE,27-FEB-2025
2025-02-03 14:14:56.985916,BPCL27FEB25P245,OPTSTK,7.05,3718800,7.0,7.1,943200,9000,9000,BPCL,245.0,PE,27-FEB-2025
2025-02-03 14:15:03.324313,BPCL27FEB25P245,OPTSTK,7.05,3718800,7.05,7.1,943200,5400,1800,BPCL,245.0,PE,27-FEB-2025
2025-02-03 14:15:09.640180,BPCL27FEB25P245,OPTSTK,7.05,3718800,7.05,7.1,943200,5400,1800,BPCL,245.0,PE,27-FEB-2025
2025-02-03 14:15:15.996442,BPCL27FEB25P245,OPTSTK,7.15,3718800,7.05,7.1,943200,5400,1800,BPCL,245.0,PE,27-FEB-2025
2025-02-03 14:15:22.417709,BPCL27FEB25P245,OPTSTK,7.15,3720600,7.1,7.2,943200,9000,12600,BPCL,245.0,PE,27-FEB-2025
2025-02-03 14:15:28.813679,BPCL27FEB25P245,OPTSTK,7.15,3720600,7.1,7.2,943200,9000,12600,BPCL,245.0,PE,27-FEB-2025
2025-02-03 14:15:35.155085,BPCL27FEB25P245,OPTSTK,7.15,3720600,7.1,7.2,943200,9000,12600,BPCL,245.0,PE,27-FEB-2025
2025-02-03 14:15:41.530617,BPCL27FEB25P245,OPTSTK,7.15,3720600,7.05,7.15,943200,10800,7200,BPCL,245.0,PE,27-FEB-2025
2025-02-03 14:15:47.688534,BPCL27FEB25P245,OPTSTK,7.15,3720600,7.05,7.15,943200,10800,7200,BPCL,245.0,PE,27-FEB-2025
2025-02-03 14:15:54.032739,BPCL27FEB25P245,OPTSTK,7.1,3720600,7.05,7.15,943200,10800,7200,BPCL,245.0,PE,27-FEB-2025
2025-02-03 14:16:00.437682,BPCL27FEB25P245,OPTSTK,7.1,3720600,7.05,7.15,943200,10800,7200,BPCL,245.0,PE,27-FEB-2025
2025-02-03 14:16:06.904254,BPCL27FEB25P245,OPTSTK,7.1,3722400,7.05,7.1,943200,3600,1800,BPCL,245.0,PE,27-FEB-2025
2025-02-03 14:16:13.207514,BPCL27FEB25P245,OPTSTK,7.1,3722400,7.05,7.1,943200,3600,1800,BPCL,245.0,PE,27-FEB-2025
2025-02-03 14:16:19.746838,BPCL27FEB25P245,OPTSTK,7.1,3722400,7.05,7.1,943200,3600,1800,BPCL,245.0,PE,27-FEB-2025
2025-02-03 14:16:26.001939,BPCL27FEB25P245,OPTSTK,7.1,3722400,7.1,7.15,943200,5400,3600,BPCL,245.0,PE,27-FEB-2025
2025-02-03 14:16:32.358741,BPCL27FEB25P245,OPTSTK,7.15,3722400,7.1,7.15,941400,5400,3600,BPCL,245.0,PE,27-FEB-2025
2025-02-03 14:16:38.592847,BPCL27FEB25P245,OPTSTK,7.2,3722400,7.1,7.15,941400,5400,3600,BPCL,245.0,PE,27-FEB-2025
2025-02-03 14:16:44.806251,BPCL27FEB25P245,OPTSTK,7.2,3729600,7.1,7.2,941400,9000,9000,BPCL,245.0,PE,27-FEB-2025
2025-02-03 14:16:51.169441,BPCL27FEB25P245,OPTSTK,7.2,3729600,7.1,7.2,941400,9000,9000,BPCL,245.0,PE,27-FEB-2025
2025-02-03 14:16:57.602023,BPCL27FEB25P245,OPTSTK,7.2,3729600,7.1,7.2,941400,9000,9000,BPCL,245.0,PE,27-FEB-2025
2025-02-03 14:17:03.871422,BPCL27FEB25P245,OPTSTK,7.2,3729600,7.1,7.2,941400,10800,7200,BPCL,245.0,PE,27-FEB-2025
2025-02-03 14:17:10.220158,BPCL27FEB25P245,OPTSTK,7.2,3729600,7.1,7.2,941400,10800,7200,BPCL,245.0,PE,27-FEB-2025
2025-02-03 14:17:16.509502,BPCL27FEB25P245,OPTSTK,7.15,3729600,7.1,7.2,941400,10800,7200,BPCL,245.0,PE,27-FEB-2025
2025-02-03 14:17:22.869598,BPCL27FEB25P245,OPTSTK,7.15,3729600,7.1,7.2,941400,10800,7200,BPCL,245.0,PE,27-FEB-2025
2025-02-03 14:17:29.275655,BPCL27FEB25P245,OPTSTK,7.15,3740400,7.1,7.2,941400,32400,5400,BPCL,245.0,PE,27-FEB-2025
2025-02-03 14:17:35.676871,BPCL27FEB25P245,OPTSTK,7.15,3740400,7.1,7.2,941400,32400,5400,BPCL,245.0,PE,27-FEB-2025
2025-02-03 14:17:41.980320,BPCL27FEB25P245,OPTSTK,7.15,3740400,7.1,7.2,941400,32400,5400,BPCL,245.0,PE,27-FEB-2025
2025-02-03 14:17:48.309903,BPCL27FEB25P245,OPTSTK,7.15,3742200,7.1,7.15,941400,28800,3600,BPCL,245.0,PE,27-FEB-2025
2025-02-03 14:17:54.502291,BPCL27FEB25P245,OPTSTK,7.15,3742200,7.1,7.15,941400,28800,3600,BPCL,245.0,PE,27-FEB-2025
2025-02-03 14:18:01.061538,BPCL27FEB25P245,OPTSTK,7.15,3742200,7.1,7.15,941400,28800,3600,BPCL,245.0,PE,27-FEB-2025
2025-02-03 14:18:07.325681,BPCL27FEB25P245,OPTSTK,7.15,3745800,7.1,7.2,941400,32400,7200,BPCL,245.0,PE,27-FEB-2025
2025-02-03 14:18:13.787494,BPCL27FEB25P245,OPTSTK,7.15,3745800,7.1,7.2,941400,32400,7200,BPCL,245.0,PE,27-FEB-2025
2025-02-03 14:18:20.142414,BPCL27FEB25P245,OPTSTK,7.1,3745800,7.1,7.2,941400,32400,7200,BPCL,245.0,PE,27-FEB-2025
2025-02-03 14:18:26.469226,BPCL27FEB25P245,OPTSTK,7.1,3769200,7.0,7.1,941400,12600,5400,BPCL,245.0,PE,27-FEB-2025
2025-02-03 14:18:33.783145,BPCL27FEB25P245,OPTSTK,7.1,3769200,7.0,7.1,941400,12600,5400,BPCL,245.0,PE,27-FEB-2025
2025-02-03 14:18:40.065458,BPCL27FEB25P245,OPTSTK,7.1,3769200,7.0,7.1,941400,12600,5400,BPCL,245.0,PE,27-FEB-2025
2025-02-03 14:18:46.439507,BPCL27FEB25P245,OPTSTK,7.1,3769200,7.0,7.1,941400,12600,5400,BPCL,245.0,PE,27-FEB-2025
2025-02-03 14:18:52.796273,BPCL27FEB25P245,OPTSTK,7.1,3769200,7.0,7.1,941400,14400,5400,BPCL,245.0,PE,27-FEB-2025
2025-02-03 14:18:59.231526,BPCL27FEB25P245,OPTSTK,7.1,3769200,7.0,7.1,941400,14400,5400,BPCL,245.0,PE,27-FEB-2025
2025-02-03 14:19:05.563743,BPCL27FEB25P245,OPTSTK,7.1,3769200,7.0,7.1,941400,14400,5400,BPCL,245.0,PE,27-FEB-2025
2025-02-03 14:19:11.989450,BPCL27FEB25P245,OPTSTK,7.1,3769200,7.05,7.15,941400,9000,7200,BPCL,245.0,PE,27-FEB-2025
2025-02-03 14:19:18.352322,BPCL27FEB25P245,OPTSTK,7.1,3769200,7.05,7.15,941400,9000,7200,BPCL,245.0,PE,27-FEB-2025
2025-02-03 14:19:25.658066,BPCL27FEB25P245,OPTSTK,7.15,3769200,7.05,7.15,941400,9000,7200,BPCL,245.0,PE,27-FEB-2025
2025-02-03 14:19:31.892220,BPCL27FEB25P245,OPTSTK,7.15,3772800,7.05,7.15,941400,7200,5400,BPCL,245.0,PE,27-FEB-2025
2025-02-03 14:19:38.314280,BPCL27FEB25P245,OPTSTK,7.15,3772800,7.05,7.15,941400,7200,5400,BPCL,245.0,PE,27-FEB-2025
2025-02-03 14:19:44.691968,BPCL27FEB25P245,OPTSTK,7.15,3772800,7.05,7.15,941400,7200,5400,BPCL,245.0,PE,27-FEB-2025
2025-02-03 14:19:51.151722,BPCL27FEB25P245,OPTSTK,7.15,3772800,7.05,7.15,941400,7200,9000,BPCL,245.0,PE,27-FEB-2025
2025-02-03 14:19:57.480237,BPCL27FEB25P245,OPTSTK,7.15,3772800,7.05,7.15,941400,7200,9000,BPCL,245.0,PE,27-FEB-2025
2025-02-03 14:20:03.879594,BPCL27FEB25P245,OPTSTK,7.15,3772800,7.05,7.15,941400,7200,9000,BPCL,245.0,PE,27-FEB-2025
2025-02-03 14:20:10.204055,BPCL27FEB25P245,OPTSTK,7.15,3772800,7.05,7.15,941400,7200,9000,BPCL,245.0,PE,27-FEB-2025
2025-02-03 14:20:16.384545,BPCL27FEB25P245,OPTSTK,7.15,3772800,7.05,7.15,941400,7200,9000,BPCL,245.0,PE,27-FEB-2025
2025-02-03 14:20:22.806691,BPCL27FEB25P245,OPTSTK,7.15,3772800,7.05,7.15,941400,7200,9000,BPCL,245.0,PE,27-FEB-2025
2025-02-03 14:20:29.083621,BPCL27FEB25P245,OPTSTK,7.15,3772800,7.05,7.15,941400,7200,9000,BPCL,245.0,PE,27-FEB-2025
2025-02-03 14:20:35.574750,BPCL27FEB25P245,OPTSTK,7.15,3772800,7.1,7.2,941400,5400,9000,BPCL,245.0,PE,27-FEB-2025
2025-02-03 14:20:41.868349,BPCL27FEB25P245,OPTSTK,7.15,3772800,7.1,7.2,941400,5400,9000,BPCL,245.0,PE,27-FEB-2025
2025-02-03 14:20:48.393508,BPCL27FEB25P245,OPTSTK,7.15,3772800,7.1,7.2,941400,5400,9000,BPCL,245.0,PE,27-FEB-2025
2025-02-03 14:20:54.714149,BPCL27FEB25P245,OPTSTK,7.15,3772800,7.1,7.2,941400,5400,10800,BPCL,245.0,PE,27-FEB-2025
2025-02-03 14:21:01.140392,BPCL27FEB25P245,OPTSTK,7.15,3772800,7.1,7.2,941400,5400,10800,BPCL,245.0,PE,27-FEB-2025
2025-02-03 14:21:07.633405,BPCL27FEB25P245,OPTSTK,7.15,3772800,7.1,7.2,941400,5400,10800,BPCL,245.0,PE,27-FEB-2025
2025-02-03 14:21:13.900833,BPCL27FEB25P245,OPTSTK,7.15,3772800,7.1,7.2,941400,5400,10800,BPCL,245.0,PE,27-FEB-2025
2025-02-03 14:21:20.299601,BPCL27FEB25P245,OPTSTK,7.15,3772800,7.1,7.2,941400,7200,9000,BPCL,245.0,PE,27-FEB-2025
2025-02-03 14:21:26.698536,BPCL27FEB25P245,OPTSTK,7.15,3772800,7.1,7.2,941400,7200,9000,BPCL,245.0,PE,27-FEB-2025
2025-02-03 14:21:33.048741,BPCL27FEB25P245,OPTSTK,7.15,3772800,7.1,7.2,941400,7200,9000,BPCL,245.0,PE,27-FEB-2025
2025-02-03 14:21:39.378277,BPCL27FEB25P245,OPTSTK,7.15,3772800,7.1,7.2,941400,7200,10800,BPCL,245.0,PE,27-FEB-2025
2025-02-03 14:21:45.857745,BPCL27FEB25P245,OPTSTK,7.15,3772800,7.1,7.2,941400,7200,10800,BPCL,245.0,PE,27-FEB-2025
2025-02-03 14:21:52.196113,BPCL27FEB25P245,OPTSTK,7.15,3772800,7.1,7.2,941400,7200,10800,BPCL,245.0,PE,27-FEB-2025
2025-02-03 14:21:58.550929,BPCL27FEB25P245,OPTSTK,7.15,3772800,7.0,7.1,941400,14400,7200,BPCL,245.0,PE,27-FEB-2025
2025-02-03 14:22:05.008635,BPCL27FEB25P245,OPTSTK,7.15,3772800,7.0,7.1,941400,14400,7200,BPCL,245.0,PE,27-FEB-2025
2025-02-03 14:22:11.375002,BPCL27FEB25P245,OPTSTK,7.15,3772800,7.0,7.1,941400,14400,7200,BPCL,245.0,PE,27-FEB-2025
2025-02-03 14:22:17.759895,BPCL27FEB25P245,OPTSTK,7.15,3772800,7.0,7.1,941400,9000,10800,BPCL,245.0,PE,27-FEB-2025
2025-02-03 14:22:24.147150,BPCL27FEB25P245,OPTSTK,7.15,3772800,7.0,7.1,941400,9000,10800,BPCL,245.0,PE,27-FEB-2025
2025-02-03 14:22:30.616036,BPCL27FEB25P245,OPTSTK,7.15,3772800,7.0,7.1,941400,9000,10800,BPCL,245.0,PE,27-FEB-2025
2025-02-03 14:22:36.947860,BPCL27FEB25P245,OPTSTK,7.15,3772800,7.0,7.1,941400,9000,10800,BPCL,245.0,PE,27-FEB-2025
2025-02-03 14:22:43.227248,BPCL27FEB25P245,OPTSTK,7.15,3772800,6.95,7.05,941400,10800,10800,BPCL,245.0,PE,27-FEB-2025
2025-02-03 14:22:49.805927,BPCL27FEB25P245,OPTSTK,7.15,3772800,6.95,7.05,941400,10800,10800,BPCL,245.0,PE,27-FEB-2025
2025-02-03 14:22:56.094716,BPCL27FEB25P245,OPTSTK,7.05,3772800,6.95,7.05,943200,10800,10800,BPCL,245.0,PE,27-FEB-2025
2025-02-03 14:23:02.603249,BPCL27FEB25P245,OPTSTK,7.05,3774600,7.0,7.05,943200,1800,5400,BPCL,245.0,PE,27-FEB-2025
2025-02-03 14:23:08.774480,BPCL27FEB25P245,OPTSTK,7.05,3774600,7.0,7.05,943200,1800,5400,BPCL,245.0,PE,27-FEB-2025
2025-02-03 14:23:16.094885,BPCL27FEB25P245,OPTSTK,7.05,3774600,7.0,7.05,943200,1800,5400,BPCL,245.0,PE,27-FEB-2025
2025-02-03 14:23:22.556367,BPCL27FEB25P245,OPTSTK,7.05,3774600,7.0,7.05,943200,1800,5400,BPCL,245.0,PE,27-FEB-2025
2025-02-03 14:23:28.811035,BPCL27FEB25P245,OPTSTK,7.05,3774600,7.05,7.1,943200,1800,7200,BPCL,245.0,PE,27-FEB-2025
2025-02-03 14:23:35.232020,BPCL27FEB25P245,OPTSTK,7.05,3774600,7.05,7.1,943200,1800,7200,BPCL,245.0,PE,27-FEB-2025
2025-02-03 14:23:41.622494,BPCL27FEB25P245,OPTSTK,7.05,3774600,7.05,7.1,943200,1800,7200,BPCL,245.0,PE,27-FEB-2025
2025-02-03 14:23:48.077381,BPCL27FEB25P245,OPTSTK,7.05,3776400,6.9,7.0,943200,16200,7200,BPCL,245.0,PE,27-FEB-2025
2025-02-03 14:23:54.622635,BPCL27FEB25P245,OPTSTK,7.05,3776400,6.9,7.0,943200,16200,7200,BPCL,245.0,PE,27-FEB-2025
2025-02-03 14:24:00.974274,BPCL27FEB25P245,OPTSTK,7.05,3776400,6.9,7.0,943200,16200,7200,BPCL,245.0,PE,27-FEB-2025
2025-02-03 14:24:07.622365,BPCL27FEB25P245,OPTSTK,7.05,3776400,6.9,6.95,943200,9000,3600,BPCL,245.0,PE,27-FEB-2025
2025-02-03 14:24:13.816090,BPCL27FEB25P245,OPTSTK,7.05,3776400,6.9,6.95,943200,9000,3600,BPCL,245.0,PE,27-FEB-2025
2025-02-03 14:24:20.182534,BPCL27FEB25P245,OPTSTK,7.05,3776400,6.9,6.95,943200,9000,3600,BPCL,245.0,PE,27-FEB-2025
2025-02-03 14:24:26.450151,BPCL27FEB25P245,OPTSTK,6.95,3776400,6.9,6.95,943200,9000,3600,BPCL,245.0,PE,27-FEB-2025
2025-02-03 14:24:32.828461,BPCL27FEB25P245,OPTSTK,6.95,3778200,6.9,7.0,943200,7200,7200,BPCL,245.0,PE,27-FEB-2025
2025-02-03 14:24:39.417156,BPCL27FEB25P245,OPTSTK,6.95,3778200,6.9,7.0,943200,7200,7200,BPCL,245.0,PE,27-FEB-2025
2025-02-03 14:24:45.929552,BPCL27FEB25P245,OPTSTK,6.95,3778200,6.9,7.0,943200,7200,7200,BPCL,245.0,PE,27-FEB-2025
2025-02-03 14:24:52.386829,BPCL27FEB25P245,OPTSTK,6.95,3780000,6.9,7.0,943200,10800,7200,BPCL,245.0,PE,27-FEB-2025
2025-02-03 14:24:58.940481,BPCL27FEB25P245,OPTSTK,6.95,3780000,6.9,7.0,943200,10800,7200,BPCL,245.0,PE,27-FEB-2025
2025-02-03 14:25:05.504098,BPCL27FEB25P245,OPTSTK,6.95,3780000,6.9,7.0,943200,10800,7200,BPCL,245.0,PE,27-FEB-2025
2025-02-03 14:25:11.916349,BPCL27FEB25P245,OPTSTK,6.95,3780000,6.95,7.05,943200,5400,12600,BPCL,245.0,PE,27-FEB-2025
2025-02-03 14:25:18.345099,BPCL27FEB25P245,OPTSTK,6.95,3780000,6.95,7.05,943200,5400,12600,BPCL,245.0,PE,27-FEB-2025
2025-02-03 14:25:24.951414,BPCL27FEB25P245,OPTSTK,6.95,3780000,6.95,7.05,943200,5400,12600,BPCL,245.0,PE,27-FEB-2025
2025-02-03 14:25:31.313438,BPCL27FEB25P245,OPTSTK,6.95,3780000,6.95,7.05,943200,5400,12600,BPCL,245.0,PE,27-FEB-2025
2025-02-03 14:25:37.786398,BPCL27FEB25P245,OPTSTK,6.95,3780000,6.95,7.05,943200,5400,12600,BPCL,245.0,PE,27-FEB-2025
2025-02-03 14:25:44.199325,BPCL27FEB25P245,OPTSTK,6.95,3780000,6.95,7.05,943200,5400,12600,BPCL,245.0,PE,27-FEB-2025
2025-02-03 14:25:50.602499,BPCL27FEB25P245,OPTSTK,6.95,3780000,7.0,7.05,943200,1800,3600,BPCL,245.0,PE,27-FEB-2025
2025-02-03 14:25:57.141453,BPCL27FEB25P245,OPTSTK,6.95,3780000,7.0,7.05,943200,1800,3600,BPCL,245.0,PE,27-FEB-2025
2025-02-03 14:26:03.584667,BPCL27FEB25P245,OPTSTK,6.95,3780000,7.0,7.05,943200,1800,3600,BPCL,245.0,PE,27-FEB-2025
2025-02-03 14:26:10.062924,BPCL27FEB25P245,OPTSTK,6.95,3780000,7.0,7.05,943200,1800,3600,BPCL,245.0,PE,27-FEB-2025
2025-02-03 14:26:16.906081,BPCL27FEB25P245,OPTSTK,6.95,3780000,7.0,7.05,943200,1800,3600,BPCL,245.0,PE,27-FEB-2025
2025-02-03 14:26:23.433560,BPCL27FEB25P245,OPTSTK,6.95,3780000,7.0,7.05,943200,1800,3600,BPCL,245.0,PE,27-FEB-2025
2025-02-03 14:26:29.827862,BPCL27FEB25P245,OPTSTK,6.95,3780000,7.0,7.05,943200,1800,3600,BPCL,245.0,PE,27-FEB-2025
2025-02-03 14:26:36.256269,BPCL27FEB25P245,OPTSTK,6.95,3780000,7.0,7.05,943200,1800,5400,BPCL,245.0,PE,27-FEB-2025
2025-02-03 14:26:42.600440,BPCL27FEB25P245,OPTSTK,6.95,3780000,7.0,7.05,943200,1800,5400,BPCL,245.0,PE,27-FEB-2025
2025-02-03 14:26:49.095965,BPCL27FEB25P245,OPTSTK,6.95,3780000,7.0,7.05,943200,1800,5400,BPCL,245.0,PE,27-FEB-2025
2025-02-03 14:26:55.484364,BPCL27FEB25P245,OPTSTK,6.95,3780000,7.0,7.05,943200,9000,1800,BPCL,245.0,PE,27-FEB-2025
2025-02-03 14:27:02.018597,BPCL27FEB25P245,OPTSTK,6.95,3780000,7.0,7.05,943200,9000,1800,BPCL,245.0,PE,27-FEB-2025
2025-02-03 14:27:08.348090,BPCL27FEB25P245,OPTSTK,6.95,3780000,7.0,7.05,943200,9000,1800,BPCL,245.0,PE,27-FEB-2025
2025-02-03 14:27:14.496367,BPCL27FEB25P245,OPTSTK,6.95,3780000,7.0,7.05,943200,9000,1800,BPCL,245.0,PE,27-FEB-2025
2025-02-03 14:27:20.878685,BPCL27FEB25P245,OPTSTK,7.05,3780000,7.0,7.05,946800,9000,3600,BPCL,245.0,PE,27-FEB-2025
2025-02-03 14:27:27.355096,BPCL27FEB25P245,OPTSTK,7.05,3780000,7.0,7.05,946800,9000,3600,BPCL,245.0,PE,27-FEB-2025
2025-02-03 14:27:33.744027,BPCL27FEB25P245,OPTSTK,7.05,3780000,7.0,7.05,946800,9000,3600,BPCL,245.0,PE,27-FEB-2025
2025-02-03 14:27:40.052049,BPCL27FEB25P245,OPTSTK,7.05,3783600,7.0,7.05,946800,9000,3600,BPCL,245.0,PE,27-FEB-2025
2025-02-03 14:27:46.586521,BPCL27FEB25P245,OPTSTK,6.85,3783600,7.0,7.05,946800,9000,3600,BPCL,245.0,PE,27-FEB-2025
2025-02-03 14:27:52.826674,BPCL27FEB25P245,OPTSTK,6.85,3783600,7.0,7.05,946800,9000,3600,BPCL,245.0,PE,27-FEB-2025
2025-02-03 14:27:59.385108,BPCL27FEB25P245,OPTSTK,6.85,3855600,6.8,6.85,946800,3600,10800,BPCL,245.0,PE,27-FEB-2025
2025-02-03 14:28:05.768410,BPCL27FEB25P245,OPTSTK,6.75,3855600,6.8,6.85,946800,3600,10800,BPCL,245.0,PE,27-FEB-2025
2025-02-03 14:28:12.081580,BPCL27FEB25P245,OPTSTK,6.7,3855600,6.8,6.85,946800,3600,10800,BPCL,245.0,PE,27-FEB-2025
2025-02-03 14:28:18.557691,BPCL27FEB25P245,OPTSTK,6.7,3855600,6.8,6.85,946800,3600,10800,BPCL,245.0,PE,27-FEB-2025
2025-02-03 14:28:24.881432,BPCL27FEB25P245,OPTSTK,6.65,3871800,6.6,6.7,946800,19800,5400,BPCL,245.0,PE,27-FEB-2025
2025-02-03 14:28:31.138095,BPCL27FEB25P245,OPTSTK,6.65,3871800,6.6,6.7,946800,19800,5400,BPCL,245.0,PE,27-FEB-2025
2025-02-03 14:28:37.500301,BPCL27FEB25P245,OPTSTK,6.65,3871800,6.6,6.7,946800,19800,5400,BPCL,245.0,PE,27-FEB-2025
2025-02-03 14:28:44.043855,BPCL27FEB25P245,OPTSTK,6.65,3875400,6.55,6.65,946800,14400,7200,BPCL,245.0,PE,27-FEB-2025
2025-02-03 14:28:50.675123,BPCL27FEB25P245,OPTSTK,6.65,3875400,6.55,6.65,946800,14400,7200,BPCL,245.0,PE,27-FEB-2025
2025-02-03 14:28:57.089634,BPCL27FEB25P245,OPTSTK,6.65,3875400,6.55,6.65,946800,14400,7200,BPCL,245.0,PE,27-FEB-2025
2025-02-03 14:29:03.503793,BPCL27FEB25P245,OPTSTK,6.65,3875400,6.6,6.65,946800,1800,7200,BPCL,245.0,PE,27-FEB-2025
2025-02-03 14:29:10.020105,BPCL27FEB25P245,OPTSTK,6.6,3875400,6.6,6.65,950400,1800,7200,BPCL,245.0,PE,27-FEB-2025
2025-02-03 14:29:17.315774,BPCL27FEB25P245,OPTSTK,6.6,3875400,6.6,6.65,950400,1800,7200,BPCL,245.0,PE,27-FEB-2025
2025-02-03 14:29:23.654459,BPCL27FEB25P245,OPTSTK,6.6,3875400,6.6,6.65,950400,1800,7200,BPCL,245.0,PE,27-FEB-2025
2025-02-03 14:29:30.029858,BPCL27FEB25P245,OPTSTK,6.6,3879000,6.6,6.65,950400,1800,5400,BPCL,245.0,PE,27-FEB-2025
2025-02-03 14:29:36.349883,BPCL27FEB25P245,OPTSTK,6.6,3879000,6.6,6.65,950400,1800,5400,BPCL,245.0,PE,27-FEB-2025
2025-02-03 14:29:42.849842,BPCL27FEB25P245,OPTSTK,6.6,3879000,6.6,6.65,950400,1800,5400,BPCL,245.0,PE,27-FEB-2025
2025-02-03 14:29:49.296531,BPCL27FEB25P245,OPTSTK,6.6,3879000,6.65,6.75,950400,14400,10800,BPCL,245.0,PE,27-FEB-2025
2025-02-03 14:29:55.825036,BPCL27FEB25P245,OPTSTK,6.6,3879000,6.65,6.75,950400,14400,10800,BPCL,245.0,PE,27-FEB-2025
2025-02-03 14:30:02.294428,BPCL27FEB25P245,OPTSTK,6.6,3879000,6.65,6.75,950400,14400,10800,BPCL,245.0,PE,27-FEB-2025
