timestamp,symbol,instrument,ltp,volume,bid,ask,oi,bid_qty,ask_qty,stock_name,expiry
2025-02-03 09:30:10.689412,CIPLA27FEB25F,FUTSTK,1440.1,227175,1439.85,1440.85,13549900,2600,325,CIPLA,27-FEB-2025
2025-02-03 09:32:39.120760,CIPLA27FEB25F,FUTSTK,1444.7,254475,1444.3,1445.25,13546650,325,325,CIPLA,27-FEB-2025
2025-02-03 09:32:46.760634,CIPLA27FEB25F,FUTSTK,1444.6,255775,1444.0,1445.05,13546650,975,325,CIPLA,27-FEB-2025
2025-02-03 09:33:00.834562,CIPLA27FEB25F,FUTSTK,1444.6,258700,1444.15,1445.15,13546650,650,650,CIPLA,27-FEB-2025
2025-02-03 09:33:12.064897,CIPLA27FEB25F,FUTSTK,1444.15,259675,1442.45,1443.2,13546650,650,325,CIPLA,27-FEB-2025
2025-02-03 09:33:26.671944,CIPLA27FEB25F,FUTSTK,1442.65,260000,1442.6,1443.6,13546650,1300,325,CIPLA,27-FEB-2025
2025-02-03 09:33:34.629581,CIPLA27FEB25F,FUTSTK,1442.65,261625,1441.85,1442.75,13546650,325,325,CIPLA,27-FEB-2025
2025-02-03 09:33:42.235199,CIPLA27FEB25F,FUTSTK,1442.6,262600,1442.0,1443.0,13551525,325,650,CIPLA,27-FEB-2025
2025-02-03 09:33:50.053170,CIPLA27FEB25F,FUTSTK,1443.7,264225,1442.9,1443.8,13551525,325,325,CIPLA,27-FEB-2025
2025-02-03 09:33:58.410243,CIPLA27FEB25F,FUTSTK,1443.2,264225,1443.15,1444.0,13551525,650,325,CIPLA,27-FEB-2025
2025-02-03 09:34:10.165932,CIPLA27FEB25F,FUTSTK,1443.5,268125,1443.35,1444.4,13551525,325,650,CIPLA,27-FEB-2025
2025-02-03 09:34:23.396900,CIPLA27FEB25F,FUTSTK,1445.25,272025,1444.35,1445.3,13551525,325,325,CIPLA,27-FEB-2025
2025-02-03 09:34:31.376002,CIPLA27FEB25F,FUTSTK,1445.25,272025,1444.25,1445.05,13551525,325,650,CIPLA,27-FEB-2025
2025-02-03 09:34:39.313070,CIPLA27FEB25F,FUTSTK,1445.25,272025,1443.75,1444.55,13551525,650,650,CIPLA,27-FEB-2025
2025-02-03 09:34:46.643980,CIPLA27FEB25F,FUTSTK,1444.7,274625,1444.45,1445.5,13551525,325,325,CIPLA,27-FEB-2025
2025-02-03 09:34:56.761241,CIPLA27FEB25F,FUTSTK,1444.3,276900,1443.8,1444.85,13551525,650,650,CIPLA,27-FEB-2025
2025-02-03 09:35:14.317654,CIPLA27FEB25F,FUTSTK,1444.55,282750,1444.0,1445.0,13551525,1625,3250,CIPLA,27-FEB-2025
2025-02-03 09:35:33.040461,CIPLA27FEB25F,FUTSTK,1442.2,286650,1441.15,1442.0,13551525,1300,650,CIPLA,27-FEB-2025
2025-02-03 09:35:45.178057,CIPLA27FEB25F,FUTSTK,1440.65,287950,1440.6,1441.4,13551525,650,650,CIPLA,27-FEB-2025
2025-02-03 09:35:56.601437,CIPLA27FEB25F,FUTSTK,1442.3,290225,1441.85,1442.85,13551525,650,325,CIPLA,27-FEB-2025
2025-02-03 09:36:04.828673,CIPLA27FEB25F,FUTSTK,1444.95,291525,1443.85,1444.95,13551525,325,325,CIPLA,27-FEB-2025
2025-02-03 09:36:12.911593,CIPLA27FEB25F,FUTSTK,1443.9,293150,1443.5,1444.2,13551525,1625,325,CIPLA,27-FEB-2025
2025-02-03 09:36:21.623829,CIPLA27FEB25F,FUTSTK,1443.35,293475,1442.2,1442.8,13551525,325,650,CIPLA,27-FEB-2025
2025-02-03 09:36:29.355470,CIPLA27FEB25F,FUTSTK,1442.75,294775,1442.2,1443.15,13551525,650,325,CIPLA,27-FEB-2025
2025-02-03 09:36:39.787252,CIPLA27FEB25F,FUTSTK,1441.9,295750,1441.4,1442.4,13552500,325,325,CIPLA,27-FEB-2025
2025-02-03 09:36:52.072659,CIPLA27FEB25F,FUTSTK,1441.25,296400,1440.5,1441.25,13552500,325,325,CIPLA,27-FEB-2025
2025-02-03 09:37:00.878188,CIPLA27FEB25F,FUTSTK,1441.35,298025,1441.25,1442.4,13552500,325,325,CIPLA,27-FEB-2025
2025-02-03 09:37:09.855335,CIPLA27FEB25F,FUTSTK,1441.35,298025,1441.7,1442.6,13552500,325,650,CIPLA,27-FEB-2025
2025-02-03 09:37:17.208727,CIPLA27FEB25F,FUTSTK,1442.0,298025,1442.0,1442.65,13552500,325,650,CIPLA,27-FEB-2025
2025-02-03 09:37:25.181401,CIPLA27FEB25F,FUTSTK,1441.5,299000,1442.0,1442.95,13552500,650,325,CIPLA,27-FEB-2025
2025-02-03 09:37:32.996811,CIPLA27FEB25F,FUTSTK,1442.55,299650,1441.65,1442.85,13552500,325,650,CIPLA,27-FEB-2025
2025-02-03 09:37:42.014472,CIPLA27FEB25F,FUTSTK,1442.9,300625,1442.3,1443.25,13552500,650,325,CIPLA,27-FEB-2025
2025-02-03 09:37:51.325264,CIPLA27FEB25F,FUTSTK,1443.5,300950,1441.8,1442.75,13552500,325,325,CIPLA,27-FEB-2025
2025-02-03 09:38:02.250337,CIPLA27FEB25F,FUTSTK,1443.5,300950,1441.55,1442.4,13552500,325,325,CIPLA,27-FEB-2025
2025-02-03 09:38:12.645619,CIPLA27FEB25F,FUTSTK,1443.5,300950,1441.35,1442.1,13552500,325,650,CIPLA,27-FEB-2025
2025-02-03 09:38:22.172938,CIPLA27FEB25F,FUTSTK,1441.8,302575,1441.15,1442.3,13552500,325,650,CIPLA,27-FEB-2025
2025-02-03 09:38:29.941115,CIPLA27FEB25F,FUTSTK,1441.8,302575,1440.5,1441.1,13552500,325,325,CIPLA,27-FEB-2025
2025-02-03 09:38:37.493118,CIPLA27FEB25F,FUTSTK,1440.8,302900,1440.05,1440.8,13552500,650,325,CIPLA,27-FEB-2025
2025-02-03 09:38:47.569722,CIPLA27FEB25F,FUTSTK,1438.9,304200,1438.75,1439.7,13552500,325,325,CIPLA,27-FEB-2025
2025-02-03 09:38:58.633076,CIPLA27FEB25F,FUTSTK,1438.4,304850,1437.65,1438.55,13552500,325,325,CIPLA,27-FEB-2025
2025-02-03 09:39:06.989042,CIPLA27FEB25F,FUTSTK,1439.85,308750,1439.25,1440.0,13552500,650,325,CIPLA,27-FEB-2025
2025-02-03 09:39:18.459920,CIPLA27FEB25F,FUTSTK,1440.0,311025,1439.45,1440.55,13552500,325,325,CIPLA,27-FEB-2025
2025-02-03 09:39:31.526679,CIPLA27FEB25F,FUTSTK,1441.05,311350,1440.9,1441.8,13552500,650,325,CIPLA,27-FEB-2025
2025-02-03 09:39:39.878063,CIPLA27FEB25F,FUTSTK,1441.8,311675,1441.3,1441.85,13552500,650,325,CIPLA,27-FEB-2025
2025-02-03 09:39:47.946752,CIPLA27FEB25F,FUTSTK,1441.85,312650,1441.7,1442.5,13540800,325,650,CIPLA,27-FEB-2025
2025-02-03 09:39:55.618354,CIPLA27FEB25F,FUTSTK,1441.05,314925,1440.65,1441.65,13540800,325,325,CIPLA,27-FEB-2025
2025-02-03 09:40:05.079589,CIPLA27FEB25F,FUTSTK,1442.65,316225,1442.15,1442.9,13540800,325,650,CIPLA,27-FEB-2025
2025-02-03 09:40:16.134412,CIPLA27FEB25F,FUTSTK,1442.9,319475,1443.15,1443.85,13540800,325,650,CIPLA,27-FEB-2025
2025-02-03 09:40:26.429727,CIPLA27FEB25F,FUTSTK,1442.9,319475,1441.8,1442.6,13540800,325,975,CIPLA,27-FEB-2025
2025-02-03 09:40:38.530415,CIPLA27FEB25F,FUTSTK,1442.6,320775,1442.6,1443.6,13540800,325,325,CIPLA,27-FEB-2025
2025-02-03 09:40:51.853249,CIPLA27FEB25F,FUTSTK,1442.6,320775,1442.15,1443.05,13540800,325,325,CIPLA,27-FEB-2025
2025-02-03 09:40:59.307112,CIPLA27FEB25F,FUTSTK,1441.7,321100,1441.75,1442.75,13540800,650,650,CIPLA,27-FEB-2025
2025-02-03 09:41:07.024663,CIPLA27FEB25F,FUTSTK,1441.7,321100,1440.9,1441.3,13540800,325,650,CIPLA,27-FEB-2025
2025-02-03 09:41:14.659876,CIPLA27FEB25F,FUTSTK,1441.35,322075,1440.5,1441.4,13540800,325,325,CIPLA,27-FEB-2025
2025-02-03 09:41:23.392542,CIPLA27FEB25F,FUTSTK,1441.35,322075,1440.7,1441.25,13540800,325,975,CIPLA,27-FEB-2025
2025-02-03 09:41:32.483069,CIPLA27FEB25F,FUTSTK,1440.95,322075,1440.95,1441.2,13540800,650,650,CIPLA,27-FEB-2025
2025-02-03 09:41:40.981771,CIPLA27FEB25F,FUTSTK,1439.3,325325,1439.1,1439.9,13540800,325,325,CIPLA,27-FEB-2025
2025-02-03 09:41:54.826687,CIPLA27FEB25F,FUTSTK,1440.35,326625,1439.6,1440.6,13540800,325,325,CIPLA,27-FEB-2025
2025-02-03 09:42:05.270707,CIPLA27FEB25F,FUTSTK,1440.45,327600,1440.4,1441.35,13540800,325,325,CIPLA,27-FEB-2025
2025-02-03 09:42:13.281372,CIPLA27FEB25F,FUTSTK,1438.95,329550,1438.95,1439.95,13540800,325,325,CIPLA,27-FEB-2025
2025-02-03 09:42:21.534509,CIPLA27FEB25F,FUTSTK,1439.85,330200,1440.2,1441.0,13540800,325,2600,CIPLA,27-FEB-2025
2025-02-03 09:42:29.548700,CIPLA27FEB25F,FUTSTK,1441.0,340925,1441.3,1442.55,13540800,650,325,CIPLA,27-FEB-2025
2025-02-03 09:42:37.477223,CIPLA27FEB25F,FUTSTK,1440.35,341900,1440.2,1441.1,13540800,325,325,CIPLA,27-FEB-2025
2025-02-03 09:42:45.118858,CIPLA27FEB25F,FUTSTK,1440.9,341900,1440.8,1441.9,13540800,325,325,CIPLA,27-FEB-2025
2025-02-03 09:42:52.974070,CIPLA27FEB25F,FUTSTK,1440.3,342550,1440.25,1441.35,13540800,325,325,CIPLA,27-FEB-2025
2025-02-03 09:43:00.956799,CIPLA27FEB25F,FUTSTK,1440.9,343200,1439.85,1440.85,13540800,325,325,CIPLA,27-FEB-2025
2025-02-03 09:43:11.158152,CIPLA27FEB25F,FUTSTK,1440.2,345475,1439.4,1440.45,13540800,1300,325,CIPLA,27-FEB-2025
2025-02-03 09:43:21.510577,CIPLA27FEB25F,FUTSTK,1440.2,345475,1438.5,1439.25,13540800,650,325,CIPLA,27-FEB-2025
2025-02-03 09:43:29.114381,CIPLA27FEB25F,FUTSTK,1439.75,346125,1438.9,1439.9,13540800,325,325,CIPLA,27-FEB-2025
2025-02-03 09:43:36.758396,CIPLA27FEB25F,FUTSTK,1439.75,346125,1438.7,1439.7,13540800,325,325,CIPLA,27-FEB-2025
2025-02-03 09:43:44.330789,CIPLA27FEB25F,FUTSTK,1439.95,348400,1438.35,1439.35,13540800,325,650,CIPLA,27-FEB-2025
2025-02-03 09:43:53.246563,CIPLA27FEB25F,FUTSTK,1438.85,349050,1438.1,1439.0,13540800,1300,325,CIPLA,27-FEB-2025
2025-02-03 09:44:01.282252,CIPLA27FEB25F,FUTSTK,1437.05,350025,1436.7,1437.75,13540800,650,325,CIPLA,27-FEB-2025
2025-02-03 09:44:09.119166,CIPLA27FEB25F,FUTSTK,1437.05,350025,1436.0,1437.05,13540800,325,325,CIPLA,27-FEB-2025
2025-02-03 09:44:18.035700,CIPLA27FEB25F,FUTSTK,1435.15,350675,1435.0,1435.85,13540800,325,325,CIPLA,27-FEB-2025
2025-02-03 09:44:28.483363,CIPLA27FEB25F,FUTSTK,1435.45,351975,1434.65,1435.7,13540800,325,650,CIPLA,27-FEB-2025
2025-02-03 09:44:37.433738,CIPLA27FEB25F,FUTSTK,1434.2,353275,1434.35,1435.6,13540800,325,325,CIPLA,27-FEB-2025
2025-02-03 09:44:44.964017,CIPLA27FEB25F,FUTSTK,1434.6,354250,1433.9,1434.75,13540800,325,325,CIPLA,27-FEB-2025
2025-02-03 09:44:52.759906,CIPLA27FEB25F,FUTSTK,1434.6,356200,1434.5,1435.55,13540800,325,650,CIPLA,27-FEB-2025
2025-02-03 09:45:01.051553,CIPLA27FEB25F,FUTSTK,1434.6,356200,1433.55,1434.65,13540800,325,650,CIPLA,27-FEB-2025
2025-02-03 09:45:08.668992,CIPLA27FEB25F,FUTSTK,1434.45,356850,1433.3,1434.45,13540800,325,325,CIPLA,27-FEB-2025
2025-02-03 09:45:17.318050,CIPLA27FEB25F,FUTSTK,1434.0,358800,1433.85,1434.75,13540800,650,325,CIPLA,27-FEB-2025
2025-02-03 09:45:33.114124,CIPLA27FEB25F,FUTSTK,1434.0,359450,1433.8,1434.8,13540800,325,325,CIPLA,27-FEB-2025
2025-02-03 09:45:44.293212,CIPLA27FEB25F,FUTSTK,1434.65,360425,1434.8,1436.05,13547625,325,650,CIPLA,27-FEB-2025
2025-02-03 09:45:54.253925,CIPLA27FEB25F,FUTSTK,1434.65,360425,1434.0,1435.2,13547625,325,325,CIPLA,27-FEB-2025
2025-02-03 09:46:01.886978,CIPLA27FEB25F,FUTSTK,1434.95,361725,1435.0,1436.1,13547625,325,325,CIPLA,27-FEB-2025
2025-02-03 09:46:10.034317,CIPLA27FEB25F,FUTSTK,1436.7,369850,1436.8,1437.55,13547625,325,975,CIPLA,27-FEB-2025
2025-02-03 09:46:17.885821,CIPLA27FEB25F,FUTSTK,1436.0,370825,1435.8,1436.4,13547625,325,1300,CIPLA,27-FEB-2025
2025-02-03 09:46:25.671319,CIPLA27FEB25F,FUTSTK,1436.0,370825,1435.1,1436.1,13547625,325,1625,CIPLA,27-FEB-2025
2025-02-03 09:46:33.281602,CIPLA27FEB25F,FUTSTK,1436.0,370825,1435.05,1435.65,13547625,650,1625,CIPLA,27-FEB-2025
2025-02-03 09:46:41.117015,CIPLA27FEB25F,FUTSTK,1434.75,374075,1434.85,1436.0,13547625,650,325,CIPLA,27-FEB-2025
2025-02-03 09:46:51.075093,CIPLA27FEB25F,FUTSTK,1434.75,374075,1434.05,1434.8,13547625,650,325,CIPLA,27-FEB-2025
2025-02-03 09:47:01.033969,CIPLA27FEB25F,FUTSTK,1434.0,374725,1434.0,1434.85,13547625,325,325,CIPLA,27-FEB-2025
2025-02-03 09:47:09.960535,CIPLA27FEB25F,FUTSTK,1433.55,375050,1433.0,1434.2,13547625,325,325,CIPLA,27-FEB-2025
2025-02-03 09:47:18.659236,CIPLA27FEB25F,FUTSTK,1432.9,375700,1432.75,1433.7,13547625,325,325,CIPLA,27-FEB-2025
2025-02-03 09:47:32.975539,CIPLA27FEB25F,FUTSTK,1431.15,377325,1430.95,1432.05,13547625,325,325,CIPLA,27-FEB-2025
2025-02-03 09:47:57.338434,CIPLA27FEB25F,FUTSTK,1431.0,379275,1430.55,1431.35,13547625,325,325,CIPLA,27-FEB-2025
2025-02-03 09:48:05.272277,CIPLA27FEB25F,FUTSTK,1431.2,379925,1430.55,1431.3,13547625,325,325,CIPLA,27-FEB-2025
2025-02-03 09:48:18.069051,CIPLA27FEB25F,FUTSTK,1431.25,381225,1430.55,1431.25,13547625,325,325,CIPLA,27-FEB-2025
2025-02-03 09:48:27.912384,CIPLA27FEB25F,FUTSTK,1430.5,381875,1430.15,1430.65,13547625,325,325,CIPLA,27-FEB-2025
2025-02-03 09:48:36.879135,CIPLA27FEB25F,FUTSTK,1430.0,383175,1430.2,1431.05,13547625,325,325,CIPLA,27-FEB-2025
2025-02-03 09:48:44.834860,CIPLA27FEB25F,FUTSTK,1430.65,383500,1430.35,1431.6,13555100,650,975,CIPLA,27-FEB-2025
2025-02-03 09:48:55.163970,CIPLA27FEB25F,FUTSTK,1430.15,384150,1429.4,1430.45,13555100,650,325,CIPLA,27-FEB-2025
2025-02-03 09:49:03.671670,CIPLA27FEB25F,FUTSTK,1429.9,384475,1429.55,1430.3,13555100,325,325,CIPLA,27-FEB-2025
2025-02-03 09:49:13.547883,CIPLA27FEB25F,FUTSTK,1429.9,385450,1429.95,1430.65,13555100,325,325,CIPLA,27-FEB-2025
2025-02-03 09:49:24.816599,CIPLA27FEB25F,FUTSTK,1429.9,386750,1429.0,1429.9,13555100,650,325,CIPLA,27-FEB-2025
2025-02-03 09:49:37.241798,CIPLA27FEB25F,FUTSTK,1429.9,387075,1428.85,1429.9,13555100,650,650,CIPLA,27-FEB-2025
2025-02-03 09:49:46.399856,CIPLA27FEB25F,FUTSTK,1429.9,387075,1428.8,1429.8,13555100,325,325,CIPLA,27-FEB-2025
2025-02-03 09:49:56.925244,CIPLA27FEB25F,FUTSTK,1429.8,387400,1428.65,1429.65,13555100,650,325,CIPLA,27-FEB-2025
2025-02-03 09:50:06.125391,CIPLA27FEB25F,FUTSTK,1428.5,387725,1428.4,1429.45,13555100,325,325,CIPLA,27-FEB-2025
2025-02-03 09:50:14.924231,CIPLA27FEB25F,FUTSTK,1428.5,387725,1428.95,1429.7,13555100,1300,650,CIPLA,27-FEB-2025
2025-02-03 09:50:24.509311,CIPLA27FEB25F,FUTSTK,1428.55,389350,1428.05,1428.95,13555100,325,325,CIPLA,27-FEB-2025
2025-02-03 09:50:33.725145,CIPLA27FEB25F,FUTSTK,1428.75,390000,1428.0,1429.1,13555100,325,325,CIPLA,27-FEB-2025
2025-02-03 09:50:44.188338,CIPLA27FEB25F,FUTSTK,1428.2,391625,1428.25,1429.15,13555100,650,325,CIPLA,27-FEB-2025
2025-02-03 09:50:56.242089,CIPLA27FEB25F,FUTSTK,1429.3,393250,1428.75,1429.8,13555100,325,1300,CIPLA,27-FEB-2025
2025-02-03 09:51:04.671442,CIPLA27FEB25F,FUTSTK,1430.0,396500,1429.15,1430.2,13555100,325,325,CIPLA,27-FEB-2025
2025-02-03 09:51:12.734135,CIPLA27FEB25F,FUTSTK,1430.0,396825,1429.25,1430.0,13555100,325,325,CIPLA,27-FEB-2025
2025-02-03 09:51:21.234346,CIPLA27FEB25F,FUTSTK,1430.0,397800,1428.85,1430.0,13555100,325,325,CIPLA,27-FEB-2025
2025-02-03 09:51:29.355227,CIPLA27FEB25F,FUTSTK,1430.0,397800,1429.0,1430.1,13555100,325,325,CIPLA,27-FEB-2025
2025-02-03 09:51:37.625862,CIPLA27FEB25F,FUTSTK,1428.9,398450,1428.5,1429.65,13555100,325,325,CIPLA,27-FEB-2025
2025-02-03 09:51:46.332801,CIPLA27FEB25F,FUTSTK,1429.05,398775,1428.25,1429.3,13566800,325,325,CIPLA,27-FEB-2025
2025-02-03 09:51:54.179862,CIPLA27FEB25F,FUTSTK,1429.25,399425,1428.6,1429.55,13566800,325,325,CIPLA,27-FEB-2025
2025-02-03 09:52:06.612731,CIPLA27FEB25F,FUTSTK,1429.25,399750,1429.35,1430.25,13566800,325,325,CIPLA,27-FEB-2025
2025-02-03 09:52:17.172763,CIPLA27FEB25F,FUTSTK,1429.25,399750,1429.3,1430.0,13566800,650,325,CIPLA,27-FEB-2025
2025-02-03 09:52:27.246177,CIPLA27FEB25F,FUTSTK,1429.25,399750,1429.25,1429.95,13566800,325,325,CIPLA,27-FEB-2025
2025-02-03 09:52:34.970862,CIPLA27FEB25F,FUTSTK,1429.25,400075,1428.55,1429.5,13566800,650,325,CIPLA,27-FEB-2025
2025-02-03 09:52:42.730944,CIPLA27FEB25F,FUTSTK,1429.25,400075,1428.5,1429.1,13566800,325,325,CIPLA,27-FEB-2025
2025-02-03 09:52:50.815210,CIPLA27FEB25F,FUTSTK,1428.5,400400,1428.0,1428.7,13566800,325,975,CIPLA,27-FEB-2025
2025-02-03 09:52:58.175091,CIPLA27FEB25F,FUTSTK,1427.95,401700,1427.3,1427.95,13566800,1300,325,CIPLA,27-FEB-2025
2025-02-03 09:53:06.008006,CIPLA27FEB25F,FUTSTK,1427.9,402350,1427.4,1427.95,13566800,650,325,CIPLA,27-FEB-2025
2025-02-03 09:53:16.066460,CIPLA27FEB25F,FUTSTK,1428.8,406250,1429.25,1429.65,13566800,325,325,CIPLA,27-FEB-2025
2025-02-03 09:53:25.303169,CIPLA27FEB25F,FUTSTK,1430.0,407550,1429.3,1430.6,13566800,325,650,CIPLA,27-FEB-2025
2025-02-03 09:53:35.676600,CIPLA27FEB25F,FUTSTK,1430.0,407550,1428.85,1429.8,13566800,325,325,CIPLA,27-FEB-2025
2025-02-03 09:53:43.439038,CIPLA27FEB25F,FUTSTK,1429.15,408200,1428.6,1429.65,13566800,325,325,CIPLA,27-FEB-2025
2025-02-03 09:53:51.253233,CIPLA27FEB25F,FUTSTK,1429.15,408200,1428.3,1429.5,13566800,325,650,CIPLA,27-FEB-2025
2025-02-03 09:53:59.190725,CIPLA27FEB25F,FUTSTK,1429.0,409175,1428.75,1429.75,13566800,325,325,CIPLA,27-FEB-2025
2025-02-03 09:54:06.935036,CIPLA27FEB25F,FUTSTK,1429.0,409175,1428.0,1429.05,13566800,325,325,CIPLA,27-FEB-2025
2025-02-03 09:54:15.011971,CIPLA27FEB25F,FUTSTK,1428.0,410800,1427.4,1428.5,13566800,325,325,CIPLA,27-FEB-2025
2025-02-03 09:54:22.562370,CIPLA27FEB25F,FUTSTK,1428.0,410800,1427.75,1428.65,13566800,325,325,CIPLA,27-FEB-2025
2025-02-03 09:54:32.417166,CIPLA27FEB25F,FUTSTK,1428.0,410800,1427.3,1428.4,13566800,325,325,CIPLA,27-FEB-2025
2025-02-03 09:54:43.500854,CIPLA27FEB25F,FUTSTK,1428.2,411125,1427.3,1428.25,13566800,325,325,CIPLA,27-FEB-2025
2025-02-03 09:54:52.080880,CIPLA27FEB25F,FUTSTK,1428.0,412425,1427.0,1427.7,13566800,975,325,CIPLA,27-FEB-2025
2025-02-03 09:55:02.035852,CIPLA27FEB25F,FUTSTK,1427.0,413400,1426.5,1427.35,13566800,650,650,CIPLA,27-FEB-2025
2025-02-03 09:55:09.699489,CIPLA27FEB25F,FUTSTK,1427.0,413400,1427.0,1427.35,13566800,325,650,CIPLA,27-FEB-2025
2025-02-03 09:55:17.988823,CIPLA27FEB25F,FUTSTK,1427.75,415025,1427.3,1428.35,13566800,325,325,CIPLA,27-FEB-2025
2025-02-03 09:55:26.997021,CIPLA27FEB25F,FUTSTK,1428.1,415350,1427.35,1428.45,13566800,325,650,CIPLA,27-FEB-2025
2025-02-03 09:55:34.951205,CIPLA27FEB25F,FUTSTK,1427.0,416000,1426.7,1427.55,13566800,325,325,CIPLA,27-FEB-2025
2025-02-03 09:55:44.631709,CIPLA27FEB25F,FUTSTK,1426.1,417625,1426.05,1426.9,13566800,650,325,CIPLA,27-FEB-2025
2025-02-03 09:55:56.618431,CIPLA27FEB25F,FUTSTK,1426.1,417625,1426.15,1427.35,13566800,650,325,CIPLA,27-FEB-2025
2025-02-03 09:56:06.146717,CIPLA27FEB25F,FUTSTK,1426.1,417625,1426.8,1427.45,13566800,975,650,CIPLA,27-FEB-2025
2025-02-03 09:56:14.394424,CIPLA27FEB25F,FUTSTK,1426.1,417625,1426.55,1427.45,13566800,325,650,CIPLA,27-FEB-2025
2025-02-03 09:56:21.987580,CIPLA27FEB25F,FUTSTK,1426.85,418275,1426.75,1427.45,13566800,650,650,CIPLA,27-FEB-2025
2025-02-03 09:56:29.847742,CIPLA27FEB25F,FUTSTK,1426.45,419250,1426.6,1427.1,13566800,325,650,CIPLA,27-FEB-2025
2025-02-03 09:56:37.537662,CIPLA27FEB25F,FUTSTK,1426.7,420550,1426.6,1427.1,13566800,325,650,CIPLA,27-FEB-2025
2025-02-03 09:56:45.298199,CIPLA27FEB25F,FUTSTK,1426.7,420550,1426.2,1427.1,13566800,325,650,CIPLA,27-FEB-2025
2025-02-03 09:56:54.951049,CIPLA27FEB25F,FUTSTK,1427.1,420550,1426.2,1427.1,13566800,325,650,CIPLA,27-FEB-2025
2025-02-03 09:57:04.482848,CIPLA27FEB25F,FUTSTK,1427.8,420550,1426.2,1427.1,13566800,325,650,CIPLA,27-FEB-2025
2025-02-03 09:57:17.171237,CIPLA27FEB25F,FUTSTK,1427.8,421850,1427.2,1427.85,13566800,975,325,CIPLA,27-FEB-2025
2025-02-03 09:57:27.753112,CIPLA27FEB25F,FUTSTK,1427.2,421850,1427.2,1427.85,13566800,975,325,CIPLA,27-FEB-2025
2025-02-03 09:57:37.679994,CIPLA27FEB25F,FUTSTK,1427.6,421850,1427.2,1427.85,13566800,975,325,CIPLA,27-FEB-2025
2025-02-03 09:57:45.696550,CIPLA27FEB25F,FUTSTK,1427.6,424775,1426.75,1427.85,13566800,975,325,CIPLA,27-FEB-2025
2025-02-03 09:57:53.153979,CIPLA27FEB25F,FUTSTK,1428.1,425425,1427.45,1428.4,13572650,650,325,CIPLA,27-FEB-2025
2025-02-03 09:58:01.089365,CIPLA27FEB25F,FUTSTK,1427.4,426075,1427.65,1428.75,13572650,325,325,CIPLA,27-FEB-2025
2025-02-03 09:58:08.730781,CIPLA27FEB25F,FUTSTK,1427.4,426075,1427.9,1428.75,13572650,650,325,CIPLA,27-FEB-2025
2025-02-03 09:58:15.960566,CIPLA27FEB25F,FUTSTK,1427.45,426400,1427.3,1428.35,13572650,325,325,CIPLA,27-FEB-2025
2025-02-03 09:58:27.839617,CIPLA27FEB25F,FUTSTK,1427.45,426400,1427.9,1428.75,13572650,650,325,CIPLA,27-FEB-2025
2025-02-03 09:58:38.514977,CIPLA27FEB25F,FUTSTK,1427.45,426400,1427.3,1428.55,13572650,650,325,CIPLA,27-FEB-2025
2025-02-03 09:58:46.517468,CIPLA27FEB25F,FUTSTK,1427.45,426400,1427.1,1428.25,13572650,325,325,CIPLA,27-FEB-2025
2025-02-03 09:58:54.452505,CIPLA27FEB25F,FUTSTK,1427.3,426725,1426.85,1428.0,13572650,325,650,CIPLA,27-FEB-2025
2025-02-03 09:59:02.704889,CIPLA27FEB25F,FUTSTK,1427.55,427375,1427.6,1428.35,13572650,650,325,CIPLA,27-FEB-2025
2025-02-03 09:59:13.570108,CIPLA27FEB25F,FUTSTK,1428.75,428025,1428.1,1429.0,13572650,975,325,CIPLA,27-FEB-2025
2025-02-03 09:59:29.093519,CIPLA27FEB25F,FUTSTK,1428.0,429650,1427.4,1428.55,13572650,325,325,CIPLA,27-FEB-2025
2025-02-03 09:59:41.825294,CIPLA27FEB25F,FUTSTK,1428.0,429650,1426.55,1427.75,13572650,650,650,CIPLA,27-FEB-2025
2025-02-03 09:59:52.440231,CIPLA27FEB25F,FUTSTK,1428.0,429650,1426.5,1427.55,13572650,650,325,CIPLA,27-FEB-2025
2025-02-03 10:00:00.563992,CIPLA27FEB25F,FUTSTK,1428.0,429650,1426.3,1427.55,13572650,325,650,CIPLA,27-FEB-2025
2025-02-03 10:00:08.405964,CIPLA27FEB25F,FUTSTK,1428.0,429650,1426.55,1427.4,13572650,325,325,CIPLA,27-FEB-2025
2025-02-03 10:00:16.566616,CIPLA27FEB25F,FUTSTK,1428.0,429650,1426.55,1427.4,13572650,325,325,CIPLA,27-FEB-2025
2025-02-03 10:00:29.216854,CIPLA27FEB25F,FUTSTK,1426.65,429975,1426.15,1427.15,13572650,325,325,CIPLA,27-FEB-2025
2025-02-03 10:00:40.252752,CIPLA27FEB25F,FUTSTK,1426.95,430625,1426.05,1426.95,13572650,650,325,CIPLA,27-FEB-2025
2025-02-03 10:00:51.970051,CIPLA27FEB25F,FUTSTK,1426.75,431275,1426.0,1426.8,13573950,2925,325,CIPLA,27-FEB-2025
2025-02-03 10:01:03.328758,CIPLA27FEB25F,FUTSTK,1425.5,434850,1425.4,1426.0,13573950,325,325,CIPLA,27-FEB-2025
2025-02-03 10:01:14.135000,CIPLA27FEB25F,FUTSTK,1425.4,435175,1425.15,1426.0,13573950,975,325,CIPLA,27-FEB-2025
2025-02-03 10:01:22.497554,CIPLA27FEB25F,FUTSTK,1425.4,435175,1425.1,1426.0,13573950,650,325,CIPLA,27-FEB-2025
2025-02-03 10:01:31.327754,CIPLA27FEB25F,FUTSTK,1425.25,435500,1425.25,1425.85,13573950,325,325,CIPLA,27-FEB-2025
2025-02-03 10:01:38.838023,CIPLA27FEB25F,FUTSTK,1425.15,435825,1425.25,1425.85,13573950,650,325,CIPLA,27-FEB-2025
2025-02-03 10:01:46.765338,CIPLA27FEB25F,FUTSTK,1426.05,435825,1425.25,1425.85,13573950,650,325,CIPLA,27-FEB-2025
2025-02-03 10:01:55.135530,CIPLA27FEB25F,FUTSTK,1425.35,435825,1425.25,1425.85,13573950,650,325,CIPLA,27-FEB-2025
2025-02-03 10:02:02.908097,CIPLA27FEB25F,FUTSTK,1424.9,435825,1425.25,1425.85,13573950,650,325,CIPLA,27-FEB-2025
2025-02-03 10:02:14.152744,CIPLA27FEB25F,FUTSTK,1426.2,441350,1424.65,1425.65,13573950,325,325,CIPLA,27-FEB-2025
2025-02-03 10:02:25.137564,CIPLA27FEB25F,FUTSTK,1426.2,441350,1424.65,1425.65,13573950,325,325,CIPLA,27-FEB-2025
2025-02-03 10:02:37.133246,CIPLA27FEB25F,FUTSTK,1424.15,444600,1424.1,1425.0,13573950,1300,325,CIPLA,27-FEB-2025
2025-02-03 10:02:48.622138,CIPLA27FEB25F,FUTSTK,1424.0,444925,1424.1,1424.75,13573950,650,325,CIPLA,27-FEB-2025
2025-02-03 10:03:00.159105,CIPLA27FEB25F,FUTSTK,1424.0,446875,1423.4,1424.1,13573950,650,325,CIPLA,27-FEB-2025
2025-02-03 10:03:09.829186,CIPLA27FEB25F,FUTSTK,1424.15,449150,1423.65,1424.35,13573950,975,325,CIPLA,27-FEB-2025
2025-02-03 10:03:17.609249,CIPLA27FEB25F,FUTSTK,1424.2,449800,1424.0,1425.0,13573950,325,325,CIPLA,27-FEB-2025
2025-02-03 10:03:25.926408,CIPLA27FEB25F,FUTSTK,1425.65,449800,1424.85,1425.65,13573950,325,325,CIPLA,27-FEB-2025
2025-02-03 10:03:41.729021,CIPLA27FEB25F,FUTSTK,1426.55,450775,1425.5,1426.35,13573950,650,325,CIPLA,27-FEB-2025
2025-02-03 10:03:51.426020,CIPLA27FEB25F,FUTSTK,1426.4,451100,1425.95,1426.85,13580450,325,325,CIPLA,27-FEB-2025
2025-02-03 10:03:59.136475,CIPLA27FEB25F,FUTSTK,1426.4,451100,1425.35,1426.0,13580450,325,325,CIPLA,27-FEB-2025
2025-02-03 10:04:06.983719,CIPLA27FEB25F,FUTSTK,1426.4,451100,1425.35,1426.1,13580450,325,325,CIPLA,27-FEB-2025
2025-02-03 10:04:15.305043,CIPLA27FEB25F,FUTSTK,1425.75,451425,1425.75,1426.5,13580450,325,650,CIPLA,27-FEB-2025
2025-02-03 10:04:26.079726,CIPLA27FEB25F,FUTSTK,1425.8,452075,1425.8,1426.5,13580450,325,325,CIPLA,27-FEB-2025
2025-02-03 10:04:41.032025,CIPLA27FEB25F,FUTSTK,1425.8,452400,1424.8,1425.85,13580450,325,325,CIPLA,27-FEB-2025
2025-02-03 10:04:53.242872,CIPLA27FEB25F,FUTSTK,1425.8,452400,1424.8,1425.85,13580450,325,325,CIPLA,27-FEB-2025
2025-02-03 10:05:02.585928,CIPLA27FEB25F,FUTSTK,1424.85,452400,1424.8,1425.85,13580450,325,325,CIPLA,27-FEB-2025
2025-02-03 10:05:10.310853,CIPLA27FEB25F,FUTSTK,1426.0,452400,1424.8,1425.85,13580450,325,325,CIPLA,27-FEB-2025
2025-02-03 10:05:18.435006,CIPLA27FEB25F,FUTSTK,1426.0,453050,1424.95,1425.95,13580450,1300,325,CIPLA,27-FEB-2025
2025-02-03 10:05:26.267012,CIPLA27FEB25F,FUTSTK,1426.0,453050,1424.95,1425.95,13580450,1300,325,CIPLA,27-FEB-2025
2025-02-03 10:05:33.602177,CIPLA27FEB25F,FUTSTK,1426.0,453050,1424.95,1425.95,13580450,1300,325,CIPLA,27-FEB-2025
2025-02-03 10:05:40.883727,CIPLA27FEB25F,FUTSTK,1425.75,454350,1424.8,1425.9,13580450,325,325,CIPLA,27-FEB-2025
2025-02-03 10:05:48.517861,CIPLA27FEB25F,FUTSTK,1425.75,454350,1424.9,1426.0,13580450,650,325,CIPLA,27-FEB-2025
2025-02-03 10:05:55.989612,CIPLA27FEB25F,FUTSTK,1424.9,455650,1425.0,1426.05,13580450,975,325,CIPLA,27-FEB-2025
2025-02-03 10:06:07.207852,CIPLA27FEB25F,FUTSTK,1424.9,455650,1424.5,1425.6,13580450,325,325,CIPLA,27-FEB-2025
2025-02-03 10:06:17.093131,CIPLA27FEB25F,FUTSTK,1425.6,455975,1424.05,1425.05,13580450,650,325,CIPLA,27-FEB-2025
2025-02-03 10:06:24.808108,CIPLA27FEB25F,FUTSTK,1424.1,456300,1423.7,1424.7,13580450,325,650,CIPLA,27-FEB-2025
2025-02-03 10:06:33.144445,CIPLA27FEB25F,FUTSTK,1423.0,456950,1423.4,1424.15,13580450,975,325,CIPLA,27-FEB-2025
2025-02-03 10:06:41.466248,CIPLA27FEB25F,FUTSTK,1424.2,457275,1423.4,1424.4,13580450,975,650,CIPLA,27-FEB-2025
2025-02-03 10:06:49.310539,CIPLA27FEB25F,FUTSTK,1424.3,458575,1423.75,1424.8,13584025,975,325,CIPLA,27-FEB-2025
2025-02-03 10:07:04.727243,CIPLA27FEB25F,FUTSTK,1425.15,459225,1424.2,1425.2,13584025,325,325,CIPLA,27-FEB-2025
2025-02-03 10:07:16.639921,CIPLA27FEB25F,FUTSTK,1425.8,459875,1424.7,1425.8,13584025,325,650,CIPLA,27-FEB-2025
2025-02-03 10:07:29.044808,CIPLA27FEB25F,FUTSTK,1425.1,464100,1424.05,1425.25,13584025,325,650,CIPLA,27-FEB-2025
2025-02-03 10:07:37.490102,CIPLA27FEB25F,FUTSTK,1425.1,464100,1425.15,1425.75,13584025,325,325,CIPLA,27-FEB-2025
2025-02-03 10:07:45.040953,CIPLA27FEB25F,FUTSTK,1425.1,464100,1425.15,1425.75,13584025,325,325,CIPLA,27-FEB-2025
2025-02-03 10:07:52.515539,CIPLA27FEB25F,FUTSTK,1425.1,464100,1425.2,1425.75,13584025,650,325,CIPLA,27-FEB-2025
2025-02-03 10:08:00.296098,CIPLA27FEB25F,FUTSTK,1425.1,464100,1425.2,1425.65,13584025,1300,650,CIPLA,27-FEB-2025
2025-02-03 10:08:08.517758,CIPLA27FEB25F,FUTSTK,1425.15,466050,1424.5,1425.5,13584025,325,325,CIPLA,27-FEB-2025
2025-02-03 10:08:16.245908,CIPLA27FEB25F,FUTSTK,1424.75,466375,1424.5,1425.6,13584025,325,325,CIPLA,27-FEB-2025
2025-02-03 10:08:23.781473,CIPLA27FEB25F,FUTSTK,1423.85,466700,1423.45,1424.45,13584025,325,325,CIPLA,27-FEB-2025
2025-02-03 10:08:31.813265,CIPLA27FEB25F,FUTSTK,1423.85,466700,1423.2,1424.2,13584025,650,325,CIPLA,27-FEB-2025
2025-02-03 10:08:42.736094,CIPLA27FEB25F,FUTSTK,1423.85,466700,1423.6,1424.55,13584025,325,325,CIPLA,27-FEB-2025
2025-02-03 10:08:51.965064,CIPLA27FEB25F,FUTSTK,1423.8,467025,1423.7,1424.75,13584025,975,325,CIPLA,27-FEB-2025
2025-02-03 10:09:02.735859,CIPLA27FEB25F,FUTSTK,1423.7,467350,1423.95,1424.95,13584025,650,325,CIPLA,27-FEB-2025
2025-02-03 10:09:14.519844,CIPLA27FEB25F,FUTSTK,1423.7,467350,1423.4,1424.35,13584025,325,325,CIPLA,27-FEB-2025
2025-02-03 10:09:24.595781,CIPLA27FEB25F,FUTSTK,1423.7,468975,1423.0,1424.1,13584025,325,325,CIPLA,27-FEB-2025
2025-02-03 10:09:33.780088,CIPLA27FEB25F,FUTSTK,1424.0,469300,1423.5,1424.55,13584025,650,325,CIPLA,27-FEB-2025
2025-02-03 10:09:41.571575,CIPLA27FEB25F,FUTSTK,1424.0,469300,1423.45,1424.5,13584025,650,325,CIPLA,27-FEB-2025
2025-02-03 10:09:50.884164,CIPLA27FEB25F,FUTSTK,1423.75,469625,1423.75,1424.65,13586300,325,325,CIPLA,27-FEB-2025
2025-02-03 10:10:01.997344,CIPLA27FEB25F,FUTSTK,1423.75,469625,1424.1,1425.2,13586300,325,325,CIPLA,27-FEB-2025
2025-02-03 10:10:10.331610,CIPLA27FEB25F,FUTSTK,1423.75,469625,1424.55,1425.55,13586300,325,325,CIPLA,27-FEB-2025
2025-02-03 10:10:18.959043,CIPLA27FEB25F,FUTSTK,1423.75,469625,1424.3,1425.35,13586300,650,325,CIPLA,27-FEB-2025
2025-02-03 10:10:26.730805,CIPLA27FEB25F,FUTSTK,1424.6,469950,1424.9,1425.85,13586300,325,325,CIPLA,27-FEB-2025
2025-02-03 10:10:34.332299,CIPLA27FEB25F,FUTSTK,1425.15,470275,1425.1,1425.95,13586300,650,325,CIPLA,27-FEB-2025
2025-02-03 10:10:42.597585,CIPLA27FEB25F,FUTSTK,1425.6,470925,1425.1,1426.15,13586300,650,325,CIPLA,27-FEB-2025
2025-02-03 10:10:50.468817,CIPLA27FEB25F,FUTSTK,1426.4,471900,1426.0,1427.0,13586300,325,325,CIPLA,27-FEB-2025
2025-02-03 10:10:57.893339,CIPLA27FEB25F,FUTSTK,1425.75,478075,1425.0,1426.1,13586300,325,325,CIPLA,27-FEB-2025
2025-02-03 10:11:08.647547,CIPLA27FEB25F,FUTSTK,1425.9,479050,1425.9,1426.7,13586300,650,325,CIPLA,27-FEB-2025
2025-02-03 10:11:19.231539,CIPLA27FEB25F,FUTSTK,1425.9,479050,1425.5,1426.4,13586300,325,325,CIPLA,27-FEB-2025
2025-02-03 10:11:27.564733,CIPLA27FEB25F,FUTSTK,1425.55,479050,1424.9,1425.8,13586300,650,325,CIPLA,27-FEB-2025
2025-02-03 10:11:35.723195,CIPLA27FEB25F,FUTSTK,1425.8,480025,1425.55,1426.25,13586300,325,325,CIPLA,27-FEB-2025
2025-02-03 10:11:43.049588,CIPLA27FEB25F,FUTSTK,1425.8,480025,1425.55,1426.25,13586300,325,325,CIPLA,27-FEB-2025
2025-02-03 10:11:50.411878,CIPLA27FEB25F,FUTSTK,1425.8,480025,1425.6,1426.25,13586300,975,325,CIPLA,27-FEB-2025
2025-02-03 10:11:58.048620,CIPLA27FEB25F,FUTSTK,1425.8,480025,1425.6,1426.25,13586300,975,325,CIPLA,27-FEB-2025
2025-02-03 10:12:05.913874,CIPLA27FEB25F,FUTSTK,1425.65,480675,1425.65,1426.55,13586300,650,325,CIPLA,27-FEB-2025
2025-02-03 10:12:13.936957,CIPLA27FEB25F,FUTSTK,1425.3,481975,1425.3,1426.45,13586300,650,650,CIPLA,27-FEB-2025
2025-02-03 10:12:23.349461,CIPLA27FEB25F,FUTSTK,1426.2,484250,1425.25,1426.25,13586300,325,650,CIPLA,27-FEB-2025
2025-02-03 10:12:33.942959,CIPLA27FEB25F,FUTSTK,1425.65,484900,1425.05,1425.75,13586300,650,325,CIPLA,27-FEB-2025
2025-02-03 10:12:42.658123,CIPLA27FEB25F,FUTSTK,1425.05,485550,1425.05,1425.75,13594425,650,325,CIPLA,27-FEB-2025
2025-02-03 10:12:50.542263,CIPLA27FEB25F,FUTSTK,1425.0,486200,1424.4,1425.35,13594425,650,325,CIPLA,27-FEB-2025
2025-02-03 10:13:03.905967,CIPLA27FEB25F,FUTSTK,1425.0,486200,1425.0,1425.5,13594425,650,325,CIPLA,27-FEB-2025
2025-02-03 10:13:14.652989,CIPLA27FEB25F,FUTSTK,1424.0,490750,1423.4,1424.25,13594425,325,650,CIPLA,27-FEB-2025
2025-02-03 10:13:25.575546,CIPLA27FEB25F,FUTSTK,1423.0,493675,1422.4,1423.45,13594425,325,325,CIPLA,27-FEB-2025
2025-02-03 10:13:33.221799,CIPLA27FEB25F,FUTSTK,1421.3,496925,1421.15,1422.05,13594425,325,325,CIPLA,27-FEB-2025
2025-02-03 10:13:45.345379,CIPLA27FEB25F,FUTSTK,1421.85,498225,1421.15,1422.1,13594425,650,325,CIPLA,27-FEB-2025
2025-02-03 10:13:56.386534,CIPLA27FEB25F,FUTSTK,1421.8,499200,1421.55,1422.1,13594425,325,3250,CIPLA,27-FEB-2025
2025-02-03 10:14:05.264666,CIPLA27FEB25F,FUTSTK,1421.95,502125,1421.4,1422.0,13594425,650,325,CIPLA,27-FEB-2025
2025-02-03 10:14:13.226023,CIPLA27FEB25F,FUTSTK,1421.55,502775,1421.2,1421.75,13594425,325,650,CIPLA,27-FEB-2025
2025-02-03 10:14:20.872162,CIPLA27FEB25F,FUTSTK,1421.45,504400,1421.0,1421.8,13594425,1300,325,CIPLA,27-FEB-2025
2025-02-03 10:14:28.340635,CIPLA27FEB25F,FUTSTK,1422.0,506350,1421.6,1422.65,13594425,325,325,CIPLA,27-FEB-2025
2025-02-03 10:14:37.534411,CIPLA27FEB25F,FUTSTK,1422.2,506675,1421.45,1422.25,13594425,325,325,CIPLA,27-FEB-2025
2025-02-03 10:14:44.900697,CIPLA27FEB25F,FUTSTK,1422.2,506675,1421.45,1422.15,13594425,325,325,CIPLA,27-FEB-2025
2025-02-03 10:14:52.896760,CIPLA27FEB25F,FUTSTK,1421.5,506675,1421.45,1422.15,13594425,325,325,CIPLA,27-FEB-2025
2025-02-03 10:15:07.834158,CIPLA27FEB25F,FUTSTK,1421.5,507650,1421.5,1422.35,13594425,650,650,CIPLA,27-FEB-2025
2025-02-03 10:15:17.514445,CIPLA27FEB25F,FUTSTK,1421.7,507650,1421.5,1422.35,13594425,650,650,CIPLA,27-FEB-2025
2025-02-03 10:15:26.794558,CIPLA27FEB25F,FUTSTK,1421.0,507650,1421.5,1422.35,13594425,650,650,CIPLA,27-FEB-2025
2025-02-03 10:15:34.411364,CIPLA27FEB25F,FUTSTK,1421.0,507650,1421.5,1422.35,13594425,650,650,CIPLA,27-FEB-2025
2025-02-03 10:15:42.289101,CIPLA27FEB25F,FUTSTK,1421.0,511875,1421.0,1421.6,13594425,1950,325,CIPLA,27-FEB-2025
2025-02-03 10:15:49.679218,CIPLA27FEB25F,FUTSTK,1420.95,511875,1421.0,1421.6,13600925,1950,325,CIPLA,27-FEB-2025
2025-02-03 10:15:57.102424,CIPLA27FEB25F,FUTSTK,1420.45,511875,1421.0,1421.6,13600925,1950,325,CIPLA,27-FEB-2025
2025-02-03 10:16:04.528643,CIPLA27FEB25F,FUTSTK,1421.15,511875,1421.0,1421.6,13600925,1950,325,CIPLA,27-FEB-2025
2025-02-03 10:16:13.599631,CIPLA27FEB25F,FUTSTK,1420.45,514800,1420.2,1421.1,13600925,325,325,CIPLA,27-FEB-2025
2025-02-03 10:16:23.738918,CIPLA27FEB25F,FUTSTK,1420.45,514800,1420.2,1421.1,13600925,325,325,CIPLA,27-FEB-2025
2025-02-03 10:16:32.335437,CIPLA27FEB25F,FUTSTK,1421.05,514800,1420.2,1421.1,13600925,325,325,CIPLA,27-FEB-2025
2025-02-03 10:16:40.976537,CIPLA27FEB25F,FUTSTK,1421.15,517725,1420.2,1421.2,13600925,325,650,CIPLA,27-FEB-2025
2025-02-03 10:16:51.109870,CIPLA27FEB25F,FUTSTK,1420.65,519350,1420.2,1421.0,13600925,650,325,CIPLA,27-FEB-2025
2025-02-03 10:17:01.721017,CIPLA27FEB25F,FUTSTK,1420.2,520975,1420.05,1420.7,13600925,325,1300,CIPLA,27-FEB-2025
2025-02-03 10:17:11.523120,CIPLA27FEB25F,FUTSTK,1420.0,525525,1420.05,1421.0,13600925,650,325,CIPLA,27-FEB-2025
2025-02-03 10:17:21.881450,CIPLA27FEB25F,FUTSTK,1421.0,525850,1420.65,1421.55,13600925,325,650,CIPLA,27-FEB-2025
2025-02-03 10:17:32.789613,CIPLA27FEB25F,FUTSTK,1421.0,525850,1420.5,1421.15,13600925,325,1300,CIPLA,27-FEB-2025
2025-02-03 10:17:42.316365,CIPLA27FEB25F,FUTSTK,1421.0,525850,1420.5,1421.35,13600925,325,325,CIPLA,27-FEB-2025
2025-02-03 10:17:49.672900,CIPLA27FEB25F,FUTSTK,1421.0,525850,1420.55,1420.95,13600925,325,5200,CIPLA,27-FEB-2025
2025-02-03 10:17:57.374493,CIPLA27FEB25F,FUTSTK,1419.7,525850,1420.55,1420.95,13600925,325,5200,CIPLA,27-FEB-2025
2025-02-03 10:18:09.085031,CIPLA27FEB25F,FUTSTK,1419.75,525850,1420.55,1420.95,13600925,325,5200,CIPLA,27-FEB-2025
2025-02-03 10:18:18.380589,CIPLA27FEB25F,FUTSTK,1419.95,528125,1419.9,1420.5,13600925,325,650,CIPLA,27-FEB-2025
2025-02-03 10:18:25.805101,CIPLA27FEB25F,FUTSTK,1418.6,528125,1419.9,1420.5,13600925,325,650,CIPLA,27-FEB-2025
2025-02-03 10:18:33.177283,CIPLA27FEB25F,FUTSTK,1418.45,528125,1419.9,1420.5,13600925,325,650,CIPLA,27-FEB-2025
2025-02-03 10:18:40.610187,CIPLA27FEB25F,FUTSTK,1418.35,538200,1418.35,1419.35,13600925,325,650,CIPLA,27-FEB-2025
2025-02-03 10:18:51.800167,CIPLA27FEB25F,FUTSTK,1418.1,538525,1417.7,1418.7,13609050,650,325,CIPLA,27-FEB-2025
2025-02-03 10:19:03.687324,CIPLA27FEB25F,FUTSTK,1418.15,542100,1417.7,1418.3,13609050,975,325,CIPLA,27-FEB-2025
2025-02-03 10:19:13.288981,CIPLA27FEB25F,FUTSTK,1418.0,547625,1417.7,1418.5,13609050,325,325,CIPLA,27-FEB-2025
2025-02-03 10:19:23.085347,CIPLA27FEB25F,FUTSTK,1418.0,550225,1417.5,1418.35,13609050,325,650,CIPLA,27-FEB-2025
2025-02-03 10:19:32.292043,CIPLA27FEB25F,FUTSTK,1417.4,550550,1417.25,1418.05,13609050,325,650,CIPLA,27-FEB-2025
2025-02-03 10:19:39.884451,CIPLA27FEB25F,FUTSTK,1417.4,550550,1417.45,1418.25,13609050,325,325,CIPLA,27-FEB-2025
2025-02-03 10:19:47.455535,CIPLA27FEB25F,FUTSTK,1417.4,550550,1417.85,1418.35,13609050,325,325,CIPLA,27-FEB-2025
2025-02-03 10:19:54.523444,CIPLA27FEB25F,FUTSTK,1418.2,551525,1417.85,1418.45,13609050,325,650,CIPLA,27-FEB-2025
2025-02-03 10:20:04.684337,CIPLA27FEB25F,FUTSTK,1418.5,551850,1418.5,1419.3,13609050,650,325,CIPLA,27-FEB-2025
2025-02-03 10:20:14.924047,CIPLA27FEB25F,FUTSTK,1418.7,552175,1418.7,1419.3,13609050,325,325,CIPLA,27-FEB-2025
2025-02-03 10:20:22.407835,CIPLA27FEB25F,FUTSTK,1418.55,553475,1417.85,1418.85,13609050,325,650,CIPLA,27-FEB-2025
2025-02-03 10:20:29.879274,CIPLA27FEB25F,FUTSTK,1418.55,553475,1417.85,1418.55,13609050,325,325,CIPLA,27-FEB-2025
2025-02-03 10:20:37.345132,CIPLA27FEB25F,FUTSTK,1418.55,553475,1417.8,1418.45,13609050,975,325,CIPLA,27-FEB-2025
2025-02-03 10:20:44.903496,CIPLA27FEB25F,FUTSTK,1418.45,554125,1417.8,1418.4,13609050,325,650,CIPLA,27-FEB-2025
2025-02-03 10:20:52.931350,CIPLA27FEB25F,FUTSTK,1417.8,554125,1417.8,1418.4,13609050,325,650,CIPLA,27-FEB-2025
2025-02-03 10:21:03.898313,CIPLA27FEB25F,FUTSTK,1418.3,554125,1417.8,1418.4,13609050,325,650,CIPLA,27-FEB-2025
2025-02-03 10:21:14.866910,CIPLA27FEB25F,FUTSTK,1417.85,556400,1417.45,1418.4,13609050,650,325,CIPLA,27-FEB-2025
2025-02-03 10:21:25.586878,CIPLA27FEB25F,FUTSTK,1418.55,556400,1417.45,1418.4,13609050,650,325,CIPLA,27-FEB-2025
2025-02-03 10:21:36.345754,CIPLA27FEB25F,FUTSTK,1418.1,556400,1417.45,1418.4,13609050,650,325,CIPLA,27-FEB-2025
2025-02-03 10:21:44.705465,CIPLA27FEB25F,FUTSTK,1418.25,561275,1418.05,1418.9,13609050,325,325,CIPLA,27-FEB-2025
2025-02-03 10:21:52.164946,CIPLA27FEB25F,FUTSTK,1418.9,561925,1418.05,1418.9,13626925,325,650,CIPLA,27-FEB-2025
2025-02-03 10:21:59.738423,CIPLA27FEB25F,FUTSTK,1418.9,562250,1418.05,1418.9,13626925,325,650,CIPLA,27-FEB-2025
2025-02-03 10:22:07.097915,CIPLA27FEB25F,FUTSTK,1419.2,562900,1418.95,1419.9,13626925,325,650,CIPLA,27-FEB-2025
2025-02-03 10:22:14.362273,CIPLA27FEB25F,FUTSTK,1418.9,563225,1418.7,1419.65,13626925,325,325,CIPLA,27-FEB-2025
2025-02-03 10:22:22.529338,CIPLA27FEB25F,FUTSTK,1418.9,563225,1418.85,1419.85,13626925,650,650,CIPLA,27-FEB-2025
2025-02-03 10:22:30.493835,CIPLA27FEB25F,FUTSTK,1418.9,563225,1419.4,1420.5,13626925,325,325,CIPLA,27-FEB-2025
2025-02-03 10:22:41.807744,CIPLA27FEB25F,FUTSTK,1419.7,563550,1419.35,1420.4,13626925,650,325,CIPLA,27-FEB-2025
2025-02-03 10:22:53.119017,CIPLA27FEB25F,FUTSTK,1419.9,563875,1419.4,1420.25,13626925,650,325,CIPLA,27-FEB-2025
2025-02-03 10:23:00.758178,CIPLA27FEB25F,FUTSTK,1419.4,564525,1419.05,1419.95,13626925,325,325,CIPLA,27-FEB-2025
2025-02-03 10:23:16.141039,CIPLA27FEB25F,FUTSTK,1419.85,568750,1419.7,1420.5,13626925,325,650,CIPLA,27-FEB-2025
2025-02-03 10:23:27.665979,CIPLA27FEB25F,FUTSTK,1419.85,568750,1419.7,1420.55,13626925,650,1300,CIPLA,27-FEB-2025
2025-02-03 10:23:36.807836,CIPLA27FEB25F,FUTSTK,1419.85,568750,1420.0,1420.5,13626925,650,1950,CIPLA,27-FEB-2025
2025-02-03 10:23:44.926093,CIPLA27FEB25F,FUTSTK,1419.85,568750,1420.0,1420.55,13626925,650,2600,CIPLA,27-FEB-2025
2025-02-03 10:23:52.543264,CIPLA27FEB25F,FUTSTK,1420.85,569075,1420.3,1420.9,13626925,325,2600,CIPLA,27-FEB-2025
2025-02-03 10:24:00.043997,CIPLA27FEB25F,FUTSTK,1420.85,569075,1420.3,1420.95,13626925,650,2600,CIPLA,27-FEB-2025
2025-02-03 10:24:07.307141,CIPLA27FEB25F,FUTSTK,1420.6,570375,1420.6,1420.9,13626925,325,2600,CIPLA,27-FEB-2025
2025-02-03 10:24:14.726965,CIPLA27FEB25F,FUTSTK,1419.85,572000,1419.5,1420.0,13626925,325,325,CIPLA,27-FEB-2025
2025-02-03 10:24:22.364621,CIPLA27FEB25F,FUTSTK,1419.0,572000,1419.0,1419.4,13626925,975,325,CIPLA,27-FEB-2025
2025-02-03 10:24:29.755665,CIPLA27FEB25F,FUTSTK,1418.9,573625,1418.05,1418.9,13626925,325,650,CIPLA,27-FEB-2025
2025-02-03 10:24:37.052856,CIPLA27FEB25F,FUTSTK,1418.9,573625,1417.5,1418.4,13626925,325,325,CIPLA,27-FEB-2025
2025-02-03 10:24:44.542676,CIPLA27FEB25F,FUTSTK,1418.9,573625,1417.55,1418.45,13626925,325,325,CIPLA,27-FEB-2025
2025-02-03 10:24:52.378731,CIPLA27FEB25F,FUTSTK,1418.9,573625,1417.85,1418.45,13626925,325,325,CIPLA,27-FEB-2025
2025-02-03 10:25:00.838252,CIPLA27FEB25F,FUTSTK,1418.65,573625,1417.85,1418.45,13629850,325,325,CIPLA,27-FEB-2025
2025-02-03 10:25:08.191938,CIPLA27FEB25F,FUTSTK,1418.65,573625,1417.85,1418.45,13629850,325,325,CIPLA,27-FEB-2025
2025-02-03 10:25:15.753799,CIPLA27FEB25F,FUTSTK,1418.65,573625,1417.85,1418.45,13629850,325,325,CIPLA,27-FEB-2025
2025-02-03 10:25:23.271680,CIPLA27FEB25F,FUTSTK,1417.9,573950,1417.9,1418.55,13629850,975,650,CIPLA,27-FEB-2025
2025-02-03 10:25:31.114095,CIPLA27FEB25F,FUTSTK,1418.25,573950,1417.9,1418.55,13629850,975,650,CIPLA,27-FEB-2025
2025-02-03 10:25:38.458326,CIPLA27FEB25F,FUTSTK,1417.9,573950,1417.9,1418.55,13629850,975,650,CIPLA,27-FEB-2025
2025-02-03 10:25:45.835804,CIPLA27FEB25F,FUTSTK,1417.9,573950,1417.9,1418.55,13629850,975,650,CIPLA,27-FEB-2025
2025-02-03 10:25:53.373129,CIPLA27FEB25F,FUTSTK,1418.0,577200,1417.95,1418.5,13629850,650,650,CIPLA,27-FEB-2025
2025-02-03 10:26:02.245233,CIPLA27FEB25F,FUTSTK,1418.0,577200,1417.95,1418.5,13629850,650,650,CIPLA,27-FEB-2025
2025-02-03 10:26:09.671504,CIPLA27FEB25F,FUTSTK,1418.5,577200,1417.95,1418.5,13629850,650,650,CIPLA,27-FEB-2025
2025-02-03 10:26:17.058369,CIPLA27FEB25F,FUTSTK,1418.9,577200,1417.95,1418.5,13629850,650,650,CIPLA,27-FEB-2025
2025-02-03 10:26:24.707697,CIPLA27FEB25F,FUTSTK,1418.9,578500,1418.05,1418.75,13629850,325,975,CIPLA,27-FEB-2025
2025-02-03 10:26:33.396854,CIPLA27FEB25F,FUTSTK,1418.95,578500,1418.05,1418.75,13629850,325,975,CIPLA,27-FEB-2025
2025-02-03 10:26:42.344861,CIPLA27FEB25F,FUTSTK,1419.0,578500,1418.05,1418.75,13629850,325,975,CIPLA,27-FEB-2025
2025-02-03 10:26:51.931419,CIPLA27FEB25F,FUTSTK,1418.0,580450,1417.55,1418.45,13629850,650,325,CIPLA,27-FEB-2025
2025-02-03 10:27:02.235984,CIPLA27FEB25F,FUTSTK,1419.1,580450,1417.55,1418.45,13629850,650,325,CIPLA,27-FEB-2025
2025-02-03 10:27:13.185328,CIPLA27FEB25F,FUTSTK,1418.0,580450,1417.55,1418.45,13629850,650,325,CIPLA,27-FEB-2025
2025-02-03 10:27:22.645118,CIPLA27FEB25F,FUTSTK,1418.0,581750,1418.2,1419.15,13629850,325,325,CIPLA,27-FEB-2025
2025-02-03 10:27:30.097339,CIPLA27FEB25F,FUTSTK,1419.35,581750,1418.2,1419.15,13629850,325,325,CIPLA,27-FEB-2025
2025-02-03 10:27:38.016688,CIPLA27FEB25F,FUTSTK,1419.05,581750,1418.2,1419.15,13629850,325,325,CIPLA,27-FEB-2025
2025-02-03 10:27:45.423692,CIPLA27FEB25F,FUTSTK,1419.05,582725,1418.8,1419.7,13629850,325,650,CIPLA,27-FEB-2025
2025-02-03 10:27:52.543148,CIPLA27FEB25F,FUTSTK,1419.05,582725,1418.75,1419.3,13629850,1300,650,CIPLA,27-FEB-2025
2025-02-03 10:27:59.841599,CIPLA27FEB25F,FUTSTK,1418.25,584675,1418.2,1419.2,13623350,325,325,CIPLA,27-FEB-2025
2025-02-03 10:28:07.110348,CIPLA27FEB25F,FUTSTK,1418.25,584675,1418.35,1419.05,13623350,325,325,CIPLA,27-FEB-2025
2025-02-03 10:28:14.591597,CIPLA27FEB25F,FUTSTK,1418.25,584675,1418.4,1419.15,13623350,650,325,CIPLA,27-FEB-2025
2025-02-03 10:28:22.138321,CIPLA27FEB25F,FUTSTK,1418.85,585325,1418.45,1419.2,13623350,325,325,CIPLA,27-FEB-2025
2025-02-03 10:28:29.320161,CIPLA27FEB25F,FUTSTK,1418.4,585650,1418.4,1419.1,13623350,650,325,CIPLA,27-FEB-2025
2025-02-03 10:28:36.598619,CIPLA27FEB25F,FUTSTK,1419.3,586300,1418.4,1419.3,13623350,650,325,CIPLA,27-FEB-2025
2025-02-03 10:28:43.862333,CIPLA27FEB25F,FUTSTK,1419.3,586300,1418.55,1419.5,13623350,325,325,CIPLA,27-FEB-2025
2025-02-03 10:28:52.193863,CIPLA27FEB25F,FUTSTK,1418.65,586300,1418.55,1419.5,13623350,325,650,CIPLA,27-FEB-2025
2025-02-03 10:29:06.011085,CIPLA27FEB25F,FUTSTK,1418.4,586300,1418.55,1419.5,13623350,325,650,CIPLA,27-FEB-2025
2025-02-03 10:29:18.686028,CIPLA27FEB25F,FUTSTK,1418.15,586300,1418.55,1419.5,13623350,325,650,CIPLA,27-FEB-2025
2025-02-03 10:29:26.802774,CIPLA27FEB25F,FUTSTK,1418.15,587925,1418.0,1418.55,13623350,325,325,CIPLA,27-FEB-2025
2025-02-03 10:29:34.444191,CIPLA27FEB25F,FUTSTK,1418.15,587925,1418.0,1418.55,13623350,325,325,CIPLA,27-FEB-2025
2025-02-03 10:29:47.331509,CIPLA27FEB25F,FUTSTK,1418.15,587925,1418.0,1418.55,13623350,325,325,CIPLA,27-FEB-2025
2025-02-03 10:29:55.543665,CIPLA27FEB25F,FUTSTK,1418.15,587925,1418.5,1419.4,13623350,650,325,CIPLA,27-FEB-2025
2025-02-03 10:30:03.028967,CIPLA27FEB25F,FUTSTK,1419.0,587925,1418.5,1419.4,13623350,650,325,CIPLA,27-FEB-2025
2025-02-03 10:30:10.330164,CIPLA27FEB25F,FUTSTK,1420.0,587925,1418.5,1419.4,13623350,650,325,CIPLA,27-FEB-2025
2025-02-03 10:30:17.771943,CIPLA27FEB25F,FUTSTK,1420.0,587925,1418.5,1419.4,13623350,650,325,CIPLA,27-FEB-2025
2025-02-03 10:30:26.382670,CIPLA27FEB25F,FUTSTK,1419.6,589550,1419.1,1419.65,13623350,325,1950,CIPLA,27-FEB-2025
2025-02-03 10:30:33.583077,CIPLA27FEB25F,FUTSTK,1418.7,589550,1419.1,1419.65,13623350,325,1950,CIPLA,27-FEB-2025
2025-02-03 10:30:40.931621,CIPLA27FEB25F,FUTSTK,1418.7,590850,1418.4,1419.1,13623350,325,325,CIPLA,27-FEB-2025
2025-02-03 10:30:48.442700,CIPLA27FEB25F,FUTSTK,1418.7,590850,1418.45,1419.05,13623350,325,325,CIPLA,27-FEB-2025
2025-02-03 10:30:55.665085,CIPLA27FEB25F,FUTSTK,1419.05,591500,1418.75,1419.55,13628550,325,325,CIPLA,27-FEB-2025
2025-02-03 10:31:02.919510,CIPLA27FEB25F,FUTSTK,1418.75,591825,1418.55,1419.4,13628550,650,325,CIPLA,27-FEB-2025
2025-02-03 10:31:10.659177,CIPLA27FEB25F,FUTSTK,1418.65,592150,1418.65,1419.3,13628550,325,325,CIPLA,27-FEB-2025
2025-02-03 10:31:17.999690,CIPLA27FEB25F,FUTSTK,1419.6,593125,1418.6,1419.5,13628550,325,325,CIPLA,27-FEB-2025
2025-02-03 10:31:25.212012,CIPLA27FEB25F,FUTSTK,1419.6,593125,1418.4,1418.95,13628550,650,325,CIPLA,27-FEB-2025
2025-02-03 10:31:32.599917,CIPLA27FEB25F,FUTSTK,1419.6,593125,1418.75,1419.15,13628550,325,2275,CIPLA,27-FEB-2025
2025-02-03 10:31:39.785422,CIPLA27FEB25F,FUTSTK,1418.15,593775,1418.0,1418.85,13628550,975,650,CIPLA,27-FEB-2025
2025-02-03 10:31:47.504368,CIPLA27FEB25F,FUTSTK,1414.7,610025,1414.8,1415.4,13624650,325,325,CIPLA,27-FEB-2025
2025-02-03 10:34:39.459336,CIPLA27FEB25F,FUTSTK,1415.05,610675,1414.4,1415.0,13624650,325,325,CIPLA,27-FEB-2025
2025-02-03 10:34:47.380841,CIPLA27FEB25F,FUTSTK,1415.05,610675,1414.45,1415.1,13624650,325,650,CIPLA,27-FEB-2025
2025-02-03 10:34:55.544434,CIPLA27FEB25F,FUTSTK,1415.05,610675,1414.7,1415.35,13624650,325,325,CIPLA,27-FEB-2025
2025-02-03 10:35:02.912994,CIPLA27FEB25F,FUTSTK,1414.7,611325,1414.6,1415.25,13624650,325,325,CIPLA,27-FEB-2025
2025-02-03 10:35:10.149801,CIPLA27FEB25F,FUTSTK,1414.7,611325,1414.6,1415.35,13624650,325,1625,CIPLA,27-FEB-2025
2025-02-03 10:35:17.465433,CIPLA27FEB25F,FUTSTK,1415.0,630825,1414.2,1414.9,13624975,325,325,CIPLA,27-FEB-2025
2025-02-03 10:38:26.386442,CIPLA27FEB25F,FUTSTK,1415.0,635375,1415.0,1415.5,13624975,1950,1300,CIPLA,27-FEB-2025
2025-02-03 10:38:34.112239,CIPLA27FEB25F,FUTSTK,1415.0,635375,1415.0,1415.5,13624975,1950,1625,CIPLA,27-FEB-2025
2025-02-03 10:38:42.300738,CIPLA27FEB25F,FUTSTK,1415.5,636025,1415.0,1415.5,13624975,1950,975,CIPLA,27-FEB-2025
2025-02-03 10:38:50.063996,CIPLA27FEB25F,FUTSTK,1415.5,636675,1415.0,1415.5,13624975,1625,650,CIPLA,27-FEB-2025
2025-02-03 10:38:57.994676,CIPLA27FEB25F,FUTSTK,1416.45,650975,1415.8,1416.5,13622700,325,325,CIPLA,27-FEB-2025
2025-02-03 10:40:50.489871,CIPLA27FEB25F,FUTSTK,1416.45,650975,1415.8,1416.5,13622700,325,325,CIPLA,27-FEB-2025
2025-02-03 10:40:58.274419,CIPLA27FEB25F,FUTSTK,1415.15,651950,1415.0,1415.85,13622700,975,325,CIPLA,27-FEB-2025
2025-02-03 10:41:06.782384,CIPLA27FEB25F,FUTSTK,1415.15,651950,1415.0,1415.85,13622700,650,325,CIPLA,27-FEB-2025
2025-02-03 10:41:15.906003,CIPLA27FEB25F,FUTSTK,1415.15,651950,1415.1,1415.85,13622700,325,325,CIPLA,27-FEB-2025
2025-02-03 10:41:23.291110,CIPLA27FEB25F,FUTSTK,1419.8,668850,1418.85,1419.9,13616525,975,325,CIPLA,27-FEB-2025
2025-02-03 10:43:59.322773,CIPLA27FEB25F,FUTSTK,1419.65,669175,1418.9,1419.55,13616525,975,650,CIPLA,27-FEB-2025
2025-02-03 10:44:07.423169,CIPLA27FEB25F,FUTSTK,1419.5,669825,1418.9,1419.45,13616525,325,325,CIPLA,27-FEB-2025
2025-02-03 10:44:20.497011,CIPLA27FEB25F,FUTSTK,1418.0,670800,1417.7,1418.35,13616525,325,325,CIPLA,27-FEB-2025
2025-02-03 10:44:31.557140,CIPLA27FEB25F,FUTSTK,1418.0,670800,1417.4,1418.25,13616525,325,325,CIPLA,27-FEB-2025
2025-02-03 10:44:43.687728,CIPLA27FEB25F,FUTSTK,1418.0,670800,1417.7,1418.25,13616525,650,325,CIPLA,27-FEB-2025
2025-02-03 10:44:52.224325,CIPLA27FEB25F,FUTSTK,1418.55,671450,1417.7,1418.55,13616525,325,650,CIPLA,27-FEB-2025
2025-02-03 10:45:01.619077,CIPLA27FEB25F,FUTSTK,1418.55,671450,1418.15,1419.1,13616525,650,650,CIPLA,27-FEB-2025
2025-02-03 10:45:09.453176,CIPLA27FEB25F,FUTSTK,1418.55,671450,1417.8,1418.6,13616525,650,1950,CIPLA,27-FEB-2025
2025-02-03 12:02:22.495489,CIPLA27FEB25F,FUTSTK,1421.5,970450,1421.5,1422.45,13632775,325,325,CIPLA,27-FEB-2025
2025-02-03 12:02:29.160118,CIPLA27FEB25F,FUTSTK,1421.5,970450,1421.7,1422.65,13632775,325,325,CIPLA,27-FEB-2025
2025-02-03 12:02:35.537620,CIPLA27FEB25F,FUTSTK,1422.9,970775,1422.25,1423.2,13632775,325,650,CIPLA,27-FEB-2025
2025-02-03 12:02:41.835332,CIPLA27FEB25F,FUTSTK,1422.9,970775,1422.05,1423.0,13632775,325,325,CIPLA,27-FEB-2025
2025-02-03 12:02:48.310071,CIPLA27FEB25F,FUTSTK,1422.9,970775,1421.85,1423.05,13632775,650,650,CIPLA,27-FEB-2025
2025-02-03 12:02:54.442539,CIPLA27FEB25F,FUTSTK,1422.9,970775,1421.85,1422.95,13632775,650,325,CIPLA,27-FEB-2025
2025-02-03 12:03:01.072712,CIPLA27FEB25F,FUTSTK,1422.9,970775,1421.85,1422.85,13632775,325,325,CIPLA,27-FEB-2025
2025-02-03 12:03:07.547840,CIPLA27FEB25F,FUTSTK,1422.9,970775,1422.25,1423.0,13632775,650,325,CIPLA,27-FEB-2025
2025-02-03 12:03:14.798111,CIPLA27FEB25F,FUTSTK,1422.9,970775,1422.35,1423.0,13632775,325,325,CIPLA,27-FEB-2025
2025-02-03 12:03:23.493666,CIPLA27FEB25F,FUTSTK,1422.9,970775,1422.35,1422.95,13632775,325,325,CIPLA,27-FEB-2025
2025-02-03 12:03:31.167340,CIPLA27FEB25F,FUTSTK,1422.9,970775,1422.35,1422.95,13632775,325,325,CIPLA,27-FEB-2025
2025-02-03 12:03:37.577525,CIPLA27FEB25F,FUTSTK,1422.9,970775,1422.35,1422.95,13632775,325,325,CIPLA,27-FEB-2025
2025-02-03 12:03:44.256401,CIPLA27FEB25F,FUTSTK,1422.9,970775,1422.45,1422.95,13632775,325,325,CIPLA,27-FEB-2025
2025-02-03 12:03:50.940092,CIPLA27FEB25F,FUTSTK,1422.9,970775,1422.45,1422.95,13632775,325,325,CIPLA,27-FEB-2025
2025-02-03 12:03:57.496482,CIPLA27FEB25F,FUTSTK,1422.9,970775,1422.45,1422.95,13632775,325,325,CIPLA,27-FEB-2025
2025-02-03 12:04:04.124672,CIPLA27FEB25F,FUTSTK,1422.9,970775,1422.7,1422.95,13632775,650,325,CIPLA,27-FEB-2025
2025-02-03 12:04:10.517507,CIPLA27FEB25F,FUTSTK,1422.95,971100,1422.7,1423.0,13628550,325,325,CIPLA,27-FEB-2025
2025-02-03 12:04:17.082864,CIPLA27FEB25F,FUTSTK,1422.95,971100,1422.7,1423.0,13628550,325,325,CIPLA,27-FEB-2025
2025-02-03 12:04:23.491034,CIPLA27FEB25F,FUTSTK,1422.95,971100,1422.7,1423.0,13628550,325,650,CIPLA,27-FEB-2025
2025-02-03 12:04:30.613074,CIPLA27FEB25F,FUTSTK,1422.95,971100,1422.7,1423.0,13628550,325,650,CIPLA,27-FEB-2025
2025-02-03 12:04:39.374480,CIPLA27FEB25F,FUTSTK,1423.1,971750,1423.1,1423.45,13628550,325,325,CIPLA,27-FEB-2025
2025-02-03 12:04:47.358396,CIPLA27FEB25F,FUTSTK,1423.1,971750,1423.1,1423.45,13628550,325,325,CIPLA,27-FEB-2025
2025-02-03 12:04:53.723411,CIPLA27FEB25F,FUTSTK,1423.1,971750,1423.1,1423.45,13628550,325,325,CIPLA,27-FEB-2025
2025-02-03 12:05:00.218201,CIPLA27FEB25F,FUTSTK,1423.1,972075,1422.0,1422.85,13628550,325,325,CIPLA,27-FEB-2025
2025-02-03 12:05:06.863694,CIPLA27FEB25F,FUTSTK,1423.1,972075,1422.0,1422.85,13628550,325,325,CIPLA,27-FEB-2025
2025-02-03 12:05:13.487224,CIPLA27FEB25F,FUTSTK,1423.1,972075,1422.0,1422.85,13628550,325,325,CIPLA,27-FEB-2025
2025-02-03 12:05:20.337355,CIPLA27FEB25F,FUTSTK,1422.25,972075,1422.0,1422.85,13628550,325,325,CIPLA,27-FEB-2025
2025-02-03 12:05:27.104185,CIPLA27FEB25F,FUTSTK,1422.25,972400,1421.7,1422.5,13628550,325,650,CIPLA,27-FEB-2025
2025-02-03 12:05:33.677661,CIPLA27FEB25F,FUTSTK,1421.6,972400,1421.7,1422.5,13628550,325,650,CIPLA,27-FEB-2025
2025-02-03 12:05:40.181061,CIPLA27FEB25F,FUTSTK,1421.6,972725,1421.3,1422.0,13628550,325,325,CIPLA,27-FEB-2025
2025-02-03 12:05:47.118992,CIPLA27FEB25F,FUTSTK,1421.6,972725,1421.1,1421.8,13628550,325,325,CIPLA,27-FEB-2025
2025-02-03 12:05:55.774945,CIPLA27FEB25F,FUTSTK,1421.0,973700,1420.8,1421.65,13628550,325,650,CIPLA,27-FEB-2025
2025-02-03 12:06:03.408807,CIPLA27FEB25F,FUTSTK,1421.0,973700,1421.1,1422.0,13628550,650,650,CIPLA,27-FEB-2025
2025-02-03 12:06:10.120414,CIPLA27FEB25F,FUTSTK,1421.0,973700,1421.85,1422.65,13628550,325,325,CIPLA,27-FEB-2025
2025-02-03 12:06:17.162783,CIPLA27FEB25F,FUTSTK,1421.0,973700,1422.1,1423.0,13628550,325,325,CIPLA,27-FEB-2025
2025-02-03 12:06:23.545967,CIPLA27FEB25F,FUTSTK,1421.0,973700,1422.0,1422.9,13628550,325,325,CIPLA,27-FEB-2025
2025-02-03 12:06:30.116975,CIPLA27FEB25F,FUTSTK,1421.0,973700,1421.8,1422.75,13628550,650,325,CIPLA,27-FEB-2025
2025-02-03 12:06:36.843339,CIPLA27FEB25F,FUTSTK,1421.0,973700,1422.05,1423.1,13628550,325,325,CIPLA,27-FEB-2025
2025-02-03 12:06:43.874922,CIPLA27FEB25F,FUTSTK,1421.0,973700,1423.15,1424.0,13628550,325,325,CIPLA,27-FEB-2025
2025-02-03 12:06:50.781930,CIPLA27FEB25F,FUTSTK,1423.95,974025,1423.3,1424.0,13628550,650,325,CIPLA,27-FEB-2025
2025-02-03 12:06:59.984782,CIPLA27FEB25F,FUTSTK,1423.95,974025,1423.45,1424.0,13628550,325,325,CIPLA,27-FEB-2025
2025-02-03 12:07:09.193038,CIPLA27FEB25F,FUTSTK,1424.0,974350,1424.3,1425.3,13625300,325,325,CIPLA,27-FEB-2025
2025-02-03 12:07:16.901949,CIPLA27FEB25F,FUTSTK,1424.0,974350,1424.2,1425.35,13625300,650,325,CIPLA,27-FEB-2025
2025-02-03 12:07:24.395123,CIPLA27FEB25F,FUTSTK,1424.0,974350,1424.35,1425.3,13625300,650,325,CIPLA,27-FEB-2025
2025-02-03 12:07:31.915628,CIPLA27FEB25F,FUTSTK,1424.0,974350,1423.55,1424.6,13625300,650,325,CIPLA,27-FEB-2025
2025-02-03 12:07:39.628928,CIPLA27FEB25F,FUTSTK,1424.0,974350,1423.4,1424.3,13625300,325,325,CIPLA,27-FEB-2025
2025-02-03 12:07:46.876476,CIPLA27FEB25F,FUTSTK,1424.0,974350,1423.25,1424.5,13625300,325,975,CIPLA,27-FEB-2025
2025-02-03 12:07:54.338502,CIPLA27FEB25F,FUTSTK,1424.0,974350,1423.55,1424.65,13625300,325,325,CIPLA,27-FEB-2025
2025-02-03 12:08:01.752295,CIPLA27FEB25F,FUTSTK,1423.7,974675,1423.55,1424.4,13625300,325,325,CIPLA,27-FEB-2025
2025-02-03 12:08:09.972501,CIPLA27FEB25F,FUTSTK,1423.7,974675,1423.55,1424.5,13625300,975,325,CIPLA,27-FEB-2025
2025-02-03 12:08:17.972200,CIPLA27FEB25F,FUTSTK,1424.55,975000,1423.85,1424.65,13625300,325,325,CIPLA,27-FEB-2025
2025-02-03 12:08:26.746816,CIPLA27FEB25F,FUTSTK,1424.65,975650,1423.6,1424.6,13625300,650,325,CIPLA,27-FEB-2025
2025-02-03 12:08:34.261976,CIPLA27FEB25F,FUTSTK,1424.65,975650,1423.4,1424.35,13625300,650,1300,CIPLA,27-FEB-2025
2025-02-03 12:08:40.760716,CIPLA27FEB25F,FUTSTK,1424.65,975650,1423.4,1424.35,13625300,650,325,CIPLA,27-FEB-2025
2025-02-03 12:08:47.420881,CIPLA27FEB25F,FUTSTK,1424.65,975650,1423.4,1424.15,13625300,650,650,CIPLA,27-FEB-2025
2025-02-03 12:08:53.698292,CIPLA27FEB25F,FUTSTK,1423.4,976300,1422.9,1423.9,13625300,325,650,CIPLA,27-FEB-2025
2025-02-03 12:09:00.068386,CIPLA27FEB25F,FUTSTK,1423.4,976300,1423.1,1423.95,13625300,650,325,CIPLA,27-FEB-2025
2025-02-03 12:09:06.319953,CIPLA27FEB25F,FUTSTK,1423.4,976300,1422.95,1423.9,13625300,325,325,CIPLA,27-FEB-2025
2025-02-03 12:09:12.515053,CIPLA27FEB25F,FUTSTK,1423.4,976300,1422.85,1423.85,13625300,325,650,CIPLA,27-FEB-2025
2025-02-03 12:09:18.854341,CIPLA27FEB25F,FUTSTK,1423.4,976300,1423.2,1424.25,13625300,325,325,CIPLA,27-FEB-2025
2025-02-03 12:09:25.053807,CIPLA27FEB25F,FUTSTK,1423.4,976300,1423.2,1424.2,13625300,325,325,CIPLA,27-FEB-2025
2025-02-03 12:09:31.513459,CIPLA27FEB25F,FUTSTK,1423.4,976300,1423.15,1424.15,13625300,325,325,CIPLA,27-FEB-2025
2025-02-03 12:09:39.324431,CIPLA27FEB25F,FUTSTK,1423.4,976300,1423.0,1424.0,13625300,325,325,CIPLA,27-FEB-2025
2025-02-03 12:09:47.911842,CIPLA27FEB25F,FUTSTK,1423.4,976300,1423.4,1424.05,13625300,325,1625,CIPLA,27-FEB-2025
2025-02-03 12:09:55.334552,CIPLA27FEB25F,FUTSTK,1424.05,976625,1423.15,1424.15,13625300,650,325,CIPLA,27-FEB-2025
2025-02-03 12:10:01.717189,CIPLA27FEB25F,FUTSTK,1424.05,976625,1423.2,1424.1,13625300,325,325,CIPLA,27-FEB-2025
2025-02-03 12:10:08.135247,CIPLA27FEB25F,FUTSTK,1424.05,976625,1422.75,1423.85,13625300,325,325,CIPLA,27-FEB-2025
2025-02-03 12:10:14.477131,CIPLA27FEB25F,FUTSTK,1424.05,976625,1422.55,1423.65,13625300,650,325,CIPLA,27-FEB-2025
2025-02-03 12:10:20.703987,CIPLA27FEB25F,FUTSTK,1423.45,978575,1423.05,1424.05,13625625,325,325,CIPLA,27-FEB-2025
2025-02-03 12:10:26.951573,CIPLA27FEB25F,FUTSTK,1423.45,978575,1423.05,1424.05,13625625,325,650,CIPLA,27-FEB-2025
2025-02-03 12:10:33.174260,CIPLA27FEB25F,FUTSTK,1423.45,978575,1423.4,1424.3,13625625,325,325,CIPLA,27-FEB-2025
2025-02-03 12:10:41.199737,CIPLA27FEB25F,FUTSTK,1423.45,978575,1423.4,1424.2,13625625,325,325,CIPLA,27-FEB-2025
2025-02-03 12:10:47.779677,CIPLA27FEB25F,FUTSTK,1423.45,978575,1423.0,1424.05,13625625,650,325,CIPLA,27-FEB-2025
2025-02-03 12:10:55.186393,CIPLA27FEB25F,FUTSTK,1423.45,978575,1422.95,1424.0,13625625,650,325,CIPLA,27-FEB-2025
2025-02-03 12:11:03.632710,CIPLA27FEB25F,FUTSTK,1423.45,978575,1423.1,1424.1,13625625,650,325,CIPLA,27-FEB-2025
2025-02-03 12:11:11.054897,CIPLA27FEB25F,FUTSTK,1423.45,978575,1422.95,1424.1,13625625,325,325,CIPLA,27-FEB-2025
2025-02-03 12:11:17.364811,CIPLA27FEB25F,FUTSTK,1422.85,978900,1423.55,1424.2,13625625,325,325,CIPLA,27-FEB-2025
2025-02-03 12:11:23.650592,CIPLA27FEB25F,FUTSTK,1423.75,979875,1423.55,1424.35,13625625,325,325,CIPLA,27-FEB-2025
2025-02-03 12:11:29.838463,CIPLA27FEB25F,FUTSTK,1423.75,979875,1423.4,1424.35,13625625,650,325,CIPLA,27-FEB-2025
2025-02-03 12:11:36.179363,CIPLA27FEB25F,FUTSTK,1423.75,979875,1423.4,1424.35,13625625,650,325,CIPLA,27-FEB-2025
2025-02-03 12:11:42.521041,CIPLA27FEB25F,FUTSTK,1423.75,979875,1423.35,1424.25,13625625,325,975,CIPLA,27-FEB-2025
2025-02-03 12:11:48.827884,CIPLA27FEB25F,FUTSTK,1423.75,979875,1423.75,1424.25,13625625,325,325,CIPLA,27-FEB-2025
2025-02-03 12:11:55.420623,CIPLA27FEB25F,FUTSTK,1423.75,979875,1423.75,1424.35,13625625,325,325,CIPLA,27-FEB-2025
2025-02-03 12:12:01.934417,CIPLA27FEB25F,FUTSTK,1424.55,980200,1424.35,1425.0,13625625,325,325,CIPLA,27-FEB-2025
2025-02-03 12:12:08.113975,CIPLA27FEB25F,FUTSTK,1424.55,980200,1424.3,1425.0,13625625,325,325,CIPLA,27-FEB-2025
2025-02-03 12:12:16.718988,CIPLA27FEB25F,FUTSTK,1424.55,980200,1424.15,1425.0,13625625,650,325,CIPLA,27-FEB-2025
2025-02-03 12:12:24.389120,CIPLA27FEB25F,FUTSTK,1424.55,980200,1424.0,1424.95,13625625,325,325,CIPLA,27-FEB-2025
2025-02-03 12:12:30.725101,CIPLA27FEB25F,FUTSTK,1424.55,980200,1423.75,1424.2,13625625,325,325,CIPLA,27-FEB-2025
2025-02-03 12:12:36.882144,CIPLA27FEB25F,FUTSTK,1423.75,980525,1423.7,1424.5,13625625,650,325,CIPLA,27-FEB-2025
2025-02-03 12:12:43.100752,CIPLA27FEB25F,FUTSTK,1423.75,980525,1423.4,1424.35,13625625,650,325,CIPLA,27-FEB-2025
2025-02-03 12:12:49.447816,CIPLA27FEB25F,FUTSTK,1424.2,980525,1423.85,1424.25,13625625,325,325,CIPLA,27-FEB-2025
2025-02-03 12:12:55.589660,CIPLA27FEB25F,FUTSTK,1424.2,980850,1423.7,1424.25,13625625,325,325,CIPLA,27-FEB-2025
2025-02-03 12:13:01.720395,CIPLA27FEB25F,FUTSTK,1424.2,980850,1423.6,1424.25,13625625,650,325,CIPLA,27-FEB-2025
2025-02-03 12:13:07.969203,CIPLA27FEB25F,FUTSTK,1424.2,980850,1423.7,1424.25,13625625,325,325,CIPLA,27-FEB-2025
2025-02-03 12:13:14.706528,CIPLA27FEB25F,FUTSTK,1424.25,981175,1424.5,1425.0,13625300,650,325,CIPLA,27-FEB-2025
2025-02-03 12:13:20.903039,CIPLA27FEB25F,FUTSTK,1424.25,981175,1424.5,1425.0,13625300,325,325,CIPLA,27-FEB-2025
2025-02-03 12:13:28.713410,CIPLA27FEB25F,FUTSTK,1424.25,981175,1424.5,1425.0,13625300,325,325,CIPLA,27-FEB-2025
2025-02-03 12:13:36.668911,CIPLA27FEB25F,FUTSTK,1424.55,981825,1424.5,1424.8,13625300,325,325,CIPLA,27-FEB-2025
2025-02-03 12:13:43.715750,CIPLA27FEB25F,FUTSTK,1424.55,981825,1424.5,1424.8,13625300,325,325,CIPLA,27-FEB-2025
2025-02-03 12:13:50.235930,CIPLA27FEB25F,FUTSTK,1424.5,982150,1424.0,1424.65,13625300,325,325,CIPLA,27-FEB-2025
2025-02-03 12:13:56.587088,CIPLA27FEB25F,FUTSTK,1424.5,982150,1424.0,1424.7,13625300,325,1950,CIPLA,27-FEB-2025
2025-02-03 12:14:03.900102,CIPLA27FEB25F,FUTSTK,1424.5,982150,1424.3,1424.8,13625300,325,325,CIPLA,27-FEB-2025
2025-02-03 12:14:10.448915,CIPLA27FEB25F,FUTSTK,1424.8,982800,1424.6,1425.0,13625300,650,325,CIPLA,27-FEB-2025
2025-02-03 12:14:16.950709,CIPLA27FEB25F,FUTSTK,1424.6,983125,1424.2,1425.0,13625300,325,325,CIPLA,27-FEB-2025
2025-02-03 12:14:24.541553,CIPLA27FEB25F,FUTSTK,1424.6,983125,1424.0,1424.85,13625300,325,650,CIPLA,27-FEB-2025
2025-02-03 12:14:31.199731,CIPLA27FEB25F,FUTSTK,1424.6,983125,1424.0,1424.8,13625300,325,650,CIPLA,27-FEB-2025
2025-02-03 12:14:37.751088,CIPLA27FEB25F,FUTSTK,1424.0,983450,1423.6,1424.5,13625300,325,325,CIPLA,27-FEB-2025
2025-02-03 12:14:45.348502,CIPLA27FEB25F,FUTSTK,1424.0,983450,1423.4,1424.25,13625300,325,650,CIPLA,27-FEB-2025
2025-02-03 12:14:53.406093,CIPLA27FEB25F,FUTSTK,1424.0,983450,1423.35,1424.25,13625300,325,325,CIPLA,27-FEB-2025
2025-02-03 12:15:00.557362,CIPLA27FEB25F,FUTSTK,1424.0,983450,1423.05,1424.05,13625300,325,325,CIPLA,27-FEB-2025
2025-02-03 12:15:06.799970,CIPLA27FEB25F,FUTSTK,1424.0,983450,1423.15,1424.2,13625300,325,975,CIPLA,27-FEB-2025
2025-02-03 12:15:13.157010,CIPLA27FEB25F,FUTSTK,1424.0,983450,1422.6,1423.45,13625300,325,650,CIPLA,27-FEB-2025
2025-02-03 12:15:20.203286,CIPLA27FEB25F,FUTSTK,1424.0,983450,1422.7,1423.6,13625300,325,650,CIPLA,27-FEB-2025
2025-02-03 12:15:26.946202,CIPLA27FEB25F,FUTSTK,1424.0,983450,1422.3,1423.35,13625300,650,650,CIPLA,27-FEB-2025
2025-02-03 12:15:33.487346,CIPLA27FEB25F,FUTSTK,1424.0,983450,1422.15,1423.3,13625300,325,325,CIPLA,27-FEB-2025
2025-02-03 12:15:39.976742,CIPLA27FEB25F,FUTSTK,1424.0,983450,1423.15,1424.1,13625300,325,325,CIPLA,27-FEB-2025
2025-02-03 12:15:46.500406,CIPLA27FEB25F,FUTSTK,1424.0,983450,1422.95,1423.95,13625300,325,325,CIPLA,27-FEB-2025
2025-02-03 13:09:08.160236,CIPLA27FEB25F,FUTSTK,1422.95,1090050,1422.25,1423.25,13646425,325,650,CIPLA,27-FEB-2025
2025-02-03 13:10:54.982493,CIPLA27FEB25F,FUTSTK,1422.25,1092325,1422.0,1422.75,13644150,325,650,CIPLA,27-FEB-2025
2025-02-03 13:11:01.483146,CIPLA27FEB25F,FUTSTK,1422.25,1092325,1422.0,1422.8,13644150,325,650,CIPLA,27-FEB-2025
2025-02-03 13:12:06.975173,CIPLA27FEB25F,FUTSTK,1422.4,1092975,1422.15,1422.85,13644150,325,325,CIPLA,27-FEB-2025
2025-02-03 13:12:13.563337,CIPLA27FEB25F,FUTSTK,1422.15,1093300,1422.2,1423.1,13644150,325,325,CIPLA,27-FEB-2025
2025-02-03 13:12:21.566476,CIPLA27FEB25F,FUTSTK,1422.35,1093950,1422.15,1422.95,13644150,325,325,CIPLA,27-FEB-2025
2025-02-03 13:12:28.095515,CIPLA27FEB25F,FUTSTK,1422.35,1093950,1422.6,1423.35,13644150,325,325,CIPLA,27-FEB-2025
2025-02-03 13:12:35.248046,CIPLA27FEB25F,FUTSTK,1422.35,1093950,1422.45,1423.4,13644150,325,325,CIPLA,27-FEB-2025
2025-02-03 13:12:41.351801,CIPLA27FEB25F,FUTSTK,1422.35,1093950,1422.7,1423.8,13644150,325,325,CIPLA,27-FEB-2025
2025-02-03 13:12:48.725243,CIPLA27FEB25F,FUTSTK,1424.7,1102400,1424.45,1425.15,13644150,325,325,CIPLA,27-FEB-2025
2025-02-03 13:12:57.061552,CIPLA27FEB25F,FUTSTK,1424.7,1102400,1424.0,1424.7,13644150,1300,325,CIPLA,27-FEB-2025
2025-02-03 13:13:04.976348,CIPLA27FEB25F,FUTSTK,1425.65,1109550,1425.45,1426.25,13644150,325,325,CIPLA,27-FEB-2025
2025-02-03 13:13:11.519569,CIPLA27FEB25F,FUTSTK,1425.65,1110525,1425.0,1426.05,13644150,325,650,CIPLA,27-FEB-2025
2025-02-03 13:13:17.996264,CIPLA27FEB25F,FUTSTK,1425.65,1110525,1425.0,1425.95,13644150,325,325,CIPLA,27-FEB-2025
2025-02-03 13:13:23.973374,CIPLA27FEB25F,FUTSTK,1425.15,1110850,1424.5,1425.4,13636350,650,325,CIPLA,27-FEB-2025
2025-02-03 13:13:30.210383,CIPLA27FEB25F,FUTSTK,1425.7,1112150,1425.6,1426.3,13636350,650,325,CIPLA,27-FEB-2025
2025-02-03 13:13:36.333333,CIPLA27FEB25F,FUTSTK,1425.55,1113125,1425.5,1426.55,13636350,650,325,CIPLA,27-FEB-2025
2025-02-03 13:13:42.779416,CIPLA27FEB25F,FUTSTK,1425.55,1113125,1425.9,1426.9,13636350,325,325,CIPLA,27-FEB-2025
2025-02-03 13:13:49.069028,CIPLA27FEB25F,FUTSTK,1425.55,1113125,1425.95,1426.85,13636350,325,325,CIPLA,27-FEB-2025
2025-02-03 13:13:56.673382,CIPLA27FEB25F,FUTSTK,1425.55,1113125,1425.9,1426.7,13636350,325,325,CIPLA,27-FEB-2025
2025-02-03 13:14:03.740793,CIPLA27FEB25F,FUTSTK,1427.1,1116700,1426.6,1427.6,13636350,650,325,CIPLA,27-FEB-2025
2025-02-03 13:14:12.348317,CIPLA27FEB25F,FUTSTK,1427.1,1116700,1425.65,1426.55,13636350,325,325,CIPLA,27-FEB-2025
2025-02-03 13:14:19.787887,CIPLA27FEB25F,FUTSTK,1426.35,1117025,1425.7,1426.4,13636350,650,325,CIPLA,27-FEB-2025
2025-02-03 13:14:26.030632,CIPLA27FEB25F,FUTSTK,1426.35,1117025,1425.65,1426.45,13636350,325,325,CIPLA,27-FEB-2025
2025-02-03 13:14:32.362911,CIPLA27FEB25F,FUTSTK,1426.35,1117025,1425.75,1426.55,13636350,325,325,CIPLA,27-FEB-2025
2025-02-03 13:14:38.639461,CIPLA27FEB25F,FUTSTK,1426.35,1117025,1425.75,1426.6,13636350,325,325,CIPLA,27-FEB-2025
2025-02-03 13:14:45.013626,CIPLA27FEB25F,FUTSTK,1426.35,1117025,1425.95,1426.9,13636350,325,325,CIPLA,27-FEB-2025
2025-02-03 13:14:51.861991,CIPLA27FEB25F,FUTSTK,1426.35,1117025,1425.8,1426.6,13636350,325,325,CIPLA,27-FEB-2025
2025-02-03 13:14:58.180985,CIPLA27FEB25F,FUTSTK,1425.7,1117350,1425.55,1426.5,13636350,325,325,CIPLA,27-FEB-2025
2025-02-03 13:15:04.440904,CIPLA27FEB25F,FUTSTK,1426.4,1117675,1425.7,1426.65,13636350,650,650,CIPLA,27-FEB-2025
2025-02-03 13:15:10.692247,CIPLA27FEB25F,FUTSTK,1425.6,1124825,1425.05,1426.2,13636350,325,325,CIPLA,27-FEB-2025
2025-02-03 13:15:16.824503,CIPLA27FEB25F,FUTSTK,1425.1,1125150,1424.45,1425.45,13636350,325,325,CIPLA,27-FEB-2025
2025-02-03 13:15:25.123495,CIPLA27FEB25F,FUTSTK,1425.1,1125150,1424.0,1424.95,13636350,1300,325,CIPLA,27-FEB-2025
2025-02-03 13:15:33.459915,CIPLA27FEB25F,FUTSTK,1423.55,1126775,1423.25,1424.35,13636350,325,325,CIPLA,27-FEB-2025
2025-02-03 13:15:41.032587,CIPLA27FEB25F,FUTSTK,1423.55,1126775,1423.25,1424.35,13636350,325,325,CIPLA,27-FEB-2025
2025-02-03 13:15:47.244282,CIPLA27FEB25F,FUTSTK,1423.55,1126775,1423.25,1424.2,13636350,325,325,CIPLA,27-FEB-2025
2025-02-03 13:15:53.472636,CIPLA27FEB25F,FUTSTK,1424.35,1127100,1423.5,1424.5,13636350,325,650,CIPLA,27-FEB-2025
2025-02-03 13:15:59.925373,CIPLA27FEB25F,FUTSTK,1423.65,1127425,1423.5,1424.35,13636350,325,650,CIPLA,27-FEB-2025
2025-02-03 13:16:06.191434,CIPLA27FEB25F,FUTSTK,1424.35,1128075,1423.5,1424.55,13636350,650,650,CIPLA,27-FEB-2025
2025-02-03 13:16:12.849391,CIPLA27FEB25F,FUTSTK,1424.35,1128075,1424.1,1425.0,13636350,325,975,CIPLA,27-FEB-2025
2025-02-03 13:16:19.924427,CIPLA27FEB25F,FUTSTK,1425.0,1128400,1424.55,1425.65,13633100,325,325,CIPLA,27-FEB-2025
2025-02-03 13:16:27.248636,CIPLA27FEB25F,FUTSTK,1425.0,1128400,1424.85,1425.65,13633100,650,650,CIPLA,27-FEB-2025
2025-02-03 13:16:33.824304,CIPLA27FEB25F,FUTSTK,1425.0,1128400,1425.1,1425.8,13633100,325,325,CIPLA,27-FEB-2025
2025-02-03 13:16:40.847391,CIPLA27FEB25F,FUTSTK,1425.0,1128400,1425.1,1425.6,13633100,325,325,CIPLA,27-FEB-2025
2025-02-03 13:16:47.548584,CIPLA27FEB25F,FUTSTK,1425.0,1128400,1425.1,1425.7,13633100,325,650,CIPLA,27-FEB-2025
2025-02-03 13:16:54.136902,CIPLA27FEB25F,FUTSTK,1425.1,1128725,1424.55,1425.1,13633100,325,325,CIPLA,27-FEB-2025
2025-02-03 13:17:00.585656,CIPLA27FEB25F,FUTSTK,1425.1,1128725,1424.55,1425.05,13633100,325,975,CIPLA,27-FEB-2025
2025-02-03 13:17:06.941623,CIPLA27FEB25F,FUTSTK,1424.55,1129050,1423.85,1424.85,13633100,325,1300,CIPLA,27-FEB-2025
2025-02-03 13:17:14.289780,CIPLA27FEB25F,FUTSTK,1424.05,1133275,1424.0,1424.95,13633100,325,325,CIPLA,27-FEB-2025
2025-02-03 13:17:20.676920,CIPLA27FEB25F,FUTSTK,1425.1,1133600,1424.15,1425.15,13633100,325,325,CIPLA,27-FEB-2025
2025-02-03 13:17:27.089729,CIPLA27FEB25F,FUTSTK,1424.55,1134900,1424.2,1425.2,13633100,975,975,CIPLA,27-FEB-2025
2025-02-03 13:17:33.395518,CIPLA27FEB25F,FUTSTK,1424.55,1134900,1424.1,1424.95,13633100,650,325,CIPLA,27-FEB-2025
2025-02-03 13:17:39.779757,CIPLA27FEB25F,FUTSTK,1424.1,1135225,1423.5,1424.4,13633100,650,650,CIPLA,27-FEB-2025
2025-02-03 13:17:46.092434,CIPLA27FEB25F,FUTSTK,1424.1,1135225,1423.55,1424.3,13633100,325,325,CIPLA,27-FEB-2025
2025-02-03 13:17:52.429219,CIPLA27FEB25F,FUTSTK,1424.1,1135225,1423.5,1424.4,13633100,325,325,CIPLA,27-FEB-2025
2025-02-03 13:17:59.188757,CIPLA27FEB25F,FUTSTK,1424.1,1135225,1423.75,1424.7,13633100,325,325,CIPLA,27-FEB-2025
2025-02-03 13:18:05.694481,CIPLA27FEB25F,FUTSTK,1424.65,1136525,1423.55,1424.5,13633100,325,650,CIPLA,27-FEB-2025
2025-02-03 13:18:12.204483,CIPLA27FEB25F,FUTSTK,1423.55,1137175,1423.2,1423.95,13633100,325,325,CIPLA,27-FEB-2025
2025-02-03 13:18:18.494409,CIPLA27FEB25F,FUTSTK,1423.55,1137175,1423.15,1423.95,13633100,325,325,CIPLA,27-FEB-2025
2025-02-03 13:18:24.702243,CIPLA27FEB25F,FUTSTK,1423.55,1137175,1423.25,1423.95,13633100,325,650,CIPLA,27-FEB-2025
2025-02-03 13:18:31.123235,CIPLA27FEB25F,FUTSTK,1423.45,1137825,1423.2,1423.9,13633100,325,325,CIPLA,27-FEB-2025
2025-02-03 13:18:37.634491,CIPLA27FEB25F,FUTSTK,1423.2,1138150,1423.2,1423.9,13633100,650,325,CIPLA,27-FEB-2025
2025-02-03 13:18:43.953525,CIPLA27FEB25F,FUTSTK,1423.95,1138800,1423.4,1424.4,13633100,325,650,CIPLA,27-FEB-2025
2025-02-03 13:18:50.535270,CIPLA27FEB25F,FUTSTK,1423.4,1139450,1423.2,1423.9,13633100,325,650,CIPLA,27-FEB-2025
2025-02-03 13:18:56.951202,CIPLA27FEB25F,FUTSTK,1423.45,1145625,1423.05,1424.0,13633100,325,650,CIPLA,27-FEB-2025
2025-02-03 13:19:03.489672,CIPLA27FEB25F,FUTSTK,1423.05,1146275,1422.65,1423.65,13633100,325,325,CIPLA,27-FEB-2025
2025-02-03 13:19:09.942267,CIPLA27FEB25F,FUTSTK,1423.05,1146275,1422.7,1423.5,13633100,325,650,CIPLA,27-FEB-2025
2025-02-03 13:19:16.323081,CIPLA27FEB25F,FUTSTK,1423.25,1147900,1422.4,1423.3,13628225,325,650,CIPLA,27-FEB-2025
2025-02-03 13:19:22.741035,CIPLA27FEB25F,FUTSTK,1422.45,1148875,1422.2,1423.15,13628225,650,325,CIPLA,27-FEB-2025
2025-02-03 13:19:29.070981,CIPLA27FEB25F,FUTSTK,1422.45,1149200,1422.25,1423.0,13628225,325,975,CIPLA,27-FEB-2025
2025-02-03 13:19:35.456421,CIPLA27FEB25F,FUTSTK,1422.25,1149525,1422.3,1423.25,13628225,325,325,CIPLA,27-FEB-2025
2025-02-03 13:19:42.188868,CIPLA27FEB25F,FUTSTK,1422.25,1149525,1422.5,1423.25,13628225,325,325,CIPLA,27-FEB-2025
2025-02-03 13:19:48.724003,CIPLA27FEB25F,FUTSTK,1423.15,1150175,1422.45,1423.15,13628225,325,325,CIPLA,27-FEB-2025
2025-02-03 13:19:55.083237,CIPLA27FEB25F,FUTSTK,1422.6,1150825,1422.5,1423.3,13628225,650,325,CIPLA,27-FEB-2025
2025-02-03 13:20:01.518622,CIPLA27FEB25F,FUTSTK,1422.6,1150825,1422.5,1423.25,13628225,650,325,CIPLA,27-FEB-2025
2025-02-03 13:20:07.924854,CIPLA27FEB25F,FUTSTK,1422.55,1151800,1422.05,1423.05,13628225,650,650,CIPLA,27-FEB-2025
2025-02-03 13:20:14.281806,CIPLA27FEB25F,FUTSTK,1423.15,1152450,1422.3,1423.35,13628225,325,325,CIPLA,27-FEB-2025
2025-02-03 13:20:20.721747,CIPLA27FEB25F,FUTSTK,1423.05,1153100,1422.2,1423.1,13628225,325,325,CIPLA,27-FEB-2025
2025-02-03 13:20:27.127637,CIPLA27FEB25F,FUTSTK,1423.05,1153100,1422.05,1423.05,13628225,650,325,CIPLA,27-FEB-2025
2025-02-03 13:20:33.692291,CIPLA27FEB25F,FUTSTK,1423.05,1153100,1422.25,1423.05,13628225,325,325,CIPLA,27-FEB-2025
2025-02-03 13:20:40.066753,CIPLA27FEB25F,FUTSTK,1423.05,1153425,1422.4,1423.25,13628225,650,325,CIPLA,27-FEB-2025
2025-02-03 13:20:46.297966,CIPLA27FEB25F,FUTSTK,1423.05,1153425,1422.4,1423.3,13628225,650,325,CIPLA,27-FEB-2025
2025-02-03 13:20:52.523648,CIPLA27FEB25F,FUTSTK,1423.05,1153425,1422.4,1423.15,13628225,325,650,CIPLA,27-FEB-2025
2025-02-03 13:20:58.935701,CIPLA27FEB25F,FUTSTK,1423.05,1153425,1422.35,1423.35,13628225,325,325,CIPLA,27-FEB-2025
2025-02-03 13:21:05.269726,CIPLA27FEB25F,FUTSTK,1422.4,1153750,1422.3,1422.65,13628225,325,325,CIPLA,27-FEB-2025
2025-02-03 13:21:11.578966,CIPLA27FEB25F,FUTSTK,1422.05,1154075,1422.05,1422.9,13628225,325,1300,CIPLA,27-FEB-2025
2025-02-03 13:21:17.965591,CIPLA27FEB25F,FUTSTK,1421.8,1155700,1421.85,1422.85,13628225,650,975,CIPLA,27-FEB-2025
2025-02-03 13:21:24.369142,CIPLA27FEB25F,FUTSTK,1421.8,1155700,1421.9,1422.7,13628225,650,975,CIPLA,27-FEB-2025
2025-02-03 13:21:30.767186,CIPLA27FEB25F,FUTSTK,1421.75,1155700,1421.75,1422.6,13628225,650,975,CIPLA,27-FEB-2025
2025-02-03 13:21:37.194889,CIPLA27FEB25F,FUTSTK,1422.3,1157650,1421.95,1423.05,13628225,325,325,CIPLA,27-FEB-2025
2025-02-03 13:21:45.611640,CIPLA27FEB25F,FUTSTK,1422.3,1157650,1422.1,1422.9,13628225,325,975,CIPLA,27-FEB-2025
2025-02-03 13:21:53.409303,CIPLA27FEB25F,FUTSTK,1423.1,1157975,1422.3,1423.1,13628225,325,650,CIPLA,27-FEB-2025
2025-02-03 13:22:00.596889,CIPLA27FEB25F,FUTSTK,1423.1,1157975,1422.0,1422.8,13628225,325,325,CIPLA,27-FEB-2025
2025-02-03 13:22:06.963403,CIPLA27FEB25F,FUTSTK,1422.1,1158625,1421.95,1422.8,13628225,325,975,CIPLA,27-FEB-2025
2025-02-03 13:22:13.247029,CIPLA27FEB25F,FUTSTK,1422.55,1158950,1421.95,1422.9,13628225,325,325,CIPLA,27-FEB-2025
2025-02-03 13:22:19.515639,CIPLA27FEB25F,FUTSTK,1422.0,1159600,1421.85,1422.65,13628225,325,650,CIPLA,27-FEB-2025
2025-02-03 13:22:26.114069,CIPLA27FEB25F,FUTSTK,1422.0,1159600,1421.95,1422.8,13628225,325,325,CIPLA,27-FEB-2025
2025-02-03 13:22:34.816071,CIPLA27FEB25F,FUTSTK,1422.0,1159925,1421.95,1422.85,13628225,650,650,CIPLA,27-FEB-2025
2025-02-03 13:22:42.011673,CIPLA27FEB25F,FUTSTK,1422.0,1159925,1421.8,1422.7,13628225,650,325,CIPLA,27-FEB-2025
2025-02-03 13:22:50.413868,CIPLA27FEB25F,FUTSTK,1422.0,1159925,1422.0,1422.65,13628225,325,650,CIPLA,27-FEB-2025
2025-02-03 13:22:58.795152,CIPLA27FEB25F,FUTSTK,1422.55,1163825,1422.15,1423.15,13628225,325,325,CIPLA,27-FEB-2025
2025-02-03 13:23:06.166247,CIPLA27FEB25F,FUTSTK,1423.25,1165125,1422.55,1423.45,13628225,325,650,CIPLA,27-FEB-2025
2025-02-03 13:23:13.435098,CIPLA27FEB25F,FUTSTK,1423.2,1165450,1422.3,1423.1,13628225,325,650,CIPLA,27-FEB-2025
2025-02-03 13:23:19.737294,CIPLA27FEB25F,FUTSTK,1422.55,1167075,1422.3,1423.0,13628225,325,325,CIPLA,27-FEB-2025
2025-02-03 13:23:26.037675,CIPLA27FEB25F,FUTSTK,1422.7,1167400,1422.3,1423.25,13628225,325,650,CIPLA,27-FEB-2025
2025-02-03 13:23:32.450346,CIPLA27FEB25F,FUTSTK,1422.7,1167400,1422.7,1423.55,13628225,325,325,CIPLA,27-FEB-2025
2025-02-03 13:23:38.745201,CIPLA27FEB25F,FUTSTK,1422.7,1167400,1422.95,1423.75,13628225,325,650,CIPLA,27-FEB-2025
2025-02-03 13:23:45.011329,CIPLA27FEB25F,FUTSTK,1422.7,1167400,1422.95,1423.8,13628225,650,325,CIPLA,27-FEB-2025
2025-02-03 13:23:51.329648,CIPLA27FEB25F,FUTSTK,1422.7,1167400,1422.95,1423.75,13628225,325,650,CIPLA,27-FEB-2025
2025-02-03 13:23:57.715341,CIPLA27FEB25F,FUTSTK,1422.7,1167400,1422.95,1423.7,13628225,325,650,CIPLA,27-FEB-2025
2025-02-03 13:24:03.991662,CIPLA27FEB25F,FUTSTK,1422.7,1167400,1422.95,1423.5,13628225,325,650,CIPLA,27-FEB-2025
2025-02-03 13:24:10.444109,CIPLA27FEB25F,FUTSTK,1422.7,1167400,1422.95,1423.4,13628225,325,650,CIPLA,27-FEB-2025
2025-02-03 13:24:16.883577,CIPLA27FEB25F,FUTSTK,1422.7,1167400,1422.95,1423.5,13628225,325,650,CIPLA,27-FEB-2025
2025-02-03 13:24:23.272892,CIPLA27FEB25F,FUTSTK,1423.15,1168375,1422.55,1423.2,13628225,650,325,CIPLA,27-FEB-2025
2025-02-03 13:24:29.606585,CIPLA27FEB25F,FUTSTK,1423.55,1169025,1423.25,1424.2,13628225,650,650,CIPLA,27-FEB-2025
2025-02-03 13:24:36.071258,CIPLA27FEB25F,FUTSTK,1423.2,1169675,1423.0,1423.9,13628225,325,325,CIPLA,27-FEB-2025
2025-02-03 13:24:42.465993,CIPLA27FEB25F,FUTSTK,1423.6,1169675,1422.85,1423.5,13628225,325,650,CIPLA,27-FEB-2025
2025-02-03 13:24:48.880176,CIPLA27FEB25F,FUTSTK,1422.85,1170325,1422.55,1423.55,13628225,650,650,CIPLA,27-FEB-2025
2025-02-03 13:24:55.232481,CIPLA27FEB25F,FUTSTK,1422.85,1170325,1422.6,1423.55,13628225,325,650,CIPLA,27-FEB-2025
2025-02-03 13:25:01.620597,CIPLA27FEB25F,FUTSTK,1422.85,1170325,1422.65,1423.35,13628225,325,975,CIPLA,27-FEB-2025
2025-02-03 13:25:08.045240,CIPLA27FEB25F,FUTSTK,1422.55,1170650,1422.35,1423.0,13628225,650,325,CIPLA,27-FEB-2025
2025-02-03 13:25:14.511115,CIPLA27FEB25F,FUTSTK,1422.6,1171300,1422.45,1423.25,13628225,325,325,CIPLA,27-FEB-2025
2025-02-03 13:25:20.936597,CIPLA27FEB25F,FUTSTK,1422.6,1171300,1422.65,1423.5,13628225,325,975,CIPLA,27-FEB-2025
2025-02-03 13:25:27.235767,CIPLA27FEB25F,FUTSTK,1423.15,1173575,1422.8,1423.7,13630175,325,325,CIPLA,27-FEB-2025
2025-02-03 13:25:33.955168,CIPLA27FEB25F,FUTSTK,1423.15,1173575,1423.65,1424.55,13630175,325,325,CIPLA,27-FEB-2025
2025-02-03 13:25:40.226864,CIPLA27FEB25F,FUTSTK,1423.15,1173575,1423.65,1424.4,13630175,325,325,CIPLA,27-FEB-2025
2025-02-03 13:25:46.674480,CIPLA27FEB25F,FUTSTK,1424.3,1174225,1423.35,1424.25,13630175,325,325,CIPLA,27-FEB-2025
2025-02-03 13:25:53.103587,CIPLA27FEB25F,FUTSTK,1424.3,1174225,1422.75,1423.6,13630175,325,325,CIPLA,27-FEB-2025
2025-02-03 13:25:59.481253,CIPLA27FEB25F,FUTSTK,1424.3,1174225,1422.55,1423.25,13630175,325,325,CIPLA,27-FEB-2025
2025-02-03 13:26:05.887218,CIPLA27FEB25F,FUTSTK,1423.35,1174875,1422.8,1423.7,13630175,325,325,CIPLA,27-FEB-2025
2025-02-03 13:26:12.232531,CIPLA27FEB25F,FUTSTK,1423.35,1174875,1422.8,1423.7,13630175,325,325,CIPLA,27-FEB-2025
2025-02-03 13:26:18.602633,CIPLA27FEB25F,FUTSTK,1423.35,1174875,1422.4,1423.4,13630175,325,650,CIPLA,27-FEB-2025
2025-02-03 13:26:24.907325,CIPLA27FEB25F,FUTSTK,1422.55,1175200,1422.6,1423.45,13630175,975,650,CIPLA,27-FEB-2025
2025-02-03 13:26:31.279470,CIPLA27FEB25F,FUTSTK,1422.55,1175200,1422.65,1423.45,13630175,325,325,CIPLA,27-FEB-2025
2025-02-03 13:26:37.643416,CIPLA27FEB25F,FUTSTK,1422.55,1175200,1422.55,1423.5,13630175,650,325,CIPLA,27-FEB-2025
2025-02-03 13:26:43.905396,CIPLA27FEB25F,FUTSTK,1423.25,1175525,1422.7,1423.65,13630175,325,325,CIPLA,27-FEB-2025
2025-02-03 13:26:50.448558,CIPLA27FEB25F,FUTSTK,1423.25,1175525,1422.7,1423.65,13630175,325,325,CIPLA,27-FEB-2025
2025-02-03 13:26:56.759444,CIPLA27FEB25F,FUTSTK,1422.85,1175850,1422.8,1423.55,13630175,325,650,CIPLA,27-FEB-2025
2025-02-03 13:27:03.205867,CIPLA27FEB25F,FUTSTK,1423.4,1176175,1422.9,1423.45,13630175,325,325,CIPLA,27-FEB-2025
2025-02-03 13:27:09.608901,CIPLA27FEB25F,FUTSTK,1423.35,1177150,1422.75,1423.65,13630175,325,325,CIPLA,27-FEB-2025
2025-02-03 13:27:15.992246,CIPLA27FEB25F,FUTSTK,1423.35,1177150,1422.45,1423.35,13630175,325,325,CIPLA,27-FEB-2025
2025-02-03 13:27:22.241878,CIPLA27FEB25F,FUTSTK,1423.35,1177150,1422.3,1423.05,13630175,325,325,CIPLA,27-FEB-2025
2025-02-03 13:27:28.578825,CIPLA27FEB25F,FUTSTK,1423.35,1177150,1422.0,1422.9,13630175,325,650,CIPLA,27-FEB-2025
2025-02-03 13:27:34.895150,CIPLA27FEB25F,FUTSTK,1423.15,1177800,1422.55,1423.25,13630175,325,325,CIPLA,27-FEB-2025
2025-02-03 13:27:41.179431,CIPLA27FEB25F,FUTSTK,1423.15,1178125,1422.7,1423.7,13630175,325,325,CIPLA,27-FEB-2025
2025-02-03 13:27:47.484989,CIPLA27FEB25F,FUTSTK,1423.15,1178125,1422.6,1423.45,13630175,325,650,CIPLA,27-FEB-2025
2025-02-03 13:27:53.827029,CIPLA27FEB25F,FUTSTK,1423.15,1178125,1422.4,1423.1,13630175,325,325,CIPLA,27-FEB-2025
2025-02-03 13:28:00.246651,CIPLA27FEB25F,FUTSTK,1423.15,1178125,1422.4,1423.15,13630175,325,650,CIPLA,27-FEB-2025
2025-02-03 13:28:06.657008,CIPLA27FEB25F,FUTSTK,1422.4,1178450,1422.0,1422.75,13630175,325,650,CIPLA,27-FEB-2025
2025-02-03 13:28:12.926536,CIPLA27FEB25F,FUTSTK,1422.0,1178775,1421.9,1422.65,13630175,325,325,CIPLA,27-FEB-2025
2025-02-03 13:28:19.215588,CIPLA27FEB25F,FUTSTK,1422.0,1178775,1422.0,1422.6,13630175,325,325,CIPLA,27-FEB-2025
2025-02-03 13:28:25.477776,CIPLA27FEB25F,FUTSTK,1422.6,1179100,1421.85,1422.85,13628875,650,650,CIPLA,27-FEB-2025
2025-02-03 13:28:31.959401,CIPLA27FEB25F,FUTSTK,1422.6,1179100,1421.9,1422.7,13628875,325,650,CIPLA,27-FEB-2025
2025-02-03 13:28:38.379396,CIPLA27FEB25F,FUTSTK,1422.7,1179425,1422.05,1422.85,13628875,325,650,CIPLA,27-FEB-2025
2025-02-03 13:28:44.649387,CIPLA27FEB25F,FUTSTK,1422.7,1179425,1421.85,1422.75,13628875,325,325,CIPLA,27-FEB-2025
2025-02-03 13:28:51.137134,CIPLA27FEB25F,FUTSTK,1422.3,1180075,1421.95,1422.6,13628875,325,325,CIPLA,27-FEB-2025
2025-02-03 13:28:57.390700,CIPLA27FEB25F,FUTSTK,1422.3,1180075,1421.55,1422.3,13628875,650,650,CIPLA,27-FEB-2025
2025-02-03 13:29:03.739733,CIPLA27FEB25F,FUTSTK,1422.05,1180400,1421.55,1422.35,13628875,325,650,CIPLA,27-FEB-2025
2025-02-03 13:29:10.166623,CIPLA27FEB25F,FUTSTK,1422.05,1180400,1421.55,1422.35,13628875,650,650,CIPLA,27-FEB-2025
2025-02-03 13:29:16.430368,CIPLA27FEB25F,FUTSTK,1422.05,1180400,1421.5,1422.3,13628875,1300,325,CIPLA,27-FEB-2025
2025-02-03 13:29:22.797471,CIPLA27FEB25F,FUTSTK,1422.4,1181375,1421.5,1422.15,13628875,1300,650,CIPLA,27-FEB-2025
2025-02-03 13:29:29.132470,CIPLA27FEB25F,FUTSTK,1422.4,1181375,1421.65,1422.45,13628875,325,650,CIPLA,27-FEB-2025
2025-02-03 13:29:35.501497,CIPLA27FEB25F,FUTSTK,1421.55,1192100,1420.85,1421.45,13628875,325,325,CIPLA,27-FEB-2025
2025-02-03 13:29:42.049420,CIPLA27FEB25F,FUTSTK,1421.05,1193400,1420.45,1421.2,13628875,325,325,CIPLA,27-FEB-2025
2025-02-03 13:29:48.405768,CIPLA27FEB25F,FUTSTK,1421.05,1193400,1420.3,1421.3,13628875,325,325,CIPLA,27-FEB-2025
2025-02-03 13:29:55.216080,CIPLA27FEB25F,FUTSTK,1421.05,1193400,1420.25,1420.95,13628875,325,325,CIPLA,27-FEB-2025
2025-02-03 13:30:01.849137,CIPLA27FEB25F,FUTSTK,1421.05,1193400,1420.2,1421.05,13628875,325,650,CIPLA,27-FEB-2025
2025-02-03 13:30:08.522307,CIPLA27FEB25F,FUTSTK,1420.15,1194050,1420.2,1421.05,13628875,650,325,CIPLA,27-FEB-2025
2025-02-03 13:30:14.949345,CIPLA27FEB25F,FUTSTK,1420.15,1194050,1420.15,1421.0,13628875,975,650,CIPLA,27-FEB-2025
2025-02-03 13:30:21.328275,CIPLA27FEB25F,FUTSTK,1420.15,1194050,1420.2,1420.95,13628875,325,975,CIPLA,27-FEB-2025
2025-02-03 13:30:27.677861,CIPLA27FEB25F,FUTSTK,1420.95,1194375,1420.2,1421.2,13628875,325,650,CIPLA,27-FEB-2025
2025-02-03 13:30:33.937628,CIPLA27FEB25F,FUTSTK,1420.85,1194700,1420.4,1421.2,13628875,325,325,CIPLA,27-FEB-2025
2025-02-03 13:30:40.456545,CIPLA27FEB25F,FUTSTK,1420.85,1194700,1420.5,1421.3,13628875,325,650,CIPLA,27-FEB-2025
2025-02-03 13:30:46.744297,CIPLA27FEB25F,FUTSTK,1420.85,1194700,1420.75,1421.6,13628875,325,325,CIPLA,27-FEB-2025
2025-02-03 13:30:53.227541,CIPLA27FEB25F,FUTSTK,1420.85,1194700,1421.0,1421.5,13628875,975,650,CIPLA,27-FEB-2025
2025-02-03 13:30:59.570261,CIPLA27FEB25F,FUTSTK,1420.85,1196000,1420.45,1421.3,13628875,325,325,CIPLA,27-FEB-2025
2025-02-03 13:31:05.938707,CIPLA27FEB25F,FUTSTK,1420.85,1196000,1420.5,1421.35,13628875,325,975,CIPLA,27-FEB-2025
2025-02-03 13:31:12.427546,CIPLA27FEB25F,FUTSTK,1419.85,1199900,1419.8,1420.75,13628875,650,650,CIPLA,27-FEB-2025
2025-02-03 13:31:18.754869,CIPLA27FEB25F,FUTSTK,1419.85,1199900,1419.65,1420.6,13628875,650,325,CIPLA,27-FEB-2025
2025-02-03 13:31:25.398575,CIPLA27FEB25F,FUTSTK,1419.85,1199900,1419.35,1420.35,13628875,325,325,CIPLA,27-FEB-2025
2025-02-03 13:31:31.850946,CIPLA27FEB25F,FUTSTK,1420.65,1200875,1420.45,1421.4,13635050,975,325,CIPLA,27-FEB-2025
2025-02-03 13:31:38.170677,CIPLA27FEB25F,FUTSTK,1420.65,1200875,1420.25,1421.25,13635050,650,325,CIPLA,27-FEB-2025
2025-02-03 13:31:44.533036,CIPLA27FEB25F,FUTSTK,1420.65,1200875,1420.55,1421.5,13635050,325,650,CIPLA,27-FEB-2025
2025-02-03 13:31:50.661512,CIPLA27FEB25F,FUTSTK,1420.65,1200875,1420.55,1421.3,13635050,325,325,CIPLA,27-FEB-2025
2025-02-03 13:31:56.975323,CIPLA27FEB25F,FUTSTK,1420.5,1201200,1420.55,1421.4,13635050,650,650,CIPLA,27-FEB-2025
2025-02-03 13:32:03.433601,CIPLA27FEB25F,FUTSTK,1421.2,1201525,1420.6,1421.55,13635050,325,325,CIPLA,27-FEB-2025
2025-02-03 13:32:09.815768,CIPLA27FEB25F,FUTSTK,1421.2,1201525,1420.95,1422.05,13635050,325,325,CIPLA,27-FEB-2025
2025-02-03 13:32:16.195632,CIPLA27FEB25F,FUTSTK,1422.1,1203150,1421.5,1422.5,13635050,325,650,CIPLA,27-FEB-2025
2025-02-03 13:32:22.525494,CIPLA27FEB25F,FUTSTK,1422.1,1203150,1421.55,1422.4,13635050,325,650,CIPLA,27-FEB-2025
2025-02-03 13:32:28.802589,CIPLA27FEB25F,FUTSTK,1422.1,1203150,1421.6,1422.45,13635050,325,650,CIPLA,27-FEB-2025
2025-02-03 13:32:35.031458,CIPLA27FEB25F,FUTSTK,1422.1,1203150,1421.6,1422.45,13635050,325,975,CIPLA,27-FEB-2025
2025-02-03 13:32:41.362662,CIPLA27FEB25F,FUTSTK,1421.6,1203475,1421.55,1422.45,13635050,650,650,CIPLA,27-FEB-2025
2025-02-03 13:32:47.735677,CIPLA27FEB25F,FUTSTK,1421.6,1203475,1421.65,1422.45,13635050,325,975,CIPLA,27-FEB-2025
2025-02-03 13:32:54.066884,CIPLA27FEB25F,FUTSTK,1421.6,1203475,1421.55,1422.45,13635050,325,650,CIPLA,27-FEB-2025
2025-02-03 13:33:00.476345,CIPLA27FEB25F,FUTSTK,1421.6,1203475,1421.4,1422.25,13635050,325,650,CIPLA,27-FEB-2025
2025-02-03 13:33:06.737518,CIPLA27FEB25F,FUTSTK,1421.5,1203800,1421.55,1422.4,13635050,325,325,CIPLA,27-FEB-2025
2025-02-03 13:33:13.098293,CIPLA27FEB25F,FUTSTK,1421.5,1203800,1421.45,1422.3,13635050,325,975,CIPLA,27-FEB-2025
2025-02-03 13:33:19.280985,CIPLA27FEB25F,FUTSTK,1421.5,1203800,1421.2,1421.8,13635050,325,975,CIPLA,27-FEB-2025
2025-02-03 13:33:25.696656,CIPLA27FEB25F,FUTSTK,1420.7,1204450,1420.6,1421.5,13635050,650,975,CIPLA,27-FEB-2025
2025-02-03 13:33:32.027087,CIPLA27FEB25F,FUTSTK,1421.05,1204775,1420.6,1421.55,13635050,325,325,CIPLA,27-FEB-2025
2025-02-03 13:33:38.447995,CIPLA27FEB25F,FUTSTK,1421.05,1204775,1421.0,1421.9,13635050,325,325,CIPLA,27-FEB-2025
2025-02-03 13:33:44.699612,CIPLA27FEB25F,FUTSTK,1421.05,1204775,1421.15,1421.9,13635050,325,650,CIPLA,27-FEB-2025
2025-02-03 13:33:51.137495,CIPLA27FEB25F,FUTSTK,1421.1,1205425,1421.0,1421.85,13635050,325,325,CIPLA,27-FEB-2025
2025-02-03 13:33:57.577585,CIPLA27FEB25F,FUTSTK,1421.1,1205425,1420.95,1421.8,13635050,650,975,CIPLA,27-FEB-2025
2025-02-03 13:34:03.879203,CIPLA27FEB25F,FUTSTK,1421.1,1205425,1420.95,1421.85,13635050,650,1300,CIPLA,27-FEB-2025
2025-02-03 13:34:10.400728,CIPLA27FEB25F,FUTSTK,1421.1,1205425,1421.1,1421.85,13635050,650,975,CIPLA,27-FEB-2025
2025-02-03 13:34:17.179686,CIPLA27FEB25F,FUTSTK,1421.1,1205425,1421.0,1421.7,13635050,325,325,CIPLA,27-FEB-2025
2025-02-03 13:34:23.565431,CIPLA27FEB25F,FUTSTK,1421.1,1205425,1421.0,1421.45,13635050,325,650,CIPLA,27-FEB-2025
2025-02-03 13:34:30.026211,CIPLA27FEB25F,FUTSTK,1421.0,1205750,1420.55,1421.4,13632450,650,650,CIPLA,27-FEB-2025
2025-02-03 13:34:36.769623,CIPLA27FEB25F,FUTSTK,1421.0,1206400,1420.7,1421.45,13632450,325,325,CIPLA,27-FEB-2025
2025-02-03 13:34:43.329271,CIPLA27FEB25F,FUTSTK,1421.45,1206725,1420.7,1421.85,13632450,325,325,CIPLA,27-FEB-2025
2025-02-03 13:34:49.622739,CIPLA27FEB25F,FUTSTK,1421.45,1206725,1420.8,1421.7,13632450,325,325,CIPLA,27-FEB-2025
2025-02-03 13:34:56.069824,CIPLA27FEB25F,FUTSTK,1421.45,1206725,1420.8,1421.75,13632450,325,975,CIPLA,27-FEB-2025
2025-02-03 13:35:02.538746,CIPLA27FEB25F,FUTSTK,1421.45,1206725,1421.3,1421.85,13632450,325,325,CIPLA,27-FEB-2025
2025-02-03 13:35:08.860746,CIPLA27FEB25F,FUTSTK,1421.85,1207050,1421.05,1421.85,13632450,325,650,CIPLA,27-FEB-2025
2025-02-03 13:35:15.247464,CIPLA27FEB25F,FUTSTK,1421.85,1207050,1421.1,1421.9,13632450,650,975,CIPLA,27-FEB-2025
2025-02-03 13:35:21.700431,CIPLA27FEB25F,FUTSTK,1421.85,1207050,1421.1,1421.9,13632450,650,975,CIPLA,27-FEB-2025
2025-02-03 13:35:28.051769,CIPLA27FEB25F,FUTSTK,1421.85,1207050,1421.05,1421.85,13632450,650,650,CIPLA,27-FEB-2025
2025-02-03 13:35:34.355864,CIPLA27FEB25F,FUTSTK,1421.85,1207050,1421.0,1421.65,13632450,325,975,CIPLA,27-FEB-2025
2025-02-03 13:35:40.632978,CIPLA27FEB25F,FUTSTK,1421.85,1207050,1421.0,1421.75,13632450,325,650,CIPLA,27-FEB-2025
2025-02-03 13:35:47.053947,CIPLA27FEB25F,FUTSTK,1421.85,1207050,1421.0,1421.7,13632450,325,975,CIPLA,27-FEB-2025
2025-02-03 13:35:53.409147,CIPLA27FEB25F,FUTSTK,1421.85,1207050,1421.0,1421.75,13632450,650,650,CIPLA,27-FEB-2025
2025-02-03 13:35:59.713466,CIPLA27FEB25F,FUTSTK,1421.9,1207700,1421.5,1422.3,13632450,325,650,CIPLA,27-FEB-2025
2025-02-03 13:36:06.069166,CIPLA27FEB25F,FUTSTK,1421.9,1207700,1421.25,1422.15,13632450,325,650,CIPLA,27-FEB-2025
2025-02-03 13:36:12.482074,CIPLA27FEB25F,FUTSTK,1421.9,1207700,1421.4,1422.35,13632450,325,325,CIPLA,27-FEB-2025
2025-02-03 13:36:18.926472,CIPLA27FEB25F,FUTSTK,1421.9,1207700,1421.9,1422.35,13632450,325,325,CIPLA,27-FEB-2025
2025-02-03 13:36:25.244098,CIPLA27FEB25F,FUTSTK,1422.5,1208350,1422.1,1422.9,13632450,325,325,CIPLA,27-FEB-2025
2025-02-03 13:36:31.641257,CIPLA27FEB25F,FUTSTK,1422.5,1208350,1422.15,1422.9,13632450,650,325,CIPLA,27-FEB-2025
2025-02-03 13:36:37.993028,CIPLA27FEB25F,FUTSTK,1422.5,1208350,1422.15,1422.9,13632450,325,650,CIPLA,27-FEB-2025
2025-02-03 13:36:44.299454,CIPLA27FEB25F,FUTSTK,1422.5,1208350,1422.3,1423.1,13632450,325,325,CIPLA,27-FEB-2025
2025-02-03 13:36:50.650866,CIPLA27FEB25F,FUTSTK,1422.5,1208350,1422.2,1423.0,13632450,325,650,CIPLA,27-FEB-2025
2025-02-03 13:36:56.869086,CIPLA27FEB25F,FUTSTK,1422.5,1208350,1422.1,1422.95,13632450,325,650,CIPLA,27-FEB-2025
2025-02-03 13:37:03.290320,CIPLA27FEB25F,FUTSTK,1422.5,1208350,1422.15,1422.85,13632450,650,325,CIPLA,27-FEB-2025
2025-02-03 13:37:09.572748,CIPLA27FEB25F,FUTSTK,1422.5,1208350,1422.15,1422.85,13632450,325,325,CIPLA,27-FEB-2025
2025-02-03 13:37:15.849105,CIPLA27FEB25F,FUTSTK,1422.5,1208350,1422.15,1422.8,13632450,650,325,CIPLA,27-FEB-2025
2025-02-03 13:37:22.269099,CIPLA27FEB25F,FUTSTK,1422.5,1208350,1422.15,1422.8,13632450,325,650,CIPLA,27-FEB-2025
2025-02-03 13:37:28.508410,CIPLA27FEB25F,FUTSTK,1422.0,1209000,1421.8,1422.45,13631150,325,325,CIPLA,27-FEB-2025
2025-02-03 13:37:34.739856,CIPLA27FEB25F,FUTSTK,1422.0,1209000,1421.6,1422.3,13631150,650,325,CIPLA,27-FEB-2025
2025-02-03 13:37:41.022193,CIPLA27FEB25F,FUTSTK,1422.0,1209000,1421.8,1422.25,13631150,325,325,CIPLA,27-FEB-2025
2025-02-03 13:37:47.293923,CIPLA27FEB25F,FUTSTK,1422.25,1209975,1422.55,1423.1,13631150,325,975,CIPLA,27-FEB-2025
2025-02-03 13:37:53.702605,CIPLA27FEB25F,FUTSTK,1422.55,1210300,1422.2,1423.3,13631150,325,650,CIPLA,27-FEB-2025
2025-02-03 13:38:00.082619,CIPLA27FEB25F,FUTSTK,1422.55,1210300,1422.55,1423.55,13631150,325,325,CIPLA,27-FEB-2025
2025-02-03 13:38:06.423651,CIPLA27FEB25F,FUTSTK,1422.55,1210300,1422.6,1423.55,13631150,325,325,CIPLA,27-FEB-2025
2025-02-03 13:38:12.871353,CIPLA27FEB25F,FUTSTK,1422.7,1210625,1422.7,1423.6,13631150,325,325,CIPLA,27-FEB-2025
2025-02-03 13:38:19.139078,CIPLA27FEB25F,FUTSTK,1422.7,1210950,1422.0,1422.75,13631150,325,3250,CIPLA,27-FEB-2025
2025-02-03 13:38:25.385056,CIPLA27FEB25F,FUTSTK,1421.95,1214200,1421.7,1422.55,13631150,325,325,CIPLA,27-FEB-2025
2025-02-03 13:38:31.869549,CIPLA27FEB25F,FUTSTK,1422.55,1214525,1421.25,1422.2,13631150,325,325,CIPLA,27-FEB-2025
2025-02-03 13:38:38.246110,CIPLA27FEB25F,FUTSTK,1422.55,1214525,1421.05,1421.95,13631150,650,3575,CIPLA,27-FEB-2025
2025-02-03 13:38:44.616826,CIPLA27FEB25F,FUTSTK,1422.55,1214525,1421.05,1421.7,13631150,650,3250,CIPLA,27-FEB-2025
2025-02-03 13:38:50.965497,CIPLA27FEB25F,FUTSTK,1421.55,1218750,1421.3,1421.85,13631150,325,3575,CIPLA,27-FEB-2025
2025-02-03 13:38:57.374829,CIPLA27FEB25F,FUTSTK,1421.55,1218750,1421.3,1421.5,13631150,325,2925,CIPLA,27-FEB-2025
2025-02-03 13:39:03.749054,CIPLA27FEB25F,FUTSTK,1422.05,1222000,1421.8,1422.45,13631150,325,650,CIPLA,27-FEB-2025
2025-02-03 13:39:10.287048,CIPLA27FEB25F,FUTSTK,1422.05,1222000,1421.8,1422.3,13631150,325,650,CIPLA,27-FEB-2025
2025-02-03 13:39:16.663125,CIPLA27FEB25F,FUTSTK,1422.5,1222325,1422.4,1423.2,13631150,325,325,CIPLA,27-FEB-2025
2025-02-03 13:39:23.190593,CIPLA27FEB25F,FUTSTK,1422.7,1223300,1422.05,1423.0,13631150,325,975,CIPLA,27-FEB-2025
2025-02-03 13:39:29.579070,CIPLA27FEB25F,FUTSTK,1422.7,1223300,1421.9,1422.8,13631150,325,975,CIPLA,27-FEB-2025
2025-02-03 13:39:35.742607,CIPLA27FEB25F,FUTSTK,1421.9,1223625,1421.65,1422.6,13631150,325,325,CIPLA,27-FEB-2025
2025-02-03 13:39:41.914067,CIPLA27FEB25F,FUTSTK,1421.9,1223625,1421.65,1422.5,13631150,325,975,CIPLA,27-FEB-2025
2025-02-03 13:39:48.261605,CIPLA27FEB25F,FUTSTK,1421.9,1223625,1421.9,1422.8,13631150,325,325,CIPLA,27-FEB-2025
2025-02-03 13:39:54.583904,CIPLA27FEB25F,FUTSTK,1421.9,1223625,1421.9,1422.65,13631150,325,650,CIPLA,27-FEB-2025
2025-02-03 13:40:00.908780,CIPLA27FEB25F,FUTSTK,1421.9,1223625,1421.9,1422.8,13631150,650,975,CIPLA,27-FEB-2025
2025-02-03 13:40:07.244180,CIPLA27FEB25F,FUTSTK,1421.9,1223625,1422.15,1423.0,13631150,325,325,CIPLA,27-FEB-2025
2025-02-03 13:40:13.620991,CIPLA27FEB25F,FUTSTK,1421.9,1223625,1422.15,1422.9,13631150,325,325,CIPLA,27-FEB-2025
2025-02-03 13:40:22.978843,CIPLA27FEB25F,FUTSTK,1422.15,1223950,1422.15,1422.65,13631150,325,650,CIPLA,27-FEB-2025
2025-02-03 13:40:30.999431,CIPLA27FEB25F,FUTSTK,1422.15,1223950,1422.15,1422.6,13631150,325,975,CIPLA,27-FEB-2025
2025-02-03 13:40:37.608657,CIPLA27FEB25F,FUTSTK,1422.15,1223950,1422.15,1422.65,13631150,650,325,CIPLA,27-FEB-2025
2025-02-03 13:40:44.003231,CIPLA27FEB25F,FUTSTK,1422.15,1223950,1422.15,1422.65,13631150,975,325,CIPLA,27-FEB-2025
2025-02-03 13:40:50.527353,CIPLA27FEB25F,FUTSTK,1422.15,1224925,1421.9,1422.55,13624000,325,325,CIPLA,27-FEB-2025
2025-02-03 13:40:56.827175,CIPLA27FEB25F,FUTSTK,1421.9,1225250,1421.75,1422.6,13624000,325,325,CIPLA,27-FEB-2025
2025-02-03 13:41:03.280140,CIPLA27FEB25F,FUTSTK,1421.9,1225250,1421.55,1422.45,13624000,325,325,CIPLA,27-FEB-2025
2025-02-03 13:41:09.791663,CIPLA27FEB25F,FUTSTK,1422.15,1225575,1421.45,1422.35,13624000,650,650,CIPLA,27-FEB-2025
2025-02-03 13:41:16.361517,CIPLA27FEB25F,FUTSTK,1422.15,1225575,1421.1,1422.05,13624000,975,650,CIPLA,27-FEB-2025
2025-02-03 13:41:22.728350,CIPLA27FEB25F,FUTSTK,1422.15,1225575,1421.0,1421.8,13624000,650,650,CIPLA,27-FEB-2025
2025-02-03 13:41:29.129600,CIPLA27FEB25F,FUTSTK,1422.15,1225575,1421.25,1422.15,13624000,325,650,CIPLA,27-FEB-2025
2025-02-03 13:41:35.774764,CIPLA27FEB25F,FUTSTK,1422.15,1225575,1421.05,1421.9,13624000,650,325,CIPLA,27-FEB-2025
2025-02-03 13:41:42.260726,CIPLA27FEB25F,FUTSTK,1421.05,1225900,1421.05,1421.9,13624000,325,975,CIPLA,27-FEB-2025
2025-02-03 13:41:48.694064,CIPLA27FEB25F,FUTSTK,1421.0,1226875,1420.65,1421.35,13624000,325,325,CIPLA,27-FEB-2025
2025-02-03 13:41:55.134784,CIPLA27FEB25F,FUTSTK,1420.65,1227200,1420.25,1420.4,13624000,325,4225,CIPLA,27-FEB-2025
2025-02-03 13:42:01.706268,CIPLA27FEB25F,FUTSTK,1420.25,1227525,1419.75,1420.55,13624000,325,3575,CIPLA,27-FEB-2025
2025-02-03 13:42:08.135313,CIPLA27FEB25F,FUTSTK,1420.2,1233050,1420.1,1420.9,13624000,325,650,CIPLA,27-FEB-2025
2025-02-03 13:42:14.631053,CIPLA27FEB25F,FUTSTK,1420.2,1233050,1420.1,1420.75,13624000,650,325,CIPLA,27-FEB-2025
2025-02-03 13:42:20.950351,CIPLA27FEB25F,FUTSTK,1419.7,1234025,1419.6,1420.25,13624000,325,325,CIPLA,27-FEB-2025
2025-02-03 13:42:27.527588,CIPLA27FEB25F,FUTSTK,1419.1,1234675,1418.55,1419.4,13624000,650,325,CIPLA,27-FEB-2025
2025-02-03 13:42:34.313046,CIPLA27FEB25F,FUTSTK,1419.1,1234675,1418.25,1418.8,13624000,650,4225,CIPLA,27-FEB-2025
2025-02-03 13:42:40.849557,CIPLA27FEB25F,FUTSTK,1419.1,1234675,1418.3,1419.2,13624000,325,325,CIPLA,27-FEB-2025
2025-02-03 13:42:47.516875,CIPLA27FEB25F,FUTSTK,1419.1,1234675,1418.3,1419.1,13624000,650,650,CIPLA,27-FEB-2025
2025-02-03 13:42:53.957091,CIPLA27FEB25F,FUTSTK,1418.15,1236625,1418.1,1418.45,13624000,325,325,CIPLA,27-FEB-2025
2025-02-03 13:43:00.371546,CIPLA27FEB25F,FUTSTK,1418.0,1238250,1417.9,1418.6,13624000,325,650,CIPLA,27-FEB-2025
2025-02-03 13:43:06.802858,CIPLA27FEB25F,FUTSTK,1418.4,1238900,1418.1,1419.0,13624000,975,650,CIPLA,27-FEB-2025
2025-02-03 13:43:13.141390,CIPLA27FEB25F,FUTSTK,1418.3,1239225,1418.1,1418.45,13624000,325,325,CIPLA,27-FEB-2025
2025-02-03 13:43:19.738011,CIPLA27FEB25F,FUTSTK,1418.3,1239875,1418.1,1418.55,13621725,325,325,CIPLA,27-FEB-2025
2025-02-03 13:43:26.112298,CIPLA27FEB25F,FUTSTK,1418.3,1240200,1417.5,1418.25,13621725,650,650,CIPLA,27-FEB-2025
2025-02-03 13:43:32.570289,CIPLA27FEB25F,FUTSTK,1418.3,1240200,1417.45,1418.25,13621725,325,650,CIPLA,27-FEB-2025
2025-02-03 13:43:39.042248,CIPLA27FEB25F,FUTSTK,1418.3,1240200,1417.55,1418.3,13621725,650,325,CIPLA,27-FEB-2025
2025-02-03 13:43:45.673878,CIPLA27FEB25F,FUTSTK,1417.5,1240525,1417.5,1418.25,13621725,325,650,CIPLA,27-FEB-2025
2025-02-03 13:43:52.046364,CIPLA27FEB25F,FUTSTK,1418.25,1240850,1417.55,1418.25,13621725,325,650,CIPLA,27-FEB-2025
2025-02-03 13:43:58.664684,CIPLA27FEB25F,FUTSTK,1418.25,1240850,1417.3,1418.1,13621725,325,325,CIPLA,27-FEB-2025
2025-02-03 13:44:05.106813,CIPLA27FEB25F,FUTSTK,1418.25,1240850,1417.3,1418.1,13621725,325,650,CIPLA,27-FEB-2025
2025-02-03 13:44:11.514649,CIPLA27FEB25F,FUTSTK,1418.25,1240850,1417.55,1418.45,13621725,325,325,CIPLA,27-FEB-2025
2025-02-03 13:44:17.858176,CIPLA27FEB25F,FUTSTK,1418.25,1240850,1418.1,1418.7,13621725,325,325,CIPLA,27-FEB-2025
2025-02-03 13:44:24.216071,CIPLA27FEB25F,FUTSTK,1418.2,1241500,1418.0,1418.7,13621725,325,325,CIPLA,27-FEB-2025
2025-02-03 13:44:30.590624,CIPLA27FEB25F,FUTSTK,1418.05,1242150,1418.0,1418.7,13621725,325,650,CIPLA,27-FEB-2025
2025-02-03 13:44:37.003797,CIPLA27FEB25F,FUTSTK,1418.05,1242150,1417.9,1418.75,13621725,650,325,CIPLA,27-FEB-2025
2025-02-03 13:44:43.690580,CIPLA27FEB25F,FUTSTK,1418.05,1242150,1418.05,1418.95,13621725,325,325,CIPLA,27-FEB-2025
2025-02-03 13:44:50.570522,CIPLA27FEB25F,FUTSTK,1418.05,1242150,1418.0,1418.95,13621725,325,650,CIPLA,27-FEB-2025
2025-02-03 13:44:56.863615,CIPLA27FEB25F,FUTSTK,1418.05,1242150,1418.0,1418.95,13621725,650,325,CIPLA,27-FEB-2025
2025-02-03 13:45:03.512921,CIPLA27FEB25F,FUTSTK,1418.05,1242150,1418.05,1418.95,13621725,325,650,CIPLA,27-FEB-2025
2025-02-03 13:45:09.969216,CIPLA27FEB25F,FUTSTK,1417.75,1244100,1417.6,1418.4,13621725,325,650,CIPLA,27-FEB-2025
2025-02-03 13:45:17.931817,CIPLA27FEB25F,FUTSTK,1418.5,1244750,1418.05,1419.0,13621725,325,1300,CIPLA,27-FEB-2025
2025-02-03 13:45:24.236705,CIPLA27FEB25F,FUTSTK,1418.75,1245075,1418.1,1418.95,13621725,325,325,CIPLA,27-FEB-2025
2025-02-03 13:45:30.698340,CIPLA27FEB25F,FUTSTK,1418.75,1245075,1418.2,1419.05,13621725,975,325,CIPLA,27-FEB-2025
2025-02-03 13:45:37.168483,CIPLA27FEB25F,FUTSTK,1418.7,1247675,1418.15,1418.95,13621725,325,650,CIPLA,27-FEB-2025
2025-02-03 13:45:43.574498,CIPLA27FEB25F,FUTSTK,1418.7,1247675,1418.0,1418.65,13621725,325,325,CIPLA,27-FEB-2025
2025-02-03 13:45:50.171044,CIPLA27FEB25F,FUTSTK,1418.7,1247675,1418.0,1418.55,13621725,325,650,CIPLA,27-FEB-2025
2025-02-03 13:45:58.158653,CIPLA27FEB25F,FUTSTK,1418.0,1248650,1417.45,1418.3,13621725,650,325,CIPLA,27-FEB-2025
2025-02-03 13:46:04.803411,CIPLA27FEB25F,FUTSTK,1418.2,1248975,1417.5,1418.25,13621725,325,325,CIPLA,27-FEB-2025
2025-02-03 13:46:11.517452,CIPLA27FEB25F,FUTSTK,1417.1,1249625,1417.0,1417.7,13621725,650,650,CIPLA,27-FEB-2025
2025-02-03 13:46:18.200862,CIPLA27FEB25F,FUTSTK,1417.1,1249625,1417.0,1417.65,13621725,325,975,CIPLA,27-FEB-2025
2025-02-03 13:46:26.032605,CIPLA27FEB25F,FUTSTK,1417.1,1249625,1417.05,1417.65,13621725,325,325,CIPLA,27-FEB-2025
2025-02-03 13:46:32.542317,CIPLA27FEB25F,FUTSTK,1417.05,1250275,1417.1,1417.65,13624000,325,325,CIPLA,27-FEB-2025
2025-02-03 13:46:39.482012,CIPLA27FEB25F,FUTSTK,1417.05,1250275,1417.1,1417.65,13624000,325,325,CIPLA,27-FEB-2025
2025-02-03 13:46:46.318643,CIPLA27FEB25F,FUTSTK,1417.65,1250275,1417.1,1417.65,13624000,650,325,CIPLA,27-FEB-2025
2025-02-03 13:46:53.249638,CIPLA27FEB25F,FUTSTK,1417.1,1252225,1417.05,1417.9,13624000,325,325,CIPLA,27-FEB-2025
2025-02-03 13:46:59.964463,CIPLA27FEB25F,FUTSTK,1417.1,1252225,1417.05,1417.8,13624000,325,325,CIPLA,27-FEB-2025
2025-02-03 13:47:06.688596,CIPLA27FEB25F,FUTSTK,1417.1,1252225,1417.05,1417.9,13624000,325,975,CIPLA,27-FEB-2025
2025-02-03 13:47:14.768233,CIPLA27FEB25F,FUTSTK,1417.1,1252225,1417.05,1417.85,13624000,325,975,CIPLA,27-FEB-2025
2025-02-03 13:47:21.306336,CIPLA27FEB25F,FUTSTK,1417.1,1252225,1417.2,1418.15,13624000,325,650,CIPLA,27-FEB-2025
2025-02-03 13:47:27.812968,CIPLA27FEB25F,FUTSTK,1417.1,1252225,1417.35,1418.35,13624000,650,975,CIPLA,27-FEB-2025
2025-02-03 13:47:34.259052,CIPLA27FEB25F,FUTSTK,1417.1,1252225,1417.25,1418.05,13624000,650,1300,CIPLA,27-FEB-2025
2025-02-03 13:47:40.977297,CIPLA27FEB25F,FUTSTK,1417.1,1252225,1417.3,1418.3,13624000,650,1300,CIPLA,27-FEB-2025
2025-02-03 13:47:47.443259,CIPLA27FEB25F,FUTSTK,1417.35,1252550,1417.65,1418.55,13624000,975,325,CIPLA,27-FEB-2025
2025-02-03 13:47:53.879440,CIPLA27FEB25F,FUTSTK,1417.35,1252550,1417.5,1418.45,13624000,325,1300,CIPLA,27-FEB-2025
2025-02-03 13:48:00.442756,CIPLA27FEB25F,FUTSTK,1418.4,1252875,1418.0,1418.5,13624000,325,975,CIPLA,27-FEB-2025
2025-02-03 13:48:07.953000,CIPLA27FEB25F,FUTSTK,1417.65,1253525,1417.35,1418.15,13624000,650,325,CIPLA,27-FEB-2025
2025-02-03 13:48:14.714984,CIPLA27FEB25F,FUTSTK,1418.15,1254175,1417.7,1418.6,13624000,325,650,CIPLA,27-FEB-2025
2025-02-03 13:48:21.162985,CIPLA27FEB25F,FUTSTK,1418.2,1254500,1417.7,1418.6,13624000,325,325,CIPLA,27-FEB-2025
2025-02-03 13:48:27.753542,CIPLA27FEB25F,FUTSTK,1418.2,1254500,1417.7,1418.65,13624000,650,650,CIPLA,27-FEB-2025
2025-02-03 13:48:34.187952,CIPLA27FEB25F,FUTSTK,1418.2,1254500,1417.7,1418.6,13624000,650,325,CIPLA,27-FEB-2025
2025-02-03 13:48:40.583121,CIPLA27FEB25F,FUTSTK,1418.6,1254825,1418.25,1419.15,13624000,325,650,CIPLA,27-FEB-2025
2025-02-03 13:48:46.905128,CIPLA27FEB25F,FUTSTK,1418.25,1255150,1418.55,1419.45,13624000,325,325,CIPLA,27-FEB-2025
2025-02-03 13:48:53.263084,CIPLA27FEB25F,FUTSTK,1418.25,1255150,1418.85,1419.7,13624000,325,650,CIPLA,27-FEB-2025
2025-02-03 13:49:00.066771,CIPLA27FEB25F,FUTSTK,1418.9,1255475,1418.8,1419.75,13624000,325,325,CIPLA,27-FEB-2025
2025-02-03 13:49:06.631628,CIPLA27FEB25F,FUTSTK,1418.9,1255475,1418.85,1419.75,13624000,325,325,CIPLA,27-FEB-2025
2025-02-03 13:49:13.132532,CIPLA27FEB25F,FUTSTK,1418.95,1256450,1419.05,1419.95,13624000,325,325,CIPLA,27-FEB-2025
2025-02-03 13:49:19.680965,CIPLA27FEB25F,FUTSTK,1418.95,1258075,1418.4,1419.0,13624000,325,325,CIPLA,27-FEB-2025
2025-02-03 13:49:26.096485,CIPLA27FEB25F,FUTSTK,1418.95,1258075,1418.4,1419.15,13624000,325,325,CIPLA,27-FEB-2025
2025-02-03 13:49:32.613917,CIPLA27FEB25F,FUTSTK,1418.95,1258075,1418.75,1419.15,13624000,325,325,CIPLA,27-FEB-2025
2025-02-03 13:49:38.938541,CIPLA27FEB25F,FUTSTK,1419.05,1260025,1418.9,1419.7,13623350,325,975,CIPLA,27-FEB-2025
2025-02-03 13:49:45.467946,CIPLA27FEB25F,FUTSTK,1419.7,1260675,1418.6,1419.5,13623350,325,325,CIPLA,27-FEB-2025
2025-02-03 13:49:52.105453,CIPLA27FEB25F,FUTSTK,1419.7,1260675,1418.55,1419.3,13623350,650,975,CIPLA,27-FEB-2025
2025-02-03 13:49:58.793089,CIPLA27FEB25F,FUTSTK,1418.85,1261325,1418.85,1419.7,13623350,650,325,CIPLA,27-FEB-2025
2025-02-03 13:50:06.008356,CIPLA27FEB25F,FUTSTK,1418.85,1261975,1418.75,1419.7,13623350,650,325,CIPLA,27-FEB-2025
2025-02-03 13:50:12.716542,CIPLA27FEB25F,FUTSTK,1418.85,1261975,1418.9,1419.5,13623350,325,325,CIPLA,27-FEB-2025
2025-02-03 13:50:19.313889,CIPLA27FEB25F,FUTSTK,1418.85,1261975,1418.9,1419.6,13623350,325,975,CIPLA,27-FEB-2025
2025-02-03 13:50:25.840513,CIPLA27FEB25F,FUTSTK,1418.6,1262625,1418.65,1419.45,13623350,325,975,CIPLA,27-FEB-2025
2025-02-03 13:50:32.608774,CIPLA27FEB25F,FUTSTK,1418.5,1263275,1418.65,1419.55,13623350,325,325,CIPLA,27-FEB-2025
2025-02-03 13:50:39.047779,CIPLA27FEB25F,FUTSTK,1418.5,1263275,1419.85,1420.45,13623350,650,975,CIPLA,27-FEB-2025
2025-02-03 13:50:45.474854,CIPLA27FEB25F,FUTSTK,1419.85,1263925,1419.8,1420.6,13623350,325,1300,CIPLA,27-FEB-2025
2025-02-03 13:50:52.057491,CIPLA27FEB25F,FUTSTK,1420.8,1265225,1420.5,1421.25,13623350,325,325,CIPLA,27-FEB-2025
2025-02-03 13:50:58.766945,CIPLA27FEB25F,FUTSTK,1420.0,1266200,1419.95,1420.95,13623350,650,325,CIPLA,27-FEB-2025
2025-02-03 13:51:05.475633,CIPLA27FEB25F,FUTSTK,1420.3,1267825,1420.35,1421.25,13623350,325,325,CIPLA,27-FEB-2025
2025-02-03 13:51:12.028660,CIPLA27FEB25F,FUTSTK,1421.15,1269775,1421.1,1421.95,13623350,325,975,CIPLA,27-FEB-2025
2025-02-03 13:51:18.680980,CIPLA27FEB25F,FUTSTK,1421.1,1271075,1421.05,1421.8,13623350,325,975,CIPLA,27-FEB-2025
2025-02-03 13:51:25.013071,CIPLA27FEB25F,FUTSTK,1421.1,1271075,1421.25,1421.95,13623350,325,975,CIPLA,27-FEB-2025
2025-02-03 13:51:31.453217,CIPLA27FEB25F,FUTSTK,1421.1,1274000,1420.1,1421.0,13623350,325,325,CIPLA,27-FEB-2025
2025-02-03 13:51:37.905607,CIPLA27FEB25F,FUTSTK,1420.5,1274975,1420.3,1421.2,13623350,325,1300,CIPLA,27-FEB-2025
2025-02-03 13:51:44.238989,CIPLA27FEB25F,FUTSTK,1420.5,1274975,1420.3,1421.05,13623350,325,650,CIPLA,27-FEB-2025
2025-02-03 13:51:50.507746,CIPLA27FEB25F,FUTSTK,1420.5,1275300,1420.35,1421.0,13623350,325,975,CIPLA,27-FEB-2025
2025-02-03 13:51:56.883606,CIPLA27FEB25F,FUTSTK,1420.5,1275300,1420.1,1420.85,13623350,325,325,CIPLA,27-FEB-2025
2025-02-03 13:52:05.658859,CIPLA27FEB25F,FUTSTK,1420.85,1275625,1420.05,1421.0,13623350,650,650,CIPLA,27-FEB-2025
2025-02-03 13:52:12.339100,CIPLA27FEB25F,FUTSTK,1420.15,1275950,1419.5,1420.15,13623350,325,650,CIPLA,27-FEB-2025
2025-02-03 13:52:18.727638,CIPLA27FEB25F,FUTSTK,1419.75,1276600,1419.5,1420.3,13623350,325,325,CIPLA,27-FEB-2025
2025-02-03 13:52:25.431496,CIPLA27FEB25F,FUTSTK,1419.75,1276600,1419.05,1419.75,13615875,650,325,CIPLA,27-FEB-2025
2025-02-03 13:52:31.797705,CIPLA27FEB25F,FUTSTK,1419.5,1276925,1419.5,1420.15,13615875,650,325,CIPLA,27-FEB-2025
2025-02-03 13:52:38.631916,CIPLA27FEB25F,FUTSTK,1419.15,1278225,1419.2,1420.15,13615875,325,325,CIPLA,27-FEB-2025
2025-02-03 13:52:45.626909,CIPLA27FEB25F,FUTSTK,1419.1,1278225,1419.1,1420.0,13615875,650,325,CIPLA,27-FEB-2025
2025-02-03 13:52:52.108407,CIPLA27FEB25F,FUTSTK,1419.8,1278875,1418.9,1419.85,13615875,325,325,CIPLA,27-FEB-2025
2025-02-03 13:52:58.568033,CIPLA27FEB25F,FUTSTK,1419.05,1280500,1418.7,1419.6,13615875,650,325,CIPLA,27-FEB-2025
2025-02-03 13:53:06.110086,CIPLA27FEB25F,FUTSTK,1419.05,1280500,1418.9,1419.8,13615875,650,650,CIPLA,27-FEB-2025
2025-02-03 13:53:12.712244,CIPLA27FEB25F,FUTSTK,1419.05,1280500,1418.9,1419.55,13615875,325,325,CIPLA,27-FEB-2025
2025-02-03 13:53:19.190664,CIPLA27FEB25F,FUTSTK,1420.0,1281150,1419.35,1420.25,13615875,975,325,CIPLA,27-FEB-2025
2025-02-03 13:53:25.799296,CIPLA27FEB25F,FUTSTK,1420.0,1281150,1419.6,1420.45,13615875,650,650,CIPLA,27-FEB-2025
2025-02-03 13:53:32.366190,CIPLA27FEB25F,FUTSTK,1420.0,1281150,1419.65,1420.55,13615875,325,325,CIPLA,27-FEB-2025
2025-02-03 13:53:39.803627,CIPLA27FEB25F,FUTSTK,1420.0,1281150,1419.85,1420.75,13615875,650,325,CIPLA,27-FEB-2025
2025-02-03 13:53:46.119007,CIPLA27FEB25F,FUTSTK,1420.0,1281150,1419.85,1420.8,13615875,650,325,CIPLA,27-FEB-2025
2025-02-03 13:53:52.602231,CIPLA27FEB25F,FUTSTK,1420.0,1281150,1420.05,1420.9,13615875,650,325,CIPLA,27-FEB-2025
2025-02-03 13:53:59.164859,CIPLA27FEB25F,FUTSTK,1420.05,1281475,1420.8,1421.45,13615875,650,650,CIPLA,27-FEB-2025
2025-02-03 13:54:05.588259,CIPLA27FEB25F,FUTSTK,1421.7,1281800,1421.25,1421.75,13615875,325,325,CIPLA,27-FEB-2025
2025-02-03 13:54:11.915353,CIPLA27FEB25F,FUTSTK,1421.7,1281800,1421.3,1421.8,13615875,975,325,CIPLA,27-FEB-2025
2025-02-03 13:54:18.182617,CIPLA27FEB25F,FUTSTK,1421.8,1282125,1421.35,1421.95,13615875,650,325,CIPLA,27-FEB-2025
2025-02-03 13:54:24.742683,CIPLA27FEB25F,FUTSTK,1421.8,1282125,1421.4,1421.95,13615875,975,325,CIPLA,27-FEB-2025
2025-02-03 13:54:31.128176,CIPLA27FEB25F,FUTSTK,1421.95,1282450,1421.45,1422.0,13615875,650,975,CIPLA,27-FEB-2025
2025-02-03 13:54:37.682295,CIPLA27FEB25F,FUTSTK,1421.95,1282450,1421.45,1422.0,13615875,975,975,CIPLA,27-FEB-2025
2025-02-03 13:54:44.263125,CIPLA27FEB25F,FUTSTK,1421.95,1282450,1421.55,1422.0,13615875,650,650,CIPLA,27-FEB-2025
2025-02-03 13:54:52.055760,CIPLA27FEB25F,FUTSTK,1421.85,1283100,1421.85,1422.65,13615875,650,650,CIPLA,27-FEB-2025
2025-02-03 13:54:58.494626,CIPLA27FEB25F,FUTSTK,1421.85,1283425,1421.9,1422.65,13615875,975,325,CIPLA,27-FEB-2025
2025-02-03 13:55:05.157237,CIPLA27FEB25F,FUTSTK,1421.85,1283425,1421.9,1422.7,13615875,650,325,CIPLA,27-FEB-2025
2025-02-03 13:55:11.705489,CIPLA27FEB25F,FUTSTK,1421.9,1283750,1421.95,1422.65,13615875,650,325,CIPLA,27-FEB-2025
2025-02-03 13:55:18.321954,CIPLA27FEB25F,FUTSTK,1421.9,1283750,1421.95,1422.65,13615875,975,325,CIPLA,27-FEB-2025
2025-02-03 13:55:25.077898,CIPLA27FEB25F,FUTSTK,1421.95,1284400,1421.3,1422.15,13614575,325,325,CIPLA,27-FEB-2025
2025-02-03 13:55:31.584060,CIPLA27FEB25F,FUTSTK,1421.95,1284400,1421.65,1422.05,13614575,325,325,CIPLA,27-FEB-2025
2025-02-03 13:55:37.933230,CIPLA27FEB25F,FUTSTK,1422.05,1284725,1421.35,1422.25,13614575,325,325,CIPLA,27-FEB-2025
2025-02-03 13:55:44.444472,CIPLA27FEB25F,FUTSTK,1422.05,1284725,1421.35,1422.25,13614575,325,325,CIPLA,27-FEB-2025
2025-02-03 13:55:50.997841,CIPLA27FEB25F,FUTSTK,1422.05,1284725,1421.35,1422.25,13614575,325,325,CIPLA,27-FEB-2025
2025-02-03 13:55:57.323705,CIPLA27FEB25F,FUTSTK,1422.05,1284725,1421.35,1422.25,13614575,325,325,CIPLA,27-FEB-2025
2025-02-03 13:56:03.670876,CIPLA27FEB25F,FUTSTK,1422.05,1284725,1421.35,1422.25,13614575,325,325,CIPLA,27-FEB-2025
2025-02-03 13:56:10.035541,CIPLA27FEB25F,FUTSTK,1422.05,1284725,1421.05,1421.55,13614575,650,325,CIPLA,27-FEB-2025
2025-02-03 13:56:16.489619,CIPLA27FEB25F,FUTSTK,1422.05,1284725,1421.05,1421.55,13614575,650,325,CIPLA,27-FEB-2025
2025-02-03 13:56:23.061060,CIPLA27FEB25F,FUTSTK,1422.05,1284725,1421.05,1421.55,13614575,650,325,CIPLA,27-FEB-2025
2025-02-03 13:56:29.656241,CIPLA27FEB25F,FUTSTK,1422.05,1284725,1421.05,1421.55,13614575,650,325,CIPLA,27-FEB-2025
2025-02-03 13:56:36.146184,CIPLA27FEB25F,FUTSTK,1422.05,1284725,1421.1,1421.45,13614575,325,650,CIPLA,27-FEB-2025
2025-02-03 13:56:42.414459,CIPLA27FEB25F,FUTSTK,1422.05,1284725,1421.1,1421.45,13614575,325,650,CIPLA,27-FEB-2025
2025-02-03 13:56:49.001142,CIPLA27FEB25F,FUTSTK,1421.05,1284725,1421.1,1421.45,13614575,325,650,CIPLA,27-FEB-2025
2025-02-03 13:56:55.417925,CIPLA27FEB25F,FUTSTK,1421.05,1284725,1421.1,1421.45,13614575,325,650,CIPLA,27-FEB-2025
2025-02-03 13:57:01.895863,CIPLA27FEB25F,FUTSTK,1421.05,1285700,1420.75,1421.25,13614575,325,650,CIPLA,27-FEB-2025
2025-02-03 13:57:08.295504,CIPLA27FEB25F,FUTSTK,1421.2,1285700,1420.75,1421.25,13614575,325,650,CIPLA,27-FEB-2025
2025-02-03 13:57:14.867053,CIPLA27FEB25F,FUTSTK,1421.2,1285700,1420.75,1421.25,13614575,325,650,CIPLA,27-FEB-2025
2025-02-03 13:57:21.623502,CIPLA27FEB25F,FUTSTK,1421.2,1285700,1420.75,1421.25,13614575,325,650,CIPLA,27-FEB-2025
2025-02-03 13:57:28.448309,CIPLA27FEB25F,FUTSTK,1421.2,1285700,1420.75,1421.25,13614575,325,650,CIPLA,27-FEB-2025
2025-02-03 13:57:35.167733,CIPLA27FEB25F,FUTSTK,1420.2,1286025,1420.2,1421.1,13614575,325,325,CIPLA,27-FEB-2025
2025-02-03 13:57:41.562968,CIPLA27FEB25F,FUTSTK,1420.2,1286350,1419.6,1420.5,13614575,325,650,CIPLA,27-FEB-2025
2025-02-03 13:57:47.913130,CIPLA27FEB25F,FUTSTK,1420.2,1286350,1419.55,1420.2,13614575,650,325,CIPLA,27-FEB-2025
2025-02-03 13:57:54.236629,CIPLA27FEB25F,FUTSTK,1420.0,1286675,1419.15,1420.1,13614575,325,325,CIPLA,27-FEB-2025
2025-02-03 13:58:00.975598,CIPLA27FEB25F,FUTSTK,1420.0,1286675,1419.1,1419.95,13614575,325,325,CIPLA,27-FEB-2025
2025-02-03 13:58:07.459084,CIPLA27FEB25F,FUTSTK,1420.0,1286675,1419.25,1419.95,13614575,650,325,CIPLA,27-FEB-2025
2025-02-03 13:58:13.913687,CIPLA27FEB25F,FUTSTK,1420.0,1286675,1419.25,1419.95,13614575,325,650,CIPLA,27-FEB-2025
2025-02-03 13:58:20.754105,CIPLA27FEB25F,FUTSTK,1420.0,1286675,1419.2,1419.95,13614575,325,325,CIPLA,27-FEB-2025
2025-02-03 13:58:27.813381,CIPLA27FEB25F,FUTSTK,1420.0,1286675,1418.7,1419.55,13614575,325,325,CIPLA,27-FEB-2025
2025-02-03 13:58:34.980802,CIPLA27FEB25F,FUTSTK,1419.6,1286675,1419.15,1419.6,13613275,325,325,CIPLA,27-FEB-2025
2025-02-03 13:58:41.619495,CIPLA27FEB25F,FUTSTK,1419.6,1287000,1418.55,1419.35,13613275,650,325,CIPLA,27-FEB-2025
2025-02-03 13:58:48.358217,CIPLA27FEB25F,FUTSTK,1419.6,1288625,1418.6,1419.5,13613275,325,325,CIPLA,27-FEB-2025
2025-02-03 13:58:55.759453,CIPLA27FEB25F,FUTSTK,1419.2,1288950,1419.25,1420.0,13613275,650,325,CIPLA,27-FEB-2025
2025-02-03 13:59:02.256535,CIPLA27FEB25F,FUTSTK,1419.2,1288950,1419.5,1420.15,13613275,975,325,CIPLA,27-FEB-2025
2025-02-03 13:59:08.629692,CIPLA27FEB25F,FUTSTK,1420.15,1289275,1419.7,1420.55,13613275,650,650,CIPLA,27-FEB-2025
2025-02-03 13:59:15.075411,CIPLA27FEB25F,FUTSTK,1420.25,1289600,1419.75,1420.45,13613275,975,325,CIPLA,27-FEB-2025
2025-02-03 13:59:21.601381,CIPLA27FEB25F,FUTSTK,1420.25,1289600,1419.75,1420.45,13613275,975,1300,CIPLA,27-FEB-2025
2025-02-03 13:59:28.134271,CIPLA27FEB25F,FUTSTK,1420.25,1289600,1419.75,1420.45,13613275,975,325,CIPLA,27-FEB-2025
2025-02-03 13:59:34.374057,CIPLA27FEB25F,FUTSTK,1420.25,1289600,1419.75,1420.5,13613275,975,650,CIPLA,27-FEB-2025
2025-02-03 13:59:41.866116,CIPLA27FEB25F,FUTSTK,1420.25,1289600,1419.75,1420.5,13613275,325,325,CIPLA,27-FEB-2025
2025-02-03 13:59:48.470644,CIPLA27FEB25F,FUTSTK,1420.25,1289600,1420.15,1420.5,13613275,650,1300,CIPLA,27-FEB-2025
2025-02-03 13:59:55.116339,CIPLA27FEB25F,FUTSTK,1420.5,1289925,1420.15,1420.5,13613275,325,325,CIPLA,27-FEB-2025
2025-02-03 14:00:01.675797,CIPLA27FEB25F,FUTSTK,1420.5,1289925,1420.15,1420.4,13613275,325,650,CIPLA,27-FEB-2025
2025-02-03 14:00:08.215353,CIPLA27FEB25F,FUTSTK,1420.55,1290575,1419.7,1420.4,13613275,325,325,CIPLA,27-FEB-2025
2025-02-03 14:00:14.761357,CIPLA27FEB25F,FUTSTK,1420.55,1290575,1419.7,1420.4,13613275,325,650,CIPLA,27-FEB-2025
2025-02-03 14:00:21.295572,CIPLA27FEB25F,FUTSTK,1419.7,1290900,1419.15,1420.05,13613275,325,650,CIPLA,27-FEB-2025
2025-02-03 14:00:28.675177,CIPLA27FEB25F,FUTSTK,1419.7,1290900,1419.05,1419.85,13613275,650,325,CIPLA,27-FEB-2025
2025-02-03 14:00:35.121548,CIPLA27FEB25F,FUTSTK,1419.7,1290900,1419.15,1419.8,13613275,650,325,CIPLA,27-FEB-2025
2025-02-03 14:00:41.899339,CIPLA27FEB25F,FUTSTK,1419.7,1290900,1419.2,1419.8,13613275,325,650,CIPLA,27-FEB-2025
2025-02-03 14:00:49.354826,CIPLA27FEB25F,FUTSTK,1419.2,1291225,1419.15,1419.85,13613275,325,325,CIPLA,27-FEB-2025
2025-02-03 14:00:58.386711,CIPLA27FEB25F,FUTSTK,1419.05,1291875,1418.5,1419.3,13613275,650,325,CIPLA,27-FEB-2025
2025-02-03 14:01:04.871270,CIPLA27FEB25F,FUTSTK,1419.05,1291875,1418.6,1419.35,13613275,650,650,CIPLA,27-FEB-2025
2025-02-03 14:01:11.340441,CIPLA27FEB25F,FUTSTK,1419.3,1292525,1418.6,1419.5,13613275,325,325,CIPLA,27-FEB-2025
2025-02-03 14:01:18.219650,CIPLA27FEB25F,FUTSTK,1419.6,1292850,1419.1,1419.9,13613275,325,650,CIPLA,27-FEB-2025
2025-02-03 14:01:24.859078,CIPLA27FEB25F,FUTSTK,1419.6,1293825,1418.95,1419.85,13611325,650,325,CIPLA,27-FEB-2025
2025-02-03 14:01:31.673951,CIPLA27FEB25F,FUTSTK,1419.4,1294150,1418.65,1419.5,13611325,325,325,CIPLA,27-FEB-2025
2025-02-03 14:01:38.377523,CIPLA27FEB25F,FUTSTK,1419.4,1294150,1418.7,1419.45,13611325,650,1625,CIPLA,27-FEB-2025
2025-02-03 14:01:45.904814,CIPLA27FEB25F,FUTSTK,1419.4,1294150,1418.7,1419.4,13611325,650,1300,CIPLA,27-FEB-2025
2025-02-03 14:01:52.605048,CIPLA27FEB25F,FUTSTK,1419.4,1294150,1418.7,1419.15,13611325,650,975,CIPLA,27-FEB-2025
2025-02-03 14:01:59.266513,CIPLA27FEB25F,FUTSTK,1417.8,1295125,1418.0,1418.6,13611325,325,325,CIPLA,27-FEB-2025
2025-02-03 14:02:05.719748,CIPLA27FEB25F,FUTSTK,1417.95,1295125,1417.95,1418.6,13611325,325,325,CIPLA,27-FEB-2025
2025-02-03 14:02:12.348743,CIPLA27FEB25F,FUTSTK,1417.95,1295450,1417.75,1418.55,13611325,650,325,CIPLA,27-FEB-2025
2025-02-03 14:02:19.240349,CIPLA27FEB25F,FUTSTK,1417.95,1295450,1417.75,1418.55,13611325,650,325,CIPLA,27-FEB-2025
2025-02-03 14:02:26.015319,CIPLA27FEB25F,FUTSTK,1417.95,1295450,1417.75,1418.5,13611325,325,650,CIPLA,27-FEB-2025
2025-02-03 14:02:32.663208,CIPLA27FEB25F,FUTSTK,1417.95,1295450,1417.8,1418.5,13611325,325,325,CIPLA,27-FEB-2025
2025-02-03 14:02:39.233274,CIPLA27FEB25F,FUTSTK,1417.95,1295450,1418.4,1419.35,13611325,325,325,CIPLA,27-FEB-2025
2025-02-03 14:02:45.881364,CIPLA27FEB25F,FUTSTK,1417.95,1295450,1418.25,1418.95,13611325,325,325,CIPLA,27-FEB-2025
2025-02-03 14:02:52.636977,CIPLA27FEB25F,FUTSTK,1419.15,1295775,1418.4,1419.25,13611325,325,325,CIPLA,27-FEB-2025
2025-02-03 14:02:59.164504,CIPLA27FEB25F,FUTSTK,1419.15,1295775,1418.45,1419.3,13611325,650,650,CIPLA,27-FEB-2025
2025-02-03 14:03:05.878869,CIPLA27FEB25F,FUTSTK,1419.15,1295775,1418.6,1419.4,13611325,650,325,CIPLA,27-FEB-2025
2025-02-03 14:03:12.454041,CIPLA27FEB25F,FUTSTK,1419.15,1295775,1418.6,1419.25,13611325,650,325,CIPLA,27-FEB-2025
2025-02-03 14:03:18.928286,CIPLA27FEB25F,FUTSTK,1419.15,1295775,1418.6,1419.25,13611325,325,325,CIPLA,27-FEB-2025
2025-02-03 14:03:25.587884,CIPLA27FEB25F,FUTSTK,1418.6,1296100,1418.4,1418.9,13611325,325,325,CIPLA,27-FEB-2025
2025-02-03 14:03:32.233786,CIPLA27FEB25F,FUTSTK,1418.6,1296100,1418.15,1418.7,13611325,325,325,CIPLA,27-FEB-2025
2025-02-03 14:03:39.041334,CIPLA27FEB25F,FUTSTK,1418.6,1296100,1418.15,1418.65,13611325,325,1950,CIPLA,27-FEB-2025
2025-02-03 14:03:45.661838,CIPLA27FEB25F,FUTSTK,1418.6,1296100,1418.15,1418.55,13611325,325,650,CIPLA,27-FEB-2025
2025-02-03 14:03:52.159108,CIPLA27FEB25F,FUTSTK,1418.15,1296425,1417.75,1418.25,13611325,325,650,CIPLA,27-FEB-2025
2025-02-03 14:03:59.225473,CIPLA27FEB25F,FUTSTK,1418.15,1296425,1417.75,1418.35,13611325,325,325,CIPLA,27-FEB-2025
2025-02-03 14:04:05.835888,CIPLA27FEB25F,FUTSTK,1418.8,1297075,1417.75,1418.6,13611325,650,325,CIPLA,27-FEB-2025
2025-02-03 14:04:12.338726,CIPLA27FEB25F,FUTSTK,1418.8,1297075,1417.8,1418.6,13611325,325,325,CIPLA,27-FEB-2025
2025-02-03 14:04:19.207225,CIPLA27FEB25F,FUTSTK,1418.8,1297075,1418.25,1418.8,13611325,325,325,CIPLA,27-FEB-2025
2025-02-03 14:04:25.818358,CIPLA27FEB25F,FUTSTK,1418.8,1297400,1418.15,1418.9,13611325,325,325,CIPLA,27-FEB-2025
2025-02-03 14:04:32.498318,CIPLA27FEB25F,FUTSTK,1418.8,1297400,1418.15,1418.95,13611325,325,325,CIPLA,27-FEB-2025
2025-02-03 14:04:38.912220,CIPLA27FEB25F,FUTSTK,1418.8,1297400,1418.1,1418.9,13611325,325,325,CIPLA,27-FEB-2025
2025-02-03 14:04:45.396933,CIPLA27FEB25F,FUTSTK,1418.8,1297400,1418.1,1418.9,13611325,650,325,CIPLA,27-FEB-2025
2025-02-03 14:04:52.285241,CIPLA27FEB25F,FUTSTK,1418.8,1297725,1418.1,1418.8,13608725,650,325,CIPLA,27-FEB-2025
2025-02-03 14:04:58.935353,CIPLA27FEB25F,FUTSTK,1418.75,1298050,1418.5,1419.05,13608725,325,325,CIPLA,27-FEB-2025
2025-02-03 14:05:05.606740,CIPLA27FEB25F,FUTSTK,1418.75,1298050,1418.5,1418.9,13608725,325,325,CIPLA,27-FEB-2025
2025-02-03 14:05:12.188737,CIPLA27FEB25F,FUTSTK,1418.75,1298050,1418.5,1418.9,13608725,325,325,CIPLA,27-FEB-2025
2025-02-03 14:05:18.568047,CIPLA27FEB25F,FUTSTK,1418.75,1298050,1418.5,1418.85,13608725,325,325,CIPLA,27-FEB-2025
2025-02-03 14:05:24.917560,CIPLA27FEB25F,FUTSTK,1418.75,1298050,1418.5,1418.9,13608725,325,1625,CIPLA,27-FEB-2025
2025-02-03 14:05:31.521283,CIPLA27FEB25F,FUTSTK,1418.75,1298050,1418.5,1418.9,13608725,325,1300,CIPLA,27-FEB-2025
2025-02-03 14:05:38.062273,CIPLA27FEB25F,FUTSTK,1418.95,1299350,1418.1,1419.0,13608725,325,325,CIPLA,27-FEB-2025
2025-02-03 14:05:44.928848,CIPLA27FEB25F,FUTSTK,1418.15,1299350,1418.15,1419.0,13608725,325,325,CIPLA,27-FEB-2025
2025-02-03 14:05:51.699318,CIPLA27FEB25F,FUTSTK,1419.1,1299350,1418.15,1419.0,13608725,325,325,CIPLA,27-FEB-2025
2025-02-03 14:05:58.531886,CIPLA27FEB25F,FUTSTK,1419.1,1300000,1418.05,1418.85,13608725,325,650,CIPLA,27-FEB-2025
2025-02-03 14:06:05.527342,CIPLA27FEB25F,FUTSTK,1419.1,1300000,1418.05,1418.85,13608725,325,650,CIPLA,27-FEB-2025
2025-02-03 14:06:12.188012,CIPLA27FEB25F,FUTSTK,1418.1,1300000,1418.05,1418.85,13608725,325,650,CIPLA,27-FEB-2025
2025-02-03 14:06:18.626014,CIPLA27FEB25F,FUTSTK,1418.1,1300000,1418.05,1418.85,13608725,325,650,CIPLA,27-FEB-2025
2025-02-03 14:06:25.113023,CIPLA27FEB25F,FUTSTK,1418.1,1300325,1417.7,1418.55,13608725,650,325,CIPLA,27-FEB-2025
2025-02-03 14:06:31.722145,CIPLA27FEB25F,FUTSTK,1418.1,1300325,1417.7,1418.55,13608725,650,325,CIPLA,27-FEB-2025
2025-02-03 14:06:38.339126,CIPLA27FEB25F,FUTSTK,1418.1,1300325,1417.7,1418.55,13608725,650,325,CIPLA,27-FEB-2025
2025-02-03 14:06:44.873106,CIPLA27FEB25F,FUTSTK,1418.1,1300325,1418.0,1418.7,13608725,325,325,CIPLA,27-FEB-2025
2025-02-03 14:06:51.527902,CIPLA27FEB25F,FUTSTK,1418.1,1300325,1418.0,1418.8,13608725,325,325,CIPLA,27-FEB-2025
2025-02-03 14:06:58.129772,CIPLA27FEB25F,FUTSTK,1418.1,1300325,1418.0,1418.7,13608725,325,325,CIPLA,27-FEB-2025
2025-02-03 14:07:05.070753,CIPLA27FEB25F,FUTSTK,1418.1,1300325,1418.0,1418.6,13608725,325,650,CIPLA,27-FEB-2025
2025-02-03 14:07:11.973269,CIPLA27FEB25F,FUTSTK,1418.1,1300325,1418.0,1418.45,13608725,325,975,CIPLA,27-FEB-2025
2025-02-03 14:07:18.907353,CIPLA27FEB25F,FUTSTK,1418.65,1301300,1418.0,1418.7,13608725,325,650,CIPLA,27-FEB-2025
2025-02-03 14:07:27.047797,CIPLA27FEB25F,FUTSTK,1418.65,1301300,1418.0,1418.75,13608725,325,325,CIPLA,27-FEB-2025
2025-02-03 14:07:33.603165,CIPLA27FEB25F,FUTSTK,1418.95,1302275,1418.25,1419.1,13608725,325,325,CIPLA,27-FEB-2025
2025-02-03 14:07:40.195306,CIPLA27FEB25F,FUTSTK,1418.95,1302275,1418.25,1419.15,13608725,325,325,CIPLA,27-FEB-2025
2025-02-03 14:07:46.848182,CIPLA27FEB25F,FUTSTK,1418.95,1302275,1418.2,1419.05,13608725,325,650,CIPLA,27-FEB-2025
2025-02-03 14:07:53.366852,CIPLA27FEB25F,FUTSTK,1418.95,1302275,1418.2,1418.95,13608725,325,325,CIPLA,27-FEB-2025
2025-02-03 14:07:59.915704,CIPLA27FEB25F,FUTSTK,1418.95,1302275,1418.2,1418.9,13608725,325,650,CIPLA,27-FEB-2025
2025-02-03 14:08:06.339235,CIPLA27FEB25F,FUTSTK,1418.9,1302600,1418.25,1419.25,13608725,650,325,CIPLA,27-FEB-2025
2025-02-03 14:08:12.970806,CIPLA27FEB25F,FUTSTK,1418.9,1302600,1418.4,1419.25,13608725,325,325,CIPLA,27-FEB-2025
2025-02-03 14:08:19.349097,CIPLA27FEB25F,FUTSTK,1418.9,1302600,1419.0,1419.6,13608725,325,325,CIPLA,27-FEB-2025
2025-02-03 14:08:25.757041,CIPLA27FEB25F,FUTSTK,1418.9,1302600,1418.65,1419.55,13608725,325,325,CIPLA,27-FEB-2025
2025-02-03 14:08:32.420137,CIPLA27FEB25F,FUTSTK,1418.9,1302600,1418.95,1419.8,13608725,650,325,CIPLA,27-FEB-2025
2025-02-03 14:08:38.956554,CIPLA27FEB25F,FUTSTK,1418.9,1302600,1418.9,1419.8,13608725,650,325,CIPLA,27-FEB-2025
2025-02-03 14:08:45.581895,CIPLA27FEB25F,FUTSTK,1418.9,1302600,1419.2,1419.85,13608725,650,325,CIPLA,27-FEB-2025
2025-02-03 14:08:52.187410,CIPLA27FEB25F,FUTSTK,1419.85,1302925,1419.2,1419.9,13608725,325,325,CIPLA,27-FEB-2025
2025-02-03 14:08:58.745204,CIPLA27FEB25F,FUTSTK,1419.85,1302925,1419.2,1419.9,13608725,325,325,CIPLA,27-FEB-2025
2025-02-03 14:09:05.386928,CIPLA27FEB25F,FUTSTK,1419.85,1302925,1419.2,1419.8,13608725,325,325,CIPLA,27-FEB-2025
2025-02-03 14:09:12.174730,CIPLA27FEB25F,FUTSTK,1419.8,1303250,1419.2,1419.7,13608725,325,325,CIPLA,27-FEB-2025
2025-02-03 14:09:18.698972,CIPLA27FEB25F,FUTSTK,1419.2,1303575,1418.7,1419.55,13608725,325,325,CIPLA,27-FEB-2025
2025-02-03 14:09:25.333088,CIPLA27FEB25F,FUTSTK,1419.55,1303900,1418.8,1419.9,13608725,975,325,CIPLA,27-FEB-2025
2025-02-03 14:09:31.752539,CIPLA27FEB25F,FUTSTK,1419.55,1303900,1419.2,1420.25,13608725,325,325,CIPLA,27-FEB-2025
2025-02-03 14:09:38.517468,CIPLA27FEB25F,FUTSTK,1419.6,1304225,1419.55,1420.3,13608725,325,325,CIPLA,27-FEB-2025
2025-02-03 14:09:45.156672,CIPLA27FEB25F,FUTSTK,1419.6,1304225,1419.55,1420.25,13608725,325,650,CIPLA,27-FEB-2025
2025-02-03 14:09:51.629705,CIPLA27FEB25F,FUTSTK,1419.6,1304225,1419.55,1420.05,13608725,325,325,CIPLA,27-FEB-2025
2025-02-03 14:09:58.125498,CIPLA27FEB25F,FUTSTK,1419.55,1304550,1419.0,1419.6,13608725,325,650,CIPLA,27-FEB-2025
2025-02-03 14:10:04.641849,CIPLA27FEB25F,FUTSTK,1419.3,1304875,1419.0,1419.4,13608725,325,325,CIPLA,27-FEB-2025
2025-02-03 14:10:11.153677,CIPLA27FEB25F,FUTSTK,1419.3,1304875,1419.0,1419.8,13608725,325,650,CIPLA,27-FEB-2025
2025-02-03 14:10:17.622594,CIPLA27FEB25F,FUTSTK,1419.3,1304875,1419.2,1420.15,13608725,325,325,CIPLA,27-FEB-2025
2025-02-03 14:10:24.677624,CIPLA27FEB25F,FUTSTK,1419.3,1304875,1419.7,1420.55,13608725,325,975,CIPLA,27-FEB-2025
2025-02-03 14:10:31.148643,CIPLA27FEB25F,FUTSTK,1419.3,1304875,1419.65,1420.45,13608725,325,325,CIPLA,27-FEB-2025
2025-02-03 14:10:37.864150,CIPLA27FEB25F,FUTSTK,1419.3,1304875,1419.7,1420.6,13608725,325,325,CIPLA,27-FEB-2025
2025-02-03 14:10:44.499000,CIPLA27FEB25F,FUTSTK,1419.3,1304875,1419.75,1420.5,13608725,325,325,CIPLA,27-FEB-2025
2025-02-03 14:10:51.635782,CIPLA27FEB25F,FUTSTK,1419.3,1304875,1419.7,1420.5,13608725,325,650,CIPLA,27-FEB-2025
2025-02-03 14:10:57.989788,CIPLA27FEB25F,FUTSTK,1419.3,1304875,1419.7,1420.25,13608725,325,325,CIPLA,27-FEB-2025
2025-02-03 14:11:04.402633,CIPLA27FEB25F,FUTSTK,1419.3,1304875,1419.7,1420.3,13608725,325,325,CIPLA,27-FEB-2025
2025-02-03 14:11:10.919183,CIPLA27FEB25F,FUTSTK,1419.3,1304875,1419.7,1420.3,13608725,325,325,CIPLA,27-FEB-2025
2025-02-03 14:11:17.371689,CIPLA27FEB25F,FUTSTK,1420.3,1305525,1419.9,1420.85,13608400,325,325,CIPLA,27-FEB-2025
2025-02-03 14:11:23.722326,CIPLA27FEB25F,FUTSTK,1420.3,1305525,1420.0,1420.8,13608400,650,650,CIPLA,27-FEB-2025
2025-02-03 14:11:30.019813,CIPLA27FEB25F,FUTSTK,1420.3,1305525,1420.0,1420.8,13608400,975,650,CIPLA,27-FEB-2025
2025-02-03 14:11:36.373864,CIPLA27FEB25F,FUTSTK,1420.4,1305850,1420.1,1420.95,13608400,325,650,CIPLA,27-FEB-2025
2025-02-03 14:11:42.768173,CIPLA27FEB25F,FUTSTK,1420.4,1305850,1420.1,1421.05,13608400,325,650,CIPLA,27-FEB-2025
2025-02-03 14:11:49.117140,CIPLA27FEB25F,FUTSTK,1421.2,1306175,1420.75,1421.6,13608400,325,975,CIPLA,27-FEB-2025
2025-02-03 14:11:55.466249,CIPLA27FEB25F,FUTSTK,1421.2,1306175,1420.7,1421.6,13608400,650,975,CIPLA,27-FEB-2025
2025-02-03 14:12:03.265323,CIPLA27FEB25F,FUTSTK,1421.2,1306175,1421.15,1421.65,13608400,325,650,CIPLA,27-FEB-2025
2025-02-03 14:12:09.684076,CIPLA27FEB25F,FUTSTK,1421.65,1306500,1421.4,1422.15,13608400,650,325,CIPLA,27-FEB-2025
2025-02-03 14:12:16.213480,CIPLA27FEB25F,FUTSTK,1421.65,1306500,1421.4,1422.05,13608400,650,975,CIPLA,27-FEB-2025
2025-02-03 14:12:22.567464,CIPLA27FEB25F,FUTSTK,1421.65,1306500,1421.4,1422.05,13608400,650,325,CIPLA,27-FEB-2025
2025-02-03 14:12:29.126965,CIPLA27FEB25F,FUTSTK,1421.65,1306500,1421.4,1422.05,13608400,650,975,CIPLA,27-FEB-2025
2025-02-03 14:12:35.569249,CIPLA27FEB25F,FUTSTK,1421.65,1306500,1421.4,1422.05,13608400,650,650,CIPLA,27-FEB-2025
2025-02-03 14:12:42.019830,CIPLA27FEB25F,FUTSTK,1421.65,1306500,1421.4,1422.05,13608400,650,975,CIPLA,27-FEB-2025
2025-02-03 14:12:48.526007,CIPLA27FEB25F,FUTSTK,1421.65,1306500,1421.4,1421.95,13608400,650,975,CIPLA,27-FEB-2025
2025-02-03 14:12:54.832102,CIPLA27FEB25F,FUTSTK,1421.65,1306500,1421.4,1421.95,13608400,650,975,CIPLA,27-FEB-2025
2025-02-03 14:13:01.325843,CIPLA27FEB25F,FUTSTK,1421.4,1307150,1421.65,1421.95,13608400,325,650,CIPLA,27-FEB-2025
2025-02-03 14:13:07.600670,CIPLA27FEB25F,FUTSTK,1421.65,1307475,1421.15,1421.95,13608400,650,975,CIPLA,27-FEB-2025
2025-02-03 14:13:14.219278,CIPLA27FEB25F,FUTSTK,1421.15,1307800,1420.55,1421.15,13608400,325,325,CIPLA,27-FEB-2025
2025-02-03 14:13:20.576908,CIPLA27FEB25F,FUTSTK,1420.6,1308125,1420.6,1420.9,13608400,650,650,CIPLA,27-FEB-2025
2025-02-03 14:13:26.992615,CIPLA27FEB25F,FUTSTK,1420.6,1308775,1419.7,1420.5,13608400,325,325,CIPLA,27-FEB-2025
2025-02-03 14:13:33.469710,CIPLA27FEB25F,FUTSTK,1420.6,1308775,1419.7,1420.35,13608400,325,325,CIPLA,27-FEB-2025
2025-02-03 14:13:40.266719,CIPLA27FEB25F,FUTSTK,1420.35,1309100,1419.75,1420.4,13609050,325,325,CIPLA,27-FEB-2025
2025-02-03 14:13:46.807203,CIPLA27FEB25F,FUTSTK,1420.35,1309100,1419.6,1420.35,13609050,650,325,CIPLA,27-FEB-2025
2025-02-03 14:13:53.126898,CIPLA27FEB25F,FUTSTK,1420.35,1309100,1419.25,1420.0,13609050,325,650,CIPLA,27-FEB-2025
2025-02-03 14:13:59.590493,CIPLA27FEB25F,FUTSTK,1420.35,1309100,1419.0,1419.75,13609050,325,975,CIPLA,27-FEB-2025
2025-02-03 14:14:06.075387,CIPLA27FEB25F,FUTSTK,1420.35,1309100,1419.0,1419.75,13609050,325,975,CIPLA,27-FEB-2025
2025-02-03 14:14:12.288538,CIPLA27FEB25F,FUTSTK,1420.35,1309100,1419.0,1419.3,13609050,975,325,CIPLA,27-FEB-2025
2025-02-03 14:14:18.860145,CIPLA27FEB25F,FUTSTK,1419.0,1310400,1418.2,1419.2,13609050,325,650,CIPLA,27-FEB-2025
2025-02-03 14:14:25.137973,CIPLA27FEB25F,FUTSTK,1419.0,1310400,1418.25,1419.1,13609050,325,975,CIPLA,27-FEB-2025
2025-02-03 14:14:31.588721,CIPLA27FEB25F,FUTSTK,1419.0,1310400,1418.7,1419.05,13609050,325,650,CIPLA,27-FEB-2025
2025-02-03 14:14:38.194900,CIPLA27FEB25F,FUTSTK,1419.2,1312025,1419.0,1419.55,13609050,325,650,CIPLA,27-FEB-2025
2025-02-03 14:14:44.505210,CIPLA27FEB25F,FUTSTK,1419.2,1312025,1419.0,1419.45,13609050,325,650,CIPLA,27-FEB-2025
2025-02-03 14:14:50.896037,CIPLA27FEB25F,FUTSTK,1419.2,1312025,1419.0,1419.7,13609050,650,975,CIPLA,27-FEB-2025
2025-02-03 14:14:56.985916,CIPLA27FEB25F,FUTSTK,1419.2,1312025,1419.05,1419.7,13609050,650,325,CIPLA,27-FEB-2025
2025-02-03 14:15:03.324313,CIPLA27FEB25F,FUTSTK,1419.2,1312025,1419.05,1419.7,13609050,325,325,CIPLA,27-FEB-2025
2025-02-03 14:15:09.640180,CIPLA27FEB25F,FUTSTK,1419.7,1312350,1419.0,1420.0,13609050,650,975,CIPLA,27-FEB-2025
2025-02-03 14:15:15.996442,CIPLA27FEB25F,FUTSTK,1419.7,1312350,1419.0,1419.8,13609050,650,650,CIPLA,27-FEB-2025
2025-02-03 14:15:22.417709,CIPLA27FEB25F,FUTSTK,1419.7,1312350,1419.0,1419.5,13609050,650,650,CIPLA,27-FEB-2025
2025-02-03 14:15:28.813679,CIPLA27FEB25F,FUTSTK,1419.0,1313000,1418.45,1419.3,13609050,325,325,CIPLA,27-FEB-2025
2025-02-03 14:15:35.155085,CIPLA27FEB25F,FUTSTK,1419.0,1313000,1418.55,1419.5,13609050,325,325,CIPLA,27-FEB-2025
2025-02-03 14:15:41.530617,CIPLA27FEB25F,FUTSTK,1419.0,1313000,1418.95,1419.85,13609050,650,650,CIPLA,27-FEB-2025
2025-02-03 14:15:47.688534,CIPLA27FEB25F,FUTSTK,1419.0,1313000,1419.0,1419.85,13609050,650,650,CIPLA,27-FEB-2025
2025-02-03 14:15:54.032739,CIPLA27FEB25F,FUTSTK,1419.0,1313000,1419.0,1419.85,13609050,650,650,CIPLA,27-FEB-2025
2025-02-03 14:16:00.437682,CIPLA27FEB25F,FUTSTK,1419.0,1313000,1419.3,1420.15,13609050,325,325,CIPLA,27-FEB-2025
2025-02-03 14:16:06.904254,CIPLA27FEB25F,FUTSTK,1420.25,1313325,1419.55,1420.55,13609050,325,325,CIPLA,27-FEB-2025
2025-02-03 14:16:13.207514,CIPLA27FEB25F,FUTSTK,1420.25,1313325,1419.55,1420.45,13609050,650,650,CIPLA,27-FEB-2025
2025-02-03 14:16:19.746838,CIPLA27FEB25F,FUTSTK,1420.25,1313325,1419.75,1420.65,13609050,325,325,CIPLA,27-FEB-2025
2025-02-03 14:16:26.001939,CIPLA27FEB25F,FUTSTK,1420.25,1313325,1419.8,1420.45,13609050,650,975,CIPLA,27-FEB-2025
2025-02-03 14:16:32.358741,CIPLA27FEB25F,FUTSTK,1419.8,1313975,1419.15,1420.25,13611000,325,325,CIPLA,27-FEB-2025
2025-02-03 14:16:38.592847,CIPLA27FEB25F,FUTSTK,1420.0,1313975,1419.05,1420.05,13611000,650,325,CIPLA,27-FEB-2025
2025-02-03 14:16:44.806251,CIPLA27FEB25F,FUTSTK,1420.0,1314300,1419.1,1420.05,13611000,325,650,CIPLA,27-FEB-2025
2025-02-03 14:16:51.169441,CIPLA27FEB25F,FUTSTK,1420.0,1314300,1418.9,1420.0,13611000,325,650,CIPLA,27-FEB-2025
2025-02-03 14:16:57.602023,CIPLA27FEB25F,FUTSTK,1420.0,1314300,1419.0,1419.9,13611000,325,325,CIPLA,27-FEB-2025
2025-02-03 14:17:03.871422,CIPLA27FEB25F,FUTSTK,1419.9,1314625,1419.0,1419.9,13611000,325,975,CIPLA,27-FEB-2025
2025-02-03 14:17:10.220158,CIPLA27FEB25F,FUTSTK,1419.75,1314950,1419.5,1420.3,13611000,650,325,CIPLA,27-FEB-2025
2025-02-03 14:17:16.509502,CIPLA27FEB25F,FUTSTK,1419.75,1314950,1419.75,1420.3,13611000,325,325,CIPLA,27-FEB-2025
2025-02-03 14:17:22.869598,CIPLA27FEB25F,FUTSTK,1419.75,1314950,1419.5,1420.3,13611000,325,650,CIPLA,27-FEB-2025
2025-02-03 14:17:29.275655,CIPLA27FEB25F,FUTSTK,1419.75,1314950,1419.45,1420.3,13611000,975,975,CIPLA,27-FEB-2025
2025-02-03 14:17:35.676871,CIPLA27FEB25F,FUTSTK,1420.45,1315925,1419.75,1420.65,13611000,325,325,CIPLA,27-FEB-2025
2025-02-03 14:17:41.980320,CIPLA27FEB25F,FUTSTK,1420.45,1315925,1419.9,1420.65,13611000,325,325,CIPLA,27-FEB-2025
2025-02-03 14:17:48.309903,CIPLA27FEB25F,FUTSTK,1419.8,1316900,1419.65,1420.7,13611000,325,325,CIPLA,27-FEB-2025
2025-02-03 14:17:54.502291,CIPLA27FEB25F,FUTSTK,1419.8,1316900,1419.25,1420.3,13611000,325,325,CIPLA,27-FEB-2025
2025-02-03 14:18:01.061538,CIPLA27FEB25F,FUTSTK,1419.8,1316900,1419.1,1419.85,13611000,325,325,CIPLA,27-FEB-2025
2025-02-03 14:18:07.325681,CIPLA27FEB25F,FUTSTK,1419.8,1316900,1419.1,1419.8,13611000,325,325,CIPLA,27-FEB-2025
2025-02-03 14:18:13.787494,CIPLA27FEB25F,FUTSTK,1419.8,1316900,1419.1,1419.55,13611000,325,650,CIPLA,27-FEB-2025
2025-02-03 14:18:20.142414,CIPLA27FEB25F,FUTSTK,1419.8,1316900,1418.4,1419.4,13611000,650,325,CIPLA,27-FEB-2025
2025-02-03 14:18:26.469226,CIPLA27FEB25F,FUTSTK,1419.8,1316900,1418.45,1419.5,13611000,325,325,CIPLA,27-FEB-2025
2025-02-03 14:18:33.783145,CIPLA27FEB25F,FUTSTK,1419.8,1316900,1418.65,1419.65,13611000,325,325,CIPLA,27-FEB-2025
2025-02-03 14:18:40.065458,CIPLA27FEB25F,FUTSTK,1419.8,1316900,1418.55,1419.5,13611000,650,325,CIPLA,27-FEB-2025
2025-02-03 14:18:46.439507,CIPLA27FEB25F,FUTSTK,1419.8,1316900,1418.45,1419.5,13611000,325,325,CIPLA,27-FEB-2025
2025-02-03 14:18:52.796273,CIPLA27FEB25F,FUTSTK,1419.8,1316900,1418.6,1419.5,13611000,325,325,CIPLA,27-FEB-2025
2025-02-03 14:18:59.231526,CIPLA27FEB25F,FUTSTK,1419.8,1316900,1418.5,1419.35,13611000,325,325,CIPLA,27-FEB-2025
2025-02-03 14:19:05.563743,CIPLA27FEB25F,FUTSTK,1419.35,1317225,1418.9,1419.5,13611000,325,975,CIPLA,27-FEB-2025
2025-02-03 14:19:11.989450,CIPLA27FEB25F,FUTSTK,1418.9,1317550,1418.35,1419.25,13611000,325,650,CIPLA,27-FEB-2025
2025-02-03 14:19:18.352322,CIPLA27FEB25F,FUTSTK,1418.9,1317550,1418.45,1419.2,13611000,325,325,CIPLA,27-FEB-2025
2025-02-03 14:19:25.658066,CIPLA27FEB25F,FUTSTK,1418.9,1317550,1418.3,1419.2,13611000,325,325,CIPLA,27-FEB-2025
2025-02-03 14:19:31.892220,CIPLA27FEB25F,FUTSTK,1418.9,1317550,1418.4,1419.2,13611000,325,650,CIPLA,27-FEB-2025
2025-02-03 14:19:38.314280,CIPLA27FEB25F,FUTSTK,1418.9,1317550,1418.35,1419.2,13611000,325,650,CIPLA,27-FEB-2025
2025-02-03 14:19:44.691968,CIPLA27FEB25F,FUTSTK,1418.9,1317875,1418.35,1419.15,13611650,325,325,CIPLA,27-FEB-2025
2025-02-03 14:19:51.151722,CIPLA27FEB25F,FUTSTK,1419.2,1318525,1418.45,1419.45,13611650,325,1300,CIPLA,27-FEB-2025
2025-02-03 14:19:57.480237,CIPLA27FEB25F,FUTSTK,1419.2,1318525,1418.45,1419.45,13611650,325,325,CIPLA,27-FEB-2025
2025-02-03 14:20:03.879594,CIPLA27FEB25F,FUTSTK,1419.2,1318525,1418.45,1419.35,13611650,325,325,CIPLA,27-FEB-2025
2025-02-03 14:20:10.204055,CIPLA27FEB25F,FUTSTK,1419.2,1318525,1418.35,1419.2,13611650,325,325,CIPLA,27-FEB-2025
2025-02-03 14:20:16.384545,CIPLA27FEB25F,FUTSTK,1419.2,1318525,1418.3,1419.1,13611650,325,325,CIPLA,27-FEB-2025
2025-02-03 14:20:22.806691,CIPLA27FEB25F,FUTSTK,1419.2,1318525,1418.25,1419.0,13611650,325,325,CIPLA,27-FEB-2025
2025-02-03 14:20:29.083621,CIPLA27FEB25F,FUTSTK,1418.25,1318850,1418.1,1418.95,13611650,650,325,CIPLA,27-FEB-2025
2025-02-03 14:20:35.574750,CIPLA27FEB25F,FUTSTK,1419.1,1319175,1418.3,1419.2,13611650,325,325,CIPLA,27-FEB-2025
2025-02-03 14:20:41.868349,CIPLA27FEB25F,FUTSTK,1419.1,1319175,1418.1,1419.0,13611650,650,325,CIPLA,27-FEB-2025
2025-02-03 14:20:48.393508,CIPLA27FEB25F,FUTSTK,1419.1,1319175,1418.3,1419.1,13611650,325,650,CIPLA,27-FEB-2025
2025-02-03 14:20:54.714149,CIPLA27FEB25F,FUTSTK,1419.1,1319175,1418.25,1419.05,13611650,325,650,CIPLA,27-FEB-2025
2025-02-03 14:21:01.140392,CIPLA27FEB25F,FUTSTK,1419.1,1319175,1418.1,1419.0,13611650,325,325,CIPLA,27-FEB-2025
2025-02-03 14:21:07.633405,CIPLA27FEB25F,FUTSTK,1419.1,1319175,1418.25,1419.05,13611650,325,325,CIPLA,27-FEB-2025
2025-02-03 14:21:13.900833,CIPLA27FEB25F,FUTSTK,1419.1,1319175,1418.0,1418.7,13611650,325,325,CIPLA,27-FEB-2025
2025-02-03 14:21:20.299601,CIPLA27FEB25F,FUTSTK,1419.1,1319175,1418.0,1418.55,13611650,325,2275,CIPLA,27-FEB-2025
2025-02-03 14:21:26.698536,CIPLA27FEB25F,FUTSTK,1419.1,1319175,1418.0,1418.55,13611650,325,325,CIPLA,27-FEB-2025
2025-02-03 14:21:33.048741,CIPLA27FEB25F,FUTSTK,1419.1,1319175,1418.0,1418.55,13611650,325,325,CIPLA,27-FEB-2025
2025-02-03 14:21:39.378277,CIPLA27FEB25F,FUTSTK,1419.15,1320475,1418.45,1419.35,13611650,650,325,CIPLA,27-FEB-2025
2025-02-03 14:21:45.857745,CIPLA27FEB25F,FUTSTK,1419.15,1320475,1418.85,1419.5,13611650,325,325,CIPLA,27-FEB-2025
2025-02-03 14:21:52.196113,CIPLA27FEB25F,FUTSTK,1419.6,1321125,1419.0,1419.8,13611650,325,325,CIPLA,27-FEB-2025
2025-02-03 14:21:58.550929,CIPLA27FEB25F,FUTSTK,1419.6,1321125,1419.2,1420.0,13611650,325,650,CIPLA,27-FEB-2025
2025-02-03 14:22:05.008635,CIPLA27FEB25F,FUTSTK,1419.2,1321125,1419.2,1419.95,13611650,650,325,CIPLA,27-FEB-2025
2025-02-03 14:22:11.375002,CIPLA27FEB25F,FUTSTK,1419.2,1321450,1419.15,1419.75,13611650,325,325,CIPLA,27-FEB-2025
2025-02-03 14:22:17.759895,CIPLA27FEB25F,FUTSTK,1419.2,1321450,1419.15,1419.95,13611650,650,325,CIPLA,27-FEB-2025
2025-02-03 14:22:24.147150,CIPLA27FEB25F,FUTSTK,1419.2,1321450,1419.2,1420.05,13611650,325,325,CIPLA,27-FEB-2025
2025-02-03 14:22:30.616036,CIPLA27FEB25F,FUTSTK,1419.2,1321450,1419.6,1420.2,13611650,325,325,CIPLA,27-FEB-2025
2025-02-03 14:22:36.947860,CIPLA27FEB25F,FUTSTK,1420.2,1321775,1420.15,1420.7,13611975,325,325,CIPLA,27-FEB-2025
2025-02-03 14:22:43.227248,CIPLA27FEB25F,FUTSTK,1420.2,1321775,1419.95,1420.55,13611975,325,975,CIPLA,27-FEB-2025
2025-02-03 14:22:49.805927,CIPLA27FEB25F,FUTSTK,1420.2,1321775,1419.95,1420.35,13611975,325,325,CIPLA,27-FEB-2025
2025-02-03 14:22:56.094716,CIPLA27FEB25F,FUTSTK,1419.95,1322100,1418.95,1419.95,13611975,650,325,CIPLA,27-FEB-2025
2025-02-03 14:23:02.603249,CIPLA27FEB25F,FUTSTK,1419.95,1322100,1419.3,1420.15,13611975,325,325,CIPLA,27-FEB-2025
2025-02-03 14:23:08.774480,CIPLA27FEB25F,FUTSTK,1419.95,1322100,1419.4,1420.1,13611975,325,650,CIPLA,27-FEB-2025
2025-02-03 14:23:16.094885,CIPLA27FEB25F,FUTSTK,1419.95,1322100,1419.4,1420.0,13611975,650,1950,CIPLA,27-FEB-2025
2025-02-03 14:23:22.556367,CIPLA27FEB25F,FUTSTK,1419.7,1322425,1419.3,1419.6,13611975,325,1300,CIPLA,27-FEB-2025
2025-02-03 14:23:28.811035,CIPLA27FEB25F,FUTSTK,1419.3,1322750,1418.55,1419.35,13611975,650,650,CIPLA,27-FEB-2025
2025-02-03 14:23:35.232020,CIPLA27FEB25F,FUTSTK,1419.3,1322750,1418.65,1419.3,13611975,650,975,CIPLA,27-FEB-2025
2025-02-03 14:23:41.622494,CIPLA27FEB25F,FUTSTK,1419.35,1324050,1418.95,1419.8,13611975,325,325,CIPLA,27-FEB-2025
2025-02-03 14:23:48.077381,CIPLA27FEB25F,FUTSTK,1419.35,1324050,1418.8,1419.75,13611975,325,650,CIPLA,27-FEB-2025
2025-02-03 14:23:54.622635,CIPLA27FEB25F,FUTSTK,1419.35,1324050,1418.95,1419.7,13611975,325,325,CIPLA,27-FEB-2025
2025-02-03 14:24:00.974274,CIPLA27FEB25F,FUTSTK,1419.35,1324050,1419.0,1419.7,13611975,650,325,CIPLA,27-FEB-2025
2025-02-03 14:24:07.622365,CIPLA27FEB25F,FUTSTK,1419.35,1324050,1419.0,1419.7,13611975,650,325,CIPLA,27-FEB-2025
2025-02-03 14:24:13.816090,CIPLA27FEB25F,FUTSTK,1418.7,1324375,1418.5,1419.4,13611975,325,650,CIPLA,27-FEB-2025
2025-02-03 14:24:20.182534,CIPLA27FEB25F,FUTSTK,1418.7,1324375,1418.65,1419.35,13611975,325,325,CIPLA,27-FEB-2025
2025-02-03 14:24:26.450151,CIPLA27FEB25F,FUTSTK,1418.7,1324375,1418.4,1419.25,13611975,650,325,CIPLA,27-FEB-2025
2025-02-03 14:24:32.828461,CIPLA27FEB25F,FUTSTK,1418.7,1324375,1418.4,1419.2,13611975,325,325,CIPLA,27-FEB-2025
2025-02-03 14:24:39.417156,CIPLA27FEB25F,FUTSTK,1418.7,1324375,1418.45,1419.2,13611975,325,325,CIPLA,27-FEB-2025
2025-02-03 14:24:45.929552,CIPLA27FEB25F,FUTSTK,1418.7,1324375,1418.65,1419.2,13611975,650,325,CIPLA,27-FEB-2025
2025-02-03 14:24:52.386829,CIPLA27FEB25F,FUTSTK,1419.2,1324700,1418.6,1419.45,13611975,325,325,CIPLA,27-FEB-2025
2025-02-03 14:24:58.940481,CIPLA27FEB25F,FUTSTK,1419.2,1324700,1418.65,1419.55,13611975,650,325,CIPLA,27-FEB-2025
2025-02-03 14:25:05.504098,CIPLA27FEB25F,FUTSTK,1419.7,1325675,1418.9,1419.75,13611975,325,325,CIPLA,27-FEB-2025
2025-02-03 14:25:11.916349,CIPLA27FEB25F,FUTSTK,1419.7,1325675,1418.9,1419.6,13611975,325,325,CIPLA,27-FEB-2025
2025-02-03 14:25:18.345099,CIPLA27FEB25F,FUTSTK,1419.7,1325675,1418.9,1419.65,13611975,325,650,CIPLA,27-FEB-2025
2025-02-03 14:25:24.951414,CIPLA27FEB25F,FUTSTK,1419.7,1325675,1418.9,1419.65,13611975,325,650,CIPLA,27-FEB-2025
2025-02-03 14:25:31.313438,CIPLA27FEB25F,FUTSTK,1419.7,1325675,1418.9,1419.55,13611975,325,650,CIPLA,27-FEB-2025
2025-02-03 14:25:37.786398,CIPLA27FEB25F,FUTSTK,1419.7,1325675,1418.9,1419.7,13611975,325,650,CIPLA,27-FEB-2025
2025-02-03 14:25:44.199325,CIPLA27FEB25F,FUTSTK,1419.7,1325675,1418.95,1419.5,13611975,325,325,CIPLA,27-FEB-2025
2025-02-03 14:25:50.602499,CIPLA27FEB25F,FUTSTK,1419.7,1325675,1418.9,1419.5,13611975,325,325,CIPLA,27-FEB-2025
2025-02-03 14:25:57.141453,CIPLA27FEB25F,FUTSTK,1419.7,1325675,1418.9,1419.5,13611975,325,325,CIPLA,27-FEB-2025
2025-02-03 14:26:03.584667,CIPLA27FEB25F,FUTSTK,1419.5,1326000,1419.0,1419.65,13611000,325,325,CIPLA,27-FEB-2025
2025-02-03 14:26:10.062924,CIPLA27FEB25F,FUTSTK,1419.5,1326000,1418.9,1419.45,13611000,325,650,CIPLA,27-FEB-2025
2025-02-03 14:26:16.906081,CIPLA27FEB25F,FUTSTK,1419.5,1326000,1419.15,1419.45,13611000,325,975,CIPLA,27-FEB-2025
2025-02-03 14:26:23.433560,CIPLA27FEB25F,FUTSTK,1419.45,1326325,1418.75,1419.45,13611000,325,325,CIPLA,27-FEB-2025
2025-02-03 14:26:29.827862,CIPLA27FEB25F,FUTSTK,1419.45,1326650,1419.0,1419.65,13611000,325,325,CIPLA,27-FEB-2025
2025-02-03 14:26:36.256269,CIPLA27FEB25F,FUTSTK,1419.65,1326975,1418.9,1419.8,13611000,325,325,CIPLA,27-FEB-2025
2025-02-03 14:26:42.600440,CIPLA27FEB25F,FUTSTK,1419.65,1326975,1419.0,1419.95,13611000,325,325,CIPLA,27-FEB-2025
2025-02-03 14:26:49.095965,CIPLA27FEB25F,FUTSTK,1419.65,1326975,1419.05,1419.95,13611000,650,1300,CIPLA,27-FEB-2025
2025-02-03 14:26:55.484364,CIPLA27FEB25F,FUTSTK,1419.65,1326975,1419.05,1419.75,13611000,650,325,CIPLA,27-FEB-2025
2025-02-03 14:27:02.018597,CIPLA27FEB25F,FUTSTK,1419.65,1326975,1419.05,1419.85,13611000,650,650,CIPLA,27-FEB-2025
2025-02-03 14:27:08.348090,CIPLA27FEB25F,FUTSTK,1419.65,1326975,1419.1,1419.85,13611000,325,325,CIPLA,27-FEB-2025
2025-02-03 14:27:14.496367,CIPLA27FEB25F,FUTSTK,1419.65,1326975,1419.05,1419.75,13611000,650,325,CIPLA,27-FEB-2025
2025-02-03 14:27:20.878685,CIPLA27FEB25F,FUTSTK,1419.65,1326975,1419.05,1419.7,13611000,975,325,CIPLA,27-FEB-2025
2025-02-03 14:27:27.355096,CIPLA27FEB25F,FUTSTK,1419.65,1326975,1419.1,1419.7,13611000,325,325,CIPLA,27-FEB-2025
2025-02-03 14:27:33.744027,CIPLA27FEB25F,FUTSTK,1418.55,1327625,1418.25,1419.25,13611000,325,650,CIPLA,27-FEB-2025
2025-02-03 14:27:40.052049,CIPLA27FEB25F,FUTSTK,1418.55,1327625,1418.35,1419.15,13611000,325,325,CIPLA,27-FEB-2025
2025-02-03 14:27:46.586521,CIPLA27FEB25F,FUTSTK,1419.15,1327950,1418.8,1419.6,13611000,325,325,CIPLA,27-FEB-2025
2025-02-03 14:27:52.826674,CIPLA27FEB25F,FUTSTK,1419.9,1328275,1419.05,1419.9,13611000,650,325,CIPLA,27-FEB-2025
2025-02-03 14:27:59.385108,CIPLA27FEB25F,FUTSTK,1419.9,1328275,1419.15,1419.95,13611000,325,975,CIPLA,27-FEB-2025
2025-02-03 14:28:05.768410,CIPLA27FEB25F,FUTSTK,1419.9,1328275,1419.15,1419.95,13611000,325,325,CIPLA,27-FEB-2025
2025-02-03 14:28:12.081580,CIPLA27FEB25F,FUTSTK,1420.05,1330875,1419.75,1420.35,13611000,325,650,CIPLA,27-FEB-2025
2025-02-03 14:28:18.557691,CIPLA27FEB25F,FUTSTK,1420.05,1330875,1420.0,1420.55,13611000,325,325,CIPLA,27-FEB-2025
2025-02-03 14:28:24.881432,CIPLA27FEB25F,FUTSTK,1420.55,1331200,1420.25,1421.0,13611000,325,325,CIPLA,27-FEB-2025
2025-02-03 14:28:31.138095,CIPLA27FEB25F,FUTSTK,1420.55,1331200,1420.35,1421.1,13611000,325,325,CIPLA,27-FEB-2025
2025-02-03 14:28:37.500301,CIPLA27FEB25F,FUTSTK,1420.55,1331200,1420.5,1421.2,13611000,975,325,CIPLA,27-FEB-2025
2025-02-03 14:28:44.043855,CIPLA27FEB25F,FUTSTK,1420.55,1331200,1420.6,1421.3,13611000,325,325,CIPLA,27-FEB-2025
2025-02-03 14:28:50.675123,CIPLA27FEB25F,FUTSTK,1420.55,1331200,1420.5,1421.0,13611000,325,650,CIPLA,27-FEB-2025
2025-02-03 14:28:57.089634,CIPLA27FEB25F,FUTSTK,1420.5,1331525,1419.9,1420.55,13610025,325,325,CIPLA,27-FEB-2025
2025-02-03 14:29:03.503793,CIPLA27FEB25F,FUTSTK,1420.55,1331850,1420.3,1421.05,13610025,325,325,CIPLA,27-FEB-2025
2025-02-03 14:29:10.020105,CIPLA27FEB25F,FUTSTK,1420.55,1331850,1420.15,1421.0,13610025,325,650,CIPLA,27-FEB-2025
2025-02-03 14:29:17.315774,CIPLA27FEB25F,FUTSTK,1420.55,1331850,1420.35,1420.75,13610025,325,325,CIPLA,27-FEB-2025
2025-02-03 14:29:23.654459,CIPLA27FEB25F,FUTSTK,1420.95,1332175,1420.1,1421.05,13610025,325,325,CIPLA,27-FEB-2025
2025-02-03 14:29:30.029858,CIPLA27FEB25F,FUTSTK,1420.95,1332175,1420.15,1421.05,13610025,325,325,CIPLA,27-FEB-2025
2025-02-03 14:29:36.349883,CIPLA27FEB25F,FUTSTK,1420.95,1332175,1420.2,1421.05,13610025,325,1300,CIPLA,27-FEB-2025
2025-02-03 14:29:42.849842,CIPLA27FEB25F,FUTSTK,1420.95,1332175,1420.2,1421.05,13610025,325,650,CIPLA,27-FEB-2025
2025-02-03 14:29:49.296531,CIPLA27FEB25F,FUTSTK,1420.95,1332175,1420.35,1421.05,13610025,325,325,CIPLA,27-FEB-2025
2025-02-03 14:29:55.825036,CIPLA27FEB25F,FUTSTK,1420.95,1332175,1420.4,1421.05,13610025,650,325,CIPLA,27-FEB-2025
2025-02-03 14:30:02.294428,CIPLA27FEB25F,FUTSTK,1420.95,1332175,1420.35,1421.05,13610025,325,325,CIPLA,27-FEB-2025
2025-02-03 14:30:43.356458,CIPLA27FEB25F,FUTSTK,1420.95,1332175,1419.05,1419.95,13610025,975,325,CIPLA,27-FEB-2025
2025-02-03 14:30:51.472723,CIPLA27FEB25F,FUTSTK,1419.95,1332500,1419.1,1420.05,13610025,325,650,CIPLA,27-FEB-2025
2025-02-03 14:30:57.680651,CIPLA27FEB25F,FUTSTK,1419.95,1332500,1419.1,1420.0,13610025,325,325,CIPLA,27-FEB-2025
2025-02-03 14:31:04.042521,CIPLA27FEB25F,FUTSTK,1419.95,1332500,1418.8,1419.8,13610025,325,325,CIPLA,27-FEB-2025
2025-02-03 14:31:10.729649,CIPLA27FEB25F,FUTSTK,1419.95,1332500,1418.9,1419.7,13610025,325,325,CIPLA,27-FEB-2025
2025-02-03 14:31:17.062359,CIPLA27FEB25F,FUTSTK,1419.95,1332500,1418.8,1419.7,13610025,650,325,CIPLA,27-FEB-2025
2025-02-03 14:31:24.194290,CIPLA27FEB25F,FUTSTK,1419.95,1332500,1418.8,1419.7,13610025,650,325,CIPLA,27-FEB-2025
2025-02-03 14:31:32.517022,CIPLA27FEB25F,FUTSTK,1419.95,1332500,1418.9,1419.7,13610025,325,325,CIPLA,27-FEB-2025
2025-02-03 14:31:39.856788,CIPLA27FEB25F,FUTSTK,1419.95,1332500,1418.9,1419.6,13610025,650,325,CIPLA,27-FEB-2025
2025-02-03 14:31:46.142360,CIPLA27FEB25F,FUTSTK,1419.95,1332500,1418.9,1419.65,13610025,650,650,CIPLA,27-FEB-2025
2025-02-03 14:31:52.500672,CIPLA27FEB25F,FUTSTK,1419.95,1332500,1418.9,1419.65,13610025,650,650,CIPLA,27-FEB-2025
2025-02-03 14:31:58.981509,CIPLA27FEB25F,FUTSTK,1419.95,1332500,1418.9,1419.65,13610025,650,650,CIPLA,27-FEB-2025
2025-02-03 14:32:05.496655,CIPLA27FEB25F,FUTSTK,1419.95,1332500,1418.9,1419.6,13610025,650,650,CIPLA,27-FEB-2025
2025-02-03 14:32:12.111592,CIPLA27FEB25F,FUTSTK,1419.3,1333150,1419.3,1419.7,13610350,325,325,CIPLA,27-FEB-2025
2025-02-03 14:32:18.524116,CIPLA27FEB25F,FUTSTK,1419.3,1333150,1419.55,1419.85,13610350,650,650,CIPLA,27-FEB-2025
2025-02-03 14:32:24.670198,CIPLA27FEB25F,FUTSTK,1419.55,1334125,1418.7,1419.55,13610350,325,1300,CIPLA,27-FEB-2025
2025-02-03 14:32:30.936089,CIPLA27FEB25F,FUTSTK,1419.55,1334125,1418.95,1419.5,13610350,325,325,CIPLA,27-FEB-2025
2025-02-03 14:32:37.285313,CIPLA27FEB25F,FUTSTK,1419.55,1334125,1418.75,1419.5,13610350,325,325,CIPLA,27-FEB-2025
2025-02-03 14:32:45.733894,CIPLA27FEB25F,FUTSTK,1419.55,1334125,1418.95,1419.5,13610350,650,325,CIPLA,27-FEB-2025
2025-02-03 14:32:53.251613,CIPLA27FEB25F,FUTSTK,1419.55,1334125,1418.7,1419.4,13610350,325,325,CIPLA,27-FEB-2025
2025-02-03 14:33:00.105556,CIPLA27FEB25F,FUTSTK,1419.55,1334125,1418.55,1419.35,13610350,325,975,CIPLA,27-FEB-2025
2025-02-03 14:33:06.589139,CIPLA27FEB25F,FUTSTK,1419.55,1334125,1418.9,1419.3,13610350,325,650,CIPLA,27-FEB-2025
2025-02-03 14:33:12.868657,CIPLA27FEB25F,FUTSTK,1419.55,1334125,1418.75,1419.25,13610350,325,975,CIPLA,27-FEB-2025
2025-02-03 14:33:19.183295,CIPLA27FEB25F,FUTSTK,1419.3,1335100,1419.1,1420.0,13610350,650,1950,CIPLA,27-FEB-2025
2025-02-03 14:33:25.400251,CIPLA27FEB25F,FUTSTK,1419.1,1335425,1418.75,1419.4,13610350,325,325,CIPLA,27-FEB-2025
2025-02-03 14:33:31.572594,CIPLA27FEB25F,FUTSTK,1419.4,1335750,1418.95,1419.7,13610350,325,1950,CIPLA,27-FEB-2025
2025-02-03 14:33:37.858926,CIPLA27FEB25F,FUTSTK,1419.3,1336075,1418.4,1419.3,13610350,325,975,CIPLA,27-FEB-2025
2025-02-03 14:33:44.355900,CIPLA27FEB25F,FUTSTK,1419.3,1336400,1418.95,1419.65,13610350,325,325,CIPLA,27-FEB-2025
2025-02-03 14:33:50.615599,CIPLA27FEB25F,FUTSTK,1419.3,1336400,1418.65,1419.55,13610350,325,975,CIPLA,27-FEB-2025
2025-02-03 14:35:44.950271,CIPLA27FEB25F,FUTSTK,1419.7,1338350,1418.95,1419.8,13611650,975,325,CIPLA,27-FEB-2025
2025-02-03 14:35:51.344482,CIPLA27FEB25F,FUTSTK,1419.7,1338350,1419.0,1419.75,13611650,325,650,CIPLA,27-FEB-2025
2025-02-03 14:35:57.486583,CIPLA27FEB25F,FUTSTK,1419.7,1338350,1419.0,1419.85,13611650,650,650,CIPLA,27-FEB-2025
2025-02-03 14:36:03.689463,CIPLA27FEB25F,FUTSTK,1419.7,1338350,1418.95,1419.65,13611650,975,325,CIPLA,27-FEB-2025
2025-02-03 14:36:09.913375,CIPLA27FEB25F,FUTSTK,1419.7,1338350,1419.0,1419.6,13611650,650,325,CIPLA,27-FEB-2025
2025-02-03 14:36:16.317857,CIPLA27FEB25F,FUTSTK,1419.5,1339000,1419.5,1419.9,13611650,650,650,CIPLA,27-FEB-2025
2025-02-03 14:36:22.586297,CIPLA27FEB25F,FUTSTK,1419.5,1339650,1419.0,1419.5,13611650,650,650,CIPLA,27-FEB-2025
2025-02-03 14:36:30.031925,CIPLA27FEB25F,FUTSTK,1419.05,1340950,1419.0,1419.5,13611650,975,650,CIPLA,27-FEB-2025
2025-02-03 14:36:38.344827,CIPLA27FEB25F,FUTSTK,1419.5,1341275,1419.25,1419.75,13611650,650,650,CIPLA,27-FEB-2025
2025-02-03 14:36:45.591613,CIPLA27FEB25F,FUTSTK,1419.5,1341275,1419.25,1419.75,13611650,650,325,CIPLA,27-FEB-2025
2025-02-03 14:36:51.956318,CIPLA27FEB25F,FUTSTK,1419.8,1341275,1419.25,1419.8,13611650,650,650,CIPLA,27-FEB-2025
2025-02-03 14:36:58.458265,CIPLA27FEB25F,FUTSTK,1419.8,1341600,1419.45,1419.8,13611650,650,325,CIPLA,27-FEB-2025
2025-02-03 14:37:04.728030,CIPLA27FEB25F,FUTSTK,1419.8,1341600,1419.45,1420.0,13611650,650,325,CIPLA,27-FEB-2025
2025-02-03 14:37:11.300510,CIPLA27FEB25F,FUTSTK,1419.45,1341925,1419.45,1420.05,13611650,325,325,CIPLA,27-FEB-2025
2025-02-03 14:37:17.809266,CIPLA27FEB25F,FUTSTK,1419.45,1341925,1419.45,1420.15,13611650,325,650,CIPLA,27-FEB-2025
2025-02-03 14:37:24.099264,CIPLA27FEB25F,FUTSTK,1419.45,1341925,1419.5,1420.1,13611650,975,650,CIPLA,27-FEB-2025
2025-02-03 14:37:30.659246,CIPLA27FEB25F,FUTSTK,1419.5,1342250,1419.5,1419.95,13610025,650,325,CIPLA,27-FEB-2025
2025-02-03 14:37:36.914695,CIPLA27FEB25F,FUTSTK,1419.5,1342250,1419.5,1419.9,13610025,325,650,CIPLA,27-FEB-2025
2025-02-03 14:37:42.999197,CIPLA27FEB25F,FUTSTK,1419.5,1342250,1419.5,1419.85,13610025,1300,325,CIPLA,27-FEB-2025
2025-02-03 14:37:52.064526,CIPLA27FEB25F,FUTSTK,1419.85,1342575,1419.5,1419.9,13610025,1300,325,CIPLA,27-FEB-2025
2025-02-03 14:37:59.585656,CIPLA27FEB25F,FUTSTK,1419.85,1342575,1419.5,1419.85,13610025,1625,650,CIPLA,27-FEB-2025
2025-02-03 14:38:06.071169,CIPLA27FEB25F,FUTSTK,1420.2,1343225,1419.7,1420.45,13610025,650,650,CIPLA,27-FEB-2025
2025-02-03 14:38:12.576216,CIPLA27FEB25F,FUTSTK,1420.2,1343225,1419.7,1420.45,13610025,650,325,CIPLA,27-FEB-2025
2025-02-03 14:38:18.960566,CIPLA27FEB25F,FUTSTK,1420.2,1343225,1420.0,1420.6,13610025,650,975,CIPLA,27-FEB-2025
2025-02-03 14:38:25.683895,CIPLA27FEB25F,FUTSTK,1420.2,1343225,1420.0,1420.6,13610025,1625,325,CIPLA,27-FEB-2025
2025-02-03 14:38:32.013801,CIPLA27FEB25F,FUTSTK,1420.2,1343225,1420.0,1420.6,13610025,1625,325,CIPLA,27-FEB-2025
2025-02-03 14:38:38.344636,CIPLA27FEB25F,FUTSTK,1420.2,1343225,1420.0,1420.6,13610025,1625,650,CIPLA,27-FEB-2025
2025-02-03 14:38:44.564038,CIPLA27FEB25F,FUTSTK,1420.2,1343225,1420.0,1420.6,13610025,1625,650,CIPLA,27-FEB-2025
2025-02-03 14:38:51.358824,CIPLA27FEB25F,FUTSTK,1420.6,1343225,1420.0,1420.6,13610025,1625,650,CIPLA,27-FEB-2025
2025-02-03 14:38:57.774138,CIPLA27FEB25F,FUTSTK,1420.6,1343225,1420.0,1420.6,13610025,1625,650,CIPLA,27-FEB-2025
2025-02-03 14:39:06.403608,CIPLA27FEB25F,FUTSTK,1421.25,1344525,1420.8,1421.25,13610025,975,325,CIPLA,27-FEB-2025
2025-02-03 14:39:14.195858,CIPLA27FEB25F,FUTSTK,1421.25,1344525,1420.8,1421.25,13610025,975,325,CIPLA,27-FEB-2025
2025-02-03 14:39:20.934328,CIPLA27FEB25F,FUTSTK,1420.8,1344525,1420.8,1421.25,13610025,975,325,CIPLA,27-FEB-2025
2025-02-03 14:39:27.762571,CIPLA27FEB25F,FUTSTK,1420.8,1344525,1420.8,1421.25,13610025,975,325,CIPLA,27-FEB-2025
2025-02-03 14:39:33.992854,CIPLA27FEB25F,FUTSTK,1420.8,1344525,1420.8,1421.25,13610025,975,325,CIPLA,27-FEB-2025
2025-02-03 14:39:40.309778,CIPLA27FEB25F,FUTSTK,1420.8,1346800,1419.95,1420.8,13610025,325,325,CIPLA,27-FEB-2025
2025-02-03 14:39:46.918502,CIPLA27FEB25F,FUTSTK,1420.8,1346800,1420.0,1420.4,13610025,975,325,CIPLA,27-FEB-2025
2025-02-03 14:39:53.503095,CIPLA27FEB25F,FUTSTK,1420.8,1346800,1420.0,1420.4,13610025,325,325,CIPLA,27-FEB-2025
2025-02-03 14:40:00.088547,CIPLA27FEB25F,FUTSTK,1420.8,1346800,1419.45,1420.3,13610025,325,325,CIPLA,27-FEB-2025
2025-02-03 14:40:06.603530,CIPLA27FEB25F,FUTSTK,1420.3,1347125,1419.8,1420.6,13610025,325,975,CIPLA,27-FEB-2025
2025-02-03 14:40:13.048124,CIPLA27FEB25F,FUTSTK,1420.3,1347125,1419.7,1420.45,13610025,325,650,CIPLA,27-FEB-2025
2025-02-03 14:40:21.578147,CIPLA27FEB25F,FUTSTK,1420.3,1347125,1419.7,1420.45,13610025,325,650,CIPLA,27-FEB-2025
2025-02-03 14:40:29.990044,CIPLA27FEB25F,FUTSTK,1420.3,1347125,1419.75,1420.25,13610025,325,325,CIPLA,27-FEB-2025
2025-02-03 14:40:37.349855,CIPLA27FEB25F,FUTSTK,1420.3,1347125,1419.75,1420.25,13610025,325,325,CIPLA,27-FEB-2025
2025-02-03 14:40:43.528012,CIPLA27FEB25F,FUTSTK,1420.3,1347125,1419.4,1420.25,13610025,325,325,CIPLA,27-FEB-2025
2025-02-03 14:40:50.011492,CIPLA27FEB25F,FUTSTK,1420.3,1347125,1419.3,1420.2,13610025,325,975,CIPLA,27-FEB-2025
2025-02-03 14:40:56.240907,CIPLA27FEB25F,FUTSTK,1419.55,1347450,1419.55,1420.1,13611975,650,325,CIPLA,27-FEB-2025
2025-02-03 14:41:02.633069,CIPLA27FEB25F,FUTSTK,1419.55,1347450,1419.85,1420.1,13611975,325,325,CIPLA,27-FEB-2025
2025-02-03 14:41:09.064053,CIPLA27FEB25F,FUTSTK,1420.1,1348100,1419.6,1420.15,13611975,650,650,CIPLA,27-FEB-2025
2025-02-03 14:41:15.261637,CIPLA27FEB25F,FUTSTK,1420.1,1348100,1419.3,1420.0,13611975,325,975,CIPLA,27-FEB-2025
2025-02-03 14:41:21.599837,CIPLA27FEB25F,FUTSTK,1420.1,1348100,1419.4,1420.0,13611975,325,650,CIPLA,27-FEB-2025
2025-02-03 14:41:27.926808,CIPLA27FEB25F,FUTSTK,1420.1,1348100,1419.25,1420.0,13611975,650,975,CIPLA,27-FEB-2025
2025-02-03 14:41:34.943655,CIPLA27FEB25F,FUTSTK,1419.0,1348425,1418.9,1419.7,13611975,325,325,CIPLA,27-FEB-2025
2025-02-03 14:41:43.426665,CIPLA27FEB25F,FUTSTK,1419.0,1348425,1418.95,1419.7,13611975,325,325,CIPLA,27-FEB-2025
2025-02-03 14:41:51.194085,CIPLA27FEB25F,FUTSTK,1419.0,1348425,1418.95,1419.7,13611975,325,325,CIPLA,27-FEB-2025
2025-02-03 14:41:57.474344,CIPLA27FEB25F,FUTSTK,1419.0,1348425,1418.95,1419.7,13611975,325,325,CIPLA,27-FEB-2025
2025-02-03 14:42:03.826622,CIPLA27FEB25F,FUTSTK,1419.8,1348425,1419.15,1419.8,13611975,325,650,CIPLA,27-FEB-2025
2025-02-03 14:42:10.270653,CIPLA27FEB25F,FUTSTK,1419.8,1348425,1419.15,1419.8,13611975,325,650,CIPLA,27-FEB-2025
2025-02-03 14:42:16.495354,CIPLA27FEB25F,FUTSTK,1419.8,1348425,1419.15,1419.8,13611975,325,650,CIPLA,27-FEB-2025
2025-02-03 14:42:22.931241,CIPLA27FEB25F,FUTSTK,1419.8,1348425,1419.15,1419.8,13611975,325,650,CIPLA,27-FEB-2025
2025-02-03 14:42:29.554002,CIPLA27FEB25F,FUTSTK,1419.3,1348425,1419.15,1419.8,13611975,325,650,CIPLA,27-FEB-2025
2025-02-03 14:42:35.710849,CIPLA27FEB25F,FUTSTK,1419.4,1349400,1419.15,1419.65,13611975,975,325,CIPLA,27-FEB-2025
2025-02-03 14:42:41.915742,CIPLA27FEB25F,FUTSTK,1419.4,1349400,1419.15,1419.65,13611975,975,325,CIPLA,27-FEB-2025
2025-02-03 14:42:48.294588,CIPLA27FEB25F,FUTSTK,1419.4,1349400,1419.15,1419.65,13611975,975,325,CIPLA,27-FEB-2025
2025-02-03 14:42:57.035959,CIPLA27FEB25F,FUTSTK,1419.4,1349400,1419.15,1419.65,13611975,975,325,CIPLA,27-FEB-2025
2025-02-03 14:43:05.608867,CIPLA27FEB25F,FUTSTK,1419.4,1349725,1419.15,1419.65,13611975,1300,650,CIPLA,27-FEB-2025
2025-02-03 14:43:12.647252,CIPLA27FEB25F,FUTSTK,1419.4,1349725,1419.15,1419.65,13611975,1300,650,CIPLA,27-FEB-2025
2025-02-03 14:43:18.940664,CIPLA27FEB25F,FUTSTK,1419.55,1349725,1419.15,1419.65,13611975,1300,650,CIPLA,27-FEB-2025
2025-02-03 14:43:25.311483,CIPLA27FEB25F,FUTSTK,1419.4,1349725,1419.15,1419.65,13611975,1300,650,CIPLA,27-FEB-2025
2025-02-03 14:43:31.585523,CIPLA27FEB25F,FUTSTK,1419.4,1351350,1419.15,1419.6,13611975,325,325,CIPLA,27-FEB-2025
2025-02-03 14:43:37.977546,CIPLA27FEB25F,FUTSTK,1419.4,1351350,1419.15,1419.6,13611975,325,325,CIPLA,27-FEB-2025
2025-02-03 14:43:44.222541,CIPLA27FEB25F,FUTSTK,1419.15,1351350,1419.15,1419.6,13613600,325,325,CIPLA,27-FEB-2025
2025-02-03 14:43:50.470534,CIPLA27FEB25F,FUTSTK,1419.15,1351350,1419.15,1419.6,13613600,325,325,CIPLA,27-FEB-2025
2025-02-03 14:43:57.053217,CIPLA27FEB25F,FUTSTK,1419.15,1351675,1419.0,1419.75,13613600,650,650,CIPLA,27-FEB-2025
2025-02-03 14:44:03.393319,CIPLA27FEB25F,FUTSTK,1419.15,1351675,1419.0,1419.75,13613600,650,650,CIPLA,27-FEB-2025
2025-02-03 14:44:11.365658,CIPLA27FEB25F,FUTSTK,1419.75,1351675,1419.0,1419.75,13613600,650,650,CIPLA,27-FEB-2025
2025-02-03 14:44:19.394425,CIPLA27FEB25F,FUTSTK,1419.75,1351675,1419.0,1419.75,13613600,650,650,CIPLA,27-FEB-2025
2025-02-03 14:44:26.397670,CIPLA27FEB25F,FUTSTK,1419.75,1352000,1418.7,1419.65,13613600,325,325,CIPLA,27-FEB-2025
2025-02-03 14:44:33.010164,CIPLA27FEB25F,FUTSTK,1419.75,1352000,1418.7,1419.65,13613600,325,325,CIPLA,27-FEB-2025
2025-02-03 14:44:39.260957,CIPLA27FEB25F,FUTSTK,1419.0,1352000,1418.7,1419.65,13613600,325,325,CIPLA,27-FEB-2025
2025-02-03 14:44:45.818625,CIPLA27FEB25F,FUTSTK,1419.0,1352325,1419.0,1419.45,13613600,325,975,CIPLA,27-FEB-2025
2025-02-03 14:44:52.617484,CIPLA27FEB25F,FUTSTK,1419.0,1352650,1418.75,1419.55,13613600,325,325,CIPLA,27-FEB-2025
2025-02-03 14:44:58.864660,CIPLA27FEB25F,FUTSTK,1419.0,1352650,1418.85,1419.55,13613600,650,325,CIPLA,27-FEB-2025
2025-02-03 14:45:05.214754,CIPLA27FEB25F,FUTSTK,1419.0,1352650,1418.9,1419.45,13613600,325,325,CIPLA,27-FEB-2025
2025-02-03 14:45:11.626391,CIPLA27FEB25F,FUTSTK,1419.0,1352650,1418.9,1419.45,13613600,325,650,CIPLA,27-FEB-2025
2025-02-03 14:45:17.818790,CIPLA27FEB25F,FUTSTK,1419.0,1352650,1419.15,1419.45,13613600,325,325,CIPLA,27-FEB-2025
2025-02-03 14:45:24.537700,CIPLA27FEB25F,FUTSTK,1419.85,1353950,1419.5,1420.2,13613600,325,325,CIPLA,27-FEB-2025
2025-02-03 14:45:33.037186,CIPLA27FEB25F,FUTSTK,1419.85,1353950,1419.7,1420.4,13613600,325,325,CIPLA,27-FEB-2025
2025-02-03 14:45:40.546649,CIPLA27FEB25F,FUTSTK,1419.85,1353950,1419.65,1420.4,13613600,325,325,CIPLA,27-FEB-2025
2025-02-03 14:45:48.523788,CIPLA27FEB25F,FUTSTK,1419.85,1353950,1419.65,1420.4,13613600,325,325,CIPLA,27-FEB-2025
2025-02-03 14:45:57.292330,CIPLA27FEB25F,FUTSTK,1419.85,1353950,1419.1,1420.0,13613600,325,325,CIPLA,27-FEB-2025
2025-02-03 14:46:04.862977,CIPLA27FEB25F,FUTSTK,1419.85,1353950,1419.1,1420.0,13613600,325,325,CIPLA,27-FEB-2025
2025-02-03 14:46:11.119662,CIPLA27FEB25F,FUTSTK,1419.85,1353950,1419.1,1420.0,13613600,325,325,CIPLA,27-FEB-2025
2025-02-03 14:46:17.262589,CIPLA27FEB25F,FUTSTK,1418.75,1353950,1419.1,1420.0,13613600,325,325,CIPLA,27-FEB-2025
2025-02-03 14:46:23.451248,CIPLA27FEB25F,FUTSTK,1418.75,1354275,1418.65,1419.4,13613600,325,650,CIPLA,27-FEB-2025
2025-02-03 14:46:29.846875,CIPLA27FEB25F,FUTSTK,1418.75,1354275,1418.65,1419.4,13613600,325,650,CIPLA,27-FEB-2025
2025-02-03 14:46:36.520288,CIPLA27FEB25F,FUTSTK,1418.65,1354275,1418.65,1419.4,13614900,325,650,CIPLA,27-FEB-2025
2025-02-03 14:46:44.337293,CIPLA27FEB25F,FUTSTK,1418.25,1355250,1418.25,1418.95,13614900,650,325,CIPLA,27-FEB-2025
2025-02-03 14:46:52.496312,CIPLA27FEB25F,FUTSTK,1419.15,1356550,1418.4,1419.2,13614900,325,650,CIPLA,27-FEB-2025
2025-02-03 14:46:59.551367,CIPLA27FEB25F,FUTSTK,1419.15,1356550,1418.4,1419.25,13614900,325,650,CIPLA,27-FEB-2025
2025-02-03 14:47:06.046836,CIPLA27FEB25F,FUTSTK,1419.15,1356550,1418.3,1419.2,13614900,325,975,CIPLA,27-FEB-2025
2025-02-03 14:47:13.146971,CIPLA27FEB25F,FUTSTK,1418.35,1357200,1418.4,1419.3,13614900,325,325,CIPLA,27-FEB-2025
2025-02-03 14:47:19.663022,CIPLA27FEB25F,FUTSTK,1418.35,1357200,1418.45,1419.25,13614900,325,325,CIPLA,27-FEB-2025
2025-02-03 14:47:25.964992,CIPLA27FEB25F,FUTSTK,1418.35,1357200,1418.45,1419.25,13614900,325,650,CIPLA,27-FEB-2025
2025-02-03 14:47:32.436638,CIPLA27FEB25F,FUTSTK,1420.75,1360775,1420.4,1421.2,13614900,650,975,CIPLA,27-FEB-2025
2025-02-03 14:47:38.735917,CIPLA27FEB25F,FUTSTK,1420.45,1361425,1419.8,1420.7,13614900,325,325,CIPLA,27-FEB-2025
2025-02-03 14:47:45.269326,CIPLA27FEB25F,FUTSTK,1420.45,1361425,1419.75,1420.45,13614900,325,325,CIPLA,27-FEB-2025
2025-02-03 14:47:51.976828,CIPLA27FEB25F,FUTSTK,1420.45,1361425,1419.65,1420.45,13614900,325,325,CIPLA,27-FEB-2025
2025-02-03 14:47:59.651841,CIPLA27FEB25F,FUTSTK,1420.45,1361425,1419.55,1420.25,13614900,325,325,CIPLA,27-FEB-2025
2025-02-03 14:48:08.050000,CIPLA27FEB25F,FUTSTK,1420.45,1361425,1419.2,1420.05,13614900,325,325,CIPLA,27-FEB-2025
2025-02-03 14:48:15.676863,CIPLA27FEB25F,FUTSTK,1420.45,1361425,1419.3,1420.35,13614900,325,325,CIPLA,27-FEB-2025
2025-02-03 14:48:22.069486,CIPLA27FEB25F,FUTSTK,1420.3,1362075,1419.6,1420.4,13614900,325,650,CIPLA,27-FEB-2025
2025-02-03 14:48:28.571181,CIPLA27FEB25F,FUTSTK,1420.3,1362075,1419.6,1420.3,13614900,325,325,CIPLA,27-FEB-2025
2025-02-03 14:48:34.912440,CIPLA27FEB25F,FUTSTK,1420.3,1362075,1419.45,1420.2,13614900,325,325,CIPLA,27-FEB-2025
2025-02-03 14:48:41.407054,CIPLA27FEB25F,FUTSTK,1419.45,1362400,1419.2,1420.2,13614900,325,325,CIPLA,27-FEB-2025
2025-02-03 14:48:48.035570,CIPLA27FEB25F,FUTSTK,1419.45,1362400,1419.2,1419.7,13614900,325,975,CIPLA,27-FEB-2025
2025-02-03 14:48:54.584398,CIPLA27FEB25F,FUTSTK,1419.45,1362725,1419.0,1419.75,13614900,650,650,CIPLA,27-FEB-2025
2025-02-03 14:49:00.976977,CIPLA27FEB25F,FUTSTK,1419.45,1362725,1418.8,1419.35,13614900,975,325,CIPLA,27-FEB-2025
2025-02-03 14:49:07.603887,CIPLA27FEB25F,FUTSTK,1418.8,1363050,1418.8,1419.25,13614900,325,325,CIPLA,27-FEB-2025
2025-02-03 14:49:14.718555,CIPLA27FEB25F,FUTSTK,1418.8,1363050,1418.9,1419.6,13614900,975,325,CIPLA,27-FEB-2025
2025-02-03 14:49:23.395901,CIPLA27FEB25F,FUTSTK,1418.8,1363050,1418.9,1419.65,13614900,325,325,CIPLA,27-FEB-2025
2025-02-03 14:49:30.910560,CIPLA27FEB25F,FUTSTK,1418.8,1363050,1418.9,1419.45,13614900,325,325,CIPLA,27-FEB-2025
2025-02-03 14:49:37.990478,CIPLA27FEB25F,FUTSTK,1418.8,1363050,1418.9,1419.45,13614900,650,650,CIPLA,27-FEB-2025
2025-02-03 14:49:44.471469,CIPLA27FEB25F,FUTSTK,1418.8,1363050,1418.9,1419.5,13614900,650,325,CIPLA,27-FEB-2025
2025-02-03 14:49:50.915892,CIPLA27FEB25F,FUTSTK,1419.25,1363375,1419.1,1419.25,13615225,325,325,CIPLA,27-FEB-2025
2025-02-03 14:49:57.360180,CIPLA27FEB25F,FUTSTK,1419.1,1363700,1419.1,1419.35,13615225,325,325,CIPLA,27-FEB-2025
2025-02-03 14:50:04.819787,CIPLA27FEB25F,FUTSTK,1419.3,1364025,1419.1,1419.45,13615225,325,650,CIPLA,27-FEB-2025
2025-02-03 14:50:11.707648,CIPLA27FEB25F,FUTSTK,1419.3,1364025,1419.1,1419.45,13615225,325,650,CIPLA,27-FEB-2025
2025-02-03 14:50:18.440010,CIPLA27FEB25F,FUTSTK,1419.3,1364025,1419.1,1419.4,13615225,325,325,CIPLA,27-FEB-2025
2025-02-03 14:50:25.548329,CIPLA27FEB25F,FUTSTK,1419.2,1364025,1419.1,1419.2,13615225,325,325,CIPLA,27-FEB-2025
2025-02-03 14:50:33.180960,CIPLA27FEB25F,FUTSTK,1419.1,1365325,1418.75,1419.35,13615225,325,325,CIPLA,27-FEB-2025
2025-02-03 14:50:41.625599,CIPLA27FEB25F,FUTSTK,1419.1,1365325,1418.45,1419.2,13615225,325,325,CIPLA,27-FEB-2025
2025-02-03 14:50:48.688659,CIPLA27FEB25F,FUTSTK,1419.1,1365325,1418.45,1419.2,13615225,325,325,CIPLA,27-FEB-2025
2025-02-03 14:50:55.820206,CIPLA27FEB25F,FUTSTK,1419.1,1365325,1418.45,1419.2,13615225,325,325,CIPLA,27-FEB-2025
2025-02-03 14:51:03.200568,CIPLA27FEB25F,FUTSTK,1419.1,1365325,1418.45,1419.2,13615225,325,325,CIPLA,27-FEB-2025
2025-02-03 14:51:09.585461,CIPLA27FEB25F,FUTSTK,1419.1,1365325,1418.45,1419.2,13615225,325,325,CIPLA,27-FEB-2025
2025-02-03 14:51:16.073234,CIPLA27FEB25F,FUTSTK,1419.1,1365325,1418.5,1419.1,13615225,650,650,CIPLA,27-FEB-2025
2025-02-03 14:51:22.421045,CIPLA27FEB25F,FUTSTK,1418.85,1365325,1418.5,1419.1,13615225,650,650,CIPLA,27-FEB-2025
2025-02-03 14:51:28.868115,CIPLA27FEB25F,FUTSTK,1419.4,1365325,1418.5,1419.1,13615225,650,650,CIPLA,27-FEB-2025
2025-02-03 14:51:35.529246,CIPLA27FEB25F,FUTSTK,1419.4,1365325,1418.5,1419.1,13615225,650,650,CIPLA,27-FEB-2025
2025-02-03 14:51:41.983002,CIPLA27FEB25F,FUTSTK,1419.4,1367600,1418.6,1419.3,13615225,325,325,CIPLA,27-FEB-2025
2025-02-03 14:51:49.968915,CIPLA27FEB25F,FUTSTK,1419.0,1367925,1418.5,1419.1,13615225,325,325,CIPLA,27-FEB-2025
2025-02-03 14:51:58.585139,CIPLA27FEB25F,FUTSTK,1418.5,1368250,1418.45,1419.0,13615225,325,650,CIPLA,27-FEB-2025
2025-02-03 14:52:05.806420,CIPLA27FEB25F,FUTSTK,1418.5,1368250,1418.45,1418.95,13615225,650,325,CIPLA,27-FEB-2025
2025-02-03 14:52:12.216894,CIPLA27FEB25F,FUTSTK,1418.45,1368575,1418.45,1418.95,13615225,650,325,CIPLA,27-FEB-2025
2025-02-03 14:52:18.676443,CIPLA27FEB25F,FUTSTK,1418.45,1368575,1418.5,1418.95,13615225,650,325,CIPLA,27-FEB-2025
2025-02-03 14:52:25.278041,CIPLA27FEB25F,FUTSTK,1418.45,1368575,1418.5,1418.95,13615225,650,325,CIPLA,27-FEB-2025
2025-02-03 14:52:31.669170,CIPLA27FEB25F,FUTSTK,1418.45,1368575,1418.5,1418.95,13615225,325,325,CIPLA,27-FEB-2025
2025-02-03 14:52:38.262941,CIPLA27FEB25F,FUTSTK,1418.5,1369225,1418.0,1418.7,13619125,325,325,CIPLA,27-FEB-2025
2025-02-03 14:52:44.613069,CIPLA27FEB25F,FUTSTK,1418.5,1369225,1418.0,1418.65,13619125,650,325,CIPLA,27-FEB-2025
2025-02-03 14:52:51.357191,CIPLA27FEB25F,FUTSTK,1418.65,1369225,1418.0,1418.65,13619125,650,325,CIPLA,27-FEB-2025
2025-02-03 14:52:57.696601,CIPLA27FEB25F,FUTSTK,1418.65,1369225,1418.0,1418.65,13619125,650,325,CIPLA,27-FEB-2025
2025-02-03 14:53:04.807335,CIPLA27FEB25F,FUTSTK,1418.9,1369225,1418.0,1418.65,13619125,650,325,CIPLA,27-FEB-2025
2025-02-03 14:53:13.136201,CIPLA27FEB25F,FUTSTK,1418.9,1369875,1418.25,1418.75,13619125,650,325,CIPLA,27-FEB-2025
2025-02-03 14:53:20.490542,CIPLA27FEB25F,FUTSTK,1418.9,1369875,1418.25,1418.75,13619125,650,325,CIPLA,27-FEB-2025
2025-02-03 14:53:26.748445,CIPLA27FEB25F,FUTSTK,1418.35,1369875,1418.25,1418.75,13619125,650,325,CIPLA,27-FEB-2025
2025-02-03 14:53:33.175633,CIPLA27FEB25F,FUTSTK,1418.7,1369875,1418.25,1418.75,13619125,650,325,CIPLA,27-FEB-2025
2025-02-03 14:53:39.360189,CIPLA27FEB25F,FUTSTK,1418.4,1371175,1418.35,1418.8,13619125,975,325,CIPLA,27-FEB-2025
2025-02-03 14:53:45.624156,CIPLA27FEB25F,FUTSTK,1418.4,1371175,1418.35,1418.75,13619125,975,975,CIPLA,27-FEB-2025
2025-02-03 14:53:51.901259,CIPLA27FEB25F,FUTSTK,1418.6,1372475,1418.5,1419.0,13619125,650,325,CIPLA,27-FEB-2025
2025-02-03 14:53:58.349190,CIPLA27FEB25F,FUTSTK,1419.0,1372800,1418.6,1419.25,13619125,325,650,CIPLA,27-FEB-2025
2025-02-03 14:54:04.560218,CIPLA27FEB25F,FUTSTK,1419.1,1373125,1418.6,1419.3,13619125,325,325,CIPLA,27-FEB-2025
2025-02-03 14:54:10.769230,CIPLA27FEB25F,FUTSTK,1418.85,1373450,1418.85,1419.55,13619125,325,325,CIPLA,27-FEB-2025
2025-02-03 14:54:17.128904,CIPLA27FEB25F,FUTSTK,1419.4,1373775,1419.15,1419.4,13619125,325,325,CIPLA,27-FEB-2025
2025-02-03 14:54:25.605203,CIPLA27FEB25F,FUTSTK,1419.65,1374425,1419.2,1419.85,13619125,325,325,CIPLA,27-FEB-2025
2025-02-03 14:54:33.163309,CIPLA27FEB25F,FUTSTK,1419.65,1374425,1419.2,1419.65,13619125,325,325,CIPLA,27-FEB-2025
2025-02-03 14:54:40.060149,CIPLA27FEB25F,FUTSTK,1419.15,1375400,1418.35,1419.0,13619125,325,3575,CIPLA,27-FEB-2025
2025-02-03 14:54:46.332435,CIPLA27FEB25F,FUTSTK,1418.8,1379625,1418.55,1419.25,13619125,325,325,CIPLA,27-FEB-2025
2025-02-03 14:54:53.165793,CIPLA27FEB25F,FUTSTK,1418.8,1379625,1418.75,1419.35,13619125,325,3575,CIPLA,27-FEB-2025
2025-02-03 14:54:59.377353,CIPLA27FEB25F,FUTSTK,1418.8,1379625,1418.85,1419.6,13619125,650,650,CIPLA,27-FEB-2025
2025-02-03 14:55:05.731568,CIPLA27FEB25F,FUTSTK,1418.8,1379625,1418.9,1419.15,13619125,650,3250,CIPLA,27-FEB-2025
2025-02-03 14:55:12.063188,CIPLA27FEB25F,FUTSTK,1419.55,1383525,1419.4,1420.0,13619125,650,650,CIPLA,27-FEB-2025
2025-02-03 14:55:18.588751,CIPLA27FEB25F,FUTSTK,1419.55,1383525,1419.5,1419.95,13619125,975,650,CIPLA,27-FEB-2025
2025-02-03 14:55:25.242094,CIPLA27FEB25F,FUTSTK,1419.55,1383525,1419.5,1419.95,13619125,650,325,CIPLA,27-FEB-2025
2025-02-03 14:55:31.678907,CIPLA27FEB25F,FUTSTK,1419.9,1383850,1419.5,1420.0,13617500,1300,975,CIPLA,27-FEB-2025
2025-02-03 14:55:39.479981,CIPLA27FEB25F,FUTSTK,1420.35,1386450,1420.2,1420.4,13617500,325,650,CIPLA,27-FEB-2025
2025-02-03 14:55:47.536032,CIPLA27FEB25F,FUTSTK,1420.1,1387100,1419.45,1420.0,13617500,325,650,CIPLA,27-FEB-2025
2025-02-03 14:55:54.613066,CIPLA27FEB25F,FUTSTK,1419.45,1387425,1419.2,1419.6,13617500,325,325,CIPLA,27-FEB-2025
2025-02-03 14:56:01.155876,CIPLA27FEB25F,FUTSTK,1419.45,1387425,1419.1,1419.6,13617500,325,650,CIPLA,27-FEB-2025
2025-02-03 14:56:07.462691,CIPLA27FEB25F,FUTSTK,1419.6,1388075,1419.45,1420.15,13617500,325,325,CIPLA,27-FEB-2025
2025-02-03 14:56:14.349718,CIPLA27FEB25F,FUTSTK,1419.6,1388075,1419.95,1420.6,13617500,325,325,CIPLA,27-FEB-2025
2025-02-03 14:56:20.860272,CIPLA27FEB25F,FUTSTK,1420.2,1389050,1419.65,1420.4,13617500,325,3575,CIPLA,27-FEB-2025
2025-02-03 14:56:27.559436,CIPLA27FEB25F,FUTSTK,1419.9,1393600,1419.65,1420.35,13617500,325,325,CIPLA,27-FEB-2025
2025-02-03 14:56:37.337308,CIPLA27FEB25F,FUTSTK,1419.85,1394250,1419.9,1420.2,13617500,325,3250,CIPLA,27-FEB-2025
2025-02-03 14:56:43.726973,CIPLA27FEB25F,FUTSTK,1420.2,1394900,1419.8,1420.2,13617500,325,2925,CIPLA,27-FEB-2025
2025-02-03 14:56:50.403970,CIPLA27FEB25F,FUTSTK,1420.2,1394900,1419.85,1420.3,13617500,1300,2925,CIPLA,27-FEB-2025
2025-02-03 14:57:00.141865,CIPLA27FEB25F,FUTSTK,1420.4,1399775,1420.35,1420.9,13617500,650,325,CIPLA,27-FEB-2025
2025-02-03 14:57:07.528854,CIPLA27FEB25F,FUTSTK,1420.55,1401075,1420.35,1420.9,13617500,325,325,CIPLA,27-FEB-2025
2025-02-03 14:57:14.264664,CIPLA27FEB25F,FUTSTK,1420.65,1401400,1420.35,1421.05,13617500,650,325,CIPLA,27-FEB-2025
2025-02-03 14:57:20.780947,CIPLA27FEB25F,FUTSTK,1420.65,1401400,1420.35,1420.95,13617500,650,325,CIPLA,27-FEB-2025
2025-02-03 14:57:27.644034,CIPLA27FEB25F,FUTSTK,1420.65,1401400,1420.35,1420.95,13617500,650,325,CIPLA,27-FEB-2025
2025-02-03 14:57:34.098487,CIPLA27FEB25F,FUTSTK,1420.65,1401400,1420.6,1420.95,13617500,325,325,CIPLA,27-FEB-2025
2025-02-03 14:57:40.427291,CIPLA27FEB25F,FUTSTK,1420.65,1401725,1420.6,1420.95,13617500,325,325,CIPLA,27-FEB-2025
2025-02-03 14:57:46.789593,CIPLA27FEB25F,FUTSTK,1420.95,1402050,1420.7,1421.2,13617500,650,325,CIPLA,27-FEB-2025
2025-02-03 14:57:53.221135,CIPLA27FEB25F,FUTSTK,1421.65,1403350,1421.0,1421.4,13617500,325,325,CIPLA,27-FEB-2025
2025-02-03 14:57:59.583424,CIPLA27FEB25F,FUTSTK,1421.65,1403350,1421.1,1421.6,13617500,325,325,CIPLA,27-FEB-2025
2025-02-03 14:58:05.972816,CIPLA27FEB25F,FUTSTK,1421.1,1403675,1421.1,1421.6,13617500,650,325,CIPLA,27-FEB-2025
2025-02-03 14:58:14.397065,CIPLA27FEB25F,FUTSTK,1421.3,1404325,1421.25,1421.8,13617500,975,325,CIPLA,27-FEB-2025
2025-02-03 14:58:23.125954,CIPLA27FEB25F,FUTSTK,1421.8,1404325,1421.4,1421.8,13617500,650,325,CIPLA,27-FEB-2025
2025-02-03 14:58:29.663159,CIPLA27FEB25F,FUTSTK,1421.8,1404650,1421.5,1421.85,13617500,1625,325,CIPLA,27-FEB-2025
2025-02-03 14:58:38.047412,CIPLA27FEB25F,FUTSTK,1421.85,1404975,1421.65,1421.9,13614575,650,325,CIPLA,27-FEB-2025
2025-02-03 14:58:44.481493,CIPLA27FEB25F,FUTSTK,1421.9,1405300,1421.9,1422.1,13614575,1950,325,CIPLA,27-FEB-2025
2025-02-03 14:58:51.335135,CIPLA27FEB25F,FUTSTK,1422.35,1405300,1421.9,1422.1,13614575,1950,325,CIPLA,27-FEB-2025
2025-02-03 14:58:58.198997,CIPLA27FEB25F,FUTSTK,1422.8,1407575,1422.25,1422.45,13614575,325,325,CIPLA,27-FEB-2025
2025-02-03 14:59:04.685011,CIPLA27FEB25F,FUTSTK,1422.45,1407575,1422.25,1422.45,13614575,325,325,CIPLA,27-FEB-2025
2025-02-03 14:59:12.520985,CIPLA27FEB25F,FUTSTK,1423.05,1407575,1422.25,1422.45,13614575,325,325,CIPLA,27-FEB-2025
2025-02-03 14:59:18.999171,CIPLA27FEB25F,FUTSTK,1423.05,1407575,1422.25,1422.45,13614575,325,325,CIPLA,27-FEB-2025
2025-02-03 14:59:26.020911,CIPLA27FEB25F,FUTSTK,1422.65,1408875,1422.65,1422.75,13614575,325,325,CIPLA,27-FEB-2025
2025-02-03 14:59:34.700460,CIPLA27FEB25F,FUTSTK,1422.9,1408875,1422.65,1422.75,13614575,325,325,CIPLA,27-FEB-2025
2025-02-03 14:59:42.190858,CIPLA27FEB25F,FUTSTK,1422.9,1414725,1422.65,1423.05,13614575,650,325,CIPLA,27-FEB-2025
2025-02-03 14:59:48.916543,CIPLA27FEB25F,FUTSTK,1423.05,1415375,1422.65,1423.2,13614575,325,325,CIPLA,27-FEB-2025
2025-02-03 14:59:55.387412,CIPLA27FEB25F,FUTSTK,1423.05,1415375,1422.85,1423.4,13614575,975,325,CIPLA,27-FEB-2025
2025-02-03 15:00:02.172116,CIPLA27FEB25F,FUTSTK,1422.85,1416025,1423.55,1424.15,13614575,325,325,CIPLA,27-FEB-2025
2025-02-03 15:00:08.594835,CIPLA27FEB25F,FUTSTK,1423.95,1416675,1423.85,1424.6,13614575,650,650,CIPLA,27-FEB-2025
2025-02-03 15:00:15.120372,CIPLA27FEB25F,FUTSTK,1424.7,1417325,1424.25,1424.75,13614575,325,650,CIPLA,27-FEB-2025
2025-02-03 15:00:21.670988,CIPLA27FEB25F,FUTSTK,1424.75,1417650,1424.6,1425.0,13614575,325,325,CIPLA,27-FEB-2025
2025-02-03 15:00:28.086384,CIPLA27FEB25F,FUTSTK,1424.6,1417975,1424.65,1425.0,13614575,650,325,CIPLA,27-FEB-2025
2025-02-03 15:00:34.640090,CIPLA27FEB25F,FUTSTK,1424.9,1418625,1424.9,1425.5,13614575,325,650,CIPLA,27-FEB-2025
2025-02-03 15:00:41.191936,CIPLA27FEB25F,FUTSTK,1424.6,1421225,1423.8,1424.6,13614575,325,325,CIPLA,27-FEB-2025
2025-02-03 15:00:50.374771,CIPLA27FEB25F,FUTSTK,1424.6,1421225,1423.5,1424.25,13614575,975,325,CIPLA,27-FEB-2025
2025-02-03 15:00:57.796674,CIPLA27FEB25F,FUTSTK,1424.6,1421225,1423.5,1424.2,13614575,975,325,CIPLA,27-FEB-2025
2025-02-03 15:01:05.615518,CIPLA27FEB25F,FUTSTK,1423.65,1421550,1423.7,1424.2,13614575,1300,325,CIPLA,27-FEB-2025
2025-02-03 15:01:14.004851,CIPLA27FEB25F,FUTSTK,1424.2,1421875,1424.0,1424.75,13614575,325,325,CIPLA,27-FEB-2025
2025-02-03 15:01:21.202127,CIPLA27FEB25F,FUTSTK,1424.65,1422200,1424.1,1424.9,13614575,1625,325,CIPLA,27-FEB-2025
2025-02-03 15:01:27.785728,CIPLA27FEB25F,FUTSTK,1424.9,1423825,1424.45,1425.0,13614575,1950,325,CIPLA,27-FEB-2025
2025-02-03 15:01:34.222647,CIPLA27FEB25F,FUTSTK,1425.55,1424475,1424.8,1425.7,13616525,650,325,CIPLA,27-FEB-2025
2025-02-03 15:01:40.801480,CIPLA27FEB25F,FUTSTK,1425.6,1424475,1425.25,1425.6,13616525,650,325,CIPLA,27-FEB-2025
2025-02-03 15:01:47.241826,CIPLA27FEB25F,FUTSTK,1425.6,1424800,1425.45,1425.9,13616525,975,325,CIPLA,27-FEB-2025
2025-02-03 15:01:53.868951,CIPLA27FEB25F,FUTSTK,1425.9,1425125,1425.5,1426.25,13616525,325,325,CIPLA,27-FEB-2025
2025-02-03 15:02:01.819145,CIPLA27FEB25F,FUTSTK,1425.85,1426100,1425.8,1426.45,13616525,325,325,CIPLA,27-FEB-2025
2025-02-03 15:02:10.023178,CIPLA27FEB25F,FUTSTK,1426.5,1426425,1426.15,1426.55,13616525,1300,325,CIPLA,27-FEB-2025
2025-02-03 15:02:17.390278,CIPLA27FEB25F,FUTSTK,1426.15,1429025,1425.85,1426.35,13616525,325,325,CIPLA,27-FEB-2025
2025-02-03 15:02:24.130221,CIPLA27FEB25F,FUTSTK,1425.85,1429350,1425.6,1425.85,13616525,325,325,CIPLA,27-FEB-2025
2025-02-03 15:02:30.540004,CIPLA27FEB25F,FUTSTK,1425.85,1429350,1425.6,1425.85,13616525,325,325,CIPLA,27-FEB-2025
2025-02-03 15:02:37.163467,CIPLA27FEB25F,FUTSTK,1425.85,1429675,1425.75,1426.1,13616525,325,325,CIPLA,27-FEB-2025
2025-02-03 15:02:43.363819,CIPLA27FEB25F,FUTSTK,1425.8,1430325,1426.05,1426.3,13616525,325,325,CIPLA,27-FEB-2025
2025-02-03 15:02:49.863182,CIPLA27FEB25F,FUTSTK,1426.3,1430650,1426.15,1426.55,13616525,325,325,CIPLA,27-FEB-2025
2025-02-03 15:02:56.332063,CIPLA27FEB25F,FUTSTK,1426.3,1430650,1426.25,1426.55,13616525,325,325,CIPLA,27-FEB-2025
2025-02-03 15:03:02.891980,CIPLA27FEB25F,FUTSTK,1426.45,1431625,1426.4,1426.8,13616525,325,650,CIPLA,27-FEB-2025
2025-02-03 15:03:09.508637,CIPLA27FEB25F,FUTSTK,1426.8,1431950,1426.45,1426.9,13616525,975,650,CIPLA,27-FEB-2025
2025-02-03 15:03:17.505533,CIPLA27FEB25F,FUTSTK,1427.0,1432600,1426.95,1427.3,13616525,325,650,CIPLA,27-FEB-2025
2025-02-03 15:03:26.466474,CIPLA27FEB25F,FUTSTK,1426.95,1433900,1427.0,1427.55,13616525,1300,975,CIPLA,27-FEB-2025
2025-02-03 15:03:33.493878,CIPLA27FEB25F,FUTSTK,1427.0,1435850,1426.85,1427.4,13616525,325,325,CIPLA,27-FEB-2025
2025-02-03 15:03:39.828532,CIPLA27FEB25F,FUTSTK,1427.0,1435850,1426.9,1427.55,13616525,650,325,CIPLA,27-FEB-2025
2025-02-03 15:03:46.287627,CIPLA27FEB25F,FUTSTK,1426.85,1437150,1426.25,1426.95,13616525,325,650,CIPLA,27-FEB-2025
2025-02-03 15:03:52.936212,CIPLA27FEB25F,FUTSTK,1426.55,1437475,1426.3,1426.95,13616525,325,325,CIPLA,27-FEB-2025
2025-02-03 15:03:59.368095,CIPLA27FEB25F,FUTSTK,1426.3,1438125,1426.35,1426.9,13616525,325,325,CIPLA,27-FEB-2025
2025-02-03 15:04:06.027536,CIPLA27FEB25F,FUTSTK,1426.3,1438125,1426.4,1426.9,13616525,975,325,CIPLA,27-FEB-2025
2025-02-03 15:04:12.460474,CIPLA27FEB25F,FUTSTK,1426.3,1438125,1426.45,1426.9,13616525,650,325,CIPLA,27-FEB-2025
2025-02-03 15:04:18.788253,CIPLA27FEB25F,FUTSTK,1426.3,1438125,1426.4,1426.9,13616525,325,325,CIPLA,27-FEB-2025
2025-02-03 15:04:25.362128,CIPLA27FEB25F,FUTSTK,1426.3,1438125,1426.45,1426.9,13616525,650,975,CIPLA,27-FEB-2025
2025-02-03 15:04:32.532027,CIPLA27FEB25F,FUTSTK,1426.9,1438450,1426.65,1426.9,13618800,975,650,CIPLA,27-FEB-2025
2025-02-03 15:04:41.068059,CIPLA27FEB25F,FUTSTK,1426.9,1438775,1426.65,1426.85,13618800,975,650,CIPLA,27-FEB-2025
2025-02-03 15:04:48.446697,CIPLA27FEB25F,FUTSTK,1426.9,1440725,1426.65,1427.05,13618800,325,325,CIPLA,27-FEB-2025
2025-02-03 15:04:55.092303,CIPLA27FEB25F,FUTSTK,1426.9,1440725,1426.65,1427.0,13618800,650,325,CIPLA,27-FEB-2025
2025-02-03 15:05:01.366919,CIPLA27FEB25F,FUTSTK,1426.9,1440725,1426.65,1427.0,13618800,650,650,CIPLA,27-FEB-2025
2025-02-03 15:05:07.833353,CIPLA27FEB25F,FUTSTK,1426.9,1440725,1426.65,1426.9,13618800,650,650,CIPLA,27-FEB-2025
2025-02-03 15:05:14.232931,CIPLA27FEB25F,FUTSTK,1426.85,1441700,1426.65,1426.85,13618800,325,1950,CIPLA,27-FEB-2025
2025-02-03 15:05:21.398298,CIPLA27FEB25F,FUTSTK,1426.65,1442025,1426.2,1426.7,13618800,650,325,CIPLA,27-FEB-2025
2025-02-03 15:05:27.948049,CIPLA27FEB25F,FUTSTK,1426.2,1442350,1426.05,1426.7,13618800,325,650,CIPLA,27-FEB-2025
