timestamp,symbol,instrument,ltp,volume,bid,ask,oi,bid_qty,ask_qty,stock_name,expiry
2025-02-03 09:30:10.689412,HCLTECH27FEB25F,FUTSTK,1696.4,418950,1696.15,1697.0,19402250,350,1400,HCLTECH,27-FEB-2025
2025-02-03 09:32:39.120760,HCLTECH27FEB25F,FUTSTK,1695.25,485100,1694.25,1695.3,19415550,350,350,HCLTECH,27-FEB-2025
2025-02-03 09:32:46.760634,HCLTECH27FEB25F,FUTSTK,1693.95,492450,1693.95,1694.45,19415550,700,350,HCLTECH,27-FEB-2025
2025-02-03 09:33:00.834562,HCLTECH27FEB25F,FUTSTK,1694.5,495950,1694.55,1695.2,19415550,1050,700,HCLTECH,27-FEB-2025
2025-02-03 09:33:12.064897,HCLTECH27FEB25F,FUTSTK,1696.1,502600,1695.15,1696.1,19415550,350,700,HCLTECH,27-FEB-2025
2025-02-03 09:33:26.671944,HCLTECH27FEB25F,FUTSTK,1695.45,506450,1695.3,1695.75,19415550,350,350,HCLTECH,27-FEB-2025
2025-02-03 09:33:34.629581,HCLTECH27FEB25F,FUTSTK,1695.15,510300,1694.75,1695.75,19415550,2100,700,HCLTECH,27-FEB-2025
2025-02-03 09:33:42.235199,HCLTECH27FEB25F,FUTSTK,1694.35,513100,1694.35,1694.8,19413100,350,1400,HCLTECH,27-FEB-2025
2025-02-03 09:33:50.053170,HCLTECH27FEB25F,FUTSTK,1696.0,517300,1695.25,1696.5,19413100,350,350,HCLTECH,27-FEB-2025
2025-02-03 09:33:58.410243,HCLTECH27FEB25F,FUTSTK,1694.75,518700,1694.2,1695.05,19413100,1050,700,HCLTECH,27-FEB-2025
2025-02-03 09:34:10.165932,HCLTECH27FEB25F,FUTSTK,1695.5,520800,1694.55,1695.4,19413100,1050,350,HCLTECH,27-FEB-2025
2025-02-03 09:34:23.396900,HCLTECH27FEB25F,FUTSTK,1694.35,527450,1694.05,1694.35,19413100,700,350,HCLTECH,27-FEB-2025
2025-02-03 09:34:31.376002,HCLTECH27FEB25F,FUTSTK,1694.0,530600,1693.05,1694.15,19413100,350,700,HCLTECH,27-FEB-2025
2025-02-03 09:34:39.313070,HCLTECH27FEB25F,FUTSTK,1692.75,533750,1692.75,1693.15,19413100,1400,700,HCLTECH,27-FEB-2025
2025-02-03 09:34:46.643980,HCLTECH27FEB25F,FUTSTK,1691.55,537600,1691.35,1692.0,19413100,350,350,HCLTECH,27-FEB-2025
2025-02-03 09:34:56.761241,HCLTECH27FEB25F,FUTSTK,1690.6,548100,1690.8,1691.2,19413100,700,350,HCLTECH,27-FEB-2025
2025-02-03 09:35:14.317654,HCLTECH27FEB25F,FUTSTK,1693.25,553350,1691.6,1692.65,19413100,1050,350,HCLTECH,27-FEB-2025
2025-02-03 09:35:33.040461,HCLTECH27FEB25F,FUTSTK,1691.4,561400,1690.8,1691.7,19413100,350,700,HCLTECH,27-FEB-2025
2025-02-03 09:35:45.178057,HCLTECH27FEB25F,FUTSTK,1692.45,563150,1691.4,1692.35,19413100,1050,350,HCLTECH,27-FEB-2025
2025-02-03 09:35:56.601437,HCLTECH27FEB25F,FUTSTK,1694.35,566650,1693.7,1694.8,19413100,350,350,HCLTECH,27-FEB-2025
2025-02-03 09:36:04.828673,HCLTECH27FEB25F,FUTSTK,1695.65,569100,1695.05,1695.7,19413100,350,350,HCLTECH,27-FEB-2025
2025-02-03 09:36:12.911593,HCLTECH27FEB25F,FUTSTK,1693.9,573650,1693.5,1694.6,19413100,350,350,HCLTECH,27-FEB-2025
2025-02-03 09:36:21.623829,HCLTECH27FEB25F,FUTSTK,1694.8,577500,1694.2,1695.0,19413100,1050,350,HCLTECH,27-FEB-2025
2025-02-03 09:36:29.355470,HCLTECH27FEB25F,FUTSTK,1694.1,580300,1693.35,1694.1,19413100,700,700,HCLTECH,27-FEB-2025
2025-02-03 09:36:39.787252,HCLTECH27FEB25F,FUTSTK,1694.3,581000,1692.15,1693.05,19413100,1050,350,HCLTECH,27-FEB-2025
2025-02-03 09:36:52.072659,HCLTECH27FEB25F,FUTSTK,1692.1,587650,1691.65,1692.7,19410300,350,350,HCLTECH,27-FEB-2025
2025-02-03 09:37:00.878188,HCLTECH27FEB25F,FUTSTK,1691.95,588000,1691.0,1691.9,19410300,350,350,HCLTECH,27-FEB-2025
2025-02-03 09:37:09.855335,HCLTECH27FEB25F,FUTSTK,1691.45,589400,1691.75,1692.55,19410300,700,350,HCLTECH,27-FEB-2025
2025-02-03 09:37:17.208727,HCLTECH27FEB25F,FUTSTK,1692.3,593250,1691.85,1692.8,19410300,700,350,HCLTECH,27-FEB-2025
2025-02-03 09:37:25.181401,HCLTECH27FEB25F,FUTSTK,1693.9,593600,1693.45,1694.2,19410300,350,700,HCLTECH,27-FEB-2025
2025-02-03 09:37:32.996811,HCLTECH27FEB25F,FUTSTK,1694.45,594650,1694.1,1694.5,19410300,350,350,HCLTECH,27-FEB-2025
2025-02-03 09:37:42.014472,HCLTECH27FEB25F,FUTSTK,1694.0,603750,1693.7,1694.0,19410300,700,1050,HCLTECH,27-FEB-2025
2025-02-03 09:37:51.325264,HCLTECH27FEB25F,FUTSTK,1695.0,607950,1694.6,1695.5,19410300,1050,700,HCLTECH,27-FEB-2025
2025-02-03 09:38:02.250337,HCLTECH27FEB25F,FUTSTK,1695.35,613200,1694.9,1695.45,19410300,350,350,HCLTECH,27-FEB-2025
2025-02-03 09:38:12.645619,HCLTECH27FEB25F,FUTSTK,1696.2,616700,1695.3,1696.35,19410300,700,1050,HCLTECH,27-FEB-2025
2025-02-03 09:38:22.172938,HCLTECH27FEB25F,FUTSTK,1694.7,617050,1694.65,1695.25,19410300,350,350,HCLTECH,27-FEB-2025
2025-02-03 09:38:29.941115,HCLTECH27FEB25F,FUTSTK,1695.25,617400,1695.15,1695.7,19410300,350,350,HCLTECH,27-FEB-2025
2025-02-03 09:38:37.493118,HCLTECH27FEB25F,FUTSTK,1695.75,618100,1695.7,1696.55,19410300,1050,350,HCLTECH,27-FEB-2025
2025-02-03 09:38:47.569722,HCLTECH27FEB25F,FUTSTK,1696.0,619850,1696.0,1696.6,19410300,1400,700,HCLTECH,27-FEB-2025
2025-02-03 09:38:58.633076,HCLTECH27FEB25F,FUTSTK,1695.4,630350,1695.2,1696.15,19410300,350,350,HCLTECH,27-FEB-2025
2025-02-03 09:39:06.989042,HCLTECH27FEB25F,FUTSTK,1695.15,634200,1694.95,1695.8,19410300,350,350,HCLTECH,27-FEB-2025
2025-02-03 09:39:18.459920,HCLTECH27FEB25F,FUTSTK,1696.1,638050,1695.95,1696.85,19410300,350,350,HCLTECH,27-FEB-2025
2025-02-03 09:39:31.526679,HCLTECH27FEB25F,FUTSTK,1698.65,643650,1697.65,1698.75,19410300,350,700,HCLTECH,27-FEB-2025
2025-02-03 09:39:39.878063,HCLTECH27FEB25F,FUTSTK,1697.65,646100,1696.95,1697.65,19435150,350,350,HCLTECH,27-FEB-2025
2025-02-03 09:39:47.946752,HCLTECH27FEB25F,FUTSTK,1698.65,647150,1698.2,1698.65,19435150,700,350,HCLTECH,27-FEB-2025
2025-02-03 09:39:55.618354,HCLTECH27FEB25F,FUTSTK,1700.0,652050,1699.65,1700.3,19435150,350,350,HCLTECH,27-FEB-2025
2025-02-03 09:40:05.079589,HCLTECH27FEB25F,FUTSTK,1701.05,657300,1701.0,1701.9,19435150,1050,350,HCLTECH,27-FEB-2025
2025-02-03 09:40:16.134412,HCLTECH27FEB25F,FUTSTK,1703.65,663250,1703.15,1703.75,19435150,350,350,HCLTECH,27-FEB-2025
2025-02-03 09:40:26.429727,HCLTECH27FEB25F,FUTSTK,1703.95,667800,1703.3,1704.3,19435150,1050,700,HCLTECH,27-FEB-2025
2025-02-03 09:40:38.530415,HCLTECH27FEB25F,FUTSTK,1704.0,674800,1703.8,1704.8,19435150,1750,350,HCLTECH,27-FEB-2025
2025-02-03 09:40:51.853249,HCLTECH27FEB25F,FUTSTK,1706.9,679350,1706.25,1707.0,19435150,700,350,HCLTECH,27-FEB-2025
2025-02-03 09:40:59.307112,HCLTECH27FEB25F,FUTSTK,1706.7,683200,1706.7,1707.45,19435150,350,350,HCLTECH,27-FEB-2025
2025-02-03 09:41:07.024663,HCLTECH27FEB25F,FUTSTK,1706.9,685300,1706.1,1707.1,19435150,1400,350,HCLTECH,27-FEB-2025
2025-02-03 09:41:14.659876,HCLTECH27FEB25F,FUTSTK,1706.1,686700,1706.1,1706.55,19435150,700,1050,HCLTECH,27-FEB-2025
2025-02-03 09:41:23.392542,HCLTECH27FEB25F,FUTSTK,1706.0,687750,1705.0,1705.95,19435150,350,700,HCLTECH,27-FEB-2025
2025-02-03 09:41:32.483069,HCLTECH27FEB25F,FUTSTK,1704.95,690200,1704.55,1705.75,19435150,350,350,HCLTECH,27-FEB-2025
2025-02-03 09:41:40.981771,HCLTECH27FEB25F,FUTSTK,1702.8,697200,1703.0,1704.0,19435150,350,1400,HCLTECH,27-FEB-2025
2025-02-03 09:41:54.826687,HCLTECH27FEB25F,FUTSTK,1702.7,699300,1702.3,1703.35,19435150,700,350,HCLTECH,27-FEB-2025
2025-02-03 09:42:05.270707,HCLTECH27FEB25F,FUTSTK,1704.25,700700,1704.0,1705.05,19435150,700,350,HCLTECH,27-FEB-2025
2025-02-03 09:42:13.281372,HCLTECH27FEB25F,FUTSTK,1704.35,701400,1704.35,1705.1,19435150,350,350,HCLTECH,27-FEB-2025
2025-02-03 09:42:21.534509,HCLTECH27FEB25F,FUTSTK,1705.45,703850,1704.7,1705.95,19435150,700,350,HCLTECH,27-FEB-2025
2025-02-03 09:42:29.548700,HCLTECH27FEB25F,FUTSTK,1704.6,704550,1704.25,1704.9,19435150,700,350,HCLTECH,27-FEB-2025
2025-02-03 09:42:37.477223,HCLTECH27FEB25F,FUTSTK,1704.25,706300,1704.0,1704.6,19435150,350,350,HCLTECH,27-FEB-2025
2025-02-03 09:42:45.118858,HCLTECH27FEB25F,FUTSTK,1705.55,707000,1705.5,1706.0,19391400,700,700,HCLTECH,27-FEB-2025
2025-02-03 09:42:52.974070,HCLTECH27FEB25F,FUTSTK,1706.0,710150,1705.2,1706.3,19391400,350,350,HCLTECH,27-FEB-2025
2025-02-03 09:43:00.956799,HCLTECH27FEB25F,FUTSTK,1703.9,713300,1704.0,1705.0,19391400,350,700,HCLTECH,27-FEB-2025
2025-02-03 09:43:11.158152,HCLTECH27FEB25F,FUTSTK,1705.2,718900,1705.2,1705.7,19391400,700,350,HCLTECH,27-FEB-2025
2025-02-03 09:43:21.510577,HCLTECH27FEB25F,FUTSTK,1706.0,720650,1705.45,1706.0,19391400,350,350,HCLTECH,27-FEB-2025
2025-02-03 09:43:29.114381,HCLTECH27FEB25F,FUTSTK,1706.25,726600,1706.25,1706.85,19391400,700,350,HCLTECH,27-FEB-2025
2025-02-03 09:43:36.758396,HCLTECH27FEB25F,FUTSTK,1705.5,728000,1704.6,1705.3,19391400,1400,350,HCLTECH,27-FEB-2025
2025-02-03 09:43:44.330789,HCLTECH27FEB25F,FUTSTK,1704.5,730450,1704.3,1705.05,19391400,350,700,HCLTECH,27-FEB-2025
2025-02-03 09:43:53.246563,HCLTECH27FEB25F,FUTSTK,1705.25,731500,1704.3,1705.25,19391400,1050,1050,HCLTECH,27-FEB-2025
2025-02-03 09:44:01.282252,HCLTECH27FEB25F,FUTSTK,1703.3,731850,1702.9,1703.95,19391400,1050,700,HCLTECH,27-FEB-2025
2025-02-03 09:44:09.119166,HCLTECH27FEB25F,FUTSTK,1702.0,732200,1702.35,1703.1,19391400,350,350,HCLTECH,27-FEB-2025
2025-02-03 09:44:18.035700,HCLTECH27FEB25F,FUTSTK,1701.85,735000,1701.65,1702.7,19391400,350,350,HCLTECH,27-FEB-2025
2025-02-03 09:44:28.483363,HCLTECH27FEB25F,FUTSTK,1701.8,736750,1701.5,1702.25,19391400,350,350,HCLTECH,27-FEB-2025
2025-02-03 09:44:37.433738,HCLTECH27FEB25F,FUTSTK,1702.3,737450,1701.05,1702.0,19391400,700,350,HCLTECH,27-FEB-2025
2025-02-03 09:44:44.964017,HCLTECH27FEB25F,FUTSTK,1700.75,739200,1700.75,1701.7,19391400,1050,700,HCLTECH,27-FEB-2025
2025-02-03 09:44:52.759906,HCLTECH27FEB25F,FUTSTK,1701.05,740600,1701.0,1701.7,19391400,700,350,HCLTECH,27-FEB-2025
2025-02-03 09:45:01.051553,HCLTECH27FEB25F,FUTSTK,1700.0,743050,1700.0,1700.6,19391400,350,700,HCLTECH,27-FEB-2025
2025-02-03 09:45:08.668992,HCLTECH27FEB25F,FUTSTK,1700.7,744100,1700.0,1700.65,19391400,350,350,HCLTECH,27-FEB-2025
2025-02-03 09:45:17.318050,HCLTECH27FEB25F,FUTSTK,1700.7,746550,1699.45,1700.35,19391400,700,350,HCLTECH,27-FEB-2025
2025-02-03 09:45:33.114124,HCLTECH27FEB25F,FUTSTK,1699.9,749700,1698.95,1699.9,19391400,350,350,HCLTECH,27-FEB-2025
2025-02-03 09:45:44.293212,HCLTECH27FEB25F,FUTSTK,1700.2,751100,1700.0,1700.4,19404350,350,1050,HCLTECH,27-FEB-2025
2025-02-03 09:45:54.253925,HCLTECH27FEB25F,FUTSTK,1699.35,755300,1699.0,1699.65,19404350,350,350,HCLTECH,27-FEB-2025
2025-02-03 09:46:01.886978,HCLTECH27FEB25F,FUTSTK,1698.95,757400,1698.45,1699.2,19404350,1050,350,HCLTECH,27-FEB-2025
2025-02-03 09:46:10.034317,HCLTECH27FEB25F,FUTSTK,1698.8,759500,1698.15,1699.05,19404350,1400,350,HCLTECH,27-FEB-2025
2025-02-03 09:46:17.885821,HCLTECH27FEB25F,FUTSTK,1698.1,761250,1697.4,1698.3,19404350,1050,700,HCLTECH,27-FEB-2025
2025-02-03 09:46:25.671319,HCLTECH27FEB25F,FUTSTK,1697.55,761600,1697.25,1698.15,19404350,700,350,HCLTECH,27-FEB-2025
2025-02-03 09:46:33.281602,HCLTECH27FEB25F,FUTSTK,1697.45,762650,1696.75,1697.85,19404350,1050,350,HCLTECH,27-FEB-2025
2025-02-03 09:46:41.117015,HCLTECH27FEB25F,FUTSTK,1698.25,764050,1697.6,1698.4,19404350,350,350,HCLTECH,27-FEB-2025
2025-02-03 09:46:51.075093,HCLTECH27FEB25F,FUTSTK,1698.25,764050,1697.65,1698.15,19404350,700,350,HCLTECH,27-FEB-2025
2025-02-03 09:47:01.033969,HCLTECH27FEB25F,FUTSTK,1698.25,764750,1698.05,1698.25,19404350,350,350,HCLTECH,27-FEB-2025
2025-02-03 09:47:09.960535,HCLTECH27FEB25F,FUTSTK,1697.45,766150,1696.9,1697.95,19404350,350,700,HCLTECH,27-FEB-2025
2025-02-03 09:47:18.659236,HCLTECH27FEB25F,FUTSTK,1697.0,766850,1696.0,1696.8,19404350,350,350,HCLTECH,27-FEB-2025
2025-02-03 09:47:32.975539,HCLTECH27FEB25F,FUTSTK,1695.55,767550,1694.95,1695.85,19404350,350,700,HCLTECH,27-FEB-2025
2025-02-03 09:47:57.338434,HCLTECH27FEB25F,FUTSTK,1693.65,770000,1693.65,1694.7,19404350,350,350,HCLTECH,27-FEB-2025
2025-02-03 09:48:05.272277,HCLTECH27FEB25F,FUTSTK,1694.2,772800,1693.7,1694.25,19404350,350,350,HCLTECH,27-FEB-2025
2025-02-03 09:48:18.069051,HCLTECH27FEB25F,FUTSTK,1693.3,775600,1692.5,1693.25,19404350,700,350,HCLTECH,27-FEB-2025
2025-02-03 09:48:27.912384,HCLTECH27FEB25F,FUTSTK,1692.8,777700,1692.85,1693.9,19404350,700,350,HCLTECH,27-FEB-2025
2025-02-03 09:48:36.879135,HCLTECH27FEB25F,FUTSTK,1693.5,780500,1693.15,1694.1,19404350,350,700,HCLTECH,27-FEB-2025
2025-02-03 09:48:44.834860,HCLTECH27FEB25F,FUTSTK,1694.15,781550,1693.2,1694.25,19391050,350,700,HCLTECH,27-FEB-2025
2025-02-03 09:48:55.163970,HCLTECH27FEB25F,FUTSTK,1694.15,781900,1693.0,1694.0,19391050,350,1050,HCLTECH,27-FEB-2025
2025-02-03 09:49:03.671670,HCLTECH27FEB25F,FUTSTK,1693.5,782600,1693.0,1693.65,19391050,350,350,HCLTECH,27-FEB-2025
2025-02-03 09:49:13.547883,HCLTECH27FEB25F,FUTSTK,1693.65,782950,1693.35,1693.95,19391050,350,350,HCLTECH,27-FEB-2025
2025-02-03 09:49:24.816599,HCLTECH27FEB25F,FUTSTK,1694.3,785400,1693.95,1694.95,19391050,350,350,HCLTECH,27-FEB-2025
2025-02-03 09:49:37.241798,HCLTECH27FEB25F,FUTSTK,1693.6,787150,1693.5,1694.35,19391050,350,350,HCLTECH,27-FEB-2025
2025-02-03 09:49:46.399856,HCLTECH27FEB25F,FUTSTK,1693.5,787850,1693.15,1694.05,19391050,350,700,HCLTECH,27-FEB-2025
2025-02-03 09:49:56.925244,HCLTECH27FEB25F,FUTSTK,1693.25,788900,1692.65,1693.5,19391050,350,350,HCLTECH,27-FEB-2025
2025-02-03 09:50:06.125391,HCLTECH27FEB25F,FUTSTK,1693.6,789250,1693.15,1693.95,19391050,1050,350,HCLTECH,27-FEB-2025
2025-02-03 09:50:14.924231,HCLTECH27FEB25F,FUTSTK,1693.95,791350,1693.35,1694.0,19391050,350,350,HCLTECH,27-FEB-2025
2025-02-03 09:50:24.509311,HCLTECH27FEB25F,FUTSTK,1694.45,792050,1693.35,1694.2,19391050,1750,1050,HCLTECH,27-FEB-2025
2025-02-03 09:50:33.725145,HCLTECH27FEB25F,FUTSTK,1693.45,797650,1692.85,1693.7,19391050,350,350,HCLTECH,27-FEB-2025
2025-02-03 09:50:44.188338,HCLTECH27FEB25F,FUTSTK,1693.0,798000,1692.85,1693.9,19391050,350,1400,HCLTECH,27-FEB-2025
2025-02-03 09:50:56.242089,HCLTECH27FEB25F,FUTSTK,1694.45,798700,1693.9,1694.8,19391050,350,350,HCLTECH,27-FEB-2025
2025-02-03 09:51:04.671442,HCLTECH27FEB25F,FUTSTK,1693.6,799050,1693.55,1694.55,19391050,350,350,HCLTECH,27-FEB-2025
2025-02-03 09:51:12.734135,HCLTECH27FEB25F,FUTSTK,1695.35,800800,1694.7,1695.65,19391050,350,350,HCLTECH,27-FEB-2025
2025-02-03 09:51:21.234346,HCLTECH27FEB25F,FUTSTK,1695.15,801500,1694.8,1695.7,19391050,350,350,HCLTECH,27-FEB-2025
2025-02-03 09:51:29.355227,HCLTECH27FEB25F,FUTSTK,1695.15,801500,1693.9,1695.0,19391050,350,700,HCLTECH,27-FEB-2025
2025-02-03 09:51:37.625862,HCLTECH27FEB25F,FUTSTK,1694.65,801850,1693.4,1694.4,19391050,350,350,HCLTECH,27-FEB-2025
2025-02-03 09:51:46.332801,HCLTECH27FEB25F,FUTSTK,1693.05,802550,1693.05,1693.9,19397350,700,350,HCLTECH,27-FEB-2025
2025-02-03 09:51:54.179862,HCLTECH27FEB25F,FUTSTK,1692.55,803600,1692.4,1693.5,19397350,350,350,HCLTECH,27-FEB-2025
2025-02-03 09:52:06.612731,HCLTECH27FEB25F,FUTSTK,1692.6,804650,1691.95,1692.6,19397350,350,350,HCLTECH,27-FEB-2025
2025-02-03 09:52:17.172763,HCLTECH27FEB25F,FUTSTK,1692.4,805700,1692.45,1693.1,19397350,700,700,HCLTECH,27-FEB-2025
2025-02-03 09:52:27.246177,HCLTECH27FEB25F,FUTSTK,1692.5,806400,1692.5,1692.85,19397350,700,350,HCLTECH,27-FEB-2025
2025-02-03 09:52:34.970862,HCLTECH27FEB25F,FUTSTK,1692.5,807100,1691.5,1692.45,19397350,350,1050,HCLTECH,27-FEB-2025
2025-02-03 09:52:42.730944,HCLTECH27FEB25F,FUTSTK,1693.0,810600,1692.9,1693.55,19397350,350,350,HCLTECH,27-FEB-2025
2025-02-03 09:52:50.815210,HCLTECH27FEB25F,FUTSTK,1693.15,811650,1692.5,1693.5,19397350,350,700,HCLTECH,27-FEB-2025
2025-02-03 09:52:58.175091,HCLTECH27FEB25F,FUTSTK,1693.65,812000,1691.75,1692.7,19397350,350,350,HCLTECH,27-FEB-2025
2025-02-03 09:53:06.008006,HCLTECH27FEB25F,FUTSTK,1691.7,812700,1691.6,1692.7,19397350,350,350,HCLTECH,27-FEB-2025
2025-02-03 09:53:16.066460,HCLTECH27FEB25F,FUTSTK,1692.3,814800,1692.35,1692.9,19397350,350,350,HCLTECH,27-FEB-2025
2025-02-03 09:53:25.303169,HCLTECH27FEB25F,FUTSTK,1692.7,816900,1692.15,1693.15,19397350,350,350,HCLTECH,27-FEB-2025
2025-02-03 09:53:35.676600,HCLTECH27FEB25F,FUTSTK,1692.0,817950,1691.9,1692.8,19397350,350,700,HCLTECH,27-FEB-2025
2025-02-03 09:53:43.439038,HCLTECH27FEB25F,FUTSTK,1693.4,819700,1692.6,1693.5,19397350,1050,700,HCLTECH,27-FEB-2025
2025-02-03 09:53:51.253233,HCLTECH27FEB25F,FUTSTK,1693.4,819700,1692.4,1693.45,19397350,350,1050,HCLTECH,27-FEB-2025
2025-02-03 09:53:59.190725,HCLTECH27FEB25F,FUTSTK,1692.3,820050,1692.3,1693.2,19397350,350,1050,HCLTECH,27-FEB-2025
2025-02-03 09:54:06.935036,HCLTECH27FEB25F,FUTSTK,1692.8,820750,1691.95,1692.85,19397350,1750,700,HCLTECH,27-FEB-2025
2025-02-03 09:54:15.011971,HCLTECH27FEB25F,FUTSTK,1692.0,822500,1691.45,1692.5,19397350,350,350,HCLTECH,27-FEB-2025
2025-02-03 09:54:22.562370,HCLTECH27FEB25F,FUTSTK,1692.0,822500,1691.1,1692.15,19397350,350,350,HCLTECH,27-FEB-2025
2025-02-03 09:54:32.417166,HCLTECH27FEB25F,FUTSTK,1692.0,822500,1691.2,1692.1,19397350,350,350,HCLTECH,27-FEB-2025
2025-02-03 09:54:43.500854,HCLTECH27FEB25F,FUTSTK,1692.75,823550,1691.5,1692.5,19397350,700,350,HCLTECH,27-FEB-2025
2025-02-03 09:54:52.080880,HCLTECH27FEB25F,FUTSTK,1690.5,828100,1690.0,1690.85,19390350,1400,700,HCLTECH,27-FEB-2025
2025-02-03 09:55:02.035852,HCLTECH27FEB25F,FUTSTK,1689.0,830200,1689.0,1689.55,19390350,350,700,HCLTECH,27-FEB-2025
2025-02-03 09:55:09.699489,HCLTECH27FEB25F,FUTSTK,1690.5,832650,1689.05,1690.0,19390350,350,350,HCLTECH,27-FEB-2025
2025-02-03 09:55:17.988823,HCLTECH27FEB25F,FUTSTK,1690.8,834400,1690.15,1691.3,19390350,350,700,HCLTECH,27-FEB-2025
2025-02-03 09:55:26.997021,HCLTECH27FEB25F,FUTSTK,1691.15,835450,1690.95,1692.0,19390350,350,1050,HCLTECH,27-FEB-2025
2025-02-03 09:55:34.951205,HCLTECH27FEB25F,FUTSTK,1691.15,835450,1691.05,1691.75,19390350,350,350,HCLTECH,27-FEB-2025
2025-02-03 09:55:44.631709,HCLTECH27FEB25F,FUTSTK,1690.3,838600,1690.05,1691.1,19390350,350,350,HCLTECH,27-FEB-2025
2025-02-03 09:55:56.618431,HCLTECH27FEB25F,FUTSTK,1689.5,839650,1689.7,1690.6,19390350,700,350,HCLTECH,27-FEB-2025
2025-02-03 09:56:06.146717,HCLTECH27FEB25F,FUTSTK,1690.5,840700,1690.4,1691.3,19390350,350,350,HCLTECH,27-FEB-2025
2025-02-03 09:56:14.394424,HCLTECH27FEB25F,FUTSTK,1690.5,841750,1689.95,1691.0,19390350,350,700,HCLTECH,27-FEB-2025
2025-02-03 09:56:21.987580,HCLTECH27FEB25F,FUTSTK,1690.2,842450,1690.25,1690.9,19390350,700,700,HCLTECH,27-FEB-2025
2025-02-03 09:56:29.847742,HCLTECH27FEB25F,FUTSTK,1691.15,844900,1691.0,1692.05,19390350,350,1050,HCLTECH,27-FEB-2025
2025-02-03 09:56:37.537662,HCLTECH27FEB25F,FUTSTK,1691.0,845950,1690.65,1691.6,19390350,1050,700,HCLTECH,27-FEB-2025
2025-02-03 09:56:45.298199,HCLTECH27FEB25F,FUTSTK,1690.15,847350,1690.0,1690.9,19390350,350,350,HCLTECH,27-FEB-2025
2025-02-03 09:56:54.951049,HCLTECH27FEB25F,FUTSTK,1690.15,847350,1689.85,1690.85,19390350,350,700,HCLTECH,27-FEB-2025
2025-02-03 09:57:04.482848,HCLTECH27FEB25F,FUTSTK,1691.2,848400,1691.35,1691.8,19390350,350,700,HCLTECH,27-FEB-2025
2025-02-03 09:57:17.171237,HCLTECH27FEB25F,FUTSTK,1690.85,850500,1690.55,1691.4,19390350,700,350,HCLTECH,27-FEB-2025
2025-02-03 09:57:27.753112,HCLTECH27FEB25F,FUTSTK,1690.5,851900,1689.65,1690.65,19390350,350,350,HCLTECH,27-FEB-2025
2025-02-03 09:57:37.679994,HCLTECH27FEB25F,FUTSTK,1689.6,852950,1689.1,1690.1,19390350,1400,700,HCLTECH,27-FEB-2025
2025-02-03 09:57:45.696550,HCLTECH27FEB25F,FUTSTK,1688.95,853650,1689.05,1689.6,19390350,350,350,HCLTECH,27-FEB-2025
2025-02-03 09:57:53.153979,HCLTECH27FEB25F,FUTSTK,1689.6,854350,1689.6,1690.5,19394200,350,350,HCLTECH,27-FEB-2025
2025-02-03 09:58:01.089365,HCLTECH27FEB25F,FUTSTK,1689.6,855050,1689.5,1690.2,19394200,350,350,HCLTECH,27-FEB-2025
2025-02-03 09:58:08.730781,HCLTECH27FEB25F,FUTSTK,1689.95,859600,1689.85,1690.85,19394200,350,350,HCLTECH,27-FEB-2025
2025-02-03 09:58:15.960566,HCLTECH27FEB25F,FUTSTK,1689.9,860300,1689.9,1690.35,19394200,700,350,HCLTECH,27-FEB-2025
2025-02-03 09:58:27.839617,HCLTECH27FEB25F,FUTSTK,1689.75,861350,1689.05,1689.9,19394200,700,350,HCLTECH,27-FEB-2025
2025-02-03 09:58:38.514977,HCLTECH27FEB25F,FUTSTK,1689.15,862050,1688.65,1689.3,19394200,1050,350,HCLTECH,27-FEB-2025
2025-02-03 09:58:46.517468,HCLTECH27FEB25F,FUTSTK,1689.3,862400,1688.3,1689.0,19394200,350,350,HCLTECH,27-FEB-2025
2025-02-03 09:58:54.452505,HCLTECH27FEB25F,FUTSTK,1689.4,863100,1689.4,1690.3,19394200,1400,350,HCLTECH,27-FEB-2025
2025-02-03 09:59:02.704889,HCLTECH27FEB25F,FUTSTK,1689.85,864150,1689.4,1690.45,19394200,350,700,HCLTECH,27-FEB-2025
2025-02-03 09:59:13.570108,HCLTECH27FEB25F,FUTSTK,1690.15,865200,1690.15,1691.05,19394200,350,350,HCLTECH,27-FEB-2025
2025-02-03 09:59:29.093519,HCLTECH27FEB25F,FUTSTK,1691.0,865550,1690.25,1691.2,19394200,350,350,HCLTECH,27-FEB-2025
2025-02-03 09:59:41.825294,HCLTECH27FEB25F,FUTSTK,1689.5,865900,1688.75,1689.85,19394200,350,350,HCLTECH,27-FEB-2025
2025-02-03 09:59:52.440231,HCLTECH27FEB25F,FUTSTK,1689.45,866250,1689.25,1689.85,19394200,700,350,HCLTECH,27-FEB-2025
2025-02-03 10:00:00.563992,HCLTECH27FEB25F,FUTSTK,1690.65,868000,1689.8,1690.55,19394200,350,350,HCLTECH,27-FEB-2025
2025-02-03 10:00:08.405964,HCLTECH27FEB25F,FUTSTK,1689.45,868700,1689.0,1689.6,19394200,350,700,HCLTECH,27-FEB-2025
2025-02-03 10:00:16.566616,HCLTECH27FEB25F,FUTSTK,1689.0,869050,1689.1,1689.75,19394200,350,350,HCLTECH,27-FEB-2025
2025-02-03 10:00:29.216854,HCLTECH27FEB25F,FUTSTK,1690.05,871850,1690.35,1691.2,19394200,350,350,HCLTECH,27-FEB-2025
2025-02-03 10:00:40.252752,HCLTECH27FEB25F,FUTSTK,1690.95,872550,1690.65,1691.65,19394200,350,1050,HCLTECH,27-FEB-2025
2025-02-03 10:00:51.970051,HCLTECH27FEB25F,FUTSTK,1691.0,874650,1690.2,1691.05,19397700,700,350,HCLTECH,27-FEB-2025
2025-02-03 10:01:03.328758,HCLTECH27FEB25F,FUTSTK,1689.6,875000,1689.65,1690.55,19397700,350,350,HCLTECH,27-FEB-2025
2025-02-03 10:01:14.135000,HCLTECH27FEB25F,FUTSTK,1690.5,875700,1690.05,1690.5,19397700,700,700,HCLTECH,27-FEB-2025
2025-02-03 10:01:22.497554,HCLTECH27FEB25F,FUTSTK,1690.75,877100,1690.5,1691.1,19397700,350,350,HCLTECH,27-FEB-2025
2025-02-03 10:01:31.327754,HCLTECH27FEB25F,FUTSTK,1690.7,878150,1690.1,1690.9,19397700,350,350,HCLTECH,27-FEB-2025
2025-02-03 10:01:38.838023,HCLTECH27FEB25F,FUTSTK,1690.1,878500,1689.8,1690.65,19397700,350,350,HCLTECH,27-FEB-2025
2025-02-03 10:01:46.765338,HCLTECH27FEB25F,FUTSTK,1690.1,878500,1689.8,1690.65,19397700,350,700,HCLTECH,27-FEB-2025
2025-02-03 10:01:55.135530,HCLTECH27FEB25F,FUTSTK,1689.1,878500,1689.8,1690.65,19397700,350,700,HCLTECH,27-FEB-2025
2025-02-03 10:02:02.908097,HCLTECH27FEB25F,FUTSTK,1688.6,879900,1688.6,1689.45,19397700,350,350,HCLTECH,27-FEB-2025
2025-02-03 10:02:14.152744,HCLTECH27FEB25F,FUTSTK,1688.0,879900,1688.6,1689.45,19397700,350,350,HCLTECH,27-FEB-2025
2025-02-03 10:02:25.137564,HCLTECH27FEB25F,FUTSTK,1688.0,879900,1688.6,1689.45,19397700,350,350,HCLTECH,27-FEB-2025
2025-02-03 10:02:37.133246,HCLTECH27FEB25F,FUTSTK,1687.55,882000,1687.55,1688.1,19397700,700,350,HCLTECH,27-FEB-2025
2025-02-03 10:02:48.622138,HCLTECH27FEB25F,FUTSTK,1687.2,883050,1687.0,1687.75,19397700,350,350,HCLTECH,27-FEB-2025
2025-02-03 10:03:00.159105,HCLTECH27FEB25F,FUTSTK,1688.5,885150,1687.75,1688.75,19397700,350,700,HCLTECH,27-FEB-2025
2025-02-03 10:03:09.829186,HCLTECH27FEB25F,FUTSTK,1688.5,885150,1688.25,1689.05,19397700,350,350,HCLTECH,27-FEB-2025
2025-02-03 10:03:17.609249,HCLTECH27FEB25F,FUTSTK,1688.5,885150,1688.0,1688.9,19397700,350,350,HCLTECH,27-FEB-2025
2025-02-03 10:03:25.926408,HCLTECH27FEB25F,FUTSTK,1688.5,885150,1688.3,1689.05,19397700,350,350,HCLTECH,27-FEB-2025
2025-02-03 10:03:41.729021,HCLTECH27FEB25F,FUTSTK,1688.4,885500,1688.1,1689.0,19397700,350,350,HCLTECH,27-FEB-2025
2025-02-03 10:03:51.426020,HCLTECH27FEB25F,FUTSTK,1688.6,886900,1688.1,1688.95,19402600,350,350,HCLTECH,27-FEB-2025
2025-02-03 10:03:59.136475,HCLTECH27FEB25F,FUTSTK,1688.2,887250,1687.45,1688.4,19402600,350,350,HCLTECH,27-FEB-2025
2025-02-03 10:04:06.983719,HCLTECH27FEB25F,FUTSTK,1688.2,887250,1687.0,1688.05,19402600,1050,350,HCLTECH,27-FEB-2025
2025-02-03 10:04:15.305043,HCLTECH27FEB25F,FUTSTK,1688.15,887250,1687.4,1688.0,19402600,1050,350,HCLTECH,27-FEB-2025
2025-02-03 10:04:26.079726,HCLTECH27FEB25F,FUTSTK,1688.5,888300,1688.15,1689.0,19402600,350,350,HCLTECH,27-FEB-2025
2025-02-03 10:04:41.032025,HCLTECH27FEB25F,FUTSTK,1687.9,889000,1687.4,1688.3,19402600,1400,350,HCLTECH,27-FEB-2025
2025-02-03 10:04:53.242872,HCLTECH27FEB25F,FUTSTK,1688.3,889350,1687.45,1688.3,19402600,350,350,HCLTECH,27-FEB-2025
2025-02-03 10:05:02.585928,HCLTECH27FEB25F,FUTSTK,1688.3,889350,1687.25,1688.25,19402600,350,350,HCLTECH,27-FEB-2025
2025-02-03 10:05:10.310853,HCLTECH27FEB25F,FUTSTK,1688.3,889350,1687.25,1688.3,19402600,350,350,HCLTECH,27-FEB-2025
2025-02-03 10:05:18.435006,HCLTECH27FEB25F,FUTSTK,1688.3,889350,1686.9,1687.9,19402600,1050,700,HCLTECH,27-FEB-2025
2025-02-03 10:05:26.267012,HCLTECH27FEB25F,FUTSTK,1688.3,889350,1686.9,1687.95,19402600,350,350,HCLTECH,27-FEB-2025
2025-02-03 10:05:33.602177,HCLTECH27FEB25F,FUTSTK,1686.8,889700,1687.1,1688.0,19402600,1050,350,HCLTECH,27-FEB-2025
2025-02-03 10:05:40.883727,HCLTECH27FEB25F,FUTSTK,1686.8,889700,1686.75,1687.9,19402600,700,350,HCLTECH,27-FEB-2025
2025-02-03 10:05:48.517861,HCLTECH27FEB25F,FUTSTK,1686.8,889700,1686.75,1687.4,19402600,1050,350,HCLTECH,27-FEB-2025
2025-02-03 10:05:55.989612,HCLTECH27FEB25F,FUTSTK,1686.8,889700,1686.75,1687.6,19402600,1050,700,HCLTECH,27-FEB-2025
2025-02-03 10:06:07.207852,HCLTECH27FEB25F,FUTSTK,1688.0,890400,1688.15,1688.9,19402600,700,350,HCLTECH,27-FEB-2025
2025-02-03 10:06:17.093131,HCLTECH27FEB25F,FUTSTK,1688.95,890750,1688.25,1688.95,19402600,700,350,HCLTECH,27-FEB-2025
2025-02-03 10:06:24.808108,HCLTECH27FEB25F,FUTSTK,1686.55,892150,1686.55,1687.1,19402600,700,350,HCLTECH,27-FEB-2025
2025-02-03 10:06:33.144445,HCLTECH27FEB25F,FUTSTK,1687.2,893550,1687.1,1688.0,19402600,350,700,HCLTECH,27-FEB-2025
2025-02-03 10:06:41.466248,HCLTECH27FEB25F,FUTSTK,1687.2,893550,1687.75,1688.9,19402600,350,350,HCLTECH,27-FEB-2025
2025-02-03 10:06:49.310539,HCLTECH27FEB25F,FUTSTK,1687.2,893550,1688.3,1688.85,19402600,700,700,HCLTECH,27-FEB-2025
2025-02-03 10:07:04.727243,HCLTECH27FEB25F,FUTSTK,1687.25,895650,1686.6,1687.55,19401900,700,350,HCLTECH,27-FEB-2025
2025-02-03 10:07:16.639921,HCLTECH27FEB25F,FUTSTK,1686.6,897050,1686.9,1687.5,19401900,350,350,HCLTECH,27-FEB-2025
2025-02-03 10:07:29.044808,HCLTECH27FEB25F,FUTSTK,1687.75,898450,1687.4,1688.45,19401900,350,700,HCLTECH,27-FEB-2025
2025-02-03 10:07:37.490102,HCLTECH27FEB25F,FUTSTK,1688.25,900550,1687.95,1688.95,19401900,350,350,HCLTECH,27-FEB-2025
2025-02-03 10:07:45.040953,HCLTECH27FEB25F,FUTSTK,1688.25,900550,1687.35,1688.35,19401900,350,350,HCLTECH,27-FEB-2025
2025-02-03 10:07:52.515539,HCLTECH27FEB25F,FUTSTK,1689.0,902650,1688.7,1689.6,19401900,350,700,HCLTECH,27-FEB-2025
2025-02-03 10:08:00.296098,HCLTECH27FEB25F,FUTSTK,1689.0,902650,1688.25,1689.05,19401900,1050,350,HCLTECH,27-FEB-2025
2025-02-03 10:08:08.517758,HCLTECH27FEB25F,FUTSTK,1688.4,904400,1688.35,1688.95,19401900,350,350,HCLTECH,27-FEB-2025
2025-02-03 10:08:16.245908,HCLTECH27FEB25F,FUTSTK,1688.0,906500,1687.45,1688.3,19401900,350,700,HCLTECH,27-FEB-2025
2025-02-03 10:08:23.781473,HCLTECH27FEB25F,FUTSTK,1687.65,907900,1687.2,1688.3,19401900,700,700,HCLTECH,27-FEB-2025
2025-02-03 10:08:31.813265,HCLTECH27FEB25F,FUTSTK,1687.65,907900,1687.65,1688.4,19401900,700,700,HCLTECH,27-FEB-2025
2025-02-03 10:08:42.736094,HCLTECH27FEB25F,FUTSTK,1687.65,907900,1688.15,1688.95,19401900,350,700,HCLTECH,27-FEB-2025
2025-02-03 10:08:51.965064,HCLTECH27FEB25F,FUTSTK,1688.25,908250,1688.3,1688.95,19401900,700,350,HCLTECH,27-FEB-2025
2025-02-03 10:09:02.735859,HCLTECH27FEB25F,FUTSTK,1688.45,909300,1688.35,1689.4,19401900,1050,350,HCLTECH,27-FEB-2025
2025-02-03 10:09:14.519844,HCLTECH27FEB25F,FUTSTK,1688.35,910350,1688.35,1688.9,19401900,700,700,HCLTECH,27-FEB-2025
2025-02-03 10:09:24.595781,HCLTECH27FEB25F,FUTSTK,1688.35,910700,1688.3,1689.2,19401900,700,1050,HCLTECH,27-FEB-2025
2025-02-03 10:09:33.780088,HCLTECH27FEB25F,FUTSTK,1689.2,912450,1689.25,1689.9,19401900,350,350,HCLTECH,27-FEB-2025
2025-02-03 10:09:41.571575,HCLTECH27FEB25F,FUTSTK,1689.65,913150,1689.7,1690.75,19401900,350,350,HCLTECH,27-FEB-2025
2025-02-03 10:09:50.884164,HCLTECH27FEB25F,FUTSTK,1690.55,914550,1690.0,1691.0,19400850,350,350,HCLTECH,27-FEB-2025
2025-02-03 10:10:01.997344,HCLTECH27FEB25F,FUTSTK,1690.55,915600,1689.75,1690.6,19400850,350,350,HCLTECH,27-FEB-2025
2025-02-03 10:10:10.331610,HCLTECH27FEB25F,FUTSTK,1690.55,915600,1689.5,1690.4,19400850,350,350,HCLTECH,27-FEB-2025
2025-02-03 10:10:18.959043,HCLTECH27FEB25F,FUTSTK,1690.55,915600,1689.2,1690.0,19400850,350,350,HCLTECH,27-FEB-2025
2025-02-03 10:10:26.730805,HCLTECH27FEB25F,FUTSTK,1689.5,916650,1689.25,1690.2,19400850,1050,350,HCLTECH,27-FEB-2025
2025-02-03 10:10:34.332299,HCLTECH27FEB25F,FUTSTK,1689.95,917350,1690.05,1691.05,19400850,350,350,HCLTECH,27-FEB-2025
2025-02-03 10:10:42.597585,HCLTECH27FEB25F,FUTSTK,1690.05,917700,1690.05,1691.1,19400850,700,350,HCLTECH,27-FEB-2025
2025-02-03 10:10:50.468817,HCLTECH27FEB25F,FUTSTK,1690.45,918050,1690.95,1691.8,19400850,1400,350,HCLTECH,27-FEB-2025
2025-02-03 10:10:57.893339,HCLTECH27FEB25F,FUTSTK,1691.4,918400,1690.65,1691.6,19400850,1050,350,HCLTECH,27-FEB-2025
2025-02-03 10:11:08.647547,HCLTECH27FEB25F,FUTSTK,1689.95,919100,1689.9,1690.8,19400850,1750,350,HCLTECH,27-FEB-2025
2025-02-03 10:11:19.231539,HCLTECH27FEB25F,FUTSTK,1689.95,919100,1690.25,1691.1,19400850,2100,350,HCLTECH,27-FEB-2025
2025-02-03 10:11:27.564733,HCLTECH27FEB25F,FUTSTK,1689.95,919100,1690.6,1691.0,19400850,350,350,HCLTECH,27-FEB-2025
2025-02-03 10:11:35.723195,HCLTECH27FEB25F,FUTSTK,1691.0,919450,1690.6,1691.0,19400850,700,350,HCLTECH,27-FEB-2025
2025-02-03 10:11:43.049588,HCLTECH27FEB25F,FUTSTK,1689.9,920850,1689.5,1690.3,19400850,1400,350,HCLTECH,27-FEB-2025
2025-02-03 10:11:50.411878,HCLTECH27FEB25F,FUTSTK,1690.05,921200,1689.2,1690.15,19400850,350,350,HCLTECH,27-FEB-2025
2025-02-03 10:11:58.048620,HCLTECH27FEB25F,FUTSTK,1690.05,921200,1689.15,1690.1,19400850,1400,700,HCLTECH,27-FEB-2025
2025-02-03 10:12:05.913874,HCLTECH27FEB25F,FUTSTK,1688.75,922250,1688.3,1689.15,19400850,1400,350,HCLTECH,27-FEB-2025
2025-02-03 10:12:13.936957,HCLTECH27FEB25F,FUTSTK,1688.75,922250,1687.0,1687.95,19400850,350,700,HCLTECH,27-FEB-2025
2025-02-03 10:12:23.349461,HCLTECH27FEB25F,FUTSTK,1688.75,922250,1687.0,1687.95,19400850,1750,350,HCLTECH,27-FEB-2025
2025-02-03 10:12:33.942959,HCLTECH27FEB25F,FUTSTK,1687.4,924000,1687.45,1688.0,19400850,350,350,HCLTECH,27-FEB-2025
2025-02-03 10:12:42.658123,HCLTECH27FEB25F,FUTSTK,1688.0,924350,1688.05,1688.75,19400850,700,700,HCLTECH,27-FEB-2025
2025-02-03 10:12:50.542263,HCLTECH27FEB25F,FUTSTK,1688.0,924350,1688.05,1688.75,19400850,700,350,HCLTECH,27-FEB-2025
2025-02-03 10:13:03.905967,HCLTECH27FEB25F,FUTSTK,1688.8,924700,1688.8,1689.75,19402600,700,350,HCLTECH,27-FEB-2025
2025-02-03 10:13:14.652989,HCLTECH27FEB25F,FUTSTK,1688.8,924700,1688.8,1689.45,19402600,1050,700,HCLTECH,27-FEB-2025
2025-02-03 10:13:25.575546,HCLTECH27FEB25F,FUTSTK,1688.35,925750,1688.3,1689.2,19402600,1050,700,HCLTECH,27-FEB-2025
2025-02-03 10:13:33.221799,HCLTECH27FEB25F,FUTSTK,1689.0,926450,1689.0,1689.65,19402600,1750,350,HCLTECH,27-FEB-2025
2025-02-03 10:13:45.345379,HCLTECH27FEB25F,FUTSTK,1689.65,926800,1688.8,1689.45,19402600,700,350,HCLTECH,27-FEB-2025
2025-02-03 10:13:56.386534,HCLTECH27FEB25F,FUTSTK,1689.65,926800,1689.05,1689.35,19402600,1050,350,HCLTECH,27-FEB-2025
2025-02-03 10:14:05.264666,HCLTECH27FEB25F,FUTSTK,1689.35,928550,1688.05,1688.85,19402600,700,350,HCLTECH,27-FEB-2025
2025-02-03 10:14:13.226023,HCLTECH27FEB25F,FUTSTK,1689.0,929600,1688.2,1689.1,19402600,1050,350,HCLTECH,27-FEB-2025
2025-02-03 10:14:20.872162,HCLTECH27FEB25F,FUTSTK,1687.75,929950,1687.9,1688.7,19402600,350,350,HCLTECH,27-FEB-2025
2025-02-03 10:14:28.340635,HCLTECH27FEB25F,FUTSTK,1689.25,931000,1688.75,1689.65,19402600,350,350,HCLTECH,27-FEB-2025
2025-02-03 10:14:37.534411,HCLTECH27FEB25F,FUTSTK,1689.25,931000,1688.25,1689.0,19402600,350,350,HCLTECH,27-FEB-2025
2025-02-03 10:14:44.900697,HCLTECH27FEB25F,FUTSTK,1688.25,931350,1688.15,1688.65,19402600,1400,1050,HCLTECH,27-FEB-2025
2025-02-03 10:14:52.896760,HCLTECH27FEB25F,FUTSTK,1688.25,934500,1687.8,1688.6,19402600,350,350,HCLTECH,27-FEB-2025
2025-02-03 10:15:07.834158,HCLTECH27FEB25F,FUTSTK,1687.7,935200,1687.6,1688.25,19402600,350,1050,HCLTECH,27-FEB-2025
2025-02-03 10:15:17.514445,HCLTECH27FEB25F,FUTSTK,1687.7,935200,1687.5,1688.2,19402600,1400,1050,HCLTECH,27-FEB-2025
2025-02-03 10:15:26.794558,HCLTECH27FEB25F,FUTSTK,1687.7,935200,1687.5,1688.2,19402600,1400,1400,HCLTECH,27-FEB-2025
2025-02-03 10:15:34.411364,HCLTECH27FEB25F,FUTSTK,1687.7,935200,1687.5,1688.0,19402600,700,1050,HCLTECH,27-FEB-2025
2025-02-03 10:15:42.289101,HCLTECH27FEB25F,FUTSTK,1687.95,935550,1687.5,1688.0,19402600,350,1050,HCLTECH,27-FEB-2025
2025-02-03 10:15:49.679218,HCLTECH27FEB25F,FUTSTK,1687.95,935550,1687.35,1688.0,19402600,700,1050,HCLTECH,27-FEB-2025
2025-02-03 10:15:57.102424,HCLTECH27FEB25F,FUTSTK,1688.2,938350,1687.6,1688.5,19385100,350,1050,HCLTECH,27-FEB-2025
2025-02-03 10:16:04.528643,HCLTECH27FEB25F,FUTSTK,1690.1,939400,1689.15,1690.1,19385100,700,350,HCLTECH,27-FEB-2025
2025-02-03 10:16:13.599631,HCLTECH27FEB25F,FUTSTK,1690.15,940100,1689.35,1690.25,19385100,700,700,HCLTECH,27-FEB-2025
2025-02-03 10:16:23.738918,HCLTECH27FEB25F,FUTSTK,1691.5,941500,1690.7,1691.45,19385100,700,350,HCLTECH,27-FEB-2025
2025-02-03 10:16:32.335437,HCLTECH27FEB25F,FUTSTK,1691.5,942200,1691.05,1691.9,19385100,350,350,HCLTECH,27-FEB-2025
2025-02-03 10:16:40.976537,HCLTECH27FEB25F,FUTSTK,1690.95,943600,1690.45,1691.2,19385100,350,350,HCLTECH,27-FEB-2025
2025-02-03 10:16:51.109870,HCLTECH27FEB25F,FUTSTK,1690.2,943600,1689.75,1690.15,19385100,1050,350,HCLTECH,27-FEB-2025
2025-02-03 10:17:01.721017,HCLTECH27FEB25F,FUTSTK,1690.2,944300,1690.0,1690.45,19385100,1050,700,HCLTECH,27-FEB-2025
2025-02-03 10:17:11.523120,HCLTECH27FEB25F,FUTSTK,1689.9,947100,1689.3,1689.7,19385100,350,700,HCLTECH,27-FEB-2025
2025-02-03 10:17:21.881450,HCLTECH27FEB25F,FUTSTK,1689.3,947800,1688.65,1689.45,19385100,350,350,HCLTECH,27-FEB-2025
2025-02-03 10:17:32.789613,HCLTECH27FEB25F,FUTSTK,1688.85,948500,1688.35,1689.2,19385100,700,350,HCLTECH,27-FEB-2025
2025-02-03 10:17:42.316365,HCLTECH27FEB25F,FUTSTK,1688.85,948500,1688.35,1688.6,19385100,350,700,HCLTECH,27-FEB-2025
2025-02-03 10:17:49.672900,HCLTECH27FEB25F,FUTSTK,1688.35,948850,1687.95,1688.6,19385100,1050,350,HCLTECH,27-FEB-2025
2025-02-03 10:17:57.374493,HCLTECH27FEB25F,FUTSTK,1688.35,948850,1687.55,1688.5,19385100,700,350,HCLTECH,27-FEB-2025
2025-02-03 10:18:09.085031,HCLTECH27FEB25F,FUTSTK,1688.9,948850,1688.15,1688.9,19385100,1400,350,HCLTECH,27-FEB-2025
2025-02-03 10:18:18.380589,HCLTECH27FEB25F,FUTSTK,1689.35,950950,1688.8,1689.55,19385100,1050,350,HCLTECH,27-FEB-2025
2025-02-03 10:18:25.805101,HCLTECH27FEB25F,FUTSTK,1689.35,950950,1688.6,1689.4,19385100,1050,350,HCLTECH,27-FEB-2025
2025-02-03 10:18:33.177283,HCLTECH27FEB25F,FUTSTK,1689.3,951650,1687.85,1688.8,19385100,350,350,HCLTECH,27-FEB-2025
2025-02-03 10:18:40.610187,HCLTECH27FEB25F,FUTSTK,1689.3,951650,1687.8,1688.75,19385100,1050,350,HCLTECH,27-FEB-2025
2025-02-03 10:18:51.800167,HCLTECH27FEB25F,FUTSTK,1687.45,952700,1687.45,1688.3,19390000,350,350,HCLTECH,27-FEB-2025
2025-02-03 10:19:03.687324,HCLTECH27FEB25F,FUTSTK,1688.55,953050,1687.75,1688.55,19390000,350,350,HCLTECH,27-FEB-2025
2025-02-03 10:19:13.288981,HCLTECH27FEB25F,FUTSTK,1687.75,954100,1687.35,1688.35,19390000,350,700,HCLTECH,27-FEB-2025
2025-02-03 10:19:23.085347,HCLTECH27FEB25F,FUTSTK,1687.75,955500,1687.9,1688.8,19390000,1050,350,HCLTECH,27-FEB-2025
2025-02-03 10:19:32.292043,HCLTECH27FEB25F,FUTSTK,1688.6,955850,1688.55,1689.35,19390000,350,700,HCLTECH,27-FEB-2025
2025-02-03 10:19:39.884451,HCLTECH27FEB25F,FUTSTK,1687.9,957950,1687.95,1688.45,19390000,700,350,HCLTECH,27-FEB-2025
2025-02-03 10:19:47.455535,HCLTECH27FEB25F,FUTSTK,1687.8,958650,1687.9,1688.8,19390000,700,350,HCLTECH,27-FEB-2025
2025-02-03 10:19:54.523444,HCLTECH27FEB25F,FUTSTK,1688.05,959000,1688.1,1688.95,19390000,700,700,HCLTECH,27-FEB-2025
2025-02-03 10:20:04.684337,HCLTECH27FEB25F,FUTSTK,1687.7,962500,1687.15,1688.15,19390000,350,350,HCLTECH,27-FEB-2025
2025-02-03 10:20:14.924047,HCLTECH27FEB25F,FUTSTK,1687.8,963550,1686.85,1687.5,19390000,700,350,HCLTECH,27-FEB-2025
2025-02-03 10:20:22.407835,HCLTECH27FEB25F,FUTSTK,1687.35,968800,1687.2,1688.05,19390000,350,700,HCLTECH,27-FEB-2025
2025-02-03 10:20:29.879274,HCLTECH27FEB25F,FUTSTK,1688.75,978250,1688.6,1689.45,19390000,350,350,HCLTECH,27-FEB-2025
2025-02-03 10:20:37.345132,HCLTECH27FEB25F,FUTSTK,1690.4,979300,1689.45,1690.25,19390000,350,700,HCLTECH,27-FEB-2025
2025-02-03 10:20:44.903496,HCLTECH27FEB25F,FUTSTK,1689.85,982100,1689.15,1689.8,19390000,350,350,HCLTECH,27-FEB-2025
2025-02-03 10:20:52.931350,HCLTECH27FEB25F,FUTSTK,1689.15,985950,1689.3,1690.1,19390000,350,350,HCLTECH,27-FEB-2025
2025-02-03 10:21:03.898313,HCLTECH27FEB25F,FUTSTK,1690.9,988400,1689.7,1690.4,19390000,350,350,HCLTECH,27-FEB-2025
2025-02-03 10:21:14.866910,HCLTECH27FEB25F,FUTSTK,1690.75,989100,1689.8,1690.75,19390000,350,1050,HCLTECH,27-FEB-2025
2025-02-03 10:21:25.586878,HCLTECH27FEB25F,FUTSTK,1689.35,990500,1689.35,1690.05,19390000,350,350,HCLTECH,27-FEB-2025
2025-02-03 10:21:36.345754,HCLTECH27FEB25F,FUTSTK,1689.35,990500,1689.35,1689.8,19390000,350,700,HCLTECH,27-FEB-2025
2025-02-03 10:21:44.705465,HCLTECH27FEB25F,FUTSTK,1689.35,990500,1689.35,1689.9,19390000,350,350,HCLTECH,27-FEB-2025
2025-02-03 10:21:52.164946,HCLTECH27FEB25F,FUTSTK,1688.35,992250,1688.0,1688.8,19409600,700,350,HCLTECH,27-FEB-2025
2025-02-03 10:21:59.738423,HCLTECH27FEB25F,FUTSTK,1688.75,992950,1687.5,1688.4,19409600,350,700,HCLTECH,27-FEB-2025
2025-02-03 10:22:07.097915,HCLTECH27FEB25F,FUTSTK,1688.4,994350,1688.2,1689.15,19409600,1050,700,HCLTECH,27-FEB-2025
2025-02-03 10:22:14.362273,HCLTECH27FEB25F,FUTSTK,1688.75,995050,1688.4,1689.35,19409600,350,700,HCLTECH,27-FEB-2025
2025-02-03 10:22:22.529338,HCLTECH27FEB25F,FUTSTK,1689.75,996100,1689.05,1689.8,19409600,350,350,HCLTECH,27-FEB-2025
2025-02-03 10:22:30.493835,HCLTECH27FEB25F,FUTSTK,1689.75,996100,1688.9,1689.6,19409600,350,350,HCLTECH,27-FEB-2025
2025-02-03 10:22:41.807744,HCLTECH27FEB25F,FUTSTK,1688.2,997850,1688.15,1689.05,19409600,350,350,HCLTECH,27-FEB-2025
2025-02-03 10:22:53.119017,HCLTECH27FEB25F,FUTSTK,1688.45,998550,1688.4,1688.85,19409600,350,350,HCLTECH,27-FEB-2025
2025-02-03 10:23:00.758178,HCLTECH27FEB25F,FUTSTK,1688.4,999600,1687.95,1688.55,19409600,1050,350,HCLTECH,27-FEB-2025
2025-02-03 10:23:16.141039,HCLTECH27FEB25F,FUTSTK,1689.0,1000300,1688.75,1689.45,19409600,350,700,HCLTECH,27-FEB-2025
2025-02-03 10:23:27.665979,HCLTECH27FEB25F,FUTSTK,1690.05,1003450,1690.4,1691.15,19409600,1750,350,HCLTECH,27-FEB-2025
2025-02-03 10:23:36.807836,HCLTECH27FEB25F,FUTSTK,1690.3,1005900,1689.7,1690.6,19409600,1050,350,HCLTECH,27-FEB-2025
2025-02-03 10:23:44.926093,HCLTECH27FEB25F,FUTSTK,1690.3,1005900,1689.55,1690.4,19409600,350,700,HCLTECH,27-FEB-2025
2025-02-03 10:23:52.543264,HCLTECH27FEB25F,FUTSTK,1689.9,1006250,1689.8,1690.5,19409600,1050,350,HCLTECH,27-FEB-2025
2025-02-03 10:24:00.043997,HCLTECH27FEB25F,FUTSTK,1691.25,1007650,1691.05,1692.0,19409600,1050,1050,HCLTECH,27-FEB-2025
2025-02-03 10:24:07.307141,HCLTECH27FEB25F,FUTSTK,1690.65,1008700,1690.45,1691.2,19409600,350,350,HCLTECH,27-FEB-2025
2025-02-03 10:24:14.726965,HCLTECH27FEB25F,FUTSTK,1690.65,1008700,1690.5,1690.9,19409600,1400,350,HCLTECH,27-FEB-2025
2025-02-03 10:24:22.364621,HCLTECH27FEB25F,FUTSTK,1690.65,1008700,1690.5,1690.75,19409600,1400,350,HCLTECH,27-FEB-2025
2025-02-03 10:24:29.755665,HCLTECH27FEB25F,FUTSTK,1690.5,1012550,1690.4,1690.5,19409600,700,350,HCLTECH,27-FEB-2025
2025-02-03 10:24:37.052856,HCLTECH27FEB25F,FUTSTK,1690.5,1012900,1690.5,1690.9,19409600,1050,700,HCLTECH,27-FEB-2025
2025-02-03 10:24:44.542676,HCLTECH27FEB25F,FUTSTK,1690.85,1013250,1690.5,1690.85,19409600,1050,350,HCLTECH,27-FEB-2025
2025-02-03 10:24:52.378731,HCLTECH27FEB25F,FUTSTK,1690.85,1013250,1690.5,1690.85,19409600,1050,350,HCLTECH,27-FEB-2025
2025-02-03 10:25:00.838252,HCLTECH27FEB25F,FUTSTK,1690.5,1013250,1690.5,1690.9,19412050,1050,700,HCLTECH,27-FEB-2025
2025-02-03 10:25:08.191938,HCLTECH27FEB25F,FUTSTK,1690.5,1013600,1690.35,1690.75,19412050,1750,350,HCLTECH,27-FEB-2025
2025-02-03 10:25:15.753799,HCLTECH27FEB25F,FUTSTK,1690.9,1014300,1690.5,1690.75,19412050,1400,1050,HCLTECH,27-FEB-2025
2025-02-03 10:25:23.271680,HCLTECH27FEB25F,FUTSTK,1689.9,1019900,1689.85,1690.5,19412050,350,700,HCLTECH,27-FEB-2025
2025-02-03 10:25:31.114095,HCLTECH27FEB25F,FUTSTK,1690.5,1020950,1689.95,1690.7,19412050,1050,700,HCLTECH,27-FEB-2025
2025-02-03 10:25:38.458326,HCLTECH27FEB25F,FUTSTK,1690.7,1023400,1690.2,1690.75,19412050,1050,350,HCLTECH,27-FEB-2025
2025-02-03 10:25:45.835804,HCLTECH27FEB25F,FUTSTK,1690.2,1024100,1689.95,1690.75,19412050,350,700,HCLTECH,27-FEB-2025
2025-02-03 10:25:53.373129,HCLTECH27FEB25F,FUTSTK,1690.2,1024100,1689.95,1690.6,19412050,350,700,HCLTECH,27-FEB-2025
2025-02-03 10:26:02.245233,HCLTECH27FEB25F,FUTSTK,1690.2,1024100,1689.95,1690.45,19412050,700,700,HCLTECH,27-FEB-2025
2025-02-03 10:26:09.671504,HCLTECH27FEB25F,FUTSTK,1689.35,1025500,1689.35,1689.75,19412050,350,700,HCLTECH,27-FEB-2025
2025-02-03 10:26:17.058369,HCLTECH27FEB25F,FUTSTK,1690.1,1027600,1689.7,1690.2,19412050,1050,350,HCLTECH,27-FEB-2025
2025-02-03 10:26:24.707697,HCLTECH27FEB25F,FUTSTK,1689.7,1029000,1689.35,1689.8,19412050,700,350,HCLTECH,27-FEB-2025
2025-02-03 10:26:33.396854,HCLTECH27FEB25F,FUTSTK,1689.8,1029700,1689.35,1690.0,19412050,700,350,HCLTECH,27-FEB-2025
2025-02-03 10:26:42.344861,HCLTECH27FEB25F,FUTSTK,1690.4,1030400,1689.85,1690.35,19412050,350,700,HCLTECH,27-FEB-2025
2025-02-03 10:26:51.931419,HCLTECH27FEB25F,FUTSTK,1690.2,1030400,1689.85,1690.35,19412050,350,700,HCLTECH,27-FEB-2025
2025-02-03 10:27:02.235984,HCLTECH27FEB25F,FUTSTK,1689.35,1032500,1689.35,1689.45,19412050,350,350,HCLTECH,27-FEB-2025
2025-02-03 10:27:13.185328,HCLTECH27FEB25F,FUTSTK,1689.4,1032500,1689.35,1689.45,19412050,350,350,HCLTECH,27-FEB-2025
2025-02-03 10:27:22.645118,HCLTECH27FEB25F,FUTSTK,1689.4,1032500,1689.35,1689.45,19412050,350,350,HCLTECH,27-FEB-2025
2025-02-03 10:27:30.097339,HCLTECH27FEB25F,FUTSTK,1689.35,1034250,1689.35,1689.85,19412050,700,700,HCLTECH,27-FEB-2025
2025-02-03 10:27:38.016688,HCLTECH27FEB25F,FUTSTK,1689.35,1034250,1689.35,1689.85,19412050,700,700,HCLTECH,27-FEB-2025
2025-02-03 10:27:45.423692,HCLTECH27FEB25F,FUTSTK,1688.1,1054550,1688.1,1688.55,19412050,700,350,HCLTECH,27-FEB-2025
2025-02-03 10:27:52.543148,HCLTECH27FEB25F,FUTSTK,1688.45,1055250,1687.8,1688.5,19428500,350,350,HCLTECH,27-FEB-2025
2025-02-03 10:27:59.841599,HCLTECH27FEB25F,FUTSTK,1687.8,1055600,1687.75,1688.35,19428500,700,350,HCLTECH,27-FEB-2025
2025-02-03 10:28:07.110348,HCLTECH27FEB25F,FUTSTK,1688.0,1056650,1687.55,1688.35,19428500,1050,1050,HCLTECH,27-FEB-2025
2025-02-03 10:28:14.591597,HCLTECH27FEB25F,FUTSTK,1687.95,1058050,1687.5,1688.15,19428500,350,700,HCLTECH,27-FEB-2025
2025-02-03 10:28:22.138321,HCLTECH27FEB25F,FUTSTK,1687.9,1058750,1687.45,1687.95,19428500,350,350,HCLTECH,27-FEB-2025
2025-02-03 10:28:29.320161,HCLTECH27FEB25F,FUTSTK,1687.45,1059100,1687.0,1687.5,19428500,350,350,HCLTECH,27-FEB-2025
2025-02-03 10:28:36.598619,HCLTECH27FEB25F,FUTSTK,1686.85,1059800,1686.85,1687.65,19428500,700,350,HCLTECH,27-FEB-2025
2025-02-03 10:28:43.862333,HCLTECH27FEB25F,FUTSTK,1686.85,1059800,1686.85,1687.45,19428500,350,350,HCLTECH,27-FEB-2025
2025-02-03 10:28:52.193863,HCLTECH27FEB25F,FUTSTK,1687.9,1063300,1687.9,1688.65,19428500,350,700,HCLTECH,27-FEB-2025
2025-02-03 10:29:06.011085,HCLTECH27FEB25F,FUTSTK,1688.05,1065400,1687.25,1688.2,19428500,700,350,HCLTECH,27-FEB-2025
2025-02-03 10:29:18.686028,HCLTECH27FEB25F,FUTSTK,1688.05,1065400,1686.95,1687.85,19428500,350,350,HCLTECH,27-FEB-2025
2025-02-03 10:29:26.802774,HCLTECH27FEB25F,FUTSTK,1687.0,1065750,1686.8,1687.5,19428500,350,350,HCLTECH,27-FEB-2025
2025-02-03 10:29:34.444191,HCLTECH27FEB25F,FUTSTK,1687.6,1067850,1687.55,1688.3,19428500,350,350,HCLTECH,27-FEB-2025
2025-02-03 10:29:47.331509,HCLTECH27FEB25F,FUTSTK,1688.7,1068550,1687.9,1688.8,19428500,350,700,HCLTECH,27-FEB-2025
2025-02-03 10:29:55.543665,HCLTECH27FEB25F,FUTSTK,1688.6,1068900,1687.6,1688.45,19428500,700,1050,HCLTECH,27-FEB-2025
2025-02-03 10:30:03.028967,HCLTECH27FEB25F,FUTSTK,1689.0,1069950,1688.65,1689.45,19428500,350,350,HCLTECH,27-FEB-2025
2025-02-03 10:30:10.330164,HCLTECH27FEB25F,FUTSTK,1689.0,1069950,1688.3,1689.1,19428500,350,350,HCLTECH,27-FEB-2025
2025-02-03 10:30:17.771943,HCLTECH27FEB25F,FUTSTK,1688.15,1070650,1687.4,1688.35,19428500,700,700,HCLTECH,27-FEB-2025
2025-02-03 10:30:26.382670,HCLTECH27FEB25F,FUTSTK,1687.6,1070650,1687.25,1688.1,19428500,1050,350,HCLTECH,27-FEB-2025
2025-02-03 10:30:33.583077,HCLTECH27FEB25F,FUTSTK,1687.6,1071350,1687.25,1687.9,19428500,1400,350,HCLTECH,27-FEB-2025
2025-02-03 10:30:40.931621,HCLTECH27FEB25F,FUTSTK,1687.5,1071700,1687.5,1688.3,19428500,700,350,HCLTECH,27-FEB-2025
2025-02-03 10:30:48.442700,HCLTECH27FEB25F,FUTSTK,1687.5,1071700,1687.15,1688.1,19428500,350,350,HCLTECH,27-FEB-2025
2025-02-03 10:30:55.665085,HCLTECH27FEB25F,FUTSTK,1687.5,1071700,1687.5,1688.2,19428500,350,350,HCLTECH,27-FEB-2025
2025-02-03 10:31:02.919510,HCLTECH27FEB25F,FUTSTK,1687.4,1072400,1687.45,1688.1,19432700,350,350,HCLTECH,27-FEB-2025
2025-02-03 10:31:10.659177,HCLTECH27FEB25F,FUTSTK,1688.0,1072750,1687.4,1688.1,19432700,350,350,HCLTECH,27-FEB-2025
2025-02-03 10:31:17.999690,HCLTECH27FEB25F,FUTSTK,1688.25,1073800,1688.2,1689.05,19432700,1050,350,HCLTECH,27-FEB-2025
2025-02-03 10:31:25.212012,HCLTECH27FEB25F,FUTSTK,1688.7,1074150,1688.7,1689.05,19432700,700,350,HCLTECH,27-FEB-2025
2025-02-03 10:31:32.599917,HCLTECH27FEB25F,FUTSTK,1688.7,1074150,1688.7,1689.2,19432700,700,700,HCLTECH,27-FEB-2025
2025-02-03 10:31:39.785422,HCLTECH27FEB25F,FUTSTK,1687.85,1075200,1687.9,1688.8,19432700,1050,350,HCLTECH,27-FEB-2025
2025-02-03 10:31:47.504368,HCLTECH27FEB25F,FUTSTK,1689.45,1083600,1688.5,1689.25,19423250,700,350,HCLTECH,27-FEB-2025
2025-02-03 10:34:39.459336,HCLTECH27FEB25F,FUTSTK,1689.7,1083600,1688.5,1689.25,19423250,700,350,HCLTECH,27-FEB-2025
2025-02-03 10:34:47.380841,HCLTECH27FEB25F,FUTSTK,1689.65,1085350,1689.05,1689.95,19423250,350,700,HCLTECH,27-FEB-2025
2025-02-03 10:34:55.544434,HCLTECH27FEB25F,FUTSTK,1689.65,1086400,1689.15,1689.85,19423250,1050,350,HCLTECH,27-FEB-2025
2025-02-03 10:35:02.912994,HCLTECH27FEB25F,FUTSTK,1689.15,1086750,1689.15,1689.8,19423250,350,700,HCLTECH,27-FEB-2025
2025-02-03 10:35:10.149801,HCLTECH27FEB25F,FUTSTK,1689.7,1087800,1689.45,1689.85,19423250,1050,350,HCLTECH,27-FEB-2025
2025-02-03 10:35:17.465433,HCLTECH27FEB25F,FUTSTK,1690.1,1089200,1689.8,1690.8,19423250,350,350,HCLTECH,27-FEB-2025
2025-02-03 10:38:26.386442,HCLTECH27FEB25F,FUTSTK,1690.05,1132250,1689.7,1690.55,19433400,350,350,HCLTECH,27-FEB-2025
2025-02-03 10:38:34.112239,HCLTECH27FEB25F,FUTSTK,1690.05,1132250,1689.55,1690.4,19433400,700,350,HCLTECH,27-FEB-2025
2025-02-03 10:38:42.300738,HCLTECH27FEB25F,FUTSTK,1690.1,1132950,1689.45,1690.25,19433400,700,350,HCLTECH,27-FEB-2025
2025-02-03 10:38:50.063996,HCLTECH27FEB25F,FUTSTK,1690.1,1132950,1689.6,1690.2,19433400,1400,350,HCLTECH,27-FEB-2025
2025-02-03 10:38:57.994676,HCLTECH27FEB25F,FUTSTK,1690.1,1132950,1689.6,1690.2,19433400,350,700,HCLTECH,27-FEB-2025
2025-02-03 10:40:50.489871,HCLTECH27FEB25F,FUTSTK,1692.35,1142050,1692.35,1692.7,19439000,350,350,HCLTECH,27-FEB-2025
2025-02-03 10:40:58.274419,HCLTECH27FEB25F,FUTSTK,1692.35,1142750,1691.8,1692.45,19439000,350,350,HCLTECH,27-FEB-2025
2025-02-03 10:41:06.782384,HCLTECH27FEB25F,FUTSTK,1692.35,1142750,1692.05,1692.5,19439000,1050,350,HCLTECH,27-FEB-2025
2025-02-03 10:41:15.906003,HCLTECH27FEB25F,FUTSTK,1693.65,1145900,1693.7,1694.5,19439000,350,350,HCLTECH,27-FEB-2025
2025-02-03 10:41:23.291110,HCLTECH27FEB25F,FUTSTK,1693.05,1148700,1692.3,1693.25,19439000,350,350,HCLTECH,27-FEB-2025
2025-02-03 10:43:59.322773,HCLTECH27FEB25F,FUTSTK,1695.25,1165500,1695.2,1696.1,19434800,700,350,HCLTECH,27-FEB-2025
2025-02-03 10:44:07.423169,HCLTECH27FEB25F,FUTSTK,1695.25,1165500,1695.35,1696.1,19434800,350,350,HCLTECH,27-FEB-2025
2025-02-03 10:44:20.497011,HCLTECH27FEB25F,FUTSTK,1696.0,1166200,1695.4,1695.95,19434800,3500,350,HCLTECH,27-FEB-2025
2025-02-03 10:44:31.557140,HCLTECH27FEB25F,FUTSTK,1696.4,1166900,1696.05,1696.7,19434800,2450,350,HCLTECH,27-FEB-2025
2025-02-03 10:44:43.687728,HCLTECH27FEB25F,FUTSTK,1696.25,1173900,1695.45,1696.35,19434800,700,350,HCLTECH,27-FEB-2025
2025-02-03 10:44:52.224325,HCLTECH27FEB25F,FUTSTK,1695.55,1174250,1696.1,1696.5,19434800,1050,350,HCLTECH,27-FEB-2025
2025-02-03 10:45:01.619077,HCLTECH27FEB25F,FUTSTK,1696.4,1175650,1696.1,1696.4,19434800,1050,700,HCLTECH,27-FEB-2025
2025-02-03 10:45:09.453176,HCLTECH27FEB25F,FUTSTK,1697.1,1178450,1696.5,1697.15,19434800,350,350,HCLTECH,27-FEB-2025
2025-02-03 10:45:21.441149,HCLTECH27FEB25F,FUTSTK,1696.35,1179500,1696.35,1697.1,19434800,350,700,HCLTECH,27-FEB-2025
2025-02-03 12:02:22.495489,HCLTECH27FEB25F,FUTSTK,1696.8,1500800,1696.8,1697.25,19414150,350,350,HCLTECH,27-FEB-2025
2025-02-03 12:02:29.160118,HCLTECH27FEB25F,FUTSTK,1697.1,1502200,1696.25,1696.85,19414150,1050,700,HCLTECH,27-FEB-2025
2025-02-03 12:02:35.537620,HCLTECH27FEB25F,FUTSTK,1697.1,1502200,1696.25,1696.85,19414150,1050,700,HCLTECH,27-FEB-2025
2025-02-03 12:02:41.835332,HCLTECH27FEB25F,FUTSTK,1696.95,1503950,1696.85,1697.7,19414150,1400,700,HCLTECH,27-FEB-2025
2025-02-03 12:02:48.310071,HCLTECH27FEB25F,FUTSTK,1696.95,1503950,1696.85,1697.6,19414150,1050,350,HCLTECH,27-FEB-2025
2025-02-03 12:02:54.442539,HCLTECH27FEB25F,FUTSTK,1696.95,1504650,1696.75,1697.65,19414150,700,350,HCLTECH,27-FEB-2025
2025-02-03 12:03:01.072712,HCLTECH27FEB25F,FUTSTK,1696.95,1506750,1696.65,1697.45,19414150,350,350,HCLTECH,27-FEB-2025
2025-02-03 12:03:07.547840,HCLTECH27FEB25F,FUTSTK,1696.95,1507800,1696.9,1697.65,19414150,700,350,HCLTECH,27-FEB-2025
2025-02-03 12:03:14.798111,HCLTECH27FEB25F,FUTSTK,1696.95,1513750,1696.9,1697.55,19414150,700,700,HCLTECH,27-FEB-2025
2025-02-03 12:03:23.493666,HCLTECH27FEB25F,FUTSTK,1697.3,1519000,1696.65,1697.5,19414150,350,350,HCLTECH,27-FEB-2025
2025-02-03 12:03:31.167340,HCLTECH27FEB25F,FUTSTK,1697.05,1519700,1696.8,1697.6,19414150,700,350,HCLTECH,27-FEB-2025
2025-02-03 12:03:37.577525,HCLTECH27FEB25F,FUTSTK,1697.05,1519700,1696.25,1697.1,19414150,1050,350,HCLTECH,27-FEB-2025
2025-02-03 12:03:44.256401,HCLTECH27FEB25F,FUTSTK,1696.75,1520050,1696.1,1696.85,19414150,350,350,HCLTECH,27-FEB-2025
2025-02-03 12:03:50.940092,HCLTECH27FEB25F,FUTSTK,1696.1,1520400,1695.7,1696.55,19414150,1050,350,HCLTECH,27-FEB-2025
2025-02-03 12:03:57.496482,HCLTECH27FEB25F,FUTSTK,1696.1,1520400,1696.1,1696.3,19414150,350,350,HCLTECH,27-FEB-2025
2025-02-03 12:04:04.124672,HCLTECH27FEB25F,FUTSTK,1696.1,1521100,1695.55,1696.45,19414150,350,350,HCLTECH,27-FEB-2025
2025-02-03 12:04:10.517507,HCLTECH27FEB25F,FUTSTK,1696.1,1521100,1695.6,1696.2,19414150,350,350,HCLTECH,27-FEB-2025
2025-02-03 12:04:17.082864,HCLTECH27FEB25F,FUTSTK,1696.1,1521100,1695.7,1696.25,19414150,700,350,HCLTECH,27-FEB-2025
2025-02-03 12:04:23.491034,HCLTECH27FEB25F,FUTSTK,1696.1,1521100,1695.8,1696.1,19414150,1400,350,HCLTECH,27-FEB-2025
2025-02-03 12:04:30.613074,HCLTECH27FEB25F,FUTSTK,1696.1,1522150,1695.55,1696.2,19421150,700,350,HCLTECH,27-FEB-2025
2025-02-03 12:04:39.374480,HCLTECH27FEB25F,FUTSTK,1696.1,1522150,1695.6,1696.05,19421150,1400,350,HCLTECH,27-FEB-2025
2025-02-03 12:04:47.358396,HCLTECH27FEB25F,FUTSTK,1696.1,1522150,1695.6,1695.95,19421150,700,350,HCLTECH,27-FEB-2025
2025-02-03 12:04:53.723411,HCLTECH27FEB25F,FUTSTK,1695.85,1522500,1695.35,1696.05,19421150,350,700,HCLTECH,27-FEB-2025
2025-02-03 12:05:00.218201,HCLTECH27FEB25F,FUTSTK,1695.65,1522850,1694.95,1695.85,19421150,350,700,HCLTECH,27-FEB-2025
2025-02-03 12:05:06.863694,HCLTECH27FEB25F,FUTSTK,1695.05,1523900,1695.0,1695.8,19421150,350,350,HCLTECH,27-FEB-2025
2025-02-03 12:05:13.487224,HCLTECH27FEB25F,FUTSTK,1695.05,1523900,1695.25,1695.9,19421150,350,350,HCLTECH,27-FEB-2025
2025-02-03 12:05:20.337355,HCLTECH27FEB25F,FUTSTK,1695.85,1524250,1695.45,1696.25,19421150,700,350,HCLTECH,27-FEB-2025
2025-02-03 12:05:27.104185,HCLTECH27FEB25F,FUTSTK,1695.8,1525300,1696.05,1696.9,19421150,700,350,HCLTECH,27-FEB-2025
2025-02-03 12:05:33.677661,HCLTECH27FEB25F,FUTSTK,1695.8,1525300,1696.4,1697.2,19421150,1050,350,HCLTECH,27-FEB-2025
2025-02-03 12:05:40.181061,HCLTECH27FEB25F,FUTSTK,1696.35,1525300,1696.4,1697.05,19421150,350,350,HCLTECH,27-FEB-2025
2025-02-03 12:05:47.118992,HCLTECH27FEB25F,FUTSTK,1696.35,1526000,1695.9,1696.75,19421150,1050,350,HCLTECH,27-FEB-2025
2025-02-03 12:05:55.774945,HCLTECH27FEB25F,FUTSTK,1695.85,1526350,1695.85,1696.5,19421150,350,1050,HCLTECH,27-FEB-2025
2025-02-03 12:06:03.408807,HCLTECH27FEB25F,FUTSTK,1695.85,1526700,1695.55,1696.4,19421150,1050,350,HCLTECH,27-FEB-2025
2025-02-03 12:06:10.120414,HCLTECH27FEB25F,FUTSTK,1695.85,1526700,1695.5,1696.2,19421150,1400,350,HCLTECH,27-FEB-2025
2025-02-03 12:06:17.162783,HCLTECH27FEB25F,FUTSTK,1696.1,1528100,1696.0,1696.65,19421150,700,350,HCLTECH,27-FEB-2025
2025-02-03 12:06:23.545967,HCLTECH27FEB25F,FUTSTK,1696.0,1528800,1695.5,1696.1,19421150,350,350,HCLTECH,27-FEB-2025
2025-02-03 12:06:30.116975,HCLTECH27FEB25F,FUTSTK,1696.25,1532300,1696.0,1696.25,19421150,350,350,HCLTECH,27-FEB-2025
2025-02-03 12:06:36.843339,HCLTECH27FEB25F,FUTSTK,1696.0,1532650,1695.65,1696.25,19421150,700,350,HCLTECH,27-FEB-2025
2025-02-03 12:06:43.874922,HCLTECH27FEB25F,FUTSTK,1695.65,1533350,1695.35,1696.3,19421150,350,700,HCLTECH,27-FEB-2025
2025-02-03 12:06:50.781930,HCLTECH27FEB25F,FUTSTK,1695.35,1533700,1695.35,1695.8,19421150,350,350,HCLTECH,27-FEB-2025
2025-02-03 12:06:59.984782,HCLTECH27FEB25F,FUTSTK,1695.35,1533700,1695.0,1695.8,19421150,350,700,HCLTECH,27-FEB-2025
2025-02-03 12:07:09.193038,HCLTECH27FEB25F,FUTSTK,1695.85,1533700,1695.4,1696.3,19419750,1400,1050,HCLTECH,27-FEB-2025
2025-02-03 12:07:16.901949,HCLTECH27FEB25F,FUTSTK,1695.85,1534050,1695.8,1696.7,19419750,700,350,HCLTECH,27-FEB-2025
2025-02-03 12:07:24.395123,HCLTECH27FEB25F,FUTSTK,1696.3,1534400,1696.4,1697.0,19419750,700,350,HCLTECH,27-FEB-2025
2025-02-03 12:07:31.915628,HCLTECH27FEB25F,FUTSTK,1696.75,1535100,1696.5,1697.0,19419750,700,350,HCLTECH,27-FEB-2025
2025-02-03 12:07:39.628928,HCLTECH27FEB25F,FUTSTK,1696.75,1535100,1696.45,1697.1,19419750,700,350,HCLTECH,27-FEB-2025
2025-02-03 12:07:46.876476,HCLTECH27FEB25F,FUTSTK,1697.05,1537900,1696.7,1697.5,19419750,350,350,HCLTECH,27-FEB-2025
2025-02-03 12:07:54.338502,HCLTECH27FEB25F,FUTSTK,1696.95,1538250,1696.9,1697.2,19419750,1050,350,HCLTECH,27-FEB-2025
2025-02-03 12:08:01.752295,HCLTECH27FEB25F,FUTSTK,1696.95,1538250,1696.6,1697.2,19419750,1400,350,HCLTECH,27-FEB-2025
2025-02-03 12:08:09.972501,HCLTECH27FEB25F,FUTSTK,1696.95,1540700,1696.9,1697.6,19419750,1400,350,HCLTECH,27-FEB-2025
2025-02-03 12:08:17.972200,HCLTECH27FEB25F,FUTSTK,1697.35,1543850,1697.75,1698.5,19419750,700,350,HCLTECH,27-FEB-2025
2025-02-03 12:08:26.746816,HCLTECH27FEB25F,FUTSTK,1696.95,1546650,1696.95,1697.85,19419750,700,350,HCLTECH,27-FEB-2025
2025-02-03 12:08:34.261976,HCLTECH27FEB25F,FUTSTK,1697.35,1547000,1697.1,1697.35,19419750,700,350,HCLTECH,27-FEB-2025
2025-02-03 12:08:40.760716,HCLTECH27FEB25F,FUTSTK,1699.15,1548400,1697.9,1698.55,19419750,1050,350,HCLTECH,27-FEB-2025
2025-02-03 12:08:47.420881,HCLTECH27FEB25F,FUTSTK,1700.45,1554700,1700.55,1701.1,19419750,350,350,HCLTECH,27-FEB-2025
2025-02-03 12:08:53.698292,HCLTECH27FEB25F,FUTSTK,1701.15,1555750,1700.6,1701.45,19419750,350,700,HCLTECH,27-FEB-2025
2025-02-03 12:09:00.068386,HCLTECH27FEB25F,FUTSTK,1700.8,1557150,1700.1,1700.9,19419750,4900,350,HCLTECH,27-FEB-2025
2025-02-03 12:09:06.319953,HCLTECH27FEB25F,FUTSTK,1700.8,1557150,1700.1,1700.6,19419750,4900,350,HCLTECH,27-FEB-2025
2025-02-03 12:09:12.515053,HCLTECH27FEB25F,FUTSTK,1699.8,1562400,1699.5,1700.3,19419750,1050,350,HCLTECH,27-FEB-2025
2025-02-03 12:09:18.854341,HCLTECH27FEB25F,FUTSTK,1700.35,1562750,1700.1,1701.0,19419750,350,350,HCLTECH,27-FEB-2025
2025-02-03 12:09:25.053807,HCLTECH27FEB25F,FUTSTK,1700.35,1562750,1699.85,1700.5,19419750,700,350,HCLTECH,27-FEB-2025
2025-02-03 12:09:31.513459,HCLTECH27FEB25F,FUTSTK,1700.35,1562750,1699.55,1699.85,19419750,350,350,HCLTECH,27-FEB-2025
2025-02-03 12:09:39.324431,HCLTECH27FEB25F,FUTSTK,1698.05,1563800,1698.0,1698.65,19419750,1400,350,HCLTECH,27-FEB-2025
2025-02-03 12:09:47.911842,HCLTECH27FEB25F,FUTSTK,1698.55,1565550,1698.05,1698.6,19419750,700,350,HCLTECH,27-FEB-2025
2025-02-03 12:09:55.334552,HCLTECH27FEB25F,FUTSTK,1697.35,1566250,1697.4,1698.35,19419750,350,350,HCLTECH,27-FEB-2025
2025-02-03 12:10:01.717189,HCLTECH27FEB25F,FUTSTK,1696.9,1566250,1696.9,1697.5,19419750,350,350,HCLTECH,27-FEB-2025
2025-02-03 12:10:08.135247,HCLTECH27FEB25F,FUTSTK,1697.45,1566950,1696.6,1697.4,19428500,350,350,HCLTECH,27-FEB-2025
2025-02-03 12:10:14.477131,HCLTECH27FEB25F,FUTSTK,1697.0,1567300,1696.2,1696.8,19428500,350,350,HCLTECH,27-FEB-2025
2025-02-03 12:10:20.703987,HCLTECH27FEB25F,FUTSTK,1695.4,1569750,1695.1,1695.8,19428500,350,350,HCLTECH,27-FEB-2025
2025-02-03 12:10:26.951573,HCLTECH27FEB25F,FUTSTK,1695.9,1571150,1695.6,1696.55,19428500,350,350,HCLTECH,27-FEB-2025
2025-02-03 12:10:33.174260,HCLTECH27FEB25F,FUTSTK,1695.9,1571150,1695.1,1695.65,19428500,350,700,HCLTECH,27-FEB-2025
2025-02-03 12:10:41.199737,HCLTECH27FEB25F,FUTSTK,1696.3,1572200,1695.5,1696.45,19428500,350,700,HCLTECH,27-FEB-2025
2025-02-03 12:10:47.779677,HCLTECH27FEB25F,FUTSTK,1696.0,1572550,1695.45,1695.95,19428500,1050,350,HCLTECH,27-FEB-2025
2025-02-03 12:10:55.186393,HCLTECH27FEB25F,FUTSTK,1695.45,1572900,1695.45,1696.05,19428500,350,700,HCLTECH,27-FEB-2025
2025-02-03 12:11:03.632710,HCLTECH27FEB25F,FUTSTK,1695.45,1572900,1695.45,1696.0,19428500,350,700,HCLTECH,27-FEB-2025
2025-02-03 12:11:11.054897,HCLTECH27FEB25F,FUTSTK,1695.45,1573250,1695.1,1695.55,19428500,350,350,HCLTECH,27-FEB-2025
2025-02-03 12:11:17.364811,HCLTECH27FEB25F,FUTSTK,1695.0,1573950,1694.2,1695.1,19428500,1050,350,HCLTECH,27-FEB-2025
2025-02-03 12:11:23.650592,HCLTECH27FEB25F,FUTSTK,1695.0,1573950,1694.05,1695.05,19428500,350,700,HCLTECH,27-FEB-2025
2025-02-03 12:11:29.838463,HCLTECH27FEB25F,FUTSTK,1695.0,1573950,1693.85,1694.75,19428500,1050,350,HCLTECH,27-FEB-2025
2025-02-03 12:11:36.179363,HCLTECH27FEB25F,FUTSTK,1695.0,1573950,1693.3,1694.2,19428500,1050,700,HCLTECH,27-FEB-2025
2025-02-03 12:11:42.521041,HCLTECH27FEB25F,FUTSTK,1695.0,1573950,1693.3,1693.95,19428500,1050,350,HCLTECH,27-FEB-2025
2025-02-03 12:11:48.827884,HCLTECH27FEB25F,FUTSTK,1694.15,1575700,1693.95,1694.75,19428500,350,700,HCLTECH,27-FEB-2025
2025-02-03 12:11:55.420623,HCLTECH27FEB25F,FUTSTK,1694.8,1576050,1694.35,1695.2,19428500,350,350,HCLTECH,27-FEB-2025
2025-02-03 12:12:01.934417,HCLTECH27FEB25F,FUTSTK,1694.8,1576050,1694.4,1695.15,19428500,1050,350,HCLTECH,27-FEB-2025
2025-02-03 12:12:08.113975,HCLTECH27FEB25F,FUTSTK,1694.4,1576050,1694.4,1695.25,19428500,1050,700,HCLTECH,27-FEB-2025
2025-02-03 12:12:16.718988,HCLTECH27FEB25F,FUTSTK,1694.4,1577100,1693.8,1694.7,19428500,350,350,HCLTECH,27-FEB-2025
2025-02-03 12:12:24.389120,HCLTECH27FEB25F,FUTSTK,1694.4,1577100,1693.95,1694.45,19428500,350,350,HCLTECH,27-FEB-2025
2025-02-03 12:12:30.725101,HCLTECH27FEB25F,FUTSTK,1693.95,1577450,1693.7,1693.95,19428500,350,350,HCLTECH,27-FEB-2025
2025-02-03 12:12:36.882144,HCLTECH27FEB25F,FUTSTK,1693.7,1579200,1693.05,1693.7,19428500,1400,350,HCLTECH,27-FEB-2025
2025-02-03 12:12:43.100752,HCLTECH27FEB25F,FUTSTK,1693.5,1580600,1693.35,1693.8,19428500,350,700,HCLTECH,27-FEB-2025
2025-02-03 12:12:49.447816,HCLTECH27FEB25F,FUTSTK,1693.5,1580600,1693.2,1693.5,19428500,350,350,HCLTECH,27-FEB-2025
2025-02-03 12:12:55.589660,HCLTECH27FEB25F,FUTSTK,1693.2,1581300,1693.0,1693.65,19428500,1400,350,HCLTECH,27-FEB-2025
2025-02-03 12:13:01.720395,HCLTECH27FEB25F,FUTSTK,1693.75,1582700,1693.25,1693.8,19428500,350,350,HCLTECH,27-FEB-2025
2025-02-03 12:13:07.969203,HCLTECH27FEB25F,FUTSTK,1693.75,1582700,1693.25,1693.75,19428500,700,350,HCLTECH,27-FEB-2025
2025-02-03 12:13:14.706528,HCLTECH27FEB25F,FUTSTK,1693.75,1582700,1693.25,1693.75,19428500,1400,350,HCLTECH,27-FEB-2025
2025-02-03 12:13:20.903039,HCLTECH27FEB25F,FUTSTK,1693.75,1582700,1693.35,1693.75,19428500,700,350,HCLTECH,27-FEB-2025
2025-02-03 12:13:28.713410,HCLTECH27FEB25F,FUTSTK,1693.9,1583400,1693.85,1694.75,19425350,350,350,HCLTECH,27-FEB-2025
2025-02-03 12:13:36.668911,HCLTECH27FEB25F,FUTSTK,1694.2,1583750,1694.0,1694.8,19425350,1400,700,HCLTECH,27-FEB-2025
2025-02-03 12:13:43.715750,HCLTECH27FEB25F,FUTSTK,1694.45,1584100,1694.25,1694.95,19425350,350,350,HCLTECH,27-FEB-2025
2025-02-03 12:13:50.235930,HCLTECH27FEB25F,FUTSTK,1694.95,1584450,1694.85,1695.5,19425350,350,700,HCLTECH,27-FEB-2025
2025-02-03 12:13:56.587088,HCLTECH27FEB25F,FUTSTK,1694.95,1584450,1694.85,1695.25,19425350,350,350,HCLTECH,27-FEB-2025
2025-02-03 12:14:03.900102,HCLTECH27FEB25F,FUTSTK,1694.95,1584450,1694.85,1695.25,19425350,350,350,HCLTECH,27-FEB-2025
2025-02-03 12:14:10.448915,HCLTECH27FEB25F,FUTSTK,1694.85,1584800,1694.65,1695.25,19425350,350,350,HCLTECH,27-FEB-2025
2025-02-03 12:14:16.950709,HCLTECH27FEB25F,FUTSTK,1694.85,1584800,1694.65,1695.25,19425350,700,350,HCLTECH,27-FEB-2025
2025-02-03 12:14:24.541553,HCLTECH27FEB25F,FUTSTK,1694.85,1584800,1694.5,1694.95,19425350,1050,350,HCLTECH,27-FEB-2025
2025-02-03 12:14:31.199731,HCLTECH27FEB25F,FUTSTK,1694.85,1584800,1694.55,1694.85,19425350,350,350,HCLTECH,27-FEB-2025
2025-02-03 12:14:37.751088,HCLTECH27FEB25F,FUTSTK,1694.85,1584800,1693.95,1694.85,19425350,350,350,HCLTECH,27-FEB-2025
2025-02-03 12:14:45.348502,HCLTECH27FEB25F,FUTSTK,1694.75,1585150,1694.25,1695.05,19425350,1050,350,HCLTECH,27-FEB-2025
2025-02-03 12:14:53.406093,HCLTECH27FEB25F,FUTSTK,1694.75,1585150,1693.85,1694.85,19425350,700,350,HCLTECH,27-FEB-2025
2025-02-03 12:15:00.557362,HCLTECH27FEB25F,FUTSTK,1694.75,1585150,1693.85,1694.75,19425350,700,350,HCLTECH,27-FEB-2025
2025-02-03 12:15:06.799970,HCLTECH27FEB25F,FUTSTK,1694.75,1585150,1693.9,1694.45,19425350,1050,350,HCLTECH,27-FEB-2025
2025-02-03 12:15:13.157010,HCLTECH27FEB25F,FUTSTK,1694.8,1586900,1694.2,1694.95,19425350,350,350,HCLTECH,27-FEB-2025
2025-02-03 12:15:20.203286,HCLTECH27FEB25F,FUTSTK,1694.8,1586900,1694.2,1694.85,19425350,700,350,HCLTECH,27-FEB-2025
2025-02-03 12:15:26.946202,HCLTECH27FEB25F,FUTSTK,1694.8,1586900,1694.2,1694.9,19425350,1400,350,HCLTECH,27-FEB-2025
2025-02-03 12:15:33.487346,HCLTECH27FEB25F,FUTSTK,1694.8,1586900,1694.2,1694.55,19425350,1400,350,HCLTECH,27-FEB-2025
2025-02-03 12:15:39.976742,HCLTECH27FEB25F,FUTSTK,1694.8,1586900,1694.2,1694.55,19425350,1400,350,HCLTECH,27-FEB-2025
2025-02-03 12:15:46.500406,HCLTECH27FEB25F,FUTSTK,1694.2,1587250,1694.2,1694.55,19425350,1050,350,HCLTECH,27-FEB-2025
2025-02-03 12:15:52.779630,HCLTECH27FEB25F,FUTSTK,1694.2,1587250,1694.2,1694.55,19425350,700,350,HCLTECH,27-FEB-2025
2025-02-03 13:09:08.160236,HCLTECH27FEB25F,FUTSTK,1697.95,1838550,1698.05,1698.85,19464900,350,350,HCLTECH,27-FEB-2025
2025-02-03 13:10:54.982493,HCLTECH27FEB25F,FUTSTK,1699.3,1847650,1699.55,1699.95,19468050,1400,350,HCLTECH,27-FEB-2025
2025-02-03 13:11:01.483146,HCLTECH27FEB25F,FUTSTK,1699.85,1847650,1699.6,1699.8,19468050,700,700,HCLTECH,27-FEB-2025
2025-02-03 13:12:06.975173,HCLTECH27FEB25F,FUTSTK,1700.1,1853600,1700.15,1700.95,19468050,1400,700,HCLTECH,27-FEB-2025
2025-02-03 13:12:13.563337,HCLTECH27FEB25F,FUTSTK,1700.1,1853600,1700.6,1701.35,19468050,1050,1050,HCLTECH,27-FEB-2025
2025-02-03 13:12:21.566476,HCLTECH27FEB25F,FUTSTK,1700.65,1854300,1700.95,1701.65,19468050,700,350,HCLTECH,27-FEB-2025
2025-02-03 13:12:28.095515,HCLTECH27FEB25F,FUTSTK,1700.65,1854300,1701.0,1701.4,19468050,1050,350,HCLTECH,27-FEB-2025
2025-02-03 13:12:35.248046,HCLTECH27FEB25F,FUTSTK,1701.1,1854650,1701.0,1701.6,19468050,1400,700,HCLTECH,27-FEB-2025
2025-02-03 13:12:41.351801,HCLTECH27FEB25F,FUTSTK,1702.0,1855350,1701.5,1702.0,19468050,350,350,HCLTECH,27-FEB-2025
2025-02-03 13:12:48.725243,HCLTECH27FEB25F,FUTSTK,1702.0,1855700,1702.15,1702.7,19468050,700,1050,HCLTECH,27-FEB-2025
2025-02-03 13:12:57.061552,HCLTECH27FEB25F,FUTSTK,1702.8,1857450,1702.5,1703.3,19468050,1050,700,HCLTECH,27-FEB-2025
2025-02-03 13:13:04.976348,HCLTECH27FEB25F,FUTSTK,1703.15,1857800,1702.5,1703.25,19468050,1400,1050,HCLTECH,27-FEB-2025
2025-02-03 13:13:11.519569,HCLTECH27FEB25F,FUTSTK,1702.55,1858150,1702.55,1703.3,19468050,1400,1050,HCLTECH,27-FEB-2025
2025-02-03 13:13:17.996264,HCLTECH27FEB25F,FUTSTK,1702.35,1860600,1701.85,1702.55,19464550,350,700,HCLTECH,27-FEB-2025
2025-02-03 13:13:23.973374,HCLTECH27FEB25F,FUTSTK,1701.9,1862000,1701.1,1701.95,19464550,700,700,HCLTECH,27-FEB-2025
2025-02-03 13:13:30.210383,HCLTECH27FEB25F,FUTSTK,1701.6,1862350,1701.45,1702.15,19464550,350,1050,HCLTECH,27-FEB-2025
2025-02-03 13:13:36.333333,HCLTECH27FEB25F,FUTSTK,1701.45,1863050,1701.4,1702.15,19464550,350,1050,HCLTECH,27-FEB-2025
2025-02-03 13:13:42.779416,HCLTECH27FEB25F,FUTSTK,1701.45,1863050,1701.5,1702.15,19464550,1050,700,HCLTECH,27-FEB-2025
2025-02-03 13:13:49.069028,HCLTECH27FEB25F,FUTSTK,1702.55,1865500,1701.8,1702.4,19464550,700,350,HCLTECH,27-FEB-2025
2025-02-03 13:13:56.673382,HCLTECH27FEB25F,FUTSTK,1702.05,1865850,1701.8,1702.5,19464550,700,350,HCLTECH,27-FEB-2025
2025-02-03 13:14:03.740793,HCLTECH27FEB25F,FUTSTK,1702.05,1865850,1701.8,1702.55,19464550,1050,700,HCLTECH,27-FEB-2025
2025-02-03 13:14:12.348317,HCLTECH27FEB25F,FUTSTK,1702.05,1865850,1702.05,1702.7,19464550,700,350,HCLTECH,27-FEB-2025
2025-02-03 13:14:19.787887,HCLTECH27FEB25F,FUTSTK,1702.8,1866550,1702.2,1702.95,19464550,700,350,HCLTECH,27-FEB-2025
2025-02-03 13:14:26.030632,HCLTECH27FEB25F,FUTSTK,1702.8,1866550,1702.35,1703.0,19464550,700,700,HCLTECH,27-FEB-2025
2025-02-03 13:14:32.362911,HCLTECH27FEB25F,FUTSTK,1704.45,1876350,1704.4,1705.0,19464550,350,350,HCLTECH,27-FEB-2025
2025-02-03 13:14:38.639461,HCLTECH27FEB25F,FUTSTK,1705.0,1877750,1704.7,1705.5,19464550,350,700,HCLTECH,27-FEB-2025
2025-02-03 13:14:45.013626,HCLTECH27FEB25F,FUTSTK,1705.35,1878800,1704.55,1705.4,19464550,700,350,HCLTECH,27-FEB-2025
2025-02-03 13:14:51.861991,HCLTECH27FEB25F,FUTSTK,1705.35,1879150,1704.9,1705.35,19464550,350,350,HCLTECH,27-FEB-2025
2025-02-03 13:14:58.180985,HCLTECH27FEB25F,FUTSTK,1705.4,1881250,1705.15,1705.4,19464550,350,350,HCLTECH,27-FEB-2025
2025-02-03 13:15:04.440904,HCLTECH27FEB25F,FUTSTK,1705.0,1894200,1705.0,1705.75,19464550,350,1050,HCLTECH,27-FEB-2025
2025-02-03 13:15:10.692247,HCLTECH27FEB25F,FUTSTK,1705.0,1895950,1704.2,1704.8,19464550,1050,350,HCLTECH,27-FEB-2025
2025-02-03 13:15:16.824503,HCLTECH27FEB25F,FUTSTK,1704.25,1897350,1703.65,1704.5,19464550,350,350,HCLTECH,27-FEB-2025
2025-02-03 13:15:25.123495,HCLTECH27FEB25F,FUTSTK,1703.95,1897350,1704.0,1704.5,19464550,350,350,HCLTECH,27-FEB-2025
2025-02-03 13:15:33.459915,HCLTECH27FEB25F,FUTSTK,1704.5,1901200,1704.55,1705.45,19464550,350,350,HCLTECH,27-FEB-2025
2025-02-03 13:15:41.032587,HCLTECH27FEB25F,FUTSTK,1704.35,1907150,1703.55,1704.45,19464550,700,350,HCLTECH,27-FEB-2025
2025-02-03 13:15:47.244282,HCLTECH27FEB25F,FUTSTK,1704.85,1907850,1704.3,1705.15,19464550,350,350,HCLTECH,27-FEB-2025
2025-02-03 13:15:53.472636,HCLTECH27FEB25F,FUTSTK,1704.85,1908200,1704.7,1705.5,19464550,350,350,HCLTECH,27-FEB-2025
2025-02-03 13:15:59.925373,HCLTECH27FEB25F,FUTSTK,1704.85,1908550,1704.9,1705.5,19464550,700,350,HCLTECH,27-FEB-2025
2025-02-03 13:16:06.191434,HCLTECH27FEB25F,FUTSTK,1705.05,1909250,1705.15,1705.75,19464550,350,350,HCLTECH,27-FEB-2025
2025-02-03 13:16:12.849391,HCLTECH27FEB25F,FUTSTK,1705.5,1910650,1705.05,1705.9,19464550,350,700,HCLTECH,27-FEB-2025
2025-02-03 13:16:19.924427,HCLTECH27FEB25F,FUTSTK,1705.3,1912400,1704.85,1705.6,19443200,350,350,HCLTECH,27-FEB-2025
2025-02-03 13:16:27.248636,HCLTECH27FEB25F,FUTSTK,1705.3,1914850,1704.95,1705.6,19443200,1750,350,HCLTECH,27-FEB-2025
2025-02-03 13:16:33.824304,HCLTECH27FEB25F,FUTSTK,1705.3,1914850,1705.1,1705.6,19443200,350,350,HCLTECH,27-FEB-2025
2025-02-03 13:16:40.847391,HCLTECH27FEB25F,FUTSTK,1705.75,1916250,1705.2,1705.95,19443200,700,350,HCLTECH,27-FEB-2025
2025-02-03 13:16:47.548584,HCLTECH27FEB25F,FUTSTK,1705.15,1916600,1705.25,1705.85,19443200,700,700,HCLTECH,27-FEB-2025
2025-02-03 13:16:54.136902,HCLTECH27FEB25F,FUTSTK,1705.85,1916950,1705.25,1705.85,19443200,1050,350,HCLTECH,27-FEB-2025
2025-02-03 13:17:00.585656,HCLTECH27FEB25F,FUTSTK,1705.25,1918000,1704.6,1705.3,19443200,700,350,HCLTECH,27-FEB-2025
2025-02-03 13:17:06.941623,HCLTECH27FEB25F,FUTSTK,1704.6,1918700,1704.1,1704.95,19443200,350,350,HCLTECH,27-FEB-2025
2025-02-03 13:17:14.289780,HCLTECH27FEB25F,FUTSTK,1704.6,1919400,1704.6,1704.9,19443200,700,350,HCLTECH,27-FEB-2025
2025-02-03 13:17:20.676920,HCLTECH27FEB25F,FUTSTK,1704.6,1920100,1704.2,1704.8,19443200,700,350,HCLTECH,27-FEB-2025
2025-02-03 13:17:27.089729,HCLTECH27FEB25F,FUTSTK,1704.2,1920800,1704.2,1704.6,19443200,350,350,HCLTECH,27-FEB-2025
2025-02-03 13:17:33.395518,HCLTECH27FEB25F,FUTSTK,1704.2,1920800,1704.2,1704.3,19443200,350,350,HCLTECH,27-FEB-2025
2025-02-03 13:17:39.779757,HCLTECH27FEB25F,FUTSTK,1704.2,1921850,1703.65,1704.25,19443200,350,350,HCLTECH,27-FEB-2025
2025-02-03 13:17:46.092434,HCLTECH27FEB25F,FUTSTK,1703.65,1922550,1703.25,1703.85,19443200,350,350,HCLTECH,27-FEB-2025
2025-02-03 13:17:52.429219,HCLTECH27FEB25F,FUTSTK,1703.1,1923950,1703.0,1703.5,19443200,700,350,HCLTECH,27-FEB-2025
2025-02-03 13:17:59.188757,HCLTECH27FEB25F,FUTSTK,1703.5,1923950,1703.25,1703.5,19443200,350,350,HCLTECH,27-FEB-2025
2025-02-03 13:18:05.694481,HCLTECH27FEB25F,FUTSTK,1703.65,1925000,1703.15,1703.75,19443200,350,350,HCLTECH,27-FEB-2025
2025-02-03 13:18:12.204483,HCLTECH27FEB25F,FUTSTK,1703.55,1926400,1703.5,1703.8,19443200,350,350,HCLTECH,27-FEB-2025
2025-02-03 13:18:18.494409,HCLTECH27FEB25F,FUTSTK,1703.75,1927100,1703.55,1703.8,19443200,350,350,HCLTECH,27-FEB-2025
2025-02-03 13:18:24.702243,HCLTECH27FEB25F,FUTSTK,1703.85,1929200,1703.8,1704.6,19443200,350,350,HCLTECH,27-FEB-2025
2025-02-03 13:18:31.123235,HCLTECH27FEB25F,FUTSTK,1703.8,1930600,1703.25,1704.05,19443200,350,350,HCLTECH,27-FEB-2025
2025-02-03 13:18:37.634491,HCLTECH27FEB25F,FUTSTK,1703.25,1931300,1703.4,1703.75,19443200,1400,350,HCLTECH,27-FEB-2025
2025-02-03 13:18:43.953525,HCLTECH27FEB25F,FUTSTK,1703.4,1932000,1703.4,1703.75,19443200,1400,350,HCLTECH,27-FEB-2025
2025-02-03 13:18:50.535270,HCLTECH27FEB25F,FUTSTK,1703.7,1933050,1703.2,1704.2,19443200,350,1400,HCLTECH,27-FEB-2025
2025-02-03 13:18:56.951202,HCLTECH27FEB25F,FUTSTK,1703.15,1933400,1703.2,1703.8,19443200,700,350,HCLTECH,27-FEB-2025
2025-02-03 13:19:03.489672,HCLTECH27FEB25F,FUTSTK,1703.2,1934100,1703.2,1703.75,19443200,350,350,HCLTECH,27-FEB-2025
2025-02-03 13:19:09.942267,HCLTECH27FEB25F,FUTSTK,1703.2,1934100,1703.25,1703.75,19443200,350,700,HCLTECH,27-FEB-2025
2025-02-03 13:19:16.323081,HCLTECH27FEB25F,FUTSTK,1703.6,1935850,1702.9,1703.65,19443200,1050,350,HCLTECH,27-FEB-2025
2025-02-03 13:19:22.741035,HCLTECH27FEB25F,FUTSTK,1702.85,1936200,1703.05,1703.6,19444250,1400,350,HCLTECH,27-FEB-2025
2025-02-03 13:19:29.070981,HCLTECH27FEB25F,FUTSTK,1703.15,1938300,1703.1,1703.65,19444250,350,350,HCLTECH,27-FEB-2025
2025-02-03 13:19:35.456421,HCLTECH27FEB25F,FUTSTK,1703.15,1939000,1703.1,1703.65,19444250,350,350,HCLTECH,27-FEB-2025
2025-02-03 13:19:42.188868,HCLTECH27FEB25F,FUTSTK,1703.0,1939700,1702.75,1703.45,19444250,350,350,HCLTECH,27-FEB-2025
2025-02-03 13:19:48.724003,HCLTECH27FEB25F,FUTSTK,1702.9,1944250,1702.3,1702.95,19444250,350,700,HCLTECH,27-FEB-2025
2025-02-03 13:19:55.083237,HCLTECH27FEB25F,FUTSTK,1701.85,1951950,1701.35,1702.05,19444250,700,700,HCLTECH,27-FEB-2025
2025-02-03 13:20:01.518622,HCLTECH27FEB25F,FUTSTK,1702.15,1953350,1702.35,1702.9,19444250,350,350,HCLTECH,27-FEB-2025
2025-02-03 13:20:07.924854,HCLTECH27FEB25F,FUTSTK,1702.9,1953700,1702.25,1703.1,19444250,700,350,HCLTECH,27-FEB-2025
2025-02-03 13:20:14.281806,HCLTECH27FEB25F,FUTSTK,1702.9,1953700,1702.0,1702.8,19444250,350,350,HCLTECH,27-FEB-2025
2025-02-03 13:20:20.721747,HCLTECH27FEB25F,FUTSTK,1702.65,1954400,1701.85,1702.5,19444250,1050,350,HCLTECH,27-FEB-2025
2025-02-03 13:20:27.127637,HCLTECH27FEB25F,FUTSTK,1702.65,1954400,1701.8,1702.45,19444250,1050,700,HCLTECH,27-FEB-2025
2025-02-03 13:20:33.692291,HCLTECH27FEB25F,FUTSTK,1702.3,1955450,1701.85,1702.4,19444250,700,350,HCLTECH,27-FEB-2025
2025-02-03 13:20:40.066753,HCLTECH27FEB25F,FUTSTK,1702.4,1956850,1702.45,1703.2,19444250,1750,700,HCLTECH,27-FEB-2025
2025-02-03 13:20:46.297966,HCLTECH27FEB25F,FUTSTK,1702.4,1956850,1702.55,1703.0,19444250,1050,350,HCLTECH,27-FEB-2025
2025-02-03 13:20:52.523648,HCLTECH27FEB25F,FUTSTK,1702.6,1959300,1702.0,1702.8,19444250,350,700,HCLTECH,27-FEB-2025
2025-02-03 13:20:58.935701,HCLTECH27FEB25F,FUTSTK,1702.6,1959300,1702.0,1702.65,19444250,350,350,HCLTECH,27-FEB-2025
2025-02-03 13:21:05.269726,HCLTECH27FEB25F,FUTSTK,1701.9,1960000,1701.8,1702.4,19444250,350,350,HCLTECH,27-FEB-2025
2025-02-03 13:21:11.578966,HCLTECH27FEB25F,FUTSTK,1702.6,1960350,1702.15,1702.75,19444250,350,700,HCLTECH,27-FEB-2025
2025-02-03 13:21:17.965591,HCLTECH27FEB25F,FUTSTK,1702.0,1960700,1702.0,1702.6,19444250,700,350,HCLTECH,27-FEB-2025
2025-02-03 13:21:24.369142,HCLTECH27FEB25F,FUTSTK,1702.0,1960700,1702.0,1702.55,19444250,350,700,HCLTECH,27-FEB-2025
2025-02-03 13:21:30.767186,HCLTECH27FEB25F,FUTSTK,1702.0,1960700,1702.0,1702.35,19444250,350,350,HCLTECH,27-FEB-2025
2025-02-03 13:21:37.194889,HCLTECH27FEB25F,FUTSTK,1701.85,1961750,1701.8,1702.35,19444250,700,350,HCLTECH,27-FEB-2025
2025-02-03 13:21:45.611640,HCLTECH27FEB25F,FUTSTK,1701.85,1961750,1701.7,1702.2,19444250,350,350,HCLTECH,27-FEB-2025
2025-02-03 13:21:53.409303,HCLTECH27FEB25F,FUTSTK,1701.8,1962800,1701.55,1702.3,19444250,350,350,HCLTECH,27-FEB-2025
2025-02-03 13:22:00.596889,HCLTECH27FEB25F,FUTSTK,1702.6,1965950,1702.05,1702.9,19444250,350,350,HCLTECH,27-FEB-2025
2025-02-03 13:22:06.963403,HCLTECH27FEB25F,FUTSTK,1703.25,1968050,1702.75,1703.65,19444250,350,700,HCLTECH,27-FEB-2025
2025-02-03 13:22:13.247029,HCLTECH27FEB25F,FUTSTK,1702.75,1968400,1702.15,1702.65,19444250,350,350,HCLTECH,27-FEB-2025
2025-02-03 13:22:19.515639,HCLTECH27FEB25F,FUTSTK,1702.25,1968750,1702.2,1703.0,19442850,700,350,HCLTECH,27-FEB-2025
2025-02-03 13:22:26.114069,HCLTECH27FEB25F,FUTSTK,1702.3,1969450,1702.3,1702.9,19442850,350,350,HCLTECH,27-FEB-2025
2025-02-03 13:22:34.816071,HCLTECH27FEB25F,FUTSTK,1702.3,1969450,1702.5,1702.95,19442850,350,700,HCLTECH,27-FEB-2025
2025-02-03 13:22:42.011673,HCLTECH27FEB25F,FUTSTK,1702.3,1969450,1702.55,1702.95,19442850,350,350,HCLTECH,27-FEB-2025
2025-02-03 13:22:50.413868,HCLTECH27FEB25F,FUTSTK,1702.75,1970500,1702.55,1702.95,19442850,350,350,HCLTECH,27-FEB-2025
2025-02-03 13:22:58.795152,HCLTECH27FEB25F,FUTSTK,1702.85,1970850,1702.55,1702.95,19442850,700,350,HCLTECH,27-FEB-2025
2025-02-03 13:23:06.166247,HCLTECH27FEB25F,FUTSTK,1703.0,1971550,1702.75,1703.35,19442850,700,350,HCLTECH,27-FEB-2025
2025-02-03 13:23:13.435098,HCLTECH27FEB25F,FUTSTK,1703.0,1971550,1702.75,1703.35,19442850,1400,350,HCLTECH,27-FEB-2025
2025-02-03 13:23:19.737294,HCLTECH27FEB25F,FUTSTK,1703.35,1972250,1703.0,1703.45,19442850,700,700,HCLTECH,27-FEB-2025
2025-02-03 13:23:26.037675,HCLTECH27FEB25F,FUTSTK,1703.45,1974000,1703.1,1703.65,19442850,700,700,HCLTECH,27-FEB-2025
2025-02-03 13:23:32.450346,HCLTECH27FEB25F,FUTSTK,1703.1,1974350,1703.1,1703.65,19442850,700,700,HCLTECH,27-FEB-2025
2025-02-03 13:23:38.745201,HCLTECH27FEB25F,FUTSTK,1703.1,1975050,1702.45,1703.35,19442850,1050,700,HCLTECH,27-FEB-2025
2025-02-03 13:23:45.011329,HCLTECH27FEB25F,FUTSTK,1703.1,1975050,1702.7,1703.35,19442850,350,350,HCLTECH,27-FEB-2025
2025-02-03 13:23:51.329648,HCLTECH27FEB25F,FUTSTK,1703.1,1975050,1702.75,1703.25,19442850,700,350,HCLTECH,27-FEB-2025
2025-02-03 13:23:57.715341,HCLTECH27FEB25F,FUTSTK,1703.2,1975750,1702.8,1703.4,19442850,1400,350,HCLTECH,27-FEB-2025
2025-02-03 13:24:03.991662,HCLTECH27FEB25F,FUTSTK,1703.2,1975750,1703.0,1703.4,19442850,350,350,HCLTECH,27-FEB-2025
2025-02-03 13:24:10.444109,HCLTECH27FEB25F,FUTSTK,1703.2,1975750,1703.0,1703.4,19442850,700,350,HCLTECH,27-FEB-2025
2025-02-03 13:24:16.883577,HCLTECH27FEB25F,FUTSTK,1703.5,1977500,1703.35,1704.1,19442850,700,700,HCLTECH,27-FEB-2025
2025-02-03 13:24:23.272892,HCLTECH27FEB25F,FUTSTK,1703.35,1977850,1703.05,1703.75,19442850,700,350,HCLTECH,27-FEB-2025
2025-02-03 13:24:29.606585,HCLTECH27FEB25F,FUTSTK,1703.35,1977850,1703.0,1703.6,19442850,350,700,HCLTECH,27-FEB-2025
2025-02-03 13:24:36.071258,HCLTECH27FEB25F,FUTSTK,1702.0,1978550,1701.95,1702.8,19442850,350,350,HCLTECH,27-FEB-2025
2025-02-03 13:24:42.465993,HCLTECH27FEB25F,FUTSTK,1702.0,1978550,1701.7,1702.45,19442850,700,700,HCLTECH,27-FEB-2025
2025-02-03 13:24:48.880176,HCLTECH27FEB25F,FUTSTK,1702.0,1978550,1701.8,1702.5,19442850,1400,700,HCLTECH,27-FEB-2025
2025-02-03 13:24:55.232481,HCLTECH27FEB25F,FUTSTK,1701.65,1979250,1701.5,1702.3,19442850,700,700,HCLTECH,27-FEB-2025
2025-02-03 13:25:01.620597,HCLTECH27FEB25F,FUTSTK,1701.65,1979250,1701.6,1702.4,19442850,1050,700,HCLTECH,27-FEB-2025
2025-02-03 13:25:08.045240,HCLTECH27FEB25F,FUTSTK,1701.65,1979250,1701.65,1702.3,19442850,350,350,HCLTECH,27-FEB-2025
2025-02-03 13:25:14.511115,HCLTECH27FEB25F,FUTSTK,1701.55,1979250,1701.45,1702.4,19442850,700,350,HCLTECH,27-FEB-2025
2025-02-03 13:25:20.936597,HCLTECH27FEB25F,FUTSTK,1701.55,1979600,1701.65,1702.35,19442850,350,350,HCLTECH,27-FEB-2025
2025-02-03 13:25:27.235767,HCLTECH27FEB25F,FUTSTK,1701.55,1979600,1701.6,1702.35,19442850,700,350,HCLTECH,27-FEB-2025
2025-02-03 13:25:33.955168,HCLTECH27FEB25F,FUTSTK,1701.55,1979600,1701.6,1702.3,19442850,350,350,HCLTECH,27-FEB-2025
2025-02-03 13:25:40.226864,HCLTECH27FEB25F,FUTSTK,1701.6,1979950,1701.25,1701.95,19445650,350,350,HCLTECH,27-FEB-2025
2025-02-03 13:25:46.674480,HCLTECH27FEB25F,FUTSTK,1701.6,1979950,1701.1,1701.85,19445650,700,350,HCLTECH,27-FEB-2025
2025-02-03 13:25:53.103587,HCLTECH27FEB25F,FUTSTK,1701.6,1979950,1701.15,1701.75,19445650,700,350,HCLTECH,27-FEB-2025
2025-02-03 13:25:59.481253,HCLTECH27FEB25F,FUTSTK,1701.15,1980300,1700.7,1701.3,19445650,350,350,HCLTECH,27-FEB-2025
2025-02-03 13:26:05.887218,HCLTECH27FEB25F,FUTSTK,1701.15,1980300,1701.1,1701.55,19445650,700,350,HCLTECH,27-FEB-2025
2025-02-03 13:26:12.232531,HCLTECH27FEB25F,FUTSTK,1701.5,1981350,1701.15,1701.9,19445650,1400,350,HCLTECH,27-FEB-2025
2025-02-03 13:26:18.602633,HCLTECH27FEB25F,FUTSTK,1701.55,1982400,1701.15,1701.55,19445650,350,350,HCLTECH,27-FEB-2025
2025-02-03 13:26:24.907325,HCLTECH27FEB25F,FUTSTK,1701.65,1983800,1701.25,1701.9,19445650,1050,350,HCLTECH,27-FEB-2025
2025-02-03 13:26:31.279470,HCLTECH27FEB25F,FUTSTK,1701.95,1984500,1701.6,1702.0,19445650,350,700,HCLTECH,27-FEB-2025
2025-02-03 13:26:37.643416,HCLTECH27FEB25F,FUTSTK,1702.0,1984850,1701.3,1701.85,19445650,350,700,HCLTECH,27-FEB-2025
2025-02-03 13:26:43.905396,HCLTECH27FEB25F,FUTSTK,1701.45,1985550,1701.35,1702.0,19445650,700,350,HCLTECH,27-FEB-2025
2025-02-03 13:26:50.448558,HCLTECH27FEB25F,FUTSTK,1701.45,1986250,1701.35,1702.1,19445650,350,350,HCLTECH,27-FEB-2025
2025-02-03 13:26:56.759444,HCLTECH27FEB25F,FUTSTK,1702.7,1989050,1702.1,1703.1,19445650,350,350,HCLTECH,27-FEB-2025
2025-02-03 13:27:03.205867,HCLTECH27FEB25F,FUTSTK,1702.9,1990450,1702.15,1703.1,19445650,350,700,HCLTECH,27-FEB-2025
2025-02-03 13:27:09.608901,HCLTECH27FEB25F,FUTSTK,1702.9,1990450,1702.4,1703.2,19445650,700,350,HCLTECH,27-FEB-2025
2025-02-03 13:27:15.992246,HCLTECH27FEB25F,FUTSTK,1702.9,1990450,1703.1,1704.0,19445650,350,350,HCLTECH,27-FEB-2025
2025-02-03 13:27:22.241878,HCLTECH27FEB25F,FUTSTK,1704.1,1992200,1703.45,1704.2,19445650,350,350,HCLTECH,27-FEB-2025
2025-02-03 13:27:28.578825,HCLTECH27FEB25F,FUTSTK,1704.3,1992900,1703.75,1704.6,19445650,350,350,HCLTECH,27-FEB-2025
2025-02-03 13:27:34.895150,HCLTECH27FEB25F,FUTSTK,1704.3,1992900,1704.0,1704.9,19445650,700,350,HCLTECH,27-FEB-2025
2025-02-03 13:27:41.179431,HCLTECH27FEB25F,FUTSTK,1704.3,1992900,1704.0,1704.8,19445650,700,350,HCLTECH,27-FEB-2025
2025-02-03 13:27:47.484989,HCLTECH27FEB25F,FUTSTK,1704.65,1993950,1703.85,1704.65,19445650,350,350,HCLTECH,27-FEB-2025
2025-02-03 13:27:53.827029,HCLTECH27FEB25F,FUTSTK,1704.65,1993950,1703.85,1704.7,19445650,1050,350,HCLTECH,27-FEB-2025
2025-02-03 13:28:00.246651,HCLTECH27FEB25F,FUTSTK,1704.7,1994300,1703.9,1704.7,19445650,350,350,HCLTECH,27-FEB-2025
2025-02-03 13:28:06.657008,HCLTECH27FEB25F,FUTSTK,1704.4,1996050,1704.0,1704.85,19445650,350,350,HCLTECH,27-FEB-2025
2025-02-03 13:28:12.926536,HCLTECH27FEB25F,FUTSTK,1704.4,1996050,1703.85,1704.8,19445650,700,700,HCLTECH,27-FEB-2025
2025-02-03 13:28:19.215588,HCLTECH27FEB25F,FUTSTK,1703.55,1996750,1703.1,1703.85,19445300,700,350,HCLTECH,27-FEB-2025
2025-02-03 13:28:25.477776,HCLTECH27FEB25F,FUTSTK,1703.2,1997800,1702.95,1703.95,19445300,350,350,HCLTECH,27-FEB-2025
2025-02-03 13:28:31.959401,HCLTECH27FEB25F,FUTSTK,1703.15,1998150,1702.65,1703.2,19445300,1050,350,HCLTECH,27-FEB-2025
2025-02-03 13:28:38.379396,HCLTECH27FEB25F,FUTSTK,1703.05,1998850,1702.55,1703.5,19445300,350,700,HCLTECH,27-FEB-2025
2025-02-03 13:28:44.649387,HCLTECH27FEB25F,FUTSTK,1703.05,1998850,1702.55,1703.35,19445300,350,350,HCLTECH,27-FEB-2025
2025-02-03 13:28:51.137134,HCLTECH27FEB25F,FUTSTK,1703.05,1998850,1702.4,1703.45,19445300,700,350,HCLTECH,27-FEB-2025
2025-02-03 13:28:57.390700,HCLTECH27FEB25F,FUTSTK,1703.05,1998850,1702.0,1702.9,19445300,350,350,HCLTECH,27-FEB-2025
2025-02-03 13:29:03.739733,HCLTECH27FEB25F,FUTSTK,1703.05,1998850,1701.7,1702.75,19445300,350,350,HCLTECH,27-FEB-2025
2025-02-03 13:29:10.166623,HCLTECH27FEB25F,FUTSTK,1703.05,1998850,1701.85,1702.65,19445300,350,350,HCLTECH,27-FEB-2025
2025-02-03 13:29:16.430368,HCLTECH27FEB25F,FUTSTK,1701.85,1999200,1701.3,1702.2,19445300,350,1400,HCLTECH,27-FEB-2025
2025-02-03 13:29:22.797471,HCLTECH27FEB25F,FUTSTK,1701.6,1999550,1701.6,1702.35,19445300,350,350,HCLTECH,27-FEB-2025
2025-02-03 13:29:29.132470,HCLTECH27FEB25F,FUTSTK,1702.0,2000250,1701.6,1702.0,19445300,350,700,HCLTECH,27-FEB-2025
2025-02-03 13:29:35.501497,HCLTECH27FEB25F,FUTSTK,1701.9,2000600,1701.6,1701.9,19445300,350,350,HCLTECH,27-FEB-2025
2025-02-03 13:29:42.049420,HCLTECH27FEB25F,FUTSTK,1701.6,2000950,1700.95,1701.65,19445300,350,350,HCLTECH,27-FEB-2025
2025-02-03 13:29:48.405768,HCLTECH27FEB25F,FUTSTK,1701.6,2000950,1701.1,1701.55,19445300,350,350,HCLTECH,27-FEB-2025
2025-02-03 13:29:55.216080,HCLTECH27FEB25F,FUTSTK,1701.6,2000950,1700.8,1701.35,19445300,350,350,HCLTECH,27-FEB-2025
2025-02-03 13:30:01.849137,HCLTECH27FEB25F,FUTSTK,1701.6,2000950,1700.65,1701.3,19445300,350,350,HCLTECH,27-FEB-2025
2025-02-03 13:30:08.522307,HCLTECH27FEB25F,FUTSTK,1701.25,2001300,1700.5,1701.3,19445300,350,350,HCLTECH,27-FEB-2025
2025-02-03 13:30:14.949345,HCLTECH27FEB25F,FUTSTK,1701.25,2001300,1700.4,1701.2,19445300,350,700,HCLTECH,27-FEB-2025
2025-02-03 13:30:21.328275,HCLTECH27FEB25F,FUTSTK,1701.25,2001300,1700.15,1700.35,19445300,350,4550,HCLTECH,27-FEB-2025
2025-02-03 13:30:27.677861,HCLTECH27FEB25F,FUTSTK,1701.05,2007250,1700.65,1701.5,19445300,350,350,HCLTECH,27-FEB-2025
2025-02-03 13:30:33.937628,HCLTECH27FEB25F,FUTSTK,1701.25,2007950,1700.95,1701.95,19445300,350,350,HCLTECH,27-FEB-2025
2025-02-03 13:30:40.456545,HCLTECH27FEB25F,FUTSTK,1701.25,2007950,1701.05,1701.85,19445300,350,350,HCLTECH,27-FEB-2025
2025-02-03 13:30:46.744297,HCLTECH27FEB25F,FUTSTK,1701.9,2008300,1701.25,1702.0,19445300,350,350,HCLTECH,27-FEB-2025
2025-02-03 13:30:53.227541,HCLTECH27FEB25F,FUTSTK,1701.9,2008300,1701.1,1701.55,19445300,350,350,HCLTECH,27-FEB-2025
2025-02-03 13:30:59.570261,HCLTECH27FEB25F,FUTSTK,1701.9,2008300,1700.9,1701.45,19445300,700,350,HCLTECH,27-FEB-2025
2025-02-03 13:31:05.938707,HCLTECH27FEB25F,FUTSTK,1700.9,2009000,1700.4,1701.15,19445300,350,350,HCLTECH,27-FEB-2025
2025-02-03 13:31:12.427546,HCLTECH27FEB25F,FUTSTK,1700.1,2009700,1700.25,1700.9,19445300,700,350,HCLTECH,27-FEB-2025
2025-02-03 13:31:18.754869,HCLTECH27FEB25F,FUTSTK,1701.25,2013200,1701.05,1702.15,19448450,700,1050,HCLTECH,27-FEB-2025
2025-02-03 13:31:25.398575,HCLTECH27FEB25F,FUTSTK,1701.7,2013550,1702.05,1702.95,19448450,350,350,HCLTECH,27-FEB-2025
2025-02-03 13:31:31.850946,HCLTECH27FEB25F,FUTSTK,1701.7,2013550,1701.7,1702.6,19448450,1050,350,HCLTECH,27-FEB-2025
2025-02-03 13:31:38.170677,HCLTECH27FEB25F,FUTSTK,1701.75,2013900,1701.75,1702.65,19448450,350,350,HCLTECH,27-FEB-2025
2025-02-03 13:31:44.533036,HCLTECH27FEB25F,FUTSTK,1701.75,2014250,1701.8,1702.45,19448450,1050,1050,HCLTECH,27-FEB-2025
2025-02-03 13:31:50.661512,HCLTECH27FEB25F,FUTSTK,1702.0,2014950,1701.5,1702.45,19448450,700,350,HCLTECH,27-FEB-2025
2025-02-03 13:31:56.975323,HCLTECH27FEB25F,FUTSTK,1702.45,2015650,1701.75,1702.5,19448450,350,700,HCLTECH,27-FEB-2025
2025-02-03 13:32:03.433601,HCLTECH27FEB25F,FUTSTK,1702.45,2015650,1701.3,1702.3,19448450,700,350,HCLTECH,27-FEB-2025
2025-02-03 13:32:09.815768,HCLTECH27FEB25F,FUTSTK,1701.75,2016000,1701.7,1702.35,19448450,350,350,HCLTECH,27-FEB-2025
2025-02-03 13:32:16.195632,HCLTECH27FEB25F,FUTSTK,1702.5,2017750,1702.05,1702.9,19448450,350,350,HCLTECH,27-FEB-2025
2025-02-03 13:32:22.525494,HCLTECH27FEB25F,FUTSTK,1702.9,2018100,1702.05,1702.8,19448450,1050,700,HCLTECH,27-FEB-2025
2025-02-03 13:32:28.802589,HCLTECH27FEB25F,FUTSTK,1702.25,2018800,1702.25,1703.0,19448450,1050,700,HCLTECH,27-FEB-2025
2025-02-03 13:32:35.031458,HCLTECH27FEB25F,FUTSTK,1702.25,2018800,1702.45,1703.0,19448450,1050,350,HCLTECH,27-FEB-2025
2025-02-03 13:32:41.362662,HCLTECH27FEB25F,FUTSTK,1703.05,2019500,1702.5,1703.1,19448450,700,350,HCLTECH,27-FEB-2025
2025-02-03 13:32:47.735677,HCLTECH27FEB25F,FUTSTK,1703.05,2019500,1702.5,1703.1,19448450,700,1050,HCLTECH,27-FEB-2025
2025-02-03 13:32:54.066884,HCLTECH27FEB25F,FUTSTK,1702.5,2020200,1701.9,1702.8,19448450,1400,1050,HCLTECH,27-FEB-2025
2025-02-03 13:33:00.476345,HCLTECH27FEB25F,FUTSTK,1703.0,2021250,1702.4,1703.05,19448450,350,350,HCLTECH,27-FEB-2025
2025-02-03 13:33:06.737518,HCLTECH27FEB25F,FUTSTK,1703.0,2021250,1702.35,1703.0,19448450,1050,350,HCLTECH,27-FEB-2025
2025-02-03 13:33:13.098293,HCLTECH27FEB25F,FUTSTK,1702.35,2021600,1702.35,1702.85,19448450,350,350,HCLTECH,27-FEB-2025
2025-02-03 13:33:19.280985,HCLTECH27FEB25F,FUTSTK,1702.35,2021600,1702.35,1702.95,19448450,350,350,HCLTECH,27-FEB-2025
2025-02-03 13:33:25.696656,HCLTECH27FEB25F,FUTSTK,1702.35,2022300,1701.8,1702.75,19448450,1050,700,HCLTECH,27-FEB-2025
2025-02-03 13:33:32.027087,HCLTECH27FEB25F,FUTSTK,1701.4,2022650,1701.0,1701.95,19448450,700,700,HCLTECH,27-FEB-2025
2025-02-03 13:33:38.447995,HCLTECH27FEB25F,FUTSTK,1701.0,2023000,1700.9,1701.75,19448450,350,350,HCLTECH,27-FEB-2025
2025-02-03 13:33:44.699612,HCLTECH27FEB25F,FUTSTK,1701.75,2023350,1701.1,1701.65,19448450,700,350,HCLTECH,27-FEB-2025
2025-02-03 13:33:51.137495,HCLTECH27FEB25F,FUTSTK,1701.75,2023350,1701.05,1701.65,19448450,1400,350,HCLTECH,27-FEB-2025
2025-02-03 13:33:57.577585,HCLTECH27FEB25F,FUTSTK,1701.65,2023700,1701.3,1701.9,19448450,350,350,HCLTECH,27-FEB-2025
2025-02-03 13:34:03.879203,HCLTECH27FEB25F,FUTSTK,1701.65,2023700,1701.2,1701.8,19448450,350,350,HCLTECH,27-FEB-2025
2025-02-03 13:34:10.400728,HCLTECH27FEB25F,FUTSTK,1701.65,2023700,1701.2,1701.5,19448450,350,700,HCLTECH,27-FEB-2025
2025-02-03 13:34:17.179686,HCLTECH27FEB25F,FUTSTK,1701.65,2023700,1701.2,1701.4,19448450,350,700,HCLTECH,27-FEB-2025
2025-02-03 13:34:23.565431,HCLTECH27FEB25F,FUTSTK,1701.65,2023700,1701.2,1701.3,19448450,350,700,HCLTECH,27-FEB-2025
2025-02-03 13:34:30.026211,HCLTECH27FEB25F,FUTSTK,1701.2,2024400,1700.75,1701.7,19446350,350,350,HCLTECH,27-FEB-2025
2025-02-03 13:34:36.769623,HCLTECH27FEB25F,FUTSTK,1701.2,2024400,1700.65,1701.45,19446350,350,700,HCLTECH,27-FEB-2025
2025-02-03 13:34:43.329271,HCLTECH27FEB25F,FUTSTK,1700.5,2024750,1700.1,1700.8,19446350,350,350,HCLTECH,27-FEB-2025
2025-02-03 13:34:49.622739,HCLTECH27FEB25F,FUTSTK,1700.5,2024750,1700.05,1700.5,19446350,350,350,HCLTECH,27-FEB-2025
2025-02-03 13:34:56.069824,HCLTECH27FEB25F,FUTSTK,1699.25,2028250,1699.2,1700.0,19446350,700,350,HCLTECH,27-FEB-2025
2025-02-03 13:35:02.538746,HCLTECH27FEB25F,FUTSTK,1699.1,2028950,1698.9,1699.8,19446350,350,700,HCLTECH,27-FEB-2025
2025-02-03 13:35:08.860746,HCLTECH27FEB25F,FUTSTK,1699.45,2029650,1698.85,1699.75,19446350,350,350,HCLTECH,27-FEB-2025
2025-02-03 13:35:15.247464,HCLTECH27FEB25F,FUTSTK,1699.3,2030000,1698.8,1699.45,19446350,350,350,HCLTECH,27-FEB-2025
2025-02-03 13:35:21.700431,HCLTECH27FEB25F,FUTSTK,1699.5,2031400,1698.65,1699.55,19446350,350,350,HCLTECH,27-FEB-2025
2025-02-03 13:35:28.051769,HCLTECH27FEB25F,FUTSTK,1699.5,2031400,1698.85,1699.55,19446350,700,700,HCLTECH,27-FEB-2025
2025-02-03 13:35:34.355864,HCLTECH27FEB25F,FUTSTK,1699.5,2031400,1698.95,1699.55,19446350,350,700,HCLTECH,27-FEB-2025
2025-02-03 13:35:40.632978,HCLTECH27FEB25F,FUTSTK,1699.5,2031400,1699.0,1699.3,19446350,1050,350,HCLTECH,27-FEB-2025
2025-02-03 13:35:47.053947,HCLTECH27FEB25F,FUTSTK,1699.0,2031750,1699.0,1699.25,19446350,700,350,HCLTECH,27-FEB-2025
2025-02-03 13:35:53.409147,HCLTECH27FEB25F,FUTSTK,1699.3,2032450,1699.0,1699.4,19446350,1050,350,HCLTECH,27-FEB-2025
2025-02-03 13:35:59.713466,HCLTECH27FEB25F,FUTSTK,1699.35,2032800,1699.0,1699.5,19446350,1400,350,HCLTECH,27-FEB-2025
2025-02-03 13:36:06.069166,HCLTECH27FEB25F,FUTSTK,1699.35,2035600,1699.0,1699.8,19446350,700,350,HCLTECH,27-FEB-2025
2025-02-03 13:36:12.482074,HCLTECH27FEB25F,FUTSTK,1699.85,2036650,1699.0,1699.95,19446350,350,700,HCLTECH,27-FEB-2025
2025-02-03 13:36:18.926472,HCLTECH27FEB25F,FUTSTK,1699.85,2036650,1699.15,1699.95,19446350,350,350,HCLTECH,27-FEB-2025
2025-02-03 13:36:25.244098,HCLTECH27FEB25F,FUTSTK,1699.85,2036650,1699.4,1699.9,19446350,350,350,HCLTECH,27-FEB-2025
2025-02-03 13:36:31.641257,HCLTECH27FEB25F,FUTSTK,1699.8,2037000,1699.2,1700.0,19446350,1050,350,HCLTECH,27-FEB-2025
2025-02-03 13:36:37.993028,HCLTECH27FEB25F,FUTSTK,1699.8,2037000,1699.4,1700.0,19446350,350,350,HCLTECH,27-FEB-2025
2025-02-03 13:36:44.299454,HCLTECH27FEB25F,FUTSTK,1699.95,2037350,1699.35,1700.0,19446350,700,350,HCLTECH,27-FEB-2025
2025-02-03 13:36:50.650866,HCLTECH27FEB25F,FUTSTK,1700.0,2037700,1699.6,1700.25,19446350,700,350,HCLTECH,27-FEB-2025
2025-02-03 13:36:56.869086,HCLTECH27FEB25F,FUTSTK,1700.0,2037700,1699.6,1699.9,19446350,700,350,HCLTECH,27-FEB-2025
2025-02-03 13:37:03.290320,HCLTECH27FEB25F,FUTSTK,1699.6,2038400,1699.35,1699.7,19446350,700,350,HCLTECH,27-FEB-2025
2025-02-03 13:37:09.572748,HCLTECH27FEB25F,FUTSTK,1699.6,2038400,1699.35,1699.7,19446350,700,350,HCLTECH,27-FEB-2025
2025-02-03 13:37:15.849105,HCLTECH27FEB25F,FUTSTK,1699.7,2038750,1699.35,1699.75,19446350,700,700,HCLTECH,27-FEB-2025
2025-02-03 13:37:22.269099,HCLTECH27FEB25F,FUTSTK,1699.75,2038750,1699.35,1699.75,19446350,700,350,HCLTECH,27-FEB-2025
2025-02-03 13:37:28.508410,HCLTECH27FEB25F,FUTSTK,1699.75,2039100,1699.4,1699.95,19446350,700,700,HCLTECH,27-FEB-2025
2025-02-03 13:37:34.739856,HCLTECH27FEB25F,FUTSTK,1699.5,2039450,1699.45,1699.95,19446350,1400,700,HCLTECH,27-FEB-2025
2025-02-03 13:37:41.022193,HCLTECH27FEB25F,FUTSTK,1699.55,2039800,1699.55,1699.8,19446350,350,350,HCLTECH,27-FEB-2025
2025-02-03 13:37:47.293923,HCLTECH27FEB25F,FUTSTK,1699.55,2040500,1699.45,1699.65,19446350,350,350,HCLTECH,27-FEB-2025
2025-02-03 13:37:53.702605,HCLTECH27FEB25F,FUTSTK,1699.55,2040500,1699.5,1699.65,19446350,700,350,HCLTECH,27-FEB-2025
2025-02-03 13:38:00.082619,HCLTECH27FEB25F,FUTSTK,1699.75,2041550,1699.7,1700.0,19446350,350,350,HCLTECH,27-FEB-2025
2025-02-03 13:38:06.423651,HCLTECH27FEB25F,FUTSTK,1700.8,2042950,1700.5,1701.5,19446350,350,1050,HCLTECH,27-FEB-2025
2025-02-03 13:38:12.871353,HCLTECH27FEB25F,FUTSTK,1700.8,2042950,1700.55,1701.35,19446350,350,1050,HCLTECH,27-FEB-2025
2025-02-03 13:38:19.139078,HCLTECH27FEB25F,FUTSTK,1700.6,2044000,1700.05,1700.7,19446350,350,700,HCLTECH,27-FEB-2025
2025-02-03 13:38:25.385056,HCLTECH27FEB25F,FUTSTK,1700.1,2046100,1699.7,1700.25,19446350,350,350,HCLTECH,27-FEB-2025
2025-02-03 13:38:31.869549,HCLTECH27FEB25F,FUTSTK,1700.05,2046450,1699.75,1700.25,19446350,350,350,HCLTECH,27-FEB-2025
2025-02-03 13:38:38.246110,HCLTECH27FEB25F,FUTSTK,1700.05,2046450,1699.75,1700.2,19446350,350,350,HCLTECH,27-FEB-2025
2025-02-03 13:38:44.616826,HCLTECH27FEB25F,FUTSTK,1699.75,2046800,1699.7,1699.85,19446350,700,700,HCLTECH,27-FEB-2025
2025-02-03 13:38:50.965497,HCLTECH27FEB25F,FUTSTK,1699.7,2047150,1699.7,1699.85,19446350,350,350,HCLTECH,27-FEB-2025
2025-02-03 13:38:57.374829,HCLTECH27FEB25F,FUTSTK,1699.7,2047150,1699.7,1699.8,19446350,350,350,HCLTECH,27-FEB-2025
2025-02-03 13:39:03.749054,HCLTECH27FEB25F,FUTSTK,1699.85,2048550,1699.3,1700.05,19446350,350,700,HCLTECH,27-FEB-2025
2025-02-03 13:39:10.287048,HCLTECH27FEB25F,FUTSTK,1698.9,2048550,1698.9,1699.95,19446350,700,1050,HCLTECH,27-FEB-2025
2025-02-03 13:39:16.663125,HCLTECH27FEB25F,FUTSTK,1698.9,2048900,1699.2,1700.0,19446350,700,350,HCLTECH,27-FEB-2025
2025-02-03 13:39:23.190593,HCLTECH27FEB25F,FUTSTK,1698.9,2048900,1699.3,1700.05,19446350,700,700,HCLTECH,27-FEB-2025
2025-02-03 13:39:29.579070,HCLTECH27FEB25F,FUTSTK,1699.9,2048900,1699.3,1700.0,19446350,350,700,HCLTECH,27-FEB-2025
2025-02-03 13:39:35.742607,HCLTECH27FEB25F,FUTSTK,1699.35,2049600,1699.3,1700.0,19446350,350,700,HCLTECH,27-FEB-2025
2025-02-03 13:39:41.914067,HCLTECH27FEB25F,FUTSTK,1699.75,2049950,1699.35,1699.75,19446350,350,350,HCLTECH,27-FEB-2025
2025-02-03 13:39:48.261605,HCLTECH27FEB25F,FUTSTK,1700.05,2051000,1699.85,1700.7,19446350,700,1050,HCLTECH,27-FEB-2025
2025-02-03 13:39:54.583904,HCLTECH27FEB25F,FUTSTK,1700.55,2052050,1700.05,1700.85,19446350,350,700,HCLTECH,27-FEB-2025
2025-02-03 13:40:00.908780,HCLTECH27FEB25F,FUTSTK,1700.05,2052400,1699.7,1700.5,19446350,350,350,HCLTECH,27-FEB-2025
2025-02-03 13:40:07.244180,HCLTECH27FEB25F,FUTSTK,1700.05,2052400,1699.6,1700.4,19446350,350,350,HCLTECH,27-FEB-2025
2025-02-03 13:40:13.620991,HCLTECH27FEB25F,FUTSTK,1700.05,2052400,1699.6,1700.45,19446350,350,700,HCLTECH,27-FEB-2025
2025-02-03 13:40:22.978843,HCLTECH27FEB25F,FUTSTK,1700.2,2053100,1699.3,1700.1,19443900,350,700,HCLTECH,27-FEB-2025
2025-02-03 13:40:30.999431,HCLTECH27FEB25F,FUTSTK,1700.2,2053100,1699.1,1700.0,19443900,350,700,HCLTECH,27-FEB-2025
2025-02-03 13:40:37.608657,HCLTECH27FEB25F,FUTSTK,1700.2,2053100,1699.25,1699.95,19443900,700,700,HCLTECH,27-FEB-2025
2025-02-03 13:40:44.003231,HCLTECH27FEB25F,FUTSTK,1700.2,2053100,1699.25,1699.85,19443900,1050,350,HCLTECH,27-FEB-2025
2025-02-03 13:40:50.527353,HCLTECH27FEB25F,FUTSTK,1699.25,2053450,1698.9,1699.8,19443900,350,1050,HCLTECH,27-FEB-2025
2025-02-03 13:40:56.827175,HCLTECH27FEB25F,FUTSTK,1699.25,2053450,1699.0,1699.85,19443900,350,1400,HCLTECH,27-FEB-2025
2025-02-03 13:41:03.280140,HCLTECH27FEB25F,FUTSTK,1699.25,2053450,1698.8,1699.65,19443900,350,1050,HCLTECH,27-FEB-2025
2025-02-03 13:41:09.791663,HCLTECH27FEB25F,FUTSTK,1699.25,2053450,1698.45,1699.5,19443900,350,1050,HCLTECH,27-FEB-2025
2025-02-03 13:41:16.361517,HCLTECH27FEB25F,FUTSTK,1699.25,2053450,1698.55,1699.5,19443900,1050,700,HCLTECH,27-FEB-2025
2025-02-03 13:41:22.728350,HCLTECH27FEB25F,FUTSTK,1699.25,2053450,1698.6,1699.1,19443900,700,350,HCLTECH,27-FEB-2025
2025-02-03 13:41:29.129600,HCLTECH27FEB25F,FUTSTK,1698.9,2054150,1698.5,1698.9,19443900,350,350,HCLTECH,27-FEB-2025
2025-02-03 13:41:35.774764,HCLTECH27FEB25F,FUTSTK,1698.5,2054500,1698.3,1699.05,19443900,700,700,HCLTECH,27-FEB-2025
2025-02-03 13:41:42.260726,HCLTECH27FEB25F,FUTSTK,1698.9,2054500,1698.5,1699.05,19443900,350,700,HCLTECH,27-FEB-2025
2025-02-03 13:41:48.694064,HCLTECH27FEB25F,FUTSTK,1699.2,2055200,1698.65,1699.25,19443900,350,350,HCLTECH,27-FEB-2025
2025-02-03 13:41:55.134784,HCLTECH27FEB25F,FUTSTK,1699.2,2055200,1698.6,1699.3,19443900,350,350,HCLTECH,27-FEB-2025
2025-02-03 13:42:01.706268,HCLTECH27FEB25F,FUTSTK,1699.2,2055900,1698.55,1699.5,19443900,1050,1050,HCLTECH,27-FEB-2025
2025-02-03 13:42:08.135313,HCLTECH27FEB25F,FUTSTK,1699.35,2056250,1698.55,1699.3,19443900,350,350,HCLTECH,27-FEB-2025
2025-02-03 13:42:14.631053,HCLTECH27FEB25F,FUTSTK,1698.65,2056600,1698.55,1699.6,19443900,1050,1050,HCLTECH,27-FEB-2025
2025-02-03 13:42:20.950351,HCLTECH27FEB25F,FUTSTK,1698.65,2056950,1699.1,1699.95,19443900,1400,700,HCLTECH,27-FEB-2025
2025-02-03 13:42:27.527588,HCLTECH27FEB25F,FUTSTK,1699.1,2057650,1699.1,1699.5,19443900,350,350,HCLTECH,27-FEB-2025
2025-02-03 13:42:34.313046,HCLTECH27FEB25F,FUTSTK,1699.1,2057650,1699.1,1699.55,19443900,350,700,HCLTECH,27-FEB-2025
2025-02-03 13:42:40.849557,HCLTECH27FEB25F,FUTSTK,1699.1,2057650,1699.1,1699.55,19443900,350,700,HCLTECH,27-FEB-2025
2025-02-03 13:42:47.516875,HCLTECH27FEB25F,FUTSTK,1699.1,2057650,1699.1,1699.4,19443900,700,350,HCLTECH,27-FEB-2025
2025-02-03 13:42:53.957091,HCLTECH27FEB25F,FUTSTK,1699.1,2057650,1699.1,1699.4,19443900,700,350,HCLTECH,27-FEB-2025
2025-02-03 13:43:00.371546,HCLTECH27FEB25F,FUTSTK,1699.1,2058350,1698.6,1699.45,19443900,700,350,HCLTECH,27-FEB-2025
2025-02-03 13:43:06.802858,HCLTECH27FEB25F,FUTSTK,1699.1,2058350,1698.65,1699.4,19443900,1050,1050,HCLTECH,27-FEB-2025
2025-02-03 13:43:13.141390,HCLTECH27FEB25F,FUTSTK,1698.7,2058700,1698.75,1699.1,19443900,700,350,HCLTECH,27-FEB-2025
2025-02-03 13:43:19.738011,HCLTECH27FEB25F,FUTSTK,1698.7,2058700,1698.75,1699.15,19443900,1050,350,HCLTECH,27-FEB-2025
2025-02-03 13:43:26.112298,HCLTECH27FEB25F,FUTSTK,1699.3,2059400,1698.75,1699.4,19443900,350,700,HCLTECH,27-FEB-2025
2025-02-03 13:43:32.570289,HCLTECH27FEB25F,FUTSTK,1699.2,2059750,1698.95,1699.35,19443900,350,350,HCLTECH,27-FEB-2025
2025-02-03 13:43:39.042248,HCLTECH27FEB25F,FUTSTK,1699.25,2060100,1698.7,1699.25,19443900,350,350,HCLTECH,27-FEB-2025
2025-02-03 13:43:45.673878,HCLTECH27FEB25F,FUTSTK,1699.25,2060450,1698.8,1699.45,19443900,350,700,HCLTECH,27-FEB-2025
2025-02-03 13:43:52.046364,HCLTECH27FEB25F,FUTSTK,1699.25,2060450,1698.8,1699.45,19443900,350,700,HCLTECH,27-FEB-2025
2025-02-03 13:43:58.664684,HCLTECH27FEB25F,FUTSTK,1699.25,2060450,1698.8,1699.45,19443900,350,700,HCLTECH,27-FEB-2025
2025-02-03 13:44:05.106813,HCLTECH27FEB25F,FUTSTK,1699.25,2060450,1698.0,1698.6,19443900,700,700,HCLTECH,27-FEB-2025
2025-02-03 13:44:11.514649,HCLTECH27FEB25F,FUTSTK,1699.25,2060450,1698.0,1698.6,19443900,700,700,HCLTECH,27-FEB-2025
2025-02-03 13:44:17.858176,HCLTECH27FEB25F,FUTSTK,1698.75,2060450,1698.0,1698.6,19443900,700,700,HCLTECH,27-FEB-2025
2025-02-03 13:44:24.216071,HCLTECH27FEB25F,FUTSTK,1698.85,2060450,1698.0,1698.6,19443900,700,700,HCLTECH,27-FEB-2025
2025-02-03 13:44:30.590624,HCLTECH27FEB25F,FUTSTK,1698.85,2062550,1698.8,1699.45,19443900,700,350,HCLTECH,27-FEB-2025
2025-02-03 13:44:37.003797,HCLTECH27FEB25F,FUTSTK,1699.0,2062550,1698.8,1699.45,19443900,700,350,HCLTECH,27-FEB-2025
2025-02-03 13:44:43.690580,HCLTECH27FEB25F,FUTSTK,1699.4,2063250,1698.85,1699.55,19443900,700,700,HCLTECH,27-FEB-2025
2025-02-03 13:44:50.570522,HCLTECH27FEB25F,FUTSTK,1698.85,2063950,1698.6,1699.3,19443900,1050,350,HCLTECH,27-FEB-2025
2025-02-03 13:44:56.863615,HCLTECH27FEB25F,FUTSTK,1698.85,2063950,1698.7,1699.45,19443900,1050,350,HCLTECH,27-FEB-2025
2025-02-03 13:45:03.512921,HCLTECH27FEB25F,FUTSTK,1698.85,2063950,1698.75,1699.3,19443900,1050,350,HCLTECH,27-FEB-2025
2025-02-03 13:45:09.969216,HCLTECH27FEB25F,FUTSTK,1698.45,2064300,1698.65,1699.25,19443900,350,350,HCLTECH,27-FEB-2025
2025-02-03 13:45:17.931817,HCLTECH27FEB25F,FUTSTK,1699.35,2065000,1698.95,1699.45,19443900,1050,350,HCLTECH,27-FEB-2025
2025-02-03 13:45:24.236705,HCLTECH27FEB25F,FUTSTK,1699.55,2065000,1699.5,1700.3,19443900,350,1050,HCLTECH,27-FEB-2025
2025-02-03 13:45:30.698340,HCLTECH27FEB25F,FUTSTK,1699.6,2065700,1699.65,1700.1,19443900,2100,700,HCLTECH,27-FEB-2025
2025-02-03 13:45:37.168483,HCLTECH27FEB25F,FUTSTK,1699.65,2066400,1699.65,1700.0,19443900,1750,350,HCLTECH,27-FEB-2025
2025-02-03 13:45:43.574498,HCLTECH27FEB25F,FUTSTK,1699.65,2068500,1698.9,1699.65,19443900,700,350,HCLTECH,27-FEB-2025
2025-02-03 13:45:50.171044,HCLTECH27FEB25F,FUTSTK,1699.35,2069550,1698.4,1699.4,19443900,700,700,HCLTECH,27-FEB-2025
2025-02-03 13:45:58.158653,HCLTECH27FEB25F,FUTSTK,1698.65,2070600,1698.65,1699.25,19443900,350,350,HCLTECH,27-FEB-2025
2025-02-03 13:46:04.803411,HCLTECH27FEB25F,FUTSTK,1699.2,2070950,1698.6,1699.25,19443900,350,700,HCLTECH,27-FEB-2025
2025-02-03 13:46:11.517452,HCLTECH27FEB25F,FUTSTK,1699.25,2071300,1698.2,1699.15,19443900,350,350,HCLTECH,27-FEB-2025
2025-02-03 13:46:18.200862,HCLTECH27FEB25F,FUTSTK,1699.25,2071300,1698.6,1699.35,19443900,700,1050,HCLTECH,27-FEB-2025
2025-02-03 13:46:26.032605,HCLTECH27FEB25F,FUTSTK,1698.6,2071650,1698.6,1699.2,19446700,350,700,HCLTECH,27-FEB-2025
2025-02-03 13:46:32.542317,HCLTECH27FEB25F,FUTSTK,1698.6,2071650,1698.3,1699.15,19446700,700,1400,HCLTECH,27-FEB-2025
2025-02-03 13:46:39.482012,HCLTECH27FEB25F,FUTSTK,1698.95,2072000,1698.6,1698.95,19446700,700,350,HCLTECH,27-FEB-2025
2025-02-03 13:46:46.318643,HCLTECH27FEB25F,FUTSTK,1698.9,2072350,1698.65,1698.9,19446700,700,700,HCLTECH,27-FEB-2025
2025-02-03 13:46:53.249638,HCLTECH27FEB25F,FUTSTK,1698.9,2072350,1698.65,1698.9,19446700,700,700,HCLTECH,27-FEB-2025
2025-02-03 13:46:59.964463,HCLTECH27FEB25F,FUTSTK,1698.6,2073750,1698.05,1698.9,19446700,700,700,HCLTECH,27-FEB-2025
2025-02-03 13:47:06.688596,HCLTECH27FEB25F,FUTSTK,1698.6,2073750,1698.05,1698.9,19446700,1050,700,HCLTECH,27-FEB-2025
2025-02-03 13:47:14.768233,HCLTECH27FEB25F,FUTSTK,1698.1,2074100,1698.2,1698.9,19446700,350,700,HCLTECH,27-FEB-2025
2025-02-03 13:47:21.306336,HCLTECH27FEB25F,FUTSTK,1698.1,2074100,1698.3,1698.75,19446700,350,350,HCLTECH,27-FEB-2025
2025-02-03 13:47:27.812968,HCLTECH27FEB25F,FUTSTK,1698.85,2076200,1698.45,1698.9,19446700,350,350,HCLTECH,27-FEB-2025
2025-02-03 13:47:34.259052,HCLTECH27FEB25F,FUTSTK,1699.35,2077600,1698.9,1699.9,19446700,700,700,HCLTECH,27-FEB-2025
2025-02-03 13:47:40.977297,HCLTECH27FEB25F,FUTSTK,1699.1,2078300,1698.65,1699.5,19446700,350,700,HCLTECH,27-FEB-2025
2025-02-03 13:47:47.443259,HCLTECH27FEB25F,FUTSTK,1699.1,2078300,1698.8,1699.6,19446700,350,1400,HCLTECH,27-FEB-2025
2025-02-03 13:47:53.879440,HCLTECH27FEB25F,FUTSTK,1699.65,2078650,1699.1,1699.4,19446700,350,350,HCLTECH,27-FEB-2025
2025-02-03 13:48:00.442756,HCLTECH27FEB25F,FUTSTK,1699.35,2079000,1699.1,1699.45,19446700,350,1050,HCLTECH,27-FEB-2025
2025-02-03 13:48:07.953000,HCLTECH27FEB25F,FUTSTK,1699.15,2080750,1698.75,1699.65,19446700,350,1400,HCLTECH,27-FEB-2025
2025-02-03 13:48:14.714984,HCLTECH27FEB25F,FUTSTK,1699.15,2080750,1698.55,1699.4,19446700,350,1050,HCLTECH,27-FEB-2025
2025-02-03 13:48:21.162985,HCLTECH27FEB25F,FUTSTK,1698.7,2081100,1698.7,1699.4,19446700,700,700,HCLTECH,27-FEB-2025
2025-02-03 13:48:27.753542,HCLTECH27FEB25F,FUTSTK,1699.3,2081800,1698.95,1699.35,19446700,350,350,HCLTECH,27-FEB-2025
2025-02-03 13:48:34.187952,HCLTECH27FEB25F,FUTSTK,1699.3,2082500,1699.05,1699.35,19446700,350,350,HCLTECH,27-FEB-2025
2025-02-03 13:48:40.583121,HCLTECH27FEB25F,FUTSTK,1699.3,2082500,1699.05,1699.35,19446700,350,350,HCLTECH,27-FEB-2025
2025-02-03 13:48:46.905128,HCLTECH27FEB25F,FUTSTK,1699.3,2082500,1699.05,1699.35,19446700,350,350,HCLTECH,27-FEB-2025
2025-02-03 13:48:53.263084,HCLTECH27FEB25F,FUTSTK,1699.1,2082500,1699.05,1699.35,19446700,350,350,HCLTECH,27-FEB-2025
2025-02-03 13:49:00.066771,HCLTECH27FEB25F,FUTSTK,1699.3,2083200,1699.0,1699.35,19446700,350,350,HCLTECH,27-FEB-2025
2025-02-03 13:49:06.631628,HCLTECH27FEB25F,FUTSTK,1699.1,2083200,1699.0,1699.35,19446700,350,350,HCLTECH,27-FEB-2025
2025-02-03 13:49:13.132532,HCLTECH27FEB25F,FUTSTK,1699.1,2083200,1699.0,1699.35,19446700,350,350,HCLTECH,27-FEB-2025
2025-02-03 13:49:19.680965,HCLTECH27FEB25F,FUTSTK,1699.05,2084600,1699.0,1699.35,19446700,350,700,HCLTECH,27-FEB-2025
2025-02-03 13:49:26.096485,HCLTECH27FEB25F,FUTSTK,1699.3,2084600,1699.0,1699.35,19444250,350,700,HCLTECH,27-FEB-2025
2025-02-03 13:49:32.613917,HCLTECH27FEB25F,FUTSTK,1699.0,2084600,1699.0,1699.35,19444250,350,700,HCLTECH,27-FEB-2025
2025-02-03 13:49:38.938541,HCLTECH27FEB25F,FUTSTK,1699.0,2084600,1699.0,1699.35,19444250,350,700,HCLTECH,27-FEB-2025
2025-02-03 13:49:45.467946,HCLTECH27FEB25F,FUTSTK,1698.65,2086350,1698.55,1699.3,19444250,350,350,HCLTECH,27-FEB-2025
2025-02-03 13:49:52.105453,HCLTECH27FEB25F,FUTSTK,1698.55,2086350,1698.55,1699.3,19444250,350,350,HCLTECH,27-FEB-2025
2025-02-03 13:49:58.793089,HCLTECH27FEB25F,FUTSTK,1698.35,2086350,1698.55,1699.3,19444250,350,350,HCLTECH,27-FEB-2025
2025-02-03 13:50:06.008356,HCLTECH27FEB25F,FUTSTK,1698.35,2088100,1698.0,1698.55,19444250,700,350,HCLTECH,27-FEB-2025
2025-02-03 13:50:12.716542,HCLTECH27FEB25F,FUTSTK,1698.05,2088100,1698.0,1698.55,19444250,700,350,HCLTECH,27-FEB-2025
2025-02-03 13:50:19.313889,HCLTECH27FEB25F,FUTSTK,1698.75,2088100,1698.0,1698.55,19444250,700,350,HCLTECH,27-FEB-2025
2025-02-03 13:50:25.840513,HCLTECH27FEB25F,FUTSTK,1698.05,2088100,1698.0,1698.55,19444250,700,350,HCLTECH,27-FEB-2025
2025-02-03 13:50:32.608774,HCLTECH27FEB25F,FUTSTK,1698.35,2093000,1697.4,1698.45,19444250,700,700,HCLTECH,27-FEB-2025
2025-02-03 13:50:39.047779,HCLTECH27FEB25F,FUTSTK,1697.9,2093000,1697.4,1698.45,19444250,700,700,HCLTECH,27-FEB-2025
2025-02-03 13:50:45.474854,HCLTECH27FEB25F,FUTSTK,1698.4,2095800,1698.05,1698.6,19444250,350,700,HCLTECH,27-FEB-2025
2025-02-03 13:50:52.057491,HCLTECH27FEB25F,FUTSTK,1698.4,2096500,1698.2,1698.75,19444250,700,700,HCLTECH,27-FEB-2025
2025-02-03 13:50:58.766945,HCLTECH27FEB25F,FUTSTK,1698.25,2097200,1698.25,1698.65,19444250,700,700,HCLTECH,27-FEB-2025
2025-02-03 13:51:05.475633,HCLTECH27FEB25F,FUTSTK,1698.35,2099300,1697.7,1698.4,19444250,350,350,HCLTECH,27-FEB-2025
2025-02-03 13:51:12.028660,HCLTECH27FEB25F,FUTSTK,1697.55,2099650,1697.5,1698.25,19444250,1400,700,HCLTECH,27-FEB-2025
2025-02-03 13:51:18.680980,HCLTECH27FEB25F,FUTSTK,1697.5,2100000,1697.5,1698.2,19444250,1050,350,HCLTECH,27-FEB-2025
2025-02-03 13:51:25.013071,HCLTECH27FEB25F,FUTSTK,1698.15,2101050,1697.5,1698.15,19444250,1050,350,HCLTECH,27-FEB-2025
2025-02-03 13:51:31.453217,HCLTECH27FEB25F,FUTSTK,1696.8,2104900,1696.45,1697.25,19444250,350,350,HCLTECH,27-FEB-2025
2025-02-03 13:51:37.905607,HCLTECH27FEB25F,FUTSTK,1697.0,2108750,1696.25,1696.95,19444250,350,350,HCLTECH,27-FEB-2025
2025-02-03 13:51:44.238989,HCLTECH27FEB25F,FUTSTK,1695.85,2110150,1695.5,1696.25,19444250,350,350,HCLTECH,27-FEB-2025
2025-02-03 13:51:50.507746,HCLTECH27FEB25F,FUTSTK,1696.0,2112250,1695.6,1696.4,19444250,350,350,HCLTECH,27-FEB-2025
2025-02-03 13:51:56.883606,HCLTECH27FEB25F,FUTSTK,1695.95,2112600,1695.7,1696.25,19444250,700,350,HCLTECH,27-FEB-2025
2025-02-03 13:52:05.658859,HCLTECH27FEB25F,FUTSTK,1695.95,2112950,1695.7,1695.9,19444250,350,350,HCLTECH,27-FEB-2025
2025-02-03 13:52:12.339100,HCLTECH27FEB25F,FUTSTK,1695.55,2116450,1694.8,1695.55,19444250,700,350,HCLTECH,27-FEB-2025
2025-02-03 13:52:18.727638,HCLTECH27FEB25F,FUTSTK,1695.15,2118200,1695.05,1695.55,19444250,1400,350,HCLTECH,27-FEB-2025
2025-02-03 13:52:25.431496,HCLTECH27FEB25F,FUTSTK,1695.45,2118550,1695.05,1695.4,19444250,700,350,HCLTECH,27-FEB-2025
2025-02-03 13:52:31.797705,HCLTECH27FEB25F,FUTSTK,1695.1,2120300,1694.6,1695.2,19435850,1400,350,HCLTECH,27-FEB-2025
2025-02-03 13:52:38.631916,HCLTECH27FEB25F,FUTSTK,1694.6,2121350,1694.45,1695.0,19435850,1050,350,HCLTECH,27-FEB-2025
2025-02-03 13:52:45.626909,HCLTECH27FEB25F,FUTSTK,1695.05,2126250,1694.9,1695.3,19435850,350,700,HCLTECH,27-FEB-2025
2025-02-03 13:52:52.108407,HCLTECH27FEB25F,FUTSTK,1695.1,2126950,1694.9,1695.1,19435850,700,350,HCLTECH,27-FEB-2025
2025-02-03 13:52:58.568033,HCLTECH27FEB25F,FUTSTK,1694.9,2127650,1694.9,1695.05,19435850,350,350,HCLTECH,27-FEB-2025
2025-02-03 13:53:06.110086,HCLTECH27FEB25F,FUTSTK,1695.4,2130100,1695.3,1696.05,19435850,350,350,HCLTECH,27-FEB-2025
2025-02-03 13:53:12.712244,HCLTECH27FEB25F,FUTSTK,1695.8,2130450,1695.25,1696.05,19435850,1750,1050,HCLTECH,27-FEB-2025
2025-02-03 13:53:19.190664,HCLTECH27FEB25F,FUTSTK,1695.9,2131850,1695.6,1696.3,19435850,350,350,HCLTECH,27-FEB-2025
2025-02-03 13:53:25.799296,HCLTECH27FEB25F,FUTSTK,1696.4,2132200,1696.4,1697.05,19435850,350,350,HCLTECH,27-FEB-2025
2025-02-03 13:53:32.366190,HCLTECH27FEB25F,FUTSTK,1696.4,2132200,1696.75,1697.45,19435850,1750,700,HCLTECH,27-FEB-2025
2025-02-03 13:53:39.803627,HCLTECH27FEB25F,FUTSTK,1696.8,2132550,1696.8,1697.15,19435850,1400,350,HCLTECH,27-FEB-2025
2025-02-03 13:53:46.119007,HCLTECH27FEB25F,FUTSTK,1696.8,2133950,1696.0,1696.95,19435850,700,350,HCLTECH,27-FEB-2025
2025-02-03 13:53:52.602231,HCLTECH27FEB25F,FUTSTK,1696.8,2133950,1696.15,1696.9,19435850,350,700,HCLTECH,27-FEB-2025
2025-02-03 13:53:59.164859,HCLTECH27FEB25F,FUTSTK,1696.75,2136050,1696.6,1697.05,19435850,350,350,HCLTECH,27-FEB-2025
2025-02-03 13:54:05.588259,HCLTECH27FEB25F,FUTSTK,1696.75,2136050,1696.6,1697.0,19435850,350,700,HCLTECH,27-FEB-2025
2025-02-03 13:54:11.915353,HCLTECH27FEB25F,FUTSTK,1696.65,2136750,1695.85,1696.7,19435850,700,1050,HCLTECH,27-FEB-2025
2025-02-03 13:54:18.182617,HCLTECH27FEB25F,FUTSTK,1696.65,2136750,1695.95,1696.65,19435850,350,350,HCLTECH,27-FEB-2025
2025-02-03 13:54:24.742683,HCLTECH27FEB25F,FUTSTK,1696.65,2136750,1695.85,1696.5,19435850,1050,350,HCLTECH,27-FEB-2025
2025-02-03 13:54:31.128176,HCLTECH27FEB25F,FUTSTK,1695.95,2137100,1696.0,1696.55,19435850,1050,350,HCLTECH,27-FEB-2025
2025-02-03 13:54:37.682295,HCLTECH27FEB25F,FUTSTK,1696.75,2138500,1696.2,1696.8,19435850,350,350,HCLTECH,27-FEB-2025
2025-02-03 13:54:44.263125,HCLTECH27FEB25F,FUTSTK,1697.3,2140600,1696.7,1697.5,19435850,350,350,HCLTECH,27-FEB-2025
2025-02-03 13:54:52.055760,HCLTECH27FEB25F,FUTSTK,1697.3,2141650,1696.85,1697.55,19435850,350,350,HCLTECH,27-FEB-2025
2025-02-03 13:54:58.494626,HCLTECH27FEB25F,FUTSTK,1696.8,2142000,1696.9,1697.3,19435850,700,350,HCLTECH,27-FEB-2025
2025-02-03 13:55:05.157237,HCLTECH27FEB25F,FUTSTK,1697.3,2142700,1696.95,1697.6,19435850,1050,700,HCLTECH,27-FEB-2025
2025-02-03 13:55:11.705489,HCLTECH27FEB25F,FUTSTK,1697.3,2143750,1696.9,1697.2,19435850,700,350,HCLTECH,27-FEB-2025
2025-02-03 13:55:18.321954,HCLTECH27FEB25F,FUTSTK,1696.9,2145150,1696.45,1697.3,19435850,1050,700,HCLTECH,27-FEB-2025
2025-02-03 13:55:25.077898,HCLTECH27FEB25F,FUTSTK,1696.9,2145150,1696.5,1696.85,19435850,1050,350,HCLTECH,27-FEB-2025
2025-02-03 13:55:31.584060,HCLTECH27FEB25F,FUTSTK,1696.9,2145150,1696.5,1696.75,19435850,350,350,HCLTECH,27-FEB-2025
2025-02-03 13:55:37.933230,HCLTECH27FEB25F,FUTSTK,1696.9,2145150,1696.55,1696.8,19435850,1050,350,HCLTECH,27-FEB-2025
2025-02-03 13:55:44.444472,HCLTECH27FEB25F,FUTSTK,1696.75,2145850,1696.55,1696.75,19445650,700,350,HCLTECH,27-FEB-2025
2025-02-03 13:55:50.997841,HCLTECH27FEB25F,FUTSTK,1696.45,2146900,1695.9,1696.35,19445650,350,350,HCLTECH,27-FEB-2025
2025-02-03 13:55:57.323705,HCLTECH27FEB25F,FUTSTK,1696.1,2148650,1695.5,1696.1,19445650,1050,350,HCLTECH,27-FEB-2025
2025-02-03 13:56:03.670876,HCLTECH27FEB25F,FUTSTK,1695.9,2149700,1695.6,1695.95,19445650,700,350,HCLTECH,27-FEB-2025
2025-02-03 13:56:10.035541,HCLTECH27FEB25F,FUTSTK,1696.05,2153200,1695.95,1696.85,19445650,350,1050,HCLTECH,27-FEB-2025
2025-02-03 13:56:16.489619,HCLTECH27FEB25F,FUTSTK,1696.05,2153200,1696.55,1697.35,19445650,350,1750,HCLTECH,27-FEB-2025
2025-02-03 13:56:23.061060,HCLTECH27FEB25F,FUTSTK,1696.05,2153200,1696.65,1697.45,19445650,350,700,HCLTECH,27-FEB-2025
2025-02-03 13:56:29.656241,HCLTECH27FEB25F,FUTSTK,1696.05,2153200,1696.8,1697.45,19445650,700,350,HCLTECH,27-FEB-2025
2025-02-03 13:56:36.146184,HCLTECH27FEB25F,FUTSTK,1696.05,2153200,1696.85,1697.4,19445650,700,700,HCLTECH,27-FEB-2025
2025-02-03 13:56:42.414459,HCLTECH27FEB25F,FUTSTK,1696.05,2153200,1696.9,1697.45,19445650,1400,700,HCLTECH,27-FEB-2025
2025-02-03 13:56:49.001142,HCLTECH27FEB25F,FUTSTK,1696.05,2153200,1697.0,1697.25,19445650,1400,350,HCLTECH,27-FEB-2025
2025-02-03 13:56:55.417925,HCLTECH27FEB25F,FUTSTK,1696.05,2153200,1697.05,1697.25,19445650,1050,350,HCLTECH,27-FEB-2025
2025-02-03 13:57:01.895863,HCLTECH27FEB25F,FUTSTK,1696.25,2155650,1696.25,1696.95,19445650,700,350,HCLTECH,27-FEB-2025
2025-02-03 13:57:08.295504,HCLTECH27FEB25F,FUTSTK,1696.25,2155650,1696.2,1696.9,19445650,2100,350,HCLTECH,27-FEB-2025
2025-02-03 13:57:14.867053,HCLTECH27FEB25F,FUTSTK,1696.25,2155650,1696.45,1696.85,19445650,1750,350,HCLTECH,27-FEB-2025
2025-02-03 13:57:21.623502,HCLTECH27FEB25F,FUTSTK,1697.05,2157050,1696.65,1696.95,19445650,700,350,HCLTECH,27-FEB-2025
2025-02-03 13:57:28.448309,HCLTECH27FEB25F,FUTSTK,1696.9,2158450,1696.65,1696.95,19445650,1400,350,HCLTECH,27-FEB-2025
2025-02-03 13:57:35.167733,HCLTECH27FEB25F,FUTSTK,1696.95,2159150,1696.65,1697.05,19445650,1750,350,HCLTECH,27-FEB-2025
2025-02-03 13:57:41.562968,HCLTECH27FEB25F,FUTSTK,1697.0,2159500,1696.65,1696.95,19445650,1050,350,HCLTECH,27-FEB-2025
2025-02-03 13:57:47.913130,HCLTECH27FEB25F,FUTSTK,1697.05,2160900,1696.75,1697.4,19445650,1750,700,HCLTECH,27-FEB-2025
2025-02-03 13:57:54.236629,HCLTECH27FEB25F,FUTSTK,1697.4,2160900,1696.75,1697.4,19445650,1750,700,HCLTECH,27-FEB-2025
2025-02-03 13:58:00.975598,HCLTECH27FEB25F,FUTSTK,1697.4,2160900,1696.75,1697.4,19445650,1750,700,HCLTECH,27-FEB-2025
2025-02-03 13:58:07.459084,HCLTECH27FEB25F,FUTSTK,1697.4,2160900,1696.75,1697.4,19445650,1750,700,HCLTECH,27-FEB-2025
2025-02-03 13:58:13.913687,HCLTECH27FEB25F,FUTSTK,1697.4,2161600,1697.2,1697.7,19445650,700,350,HCLTECH,27-FEB-2025
2025-02-03 13:58:20.754105,HCLTECH27FEB25F,FUTSTK,1697.4,2161600,1697.2,1697.7,19445650,700,350,HCLTECH,27-FEB-2025
2025-02-03 13:58:27.813381,HCLTECH27FEB25F,FUTSTK,1697.2,2161600,1697.2,1697.7,19442500,700,350,HCLTECH,27-FEB-2025
2025-02-03 13:58:34.980802,HCLTECH27FEB25F,FUTSTK,1697.2,2161600,1697.2,1697.7,19442500,700,350,HCLTECH,27-FEB-2025
2025-02-03 13:58:41.619495,HCLTECH27FEB25F,FUTSTK,1697.2,2163000,1696.7,1697.45,19442500,1050,350,HCLTECH,27-FEB-2025
2025-02-03 13:58:48.358217,HCLTECH27FEB25F,FUTSTK,1697.2,2164400,1696.9,1697.45,19442500,1050,350,HCLTECH,27-FEB-2025
2025-02-03 13:58:55.759453,HCLTECH27FEB25F,FUTSTK,1697.45,2165100,1697.0,1697.4,19442500,1050,350,HCLTECH,27-FEB-2025
2025-02-03 13:59:02.256535,HCLTECH27FEB25F,FUTSTK,1697.4,2165450,1696.9,1697.45,19442500,1050,350,HCLTECH,27-FEB-2025
2025-02-03 13:59:08.629692,HCLTECH27FEB25F,FUTSTK,1697.4,2165450,1697.0,1697.55,19442500,700,700,HCLTECH,27-FEB-2025
2025-02-03 13:59:15.075411,HCLTECH27FEB25F,FUTSTK,1697.55,2165800,1697.0,1697.5,19442500,350,350,HCLTECH,27-FEB-2025
2025-02-03 13:59:21.601381,HCLTECH27FEB25F,FUTSTK,1697.55,2165800,1697.05,1697.55,19442500,1400,350,HCLTECH,27-FEB-2025
2025-02-03 13:59:28.134271,HCLTECH27FEB25F,FUTSTK,1697.55,2165800,1697.05,1697.45,19442500,700,350,HCLTECH,27-FEB-2025
2025-02-03 13:59:34.374057,HCLTECH27FEB25F,FUTSTK,1696.85,2166850,1696.4,1697.0,19442500,1050,350,HCLTECH,27-FEB-2025
2025-02-03 13:59:41.866116,HCLTECH27FEB25F,FUTSTK,1696.85,2166850,1696.4,1697.0,19442500,350,350,HCLTECH,27-FEB-2025
2025-02-03 13:59:48.470644,HCLTECH27FEB25F,FUTSTK,1696.95,2167550,1696.55,1697.0,19442500,700,350,HCLTECH,27-FEB-2025
2025-02-03 13:59:55.116339,HCLTECH27FEB25F,FUTSTK,1696.9,2167900,1696.45,1697.05,19442500,1050,700,HCLTECH,27-FEB-2025
2025-02-03 14:00:01.675797,HCLTECH27FEB25F,FUTSTK,1696.4,2168250,1696.3,1697.05,19442500,1050,700,HCLTECH,27-FEB-2025
2025-02-03 14:00:08.215353,HCLTECH27FEB25F,FUTSTK,1696.6,2170350,1696.6,1697.05,19442500,350,350,HCLTECH,27-FEB-2025
2025-02-03 14:00:14.761357,HCLTECH27FEB25F,FUTSTK,1697.05,2170700,1696.65,1696.95,19442500,1750,350,HCLTECH,27-FEB-2025
2025-02-03 14:00:21.295572,HCLTECH27FEB25F,FUTSTK,1697.1,2171400,1696.8,1697.1,19442500,1400,350,HCLTECH,27-FEB-2025
2025-02-03 14:00:28.675177,HCLTECH27FEB25F,FUTSTK,1697.2,2172800,1697.15,1697.85,19442500,350,350,HCLTECH,27-FEB-2025
2025-02-03 14:00:35.121548,HCLTECH27FEB25F,FUTSTK,1697.2,2172800,1697.2,1697.8,19442500,1050,350,HCLTECH,27-FEB-2025
2025-02-03 14:00:41.899339,HCLTECH27FEB25F,FUTSTK,1697.2,2172800,1697.2,1697.8,19442500,1400,700,HCLTECH,27-FEB-2025
2025-02-03 14:00:49.354826,HCLTECH27FEB25F,FUTSTK,1697.7,2172800,1697.2,1697.8,19442500,1400,700,HCLTECH,27-FEB-2025
2025-02-03 14:00:58.386711,HCLTECH27FEB25F,FUTSTK,1697.7,2172800,1697.2,1697.8,19442500,1400,700,HCLTECH,27-FEB-2025
2025-02-03 14:01:04.871270,HCLTECH27FEB25F,FUTSTK,1697.2,2175950,1696.55,1697.3,19442500,1050,350,HCLTECH,27-FEB-2025
2025-02-03 14:01:11.340441,HCLTECH27FEB25F,FUTSTK,1697.2,2175950,1696.55,1697.3,19442500,1050,350,HCLTECH,27-FEB-2025
2025-02-03 14:01:18.219650,HCLTECH27FEB25F,FUTSTK,1697.2,2175950,1696.55,1697.3,19442500,1050,350,HCLTECH,27-FEB-2025
2025-02-03 14:01:24.859078,HCLTECH27FEB25F,FUTSTK,1697.2,2175950,1696.55,1697.3,19442500,1050,350,HCLTECH,27-FEB-2025
2025-02-03 14:01:31.673951,HCLTECH27FEB25F,FUTSTK,1697.2,2178400,1697.35,1698.15,19442500,350,700,HCLTECH,27-FEB-2025
2025-02-03 14:01:38.377523,HCLTECH27FEB25F,FUTSTK,1697.2,2178400,1697.35,1698.15,19442500,350,700,HCLTECH,27-FEB-2025
2025-02-03 14:01:45.904814,HCLTECH27FEB25F,FUTSTK,1697.25,2178750,1696.8,1697.6,19447400,350,700,HCLTECH,27-FEB-2025
2025-02-03 14:01:52.605048,HCLTECH27FEB25F,FUTSTK,1697.25,2178750,1696.9,1697.45,19447400,1050,350,HCLTECH,27-FEB-2025
2025-02-03 14:01:59.266513,HCLTECH27FEB25F,FUTSTK,1696.5,2179800,1696.5,1697.25,19447400,700,350,HCLTECH,27-FEB-2025
2025-02-03 14:02:05.719748,HCLTECH27FEB25F,FUTSTK,1696.95,2180150,1696.5,1697.1,19447400,700,350,HCLTECH,27-FEB-2025
2025-02-03 14:02:12.348743,HCLTECH27FEB25F,FUTSTK,1696.95,2180150,1696.6,1697.05,19447400,1400,350,HCLTECH,27-FEB-2025
2025-02-03 14:02:19.240349,HCLTECH27FEB25F,FUTSTK,1697.5,2182950,1697.2,1697.55,19447400,700,350,HCLTECH,27-FEB-2025
2025-02-03 14:02:26.015319,HCLTECH27FEB25F,FUTSTK,1697.2,2183300,1697.25,1697.75,19447400,1400,350,HCLTECH,27-FEB-2025
2025-02-03 14:02:32.663208,HCLTECH27FEB25F,FUTSTK,1697.55,2183650,1697.3,1698.05,19447400,1750,1050,HCLTECH,27-FEB-2025
2025-02-03 14:02:39.233274,HCLTECH27FEB25F,FUTSTK,1697.85,2184000,1697.85,1698.1,19447400,700,1050,HCLTECH,27-FEB-2025
2025-02-03 14:02:45.881364,HCLTECH27FEB25F,FUTSTK,1697.75,2185050,1697.35,1697.8,19447400,1400,350,HCLTECH,27-FEB-2025
2025-02-03 14:02:52.636977,HCLTECH27FEB25F,FUTSTK,1697.75,2185050,1697.4,1698.0,19447400,350,1050,HCLTECH,27-FEB-2025
2025-02-03 14:02:59.164504,HCLTECH27FEB25F,FUTSTK,1697.75,2185400,1697.35,1698.0,19447400,350,350,HCLTECH,27-FEB-2025
2025-02-03 14:03:05.878869,HCLTECH27FEB25F,FUTSTK,1697.75,2185400,1697.35,1698.05,19447400,350,1050,HCLTECH,27-FEB-2025
2025-02-03 14:03:12.454041,HCLTECH27FEB25F,FUTSTK,1697.75,2185400,1697.35,1698.0,19447400,1400,700,HCLTECH,27-FEB-2025
2025-02-03 14:03:18.928286,HCLTECH27FEB25F,FUTSTK,1697.75,2185400,1697.35,1697.95,19447400,350,1400,HCLTECH,27-FEB-2025
2025-02-03 14:03:25.587884,HCLTECH27FEB25F,FUTSTK,1697.65,2185400,1697.35,1697.65,19447400,350,700,HCLTECH,27-FEB-2025
2025-02-03 14:03:32.233786,HCLTECH27FEB25F,FUTSTK,1697.05,2186100,1696.4,1697.1,19447400,350,350,HCLTECH,27-FEB-2025
2025-02-03 14:03:39.041334,HCLTECH27FEB25F,FUTSTK,1697.0,2187150,1696.75,1697.15,19447400,350,350,HCLTECH,27-FEB-2025
2025-02-03 14:03:45.661838,HCLTECH27FEB25F,FUTSTK,1697.05,2188550,1696.85,1697.4,19447400,1050,350,HCLTECH,27-FEB-2025
2025-02-03 14:03:52.159108,HCLTECH27FEB25F,FUTSTK,1697.15,2188900,1697.15,1697.85,19447400,1050,350,HCLTECH,27-FEB-2025
2025-02-03 14:03:59.225473,HCLTECH27FEB25F,FUTSTK,1697.2,2191350,1696.8,1697.5,19447400,350,350,HCLTECH,27-FEB-2025
2025-02-03 14:04:05.835888,HCLTECH27FEB25F,FUTSTK,1697.2,2191350,1696.8,1697.25,19447400,1400,350,HCLTECH,27-FEB-2025
2025-02-03 14:04:12.338726,HCLTECH27FEB25F,FUTSTK,1697.25,2192050,1696.95,1697.25,19447400,1050,350,HCLTECH,27-FEB-2025
2025-02-03 14:04:19.207225,HCLTECH27FEB25F,FUTSTK,1697.3,2192750,1697.25,1697.9,19447400,1050,350,HCLTECH,27-FEB-2025
2025-02-03 14:04:25.818358,HCLTECH27FEB25F,FUTSTK,1697.25,2193100,1697.25,1697.9,19447400,1050,350,HCLTECH,27-FEB-2025
2025-02-03 14:04:32.498318,HCLTECH27FEB25F,FUTSTK,1697.25,2193100,1697.25,1697.55,19447400,1750,350,HCLTECH,27-FEB-2025
2025-02-03 14:04:38.912220,HCLTECH27FEB25F,FUTSTK,1697.55,2193450,1697.25,1697.65,19443550,1050,350,HCLTECH,27-FEB-2025
2025-02-03 14:04:45.396933,HCLTECH27FEB25F,FUTSTK,1697.55,2193450,1697.25,1697.65,19443550,1050,350,HCLTECH,27-FEB-2025
2025-02-03 14:04:52.285241,HCLTECH27FEB25F,FUTSTK,1697.6,2193450,1697.25,1697.65,19443550,1050,350,HCLTECH,27-FEB-2025
2025-02-03 14:04:58.935353,HCLTECH27FEB25F,FUTSTK,1697.6,2193450,1697.25,1697.65,19443550,1050,350,HCLTECH,27-FEB-2025
2025-02-03 14:05:05.606740,HCLTECH27FEB25F,FUTSTK,1697.6,2193450,1697.25,1697.65,19443550,1050,350,HCLTECH,27-FEB-2025
2025-02-03 14:05:12.188737,HCLTECH27FEB25F,FUTSTK,1696.3,2193800,1697.25,1697.45,19443550,1050,700,HCLTECH,27-FEB-2025
2025-02-03 14:05:18.568047,HCLTECH27FEB25F,FUTSTK,1696.3,2193800,1697.25,1697.45,19443550,1050,700,HCLTECH,27-FEB-2025
2025-02-03 14:05:24.917560,HCLTECH27FEB25F,FUTSTK,1696.75,2193800,1697.25,1697.45,19443550,1050,700,HCLTECH,27-FEB-2025
2025-02-03 14:05:31.521283,HCLTECH27FEB25F,FUTSTK,1696.75,2193800,1697.25,1697.45,19443550,1050,700,HCLTECH,27-FEB-2025
2025-02-03 14:05:38.062273,HCLTECH27FEB25F,FUTSTK,1696.75,2196250,1696.75,1697.0,19443550,350,350,HCLTECH,27-FEB-2025
2025-02-03 14:05:44.928848,HCLTECH27FEB25F,FUTSTK,1696.75,2196250,1696.75,1697.0,19443550,350,350,HCLTECH,27-FEB-2025
2025-02-03 14:05:51.699318,HCLTECH27FEB25F,FUTSTK,1696.2,2196250,1696.75,1697.0,19443550,350,350,HCLTECH,27-FEB-2025
2025-02-03 14:05:58.531886,HCLTECH27FEB25F,FUTSTK,1696.2,2196950,1696.2,1696.55,19443550,350,350,HCLTECH,27-FEB-2025
2025-02-03 14:06:05.527342,HCLTECH27FEB25F,FUTSTK,1696.5,2196950,1696.2,1696.55,19443550,350,350,HCLTECH,27-FEB-2025
2025-02-03 14:06:12.188012,HCLTECH27FEB25F,FUTSTK,1696.5,2196950,1696.2,1696.55,19443550,350,350,HCLTECH,27-FEB-2025
2025-02-03 14:06:18.626014,HCLTECH27FEB25F,FUTSTK,1696.5,2196950,1696.2,1696.55,19443550,350,350,HCLTECH,27-FEB-2025
2025-02-03 14:06:25.113023,HCLTECH27FEB25F,FUTSTK,1696.5,2198000,1696.0,1696.35,19443550,1050,350,HCLTECH,27-FEB-2025
2025-02-03 14:06:31.722145,HCLTECH27FEB25F,FUTSTK,1696.6,2198000,1696.0,1696.35,19443550,1050,350,HCLTECH,27-FEB-2025
2025-02-03 14:06:38.339126,HCLTECH27FEB25F,FUTSTK,1696.9,2198000,1696.0,1696.35,19443550,1050,350,HCLTECH,27-FEB-2025
2025-02-03 14:06:44.873106,HCLTECH27FEB25F,FUTSTK,1696.9,2205350,1696.35,1697.1,19443550,350,700,HCLTECH,27-FEB-2025
2025-02-03 14:06:51.527902,HCLTECH27FEB25F,FUTSTK,1697.1,2205700,1696.4,1697.15,19443550,700,350,HCLTECH,27-FEB-2025
2025-02-03 14:06:58.129772,HCLTECH27FEB25F,FUTSTK,1697.1,2205700,1696.4,1697.0,19443550,700,350,HCLTECH,27-FEB-2025
2025-02-03 14:07:05.070753,HCLTECH27FEB25F,FUTSTK,1696.95,2206050,1696.4,1697.0,19443550,700,350,HCLTECH,27-FEB-2025
2025-02-03 14:07:11.973269,HCLTECH27FEB25F,FUTSTK,1697.05,2207450,1696.55,1697.2,19443550,350,700,HCLTECH,27-FEB-2025
2025-02-03 14:07:18.907353,HCLTECH27FEB25F,FUTSTK,1697.05,2207800,1696.65,1697.15,19443550,700,350,HCLTECH,27-FEB-2025
2025-02-03 14:07:27.047797,HCLTECH27FEB25F,FUTSTK,1697.05,2208150,1696.7,1697.2,19443550,1400,350,HCLTECH,27-FEB-2025
2025-02-03 14:07:33.603165,HCLTECH27FEB25F,FUTSTK,1697.15,2208850,1696.9,1697.4,19446000,1400,350,HCLTECH,27-FEB-2025
2025-02-03 14:07:40.195306,HCLTECH27FEB25F,FUTSTK,1697.15,2208850,1696.9,1697.2,19446000,1400,350,HCLTECH,27-FEB-2025
2025-02-03 14:07:46.848182,HCLTECH27FEB25F,FUTSTK,1697.15,2209200,1696.9,1697.15,19446000,1400,350,HCLTECH,27-FEB-2025
2025-02-03 14:07:53.366852,HCLTECH27FEB25F,FUTSTK,1697.15,2209900,1696.9,1697.25,19446000,700,350,HCLTECH,27-FEB-2025
2025-02-03 14:07:59.915704,HCLTECH27FEB25F,FUTSTK,1696.65,2210950,1696.3,1697.05,19446000,700,700,HCLTECH,27-FEB-2025
2025-02-03 14:08:06.339235,HCLTECH27FEB25F,FUTSTK,1696.95,2210950,1696.3,1696.95,19446000,700,700,HCLTECH,27-FEB-2025
2025-02-03 14:08:12.970806,HCLTECH27FEB25F,FUTSTK,1696.4,2211650,1696.4,1696.85,19446000,700,350,HCLTECH,27-FEB-2025
2025-02-03 14:08:19.349097,HCLTECH27FEB25F,FUTSTK,1696.4,2211650,1696.35,1696.95,19446000,1400,350,HCLTECH,27-FEB-2025
2025-02-03 14:08:25.757041,HCLTECH27FEB25F,FUTSTK,1696.95,2212000,1696.35,1697.0,19446000,1400,1050,HCLTECH,27-FEB-2025
2025-02-03 14:08:32.420137,HCLTECH27FEB25F,FUTSTK,1697.0,2212700,1696.25,1696.9,19446000,700,350,HCLTECH,27-FEB-2025
2025-02-03 14:08:38.956554,HCLTECH27FEB25F,FUTSTK,1697.0,2212700,1696.35,1697.05,19446000,1400,350,HCLTECH,27-FEB-2025
2025-02-03 14:08:45.581895,HCLTECH27FEB25F,FUTSTK,1697.0,2212700,1696.5,1696.95,19446000,700,350,HCLTECH,27-FEB-2025
2025-02-03 14:08:52.187410,HCLTECH27FEB25F,FUTSTK,1697.0,2212700,1696.45,1697.0,19446000,1050,1050,HCLTECH,27-FEB-2025
2025-02-03 14:08:58.745204,HCLTECH27FEB25F,FUTSTK,1697.0,2212700,1696.45,1696.95,19446000,350,350,HCLTECH,27-FEB-2025
2025-02-03 14:09:05.386928,HCLTECH27FEB25F,FUTSTK,1697.0,2212700,1696.5,1696.75,19446000,700,350,HCLTECH,27-FEB-2025
2025-02-03 14:09:12.174730,HCLTECH27FEB25F,FUTSTK,1696.0,2214100,1695.3,1696.1,19446000,700,350,HCLTECH,27-FEB-2025
2025-02-03 14:09:18.698972,HCLTECH27FEB25F,FUTSTK,1695.2,2215850,1695.4,1696.05,19446000,350,350,HCLTECH,27-FEB-2025
2025-02-03 14:09:25.333088,HCLTECH27FEB25F,FUTSTK,1695.2,2215850,1695.3,1696.05,19446000,700,1050,HCLTECH,27-FEB-2025
2025-02-03 14:09:31.752539,HCLTECH27FEB25F,FUTSTK,1695.85,2217600,1695.5,1696.05,19446000,1050,700,HCLTECH,27-FEB-2025
2025-02-03 14:09:38.517468,HCLTECH27FEB25F,FUTSTK,1695.7,2218300,1695.7,1696.15,19446000,700,350,HCLTECH,27-FEB-2025
2025-02-03 14:09:45.156672,HCLTECH27FEB25F,FUTSTK,1696.15,2218650,1695.8,1696.15,19446000,700,350,HCLTECH,27-FEB-2025
2025-02-03 14:09:51.629705,HCLTECH27FEB25F,FUTSTK,1696.35,2219700,1695.9,1696.35,19446000,1050,700,HCLTECH,27-FEB-2025
2025-02-03 14:09:58.125498,HCLTECH27FEB25F,FUTSTK,1696.6,2221100,1696.3,1696.95,19446000,1050,700,HCLTECH,27-FEB-2025
2025-02-03 14:10:04.641849,HCLTECH27FEB25F,FUTSTK,1696.6,2221100,1696.4,1696.65,19446000,700,350,HCLTECH,27-FEB-2025
2025-02-03 14:10:11.153677,HCLTECH27FEB25F,FUTSTK,1696.65,2221450,1696.4,1696.95,19446000,700,350,HCLTECH,27-FEB-2025
2025-02-03 14:10:17.622594,HCLTECH27FEB25F,FUTSTK,1696.55,2221800,1696.45,1696.9,19446000,1400,350,HCLTECH,27-FEB-2025
2025-02-03 14:10:24.677624,HCLTECH27FEB25F,FUTSTK,1696.55,2221800,1696.45,1696.75,19446000,1400,350,HCLTECH,27-FEB-2025
2025-02-03 14:10:31.148643,HCLTECH27FEB25F,FUTSTK,1696.75,2222150,1696.45,1697.1,19447400,1400,700,HCLTECH,27-FEB-2025
2025-02-03 14:10:37.864150,HCLTECH27FEB25F,FUTSTK,1696.65,2222850,1696.5,1697.0,19447400,1750,700,HCLTECH,27-FEB-2025
2025-02-03 14:10:44.499000,HCLTECH27FEB25F,FUTSTK,1696.75,2222850,1696.5,1696.75,19447400,1050,350,HCLTECH,27-FEB-2025
2025-02-03 14:10:51.635782,HCLTECH27FEB25F,FUTSTK,1696.7,2223900,1696.55,1696.9,19447400,700,350,HCLTECH,27-FEB-2025
2025-02-03 14:10:57.989788,HCLTECH27FEB25F,FUTSTK,1696.7,2223900,1696.6,1696.75,19447400,1050,350,HCLTECH,27-FEB-2025
2025-02-03 14:11:04.402633,HCLTECH27FEB25F,FUTSTK,1696.7,2223900,1696.6,1696.75,19447400,1050,350,HCLTECH,27-FEB-2025
2025-02-03 14:11:10.919183,HCLTECH27FEB25F,FUTSTK,1697.05,2224600,1696.6,1697.1,19447400,1750,350,HCLTECH,27-FEB-2025
2025-02-03 14:11:17.371689,HCLTECH27FEB25F,FUTSTK,1697.1,2226000,1697.0,1697.65,19447400,1400,1050,HCLTECH,27-FEB-2025
2025-02-03 14:11:23.722326,HCLTECH27FEB25F,FUTSTK,1697.1,2226000,1697.05,1697.4,19447400,700,350,HCLTECH,27-FEB-2025
2025-02-03 14:11:30.019813,HCLTECH27FEB25F,FUTSTK,1697.1,2226000,1697.1,1697.2,19447400,1050,350,HCLTECH,27-FEB-2025
2025-02-03 14:11:36.373864,HCLTECH27FEB25F,FUTSTK,1697.3,2227050,1697.1,1697.6,19447400,1400,350,HCLTECH,27-FEB-2025
2025-02-03 14:11:42.768173,HCLTECH27FEB25F,FUTSTK,1697.3,2227050,1697.1,1697.25,19447400,1750,350,HCLTECH,27-FEB-2025
2025-02-03 14:11:49.117140,HCLTECH27FEB25F,FUTSTK,1697.1,2227400,1697.1,1697.2,19447400,1400,350,HCLTECH,27-FEB-2025
2025-02-03 14:11:55.466249,HCLTECH27FEB25F,FUTSTK,1697.2,2228100,1697.1,1697.3,19447400,1400,350,HCLTECH,27-FEB-2025
2025-02-03 14:12:03.265323,HCLTECH27FEB25F,FUTSTK,1697.3,2228450,1697.25,1697.35,19447400,1050,350,HCLTECH,27-FEB-2025
2025-02-03 14:12:09.684076,HCLTECH27FEB25F,FUTSTK,1697.35,2228800,1697.25,1697.45,19447400,1050,350,HCLTECH,27-FEB-2025
2025-02-03 14:12:16.213480,HCLTECH27FEB25F,FUTSTK,1697.4,2229500,1697.25,1697.65,19447400,700,350,HCLTECH,27-FEB-2025
2025-02-03 14:12:22.567464,HCLTECH27FEB25F,FUTSTK,1697.2,2230550,1696.55,1697.4,19447400,700,700,HCLTECH,27-FEB-2025
2025-02-03 14:12:29.126965,HCLTECH27FEB25F,FUTSTK,1697.2,2230550,1696.7,1697.4,19447400,1050,350,HCLTECH,27-FEB-2025
2025-02-03 14:12:35.569249,HCLTECH27FEB25F,FUTSTK,1697.4,2230900,1696.75,1697.4,19447400,1050,350,HCLTECH,27-FEB-2025
2025-02-03 14:12:42.019830,HCLTECH27FEB25F,FUTSTK,1697.4,2231250,1696.75,1697.4,19447400,1050,350,HCLTECH,27-FEB-2025
2025-02-03 14:12:48.526007,HCLTECH27FEB25F,FUTSTK,1697.4,2231600,1696.8,1697.4,19447400,350,350,HCLTECH,27-FEB-2025
2025-02-03 14:12:54.832102,HCLTECH27FEB25F,FUTSTK,1697.4,2231600,1696.8,1697.4,19447400,350,350,HCLTECH,27-FEB-2025
2025-02-03 14:13:01.325843,HCLTECH27FEB25F,FUTSTK,1697.4,2231600,1696.8,1697.4,19447400,350,350,HCLTECH,27-FEB-2025
2025-02-03 14:13:07.600670,HCLTECH27FEB25F,FUTSTK,1697.4,2231600,1696.8,1697.4,19447400,350,350,HCLTECH,27-FEB-2025
2025-02-03 14:13:14.219278,HCLTECH27FEB25F,FUTSTK,1697.2,2231950,1696.85,1697.3,19447400,1050,350,HCLTECH,27-FEB-2025
2025-02-03 14:13:20.576908,HCLTECH27FEB25F,FUTSTK,1697.3,2231950,1696.85,1697.3,19447400,1050,350,HCLTECH,27-FEB-2025
2025-02-03 14:13:26.992615,HCLTECH27FEB25F,FUTSTK,1697.25,2231950,1696.85,1697.3,19447400,1050,350,HCLTECH,27-FEB-2025
2025-02-03 14:13:33.469710,HCLTECH27FEB25F,FUTSTK,1696.9,2235100,1696.15,1697.0,19447400,350,700,HCLTECH,27-FEB-2025
2025-02-03 14:13:40.266719,HCLTECH27FEB25F,FUTSTK,1696.9,2235100,1696.15,1697.0,19447400,350,700,HCLTECH,27-FEB-2025
2025-02-03 14:13:46.807203,HCLTECH27FEB25F,FUTSTK,1696.9,2235100,1695.75,1696.4,19447400,350,700,HCLTECH,27-FEB-2025
2025-02-03 14:13:53.126898,HCLTECH27FEB25F,FUTSTK,1695.95,2235450,1695.7,1696.25,19447400,350,350,HCLTECH,27-FEB-2025
2025-02-03 14:13:59.590493,HCLTECH27FEB25F,FUTSTK,1695.7,2235800,1695.65,1696.05,19447400,1050,350,HCLTECH,27-FEB-2025
2025-02-03 14:14:06.075387,HCLTECH27FEB25F,FUTSTK,1695.85,2236500,1695.5,1696.0,19447400,3850,350,HCLTECH,27-FEB-2025
2025-02-03 14:14:12.288538,HCLTECH27FEB25F,FUTSTK,1695.85,2236500,1695.55,1695.8,19447400,700,350,HCLTECH,27-FEB-2025
2025-02-03 14:14:18.860145,HCLTECH27FEB25F,FUTSTK,1695.85,2236500,1695.55,1695.75,19447400,700,350,HCLTECH,27-FEB-2025
2025-02-03 14:14:25.137973,HCLTECH27FEB25F,FUTSTK,1695.5,2237200,1695.5,1695.7,19447400,3850,350,HCLTECH,27-FEB-2025
2025-02-03 14:14:31.588721,HCLTECH27FEB25F,FUTSTK,1695.9,2239300,1695.7,1695.95,19447400,700,350,HCLTECH,27-FEB-2025
2025-02-03 14:14:38.194900,HCLTECH27FEB25F,FUTSTK,1696.1,2241400,1696.2,1696.65,19447400,350,350,HCLTECH,27-FEB-2025
2025-02-03 14:14:44.505210,HCLTECH27FEB25F,FUTSTK,1696.1,2241400,1696.15,1696.8,19447400,350,350,HCLTECH,27-FEB-2025
2025-02-03 14:14:50.896037,HCLTECH27FEB25F,FUTSTK,1696.1,2241400,1696.7,1697.2,19447400,700,350,HCLTECH,27-FEB-2025
2025-02-03 14:14:56.985916,HCLTECH27FEB25F,FUTSTK,1696.5,2242450,1696.45,1697.0,19447400,700,350,HCLTECH,27-FEB-2025
2025-02-03 14:15:03.324313,HCLTECH27FEB25F,FUTSTK,1696.45,2242800,1696.45,1696.95,19447400,700,350,HCLTECH,27-FEB-2025
2025-02-03 14:15:09.640180,HCLTECH27FEB25F,FUTSTK,1695.9,2244550,1695.6,1695.9,19447400,350,350,HCLTECH,27-FEB-2025
2025-02-03 14:15:15.996442,HCLTECH27FEB25F,FUTSTK,1696.35,2245250,1695.85,1696.35,19447400,350,350,HCLTECH,27-FEB-2025
2025-02-03 14:15:22.417709,HCLTECH27FEB25F,FUTSTK,1695.95,2245950,1695.75,1696.35,19447400,700,350,HCLTECH,27-FEB-2025
2025-02-03 14:15:28.813679,HCLTECH27FEB25F,FUTSTK,1695.95,2245950,1695.75,1696.35,19447400,350,350,HCLTECH,27-FEB-2025
2025-02-03 14:15:35.155085,HCLTECH27FEB25F,FUTSTK,1695.95,2245950,1695.8,1696.15,19447400,1050,350,HCLTECH,27-FEB-2025
2025-02-03 14:15:41.530617,HCLTECH27FEB25F,FUTSTK,1696.1,2246300,1695.7,1696.25,19447400,350,700,HCLTECH,27-FEB-2025
2025-02-03 14:15:47.688534,HCLTECH27FEB25F,FUTSTK,1696.1,2246300,1695.55,1696.15,19447400,350,350,HCLTECH,27-FEB-2025
2025-02-03 14:15:54.032739,HCLTECH27FEB25F,FUTSTK,1696.1,2246300,1695.5,1696.0,19447400,2800,350,HCLTECH,27-FEB-2025
2025-02-03 14:16:00.437682,HCLTECH27FEB25F,FUTSTK,1695.5,2246650,1695.5,1695.85,19447400,2450,350,HCLTECH,27-FEB-2025
2025-02-03 14:16:06.904254,HCLTECH27FEB25F,FUTSTK,1695.5,2247350,1695.5,1695.8,19447400,2100,350,HCLTECH,27-FEB-2025
2025-02-03 14:16:13.207514,HCLTECH27FEB25F,FUTSTK,1695.75,2247700,1695.5,1695.75,19447400,2450,350,HCLTECH,27-FEB-2025
2025-02-03 14:16:19.746838,HCLTECH27FEB25F,FUTSTK,1695.5,2248050,1695.5,1695.75,19447400,2100,350,HCLTECH,27-FEB-2025
2025-02-03 14:16:26.001939,HCLTECH27FEB25F,FUTSTK,1695.7,2248400,1695.5,1695.7,19452650,1750,350,HCLTECH,27-FEB-2025
2025-02-03 14:16:32.358741,HCLTECH27FEB25F,FUTSTK,1695.55,2249100,1695.5,1695.75,19452650,1750,350,HCLTECH,27-FEB-2025
2025-02-03 14:16:38.592847,HCLTECH27FEB25F,FUTSTK,1696.3,2252600,1696.15,1696.75,19452650,1050,700,HCLTECH,27-FEB-2025
2025-02-03 14:16:44.806251,HCLTECH27FEB25F,FUTSTK,1696.3,2252600,1696.2,1696.85,19452650,2100,1400,HCLTECH,27-FEB-2025
2025-02-03 14:16:51.169441,HCLTECH27FEB25F,FUTSTK,1696.3,2252600,1696.2,1696.85,19452650,2100,1400,HCLTECH,27-FEB-2025
2025-02-03 14:16:57.602023,HCLTECH27FEB25F,FUTSTK,1696.85,2252600,1696.2,1696.85,19452650,2100,1400,HCLTECH,27-FEB-2025
2025-02-03 14:17:03.871422,HCLTECH27FEB25F,FUTSTK,1696.85,2252600,1696.2,1696.85,19452650,2100,1400,HCLTECH,27-FEB-2025
2025-02-03 14:17:10.220158,HCLTECH27FEB25F,FUTSTK,1696.7,2253650,1696.5,1696.7,19452650,700,700,HCLTECH,27-FEB-2025
2025-02-03 14:17:16.509502,HCLTECH27FEB25F,FUTSTK,1696.7,2253650,1696.5,1696.7,19452650,700,700,HCLTECH,27-FEB-2025
2025-02-03 14:17:22.869598,HCLTECH27FEB25F,FUTSTK,1696.5,2253650,1696.5,1696.7,19452650,700,700,HCLTECH,27-FEB-2025
2025-02-03 14:17:29.275655,HCLTECH27FEB25F,FUTSTK,1696.5,2253650,1696.5,1696.7,19452650,700,700,HCLTECH,27-FEB-2025
2025-02-03 14:17:35.676871,HCLTECH27FEB25F,FUTSTK,1696.65,2255400,1696.5,1696.7,19452650,700,350,HCLTECH,27-FEB-2025
2025-02-03 14:17:41.980320,HCLTECH27FEB25F,FUTSTK,1696.75,2255400,1696.5,1696.7,19452650,700,350,HCLTECH,27-FEB-2025
2025-02-03 14:17:48.309903,HCLTECH27FEB25F,FUTSTK,1696.6,2255400,1696.5,1696.7,19452650,700,350,HCLTECH,27-FEB-2025
2025-02-03 14:17:54.502291,HCLTECH27FEB25F,FUTSTK,1696.3,2255400,1696.5,1696.7,19452650,700,350,HCLTECH,27-FEB-2025
2025-02-03 14:18:01.061538,HCLTECH27FEB25F,FUTSTK,1696.3,2258900,1695.65,1696.45,19452650,350,350,HCLTECH,27-FEB-2025
2025-02-03 14:18:07.325681,HCLTECH27FEB25F,FUTSTK,1695.95,2258900,1695.65,1696.45,19452650,350,350,HCLTECH,27-FEB-2025
2025-02-03 14:18:13.787494,HCLTECH27FEB25F,FUTSTK,1696.1,2258900,1695.65,1696.45,19452650,350,350,HCLTECH,27-FEB-2025
2025-02-03 14:18:20.142414,HCLTECH27FEB25F,FUTSTK,1696.0,2261700,1695.75,1696.0,19452650,350,350,HCLTECH,27-FEB-2025
2025-02-03 14:18:26.469226,HCLTECH27FEB25F,FUTSTK,1696.0,2261700,1695.75,1696.0,19452650,350,350,HCLTECH,27-FEB-2025
2025-02-03 14:18:33.783145,HCLTECH27FEB25F,FUTSTK,1695.95,2261700,1695.75,1696.0,19452650,350,350,HCLTECH,27-FEB-2025
2025-02-03 14:18:40.065458,HCLTECH27FEB25F,FUTSTK,1695.75,2261700,1695.75,1696.0,19452650,350,350,HCLTECH,27-FEB-2025
2025-02-03 14:18:46.439507,HCLTECH27FEB25F,FUTSTK,1695.65,2262750,1695.65,1695.8,19452650,350,350,HCLTECH,27-FEB-2025
2025-02-03 14:18:52.796273,HCLTECH27FEB25F,FUTSTK,1696.05,2262750,1695.65,1695.8,19452650,350,350,HCLTECH,27-FEB-2025
2025-02-03 14:18:59.231526,HCLTECH27FEB25F,FUTSTK,1696.05,2262750,1695.65,1695.8,19452650,350,350,HCLTECH,27-FEB-2025
2025-02-03 14:19:05.563743,HCLTECH27FEB25F,FUTSTK,1696.25,2266250,1696.05,1696.85,19452650,1050,700,HCLTECH,27-FEB-2025
2025-02-03 14:19:11.989450,HCLTECH27FEB25F,FUTSTK,1696.25,2266250,1696.05,1696.85,19452650,1050,700,HCLTECH,27-FEB-2025
2025-02-03 14:19:18.352322,HCLTECH27FEB25F,FUTSTK,1696.25,2266250,1696.05,1696.85,19452650,1050,700,HCLTECH,27-FEB-2025
2025-02-03 14:19:25.658066,HCLTECH27FEB25F,FUTSTK,1696.25,2266250,1696.05,1696.85,19452650,1050,700,HCLTECH,27-FEB-2025
2025-02-03 14:19:31.892220,HCLTECH27FEB25F,FUTSTK,1696.25,2266250,1696.3,1696.45,19454050,700,350,HCLTECH,27-FEB-2025
2025-02-03 14:19:38.314280,HCLTECH27FEB25F,FUTSTK,1696.45,2266250,1696.3,1696.45,19454050,700,350,HCLTECH,27-FEB-2025
2025-02-03 14:19:44.691968,HCLTECH27FEB25F,FUTSTK,1696.3,2269400,1695.9,1696.55,19454050,700,700,HCLTECH,27-FEB-2025
2025-02-03 14:19:51.151722,HCLTECH27FEB25F,FUTSTK,1696.3,2269400,1695.75,1696.45,19454050,700,700,HCLTECH,27-FEB-2025
2025-02-03 14:19:57.480237,HCLTECH27FEB25F,FUTSTK,1696.1,2270800,1695.7,1696.25,19454050,350,700,HCLTECH,27-FEB-2025
2025-02-03 14:20:03.879594,HCLTECH27FEB25F,FUTSTK,1696.1,2270800,1695.65,1695.95,19454050,350,350,HCLTECH,27-FEB-2025
2025-02-03 14:20:10.204055,HCLTECH27FEB25F,FUTSTK,1696.1,2270800,1695.65,1695.95,19454050,700,350,HCLTECH,27-FEB-2025
2025-02-03 14:20:16.384545,HCLTECH27FEB25F,FUTSTK,1695.65,2271150,1695.65,1695.8,19454050,350,350,HCLTECH,27-FEB-2025
2025-02-03 14:20:22.806691,HCLTECH27FEB25F,FUTSTK,1695.65,2271500,1695.5,1695.75,19454050,1400,350,HCLTECH,27-FEB-2025
2025-02-03 14:20:29.083621,HCLTECH27FEB25F,FUTSTK,1695.65,2271500,1695.5,1695.7,19454050,1400,350,HCLTECH,27-FEB-2025
2025-02-03 14:20:35.574750,HCLTECH27FEB25F,FUTSTK,1695.5,2272900,1695.05,1695.55,19454050,700,350,HCLTECH,27-FEB-2025
2025-02-03 14:20:41.868349,HCLTECH27FEB25F,FUTSTK,1695.55,2275350,1695.2,1695.45,19454050,350,350,HCLTECH,27-FEB-2025
2025-02-03 14:20:48.393508,HCLTECH27FEB25F,FUTSTK,1695.45,2275350,1695.2,1695.45,19454050,350,350,HCLTECH,27-FEB-2025
2025-02-03 14:20:54.714149,HCLTECH27FEB25F,FUTSTK,1695.15,2275350,1695.2,1695.45,19454050,350,350,HCLTECH,27-FEB-2025
2025-02-03 14:21:01.140392,HCLTECH27FEB25F,FUTSTK,1695.15,2275350,1695.2,1695.45,19454050,350,350,HCLTECH,27-FEB-2025
2025-02-03 14:21:07.633405,HCLTECH27FEB25F,FUTSTK,1694.35,2276400,1694.5,1695.4,19454050,1050,350,HCLTECH,27-FEB-2025
2025-02-03 14:21:13.900833,HCLTECH27FEB25F,FUTSTK,1694.35,2276400,1694.5,1695.4,19454050,1050,350,HCLTECH,27-FEB-2025
2025-02-03 14:21:20.299601,HCLTECH27FEB25F,FUTSTK,1694.55,2276400,1694.5,1695.4,19454050,1050,350,HCLTECH,27-FEB-2025
2025-02-03 14:21:26.698536,HCLTECH27FEB25F,FUTSTK,1694.55,2276400,1694.5,1695.4,19454050,1050,350,HCLTECH,27-FEB-2025
2025-02-03 14:21:33.048741,HCLTECH27FEB25F,FUTSTK,1695.05,2278850,1694.55,1694.85,19454050,350,700,HCLTECH,27-FEB-2025
2025-02-03 14:21:39.378277,HCLTECH27FEB25F,FUTSTK,1695.15,2278850,1694.55,1694.85,19454050,350,700,HCLTECH,27-FEB-2025
2025-02-03 14:21:45.857745,HCLTECH27FEB25F,FUTSTK,1695.05,2278850,1694.55,1694.85,19454050,350,700,HCLTECH,27-FEB-2025
2025-02-03 14:21:52.196113,HCLTECH27FEB25F,FUTSTK,1695.3,2282350,1694.75,1695.3,19454050,350,700,HCLTECH,27-FEB-2025
2025-02-03 14:21:58.550929,HCLTECH27FEB25F,FUTSTK,1695.3,2282350,1694.75,1695.3,19454050,350,700,HCLTECH,27-FEB-2025
2025-02-03 14:22:05.008635,HCLTECH27FEB25F,FUTSTK,1695.3,2282350,1694.75,1695.3,19454050,350,700,HCLTECH,27-FEB-2025
2025-02-03 14:22:11.375002,HCLTECH27FEB25F,FUTSTK,1695.35,2282350,1694.75,1695.3,19454050,350,700,HCLTECH,27-FEB-2025
2025-02-03 14:22:17.759895,HCLTECH27FEB25F,FUTSTK,1696.6,2285850,1695.8,1696.65,19454050,350,1050,HCLTECH,27-FEB-2025
2025-02-03 14:22:24.147150,HCLTECH27FEB25F,FUTSTK,1696.65,2285850,1695.8,1696.65,19454050,350,1050,HCLTECH,27-FEB-2025
2025-02-03 14:22:30.616036,HCLTECH27FEB25F,FUTSTK,1696.65,2285850,1695.8,1696.65,19454050,350,1050,HCLTECH,27-FEB-2025
2025-02-03 14:22:36.947860,HCLTECH27FEB25F,FUTSTK,1696.55,2285850,1695.8,1696.65,19456500,350,1050,HCLTECH,27-FEB-2025
2025-02-03 14:22:43.227248,HCLTECH27FEB25F,FUTSTK,1696.55,2287600,1696.1,1696.7,19456500,1050,350,HCLTECH,27-FEB-2025
2025-02-03 14:22:49.805927,HCLTECH27FEB25F,FUTSTK,1696.5,2288650,1696.2,1696.65,19456500,1050,350,HCLTECH,27-FEB-2025
2025-02-03 14:22:56.094716,HCLTECH27FEB25F,FUTSTK,1696.4,2288650,1696.15,1696.4,19456500,1050,350,HCLTECH,27-FEB-2025
2025-02-03 14:23:02.603249,HCLTECH27FEB25F,FUTSTK,1696.4,2289000,1696.15,1696.4,19456500,350,350,HCLTECH,27-FEB-2025
2025-02-03 14:23:08.774480,HCLTECH27FEB25F,FUTSTK,1696.6,2290400,1696.3,1696.55,19456500,1050,350,HCLTECH,27-FEB-2025
2025-02-03 14:23:16.094885,HCLTECH27FEB25F,FUTSTK,1696.45,2290750,1696.3,1696.45,19456500,1400,350,HCLTECH,27-FEB-2025
2025-02-03 14:23:22.556367,HCLTECH27FEB25F,FUTSTK,1696.15,2293550,1695.35,1696.1,19456500,1050,350,HCLTECH,27-FEB-2025
2025-02-03 14:23:28.811035,HCLTECH27FEB25F,FUTSTK,1696.15,2293550,1695.3,1695.65,19456500,350,350,HCLTECH,27-FEB-2025
2025-02-03 14:23:35.232020,HCLTECH27FEB25F,FUTSTK,1696.15,2293550,1695.3,1695.55,19456500,350,350,HCLTECH,27-FEB-2025
2025-02-03 14:23:41.622494,HCLTECH27FEB25F,FUTSTK,1695.6,2295650,1695.1,1695.55,19456500,350,350,HCLTECH,27-FEB-2025
2025-02-03 14:23:48.077381,HCLTECH27FEB25F,FUTSTK,1695.75,2297050,1695.3,1695.65,19456500,1050,350,HCLTECH,27-FEB-2025
2025-02-03 14:23:54.622635,HCLTECH27FEB25F,FUTSTK,1695.7,2297750,1695.6,1696.4,19456500,1050,700,HCLTECH,27-FEB-2025
2025-02-03 14:24:00.974274,HCLTECH27FEB25F,FUTSTK,1695.7,2297750,1695.35,1695.6,19456500,1400,350,HCLTECH,27-FEB-2025
2025-02-03 14:24:07.622365,HCLTECH27FEB25F,FUTSTK,1695.5,2298100,1695.5,1695.6,19456500,350,350,HCLTECH,27-FEB-2025
2025-02-03 14:24:13.816090,HCLTECH27FEB25F,FUTSTK,1695.75,2298800,1695.5,1695.7,19456500,350,350,HCLTECH,27-FEB-2025
2025-02-03 14:24:20.182534,HCLTECH27FEB25F,FUTSTK,1695.8,2299150,1695.1,1695.6,19456500,700,350,HCLTECH,27-FEB-2025
2025-02-03 14:24:26.450151,HCLTECH27FEB25F,FUTSTK,1695.8,2299150,1694.9,1695.6,19456500,1400,350,HCLTECH,27-FEB-2025
2025-02-03 14:24:32.828461,HCLTECH27FEB25F,FUTSTK,1694.9,2299500,1694.9,1695.4,19456500,350,350,HCLTECH,27-FEB-2025
2025-02-03 14:24:39.417156,HCLTECH27FEB25F,FUTSTK,1694.9,2299850,1694.55,1695.25,19456500,350,700,HCLTECH,27-FEB-2025
2025-02-03 14:24:45.929552,HCLTECH27FEB25F,FUTSTK,1695.2,2301950,1695.0,1695.2,19456500,350,350,HCLTECH,27-FEB-2025
2025-02-03 14:24:52.386829,HCLTECH27FEB25F,FUTSTK,1695.2,2301950,1695.0,1695.2,19456500,350,350,HCLTECH,27-FEB-2025
2025-02-03 14:24:58.940481,HCLTECH27FEB25F,FUTSTK,1695.25,2303000,1694.6,1695.05,19456500,1400,350,HCLTECH,27-FEB-2025
2025-02-03 14:25:05.504098,HCLTECH27FEB25F,FUTSTK,1695.25,2304750,1694.95,1695.2,19456500,1400,350,HCLTECH,27-FEB-2025
2025-02-03 14:25:11.916349,HCLTECH27FEB25F,FUTSTK,1695.35,2306500,1695.15,1695.35,19456500,1400,350,HCLTECH,27-FEB-2025
2025-02-03 14:25:18.345099,HCLTECH27FEB25F,FUTSTK,1695.25,2306850,1695.15,1695.5,19456500,1400,700,HCLTECH,27-FEB-2025
2025-02-03 14:25:24.951414,HCLTECH27FEB25F,FUTSTK,1695.4,2307200,1695.15,1695.3,19456500,700,350,HCLTECH,27-FEB-2025
2025-02-03 14:25:31.313438,HCLTECH27FEB25F,FUTSTK,1695.4,2307200,1695.2,1695.35,19456500,1400,350,HCLTECH,27-FEB-2025
2025-02-03 14:25:37.786398,HCLTECH27FEB25F,FUTSTK,1695.35,2307550,1695.2,1695.3,19462100,1400,350,HCLTECH,27-FEB-2025
2025-02-03 14:25:44.199325,HCLTECH27FEB25F,FUTSTK,1695.25,2307550,1695.2,1695.25,19462100,1400,350,HCLTECH,27-FEB-2025
2025-02-03 14:25:50.602499,HCLTECH27FEB25F,FUTSTK,1695.25,2307900,1695.2,1695.3,19462100,700,350,HCLTECH,27-FEB-2025
2025-02-03 14:25:57.141453,HCLTECH27FEB25F,FUTSTK,1695.25,2307900,1695.2,1695.3,19462100,700,350,HCLTECH,27-FEB-2025
2025-02-03 14:26:03.584667,HCLTECH27FEB25F,FUTSTK,1695.2,2307900,1695.2,1695.3,19462100,700,350,HCLTECH,27-FEB-2025
2025-02-03 14:26:10.062924,HCLTECH27FEB25F,FUTSTK,1695.2,2307900,1695.2,1695.3,19462100,700,350,HCLTECH,27-FEB-2025
2025-02-03 14:26:16.906081,HCLTECH27FEB25F,FUTSTK,1695.2,2308950,1694.45,1695.1,19462100,350,350,HCLTECH,27-FEB-2025
2025-02-03 14:26:23.433560,HCLTECH27FEB25F,FUTSTK,1695.2,2308950,1694.45,1695.1,19462100,350,350,HCLTECH,27-FEB-2025
2025-02-03 14:26:29.827862,HCLTECH27FEB25F,FUTSTK,1695.1,2308950,1694.45,1695.1,19462100,350,350,HCLTECH,27-FEB-2025
2025-02-03 14:26:36.256269,HCLTECH27FEB25F,FUTSTK,1695.1,2308950,1694.45,1695.1,19462100,350,350,HCLTECH,27-FEB-2025
2025-02-03 14:26:42.600440,HCLTECH27FEB25F,FUTSTK,1695.1,2312100,1695.4,1696.05,19462100,350,350,HCLTECH,27-FEB-2025
2025-02-03 14:26:49.095965,HCLTECH27FEB25F,FUTSTK,1695.95,2312450,1695.55,1695.85,19462100,1050,350,HCLTECH,27-FEB-2025
2025-02-03 14:26:55.484364,HCLTECH27FEB25F,FUTSTK,1695.9,2313150,1695.7,1695.9,19462100,700,350,HCLTECH,27-FEB-2025
2025-02-03 14:27:02.018597,HCLTECH27FEB25F,FUTSTK,1696.5,2316300,1696.35,1697.1,19462100,350,350,HCLTECH,27-FEB-2025
2025-02-03 14:27:08.348090,HCLTECH27FEB25F,FUTSTK,1696.55,2316650,1696.55,1696.8,19462100,1050,350,HCLTECH,27-FEB-2025
2025-02-03 14:27:14.496367,HCLTECH27FEB25F,FUTSTK,1696.55,2316650,1696.55,1696.65,19462100,1050,350,HCLTECH,27-FEB-2025
2025-02-03 14:27:20.878685,HCLTECH27FEB25F,FUTSTK,1696.65,2317700,1696.15,1696.6,19462100,700,700,HCLTECH,27-FEB-2025
2025-02-03 14:27:27.355096,HCLTECH27FEB25F,FUTSTK,1696.65,2317700,1696.15,1696.4,19462100,700,350,HCLTECH,27-FEB-2025
2025-02-03 14:27:33.744027,HCLTECH27FEB25F,FUTSTK,1696.15,2318400,1695.6,1696.15,19462100,350,350,HCLTECH,27-FEB-2025
2025-02-03 14:27:40.052049,HCLTECH27FEB25F,FUTSTK,1695.45,2318750,1695.4,1695.95,19462100,350,350,HCLTECH,27-FEB-2025
2025-02-03 14:27:46.586521,HCLTECH27FEB25F,FUTSTK,1695.4,2318750,1695.4,1695.9,19462100,350,350,HCLTECH,27-FEB-2025
2025-02-03 14:27:52.826674,HCLTECH27FEB25F,FUTSTK,1695.85,2320500,1695.45,1695.75,19462100,350,350,HCLTECH,27-FEB-2025
2025-02-03 14:27:59.385108,HCLTECH27FEB25F,FUTSTK,1695.95,2322600,1696.05,1696.7,19462100,700,350,HCLTECH,27-FEB-2025
2025-02-03 14:28:05.768410,HCLTECH27FEB25F,FUTSTK,1695.95,2322600,1696.1,1696.6,19462100,350,350,HCLTECH,27-FEB-2025
2025-02-03 14:28:12.081580,HCLTECH27FEB25F,FUTSTK,1695.95,2322600,1696.2,1696.75,19462100,700,350,HCLTECH,27-FEB-2025
2025-02-03 14:28:18.557691,HCLTECH27FEB25F,FUTSTK,1696.6,2322950,1696.4,1696.8,19462100,1050,350,HCLTECH,27-FEB-2025
2025-02-03 14:28:24.881432,HCLTECH27FEB25F,FUTSTK,1696.6,2323300,1696.35,1696.6,19462100,1400,350,HCLTECH,27-FEB-2025
2025-02-03 14:28:31.138095,HCLTECH27FEB25F,FUTSTK,1696.8,2324000,1696.35,1696.9,19462800,1400,350,HCLTECH,27-FEB-2025
2025-02-03 14:28:37.500301,HCLTECH27FEB25F,FUTSTK,1696.65,2324350,1696.45,1696.65,19462800,1050,350,HCLTECH,27-FEB-2025
2025-02-03 14:28:44.043855,HCLTECH27FEB25F,FUTSTK,1697.05,2325400,1696.55,1696.95,19462800,2100,350,HCLTECH,27-FEB-2025
2025-02-03 14:28:50.675123,HCLTECH27FEB25F,FUTSTK,1696.7,2325750,1696.65,1697.15,19462800,2100,350,HCLTECH,27-FEB-2025
2025-02-03 14:28:57.089634,HCLTECH27FEB25F,FUTSTK,1696.65,2327850,1696.65,1697.25,19462800,2100,350,HCLTECH,27-FEB-2025
2025-02-03 14:29:03.503793,HCLTECH27FEB25F,FUTSTK,1696.65,2327850,1697.05,1697.65,19462800,700,350,HCLTECH,27-FEB-2025
2025-02-03 14:29:10.020105,HCLTECH27FEB25F,FUTSTK,1696.65,2329250,1696.3,1697.05,19462800,350,350,HCLTECH,27-FEB-2025
2025-02-03 14:29:17.315774,HCLTECH27FEB25F,FUTSTK,1696.25,2329600,1696.0,1696.5,19462800,350,350,HCLTECH,27-FEB-2025
2025-02-03 14:29:23.654459,HCLTECH27FEB25F,FUTSTK,1696.05,2329950,1696.05,1696.5,19462800,350,350,HCLTECH,27-FEB-2025
2025-02-03 14:29:30.029858,HCLTECH27FEB25F,FUTSTK,1696.35,2330650,1696.0,1696.3,19462800,700,350,HCLTECH,27-FEB-2025
2025-02-03 14:29:36.349883,HCLTECH27FEB25F,FUTSTK,1696.0,2332050,1695.4,1696.25,19462800,1050,350,HCLTECH,27-FEB-2025
2025-02-03 14:29:42.849842,HCLTECH27FEB25F,FUTSTK,1696.0,2332050,1695.4,1696.0,19462800,1400,350,HCLTECH,27-FEB-2025
2025-02-03 14:29:49.296531,HCLTECH27FEB25F,FUTSTK,1696.5,2336950,1696.7,1697.55,19462800,2100,1050,HCLTECH,27-FEB-2025
2025-02-03 14:29:55.825036,HCLTECH27FEB25F,FUTSTK,1696.5,2336950,1696.85,1697.5,19462800,350,350,HCLTECH,27-FEB-2025
2025-02-03 14:30:02.294428,HCLTECH27FEB25F,FUTSTK,1696.5,2336950,1696.95,1697.7,19462800,1050,350,HCLTECH,27-FEB-2025
2025-02-03 14:30:43.356458,HCLTECH27FEB25F,FUTSTK,1697.1,2340450,1696.45,1697.15,19462800,350,700,HCLTECH,27-FEB-2025
2025-02-03 14:30:51.472723,HCLTECH27FEB25F,FUTSTK,1697.1,2340450,1696.35,1696.95,19462800,1400,350,HCLTECH,27-FEB-2025
2025-02-03 14:30:57.680651,HCLTECH27FEB25F,FUTSTK,1697.1,2340450,1696.35,1696.75,19462800,700,700,HCLTECH,27-FEB-2025
2025-02-03 14:31:04.042521,HCLTECH27FEB25F,FUTSTK,1697.1,2340450,1695.8,1696.7,19462800,350,350,HCLTECH,27-FEB-2025
2025-02-03 14:31:10.729649,HCLTECH27FEB25F,FUTSTK,1696.45,2342550,1696.2,1696.6,19462800,350,350,HCLTECH,27-FEB-2025
2025-02-03 14:31:17.062359,HCLTECH27FEB25F,FUTSTK,1696.5,2343600,1696.3,1696.6,19462800,1050,350,HCLTECH,27-FEB-2025
2025-02-03 14:31:24.194290,HCLTECH27FEB25F,FUTSTK,1696.5,2343950,1696.35,1696.55,19462800,1400,350,HCLTECH,27-FEB-2025
2025-02-03 14:31:32.517022,HCLTECH27FEB25F,FUTSTK,1696.65,2344300,1696.0,1696.65,19468750,350,700,HCLTECH,27-FEB-2025
2025-02-03 14:31:39.856788,HCLTECH27FEB25F,FUTSTK,1696.55,2346050,1696.05,1696.6,19468750,1050,350,HCLTECH,27-FEB-2025
2025-02-03 14:31:46.142360,HCLTECH27FEB25F,FUTSTK,1696.2,2346400,1696.25,1696.5,19468750,700,350,HCLTECH,27-FEB-2025
2025-02-03 14:31:52.500672,HCLTECH27FEB25F,FUTSTK,1696.2,2346400,1696.25,1696.5,19468750,1050,350,HCLTECH,27-FEB-2025
2025-02-03 14:31:58.981509,HCLTECH27FEB25F,FUTSTK,1696.5,2346750,1695.95,1696.45,19468750,1050,350,HCLTECH,27-FEB-2025
2025-02-03 14:32:05.496655,HCLTECH27FEB25F,FUTSTK,1696.35,2347450,1696.05,1696.3,19468750,1050,350,HCLTECH,27-FEB-2025
2025-02-03 14:32:12.111592,HCLTECH27FEB25F,FUTSTK,1696.45,2349200,1696.15,1696.35,19468750,1400,350,HCLTECH,27-FEB-2025
2025-02-03 14:32:18.524116,HCLTECH27FEB25F,FUTSTK,1696.45,2350250,1696.15,1696.45,19468750,1400,350,HCLTECH,27-FEB-2025
2025-02-03 14:32:24.670198,HCLTECH27FEB25F,FUTSTK,1696.45,2350250,1696.25,1696.3,19468750,1400,350,HCLTECH,27-FEB-2025
2025-02-03 14:32:30.936089,HCLTECH27FEB25F,FUTSTK,1696.3,2351650,1696.25,1696.6,19468750,1750,1050,HCLTECH,27-FEB-2025
2025-02-03 14:32:37.285313,HCLTECH27FEB25F,FUTSTK,1696.35,2352000,1696.25,1696.4,19468750,1750,700,HCLTECH,27-FEB-2025
2025-02-03 14:32:45.733894,HCLTECH27FEB25F,FUTSTK,1696.35,2352700,1696.25,1696.45,19468750,1750,350,HCLTECH,27-FEB-2025
2025-02-03 14:32:53.251613,HCLTECH27FEB25F,FUTSTK,1696.65,2352700,1696.25,1696.45,19468750,1750,350,HCLTECH,27-FEB-2025
2025-02-03 14:33:00.105556,HCLTECH27FEB25F,FUTSTK,1696.55,2352700,1696.25,1696.45,19468750,1750,350,HCLTECH,27-FEB-2025
2025-02-03 14:33:06.589139,HCLTECH27FEB25F,FUTSTK,1696.55,2352700,1696.25,1696.45,19468750,1750,350,HCLTECH,27-FEB-2025
2025-02-03 14:33:12.868657,HCLTECH27FEB25F,FUTSTK,1697.5,2355500,1696.45,1697.05,19468750,350,350,HCLTECH,27-FEB-2025
2025-02-03 14:33:19.183295,HCLTECH27FEB25F,FUTSTK,1697.5,2355500,1696.45,1697.05,19468750,350,350,HCLTECH,27-FEB-2025
2025-02-03 14:33:25.400251,HCLTECH27FEB25F,FUTSTK,1697.95,2355500,1696.45,1697.05,19468750,350,350,HCLTECH,27-FEB-2025
2025-02-03 14:33:31.572594,HCLTECH27FEB25F,FUTSTK,1698.15,2355500,1696.45,1697.05,19468750,350,350,HCLTECH,27-FEB-2025
2025-02-03 14:33:37.858926,HCLTECH27FEB25F,FUTSTK,1698.2,2359350,1697.55,1698.25,19468750,700,350,HCLTECH,27-FEB-2025
2025-02-03 14:33:44.355900,HCLTECH27FEB25F,FUTSTK,1698.95,2360750,1698.15,1698.45,19468750,2100,350,HCLTECH,27-FEB-2025
2025-02-03 14:33:50.615599,HCLTECH27FEB25F,FUTSTK,1698.3,2362850,1697.6,1698.45,19468750,700,1050,HCLTECH,27-FEB-2025
2025-02-03 14:35:44.950271,HCLTECH27FEB25F,FUTSTK,1698.5,2397850,1698.5,1699.2,19475750,350,350,HCLTECH,27-FEB-2025
2025-02-03 14:35:51.344482,HCLTECH27FEB25F,FUTSTK,1698.5,2398200,1698.35,1699.2,19475750,350,350,HCLTECH,27-FEB-2025
2025-02-03 14:35:57.486583,HCLTECH27FEB25F,FUTSTK,1698.45,2398550,1698.25,1699.2,19475750,1050,350,HCLTECH,27-FEB-2025
2025-02-03 14:36:03.689463,HCLTECH27FEB25F,FUTSTK,1699.4,2399600,1698.8,1699.75,19475750,350,350,HCLTECH,27-FEB-2025
2025-02-03 14:36:09.913375,HCLTECH27FEB25F,FUTSTK,1699.95,2400300,1699.45,1700.15,19475750,350,350,HCLTECH,27-FEB-2025
2025-02-03 14:36:16.317857,HCLTECH27FEB25F,FUTSTK,1700.7,2400650,1700.3,1700.75,19475750,700,350,HCLTECH,27-FEB-2025
2025-02-03 14:36:22.586297,HCLTECH27FEB25F,FUTSTK,1700.75,2401000,1700.35,1700.7,19475750,350,350,HCLTECH,27-FEB-2025
2025-02-03 14:36:30.031925,HCLTECH27FEB25F,FUTSTK,1701.7,2402750,1701.0,1701.95,19475750,350,350,HCLTECH,27-FEB-2025
2025-02-03 14:36:38.344827,HCLTECH27FEB25F,FUTSTK,1701.6,2403450,1700.5,1701.4,19475750,350,1400,HCLTECH,27-FEB-2025
2025-02-03 14:36:45.591613,HCLTECH27FEB25F,FUTSTK,1701.6,2403450,1700.0,1700.85,19475750,2450,700,HCLTECH,27-FEB-2025
2025-02-03 14:36:51.956318,HCLTECH27FEB25F,FUTSTK,1700.6,2403800,1700.0,1700.5,19475750,1400,700,HCLTECH,27-FEB-2025
2025-02-03 14:36:58.458265,HCLTECH27FEB25F,FUTSTK,1700.4,2405550,1699.7,1700.45,19475750,700,350,HCLTECH,27-FEB-2025
2025-02-03 14:37:04.728030,HCLTECH27FEB25F,FUTSTK,1700.4,2405550,1699.5,1700.15,19475750,700,700,HCLTECH,27-FEB-2025
2025-02-03 14:37:11.300510,HCLTECH27FEB25F,FUTSTK,1700.15,2405900,1699.65,1700.1,19475750,700,350,HCLTECH,27-FEB-2025
2025-02-03 14:37:17.809266,HCLTECH27FEB25F,FUTSTK,1699.65,2406950,1699.4,1700.1,19475750,350,350,HCLTECH,27-FEB-2025
2025-02-03 14:37:24.099264,HCLTECH27FEB25F,FUTSTK,1699.65,2406950,1699.45,1700.1,19475750,350,350,HCLTECH,27-FEB-2025
2025-02-03 14:37:30.659246,HCLTECH27FEB25F,FUTSTK,1699.65,2406950,1699.45,1700.05,19475750,1050,1400,HCLTECH,27-FEB-2025
2025-02-03 14:37:36.914695,HCLTECH27FEB25F,FUTSTK,1700.05,2411150,1699.85,1700.8,19478200,350,350,HCLTECH,27-FEB-2025
2025-02-03 14:37:42.999197,HCLTECH27FEB25F,FUTSTK,1699.65,2413250,1699.35,1700.0,19478200,1400,1050,HCLTECH,27-FEB-2025
2025-02-03 14:37:52.064526,HCLTECH27FEB25F,FUTSTK,1699.0,2416050,1698.75,1699.35,19478200,350,700,HCLTECH,27-FEB-2025
2025-02-03 14:37:59.585656,HCLTECH27FEB25F,FUTSTK,1698.25,2417450,1698.05,1698.6,19478200,1050,350,HCLTECH,27-FEB-2025
2025-02-03 14:38:06.071169,HCLTECH27FEB25F,FUTSTK,1698.0,2419550,1698.05,1698.7,19478200,350,700,HCLTECH,27-FEB-2025
2025-02-03 14:38:12.576216,HCLTECH27FEB25F,FUTSTK,1697.9,2420250,1697.85,1698.45,19478200,1050,1050,HCLTECH,27-FEB-2025
2025-02-03 14:38:18.960566,HCLTECH27FEB25F,FUTSTK,1698.3,2420950,1697.85,1698.4,19478200,700,350,HCLTECH,27-FEB-2025
2025-02-03 14:38:25.683895,HCLTECH27FEB25F,FUTSTK,1697.8,2423750,1697.4,1698.15,19478200,350,350,HCLTECH,27-FEB-2025
2025-02-03 14:38:32.013801,HCLTECH27FEB25F,FUTSTK,1697.8,2423750,1697.35,1698.05,19478200,700,1050,HCLTECH,27-FEB-2025
2025-02-03 14:38:38.344636,HCLTECH27FEB25F,FUTSTK,1698.05,2425500,1697.7,1698.05,19478200,1050,350,HCLTECH,27-FEB-2025
2025-02-03 14:38:44.564038,HCLTECH27FEB25F,FUTSTK,1698.0,2426550,1697.8,1698.0,19478200,350,350,HCLTECH,27-FEB-2025
2025-02-03 14:38:51.358824,HCLTECH27FEB25F,FUTSTK,1698.15,2427250,1697.8,1698.2,19478200,350,350,HCLTECH,27-FEB-2025
2025-02-03 14:38:57.774138,HCLTECH27FEB25F,FUTSTK,1698.0,2427600,1698.0,1698.3,19478200,1050,350,HCLTECH,27-FEB-2025
2025-02-03 14:39:06.403608,HCLTECH27FEB25F,FUTSTK,1698.0,2427950,1698.0,1698.15,19478200,1050,350,HCLTECH,27-FEB-2025
2025-02-03 14:39:14.195858,HCLTECH27FEB25F,FUTSTK,1698.15,2429700,1698.0,1698.3,19478200,700,350,HCLTECH,27-FEB-2025
2025-02-03 14:39:20.934328,HCLTECH27FEB25F,FUTSTK,1697.8,2430750,1696.85,1697.7,19478200,350,350,HCLTECH,27-FEB-2025
2025-02-03 14:39:27.762571,HCLTECH27FEB25F,FUTSTK,1696.75,2433900,1696.7,1697.4,19478200,2100,350,HCLTECH,27-FEB-2025
2025-02-03 14:39:33.992854,HCLTECH27FEB25F,FUTSTK,1696.75,2433900,1696.85,1697.4,19478200,350,350,HCLTECH,27-FEB-2025
2025-02-03 14:39:40.309778,HCLTECH27FEB25F,FUTSTK,1696.75,2433900,1696.95,1697.25,19478200,1050,350,HCLTECH,27-FEB-2025
2025-02-03 14:39:46.918502,HCLTECH27FEB25F,FUTSTK,1697.0,2434950,1697.0,1697.25,19478200,350,350,HCLTECH,27-FEB-2025
2025-02-03 14:39:53.503095,HCLTECH27FEB25F,FUTSTK,1697.15,2435650,1696.3,1697.15,19478200,350,350,HCLTECH,27-FEB-2025
2025-02-03 14:40:00.088547,HCLTECH27FEB25F,FUTSTK,1696.6,2437400,1696.45,1696.8,19478200,1050,350,HCLTECH,27-FEB-2025
2025-02-03 14:40:06.603530,HCLTECH27FEB25F,FUTSTK,1696.7,2439150,1696.4,1697.0,19478200,1400,350,HCLTECH,27-FEB-2025
2025-02-03 14:40:13.048124,HCLTECH27FEB25F,FUTSTK,1697.0,2439850,1696.45,1696.9,19478200,1050,700,HCLTECH,27-FEB-2025
2025-02-03 14:40:21.578147,HCLTECH27FEB25F,FUTSTK,1696.75,2440550,1696.45,1696.75,19478200,1400,350,HCLTECH,27-FEB-2025
2025-02-03 14:40:29.990044,HCLTECH27FEB25F,FUTSTK,1696.7,2441250,1696.55,1696.7,19478200,1050,350,HCLTECH,27-FEB-2025
2025-02-03 14:40:37.349855,HCLTECH27FEB25F,FUTSTK,1696.65,2441950,1696.35,1696.7,19489750,1400,700,HCLTECH,27-FEB-2025
2025-02-03 14:40:43.528012,HCLTECH27FEB25F,FUTSTK,1696.65,2441950,1696.35,1696.65,19489750,1750,350,HCLTECH,27-FEB-2025
2025-02-03 14:40:50.011492,HCLTECH27FEB25F,FUTSTK,1696.6,2444050,1696.45,1696.6,19489750,1050,350,HCLTECH,27-FEB-2025
2025-02-03 14:40:56.240907,HCLTECH27FEB25F,FUTSTK,1696.45,2445450,1696.4,1696.8,19489750,350,700,HCLTECH,27-FEB-2025
2025-02-03 14:41:02.633069,HCLTECH27FEB25F,FUTSTK,1696.25,2446850,1696.0,1696.7,19489750,1750,1400,HCLTECH,27-FEB-2025
2025-02-03 14:41:09.064053,HCLTECH27FEB25F,FUTSTK,1696.1,2447200,1696.15,1696.7,19489750,350,700,HCLTECH,27-FEB-2025
2025-02-03 14:41:15.261637,HCLTECH27FEB25F,FUTSTK,1696.65,2447900,1696.05,1696.7,19489750,2100,700,HCLTECH,27-FEB-2025
2025-02-03 14:41:21.599837,HCLTECH27FEB25F,FUTSTK,1696.1,2448250,1696.1,1696.6,19489750,1400,350,HCLTECH,27-FEB-2025
2025-02-03 14:41:27.926808,HCLTECH27FEB25F,FUTSTK,1696.1,2448600,1696.15,1696.4,19489750,1050,700,HCLTECH,27-FEB-2025
2025-02-03 14:41:34.943655,HCLTECH27FEB25F,FUTSTK,1695.6,2451400,1695.6,1696.4,19489750,350,350,HCLTECH,27-FEB-2025
2025-02-03 14:41:43.426665,HCLTECH27FEB25F,FUTSTK,1695.6,2451400,1695.65,1695.9,19489750,700,350,HCLTECH,27-FEB-2025
2025-02-03 14:41:51.194085,HCLTECH27FEB25F,FUTSTK,1695.5,2451750,1695.65,1695.9,19489750,700,350,HCLTECH,27-FEB-2025
2025-02-03 14:41:57.474344,HCLTECH27FEB25F,FUTSTK,1695.6,2453500,1695.3,1695.6,19489750,1400,350,HCLTECH,27-FEB-2025
2025-02-03 14:42:03.826622,HCLTECH27FEB25F,FUTSTK,1695.65,2453850,1695.4,1695.8,19489750,350,350,HCLTECH,27-FEB-2025
2025-02-03 14:42:10.270653,HCLTECH27FEB25F,FUTSTK,1695.9,2455950,1695.8,1696.5,19489750,350,350,HCLTECH,27-FEB-2025
2025-02-03 14:42:16.495354,HCLTECH27FEB25F,FUTSTK,1695.9,2455950,1695.9,1696.55,19489750,350,350,HCLTECH,27-FEB-2025
2025-02-03 14:42:22.931241,HCLTECH27FEB25F,FUTSTK,1696.6,2456300,1695.95,1696.45,19489750,350,350,HCLTECH,27-FEB-2025
2025-02-03 14:42:29.554002,HCLTECH27FEB25F,FUTSTK,1696.6,2456300,1695.95,1696.75,19489750,350,350,HCLTECH,27-FEB-2025
2025-02-03 14:42:35.710849,HCLTECH27FEB25F,FUTSTK,1696.35,2456650,1695.8,1696.35,19489750,1050,350,HCLTECH,27-FEB-2025
2025-02-03 14:42:41.915742,HCLTECH27FEB25F,FUTSTK,1696.35,2457000,1695.95,1696.3,19489750,700,350,HCLTECH,27-FEB-2025
2025-02-03 14:42:48.294588,HCLTECH27FEB25F,FUTSTK,1696.3,2457350,1696.1,1696.35,19489750,350,350,HCLTECH,27-FEB-2025
2025-02-03 14:42:57.035959,HCLTECH27FEB25F,FUTSTK,1696.3,2457700,1696.0,1696.25,19489750,700,1050,HCLTECH,27-FEB-2025
2025-02-03 14:43:05.608867,HCLTECH27FEB25F,FUTSTK,1695.95,2459450,1695.5,1695.9,19489750,1050,350,HCLTECH,27-FEB-2025
2025-02-03 14:43:12.647252,HCLTECH27FEB25F,FUTSTK,1695.85,2459800,1695.6,1695.8,19489750,350,700,HCLTECH,27-FEB-2025
2025-02-03 14:43:18.940664,HCLTECH27FEB25F,FUTSTK,1696.95,2462600,1696.2,1696.75,19489750,350,700,HCLTECH,27-FEB-2025
2025-02-03 14:43:25.311483,HCLTECH27FEB25F,FUTSTK,1695.8,2463300,1695.4,1696.15,19489750,350,350,HCLTECH,27-FEB-2025
2025-02-03 14:43:31.585523,HCLTECH27FEB25F,FUTSTK,1695.8,2463300,1695.7,1696.7,19489750,350,350,HCLTECH,27-FEB-2025
2025-02-03 14:43:37.977546,HCLTECH27FEB25F,FUTSTK,1695.8,2463300,1695.8,1696.45,19489750,1050,700,HCLTECH,27-FEB-2025
2025-02-03 14:43:44.222541,HCLTECH27FEB25F,FUTSTK,1695.8,2463300,1695.9,1696.4,19489750,350,350,HCLTECH,27-FEB-2025
2025-02-03 14:43:50.470534,HCLTECH27FEB25F,FUTSTK,1695.8,2463300,1695.95,1696.4,19489750,1400,350,HCLTECH,27-FEB-2025
2025-02-03 14:43:57.053217,HCLTECH27FEB25F,FUTSTK,1696.45,2464700,1695.95,1696.45,19492550,1400,350,HCLTECH,27-FEB-2025
2025-02-03 14:44:03.393319,HCLTECH27FEB25F,FUTSTK,1696.45,2464700,1695.95,1696.35,19492550,1050,700,HCLTECH,27-FEB-2025
2025-02-03 14:44:11.365658,HCLTECH27FEB25F,FUTSTK,1696.4,2465750,1695.95,1696.35,19492550,350,700,HCLTECH,27-FEB-2025
2025-02-03 14:44:19.394425,HCLTECH27FEB25F,FUTSTK,1696.35,2466450,1695.95,1696.35,19492550,350,350,HCLTECH,27-FEB-2025
2025-02-03 14:44:26.397670,HCLTECH27FEB25F,FUTSTK,1695.9,2467150,1695.6,1696.05,19492550,350,350,HCLTECH,27-FEB-2025
2025-02-03 14:44:33.010164,HCLTECH27FEB25F,FUTSTK,1696.05,2467500,1695.6,1696.05,19492550,350,350,HCLTECH,27-FEB-2025
2025-02-03 14:44:39.260957,HCLTECH27FEB25F,FUTSTK,1696.05,2467500,1695.25,1696.0,19492550,350,700,HCLTECH,27-FEB-2025
2025-02-03 14:44:45.818625,HCLTECH27FEB25F,FUTSTK,1696.05,2467500,1695.3,1695.9,19492550,700,350,HCLTECH,27-FEB-2025
2025-02-03 14:44:52.617484,HCLTECH27FEB25F,FUTSTK,1695.3,2468200,1695.0,1695.75,19492550,350,1400,HCLTECH,27-FEB-2025
2025-02-03 14:44:58.864660,HCLTECH27FEB25F,FUTSTK,1694.5,2469250,1695.0,1695.35,19492550,350,700,HCLTECH,27-FEB-2025
2025-02-03 14:45:05.214754,HCLTECH27FEB25F,FUTSTK,1695.0,2470300,1694.8,1695.25,19492550,350,350,HCLTECH,27-FEB-2025
2025-02-03 14:45:11.626391,HCLTECH27FEB25F,FUTSTK,1695.3,2472050,1695.1,1695.35,19492550,1050,350,HCLTECH,27-FEB-2025
2025-02-03 14:45:17.818790,HCLTECH27FEB25F,FUTSTK,1695.4,2473100,1695.45,1696.1,19492550,350,350,HCLTECH,27-FEB-2025
2025-02-03 14:45:24.537700,HCLTECH27FEB25F,FUTSTK,1695.45,2473450,1695.5,1695.85,19492550,2100,350,HCLTECH,27-FEB-2025
2025-02-03 14:45:33.037186,HCLTECH27FEB25F,FUTSTK,1695.75,2473800,1695.5,1695.8,19492550,1400,350,HCLTECH,27-FEB-2025
2025-02-03 14:45:40.546649,HCLTECH27FEB25F,FUTSTK,1695.75,2473800,1695.5,1695.7,19492550,1400,350,HCLTECH,27-FEB-2025
2025-02-03 14:45:48.523788,HCLTECH27FEB25F,FUTSTK,1695.5,2475900,1695.3,1695.7,19492550,350,350,HCLTECH,27-FEB-2025
2025-02-03 14:45:57.292330,HCLTECH27FEB25F,FUTSTK,1695.65,2476600,1695.3,1695.75,19492550,350,1050,HCLTECH,27-FEB-2025
2025-02-03 14:46:04.862977,HCLTECH27FEB25F,FUTSTK,1695.65,2476600,1695.3,1695.7,19492550,350,1050,HCLTECH,27-FEB-2025
2025-02-03 14:46:11.119662,HCLTECH27FEB25F,FUTSTK,1695.65,2476600,1695.3,1695.6,19492550,350,350,HCLTECH,27-FEB-2025
2025-02-03 14:46:17.262589,HCLTECH27FEB25F,FUTSTK,1695.3,2477300,1694.85,1695.55,19492550,350,700,HCLTECH,27-FEB-2025
2025-02-03 14:46:23.451248,HCLTECH27FEB25F,FUTSTK,1695.3,2477650,1694.8,1695.45,19492550,1400,350,HCLTECH,27-FEB-2025
2025-02-03 14:46:29.846875,HCLTECH27FEB25F,FUTSTK,1695.15,2478000,1694.8,1695.5,19494650,700,700,HCLTECH,27-FEB-2025
2025-02-03 14:46:36.520288,HCLTECH27FEB25F,FUTSTK,1695.35,2478700,1694.9,1695.55,19494650,350,700,HCLTECH,27-FEB-2025
2025-02-03 14:46:44.337293,HCLTECH27FEB25F,FUTSTK,1695.25,2479750,1694.65,1695.2,19494650,350,350,HCLTECH,27-FEB-2025
2025-02-03 14:46:52.496312,HCLTECH27FEB25F,FUTSTK,1695.15,2480100,1694.9,1695.25,19494650,1050,350,HCLTECH,27-FEB-2025
2025-02-03 14:46:59.551367,HCLTECH27FEB25F,FUTSTK,1695.15,2480100,1695.0,1695.15,19494650,700,350,HCLTECH,27-FEB-2025
2025-02-03 14:47:06.046836,HCLTECH27FEB25F,FUTSTK,1695.15,2480100,1695.0,1695.15,19494650,700,700,HCLTECH,27-FEB-2025
2025-02-03 14:47:13.146971,HCLTECH27FEB25F,FUTSTK,1695.15,2480100,1695.0,1695.1,19494650,700,350,HCLTECH,27-FEB-2025
2025-02-03 14:47:19.663022,HCLTECH27FEB25F,FUTSTK,1695.35,2482900,1695.2,1695.75,19494650,1400,350,HCLTECH,27-FEB-2025
2025-02-03 14:47:25.964992,HCLTECH27FEB25F,FUTSTK,1695.35,2482900,1695.35,1695.75,19494650,350,350,HCLTECH,27-FEB-2025
2025-02-03 14:47:32.436638,HCLTECH27FEB25F,FUTSTK,1695.35,2482900,1695.3,1695.75,19494650,700,700,HCLTECH,27-FEB-2025
2025-02-03 14:47:38.735917,HCLTECH27FEB25F,FUTSTK,1695.1,2483250,1695.05,1695.45,19494650,700,350,HCLTECH,27-FEB-2025
2025-02-03 14:47:45.269326,HCLTECH27FEB25F,FUTSTK,1695.1,2483250,1695.05,1695.5,19494650,700,350,HCLTECH,27-FEB-2025
2025-02-03 14:47:51.976828,HCLTECH27FEB25F,FUTSTK,1695.1,2483250,1695.05,1695.4,19494650,350,350,HCLTECH,27-FEB-2025
2025-02-03 14:47:59.651841,HCLTECH27FEB25F,FUTSTK,1695.05,2483600,1695.0,1695.3,19494650,700,350,HCLTECH,27-FEB-2025
2025-02-03 14:48:08.050000,HCLTECH27FEB25F,FUTSTK,1695.0,2484300,1694.5,1694.95,19494650,1400,350,HCLTECH,27-FEB-2025
2025-02-03 14:48:15.676863,HCLTECH27FEB25F,FUTSTK,1694.85,2484650,1694.45,1694.85,19494650,1400,350,HCLTECH,27-FEB-2025
2025-02-03 14:48:22.069486,HCLTECH27FEB25F,FUTSTK,1694.85,2484650,1694.3,1694.85,19494650,1050,350,HCLTECH,27-FEB-2025
2025-02-03 14:48:28.571181,HCLTECH27FEB25F,FUTSTK,1694.75,2485000,1694.5,1694.75,19494650,700,700,HCLTECH,27-FEB-2025
2025-02-03 14:48:34.912440,HCLTECH27FEB25F,FUTSTK,1694.75,2485000,1694.5,1694.65,19494650,700,350,HCLTECH,27-FEB-2025
2025-02-03 14:48:41.407054,HCLTECH27FEB25F,FUTSTK,1694.5,2485700,1694.1,1694.5,19494650,350,350,HCLTECH,27-FEB-2025
2025-02-03 14:48:48.035570,HCLTECH27FEB25F,FUTSTK,1694.5,2485700,1694.1,1694.5,19494650,1400,700,HCLTECH,27-FEB-2025
2025-02-03 14:48:54.584398,HCLTECH27FEB25F,FUTSTK,1694.5,2487450,1694.35,1694.5,19494650,700,1050,HCLTECH,27-FEB-2025
2025-02-03 14:49:00.976977,HCLTECH27FEB25F,FUTSTK,1694.65,2489200,1694.45,1694.75,19494650,350,700,HCLTECH,27-FEB-2025
2025-02-03 14:49:07.603887,HCLTECH27FEB25F,FUTSTK,1694.65,2489550,1694.45,1694.6,19494650,1050,350,HCLTECH,27-FEB-2025
2025-02-03 14:49:14.718555,HCLTECH27FEB25F,FUTSTK,1694.85,2492000,1694.75,1694.95,19494650,700,350,HCLTECH,27-FEB-2025
2025-02-03 14:49:23.395901,HCLTECH27FEB25F,FUTSTK,1694.8,2493050,1694.1,1694.7,19494650,350,700,HCLTECH,27-FEB-2025
2025-02-03 14:49:30.910560,HCLTECH27FEB25F,FUTSTK,1694.8,2493050,1694.15,1694.65,19494650,1050,350,HCLTECH,27-FEB-2025
2025-02-03 14:49:37.990478,HCLTECH27FEB25F,FUTSTK,1694.65,2493400,1694.2,1694.9,19495000,350,350,HCLTECH,27-FEB-2025
2025-02-03 14:49:44.471469,HCLTECH27FEB25F,FUTSTK,1694.75,2493400,1694.3,1694.7,19495000,700,350,HCLTECH,27-FEB-2025
2025-02-03 14:49:50.915892,HCLTECH27FEB25F,FUTSTK,1694.9,2494800,1695.05,1695.6,19495000,350,350,HCLTECH,27-FEB-2025
2025-02-03 14:49:57.360180,HCLTECH27FEB25F,FUTSTK,1695.2,2495150,1695.25,1695.6,19495000,350,350,HCLTECH,27-FEB-2025
2025-02-03 14:50:04.819787,HCLTECH27FEB25F,FUTSTK,1695.2,2495150,1695.4,1695.55,19495000,700,350,HCLTECH,27-FEB-2025
2025-02-03 14:50:11.707648,HCLTECH27FEB25F,FUTSTK,1695.6,2496200,1695.4,1695.55,19495000,700,350,HCLTECH,27-FEB-2025
2025-02-03 14:50:18.440010,HCLTECH27FEB25F,FUTSTK,1695.85,2497950,1695.6,1695.95,19495000,700,350,HCLTECH,27-FEB-2025
2025-02-03 14:50:25.548329,HCLTECH27FEB25F,FUTSTK,1695.6,2499000,1695.45,1695.5,19495000,350,350,HCLTECH,27-FEB-2025
2025-02-03 14:50:33.180960,HCLTECH27FEB25F,FUTSTK,1695.5,2499350,1695.45,1695.7,19495000,350,350,HCLTECH,27-FEB-2025
2025-02-03 14:50:41.625599,HCLTECH27FEB25F,FUTSTK,1695.2,2500400,1694.5,1695.2,19495000,350,350,HCLTECH,27-FEB-2025
2025-02-03 14:50:48.688659,HCLTECH27FEB25F,FUTSTK,1694.6,2500750,1694.2,1694.7,19495000,1050,350,HCLTECH,27-FEB-2025
2025-02-03 14:50:55.820206,HCLTECH27FEB25F,FUTSTK,1694.25,2501450,1694.2,1694.6,19495000,1050,350,HCLTECH,27-FEB-2025
2025-02-03 14:51:03.200568,HCLTECH27FEB25F,FUTSTK,1694.65,2502850,1694.5,1694.7,19495000,350,350,HCLTECH,27-FEB-2025
2025-02-03 14:51:09.585461,HCLTECH27FEB25F,FUTSTK,1694.9,2504250,1694.7,1695.4,19495000,700,700,HCLTECH,27-FEB-2025
2025-02-03 14:51:16.073234,HCLTECH27FEB25F,FUTSTK,1694.9,2504250,1694.8,1695.25,19495000,700,350,HCLTECH,27-FEB-2025
2025-02-03 14:51:22.421045,HCLTECH27FEB25F,FUTSTK,1694.9,2504250,1694.5,1694.95,19495000,350,350,HCLTECH,27-FEB-2025
2025-02-03 14:51:28.868115,HCLTECH27FEB25F,FUTSTK,1694.55,2505650,1694.55,1694.85,19495000,350,350,HCLTECH,27-FEB-2025
2025-02-03 14:51:35.529246,HCLTECH27FEB25F,FUTSTK,1694.8,2506000,1694.55,1694.85,19495000,700,350,HCLTECH,27-FEB-2025
2025-02-03 14:51:41.983002,HCLTECH27FEB25F,FUTSTK,1694.8,2506000,1694.55,1694.75,19495000,700,350,HCLTECH,27-FEB-2025
2025-02-03 14:51:49.968915,HCLTECH27FEB25F,FUTSTK,1694.65,2507050,1694.2,1694.7,19495000,700,350,HCLTECH,27-FEB-2025
2025-02-03 14:51:58.585139,HCLTECH27FEB25F,FUTSTK,1694.25,2508450,1693.85,1694.5,19495000,1050,700,HCLTECH,27-FEB-2025
2025-02-03 14:52:05.806420,HCLTECH27FEB25F,FUTSTK,1694.5,2511250,1694.25,1695.0,19495000,350,700,HCLTECH,27-FEB-2025
2025-02-03 14:52:12.216894,HCLTECH27FEB25F,FUTSTK,1694.65,2512650,1694.45,1695.2,19495000,1400,1050,HCLTECH,27-FEB-2025
2025-02-03 14:52:18.676443,HCLTECH27FEB25F,FUTSTK,1694.65,2512650,1694.45,1695.2,19495000,1400,350,HCLTECH,27-FEB-2025
2025-02-03 14:52:25.278041,HCLTECH27FEB25F,FUTSTK,1694.75,2512650,1694.45,1694.75,19495000,700,350,HCLTECH,27-FEB-2025
2025-02-03 14:52:31.669170,HCLTECH27FEB25F,FUTSTK,1694.75,2513000,1694.75,1695.3,19495000,700,350,HCLTECH,27-FEB-2025
2025-02-03 14:52:38.262941,HCLTECH27FEB25F,FUTSTK,1694.75,2513000,1694.75,1694.95,19495000,700,700,HCLTECH,27-FEB-2025
2025-02-03 14:52:44.613069,HCLTECH27FEB25F,FUTSTK,1694.9,2513350,1694.75,1694.95,19496400,700,350,HCLTECH,27-FEB-2025
2025-02-03 14:52:51.357191,HCLTECH27FEB25F,FUTSTK,1694.75,2514050,1694.55,1695.05,19496400,700,350,HCLTECH,27-FEB-2025
2025-02-03 14:52:57.696601,HCLTECH27FEB25F,FUTSTK,1694.75,2514050,1694.5,1694.9,19496400,1400,350,HCLTECH,27-FEB-2025
2025-02-03 14:53:04.807335,HCLTECH27FEB25F,FUTSTK,1694.85,2514400,1694.5,1694.85,19496400,1400,350,HCLTECH,27-FEB-2025
2025-02-03 14:53:13.136201,HCLTECH27FEB25F,FUTSTK,1694.85,2515100,1694.7,1694.9,19496400,350,700,HCLTECH,27-FEB-2025
2025-02-03 14:53:20.490542,HCLTECH27FEB25F,FUTSTK,1694.85,2515100,1694.7,1694.9,19496400,350,1050,HCLTECH,27-FEB-2025
2025-02-03 14:53:26.748445,HCLTECH27FEB25F,FUTSTK,1694.7,2516500,1694.3,1694.9,19496400,350,350,HCLTECH,27-FEB-2025
2025-02-03 14:53:33.175633,HCLTECH27FEB25F,FUTSTK,1694.7,2516500,1694.2,1694.8,19496400,1050,350,HCLTECH,27-FEB-2025
2025-02-03 14:53:39.360189,HCLTECH27FEB25F,FUTSTK,1694.7,2516500,1694.2,1694.85,19496400,350,350,HCLTECH,27-FEB-2025
2025-02-03 14:53:45.624156,HCLTECH27FEB25F,FUTSTK,1694.7,2516500,1694.2,1694.85,19496400,350,1050,HCLTECH,27-FEB-2025
2025-02-03 14:53:51.901259,HCLTECH27FEB25F,FUTSTK,1694.7,2516500,1694.2,1694.85,19496400,350,1050,HCLTECH,27-FEB-2025
2025-02-03 14:53:58.349190,HCLTECH27FEB25F,FUTSTK,1694.7,2516500,1694.2,1694.85,19496400,350,1050,HCLTECH,27-FEB-2025
2025-02-03 14:54:04.560218,HCLTECH27FEB25F,FUTSTK,1694.15,2516500,1693.65,1694.2,19496400,700,350,HCLTECH,27-FEB-2025
2025-02-03 14:54:10.769230,HCLTECH27FEB25F,FUTSTK,1694.2,2516500,1693.65,1694.2,19496400,700,350,HCLTECH,27-FEB-2025
2025-02-03 14:54:17.128904,HCLTECH27FEB25F,FUTSTK,1694.1,2516500,1693.65,1694.2,19496400,700,350,HCLTECH,27-FEB-2025
2025-02-03 14:54:25.605203,HCLTECH27FEB25F,FUTSTK,1694.2,2522450,1693.7,1694.2,19496400,1050,350,HCLTECH,27-FEB-2025
2025-02-03 14:54:33.163309,HCLTECH27FEB25F,FUTSTK,1694.2,2522450,1693.7,1694.2,19496400,1050,350,HCLTECH,27-FEB-2025
2025-02-03 14:54:40.060149,HCLTECH27FEB25F,FUTSTK,1694.2,2522450,1693.7,1694.2,19496400,1050,350,HCLTECH,27-FEB-2025
2025-02-03 14:54:46.332435,HCLTECH27FEB25F,FUTSTK,1693.95,2524900,1693.95,1694.1,19496400,2100,700,HCLTECH,27-FEB-2025
2025-02-03 14:54:53.165793,HCLTECH27FEB25F,FUTSTK,1694.45,2529100,1694.6,1695.15,19496400,350,350,HCLTECH,27-FEB-2025
2025-02-03 14:54:59.377353,HCLTECH27FEB25F,FUTSTK,1694.45,2529100,1694.95,1695.4,19496400,700,350,HCLTECH,27-FEB-2025
2025-02-03 14:55:05.731568,HCLTECH27FEB25F,FUTSTK,1694.45,2529100,1695.3,1695.65,19496400,350,350,HCLTECH,27-FEB-2025
2025-02-03 14:55:12.063188,HCLTECH27FEB25F,FUTSTK,1695.4,2530850,1695.0,1695.55,19496400,700,350,HCLTECH,27-FEB-2025
2025-02-03 14:55:18.588751,HCLTECH27FEB25F,FUTSTK,1695.4,2530850,1695.05,1695.4,19496400,2450,350,HCLTECH,27-FEB-2025
2025-02-03 14:55:25.242094,HCLTECH27FEB25F,FUTSTK,1695.4,2531550,1695.15,1695.55,19496400,700,350,HCLTECH,27-FEB-2025
2025-02-03 14:55:31.678907,HCLTECH27FEB25F,FUTSTK,1695.4,2531900,1695.15,1695.4,19504100,700,1050,HCLTECH,27-FEB-2025
2025-02-03 14:55:39.479981,HCLTECH27FEB25F,FUTSTK,1695.4,2531900,1695.25,1695.35,19504100,700,700,HCLTECH,27-FEB-2025
2025-02-03 14:55:47.536032,HCLTECH27FEB25F,FUTSTK,1695.35,2532250,1695.3,1695.35,19504100,1400,1050,HCLTECH,27-FEB-2025
2025-02-03 14:55:54.613066,HCLTECH27FEB25F,FUTSTK,1695.3,2533650,1694.8,1695.4,19504100,1050,700,HCLTECH,27-FEB-2025
2025-02-03 14:56:01.155876,HCLTECH27FEB25F,FUTSTK,1695.3,2533650,1694.85,1695.35,19504100,1750,700,HCLTECH,27-FEB-2025
2025-02-03 14:56:07.462691,HCLTECH27FEB25F,FUTSTK,1695.3,2533650,1694.85,1695.3,19504100,1750,700,HCLTECH,27-FEB-2025
2025-02-03 14:56:14.349718,HCLTECH27FEB25F,FUTSTK,1695.3,2533650,1694.85,1695.25,19504100,1750,350,HCLTECH,27-FEB-2025
2025-02-03 14:56:20.860272,HCLTECH27FEB25F,FUTSTK,1695.2,2534700,1695.0,1695.25,19504100,350,350,HCLTECH,27-FEB-2025
2025-02-03 14:56:27.559436,HCLTECH27FEB25F,FUTSTK,1695.2,2534700,1695.0,1695.25,19504100,350,350,HCLTECH,27-FEB-2025
2025-02-03 14:56:37.337308,HCLTECH27FEB25F,FUTSTK,1695.2,2535050,1695.0,1695.25,19504100,350,700,HCLTECH,27-FEB-2025
2025-02-03 14:56:43.726973,HCLTECH27FEB25F,FUTSTK,1695.35,2535050,1695.0,1695.2,19504100,350,350,HCLTECH,27-FEB-2025
2025-02-03 14:56:50.403970,HCLTECH27FEB25F,FUTSTK,1695.2,2535050,1695.0,1695.2,19504100,350,350,HCLTECH,27-FEB-2025
2025-02-03 14:57:00.141865,HCLTECH27FEB25F,FUTSTK,1695.25,2537500,1695.15,1695.25,19504100,1400,350,HCLTECH,27-FEB-2025
2025-02-03 14:57:07.528854,HCLTECH27FEB25F,FUTSTK,1695.2,2537500,1695.15,1695.25,19504100,1400,350,HCLTECH,27-FEB-2025
2025-02-03 14:57:14.264664,HCLTECH27FEB25F,FUTSTK,1695.4,2537500,1695.15,1695.25,19504100,1400,350,HCLTECH,27-FEB-2025
2025-02-03 14:57:20.780947,HCLTECH27FEB25F,FUTSTK,1695.4,2537500,1695.15,1695.25,19504100,1400,350,HCLTECH,27-FEB-2025
2025-02-03 14:57:27.644034,HCLTECH27FEB25F,FUTSTK,1695.4,2538900,1695.25,1695.4,19504100,350,1050,HCLTECH,27-FEB-2025
2025-02-03 14:57:34.098487,HCLTECH27FEB25F,FUTSTK,1695.4,2538900,1695.25,1695.4,19504100,350,1050,HCLTECH,27-FEB-2025
2025-02-03 14:57:40.427291,HCLTECH27FEB25F,FUTSTK,1695.55,2538900,1695.25,1695.4,19504100,350,1050,HCLTECH,27-FEB-2025
2025-02-03 14:57:46.789593,HCLTECH27FEB25F,FUTSTK,1695.8,2543100,1695.9,1696.3,19504100,700,350,HCLTECH,27-FEB-2025
2025-02-03 14:57:53.221135,HCLTECH27FEB25F,FUTSTK,1696.35,2543450,1696.1,1696.55,19504100,2450,350,HCLTECH,27-FEB-2025
2025-02-03 14:57:59.583424,HCLTECH27FEB25F,FUTSTK,1696.35,2544150,1696.1,1696.55,19504100,1400,350,HCLTECH,27-FEB-2025
2025-02-03 14:58:05.972816,HCLTECH27FEB25F,FUTSTK,1696.35,2544150,1696.35,1696.5,19504100,1050,700,HCLTECH,27-FEB-2025
2025-02-03 14:58:14.397065,HCLTECH27FEB25F,FUTSTK,1696.5,2545200,1696.35,1696.5,19504100,1400,700,HCLTECH,27-FEB-2025
2025-02-03 14:58:23.125954,HCLTECH27FEB25F,FUTSTK,1696.5,2546950,1696.35,1696.65,19504100,1750,700,HCLTECH,27-FEB-2025
2025-02-03 14:58:29.663159,HCLTECH27FEB25F,FUTSTK,1696.65,2549400,1696.65,1697.1,19504100,700,700,HCLTECH,27-FEB-2025
2025-02-03 14:58:38.047412,HCLTECH27FEB25F,FUTSTK,1696.65,2549400,1696.85,1697.05,19504100,700,350,HCLTECH,27-FEB-2025
2025-02-03 14:58:44.481493,HCLTECH27FEB25F,FUTSTK,1696.65,2549400,1696.85,1697.05,19504100,700,350,HCLTECH,27-FEB-2025
2025-02-03 14:58:51.335135,HCLTECH27FEB25F,FUTSTK,1697.1,2550100,1697.1,1697.25,19504100,350,350,HCLTECH,27-FEB-2025
2025-02-03 14:58:58.198997,HCLTECH27FEB25F,FUTSTK,1697.1,2551150,1696.2,1696.95,19504100,350,700,HCLTECH,27-FEB-2025
2025-02-03 14:59:04.685011,HCLTECH27FEB25F,FUTSTK,1696.9,2551500,1696.35,1696.8,19504100,350,350,HCLTECH,27-FEB-2025
2025-02-03 14:59:12.520985,HCLTECH27FEB25F,FUTSTK,1696.9,2551500,1696.4,1696.75,19504100,1050,700,HCLTECH,27-FEB-2025
2025-02-03 14:59:18.999171,HCLTECH27FEB25F,FUTSTK,1696.7,2552550,1696.55,1696.75,19504100,350,700,HCLTECH,27-FEB-2025
2025-02-03 14:59:26.020911,HCLTECH27FEB25F,FUTSTK,1696.7,2552900,1696.55,1696.7,19504100,350,350,HCLTECH,27-FEB-2025
2025-02-03 14:59:34.700460,HCLTECH27FEB25F,FUTSTK,1696.55,2553250,1696.05,1696.65,19504100,350,350,HCLTECH,27-FEB-2025
2025-02-03 14:59:42.190858,HCLTECH27FEB25F,FUTSTK,1696.55,2553250,1696.1,1696.6,19504100,1400,1050,HCLTECH,27-FEB-2025
2025-02-03 14:59:48.916543,HCLTECH27FEB25F,FUTSTK,1696.0,2553250,1696.1,1696.6,19504100,1400,1050,HCLTECH,27-FEB-2025
2025-02-03 14:59:55.387412,HCLTECH27FEB25F,FUTSTK,1696.55,2558500,1696.6,1697.35,19504100,350,700,HCLTECH,27-FEB-2025
2025-02-03 15:00:02.172116,HCLTECH27FEB25F,FUTSTK,1697.5,2558500,1696.6,1697.35,19504100,350,700,HCLTECH,27-FEB-2025
2025-02-03 15:00:08.594835,HCLTECH27FEB25F,FUTSTK,1698.2,2558500,1696.6,1697.35,19504100,350,700,HCLTECH,27-FEB-2025
2025-02-03 15:00:15.120372,HCLTECH27FEB25F,FUTSTK,1698.2,2558500,1696.6,1697.35,19504100,350,700,HCLTECH,27-FEB-2025
2025-02-03 15:00:21.670988,HCLTECH27FEB25F,FUTSTK,1698.2,2562350,1698.15,1698.6,19504100,350,350,HCLTECH,27-FEB-2025
2025-02-03 15:00:28.086384,HCLTECH27FEB25F,FUTSTK,1698.6,2562350,1698.15,1698.6,19504100,350,350,HCLTECH,27-FEB-2025
2025-02-03 15:00:34.640090,HCLTECH27FEB25F,FUTSTK,1698.75,2562350,1698.15,1698.6,19504100,350,350,HCLTECH,27-FEB-2025
2025-02-03 15:00:41.191936,HCLTECH27FEB25F,FUTSTK,1698.35,2562350,1698.15,1698.6,19504100,350,350,HCLTECH,27-FEB-2025
2025-02-03 15:00:50.374771,HCLTECH27FEB25F,FUTSTK,1699.0,2565500,1698.2,1698.8,19504100,350,2100,HCLTECH,27-FEB-2025
2025-02-03 15:00:57.796674,HCLTECH27FEB25F,FUTSTK,1699.15,2569000,1698.95,1699.3,19504100,1050,1050,HCLTECH,27-FEB-2025
2025-02-03 15:01:05.615518,HCLTECH27FEB25F,FUTSTK,1699.25,2570050,1698.95,1699.35,19504100,1400,700,HCLTECH,27-FEB-2025
2025-02-03 15:01:14.004851,HCLTECH27FEB25F,FUTSTK,1699.25,2570750,1698.95,1699.25,19504100,2450,350,HCLTECH,27-FEB-2025
2025-02-03 15:01:21.202127,HCLTECH27FEB25F,FUTSTK,1698.95,2571800,1698.95,1699.15,19504100,2450,700,HCLTECH,27-FEB-2025
2025-02-03 15:01:27.785728,HCLTECH27FEB25F,FUTSTK,1698.95,2574600,1698.4,1699.0,19504100,350,350,HCLTECH,27-FEB-2025
2025-02-03 15:01:34.222647,HCLTECH27FEB25F,FUTSTK,1699.55,2578100,1698.95,1699.5,19503750,350,350,HCLTECH,27-FEB-2025
2025-02-03 15:01:40.801480,HCLTECH27FEB25F,FUTSTK,1699.65,2579500,1699.65,1700.0,19503750,350,1050,HCLTECH,27-FEB-2025
2025-02-03 15:01:47.241826,HCLTECH27FEB25F,FUTSTK,1700.0,2580550,1699.9,1700.45,19503750,350,350,HCLTECH,27-FEB-2025
2025-02-03 15:01:53.868951,HCLTECH27FEB25F,FUTSTK,1700.0,2580550,1700.0,1700.5,19503750,350,350,HCLTECH,27-FEB-2025
2025-02-03 15:02:01.819145,HCLTECH27FEB25F,FUTSTK,1700.45,2580900,1700.05,1700.45,19503750,700,350,HCLTECH,27-FEB-2025
2025-02-03 15:02:10.023178,HCLTECH27FEB25F,FUTSTK,1700.45,2580900,1700.05,1700.4,19503750,1050,350,HCLTECH,27-FEB-2025
2025-02-03 15:02:17.390278,HCLTECH27FEB25F,FUTSTK,1700.0,2582300,1699.7,1700.4,19503750,350,350,HCLTECH,27-FEB-2025
2025-02-03 15:02:24.130221,HCLTECH27FEB25F,FUTSTK,1700.1,2582300,1699.7,1700.3,19503750,350,350,HCLTECH,27-FEB-2025
2025-02-03 15:02:30.540004,HCLTECH27FEB25F,FUTSTK,1700.35,2586150,1700.1,1700.5,19503750,350,350,HCLTECH,27-FEB-2025
2025-02-03 15:02:37.163467,HCLTECH27FEB25F,FUTSTK,1700.4,2586850,1700.1,1700.4,19503750,350,350,HCLTECH,27-FEB-2025
2025-02-03 15:02:43.363819,HCLTECH27FEB25F,FUTSTK,1700.4,2587200,1700.15,1700.5,19503750,1050,1050,HCLTECH,27-FEB-2025
2025-02-03 15:02:49.863182,HCLTECH27FEB25F,FUTSTK,1700.95,2589650,1700.45,1701.0,19503750,1050,700,HCLTECH,27-FEB-2025
2025-02-03 15:02:56.332063,HCLTECH27FEB25F,FUTSTK,1700.95,2589650,1700.55,1700.8,19503750,1050,350,HCLTECH,27-FEB-2025
2025-02-03 15:03:02.891980,HCLTECH27FEB25F,FUTSTK,1700.95,2589650,1700.65,1700.8,19503750,350,700,HCLTECH,27-FEB-2025
2025-02-03 15:03:09.508637,HCLTECH27FEB25F,FUTSTK,1700.8,2591050,1700.8,1700.95,19503750,350,350,HCLTECH,27-FEB-2025
2025-02-03 15:03:17.505533,HCLTECH27FEB25F,FUTSTK,1700.95,2591750,1700.6,1700.95,19503750,2100,700,HCLTECH,27-FEB-2025
2025-02-03 15:03:26.466474,HCLTECH27FEB25F,FUTSTK,1700.95,2593850,1700.6,1700.9,19503750,700,350,HCLTECH,27-FEB-2025
2025-02-03 15:03:33.493878,HCLTECH27FEB25F,FUTSTK,1700.95,2595950,1700.75,1701.15,19503750,350,700,HCLTECH,27-FEB-2025
2025-02-03 15:03:39.828532,HCLTECH27FEB25F,FUTSTK,1700.95,2596650,1700.75,1701.1,19503750,350,700,HCLTECH,27-FEB-2025
2025-02-03 15:03:46.287627,HCLTECH27FEB25F,FUTSTK,1700.85,2596650,1700.85,1701.0,19503750,350,1050,HCLTECH,27-FEB-2025
2025-02-03 15:03:52.936212,HCLTECH27FEB25F,FUTSTK,1701.0,2596650,1700.85,1701.0,19503750,350,1050,HCLTECH,27-FEB-2025
2025-02-03 15:03:59.368095,HCLTECH27FEB25F,FUTSTK,1701.0,2596650,1700.85,1701.0,19503750,350,1050,HCLTECH,27-FEB-2025
2025-02-03 15:04:06.027536,HCLTECH27FEB25F,FUTSTK,1701.4,2596650,1700.85,1701.0,19503750,350,1050,HCLTECH,27-FEB-2025
2025-02-03 15:04:12.460474,HCLTECH27FEB25F,FUTSTK,1701.05,2604350,1701.05,1701.85,19503750,700,700,HCLTECH,27-FEB-2025
2025-02-03 15:04:18.788253,HCLTECH27FEB25F,FUTSTK,1701.85,2604350,1701.05,1701.85,19503750,700,700,HCLTECH,27-FEB-2025
2025-02-03 15:04:25.362128,HCLTECH27FEB25F,FUTSTK,1701.45,2604350,1701.05,1701.85,19503750,700,700,HCLTECH,27-FEB-2025
2025-02-03 15:04:32.532027,HCLTECH27FEB25F,FUTSTK,1701.1,2604350,1701.05,1701.85,19503050,700,700,HCLTECH,27-FEB-2025
2025-02-03 15:04:41.068059,HCLTECH27FEB25F,FUTSTK,1701.25,2606450,1701.1,1701.45,19503050,1050,350,HCLTECH,27-FEB-2025
2025-02-03 15:04:48.446697,HCLTECH27FEB25F,FUTSTK,1701.15,2610300,1700.75,1701.25,19503050,1050,350,HCLTECH,27-FEB-2025
2025-02-03 15:04:55.092303,HCLTECH27FEB25F,FUTSTK,1701.3,2610650,1700.75,1701.2,19503050,700,350,HCLTECH,27-FEB-2025
2025-02-03 15:05:01.366919,HCLTECH27FEB25F,FUTSTK,1701.3,2611350,1700.85,1701.15,19503050,350,350,HCLTECH,27-FEB-2025
2025-02-03 15:05:07.833353,HCLTECH27FEB25F,FUTSTK,1701.3,2611350,1700.9,1701.2,19503050,1400,350,HCLTECH,27-FEB-2025
2025-02-03 15:05:14.232931,HCLTECH27FEB25F,FUTSTK,1701.2,2612400,1701.05,1701.2,19503050,700,700,HCLTECH,27-FEB-2025
2025-02-03 15:05:21.398298,HCLTECH27FEB25F,FUTSTK,1701.05,2613100,1700.65,1701.1,19503050,1050,350,HCLTECH,27-FEB-2025
2025-02-03 15:05:27.948049,HCLTECH27FEB25F,FUTSTK,1701.05,2613100,1700.6,1701.0,19503050,1400,700,HCLTECH,27-FEB-2025
