timestamp,symbol,instrument,ltp,volume,bid,ask,oi,bid_qty,ask_qty,stock_name,expiry
2025-02-03 09:30:10.689412,LT27FEB25F,FUTSTK,3337.5,1491750,3337.5,3338.15,16825200,150,150,LT,27-FEB-2025
2025-02-03 09:32:39.120760,LT27FEB25F,FUTSTK,3328.6,1669950,3328.55,3329.85,16883850,150,150,LT,27-FEB-2025
2025-02-03 09:32:46.760634,LT27FEB25F,FUTSTK,3325.85,1676400,3325.85,3326.75,16883850,150,300,LT,27-FEB-2025
2025-02-03 09:33:00.834562,LT27FEB25F,FUTSTK,3325.1,1684350,3325.3,3325.9,16883850,150,150,LT,27-FEB-2025
2025-02-03 09:33:12.064897,LT27FEB25F,FUTSTK,3325.5,1714050,3326.65,3327.5,16883850,150,150,LT,27-FEB-2025
2025-02-03 09:33:26.671944,LT27FEB25F,FUTSTK,3323.5,1716750,3323.75,3324.85,16883850,150,150,LT,27-FEB-2025
2025-02-03 09:33:34.629581,LT27FEB25F,FUTSTK,3322.2,1725000,3322.4,3323.2,16883850,150,150,LT,27-FEB-2025
2025-02-03 09:33:42.235199,LT27FEB25F,FUTSTK,3322.3,1731000,3321.3,3322.6,16993800,150,300,LT,27-FEB-2025
2025-02-03 09:33:50.053170,LT27FEB25F,FUTSTK,3321.25,1735500,3320.0,3321.3,16993800,5700,450,LT,27-FEB-2025
2025-02-03 09:33:58.410243,LT27FEB25F,FUTSTK,3313.8,1759200,3312.25,3313.1,16993800,150,150,LT,27-FEB-2025
2025-02-03 09:34:10.165932,LT27FEB25F,FUTSTK,3312.95,1772250,3312.0,3313.15,16993800,750,150,LT,27-FEB-2025
2025-02-03 09:34:23.396900,LT27FEB25F,FUTSTK,3312.1,1784400,3312.1,3312.65,16993800,150,750,LT,27-FEB-2025
2025-02-03 09:34:31.376002,LT27FEB25F,FUTSTK,3318.35,1796250,3318.35,3319.55,16993800,150,150,LT,27-FEB-2025
2025-02-03 09:34:39.313070,LT27FEB25F,FUTSTK,3317.2,1807500,3317.15,3318.6,16993800,300,150,LT,27-FEB-2025
2025-02-03 09:34:46.643980,LT27FEB25F,FUTSTK,3318.95,1821150,3318.0,3318.9,16993800,150,150,LT,27-FEB-2025
2025-02-03 09:34:56.761241,LT27FEB25F,FUTSTK,3310.95,1847100,3310.7,3311.95,16993800,450,150,LT,27-FEB-2025
2025-02-03 09:35:14.317654,LT27FEB25F,FUTSTK,3310.95,1859550,3310.6,3311.0,16993800,150,1050,LT,27-FEB-2025
2025-02-03 09:35:33.040461,LT27FEB25F,FUTSTK,3310.05,1872600,3309.8,3310.05,16993800,150,150,LT,27-FEB-2025
2025-02-03 09:35:45.178057,LT27FEB25F,FUTSTK,3310.25,1884450,3309.05,3310.3,16993800,450,150,LT,27-FEB-2025
2025-02-03 09:35:56.601437,LT27FEB25F,FUTSTK,3310.65,1894050,3309.8,3311.05,16993800,300,750,LT,27-FEB-2025
2025-02-03 09:36:04.828673,LT27FEB25F,FUTSTK,3309.05,1902750,3308.65,3309.6,16993800,150,150,LT,27-FEB-2025
2025-02-03 09:36:12.911593,LT27FEB25F,FUTSTK,3309.25,1908300,3308.5,3309.25,16993800,150,300,LT,27-FEB-2025
2025-02-03 09:36:21.623829,LT27FEB25F,FUTSTK,3311.6,1911750,3311.55,3312.0,16993800,300,450,LT,27-FEB-2025
2025-02-03 09:36:29.355470,LT27FEB25F,FUTSTK,3314.4,1917600,3313.25,3314.4,16993800,150,300,LT,27-FEB-2025
2025-02-03 09:36:39.787252,LT27FEB25F,FUTSTK,3307.95,1933350,3308.0,3308.7,17077200,150,150,LT,27-FEB-2025
2025-02-03 09:36:52.072659,LT27FEB25F,FUTSTK,3306.3,1945350,3305.3,3306.15,17077200,150,300,LT,27-FEB-2025
2025-02-03 09:37:00.878188,LT27FEB25F,FUTSTK,3304.0,1951350,3303.55,3305.0,17077200,450,300,LT,27-FEB-2025
2025-02-03 09:37:09.855335,LT27FEB25F,FUTSTK,3305.05,1953300,3305.0,3305.05,17077200,150,450,LT,27-FEB-2025
2025-02-03 09:37:17.208727,LT27FEB25F,FUTSTK,3304.45,1957650,3304.4,3305.5,17077200,150,150,LT,27-FEB-2025
2025-02-03 09:37:25.181401,LT27FEB25F,FUTSTK,3305.35,1961850,3304.75,3305.35,17077200,150,750,LT,27-FEB-2025
2025-02-03 09:37:32.996811,LT27FEB25F,FUTSTK,3304.3,1967250,3303.9,3305.15,17077200,300,300,LT,27-FEB-2025
2025-02-03 09:37:42.014472,LT27FEB25F,FUTSTK,3304.5,1973100,3304.0,3305.45,17077200,450,150,LT,27-FEB-2025
2025-02-03 09:37:51.325264,LT27FEB25F,FUTSTK,3305.4,1975200,3305.35,3305.5,17077200,450,150,LT,27-FEB-2025
2025-02-03 09:38:02.250337,LT27FEB25F,FUTSTK,3305.35,1984650,3304.5,3305.3,17077200,150,150,LT,27-FEB-2025
2025-02-03 09:38:12.645619,LT27FEB25F,FUTSTK,3305.3,1990500,3304.5,3305.5,17077200,150,150,LT,27-FEB-2025
2025-02-03 09:38:22.172938,LT27FEB25F,FUTSTK,3304.9,1995000,3304.05,3304.9,17077200,150,300,LT,27-FEB-2025
2025-02-03 09:38:29.941115,LT27FEB25F,FUTSTK,3306.2,1996950,3305.05,3306.45,17077200,150,150,LT,27-FEB-2025
2025-02-03 09:38:37.493118,LT27FEB25F,FUTSTK,3308.0,1999050,3306.9,3308.2,17077200,450,150,LT,27-FEB-2025
2025-02-03 09:38:47.569722,LT27FEB25F,FUTSTK,3306.75,2002050,3306.4,3307.55,17077200,150,150,LT,27-FEB-2025
2025-02-03 09:38:58.633076,LT27FEB25F,FUTSTK,3305.85,2004750,3305.85,3307.25,17077200,150,150,LT,27-FEB-2025
2025-02-03 09:39:06.989042,LT27FEB25F,FUTSTK,3303.95,2019900,3303.05,3304.05,17077200,150,150,LT,27-FEB-2025
2025-02-03 09:39:18.459920,LT27FEB25F,FUTSTK,3304.95,2025900,3305.05,3305.75,17077200,150,150,LT,27-FEB-2025
2025-02-03 09:39:31.526679,LT27FEB25F,FUTSTK,3305.25,2029800,3305.0,3306.0,17077200,450,150,LT,27-FEB-2025
2025-02-03 09:39:39.878063,LT27FEB25F,FUTSTK,3305.3,2032350,3305.3,3306.65,17135100,150,450,LT,27-FEB-2025
2025-02-03 09:39:47.946752,LT27FEB25F,FUTSTK,3304.7,2037450,3303.55,3304.65,17135100,150,150,LT,27-FEB-2025
2025-02-03 09:39:55.618354,LT27FEB25F,FUTSTK,3308.4,2044350,3306.85,3308.2,17135100,150,150,LT,27-FEB-2025
2025-02-03 09:40:05.079589,LT27FEB25F,FUTSTK,3304.75,2059200,3304.0,3304.85,17135100,450,150,LT,27-FEB-2025
2025-02-03 09:40:16.134412,LT27FEB25F,FUTSTK,3307.05,2062950,3306.65,3307.8,17135100,300,150,LT,27-FEB-2025
2025-02-03 09:40:26.429727,LT27FEB25F,FUTSTK,3306.6,2068650,3305.8,3307.2,17135100,150,150,LT,27-FEB-2025
2025-02-03 09:40:38.530415,LT27FEB25F,FUTSTK,3307.1,2076450,3306.8,3308.0,17135100,150,150,LT,27-FEB-2025
2025-02-03 09:40:51.853249,LT27FEB25F,FUTSTK,3305.85,2088750,3305.8,3307.0,17135100,150,150,LT,27-FEB-2025
2025-02-03 09:40:59.307112,LT27FEB25F,FUTSTK,3308.6,2091450,3307.55,3308.95,17135100,150,750,LT,27-FEB-2025
2025-02-03 09:41:07.024663,LT27FEB25F,FUTSTK,3308.7,2093550,3307.9,3308.25,17135100,150,150,LT,27-FEB-2025
2025-02-03 09:41:14.659876,LT27FEB25F,FUTSTK,3306.4,2099700,3306.15,3307.15,17135100,150,150,LT,27-FEB-2025
2025-02-03 09:41:23.392542,LT27FEB25F,FUTSTK,3304.5,2108250,3303.8,3304.5,17135100,150,300,LT,27-FEB-2025
2025-02-03 09:41:32.483069,LT27FEB25F,FUTSTK,3304.9,2111700,3304.55,3304.9,17135100,300,150,LT,27-FEB-2025
2025-02-03 09:41:40.981771,LT27FEB25F,FUTSTK,3304.95,2117400,3304.0,3304.95,17135100,300,150,LT,27-FEB-2025
2025-02-03 09:41:54.826687,LT27FEB25F,FUTSTK,3306.15,2124000,3305.15,3306.65,17135100,150,300,LT,27-FEB-2025
2025-02-03 09:42:05.270707,LT27FEB25F,FUTSTK,3305.75,2129850,3305.7,3306.7,17135100,150,150,LT,27-FEB-2025
2025-02-03 09:42:13.281372,LT27FEB25F,FUTSTK,3306.2,2144550,3305.1,3306.4,17135100,150,150,LT,27-FEB-2025
2025-02-03 09:42:21.534509,LT27FEB25F,FUTSTK,3305.7,2149950,3305.8,3306.65,17135100,150,300,LT,27-FEB-2025
2025-02-03 09:42:29.548700,LT27FEB25F,FUTSTK,3309.15,2152500,3309.15,3310.0,17135100,150,150,LT,27-FEB-2025
2025-02-03 09:42:37.477223,LT27FEB25F,FUTSTK,3309.0,2154450,3308.6,3309.8,17135100,150,150,LT,27-FEB-2025
2025-02-03 09:42:45.118858,LT27FEB25F,FUTSTK,3306.05,2158800,3306.05,3306.95,17176950,150,300,LT,27-FEB-2025
2025-02-03 09:42:52.974070,LT27FEB25F,FUTSTK,3307.65,2165100,3306.45,3306.65,17176950,150,300,LT,27-FEB-2025
2025-02-03 09:43:00.956799,LT27FEB25F,FUTSTK,3306.2,2167200,3306.75,3307.2,17176950,150,150,LT,27-FEB-2025
2025-02-03 09:43:11.158152,LT27FEB25F,FUTSTK,3306.1,2174850,3306.05,3307.05,17176950,150,300,LT,27-FEB-2025
2025-02-03 09:43:21.510577,LT27FEB25F,FUTSTK,3307.2,2176500,3306.1,3307.2,17176950,150,150,LT,27-FEB-2025
2025-02-03 09:43:29.114381,LT27FEB25F,FUTSTK,3307.65,2178600,3307.65,3309.0,17176950,150,150,LT,27-FEB-2025
2025-02-03 09:43:36.758396,LT27FEB25F,FUTSTK,3309.0,2179350,3308.05,3309.0,17176950,150,150,LT,27-FEB-2025
2025-02-03 09:43:44.330789,LT27FEB25F,FUTSTK,3308.3,2180850,3308.3,3309.1,17176950,150,150,LT,27-FEB-2025
2025-02-03 09:43:53.246563,LT27FEB25F,FUTSTK,3308.0,2184600,3307.85,3308.9,17176950,300,150,LT,27-FEB-2025
2025-02-03 09:44:01.282252,LT27FEB25F,FUTSTK,3307.8,2185800,3307.4,3307.8,17176950,150,450,LT,27-FEB-2025
2025-02-03 09:44:09.119166,LT27FEB25F,FUTSTK,3308.0,2189550,3306.9,3308.15,17176950,450,150,LT,27-FEB-2025
2025-02-03 09:44:18.035700,LT27FEB25F,FUTSTK,3310.0,2193000,3309.6,3310.7,17176950,150,150,LT,27-FEB-2025
2025-02-03 09:44:28.483363,LT27FEB25F,FUTSTK,3308.65,2196750,3308.1,3309.45,17176950,300,300,LT,27-FEB-2025
2025-02-03 09:44:37.433738,LT27FEB25F,FUTSTK,3308.0,2199900,3307.6,3308.5,17176950,150,150,LT,27-FEB-2025
2025-02-03 09:44:44.964017,LT27FEB25F,FUTSTK,3308.0,2203200,3307.3,3308.4,17176950,150,900,LT,27-FEB-2025
2025-02-03 09:44:52.759906,LT27FEB25F,FUTSTK,3307.75,2209500,3306.25,3307.75,17176950,450,1200,LT,27-FEB-2025
2025-02-03 09:45:01.051553,LT27FEB25F,FUTSTK,3306.25,2214450,3306.25,3306.6,17176950,150,150,LT,27-FEB-2025
2025-02-03 09:45:08.668992,LT27FEB25F,FUTSTK,3304.55,2224200,3303.9,3305.0,17176950,300,3000,LT,27-FEB-2025
2025-02-03 09:45:17.318050,LT27FEB25F,FUTSTK,3303.6,2228850,3302.7,3303.7,17176950,300,150,LT,27-FEB-2025
2025-02-03 09:45:33.114124,LT27FEB25F,FUTSTK,3303.4,2236350,3302.5,3303.8,17176950,150,150,LT,27-FEB-2025
2025-02-03 09:45:44.293212,LT27FEB25F,FUTSTK,3304.2,2241750,3304.15,3305.0,17227800,300,3300,LT,27-FEB-2025
2025-02-03 09:45:54.253925,LT27FEB25F,FUTSTK,3306.95,2249100,3305.05,3306.5,17227800,150,150,LT,27-FEB-2025
2025-02-03 09:46:01.886978,LT27FEB25F,FUTSTK,3306.9,2251950,3306.95,3308.45,17227800,150,300,LT,27-FEB-2025
2025-02-03 09:46:10.034317,LT27FEB25F,FUTSTK,3307.3,2255850,3306.4,3307.5,17227800,150,150,LT,27-FEB-2025
2025-02-03 09:46:17.885821,LT27FEB25F,FUTSTK,3307.75,2259150,3307.1,3308.6,17227800,150,150,LT,27-FEB-2025
2025-02-03 09:46:25.671319,LT27FEB25F,FUTSTK,3308.2,2260050,3308.15,3309.45,17227800,300,300,LT,27-FEB-2025
2025-02-03 09:46:33.281602,LT27FEB25F,FUTSTK,3307.75,2261100,3307.8,3308.75,17227800,300,150,LT,27-FEB-2025
2025-02-03 09:46:41.117015,LT27FEB25F,FUTSTK,3305.55,2269500,3305.2,3306.85,17227800,300,300,LT,27-FEB-2025
2025-02-03 09:46:51.075093,LT27FEB25F,FUTSTK,3307.6,2272950,3306.2,3307.55,17227800,300,150,LT,27-FEB-2025
2025-02-03 09:47:01.033969,LT27FEB25F,FUTSTK,3307.7,2274150,3307.7,3308.4,17227800,150,150,LT,27-FEB-2025
2025-02-03 09:47:09.960535,LT27FEB25F,FUTSTK,3306.95,2276700,3305.95,3306.95,17227800,150,150,LT,27-FEB-2025
2025-02-03 09:47:18.659236,LT27FEB25F,FUTSTK,3306.45,2279850,3306.45,3307.8,17227800,150,150,LT,27-FEB-2025
2025-02-03 09:47:32.975539,LT27FEB25F,FUTSTK,3304.7,2286600,3304.05,3305.35,17227800,150,150,LT,27-FEB-2025
2025-02-03 09:47:57.338434,LT27FEB25F,FUTSTK,3305.65,2297400,3305.0,3306.35,17227800,150,300,LT,27-FEB-2025
2025-02-03 09:48:05.272277,LT27FEB25F,FUTSTK,3303.5,2301900,3303.5,3304.4,17227800,150,150,LT,27-FEB-2025
2025-02-03 09:48:18.069051,LT27FEB25F,FUTSTK,3304.5,2306700,3304.2,3305.35,17227800,150,150,LT,27-FEB-2025
2025-02-03 09:48:27.912384,LT27FEB25F,FUTSTK,3305.0,2308650,3304.2,3305.35,17227800,150,150,LT,27-FEB-2025
2025-02-03 09:48:36.879135,LT27FEB25F,FUTSTK,3305.3,2309850,3304.7,3305.65,17227800,150,600,LT,27-FEB-2025
2025-02-03 09:48:44.834860,LT27FEB25F,FUTSTK,3307.6,2311500,3307.55,3308.55,17249550,150,150,LT,27-FEB-2025
2025-02-03 09:48:55.163970,LT27FEB25F,FUTSTK,3306.15,2318250,3306.15,3307.0,17249550,150,150,LT,27-FEB-2025
2025-02-03 09:49:03.671670,LT27FEB25F,FUTSTK,3307.05,2319300,3305.35,3307.05,17249550,150,150,LT,27-FEB-2025
2025-02-03 09:49:13.547883,LT27FEB25F,FUTSTK,3305.75,2321700,3305.2,3305.75,17249550,150,150,LT,27-FEB-2025
2025-02-03 09:49:24.816599,LT27FEB25F,FUTSTK,3305.45,2325150,3304.9,3305.5,17249550,150,150,LT,27-FEB-2025
2025-02-03 09:49:37.241798,LT27FEB25F,FUTSTK,3303.4,2331450,3303.05,3304.4,17249550,150,150,LT,27-FEB-2025
2025-02-03 09:49:46.399856,LT27FEB25F,FUTSTK,3303.45,2332800,3303.85,3305.1,17249550,150,150,LT,27-FEB-2025
2025-02-03 09:49:56.925244,LT27FEB25F,FUTSTK,3304.4,2336250,3303.45,3305.05,17249550,300,150,LT,27-FEB-2025
2025-02-03 09:50:06.125391,LT27FEB25F,FUTSTK,3302.3,2340150,3302.05,3303.3,17249550,150,150,LT,27-FEB-2025
2025-02-03 09:50:14.924231,LT27FEB25F,FUTSTK,3305.0,2342400,3304.65,3305.95,17249550,300,150,LT,27-FEB-2025
2025-02-03 09:50:24.509311,LT27FEB25F,FUTSTK,3305.8,2344800,3305.1,3307.15,17249550,300,300,LT,27-FEB-2025
2025-02-03 09:50:33.725145,LT27FEB25F,FUTSTK,3306.15,2346450,3306.05,3307.6,17249550,150,300,LT,27-FEB-2025
2025-02-03 09:50:44.188338,LT27FEB25F,FUTSTK,3308.1,2347950,3306.25,3307.7,17249550,150,150,LT,27-FEB-2025
2025-02-03 09:50:56.242089,LT27FEB25F,FUTSTK,3309.7,2349600,3308.45,3309.8,17249550,150,150,LT,27-FEB-2025
2025-02-03 09:51:04.671442,LT27FEB25F,FUTSTK,3307.1,2351400,3307.0,3308.0,17249550,300,150,LT,27-FEB-2025
2025-02-03 09:51:12.734135,LT27FEB25F,FUTSTK,3307.0,2353200,3305.85,3307.15,17249550,150,150,LT,27-FEB-2025
2025-02-03 09:51:21.234346,LT27FEB25F,FUTSTK,3306.5,2353650,3306.5,3307.2,17249550,300,900,LT,27-FEB-2025
2025-02-03 09:51:29.355227,LT27FEB25F,FUTSTK,3308.75,2355300,3307.15,3308.85,17249550,150,300,LT,27-FEB-2025
2025-02-03 09:51:37.625862,LT27FEB25F,FUTSTK,3306.75,2356950,3306.75,3308.15,17249550,150,150,LT,27-FEB-2025
2025-02-03 09:51:46.332801,LT27FEB25F,FUTSTK,3307.05,2358150,3307.05,3307.75,17278050,150,300,LT,27-FEB-2025
2025-02-03 09:51:54.179862,LT27FEB25F,FUTSTK,3307.0,2360100,3306.35,3307.5,17278050,300,750,LT,27-FEB-2025
2025-02-03 09:52:06.612731,LT27FEB25F,FUTSTK,3308.55,2362500,3307.25,3308.65,17278050,150,150,LT,27-FEB-2025
2025-02-03 09:52:17.172763,LT27FEB25F,FUTSTK,3308.55,2364150,3307.55,3308.75,17278050,150,150,LT,27-FEB-2025
2025-02-03 09:52:27.246177,LT27FEB25F,FUTSTK,3308.05,2365500,3308.55,3310.0,17278050,150,150,LT,27-FEB-2025
2025-02-03 09:52:34.970862,LT27FEB25F,FUTSTK,3308.65,2366700,3308.05,3309.6,17278050,300,150,LT,27-FEB-2025
2025-02-03 09:52:42.730944,LT27FEB25F,FUTSTK,3308.15,2367900,3308.0,3308.95,17278050,150,300,LT,27-FEB-2025
2025-02-03 09:52:50.815210,LT27FEB25F,FUTSTK,3307.3,2370600,3306.0,3307.35,17278050,150,150,LT,27-FEB-2025
2025-02-03 09:52:58.175091,LT27FEB25F,FUTSTK,3309.55,2372100,3308.1,3309.55,17278050,150,300,LT,27-FEB-2025
2025-02-03 09:53:06.008006,LT27FEB25F,FUTSTK,3308.45,2373450,3308.25,3308.8,17278050,150,450,LT,27-FEB-2025
2025-02-03 09:53:16.066460,LT27FEB25F,FUTSTK,3308.7,2375850,3307.15,3308.75,17278050,300,150,LT,27-FEB-2025
2025-02-03 09:53:25.303169,LT27FEB25F,FUTSTK,3308.55,2378550,3307.3,3308.7,17278050,150,150,LT,27-FEB-2025
2025-02-03 09:53:35.676600,LT27FEB25F,FUTSTK,3309.6,2380800,3308.35,3309.55,17278050,300,150,LT,27-FEB-2025
2025-02-03 09:53:43.439038,LT27FEB25F,FUTSTK,3309.6,2382000,3308.55,3309.6,17278050,150,600,LT,27-FEB-2025
2025-02-03 09:53:51.253233,LT27FEB25F,FUTSTK,3310.5,2383500,3309.25,3310.85,17278050,150,150,LT,27-FEB-2025
2025-02-03 09:53:59.190725,LT27FEB25F,FUTSTK,3315.65,2387100,3314.95,3316.0,17278050,150,450,LT,27-FEB-2025
2025-02-03 09:54:06.935036,LT27FEB25F,FUTSTK,3316.6,2406450,3315.95,3316.95,17278050,150,150,LT,27-FEB-2025
2025-02-03 09:54:15.011971,LT27FEB25F,FUTSTK,3317.3,2412750,3316.4,3317.3,17278050,150,300,LT,27-FEB-2025
2025-02-03 09:54:22.562370,LT27FEB25F,FUTSTK,3317.95,2415450,3317.0,3317.95,17278050,150,150,LT,27-FEB-2025
2025-02-03 09:54:32.417166,LT27FEB25F,FUTSTK,3319.0,2418750,3317.9,3319.15,17278050,150,750,LT,27-FEB-2025
2025-02-03 09:54:43.500854,LT27FEB25F,FUTSTK,3319.55,2421900,3318.25,3319.75,17287050,150,600,LT,27-FEB-2025
2025-02-03 09:54:52.080880,LT27FEB25F,FUTSTK,3319.9,2423700,3318.7,3319.9,17287050,150,150,LT,27-FEB-2025
2025-02-03 09:55:02.035852,LT27FEB25F,FUTSTK,3318.55,2429400,3318.2,3320.1,17287050,150,150,LT,27-FEB-2025
2025-02-03 09:55:09.699489,LT27FEB25F,FUTSTK,3320.9,2432550,3320.45,3321.75,17287050,150,150,LT,27-FEB-2025
2025-02-03 09:55:17.988823,LT27FEB25F,FUTSTK,3323.55,2437950,3323.35,3324.0,17287050,300,150,LT,27-FEB-2025
2025-02-03 09:55:26.997021,LT27FEB25F,FUTSTK,3326.0,2445450,3325.3,3326.95,17287050,300,300,LT,27-FEB-2025
2025-02-03 09:55:34.951205,LT27FEB25F,FUTSTK,3329.0,2454900,3328.65,3329.3,17287050,300,150,LT,27-FEB-2025
2025-02-03 09:55:44.631709,LT27FEB25F,FUTSTK,3332.0,2460600,3332.05,3332.6,17287050,150,450,LT,27-FEB-2025
2025-02-03 09:55:56.618431,LT27FEB25F,FUTSTK,3331.75,2476350,3331.1,3332.0,17287050,150,150,LT,27-FEB-2025
2025-02-03 09:56:06.146717,LT27FEB25F,FUTSTK,3336.6,2485800,3336.0,3337.2,17287050,150,150,LT,27-FEB-2025
2025-02-03 09:56:14.394424,LT27FEB25F,FUTSTK,3333.65,2504100,3333.45,3334.45,17287050,450,150,LT,27-FEB-2025
2025-02-03 09:56:21.987580,LT27FEB25F,FUTSTK,3331.65,2519700,3330.05,3331.7,17287050,300,300,LT,27-FEB-2025
2025-02-03 09:56:29.847742,LT27FEB25F,FUTSTK,3329.15,2521650,3328.0,3329.4,17287050,450,150,LT,27-FEB-2025
2025-02-03 09:56:37.537662,LT27FEB25F,FUTSTK,3329.95,2526600,3328.8,3329.9,17287050,150,150,LT,27-FEB-2025
2025-02-03 09:56:45.298199,LT27FEB25F,FUTSTK,3330.0,2537400,3329.65,3330.45,17287050,300,450,LT,27-FEB-2025
2025-02-03 09:56:54.951049,LT27FEB25F,FUTSTK,3331.95,2541150,3331.95,3333.4,17287050,150,300,LT,27-FEB-2025
2025-02-03 09:57:04.482848,LT27FEB25F,FUTSTK,3333.25,2573550,3331.7,3332.95,17287050,300,600,LT,27-FEB-2025
2025-02-03 09:57:17.171237,LT27FEB25F,FUTSTK,3333.05,2592600,3332.1,3333.05,17287050,150,600,LT,27-FEB-2025
2025-02-03 09:57:27.753112,LT27FEB25F,FUTSTK,3331.7,2604750,3331.85,3332.0,17287050,150,150,LT,27-FEB-2025
2025-02-03 09:57:37.679994,LT27FEB25F,FUTSTK,3326.05,2635950,3325.2,3326.6,17287050,150,150,LT,27-FEB-2025
2025-02-03 09:57:45.696550,LT27FEB25F,FUTSTK,3323.4,2642250,3322.45,3323.6,17349900,150,900,LT,27-FEB-2025
2025-02-03 09:57:53.153979,LT27FEB25F,FUTSTK,3326.75,2653050,3325.55,3326.75,17349900,150,750,LT,27-FEB-2025
2025-02-03 09:58:01.089365,LT27FEB25F,FUTSTK,3326.3,2658000,3325.2,3326.65,17349900,150,150,LT,27-FEB-2025
2025-02-03 09:58:08.730781,LT27FEB25F,FUTSTK,3326.65,2660550,3326.65,3327.5,17349900,150,150,LT,27-FEB-2025
2025-02-03 09:58:15.960566,LT27FEB25F,FUTSTK,3326.85,2662350,3326.8,3328.0,17349900,150,750,LT,27-FEB-2025
2025-02-03 09:58:27.839617,LT27FEB25F,FUTSTK,3331.55,2668650,3330.2,3331.55,17349900,150,150,LT,27-FEB-2025
2025-02-03 09:58:38.514977,LT27FEB25F,FUTSTK,3331.35,2673000,3331.35,3332.0,17349900,150,150,LT,27-FEB-2025
2025-02-03 09:58:46.517468,LT27FEB25F,FUTSTK,3325.85,2677950,3324.3,3325.45,17349900,150,150,LT,27-FEB-2025
2025-02-03 09:58:54.452505,LT27FEB25F,FUTSTK,3323.75,2680050,3322.75,3324.15,17349900,150,150,LT,27-FEB-2025
2025-02-03 09:59:02.704889,LT27FEB25F,FUTSTK,3325.8,2684700,3324.4,3325.95,17349900,150,150,LT,27-FEB-2025
2025-02-03 09:59:13.570108,LT27FEB25F,FUTSTK,3326.4,2688300,3326.35,3327.6,17349900,150,900,LT,27-FEB-2025
2025-02-03 09:59:29.093519,LT27FEB25F,FUTSTK,3328.45,2691300,3328.65,3329.4,17349900,300,300,LT,27-FEB-2025
2025-02-03 09:59:41.825294,LT27FEB25F,FUTSTK,3328.15,2696100,3328.15,3329.0,17349900,150,1050,LT,27-FEB-2025
2025-02-03 09:59:52.440231,LT27FEB25F,FUTSTK,3327.65,2697150,3328.0,3328.5,17349900,150,750,LT,27-FEB-2025
2025-02-03 10:00:00.563992,LT27FEB25F,FUTSTK,3326.0,2699250,3326.0,3327.1,17349900,300,150,LT,27-FEB-2025
2025-02-03 10:00:08.405964,LT27FEB25F,FUTSTK,3325.75,2702550,3325.75,3326.7,17349900,300,900,LT,27-FEB-2025
2025-02-03 10:00:16.566616,LT27FEB25F,FUTSTK,3325.3,2705400,3325.0,3325.3,17349900,150,150,LT,27-FEB-2025
2025-02-03 10:00:29.216854,LT27FEB25F,FUTSTK,3325.6,2706750,3325.3,3326.15,17349900,150,1200,LT,27-FEB-2025
2025-02-03 10:00:40.252752,LT27FEB25F,FUTSTK,3328.9,2713800,3329.1,3330.0,17349900,150,150,LT,27-FEB-2025
2025-02-03 10:00:51.970051,LT27FEB25F,FUTSTK,3331.0,2716200,3330.2,3331.05,17364150,300,300,LT,27-FEB-2025
2025-02-03 10:01:03.328758,LT27FEB25F,FUTSTK,3328.8,2720400,3328.1,3328.85,17364150,150,600,LT,27-FEB-2025
2025-02-03 10:01:14.135000,LT27FEB25F,FUTSTK,3330.25,2725800,3329.4,3330.75,17364150,150,600,LT,27-FEB-2025
2025-02-03 10:01:22.497554,LT27FEB25F,FUTSTK,3330.7,2727450,3329.8,3330.65,17364150,150,1200,LT,27-FEB-2025
2025-02-03 10:01:31.327754,LT27FEB25F,FUTSTK,3331.0,2730300,3330.85,3331.9,17364150,150,1500,LT,27-FEB-2025
2025-02-03 10:01:38.838023,LT27FEB25F,FUTSTK,3333.25,2734050,3331.95,3333.25,17364150,300,900,LT,27-FEB-2025
2025-02-03 10:01:46.765338,LT27FEB25F,FUTSTK,3334.9,2739300,3334.35,3335.75,17364150,300,300,LT,27-FEB-2025
2025-02-03 10:01:55.135530,LT27FEB25F,FUTSTK,3333.35,2743050,3331.7,3333.15,17364150,150,150,LT,27-FEB-2025
2025-02-03 10:02:02.908097,LT27FEB25F,FUTSTK,3332.4,2744400,3333.0,3333.5,17364150,300,150,LT,27-FEB-2025
2025-02-03 10:02:14.152744,LT27FEB25F,FUTSTK,3334.9,2749350,3334.05,3334.9,17364150,300,450,LT,27-FEB-2025
2025-02-03 10:02:25.137564,LT27FEB25F,FUTSTK,3333.55,2751450,3333.55,3334.6,17364150,150,600,LT,27-FEB-2025
2025-02-03 10:02:37.133246,LT27FEB25F,FUTSTK,3331.85,2753850,3331.75,3333.2,17364150,150,600,LT,27-FEB-2025
2025-02-03 10:02:48.622138,LT27FEB25F,FUTSTK,3332.15,2758200,3331.05,3332.25,17364150,150,150,LT,27-FEB-2025
2025-02-03 10:03:00.159105,LT27FEB25F,FUTSTK,3332.4,2760300,3332.4,3332.8,17364150,150,750,LT,27-FEB-2025
2025-02-03 10:03:09.829186,LT27FEB25F,FUTSTK,3334.65,2765550,3333.25,3334.65,17364150,150,1350,LT,27-FEB-2025
2025-02-03 10:03:17.609249,LT27FEB25F,FUTSTK,3333.0,2767050,3333.0,3333.9,17364150,150,150,LT,27-FEB-2025
2025-02-03 10:03:25.926408,LT27FEB25F,FUTSTK,3332.1,2770500,3332.2,3333.55,17364150,150,300,LT,27-FEB-2025
2025-02-03 10:03:41.729021,LT27FEB25F,FUTSTK,3332.65,2777100,3331.95,3332.65,17364150,450,150,LT,27-FEB-2025
2025-02-03 10:03:51.426020,LT27FEB25F,FUTSTK,3333.0,2780850,3332.45,3333.85,17381250,150,150,LT,27-FEB-2025
2025-02-03 10:03:59.136475,LT27FEB25F,FUTSTK,3333.6,2784600,3333.5,3334.6,17381250,150,150,LT,27-FEB-2025
2025-02-03 10:04:06.983719,LT27FEB25F,FUTSTK,3332.5,2785800,3331.95,3332.65,17381250,150,600,LT,27-FEB-2025
2025-02-03 10:04:15.305043,LT27FEB25F,FUTSTK,3333.4,2788800,3331.9,3333.3,17381250,150,150,LT,27-FEB-2025
2025-02-03 10:04:26.079726,LT27FEB25F,FUTSTK,3334.0,2793000,3333.75,3334.6,17381250,300,1350,LT,27-FEB-2025
2025-02-03 10:04:41.032025,LT27FEB25F,FUTSTK,3333.45,2797350,3333.0,3333.45,17381250,300,450,LT,27-FEB-2025
2025-02-03 10:04:53.242872,LT27FEB25F,FUTSTK,3332.95,2800950,3332.2,3333.65,17381250,150,150,LT,27-FEB-2025
2025-02-03 10:05:02.585928,LT27FEB25F,FUTSTK,3331.65,2804850,3331.7,3331.9,17381250,150,150,LT,27-FEB-2025
2025-02-03 10:05:10.310853,LT27FEB25F,FUTSTK,3328.85,2813400,3328.85,3329.7,17381250,150,900,LT,27-FEB-2025
2025-02-03 10:05:18.435006,LT27FEB25F,FUTSTK,3332.95,2816250,3331.75,3332.95,17381250,150,150,LT,27-FEB-2025
2025-02-03 10:05:26.267012,LT27FEB25F,FUTSTK,3330.8,2817750,3330.8,3332.25,17381250,150,150,LT,27-FEB-2025
2025-02-03 10:05:33.602177,LT27FEB25F,FUTSTK,3331.05,2818950,3330.15,3330.85,17381250,150,600,LT,27-FEB-2025
2025-02-03 10:05:40.883727,LT27FEB25F,FUTSTK,3329.0,2820600,3328.55,3329.9,17381250,150,150,LT,27-FEB-2025
2025-02-03 10:05:48.517861,LT27FEB25F,FUTSTK,3326.0,2822550,3325.05,3326.4,17381250,150,150,LT,27-FEB-2025
2025-02-03 10:05:55.989612,LT27FEB25F,FUTSTK,3326.4,2827500,3325.5,3326.35,17381250,150,750,LT,27-FEB-2025
2025-02-03 10:06:07.207852,LT27FEB25F,FUTSTK,3325.2,2829600,3324.8,3326.1,17381250,150,150,LT,27-FEB-2025
2025-02-03 10:06:17.093131,LT27FEB25F,FUTSTK,3328.55,2833500,3327.45,3328.7,17381250,150,150,LT,27-FEB-2025
2025-02-03 10:06:24.808108,LT27FEB25F,FUTSTK,3327.45,2836500,3329.1,3329.95,17381250,150,150,LT,27-FEB-2025
2025-02-03 10:06:33.144445,LT27FEB25F,FUTSTK,3329.8,2837850,3328.65,3329.8,17381250,900,600,LT,27-FEB-2025
2025-02-03 10:06:41.466248,LT27FEB25F,FUTSTK,3327.8,2840550,3327.65,3328.8,17381250,150,150,LT,27-FEB-2025
2025-02-03 10:06:49.310539,LT27FEB25F,FUTSTK,3328.95,2841900,3327.1,3328.5,17407350,450,600,LT,27-FEB-2025
2025-02-03 10:07:04.727243,LT27FEB25F,FUTSTK,3323.6,2846850,3323.15,3324.15,17407350,150,300,LT,27-FEB-2025
2025-02-03 10:07:16.639921,LT27FEB25F,FUTSTK,3326.8,2851050,3326.05,3326.7,17407350,450,600,LT,27-FEB-2025
2025-02-03 10:07:29.044808,LT27FEB25F,FUTSTK,3327.1,2854650,3327.25,3328.75,17407350,150,300,LT,27-FEB-2025
2025-02-03 10:07:37.490102,LT27FEB25F,FUTSTK,3326.8,2855850,3326.8,3327.8,17407350,300,150,LT,27-FEB-2025
2025-02-03 10:07:45.040953,LT27FEB25F,FUTSTK,3326.9,2856900,3325.65,3327.15,17407350,150,300,LT,27-FEB-2025
2025-02-03 10:07:52.515539,LT27FEB25F,FUTSTK,3325.55,2858550,3325.55,3327.05,17407350,150,150,LT,27-FEB-2025
2025-02-03 10:08:00.296098,LT27FEB25F,FUTSTK,3326.9,2859600,3326.0,3326.9,17407350,150,600,LT,27-FEB-2025
2025-02-03 10:08:08.517758,LT27FEB25F,FUTSTK,3326.25,2860650,3326.8,3326.95,17407350,150,1650,LT,27-FEB-2025
2025-02-03 10:08:16.245908,LT27FEB25F,FUTSTK,3326.55,2865000,3326.15,3327.05,17407350,150,300,LT,27-FEB-2025
2025-02-03 10:08:23.781473,LT27FEB25F,FUTSTK,3323.6,2867100,3322.85,3323.75,17407350,150,150,LT,27-FEB-2025
2025-02-03 10:08:31.813265,LT27FEB25F,FUTSTK,3322.9,2869050,3321.95,3322.9,17407350,150,300,LT,27-FEB-2025
2025-02-03 10:08:42.736094,LT27FEB25F,FUTSTK,3323.15,2871000,3322.2,3323.2,17407350,150,150,LT,27-FEB-2025
2025-02-03 10:08:51.965064,LT27FEB25F,FUTSTK,3322.05,2873100,3322.0,3323.1,17407350,150,1050,LT,27-FEB-2025
2025-02-03 10:09:02.735859,LT27FEB25F,FUTSTK,3318.9,2882100,3318.0,3318.8,17407350,150,450,LT,27-FEB-2025
2025-02-03 10:09:14.519844,LT27FEB25F,FUTSTK,3318.4,2884800,3318.6,3319.35,17407350,150,150,LT,27-FEB-2025
2025-02-03 10:09:24.595781,LT27FEB25F,FUTSTK,3319.4,2886600,3318.75,3319.55,17407350,150,300,LT,27-FEB-2025
2025-02-03 10:09:33.780088,LT27FEB25F,FUTSTK,3318.65,2887800,3318.1,3319.45,17407350,150,600,LT,27-FEB-2025
2025-02-03 10:09:41.571575,LT27FEB25F,FUTSTK,3317.85,2889150,3317.85,3318.6,17407350,150,1350,LT,27-FEB-2025
2025-02-03 10:09:50.884164,LT27FEB25F,FUTSTK,3318.55,2892150,3317.7,3318.6,17423100,150,750,LT,27-FEB-2025
2025-02-03 10:10:01.997344,LT27FEB25F,FUTSTK,3318.6,2896200,3318.2,3319.65,17423100,150,300,LT,27-FEB-2025
2025-02-03 10:10:10.331610,LT27FEB25F,FUTSTK,3321.05,2898600,3321.05,3322.0,17423100,300,150,LT,27-FEB-2025
2025-02-03 10:10:18.959043,LT27FEB25F,FUTSTK,3320.2,2900250,3319.65,3321.05,17423100,150,300,LT,27-FEB-2025
2025-02-03 10:10:26.730805,LT27FEB25F,FUTSTK,3322.35,2902950,3321.3,3322.4,17423100,150,150,LT,27-FEB-2025
2025-02-03 10:10:34.332299,LT27FEB25F,FUTSTK,3322.0,2905800,3321.05,3322.35,17423100,150,150,LT,27-FEB-2025
2025-02-03 10:10:42.597585,LT27FEB25F,FUTSTK,3320.65,2907900,3320.35,3321.85,17423100,150,300,LT,27-FEB-2025
2025-02-03 10:10:50.468817,LT27FEB25F,FUTSTK,3321.25,2912250,3320.3,3321.8,17423100,300,300,LT,27-FEB-2025
2025-02-03 10:10:57.893339,LT27FEB25F,FUTSTK,3318.35,2914950,3318.3,3319.15,17423100,450,150,LT,27-FEB-2025
2025-02-03 10:11:08.647547,LT27FEB25F,FUTSTK,3316.7,2919150,3316.2,3317.7,17423100,300,150,LT,27-FEB-2025
2025-02-03 10:11:19.231539,LT27FEB25F,FUTSTK,3318.6,2926800,3318.55,3319.6,17423100,300,750,LT,27-FEB-2025
2025-02-03 10:11:27.564733,LT27FEB25F,FUTSTK,3318.05,2927550,3318.05,3318.85,17423100,3600,1500,LT,27-FEB-2025
2025-02-03 10:11:35.723195,LT27FEB25F,FUTSTK,3320.3,2934150,3319.15,3320.6,17423100,150,150,LT,27-FEB-2025
2025-02-03 10:11:43.049588,LT27FEB25F,FUTSTK,3323.05,2935500,3323.05,3323.95,17423100,150,450,LT,27-FEB-2025
2025-02-03 10:11:50.411878,LT27FEB25F,FUTSTK,3322.05,2937450,3322.0,3323.1,17423100,150,150,LT,27-FEB-2025
2025-02-03 10:11:58.048620,LT27FEB25F,FUTSTK,3322.0,2940450,3321.1,3322.25,17423100,150,600,LT,27-FEB-2025
2025-02-03 10:12:05.913874,LT27FEB25F,FUTSTK,3321.35,2942400,3320.05,3321.55,17423100,150,150,LT,27-FEB-2025
2025-02-03 10:12:13.936957,LT27FEB25F,FUTSTK,3320.65,2943900,3320.1,3320.65,17423100,150,300,LT,27-FEB-2025
2025-02-03 10:12:23.349461,LT27FEB25F,FUTSTK,3321.95,2947800,3321.95,3322.6,17423100,300,900,LT,27-FEB-2025
2025-02-03 10:12:33.942959,LT27FEB25F,FUTSTK,3320.65,2949000,3320.85,3322.0,17423100,300,150,LT,27-FEB-2025
2025-02-03 10:12:42.658123,LT27FEB25F,FUTSTK,3321.45,2951100,3320.7,3321.45,17423100,300,600,LT,27-FEB-2025
2025-02-03 10:12:50.542263,LT27FEB25F,FUTSTK,3320.1,2952750,3320.0,3321.25,17446200,600,900,LT,27-FEB-2025
2025-02-03 10:13:03.905967,LT27FEB25F,FUTSTK,3320.6,2954250,3319.45,3320.7,17446200,150,450,LT,27-FEB-2025
2025-02-03 10:13:14.652989,LT27FEB25F,FUTSTK,3318.3,2957250,3317.75,3318.8,17446200,150,300,LT,27-FEB-2025
2025-02-03 10:13:25.575546,LT27FEB25F,FUTSTK,3317.55,2958450,3317.55,3318.55,17446200,600,1350,LT,27-FEB-2025
2025-02-03 10:13:33.221799,LT27FEB25F,FUTSTK,3317.3,2961600,3317.0,3317.65,17446200,150,1200,LT,27-FEB-2025
2025-02-03 10:13:45.345379,LT27FEB25F,FUTSTK,3319.2,2965950,3319.5,3319.65,17446200,300,1050,LT,27-FEB-2025
2025-02-03 10:13:56.386534,LT27FEB25F,FUTSTK,3320.0,2967450,3321.2,3321.75,17446200,150,450,LT,27-FEB-2025
2025-02-03 10:14:05.264666,LT27FEB25F,FUTSTK,3319.1,2970450,3318.0,3319.4,17446200,450,150,LT,27-FEB-2025
2025-02-03 10:14:13.226023,LT27FEB25F,FUTSTK,3318.65,2974050,3318.0,3318.7,17446200,150,150,LT,27-FEB-2025
2025-02-03 10:14:20.872162,LT27FEB25F,FUTSTK,3318.35,2976450,3318.2,3319.4,17446200,150,300,LT,27-FEB-2025
2025-02-03 10:14:28.340635,LT27FEB25F,FUTSTK,3319.4,2978100,3319.15,3320.1,17446200,150,150,LT,27-FEB-2025
2025-02-03 10:14:37.534411,LT27FEB25F,FUTSTK,3319.05,2978400,3318.6,3319.8,17446200,150,1650,LT,27-FEB-2025
2025-02-03 10:14:44.900697,LT27FEB25F,FUTSTK,3319.15,2981250,3320.0,3320.95,17446200,150,450,LT,27-FEB-2025
2025-02-03 10:14:52.896760,LT27FEB25F,FUTSTK,3320.5,2982450,3319.95,3320.75,17446200,150,600,LT,27-FEB-2025
2025-02-03 10:15:07.834158,LT27FEB25F,FUTSTK,3319.05,2984700,3318.5,3319.2,17446200,150,150,LT,27-FEB-2025
2025-02-03 10:15:17.514445,LT27FEB25F,FUTSTK,3318.05,2985600,3318.0,3318.9,17446200,450,1650,LT,27-FEB-2025
2025-02-03 10:15:26.794558,LT27FEB25F,FUTSTK,3318.0,2988000,3317.8,3318.2,17446200,150,600,LT,27-FEB-2025
2025-02-03 10:15:34.411364,LT27FEB25F,FUTSTK,3316.7,2990400,3316.05,3316.7,17446200,150,150,LT,27-FEB-2025
2025-02-03 10:15:42.289101,LT27FEB25F,FUTSTK,3313.8,2995950,3312.4,3313.55,17446200,150,150,LT,27-FEB-2025
2025-02-03 10:15:49.679218,LT27FEB25F,FUTSTK,3311.95,3000300,3311.95,3312.55,17438850,150,600,LT,27-FEB-2025
2025-02-03 10:15:57.102424,LT27FEB25F,FUTSTK,3311.0,3003900,3311.05,3311.85,17438850,150,150,LT,27-FEB-2025
2025-02-03 10:16:04.528643,LT27FEB25F,FUTSTK,3306.15,3042150,3306.15,3307.15,17438850,300,600,LT,27-FEB-2025
2025-02-03 10:16:13.599631,LT27FEB25F,FUTSTK,3306.85,3051450,3306.2,3307.05,17438850,450,450,LT,27-FEB-2025
2025-02-03 10:16:23.738918,LT27FEB25F,FUTSTK,3306.25,3059550,3305.45,3305.9,17438850,150,450,LT,27-FEB-2025
2025-02-03 10:16:32.335437,LT27FEB25F,FUTSTK,3305.55,3065100,3305.75,3306.75,17438850,150,450,LT,27-FEB-2025
2025-02-03 10:16:40.976537,LT27FEB25F,FUTSTK,3307.35,3071400,3306.05,3307.35,17438850,150,600,LT,27-FEB-2025
2025-02-03 10:16:51.109870,LT27FEB25F,FUTSTK,3308.6,3077850,3306.95,3308.0,17438850,150,150,LT,27-FEB-2025
2025-02-03 10:17:01.721017,LT27FEB25F,FUTSTK,3304.75,3083250,3303.75,3304.75,17438850,300,900,LT,27-FEB-2025
2025-02-03 10:17:11.523120,LT27FEB25F,FUTSTK,3302.25,3094500,3302.25,3303.0,17438850,150,600,LT,27-FEB-2025
2025-02-03 10:17:21.881450,LT27FEB25F,FUTSTK,3301.2,3106800,3301.05,3302.2,17438850,150,150,LT,27-FEB-2025
2025-02-03 10:17:32.789613,LT27FEB25F,FUTSTK,3300.2,3116250,3300.1,3301.0,17438850,150,3000,LT,27-FEB-2025
2025-02-03 10:17:42.316365,LT27FEB25F,FUTSTK,3300.25,3132750,3300.3,3301.5,17438850,150,150,LT,27-FEB-2025
2025-02-03 10:17:49.672900,LT27FEB25F,FUTSTK,3302.4,3136050,3301.5,3302.4,17438850,300,300,LT,27-FEB-2025
2025-02-03 10:17:57.374493,LT27FEB25F,FUTSTK,3300.75,3142050,3300.5,3301.7,17438850,150,150,LT,27-FEB-2025
2025-02-03 10:18:09.085031,LT27FEB25F,FUTSTK,3297.8,3154950,3297.3,3298.4,17438850,150,150,LT,27-FEB-2025
2025-02-03 10:18:18.380589,LT27FEB25F,FUTSTK,3297.45,3159450,3297.05,3297.2,17438850,150,150,LT,27-FEB-2025
2025-02-03 10:18:25.805101,LT27FEB25F,FUTSTK,3295.1,3173100,3295.25,3296.55,17438850,150,300,LT,27-FEB-2025
2025-02-03 10:18:33.177283,LT27FEB25F,FUTSTK,3298.15,3180900,3298.2,3298.95,17438850,150,150,LT,27-FEB-2025
2025-02-03 10:18:40.610187,LT27FEB25F,FUTSTK,3296.35,3188550,3295.5,3296.9,17438850,150,300,LT,27-FEB-2025
2025-02-03 10:18:51.800167,LT27FEB25F,FUTSTK,3297.55,3193650,3297.75,3298.8,17511600,150,150,LT,27-FEB-2025
2025-02-03 10:19:03.687324,LT27FEB25F,FUTSTK,3296.4,3196350,3296.4,3297.6,17511600,150,150,LT,27-FEB-2025
2025-02-03 10:19:13.288981,LT27FEB25F,FUTSTK,3297.1,3201450,3297.0,3298.05,17511600,150,150,LT,27-FEB-2025
2025-02-03 10:19:23.085347,LT27FEB25F,FUTSTK,3298.0,3204000,3296.85,3298.05,17511600,450,1350,LT,27-FEB-2025
2025-02-03 10:19:32.292043,LT27FEB25F,FUTSTK,3297.6,3207600,3296.95,3298.05,17511600,300,900,LT,27-FEB-2025
2025-02-03 10:19:39.884451,LT27FEB25F,FUTSTK,3299.2,3210450,3297.75,3299.05,17511600,150,150,LT,27-FEB-2025
2025-02-03 10:19:47.455535,LT27FEB25F,FUTSTK,3299.2,3232950,3298.35,3299.2,17511600,300,450,LT,27-FEB-2025
2025-02-03 10:19:54.523444,LT27FEB25F,FUTSTK,3299.15,3242850,3298.8,3299.9,17511600,150,150,LT,27-FEB-2025
2025-02-03 10:20:04.684337,LT27FEB25F,FUTSTK,3299.2,3247500,3298.1,3299.3,17511600,150,1800,LT,27-FEB-2025
2025-02-03 10:20:14.924047,LT27FEB25F,FUTSTK,3301.85,3252900,3300.4,3301.75,17511600,150,150,LT,27-FEB-2025
2025-02-03 10:20:22.407835,LT27FEB25F,FUTSTK,3300.95,3257100,3299.4,3300.95,17511600,300,150,LT,27-FEB-2025
2025-02-03 10:20:29.879274,LT27FEB25F,FUTSTK,3300.8,3260250,3299.65,3300.95,17511600,150,150,LT,27-FEB-2025
2025-02-03 10:20:37.345132,LT27FEB25F,FUTSTK,3298.45,3262950,3298.45,3299.8,17511600,150,150,LT,27-FEB-2025
2025-02-03 10:20:44.903496,LT27FEB25F,FUTSTK,3295.65,3269850,3295.55,3296.5,17511600,300,600,LT,27-FEB-2025
2025-02-03 10:20:52.931350,LT27FEB25F,FUTSTK,3295.45,3275100,3295.0,3295.85,17511600,300,1650,LT,27-FEB-2025
2025-02-03 10:21:03.898313,LT27FEB25F,FUTSTK,3295.85,3286050,3296.3,3296.85,17511600,150,1500,LT,27-FEB-2025
2025-02-03 10:21:14.866910,LT27FEB25F,FUTSTK,3300.5,3292500,3300.3,3301.25,17511600,150,600,LT,27-FEB-2025
2025-02-03 10:21:25.586878,LT27FEB25F,FUTSTK,3300.95,3300600,3300.1,3301.2,17511600,150,150,LT,27-FEB-2025
2025-02-03 10:21:36.345754,LT27FEB25F,FUTSTK,3303.0,3302850,3302.2,3303.0,17511600,150,300,LT,27-FEB-2025
2025-02-03 10:21:44.705465,LT27FEB25F,FUTSTK,3300.5,3305250,3300.2,3301.25,17511600,150,150,LT,27-FEB-2025
2025-02-03 10:21:52.164946,LT27FEB25F,FUTSTK,3302.75,3307200,3302.15,3303.4,17558400,150,150,LT,27-FEB-2025
2025-02-03 10:21:59.738423,LT27FEB25F,FUTSTK,3301.25,3307950,3301.25,3301.9,17558400,150,150,LT,27-FEB-2025
2025-02-03 10:22:07.097915,LT27FEB25F,FUTSTK,3300.45,3309900,3300.2,3301.5,17558400,150,450,LT,27-FEB-2025
2025-02-03 10:22:14.362273,LT27FEB25F,FUTSTK,3299.9,3312000,3298.3,3299.7,17558400,150,150,LT,27-FEB-2025
2025-02-03 10:22:22.529338,LT27FEB25F,FUTSTK,3302.25,3316950,3301.4,3302.2,17558400,150,150,LT,27-FEB-2025
2025-02-03 10:22:30.493835,LT27FEB25F,FUTSTK,3299.0,3318450,3299.15,3299.95,17558400,150,1350,LT,27-FEB-2025
2025-02-03 10:22:41.807744,LT27FEB25F,FUTSTK,3299.0,3319650,3298.85,3299.9,17558400,150,900,LT,27-FEB-2025
2025-02-03 10:22:53.119017,LT27FEB25F,FUTSTK,3302.15,3325650,3300.85,3302.25,17558400,300,150,LT,27-FEB-2025
2025-02-03 10:23:00.758178,LT27FEB25F,FUTSTK,3300.85,3327600,3300.35,3301.95,17558400,150,300,LT,27-FEB-2025
2025-02-03 10:23:16.141039,LT27FEB25F,FUTSTK,3304.65,3333000,3304.05,3305.1,17558400,450,1200,LT,27-FEB-2025
2025-02-03 10:23:27.665979,LT27FEB25F,FUTSTK,3304.0,3334650,3303.0,3304.25,17558400,450,450,LT,27-FEB-2025
2025-02-03 10:23:36.807836,LT27FEB25F,FUTSTK,3303.25,3336300,3301.95,3303.25,17558400,150,300,LT,27-FEB-2025
2025-02-03 10:23:44.926093,LT27FEB25F,FUTSTK,3302.85,3337800,3301.5,3302.85,17558400,1050,300,LT,27-FEB-2025
2025-02-03 10:23:52.543264,LT27FEB25F,FUTSTK,3304.35,3340650,3303.45,3304.3,17558400,450,300,LT,27-FEB-2025
2025-02-03 10:24:00.043997,LT27FEB25F,FUTSTK,3303.95,3342000,3302.9,3304.05,17558400,300,450,LT,27-FEB-2025
2025-02-03 10:24:07.307141,LT27FEB25F,FUTSTK,3301.35,3345600,3301.2,3302.0,17558400,150,450,LT,27-FEB-2025
2025-02-03 10:24:14.726965,LT27FEB25F,FUTSTK,3299.0,3348150,3298.95,3299.95,17558400,150,450,LT,27-FEB-2025
2025-02-03 10:24:22.364621,LT27FEB25F,FUTSTK,3298.65,3349650,3298.4,3299.7,17558400,300,750,LT,27-FEB-2025
2025-02-03 10:24:29.755665,LT27FEB25F,FUTSTK,3299.05,3351600,3299.05,3300.05,17558400,150,150,LT,27-FEB-2025
2025-02-03 10:24:37.052856,LT27FEB25F,FUTSTK,3300.65,3354750,3299.9,3301.45,17558400,900,150,LT,27-FEB-2025
2025-02-03 10:24:44.542676,LT27FEB25F,FUTSTK,3301.5,3355800,3300.7,3302.05,17558400,150,150,LT,27-FEB-2025
2025-02-03 10:24:52.378731,LT27FEB25F,FUTSTK,3299.4,3363750,3299.2,3300.7,17580150,300,150,LT,27-FEB-2025
2025-02-03 10:25:00.838252,LT27FEB25F,FUTSTK,3301.75,3365850,3300.35,3301.75,17580150,150,150,LT,27-FEB-2025
2025-02-03 10:25:08.191938,LT27FEB25F,FUTSTK,3301.45,3367500,3300.1,3301.45,17580150,150,150,LT,27-FEB-2025
2025-02-03 10:25:15.753799,LT27FEB25F,FUTSTK,3300.5,3369300,3300.0,3300.9,17580150,150,450,LT,27-FEB-2025
2025-02-03 10:25:23.271680,LT27FEB25F,FUTSTK,3300.9,3372150,3299.55,3300.8,17580150,150,600,LT,27-FEB-2025
2025-02-03 10:25:31.114095,LT27FEB25F,FUTSTK,3300.35,3374700,3299.05,3300.3,17580150,150,450,LT,27-FEB-2025
2025-02-03 10:25:38.458326,LT27FEB25F,FUTSTK,3300.95,3377250,3300.25,3300.95,17580150,300,150,LT,27-FEB-2025
2025-02-03 10:25:45.835804,LT27FEB25F,FUTSTK,3301.3,3379350,3300.25,3301.3,17580150,300,150,LT,27-FEB-2025
2025-02-03 10:25:53.373129,LT27FEB25F,FUTSTK,3301.4,3380400,3300.85,3301.8,17580150,150,150,LT,27-FEB-2025
2025-02-03 10:26:02.245233,LT27FEB25F,FUTSTK,3302.15,3381150,3301.6,3302.8,17580150,300,150,LT,27-FEB-2025
2025-02-03 10:26:09.671504,LT27FEB25F,FUTSTK,3304.4,3382050,3303.05,3304.4,17580150,300,150,LT,27-FEB-2025
2025-02-03 10:26:17.058369,LT27FEB25F,FUTSTK,3304.5,3382950,3303.55,3304.5,17580150,150,150,LT,27-FEB-2025
2025-02-03 10:26:24.707697,LT27FEB25F,FUTSTK,3303.05,3386100,3303.05,3304.3,17580150,150,750,LT,27-FEB-2025
2025-02-03 10:26:33.396854,LT27FEB25F,FUTSTK,3302.9,3388800,3302.0,3302.9,17580150,150,10050,LT,27-FEB-2025
2025-02-03 10:26:42.344861,LT27FEB25F,FUTSTK,3301.55,3391650,3301.5,3302.25,17580150,150,600,LT,27-FEB-2025
2025-02-03 10:26:51.931419,LT27FEB25F,FUTSTK,3300.95,3393150,3300.1,3300.95,17580150,150,150,LT,27-FEB-2025
2025-02-03 10:27:02.235984,LT27FEB25F,FUTSTK,3302.3,3405900,3301.25,3302.3,17580150,150,450,LT,27-FEB-2025
2025-02-03 10:27:13.185328,LT27FEB25F,FUTSTK,3301.3,3407550,3301.05,3302.55,17580150,150,150,LT,27-FEB-2025
2025-02-03 10:27:22.645118,LT27FEB25F,FUTSTK,3301.55,3409050,3301.65,3302.85,17580150,150,150,LT,27-FEB-2025
2025-02-03 10:27:30.097339,LT27FEB25F,FUTSTK,3303.55,3411000,3303.0,3303.95,17580150,150,150,LT,27-FEB-2025
2025-02-03 10:27:38.016688,LT27FEB25F,FUTSTK,3304.5,3411450,3303.05,3304.3,17580150,450,150,LT,27-FEB-2025
2025-02-03 10:27:45.423692,LT27FEB25F,FUTSTK,3304.2,3416250,3303.2,3304.5,17580150,150,150,LT,27-FEB-2025
2025-02-03 10:27:52.543148,LT27FEB25F,FUTSTK,3303.0,3417000,3302.6,3303.75,17600700,150,150,LT,27-FEB-2025
2025-02-03 10:27:59.841599,LT27FEB25F,FUTSTK,3303.35,3421800,3303.3,3304.95,17600700,150,300,LT,27-FEB-2025
2025-02-03 10:28:07.110348,LT27FEB25F,FUTSTK,3305.35,3427050,3304.65,3306.2,17600700,150,300,LT,27-FEB-2025
2025-02-03 10:28:14.591597,LT27FEB25F,FUTSTK,3301.9,3429000,3301.65,3302.75,17600700,150,300,LT,27-FEB-2025
2025-02-03 10:28:22.138321,LT27FEB25F,FUTSTK,3303.7,3431100,3303.9,3304.6,17600700,150,150,LT,27-FEB-2025
2025-02-03 10:28:29.320161,LT27FEB25F,FUTSTK,3305.4,3432450,3305.0,3305.7,17600700,150,150,LT,27-FEB-2025
2025-02-03 10:28:36.598619,LT27FEB25F,FUTSTK,3305.75,3432900,3304.65,3305.75,17600700,150,150,LT,27-FEB-2025
2025-02-03 10:28:43.862333,LT27FEB25F,FUTSTK,3305.85,3433800,3304.25,3305.85,17600700,300,150,LT,27-FEB-2025
2025-02-03 10:28:52.193863,LT27FEB25F,FUTSTK,3305.85,3435600,3304.95,3305.75,17600700,150,300,LT,27-FEB-2025
2025-02-03 10:29:06.011085,LT27FEB25F,FUTSTK,3303.25,3438000,3303.0,3304.2,17600700,150,300,LT,27-FEB-2025
2025-02-03 10:29:18.686028,LT27FEB25F,FUTSTK,3303.25,3439200,3303.25,3303.35,17600700,150,300,LT,27-FEB-2025
2025-02-03 10:29:26.802774,LT27FEB25F,FUTSTK,3300.3,3448650,3299.25,3300.25,17600700,150,150,LT,27-FEB-2025
2025-02-03 10:29:34.444191,LT27FEB25F,FUTSTK,3304.45,3463950,3302.95,3304.3,17600700,300,600,LT,27-FEB-2025
2025-02-03 10:29:47.331509,LT27FEB25F,FUTSTK,3305.5,3466200,3304.65,3305.2,17600700,150,150,LT,27-FEB-2025
2025-02-03 10:29:55.543665,LT27FEB25F,FUTSTK,3304.7,3467850,3304.7,3305.75,17600700,300,300,LT,27-FEB-2025
2025-02-03 10:30:03.028967,LT27FEB25F,FUTSTK,3304.95,3469500,3305.1,3305.85,17600700,150,150,LT,27-FEB-2025
2025-02-03 10:30:10.330164,LT27FEB25F,FUTSTK,3306.0,3470850,3305.35,3306.3,17600700,300,150,LT,27-FEB-2025
2025-02-03 10:30:17.771943,LT27FEB25F,FUTSTK,3308.6,3475500,3307.7,3309.2,17600700,150,300,LT,27-FEB-2025
2025-02-03 10:30:26.382670,LT27FEB25F,FUTSTK,3308.15,3475950,3307.2,3308.15,17600700,150,150,LT,27-FEB-2025
2025-02-03 10:30:33.583077,LT27FEB25F,FUTSTK,3305.7,3479400,3305.4,3306.8,17600700,150,300,LT,27-FEB-2025
2025-02-03 10:30:40.931621,LT27FEB25F,FUTSTK,3308.4,3482400,3307.9,3308.75,17600700,300,150,LT,27-FEB-2025
2025-02-03 10:30:48.442700,LT27FEB25F,FUTSTK,3307.9,3482850,3307.9,3308.95,17626650,300,150,LT,27-FEB-2025
2025-02-03 10:30:55.665085,LT27FEB25F,FUTSTK,3308.05,3485850,3306.85,3308.1,17626650,150,450,LT,27-FEB-2025
2025-02-03 10:31:02.919510,LT27FEB25F,FUTSTK,3309.0,3488700,3308.05,3309.0,17626650,450,150,LT,27-FEB-2025
2025-02-03 10:31:10.659177,LT27FEB25F,FUTSTK,3309.7,3489600,3308.5,3309.75,17626650,600,150,LT,27-FEB-2025
2025-02-03 10:31:17.999690,LT27FEB25F,FUTSTK,3309.35,3495450,3308.45,3309.6,17626650,150,150,LT,27-FEB-2025
2025-02-03 10:31:25.212012,LT27FEB25F,FUTSTK,3307.4,3497100,3307.35,3308.0,17626650,150,450,LT,27-FEB-2025
2025-02-03 10:31:32.599917,LT27FEB25F,FUTSTK,3309.3,3498750,3308.05,3309.25,17626650,150,150,LT,27-FEB-2025
2025-02-03 10:31:39.785422,LT27FEB25F,FUTSTK,3309.1,3500400,3308.3,3309.1,17626650,150,150,LT,27-FEB-2025
2025-02-03 10:31:47.504368,LT27FEB25F,FUTSTK,3307.05,3558450,3307.1,3307.15,17643000,300,300,LT,27-FEB-2025
2025-02-03 10:34:39.459336,LT27FEB25F,FUTSTK,3307.15,3559050,3307.1,3307.2,17643000,150,750,LT,27-FEB-2025
2025-02-03 10:34:47.380841,LT27FEB25F,FUTSTK,3308.3,3561300,3308.3,3308.95,17643000,150,150,LT,27-FEB-2025
2025-02-03 10:34:55.544434,LT27FEB25F,FUTSTK,3308.15,3563100,3307.5,3308.55,17643000,150,150,LT,27-FEB-2025
2025-02-03 10:35:02.912994,LT27FEB25F,FUTSTK,3308.4,3565350,3308.0,3308.4,17643000,150,300,LT,27-FEB-2025
2025-02-03 10:35:10.149801,LT27FEB25F,FUTSTK,3308.7,3566400,3308.65,3309.6,17643000,150,150,LT,27-FEB-2025
2025-02-03 10:35:17.465433,LT27FEB25F,FUTSTK,3306.55,3630300,3306.1,3306.55,17662350,150,150,LT,27-FEB-2025
2025-02-03 10:38:26.386442,LT27FEB25F,FUTSTK,3305.15,3632850,3304.15,3305.1,17662350,150,150,LT,27-FEB-2025
2025-02-03 10:38:34.112239,LT27FEB25F,FUTSTK,3303.35,3635250,3302.6,3303.4,17662350,150,150,LT,27-FEB-2025
2025-02-03 10:38:42.300738,LT27FEB25F,FUTSTK,3302.4,3638850,3301.1,3302.35,17662350,600,150,LT,27-FEB-2025
2025-02-03 10:38:50.063996,LT27FEB25F,FUTSTK,3304.05,3652950,3304.0,3304.85,17662350,150,750,LT,27-FEB-2025
2025-02-03 10:38:57.994676,LT27FEB25F,FUTSTK,3307.55,3666900,3307.0,3308.1,17659050,300,150,LT,27-FEB-2025
2025-02-03 10:40:50.489871,LT27FEB25F,FUTSTK,3307.4,3667350,3306.7,3307.65,17659050,150,150,LT,27-FEB-2025
2025-02-03 10:40:58.274419,LT27FEB25F,FUTSTK,3307.3,3667800,3306.25,3307.2,17659050,150,900,LT,27-FEB-2025
2025-02-03 10:41:06.782384,LT27FEB25F,FUTSTK,3306.75,3669000,3305.95,3306.8,17659050,150,150,LT,27-FEB-2025
2025-02-03 10:41:15.906003,LT27FEB25F,FUTSTK,3304.95,3670350,3304.9,3305.35,17659050,150,450,LT,27-FEB-2025
2025-02-03 10:41:23.291110,LT27FEB25F,FUTSTK,3307.75,3730350,3307.75,3308.7,17677200,150,150,LT,27-FEB-2025
2025-02-03 10:43:59.322773,LT27FEB25F,FUTSTK,3308.05,3735600,3308.0,3309.3,17677200,300,150,LT,27-FEB-2025
2025-02-03 10:44:07.423169,LT27FEB25F,FUTSTK,3311.75,3744000,3310.6,3311.95,17677200,150,300,LT,27-FEB-2025
2025-02-03 10:44:20.497011,LT27FEB25F,FUTSTK,3311.25,3744750,3310.1,3311.15,17677200,150,150,LT,27-FEB-2025
2025-02-03 10:44:31.557140,LT27FEB25F,FUTSTK,3308.8,3753600,3308.4,3309.65,17677200,150,450,LT,27-FEB-2025
2025-02-03 10:44:43.687728,LT27FEB25F,FUTSTK,3307.45,3755700,3307.15,3308.55,17677200,150,150,LT,27-FEB-2025
2025-02-03 10:44:52.224325,LT27FEB25F,FUTSTK,3307.95,3756750,3307.0,3308.35,17677200,150,600,LT,27-FEB-2025
2025-02-03 10:45:01.619077,LT27FEB25F,FUTSTK,3308.0,3757350,3306.95,3307.8,17677200,300,7650,LT,27-FEB-2025
2025-02-03 10:45:09.453176,LT27FEB25F,FUTSTK,3306.85,3758700,3305.7,3306.85,17677200,150,300,LT,27-FEB-2025
2025-02-03 12:02:22.495489,LT27FEB25F,FUTSTK,3302.6,5098200,3302.3,3303.4,18120450,150,150,LT,27-FEB-2025
2025-02-03 12:02:29.160118,LT27FEB25F,FUTSTK,3303.1,5098800,3302.9,3303.8,18120450,150,300,LT,27-FEB-2025
2025-02-03 12:02:35.537620,LT27FEB25F,FUTSTK,3302.95,5099700,3302.95,3303.9,18120450,150,150,LT,27-FEB-2025
2025-02-03 12:02:41.835332,LT27FEB25F,FUTSTK,3304.0,5100000,3303.1,3304.1,18120450,150,450,LT,27-FEB-2025
2025-02-03 12:02:48.310071,LT27FEB25F,FUTSTK,3302.95,5101650,3302.95,3304.05,18120450,300,150,LT,27-FEB-2025
2025-02-03 12:02:54.442539,LT27FEB25F,FUTSTK,3303.45,5102250,3302.9,3303.85,18120450,150,150,LT,27-FEB-2025
2025-02-03 12:03:01.072712,LT27FEB25F,FUTSTK,3302.8,5102850,3303.0,3303.7,18120450,150,150,LT,27-FEB-2025
2025-02-03 12:03:07.547840,LT27FEB25F,FUTSTK,3302.3,5103150,3302.9,3303.65,18120450,150,450,LT,27-FEB-2025
2025-02-03 12:03:14.798111,LT27FEB25F,FUTSTK,3302.65,5104800,3302.25,3302.65,18120450,150,150,LT,27-FEB-2025
2025-02-03 12:03:23.493666,LT27FEB25F,FUTSTK,3303.45,5105700,3302.8,3303.45,18120450,300,150,LT,27-FEB-2025
2025-02-03 12:03:31.167340,LT27FEB25F,FUTSTK,3303.45,5106300,3303.05,3304.35,18120450,150,150,LT,27-FEB-2025
2025-02-03 12:03:37.577525,LT27FEB25F,FUTSTK,3303.85,5106900,3303.85,3304.95,18120450,450,150,LT,27-FEB-2025
2025-02-03 12:03:44.256401,LT27FEB25F,FUTSTK,3304.0,5107650,3303.9,3305.0,18120450,300,150,LT,27-FEB-2025
2025-02-03 12:03:50.940092,LT27FEB25F,FUTSTK,3304.0,5107650,3304.25,3305.45,18120450,150,150,LT,27-FEB-2025
2025-02-03 12:03:57.496482,LT27FEB25F,FUTSTK,3305.45,5107950,3304.5,3305.55,18120450,300,450,LT,27-FEB-2025
2025-02-03 12:04:04.124672,LT27FEB25F,FUTSTK,3305.3,5108250,3305.1,3305.85,18117750,300,150,LT,27-FEB-2025
2025-02-03 12:04:10.517507,LT27FEB25F,FUTSTK,3305.15,5109150,3305.1,3305.6,18117750,300,150,LT,27-FEB-2025
2025-02-03 12:04:17.082864,LT27FEB25F,FUTSTK,3304.9,5109750,3305.0,3305.35,18117750,150,300,LT,27-FEB-2025
2025-02-03 12:04:23.491034,LT27FEB25F,FUTSTK,3304.55,5110350,3304.05,3305.3,18117750,150,150,LT,27-FEB-2025
2025-02-03 12:04:30.613074,LT27FEB25F,FUTSTK,3305.05,5110650,3304.3,3305.05,18117750,150,150,LT,27-FEB-2025
2025-02-03 12:04:39.374480,LT27FEB25F,FUTSTK,3305.8,5111400,3305.05,3305.8,18117750,150,150,LT,27-FEB-2025
2025-02-03 12:04:47.358396,LT27FEB25F,FUTSTK,3306.15,5112150,3305.05,3306.35,18117750,300,300,LT,27-FEB-2025
2025-02-03 12:04:53.723411,LT27FEB25F,FUTSTK,3305.05,5113200,3305.05,3305.9,18117750,150,150,LT,27-FEB-2025
2025-02-03 12:05:00.218201,LT27FEB25F,FUTSTK,3304.45,5114100,3304.35,3305.55,18117750,300,150,LT,27-FEB-2025
2025-02-03 12:05:06.863694,LT27FEB25F,FUTSTK,3304.25,5114850,3304.2,3305.45,18117750,450,300,LT,27-FEB-2025
2025-02-03 12:05:13.487224,LT27FEB25F,FUTSTK,3304.75,5115750,3304.2,3305.3,18117750,150,150,LT,27-FEB-2025
2025-02-03 12:05:20.337355,LT27FEB25F,FUTSTK,3304.75,5115900,3304.55,3305.3,18117750,150,300,LT,27-FEB-2025
2025-02-03 12:05:27.104185,LT27FEB25F,FUTSTK,3304.55,5116050,3304.0,3304.4,18117750,300,150,LT,27-FEB-2025
2025-02-03 12:05:33.677661,LT27FEB25F,FUTSTK,3304.4,5116650,3303.75,3304.75,18117750,150,150,LT,27-FEB-2025
2025-02-03 12:05:40.181061,LT27FEB25F,FUTSTK,3303.85,5116800,3303.85,3304.85,18117750,300,150,LT,27-FEB-2025
2025-02-03 12:05:47.118992,LT27FEB25F,FUTSTK,3302.95,5118300,3303.4,3304.25,18117750,150,300,LT,27-FEB-2025
2025-02-03 12:05:55.774945,LT27FEB25F,FUTSTK,3301.85,5128800,3301.75,3302.8,18117750,150,150,LT,27-FEB-2025
2025-02-03 12:06:03.408807,LT27FEB25F,FUTSTK,3302.85,5129250,3302.05,3303.1,18117750,150,300,LT,27-FEB-2025
2025-02-03 12:06:10.120414,LT27FEB25F,FUTSTK,3303.7,5129400,3302.85,3303.45,18117750,450,150,LT,27-FEB-2025
2025-02-03 12:06:17.162783,LT27FEB25F,FUTSTK,3303.5,5130450,3303.45,3304.1,18117750,300,150,LT,27-FEB-2025
2025-02-03 12:06:23.545967,LT27FEB25F,FUTSTK,3304.05,5130600,3304.05,3304.6,18117750,600,150,LT,27-FEB-2025
2025-02-03 12:06:30.116975,LT27FEB25F,FUTSTK,3304.0,5141100,3304.05,3304.6,18117750,150,150,LT,27-FEB-2025
2025-02-03 12:06:36.843339,LT27FEB25F,FUTSTK,3302.05,5142600,3302.35,3303.2,18117750,300,150,LT,27-FEB-2025
2025-02-03 12:06:43.874922,LT27FEB25F,FUTSTK,3302.25,5143050,3302.35,3303.25,18117750,150,150,LT,27-FEB-2025
2025-02-03 12:06:50.781930,LT27FEB25F,FUTSTK,3303.8,5143800,3303.15,3303.8,18117750,150,150,LT,27-FEB-2025
2025-02-03 12:06:59.984782,LT27FEB25F,FUTSTK,3303.05,5144250,3302.95,3303.9,18117750,150,150,LT,27-FEB-2025
2025-02-03 12:07:09.193038,LT27FEB25F,FUTSTK,3303.35,5145150,3302.35,3303.35,18134400,150,150,LT,27-FEB-2025
2025-02-03 12:07:16.901949,LT27FEB25F,FUTSTK,3303.0,5146350,3302.0,3303.05,18134400,300,150,LT,27-FEB-2025
2025-02-03 12:07:24.395123,LT27FEB25F,FUTSTK,3302.0,5146800,3301.75,3302.6,18134400,150,150,LT,27-FEB-2025
2025-02-03 12:07:31.915628,LT27FEB25F,FUTSTK,3302.65,5146950,3302.0,3302.65,18134400,150,150,LT,27-FEB-2025
2025-02-03 12:07:39.628928,LT27FEB25F,FUTSTK,3301.95,5147400,3301.75,3302.6,18134400,150,150,LT,27-FEB-2025
2025-02-03 12:07:46.876476,LT27FEB25F,FUTSTK,3302.9,5149050,3301.8,3302.9,18134400,150,300,LT,27-FEB-2025
2025-02-03 12:07:54.338502,LT27FEB25F,FUTSTK,3303.0,5149500,3302.2,3302.95,18134400,150,300,LT,27-FEB-2025
2025-02-03 12:08:01.752295,LT27FEB25F,FUTSTK,3301.95,5149800,3301.8,3302.2,18134400,150,300,LT,27-FEB-2025
2025-02-03 12:08:09.972501,LT27FEB25F,FUTSTK,3302.55,5151000,3301.6,3302.6,18134400,150,300,LT,27-FEB-2025
2025-02-03 12:08:17.972200,LT27FEB25F,FUTSTK,3301.8,5151900,3301.35,3302.2,18134400,150,300,LT,27-FEB-2025
2025-02-03 12:08:26.746816,LT27FEB25F,FUTSTK,3300.2,5153550,3300.05,3300.75,18134400,150,300,LT,27-FEB-2025
2025-02-03 12:08:34.261976,LT27FEB25F,FUTSTK,3299.8,5159550,3299.25,3300.15,18134400,150,150,LT,27-FEB-2025
2025-02-03 12:08:40.760716,LT27FEB25F,FUTSTK,3299.25,5159550,3299.25,3299.8,18134400,300,150,LT,27-FEB-2025
2025-02-03 12:08:47.420881,LT27FEB25F,FUTSTK,3298.0,5163450,3298.0,3298.7,18134400,300,450,LT,27-FEB-2025
2025-02-03 12:08:53.698292,LT27FEB25F,FUTSTK,3298.6,5164200,3297.95,3298.6,18134400,300,300,LT,27-FEB-2025
2025-02-03 12:09:00.068386,LT27FEB25F,FUTSTK,3299.6,5164950,3298.6,3299.6,18134400,300,150,LT,27-FEB-2025
2025-02-03 12:09:06.319953,LT27FEB25F,FUTSTK,3298.7,5165550,3298.7,3298.95,18134400,150,150,LT,27-FEB-2025
2025-02-03 12:09:12.515053,LT27FEB25F,FUTSTK,3298.65,5166150,3298.65,3298.9,18134400,150,600,LT,27-FEB-2025
2025-02-03 12:09:18.854341,LT27FEB25F,FUTSTK,3298.9,5167650,3298.7,3299.95,18134400,450,150,LT,27-FEB-2025
2025-02-03 12:09:25.053807,LT27FEB25F,FUTSTK,3300.1,5168850,3300.05,3301.1,18134400,150,150,LT,27-FEB-2025
2025-02-03 12:09:31.513459,LT27FEB25F,FUTSTK,3299.45,5169150,3299.9,3300.9,18134400,150,150,LT,27-FEB-2025
2025-02-03 12:09:39.324431,LT27FEB25F,FUTSTK,3299.9,5169750,3299.9,3300.45,18134400,300,150,LT,27-FEB-2025
2025-02-03 12:09:47.911842,LT27FEB25F,FUTSTK,3300.05,5172150,3300.1,3301.2,18134400,150,900,LT,27-FEB-2025
2025-02-03 12:09:55.334552,LT27FEB25F,FUTSTK,3301.3,5172900,3300.15,3301.25,18134400,600,150,LT,27-FEB-2025
2025-02-03 12:10:01.717189,LT27FEB25F,FUTSTK,3300.45,5174100,3299.9,3301.2,18134400,150,300,LT,27-FEB-2025
2025-02-03 12:10:08.135247,LT27FEB25F,FUTSTK,3300.45,5174100,3299.9,3301.0,18134400,300,300,LT,27-FEB-2025
2025-02-03 12:10:14.477131,LT27FEB25F,FUTSTK,3299.9,5174400,3299.95,3300.5,18135000,150,300,LT,27-FEB-2025
2025-02-03 12:10:20.703987,LT27FEB25F,FUTSTK,3299.7,5175750,3299.9,3300.8,18135000,150,300,LT,27-FEB-2025
2025-02-03 12:10:26.951573,LT27FEB25F,FUTSTK,3300.8,5176650,3299.9,3300.8,18135000,150,300,LT,27-FEB-2025
2025-02-03 12:10:33.174260,LT27FEB25F,FUTSTK,3301.1,5177250,3301.1,3302.2,18135000,150,150,LT,27-FEB-2025
2025-02-03 12:10:41.199737,LT27FEB25F,FUTSTK,3301.1,5177400,3301.85,3303.1,18135000,150,150,LT,27-FEB-2025
2025-02-03 12:10:47.779677,LT27FEB25F,FUTSTK,3301.1,5177400,3301.85,3302.95,18135000,450,450,LT,27-FEB-2025
2025-02-03 12:10:55.186393,LT27FEB25F,FUTSTK,3304.55,5178900,3303.35,3304.55,18135000,150,150,LT,27-FEB-2025
2025-02-03 12:11:03.632710,LT27FEB25F,FUTSTK,3305.3,5180850,3304.75,3305.9,18135000,150,150,LT,27-FEB-2025
2025-02-03 12:11:11.054897,LT27FEB25F,FUTSTK,3304.55,5181150,3304.15,3305.3,18135000,150,150,LT,27-FEB-2025
2025-02-03 12:11:17.364811,LT27FEB25F,FUTSTK,3304.5,5181600,3304.2,3305.15,18135000,150,150,LT,27-FEB-2025
2025-02-03 12:11:23.650592,LT27FEB25F,FUTSTK,3304.05,5182350,3303.8,3304.85,18135000,450,300,LT,27-FEB-2025
2025-02-03 12:11:29.838463,LT27FEB25F,FUTSTK,3306.25,5183100,3305.25,3306.6,18135000,450,300,LT,27-FEB-2025
2025-02-03 12:11:36.179363,LT27FEB25F,FUTSTK,3305.1,5183400,3305.0,3306.05,18135000,150,300,LT,27-FEB-2025
2025-02-03 12:11:42.521041,LT27FEB25F,FUTSTK,3306.1,5183550,3305.0,3306.05,18135000,300,300,LT,27-FEB-2025
2025-02-03 12:11:48.827884,LT27FEB25F,FUTSTK,3305.95,5183850,3305.05,3306.1,18135000,150,150,LT,27-FEB-2025
2025-02-03 12:11:55.420623,LT27FEB25F,FUTSTK,3306.05,5184150,3305.05,3306.05,18135000,150,300,LT,27-FEB-2025
2025-02-03 12:12:01.934417,LT27FEB25F,FUTSTK,3305.15,5184750,3305.15,3306.05,18135000,300,450,LT,27-FEB-2025
2025-02-03 12:12:08.113975,LT27FEB25F,FUTSTK,3305.0,5185350,3304.8,3305.6,18135000,150,450,LT,27-FEB-2025
2025-02-03 12:12:16.718988,LT27FEB25F,FUTSTK,3305.6,5185650,3304.4,3305.55,18135000,150,450,LT,27-FEB-2025
2025-02-03 12:12:24.389120,LT27FEB25F,FUTSTK,3304.05,5188650,3304.0,3305.25,18135000,300,150,LT,27-FEB-2025
2025-02-03 12:12:30.725101,LT27FEB25F,FUTSTK,3304.8,5189550,3304.8,3305.15,18135000,150,300,LT,27-FEB-2025
2025-02-03 12:12:36.882144,LT27FEB25F,FUTSTK,3304.2,5191050,3303.95,3305.25,18135000,150,150,LT,27-FEB-2025
2025-02-03 12:12:43.100752,LT27FEB25F,FUTSTK,3304.95,5191200,3304.1,3305.25,18135000,150,150,LT,27-FEB-2025
2025-02-03 12:12:49.447816,LT27FEB25F,FUTSTK,3304.8,5191800,3304.15,3305.5,18135000,450,450,LT,27-FEB-2025
2025-02-03 12:12:55.589660,LT27FEB25F,FUTSTK,3304.8,5191800,3304.85,3305.45,18135000,450,300,LT,27-FEB-2025
2025-02-03 12:13:01.720395,LT27FEB25F,FUTSTK,3305.2,5194350,3304.2,3305.2,18135000,150,450,LT,27-FEB-2025
2025-02-03 12:13:07.969203,LT27FEB25F,FUTSTK,3305.2,5194500,3304.2,3305.15,18135000,450,450,LT,27-FEB-2025
2025-02-03 12:13:14.706528,LT27FEB25F,FUTSTK,3305.1,5196300,3304.75,3305.05,18127950,150,300,LT,27-FEB-2025
2025-02-03 12:13:20.903039,LT27FEB25F,FUTSTK,3305.8,5197200,3305.6,3306.0,18127950,150,600,LT,27-FEB-2025
2025-02-03 12:13:28.713410,LT27FEB25F,FUTSTK,3305.15,5198850,3305.15,3306.0,18127950,150,450,LT,27-FEB-2025
2025-02-03 12:13:36.668911,LT27FEB25F,FUTSTK,3305.15,5199000,3305.05,3305.9,18127950,150,300,LT,27-FEB-2025
2025-02-03 12:13:43.715750,LT27FEB25F,FUTSTK,3305.05,5199300,3305.0,3305.8,18127950,150,150,LT,27-FEB-2025
2025-02-03 12:13:50.235930,LT27FEB25F,FUTSTK,3304.8,5200050,3304.8,3305.2,18127950,150,300,LT,27-FEB-2025
2025-02-03 12:13:56.587088,LT27FEB25F,FUTSTK,3305.25,5200950,3305.15,3305.9,18127950,150,300,LT,27-FEB-2025
2025-02-03 12:14:03.900102,LT27FEB25F,FUTSTK,3305.15,5201100,3304.9,3305.9,18127950,150,450,LT,27-FEB-2025
2025-02-03 12:14:10.448915,LT27FEB25F,FUTSTK,3305.85,5201400,3305.0,3305.85,18127950,150,450,LT,27-FEB-2025
2025-02-03 12:14:16.950709,LT27FEB25F,FUTSTK,3306.0,5202000,3305.25,3306.3,18127950,150,150,LT,27-FEB-2025
2025-02-03 12:14:24.541553,LT27FEB25F,FUTSTK,3304.9,5203050,3304.8,3305.75,18127950,300,300,LT,27-FEB-2025
2025-02-03 12:14:31.199731,LT27FEB25F,FUTSTK,3304.9,5203050,3305.0,3305.75,18127950,450,300,LT,27-FEB-2025
2025-02-03 12:14:37.751088,LT27FEB25F,FUTSTK,3305.75,5203500,3305.0,3306.15,18127950,300,300,LT,27-FEB-2025
2025-02-03 12:14:45.348502,LT27FEB25F,FUTSTK,3306.25,5203800,3305.75,3306.8,18127950,150,300,LT,27-FEB-2025
2025-02-03 12:14:53.406093,LT27FEB25F,FUTSTK,3307.5,5209050,3305.95,3307.6,18127950,450,150,LT,27-FEB-2025
2025-02-03 12:15:00.557362,LT27FEB25F,FUTSTK,3307.6,5209650,3306.8,3307.6,18127950,150,150,LT,27-FEB-2025
2025-02-03 12:15:06.799970,LT27FEB25F,FUTSTK,3306.8,5210100,3306.6,3307.7,18127950,150,150,LT,27-FEB-2025
2025-02-03 12:15:13.157010,LT27FEB25F,FUTSTK,3307.2,5210100,3306.25,3307.45,18127950,150,300,LT,27-FEB-2025
2025-02-03 12:15:20.203286,LT27FEB25F,FUTSTK,3307.45,5210400,3306.7,3308.0,18127950,150,450,LT,27-FEB-2025
2025-02-03 12:15:26.946202,LT27FEB25F,FUTSTK,3307.6,5210550,3306.7,3307.6,18127950,150,300,LT,27-FEB-2025
2025-02-03 12:15:33.487346,LT27FEB25F,FUTSTK,3306.7,5210850,3306.9,3307.55,18127950,150,150,LT,27-FEB-2025
2025-02-03 12:15:39.976742,LT27FEB25F,FUTSTK,3307.2,5211300,3307.15,3307.9,18127950,150,150,LT,27-FEB-2025
2025-02-03 12:15:46.500406,LT27FEB25F,FUTSTK,3307.9,5212500,3307.2,3307.9,18127950,150,150,LT,27-FEB-2025
2025-02-03 13:09:08.160236,LT27FEB25F,FUTSTK,3290.85,5994750,3290.45,3291.75,18366750,150,150,LT,27-FEB-2025
2025-02-03 13:10:54.982493,LT27FEB25F,FUTSTK,3293.15,6018150,3292.0,3293.1,18364050,300,300,LT,27-FEB-2025
2025-02-03 13:11:01.483146,LT27FEB25F,FUTSTK,3292.0,6022500,3291.7,3292.85,18364050,150,150,LT,27-FEB-2025
2025-02-03 13:12:06.975173,LT27FEB25F,FUTSTK,3293.15,6041850,3292.5,3293.15,18364050,150,150,LT,27-FEB-2025
2025-02-03 13:12:13.563337,LT27FEB25F,FUTSTK,3294.85,6043950,3293.5,3294.7,18364050,150,900,LT,27-FEB-2025
2025-02-03 13:12:21.566476,LT27FEB25F,FUTSTK,3294.45,6044250,3293.55,3294.4,18364050,300,1500,LT,27-FEB-2025
2025-02-03 13:12:28.095515,LT27FEB25F,FUTSTK,3294.3,6045000,3293.1,3294.35,18364050,300,600,LT,27-FEB-2025
2025-02-03 13:12:35.248046,LT27FEB25F,FUTSTK,3293.35,6045600,3293.0,3294.25,18364050,150,300,LT,27-FEB-2025
2025-02-03 13:12:41.351801,LT27FEB25F,FUTSTK,3292.95,6046950,3292.9,3294.0,18364050,150,150,LT,27-FEB-2025
2025-02-03 13:12:48.725243,LT27FEB25F,FUTSTK,3294.6,6049950,3293.65,3294.6,18364050,150,300,LT,27-FEB-2025
2025-02-03 13:12:57.061552,LT27FEB25F,FUTSTK,3293.75,6050250,3293.45,3294.5,18364050,450,300,LT,27-FEB-2025
2025-02-03 13:13:04.976348,LT27FEB25F,FUTSTK,3293.5,6050250,3293.5,3294.35,18364050,450,150,LT,27-FEB-2025
2025-02-03 13:13:11.519569,LT27FEB25F,FUTSTK,3293.55,6052500,3293.55,3294.35,18364050,150,150,LT,27-FEB-2025
2025-02-03 13:13:17.996264,LT27FEB25F,FUTSTK,3293.6,6053400,3293.5,3294.45,18366750,300,150,LT,27-FEB-2025
2025-02-03 13:13:23.973374,LT27FEB25F,FUTSTK,3294.7,6053550,3293.7,3294.35,18366750,150,150,LT,27-FEB-2025
2025-02-03 13:13:30.210383,LT27FEB25F,FUTSTK,3294.0,6054000,3293.7,3294.7,18366750,150,300,LT,27-FEB-2025
2025-02-03 13:13:36.333333,LT27FEB25F,FUTSTK,3294.6,6055050,3293.7,3294.6,18366750,300,300,LT,27-FEB-2025
2025-02-03 13:13:42.779416,LT27FEB25F,FUTSTK,3293.7,6055950,3293.5,3294.5,18366750,600,300,LT,27-FEB-2025
2025-02-03 13:13:49.069028,LT27FEB25F,FUTSTK,3293.5,6056700,3293.5,3294.0,18366750,450,11550,LT,27-FEB-2025
2025-02-03 13:13:56.673382,LT27FEB25F,FUTSTK,3293.85,6057450,3293.0,3293.85,18366750,300,150,LT,27-FEB-2025
2025-02-03 13:14:03.740793,LT27FEB25F,FUTSTK,3292.9,6058800,3292.45,3292.95,18366750,300,150,LT,27-FEB-2025
2025-02-03 13:14:12.348317,LT27FEB25F,FUTSTK,3292.0,6060450,3291.8,3292.45,18366750,150,11250,LT,27-FEB-2025
2025-02-03 13:14:19.787887,LT27FEB25F,FUTSTK,3292.4,6071100,3292.05,3292.4,18366750,450,2250,LT,27-FEB-2025
2025-02-03 13:14:26.030632,LT27FEB25F,FUTSTK,3292.05,6071250,3292.1,3292.4,18366750,300,2250,LT,27-FEB-2025
2025-02-03 13:14:32.362911,LT27FEB25F,FUTSTK,3292.4,6071550,3292.15,3292.4,18366750,150,2100,LT,27-FEB-2025
2025-02-03 13:14:38.639461,LT27FEB25F,FUTSTK,3292.2,6072000,3292.1,3292.4,18366750,150,1950,LT,27-FEB-2025
2025-02-03 13:14:45.013626,LT27FEB25F,FUTSTK,3292.35,6072000,3292.2,3292.4,18366750,300,1950,LT,27-FEB-2025
2025-02-03 13:14:51.861991,LT27FEB25F,FUTSTK,3293.3,6077100,3293.3,3294.2,18366750,300,150,LT,27-FEB-2025
2025-02-03 13:14:58.180985,LT27FEB25F,FUTSTK,3293.3,6077250,3293.3,3293.9,18366750,300,150,LT,27-FEB-2025
2025-02-03 13:15:04.440904,LT27FEB25F,FUTSTK,3293.3,6077400,3293.35,3293.8,18366750,450,300,LT,27-FEB-2025
2025-02-03 13:15:10.692247,LT27FEB25F,FUTSTK,3293.9,6078300,3293.9,3294.7,18366750,450,150,LT,27-FEB-2025
2025-02-03 13:15:16.824503,LT27FEB25F,FUTSTK,3294.5,6080550,3293.75,3294.4,18366750,600,150,LT,27-FEB-2025
2025-02-03 13:15:25.123495,LT27FEB25F,FUTSTK,3294.0,6082050,3293.0,3293.95,18366750,300,150,LT,27-FEB-2025
2025-02-03 13:15:33.459915,LT27FEB25F,FUTSTK,3293.85,6083100,3293.0,3293.9,18366750,300,150,LT,27-FEB-2025
2025-02-03 13:15:41.032587,LT27FEB25F,FUTSTK,3292.35,6084450,3292.2,3293.5,18366750,150,150,LT,27-FEB-2025
2025-02-03 13:15:47.244282,LT27FEB25F,FUTSTK,3293.0,6085500,3292.85,3293.65,18366750,150,300,LT,27-FEB-2025
2025-02-03 13:15:53.472636,LT27FEB25F,FUTSTK,3293.65,6086100,3292.9,3293.65,18366750,300,450,LT,27-FEB-2025
2025-02-03 13:15:59.925373,LT27FEB25F,FUTSTK,3292.9,6087000,3293.0,3293.6,18366750,150,150,LT,27-FEB-2025
2025-02-03 13:16:06.191434,LT27FEB25F,FUTSTK,3293.5,6087600,3293.0,3293.55,18366750,150,750,LT,27-FEB-2025
2025-02-03 13:16:12.849391,LT27FEB25F,FUTSTK,3294.6,6088350,3292.75,3293.5,18366750,300,300,LT,27-FEB-2025
2025-02-03 13:16:19.924427,LT27FEB25F,FUTSTK,3295.0,6091650,3294.45,3295.3,18367650,450,150,LT,27-FEB-2025
2025-02-03 13:16:27.248636,LT27FEB25F,FUTSTK,3295.85,6093150,3294.3,3295.7,18367650,150,150,LT,27-FEB-2025
2025-02-03 13:16:33.824304,LT27FEB25F,FUTSTK,3295.35,6097800,3294.35,3295.35,18367650,150,8400,LT,27-FEB-2025
2025-02-03 13:16:40.847391,LT27FEB25F,FUTSTK,3294.4,6098850,3294.4,3295.0,18367650,150,450,LT,27-FEB-2025
2025-02-03 13:16:47.548584,LT27FEB25F,FUTSTK,3294.4,6099600,3294.4,3294.75,18367650,150,9000,LT,27-FEB-2025
2025-02-03 13:16:54.136902,LT27FEB25F,FUTSTK,3294.4,6100200,3294.35,3294.7,18367650,450,9000,LT,27-FEB-2025
2025-02-03 13:17:00.585656,LT27FEB25F,FUTSTK,3294.05,6101250,3293.5,3294.2,18367650,150,8550,LT,27-FEB-2025
2025-02-03 13:17:06.941623,LT27FEB25F,FUTSTK,3295.5,6112800,3294.45,3295.55,18367650,450,150,LT,27-FEB-2025
2025-02-03 13:17:14.289780,LT27FEB25F,FUTSTK,3295.45,6115200,3295.45,3296.0,18367650,150,450,LT,27-FEB-2025
2025-02-03 13:17:20.676920,LT27FEB25F,FUTSTK,3296.0,6115800,3295.45,3296.2,18367650,150,150,LT,27-FEB-2025
2025-02-03 13:17:27.089729,LT27FEB25F,FUTSTK,3296.25,6116550,3295.6,3296.7,18367650,150,150,LT,27-FEB-2025
2025-02-03 13:17:33.395518,LT27FEB25F,FUTSTK,3297.0,6117150,3296.45,3297.0,18367650,150,150,LT,27-FEB-2025
2025-02-03 13:17:39.779757,LT27FEB25F,FUTSTK,3297.0,6118500,3296.15,3296.85,18367650,150,150,LT,27-FEB-2025
2025-02-03 13:17:46.092434,LT27FEB25F,FUTSTK,3297.0,6118500,3296.2,3297.65,18367650,150,150,LT,27-FEB-2025
2025-02-03 13:17:52.429219,LT27FEB25F,FUTSTK,3296.7,6119100,3297.0,3297.5,18367650,450,150,LT,27-FEB-2025
2025-02-03 13:17:59.188757,LT27FEB25F,FUTSTK,3298.0,6120750,3297.55,3298.5,18367650,150,150,LT,27-FEB-2025
2025-02-03 13:18:05.694481,LT27FEB25F,FUTSTK,3298.0,6123150,3297.4,3298.15,18367650,150,150,LT,27-FEB-2025
2025-02-03 13:18:12.204483,LT27FEB25F,FUTSTK,3296.55,6124500,3296.55,3297.15,18367650,150,300,LT,27-FEB-2025
2025-02-03 13:18:18.494409,LT27FEB25F,FUTSTK,3295.95,6125400,3295.0,3296.2,18367650,150,600,LT,27-FEB-2025
2025-02-03 13:18:24.702243,LT27FEB25F,FUTSTK,3295.1,6126150,3295.05,3296.25,18367650,150,300,LT,27-FEB-2025
2025-02-03 13:18:31.123235,LT27FEB25F,FUTSTK,3296.0,6127200,3294.85,3296.05,18367650,300,300,LT,27-FEB-2025
2025-02-03 13:18:37.634491,LT27FEB25F,FUTSTK,3298.0,6130950,3296.7,3297.7,18367650,300,150,LT,27-FEB-2025
2025-02-03 13:18:43.953525,LT27FEB25F,FUTSTK,3299.25,6134400,3299.25,3299.8,18367650,300,1200,LT,27-FEB-2025
2025-02-03 13:18:50.535270,LT27FEB25F,FUTSTK,3299.25,6138000,3299.25,3299.8,18367650,150,300,LT,27-FEB-2025
2025-02-03 13:18:56.951202,LT27FEB25F,FUTSTK,3299.25,6138300,3299.25,3299.5,18367650,300,600,LT,27-FEB-2025
2025-02-03 13:19:03.489672,LT27FEB25F,FUTSTK,3298.95,6139350,3297.55,3298.7,18367650,150,150,LT,27-FEB-2025
2025-02-03 13:19:09.942267,LT27FEB25F,FUTSTK,3297.55,6141000,3296.75,3297.9,18367650,300,150,LT,27-FEB-2025
2025-02-03 13:19:16.323081,LT27FEB25F,FUTSTK,3297.3,6141900,3296.5,3297.25,18367650,300,150,LT,27-FEB-2025
2025-02-03 13:19:22.741035,LT27FEB25F,FUTSTK,3297.0,6143100,3296.45,3297.1,18377700,450,12450,LT,27-FEB-2025
2025-02-03 13:19:29.070981,LT27FEB25F,FUTSTK,3296.95,6144150,3296.55,3296.95,18377700,600,150,LT,27-FEB-2025
2025-02-03 13:19:35.456421,LT27FEB25F,FUTSTK,3296.85,6146250,3296.5,3296.95,18377700,1200,150,LT,27-FEB-2025
2025-02-03 13:19:42.188868,LT27FEB25F,FUTSTK,3295.75,6148050,3295.5,3296.15,18377700,300,150,LT,27-FEB-2025
2025-02-03 13:19:48.724003,LT27FEB25F,FUTSTK,3295.5,6148350,3295.5,3295.85,18377700,300,150,LT,27-FEB-2025
2025-02-03 13:19:55.083237,LT27FEB25F,FUTSTK,3293.85,6151350,3293.8,3294.8,18377700,150,12150,LT,27-FEB-2025
2025-02-03 13:20:01.518622,LT27FEB25F,FUTSTK,3296.1,6165600,3295.25,3296.25,18377700,150,150,LT,27-FEB-2025
2025-02-03 13:20:07.924854,LT27FEB25F,FUTSTK,3295.4,6167400,3295.4,3296.1,18377700,300,300,LT,27-FEB-2025
2025-02-03 13:20:14.281806,LT27FEB25F,FUTSTK,3296.0,6168150,3296.0,3296.1,18377700,150,150,LT,27-FEB-2025
2025-02-03 13:20:20.721747,LT27FEB25F,FUTSTK,3296.0,6169200,3295.8,3296.05,18377700,300,600,LT,27-FEB-2025
2025-02-03 13:20:27.127637,LT27FEB25F,FUTSTK,3296.0,6169950,3295.45,3296.0,18377700,300,150,LT,27-FEB-2025
2025-02-03 13:20:33.692291,LT27FEB25F,FUTSTK,3296.0,6169950,3295.45,3296.0,18377700,150,300,LT,27-FEB-2025
2025-02-03 13:20:40.066753,LT27FEB25F,FUTSTK,3296.75,6172200,3296.0,3297.05,18377700,300,150,LT,27-FEB-2025
2025-02-03 13:20:46.297966,LT27FEB25F,FUTSTK,3296.85,6172500,3296.05,3296.9,18377700,150,150,LT,27-FEB-2025
2025-02-03 13:20:52.523648,LT27FEB25F,FUTSTK,3297.85,6173250,3297.2,3298.4,18377700,150,150,LT,27-FEB-2025
2025-02-03 13:20:58.935701,LT27FEB25F,FUTSTK,3297.25,6173550,3297.3,3298.0,18377700,300,450,LT,27-FEB-2025
2025-02-03 13:21:05.269726,LT27FEB25F,FUTSTK,3295.4,6175500,3294.85,3296.05,18377700,300,150,LT,27-FEB-2025
2025-02-03 13:21:11.578966,LT27FEB25F,FUTSTK,3295.4,6175500,3294.55,3295.55,18377700,300,300,LT,27-FEB-2025
2025-02-03 13:21:17.965591,LT27FEB25F,FUTSTK,3294.05,6176250,3294.0,3294.95,18377700,900,600,LT,27-FEB-2025
2025-02-03 13:21:24.369142,LT27FEB25F,FUTSTK,3296.4,6178800,3295.5,3296.1,18377700,600,150,LT,27-FEB-2025
2025-02-03 13:21:30.767186,LT27FEB25F,FUTSTK,3295.35,6179550,3295.35,3295.85,18377700,600,300,LT,27-FEB-2025
2025-02-03 13:21:37.194889,LT27FEB25F,FUTSTK,3295.35,6180300,3295.35,3295.85,18377700,150,300,LT,27-FEB-2025
2025-02-03 13:21:45.611640,LT27FEB25F,FUTSTK,3296.6,6182100,3296.1,3296.75,18377700,150,300,LT,27-FEB-2025
2025-02-03 13:21:53.409303,LT27FEB25F,FUTSTK,3296.25,6182850,3295.85,3296.4,18377700,300,150,LT,27-FEB-2025
2025-02-03 13:22:00.596889,LT27FEB25F,FUTSTK,3295.85,6183150,3294.8,3295.45,18377700,150,450,LT,27-FEB-2025
2025-02-03 13:22:06.963403,LT27FEB25F,FUTSTK,3293.4,6184950,3293.0,3293.95,18377700,300,150,LT,27-FEB-2025
2025-02-03 13:22:13.247029,LT27FEB25F,FUTSTK,3293.85,6186150,3293.15,3293.9,18377700,150,12000,LT,27-FEB-2025
2025-02-03 13:22:19.515639,LT27FEB25F,FUTSTK,3292.2,6186450,3293.2,3293.65,18388050,300,150,LT,27-FEB-2025
2025-02-03 13:22:26.114069,LT27FEB25F,FUTSTK,3292.9,6188100,3292.0,3293.05,18388050,150,450,LT,27-FEB-2025
2025-02-03 13:22:34.816071,LT27FEB25F,FUTSTK,3292.4,6203550,3293.0,3293.85,18388050,300,150,LT,27-FEB-2025
2025-02-03 13:22:42.011673,LT27FEB25F,FUTSTK,3293.45,6204000,3292.75,3294.05,18388050,150,300,LT,27-FEB-2025
2025-02-03 13:22:50.413868,LT27FEB25F,FUTSTK,3292.55,6204300,3292.25,3293.15,18388050,300,300,LT,27-FEB-2025
2025-02-03 13:22:58.795152,LT27FEB25F,FUTSTK,3292.8,6204600,3292.5,3293.5,18388050,600,150,LT,27-FEB-2025
2025-02-03 13:23:06.166247,LT27FEB25F,FUTSTK,3292.8,6204600,3292.75,3293.55,18388050,300,150,LT,27-FEB-2025
2025-02-03 13:23:13.435098,LT27FEB25F,FUTSTK,3293.5,6221550,3293.0,3293.95,18388050,300,300,LT,27-FEB-2025
2025-02-03 13:23:19.737294,LT27FEB25F,FUTSTK,3291.8,6223500,3292.15,3293.25,18388050,150,150,LT,27-FEB-2025
2025-02-03 13:23:26.037675,LT27FEB25F,FUTSTK,3291.6,6224550,3291.45,3292.45,18388050,150,150,LT,27-FEB-2025
2025-02-03 13:23:32.450346,LT27FEB25F,FUTSTK,3291.0,6225600,3290.6,3291.55,18388050,150,450,LT,27-FEB-2025
2025-02-03 13:23:38.745201,LT27FEB25F,FUTSTK,3290.5,6227850,3289.55,3290.5,18388050,150,150,LT,27-FEB-2025
2025-02-03 13:23:45.011329,LT27FEB25F,FUTSTK,3289.65,6228000,3289.55,3290.0,18388050,300,150,LT,27-FEB-2025
2025-02-03 13:23:51.329648,LT27FEB25F,FUTSTK,3290.5,6229050,3290.2,3290.5,18388050,300,150,LT,27-FEB-2025
2025-02-03 13:23:57.715341,LT27FEB25F,FUTSTK,3290.95,6231000,3290.05,3290.95,18388050,150,750,LT,27-FEB-2025
2025-02-03 13:24:03.991662,LT27FEB25F,FUTSTK,3290.05,6231150,3290.4,3290.8,18388050,150,150,LT,27-FEB-2025
2025-02-03 13:24:10.444109,LT27FEB25F,FUTSTK,3289.4,6235200,3289.3,3290.3,18388050,150,300,LT,27-FEB-2025
2025-02-03 13:24:16.883577,LT27FEB25F,FUTSTK,3291.05,6236850,3291.05,3291.95,18388050,600,150,LT,27-FEB-2025
2025-02-03 13:24:23.272892,LT27FEB25F,FUTSTK,3293.0,6237450,3292.05,3293.0,18388050,150,450,LT,27-FEB-2025
2025-02-03 13:24:29.606585,LT27FEB25F,FUTSTK,3292.05,6237750,3292.6,3293.6,18388050,300,150,LT,27-FEB-2025
2025-02-03 13:24:36.071258,LT27FEB25F,FUTSTK,3293.0,6240450,3291.0,3291.7,18388050,300,150,LT,27-FEB-2025
2025-02-03 13:24:42.465993,LT27FEB25F,FUTSTK,3292.0,6240750,3291.75,3293.1,18388050,450,450,LT,27-FEB-2025
2025-02-03 13:24:48.880176,LT27FEB25F,FUTSTK,3292.0,6241500,3292.05,3293.2,18388050,300,150,LT,27-FEB-2025
2025-02-03 13:24:55.232481,LT27FEB25F,FUTSTK,3292.0,6255900,3291.85,3293.15,18388050,150,150,LT,27-FEB-2025
2025-02-03 13:25:01.620597,LT27FEB25F,FUTSTK,3292.15,6257400,3292.15,3293.1,18388050,150,150,LT,27-FEB-2025
2025-02-03 13:25:08.045240,LT27FEB25F,FUTSTK,3293.5,6257700,3292.45,3293.65,18388050,150,150,LT,27-FEB-2025
2025-02-03 13:25:14.511115,LT27FEB25F,FUTSTK,3292.3,6258000,3292.3,3292.95,18388050,300,150,LT,27-FEB-2025
2025-02-03 13:25:20.936597,LT27FEB25F,FUTSTK,3292.35,6258450,3292.35,3293.15,18405150,300,300,LT,27-FEB-2025
2025-02-03 13:25:27.235767,LT27FEB25F,FUTSTK,3294.1,6259200,3293.3,3294.15,18405150,150,150,LT,27-FEB-2025
2025-02-03 13:25:33.955168,LT27FEB25F,FUTSTK,3294.1,6260700,3293.9,3294.7,18405150,300,150,LT,27-FEB-2025
2025-02-03 13:25:40.226864,LT27FEB25F,FUTSTK,3294.65,6261150,3294.0,3294.75,18405150,300,150,LT,27-FEB-2025
2025-02-03 13:25:46.674480,LT27FEB25F,FUTSTK,3294.0,6262350,3294.0,3294.2,18405150,150,150,LT,27-FEB-2025
2025-02-03 13:25:53.103587,LT27FEB25F,FUTSTK,3292.55,6264150,3292.35,3293.45,18405150,300,150,LT,27-FEB-2025
2025-02-03 13:25:59.481253,LT27FEB25F,FUTSTK,3292.55,6264450,3293.05,3293.85,18405150,150,300,LT,27-FEB-2025
2025-02-03 13:26:05.887218,LT27FEB25F,FUTSTK,3292.8,6264750,3293.15,3293.85,18405150,150,300,LT,27-FEB-2025
2025-02-03 13:26:12.232531,LT27FEB25F,FUTSTK,3292.0,6267150,3292.3,3293.6,18405150,300,450,LT,27-FEB-2025
2025-02-03 13:26:18.602633,LT27FEB25F,FUTSTK,3292.35,6268050,3291.8,3292.8,18405150,150,150,LT,27-FEB-2025
2025-02-03 13:26:24.907325,LT27FEB25F,FUTSTK,3292.6,6269250,3291.4,3292.75,18405150,150,300,LT,27-FEB-2025
2025-02-03 13:26:31.279470,LT27FEB25F,FUTSTK,3292.4,6270000,3291.9,3293.25,18405150,450,150,LT,27-FEB-2025
2025-02-03 13:26:37.643416,LT27FEB25F,FUTSTK,3291.9,6271200,3291.9,3292.8,18405150,150,150,LT,27-FEB-2025
2025-02-03 13:26:43.905396,LT27FEB25F,FUTSTK,3292.4,6271500,3291.3,3292.45,18405150,150,450,LT,27-FEB-2025
2025-02-03 13:26:50.448558,LT27FEB25F,FUTSTK,3290.0,6273750,3290.45,3291.65,18405150,300,450,LT,27-FEB-2025
2025-02-03 13:26:56.759444,LT27FEB25F,FUTSTK,3289.8,6274350,3290.05,3290.9,18405150,150,150,LT,27-FEB-2025
2025-02-03 13:27:03.205867,LT27FEB25F,FUTSTK,3290.1,6275850,3290.05,3291.0,18405150,150,150,LT,27-FEB-2025
2025-02-03 13:27:09.608901,LT27FEB25F,FUTSTK,3291.4,6277350,3290.3,3291.6,18405150,150,600,LT,27-FEB-2025
2025-02-03 13:27:15.992246,LT27FEB25F,FUTSTK,3291.9,6278100,3291.2,3292.45,18405150,300,150,LT,27-FEB-2025
2025-02-03 13:27:22.241878,LT27FEB25F,FUTSTK,3290.4,6280200,3290.4,3291.05,18405150,300,150,LT,27-FEB-2025
2025-02-03 13:27:28.578825,LT27FEB25F,FUTSTK,3290.45,6280350,3290.6,3291.05,18405150,150,150,LT,27-FEB-2025
2025-02-03 13:27:34.895150,LT27FEB25F,FUTSTK,3290.9,6282000,3290.75,3291.7,18405150,150,150,LT,27-FEB-2025
2025-02-03 13:27:41.179431,LT27FEB25F,FUTSTK,3290.25,6283200,3289.35,3290.5,18405150,150,11400,LT,27-FEB-2025
2025-02-03 13:27:47.484989,LT27FEB25F,FUTSTK,3289.65,6283950,3288.45,3289.65,18405150,150,150,LT,27-FEB-2025
2025-02-03 13:27:53.827029,LT27FEB25F,FUTSTK,3289.65,6284250,3288.65,3289.65,18405150,300,150,LT,27-FEB-2025
2025-02-03 13:28:00.246651,LT27FEB25F,FUTSTK,3288.65,6284400,3288.75,3289.45,18405150,150,150,LT,27-FEB-2025
2025-02-03 13:28:06.657008,LT27FEB25F,FUTSTK,3286.85,6285750,3286.85,3287.35,18405150,150,150,LT,27-FEB-2025
2025-02-03 13:28:12.926536,LT27FEB25F,FUTSTK,3286.85,6286350,3286.05,3286.8,18405150,150,150,LT,27-FEB-2025
2025-02-03 13:28:19.215588,LT27FEB25F,FUTSTK,3286.0,6287400,3286.0,3286.45,18397350,450,300,LT,27-FEB-2025
2025-02-03 13:28:25.477776,LT27FEB25F,FUTSTK,3286.0,6288000,3285.8,3286.15,18397350,150,150,LT,27-FEB-2025
2025-02-03 13:28:31.959401,LT27FEB25F,FUTSTK,3285.1,6288300,3285.1,3286.0,18397350,300,11250,LT,27-FEB-2025
2025-02-03 13:28:38.379396,LT27FEB25F,FUTSTK,3285.55,6291600,3285.55,3285.95,18397350,450,150,LT,27-FEB-2025
2025-02-03 13:28:44.649387,LT27FEB25F,FUTSTK,3285.8,6292650,3285.05,3285.8,18397350,600,8700,LT,27-FEB-2025
2025-02-03 13:28:51.137134,LT27FEB25F,FUTSTK,3285.45,6293100,3285.15,3285.8,18397350,300,8550,LT,27-FEB-2025
2025-02-03 13:28:57.390700,LT27FEB25F,FUTSTK,3285.15,6293400,3285.15,3285.75,18397350,150,8100,LT,27-FEB-2025
2025-02-03 13:29:03.739733,LT27FEB25F,FUTSTK,3286.3,6294600,3286.15,3287.3,18397350,450,150,LT,27-FEB-2025
2025-02-03 13:29:10.166623,LT27FEB25F,FUTSTK,3286.3,6294600,3287.0,3288.05,18397350,300,150,LT,27-FEB-2025
2025-02-03 13:29:16.430368,LT27FEB25F,FUTSTK,3286.85,6296250,3286.45,3287.5,18397350,150,150,LT,27-FEB-2025
2025-02-03 13:29:22.797471,LT27FEB25F,FUTSTK,3287.7,6297300,3287.75,3288.5,18397350,300,150,LT,27-FEB-2025
2025-02-03 13:29:29.132470,LT27FEB25F,FUTSTK,3288.25,6298950,3288.2,3289.45,18397350,300,150,LT,27-FEB-2025
2025-02-03 13:29:35.501497,LT27FEB25F,FUTSTK,3288.9,6299550,3287.7,3288.95,18397350,150,150,LT,27-FEB-2025
2025-02-03 13:29:42.049420,LT27FEB25F,FUTSTK,3288.0,6299550,3288.0,3289.05,18397350,300,150,LT,27-FEB-2025
2025-02-03 13:29:48.405768,LT27FEB25F,FUTSTK,3289.3,6300300,3288.45,3289.6,18397350,300,150,LT,27-FEB-2025
2025-02-03 13:29:55.216080,LT27FEB25F,FUTSTK,3288.3,6300450,3288.6,3289.65,18397350,150,150,LT,27-FEB-2025
2025-02-03 13:30:01.849137,LT27FEB25F,FUTSTK,3288.75,6300600,3288.2,3289.0,18397350,300,750,LT,27-FEB-2025
2025-02-03 13:30:08.522307,LT27FEB25F,FUTSTK,3288.75,6300600,3288.45,3289.0,18397350,600,750,LT,27-FEB-2025
2025-02-03 13:30:14.949345,LT27FEB25F,FUTSTK,3289.25,6302250,3288.8,3289.8,18397350,150,150,LT,27-FEB-2025
2025-02-03 13:30:21.328275,LT27FEB25F,FUTSTK,3289.85,6302850,3289.0,3289.95,18397350,150,150,LT,27-FEB-2025
2025-02-03 13:30:27.677861,LT27FEB25F,FUTSTK,3288.0,6305400,3287.65,3288.65,18397350,150,150,LT,27-FEB-2025
2025-02-03 13:30:33.937628,LT27FEB25F,FUTSTK,3286.45,6311700,3286.45,3287.5,18397350,150,150,LT,27-FEB-2025
2025-02-03 13:30:40.456545,LT27FEB25F,FUTSTK,3287.65,6312600,3286.65,3288.0,18397350,300,11400,LT,27-FEB-2025
2025-02-03 13:30:46.744297,LT27FEB25F,FUTSTK,3287.65,6312600,3287.75,3289.15,18397350,300,150,LT,27-FEB-2025
2025-02-03 13:30:53.227541,LT27FEB25F,FUTSTK,3287.35,6313350,3287.2,3288.25,18397350,150,150,LT,27-FEB-2025
2025-02-03 13:30:59.570261,LT27FEB25F,FUTSTK,3288.4,6313500,3287.7,3288.45,18397350,150,11250,LT,27-FEB-2025
2025-02-03 13:31:05.938707,LT27FEB25F,FUTSTK,3288.0,6313800,3287.5,3288.1,18397350,150,11400,LT,27-FEB-2025
2025-02-03 13:31:12.427546,LT27FEB25F,FUTSTK,3285.8,6316050,3285.8,3286.35,18397350,150,150,LT,27-FEB-2025
2025-02-03 13:31:18.754869,LT27FEB25F,FUTSTK,3286.3,6316200,3285.8,3286.3,18397350,150,11400,LT,27-FEB-2025
2025-02-03 13:31:25.398575,LT27FEB25F,FUTSTK,3285.95,6317250,3285.1,3285.95,18399600,300,11400,LT,27-FEB-2025
2025-02-03 13:31:31.850946,LT27FEB25F,FUTSTK,3285.9,6330150,3285.85,3286.75,18399600,450,150,LT,27-FEB-2025
2025-02-03 13:31:38.170677,LT27FEB25F,FUTSTK,3287.15,6331350,3286.8,3287.35,18399600,300,150,LT,27-FEB-2025
2025-02-03 13:31:44.533036,LT27FEB25F,FUTSTK,3287.4,6331800,3286.85,3287.65,18399600,450,150,LT,27-FEB-2025
2025-02-03 13:31:50.661512,LT27FEB25F,FUTSTK,3287.7,6332700,3288.25,3289.25,18399600,150,150,LT,27-FEB-2025
2025-02-03 13:31:56.975323,LT27FEB25F,FUTSTK,3289.8,6334050,3288.95,3290.0,18399600,450,150,LT,27-FEB-2025
2025-02-03 13:32:03.433601,LT27FEB25F,FUTSTK,3288.8,6334050,3288.8,3289.75,18399600,300,150,LT,27-FEB-2025
2025-02-03 13:32:09.815768,LT27FEB25F,FUTSTK,3288.75,6334650,3288.45,3289.7,18399600,150,150,LT,27-FEB-2025
2025-02-03 13:32:16.195632,LT27FEB25F,FUTSTK,3290.95,6336900,3290.95,3291.95,18399600,150,150,LT,27-FEB-2025
2025-02-03 13:32:22.525494,LT27FEB25F,FUTSTK,3292.65,6337650,3292.15,3292.65,18399600,150,450,LT,27-FEB-2025
2025-02-03 13:32:28.802589,LT27FEB25F,FUTSTK,3292.75,6339450,3293.3,3294.4,18399600,150,150,LT,27-FEB-2025
2025-02-03 13:32:35.031458,LT27FEB25F,FUTSTK,3294.35,6340200,3293.7,3294.65,18399600,150,150,LT,27-FEB-2025
2025-02-03 13:32:41.362662,LT27FEB25F,FUTSTK,3294.4,6342450,3293.55,3294.55,18399600,150,150,LT,27-FEB-2025
2025-02-03 13:32:47.735677,LT27FEB25F,FUTSTK,3293.85,6343050,3293.4,3294.4,18399600,150,150,LT,27-FEB-2025
2025-02-03 13:32:54.066884,LT27FEB25F,FUTSTK,3294.8,6346200,3293.75,3294.8,18399600,600,150,LT,27-FEB-2025
2025-02-03 13:33:00.476345,LT27FEB25F,FUTSTK,3294.25,6348750,3293.55,3294.8,18399600,300,150,LT,27-FEB-2025
2025-02-03 13:33:06.737518,LT27FEB25F,FUTSTK,3294.15,6349200,3294.15,3295.25,18399600,300,300,LT,27-FEB-2025
2025-02-03 13:33:13.098293,LT27FEB25F,FUTSTK,3292.85,6354450,3292.4,3293.7,18399600,150,150,LT,27-FEB-2025
2025-02-03 13:33:19.280985,LT27FEB25F,FUTSTK,3292.85,6356100,3291.6,3292.7,18399600,150,150,LT,27-FEB-2025
2025-02-03 13:33:25.696656,LT27FEB25F,FUTSTK,3292.05,6357000,3291.2,3292.3,18399600,300,11550,LT,27-FEB-2025
2025-02-03 13:33:32.027087,LT27FEB25F,FUTSTK,3292.25,6361950,3291.75,3292.25,18399600,300,6900,LT,27-FEB-2025
2025-02-03 13:33:38.447995,LT27FEB25F,FUTSTK,3292.0,6363000,3291.3,3292.25,18399600,150,6750,LT,27-FEB-2025
2025-02-03 13:33:44.699612,LT27FEB25F,FUTSTK,3291.0,6363600,3291.0,3292.1,18399600,300,6750,LT,27-FEB-2025
2025-02-03 13:33:51.137495,LT27FEB25F,FUTSTK,3291.0,6363750,3291.0,3292.05,18399600,150,6600,LT,27-FEB-2025
2025-02-03 13:33:57.577585,LT27FEB25F,FUTSTK,3291.0,6363750,3291.05,3291.45,18399600,150,150,LT,27-FEB-2025
2025-02-03 13:34:03.879203,LT27FEB25F,FUTSTK,3291.05,6364800,3290.9,3291.45,18399600,150,6000,LT,27-FEB-2025
2025-02-03 13:34:10.400728,LT27FEB25F,FUTSTK,3290.9,6365100,3290.3,3291.35,18399600,150,150,LT,27-FEB-2025
2025-02-03 13:34:17.179686,LT27FEB25F,FUTSTK,3290.95,6365250,3290.95,3291.35,18399600,150,6150,LT,27-FEB-2025
2025-02-03 13:34:23.565431,LT27FEB25F,FUTSTK,3291.35,6366900,3290.45,3291.35,18381000,600,4950,LT,27-FEB-2025
2025-02-03 13:34:30.026211,LT27FEB25F,FUTSTK,3291.35,6367350,3290.65,3291.35,18381000,450,4650,LT,27-FEB-2025
2025-02-03 13:34:36.769623,LT27FEB25F,FUTSTK,3288.95,6377550,3288.2,3289.5,18381000,150,150,LT,27-FEB-2025
2025-02-03 13:34:43.329271,LT27FEB25F,FUTSTK,3289.65,6378150,3288.7,3289.65,18381000,150,150,LT,27-FEB-2025
2025-02-03 13:34:49.622739,LT27FEB25F,FUTSTK,3290.75,6378900,3288.9,3290.15,18381000,300,150,LT,27-FEB-2025
2025-02-03 13:34:56.069824,LT27FEB25F,FUTSTK,3290.65,6379350,3290.1,3291.45,18381000,150,150,LT,27-FEB-2025
2025-02-03 13:35:02.538746,LT27FEB25F,FUTSTK,3290.55,6379800,3290.35,3290.55,18381000,150,150,LT,27-FEB-2025
2025-02-03 13:35:08.860746,LT27FEB25F,FUTSTK,3289.5,6380100,3289.2,3290.0,18381000,300,150,LT,27-FEB-2025
2025-02-03 13:35:15.247464,LT27FEB25F,FUTSTK,3290.0,6380250,3290.25,3291.5,18381000,150,150,LT,27-FEB-2025
2025-02-03 13:35:21.700431,LT27FEB25F,FUTSTK,3290.25,6380850,3290.1,3291.1,18381000,300,150,LT,27-FEB-2025
2025-02-03 13:35:28.051769,LT27FEB25F,FUTSTK,3291.9,6381000,3290.65,3291.9,18381000,300,150,LT,27-FEB-2025
2025-02-03 13:35:34.355864,LT27FEB25F,FUTSTK,3290.4,6382050,3290.4,3291.4,18381000,150,150,LT,27-FEB-2025
2025-02-03 13:35:40.632978,LT27FEB25F,FUTSTK,3291.5,6382950,3290.25,3291.55,18381000,300,150,LT,27-FEB-2025
2025-02-03 13:35:47.053947,LT27FEB25F,FUTSTK,3291.4,6383550,3291.65,3292.45,18381000,150,150,LT,27-FEB-2025
2025-02-03 13:35:53.409147,LT27FEB25F,FUTSTK,3292.45,6383700,3291.7,3292.5,18381000,450,450,LT,27-FEB-2025
2025-02-03 13:35:59.713466,LT27FEB25F,FUTSTK,3290.25,6384750,3289.55,3290.9,18381000,150,150,LT,27-FEB-2025
2025-02-03 13:36:06.069166,LT27FEB25F,FUTSTK,3288.75,6387300,3287.55,3288.85,18381000,150,11250,LT,27-FEB-2025
2025-02-03 13:36:12.482074,LT27FEB25F,FUTSTK,3287.75,6387750,3287.7,3289.05,18381000,300,150,LT,27-FEB-2025
2025-02-03 13:36:18.926472,LT27FEB25F,FUTSTK,3289.0,6388050,3287.95,3289.2,18381000,150,11250,LT,27-FEB-2025
2025-02-03 13:36:25.244098,LT27FEB25F,FUTSTK,3289.25,6388350,3288.1,3289.4,18381000,150,150,LT,27-FEB-2025
2025-02-03 13:36:31.641257,LT27FEB25F,FUTSTK,3289.55,6394800,3289.55,3289.85,18381000,150,5250,LT,27-FEB-2025
2025-02-03 13:36:37.993028,LT27FEB25F,FUTSTK,3290.2,6400950,3290.2,3291.0,18381000,150,150,LT,27-FEB-2025
2025-02-03 13:36:44.299454,LT27FEB25F,FUTSTK,3291.7,6401850,3290.6,3291.85,18381000,300,150,LT,27-FEB-2025
2025-02-03 13:36:50.650866,LT27FEB25F,FUTSTK,3291.6,6402000,3290.75,3291.65,18381000,150,150,LT,27-FEB-2025
2025-02-03 13:36:56.869086,LT27FEB25F,FUTSTK,3291.6,6402150,3291.15,3292.0,18381000,150,150,LT,27-FEB-2025
2025-02-03 13:37:03.290320,LT27FEB25F,FUTSTK,3291.6,6402150,3291.2,3292.15,18381000,150,150,LT,27-FEB-2025
2025-02-03 13:37:09.572748,LT27FEB25F,FUTSTK,3291.25,6402600,3291.2,3291.8,18381000,300,300,LT,27-FEB-2025
2025-02-03 13:37:15.849105,LT27FEB25F,FUTSTK,3290.8,6403350,3290.35,3291.35,18381000,150,150,LT,27-FEB-2025
2025-02-03 13:37:22.269099,LT27FEB25F,FUTSTK,3290.3,6403650,3290.4,3291.25,18388950,300,300,LT,27-FEB-2025
2025-02-03 13:37:28.508410,LT27FEB25F,FUTSTK,3290.75,6404550,3289.75,3291.05,18388950,150,150,LT,27-FEB-2025
2025-02-03 13:37:34.739856,LT27FEB25F,FUTSTK,3291.1,6405150,3289.6,3290.65,18388950,150,300,LT,27-FEB-2025
2025-02-03 13:37:41.022193,LT27FEB25F,FUTSTK,3290.0,6405900,3289.95,3291.2,18388950,150,150,LT,27-FEB-2025
2025-02-03 13:37:47.293923,LT27FEB25F,FUTSTK,3290.75,6406650,3290.1,3291.25,18388950,150,300,LT,27-FEB-2025
2025-02-03 13:37:53.702605,LT27FEB25F,FUTSTK,3290.75,6406650,3290.65,3291.6,18388950,300,300,LT,27-FEB-2025
2025-02-03 13:38:00.082619,LT27FEB25F,FUTSTK,3290.7,6406950,3290.65,3291.4,18388950,600,150,LT,27-FEB-2025
2025-02-03 13:38:06.423651,LT27FEB25F,FUTSTK,3291.3,6407850,3290.45,3291.45,18388950,150,150,LT,27-FEB-2025
2025-02-03 13:38:12.871353,LT27FEB25F,FUTSTK,3293.0,6408750,3292.2,3292.95,18388950,150,150,LT,27-FEB-2025
2025-02-03 13:38:19.139078,LT27FEB25F,FUTSTK,3293.0,6410700,3293.0,3293.85,18388950,450,150,LT,27-FEB-2025
2025-02-03 13:38:25.385056,LT27FEB25F,FUTSTK,3293.15,6414450,3292.2,3293.35,18388950,150,150,LT,27-FEB-2025
2025-02-03 13:38:31.869549,LT27FEB25F,FUTSTK,3294.3,6418200,3293.05,3294.15,18388950,150,150,LT,27-FEB-2025
2025-02-03 13:38:38.246110,LT27FEB25F,FUTSTK,3294.5,6418950,3292.65,3294.05,18388950,150,150,LT,27-FEB-2025
2025-02-03 13:38:44.616826,LT27FEB25F,FUTSTK,3294.0,6419400,3293.2,3294.0,18388950,150,300,LT,27-FEB-2025
2025-02-03 13:38:50.965497,LT27FEB25F,FUTSTK,3294.0,6422250,3293.5,3294.0,18388950,300,150,LT,27-FEB-2025
2025-02-03 13:38:57.374829,LT27FEB25F,FUTSTK,3294.0,6433200,3293.4,3294.0,18388950,150,2100,LT,27-FEB-2025
2025-02-03 13:39:03.749054,LT27FEB25F,FUTSTK,3294.0,6436350,3294.05,3294.85,18388950,300,150,LT,27-FEB-2025
2025-02-03 13:39:10.287048,LT27FEB25F,FUTSTK,3294.9,6436650,3294.9,3294.95,18388950,150,300,LT,27-FEB-2025
2025-02-03 13:39:16.663125,LT27FEB25F,FUTSTK,3295.1,6437100,3295.35,3296.65,18388950,150,150,LT,27-FEB-2025
2025-02-03 13:39:23.190593,LT27FEB25F,FUTSTK,3297.0,6438000,3296.05,3297.15,18388950,150,150,LT,27-FEB-2025
2025-02-03 13:39:29.579070,LT27FEB25F,FUTSTK,3295.85,6439200,3295.85,3296.75,18388950,150,150,LT,27-FEB-2025
2025-02-03 13:39:35.742607,LT27FEB25F,FUTSTK,3295.4,6439650,3295.35,3296.0,18388950,1050,150,LT,27-FEB-2025
2025-02-03 13:39:41.914067,LT27FEB25F,FUTSTK,3296.0,6439950,3295.25,3296.25,18388950,900,150,LT,27-FEB-2025
2025-02-03 13:39:48.261605,LT27FEB25F,FUTSTK,3296.4,6440550,3295.35,3296.6,18388950,900,150,LT,27-FEB-2025
2025-02-03 13:39:54.583904,LT27FEB25F,FUTSTK,3296.5,6440850,3295.45,3296.65,18388950,150,150,LT,27-FEB-2025
2025-02-03 13:40:00.908780,LT27FEB25F,FUTSTK,3295.45,6441600,3295.45,3296.55,18388950,150,300,LT,27-FEB-2025
2025-02-03 13:40:07.244180,LT27FEB25F,FUTSTK,3296.65,6441900,3295.7,3296.5,18388950,150,150,LT,27-FEB-2025
2025-02-03 13:40:13.620991,LT27FEB25F,FUTSTK,3297.1,6445500,3296.95,3298.0,18388950,150,150,LT,27-FEB-2025
2025-02-03 13:40:22.978843,LT27FEB25F,FUTSTK,3297.0,6447000,3297.0,3297.85,18384450,150,300,LT,27-FEB-2025
2025-02-03 13:40:30.999431,LT27FEB25F,FUTSTK,3296.85,6448500,3296.2,3297.5,18384450,150,150,LT,27-FEB-2025
2025-02-03 13:40:37.608657,LT27FEB25F,FUTSTK,3296.85,6448500,3296.2,3297.6,18384450,150,150,LT,27-FEB-2025
2025-02-03 13:40:44.003231,LT27FEB25F,FUTSTK,3295.85,6448650,3295.85,3297.0,18384450,300,150,LT,27-FEB-2025
2025-02-03 13:40:50.527353,LT27FEB25F,FUTSTK,3297.55,6449400,3296.4,3297.7,18384450,150,150,LT,27-FEB-2025
2025-02-03 13:40:56.827175,LT27FEB25F,FUTSTK,3296.65,6449550,3296.7,3297.55,18384450,150,150,LT,27-FEB-2025
2025-02-03 13:41:03.280140,LT27FEB25F,FUTSTK,3297.0,6450000,3296.85,3297.55,18384450,450,300,LT,27-FEB-2025
2025-02-03 13:41:09.791663,LT27FEB25F,FUTSTK,3297.55,6450300,3297.1,3297.55,18384450,300,450,LT,27-FEB-2025
2025-02-03 13:41:16.361517,LT27FEB25F,FUTSTK,3297.15,6451350,3297.15,3297.75,18384450,300,150,LT,27-FEB-2025
2025-02-03 13:41:22.728350,LT27FEB25F,FUTSTK,3296.8,6451950,3296.0,3297.15,18384450,300,150,LT,27-FEB-2025
2025-02-03 13:41:29.129600,LT27FEB25F,FUTSTK,3297.15,6452550,3296.95,3298.0,18384450,150,300,LT,27-FEB-2025
2025-02-03 13:41:35.774764,LT27FEB25F,FUTSTK,3297.0,6453150,3297.0,3297.45,18384450,150,150,LT,27-FEB-2025
2025-02-03 13:41:42.260726,LT27FEB25F,FUTSTK,3296.75,6454350,3296.05,3296.9,18384450,150,11400,LT,27-FEB-2025
2025-02-03 13:41:48.694064,LT27FEB25F,FUTSTK,3296.8,6455100,3296.05,3296.8,18384450,150,11250,LT,27-FEB-2025
2025-02-03 13:41:55.134784,LT27FEB25F,FUTSTK,3296.7,6455250,3296.05,3296.75,18384450,150,11400,LT,27-FEB-2025
2025-02-03 13:42:01.706268,LT27FEB25F,FUTSTK,3295.85,6458850,3295.85,3296.7,18384450,150,150,LT,27-FEB-2025
2025-02-03 13:42:08.135313,LT27FEB25F,FUTSTK,3295.85,6459000,3295.7,3296.6,18384450,150,150,LT,27-FEB-2025
2025-02-03 13:42:14.631053,LT27FEB25F,FUTSTK,3295.55,6459450,3295.55,3295.75,18384450,450,150,LT,27-FEB-2025
2025-02-03 13:42:20.950351,LT27FEB25F,FUTSTK,3295.3,6461700,3295.05,3295.3,18384450,150,8250,LT,27-FEB-2025
2025-02-03 13:42:27.527588,LT27FEB25F,FUTSTK,3294.2,6462750,3294.2,3295.15,18384450,300,150,LT,27-FEB-2025
2025-02-03 13:42:34.313046,LT27FEB25F,FUTSTK,3294.25,6464100,3294.2,3295.05,18384450,600,8100,LT,27-FEB-2025
2025-02-03 13:42:40.849557,LT27FEB25F,FUTSTK,3294.25,6464100,3294.2,3295.05,18384450,750,8250,LT,27-FEB-2025
2025-02-03 13:42:47.516875,LT27FEB25F,FUTSTK,3294.4,6466950,3295.55,3296.15,18384450,150,5700,LT,27-FEB-2025
2025-02-03 13:42:53.957091,LT27FEB25F,FUTSTK,3296.3,6467250,3296.15,3296.6,18384450,300,1200,LT,27-FEB-2025
2025-02-03 13:43:00.371546,LT27FEB25F,FUTSTK,3297.25,6467550,3296.0,3297.0,18384450,600,150,LT,27-FEB-2025
2025-02-03 13:43:06.802858,LT27FEB25F,FUTSTK,3296.35,6468900,3296.3,3297.3,18384450,150,150,LT,27-FEB-2025
2025-02-03 13:43:13.141390,LT27FEB25F,FUTSTK,3297.4,6469500,3296.25,3297.4,18384450,300,150,LT,27-FEB-2025
2025-02-03 13:43:19.738011,LT27FEB25F,FUTSTK,3298.1,6486600,3297.2,3298.35,18384450,150,150,LT,27-FEB-2025
2025-02-03 13:43:26.112298,LT27FEB25F,FUTSTK,3297.0,6488100,3297.0,3298.15,18391800,300,300,LT,27-FEB-2025
2025-02-03 13:43:32.570289,LT27FEB25F,FUTSTK,3298.8,6493200,3298.35,3299.3,18391800,900,150,LT,27-FEB-2025
2025-02-03 13:43:39.042248,LT27FEB25F,FUTSTK,3299.75,6494250,3299.05,3299.65,18391800,900,150,LT,27-FEB-2025
2025-02-03 13:43:45.673878,LT27FEB25F,FUTSTK,3298.05,6502350,3297.25,3298.5,18391800,150,150,LT,27-FEB-2025
2025-02-03 13:43:52.046364,LT27FEB25F,FUTSTK,3299.05,6502950,3297.95,3298.4,18391800,150,150,LT,27-FEB-2025
2025-02-03 13:43:58.664684,LT27FEB25F,FUTSTK,3297.95,6503400,3298.0,3298.45,18391800,300,150,LT,27-FEB-2025
2025-02-03 13:44:05.106813,LT27FEB25F,FUTSTK,3298.1,6505050,3297.65,3298.1,18391800,300,150,LT,27-FEB-2025
2025-02-03 13:44:11.514649,LT27FEB25F,FUTSTK,3297.55,6505500,3297.5,3298.4,18391800,150,150,LT,27-FEB-2025
2025-02-03 13:44:17.858176,LT27FEB25F,FUTSTK,3299.75,6507300,3298.55,3299.7,18391800,150,150,LT,27-FEB-2025
2025-02-03 13:44:24.216071,LT27FEB25F,FUTSTK,3298.1,6508500,3297.3,3298.45,18391800,300,300,LT,27-FEB-2025
2025-02-03 13:44:30.590624,LT27FEB25F,FUTSTK,3297.15,6511500,3297.15,3298.3,18391800,150,150,LT,27-FEB-2025
2025-02-03 13:44:37.003797,LT27FEB25F,FUTSTK,3298.3,6511950,3297.3,3298.15,18391800,150,11250,LT,27-FEB-2025
2025-02-03 13:44:43.690580,LT27FEB25F,FUTSTK,3297.1,6516600,3297.05,3297.85,18391800,150,8700,LT,27-FEB-2025
2025-02-03 13:44:50.570522,LT27FEB25F,FUTSTK,3297.2,6517950,3296.15,3297.05,18391800,150,150,LT,27-FEB-2025
2025-02-03 13:44:56.863615,LT27FEB25F,FUTSTK,3297.2,6517950,3296.15,3297.15,18391800,150,8700,LT,27-FEB-2025
2025-02-03 13:45:03.512921,LT27FEB25F,FUTSTK,3297.4,6527550,3296.55,3297.4,18391800,150,150,LT,27-FEB-2025
2025-02-03 13:45:09.969216,LT27FEB25F,FUTSTK,3296.55,6528750,3296.8,3297.9,18391800,150,150,LT,27-FEB-2025
2025-02-03 13:45:17.931817,LT27FEB25F,FUTSTK,3297.05,6529200,3296.5,3297.55,18391800,150,300,LT,27-FEB-2025
2025-02-03 13:45:24.236705,LT27FEB25F,FUTSTK,3296.5,6529350,3296.65,3297.6,18391800,150,150,LT,27-FEB-2025
2025-02-03 13:45:30.698340,LT27FEB25F,FUTSTK,3297.2,6530400,3297.05,3298.0,18391800,150,150,LT,27-FEB-2025
2025-02-03 13:45:37.168483,LT27FEB25F,FUTSTK,3297.2,6530400,3297.15,3298.0,18391800,150,300,LT,27-FEB-2025
2025-02-03 13:45:43.574498,LT27FEB25F,FUTSTK,3297.7,6531000,3297.5,3298.25,18391800,300,150,LT,27-FEB-2025
2025-02-03 13:45:50.171044,LT27FEB25F,FUTSTK,3297.5,6531900,3296.7,3297.85,18391800,150,150,LT,27-FEB-2025
2025-02-03 13:45:58.158653,LT27FEB25F,FUTSTK,3298.0,6532050,3296.7,3297.7,18391800,450,150,LT,27-FEB-2025
2025-02-03 13:46:04.803411,LT27FEB25F,FUTSTK,3296.7,6532500,3296.15,3297.1,18391800,150,150,LT,27-FEB-2025
2025-02-03 13:46:11.517452,LT27FEB25F,FUTSTK,3297.2,6532650,3295.8,3296.75,18391800,150,150,LT,27-FEB-2025
2025-02-03 13:46:18.200862,LT27FEB25F,FUTSTK,3296.05,6533100,3295.6,3296.7,18391800,300,150,LT,27-FEB-2025
2025-02-03 13:46:26.032605,LT27FEB25F,FUTSTK,3296.1,6533550,3295.6,3296.0,18398100,150,150,LT,27-FEB-2025
2025-02-03 13:46:32.542317,LT27FEB25F,FUTSTK,3296.1,6534900,3296.15,3297.45,18398100,150,150,LT,27-FEB-2025
2025-02-03 13:46:39.482012,LT27FEB25F,FUTSTK,3297.6,6537750,3296.6,3297.8,18398100,150,150,LT,27-FEB-2025
2025-02-03 13:46:46.318643,LT27FEB25F,FUTSTK,3297.0,6538500,3297.0,3297.35,18398100,300,150,LT,27-FEB-2025
2025-02-03 13:46:53.249638,LT27FEB25F,FUTSTK,3297.0,6538650,3297.05,3297.3,18398100,300,150,LT,27-FEB-2025
2025-02-03 13:46:59.964463,LT27FEB25F,FUTSTK,3297.05,6538950,3297.0,3297.25,18398100,450,150,LT,27-FEB-2025
2025-02-03 13:47:06.688596,LT27FEB25F,FUTSTK,3296.5,6540450,3295.5,3296.2,18398100,150,150,LT,27-FEB-2025
2025-02-03 13:47:14.768233,LT27FEB25F,FUTSTK,3296.2,6540900,3295.6,3296.7,18398100,300,150,LT,27-FEB-2025
2025-02-03 13:47:21.306336,LT27FEB25F,FUTSTK,3296.7,6541500,3296.55,3297.75,18398100,150,150,LT,27-FEB-2025
2025-02-03 13:47:27.812968,LT27FEB25F,FUTSTK,3298.0,6542100,3297.6,3298.65,18398100,150,150,LT,27-FEB-2025
2025-02-03 13:47:34.259052,LT27FEB25F,FUTSTK,3298.1,6543000,3297.7,3298.8,18398100,150,300,LT,27-FEB-2025
2025-02-03 13:47:40.977297,LT27FEB25F,FUTSTK,3298.1,6543000,3297.75,3298.8,18398100,450,450,LT,27-FEB-2025
2025-02-03 13:47:47.443259,LT27FEB25F,FUTSTK,3299.0,6543600,3298.5,3299.75,18398100,150,150,LT,27-FEB-2025
2025-02-03 13:47:53.879440,LT27FEB25F,FUTSTK,3298.85,6544950,3298.9,3300.0,18398100,450,300,LT,27-FEB-2025
2025-02-03 13:48:00.442756,LT27FEB25F,FUTSTK,3299.95,6545250,3299.15,3300.0,18398100,150,300,LT,27-FEB-2025
2025-02-03 13:48:07.953000,LT27FEB25F,FUTSTK,3298.05,6547050,3298.0,3298.9,18398100,150,150,LT,27-FEB-2025
2025-02-03 13:48:14.714984,LT27FEB25F,FUTSTK,3299.35,6547650,3298.55,3299.5,18398100,150,150,LT,27-FEB-2025
2025-02-03 13:48:21.162985,LT27FEB25F,FUTSTK,3297.55,6548700,3297.75,3298.85,18398100,150,150,LT,27-FEB-2025
2025-02-03 13:48:27.753542,LT27FEB25F,FUTSTK,3296.8,6549000,3296.55,3297.6,18398100,150,300,LT,27-FEB-2025
2025-02-03 13:48:34.187952,LT27FEB25F,FUTSTK,3296.8,6549000,3296.4,3297.45,18398100,300,150,LT,27-FEB-2025
2025-02-03 13:48:40.583121,LT27FEB25F,FUTSTK,3296.8,6549000,3297.0,3297.45,18398100,150,450,LT,27-FEB-2025
2025-02-03 13:48:46.905128,LT27FEB25F,FUTSTK,3297.05,6549300,3297.05,3297.45,18398100,450,450,LT,27-FEB-2025
2025-02-03 13:48:53.263084,LT27FEB25F,FUTSTK,3296.4,6550200,3296.4,3297.3,18398100,300,150,LT,27-FEB-2025
2025-02-03 13:49:00.066771,LT27FEB25F,FUTSTK,3296.35,6551100,3296.35,3297.35,18398100,300,150,LT,27-FEB-2025
2025-02-03 13:49:06.631628,LT27FEB25F,FUTSTK,3297.35,6551850,3296.35,3297.4,18398100,150,150,LT,27-FEB-2025
2025-02-03 13:49:13.132532,LT27FEB25F,FUTSTK,3295.5,6553050,3295.25,3296.2,18398100,450,150,LT,27-FEB-2025
2025-02-03 13:49:19.680965,LT27FEB25F,FUTSTK,3296.95,6554100,3295.65,3296.9,18398100,150,150,LT,27-FEB-2025
2025-02-03 13:49:26.096485,LT27FEB25F,FUTSTK,3297.15,6554700,3296.4,3297.55,18393150,150,300,LT,27-FEB-2025
2025-02-03 13:49:32.613917,LT27FEB25F,FUTSTK,3296.35,6555000,3296.1,3296.95,18393150,300,300,LT,27-FEB-2025
2025-02-03 13:49:38.938541,LT27FEB25F,FUTSTK,3295.05,6555900,3295.0,3295.5,18393150,900,150,LT,27-FEB-2025
2025-02-03 13:49:45.467946,LT27FEB25F,FUTSTK,3295.85,6556950,3295.2,3296.4,18393150,150,300,LT,27-FEB-2025
2025-02-03 13:49:52.105453,LT27FEB25F,FUTSTK,3295.0,6557250,3295.0,3295.7,18393150,300,150,LT,27-FEB-2025
2025-02-03 13:49:58.793089,LT27FEB25F,FUTSTK,3294.15,6560700,3294.15,3295.25,18393150,150,300,LT,27-FEB-2025
2025-02-03 13:50:06.008356,LT27FEB25F,FUTSTK,3295.1,6561000,3294.05,3295.05,18393150,150,150,LT,27-FEB-2025
2025-02-03 13:50:12.716542,LT27FEB25F,FUTSTK,3295.2,6562350,3295.15,3296.55,18393150,300,150,LT,27-FEB-2025
2025-02-03 13:50:19.313889,LT27FEB25F,FUTSTK,3295.15,6562650,3295.15,3296.15,18393150,300,150,LT,27-FEB-2025
2025-02-03 13:50:25.840513,LT27FEB25F,FUTSTK,3295.05,6563550,3295.05,3295.6,18393150,150,150,LT,27-FEB-2025
2025-02-03 13:50:32.608774,LT27FEB25F,FUTSTK,3294.55,6564600,3294.2,3295.0,18393150,150,300,LT,27-FEB-2025
2025-02-03 13:50:39.047779,LT27FEB25F,FUTSTK,3295.0,6564900,3294.0,3295.0,18393150,150,300,LT,27-FEB-2025
2025-02-03 13:50:45.474854,LT27FEB25F,FUTSTK,3295.45,6565800,3294.25,3295.45,18393150,150,150,LT,27-FEB-2025
2025-02-03 13:50:52.057491,LT27FEB25F,FUTSTK,3293.95,6566250,3293.95,3295.1,18393150,150,150,LT,27-FEB-2025
2025-02-03 13:50:58.766945,LT27FEB25F,FUTSTK,3293.9,6567000,3293.9,3294.95,18393150,150,150,LT,27-FEB-2025
2025-02-03 13:51:05.475633,LT27FEB25F,FUTSTK,3293.2,6568500,3293.2,3294.2,18393150,300,150,LT,27-FEB-2025
2025-02-03 13:51:12.028660,LT27FEB25F,FUTSTK,3293.5,6569550,3293.55,3294.95,18393150,450,150,LT,27-FEB-2025
2025-02-03 13:51:18.680980,LT27FEB25F,FUTSTK,3293.5,6570450,3293.15,3294.35,18393150,150,150,LT,27-FEB-2025
2025-02-03 13:51:25.013071,LT27FEB25F,FUTSTK,3293.1,6571500,3293.15,3294.25,18393150,150,300,LT,27-FEB-2025
2025-02-03 13:51:31.453217,LT27FEB25F,FUTSTK,3289.0,6575250,3288.95,3290.0,18393150,150,150,LT,27-FEB-2025
2025-02-03 13:51:37.905607,LT27FEB25F,FUTSTK,3288.0,6577950,3288.1,3289.3,18393150,150,150,LT,27-FEB-2025
2025-02-03 13:51:44.238989,LT27FEB25F,FUTSTK,3288.8,6580050,3287.8,3288.8,18393150,150,300,LT,27-FEB-2025
2025-02-03 13:51:50.507746,LT27FEB25F,FUTSTK,3288.45,6582600,3287.95,3289.55,18393150,150,150,LT,27-FEB-2025
2025-02-03 13:51:56.883606,LT27FEB25F,FUTSTK,3289.3,6583650,3288.45,3289.25,18393150,300,150,LT,27-FEB-2025
2025-02-03 13:52:05.658859,LT27FEB25F,FUTSTK,3289.15,6584250,3288.45,3289.15,18393150,150,150,LT,27-FEB-2025
2025-02-03 13:52:12.339100,LT27FEB25F,FUTSTK,3285.45,6587400,3285.7,3286.7,18393150,150,150,LT,27-FEB-2025
2025-02-03 13:52:18.727638,LT27FEB25F,FUTSTK,3286.0,6591300,3286.9,3287.6,18393150,450,300,LT,27-FEB-2025
2025-02-03 13:52:25.431496,LT27FEB25F,FUTSTK,3287.35,6591750,3286.2,3287.35,18390150,150,300,LT,27-FEB-2025
2025-02-03 13:52:31.797705,LT27FEB25F,FUTSTK,3287.35,6592050,3287.0,3287.7,18390150,150,150,LT,27-FEB-2025
2025-02-03 13:52:38.631916,LT27FEB25F,FUTSTK,3286.25,6592650,3286.45,3287.3,18390150,150,150,LT,27-FEB-2025
2025-02-03 13:52:45.626909,LT27FEB25F,FUTSTK,3286.25,6593250,3286.2,3287.25,18390150,150,300,LT,27-FEB-2025
2025-02-03 13:52:52.108407,LT27FEB25F,FUTSTK,3287.3,6593700,3286.5,3287.0,18390150,300,150,LT,27-FEB-2025
2025-02-03 13:52:58.568033,LT27FEB25F,FUTSTK,3287.0,6594600,3286.4,3287.65,18390150,150,150,LT,27-FEB-2025
2025-02-03 13:53:06.110086,LT27FEB25F,FUTSTK,3287.65,6595050,3287.1,3288.25,18390150,150,150,LT,27-FEB-2025
2025-02-03 13:53:12.712244,LT27FEB25F,FUTSTK,3287.2,6595800,3287.2,3287.65,18390150,150,150,LT,27-FEB-2025
2025-02-03 13:53:19.190664,LT27FEB25F,FUTSTK,3287.65,6596250,3286.9,3288.1,18390150,150,150,LT,27-FEB-2025
2025-02-03 13:53:25.799296,LT27FEB25F,FUTSTK,3286.95,6596400,3287.0,3288.35,18390150,300,150,LT,27-FEB-2025
2025-02-03 13:53:32.366190,LT27FEB25F,FUTSTK,3287.1,6597150,3287.05,3288.2,18390150,150,300,LT,27-FEB-2025
2025-02-03 13:53:39.803627,LT27FEB25F,FUTSTK,3287.05,6597300,3287.0,3288.0,18390150,150,150,LT,27-FEB-2025
2025-02-03 13:53:46.119007,LT27FEB25F,FUTSTK,3286.95,6597600,3286.95,3287.55,18390150,150,150,LT,27-FEB-2025
2025-02-03 13:53:52.602231,LT27FEB25F,FUTSTK,3288.1,6597900,3287.25,3288.45,18390150,150,150,LT,27-FEB-2025
2025-02-03 13:53:59.164859,LT27FEB25F,FUTSTK,3287.05,6598650,3286.7,3287.7,18390150,300,150,LT,27-FEB-2025
2025-02-03 13:54:05.588259,LT27FEB25F,FUTSTK,3286.9,6598800,3286.6,3287.7,18390150,150,300,LT,27-FEB-2025
2025-02-03 13:54:11.915353,LT27FEB25F,FUTSTK,3287.1,6599250,3286.35,3287.5,18390150,150,150,LT,27-FEB-2025
2025-02-03 13:54:18.182617,LT27FEB25F,FUTSTK,3287.75,6600150,3287.75,3288.4,18390150,150,150,LT,27-FEB-2025
2025-02-03 13:54:24.742683,LT27FEB25F,FUTSTK,3287.1,6600900,3286.95,3287.95,18390150,150,150,LT,27-FEB-2025
2025-02-03 13:54:31.128176,LT27FEB25F,FUTSTK,3287.7,6601500,3287.0,3287.8,18390150,150,150,LT,27-FEB-2025
2025-02-03 13:54:37.682295,LT27FEB25F,FUTSTK,3287.7,6601650,3287.0,3287.7,18390150,150,300,LT,27-FEB-2025
2025-02-03 13:54:44.263125,LT27FEB25F,FUTSTK,3287.0,6601950,3287.0,3287.7,18390150,150,300,LT,27-FEB-2025
2025-02-03 13:54:52.055760,LT27FEB25F,FUTSTK,3286.6,6602700,3286.0,3286.6,18390150,300,150,LT,27-FEB-2025
2025-02-03 13:54:58.494626,LT27FEB25F,FUTSTK,3285.95,6604050,3285.95,3287.2,18390150,150,150,LT,27-FEB-2025
2025-02-03 13:55:05.157237,LT27FEB25F,FUTSTK,3285.95,6604050,3286.3,3287.15,18390150,150,150,LT,27-FEB-2025
2025-02-03 13:55:11.705489,LT27FEB25F,FUTSTK,3287.75,6604500,3287.25,3288.45,18390150,300,150,LT,27-FEB-2025
2025-02-03 13:55:18.321954,LT27FEB25F,FUTSTK,3288.0,6604800,3288.0,3288.5,18390150,150,150,LT,27-FEB-2025
2025-02-03 13:55:25.077898,LT27FEB25F,FUTSTK,3288.0,6605700,3287.0,3287.35,18377850,150,150,LT,27-FEB-2025
2025-02-03 13:55:31.584060,LT27FEB25F,FUTSTK,3288.4,6606450,3287.15,3288.35,18377850,150,300,LT,27-FEB-2025
2025-02-03 13:55:37.933230,LT27FEB25F,FUTSTK,3287.4,6607050,3287.35,3288.0,18377850,150,150,LT,27-FEB-2025
2025-02-03 13:55:44.444472,LT27FEB25F,FUTSTK,3288.0,6607200,3288.0,3288.3,18377850,150,150,LT,27-FEB-2025
2025-02-03 13:55:50.997841,LT27FEB25F,FUTSTK,3288.0,6607350,3287.4,3288.2,18377850,150,450,LT,27-FEB-2025
2025-02-03 13:55:57.323705,LT27FEB25F,FUTSTK,3288.2,6607650,3287.55,3288.2,18377850,150,150,LT,27-FEB-2025
2025-02-03 13:56:03.670876,LT27FEB25F,FUTSTK,3289.4,6614400,3288.35,3289.4,18377850,150,150,LT,27-FEB-2025
2025-02-03 13:56:10.035541,LT27FEB25F,FUTSTK,3290.0,6615300,3289.05,3290.25,18377850,150,150,LT,27-FEB-2025
2025-02-03 13:56:16.489619,LT27FEB25F,FUTSTK,3290.25,6615600,3289.75,3291.15,18377850,750,450,LT,27-FEB-2025
2025-02-03 13:56:23.061060,LT27FEB25F,FUTSTK,3290.05,6616050,3290.15,3291.15,18377850,150,150,LT,27-FEB-2025
2025-02-03 13:56:29.656241,LT27FEB25F,FUTSTK,3290.15,6616200,3290.3,3291.25,18377850,450,150,LT,27-FEB-2025
2025-02-03 13:56:36.146184,LT27FEB25F,FUTSTK,3290.0,6617250,3290.0,3290.35,18377850,150,150,LT,27-FEB-2025
2025-02-03 13:56:42.414459,LT27FEB25F,FUTSTK,3290.4,6618450,3289.5,3290.75,18377850,150,150,LT,27-FEB-2025
2025-02-03 13:56:49.001142,LT27FEB25F,FUTSTK,3290.7,6619050,3289.8,3290.7,18377850,150,150,LT,27-FEB-2025
2025-02-03 13:56:55.417925,LT27FEB25F,FUTSTK,3290.9,6619350,3290.7,3291.85,18377850,150,1650,LT,27-FEB-2025
2025-02-03 13:57:01.895863,LT27FEB25F,FUTSTK,3290.7,6619500,3290.3,3291.55,18377850,300,150,LT,27-FEB-2025
2025-02-03 13:57:08.295504,LT27FEB25F,FUTSTK,3291.9,6620250,3292.15,3293.25,18377850,300,300,LT,27-FEB-2025
2025-02-03 13:57:14.867053,LT27FEB25F,FUTSTK,3293.55,6621150,3292.25,3293.7,18377850,150,150,LT,27-FEB-2025
2025-02-03 13:57:21.623502,LT27FEB25F,FUTSTK,3292.55,6621900,3291.75,3292.95,18377850,150,150,LT,27-FEB-2025
2025-02-03 13:57:28.448309,LT27FEB25F,FUTSTK,3291.95,6622200,3291.75,3292.75,18377850,150,150,LT,27-FEB-2025
2025-02-03 13:57:35.167733,LT27FEB25F,FUTSTK,3292.0,6622650,3291.15,3292.5,18377850,150,450,LT,27-FEB-2025
2025-02-03 13:57:41.562968,LT27FEB25F,FUTSTK,3291.1,6623550,3291.15,3292.35,18377850,150,600,LT,27-FEB-2025
2025-02-03 13:57:47.913130,LT27FEB25F,FUTSTK,3291.45,6624900,3291.15,3292.65,18377850,150,300,LT,27-FEB-2025
2025-02-03 13:57:54.236629,LT27FEB25F,FUTSTK,3292.6,6625050,3290.95,3292.15,18377850,150,150,LT,27-FEB-2025
2025-02-03 13:58:00.975598,LT27FEB25F,FUTSTK,3291.7,6626700,3291.05,3292.25,18377850,150,150,LT,27-FEB-2025
2025-02-03 13:58:07.459084,LT27FEB25F,FUTSTK,3291.7,6626700,3291.4,3292.75,18377850,150,300,LT,27-FEB-2025
2025-02-03 13:58:13.913687,LT27FEB25F,FUTSTK,3291.55,6627000,3291.3,3292.45,18377850,150,300,LT,27-FEB-2025
2025-02-03 13:58:20.754105,LT27FEB25F,FUTSTK,3291.65,6627600,3290.95,3292.05,18377850,150,300,LT,27-FEB-2025
2025-02-03 13:58:27.813381,LT27FEB25F,FUTSTK,3292.7,6628950,3291.15,3292.4,18374400,150,150,LT,27-FEB-2025
2025-02-03 13:58:34.980802,LT27FEB25F,FUTSTK,3291.15,6629100,3291.4,3292.8,18374400,300,150,LT,27-FEB-2025
2025-02-03 13:58:41.619495,LT27FEB25F,FUTSTK,3290.7,6632100,3290.7,3291.85,18374400,150,300,LT,27-FEB-2025
2025-02-03 13:58:48.358217,LT27FEB25F,FUTSTK,3290.7,6632250,3291.1,3292.0,18374400,300,150,LT,27-FEB-2025
2025-02-03 13:58:55.759453,LT27FEB25F,FUTSTK,3291.85,6632400,3291.15,3291.95,18374400,600,150,LT,27-FEB-2025
2025-02-03 13:59:02.256535,LT27FEB25F,FUTSTK,3291.6,6632400,3291.6,3292.0,18374400,300,150,LT,27-FEB-2025
2025-02-03 13:59:08.629692,LT27FEB25F,FUTSTK,3291.25,6632850,3291.4,3292.0,18374400,450,450,LT,27-FEB-2025
2025-02-03 13:59:15.075411,LT27FEB25F,FUTSTK,3291.95,6635250,3290.7,3291.75,18374400,450,150,LT,27-FEB-2025
2025-02-03 13:59:21.601381,LT27FEB25F,FUTSTK,3292.9,6637200,3291.6,3292.95,18374400,150,150,LT,27-FEB-2025
2025-02-03 13:59:28.134271,LT27FEB25F,FUTSTK,3292.45,6638250,3291.1,3292.6,18374400,150,1200,LT,27-FEB-2025
2025-02-03 13:59:34.374057,LT27FEB25F,FUTSTK,3292.45,6638250,3291.4,3292.2,18374400,450,150,LT,27-FEB-2025
2025-02-03 13:59:41.866116,LT27FEB25F,FUTSTK,3292.2,6638550,3291.45,3292.5,18374400,300,1350,LT,27-FEB-2025
2025-02-03 13:59:48.470644,LT27FEB25F,FUTSTK,3292.4,6638700,3292.0,3292.4,18374400,300,150,LT,27-FEB-2025
2025-02-03 13:59:55.116339,LT27FEB25F,FUTSTK,3292.4,6638850,3292.0,3292.65,18374400,300,300,LT,27-FEB-2025
2025-02-03 14:00:01.675797,LT27FEB25F,FUTSTK,3292.15,6639600,3291.15,3292.1,18374400,150,150,LT,27-FEB-2025
2025-02-03 14:00:08.215353,LT27FEB25F,FUTSTK,3291.55,6640050,3291.6,3292.7,18374400,300,300,LT,27-FEB-2025
2025-02-03 14:00:14.761357,LT27FEB25F,FUTSTK,3293.15,6641100,3292.3,3293.45,18374400,150,150,LT,27-FEB-2025
2025-02-03 14:00:21.295572,LT27FEB25F,FUTSTK,3292.75,6641850,3292.85,3293.75,18374400,150,150,LT,27-FEB-2025
2025-02-03 14:00:28.675177,LT27FEB25F,FUTSTK,3292.75,6641850,3292.9,3293.95,18374400,150,150,LT,27-FEB-2025
2025-02-03 14:00:35.121548,LT27FEB25F,FUTSTK,3293.9,6642150,3293.3,3293.95,18374400,600,150,LT,27-FEB-2025
2025-02-03 14:00:41.899339,LT27FEB25F,FUTSTK,3293.3,6642750,3293.25,3294.0,18374400,150,300,LT,27-FEB-2025
2025-02-03 14:00:49.354826,LT27FEB25F,FUTSTK,3293.9,6643800,3293.0,3293.95,18374400,150,450,LT,27-FEB-2025
2025-02-03 14:00:58.386711,LT27FEB25F,FUTSTK,3294.0,6645600,3293.2,3294.6,18374400,150,1200,LT,27-FEB-2025
2025-02-03 14:01:04.871270,LT27FEB25F,FUTSTK,3293.35,6646050,3293.35,3294.1,18374400,150,150,LT,27-FEB-2025
2025-02-03 14:01:11.340441,LT27FEB25F,FUTSTK,3293.95,6646200,3293.35,3294.05,18374400,150,300,LT,27-FEB-2025
2025-02-03 14:01:18.219650,LT27FEB25F,FUTSTK,3294.05,6646650,3293.7,3294.05,18374400,300,600,LT,27-FEB-2025
2025-02-03 14:01:24.859078,LT27FEB25F,FUTSTK,3294.05,6646800,3293.25,3294.05,18374400,150,450,LT,27-FEB-2025
2025-02-03 14:01:31.673951,LT27FEB25F,FUTSTK,3294.05,6646800,3293.25,3293.65,18374400,150,300,LT,27-FEB-2025
2025-02-03 14:01:38.377523,LT27FEB25F,FUTSTK,3293.25,6646950,3293.0,3293.6,18370950,150,300,LT,27-FEB-2025
2025-02-03 14:01:45.904814,LT27FEB25F,FUTSTK,3292.95,6647550,3292.95,3293.55,18370950,450,300,LT,27-FEB-2025
2025-02-03 14:01:52.605048,LT27FEB25F,FUTSTK,3292.8,6648150,3292.8,3293.45,18370950,150,300,LT,27-FEB-2025
2025-02-03 14:01:59.266513,LT27FEB25F,FUTSTK,3292.0,6649500,3292.05,3292.8,18370950,150,300,LT,27-FEB-2025
2025-02-03 14:02:05.719748,LT27FEB25F,FUTSTK,3292.0,6651600,3292.0,3292.5,18370950,150,150,LT,27-FEB-2025
2025-02-03 14:02:12.348743,LT27FEB25F,FUTSTK,3292.0,6651600,3292.0,3292.45,18370950,150,300,LT,27-FEB-2025
2025-02-03 14:02:19.240349,LT27FEB25F,FUTSTK,3292.0,6652050,3292.0,3292.45,18370950,150,600,LT,27-FEB-2025
2025-02-03 14:02:26.015319,LT27FEB25F,FUTSTK,3292.45,6652500,3292.15,3292.5,18370950,300,450,LT,27-FEB-2025
2025-02-03 14:02:32.663208,LT27FEB25F,FUTSTK,3293.95,6653250,3293.0,3293.95,18370950,300,1500,LT,27-FEB-2025
2025-02-03 14:02:39.233274,LT27FEB25F,FUTSTK,3295.45,6654150,3294.05,3294.8,18370950,300,150,LT,27-FEB-2025
2025-02-03 14:02:45.881364,LT27FEB25F,FUTSTK,3294.55,6654900,3293.5,3294.55,18370950,150,150,LT,27-FEB-2025
2025-02-03 14:02:52.636977,LT27FEB25F,FUTSTK,3293.55,6655050,3293.55,3294.9,18370950,150,300,LT,27-FEB-2025
2025-02-03 14:02:59.164504,LT27FEB25F,FUTSTK,3293.55,6655200,3293.55,3294.2,18370950,300,150,LT,27-FEB-2025
2025-02-03 14:03:05.878869,LT27FEB25F,FUTSTK,3294.25,6655800,3293.55,3294.3,18370950,150,150,LT,27-FEB-2025
2025-02-03 14:03:12.454041,LT27FEB25F,FUTSTK,3295.0,6656700,3294.75,3295.5,18370950,150,150,LT,27-FEB-2025
2025-02-03 14:03:18.928286,LT27FEB25F,FUTSTK,3295.85,6657450,3295.85,3296.8,18370950,150,150,LT,27-FEB-2025
2025-02-03 14:03:25.587884,LT27FEB25F,FUTSTK,3295.3,6657750,3295.35,3295.95,18370950,450,150,LT,27-FEB-2025
2025-02-03 14:03:32.233786,LT27FEB25F,FUTSTK,3294.7,6658350,3294.25,3294.85,18370950,150,150,LT,27-FEB-2025
2025-02-03 14:03:39.041334,LT27FEB25F,FUTSTK,3295.0,6658800,3294.3,3295.1,18370950,150,150,LT,27-FEB-2025
2025-02-03 14:03:45.661838,LT27FEB25F,FUTSTK,3295.2,6658950,3294.65,3294.95,18370950,150,150,LT,27-FEB-2025
2025-02-03 14:03:52.159108,LT27FEB25F,FUTSTK,3293.65,6660000,3293.4,3294.6,18370950,300,150,LT,27-FEB-2025
2025-02-03 14:03:59.225473,LT27FEB25F,FUTSTK,3293.65,6660750,3293.45,3294.35,18370950,150,150,LT,27-FEB-2025
2025-02-03 14:04:05.835888,LT27FEB25F,FUTSTK,3293.65,6660750,3293.5,3294.2,18370950,150,300,LT,27-FEB-2025
2025-02-03 14:04:12.338726,LT27FEB25F,FUTSTK,3294.2,6660900,3293.4,3294.2,18370950,150,150,LT,27-FEB-2025
2025-02-03 14:04:19.207225,LT27FEB25F,FUTSTK,3293.45,6661200,3293.4,3294.3,18370950,150,150,LT,27-FEB-2025
2025-02-03 14:04:25.818358,LT27FEB25F,FUTSTK,3293.2,6661950,3293.1,3294.2,18364350,150,150,LT,27-FEB-2025
2025-02-03 14:04:32.498318,LT27FEB25F,FUTSTK,3295.75,6664800,3295.05,3296.3,18364350,150,150,LT,27-FEB-2025
2025-02-03 14:04:38.912220,LT27FEB25F,FUTSTK,3295.05,6665550,3295.05,3296.3,18364350,450,150,LT,27-FEB-2025
2025-02-03 14:04:45.396933,LT27FEB25F,FUTSTK,3296.45,6665850,3295.5,3296.55,18364350,150,300,LT,27-FEB-2025
2025-02-03 14:04:52.285241,LT27FEB25F,FUTSTK,3295.95,6665850,3295.55,3296.25,18364350,300,1350,LT,27-FEB-2025
2025-02-03 14:04:58.935353,LT27FEB25F,FUTSTK,3295.3,6666450,3294.9,3296.0,18364350,150,300,LT,27-FEB-2025
2025-02-03 14:05:05.606740,LT27FEB25F,FUTSTK,3295.75,6666600,3294.85,3295.75,18364350,300,150,LT,27-FEB-2025
2025-02-03 14:05:12.188737,LT27FEB25F,FUTSTK,3295.75,6666600,3294.9,3295.75,18364350,300,150,LT,27-FEB-2025
2025-02-03 14:05:18.568047,LT27FEB25F,FUTSTK,3295.25,6666600,3295.25,3295.5,18364350,300,750,LT,27-FEB-2025
2025-02-03 14:05:24.917560,LT27FEB25F,FUTSTK,3296.0,6669300,3295.95,3296.95,18364350,150,150,LT,27-FEB-2025
2025-02-03 14:05:31.521283,LT27FEB25F,FUTSTK,3295.75,6669600,3295.25,3296.2,18364350,150,150,LT,27-FEB-2025
2025-02-03 14:05:38.062273,LT27FEB25F,FUTSTK,3295.05,6670800,3295.0,3296.05,18364350,750,150,LT,27-FEB-2025
2025-02-03 14:05:44.928848,LT27FEB25F,FUTSTK,3295.0,6671100,3295.25,3296.0,18364350,150,150,LT,27-FEB-2025
2025-02-03 14:05:51.699318,LT27FEB25F,FUTSTK,3296.0,6671250,3295.5,3296.5,18364350,150,150,LT,27-FEB-2025
2025-02-03 14:05:58.531886,LT27FEB25F,FUTSTK,3297.0,6672150,3296.5,3297.0,18364350,2700,300,LT,27-FEB-2025
2025-02-03 14:06:05.527342,LT27FEB25F,FUTSTK,3295.4,6677400,3295.05,3295.95,18364350,150,300,LT,27-FEB-2025
2025-02-03 14:06:12.188012,LT27FEB25F,FUTSTK,3295.2,6678450,3295.15,3296.1,18364350,150,150,LT,27-FEB-2025
2025-02-03 14:06:18.626014,LT27FEB25F,FUTSTK,3295.2,6678450,3295.15,3296.25,18364350,150,150,LT,27-FEB-2025
2025-02-03 14:06:25.113023,LT27FEB25F,FUTSTK,3296.85,6679200,3296.3,3297.7,18364350,300,150,LT,27-FEB-2025
2025-02-03 14:06:31.722145,LT27FEB25F,FUTSTK,3297.1,6679800,3296.45,3297.7,18364350,300,150,LT,27-FEB-2025
2025-02-03 14:06:38.339126,LT27FEB25F,FUTSTK,3297.2,6680250,3296.7,3297.45,18364350,300,300,LT,27-FEB-2025
2025-02-03 14:06:44.873106,LT27FEB25F,FUTSTK,3297.2,6680250,3296.75,3297.5,18364350,300,150,LT,27-FEB-2025
2025-02-03 14:06:51.527902,LT27FEB25F,FUTSTK,3297.1,6680850,3296.95,3297.5,18364350,300,150,LT,27-FEB-2025
2025-02-03 14:06:58.129772,LT27FEB25F,FUTSTK,3296.95,6681750,3296.15,3296.95,18364350,150,150,LT,27-FEB-2025
2025-02-03 14:07:05.070753,LT27FEB25F,FUTSTK,3296.15,6682050,3296.1,3297.1,18364350,150,300,LT,27-FEB-2025
2025-02-03 14:07:11.973269,LT27FEB25F,FUTSTK,3296.95,6682950,3296.25,3297.3,18364350,150,150,LT,27-FEB-2025
2025-02-03 14:07:18.907353,LT27FEB25F,FUTSTK,3296.95,6682950,3296.15,3297.4,18364350,150,150,LT,27-FEB-2025
2025-02-03 14:07:27.047797,LT27FEB25F,FUTSTK,3297.3,6683100,3296.25,3297.25,18366900,300,450,LT,27-FEB-2025
2025-02-03 14:07:33.603165,LT27FEB25F,FUTSTK,3299.0,6684750,3298.3,3299.0,18366900,150,150,LT,27-FEB-2025
2025-02-03 14:07:40.195306,LT27FEB25F,FUTSTK,3298.25,6685350,3298.2,3298.9,18366900,150,150,LT,27-FEB-2025
2025-02-03 14:07:46.848182,LT27FEB25F,FUTSTK,3299.45,6686400,3298.7,3299.7,18366900,150,150,LT,27-FEB-2025
2025-02-03 14:07:53.366852,LT27FEB25F,FUTSTK,3298.5,6689250,3298.0,3298.45,18366900,150,150,LT,27-FEB-2025
2025-02-03 14:07:59.915704,LT27FEB25F,FUTSTK,3298.0,6689700,3297.25,3298.55,18366900,150,150,LT,27-FEB-2025
2025-02-03 14:08:06.339235,LT27FEB25F,FUTSTK,3297.35,6690000,3297.45,3298.3,18366900,150,450,LT,27-FEB-2025
2025-02-03 14:08:12.970806,LT27FEB25F,FUTSTK,3297.2,6690450,3297.2,3298.0,18366900,150,300,LT,27-FEB-2025
2025-02-03 14:08:19.349097,LT27FEB25F,FUTSTK,3297.4,6690900,3297.25,3297.8,18366900,150,150,LT,27-FEB-2025
2025-02-03 14:08:25.757041,LT27FEB25F,FUTSTK,3297.9,6691500,3297.0,3297.95,18366900,150,150,LT,27-FEB-2025
2025-02-03 14:08:32.420137,LT27FEB25F,FUTSTK,3297.4,6691800,3297.0,3297.5,18366900,150,150,LT,27-FEB-2025
2025-02-03 14:08:38.956554,LT27FEB25F,FUTSTK,3298.0,6692100,3296.85,3298.0,18366900,150,150,LT,27-FEB-2025
2025-02-03 14:08:45.581895,LT27FEB25F,FUTSTK,3297.45,6692400,3297.65,3298.6,18366900,150,150,LT,27-FEB-2025
2025-02-03 14:08:52.187410,LT27FEB25F,FUTSTK,3298.65,6693600,3297.95,3299.25,18366900,150,150,LT,27-FEB-2025
2025-02-03 14:08:58.745204,LT27FEB25F,FUTSTK,3298.8,6693900,3297.85,3298.9,18366900,450,300,LT,27-FEB-2025
2025-02-03 14:09:05.386928,LT27FEB25F,FUTSTK,3298.85,6694350,3297.9,3299.0,18366900,300,150,LT,27-FEB-2025
2025-02-03 14:09:12.174730,LT27FEB25F,FUTSTK,3297.0,6694950,3296.55,3297.95,18366900,300,150,LT,27-FEB-2025
2025-02-03 14:09:18.698972,LT27FEB25F,FUTSTK,3298.05,6695550,3297.05,3298.25,18366900,150,150,LT,27-FEB-2025
2025-02-03 14:09:25.333088,LT27FEB25F,FUTSTK,3298.65,6695850,3297.3,3298.7,18366900,300,150,LT,27-FEB-2025
2025-02-03 14:09:31.752539,LT27FEB25F,FUTSTK,3299.2,6696600,3298.2,3299.3,18366900,150,300,LT,27-FEB-2025
2025-02-03 14:09:38.517468,LT27FEB25F,FUTSTK,3298.15,6697200,3298.0,3298.75,18366900,150,150,LT,27-FEB-2025
2025-02-03 14:09:45.156672,LT27FEB25F,FUTSTK,3298.0,6697350,3297.4,3298.15,18366900,150,300,LT,27-FEB-2025
2025-02-03 14:09:51.629705,LT27FEB25F,FUTSTK,3298.15,6698100,3297.7,3299.0,18366900,150,150,LT,27-FEB-2025
2025-02-03 14:09:58.125498,LT27FEB25F,FUTSTK,3299.0,6698250,3297.6,3298.85,18366900,150,1350,LT,27-FEB-2025
2025-02-03 14:10:04.641849,LT27FEB25F,FUTSTK,3298.25,6698550,3297.55,3298.0,18366900,150,150,LT,27-FEB-2025
2025-02-03 14:10:11.153677,LT27FEB25F,FUTSTK,3298.25,6698550,3297.15,3297.95,18366900,150,300,LT,27-FEB-2025
2025-02-03 14:10:17.622594,LT27FEB25F,FUTSTK,3298.0,6699450,3298.0,3298.85,18366900,150,300,LT,27-FEB-2025
2025-02-03 14:10:24.677624,LT27FEB25F,FUTSTK,3298.05,6699600,3298.05,3298.9,18366900,450,150,LT,27-FEB-2025
2025-02-03 14:10:31.148643,LT27FEB25F,FUTSTK,3298.0,6700350,3297.1,3298.55,18364050,150,150,LT,27-FEB-2025
2025-02-03 14:10:37.864150,LT27FEB25F,FUTSTK,3297.6,6702300,3297.55,3298.85,18364050,150,150,LT,27-FEB-2025
2025-02-03 14:10:44.499000,LT27FEB25F,FUTSTK,3297.6,6702750,3297.55,3298.8,18364050,450,300,LT,27-FEB-2025
2025-02-03 14:10:51.635782,LT27FEB25F,FUTSTK,3298.4,6703800,3297.3,3298.45,18364050,300,450,LT,27-FEB-2025
2025-02-03 14:10:57.989788,LT27FEB25F,FUTSTK,3298.4,6703800,3297.3,3298.35,18364050,450,150,LT,27-FEB-2025
2025-02-03 14:11:04.402633,LT27FEB25F,FUTSTK,3297.4,6704100,3297.45,3298.0,18364050,450,150,LT,27-FEB-2025
2025-02-03 14:11:10.919183,LT27FEB25F,FUTSTK,3298.0,6704250,3297.45,3298.35,18364050,450,150,LT,27-FEB-2025
2025-02-03 14:11:17.371689,LT27FEB25F,FUTSTK,3298.35,6704400,3297.85,3298.6,18364050,450,2250,LT,27-FEB-2025
2025-02-03 14:11:23.722326,LT27FEB25F,FUTSTK,3297.85,6704550,3297.85,3298.55,18364050,300,1200,LT,27-FEB-2025
2025-02-03 14:11:30.019813,LT27FEB25F,FUTSTK,3298.35,6707100,3298.25,3298.9,18364050,150,150,LT,27-FEB-2025
2025-02-03 14:11:36.373864,LT27FEB25F,FUTSTK,3298.55,6707250,3298.55,3299.0,18364050,300,150,LT,27-FEB-2025
2025-02-03 14:11:42.768173,LT27FEB25F,FUTSTK,3298.35,6707700,3298.55,3299.0,18364050,150,150,LT,27-FEB-2025
2025-02-03 14:11:49.117140,LT27FEB25F,FUTSTK,3298.35,6707700,3298.6,3299.0,18364050,300,600,LT,27-FEB-2025
2025-02-03 14:11:55.466249,LT27FEB25F,FUTSTK,3298.35,6708900,3297.45,3298.4,18364050,150,150,LT,27-FEB-2025
2025-02-03 14:12:03.265323,LT27FEB25F,FUTSTK,3298.35,6708900,3297.4,3298.35,18364050,150,450,LT,27-FEB-2025
2025-02-03 14:12:09.684076,LT27FEB25F,FUTSTK,3298.35,6708900,3297.4,3298.2,18364050,150,300,LT,27-FEB-2025
2025-02-03 14:12:16.213480,LT27FEB25F,FUTSTK,3298.5,6709350,3298.55,3299.0,18364050,150,450,LT,27-FEB-2025
2025-02-03 14:12:22.567464,LT27FEB25F,FUTSTK,3298.75,6709650,3298.05,3298.75,18364050,150,300,LT,27-FEB-2025
2025-02-03 14:12:29.126965,LT27FEB25F,FUTSTK,3298.0,6709950,3298.0,3298.4,18364050,150,300,LT,27-FEB-2025
2025-02-03 14:12:35.569249,LT27FEB25F,FUTSTK,3298.4,6710100,3298.0,3298.4,18364050,150,600,LT,27-FEB-2025
2025-02-03 14:12:42.019830,LT27FEB25F,FUTSTK,3298.4,6710700,3298.15,3299.1,18364050,150,150,LT,27-FEB-2025
2025-02-03 14:12:48.526007,LT27FEB25F,FUTSTK,3299.1,6711150,3298.15,3299.4,18364050,150,1500,LT,27-FEB-2025
2025-02-03 14:12:54.832102,LT27FEB25F,FUTSTK,3299.45,6711300,3298.3,3299.35,18364050,150,150,LT,27-FEB-2025
2025-02-03 14:13:01.325843,LT27FEB25F,FUTSTK,3299.05,6711900,3298.8,3299.05,18364050,150,150,LT,27-FEB-2025
2025-02-03 14:13:07.600670,LT27FEB25F,FUTSTK,3299.9,6712350,3299.0,3300.0,18364050,300,1350,LT,27-FEB-2025
2025-02-03 14:13:14.219278,LT27FEB25F,FUTSTK,3300.0,6712500,3299.25,3300.0,18364050,150,1200,LT,27-FEB-2025
2025-02-03 14:13:20.576908,LT27FEB25F,FUTSTK,3299.05,6713550,3298.4,3299.45,18364050,150,300,LT,27-FEB-2025
2025-02-03 14:13:26.992615,LT27FEB25F,FUTSTK,3299.55,6714150,3298.25,3299.6,18360750,150,150,LT,27-FEB-2025
2025-02-03 14:13:33.469710,LT27FEB25F,FUTSTK,3299.35,6714600,3298.05,3299.35,18360750,150,450,LT,27-FEB-2025
2025-02-03 14:13:40.266719,LT27FEB25F,FUTSTK,3298.25,6715200,3298.05,3299.15,18360750,150,150,LT,27-FEB-2025
2025-02-03 14:13:46.807203,LT27FEB25F,FUTSTK,3298.25,6715200,3298.5,3298.9,18360750,150,150,LT,27-FEB-2025
2025-02-03 14:13:53.126898,LT27FEB25F,FUTSTK,3298.35,6715650,3298.35,3298.85,18360750,150,300,LT,27-FEB-2025
2025-02-03 14:13:59.590493,LT27FEB25F,FUTSTK,3298.85,6715800,3298.45,3298.85,18360750,450,150,LT,27-FEB-2025
2025-02-03 14:14:06.075387,LT27FEB25F,FUTSTK,3298.85,6716100,3298.45,3298.9,18360750,150,150,LT,27-FEB-2025
2025-02-03 14:14:12.288538,LT27FEB25F,FUTSTK,3298.3,6716400,3298.25,3298.9,18360750,300,300,LT,27-FEB-2025
2025-02-03 14:14:18.860145,LT27FEB25F,FUTSTK,3298.85,6716550,3298.25,3298.85,18360750,300,300,LT,27-FEB-2025
2025-02-03 14:14:25.137973,LT27FEB25F,FUTSTK,3298.85,6716550,3298.3,3298.85,18360750,150,300,LT,27-FEB-2025
2025-02-03 14:14:31.588721,LT27FEB25F,FUTSTK,3299.55,6719400,3299.25,3299.85,18360750,450,150,LT,27-FEB-2025
2025-02-03 14:14:38.194900,LT27FEB25F,FUTSTK,3299.55,6720750,3299.05,3300.0,18360750,300,150,LT,27-FEB-2025
2025-02-03 14:14:44.505210,LT27FEB25F,FUTSTK,3300.0,6720900,3299.05,3299.95,18360750,150,450,LT,27-FEB-2025
2025-02-03 14:14:50.896037,LT27FEB25F,FUTSTK,3300.3,6722550,3299.4,3300.5,18360750,300,150,LT,27-FEB-2025
2025-02-03 14:14:56.985916,LT27FEB25F,FUTSTK,3300.1,6723000,3299.2,3300.45,18360750,150,150,LT,27-FEB-2025
2025-02-03 14:15:03.324313,LT27FEB25F,FUTSTK,3300.2,6723150,3299.25,3300.45,18360750,150,150,LT,27-FEB-2025
2025-02-03 14:15:09.640180,LT27FEB25F,FUTSTK,3298.4,6723600,3298.35,3299.65,18360750,300,150,LT,27-FEB-2025
2025-02-03 14:15:15.996442,LT27FEB25F,FUTSTK,3298.65,6723900,3299.1,3299.7,18360750,150,450,LT,27-FEB-2025
2025-02-03 14:15:22.417709,LT27FEB25F,FUTSTK,3299.85,6724500,3299.45,3299.85,18360750,300,150,LT,27-FEB-2025
2025-02-03 14:15:28.813679,LT27FEB25F,FUTSTK,3299.75,6724800,3299.75,3299.8,18360750,150,300,LT,27-FEB-2025
2025-02-03 14:15:35.155085,LT27FEB25F,FUTSTK,3300.0,6725700,3299.9,3300.7,18360750,150,150,LT,27-FEB-2025
2025-02-03 14:15:41.530617,LT27FEB25F,FUTSTK,3300.25,6727050,3300.05,3300.85,18360750,150,150,LT,27-FEB-2025
2025-02-03 14:15:47.688534,LT27FEB25F,FUTSTK,3300.25,6727950,3300.25,3301.35,18360750,150,300,LT,27-FEB-2025
2025-02-03 14:15:54.032739,LT27FEB25F,FUTSTK,3300.25,6727950,3300.25,3300.9,18360750,150,300,LT,27-FEB-2025
2025-02-03 14:16:00.437682,LT27FEB25F,FUTSTK,3300.3,6728100,3300.65,3301.0,18360750,150,150,LT,27-FEB-2025
2025-02-03 14:16:06.904254,LT27FEB25F,FUTSTK,3300.3,6728700,3300.25,3301.0,18360750,300,450,LT,27-FEB-2025
2025-02-03 14:16:13.207514,LT27FEB25F,FUTSTK,3299.75,6729300,3299.55,3300.5,18360750,150,150,LT,27-FEB-2025
2025-02-03 14:16:19.746838,LT27FEB25F,FUTSTK,3300.65,6730200,3299.4,3300.9,18360750,150,300,LT,27-FEB-2025
2025-02-03 14:16:26.001939,LT27FEB25F,FUTSTK,3300.65,6730200,3299.3,3300.0,18360750,300,150,LT,27-FEB-2025
2025-02-03 14:16:32.358741,LT27FEB25F,FUTSTK,3300.0,6730200,3299.2,3300.0,18358500,150,150,LT,27-FEB-2025
2025-02-03 14:16:38.592847,LT27FEB25F,FUTSTK,3300.4,6730500,3299.2,3300.45,18358500,300,450,LT,27-FEB-2025
2025-02-03 14:16:44.806251,LT27FEB25F,FUTSTK,3300.4,6730800,3299.8,3300.45,18358500,150,300,LT,27-FEB-2025
2025-02-03 14:16:51.169441,LT27FEB25F,FUTSTK,3299.85,6730950,3299.8,3300.15,18358500,150,150,LT,27-FEB-2025
2025-02-03 14:16:57.602023,LT27FEB25F,FUTSTK,3300.15,6731100,3299.85,3300.4,18358500,150,150,LT,27-FEB-2025
2025-02-03 14:17:03.871422,LT27FEB25F,FUTSTK,3300.95,6731550,3300.6,3301.0,18358500,300,450,LT,27-FEB-2025
2025-02-03 14:17:10.220158,LT27FEB25F,FUTSTK,3301.0,6732000,3300.4,3300.6,18358500,150,150,LT,27-FEB-2025
2025-02-03 14:17:16.509502,LT27FEB25F,FUTSTK,3299.8,6732600,3299.8,3300.6,18358500,150,450,LT,27-FEB-2025
2025-02-03 14:17:22.869598,LT27FEB25F,FUTSTK,3300.9,6733350,3299.75,3300.95,18358500,300,150,LT,27-FEB-2025
2025-02-03 14:17:29.275655,LT27FEB25F,FUTSTK,3301.0,6733800,3300.05,3301.0,18358500,450,600,LT,27-FEB-2025
2025-02-03 14:17:35.676871,LT27FEB25F,FUTSTK,3302.0,6734700,3301.55,3302.0,18358500,150,750,LT,27-FEB-2025
2025-02-03 14:17:41.980320,LT27FEB25F,FUTSTK,3302.0,6735000,3301.55,3302.0,18358500,300,600,LT,27-FEB-2025
2025-02-03 14:17:48.309903,LT27FEB25F,FUTSTK,3301.95,6736050,3301.8,3302.0,18358500,600,750,LT,27-FEB-2025
2025-02-03 14:17:54.502291,LT27FEB25F,FUTSTK,3301.1,6737100,3301.1,3302.0,18358500,150,600,LT,27-FEB-2025
2025-02-03 14:18:01.061538,LT27FEB25F,FUTSTK,3300.5,6737850,3300.35,3301.5,18358500,150,150,LT,27-FEB-2025
2025-02-03 14:18:07.325681,LT27FEB25F,FUTSTK,3300.25,6739050,3300.25,3301.05,18358500,300,150,LT,27-FEB-2025
2025-02-03 14:18:13.787494,LT27FEB25F,FUTSTK,3300.05,6739950,3299.35,3300.05,18358500,300,150,LT,27-FEB-2025
2025-02-03 14:18:20.142414,LT27FEB25F,FUTSTK,3299.8,6741450,3299.4,3300.65,18358500,150,150,LT,27-FEB-2025
2025-02-03 14:18:26.469226,LT27FEB25F,FUTSTK,3300.35,6741900,3299.3,3300.35,18358500,150,450,LT,27-FEB-2025
2025-02-03 14:18:33.783145,LT27FEB25F,FUTSTK,3299.05,6743100,3299.5,3300.05,18358500,150,300,LT,27-FEB-2025
2025-02-03 14:18:40.065458,LT27FEB25F,FUTSTK,3298.8,6744150,3298.8,3299.8,18358500,150,300,LT,27-FEB-2025
2025-02-03 14:18:46.439507,LT27FEB25F,FUTSTK,3301.4,6746400,3299.75,3301.15,18358500,300,450,LT,27-FEB-2025
2025-02-03 14:18:52.796273,LT27FEB25F,FUTSTK,3299.6,6747300,3299.6,3300.4,18358500,150,450,LT,27-FEB-2025
2025-02-03 14:18:59.231526,LT27FEB25F,FUTSTK,3299.7,6748500,3298.85,3299.95,18358500,150,450,LT,27-FEB-2025
2025-02-03 14:19:05.563743,LT27FEB25F,FUTSTK,3298.6,6749700,3299.1,3299.65,18358500,150,1500,LT,27-FEB-2025
2025-02-03 14:19:11.989450,LT27FEB25F,FUTSTK,3298.85,6751200,3298.0,3298.85,18358500,150,150,LT,27-FEB-2025
2025-02-03 14:19:18.352322,LT27FEB25F,FUTSTK,3299.8,6752850,3298.6,3299.85,18358500,150,150,LT,27-FEB-2025
2025-02-03 14:19:25.658066,LT27FEB25F,FUTSTK,3298.75,6754050,3298.75,3299.95,18358500,150,450,LT,27-FEB-2025
2025-02-03 14:19:31.892220,LT27FEB25F,FUTSTK,3301.1,6757050,3301.1,3301.5,18360000,900,300,LT,27-FEB-2025
2025-02-03 14:19:38.314280,LT27FEB25F,FUTSTK,3301.55,6762450,3300.9,3301.75,18360000,300,300,LT,27-FEB-2025
2025-02-03 14:19:44.691968,LT27FEB25F,FUTSTK,3301.1,6764250,3300.95,3301.55,18360000,150,1350,LT,27-FEB-2025
2025-02-03 14:19:51.151722,LT27FEB25F,FUTSTK,3301.35,6765450,3300.5,3301.4,18360000,150,150,LT,27-FEB-2025
2025-02-03 14:19:57.480237,LT27FEB25F,FUTSTK,3301.3,6769350,3301.3,3301.85,18360000,150,450,LT,27-FEB-2025
2025-02-03 14:20:03.879594,LT27FEB25F,FUTSTK,3300.55,6771000,3300.1,3301.1,18360000,150,150,LT,27-FEB-2025
2025-02-03 14:20:10.204055,LT27FEB25F,FUTSTK,3301.0,6772800,3299.9,3301.2,18360000,150,300,LT,27-FEB-2025
2025-02-03 14:20:16.384545,LT27FEB25F,FUTSTK,3299.75,6773400,3299.75,3300.55,18360000,600,450,LT,27-FEB-2025
2025-02-03 14:20:22.806691,LT27FEB25F,FUTSTK,3299.95,6775650,3299.6,3300.3,18360000,150,300,LT,27-FEB-2025
2025-02-03 14:20:29.083621,LT27FEB25F,FUTSTK,3298.45,6776400,3298.8,3299.7,18360000,150,450,LT,27-FEB-2025
2025-02-03 14:20:35.574750,LT27FEB25F,FUTSTK,3298.2,6777150,3298.25,3299.4,18360000,150,450,LT,27-FEB-2025
2025-02-03 14:20:41.868349,LT27FEB25F,FUTSTK,3299.3,6779100,3298.15,3299.1,18360000,150,150,LT,27-FEB-2025
2025-02-03 14:20:48.393508,LT27FEB25F,FUTSTK,3298.1,6780300,3298.05,3299.1,18360000,150,150,LT,27-FEB-2025
2025-02-03 14:20:54.714149,LT27FEB25F,FUTSTK,3298.05,6781650,3298.0,3299.25,18360000,150,150,LT,27-FEB-2025
2025-02-03 14:21:01.140392,LT27FEB25F,FUTSTK,3298.55,6782700,3297.75,3298.4,18360000,150,150,LT,27-FEB-2025
2025-02-03 14:21:07.633405,LT27FEB25F,FUTSTK,3297.4,6783600,3297.35,3298.2,18360000,300,300,LT,27-FEB-2025
2025-02-03 14:21:13.900833,LT27FEB25F,FUTSTK,3296.9,6785400,3296.85,3297.55,18360000,150,150,LT,27-FEB-2025
2025-02-03 14:21:20.299601,LT27FEB25F,FUTSTK,3296.75,6787050,3296.75,3297.9,18360000,150,150,LT,27-FEB-2025
2025-02-03 14:21:26.698536,LT27FEB25F,FUTSTK,3297.6,6788250,3297.15,3298.0,18360000,150,150,LT,27-FEB-2025
2025-02-03 14:21:33.048741,LT27FEB25F,FUTSTK,3297.05,6789150,3297.0,3298.25,18360000,150,150,LT,27-FEB-2025
2025-02-03 14:21:39.378277,LT27FEB25F,FUTSTK,3298.2,6789900,3297.55,3298.2,18360000,150,150,LT,27-FEB-2025
2025-02-03 14:21:45.857745,LT27FEB25F,FUTSTK,3297.0,6791100,3297.0,3297.95,18360000,150,150,LT,27-FEB-2025
2025-02-03 14:21:52.196113,LT27FEB25F,FUTSTK,3297.0,6791550,3296.35,3297.25,18360000,150,300,LT,27-FEB-2025
2025-02-03 14:21:58.550929,LT27FEB25F,FUTSTK,3296.0,6792600,3296.0,3296.9,18360000,150,450,LT,27-FEB-2025
2025-02-03 14:22:05.008635,LT27FEB25F,FUTSTK,3295.95,6794400,3295.8,3297.1,18360000,300,150,LT,27-FEB-2025
2025-02-03 14:22:11.375002,LT27FEB25F,FUTSTK,3298.0,6797100,3296.8,3298.6,18360000,300,450,LT,27-FEB-2025
2025-02-03 14:22:17.759895,LT27FEB25F,FUTSTK,3298.0,6797850,3297.55,3298.3,18360000,300,150,LT,27-FEB-2025
2025-02-03 14:22:24.147150,LT27FEB25F,FUTSTK,3297.05,6800850,3296.95,3298.2,18360000,150,150,LT,27-FEB-2025
2025-02-03 14:22:30.616036,LT27FEB25F,FUTSTK,3297.0,6802800,3296.95,3298.0,18378150,150,300,LT,27-FEB-2025
2025-02-03 14:22:36.947860,LT27FEB25F,FUTSTK,3299.0,6804300,3298.5,3299.0,18378150,150,150,LT,27-FEB-2025
2025-02-03 14:22:43.227248,LT27FEB25F,FUTSTK,3297.3,6805650,3297.45,3298.75,18378150,150,150,LT,27-FEB-2025
2025-02-03 14:22:49.805927,LT27FEB25F,FUTSTK,3296.1,6806700,3296.1,3297.35,18378150,150,150,LT,27-FEB-2025
2025-02-03 14:22:56.094716,LT27FEB25F,FUTSTK,3295.95,6807450,3295.85,3297.15,18378150,150,300,LT,27-FEB-2025
2025-02-03 14:23:02.603249,LT27FEB25F,FUTSTK,3295.7,6808050,3296.2,3296.8,18378150,150,600,LT,27-FEB-2025
2025-02-03 14:23:08.774480,LT27FEB25F,FUTSTK,3296.1,6809550,3296.05,3297.0,18378150,150,150,LT,27-FEB-2025
2025-02-03 14:23:16.094885,LT27FEB25F,FUTSTK,3296.15,6810150,3296.15,3296.9,18378150,150,300,LT,27-FEB-2025
2025-02-03 14:23:22.556367,LT27FEB25F,FUTSTK,3294.65,6811650,3294.7,3295.6,18378150,150,150,LT,27-FEB-2025
2025-02-03 14:23:28.811035,LT27FEB25F,FUTSTK,3294.4,6813150,3294.9,3295.4,18378150,150,750,LT,27-FEB-2025
2025-02-03 14:23:35.232020,LT27FEB25F,FUTSTK,3296.0,6835950,3295.9,3296.7,18378150,150,150,LT,27-FEB-2025
2025-02-03 14:23:41.622494,LT27FEB25F,FUTSTK,3295.35,6837300,3295.4,3296.55,18378150,150,150,LT,27-FEB-2025
2025-02-03 14:23:48.077381,LT27FEB25F,FUTSTK,3295.0,6838500,3295.2,3296.25,18378150,300,450,LT,27-FEB-2025
2025-02-03 14:23:54.622635,LT27FEB25F,FUTSTK,3295.75,6840150,3294.9,3295.75,18378150,150,150,LT,27-FEB-2025
2025-02-03 14:24:00.974274,LT27FEB25F,FUTSTK,3295.55,6841650,3295.1,3296.15,18378150,150,300,LT,27-FEB-2025
2025-02-03 14:24:07.622365,LT27FEB25F,FUTSTK,3295.05,6842250,3295.05,3295.9,18378150,150,150,LT,27-FEB-2025
2025-02-03 14:24:13.816090,LT27FEB25F,FUTSTK,3295.6,6843150,3294.7,3295.8,18378150,150,300,LT,27-FEB-2025
2025-02-03 14:24:20.182534,LT27FEB25F,FUTSTK,3294.0,6844050,3294.0,3294.9,18378150,1500,300,LT,27-FEB-2025
2025-02-03 14:24:26.450151,LT27FEB25F,FUTSTK,3294.05,6844500,3294.05,3294.9,18378150,150,600,LT,27-FEB-2025
2025-02-03 14:24:32.828461,LT27FEB25F,FUTSTK,3296.65,6846300,3295.55,3296.65,18378150,450,300,LT,27-FEB-2025
2025-02-03 14:24:39.417156,LT27FEB25F,FUTSTK,3295.35,6846900,3294.95,3296.45,18378150,150,300,LT,27-FEB-2025
2025-02-03 14:24:45.929552,LT27FEB25F,FUTSTK,3294.55,6848100,3294.8,3295.8,18378150,150,150,LT,27-FEB-2025
2025-02-03 14:24:52.386829,LT27FEB25F,FUTSTK,3295.2,6848850,3295.15,3296.3,18378150,150,300,LT,27-FEB-2025
2025-02-03 14:24:58.940481,LT27FEB25F,FUTSTK,3294.95,6850050,3294.9,3296.05,18378150,150,300,LT,27-FEB-2025
2025-02-03 14:25:05.504098,LT27FEB25F,FUTSTK,3295.55,6851100,3294.95,3296.1,18378150,150,150,LT,27-FEB-2025
2025-02-03 14:25:11.916349,LT27FEB25F,FUTSTK,3295.25,6852900,3295.0,3296.4,18378150,300,300,LT,27-FEB-2025
2025-02-03 14:25:18.345099,LT27FEB25F,FUTSTK,3296.2,6853800,3296.0,3297.5,18378150,150,150,LT,27-FEB-2025
2025-02-03 14:25:24.951414,LT27FEB25F,FUTSTK,3295.9,6855600,3295.65,3296.8,18378150,150,150,LT,27-FEB-2025
2025-02-03 14:25:31.313438,LT27FEB25F,FUTSTK,3296.05,6856500,3295.5,3296.6,18399600,300,150,LT,27-FEB-2025
2025-02-03 14:25:37.786398,LT27FEB25F,FUTSTK,3296.7,6857400,3295.9,3297.1,18399600,150,150,LT,27-FEB-2025
2025-02-03 14:25:44.199325,LT27FEB25F,FUTSTK,3295.4,6858150,3295.4,3296.85,18399600,300,150,LT,27-FEB-2025
2025-02-03 14:25:50.602499,LT27FEB25F,FUTSTK,3296.9,6859050,3296.9,3297.95,18399600,150,150,LT,27-FEB-2025
2025-02-03 14:25:57.141453,LT27FEB25F,FUTSTK,3296.9,6859650,3296.9,3297.9,18399600,150,450,LT,27-FEB-2025
2025-02-03 14:26:03.584667,LT27FEB25F,FUTSTK,3296.9,6860550,3296.9,3297.95,18399600,150,150,LT,27-FEB-2025
2025-02-03 14:26:10.062924,LT27FEB25F,FUTSTK,3296.9,6861300,3296.9,3297.85,18399600,150,600,LT,27-FEB-2025
2025-02-03 14:26:16.906081,LT27FEB25F,FUTSTK,3296.9,6862800,3296.9,3297.6,18399600,150,150,LT,27-FEB-2025
2025-02-03 14:26:23.433560,LT27FEB25F,FUTSTK,3297.0,6864000,3296.9,3297.9,18399600,150,600,LT,27-FEB-2025
2025-02-03 14:26:29.827862,LT27FEB25F,FUTSTK,3296.9,6864600,3296.9,3297.55,18399600,300,300,LT,27-FEB-2025
2025-02-03 14:26:36.256269,LT27FEB25F,FUTSTK,3297.3,6866100,3296.05,3297.25,18399600,300,150,LT,27-FEB-2025
2025-02-03 14:26:42.600440,LT27FEB25F,FUTSTK,3297.3,6867150,3295.85,3296.75,18399600,150,300,LT,27-FEB-2025
2025-02-03 14:26:49.095965,LT27FEB25F,FUTSTK,3296.9,6874800,3296.95,3297.35,18399600,150,150,LT,27-FEB-2025
2025-02-03 14:26:55.484364,LT27FEB25F,FUTSTK,3296.95,6875700,3296.9,3297.55,18399600,150,300,LT,27-FEB-2025
2025-02-03 14:27:02.018597,LT27FEB25F,FUTSTK,3296.95,6876450,3296.95,3297.85,18399600,300,750,LT,27-FEB-2025
2025-02-03 14:27:08.348090,LT27FEB25F,FUTSTK,3296.9,6877350,3296.9,3297.5,18399600,150,150,LT,27-FEB-2025
2025-02-03 14:27:14.496367,LT27FEB25F,FUTSTK,3297.15,6878550,3296.95,3297.5,18399600,150,150,LT,27-FEB-2025
2025-02-03 14:27:20.878685,LT27FEB25F,FUTSTK,3296.9,6880350,3297.05,3298.25,18399600,150,150,LT,27-FEB-2025
2025-02-03 14:27:27.355096,LT27FEB25F,FUTSTK,3298.0,6881400,3296.95,3298.0,18399600,300,150,LT,27-FEB-2025
2025-02-03 14:27:33.744027,LT27FEB25F,FUTSTK,3296.9,6883200,3296.9,3297.25,18399600,150,600,LT,27-FEB-2025
2025-02-03 14:27:40.052049,LT27FEB25F,FUTSTK,3297.4,6884550,3297.35,3298.15,18399600,150,150,LT,27-FEB-2025
2025-02-03 14:27:46.586521,LT27FEB25F,FUTSTK,3296.9,6886950,3296.95,3298.15,18399600,150,150,LT,27-FEB-2025
2025-02-03 14:27:52.826674,LT27FEB25F,FUTSTK,3296.9,6887700,3296.9,3297.55,18399600,150,150,LT,27-FEB-2025
2025-02-03 14:27:59.385108,LT27FEB25F,FUTSTK,3299.05,6892050,3298.55,3299.35,18399600,150,450,LT,27-FEB-2025
2025-02-03 14:28:05.768410,LT27FEB25F,FUTSTK,3299.15,6892950,3297.95,3299.1,18399600,150,150,LT,27-FEB-2025
2025-02-03 14:28:12.081580,LT27FEB25F,FUTSTK,3297.9,6894000,3297.9,3298.95,18399600,150,600,LT,27-FEB-2025
2025-02-03 14:28:18.557691,LT27FEB25F,FUTSTK,3298.7,6895350,3297.95,3298.75,18399600,150,150,LT,27-FEB-2025
2025-02-03 14:28:24.881432,LT27FEB25F,FUTSTK,3297.95,6897300,3297.9,3299.1,18399600,300,150,LT,27-FEB-2025
2025-02-03 14:28:31.138095,LT27FEB25F,FUTSTK,3298.85,6898500,3298.35,3298.55,18415950,150,150,LT,27-FEB-2025
2025-02-03 14:28:37.500301,LT27FEB25F,FUTSTK,3297.45,6899550,3297.15,3298.45,18415950,150,150,LT,27-FEB-2025
2025-02-03 14:28:44.043855,LT27FEB25F,FUTSTK,3296.75,6900300,3296.9,3297.75,18415950,150,150,LT,27-FEB-2025
2025-02-03 14:28:50.675123,LT27FEB25F,FUTSTK,3298.2,6901650,3298.2,3299.05,18415950,150,150,LT,27-FEB-2025
2025-02-03 14:28:57.089634,LT27FEB25F,FUTSTK,3298.75,6905100,3298.2,3299.25,18415950,150,150,LT,27-FEB-2025
2025-02-03 14:29:03.503793,LT27FEB25F,FUTSTK,3298.25,6906600,3298.25,3299.4,18415950,150,150,LT,27-FEB-2025
2025-02-03 14:29:10.020105,LT27FEB25F,FUTSTK,3297.8,6907050,3297.8,3298.95,18415950,150,150,LT,27-FEB-2025
2025-02-03 14:29:17.315774,LT27FEB25F,FUTSTK,3298.75,6908550,3298.75,3299.7,18415950,150,150,LT,27-FEB-2025
2025-02-03 14:29:23.654459,LT27FEB25F,FUTSTK,3299.5,6909750,3298.4,3299.6,18415950,150,150,LT,27-FEB-2025
2025-02-03 14:29:30.029858,LT27FEB25F,FUTSTK,3298.25,6911250,3298.25,3299.15,18415950,150,150,LT,27-FEB-2025
2025-02-03 14:29:36.349883,LT27FEB25F,FUTSTK,3298.95,6913350,3298.25,3299.0,18415950,450,300,LT,27-FEB-2025
2025-02-03 14:29:42.849842,LT27FEB25F,FUTSTK,3299.0,6913500,3298.4,3299.0,18415950,300,150,LT,27-FEB-2025
2025-02-03 14:29:49.296531,LT27FEB25F,FUTSTK,3299.65,6914400,3298.75,3299.9,18415950,150,150,LT,27-FEB-2025
2025-02-03 14:29:55.825036,LT27FEB25F,FUTSTK,3298.55,6915150,3298.5,3299.3,18415950,150,150,LT,27-FEB-2025
2025-02-03 14:30:02.294428,LT27FEB25F,FUTSTK,3296.95,6917100,3296.55,3297.7,18415950,150,300,LT,27-FEB-2025
2025-02-03 14:30:43.356458,LT27FEB25F,FUTSTK,3289.6,6937350,3289.25,3290.35,18415950,150,150,LT,27-FEB-2025
2025-02-03 14:30:51.472723,LT27FEB25F,FUTSTK,3288.2,6938400,3288.2,3289.25,18415950,150,300,LT,27-FEB-2025
2025-02-03 14:30:57.680651,LT27FEB25F,FUTSTK,3288.35,6939300,3288.0,3289.25,18415950,450,150,LT,27-FEB-2025
2025-02-03 14:31:04.042521,LT27FEB25F,FUTSTK,3289.0,6940950,3289.0,3289.25,18415950,300,600,LT,27-FEB-2025
2025-02-03 14:31:10.729649,LT27FEB25F,FUTSTK,3288.05,6942150,3288.05,3289.25,18415950,150,1350,LT,27-FEB-2025
2025-02-03 14:31:17.062359,LT27FEB25F,FUTSTK,3288.05,6942750,3288.0,3289.1,18415950,450,450,LT,27-FEB-2025
2025-02-03 14:31:24.194290,LT27FEB25F,FUTSTK,3287.7,6944100,3287.9,3288.75,18415950,150,300,LT,27-FEB-2025
2025-02-03 14:31:32.517022,LT27FEB25F,FUTSTK,3288.0,6945000,3287.6,3288.6,18432600,300,1050,LT,27-FEB-2025
2025-02-03 14:31:39.856788,LT27FEB25F,FUTSTK,3287.45,6945900,3287.45,3288.55,18432600,300,450,LT,27-FEB-2025
2025-02-03 14:31:46.142360,LT27FEB25F,FUTSTK,3287.05,6946950,3287.5,3287.85,18432600,150,1500,LT,27-FEB-2025
2025-02-03 14:31:52.500672,LT27FEB25F,FUTSTK,3286.1,6949350,3286.0,3287.1,18432600,750,150,LT,27-FEB-2025
2025-02-03 14:31:58.981509,LT27FEB25F,FUTSTK,3285.35,6950250,3285.35,3286.5,18432600,300,150,LT,27-FEB-2025
2025-02-03 14:32:05.496655,LT27FEB25F,FUTSTK,3286.05,6952800,3286.0,3286.95,18432600,450,150,LT,27-FEB-2025
2025-02-03 14:32:12.111592,LT27FEB25F,FUTSTK,3285.1,6956700,3285.05,3286.2,18432600,150,150,LT,27-FEB-2025
2025-02-03 14:32:18.524116,LT27FEB25F,FUTSTK,3284.6,6957600,3284.6,3285.9,18432600,150,150,LT,27-FEB-2025
2025-02-03 14:32:24.670198,LT27FEB25F,FUTSTK,3284.7,6958050,3284.5,3285.7,18432600,150,300,LT,27-FEB-2025
2025-02-03 14:32:30.936089,LT27FEB25F,FUTSTK,3286.65,6959550,3285.65,3286.7,18432600,150,150,LT,27-FEB-2025
2025-02-03 14:32:37.285313,LT27FEB25F,FUTSTK,3285.0,6961350,3285.0,3286.35,18432600,1200,150,LT,27-FEB-2025
2025-02-03 14:32:45.733894,LT27FEB25F,FUTSTK,3285.9,6962700,3285.95,3287.0,18432600,150,150,LT,27-FEB-2025
2025-02-03 14:32:53.251613,LT27FEB25F,FUTSTK,3285.7,6963900,3285.4,3286.7,18432600,300,150,LT,27-FEB-2025
2025-02-03 14:33:00.105556,LT27FEB25F,FUTSTK,3285.0,6964350,3285.0,3286.0,18432600,1500,300,LT,27-FEB-2025
2025-02-03 14:33:06.589139,LT27FEB25F,FUTSTK,3285.1,6966600,3284.1,3285.1,18432600,150,150,LT,27-FEB-2025
2025-02-03 14:33:12.868657,LT27FEB25F,FUTSTK,3284.0,6969000,3284.0,3285.05,18432600,600,300,LT,27-FEB-2025
2025-02-03 14:33:19.183295,LT27FEB25F,FUTSTK,3284.9,6970500,3284.05,3285.0,18432600,150,150,LT,27-FEB-2025
2025-02-03 14:33:25.400251,LT27FEB25F,FUTSTK,3284.75,6971550,3284.75,3286.0,18432600,150,150,LT,27-FEB-2025
2025-02-03 14:33:31.572594,LT27FEB25F,FUTSTK,3285.45,6972750,3284.3,3285.3,18432600,150,150,LT,27-FEB-2025
2025-02-03 14:33:37.858926,LT27FEB25F,FUTSTK,3284.1,6973950,3284.0,3285.0,18432600,450,150,LT,27-FEB-2025
2025-02-03 14:33:44.355900,LT27FEB25F,FUTSTK,3284.05,6974400,3284.05,3285.0,18432600,150,300,LT,27-FEB-2025
2025-02-03 14:33:50.615599,LT27FEB25F,FUTSTK,3283.5,6975300,3283.5,3284.35,18432600,300,150,LT,27-FEB-2025
2025-02-03 14:35:44.950271,LT27FEB25F,FUTSTK,3290.0,7005600,3290.0,3290.85,18454050,300,300,LT,27-FEB-2025
2025-02-03 14:35:51.344482,LT27FEB25F,FUTSTK,3289.5,7006950,3289.4,3290.5,18454050,150,150,LT,27-FEB-2025
2025-02-03 14:35:57.486583,LT27FEB25F,FUTSTK,3289.9,7008750,3289.8,3291.25,18454050,300,300,LT,27-FEB-2025
2025-02-03 14:36:03.689463,LT27FEB25F,FUTSTK,3290.5,7010550,3290.3,3291.55,18454050,150,150,LT,27-FEB-2025
2025-02-03 14:36:09.913375,LT27FEB25F,FUTSTK,3290.55,7011450,3290.55,3291.5,18454050,300,450,LT,27-FEB-2025
2025-02-03 14:36:16.317857,LT27FEB25F,FUTSTK,3290.45,7013100,3290.45,3291.6,18454050,150,150,LT,27-FEB-2025
2025-02-03 14:36:22.586297,LT27FEB25F,FUTSTK,3290.45,7013850,3290.45,3290.8,18454050,150,300,LT,27-FEB-2025
2025-02-03 14:36:30.031925,LT27FEB25F,FUTSTK,3291.15,7015800,3290.1,3291.2,18454050,150,150,LT,27-FEB-2025
2025-02-03 14:36:38.344827,LT27FEB25F,FUTSTK,3290.45,7017150,3290.5,3290.9,18454050,150,150,LT,27-FEB-2025
2025-02-03 14:36:45.591613,LT27FEB25F,FUTSTK,3290.35,7018200,3290.35,3291.1,18454050,150,150,LT,27-FEB-2025
2025-02-03 14:36:51.956318,LT27FEB25F,FUTSTK,3290.0,7019550,3290.0,3290.8,18454050,150,150,LT,27-FEB-2025
2025-02-03 14:36:58.458265,LT27FEB25F,FUTSTK,3290.0,7021200,3290.0,3290.25,18454050,300,300,LT,27-FEB-2025
2025-02-03 14:37:04.728030,LT27FEB25F,FUTSTK,3290.0,7023000,3290.0,3290.35,18454050,150,450,LT,27-FEB-2025
2025-02-03 14:37:11.300510,LT27FEB25F,FUTSTK,3290.35,7024050,3290.0,3290.35,18454050,300,450,LT,27-FEB-2025
2025-02-03 14:37:17.809266,LT27FEB25F,FUTSTK,3290.05,7025250,3290.15,3291.3,18454050,150,150,LT,27-FEB-2025
2025-02-03 14:37:24.099264,LT27FEB25F,FUTSTK,3290.0,7026000,3290.0,3290.65,18454050,300,600,LT,27-FEB-2025
2025-02-03 14:37:30.659246,LT27FEB25F,FUTSTK,3290.0,7028400,3290.0,3290.5,18468600,150,150,LT,27-FEB-2025
2025-02-03 14:37:36.914695,LT27FEB25F,FUTSTK,3290.55,7030950,3290.5,3291.7,18468600,150,150,LT,27-FEB-2025
2025-02-03 14:37:42.999197,LT27FEB25F,FUTSTK,3290.0,7032150,3289.95,3290.8,18468600,150,150,LT,27-FEB-2025
2025-02-03 14:37:52.064526,LT27FEB25F,FUTSTK,3290.5,7034550,3289.85,3290.55,18468600,450,1500,LT,27-FEB-2025
2025-02-03 14:37:59.585656,LT27FEB25F,FUTSTK,3289.8,7038900,3289.8,3290.3,18468600,150,150,LT,27-FEB-2025
2025-02-03 14:38:06.071169,LT27FEB25F,FUTSTK,3288.0,7044750,3287.8,3288.7,18468600,150,150,LT,27-FEB-2025
2025-02-03 14:38:12.576216,LT27FEB25F,FUTSTK,3287.4,7046400,3287.5,3288.35,18468600,150,450,LT,27-FEB-2025
2025-02-03 14:38:18.960566,LT27FEB25F,FUTSTK,3287.7,7048650,3287.4,3288.5,18468600,300,300,LT,27-FEB-2025
2025-02-03 14:38:25.683895,LT27FEB25F,FUTSTK,3287.0,7049400,3287.0,3288.05,18468600,900,150,LT,27-FEB-2025
2025-02-03 14:38:32.013801,LT27FEB25F,FUTSTK,3289.3,7053900,3288.85,3290.05,18468600,150,150,LT,27-FEB-2025
2025-02-03 14:38:38.344636,LT27FEB25F,FUTSTK,3288.8,7055700,3288.8,3289.5,18468600,150,150,LT,27-FEB-2025
2025-02-03 14:38:44.564038,LT27FEB25F,FUTSTK,3289.5,7057350,3288.7,3289.5,18468600,150,150,LT,27-FEB-2025
2025-02-03 14:38:51.358824,LT27FEB25F,FUTSTK,3289.5,7059000,3289.5,3290.7,18468600,150,150,LT,27-FEB-2025
2025-02-03 14:38:57.774138,LT27FEB25F,FUTSTK,3289.7,7060050,3289.65,3290.75,18468600,150,150,LT,27-FEB-2025
2025-02-03 14:39:06.403608,LT27FEB25F,FUTSTK,3292.25,7062900,3291.65,3292.3,18468600,150,300,LT,27-FEB-2025
2025-02-03 14:39:14.195858,LT27FEB25F,FUTSTK,3291.7,7066800,3291.6,3292.35,18468600,150,450,LT,27-FEB-2025
2025-02-03 14:39:20.934328,LT27FEB25F,FUTSTK,3292.4,7068300,3291.8,3292.7,18468600,450,150,LT,27-FEB-2025
2025-02-03 14:39:27.762571,LT27FEB25F,FUTSTK,3291.6,7071750,3291.6,3292.05,18468600,150,450,LT,27-FEB-2025
2025-02-03 14:39:33.992854,LT27FEB25F,FUTSTK,3291.55,7072950,3291.55,3292.2,18468600,150,150,LT,27-FEB-2025
2025-02-03 14:39:40.309778,LT27FEB25F,FUTSTK,3291.6,7074450,3291.95,3292.0,18468600,150,300,LT,27-FEB-2025
2025-02-03 14:39:46.918502,LT27FEB25F,FUTSTK,3292.0,7076250,3291.6,3292.05,18468600,300,150,LT,27-FEB-2025
2025-02-03 14:39:53.503095,LT27FEB25F,FUTSTK,3292.2,7077150,3291.6,3292.3,18468600,150,450,LT,27-FEB-2025
2025-02-03 14:40:00.088547,LT27FEB25F,FUTSTK,3289.4,7079550,3289.45,3290.3,18468600,150,150,LT,27-FEB-2025
2025-02-03 14:40:06.603530,LT27FEB25F,FUTSTK,3289.45,7081200,3289.45,3290.25,18468600,150,900,LT,27-FEB-2025
2025-02-03 14:40:13.048124,LT27FEB25F,FUTSTK,3291.8,7083750,3291.85,3292.45,18468600,150,150,LT,27-FEB-2025
2025-02-03 14:40:21.578147,LT27FEB25F,FUTSTK,3292.05,7085100,3292.0,3292.45,18468600,150,300,LT,27-FEB-2025
2025-02-03 14:40:29.990044,LT27FEB25F,FUTSTK,3291.95,7087800,3291.95,3292.25,18500400,300,750,LT,27-FEB-2025
2025-02-03 14:40:37.349855,LT27FEB25F,FUTSTK,3291.8,7099650,3291.95,3292.25,18500400,150,750,LT,27-FEB-2025
2025-02-03 14:40:43.528012,LT27FEB25F,FUTSTK,3291.85,7101000,3291.85,3292.15,18500400,300,1350,LT,27-FEB-2025
2025-02-03 14:40:50.011492,LT27FEB25F,FUTSTK,3291.85,7102500,3291.85,3292.15,18500400,150,1200,LT,27-FEB-2025
2025-02-03 14:40:56.240907,LT27FEB25F,FUTSTK,3292.0,7103850,3291.8,3292.05,18500400,150,1650,LT,27-FEB-2025
2025-02-03 14:41:02.633069,LT27FEB25F,FUTSTK,3291.8,7109100,3291.8,3292.05,18500400,300,600,LT,27-FEB-2025
2025-02-03 14:41:09.064053,LT27FEB25F,FUTSTK,3291.8,7110150,3291.8,3292.05,18500400,450,750,LT,27-FEB-2025
2025-02-03 14:41:15.261637,LT27FEB25F,FUTSTK,3291.75,7117350,3291.8,3292.0,18500400,150,1350,LT,27-FEB-2025
2025-02-03 14:41:21.599837,LT27FEB25F,FUTSTK,3291.8,7122600,3291.65,3291.85,18500400,150,1350,LT,27-FEB-2025
2025-02-03 14:41:27.926808,LT27FEB25F,FUTSTK,3292.05,7125150,3291.8,3292.05,18500400,450,150,LT,27-FEB-2025
2025-02-03 14:41:34.943655,LT27FEB25F,FUTSTK,3291.8,7126800,3291.8,3292.4,18500400,300,150,LT,27-FEB-2025
2025-02-03 14:41:43.426665,LT27FEB25F,FUTSTK,3291.8,7128000,3291.8,3292.4,18500400,600,300,LT,27-FEB-2025
2025-02-03 14:41:51.194085,LT27FEB25F,FUTSTK,3291.8,7129800,3292.0,3292.6,18500400,150,600,LT,27-FEB-2025
2025-02-03 14:41:57.474344,LT27FEB25F,FUTSTK,3291.8,7130400,3291.8,3292.6,18500400,600,900,LT,27-FEB-2025
2025-02-03 14:42:03.826622,LT27FEB25F,FUTSTK,3292.0,7131150,3291.8,3292.0,18500400,600,600,LT,27-FEB-2025
2025-02-03 14:42:10.270653,LT27FEB25F,FUTSTK,3291.8,7132350,3291.8,3291.9,18500400,600,450,LT,27-FEB-2025
2025-02-03 14:42:16.495354,LT27FEB25F,FUTSTK,3291.8,7134000,3291.8,3291.9,18500400,300,300,LT,27-FEB-2025
2025-02-03 14:42:22.931241,LT27FEB25F,FUTSTK,3291.85,7136100,3291.85,3292.0,18500400,150,150,LT,27-FEB-2025
2025-02-03 14:42:29.554002,LT27FEB25F,FUTSTK,3291.95,7137150,3291.9,3292.55,18500400,300,450,LT,27-FEB-2025
2025-02-03 14:42:35.710849,LT27FEB25F,FUTSTK,3291.8,7139100,3291.85,3292.35,18500400,150,600,LT,27-FEB-2025
2025-02-03 14:42:41.915742,LT27FEB25F,FUTSTK,3293.1,7143000,3292.65,3293.75,18500400,150,150,LT,27-FEB-2025
2025-02-03 14:42:48.294588,LT27FEB25F,FUTSTK,3294.2,7145550,3294.2,3294.8,18500400,150,450,LT,27-FEB-2025
2025-02-03 14:42:57.035959,LT27FEB25F,FUTSTK,3292.45,7148100,3292.45,3293.15,18500400,150,150,LT,27-FEB-2025
2025-02-03 14:43:05.608867,LT27FEB25F,FUTSTK,3293.0,7149000,3292.7,3293.7,18500400,150,150,LT,27-FEB-2025
2025-02-03 14:43:12.647252,LT27FEB25F,FUTSTK,3292.95,7149600,3292.55,3293.3,18500400,150,450,LT,27-FEB-2025
2025-02-03 14:43:18.940664,LT27FEB25F,FUTSTK,3294.5,7151550,3293.6,3294.55,18500400,300,150,LT,27-FEB-2025
2025-02-03 14:43:25.311483,LT27FEB25F,FUTSTK,3292.7,7152450,3292.7,3293.5,18500400,150,150,LT,27-FEB-2025
2025-02-03 14:43:31.585523,LT27FEB25F,FUTSTK,3292.45,7153200,3292.45,3293.4,18542850,150,150,LT,27-FEB-2025
2025-02-03 14:43:37.977546,LT27FEB25F,FUTSTK,3292.7,7153950,3292.7,3293.85,18542850,600,150,LT,27-FEB-2025
2025-02-03 14:43:44.222541,LT27FEB25F,FUTSTK,3292.4,7155150,3292.5,3293.5,18542850,150,450,LT,27-FEB-2025
2025-02-03 14:43:50.470534,LT27FEB25F,FUTSTK,3293.0,7156200,3293.0,3293.65,18542850,150,150,LT,27-FEB-2025
2025-02-03 14:43:57.053217,LT27FEB25F,FUTSTK,3292.95,7157550,3292.95,3293.55,18542850,600,150,LT,27-FEB-2025
2025-02-03 14:44:03.393319,LT27FEB25F,FUTSTK,3293.6,7160550,3293.35,3293.6,18542850,150,450,LT,27-FEB-2025
2025-02-03 14:44:11.365658,LT27FEB25F,FUTSTK,3293.95,7162200,3293.95,3294.75,18542850,150,750,LT,27-FEB-2025
2025-02-03 14:44:19.394425,LT27FEB25F,FUTSTK,3294.3,7163100,3294.25,3295.0,18542850,150,600,LT,27-FEB-2025
2025-02-03 14:44:26.397670,LT27FEB25F,FUTSTK,3294.35,7164600,3294.4,3294.75,18542850,150,150,LT,27-FEB-2025
2025-02-03 14:44:33.010164,LT27FEB25F,FUTSTK,3293.9,7165500,3293.65,3294.75,18542850,300,300,LT,27-FEB-2025
2025-02-03 14:44:39.260957,LT27FEB25F,FUTSTK,3294.55,7166700,3294.55,3295.0,18542850,150,750,LT,27-FEB-2025
2025-02-03 14:44:45.818625,LT27FEB25F,FUTSTK,3294.6,7168500,3294.6,3295.6,18542850,150,150,LT,27-FEB-2025
2025-02-03 14:44:52.617484,LT27FEB25F,FUTSTK,3294.6,7170000,3294.05,3294.6,18542850,150,150,LT,27-FEB-2025
2025-02-03 14:44:58.864660,LT27FEB25F,FUTSTK,3293.65,7170600,3293.65,3295.0,18542850,150,450,LT,27-FEB-2025
2025-02-03 14:45:05.214754,LT27FEB25F,FUTSTK,3294.15,7172100,3293.3,3294.15,18542850,300,150,LT,27-FEB-2025
2025-02-03 14:45:11.626391,LT27FEB25F,FUTSTK,3293.1,7172700,3293.05,3293.9,18542850,150,600,LT,27-FEB-2025
2025-02-03 14:45:17.818790,LT27FEB25F,FUTSTK,3293.15,7173300,3293.05,3293.9,18542850,150,450,LT,27-FEB-2025
2025-02-03 14:45:24.537700,LT27FEB25F,FUTSTK,3293.1,7174650,3293.05,3293.7,18542850,150,150,LT,27-FEB-2025
2025-02-03 14:45:33.037186,LT27FEB25F,FUTSTK,3293.0,7175550,3293.1,3293.65,18542850,150,150,LT,27-FEB-2025
2025-02-03 14:45:40.546649,LT27FEB25F,FUTSTK,3292.95,7176450,3292.95,3293.55,18542850,300,300,LT,27-FEB-2025
2025-02-03 14:45:48.523788,LT27FEB25F,FUTSTK,3293.3,7177800,3293.3,3293.55,18542850,150,600,LT,27-FEB-2025
2025-02-03 14:45:57.292330,LT27FEB25F,FUTSTK,3292.5,7179000,3291.9,3292.9,18542850,150,150,LT,27-FEB-2025
2025-02-03 14:46:04.862977,LT27FEB25F,FUTSTK,3291.1,7182900,3291.0,3291.65,18542850,150,300,LT,27-FEB-2025
2025-02-03 14:46:11.119662,LT27FEB25F,FUTSTK,3290.25,7183950,3290.3,3291.15,18542850,150,1050,LT,27-FEB-2025
2025-02-03 14:46:17.262589,LT27FEB25F,FUTSTK,3288.9,7186500,3288.15,3289.1,18542850,150,900,LT,27-FEB-2025
2025-02-03 14:46:23.451248,LT27FEB25F,FUTSTK,3289.1,7189050,3289.0,3290.25,18542850,300,150,LT,27-FEB-2025
2025-02-03 14:46:29.846875,LT27FEB25F,FUTSTK,3290.55,7190250,3290.55,3291.15,18565500,150,150,LT,27-FEB-2025
2025-02-03 14:46:36.520288,LT27FEB25F,FUTSTK,3291.1,7191600,3291.05,3292.25,18565500,150,150,LT,27-FEB-2025
2025-02-03 14:46:44.337293,LT27FEB25F,FUTSTK,3291.1,7192800,3291.1,3292.1,18565500,150,750,LT,27-FEB-2025
2025-02-03 14:46:52.496312,LT27FEB25F,FUTSTK,3291.3,7193700,3291.1,3291.95,18565500,150,150,LT,27-FEB-2025
2025-02-03 14:46:59.551367,LT27FEB25F,FUTSTK,3295.05,7198650,3295.05,3295.75,18565500,150,300,LT,27-FEB-2025
2025-02-03 14:47:06.046836,LT27FEB25F,FUTSTK,3296.1,7201800,3296.4,3296.75,18565500,150,300,LT,27-FEB-2025
2025-02-03 14:47:13.146971,LT27FEB25F,FUTSTK,3296.55,7204650,3296.25,3296.95,18565500,300,150,LT,27-FEB-2025
2025-02-03 14:47:19.663022,LT27FEB25F,FUTSTK,3295.85,7207050,3296.0,3297.0,18565500,150,300,LT,27-FEB-2025
2025-02-03 14:47:25.964992,LT27FEB25F,FUTSTK,3295.1,7208250,3295.0,3296.15,18565500,150,300,LT,27-FEB-2025
2025-02-03 14:47:32.436638,LT27FEB25F,FUTSTK,3294.85,7209450,3294.45,3294.9,18565500,150,150,LT,27-FEB-2025
2025-02-03 14:47:38.735917,LT27FEB25F,FUTSTK,3293.15,7210200,3293.05,3293.95,18565500,300,450,LT,27-FEB-2025
2025-02-03 14:47:45.269326,LT27FEB25F,FUTSTK,3295.1,7212600,3294.15,3295.55,18565500,150,300,LT,27-FEB-2025
2025-02-03 14:47:51.976828,LT27FEB25F,FUTSTK,3294.7,7213950,3294.7,3295.55,18565500,450,150,LT,27-FEB-2025
2025-02-03 14:47:59.651841,LT27FEB25F,FUTSTK,3294.6,7215000,3294.7,3294.75,18565500,150,450,LT,27-FEB-2025
2025-02-03 14:48:08.050000,LT27FEB25F,FUTSTK,3294.2,7216950,3293.75,3294.25,18565500,150,150,LT,27-FEB-2025
2025-02-03 14:48:15.676863,LT27FEB25F,FUTSTK,3294.35,7217250,3294.3,3295.65,18565500,450,300,LT,27-FEB-2025
2025-02-03 14:48:22.069486,LT27FEB25F,FUTSTK,3294.4,7218150,3294.45,3295.05,18565500,150,150,LT,27-FEB-2025
2025-02-03 14:48:28.571181,LT27FEB25F,FUTSTK,3294.15,7219350,3294.15,3294.95,18565500,150,150,LT,27-FEB-2025
2025-02-03 14:48:34.912440,LT27FEB25F,FUTSTK,3293.8,7220700,3292.85,3293.8,18565500,150,150,LT,27-FEB-2025
2025-02-03 14:48:41.407054,LT27FEB25F,FUTSTK,3293.35,7221900,3292.35,3293.35,18565500,150,150,LT,27-FEB-2025
2025-02-03 14:48:48.035570,LT27FEB25F,FUTSTK,3293.0,7223550,3292.75,3293.85,18565500,150,150,LT,27-FEB-2025
2025-02-03 14:48:54.584398,LT27FEB25F,FUTSTK,3292.0,7224300,3291.95,3293.0,18565500,150,600,LT,27-FEB-2025
2025-02-03 14:49:00.976977,LT27FEB25F,FUTSTK,3292.2,7225350,3292.35,3292.65,18565500,150,450,LT,27-FEB-2025
2025-02-03 14:49:07.603887,LT27FEB25F,FUTSTK,3292.6,7227150,3292.2,3293.25,18565500,150,150,LT,27-FEB-2025
2025-02-03 14:49:14.718555,LT27FEB25F,FUTSTK,3292.4,7228650,3291.5,3292.75,18565500,150,150,LT,27-FEB-2025
2025-02-03 14:49:23.395901,LT27FEB25F,FUTSTK,3291.15,7229700,3291.15,3292.25,18565500,150,150,LT,27-FEB-2025
2025-02-03 14:49:30.910560,LT27FEB25F,FUTSTK,3291.6,7230900,3291.0,3292.2,18583200,450,150,LT,27-FEB-2025
2025-02-03 14:49:37.990478,LT27FEB25F,FUTSTK,3290.05,7231950,3290.0,3291.0,18583200,150,150,LT,27-FEB-2025
2025-02-03 14:49:44.471469,LT27FEB25F,FUTSTK,3286.8,7236000,3286.05,3287.1,18583200,150,150,LT,27-FEB-2025
2025-02-03 14:49:50.915892,LT27FEB25F,FUTSTK,3287.65,7238550,3286.9,3287.65,18583200,150,300,LT,27-FEB-2025
2025-02-03 14:49:57.360180,LT27FEB25F,FUTSTK,3287.75,7239900,3286.7,3287.85,18583200,150,150,LT,27-FEB-2025
2025-02-03 14:50:04.819787,LT27FEB25F,FUTSTK,3285.0,7241400,3285.0,3285.55,18583200,450,150,LT,27-FEB-2025
2025-02-03 14:50:11.707648,LT27FEB25F,FUTSTK,3285.55,7244400,3285.5,3285.55,18583200,450,300,LT,27-FEB-2025
2025-02-03 14:50:18.440010,LT27FEB25F,FUTSTK,3285.0,7245450,3284.65,3285.55,18583200,150,300,LT,27-FEB-2025
2025-02-03 14:50:25.548329,LT27FEB25F,FUTSTK,3285.55,7246950,3284.6,3285.5,18583200,150,300,LT,27-FEB-2025
2025-02-03 14:50:33.180960,LT27FEB25F,FUTSTK,3286.15,7248600,3286.1,3286.85,18583200,150,150,LT,27-FEB-2025
2025-02-03 14:50:41.625599,LT27FEB25F,FUTSTK,3287.0,7251000,3285.7,3287.35,18583200,300,150,LT,27-FEB-2025
2025-02-03 14:50:48.688659,LT27FEB25F,FUTSTK,3287.8,7251750,3287.8,3288.0,18583200,150,450,LT,27-FEB-2025
2025-02-03 14:50:55.820206,LT27FEB25F,FUTSTK,3286.7,7253100,3286.7,3287.75,18583200,300,150,LT,27-FEB-2025
2025-02-03 14:51:03.200568,LT27FEB25F,FUTSTK,3286.9,7253850,3286.9,3287.75,18583200,150,300,LT,27-FEB-2025
2025-02-03 14:51:09.585461,LT27FEB25F,FUTSTK,3287.1,7254750,3287.15,3287.75,18583200,450,300,LT,27-FEB-2025
2025-02-03 14:51:16.073234,LT27FEB25F,FUTSTK,3287.8,7256100,3287.45,3287.9,18583200,150,150,LT,27-FEB-2025
2025-02-03 14:51:22.421045,LT27FEB25F,FUTSTK,3288.0,7260150,3288.0,3288.65,18583200,300,150,LT,27-FEB-2025
2025-02-03 14:51:28.868115,LT27FEB25F,FUTSTK,3288.15,7261350,3287.85,3288.95,18583200,150,150,LT,27-FEB-2025
2025-02-03 14:51:35.529246,LT27FEB25F,FUTSTK,3287.1,7262700,3287.3,3288.05,18583200,150,750,LT,27-FEB-2025
2025-02-03 14:51:41.983002,LT27FEB25F,FUTSTK,3288.95,7264950,3288.75,3289.65,18583200,150,150,LT,27-FEB-2025
2025-02-03 14:51:49.968915,LT27FEB25F,FUTSTK,3289.65,7267050,3289.55,3290.45,18583200,150,1350,LT,27-FEB-2025
2025-02-03 14:51:58.585139,LT27FEB25F,FUTSTK,3290.8,7269300,3287.65,3288.75,18583200,150,150,LT,27-FEB-2025
2025-02-03 14:52:05.806420,LT27FEB25F,FUTSTK,3289.25,7271250,3288.3,3289.25,18583200,300,150,LT,27-FEB-2025
2025-02-03 14:52:12.216894,LT27FEB25F,FUTSTK,3288.0,7272450,3288.0,3288.9,18583200,150,600,LT,27-FEB-2025
2025-02-03 14:52:18.676443,LT27FEB25F,FUTSTK,3288.9,7274250,3289.0,3290.6,18583200,150,150,LT,27-FEB-2025
2025-02-03 14:52:25.278041,LT27FEB25F,FUTSTK,3290.25,7274850,3289.7,3290.25,18583200,300,600,LT,27-FEB-2025
2025-02-03 14:52:31.669170,LT27FEB25F,FUTSTK,3290.25,7276500,3289.9,3290.75,18600600,150,300,LT,27-FEB-2025
2025-02-03 14:52:38.262941,LT27FEB25F,FUTSTK,3288.9,7277550,3288.65,3289.85,18600600,150,150,LT,27-FEB-2025
2025-02-03 14:52:44.613069,LT27FEB25F,FUTSTK,3289.75,7278450,3289.45,3289.9,18600600,150,450,LT,27-FEB-2025
2025-02-03 14:52:51.357191,LT27FEB25F,FUTSTK,3288.8,7279500,3288.75,3289.8,18600600,300,300,LT,27-FEB-2025
2025-02-03 14:52:57.696601,LT27FEB25F,FUTSTK,3288.85,7280700,3288.75,3289.75,18600600,150,150,LT,27-FEB-2025
2025-02-03 14:53:04.807335,LT27FEB25F,FUTSTK,3289.25,7281750,3288.1,3289.25,18600600,600,150,LT,27-FEB-2025
2025-02-03 14:53:13.136201,LT27FEB25F,FUTSTK,3290.0,7284150,3289.75,3290.75,18600600,150,150,LT,27-FEB-2025
2025-02-03 14:53:20.490542,LT27FEB25F,FUTSTK,3291.15,7285350,3290.85,3291.2,18600600,150,150,LT,27-FEB-2025
2025-02-03 14:53:26.748445,LT27FEB25F,FUTSTK,3291.0,7286700,3290.4,3291.0,18600600,150,600,LT,27-FEB-2025
2025-02-03 14:53:33.175633,LT27FEB25F,FUTSTK,3290.95,7288200,3290.4,3290.95,18600600,150,300,LT,27-FEB-2025
2025-02-03 14:53:39.360189,LT27FEB25F,FUTSTK,3290.9,7289400,3290.5,3290.9,18600600,150,150,LT,27-FEB-2025
2025-02-03 14:53:45.624156,LT27FEB25F,FUTSTK,3289.35,7290150,3289.2,3290.15,18600600,150,150,LT,27-FEB-2025
2025-02-03 14:53:51.901259,LT27FEB25F,FUTSTK,3289.8,7291050,3289.05,3289.8,18600600,150,150,LT,27-FEB-2025
2025-02-03 14:53:58.349190,LT27FEB25F,FUTSTK,3289.15,7292100,3289.15,3289.85,18600600,300,150,LT,27-FEB-2025
2025-02-03 14:54:04.560218,LT27FEB25F,FUTSTK,3288.65,7293300,3288.65,3289.55,18600600,150,150,LT,27-FEB-2025
2025-02-03 14:54:10.769230,LT27FEB25F,FUTSTK,3288.35,7293900,3288.4,3289.5,18600600,150,150,LT,27-FEB-2025
2025-02-03 14:54:17.128904,LT27FEB25F,FUTSTK,3289.25,7294950,3287.85,3289.25,18600600,600,150,LT,27-FEB-2025
2025-02-03 14:54:25.605203,LT27FEB25F,FUTSTK,3287.35,7296000,3287.35,3288.35,18600600,150,150,LT,27-FEB-2025
2025-02-03 14:54:33.163309,LT27FEB25F,FUTSTK,3288.25,7298250,3288.3,3289.0,18600600,300,300,LT,27-FEB-2025
2025-02-03 14:54:40.060149,LT27FEB25F,FUTSTK,3289.35,7299900,3289.6,3290.0,18600600,150,300,LT,27-FEB-2025
2025-02-03 14:54:46.332435,LT27FEB25F,FUTSTK,3289.9,7302000,3289.75,3290.8,18600600,450,150,LT,27-FEB-2025
2025-02-03 14:54:53.165793,LT27FEB25F,FUTSTK,3290.05,7303200,3290.0,3290.7,18600600,150,150,LT,27-FEB-2025
2025-02-03 14:54:59.377353,LT27FEB25F,FUTSTK,3290.95,7304550,3290.7,3291.15,18600600,300,300,LT,27-FEB-2025
2025-02-03 14:55:05.731568,LT27FEB25F,FUTSTK,3291.1,7306050,3290.95,3291.85,18600600,150,150,LT,27-FEB-2025
2025-02-03 14:55:12.063188,LT27FEB25F,FUTSTK,3290.7,7307100,3290.7,3291.75,18600600,150,150,LT,27-FEB-2025
2025-02-03 14:55:18.588751,LT27FEB25F,FUTSTK,3291.05,7308000,3290.9,3292.15,18600600,150,150,LT,27-FEB-2025
2025-02-03 14:55:25.242094,LT27FEB25F,FUTSTK,3290.8,7308750,3290.8,3291.9,18600600,150,300,LT,27-FEB-2025
2025-02-03 14:55:31.678907,LT27FEB25F,FUTSTK,3290.7,7309800,3290.75,3291.7,18618450,150,150,LT,27-FEB-2025
2025-02-03 14:55:39.479981,LT27FEB25F,FUTSTK,3291.65,7311300,3290.8,3291.95,18618450,150,150,LT,27-FEB-2025
2025-02-03 14:55:47.536032,LT27FEB25F,FUTSTK,3291.85,7312350,3291.8,3292.6,18618450,150,450,LT,27-FEB-2025
2025-02-03 14:55:54.613066,LT27FEB25F,FUTSTK,3291.75,7313550,3291.75,3292.55,18618450,300,450,LT,27-FEB-2025
2025-02-03 14:56:01.155876,LT27FEB25F,FUTSTK,3292.5,7314750,3291.7,3292.5,18618450,150,150,LT,27-FEB-2025
2025-02-03 14:56:07.462691,LT27FEB25F,FUTSTK,3291.2,7315950,3291.15,3292.2,18618450,150,150,LT,27-FEB-2025
2025-02-03 14:56:14.349718,LT27FEB25F,FUTSTK,3291.0,7316850,3290.9,3291.8,18618450,150,450,LT,27-FEB-2025
2025-02-03 14:56:20.860272,LT27FEB25F,FUTSTK,3290.4,7318200,3290.4,3291.45,18618450,300,150,LT,27-FEB-2025
2025-02-03 14:56:27.559436,LT27FEB25F,FUTSTK,3290.0,7319250,3290.0,3290.55,18618450,150,150,LT,27-FEB-2025
2025-02-03 14:56:37.337308,LT27FEB25F,FUTSTK,3289.45,7320300,3289.45,3289.95,18618450,150,750,LT,27-FEB-2025
2025-02-03 14:56:43.726973,LT27FEB25F,FUTSTK,3289.45,7321200,3289.45,3289.95,18618450,300,900,LT,27-FEB-2025
2025-02-03 14:56:50.403970,LT27FEB25F,FUTSTK,3289.5,7323000,3289.5,3290.0,18618450,150,750,LT,27-FEB-2025
2025-02-03 14:57:00.141865,LT27FEB25F,FUTSTK,3289.55,7325100,3289.5,3290.7,18618450,150,150,LT,27-FEB-2025
2025-02-03 14:57:07.528854,LT27FEB25F,FUTSTK,3289.6,7326150,3289.6,3290.75,18618450,150,150,LT,27-FEB-2025
2025-02-03 14:57:14.264664,LT27FEB25F,FUTSTK,3289.6,7327200,3289.6,3290.5,18618450,150,150,LT,27-FEB-2025
2025-02-03 14:57:20.780947,LT27FEB25F,FUTSTK,3289.75,7328400,3289.7,3290.5,18618450,150,750,LT,27-FEB-2025
2025-02-03 14:57:27.644034,LT27FEB25F,FUTSTK,3290.5,7330200,3290.55,3291.6,18618450,150,450,LT,27-FEB-2025
2025-02-03 14:57:34.098487,LT27FEB25F,FUTSTK,3291.05,7331100,3291.05,3291.6,18618450,450,300,LT,27-FEB-2025
2025-02-03 14:57:40.427291,LT27FEB25F,FUTSTK,3290.2,7331700,3290.2,3291.25,18618450,150,150,LT,27-FEB-2025
2025-02-03 14:57:46.789593,LT27FEB25F,FUTSTK,3290.0,7333200,3289.95,3291.15,18618450,150,150,LT,27-FEB-2025
2025-02-03 14:57:53.221135,LT27FEB25F,FUTSTK,3291.95,7333800,3290.7,3291.5,18618450,150,300,LT,27-FEB-2025
2025-02-03 14:57:59.583424,LT27FEB25F,FUTSTK,3290.65,7335750,3290.6,3291.7,18618450,150,150,LT,27-FEB-2025
2025-02-03 14:58:05.972816,LT27FEB25F,FUTSTK,3291.5,7336650,3290.45,3291.5,18618450,150,150,LT,27-FEB-2025
2025-02-03 14:58:14.397065,LT27FEB25F,FUTSTK,3291.3,7338150,3291.3,3291.5,18618450,150,150,LT,27-FEB-2025
2025-02-03 14:58:23.125954,LT27FEB25F,FUTSTK,3290.35,7339500,3290.3,3291.4,18618450,150,150,LT,27-FEB-2025
2025-02-03 14:58:29.663159,LT27FEB25F,FUTSTK,3290.1,7340700,3289.95,3291.15,18618450,300,300,LT,27-FEB-2025
2025-02-03 14:58:38.047412,LT27FEB25F,FUTSTK,3289.75,7341900,3289.1,3290.05,18634500,300,150,LT,27-FEB-2025
2025-02-03 14:58:44.481493,LT27FEB25F,FUTSTK,3288.85,7343100,3288.85,3289.7,18634500,300,300,LT,27-FEB-2025
2025-02-03 14:58:51.335135,LT27FEB25F,FUTSTK,3288.9,7344450,3288.6,3290.0,18634500,150,150,LT,27-FEB-2025
2025-02-03 14:58:58.198997,LT27FEB25F,FUTSTK,3288.6,7345350,3288.6,3289.8,18634500,150,300,LT,27-FEB-2025
2025-02-03 14:59:04.685011,LT27FEB25F,FUTSTK,3289.95,7345950,3288.7,3289.95,18634500,150,150,LT,27-FEB-2025
2025-02-03 14:59:12.520985,LT27FEB25F,FUTSTK,3288.85,7346850,3288.95,3290.0,18634500,150,150,LT,27-FEB-2025
2025-02-03 14:59:18.999171,LT27FEB25F,FUTSTK,3289.1,7348050,3289.1,3290.4,18634500,300,150,LT,27-FEB-2025
2025-02-03 14:59:26.020911,LT27FEB25F,FUTSTK,3289.5,7349100,3289.5,3290.55,18634500,450,600,LT,27-FEB-2025
2025-02-03 14:59:34.700460,LT27FEB25F,FUTSTK,3291.45,7354200,3290.7,3291.55,18634500,300,300,LT,27-FEB-2025
2025-02-03 14:59:42.190858,LT27FEB25F,FUTSTK,3292.95,7356450,3291.95,3292.4,18634500,150,150,LT,27-FEB-2025
2025-02-03 14:59:48.916543,LT27FEB25F,FUTSTK,3292.9,7360200,3292.8,3293.8,18634500,150,300,LT,27-FEB-2025
2025-02-03 14:59:55.387412,LT27FEB25F,FUTSTK,3292.2,7361700,3292.0,3292.65,18634500,150,300,LT,27-FEB-2025
2025-02-03 15:00:02.172116,LT27FEB25F,FUTSTK,3293.5,7364100,3293.45,3294.15,18634500,300,150,LT,27-FEB-2025
2025-02-03 15:00:08.594835,LT27FEB25F,FUTSTK,3294.35,7366200,3293.65,3294.55,18634500,300,150,LT,27-FEB-2025
2025-02-03 15:00:15.120372,LT27FEB25F,FUTSTK,3294.6,7370550,3294.6,3295.9,18634500,150,300,LT,27-FEB-2025
2025-02-03 15:00:21.670988,LT27FEB25F,FUTSTK,3295.05,7371900,3295.15,3296.2,18634500,150,600,LT,27-FEB-2025
2025-02-03 15:00:28.086384,LT27FEB25F,FUTSTK,3295.0,7373100,3295.0,3295.85,18634500,300,600,LT,27-FEB-2025
2025-02-03 15:00:34.640090,LT27FEB25F,FUTSTK,3295.0,7374150,3295.0,3295.8,18634500,150,1350,LT,27-FEB-2025
2025-02-03 15:00:41.191936,LT27FEB25F,FUTSTK,3296.0,7381200,3295.8,3296.55,18634500,150,750,LT,27-FEB-2025
2025-02-03 15:00:50.374771,LT27FEB25F,FUTSTK,3297.15,7384950,3296.65,3297.15,18634500,300,300,LT,27-FEB-2025
2025-02-03 15:00:57.796674,LT27FEB25F,FUTSTK,3296.25,7386450,3295.7,3296.65,18634500,300,450,LT,27-FEB-2025
2025-02-03 15:01:05.615518,LT27FEB25F,FUTSTK,3295.65,7389750,3295.0,3295.9,18634500,300,450,LT,27-FEB-2025
2025-02-03 15:01:14.004851,LT27FEB25F,FUTSTK,3294.1,7393500,3293.85,3294.9,18634500,150,1050,LT,27-FEB-2025
2025-02-03 15:01:21.202127,LT27FEB25F,FUTSTK,3292.55,7396650,3292.65,3293.7,18634500,300,300,LT,27-FEB-2025
2025-02-03 15:01:27.785728,LT27FEB25F,FUTSTK,3292.2,7400400,3292.2,3293.1,18634500,150,750,LT,27-FEB-2025
2025-02-03 15:01:34.222647,LT27FEB25F,FUTSTK,3292.8,7402500,3292.4,3293.1,18662850,300,300,LT,27-FEB-2025
2025-02-03 15:01:40.801480,LT27FEB25F,FUTSTK,3293.15,7404300,3292.85,3293.6,18662850,150,450,LT,27-FEB-2025
2025-02-03 15:01:47.241826,LT27FEB25F,FUTSTK,3292.35,7405500,3292.1,3293.1,18662850,900,600,LT,27-FEB-2025
2025-02-03 15:01:53.868951,LT27FEB25F,FUTSTK,3292.95,7407300,3292.25,3292.95,18662850,150,750,LT,27-FEB-2025
2025-02-03 15:02:01.819145,LT27FEB25F,FUTSTK,3294.8,7410450,3294.25,3294.8,18662850,150,150,LT,27-FEB-2025
2025-02-03 15:02:10.023178,LT27FEB25F,FUTSTK,3293.7,7411800,3293.85,3294.15,18662850,150,600,LT,27-FEB-2025
2025-02-03 15:02:17.390278,LT27FEB25F,FUTSTK,3293.1,7412700,3292.95,3293.75,18662850,300,600,LT,27-FEB-2025
2025-02-03 15:02:24.130221,LT27FEB25F,FUTSTK,3292.35,7414050,3292.4,3293.35,18662850,450,450,LT,27-FEB-2025
2025-02-03 15:02:30.540004,LT27FEB25F,FUTSTK,3293.15,7416600,3292.7,3293.85,18662850,150,150,LT,27-FEB-2025
2025-02-03 15:02:37.163467,LT27FEB25F,FUTSTK,3293.55,7418100,3293.6,3294.7,18662850,150,150,LT,27-FEB-2025
2025-02-03 15:02:43.363819,LT27FEB25F,FUTSTK,3294.65,7419300,3293.85,3294.65,18662850,150,450,LT,27-FEB-2025
2025-02-03 15:02:49.863182,LT27FEB25F,FUTSTK,3294.25,7421100,3294.15,3295.1,18662850,150,150,LT,27-FEB-2025
2025-02-03 15:02:56.332063,LT27FEB25F,FUTSTK,3295.1,7423200,3295.05,3296.05,18662850,450,150,LT,27-FEB-2025
2025-02-03 15:03:02.891980,LT27FEB25F,FUTSTK,3294.9,7425300,3294.85,3295.55,18662850,150,750,LT,27-FEB-2025
2025-02-03 15:03:09.508637,LT27FEB25F,FUTSTK,3293.7,7428150,3292.95,3293.8,18662850,150,150,LT,27-FEB-2025
2025-02-03 15:03:17.505533,LT27FEB25F,FUTSTK,3293.8,7430850,3294.05,3295.0,18662850,150,450,LT,27-FEB-2025
2025-02-03 15:03:26.466474,LT27FEB25F,FUTSTK,3294.35,7432200,3294.4,3294.8,18662850,450,450,LT,27-FEB-2025
2025-02-03 15:03:33.493878,LT27FEB25F,FUTSTK,3294.65,7434150,3294.65,3294.85,18662850,150,150,LT,27-FEB-2025
2025-02-03 15:03:39.828532,LT27FEB25F,FUTSTK,3294.45,7435050,3294.45,3294.95,18662850,300,450,LT,27-FEB-2025
2025-02-03 15:03:46.287627,LT27FEB25F,FUTSTK,3295.25,7437150,3295.0,3295.25,18662850,150,150,LT,27-FEB-2025
2025-02-03 15:03:52.936212,LT27FEB25F,FUTSTK,3295.0,7438200,3295.0,3295.25,18662850,450,750,LT,27-FEB-2025
2025-02-03 15:03:59.368095,LT27FEB25F,FUTSTK,3295.05,7441500,3295.05,3295.2,18662850,150,150,LT,27-FEB-2025
2025-02-03 15:04:06.027536,LT27FEB25F,FUTSTK,3295.25,7444650,3295.25,3296.1,18662850,150,300,LT,27-FEB-2025
2025-02-03 15:04:12.460474,LT27FEB25F,FUTSTK,3295.8,7446000,3295.25,3295.8,18662850,300,150,LT,27-FEB-2025
2025-02-03 15:04:18.788253,LT27FEB25F,FUTSTK,3295.9,7447350,3295.2,3295.9,18662850,150,450,LT,27-FEB-2025
2025-02-03 15:04:25.362128,LT27FEB25F,FUTSTK,3295.25,7448850,3295.25,3295.85,18662850,150,150,LT,27-FEB-2025
2025-02-03 15:04:32.532027,LT27FEB25F,FUTSTK,3295.3,7451100,3295.3,3295.8,18682350,450,600,LT,27-FEB-2025
2025-02-03 15:04:41.068059,LT27FEB25F,FUTSTK,3296.2,7453950,3295.45,3296.25,18682350,600,150,LT,27-FEB-2025
2025-02-03 15:04:48.446697,LT27FEB25F,FUTSTK,3296.5,7456650,3296.5,3297.0,18682350,2100,300,LT,27-FEB-2025
2025-02-03 15:04:55.092303,LT27FEB25F,FUTSTK,3297.4,7460250,3297.05,3297.4,18682350,300,450,LT,27-FEB-2025
2025-02-03 15:05:01.366919,LT27FEB25F,FUTSTK,3297.0,7461900,3297.2,3297.4,18682350,150,450,LT,27-FEB-2025
2025-02-03 15:05:07.833353,LT27FEB25F,FUTSTK,3296.5,7463850,3296.55,3297.3,18682350,150,150,LT,27-FEB-2025
2025-02-03 15:05:14.232931,LT27FEB25F,FUTSTK,3298.25,7478550,3298.1,3299.1,18682350,150,150,LT,27-FEB-2025
2025-02-03 15:05:21.398298,LT27FEB25F,FUTSTK,3298.45,7483050,3298.5,3299.45,18682350,150,450,LT,27-FEB-2025
2025-02-03 15:05:27.948049,LT27FEB25F,FUTSTK,3298.3,7484700,3298.15,3298.6,18682350,150,450,LT,27-FEB-2025
