timestamp,symbol,instrument,ltp,volume,bid,ask,oi,bid_qty,ask_qty,stock_name,expiry
2025-02-03 09:30:10.689412,ONGC27FEB25F,FUTSTK,245.9,3182025,245.75,245.9,95320225,3850,5775,ONGC,27-FEB-2025
2025-02-03 09:32:39.120760,ONGC27FEB25F,FUTSTK,245.3,3543925,245.25,245.35,95668650,1925,11550,ONGC,27-FEB-2025
2025-02-03 09:32:46.760634,ONGC27FEB25F,FUTSTK,245.2,3651725,245.35,245.45,95668650,1925,9625,ONGC,27-FEB-2025
2025-02-03 09:33:00.834562,ONGC27FEB25F,FUTSTK,245.05,3651725,245.35,245.45,95668650,1925,9625,ONGC,27-FEB-2025
2025-02-03 09:33:12.064897,ONGC27FEB25F,FUTSTK,244.8,3697925,244.85,245.0,95668650,1925,13475,ONGC,27-FEB-2025
2025-02-03 09:33:26.671944,ONGC27FEB25F,FUTSTK,244.8,3697925,244.85,245.0,95668650,1925,13475,ONGC,27-FEB-2025
2025-02-03 09:33:34.629581,ONGC27FEB25F,FUTSTK,244.7,3697925,244.85,245.0,95668650,1925,13475,ONGC,27-FEB-2025
2025-02-03 09:33:42.235199,ONGC27FEB25F,FUTSTK,244.6,3721025,244.65,244.75,95830350,1925,11550,ONGC,27-FEB-2025
2025-02-03 09:33:50.053170,ONGC27FEB25F,FUTSTK,244.6,3721025,244.65,244.75,95830350,1925,11550,ONGC,27-FEB-2025
2025-02-03 09:33:58.410243,ONGC27FEB25F,FUTSTK,244.5,3721025,244.65,244.75,95830350,1925,11550,ONGC,27-FEB-2025
2025-02-03 09:34:10.165932,ONGC27FEB25F,FUTSTK,244.45,3761450,244.45,244.55,95830350,3850,3850,ONGC,27-FEB-2025
2025-02-03 09:34:23.396900,ONGC27FEB25F,FUTSTK,244.3,3761450,244.45,244.55,95830350,3850,3850,ONGC,27-FEB-2025
2025-02-03 09:34:31.376002,ONGC27FEB25F,FUTSTK,244.4,3823050,244.3,244.45,95830350,19250,11550,ONGC,27-FEB-2025
2025-02-03 09:34:39.313070,ONGC27FEB25F,FUTSTK,244.25,3823050,244.3,244.45,95830350,19250,11550,ONGC,27-FEB-2025
2025-02-03 09:34:46.643980,ONGC27FEB25F,FUTSTK,244.1,3823050,244.3,244.45,95830350,19250,11550,ONGC,27-FEB-2025
2025-02-03 09:34:56.761241,ONGC27FEB25F,FUTSTK,243.95,3873100,244.15,244.2,95830350,7700,1925,ONGC,27-FEB-2025
2025-02-03 09:35:14.317654,ONGC27FEB25F,FUTSTK,243.9,3873100,244.15,244.2,95830350,7700,1925,ONGC,27-FEB-2025
2025-02-03 09:35:33.040461,ONGC27FEB25F,FUTSTK,243.85,3986675,243.9,243.95,95830350,1925,1925,ONGC,27-FEB-2025
2025-02-03 09:35:45.178057,ONGC27FEB25F,FUTSTK,243.85,3986675,243.9,243.95,95830350,1925,1925,ONGC,27-FEB-2025
2025-02-03 09:35:56.601437,ONGC27FEB25F,FUTSTK,243.9,4048275,243.8,243.9,95830350,19250,7700,ONGC,27-FEB-2025
2025-02-03 09:36:04.828673,ONGC27FEB25F,FUTSTK,243.8,4048275,243.8,243.9,95830350,19250,7700,ONGC,27-FEB-2025
2025-02-03 09:36:12.911593,ONGC27FEB25F,FUTSTK,243.6,4048275,243.8,243.9,95830350,19250,7700,ONGC,27-FEB-2025
2025-02-03 09:36:21.623829,ONGC27FEB25F,FUTSTK,243.75,4159925,243.7,243.75,95830350,1925,1925,ONGC,27-FEB-2025
2025-02-03 09:36:29.355470,ONGC27FEB25F,FUTSTK,243.45,4159925,243.7,243.75,95830350,1925,1925,ONGC,27-FEB-2025
2025-02-03 09:36:39.787252,ONGC27FEB25F,FUTSTK,243.2,4308150,243.15,243.3,96067125,3850,7700,ONGC,27-FEB-2025
2025-02-03 09:36:52.072659,ONGC27FEB25F,FUTSTK,242.75,4404400,242.75,242.95,96067125,13475,9625,ONGC,27-FEB-2025
2025-02-03 09:37:00.878188,ONGC27FEB25F,FUTSTK,243.05,4456375,243.0,243.15,96067125,5775,9625,ONGC,27-FEB-2025
2025-02-03 09:37:09.855335,ONGC27FEB25F,FUTSTK,242.85,4529525,242.75,242.9,96067125,3850,3850,ONGC,27-FEB-2025
2025-02-03 09:37:17.208727,ONGC27FEB25F,FUTSTK,242.95,4562250,242.85,243.0,96067125,9625,1925,ONGC,27-FEB-2025
2025-02-03 09:37:25.181401,ONGC27FEB25F,FUTSTK,242.7,4593050,242.65,242.7,96067125,1925,1925,ONGC,27-FEB-2025
2025-02-03 09:37:32.996811,ONGC27FEB25F,FUTSTK,242.6,4612300,242.6,242.7,96067125,3850,3850,ONGC,27-FEB-2025
2025-02-03 09:37:42.014472,ONGC27FEB25F,FUTSTK,242.55,4683525,242.6,242.7,96067125,1925,11550,ONGC,27-FEB-2025
2025-02-03 09:37:51.325264,ONGC27FEB25F,FUTSTK,242.4,4698925,242.35,242.5,96067125,21175,3850,ONGC,27-FEB-2025
2025-02-03 09:38:02.250337,ONGC27FEB25F,FUTSTK,242.35,4737425,242.4,242.55,96067125,1925,11550,ONGC,27-FEB-2025
2025-02-03 09:38:12.645619,ONGC27FEB25F,FUTSTK,242.4,4752825,242.25,242.4,96067125,7700,9625,ONGC,27-FEB-2025
2025-02-03 09:38:22.172938,ONGC27FEB25F,FUTSTK,242.0,4833675,241.9,242.05,96067125,3850,5775,ONGC,27-FEB-2025
2025-02-03 09:38:29.941115,ONGC27FEB25F,FUTSTK,241.8,4858700,241.7,241.8,96067125,7700,7700,ONGC,27-FEB-2025
2025-02-03 09:38:37.493118,ONGC27FEB25F,FUTSTK,241.6,4885650,241.6,241.7,96067125,5775,1925,ONGC,27-FEB-2025
2025-02-03 09:38:47.569722,ONGC27FEB25F,FUTSTK,241.75,4985750,241.75,241.85,96067125,1925,1925,ONGC,27-FEB-2025
2025-02-03 09:38:58.633076,ONGC27FEB25F,FUTSTK,241.55,4995375,241.5,241.6,96067125,1925,11550,ONGC,27-FEB-2025
2025-02-03 09:39:06.989042,ONGC27FEB25F,FUTSTK,241.55,5056975,241.5,241.65,96067125,3850,5775,ONGC,27-FEB-2025
2025-02-03 09:39:18.459920,ONGC27FEB25F,FUTSTK,241.65,5108950,241.65,241.8,96067125,3850,1925,ONGC,27-FEB-2025
2025-02-03 09:39:31.526679,ONGC27FEB25F,FUTSTK,241.55,5124350,241.45,241.55,96067125,1925,15400,ONGC,27-FEB-2025
2025-02-03 09:39:39.878063,ONGC27FEB25F,FUTSTK,241.55,5137825,241.4,241.55,96067125,11550,3850,ONGC,27-FEB-2025
2025-02-03 09:39:47.946752,ONGC27FEB25F,FUTSTK,241.4,5153225,241.3,241.45,96567625,9625,9625,ONGC,27-FEB-2025
2025-02-03 09:39:55.618354,ONGC27FEB25F,FUTSTK,241.35,5182100,241.25,241.4,96567625,3850,15400,ONGC,27-FEB-2025
2025-02-03 09:40:05.079589,ONGC27FEB25F,FUTSTK,241.5,5199425,241.4,241.55,96567625,25025,3850,ONGC,27-FEB-2025
2025-02-03 09:40:16.134412,ONGC27FEB25F,FUTSTK,241.7,5270650,241.65,241.8,96567625,9625,7700,ONGC,27-FEB-2025
2025-02-03 09:40:26.429727,ONGC27FEB25F,FUTSTK,241.55,5338025,241.55,241.6,96567625,1925,1925,ONGC,27-FEB-2025
2025-02-03 09:40:38.530415,ONGC27FEB25F,FUTSTK,241.8,5380375,241.8,242.0,96567625,5775,15400,ONGC,27-FEB-2025
2025-02-03 09:40:51.853249,ONGC27FEB25F,FUTSTK,241.65,5411175,241.55,241.75,96567625,3850,9625,ONGC,27-FEB-2025
2025-02-03 09:40:59.307112,ONGC27FEB25F,FUTSTK,241.7,5443900,241.65,241.8,96567625,7700,3850,ONGC,27-FEB-2025
2025-02-03 09:41:07.024663,ONGC27FEB25F,FUTSTK,241.75,5453525,241.7,241.85,96567625,3850,3850,ONGC,27-FEB-2025
2025-02-03 09:41:14.659876,ONGC27FEB25F,FUTSTK,241.6,5474700,241.45,241.6,96567625,5775,9625,ONGC,27-FEB-2025
2025-02-03 09:41:23.392542,ONGC27FEB25F,FUTSTK,241.6,5497800,241.45,241.6,96567625,9625,9625,ONGC,27-FEB-2025
2025-02-03 09:41:32.483069,ONGC27FEB25F,FUTSTK,241.6,5507425,241.55,241.7,96567625,1925,5775,ONGC,27-FEB-2025
2025-02-03 09:41:40.981771,ONGC27FEB25F,FUTSTK,241.25,5524750,241.3,241.4,96567625,3850,9625,ONGC,27-FEB-2025
2025-02-03 09:41:54.826687,ONGC27FEB25F,FUTSTK,241.2,5524750,241.3,241.4,96567625,3850,9625,ONGC,27-FEB-2025
2025-02-03 09:42:05.270707,ONGC27FEB25F,FUTSTK,241.15,5524750,241.3,241.4,96567625,3850,9625,ONGC,27-FEB-2025
2025-02-03 09:42:13.281372,ONGC27FEB25F,FUTSTK,241.2,5597900,241.05,241.15,96567625,1925,1925,ONGC,27-FEB-2025
2025-02-03 09:42:21.534509,ONGC27FEB25F,FUTSTK,241.1,5597900,241.05,241.15,96567625,1925,1925,ONGC,27-FEB-2025
2025-02-03 09:42:29.548700,ONGC27FEB25F,FUTSTK,241.4,5597900,241.05,241.15,96567625,1925,1925,ONGC,27-FEB-2025
2025-02-03 09:42:37.477223,ONGC27FEB25F,FUTSTK,241.7,5707625,241.55,241.8,96567625,17325,17325,ONGC,27-FEB-2025
2025-02-03 09:42:45.118858,ONGC27FEB25F,FUTSTK,241.8,5759600,241.75,241.9,96765900,1925,3850,ONGC,27-FEB-2025
2025-02-03 09:42:52.974070,ONGC27FEB25F,FUTSTK,242.0,5763450,241.8,241.95,96765900,3850,9625,ONGC,27-FEB-2025
2025-02-03 09:43:00.956799,ONGC27FEB25F,FUTSTK,242.05,5786550,242.0,242.15,96765900,3850,11550,ONGC,27-FEB-2025
2025-02-03 09:43:11.158152,ONGC27FEB25F,FUTSTK,242.1,5846225,241.95,242.1,96765900,3850,1925,ONGC,27-FEB-2025
2025-02-03 09:43:21.510577,ONGC27FEB25F,FUTSTK,241.65,5869325,241.6,241.7,96765900,5775,1925,ONGC,27-FEB-2025
2025-02-03 09:43:29.114381,ONGC27FEB25F,FUTSTK,241.65,5888575,241.55,241.7,96765900,5775,1925,ONGC,27-FEB-2025
2025-02-03 09:43:36.758396,ONGC27FEB25F,FUTSTK,241.85,5902050,241.65,241.8,96765900,9625,1925,ONGC,27-FEB-2025
2025-02-03 09:43:44.330789,ONGC27FEB25F,FUTSTK,241.8,5907825,241.7,241.85,96765900,5775,3850,ONGC,27-FEB-2025
2025-02-03 09:43:53.246563,ONGC27FEB25F,FUTSTK,241.75,5930925,241.65,241.85,96765900,5775,11550,ONGC,27-FEB-2025
2025-02-03 09:44:01.282252,ONGC27FEB25F,FUTSTK,241.75,5934775,241.75,241.85,96765900,5775,3850,ONGC,27-FEB-2025
2025-02-03 09:44:09.119166,ONGC27FEB25F,FUTSTK,241.9,5946325,241.85,241.95,96765900,3850,3850,ONGC,27-FEB-2025
2025-02-03 09:44:18.035700,ONGC27FEB25F,FUTSTK,242.05,5959800,242.0,242.1,96765900,7700,1925,ONGC,27-FEB-2025
2025-02-03 09:44:28.483363,ONGC27FEB25F,FUTSTK,241.9,5963650,241.8,241.95,96765900,15400,1925,ONGC,27-FEB-2025
2025-02-03 09:44:37.433738,ONGC27FEB25F,FUTSTK,241.85,5967500,241.85,241.95,96765900,1925,1925,ONGC,27-FEB-2025
2025-02-03 09:44:44.964017,ONGC27FEB25F,FUTSTK,241.8,5969425,241.85,241.95,96765900,1925,9625,ONGC,27-FEB-2025
2025-02-03 09:44:52.759906,ONGC27FEB25F,FUTSTK,241.9,5986750,241.7,241.85,96765900,17325,1925,ONGC,27-FEB-2025
2025-02-03 09:45:01.051553,ONGC27FEB25F,FUTSTK,241.85,5986750,241.7,241.85,96765900,17325,1925,ONGC,27-FEB-2025
2025-02-03 09:45:08.668992,ONGC27FEB25F,FUTSTK,241.7,5986750,241.7,241.85,96765900,17325,1925,ONGC,27-FEB-2025
2025-02-03 09:45:17.318050,ONGC27FEB25F,FUTSTK,241.8,6023325,241.7,241.8,96765900,7700,3850,ONGC,27-FEB-2025
2025-02-03 09:45:33.114124,ONGC27FEB25F,FUTSTK,241.9,6023325,241.7,241.8,96765900,7700,3850,ONGC,27-FEB-2025
2025-02-03 09:45:44.293212,ONGC27FEB25F,FUTSTK,241.8,6065675,241.65,241.8,96923750,1925,1925,ONGC,27-FEB-2025
2025-02-03 09:45:54.253925,ONGC27FEB25F,FUTSTK,241.8,6065675,241.65,241.8,96923750,1925,1925,ONGC,27-FEB-2025
2025-02-03 09:46:01.886978,ONGC27FEB25F,FUTSTK,242.0,6065675,241.65,241.8,96923750,1925,1925,ONGC,27-FEB-2025
2025-02-03 09:46:10.034317,ONGC27FEB25F,FUTSTK,242.25,6108025,242.25,242.35,96923750,1925,1925,ONGC,27-FEB-2025
2025-02-03 09:46:17.885821,ONGC27FEB25F,FUTSTK,242.2,6108025,242.25,242.35,96923750,1925,1925,ONGC,27-FEB-2025
2025-02-03 09:46:25.671319,ONGC27FEB25F,FUTSTK,242.45,6108025,242.25,242.35,96923750,1925,1925,ONGC,27-FEB-2025
2025-02-03 09:46:33.281602,ONGC27FEB25F,FUTSTK,242.8,6108025,242.25,242.35,96923750,1925,1925,ONGC,27-FEB-2025
2025-02-03 09:46:41.117015,ONGC27FEB25F,FUTSTK,243.05,6208125,243.0,243.1,96923750,3850,1925,ONGC,27-FEB-2025
2025-02-03 09:46:51.075093,ONGC27FEB25F,FUTSTK,243.0,6240850,242.95,243.0,96923750,1925,3850,ONGC,27-FEB-2025
2025-02-03 09:47:01.033969,ONGC27FEB25F,FUTSTK,242.8,6254325,242.85,243.0,96923750,1925,5775,ONGC,27-FEB-2025
2025-02-03 09:47:09.960535,ONGC27FEB25F,FUTSTK,242.75,6258175,242.75,242.9,96923750,3850,5775,ONGC,27-FEB-2025
2025-02-03 09:47:18.659236,ONGC27FEB25F,FUTSTK,242.75,6262025,242.6,242.75,96923750,5775,5775,ONGC,27-FEB-2025
2025-02-03 09:47:32.975539,ONGC27FEB25F,FUTSTK,242.2,6375600,242.15,242.35,96923750,3850,9625,ONGC,27-FEB-2025
2025-02-03 09:47:57.338434,ONGC27FEB25F,FUTSTK,242.45,6394850,242.45,242.55,96923750,3850,1925,ONGC,27-FEB-2025
2025-02-03 09:48:05.272277,ONGC27FEB25F,FUTSTK,242.25,6394850,242.45,242.55,96923750,3850,1925,ONGC,27-FEB-2025
2025-02-03 09:48:18.069051,ONGC27FEB25F,FUTSTK,242.15,6394850,242.45,242.55,96923750,3850,1925,ONGC,27-FEB-2025
2025-02-03 09:48:27.912384,ONGC27FEB25F,FUTSTK,242.25,6416025,242.15,242.3,96923750,9625,1925,ONGC,27-FEB-2025
2025-02-03 09:48:36.879135,ONGC27FEB25F,FUTSTK,242.4,6416025,242.15,242.3,96923750,9625,1925,ONGC,27-FEB-2025
2025-02-03 09:48:44.834860,ONGC27FEB25F,FUTSTK,242.65,6416025,242.15,242.3,97066200,9625,1925,ONGC,27-FEB-2025
2025-02-03 09:48:55.163970,ONGC27FEB25F,FUTSTK,242.6,6464150,242.6,242.75,97066200,3850,3850,ONGC,27-FEB-2025
2025-02-03 09:49:03.671670,ONGC27FEB25F,FUTSTK,242.6,6464150,242.6,242.75,97066200,3850,3850,ONGC,27-FEB-2025
2025-02-03 09:49:13.547883,ONGC27FEB25F,FUTSTK,242.55,6464150,242.6,242.75,97066200,3850,3850,ONGC,27-FEB-2025
2025-02-03 09:49:24.816599,ONGC27FEB25F,FUTSTK,242.35,6479550,242.45,242.55,97066200,1925,1925,ONGC,27-FEB-2025
2025-02-03 09:49:37.241798,ONGC27FEB25F,FUTSTK,242.15,6479550,242.45,242.55,97066200,1925,1925,ONGC,27-FEB-2025
2025-02-03 09:49:46.399856,ONGC27FEB25F,FUTSTK,242.2,6531525,242.05,242.2,97066200,7700,1925,ONGC,27-FEB-2025
2025-02-03 09:49:56.925244,ONGC27FEB25F,FUTSTK,242.2,6531525,242.05,242.2,97066200,7700,1925,ONGC,27-FEB-2025
2025-02-03 09:50:06.125391,ONGC27FEB25F,FUTSTK,242.2,6531525,242.05,242.2,97066200,7700,1925,ONGC,27-FEB-2025
2025-02-03 09:50:14.924231,ONGC27FEB25F,FUTSTK,242.3,6533450,242.1,242.15,97066200,3850,1925,ONGC,27-FEB-2025
2025-02-03 09:50:24.509311,ONGC27FEB25F,FUTSTK,242.3,6533450,242.1,242.15,97066200,3850,1925,ONGC,27-FEB-2025
2025-02-03 09:50:33.725145,ONGC27FEB25F,FUTSTK,242.3,6533450,242.1,242.15,97066200,3850,1925,ONGC,27-FEB-2025
2025-02-03 09:50:44.188338,ONGC27FEB25F,FUTSTK,242.55,6548850,242.45,242.6,97066200,1925,1925,ONGC,27-FEB-2025
2025-02-03 09:50:56.242089,ONGC27FEB25F,FUTSTK,242.6,6548850,242.45,242.6,97066200,1925,1925,ONGC,27-FEB-2025
2025-02-03 09:51:04.671442,ONGC27FEB25F,FUTSTK,242.45,6587350,242.45,242.6,97066200,7700,1925,ONGC,27-FEB-2025
2025-02-03 09:51:12.734135,ONGC27FEB25F,FUTSTK,242.45,6587350,242.45,242.6,97066200,7700,1925,ONGC,27-FEB-2025
2025-02-03 09:51:21.234346,ONGC27FEB25F,FUTSTK,242.45,6587350,242.45,242.6,97066200,7700,1925,ONGC,27-FEB-2025
2025-02-03 09:51:29.355227,ONGC27FEB25F,FUTSTK,242.9,6620075,242.85,243.0,97066200,1925,3850,ONGC,27-FEB-2025
2025-02-03 09:51:37.625862,ONGC27FEB25F,FUTSTK,242.9,6620075,242.85,243.0,97066200,1925,3850,ONGC,27-FEB-2025
2025-02-03 09:51:46.332801,ONGC27FEB25F,FUTSTK,243.0,6620075,242.85,243.0,97141275,1925,3850,ONGC,27-FEB-2025
2025-02-03 09:51:54.179862,ONGC27FEB25F,FUTSTK,242.8,6643175,242.65,242.85,97141275,9625,1925,ONGC,27-FEB-2025
2025-02-03 09:52:06.612731,ONGC27FEB25F,FUTSTK,242.85,6643175,242.65,242.85,97141275,9625,1925,ONGC,27-FEB-2025
2025-02-03 09:52:17.172763,ONGC27FEB25F,FUTSTK,242.95,6643175,242.65,242.85,97141275,9625,1925,ONGC,27-FEB-2025
2025-02-03 09:52:27.246177,ONGC27FEB25F,FUTSTK,242.8,6650875,242.8,242.95,97141275,3850,1925,ONGC,27-FEB-2025
2025-02-03 09:52:34.970862,ONGC27FEB25F,FUTSTK,243.05,6650875,242.8,242.95,97141275,3850,1925,ONGC,27-FEB-2025
2025-02-03 09:52:42.730944,ONGC27FEB25F,FUTSTK,242.8,6650875,242.8,242.95,97141275,3850,1925,ONGC,27-FEB-2025
2025-02-03 09:52:50.815210,ONGC27FEB25F,FUTSTK,242.8,6691300,242.6,242.8,97141275,3850,3850,ONGC,27-FEB-2025
2025-02-03 09:52:58.175091,ONGC27FEB25F,FUTSTK,242.6,6691300,242.6,242.8,97141275,3850,3850,ONGC,27-FEB-2025
2025-02-03 09:53:06.008006,ONGC27FEB25F,FUTSTK,242.6,6691300,242.6,242.8,97141275,3850,3850,ONGC,27-FEB-2025
2025-02-03 09:53:16.066460,ONGC27FEB25F,FUTSTK,242.75,6716325,242.65,242.75,97141275,1925,5775,ONGC,27-FEB-2025
2025-02-03 09:53:25.303169,ONGC27FEB25F,FUTSTK,242.85,6716325,242.65,242.75,97141275,1925,5775,ONGC,27-FEB-2025
2025-02-03 09:53:35.676600,ONGC27FEB25F,FUTSTK,242.7,6716325,242.65,242.75,97141275,1925,5775,ONGC,27-FEB-2025
2025-02-03 09:53:43.439038,ONGC27FEB25F,FUTSTK,242.75,6793325,242.75,242.9,97141275,1925,7700,ONGC,27-FEB-2025
2025-02-03 09:53:51.253233,ONGC27FEB25F,FUTSTK,242.65,6793325,242.75,242.9,97141275,1925,7700,ONGC,27-FEB-2025
2025-02-03 09:53:59.190725,ONGC27FEB25F,FUTSTK,242.7,6793325,242.75,242.9,97141275,1925,7700,ONGC,27-FEB-2025
2025-02-03 09:54:06.935036,ONGC27FEB25F,FUTSTK,242.5,6810650,242.5,242.65,97141275,1925,13475,ONGC,27-FEB-2025
2025-02-03 09:54:15.011971,ONGC27FEB25F,FUTSTK,242.5,6810650,242.5,242.65,97141275,1925,13475,ONGC,27-FEB-2025
2025-02-03 09:54:22.562370,ONGC27FEB25F,FUTSTK,242.55,6810650,242.5,242.65,97141275,1925,13475,ONGC,27-FEB-2025
2025-02-03 09:54:32.417166,ONGC27FEB25F,FUTSTK,242.75,6833750,242.65,242.75,97141275,1925,42350,ONGC,27-FEB-2025
2025-02-03 09:54:43.500854,ONGC27FEB25F,FUTSTK,242.75,6833750,242.65,242.75,97141275,1925,42350,ONGC,27-FEB-2025
2025-02-03 09:54:52.080880,ONGC27FEB25F,FUTSTK,242.8,6833750,242.65,242.75,97187475,1925,42350,ONGC,27-FEB-2025
2025-02-03 09:55:02.035852,ONGC27FEB25F,FUTSTK,242.6,6887650,242.55,242.7,97187475,1925,1925,ONGC,27-FEB-2025
2025-02-03 09:55:09.699489,ONGC27FEB25F,FUTSTK,242.7,6887650,242.55,242.7,97187475,1925,1925,ONGC,27-FEB-2025
2025-02-03 09:55:17.988823,ONGC27FEB25F,FUTSTK,243.0,6887650,242.55,242.7,97187475,1925,1925,ONGC,27-FEB-2025
2025-02-03 09:55:26.997021,ONGC27FEB25F,FUTSTK,242.7,6928075,242.55,242.7,97187475,5775,1925,ONGC,27-FEB-2025
2025-02-03 09:55:34.951205,ONGC27FEB25F,FUTSTK,242.7,6928075,242.55,242.7,97187475,5775,1925,ONGC,27-FEB-2025
2025-02-03 09:55:44.631709,ONGC27FEB25F,FUTSTK,242.8,6928075,242.55,242.7,97187475,5775,1925,ONGC,27-FEB-2025
2025-02-03 09:55:56.618431,ONGC27FEB25F,FUTSTK,242.45,6945400,242.55,242.7,97187475,3850,1925,ONGC,27-FEB-2025
2025-02-03 09:56:06.146717,ONGC27FEB25F,FUTSTK,242.35,6945400,242.55,242.7,97187475,3850,1925,ONGC,27-FEB-2025
2025-02-03 09:56:14.394424,ONGC27FEB25F,FUTSTK,242.55,6945400,242.55,242.7,97187475,3850,1925,ONGC,27-FEB-2025
2025-02-03 09:56:21.987580,ONGC27FEB25F,FUTSTK,242.55,6972350,242.45,242.55,97187475,3850,1925,ONGC,27-FEB-2025
2025-02-03 09:56:29.847742,ONGC27FEB25F,FUTSTK,242.65,6972350,242.45,242.55,97187475,3850,1925,ONGC,27-FEB-2025
2025-02-03 09:56:37.537662,ONGC27FEB25F,FUTSTK,242.45,6972350,242.45,242.55,97187475,3850,1925,ONGC,27-FEB-2025
2025-02-03 09:56:45.298199,ONGC27FEB25F,FUTSTK,242.35,6972350,242.45,242.55,97187475,3850,1925,ONGC,27-FEB-2025
2025-02-03 09:56:54.951049,ONGC27FEB25F,FUTSTK,242.5,6995450,242.4,242.55,97187475,1925,13475,ONGC,27-FEB-2025
2025-02-03 09:57:04.482848,ONGC27FEB25F,FUTSTK,242.6,6995450,242.4,242.55,97187475,1925,13475,ONGC,27-FEB-2025
2025-02-03 09:57:17.171237,ONGC27FEB25F,FUTSTK,242.65,7008925,242.55,242.7,97187475,5775,1925,ONGC,27-FEB-2025
2025-02-03 09:57:27.753112,ONGC27FEB25F,FUTSTK,242.7,7008925,242.55,242.7,97187475,5775,1925,ONGC,27-FEB-2025
2025-02-03 09:57:37.679994,ONGC27FEB25F,FUTSTK,242.6,7033950,242.55,242.65,97187475,3850,1925,ONGC,27-FEB-2025
2025-02-03 09:57:45.696550,ONGC27FEB25F,FUTSTK,242.4,7033950,242.55,242.65,97187475,3850,1925,ONGC,27-FEB-2025
2025-02-03 09:57:53.153979,ONGC27FEB25F,FUTSTK,242.75,7033950,242.55,242.65,97222125,3850,1925,ONGC,27-FEB-2025
2025-02-03 09:58:01.089365,ONGC27FEB25F,FUTSTK,242.7,7033950,242.55,242.65,97222125,3850,1925,ONGC,27-FEB-2025
2025-02-03 09:58:08.730781,ONGC27FEB25F,FUTSTK,242.4,7080150,242.5,242.65,97222125,3850,9625,ONGC,27-FEB-2025
2025-02-03 09:58:15.960566,ONGC27FEB25F,FUTSTK,242.15,7080150,242.5,242.65,97222125,3850,9625,ONGC,27-FEB-2025
2025-02-03 09:58:27.839617,ONGC27FEB25F,FUTSTK,242.5,7080150,242.5,242.65,97222125,3850,9625,ONGC,27-FEB-2025
2025-02-03 09:58:38.514977,ONGC27FEB25F,FUTSTK,242.5,7114800,242.4,242.55,97222125,3850,1925,ONGC,27-FEB-2025
2025-02-03 09:58:46.517468,ONGC27FEB25F,FUTSTK,242.55,7124425,242.4,242.55,97222125,3850,1925,ONGC,27-FEB-2025
2025-02-03 09:58:54.452505,ONGC27FEB25F,FUTSTK,242.55,7124425,242.45,242.55,97222125,1925,1925,ONGC,27-FEB-2025
2025-02-03 09:59:02.704889,ONGC27FEB25F,FUTSTK,242.7,7135975,242.65,242.8,97222125,5775,1925,ONGC,27-FEB-2025
2025-02-03 09:59:13.570108,ONGC27FEB25F,FUTSTK,242.55,7145600,242.45,242.6,97222125,1925,5775,ONGC,27-FEB-2025
2025-02-03 09:59:29.093519,ONGC27FEB25F,FUTSTK,242.95,7180250,242.95,243.1,97222125,1925,3850,ONGC,27-FEB-2025
2025-02-03 09:59:41.825294,ONGC27FEB25F,FUTSTK,242.95,7184100,242.85,243.0,97222125,1925,1925,ONGC,27-FEB-2025
2025-02-03 09:59:52.440231,ONGC27FEB25F,FUTSTK,243.05,7186025,242.85,243.05,97222125,3850,3850,ONGC,27-FEB-2025
2025-02-03 10:00:00.563992,ONGC27FEB25F,FUTSTK,243.15,7186025,242.85,243.05,97222125,3850,3850,ONGC,27-FEB-2025
2025-02-03 10:00:08.405964,ONGC27FEB25F,FUTSTK,243.15,7186025,242.85,243.05,97222125,3850,3850,ONGC,27-FEB-2025
2025-02-03 10:00:16.566616,ONGC27FEB25F,FUTSTK,243.25,7203350,243.25,243.4,97222125,5775,1925,ONGC,27-FEB-2025
2025-02-03 10:00:29.216854,ONGC27FEB25F,FUTSTK,243.0,7203350,243.25,243.4,97222125,5775,1925,ONGC,27-FEB-2025
2025-02-03 10:00:40.252752,ONGC27FEB25F,FUTSTK,242.95,7203350,243.25,243.4,97222125,5775,1925,ONGC,27-FEB-2025
2025-02-03 10:00:51.970051,ONGC27FEB25F,FUTSTK,243.05,7224525,242.85,243.05,97239450,1925,3850,ONGC,27-FEB-2025
2025-02-03 10:01:03.328758,ONGC27FEB25F,FUTSTK,243.0,7224525,242.85,243.05,97239450,1925,3850,ONGC,27-FEB-2025
2025-02-03 10:01:14.135000,ONGC27FEB25F,FUTSTK,243.15,7238000,242.9,243.1,97239450,3850,3850,ONGC,27-FEB-2025
2025-02-03 10:01:22.497554,ONGC27FEB25F,FUTSTK,243.2,7238000,242.9,243.1,97239450,3850,3850,ONGC,27-FEB-2025
2025-02-03 10:01:31.327754,ONGC27FEB25F,FUTSTK,243.4,7238000,242.9,243.1,97239450,3850,3850,ONGC,27-FEB-2025
2025-02-03 10:01:38.838023,ONGC27FEB25F,FUTSTK,243.5,7243775,243.35,243.5,97239450,1925,1925,ONGC,27-FEB-2025
2025-02-03 10:01:46.765338,ONGC27FEB25F,FUTSTK,243.6,7243775,243.35,243.5,97239450,1925,1925,ONGC,27-FEB-2025
2025-02-03 10:01:55.135530,ONGC27FEB25F,FUTSTK,243.7,7243775,243.35,243.5,97239450,1925,1925,ONGC,27-FEB-2025
2025-02-03 10:02:02.908097,ONGC27FEB25F,FUTSTK,243.9,7291900,243.6,243.8,97239450,9625,1925,ONGC,27-FEB-2025
2025-02-03 10:02:14.152744,ONGC27FEB25F,FUTSTK,243.85,7291900,243.6,243.8,97239450,9625,1925,ONGC,27-FEB-2025
2025-02-03 10:02:25.137564,ONGC27FEB25F,FUTSTK,244.0,7291900,243.6,243.8,97239450,9625,1925,ONGC,27-FEB-2025
2025-02-03 10:02:37.133246,ONGC27FEB25F,FUTSTK,243.95,7320775,243.85,244.05,97239450,1925,7700,ONGC,27-FEB-2025
2025-02-03 10:02:48.622138,ONGC27FEB25F,FUTSTK,243.7,7320775,243.85,244.05,97239450,1925,7700,ONGC,27-FEB-2025
2025-02-03 10:03:00.159105,ONGC27FEB25F,FUTSTK,243.3,7349650,243.5,243.65,97239450,5775,3850,ONGC,27-FEB-2025
2025-02-03 10:03:09.829186,ONGC27FEB25F,FUTSTK,243.4,7349650,243.5,243.65,97239450,5775,3850,ONGC,27-FEB-2025
2025-02-03 10:03:17.609249,ONGC27FEB25F,FUTSTK,243.4,7349650,243.5,243.65,97239450,5775,3850,ONGC,27-FEB-2025
2025-02-03 10:03:25.926408,ONGC27FEB25F,FUTSTK,243.45,7370825,243.3,243.5,97239450,1925,7700,ONGC,27-FEB-2025
2025-02-03 10:03:41.729021,ONGC27FEB25F,FUTSTK,243.5,7388150,243.4,243.5,97239450,1925,9625,ONGC,27-FEB-2025
2025-02-03 10:03:51.426020,ONGC27FEB25F,FUTSTK,243.5,7390075,243.6,243.8,97274100,9625,11550,ONGC,27-FEB-2025
2025-02-03 10:03:59.136475,ONGC27FEB25F,FUTSTK,243.9,7399700,243.7,243.9,97274100,7700,3850,ONGC,27-FEB-2025
2025-02-03 10:04:06.983719,ONGC27FEB25F,FUTSTK,243.6,7405475,243.5,243.65,97274100,7700,3850,ONGC,27-FEB-2025
2025-02-03 10:04:15.305043,ONGC27FEB25F,FUTSTK,243.6,7405475,243.5,243.6,97274100,5775,1925,ONGC,27-FEB-2025
2025-02-03 10:04:26.079726,ONGC27FEB25F,FUTSTK,243.75,7413175,243.6,243.8,97274100,5775,9625,ONGC,27-FEB-2025
2025-02-03 10:04:41.032025,ONGC27FEB25F,FUTSTK,243.5,7418950,243.5,243.65,97274100,1925,3850,ONGC,27-FEB-2025
2025-02-03 10:04:53.242872,ONGC27FEB25F,FUTSTK,243.6,7418950,243.5,243.65,97274100,1925,3850,ONGC,27-FEB-2025
2025-02-03 10:05:02.585928,ONGC27FEB25F,FUTSTK,243.75,7426650,243.65,243.75,97274100,1925,1925,ONGC,27-FEB-2025
2025-02-03 10:05:10.310853,ONGC27FEB25F,FUTSTK,243.6,7426650,243.65,243.75,97274100,1925,1925,ONGC,27-FEB-2025
2025-02-03 10:05:18.435006,ONGC27FEB25F,FUTSTK,243.75,7426650,243.65,243.75,97274100,1925,1925,ONGC,27-FEB-2025
2025-02-03 10:05:26.267012,ONGC27FEB25F,FUTSTK,243.75,7426650,243.65,243.75,97274100,1925,1925,ONGC,27-FEB-2025
2025-02-03 10:05:33.602177,ONGC27FEB25F,FUTSTK,243.6,7434350,243.55,243.75,97274100,7700,11550,ONGC,27-FEB-2025
2025-02-03 10:05:40.883727,ONGC27FEB25F,FUTSTK,243.4,7438200,243.4,243.6,97274100,5775,13475,ONGC,27-FEB-2025
2025-02-03 10:05:48.517861,ONGC27FEB25F,FUTSTK,243.55,7443975,243.4,243.6,97274100,9625,9625,ONGC,27-FEB-2025
2025-02-03 10:05:55.989612,ONGC27FEB25F,FUTSTK,243.35,7465150,243.25,243.45,97274100,9625,1925,ONGC,27-FEB-2025
2025-02-03 10:06:07.207852,ONGC27FEB25F,FUTSTK,243.35,7465150,243.25,243.4,97274100,3850,7700,ONGC,27-FEB-2025
2025-02-03 10:06:17.093131,ONGC27FEB25F,FUTSTK,243.7,7472850,243.65,243.8,97274100,1925,1925,ONGC,27-FEB-2025
2025-02-03 10:06:24.808108,ONGC27FEB25F,FUTSTK,243.7,7474775,243.55,243.7,97274100,1925,1925,ONGC,27-FEB-2025
2025-02-03 10:06:33.144445,ONGC27FEB25F,FUTSTK,243.5,7476700,243.5,243.7,97274100,7700,1925,ONGC,27-FEB-2025
2025-02-03 10:06:41.466248,ONGC27FEB25F,FUTSTK,243.6,7490175,243.45,243.65,97274100,3850,11550,ONGC,27-FEB-2025
2025-02-03 10:06:49.310539,ONGC27FEB25F,FUTSTK,243.6,7490175,243.45,243.65,97274100,3850,11550,ONGC,27-FEB-2025
2025-02-03 10:07:04.727243,ONGC27FEB25F,FUTSTK,243.6,7497875,243.4,243.55,97308750,1925,1925,ONGC,27-FEB-2025
2025-02-03 10:07:16.639921,ONGC27FEB25F,FUTSTK,243.6,7499800,243.55,243.75,97308750,1925,5775,ONGC,27-FEB-2025
2025-02-03 10:07:29.044808,ONGC27FEB25F,FUTSTK,243.85,7511350,243.7,243.9,97308750,7700,3850,ONGC,27-FEB-2025
2025-02-03 10:07:37.490102,ONGC27FEB25F,FUTSTK,243.9,7513275,243.75,243.95,97308750,1925,9625,ONGC,27-FEB-2025
2025-02-03 10:07:45.040953,ONGC27FEB25F,FUTSTK,243.75,7517125,243.55,243.8,97308750,7700,9625,ONGC,27-FEB-2025
2025-02-03 10:07:52.515539,ONGC27FEB25F,FUTSTK,243.65,7517125,243.55,243.8,97308750,7700,9625,ONGC,27-FEB-2025
2025-02-03 10:08:00.296098,ONGC27FEB25F,FUTSTK,243.4,7517125,243.55,243.8,97308750,7700,9625,ONGC,27-FEB-2025
2025-02-03 10:08:08.517758,ONGC27FEB25F,FUTSTK,243.3,7526750,243.35,243.55,97308750,1925,9625,ONGC,27-FEB-2025
2025-02-03 10:08:16.245908,ONGC27FEB25F,FUTSTK,243.45,7526750,243.35,243.55,97308750,1925,9625,ONGC,27-FEB-2025
2025-02-03 10:08:23.781473,ONGC27FEB25F,FUTSTK,243.35,7526750,243.35,243.55,97308750,1925,9625,ONGC,27-FEB-2025
2025-02-03 10:08:31.813265,ONGC27FEB25F,FUTSTK,243.4,7551775,243.15,243.35,97308750,1925,13475,ONGC,27-FEB-2025
2025-02-03 10:08:42.736094,ONGC27FEB25F,FUTSTK,243.5,7551775,243.15,243.35,97308750,1925,13475,ONGC,27-FEB-2025
2025-02-03 10:08:51.965064,ONGC27FEB25F,FUTSTK,243.4,7551775,243.15,243.35,97308750,1925,13475,ONGC,27-FEB-2025
2025-02-03 10:09:02.735859,ONGC27FEB25F,FUTSTK,243.45,7559475,243.3,243.5,97308750,5775,9625,ONGC,27-FEB-2025
2025-02-03 10:09:14.519844,ONGC27FEB25F,FUTSTK,243.35,7559475,243.3,243.5,97308750,5775,9625,ONGC,27-FEB-2025
2025-02-03 10:09:24.595781,ONGC27FEB25F,FUTSTK,243.0,7576800,243.1,243.25,97308750,1925,3850,ONGC,27-FEB-2025
2025-02-03 10:09:33.780088,ONGC27FEB25F,FUTSTK,242.85,7576800,243.1,243.25,97308750,1925,3850,ONGC,27-FEB-2025
2025-02-03 10:09:41.571575,ONGC27FEB25F,FUTSTK,242.85,7576800,243.1,243.25,97308750,1925,3850,ONGC,27-FEB-2025
2025-02-03 10:09:50.884164,ONGC27FEB25F,FUTSTK,243.05,7590275,242.9,243.0,97337625,5775,1925,ONGC,27-FEB-2025
2025-02-03 10:10:01.997344,ONGC27FEB25F,FUTSTK,243.0,7590275,242.9,243.0,97337625,5775,1925,ONGC,27-FEB-2025
2025-02-03 10:10:10.331610,ONGC27FEB25F,FUTSTK,243.35,7590275,242.9,243.0,97337625,5775,1925,ONGC,27-FEB-2025
2025-02-03 10:10:18.959043,ONGC27FEB25F,FUTSTK,243.35,7628775,243.2,243.4,97337625,3850,7700,ONGC,27-FEB-2025
2025-02-03 10:10:26.730805,ONGC27FEB25F,FUTSTK,243.3,7628775,243.2,243.4,97337625,3850,7700,ONGC,27-FEB-2025
2025-02-03 10:10:34.332299,ONGC27FEB25F,FUTSTK,243.3,7628775,243.2,243.4,97337625,3850,7700,ONGC,27-FEB-2025
2025-02-03 10:10:42.597585,ONGC27FEB25F,FUTSTK,243.4,7653800,243.3,243.5,97337625,7700,9625,ONGC,27-FEB-2025
2025-02-03 10:10:50.468817,ONGC27FEB25F,FUTSTK,243.4,7653800,243.3,243.5,97337625,7700,9625,ONGC,27-FEB-2025
2025-02-03 10:10:57.893339,ONGC27FEB25F,FUTSTK,243.5,7653800,243.3,243.5,97337625,7700,9625,ONGC,27-FEB-2025
2025-02-03 10:11:08.647547,ONGC27FEB25F,FUTSTK,243.6,7667275,243.45,243.65,97337625,1925,9625,ONGC,27-FEB-2025
2025-02-03 10:11:19.231539,ONGC27FEB25F,FUTSTK,243.85,7667275,243.45,243.65,97337625,1925,9625,ONGC,27-FEB-2025
2025-02-03 10:11:27.564733,ONGC27FEB25F,FUTSTK,243.85,7667275,243.45,243.65,97337625,1925,9625,ONGC,27-FEB-2025
2025-02-03 10:11:35.723195,ONGC27FEB25F,FUTSTK,243.85,7709625,243.65,243.85,97337625,7700,9625,ONGC,27-FEB-2025
2025-02-03 10:11:43.049588,ONGC27FEB25F,FUTSTK,243.85,7709625,243.65,243.85,97337625,7700,9625,ONGC,27-FEB-2025
2025-02-03 10:11:50.411878,ONGC27FEB25F,FUTSTK,243.8,7709625,243.65,243.85,97337625,7700,9625,ONGC,27-FEB-2025
2025-02-03 10:11:58.048620,ONGC27FEB25F,FUTSTK,243.8,7719250,243.65,243.8,97337625,3850,1925,ONGC,27-FEB-2025
2025-02-03 10:12:05.913874,ONGC27FEB25F,FUTSTK,243.7,7719250,243.65,243.8,97337625,3850,1925,ONGC,27-FEB-2025
2025-02-03 10:12:13.936957,ONGC27FEB25F,FUTSTK,243.8,7719250,243.65,243.8,97337625,3850,1925,ONGC,27-FEB-2025
2025-02-03 10:12:23.349461,ONGC27FEB25F,FUTSTK,243.65,7738500,243.65,243.8,97337625,3850,1925,ONGC,27-FEB-2025
2025-02-03 10:12:33.942959,ONGC27FEB25F,FUTSTK,243.7,7738500,243.65,243.8,97337625,3850,1925,ONGC,27-FEB-2025
2025-02-03 10:12:42.658123,ONGC27FEB25F,FUTSTK,243.7,7738500,243.65,243.8,97337625,3850,1925,ONGC,27-FEB-2025
2025-02-03 10:12:50.542263,ONGC27FEB25F,FUTSTK,243.5,7740425,243.45,243.65,97399225,7700,9625,ONGC,27-FEB-2025
2025-02-03 10:13:03.905967,ONGC27FEB25F,FUTSTK,243.45,7740425,243.45,243.65,97399225,7700,9625,ONGC,27-FEB-2025
2025-02-03 10:13:14.652989,ONGC27FEB25F,FUTSTK,243.35,7773150,243.2,243.4,97399225,3850,11550,ONGC,27-FEB-2025
2025-02-03 10:13:25.575546,ONGC27FEB25F,FUTSTK,243.35,7773150,243.2,243.4,97399225,3850,11550,ONGC,27-FEB-2025
2025-02-03 10:13:33.221799,ONGC27FEB25F,FUTSTK,243.35,7773150,243.2,243.4,97399225,3850,11550,ONGC,27-FEB-2025
2025-02-03 10:13:45.345379,ONGC27FEB25F,FUTSTK,243.2,7775075,243.15,243.3,97399225,5775,7700,ONGC,27-FEB-2025
2025-02-03 10:13:56.386534,ONGC27FEB25F,FUTSTK,243.45,7775075,243.15,243.3,97399225,5775,7700,ONGC,27-FEB-2025
2025-02-03 10:14:05.264666,ONGC27FEB25F,FUTSTK,243.3,7775075,243.15,243.3,97399225,5775,7700,ONGC,27-FEB-2025
2025-02-03 10:14:13.226023,ONGC27FEB25F,FUTSTK,243.2,7800100,243.2,243.35,97399225,3850,5775,ONGC,27-FEB-2025
2025-02-03 10:14:20.872162,ONGC27FEB25F,FUTSTK,243.45,7800100,243.2,243.35,97399225,3850,5775,ONGC,27-FEB-2025
2025-02-03 10:14:28.340635,ONGC27FEB25F,FUTSTK,243.55,7800100,243.2,243.35,97399225,3850,5775,ONGC,27-FEB-2025
2025-02-03 10:14:37.534411,ONGC27FEB25F,FUTSTK,243.55,7840525,243.5,243.6,97399225,1925,1925,ONGC,27-FEB-2025
2025-02-03 10:14:44.900697,ONGC27FEB25F,FUTSTK,243.45,7840525,243.5,243.6,97399225,1925,1925,ONGC,27-FEB-2025
2025-02-03 10:14:52.896760,ONGC27FEB25F,FUTSTK,243.4,7840525,243.5,243.6,97399225,1925,1925,ONGC,27-FEB-2025
2025-02-03 10:15:07.834158,ONGC27FEB25F,FUTSTK,243.1,7855925,243.2,243.35,97399225,1925,1925,ONGC,27-FEB-2025
2025-02-03 10:15:17.514445,ONGC27FEB25F,FUTSTK,243.1,7855925,243.2,243.35,97399225,1925,1925,ONGC,27-FEB-2025
2025-02-03 10:15:26.794558,ONGC27FEB25F,FUTSTK,243.1,7877100,243.0,243.15,97399225,1925,1925,ONGC,27-FEB-2025
2025-02-03 10:15:34.411364,ONGC27FEB25F,FUTSTK,243.1,7877100,243.0,243.15,97399225,1925,1925,ONGC,27-FEB-2025
2025-02-03 10:15:42.289101,ONGC27FEB25F,FUTSTK,243.0,7877100,243.0,243.15,97399225,1925,1925,ONGC,27-FEB-2025
2025-02-03 10:15:49.679218,ONGC27FEB25F,FUTSTK,243.0,7877100,243.0,243.15,97399225,1925,1925,ONGC,27-FEB-2025
2025-02-03 10:15:57.102424,ONGC27FEB25F,FUTSTK,242.8,7890575,242.85,243.05,97320300,7700,5775,ONGC,27-FEB-2025
2025-02-03 10:16:04.528643,ONGC27FEB25F,FUTSTK,243.0,7890575,242.85,243.05,97320300,7700,5775,ONGC,27-FEB-2025
2025-02-03 10:16:13.599631,ONGC27FEB25F,FUTSTK,242.95,7890575,242.85,243.05,97320300,7700,5775,ONGC,27-FEB-2025
2025-02-03 10:16:23.738918,ONGC27FEB25F,FUTSTK,242.95,7913675,242.85,243.0,97320300,3850,5775,ONGC,27-FEB-2025
2025-02-03 10:16:32.335437,ONGC27FEB25F,FUTSTK,242.95,7913675,242.85,243.0,97320300,3850,5775,ONGC,27-FEB-2025
2025-02-03 10:16:40.976537,ONGC27FEB25F,FUTSTK,242.85,7913675,242.85,243.0,97320300,3850,5775,ONGC,27-FEB-2025
2025-02-03 10:16:51.109870,ONGC27FEB25F,FUTSTK,242.85,7961800,242.65,242.85,97320300,1925,7700,ONGC,27-FEB-2025
2025-02-03 10:17:01.721017,ONGC27FEB25F,FUTSTK,242.65,7961800,242.65,242.85,97320300,1925,7700,ONGC,27-FEB-2025
2025-02-03 10:17:11.523120,ONGC27FEB25F,FUTSTK,242.75,7988750,242.7,242.8,97320300,1925,3850,ONGC,27-FEB-2025
2025-02-03 10:17:21.881450,ONGC27FEB25F,FUTSTK,242.8,7988750,242.7,242.8,97320300,1925,3850,ONGC,27-FEB-2025
2025-02-03 10:17:32.789613,ONGC27FEB25F,FUTSTK,242.8,7988750,242.7,242.8,97320300,1925,3850,ONGC,27-FEB-2025
2025-02-03 10:17:42.316365,ONGC27FEB25F,FUTSTK,242.8,8006075,242.8,242.95,97320300,1925,1925,ONGC,27-FEB-2025
2025-02-03 10:17:49.672900,ONGC27FEB25F,FUTSTK,243.1,8006075,242.8,242.95,97320300,1925,1925,ONGC,27-FEB-2025
2025-02-03 10:17:57.374493,ONGC27FEB25F,FUTSTK,243.1,8006075,242.8,242.95,97320300,1925,1925,ONGC,27-FEB-2025
2025-02-03 10:18:09.085031,ONGC27FEB25F,FUTSTK,242.85,8013775,242.85,243.05,97320300,1925,7700,ONGC,27-FEB-2025
2025-02-03 10:18:18.380589,ONGC27FEB25F,FUTSTK,242.9,8013775,242.85,243.05,97320300,1925,7700,ONGC,27-FEB-2025
2025-02-03 10:18:25.805101,ONGC27FEB25F,FUTSTK,242.9,8013775,242.85,243.05,97320300,1925,7700,ONGC,27-FEB-2025
2025-02-03 10:18:33.177283,ONGC27FEB25F,FUTSTK,242.9,8019550,242.8,242.95,97320300,1925,1925,ONGC,27-FEB-2025
2025-02-03 10:18:40.610187,ONGC27FEB25F,FUTSTK,242.6,8019550,242.8,242.95,97320300,1925,1925,ONGC,27-FEB-2025
2025-02-03 10:18:51.800167,ONGC27FEB25F,FUTSTK,242.6,8033025,242.55,242.75,97320300,7700,13475,ONGC,27-FEB-2025
2025-02-03 10:19:03.687324,ONGC27FEB25F,FUTSTK,242.55,8033025,242.55,242.75,97389600,7700,13475,ONGC,27-FEB-2025
2025-02-03 10:19:13.288981,ONGC27FEB25F,FUTSTK,242.55,8033025,242.55,242.75,97389600,7700,13475,ONGC,27-FEB-2025
2025-02-03 10:19:23.085347,ONGC27FEB25F,FUTSTK,242.5,8044575,242.35,242.5,97389600,3850,5775,ONGC,27-FEB-2025
2025-02-03 10:19:32.292043,ONGC27FEB25F,FUTSTK,242.5,8044575,242.35,242.5,97389600,3850,5775,ONGC,27-FEB-2025
2025-02-03 10:19:39.884451,ONGC27FEB25F,FUTSTK,242.6,8044575,242.35,242.5,97389600,3850,5775,ONGC,27-FEB-2025
2025-02-03 10:19:47.455535,ONGC27FEB25F,FUTSTK,242.65,8069600,242.6,242.75,97389600,1925,5775,ONGC,27-FEB-2025
2025-02-03 10:19:54.523444,ONGC27FEB25F,FUTSTK,242.75,8069600,242.6,242.75,97389600,1925,5775,ONGC,27-FEB-2025
2025-02-03 10:20:04.684337,ONGC27FEB25F,FUTSTK,242.7,8069600,242.6,242.75,97389600,1925,5775,ONGC,27-FEB-2025
2025-02-03 10:20:14.924047,ONGC27FEB25F,FUTSTK,242.65,8081150,242.65,242.75,97389600,1925,3850,ONGC,27-FEB-2025
2025-02-03 10:20:22.407835,ONGC27FEB25F,FUTSTK,243.0,8081150,242.65,242.75,97389600,1925,3850,ONGC,27-FEB-2025
2025-02-03 10:20:29.879274,ONGC27FEB25F,FUTSTK,243.0,8081150,242.65,242.75,97389600,1925,3850,ONGC,27-FEB-2025
2025-02-03 10:20:37.345132,ONGC27FEB25F,FUTSTK,243.0,8100400,242.85,243.05,97389600,3850,7700,ONGC,27-FEB-2025
2025-02-03 10:20:44.903496,ONGC27FEB25F,FUTSTK,242.95,8100400,242.85,243.05,97389600,3850,7700,ONGC,27-FEB-2025
2025-02-03 10:20:52.931350,ONGC27FEB25F,FUTSTK,243.2,8100400,242.85,243.05,97389600,3850,7700,ONGC,27-FEB-2025
2025-02-03 10:21:03.898313,ONGC27FEB25F,FUTSTK,243.1,8127350,243.25,243.45,97389600,5775,1925,ONGC,27-FEB-2025
2025-02-03 10:21:14.866910,ONGC27FEB25F,FUTSTK,243.2,8127350,243.25,243.45,97389600,5775,1925,ONGC,27-FEB-2025
2025-02-03 10:21:25.586878,ONGC27FEB25F,FUTSTK,243.2,8165850,243.25,243.35,97389600,5775,1925,ONGC,27-FEB-2025
2025-02-03 10:21:36.345754,ONGC27FEB25F,FUTSTK,243.35,8165850,243.25,243.35,97389600,5775,1925,ONGC,27-FEB-2025
2025-02-03 10:21:44.705465,ONGC27FEB25F,FUTSTK,243.45,8165850,243.25,243.35,97389600,5775,1925,ONGC,27-FEB-2025
2025-02-03 10:21:52.164946,ONGC27FEB25F,FUTSTK,243.6,8185100,243.6,243.75,97455050,1925,1925,ONGC,27-FEB-2025
2025-02-03 10:21:59.738423,ONGC27FEB25F,FUTSTK,243.35,8185100,243.6,243.75,97455050,1925,1925,ONGC,27-FEB-2025
2025-02-03 10:22:07.097915,ONGC27FEB25F,FUTSTK,243.35,8185100,243.6,243.75,97455050,1925,1925,ONGC,27-FEB-2025
2025-02-03 10:22:14.362273,ONGC27FEB25F,FUTSTK,243.2,8185100,243.6,243.75,97455050,1925,1925,ONGC,27-FEB-2025
2025-02-03 10:22:22.529338,ONGC27FEB25F,FUTSTK,243.45,8227450,243.25,243.4,97455050,5775,1925,ONGC,27-FEB-2025
2025-02-03 10:22:30.493835,ONGC27FEB25F,FUTSTK,243.45,8227450,243.25,243.4,97455050,5775,1925,ONGC,27-FEB-2025
2025-02-03 10:22:41.807744,ONGC27FEB25F,FUTSTK,243.4,8227450,243.25,243.4,97455050,5775,1925,ONGC,27-FEB-2025
2025-02-03 10:22:53.119017,ONGC27FEB25F,FUTSTK,243.4,8235150,243.5,243.7,97455050,9625,1925,ONGC,27-FEB-2025
2025-02-03 10:23:00.758178,ONGC27FEB25F,FUTSTK,243.4,8235150,243.5,243.7,97455050,9625,1925,ONGC,27-FEB-2025
2025-02-03 10:23:16.141039,ONGC27FEB25F,FUTSTK,243.75,8235150,243.6,243.75,97455050,7700,5775,ONGC,27-FEB-2025
2025-02-03 10:23:27.665979,ONGC27FEB25F,FUTSTK,243.65,8235150,243.6,243.75,97455050,7700,5775,ONGC,27-FEB-2025
2025-02-03 10:23:36.807836,ONGC27FEB25F,FUTSTK,243.6,8235150,243.6,243.75,97455050,7700,5775,ONGC,27-FEB-2025
2025-02-03 10:23:44.926093,ONGC27FEB25F,FUTSTK,243.6,8260175,243.45,243.65,97455050,1925,9625,ONGC,27-FEB-2025
2025-02-03 10:23:52.543264,ONGC27FEB25F,FUTSTK,243.4,8260175,243.45,243.65,97455050,1925,9625,ONGC,27-FEB-2025
2025-02-03 10:24:00.043997,ONGC27FEB25F,FUTSTK,243.2,8260175,243.45,243.65,97455050,1925,9625,ONGC,27-FEB-2025
2025-02-03 10:24:07.307141,ONGC27FEB25F,FUTSTK,243.3,8275575,243.15,243.3,97455050,1925,5775,ONGC,27-FEB-2025
2025-02-03 10:24:14.726965,ONGC27FEB25F,FUTSTK,243.3,8275575,243.15,243.3,97455050,1925,5775,ONGC,27-FEB-2025
2025-02-03 10:24:22.364621,ONGC27FEB25F,FUTSTK,243.3,8275575,243.15,243.3,97455050,1925,5775,ONGC,27-FEB-2025
2025-02-03 10:24:29.755665,ONGC27FEB25F,FUTSTK,243.3,8296750,243.2,243.4,97455050,1925,5775,ONGC,27-FEB-2025
2025-02-03 10:24:37.052856,ONGC27FEB25F,FUTSTK,243.3,8296750,243.2,243.4,97455050,1925,5775,ONGC,27-FEB-2025
2025-02-03 10:24:44.542676,ONGC27FEB25F,FUTSTK,243.5,8296750,243.2,243.4,97455050,1925,5775,ONGC,27-FEB-2025
2025-02-03 10:24:52.378731,ONGC27FEB25F,FUTSTK,243.4,8296750,243.2,243.4,97485850,1925,5775,ONGC,27-FEB-2025
2025-02-03 10:25:00.838252,ONGC27FEB25F,FUTSTK,243.45,8308300,243.3,243.45,97485850,3850,1925,ONGC,27-FEB-2025
2025-02-03 10:25:08.191938,ONGC27FEB25F,FUTSTK,243.45,8308300,243.3,243.45,97485850,3850,1925,ONGC,27-FEB-2025
2025-02-03 10:25:15.753799,ONGC27FEB25F,FUTSTK,243.45,8308300,243.3,243.45,97485850,3850,1925,ONGC,27-FEB-2025
2025-02-03 10:25:23.271680,ONGC27FEB25F,FUTSTK,243.45,8312150,243.5,243.65,97485850,3850,3850,ONGC,27-FEB-2025
2025-02-03 10:25:31.114095,ONGC27FEB25F,FUTSTK,243.55,8312150,243.5,243.65,97485850,3850,3850,ONGC,27-FEB-2025
2025-02-03 10:25:38.458326,ONGC27FEB25F,FUTSTK,243.35,8312150,243.5,243.65,97485850,3850,3850,ONGC,27-FEB-2025
2025-02-03 10:25:45.835804,ONGC27FEB25F,FUTSTK,243.35,8319850,243.45,243.65,97485850,7700,3850,ONGC,27-FEB-2025
2025-02-03 10:25:53.373129,ONGC27FEB25F,FUTSTK,243.65,8319850,243.45,243.65,97485850,7700,3850,ONGC,27-FEB-2025
2025-02-03 10:26:02.245233,ONGC27FEB25F,FUTSTK,243.65,8319850,243.45,243.65,97485850,7700,3850,ONGC,27-FEB-2025
2025-02-03 10:26:09.671504,ONGC27FEB25F,FUTSTK,243.55,8319850,243.45,243.65,97485850,7700,3850,ONGC,27-FEB-2025
2025-02-03 10:26:17.058369,ONGC27FEB25F,FUTSTK,243.75,8333325,243.4,243.6,97485850,17325,7700,ONGC,27-FEB-2025
2025-02-03 10:26:24.707697,ONGC27FEB25F,FUTSTK,244.05,8333325,243.4,243.6,97485850,17325,7700,ONGC,27-FEB-2025
2025-02-03 10:26:33.396854,ONGC27FEB25F,FUTSTK,244.05,8333325,243.4,243.6,97485850,17325,7700,ONGC,27-FEB-2025
2025-02-03 10:26:42.344861,ONGC27FEB25F,FUTSTK,244.15,8362200,244.15,244.3,97485850,7700,3850,ONGC,27-FEB-2025
2025-02-03 10:26:51.931419,ONGC27FEB25F,FUTSTK,244.35,8362200,244.15,244.3,97485850,7700,3850,ONGC,27-FEB-2025
2025-02-03 10:27:02.235984,ONGC27FEB25F,FUTSTK,244.1,8419950,244.15,244.35,97485850,3850,5775,ONGC,27-FEB-2025
2025-02-03 10:27:13.185328,ONGC27FEB25F,FUTSTK,244.0,8419950,244.15,244.35,97485850,3850,5775,ONGC,27-FEB-2025
2025-02-03 10:27:22.645118,ONGC27FEB25F,FUTSTK,244.25,8419950,244.15,244.35,97485850,3850,5775,ONGC,27-FEB-2025
2025-02-03 10:27:30.097339,ONGC27FEB25F,FUTSTK,244.25,8437275,244.15,244.35,97485850,1925,5775,ONGC,27-FEB-2025
2025-02-03 10:27:38.016688,ONGC27FEB25F,FUTSTK,244.45,8437275,244.15,244.35,97485850,1925,5775,ONGC,27-FEB-2025
2025-02-03 10:27:45.423692,ONGC27FEB25F,FUTSTK,244.45,8452675,244.3,244.45,97485850,1925,3850,ONGC,27-FEB-2025
2025-02-03 10:27:52.543148,ONGC27FEB25F,FUTSTK,244.3,8454600,244.25,244.45,97543600,9625,5775,ONGC,27-FEB-2025
2025-02-03 10:27:59.841599,ONGC27FEB25F,FUTSTK,244.3,8454600,244.3,244.45,97543600,1925,3850,ONGC,27-FEB-2025
2025-02-03 10:28:07.110348,ONGC27FEB25F,FUTSTK,244.4,8458450,244.4,244.6,97543600,3850,9625,ONGC,27-FEB-2025
2025-02-03 10:28:14.591597,ONGC27FEB25F,FUTSTK,244.4,8468075,244.2,244.4,97543600,3850,1925,ONGC,27-FEB-2025
2025-02-03 10:28:22.138321,ONGC27FEB25F,FUTSTK,244.4,8468075,244.2,244.35,97543600,5775,1925,ONGC,27-FEB-2025
2025-02-03 10:28:29.320161,ONGC27FEB25F,FUTSTK,244.4,8468075,244.05,244.25,97543600,1925,3850,ONGC,27-FEB-2025
2025-02-03 10:28:36.598619,ONGC27FEB25F,FUTSTK,244.05,8468075,244.05,244.25,97543600,5775,3850,ONGC,27-FEB-2025
2025-02-03 10:28:43.862333,ONGC27FEB25F,FUTSTK,244.05,8471925,244.05,244.25,97543600,5775,3850,ONGC,27-FEB-2025
2025-02-03 10:28:52.193863,ONGC27FEB25F,FUTSTK,244.05,8471925,244.05,244.25,97543600,5775,3850,ONGC,27-FEB-2025
2025-02-03 10:29:06.011085,ONGC27FEB25F,FUTSTK,243.65,8475775,243.6,243.8,97543600,13475,7700,ONGC,27-FEB-2025
2025-02-03 10:29:18.686028,ONGC27FEB25F,FUTSTK,243.8,8475775,243.6,243.8,97543600,13475,7700,ONGC,27-FEB-2025
2025-02-03 10:29:26.802774,ONGC27FEB25F,FUTSTK,243.75,8475775,243.6,243.8,97543600,13475,7700,ONGC,27-FEB-2025
2025-02-03 10:29:34.444191,ONGC27FEB25F,FUTSTK,244.15,8496950,244.15,244.35,97543600,3850,13475,ONGC,27-FEB-2025
2025-02-03 10:29:47.331509,ONGC27FEB25F,FUTSTK,244.15,8496950,244.15,244.35,97543600,3850,13475,ONGC,27-FEB-2025
2025-02-03 10:29:55.543665,ONGC27FEB25F,FUTSTK,244.15,8496950,244.15,244.35,97543600,3850,13475,ONGC,27-FEB-2025
2025-02-03 10:30:03.028967,ONGC27FEB25F,FUTSTK,244.1,8506575,244.0,244.15,97543600,1925,3850,ONGC,27-FEB-2025
2025-02-03 10:30:10.330164,ONGC27FEB25F,FUTSTK,244.15,8506575,244.0,244.15,97543600,1925,3850,ONGC,27-FEB-2025
2025-02-03 10:30:17.771943,ONGC27FEB25F,FUTSTK,244.2,8506575,244.0,244.15,97543600,1925,3850,ONGC,27-FEB-2025
2025-02-03 10:30:26.382670,ONGC27FEB25F,FUTSTK,244.15,8506575,244.0,244.15,97543600,1925,3850,ONGC,27-FEB-2025
2025-02-03 10:30:33.583077,ONGC27FEB25F,FUTSTK,244.0,8529675,243.95,244.1,97543600,1925,1925,ONGC,27-FEB-2025
2025-02-03 10:30:40.931621,ONGC27FEB25F,FUTSTK,244.0,8529675,243.95,244.1,97543600,1925,1925,ONGC,27-FEB-2025
2025-02-03 10:30:48.442700,ONGC27FEB25F,FUTSTK,244.15,8529675,243.95,244.1,97580175,1925,1925,ONGC,27-FEB-2025
2025-02-03 10:30:55.665085,ONGC27FEB25F,FUTSTK,244.15,8541225,244.05,244.15,97580175,1925,5775,ONGC,27-FEB-2025
2025-02-03 10:31:02.919510,ONGC27FEB25F,FUTSTK,244.15,8541225,244.05,244.15,97580175,1925,5775,ONGC,27-FEB-2025
2025-02-03 10:31:10.659177,ONGC27FEB25F,FUTSTK,244.2,8541225,244.05,244.15,97580175,1925,5775,ONGC,27-FEB-2025
2025-02-03 10:31:17.999690,ONGC27FEB25F,FUTSTK,244.35,8541225,244.05,244.15,97580175,1925,5775,ONGC,27-FEB-2025
2025-02-03 10:31:25.212012,ONGC27FEB25F,FUTSTK,244.35,8568175,244.25,244.4,97580175,1925,1925,ONGC,27-FEB-2025
2025-02-03 10:31:32.599917,ONGC27FEB25F,FUTSTK,244.5,8568175,244.25,244.4,97580175,1925,1925,ONGC,27-FEB-2025
2025-02-03 10:31:39.785422,ONGC27FEB25F,FUTSTK,244.3,8568175,244.25,244.4,97580175,1925,1925,ONGC,27-FEB-2025
2025-02-03 10:31:47.504368,ONGC27FEB25F,FUTSTK,244.15,8668275,244.05,244.15,97630225,1925,1925,ONGC,27-FEB-2025
2025-02-03 10:34:39.459336,ONGC27FEB25F,FUTSTK,244.2,8668275,244.05,244.15,97630225,1925,1925,ONGC,27-FEB-2025
2025-02-03 10:34:47.380841,ONGC27FEB25F,FUTSTK,244.2,8677900,244.1,244.3,97630225,1925,9625,ONGC,27-FEB-2025
2025-02-03 10:34:55.544434,ONGC27FEB25F,FUTSTK,244.2,8677900,244.1,244.3,97630225,1925,9625,ONGC,27-FEB-2025
2025-02-03 10:35:02.912994,ONGC27FEB25F,FUTSTK,244.25,8677900,244.1,244.3,97630225,1925,9625,ONGC,27-FEB-2025
2025-02-03 10:35:10.149801,ONGC27FEB25F,FUTSTK,244.5,8677900,244.1,244.3,97630225,1925,9625,ONGC,27-FEB-2025
2025-02-03 10:35:17.465433,ONGC27FEB25F,FUTSTK,244.3,8737575,244.2,244.35,97674500,1925,1925,ONGC,27-FEB-2025
2025-02-03 10:38:26.386442,ONGC27FEB25F,FUTSTK,244.25,8739500,244.15,244.35,97674500,5775,5775,ONGC,27-FEB-2025
2025-02-03 10:38:34.112239,ONGC27FEB25F,FUTSTK,244.1,8743350,244.1,244.3,97674500,1925,13475,ONGC,27-FEB-2025
2025-02-03 10:38:42.300738,ONGC27FEB25F,FUTSTK,244.1,8752975,244.0,244.15,97674500,1925,3850,ONGC,27-FEB-2025
2025-02-03 10:38:50.063996,ONGC27FEB25F,FUTSTK,244.15,8752975,244.0,244.15,97674500,1925,3850,ONGC,27-FEB-2025
2025-02-03 10:38:57.994676,ONGC27FEB25F,FUTSTK,244.15,8752975,244.0,244.15,97674500,1925,3850,ONGC,27-FEB-2025
2025-02-03 10:40:50.489871,ONGC27FEB25F,FUTSTK,244.05,8812650,243.95,244.1,97684125,13475,1925,ONGC,27-FEB-2025
2025-02-03 10:40:58.274419,ONGC27FEB25F,FUTSTK,244.1,8812650,243.95,244.1,97684125,13475,1925,ONGC,27-FEB-2025
2025-02-03 10:41:06.782384,ONGC27FEB25F,FUTSTK,244.1,8812650,243.95,244.1,97684125,13475,1925,ONGC,27-FEB-2025
2025-02-03 10:41:15.906003,ONGC27FEB25F,FUTSTK,244.1,8822275,243.95,244.1,97684125,9625,1925,ONGC,27-FEB-2025
2025-02-03 10:41:23.291110,ONGC27FEB25F,FUTSTK,244.25,8822275,243.95,244.1,97684125,9625,1925,ONGC,27-FEB-2025
2025-02-03 10:43:59.322773,ONGC27FEB25F,FUTSTK,244.65,8874250,244.6,244.8,97686050,1925,9625,ONGC,27-FEB-2025
2025-02-03 10:44:07.423169,ONGC27FEB25F,FUTSTK,244.65,8874250,244.6,244.8,97686050,1925,9625,ONGC,27-FEB-2025
2025-02-03 10:44:20.497011,ONGC27FEB25F,FUTSTK,244.8,8874250,244.6,244.8,97686050,13475,3850,ONGC,27-FEB-2025
2025-02-03 10:44:31.557140,ONGC27FEB25F,FUTSTK,244.9,8874250,244.6,244.8,97686050,13475,3850,ONGC,27-FEB-2025
2025-02-03 10:44:43.687728,ONGC27FEB25F,FUTSTK,244.85,8883875,244.85,244.9,97686050,3850,3850,ONGC,27-FEB-2025
2025-02-03 10:44:52.224325,ONGC27FEB25F,FUTSTK,244.85,8883875,244.85,244.9,97686050,3850,3850,ONGC,27-FEB-2025
2025-02-03 10:45:01.619077,ONGC27FEB25F,FUTSTK,244.9,8905050,244.8,244.9,97686050,1925,1925,ONGC,27-FEB-2025
2025-02-03 10:45:09.453176,ONGC27FEB25F,FUTSTK,244.9,8905050,244.8,244.9,97686050,1925,1925,ONGC,27-FEB-2025
2025-02-03 10:45:21.441149,ONGC27FEB25F,FUTSTK,244.85,8905050,244.8,244.9,97686050,1925,1925,ONGC,27-FEB-2025
2025-02-03 12:02:22.495489,ONGC27FEB25F,FUTSTK,243.3,11114950,243.2,243.3,98583100,1925,1925,ONGC,27-FEB-2025
2025-02-03 12:02:29.160118,ONGC27FEB25F,FUTSTK,243.3,11114950,243.2,243.3,98583100,1925,3850,ONGC,27-FEB-2025
2025-02-03 12:02:35.537620,ONGC27FEB25F,FUTSTK,243.25,11116875,243.2,243.3,98583100,1925,3850,ONGC,27-FEB-2025
2025-02-03 12:02:41.835332,ONGC27FEB25F,FUTSTK,243.25,11116875,243.2,243.3,98583100,1925,3850,ONGC,27-FEB-2025
2025-02-03 12:02:48.310071,ONGC27FEB25F,FUTSTK,243.25,11130350,243.1,243.15,98583100,1925,1925,ONGC,27-FEB-2025
2025-02-03 12:02:54.442539,ONGC27FEB25F,FUTSTK,243.05,11132275,243.05,243.25,98583100,7700,13475,ONGC,27-FEB-2025
2025-02-03 12:03:01.072712,ONGC27FEB25F,FUTSTK,243.05,11132275,243.05,243.2,98583100,5775,1925,ONGC,27-FEB-2025
2025-02-03 12:03:07.547840,ONGC27FEB25F,FUTSTK,243.05,11134200,243.0,243.15,98583100,5775,3850,ONGC,27-FEB-2025
2025-02-03 12:03:14.798111,ONGC27FEB25F,FUTSTK,242.9,11139975,242.85,243.0,98583100,1925,11550,ONGC,27-FEB-2025
2025-02-03 12:03:23.493666,ONGC27FEB25F,FUTSTK,242.9,11139975,242.8,243.0,98583100,9625,11550,ONGC,27-FEB-2025
2025-02-03 12:03:31.167340,ONGC27FEB25F,FUTSTK,242.9,11139975,242.85,243.0,98583100,3850,13475,ONGC,27-FEB-2025
2025-02-03 12:03:37.577525,ONGC27FEB25F,FUTSTK,243.0,11139975,242.95,243.0,98583100,9625,3850,ONGC,27-FEB-2025
2025-02-03 12:03:44.256401,ONGC27FEB25F,FUTSTK,243.15,11145750,243.0,243.15,98583100,7700,17325,ONGC,27-FEB-2025
2025-02-03 12:03:50.940092,ONGC27FEB25F,FUTSTK,243.15,11145750,243.0,243.15,98583100,5775,15400,ONGC,27-FEB-2025
2025-02-03 12:03:57.496482,ONGC27FEB25F,FUTSTK,243.15,11145750,243.0,243.15,98583100,7700,15400,ONGC,27-FEB-2025
2025-02-03 12:04:04.124672,ONGC27FEB25F,FUTSTK,243.05,11149600,243.05,243.15,98631225,1925,1925,ONGC,27-FEB-2025
2025-02-03 12:04:10.517507,ONGC27FEB25F,FUTSTK,243.05,11151525,243.0,243.15,98631225,7700,3850,ONGC,27-FEB-2025
2025-02-03 12:04:17.082864,ONGC27FEB25F,FUTSTK,243.05,11151525,243.0,243.15,98631225,3850,9625,ONGC,27-FEB-2025
2025-02-03 12:04:23.491034,ONGC27FEB25F,FUTSTK,243.05,11151525,243.0,243.15,98631225,3850,9625,ONGC,27-FEB-2025
2025-02-03 12:04:30.613074,ONGC27FEB25F,FUTSTK,243.05,11151525,243.0,243.1,98631225,5775,1925,ONGC,27-FEB-2025
2025-02-03 12:04:39.374480,ONGC27FEB25F,FUTSTK,243.05,11151525,243.0,243.15,98631225,5775,3850,ONGC,27-FEB-2025
2025-02-03 12:04:47.358396,ONGC27FEB25F,FUTSTK,243.05,11151525,243.0,243.15,98631225,3850,9625,ONGC,27-FEB-2025
2025-02-03 12:04:53.723411,ONGC27FEB25F,FUTSTK,243.05,11151525,243.0,243.15,98631225,5775,5775,ONGC,27-FEB-2025
2025-02-03 12:05:00.218201,ONGC27FEB25F,FUTSTK,243.15,11155375,243.0,243.15,98631225,5775,1925,ONGC,27-FEB-2025
2025-02-03 12:05:06.863694,ONGC27FEB25F,FUTSTK,243.15,11157300,243.0,243.15,98631225,1925,3850,ONGC,27-FEB-2025
2025-02-03 12:05:13.487224,ONGC27FEB25F,FUTSTK,243.15,11157300,243.0,243.15,98631225,3850,3850,ONGC,27-FEB-2025
2025-02-03 12:05:20.337355,ONGC27FEB25F,FUTSTK,243.0,11161150,243.0,243.1,98631225,3850,1925,ONGC,27-FEB-2025
2025-02-03 12:05:27.104185,ONGC27FEB25F,FUTSTK,243.05,11174625,243.0,243.15,98631225,3850,9625,ONGC,27-FEB-2025
2025-02-03 12:05:33.677661,ONGC27FEB25F,FUTSTK,243.05,11174625,243.05,243.15,98631225,1925,5775,ONGC,27-FEB-2025
2025-02-03 12:05:40.181061,ONGC27FEB25F,FUTSTK,242.75,11176550,242.95,243.15,98631225,5775,5775,ONGC,27-FEB-2025
2025-02-03 12:05:47.118992,ONGC27FEB25F,FUTSTK,242.85,11188100,242.7,242.9,98631225,7700,3850,ONGC,27-FEB-2025
2025-02-03 12:05:55.774945,ONGC27FEB25F,FUTSTK,242.85,11188100,242.7,242.9,98631225,7700,3850,ONGC,27-FEB-2025
2025-02-03 12:06:03.408807,ONGC27FEB25F,FUTSTK,242.65,11190025,242.65,242.8,98631225,5775,3850,ONGC,27-FEB-2025
2025-02-03 12:06:10.120414,ONGC27FEB25F,FUTSTK,242.6,11190025,242.65,242.8,98631225,5775,3850,ONGC,27-FEB-2025
2025-02-03 12:06:17.162783,ONGC27FEB25F,FUTSTK,242.9,11190025,242.65,242.8,98631225,5775,3850,ONGC,27-FEB-2025
2025-02-03 12:06:23.545967,ONGC27FEB25F,FUTSTK,242.8,11190025,242.65,242.8,98631225,5775,3850,ONGC,27-FEB-2025
2025-02-03 12:06:30.116975,ONGC27FEB25F,FUTSTK,242.8,11216975,242.75,242.9,98631225,1925,5775,ONGC,27-FEB-2025
2025-02-03 12:06:36.843339,ONGC27FEB25F,FUTSTK,242.8,11216975,242.75,242.9,98631225,1925,5775,ONGC,27-FEB-2025
2025-02-03 12:06:43.874922,ONGC27FEB25F,FUTSTK,242.8,11216975,242.8,242.95,98631225,1925,7700,ONGC,27-FEB-2025
2025-02-03 12:06:50.781930,ONGC27FEB25F,FUTSTK,242.8,11218900,242.8,243.0,98631225,1925,7700,ONGC,27-FEB-2025
2025-02-03 12:06:59.984782,ONGC27FEB25F,FUTSTK,242.9,11232375,242.75,242.9,98631225,3850,5775,ONGC,27-FEB-2025
2025-02-03 12:07:09.193038,ONGC27FEB25F,FUTSTK,242.9,11232375,242.75,242.9,98631225,7700,3850,ONGC,27-FEB-2025
2025-02-03 12:07:16.901949,ONGC27FEB25F,FUTSTK,242.9,11232375,242.75,242.85,98631225,3850,9625,ONGC,27-FEB-2025
2025-02-03 12:07:24.395123,ONGC27FEB25F,FUTSTK,242.9,11232375,242.75,242.85,98631225,3850,5775,ONGC,27-FEB-2025
2025-02-03 12:07:31.915628,ONGC27FEB25F,FUTSTK,242.75,11238150,242.75,242.85,98677425,3850,3850,ONGC,27-FEB-2025
2025-02-03 12:07:39.628928,ONGC27FEB25F,FUTSTK,242.85,11240075,242.75,242.85,98677425,5775,1925,ONGC,27-FEB-2025
2025-02-03 12:07:46.876476,ONGC27FEB25F,FUTSTK,242.85,11240075,242.8,242.85,98677425,7700,1925,ONGC,27-FEB-2025
2025-02-03 12:07:54.338502,ONGC27FEB25F,FUTSTK,242.85,11240075,242.8,242.85,98677425,1925,3850,ONGC,27-FEB-2025
2025-02-03 12:08:01.752295,ONGC27FEB25F,FUTSTK,242.85,11240075,242.8,242.85,98677425,1925,3850,ONGC,27-FEB-2025
2025-02-03 12:08:09.972501,ONGC27FEB25F,FUTSTK,242.85,11240075,242.8,242.85,98677425,3850,3850,ONGC,27-FEB-2025
2025-02-03 12:08:17.972200,ONGC27FEB25F,FUTSTK,242.8,11243925,242.75,242.85,98677425,3850,1925,ONGC,27-FEB-2025
2025-02-03 12:08:26.746816,ONGC27FEB25F,FUTSTK,242.9,11251625,242.75,242.95,98677425,5775,9625,ONGC,27-FEB-2025
2025-02-03 12:08:34.261976,ONGC27FEB25F,FUTSTK,242.8,11253550,242.75,242.85,98677425,3850,3850,ONGC,27-FEB-2025
2025-02-03 12:08:40.760716,ONGC27FEB25F,FUTSTK,242.8,11253550,242.75,242.9,98677425,3850,3850,ONGC,27-FEB-2025
2025-02-03 12:08:47.420881,ONGC27FEB25F,FUTSTK,242.75,11253550,242.75,242.85,98677425,5775,1925,ONGC,27-FEB-2025
2025-02-03 12:08:53.698292,ONGC27FEB25F,FUTSTK,242.65,11278575,242.5,242.65,98677425,5775,1925,ONGC,27-FEB-2025
2025-02-03 12:09:00.068386,ONGC27FEB25F,FUTSTK,242.65,11286275,242.7,242.8,98677425,3850,9625,ONGC,27-FEB-2025
2025-02-03 12:09:06.319953,ONGC27FEB25F,FUTSTK,242.65,11286275,242.75,242.9,98677425,3850,3850,ONGC,27-FEB-2025
2025-02-03 12:09:12.515053,ONGC27FEB25F,FUTSTK,242.75,11290125,242.7,242.85,98677425,1925,9625,ONGC,27-FEB-2025
2025-02-03 12:09:18.854341,ONGC27FEB25F,FUTSTK,242.75,11290125,242.75,242.9,98677425,1925,13475,ONGC,27-FEB-2025
2025-02-03 12:09:25.053807,ONGC27FEB25F,FUTSTK,242.75,11290125,242.75,242.95,98677425,5775,1925,ONGC,27-FEB-2025
2025-02-03 12:09:31.513459,ONGC27FEB25F,FUTSTK,242.75,11290125,242.7,242.9,98677425,7700,3850,ONGC,27-FEB-2025
2025-02-03 12:09:39.324431,ONGC27FEB25F,FUTSTK,242.75,11290125,242.7,242.9,98677425,5775,5775,ONGC,27-FEB-2025
2025-02-03 12:09:47.911842,ONGC27FEB25F,FUTSTK,242.75,11290125,242.75,242.9,98677425,1925,5775,ONGC,27-FEB-2025
2025-02-03 12:09:55.334552,ONGC27FEB25F,FUTSTK,242.75,11290125,242.75,242.9,98677425,1925,7700,ONGC,27-FEB-2025
2025-02-03 12:10:01.717189,ONGC27FEB25F,FUTSTK,242.9,11295900,242.7,242.9,98677425,9625,5775,ONGC,27-FEB-2025
2025-02-03 12:10:08.135247,ONGC27FEB25F,FUTSTK,242.9,11295900,242.75,242.9,98677425,1925,5775,ONGC,27-FEB-2025
2025-02-03 12:10:14.477131,ONGC27FEB25F,FUTSTK,242.9,11295900,242.75,242.9,98677425,3850,5775,ONGC,27-FEB-2025
2025-02-03 12:10:20.703987,ONGC27FEB25F,FUTSTK,242.9,11295900,242.75,242.9,98677425,1925,7700,ONGC,27-FEB-2025
2025-02-03 12:10:26.951573,ONGC27FEB25F,FUTSTK,242.9,11295900,242.75,242.9,98677425,1925,7700,ONGC,27-FEB-2025
2025-02-03 12:10:33.174260,ONGC27FEB25F,FUTSTK,242.75,11297825,242.65,242.85,98717850,5775,3850,ONGC,27-FEB-2025
2025-02-03 12:10:41.199737,ONGC27FEB25F,FUTSTK,242.75,11297825,242.75,242.85,98717850,1925,1925,ONGC,27-FEB-2025
2025-02-03 12:10:47.779677,ONGC27FEB25F,FUTSTK,242.75,11299750,242.75,242.9,98717850,1925,5775,ONGC,27-FEB-2025
2025-02-03 12:10:55.186393,ONGC27FEB25F,FUTSTK,242.75,11299750,242.75,242.85,98717850,1925,1925,ONGC,27-FEB-2025
2025-02-03 12:11:03.632710,ONGC27FEB25F,FUTSTK,242.85,11301675,242.75,242.9,98717850,1925,5775,ONGC,27-FEB-2025
2025-02-03 12:11:11.054897,ONGC27FEB25F,FUTSTK,242.85,11301675,242.75,242.9,98717850,1925,5775,ONGC,27-FEB-2025
2025-02-03 12:11:17.364811,ONGC27FEB25F,FUTSTK,242.85,11301675,242.75,242.85,98717850,9625,3850,ONGC,27-FEB-2025
2025-02-03 12:11:23.650592,ONGC27FEB25F,FUTSTK,242.85,11305525,242.75,242.9,98717850,7700,7700,ONGC,27-FEB-2025
2025-02-03 12:11:29.838463,ONGC27FEB25F,FUTSTK,242.85,11305525,242.75,242.9,98717850,9625,7700,ONGC,27-FEB-2025
2025-02-03 12:11:36.179363,ONGC27FEB25F,FUTSTK,242.95,11317075,242.8,242.95,98717850,1925,1925,ONGC,27-FEB-2025
2025-02-03 12:11:42.521041,ONGC27FEB25F,FUTSTK,242.95,11317075,242.85,243.0,98717850,7700,1925,ONGC,27-FEB-2025
2025-02-03 12:11:48.827884,ONGC27FEB25F,FUTSTK,242.95,11317075,242.85,243.0,98717850,5775,1925,ONGC,27-FEB-2025
2025-02-03 12:11:55.420623,ONGC27FEB25F,FUTSTK,242.95,11317075,242.85,243.05,98717850,1925,7700,ONGC,27-FEB-2025
2025-02-03 12:12:01.934417,ONGC27FEB25F,FUTSTK,242.95,11317075,242.85,243.05,98717850,3850,5775,ONGC,27-FEB-2025
2025-02-03 12:12:08.113975,ONGC27FEB25F,FUTSTK,242.95,11317075,242.8,243.0,98717850,11550,5775,ONGC,27-FEB-2025
2025-02-03 12:12:16.718988,ONGC27FEB25F,FUTSTK,242.95,11317075,242.75,242.9,98717850,3850,3850,ONGC,27-FEB-2025
2025-02-03 12:12:24.389120,ONGC27FEB25F,FUTSTK,242.95,11317075,242.75,242.9,98717850,1925,7700,ONGC,27-FEB-2025
2025-02-03 12:12:30.725101,ONGC27FEB25F,FUTSTK,242.75,11319000,242.75,242.9,98717850,1925,3850,ONGC,27-FEB-2025
2025-02-03 12:12:36.882144,ONGC27FEB25F,FUTSTK,242.75,11319000,242.75,242.9,98717850,1925,5775,ONGC,27-FEB-2025
2025-02-03 12:12:43.100752,ONGC27FEB25F,FUTSTK,242.75,11319000,242.75,242.9,98717850,1925,9625,ONGC,27-FEB-2025
2025-02-03 12:12:49.447816,ONGC27FEB25F,FUTSTK,242.7,11369050,242.65,242.8,98717850,1925,25025,ONGC,27-FEB-2025
2025-02-03 12:12:55.589660,ONGC27FEB25F,FUTSTK,242.7,11372900,242.7,242.8,98717850,1925,19250,ONGC,27-FEB-2025
2025-02-03 12:13:01.720395,ONGC27FEB25F,FUTSTK,242.8,11384450,242.75,242.8,98717850,5775,3850,ONGC,27-FEB-2025
2025-02-03 12:13:07.969203,ONGC27FEB25F,FUTSTK,243.1,11390225,242.85,243.0,98767900,3850,13475,ONGC,27-FEB-2025
2025-02-03 12:13:14.706528,ONGC27FEB25F,FUTSTK,243.0,11419100,242.8,243.0,98767900,5775,5775,ONGC,27-FEB-2025
2025-02-03 12:13:20.903039,ONGC27FEB25F,FUTSTK,243.2,11422950,243.05,243.25,98767900,1925,5775,ONGC,27-FEB-2025
2025-02-03 12:13:28.713410,ONGC27FEB25F,FUTSTK,243.05,11424875,243.0,243.2,98767900,5775,5775,ONGC,27-FEB-2025
2025-02-03 12:13:36.668911,ONGC27FEB25F,FUTSTK,243.2,11426800,243.0,243.15,98767900,5775,1925,ONGC,27-FEB-2025
2025-02-03 12:13:43.715750,ONGC27FEB25F,FUTSTK,243.2,11426800,243.05,243.2,98767900,5775,1925,ONGC,27-FEB-2025
2025-02-03 12:13:50.235930,ONGC27FEB25F,FUTSTK,243.2,11432575,243.15,243.35,98767900,1925,11550,ONGC,27-FEB-2025
2025-02-03 12:13:56.587088,ONGC27FEB25F,FUTSTK,243.2,11432575,243.25,243.45,98767900,1925,13475,ONGC,27-FEB-2025
2025-02-03 12:14:03.900102,ONGC27FEB25F,FUTSTK,243.2,11432575,243.25,243.45,98767900,1925,9625,ONGC,27-FEB-2025
2025-02-03 12:14:10.448915,ONGC27FEB25F,FUTSTK,243.4,11434500,243.35,243.5,98767900,1925,7700,ONGC,27-FEB-2025
2025-02-03 12:14:16.950709,ONGC27FEB25F,FUTSTK,243.4,11438350,243.3,243.45,98767900,1925,11550,ONGC,27-FEB-2025
2025-02-03 12:14:24.541553,ONGC27FEB25F,FUTSTK,243.4,11438350,243.2,243.4,98767900,5775,13475,ONGC,27-FEB-2025
2025-02-03 12:14:31.199731,ONGC27FEB25F,FUTSTK,243.4,11438350,243.2,243.3,98767900,9625,1925,ONGC,27-FEB-2025
2025-02-03 12:14:37.751088,ONGC27FEB25F,FUTSTK,243.4,11438350,243.2,243.3,98767900,3850,3850,ONGC,27-FEB-2025
2025-02-03 12:14:45.348502,ONGC27FEB25F,FUTSTK,243.4,11438350,243.2,243.3,98767900,5775,3850,ONGC,27-FEB-2025
2025-02-03 12:14:53.406093,ONGC27FEB25F,FUTSTK,243.3,11440275,243.25,243.3,98767900,1925,1925,ONGC,27-FEB-2025
2025-02-03 12:15:00.557362,ONGC27FEB25F,FUTSTK,243.35,11444125,243.2,243.35,98767900,3850,3850,ONGC,27-FEB-2025
2025-02-03 12:15:06.799970,ONGC27FEB25F,FUTSTK,243.35,11444125,243.2,243.4,98767900,5775,5775,ONGC,27-FEB-2025
2025-02-03 12:15:13.157010,ONGC27FEB25F,FUTSTK,243.35,11444125,243.2,243.35,98767900,5775,3850,ONGC,27-FEB-2025
2025-02-03 12:15:20.203286,ONGC27FEB25F,FUTSTK,243.35,11444125,243.2,243.35,98767900,3850,3850,ONGC,27-FEB-2025
2025-02-03 12:15:26.946202,ONGC27FEB25F,FUTSTK,243.35,11444125,243.2,243.35,98767900,3850,5775,ONGC,27-FEB-2025
2025-02-03 12:15:33.487346,ONGC27FEB25F,FUTSTK,243.35,11444125,243.2,243.35,98767900,3850,7700,ONGC,27-FEB-2025
2025-02-03 12:15:39.976742,ONGC27FEB25F,FUTSTK,243.35,11444125,243.2,243.35,98767900,5775,3850,ONGC,27-FEB-2025
2025-02-03 12:15:46.500406,ONGC27FEB25F,FUTSTK,243.2,11446050,243.2,243.35,98767900,1925,3850,ONGC,27-FEB-2025
2025-02-03 12:15:52.779630,ONGC27FEB25F,FUTSTK,243.45,11453750,243.4,243.55,98767900,5775,1925,ONGC,27-FEB-2025
2025-02-03 13:09:08.160236,ONGC27FEB25F,FUTSTK,242.1,14495250,242.0,242.1,99890175,1925,1925,ONGC,27-FEB-2025
2025-02-03 13:10:54.982493,ONGC27FEB25F,FUTSTK,242.3,14535675,242.05,242.25,99972950,19250,1925,ONGC,27-FEB-2025
2025-02-03 13:11:01.483146,ONGC27FEB25F,FUTSTK,242.3,14535675,242.05,242.25,99972950,25025,5775,ONGC,27-FEB-2025
2025-02-03 13:12:06.975173,ONGC27FEB25F,FUTSTK,242.15,14562625,242.1,242.25,99972950,1925,1925,ONGC,27-FEB-2025
2025-02-03 13:12:13.563337,ONGC27FEB25F,FUTSTK,242.05,14568400,242.1,242.25,99972950,1925,7700,ONGC,27-FEB-2025
2025-02-03 13:12:21.566476,ONGC27FEB25F,FUTSTK,242.25,14570325,242.1,242.25,99972950,5775,1925,ONGC,27-FEB-2025
2025-02-03 13:12:28.095515,ONGC27FEB25F,FUTSTK,242.25,14570325,242.1,242.25,99972950,3850,3850,ONGC,27-FEB-2025
2025-02-03 13:12:35.248046,ONGC27FEB25F,FUTSTK,242.2,14572250,242.1,242.25,99972950,15400,3850,ONGC,27-FEB-2025
2025-02-03 13:12:41.351801,ONGC27FEB25F,FUTSTK,242.3,14583800,242.2,242.4,99972950,3850,11550,ONGC,27-FEB-2025
2025-02-03 13:12:48.725243,ONGC27FEB25F,FUTSTK,242.3,14583800,242.2,242.4,99972950,7700,5775,ONGC,27-FEB-2025
2025-02-03 13:12:57.061552,ONGC27FEB25F,FUTSTK,242.2,14587650,242.3,242.4,99972950,1925,13475,ONGC,27-FEB-2025
2025-02-03 13:13:04.976348,ONGC27FEB25F,FUTSTK,242.2,14593425,242.15,242.3,99972950,1925,3850,ONGC,27-FEB-2025
2025-02-03 13:13:11.519569,ONGC27FEB25F,FUTSTK,242.25,14595350,242.15,242.3,99972950,19250,1925,ONGC,27-FEB-2025
2025-02-03 13:13:17.996264,ONGC27FEB25F,FUTSTK,242.3,14597275,242.2,242.4,99957550,28875,7700,ONGC,27-FEB-2025
2025-02-03 13:13:23.973374,ONGC27FEB25F,FUTSTK,242.2,14601125,242.15,242.3,99957550,19250,1925,ONGC,27-FEB-2025
2025-02-03 13:13:30.210383,ONGC27FEB25F,FUTSTK,242.2,14601125,242.2,242.4,99957550,19250,9625,ONGC,27-FEB-2025
2025-02-03 13:13:36.333333,ONGC27FEB25F,FUTSTK,242.3,14610750,242.2,242.4,99957550,19250,5775,ONGC,27-FEB-2025
2025-02-03 13:13:42.779416,ONGC27FEB25F,FUTSTK,242.3,14610750,242.2,242.35,99957550,19250,1925,ONGC,27-FEB-2025
2025-02-03 13:13:49.069028,ONGC27FEB25F,FUTSTK,242.3,14618450,242.2,242.35,99957550,11550,7700,ONGC,27-FEB-2025
2025-02-03 13:13:56.673382,ONGC27FEB25F,FUTSTK,242.3,14618450,242.2,242.35,99957550,11550,7700,ONGC,27-FEB-2025
2025-02-03 13:14:03.740793,ONGC27FEB25F,FUTSTK,242.15,14618450,242.2,242.35,99957550,11550,7700,ONGC,27-FEB-2025
2025-02-03 13:14:12.348317,ONGC27FEB25F,FUTSTK,242.15,14626150,242.15,242.35,99957550,19250,13475,ONGC,27-FEB-2025
2025-02-03 13:14:19.787887,ONGC27FEB25F,FUTSTK,242.3,14626150,242.15,242.35,99957550,19250,13475,ONGC,27-FEB-2025
2025-02-03 13:14:26.030632,ONGC27FEB25F,FUTSTK,242.3,14626150,242.15,242.35,99957550,19250,13475,ONGC,27-FEB-2025
2025-02-03 13:14:32.362911,ONGC27FEB25F,FUTSTK,242.3,14626150,242.15,242.35,99957550,19250,13475,ONGC,27-FEB-2025
2025-02-03 13:14:38.639461,ONGC27FEB25F,FUTSTK,242.25,14635775,242.2,242.35,99957550,13475,3850,ONGC,27-FEB-2025
2025-02-03 13:14:45.013626,ONGC27FEB25F,FUTSTK,242.3,14637700,242.15,242.3,99957550,17325,7700,ONGC,27-FEB-2025
2025-02-03 13:14:51.861991,ONGC27FEB25F,FUTSTK,242.2,14647325,242.2,242.35,99957550,19250,3850,ONGC,27-FEB-2025
2025-02-03 13:14:58.180985,ONGC27FEB25F,FUTSTK,242.2,14647325,242.15,242.35,99957550,17325,11550,ONGC,27-FEB-2025
2025-02-03 13:15:04.440904,ONGC27FEB25F,FUTSTK,242.3,14655025,242.2,242.35,99957550,19250,9625,ONGC,27-FEB-2025
2025-02-03 13:15:10.692247,ONGC27FEB25F,FUTSTK,242.25,14666575,242.25,242.45,99957550,17325,5775,ONGC,27-FEB-2025
2025-02-03 13:15:16.824503,ONGC27FEB25F,FUTSTK,242.25,14668500,242.25,242.45,99957550,15400,7700,ONGC,27-FEB-2025
2025-02-03 13:15:25.123495,ONGC27FEB25F,FUTSTK,242.25,14668500,242.2,242.35,99957550,1925,5775,ONGC,27-FEB-2025
2025-02-03 13:15:33.459915,ONGC27FEB25F,FUTSTK,242.2,14670425,242.15,242.35,99957550,1925,9625,ONGC,27-FEB-2025
2025-02-03 13:15:41.032587,ONGC27FEB25F,FUTSTK,242.1,14672350,242.15,242.25,99957550,1925,5775,ONGC,27-FEB-2025
2025-02-03 13:15:47.244282,ONGC27FEB25F,FUTSTK,242.1,14672350,242.15,242.25,99957550,1925,3850,ONGC,27-FEB-2025
2025-02-03 13:15:53.472636,ONGC27FEB25F,FUTSTK,242.15,14674275,242.1,242.25,99957550,1925,3850,ONGC,27-FEB-2025
2025-02-03 13:15:59.925373,ONGC27FEB25F,FUTSTK,242.05,14676200,242.0,242.2,99957550,25025,9625,ONGC,27-FEB-2025
2025-02-03 13:16:06.191434,ONGC27FEB25F,FUTSTK,242.1,14678125,242.05,242.2,99957550,17325,1925,ONGC,27-FEB-2025
2025-02-03 13:16:12.849391,ONGC27FEB25F,FUTSTK,242.1,14678125,242.0,242.2,99957550,28875,5775,ONGC,27-FEB-2025
2025-02-03 13:16:19.924427,ONGC27FEB25F,FUTSTK,242.2,14680050,242.15,242.25,99969100,1925,3850,ONGC,27-FEB-2025
2025-02-03 13:16:27.248636,ONGC27FEB25F,FUTSTK,242.1,14683900,242.05,242.2,99969100,13475,1925,ONGC,27-FEB-2025
2025-02-03 13:16:33.824304,ONGC27FEB25F,FUTSTK,242.1,14683900,242.05,242.2,99969100,13475,1925,ONGC,27-FEB-2025
2025-02-03 13:16:40.847391,ONGC27FEB25F,FUTSTK,242.2,14685825,242.15,242.35,99969100,23100,7700,ONGC,27-FEB-2025
2025-02-03 13:16:47.548584,ONGC27FEB25F,FUTSTK,242.2,14685825,242.15,242.3,99969100,19250,7700,ONGC,27-FEB-2025
2025-02-03 13:16:54.136902,ONGC27FEB25F,FUTSTK,242.25,14691600,242.15,242.3,99969100,23100,3850,ONGC,27-FEB-2025
2025-02-03 13:17:00.585656,ONGC27FEB25F,FUTSTK,242.25,14691600,242.15,242.25,99969100,19250,1925,ONGC,27-FEB-2025
2025-02-03 13:17:06.941623,ONGC27FEB25F,FUTSTK,242.25,14695450,242.15,242.3,99969100,19250,1925,ONGC,27-FEB-2025
2025-02-03 13:17:14.289780,ONGC27FEB25F,FUTSTK,242.15,14697375,242.2,242.3,99969100,1925,5775,ONGC,27-FEB-2025
2025-02-03 13:17:20.676920,ONGC27FEB25F,FUTSTK,242.2,14699300,242.2,242.3,99969100,7700,3850,ONGC,27-FEB-2025
2025-02-03 13:17:27.089729,ONGC27FEB25F,FUTSTK,242.2,14703150,242.2,242.3,99969100,1925,3850,ONGC,27-FEB-2025
2025-02-03 13:17:33.395518,ONGC27FEB25F,FUTSTK,242.1,14705075,242.1,242.2,99969100,17325,1925,ONGC,27-FEB-2025
2025-02-03 13:17:39.779757,ONGC27FEB25F,FUTSTK,242.0,14716625,242.0,242.2,99969100,30800,3850,ONGC,27-FEB-2025
2025-02-03 13:17:46.092434,ONGC27FEB25F,FUTSTK,242.0,14716625,242.0,242.2,99969100,25025,5775,ONGC,27-FEB-2025
2025-02-03 13:17:52.429219,ONGC27FEB25F,FUTSTK,242.2,14718550,242.1,242.2,99969100,3850,5775,ONGC,27-FEB-2025
2025-02-03 13:17:59.188757,ONGC27FEB25F,FUTSTK,242.1,14720475,242.05,242.2,99969100,1925,7700,ONGC,27-FEB-2025
2025-02-03 13:18:05.694481,ONGC27FEB25F,FUTSTK,242.0,14724325,241.95,242.15,99969100,17325,5775,ONGC,27-FEB-2025
2025-02-03 13:18:12.204483,ONGC27FEB25F,FUTSTK,242.0,14724325,241.9,242.1,99969100,13475,13475,ONGC,27-FEB-2025
2025-02-03 13:18:18.494409,ONGC27FEB25F,FUTSTK,242.05,14724325,241.9,242.05,99969100,5775,1925,ONGC,27-FEB-2025
2025-02-03 13:18:24.702243,ONGC27FEB25F,FUTSTK,241.9,14732025,241.9,242.1,99969100,1925,13475,ONGC,27-FEB-2025
2025-02-03 13:18:31.123235,ONGC27FEB25F,FUTSTK,241.9,14732025,241.8,242.0,99969100,19250,9625,ONGC,27-FEB-2025
2025-02-03 13:18:37.634491,ONGC27FEB25F,FUTSTK,241.95,14741650,241.85,242.05,99969100,11550,7700,ONGC,27-FEB-2025
2025-02-03 13:18:43.953525,ONGC27FEB25F,FUTSTK,241.95,14741650,241.85,242.05,99969100,11550,5775,ONGC,27-FEB-2025
2025-02-03 13:18:50.535270,ONGC27FEB25F,FUTSTK,241.8,14751275,241.8,241.95,99969100,1925,11550,ONGC,27-FEB-2025
2025-02-03 13:18:56.951202,ONGC27FEB25F,FUTSTK,241.9,14782075,241.85,242.05,99969100,7700,7700,ONGC,27-FEB-2025
2025-02-03 13:19:03.489672,ONGC27FEB25F,FUTSTK,241.85,14805175,241.9,242.0,99969100,1925,13475,ONGC,27-FEB-2025
2025-02-03 13:19:09.942267,ONGC27FEB25F,FUTSTK,242.0,14820575,241.9,242.05,99969100,3850,7700,ONGC,27-FEB-2025
2025-02-03 13:19:16.323081,ONGC27FEB25F,FUTSTK,241.9,14832125,241.75,241.9,100038400,1925,3850,ONGC,27-FEB-2025
2025-02-03 13:19:22.741035,ONGC27FEB25F,FUTSTK,241.9,14847525,241.85,241.95,100038400,1925,7700,ONGC,27-FEB-2025
2025-02-03 13:19:29.070981,ONGC27FEB25F,FUTSTK,241.9,14849450,241.85,241.95,100038400,1925,3850,ONGC,27-FEB-2025
2025-02-03 13:19:35.456421,ONGC27FEB25F,FUTSTK,241.8,14857150,241.8,241.95,100038400,3850,13475,ONGC,27-FEB-2025
2025-02-03 13:19:42.188868,ONGC27FEB25F,FUTSTK,241.8,14861000,241.6,241.8,100038400,9625,3850,ONGC,27-FEB-2025
2025-02-03 13:19:48.724003,ONGC27FEB25F,FUTSTK,241.6,14868700,241.65,241.7,100038400,1925,9625,ONGC,27-FEB-2025
2025-02-03 13:19:55.083237,ONGC27FEB25F,FUTSTK,241.6,14872550,241.5,241.65,100038400,7700,1925,ONGC,27-FEB-2025
2025-02-03 13:20:01.518622,ONGC27FEB25F,FUTSTK,241.95,14922600,241.75,241.95,100038400,9625,1925,ONGC,27-FEB-2025
2025-02-03 13:20:07.924854,ONGC27FEB25F,FUTSTK,241.85,14930300,241.8,241.9,100038400,3850,1925,ONGC,27-FEB-2025
2025-02-03 13:20:14.281806,ONGC27FEB25F,FUTSTK,241.9,14947625,241.9,242.05,100038400,3850,9625,ONGC,27-FEB-2025
2025-02-03 13:20:20.721747,ONGC27FEB25F,FUTSTK,242.05,14963025,241.85,242.05,100038400,5775,15400,ONGC,27-FEB-2025
2025-02-03 13:20:27.127637,ONGC27FEB25F,FUTSTK,241.8,14966875,241.9,241.95,100038400,1925,1925,ONGC,27-FEB-2025
2025-02-03 13:20:33.692291,ONGC27FEB25F,FUTSTK,241.9,14972650,241.9,242.05,100038400,3850,9625,ONGC,27-FEB-2025
2025-02-03 13:20:40.066753,ONGC27FEB25F,FUTSTK,242.05,14980350,241.85,242.05,100038400,7700,13475,ONGC,27-FEB-2025
2025-02-03 13:20:46.297966,ONGC27FEB25F,FUTSTK,242.05,14982275,241.9,242.1,100038400,3850,11550,ONGC,27-FEB-2025
2025-02-03 13:20:52.523648,ONGC27FEB25F,FUTSTK,242.05,14984200,241.95,242.1,100038400,1925,3850,ONGC,27-FEB-2025
2025-02-03 13:20:58.935701,ONGC27FEB25F,FUTSTK,242.05,14984200,242.0,242.15,100038400,1925,9625,ONGC,27-FEB-2025
2025-02-03 13:21:05.269726,ONGC27FEB25F,FUTSTK,241.95,14988050,241.85,242.0,100038400,5775,3850,ONGC,27-FEB-2025
2025-02-03 13:21:11.578966,ONGC27FEB25F,FUTSTK,241.8,14991900,241.95,242.0,100038400,3850,1925,ONGC,27-FEB-2025
2025-02-03 13:21:17.965591,ONGC27FEB25F,FUTSTK,242.0,14993825,242.0,242.1,100038400,3850,3850,ONGC,27-FEB-2025
2025-02-03 13:21:24.369142,ONGC27FEB25F,FUTSTK,242.0,14999600,241.85,242.05,100038400,5775,5775,ONGC,27-FEB-2025
2025-02-03 13:21:30.767186,ONGC27FEB25F,FUTSTK,242.0,14999600,241.85,242.05,100038400,1925,5775,ONGC,27-FEB-2025
2025-02-03 13:21:37.194889,ONGC27FEB25F,FUTSTK,242.0,15005375,241.9,242.05,100038400,1925,1925,ONGC,27-FEB-2025
2025-02-03 13:21:45.611640,ONGC27FEB25F,FUTSTK,241.95,15011150,241.95,242.15,100038400,5775,9625,ONGC,27-FEB-2025
2025-02-03 13:21:53.409303,ONGC27FEB25F,FUTSTK,241.95,15016925,241.95,242.1,100038400,3850,3850,ONGC,27-FEB-2025
2025-02-03 13:22:00.596889,ONGC27FEB25F,FUTSTK,241.95,15018850,241.8,242.0,100038400,7700,7700,ONGC,27-FEB-2025
2025-02-03 13:22:06.963403,ONGC27FEB25F,FUTSTK,241.85,15022700,241.8,242.0,100038400,3850,11550,ONGC,27-FEB-2025
2025-02-03 13:22:13.247029,ONGC27FEB25F,FUTSTK,241.75,15024625,241.75,241.9,100038400,1925,11550,ONGC,27-FEB-2025
2025-02-03 13:22:19.515639,ONGC27FEB25F,FUTSTK,241.9,15038100,241.85,241.95,100115400,1925,11550,ONGC,27-FEB-2025
2025-02-03 13:22:26.114069,ONGC27FEB25F,FUTSTK,241.75,15053500,241.7,241.9,100115400,19250,3850,ONGC,27-FEB-2025
2025-02-03 13:22:34.816071,ONGC27FEB25F,FUTSTK,241.75,15053500,241.7,241.85,100115400,15400,1925,ONGC,27-FEB-2025
2025-02-03 13:22:42.011673,ONGC27FEB25F,FUTSTK,241.85,15055425,241.85,241.95,100115400,1925,1925,ONGC,27-FEB-2025
2025-02-03 13:22:50.413868,ONGC27FEB25F,FUTSTK,241.9,15063125,241.85,241.95,100115400,1925,1925,ONGC,27-FEB-2025
2025-02-03 13:22:58.795152,ONGC27FEB25F,FUTSTK,241.9,15065050,241.85,241.95,100115400,3850,1925,ONGC,27-FEB-2025
2025-02-03 13:23:06.166247,ONGC27FEB25F,FUTSTK,241.95,15078525,241.9,242.05,100115400,1925,21175,ONGC,27-FEB-2025
2025-02-03 13:23:13.435098,ONGC27FEB25F,FUTSTK,242.0,15082375,241.9,242.05,100115400,3850,17325,ONGC,27-FEB-2025
2025-02-03 13:23:19.737294,ONGC27FEB25F,FUTSTK,242.0,15082375,241.9,242.1,100115400,5775,11550,ONGC,27-FEB-2025
2025-02-03 13:23:26.037675,ONGC27FEB25F,FUTSTK,242.0,15082375,241.9,242.0,100115400,3850,1925,ONGC,27-FEB-2025
2025-02-03 13:23:32.450346,ONGC27FEB25F,FUTSTK,241.9,15101625,241.75,241.9,100115400,5775,3850,ONGC,27-FEB-2025
2025-02-03 13:23:38.745201,ONGC27FEB25F,FUTSTK,241.75,15103550,241.85,242.0,100115400,1925,15400,ONGC,27-FEB-2025
2025-02-03 13:23:45.011329,ONGC27FEB25F,FUTSTK,241.75,15103550,241.85,242.0,100115400,1925,19250,ONGC,27-FEB-2025
2025-02-03 13:23:51.329648,ONGC27FEB25F,FUTSTK,241.75,15103550,241.85,242.0,100115400,1925,21175,ONGC,27-FEB-2025
2025-02-03 13:23:57.715341,ONGC27FEB25F,FUTSTK,241.8,15107400,241.85,241.95,100115400,1925,1925,ONGC,27-FEB-2025
2025-02-03 13:24:03.991662,ONGC27FEB25F,FUTSTK,241.95,15118950,241.8,242.0,100115400,11550,19250,ONGC,27-FEB-2025
2025-02-03 13:24:10.444109,ONGC27FEB25F,FUTSTK,241.6,15128575,241.7,241.85,100115400,3850,21175,ONGC,27-FEB-2025
2025-02-03 13:24:16.883577,ONGC27FEB25F,FUTSTK,241.8,15167075,241.8,241.9,100115400,1925,17325,ONGC,27-FEB-2025
2025-02-03 13:24:23.272892,ONGC27FEB25F,FUTSTK,241.8,15170925,241.65,241.9,100115400,15400,25025,ONGC,27-FEB-2025
2025-02-03 13:24:29.606585,ONGC27FEB25F,FUTSTK,241.95,15176700,241.8,241.95,100115400,1925,13475,ONGC,27-FEB-2025
2025-02-03 13:24:36.071258,ONGC27FEB25F,FUTSTK,241.75,15178625,241.75,241.9,100115400,5775,11550,ONGC,27-FEB-2025
2025-02-03 13:24:42.465993,ONGC27FEB25F,FUTSTK,241.95,15192100,241.85,241.95,100115400,5775,1925,ONGC,27-FEB-2025
2025-02-03 13:24:48.880176,ONGC27FEB25F,FUTSTK,242.0,15197875,241.85,242.0,100115400,7700,1925,ONGC,27-FEB-2025
2025-02-03 13:24:55.232481,ONGC27FEB25F,FUTSTK,242.0,15197875,241.8,242.0,100115400,5775,21175,ONGC,27-FEB-2025
2025-02-03 13:25:01.620597,ONGC27FEB25F,FUTSTK,241.7,15211350,241.7,241.85,100115400,1925,7700,ONGC,27-FEB-2025
2025-02-03 13:25:08.045240,ONGC27FEB25F,FUTSTK,241.7,15230600,241.8,241.85,100115400,7700,13475,ONGC,27-FEB-2025
2025-02-03 13:25:14.511115,ONGC27FEB25F,FUTSTK,241.9,15269100,241.85,241.95,100115400,1925,9625,ONGC,27-FEB-2025
2025-02-03 13:25:20.936597,ONGC27FEB25F,FUTSTK,241.9,15284500,241.8,241.95,100151975,1925,1925,ONGC,27-FEB-2025
2025-02-03 13:25:27.235767,ONGC27FEB25F,FUTSTK,241.9,15309525,241.85,241.95,100151975,3850,11550,ONGC,27-FEB-2025
2025-02-03 13:25:33.955168,ONGC27FEB25F,FUTSTK,241.95,15311450,241.85,241.95,100151975,3850,3850,ONGC,27-FEB-2025
2025-02-03 13:25:40.226864,ONGC27FEB25F,FUTSTK,241.85,15313375,241.85,241.95,100151975,5775,3850,ONGC,27-FEB-2025
2025-02-03 13:25:46.674480,ONGC27FEB25F,FUTSTK,241.85,15313375,241.85,241.95,100151975,7700,5775,ONGC,27-FEB-2025
2025-02-03 13:25:53.103587,ONGC27FEB25F,FUTSTK,241.7,15321075,241.7,241.85,100151975,1925,17325,ONGC,27-FEB-2025
2025-02-03 13:25:59.481253,ONGC27FEB25F,FUTSTK,241.6,15324925,241.6,241.65,100151975,1925,1925,ONGC,27-FEB-2025
2025-02-03 13:26:05.887218,ONGC27FEB25F,FUTSTK,241.6,15328775,241.55,241.6,100151975,1925,3850,ONGC,27-FEB-2025
2025-02-03 13:26:12.232531,ONGC27FEB25F,FUTSTK,241.55,15338400,241.5,241.65,100151975,7700,19250,ONGC,27-FEB-2025
2025-02-03 13:26:18.602633,ONGC27FEB25F,FUTSTK,241.25,15369200,241.15,241.25,100151975,5775,3850,ONGC,27-FEB-2025
2025-02-03 13:26:24.907325,ONGC27FEB25F,FUTSTK,241.25,15371125,241.2,241.25,100151975,1925,5775,ONGC,27-FEB-2025
2025-02-03 13:26:31.279470,ONGC27FEB25F,FUTSTK,241.4,15384600,241.3,241.4,100151975,1925,3850,ONGC,27-FEB-2025
2025-02-03 13:26:37.643416,ONGC27FEB25F,FUTSTK,241.4,15384600,241.3,241.5,100151975,5775,17325,ONGC,27-FEB-2025
2025-02-03 13:26:43.905396,ONGC27FEB25F,FUTSTK,241.3,15386525,241.3,241.4,100151975,1925,1925,ONGC,27-FEB-2025
2025-02-03 13:26:50.448558,ONGC27FEB25F,FUTSTK,241.3,15386525,241.2,241.3,100151975,5775,1925,ONGC,27-FEB-2025
2025-02-03 13:26:56.759444,ONGC27FEB25F,FUTSTK,241.25,15388450,241.2,241.35,100151975,1925,21175,ONGC,27-FEB-2025
2025-02-03 13:27:03.205867,ONGC27FEB25F,FUTSTK,241.25,15388450,241.2,241.4,100151975,9625,15400,ONGC,27-FEB-2025
2025-02-03 13:27:09.608901,ONGC27FEB25F,FUTSTK,241.25,15388450,241.3,241.45,100151975,1925,9625,ONGC,27-FEB-2025
2025-02-03 13:27:15.992246,ONGC27FEB25F,FUTSTK,241.25,15390375,241.35,241.45,100151975,1925,5775,ONGC,27-FEB-2025
2025-02-03 13:27:22.241878,ONGC27FEB25F,FUTSTK,241.35,15400000,241.2,241.4,100151975,9625,1925,ONGC,27-FEB-2025
2025-02-03 13:27:28.578825,ONGC27FEB25F,FUTSTK,241.35,15403850,241.2,241.4,100151975,11550,15400,ONGC,27-FEB-2025
2025-02-03 13:27:34.895150,ONGC27FEB25F,FUTSTK,241.4,15411550,241.35,241.45,100151975,1925,1925,ONGC,27-FEB-2025
2025-02-03 13:27:41.179431,ONGC27FEB25F,FUTSTK,241.4,15411550,241.4,241.55,100151975,5775,15400,ONGC,27-FEB-2025
2025-02-03 13:27:47.484989,ONGC27FEB25F,FUTSTK,241.4,15415400,241.35,241.5,100151975,5775,7700,ONGC,27-FEB-2025
2025-02-03 13:27:53.827029,ONGC27FEB25F,FUTSTK,241.4,15415400,241.35,241.5,100151975,7700,11550,ONGC,27-FEB-2025
2025-02-03 13:28:00.246651,ONGC27FEB25F,FUTSTK,241.35,15417325,241.35,241.5,100151975,5775,11550,ONGC,27-FEB-2025
2025-02-03 13:28:06.657008,ONGC27FEB25F,FUTSTK,241.3,15426950,241.25,241.35,100151975,3850,1925,ONGC,27-FEB-2025
2025-02-03 13:28:12.926536,ONGC27FEB25F,FUTSTK,241.3,15426950,241.25,241.35,100151975,5775,1925,ONGC,27-FEB-2025
2025-02-03 13:28:19.215588,ONGC27FEB25F,FUTSTK,241.2,15440425,241.2,241.35,100151975,5775,1925,ONGC,27-FEB-2025
2025-02-03 13:28:25.477776,ONGC27FEB25F,FUTSTK,241.25,15444275,241.15,241.35,100205875,13475,9625,ONGC,27-FEB-2025
2025-02-03 13:28:31.959401,ONGC27FEB25F,FUTSTK,241.25,15444275,241.2,241.35,100205875,1925,11550,ONGC,27-FEB-2025
2025-02-03 13:28:38.379396,ONGC27FEB25F,FUTSTK,241.35,15463525,241.2,241.35,100205875,3850,11550,ONGC,27-FEB-2025
2025-02-03 13:28:44.649387,ONGC27FEB25F,FUTSTK,241.35,15463525,241.3,241.4,100205875,5775,1925,ONGC,27-FEB-2025
2025-02-03 13:28:51.137134,ONGC27FEB25F,FUTSTK,241.85,15634850,241.85,242.0,100205875,1925,7700,ONGC,27-FEB-2025
2025-02-03 13:28:57.390700,ONGC27FEB25F,FUTSTK,241.9,15671425,241.8,241.9,100205875,5775,3850,ONGC,27-FEB-2025
2025-02-03 13:29:03.739733,ONGC27FEB25F,FUTSTK,241.95,15709925,241.9,242.1,100205875,5775,13475,ONGC,27-FEB-2025
2025-02-03 13:29:10.166623,ONGC27FEB25F,FUTSTK,242.05,15713775,241.95,242.1,100205875,11550,9625,ONGC,27-FEB-2025
2025-02-03 13:29:16.430368,ONGC27FEB25F,FUTSTK,242.05,15713775,242.0,242.1,100205875,5775,3850,ONGC,27-FEB-2025
2025-02-03 13:29:22.797471,ONGC27FEB25F,FUTSTK,242.1,15715700,242.0,242.15,100205875,9625,1925,ONGC,27-FEB-2025
2025-02-03 13:29:29.132470,ONGC27FEB25F,FUTSTK,242.2,15717625,242.05,242.2,100205875,3850,3850,ONGC,27-FEB-2025
2025-02-03 13:29:35.501497,ONGC27FEB25F,FUTSTK,242.2,15717625,242.05,242.2,100205875,1925,1925,ONGC,27-FEB-2025
2025-02-03 13:29:42.049420,ONGC27FEB25F,FUTSTK,242.2,15717625,242.05,242.2,100205875,1925,9625,ONGC,27-FEB-2025
2025-02-03 13:29:48.405768,ONGC27FEB25F,FUTSTK,242.2,15719550,242.0,242.2,100205875,13475,5775,ONGC,27-FEB-2025
2025-02-03 13:29:55.216080,ONGC27FEB25F,FUTSTK,242.2,15719550,242.05,242.2,100205875,7700,3850,ONGC,27-FEB-2025
2025-02-03 13:30:01.849137,ONGC27FEB25F,FUTSTK,242.2,15719550,242.05,242.2,100205875,1925,7700,ONGC,27-FEB-2025
2025-02-03 13:30:08.522307,ONGC27FEB25F,FUTSTK,242.05,15727250,242.0,242.15,100205875,21175,1925,ONGC,27-FEB-2025
2025-02-03 13:30:14.949345,ONGC27FEB25F,FUTSTK,242.05,15727250,242.0,242.1,100205875,11550,1925,ONGC,27-FEB-2025
2025-02-03 13:30:21.328275,ONGC27FEB25F,FUTSTK,242.3,15742650,242.25,242.4,100205875,5775,3850,ONGC,27-FEB-2025
2025-02-03 13:30:27.677861,ONGC27FEB25F,FUTSTK,242.2,15750350,242.15,242.35,100205875,3850,5775,ONGC,27-FEB-2025
2025-02-03 13:30:33.937628,ONGC27FEB25F,FUTSTK,242.2,15752275,242.1,242.25,100205875,7700,3850,ONGC,27-FEB-2025
2025-02-03 13:30:40.456545,ONGC27FEB25F,FUTSTK,242.25,15752275,242.15,242.25,100205875,1925,5775,ONGC,27-FEB-2025
2025-02-03 13:30:46.744297,ONGC27FEB25F,FUTSTK,242.15,15756125,242.1,242.25,100205875,1925,7700,ONGC,27-FEB-2025
2025-02-03 13:30:53.227541,ONGC27FEB25F,FUTSTK,242.15,15756125,242.1,242.25,100205875,3850,7700,ONGC,27-FEB-2025
2025-02-03 13:30:59.570261,ONGC27FEB25F,FUTSTK,242.05,15761900,242.05,242.25,100205875,15400,3850,ONGC,27-FEB-2025
2025-02-03 13:31:05.938707,ONGC27FEB25F,FUTSTK,242.1,15761900,242.1,242.15,100205875,1925,3850,ONGC,27-FEB-2025
2025-02-03 13:31:12.427546,ONGC27FEB25F,FUTSTK,242.05,15767675,242.05,242.15,100205875,1925,1925,ONGC,27-FEB-2025
2025-02-03 13:31:18.754869,ONGC27FEB25F,FUTSTK,242.0,15771525,242.0,242.15,100205875,1925,5775,ONGC,27-FEB-2025
2025-02-03 13:31:25.398575,ONGC27FEB25F,FUTSTK,242.0,15771525,242.0,242.15,100205875,1925,7700,ONGC,27-FEB-2025
2025-02-03 13:31:31.850946,ONGC27FEB25F,FUTSTK,242.0,15773450,241.95,242.15,100319450,7700,7700,ONGC,27-FEB-2025
2025-02-03 13:31:38.170677,ONGC27FEB25F,FUTSTK,242.15,15775375,242.0,242.15,100319450,1925,5775,ONGC,27-FEB-2025
2025-02-03 13:31:44.533036,ONGC27FEB25F,FUTSTK,242.15,15775375,241.95,242.15,100319450,5775,7700,ONGC,27-FEB-2025
2025-02-03 13:31:50.661512,ONGC27FEB25F,FUTSTK,241.9,15785000,241.95,242.1,100319450,3850,1925,ONGC,27-FEB-2025
2025-02-03 13:31:56.975323,ONGC27FEB25F,FUTSTK,242.1,15786925,242.0,242.15,100319450,5775,3850,ONGC,27-FEB-2025
2025-02-03 13:32:03.433601,ONGC27FEB25F,FUTSTK,242.1,15786925,242.0,242.15,100319450,1925,3850,ONGC,27-FEB-2025
2025-02-03 13:32:09.815768,ONGC27FEB25F,FUTSTK,242.1,15790775,242.0,242.2,100319450,13475,5775,ONGC,27-FEB-2025
2025-02-03 13:32:16.195632,ONGC27FEB25F,FUTSTK,242.1,15790775,242.0,242.2,100319450,7700,7700,ONGC,27-FEB-2025
2025-02-03 13:32:22.525494,ONGC27FEB25F,FUTSTK,242.0,15790775,242.0,242.2,100319450,9625,7700,ONGC,27-FEB-2025
2025-02-03 13:32:28.802589,ONGC27FEB25F,FUTSTK,242.05,15796550,242.0,242.15,100319450,1925,3850,ONGC,27-FEB-2025
2025-02-03 13:32:35.031458,ONGC27FEB25F,FUTSTK,242.0,15800400,242.0,242.15,100319450,1925,5775,ONGC,27-FEB-2025
2025-02-03 13:32:41.362662,ONGC27FEB25F,FUTSTK,242.0,15802325,241.95,242.1,100319450,1925,3850,ONGC,27-FEB-2025
2025-02-03 13:32:47.735677,ONGC27FEB25F,FUTSTK,242.0,15806175,241.95,242.15,100319450,3850,9625,ONGC,27-FEB-2025
2025-02-03 13:32:54.066884,ONGC27FEB25F,FUTSTK,242.0,15806175,241.95,242.1,100319450,5775,3850,ONGC,27-FEB-2025
2025-02-03 13:33:00.476345,ONGC27FEB25F,FUTSTK,242.1,15810025,241.95,242.15,100319450,11550,7700,ONGC,27-FEB-2025
2025-02-03 13:33:06.737518,ONGC27FEB25F,FUTSTK,242.1,15815800,242.0,242.1,100319450,1925,1925,ONGC,27-FEB-2025
2025-02-03 13:33:13.098293,ONGC27FEB25F,FUTSTK,242.0,15823500,242.0,242.15,100319450,19250,1925,ONGC,27-FEB-2025
2025-02-03 13:33:19.280985,ONGC27FEB25F,FUTSTK,242.0,15823500,241.95,242.15,100319450,9625,3850,ONGC,27-FEB-2025
2025-02-03 13:33:25.696656,ONGC27FEB25F,FUTSTK,242.0,15823500,242.0,242.1,100319450,3850,3850,ONGC,27-FEB-2025
2025-02-03 13:33:32.027087,ONGC27FEB25F,FUTSTK,242.0,15827350,242.0,242.1,100319450,5775,3850,ONGC,27-FEB-2025
2025-02-03 13:33:38.447995,ONGC27FEB25F,FUTSTK,242.05,15829275,242.0,242.1,100319450,5775,1925,ONGC,27-FEB-2025
2025-02-03 13:33:44.699612,ONGC27FEB25F,FUTSTK,242.05,15842750,242.0,242.2,100319450,19250,3850,ONGC,27-FEB-2025
2025-02-03 13:33:51.137495,ONGC27FEB25F,FUTSTK,242.05,15842750,242.05,242.2,100319450,13475,3850,ONGC,27-FEB-2025
2025-02-03 13:33:57.577585,ONGC27FEB25F,FUTSTK,242.05,15842750,242.05,242.2,100319450,15400,3850,ONGC,27-FEB-2025
2025-02-03 13:34:03.879203,ONGC27FEB25F,FUTSTK,242.05,15842750,242.05,242.2,100319450,13475,3850,ONGC,27-FEB-2025
2025-02-03 13:34:10.400728,ONGC27FEB25F,FUTSTK,242.05,15842750,242.0,242.2,100319450,17325,7700,ONGC,27-FEB-2025
2025-02-03 13:34:17.179686,ONGC27FEB25F,FUTSTK,241.95,15846600,241.95,242.15,100319450,19250,5775,ONGC,27-FEB-2025
2025-02-03 13:34:23.565431,ONGC27FEB25F,FUTSTK,242.05,15848525,242.0,242.15,100298275,19250,1925,ONGC,27-FEB-2025
2025-02-03 13:34:30.026211,ONGC27FEB25F,FUTSTK,242.05,15848525,242.0,242.2,100298275,23100,9625,ONGC,27-FEB-2025
2025-02-03 13:34:36.769623,ONGC27FEB25F,FUTSTK,242.05,15848525,242.05,242.2,100298275,3850,5775,ONGC,27-FEB-2025
2025-02-03 13:34:43.329271,ONGC27FEB25F,FUTSTK,242.05,15848525,242.0,242.2,100298275,19250,11550,ONGC,27-FEB-2025
2025-02-03 13:34:49.622739,ONGC27FEB25F,FUTSTK,242.15,15852375,242.05,242.2,100298275,17325,5775,ONGC,27-FEB-2025
2025-02-03 13:34:56.069824,ONGC27FEB25F,FUTSTK,242.2,15865850,242.05,242.2,100298275,17325,1925,ONGC,27-FEB-2025
2025-02-03 13:35:02.538746,ONGC27FEB25F,FUTSTK,242.15,15865850,242.05,242.25,100298275,19250,7700,ONGC,27-FEB-2025
2025-02-03 13:35:08.860746,ONGC27FEB25F,FUTSTK,242.25,15869700,242.1,242.25,100298275,3850,5775,ONGC,27-FEB-2025
2025-02-03 13:35:15.247464,ONGC27FEB25F,FUTSTK,242.25,15869700,242.1,242.25,100298275,1925,5775,ONGC,27-FEB-2025
2025-02-03 13:35:21.700431,ONGC27FEB25F,FUTSTK,242.25,15871625,242.15,242.3,100298275,19250,3850,ONGC,27-FEB-2025
2025-02-03 13:35:28.051769,ONGC27FEB25F,FUTSTK,242.25,15871625,242.15,242.3,100298275,19250,3850,ONGC,27-FEB-2025
2025-02-03 13:35:34.355864,ONGC27FEB25F,FUTSTK,242.2,15879325,242.25,242.35,100298275,1925,7700,ONGC,27-FEB-2025
2025-02-03 13:35:40.632978,ONGC27FEB25F,FUTSTK,242.2,15879325,242.25,242.35,100298275,1925,7700,ONGC,27-FEB-2025
2025-02-03 13:35:47.053947,ONGC27FEB25F,FUTSTK,242.2,15879325,242.25,242.35,100298275,1925,11550,ONGC,27-FEB-2025
2025-02-03 13:35:53.409147,ONGC27FEB25F,FUTSTK,242.35,15892800,242.25,242.4,100298275,19250,3850,ONGC,27-FEB-2025
2025-02-03 13:35:59.713466,ONGC27FEB25F,FUTSTK,242.35,15892800,242.25,242.4,100298275,21175,3850,ONGC,27-FEB-2025
2025-02-03 13:36:06.069166,ONGC27FEB25F,FUTSTK,242.25,15896650,242.2,242.35,100298275,1925,5775,ONGC,27-FEB-2025
2025-02-03 13:36:12.482074,ONGC27FEB25F,FUTSTK,242.3,15902425,242.25,242.4,100298275,7700,1925,ONGC,27-FEB-2025
2025-02-03 13:36:18.926472,ONGC27FEB25F,FUTSTK,242.3,15902425,242.2,242.35,100298275,1925,3850,ONGC,27-FEB-2025
2025-02-03 13:36:25.244098,ONGC27FEB25F,FUTSTK,242.3,15902425,242.2,242.35,100298275,9625,1925,ONGC,27-FEB-2025
2025-02-03 13:36:31.641257,ONGC27FEB25F,FUTSTK,242.3,15902425,242.2,242.3,100298275,11550,1925,ONGC,27-FEB-2025
2025-02-03 13:36:37.993028,ONGC27FEB25F,FUTSTK,242.2,15915900,242.2,242.35,100298275,1925,7700,ONGC,27-FEB-2025
2025-02-03 13:36:44.299454,ONGC27FEB25F,FUTSTK,242.2,15915900,242.2,242.35,100298275,3850,5775,ONGC,27-FEB-2025
2025-02-03 13:36:50.650866,ONGC27FEB25F,FUTSTK,242.2,15917825,242.2,242.3,100298275,11550,1925,ONGC,27-FEB-2025
2025-02-03 13:36:56.869086,ONGC27FEB25F,FUTSTK,242.2,15919750,242.2,242.35,100298275,9625,7700,ONGC,27-FEB-2025
2025-02-03 13:37:03.290320,ONGC27FEB25F,FUTSTK,242.2,15919750,242.2,242.35,100298275,9625,9625,ONGC,27-FEB-2025
2025-02-03 13:37:09.572748,ONGC27FEB25F,FUTSTK,242.2,15923600,242.25,242.35,100298275,3850,9625,ONGC,27-FEB-2025
2025-02-03 13:37:15.849105,ONGC27FEB25F,FUTSTK,242.2,15923600,242.25,242.35,100298275,3850,11550,ONGC,27-FEB-2025
2025-02-03 13:37:22.269099,ONGC27FEB25F,FUTSTK,242.25,15927450,242.25,242.3,99982575,1925,5775,ONGC,27-FEB-2025
2025-02-03 13:37:28.508410,ONGC27FEB25F,FUTSTK,242.3,15931300,242.1,242.25,99982575,17325,7700,ONGC,27-FEB-2025
2025-02-03 13:37:34.739856,ONGC27FEB25F,FUTSTK,242.05,15937075,242.05,242.2,99982575,25025,3850,ONGC,27-FEB-2025
2025-02-03 13:37:41.022193,ONGC27FEB25F,FUTSTK,242.05,15942850,242.1,242.2,99982575,1925,3850,ONGC,27-FEB-2025
2025-02-03 13:37:47.293923,ONGC27FEB25F,FUTSTK,242.05,15942850,242.1,242.2,99982575,1925,5775,ONGC,27-FEB-2025
2025-02-03 13:37:53.702605,ONGC27FEB25F,FUTSTK,242.2,15950550,242.05,242.25,99982575,9625,9625,ONGC,27-FEB-2025
2025-02-03 13:38:00.082619,ONGC27FEB25F,FUTSTK,242.2,15950550,242.1,242.25,99982575,3850,5775,ONGC,27-FEB-2025
2025-02-03 13:38:06.423651,ONGC27FEB25F,FUTSTK,242.2,15950550,242.05,242.25,99982575,7700,13475,ONGC,27-FEB-2025
2025-02-03 13:38:12.871353,ONGC27FEB25F,FUTSTK,242.15,15958250,242.1,242.25,99982575,7700,9625,ONGC,27-FEB-2025
2025-02-03 13:38:19.139078,ONGC27FEB25F,FUTSTK,242.25,15960175,242.05,242.25,99982575,15400,7700,ONGC,27-FEB-2025
2025-02-03 13:38:25.385056,ONGC27FEB25F,FUTSTK,242.05,15962100,242.05,242.2,99982575,1925,5775,ONGC,27-FEB-2025
2025-02-03 13:38:31.869549,ONGC27FEB25F,FUTSTK,242.05,15964025,242.0,242.2,99982575,5775,11550,ONGC,27-FEB-2025
2025-02-03 13:38:38.246110,ONGC27FEB25F,FUTSTK,242.1,15965950,242.1,242.25,99982575,1925,5775,ONGC,27-FEB-2025
2025-02-03 13:38:44.616826,ONGC27FEB25F,FUTSTK,242.1,15965950,242.05,242.25,99982575,3850,9625,ONGC,27-FEB-2025
2025-02-03 13:38:50.965497,ONGC27FEB25F,FUTSTK,242.1,15965950,242.05,242.25,99982575,1925,17325,ONGC,27-FEB-2025
2025-02-03 13:38:57.374829,ONGC27FEB25F,FUTSTK,242.05,15965950,242.05,242.2,99982575,5775,3850,ONGC,27-FEB-2025
2025-02-03 13:39:03.749054,ONGC27FEB25F,FUTSTK,242.15,15969800,242.1,242.2,99982575,1925,3850,ONGC,27-FEB-2025
2025-02-03 13:39:10.287048,ONGC27FEB25F,FUTSTK,242.1,15975575,242.1,242.25,99982575,3850,11550,ONGC,27-FEB-2025
2025-02-03 13:39:16.663125,ONGC27FEB25F,FUTSTK,242.2,15979425,242.1,242.2,99982575,3850,5775,ONGC,27-FEB-2025
2025-02-03 13:39:23.190593,ONGC27FEB25F,FUTSTK,242.15,15981350,242.1,242.25,99982575,3850,5775,ONGC,27-FEB-2025
2025-02-03 13:39:29.579070,ONGC27FEB25F,FUTSTK,242.15,15981350,242.1,242.25,99982575,19250,5775,ONGC,27-FEB-2025
2025-02-03 13:39:35.742607,ONGC27FEB25F,FUTSTK,242.1,15983275,242.1,242.25,99982575,3850,7700,ONGC,27-FEB-2025
2025-02-03 13:39:41.914067,ONGC27FEB25F,FUTSTK,242.1,15987125,242.05,242.25,99982575,19250,9625,ONGC,27-FEB-2025
2025-02-03 13:39:48.261605,ONGC27FEB25F,FUTSTK,242.2,15990975,242.15,242.25,99982575,1925,7700,ONGC,27-FEB-2025
2025-02-03 13:39:54.583904,ONGC27FEB25F,FUTSTK,242.2,15994825,242.1,242.25,99982575,19250,5775,ONGC,27-FEB-2025
2025-02-03 13:40:00.908780,ONGC27FEB25F,FUTSTK,242.3,16002525,242.15,242.3,99982575,23100,5775,ONGC,27-FEB-2025
2025-02-03 13:40:07.244180,ONGC27FEB25F,FUTSTK,242.25,16023700,242.2,242.35,99982575,19250,11550,ONGC,27-FEB-2025
2025-02-03 13:40:13.620991,ONGC27FEB25F,FUTSTK,242.45,16046800,242.35,242.5,99982575,17325,3850,ONGC,27-FEB-2025
2025-02-03 13:40:22.978843,ONGC27FEB25F,FUTSTK,242.45,16046800,242.4,242.5,99982575,7700,3850,ONGC,27-FEB-2025
2025-02-03 13:40:30.999431,ONGC27FEB25F,FUTSTK,242.45,16062200,242.3,242.45,99982575,3850,3850,ONGC,27-FEB-2025
2025-02-03 13:40:37.608657,ONGC27FEB25F,FUTSTK,242.25,16064125,242.25,242.4,99982575,19250,5775,ONGC,27-FEB-2025
2025-02-03 13:40:44.003231,ONGC27FEB25F,FUTSTK,242.25,16064125,242.25,242.4,99982575,21175,5775,ONGC,27-FEB-2025
2025-02-03 13:40:50.527353,ONGC27FEB25F,FUTSTK,242.25,16064125,242.25,242.4,99982575,21175,3850,ONGC,27-FEB-2025
2025-02-03 13:40:56.827175,ONGC27FEB25F,FUTSTK,242.45,16069900,242.4,242.55,99982575,19250,1925,ONGC,27-FEB-2025
2025-02-03 13:41:03.280140,ONGC27FEB25F,FUTSTK,242.55,16075675,242.45,242.55,99982575,1925,1925,ONGC,27-FEB-2025
2025-02-03 13:41:09.791663,ONGC27FEB25F,FUTSTK,242.45,16077600,242.35,242.55,99982575,25025,7700,ONGC,27-FEB-2025
2025-02-03 13:41:16.361517,ONGC27FEB25F,FUTSTK,242.55,16081450,242.45,242.6,99982575,23100,1925,ONGC,27-FEB-2025
2025-02-03 13:41:22.728350,ONGC27FEB25F,FUTSTK,242.55,16081450,242.4,242.6,99982575,26950,7700,ONGC,27-FEB-2025
2025-02-03 13:41:29.129600,ONGC27FEB25F,FUTSTK,242.55,16081450,242.4,242.55,99982575,21175,5775,ONGC,27-FEB-2025
2025-02-03 13:41:35.774764,ONGC27FEB25F,FUTSTK,242.45,16096850,242.4,242.55,99982575,19250,3850,ONGC,27-FEB-2025
2025-02-03 13:41:42.260726,ONGC27FEB25F,FUTSTK,242.45,16096850,242.45,242.55,99982575,3850,1925,ONGC,27-FEB-2025
2025-02-03 13:41:48.694064,ONGC27FEB25F,FUTSTK,242.5,16108400,242.5,242.65,99982575,21175,1925,ONGC,27-FEB-2025
2025-02-03 13:41:55.134784,ONGC27FEB25F,FUTSTK,242.5,16108400,242.55,242.7,99982575,5775,1925,ONGC,27-FEB-2025
2025-02-03 13:42:01.706268,ONGC27FEB25F,FUTSTK,242.7,16110325,242.65,242.75,99982575,1925,5775,ONGC,27-FEB-2025
2025-02-03 13:42:08.135313,ONGC27FEB25F,FUTSTK,242.65,16112250,242.5,242.7,99982575,23100,5775,ONGC,27-FEB-2025
2025-02-03 13:42:14.631053,ONGC27FEB25F,FUTSTK,242.65,16114175,242.55,242.7,99982575,1925,5775,ONGC,27-FEB-2025
2025-02-03 13:42:20.950351,ONGC27FEB25F,FUTSTK,242.4,16187325,242.35,242.55,99982575,19250,9625,ONGC,27-FEB-2025
2025-02-03 13:42:27.527588,ONGC27FEB25F,FUTSTK,242.55,16198875,242.4,242.55,99982575,23100,7700,ONGC,27-FEB-2025
2025-02-03 13:42:34.313046,ONGC27FEB25F,FUTSTK,242.4,16210425,242.4,242.5,99982575,3850,3850,ONGC,27-FEB-2025
2025-02-03 13:42:40.849557,ONGC27FEB25F,FUTSTK,242.45,16216200,242.45,242.65,99982575,25025,5775,ONGC,27-FEB-2025
2025-02-03 13:42:47.516875,ONGC27FEB25F,FUTSTK,242.45,16220050,242.45,242.65,99982575,23100,7700,ONGC,27-FEB-2025
2025-02-03 13:42:53.957091,ONGC27FEB25F,FUTSTK,242.65,16223900,242.55,242.65,99982575,1925,5775,ONGC,27-FEB-2025
2025-02-03 13:43:00.371546,ONGC27FEB25F,FUTSTK,242.65,16223900,242.55,242.65,99982575,1925,5775,ONGC,27-FEB-2025
2025-02-03 13:43:06.802858,ONGC27FEB25F,FUTSTK,242.4,16227750,242.4,242.6,99982575,17325,7700,ONGC,27-FEB-2025
2025-02-03 13:43:13.141390,ONGC27FEB25F,FUTSTK,242.4,16229675,242.4,242.6,99982575,17325,5775,ONGC,27-FEB-2025
2025-02-03 13:43:19.738011,ONGC27FEB25F,FUTSTK,242.4,16229675,242.4,242.55,99982575,15400,5775,ONGC,27-FEB-2025
2025-02-03 13:43:26.112298,ONGC27FEB25F,FUTSTK,242.4,16233525,242.35,242.55,100009525,21175,7700,ONGC,27-FEB-2025
2025-02-03 13:43:32.570289,ONGC27FEB25F,FUTSTK,242.45,16241225,242.4,242.45,100009525,1925,1925,ONGC,27-FEB-2025
2025-02-03 13:43:39.042248,ONGC27FEB25F,FUTSTK,242.4,16243150,242.4,242.45,100009525,3850,1925,ONGC,27-FEB-2025
2025-02-03 13:43:45.673878,ONGC27FEB25F,FUTSTK,242.45,16245075,242.45,242.5,100009525,5775,1925,ONGC,27-FEB-2025
2025-02-03 13:43:52.046364,ONGC27FEB25F,FUTSTK,242.45,16245075,242.45,242.5,100009525,5775,1925,ONGC,27-FEB-2025
2025-02-03 13:43:58.664684,ONGC27FEB25F,FUTSTK,242.4,16245075,242.45,242.5,100009525,5775,1925,ONGC,27-FEB-2025
2025-02-03 13:44:05.106813,ONGC27FEB25F,FUTSTK,242.4,16256625,242.25,242.45,100009525,19250,9625,ONGC,27-FEB-2025
2025-02-03 13:44:11.514649,ONGC27FEB25F,FUTSTK,242.4,16256625,242.25,242.45,100009525,19250,9625,ONGC,27-FEB-2025
2025-02-03 13:44:17.858176,ONGC27FEB25F,FUTSTK,242.2,16256625,242.25,242.45,100009525,19250,9625,ONGC,27-FEB-2025
2025-02-03 13:44:24.216071,ONGC27FEB25F,FUTSTK,242.3,16256625,242.25,242.45,100009525,19250,9625,ONGC,27-FEB-2025
2025-02-03 13:44:30.590624,ONGC27FEB25F,FUTSTK,242.2,16268175,242.2,242.4,100009525,5775,5775,ONGC,27-FEB-2025
2025-02-03 13:44:37.003797,ONGC27FEB25F,FUTSTK,242.4,16268175,242.2,242.4,100009525,5775,5775,ONGC,27-FEB-2025
2025-02-03 13:44:43.690580,ONGC27FEB25F,FUTSTK,242.4,16270100,242.2,242.4,100009525,7700,1925,ONGC,27-FEB-2025
2025-02-03 13:44:50.570522,ONGC27FEB25F,FUTSTK,242.35,16273950,242.25,242.4,100009525,17325,3850,ONGC,27-FEB-2025
2025-02-03 13:44:56.863615,ONGC27FEB25F,FUTSTK,242.35,16273950,242.25,242.4,100009525,17325,1925,ONGC,27-FEB-2025
2025-02-03 13:45:03.512921,ONGC27FEB25F,FUTSTK,242.45,16283575,242.3,242.5,100009525,11550,9625,ONGC,27-FEB-2025
2025-02-03 13:45:09.969216,ONGC27FEB25F,FUTSTK,242.3,16285500,242.35,242.5,100009525,9625,5775,ONGC,27-FEB-2025
2025-02-03 13:45:17.931817,ONGC27FEB25F,FUTSTK,242.3,16285500,242.35,242.5,100009525,9625,7700,ONGC,27-FEB-2025
2025-02-03 13:45:24.236705,ONGC27FEB25F,FUTSTK,242.3,16285500,242.35,242.5,100009525,9625,7700,ONGC,27-FEB-2025
2025-02-03 13:45:30.698340,ONGC27FEB25F,FUTSTK,242.5,16285500,242.35,242.5,100009525,9625,7700,ONGC,27-FEB-2025
2025-02-03 13:45:37.168483,ONGC27FEB25F,FUTSTK,242.6,16304750,242.5,242.6,100009525,3850,7700,ONGC,27-FEB-2025
2025-02-03 13:45:43.574498,ONGC27FEB25F,FUTSTK,242.5,16304750,242.5,242.6,100009525,3850,7700,ONGC,27-FEB-2025
2025-02-03 13:45:50.171044,ONGC27FEB25F,FUTSTK,242.55,16304750,242.5,242.6,100009525,3850,7700,ONGC,27-FEB-2025
2025-02-03 13:45:58.158653,ONGC27FEB25F,FUTSTK,242.45,16304750,242.5,242.6,100009525,3850,7700,ONGC,27-FEB-2025
2025-02-03 13:46:04.803411,ONGC27FEB25F,FUTSTK,242.45,16316300,242.4,242.6,100009525,3850,11550,ONGC,27-FEB-2025
2025-02-03 13:46:11.517452,ONGC27FEB25F,FUTSTK,242.35,16316300,242.4,242.6,100009525,3850,11550,ONGC,27-FEB-2025
2025-02-03 13:46:18.200862,ONGC27FEB25F,FUTSTK,242.35,16316300,242.4,242.6,100009525,3850,11550,ONGC,27-FEB-2025
2025-02-03 13:46:26.032605,ONGC27FEB25F,FUTSTK,242.4,16316300,242.4,242.6,100026850,3850,11550,ONGC,27-FEB-2025
2025-02-03 13:46:32.542317,ONGC27FEB25F,FUTSTK,242.4,16325925,242.35,242.5,100026850,5775,5775,ONGC,27-FEB-2025
2025-02-03 13:46:39.482012,ONGC27FEB25F,FUTSTK,242.35,16325925,242.35,242.5,100026850,5775,5775,ONGC,27-FEB-2025
2025-02-03 13:46:46.318643,ONGC27FEB25F,FUTSTK,242.65,16358650,242.55,242.7,100026850,21175,7700,ONGC,27-FEB-2025
2025-02-03 13:46:53.249638,ONGC27FEB25F,FUTSTK,242.65,16360575,242.55,242.7,100026850,19250,3850,ONGC,27-FEB-2025
2025-02-03 13:46:59.964463,ONGC27FEB25F,FUTSTK,242.7,16364425,242.6,242.7,100026850,3850,3850,ONGC,27-FEB-2025
2025-02-03 13:47:06.688596,ONGC27FEB25F,FUTSTK,242.7,16364425,242.6,242.7,100026850,3850,9625,ONGC,27-FEB-2025
2025-02-03 13:47:14.768233,ONGC27FEB25F,FUTSTK,242.6,16368275,242.55,242.7,100026850,3850,11550,ONGC,27-FEB-2025
2025-02-03 13:47:21.306336,ONGC27FEB25F,FUTSTK,242.6,16368275,242.55,242.7,100026850,3850,13475,ONGC,27-FEB-2025
2025-02-03 13:47:27.812968,ONGC27FEB25F,FUTSTK,242.7,16387525,242.65,242.75,100026850,3850,1925,ONGC,27-FEB-2025
2025-02-03 13:47:34.259052,ONGC27FEB25F,FUTSTK,242.75,16389450,242.65,242.7,100026850,1925,1925,ONGC,27-FEB-2025
2025-02-03 13:47:40.977297,ONGC27FEB25F,FUTSTK,242.65,16391375,242.6,242.75,100026850,21175,3850,ONGC,27-FEB-2025
2025-02-03 13:47:47.443259,ONGC27FEB25F,FUTSTK,242.6,16391375,242.6,242.75,100026850,7700,7700,ONGC,27-FEB-2025
2025-02-03 13:47:53.879440,ONGC27FEB25F,FUTSTK,242.7,16401000,242.65,242.75,100026850,17325,7700,ONGC,27-FEB-2025
2025-02-03 13:48:00.442756,ONGC27FEB25F,FUTSTK,242.7,16401000,242.6,242.75,100026850,13475,7700,ONGC,27-FEB-2025
2025-02-03 13:48:07.953000,ONGC27FEB25F,FUTSTK,242.7,16401000,242.6,242.75,100026850,15400,9625,ONGC,27-FEB-2025
2025-02-03 13:48:14.714984,ONGC27FEB25F,FUTSTK,242.6,16402925,242.6,242.7,100026850,3850,3850,ONGC,27-FEB-2025
2025-02-03 13:48:21.162985,ONGC27FEB25F,FUTSTK,242.6,16402925,242.6,242.7,100026850,5775,5775,ONGC,27-FEB-2025
2025-02-03 13:48:27.753542,ONGC27FEB25F,FUTSTK,242.6,16416400,242.6,242.7,100026850,1925,1925,ONGC,27-FEB-2025
2025-02-03 13:48:34.187952,ONGC27FEB25F,FUTSTK,242.7,16420250,242.65,242.7,100026850,1925,3850,ONGC,27-FEB-2025
2025-02-03 13:48:40.583121,ONGC27FEB25F,FUTSTK,242.8,16429875,242.7,242.8,100026850,5775,1925,ONGC,27-FEB-2025
2025-02-03 13:48:46.905128,ONGC27FEB25F,FUTSTK,242.8,16429875,242.7,242.8,100026850,5775,1925,ONGC,27-FEB-2025
2025-02-03 13:48:53.263084,ONGC27FEB25F,FUTSTK,242.7,16429875,242.7,242.8,100026850,5775,1925,ONGC,27-FEB-2025
2025-02-03 13:49:00.066771,ONGC27FEB25F,FUTSTK,242.7,16437575,242.65,242.8,100026850,7700,5775,ONGC,27-FEB-2025
2025-02-03 13:49:06.631628,ONGC27FEB25F,FUTSTK,242.75,16437575,242.65,242.8,100026850,7700,5775,ONGC,27-FEB-2025
2025-02-03 13:49:13.132532,ONGC27FEB25F,FUTSTK,242.85,16437575,242.65,242.8,100026850,7700,5775,ONGC,27-FEB-2025
2025-02-03 13:49:19.680965,ONGC27FEB25F,FUTSTK,242.7,16487625,242.55,242.75,100026850,17325,5775,ONGC,27-FEB-2025
2025-02-03 13:49:26.096485,ONGC27FEB25F,FUTSTK,242.75,16487625,242.55,242.75,100055725,17325,5775,ONGC,27-FEB-2025
2025-02-03 13:49:32.613917,ONGC27FEB25F,FUTSTK,242.6,16487625,242.55,242.75,100055725,17325,5775,ONGC,27-FEB-2025
2025-02-03 13:49:38.938541,ONGC27FEB25F,FUTSTK,242.75,16487625,242.55,242.75,100055725,17325,5775,ONGC,27-FEB-2025
2025-02-03 13:49:45.467946,ONGC27FEB25F,FUTSTK,242.7,16514575,242.6,242.75,100055725,5775,11550,ONGC,27-FEB-2025
2025-02-03 13:49:52.105453,ONGC27FEB25F,FUTSTK,242.8,16541525,242.65,242.75,100055725,5775,5775,ONGC,27-FEB-2025
2025-02-03 13:49:58.793089,ONGC27FEB25F,FUTSTK,242.65,16545375,242.65,242.75,100055725,1925,9625,ONGC,27-FEB-2025
2025-02-03 13:50:06.008356,ONGC27FEB25F,FUTSTK,242.55,16551150,242.55,242.7,100055725,11550,3850,ONGC,27-FEB-2025
2025-02-03 13:50:12.716542,ONGC27FEB25F,FUTSTK,242.55,16562700,242.55,242.7,100055725,1925,7700,ONGC,27-FEB-2025
2025-02-03 13:50:19.313889,ONGC27FEB25F,FUTSTK,242.75,16612750,242.7,242.85,100055725,21175,1925,ONGC,27-FEB-2025
2025-02-03 13:50:25.840513,ONGC27FEB25F,FUTSTK,242.7,16616600,242.7,242.8,100055725,3850,5775,ONGC,27-FEB-2025
2025-02-03 13:50:32.608774,ONGC27FEB25F,FUTSTK,242.6,16626225,242.55,242.7,100055725,9625,1925,ONGC,27-FEB-2025
2025-02-03 13:50:39.047779,ONGC27FEB25F,FUTSTK,242.85,16658950,242.7,242.85,100055725,9625,1925,ONGC,27-FEB-2025
2025-02-03 13:50:45.474854,ONGC27FEB25F,FUTSTK,242.75,16662800,242.7,242.85,100055725,11550,1925,ONGC,27-FEB-2025
2025-02-03 13:50:52.057491,ONGC27FEB25F,FUTSTK,242.8,16718625,242.75,242.85,100055725,9625,1925,ONGC,27-FEB-2025
2025-02-03 13:50:58.766945,ONGC27FEB25F,FUTSTK,242.75,16720550,242.75,242.8,100055725,3850,5775,ONGC,27-FEB-2025
2025-02-03 13:51:05.475633,ONGC27FEB25F,FUTSTK,242.8,16747500,242.75,242.8,100055725,1925,1925,ONGC,27-FEB-2025
2025-02-03 13:51:12.028660,ONGC27FEB25F,FUTSTK,242.75,16757125,242.7,242.8,100055725,1925,1925,ONGC,27-FEB-2025
2025-02-03 13:51:18.680980,ONGC27FEB25F,FUTSTK,242.7,16764825,242.65,242.75,100055725,3850,1925,ONGC,27-FEB-2025
2025-02-03 13:51:25.013071,ONGC27FEB25F,FUTSTK,242.7,16791775,242.6,242.75,100055725,11550,1925,ONGC,27-FEB-2025
2025-02-03 13:51:31.453217,ONGC27FEB25F,FUTSTK,242.6,16799475,242.6,242.7,100055725,1925,1925,ONGC,27-FEB-2025
2025-02-03 13:51:37.905607,ONGC27FEB25F,FUTSTK,242.4,16814875,242.35,242.55,100055725,9625,5775,ONGC,27-FEB-2025
2025-02-03 13:51:44.238989,ONGC27FEB25F,FUTSTK,242.5,16822575,242.35,242.5,100055725,11550,1925,ONGC,27-FEB-2025
2025-02-03 13:51:50.507746,ONGC27FEB25F,FUTSTK,242.5,16822575,242.35,242.45,100055725,1925,3850,ONGC,27-FEB-2025
2025-02-03 13:51:56.883606,ONGC27FEB25F,FUTSTK,242.55,16857225,242.5,242.6,100055725,3850,1925,ONGC,27-FEB-2025
2025-02-03 13:52:05.658859,ONGC27FEB25F,FUTSTK,242.5,16868775,242.3,242.5,100055725,9625,5775,ONGC,27-FEB-2025
2025-02-03 13:52:12.339100,ONGC27FEB25F,FUTSTK,242.2,16876475,242.15,242.3,100055725,7700,3850,ONGC,27-FEB-2025
2025-02-03 13:52:18.727638,ONGC27FEB25F,FUTSTK,242.15,16889950,242.15,242.3,100055725,1925,7700,ONGC,27-FEB-2025
2025-02-03 13:52:25.431496,ONGC27FEB25F,FUTSTK,242.15,16891875,242.05,242.2,100184700,3850,1925,ONGC,27-FEB-2025
2025-02-03 13:52:31.797705,ONGC27FEB25F,FUTSTK,242.3,16895725,242.15,242.3,100184700,1925,3850,ONGC,27-FEB-2025
2025-02-03 13:52:38.631916,ONGC27FEB25F,FUTSTK,242.15,16899575,242.1,242.25,100184700,9625,1925,ONGC,27-FEB-2025
2025-02-03 13:52:45.626909,ONGC27FEB25F,FUTSTK,242.25,16901500,242.1,242.3,100184700,11550,11550,ONGC,27-FEB-2025
2025-02-03 13:52:52.108407,ONGC27FEB25F,FUTSTK,242.25,16901500,242.15,242.3,100184700,5775,9625,ONGC,27-FEB-2025
2025-02-03 13:52:58.568033,ONGC27FEB25F,FUTSTK,242.25,16903425,242.15,242.3,100184700,5775,13475,ONGC,27-FEB-2025
2025-02-03 13:53:06.110086,ONGC27FEB25F,FUTSTK,242.4,16928450,242.25,242.4,100184700,11550,1925,ONGC,27-FEB-2025
2025-02-03 13:53:12.712244,ONGC27FEB25F,FUTSTK,242.4,16928450,242.3,242.45,100184700,9625,3850,ONGC,27-FEB-2025
2025-02-03 13:53:19.190664,ONGC27FEB25F,FUTSTK,242.5,16932300,242.35,242.45,100184700,1925,1925,ONGC,27-FEB-2025
2025-02-03 13:53:25.799296,ONGC27FEB25F,FUTSTK,242.35,16936150,242.3,242.5,100184700,5775,3850,ONGC,27-FEB-2025
2025-02-03 13:53:32.366190,ONGC27FEB25F,FUTSTK,242.5,16940000,242.4,242.5,100184700,1925,1925,ONGC,27-FEB-2025
2025-02-03 13:53:39.803627,ONGC27FEB25F,FUTSTK,242.3,16945775,242.25,242.45,100184700,17325,5775,ONGC,27-FEB-2025
2025-02-03 13:53:46.119007,ONGC27FEB25F,FUTSTK,242.4,16951550,242.3,242.45,100184700,11550,1925,ONGC,27-FEB-2025
2025-02-03 13:53:52.602231,ONGC27FEB25F,FUTSTK,242.4,16951550,242.3,242.45,100184700,7700,7700,ONGC,27-FEB-2025
2025-02-03 13:53:59.164859,ONGC27FEB25F,FUTSTK,242.4,16957325,242.3,242.45,100184700,1925,7700,ONGC,27-FEB-2025
2025-02-03 13:54:05.588259,ONGC27FEB25F,FUTSTK,242.25,16961175,242.2,242.35,100184700,5775,1925,ONGC,27-FEB-2025
2025-02-03 13:54:11.915353,ONGC27FEB25F,FUTSTK,242.35,16963100,242.2,242.35,100184700,3850,7700,ONGC,27-FEB-2025
2025-02-03 13:54:18.182617,ONGC27FEB25F,FUTSTK,242.2,16965025,242.2,242.3,100184700,3850,1925,ONGC,27-FEB-2025
2025-02-03 13:54:24.742683,ONGC27FEB25F,FUTSTK,242.35,16972725,242.25,242.35,100184700,1925,3850,ONGC,27-FEB-2025
2025-02-03 13:54:31.128176,ONGC27FEB25F,FUTSTK,242.3,16976575,242.2,242.35,100184700,9625,3850,ONGC,27-FEB-2025
2025-02-03 13:54:37.682295,ONGC27FEB25F,FUTSTK,242.35,16978500,242.2,242.35,100184700,11550,3850,ONGC,27-FEB-2025
2025-02-03 13:54:44.263125,ONGC27FEB25F,FUTSTK,242.4,16978500,242.3,242.4,100184700,3850,5775,ONGC,27-FEB-2025
2025-02-03 13:54:52.055760,ONGC27FEB25F,FUTSTK,242.45,16990050,242.3,242.45,100184700,1925,3850,ONGC,27-FEB-2025
2025-02-03 13:54:58.494626,ONGC27FEB25F,FUTSTK,242.45,16993900,242.3,242.45,100184700,5775,1925,ONGC,27-FEB-2025
2025-02-03 13:55:05.157237,ONGC27FEB25F,FUTSTK,242.35,16995825,242.25,242.35,100184700,11550,3850,ONGC,27-FEB-2025
2025-02-03 13:55:11.705489,ONGC27FEB25F,FUTSTK,242.3,17001600,242.2,242.3,100184700,1925,1925,ONGC,27-FEB-2025
2025-02-03 13:55:18.321954,ONGC27FEB25F,FUTSTK,242.45,17011225,242.25,242.45,100184700,5775,5775,ONGC,27-FEB-2025
2025-02-03 13:55:25.077898,ONGC27FEB25F,FUTSTK,242.45,17011225,242.25,242.45,100184700,3850,11550,ONGC,27-FEB-2025
2025-02-03 13:55:31.584060,ONGC27FEB25F,FUTSTK,242.4,17015075,242.2,242.4,100215500,3850,7700,ONGC,27-FEB-2025
2025-02-03 13:55:37.933230,ONGC27FEB25F,FUTSTK,242.4,17015075,242.25,242.4,100215500,3850,3850,ONGC,27-FEB-2025
2025-02-03 13:55:44.444472,ONGC27FEB25F,FUTSTK,242.4,17015075,242.25,242.4,100215500,5775,5775,ONGC,27-FEB-2025
2025-02-03 13:55:50.997841,ONGC27FEB25F,FUTSTK,242.4,17015075,242.25,242.35,100215500,3850,5775,ONGC,27-FEB-2025
2025-02-03 13:55:57.323705,ONGC27FEB25F,FUTSTK,242.1,17042025,242.15,242.3,100215500,7700,9625,ONGC,27-FEB-2025
2025-02-03 13:56:03.670876,ONGC27FEB25F,FUTSTK,242.3,17047800,242.15,242.3,100215500,5775,3850,ONGC,27-FEB-2025
2025-02-03 13:56:10.035541,ONGC27FEB25F,FUTSTK,242.3,17047800,242.15,242.3,100215500,9625,3850,ONGC,27-FEB-2025
2025-02-03 13:56:16.489619,ONGC27FEB25F,FUTSTK,242.3,17049725,242.2,242.35,100215500,7700,1925,ONGC,27-FEB-2025
2025-02-03 13:56:23.061060,ONGC27FEB25F,FUTSTK,242.3,17049725,242.25,242.4,100215500,5775,7700,ONGC,27-FEB-2025
2025-02-03 13:56:29.656241,ONGC27FEB25F,FUTSTK,242.25,17051650,242.15,242.3,100215500,3850,11550,ONGC,27-FEB-2025
2025-02-03 13:56:36.146184,ONGC27FEB25F,FUTSTK,242.25,17051650,242.15,242.3,100215500,1925,9625,ONGC,27-FEB-2025
2025-02-03 13:56:42.414459,ONGC27FEB25F,FUTSTK,242.25,17051650,242.15,242.3,100215500,1925,9625,ONGC,27-FEB-2025
2025-02-03 13:56:49.001142,ONGC27FEB25F,FUTSTK,242.15,17051650,242.15,242.3,100215500,1925,9625,ONGC,27-FEB-2025
2025-02-03 13:56:55.417925,ONGC27FEB25F,FUTSTK,242.1,17051650,242.15,242.3,100215500,1925,9625,ONGC,27-FEB-2025
2025-02-03 13:57:01.895863,ONGC27FEB25F,FUTSTK,242.1,17055500,242.1,242.25,100215500,3850,3850,ONGC,27-FEB-2025
2025-02-03 13:57:08.295504,ONGC27FEB25F,FUTSTK,242.1,17055500,242.1,242.25,100215500,3850,3850,ONGC,27-FEB-2025
2025-02-03 13:57:14.867053,ONGC27FEB25F,FUTSTK,242.1,17055500,242.1,242.25,100215500,3850,3850,ONGC,27-FEB-2025
2025-02-03 13:57:21.623502,ONGC27FEB25F,FUTSTK,242.25,17055500,242.1,242.25,100215500,3850,3850,ONGC,27-FEB-2025
2025-02-03 13:57:28.448309,ONGC27FEB25F,FUTSTK,242.25,17061275,242.1,242.3,100215500,5775,5775,ONGC,27-FEB-2025
2025-02-03 13:57:35.167733,ONGC27FEB25F,FUTSTK,242.15,17061275,242.1,242.3,100215500,5775,5775,ONGC,27-FEB-2025
2025-02-03 13:57:41.562968,ONGC27FEB25F,FUTSTK,242.15,17068975,242.15,242.3,100215500,1925,19250,ONGC,27-FEB-2025
2025-02-03 13:57:47.913130,ONGC27FEB25F,FUTSTK,242.2,17072825,242.1,242.25,100215500,3850,11550,ONGC,27-FEB-2025
2025-02-03 13:57:54.236629,ONGC27FEB25F,FUTSTK,242.1,17076675,242.1,242.25,100215500,1925,11550,ONGC,27-FEB-2025
2025-02-03 13:58:00.975598,ONGC27FEB25F,FUTSTK,242.1,17076675,242.1,242.2,100215500,1925,5775,ONGC,27-FEB-2025
2025-02-03 13:58:07.459084,ONGC27FEB25F,FUTSTK,242.15,17078600,242.05,242.15,100215500,3850,1925,ONGC,27-FEB-2025
2025-02-03 13:58:13.913687,ONGC27FEB25F,FUTSTK,242.15,17080525,242.05,242.2,100215500,1925,9625,ONGC,27-FEB-2025
2025-02-03 13:58:20.754105,ONGC27FEB25F,FUTSTK,242.15,17080525,242.05,242.15,100215500,1925,1925,ONGC,27-FEB-2025
2025-02-03 13:58:27.813381,ONGC27FEB25F,FUTSTK,242.15,17092075,242.15,242.25,100169300,1925,7700,ONGC,27-FEB-2025
2025-02-03 13:58:34.980802,ONGC27FEB25F,FUTSTK,242.15,17092075,242.15,242.25,100169300,1925,3850,ONGC,27-FEB-2025
2025-02-03 13:58:41.619495,ONGC27FEB25F,FUTSTK,242.15,17092075,242.15,242.25,100169300,1925,1925,ONGC,27-FEB-2025
2025-02-03 13:58:48.358217,ONGC27FEB25F,FUTSTK,242.15,17092075,242.15,242.25,100169300,1925,5775,ONGC,27-FEB-2025
2025-02-03 13:58:55.759453,ONGC27FEB25F,FUTSTK,242.15,17092075,242.15,242.25,100169300,1925,5775,ONGC,27-FEB-2025
2025-02-03 13:59:02.256535,ONGC27FEB25F,FUTSTK,242.15,17092075,242.15,242.25,100169300,1925,9625,ONGC,27-FEB-2025
2025-02-03 13:59:08.629692,ONGC27FEB25F,FUTSTK,242.15,17092075,242.15,242.25,100169300,1925,9625,ONGC,27-FEB-2025
2025-02-03 13:59:15.075411,ONGC27FEB25F,FUTSTK,242.15,17094000,242.05,242.2,100169300,5775,3850,ONGC,27-FEB-2025
2025-02-03 13:59:21.601381,ONGC27FEB25F,FUTSTK,242.15,17099775,242.1,242.25,100169300,1925,5775,ONGC,27-FEB-2025
2025-02-03 13:59:28.134271,ONGC27FEB25F,FUTSTK,242.15,17099775,242.05,242.25,100169300,5775,5775,ONGC,27-FEB-2025
2025-02-03 13:59:34.374057,ONGC27FEB25F,FUTSTK,242.15,17099775,242.05,242.25,100169300,5775,19250,ONGC,27-FEB-2025
2025-02-03 13:59:41.866116,ONGC27FEB25F,FUTSTK,242.25,17103625,242.05,242.25,100169300,9625,3850,ONGC,27-FEB-2025
2025-02-03 13:59:48.470644,ONGC27FEB25F,FUTSTK,242.25,17103625,242.05,242.2,100169300,7700,3850,ONGC,27-FEB-2025
2025-02-03 13:59:55.116339,ONGC27FEB25F,FUTSTK,242.25,17103625,242.05,242.2,100169300,7700,1925,ONGC,27-FEB-2025
2025-02-03 14:00:01.675797,ONGC27FEB25F,FUTSTK,242.1,17105550,242.1,242.2,100169300,1925,7700,ONGC,27-FEB-2025
2025-02-03 14:00:08.215353,ONGC27FEB25F,FUTSTK,242.0,17109400,242.0,242.15,100169300,17325,1925,ONGC,27-FEB-2025
2025-02-03 14:00:14.761357,ONGC27FEB25F,FUTSTK,242.0,17111325,242.05,242.2,100169300,7700,1925,ONGC,27-FEB-2025
2025-02-03 14:00:21.295572,ONGC27FEB25F,FUTSTK,242.2,17113250,242.05,242.2,100169300,5775,1925,ONGC,27-FEB-2025
2025-02-03 14:00:28.675177,ONGC27FEB25F,FUTSTK,242.2,17113250,242.1,242.25,100169300,3850,5775,ONGC,27-FEB-2025
2025-02-03 14:00:35.121548,ONGC27FEB25F,FUTSTK,242.2,17113250,242.1,242.2,100169300,5775,5775,ONGC,27-FEB-2025
2025-02-03 14:00:41.899339,ONGC27FEB25F,FUTSTK,242.2,17119025,242.1,242.25,100169300,5775,5775,ONGC,27-FEB-2025
2025-02-03 14:00:49.354826,ONGC27FEB25F,FUTSTK,242.2,17126725,242.15,242.25,100169300,1925,7700,ONGC,27-FEB-2025
2025-02-03 14:00:58.386711,ONGC27FEB25F,FUTSTK,242.25,17128650,242.15,242.3,100169300,3850,5775,ONGC,27-FEB-2025
2025-02-03 14:01:04.871270,ONGC27FEB25F,FUTSTK,242.3,17130575,242.15,242.3,100169300,3850,5775,ONGC,27-FEB-2025
2025-02-03 14:01:11.340441,ONGC27FEB25F,FUTSTK,242.3,17138275,242.2,242.35,100169300,3850,3850,ONGC,27-FEB-2025
2025-02-03 14:01:18.219650,ONGC27FEB25F,FUTSTK,242.3,17138275,242.2,242.35,100169300,5775,3850,ONGC,27-FEB-2025
2025-02-03 14:01:24.859078,ONGC27FEB25F,FUTSTK,242.3,17138275,242.2,242.35,100169300,3850,7700,ONGC,27-FEB-2025
2025-02-03 14:01:31.673951,ONGC27FEB25F,FUTSTK,242.3,17140200,242.2,242.3,100167375,3850,5775,ONGC,27-FEB-2025
2025-02-03 14:01:38.377523,ONGC27FEB25F,FUTSTK,242.3,17144050,242.2,242.35,100167375,5775,3850,ONGC,27-FEB-2025
2025-02-03 14:01:45.904814,ONGC27FEB25F,FUTSTK,242.2,17145975,242.2,242.35,100167375,1925,5775,ONGC,27-FEB-2025
2025-02-03 14:01:52.605048,ONGC27FEB25F,FUTSTK,242.3,17147900,242.25,242.35,100167375,1925,5775,ONGC,27-FEB-2025
2025-02-03 14:01:59.266513,ONGC27FEB25F,FUTSTK,242.2,17147900,242.25,242.35,100167375,1925,5775,ONGC,27-FEB-2025
2025-02-03 14:02:05.719748,ONGC27FEB25F,FUTSTK,242.2,17147900,242.25,242.35,100167375,1925,5775,ONGC,27-FEB-2025
2025-02-03 14:02:12.348743,ONGC27FEB25F,FUTSTK,242.3,17147900,242.25,242.35,100167375,1925,5775,ONGC,27-FEB-2025
2025-02-03 14:02:19.240349,ONGC27FEB25F,FUTSTK,242.3,17163300,242.2,242.3,100167375,3850,1925,ONGC,27-FEB-2025
2025-02-03 14:02:26.015319,ONGC27FEB25F,FUTSTK,242.3,17163300,242.2,242.3,100167375,3850,1925,ONGC,27-FEB-2025
2025-02-03 14:02:32.663208,ONGC27FEB25F,FUTSTK,242.2,17163300,242.2,242.3,100167375,3850,1925,ONGC,27-FEB-2025
2025-02-03 14:02:39.233274,ONGC27FEB25F,FUTSTK,242.3,17163300,242.2,242.3,100167375,3850,1925,ONGC,27-FEB-2025
2025-02-03 14:02:45.881364,ONGC27FEB25F,FUTSTK,242.35,17184475,242.25,242.35,100167375,1925,3850,ONGC,27-FEB-2025
2025-02-03 14:02:52.636977,ONGC27FEB25F,FUTSTK,242.35,17186400,242.25,242.35,100167375,3850,1925,ONGC,27-FEB-2025
2025-02-03 14:02:59.164504,ONGC27FEB25F,FUTSTK,242.35,17192175,242.25,242.35,100167375,5775,1925,ONGC,27-FEB-2025
2025-02-03 14:03:05.878869,ONGC27FEB25F,FUTSTK,242.35,17194100,242.3,242.4,100167375,5775,5775,ONGC,27-FEB-2025
2025-02-03 14:03:12.454041,ONGC27FEB25F,FUTSTK,242.5,17209500,242.4,242.55,100167375,5775,1925,ONGC,27-FEB-2025
2025-02-03 14:03:18.928286,ONGC27FEB25F,FUTSTK,242.6,17219125,242.5,242.6,100167375,7700,1925,ONGC,27-FEB-2025
2025-02-03 14:03:25.587884,ONGC27FEB25F,FUTSTK,242.6,17221050,242.5,242.6,100167375,5775,1925,ONGC,27-FEB-2025
2025-02-03 14:03:32.233786,ONGC27FEB25F,FUTSTK,242.65,17222975,242.5,242.6,100167375,5775,1925,ONGC,27-FEB-2025
2025-02-03 14:03:39.041334,ONGC27FEB25F,FUTSTK,242.5,17228750,242.45,242.6,100167375,3850,11550,ONGC,27-FEB-2025
2025-02-03 14:03:45.661838,ONGC27FEB25F,FUTSTK,242.45,17234525,242.45,242.55,100167375,1925,17325,ONGC,27-FEB-2025
2025-02-03 14:03:52.159108,ONGC27FEB25F,FUTSTK,242.35,17242225,242.25,242.35,100167375,1925,1925,ONGC,27-FEB-2025
2025-02-03 14:03:59.225473,ONGC27FEB25F,FUTSTK,242.25,17244150,242.15,242.3,100167375,3850,1925,ONGC,27-FEB-2025
2025-02-03 14:04:05.835888,ONGC27FEB25F,FUTSTK,242.25,17244150,242.15,242.3,100167375,3850,1925,ONGC,27-FEB-2025
2025-02-03 14:04:12.338726,ONGC27FEB25F,FUTSTK,242.15,17246075,242.15,242.25,100167375,5775,3850,ONGC,27-FEB-2025
2025-02-03 14:04:19.207225,ONGC27FEB25F,FUTSTK,242.1,17248000,242.1,242.25,100167375,26950,3850,ONGC,27-FEB-2025
2025-02-03 14:04:25.818358,ONGC27FEB25F,FUTSTK,242.2,17251850,242.15,242.25,100136575,3850,3850,ONGC,27-FEB-2025
2025-02-03 14:04:32.498318,ONGC27FEB25F,FUTSTK,242.45,17259550,242.3,242.5,100136575,1925,21175,ONGC,27-FEB-2025
2025-02-03 14:04:38.912220,ONGC27FEB25F,FUTSTK,242.45,17259550,242.3,242.5,100136575,7700,17325,ONGC,27-FEB-2025
2025-02-03 14:04:45.396933,ONGC27FEB25F,FUTSTK,242.35,17261475,242.35,242.5,100136575,3850,5775,ONGC,27-FEB-2025
2025-02-03 14:04:52.285241,ONGC27FEB25F,FUTSTK,242.35,17261475,242.35,242.5,100136575,5775,3850,ONGC,27-FEB-2025
2025-02-03 14:04:58.935353,ONGC27FEB25F,FUTSTK,242.35,17265325,242.35,242.5,100136575,1925,5775,ONGC,27-FEB-2025
2025-02-03 14:05:05.606740,ONGC27FEB25F,FUTSTK,242.35,17267250,242.3,242.4,100136575,3850,3850,ONGC,27-FEB-2025
2025-02-03 14:05:12.188737,ONGC27FEB25F,FUTSTK,242.3,17269175,242.3,242.4,100136575,1925,3850,ONGC,27-FEB-2025
2025-02-03 14:05:18.568047,ONGC27FEB25F,FUTSTK,242.4,17273025,242.35,242.5,100136575,11550,1925,ONGC,27-FEB-2025
2025-02-03 14:05:24.917560,ONGC27FEB25F,FUTSTK,242.55,17273025,242.4,242.55,100136575,1925,3850,ONGC,27-FEB-2025
2025-02-03 14:05:31.521283,ONGC27FEB25F,FUTSTK,242.6,17282650,242.55,242.65,100136575,1925,3850,ONGC,27-FEB-2025
2025-02-03 14:05:38.062273,ONGC27FEB25F,FUTSTK,242.55,17284575,242.45,242.6,100136575,3850,3850,ONGC,27-FEB-2025
2025-02-03 14:05:44.928848,ONGC27FEB25F,FUTSTK,242.55,17284575,242.4,242.55,100136575,13475,3850,ONGC,27-FEB-2025
2025-02-03 14:05:51.699318,ONGC27FEB25F,FUTSTK,242.55,17290350,242.5,242.65,100136575,1925,3850,ONGC,27-FEB-2025
2025-02-03 14:05:58.531886,ONGC27FEB25F,FUTSTK,242.5,17292275,242.5,242.65,100136575,1925,5775,ONGC,27-FEB-2025
2025-02-03 14:06:05.527342,ONGC27FEB25F,FUTSTK,242.6,17298050,242.45,242.6,100136575,1925,5775,ONGC,27-FEB-2025
2025-02-03 14:06:12.188012,ONGC27FEB25F,FUTSTK,242.6,17298050,242.45,242.6,100136575,1925,3850,ONGC,27-FEB-2025
2025-02-03 14:06:18.626014,ONGC27FEB25F,FUTSTK,242.6,17298050,242.5,242.65,100136575,1925,3850,ONGC,27-FEB-2025
2025-02-03 14:06:25.113023,ONGC27FEB25F,FUTSTK,242.6,17298050,242.5,242.65,100136575,11550,5775,ONGC,27-FEB-2025
2025-02-03 14:06:31.722145,ONGC27FEB25F,FUTSTK,242.75,17315375,242.65,242.75,100136575,1925,1925,ONGC,27-FEB-2025
2025-02-03 14:06:38.339126,ONGC27FEB25F,FUTSTK,242.75,17326925,242.7,242.8,100136575,3850,3850,ONGC,27-FEB-2025
2025-02-03 14:06:44.873106,ONGC27FEB25F,FUTSTK,242.8,17332700,242.7,242.8,100136575,1925,1925,ONGC,27-FEB-2025
2025-02-03 14:06:51.527902,ONGC27FEB25F,FUTSTK,242.7,17336550,242.6,242.8,100136575,11550,3850,ONGC,27-FEB-2025
2025-02-03 14:06:58.129772,ONGC27FEB25F,FUTSTK,242.6,17340400,242.6,242.75,100136575,11550,1925,ONGC,27-FEB-2025
2025-02-03 14:07:05.070753,ONGC27FEB25F,FUTSTK,242.6,17340400,242.6,242.75,100136575,15400,1925,ONGC,27-FEB-2025
2025-02-03 14:07:11.973269,ONGC27FEB25F,FUTSTK,242.6,17340400,242.6,242.75,100136575,15400,3850,ONGC,27-FEB-2025
2025-02-03 14:07:18.907353,ONGC27FEB25F,FUTSTK,242.6,17340400,242.6,242.75,100136575,11550,5775,ONGC,27-FEB-2025
2025-02-03 14:07:27.047797,ONGC27FEB25F,FUTSTK,242.75,17346175,242.6,242.75,100173150,15400,1925,ONGC,27-FEB-2025
2025-02-03 14:07:33.603165,ONGC27FEB25F,FUTSTK,242.6,17348100,242.6,242.7,100173150,11550,1925,ONGC,27-FEB-2025
2025-02-03 14:07:40.195306,ONGC27FEB25F,FUTSTK,242.7,17351950,242.6,242.75,100173150,11550,1925,ONGC,27-FEB-2025
2025-02-03 14:07:46.848182,ONGC27FEB25F,FUTSTK,242.75,17353875,242.6,242.75,100173150,15400,1925,ONGC,27-FEB-2025
2025-02-03 14:07:53.366852,ONGC27FEB25F,FUTSTK,242.7,17357725,242.65,242.8,100173150,15400,1925,ONGC,27-FEB-2025
2025-02-03 14:07:59.915704,ONGC27FEB25F,FUTSTK,242.85,17390450,242.7,242.85,100173150,23100,1925,ONGC,27-FEB-2025
2025-02-03 14:08:06.339235,ONGC27FEB25F,FUTSTK,242.85,17394300,242.7,242.8,100173150,1925,7700,ONGC,27-FEB-2025
2025-02-03 14:08:12.970806,ONGC27FEB25F,FUTSTK,242.8,17396225,242.7,242.8,100173150,1925,7700,ONGC,27-FEB-2025
2025-02-03 14:08:19.349097,ONGC27FEB25F,FUTSTK,242.75,17402000,242.7,242.8,100173150,1925,3850,ONGC,27-FEB-2025
2025-02-03 14:08:25.757041,ONGC27FEB25F,FUTSTK,242.75,17402000,242.7,242.8,100173150,1925,3850,ONGC,27-FEB-2025
2025-02-03 14:08:32.420137,ONGC27FEB25F,FUTSTK,242.7,17403925,242.7,242.8,100173150,9625,1925,ONGC,27-FEB-2025
2025-02-03 14:08:38.956554,ONGC27FEB25F,FUTSTK,242.7,17405850,242.7,242.8,100173150,7700,1925,ONGC,27-FEB-2025
2025-02-03 14:08:45.581895,ONGC27FEB25F,FUTSTK,242.8,17407775,242.75,242.9,100173150,7700,1925,ONGC,27-FEB-2025
2025-02-03 14:08:52.187410,ONGC27FEB25F,FUTSTK,242.8,17438575,242.75,242.9,100173150,11550,3850,ONGC,27-FEB-2025
2025-02-03 14:08:58.745204,ONGC27FEB25F,FUTSTK,242.9,17482850,242.8,242.9,100173150,7700,1925,ONGC,27-FEB-2025
2025-02-03 14:09:05.386928,ONGC27FEB25F,FUTSTK,242.85,17529050,242.8,242.95,100173150,13475,3850,ONGC,27-FEB-2025
2025-02-03 14:09:12.174730,ONGC27FEB25F,FUTSTK,242.95,17540600,242.85,242.95,100173150,7700,3850,ONGC,27-FEB-2025
2025-02-03 14:09:18.698972,ONGC27FEB25F,FUTSTK,242.95,17542525,242.85,242.95,100173150,11550,5775,ONGC,27-FEB-2025
2025-02-03 14:09:25.333088,ONGC27FEB25F,FUTSTK,242.95,17592575,242.9,243.1,100173150,25025,5775,ONGC,27-FEB-2025
2025-02-03 14:09:31.752539,ONGC27FEB25F,FUTSTK,242.95,17600275,242.95,243.05,100173150,9625,1925,ONGC,27-FEB-2025
2025-02-03 14:09:38.517468,ONGC27FEB25F,FUTSTK,243.05,17652250,243.0,243.1,100173150,11550,1925,ONGC,27-FEB-2025
2025-02-03 14:09:45.156672,ONGC27FEB25F,FUTSTK,242.95,17671500,242.85,242.95,100173150,9625,3850,ONGC,27-FEB-2025
2025-02-03 14:09:51.629705,ONGC27FEB25F,FUTSTK,242.9,17696525,242.85,242.95,100173150,11550,1925,ONGC,27-FEB-2025
2025-02-03 14:09:58.125498,ONGC27FEB25F,FUTSTK,242.9,17713850,242.8,242.95,100173150,5775,19250,ONGC,27-FEB-2025
2025-02-03 14:10:04.641849,ONGC27FEB25F,FUTSTK,242.8,17719625,242.75,242.8,100173150,5775,1925,ONGC,27-FEB-2025
2025-02-03 14:10:11.153677,ONGC27FEB25F,FUTSTK,242.6,17729250,242.55,242.75,100173150,1925,5775,ONGC,27-FEB-2025
2025-02-03 14:10:17.622594,ONGC27FEB25F,FUTSTK,242.75,17740800,242.65,242.8,100173150,5775,1925,ONGC,27-FEB-2025
2025-02-03 14:10:24.677624,ONGC27FEB25F,FUTSTK,242.8,17742725,242.7,242.85,100173150,3850,1925,ONGC,27-FEB-2025
2025-02-03 14:10:31.148643,ONGC27FEB25F,FUTSTK,242.8,17744650,242.65,242.8,100434950,3850,1925,ONGC,27-FEB-2025
2025-02-03 14:10:37.864150,ONGC27FEB25F,FUTSTK,242.65,17746575,242.6,242.75,100434950,1925,5775,ONGC,27-FEB-2025
2025-02-03 14:10:44.499000,ONGC27FEB25F,FUTSTK,242.75,17748500,242.65,242.75,100434950,1925,5775,ONGC,27-FEB-2025
2025-02-03 14:10:51.635782,ONGC27FEB25F,FUTSTK,242.75,17756200,242.7,242.75,100434950,1925,1925,ONGC,27-FEB-2025
2025-02-03 14:10:57.989788,ONGC27FEB25F,FUTSTK,242.75,17760050,242.65,242.75,100434950,3850,1925,ONGC,27-FEB-2025
2025-02-03 14:11:04.402633,ONGC27FEB25F,FUTSTK,242.8,17761975,242.65,242.8,100434950,9625,1925,ONGC,27-FEB-2025
2025-02-03 14:11:10.919183,ONGC27FEB25F,FUTSTK,242.75,17763900,242.65,242.8,100434950,11550,1925,ONGC,27-FEB-2025
2025-02-03 14:11:17.371689,ONGC27FEB25F,FUTSTK,242.95,17787000,242.8,242.9,100434950,3850,5775,ONGC,27-FEB-2025
2025-02-03 14:11:23.722326,ONGC27FEB25F,FUTSTK,242.85,17792775,242.7,242.9,100434950,5775,17325,ONGC,27-FEB-2025
2025-02-03 14:11:30.019813,ONGC27FEB25F,FUTSTK,242.75,17796625,242.7,242.8,100434950,1925,5775,ONGC,27-FEB-2025
2025-02-03 14:11:36.373864,ONGC27FEB25F,FUTSTK,242.75,17800475,242.65,242.75,100434950,1925,3850,ONGC,27-FEB-2025
2025-02-03 14:11:42.768173,ONGC27FEB25F,FUTSTK,242.8,17808175,242.7,242.9,100434950,3850,13475,ONGC,27-FEB-2025
2025-02-03 14:11:49.117140,ONGC27FEB25F,FUTSTK,242.75,17812025,242.75,242.85,100434950,5775,3850,ONGC,27-FEB-2025
2025-02-03 14:11:55.466249,ONGC27FEB25F,FUTSTK,242.95,17815875,242.85,242.9,100434950,1925,1925,ONGC,27-FEB-2025
2025-02-03 14:12:03.265323,ONGC27FEB25F,FUTSTK,242.95,17819725,242.85,242.95,100434950,7700,3850,ONGC,27-FEB-2025
2025-02-03 14:12:09.684076,ONGC27FEB25F,FUTSTK,243.1,17860150,243.0,243.1,100434950,1925,1925,ONGC,27-FEB-2025
2025-02-03 14:12:16.213480,ONGC27FEB25F,FUTSTK,243.1,17881325,243.0,243.1,100434950,1925,3850,ONGC,27-FEB-2025
2025-02-03 14:12:22.567464,ONGC27FEB25F,FUTSTK,243.05,17892875,243.0,243.1,100434950,5775,1925,ONGC,27-FEB-2025
2025-02-03 14:12:29.126965,ONGC27FEB25F,FUTSTK,243.05,17894800,243.0,243.05,100434950,5775,5775,ONGC,27-FEB-2025
2025-02-03 14:12:35.569249,ONGC27FEB25F,FUTSTK,243.05,17906350,242.95,243.05,100434950,3850,5775,ONGC,27-FEB-2025
2025-02-03 14:12:42.019830,ONGC27FEB25F,FUTSTK,243.05,17919825,242.95,243.05,100434950,3850,1925,ONGC,27-FEB-2025
2025-02-03 14:12:48.526007,ONGC27FEB25F,FUTSTK,243.05,17919825,243.0,243.05,100434950,1925,1925,ONGC,27-FEB-2025
2025-02-03 14:12:54.832102,ONGC27FEB25F,FUTSTK,243.05,17931375,243.0,243.1,100434950,5775,5775,ONGC,27-FEB-2025
2025-02-03 14:13:01.325843,ONGC27FEB25F,FUTSTK,243.05,17931375,243.0,243.1,100434950,7700,5775,ONGC,27-FEB-2025
2025-02-03 14:13:07.600670,ONGC27FEB25F,FUTSTK,243.05,17946775,243.0,243.1,100434950,5775,9625,ONGC,27-FEB-2025
2025-02-03 14:13:14.219278,ONGC27FEB25F,FUTSTK,243.0,17948700,243.0,243.1,100434950,5775,7700,ONGC,27-FEB-2025
2025-02-03 14:13:20.576908,ONGC27FEB25F,FUTSTK,243.0,17952550,243.0,243.05,100434950,5775,5775,ONGC,27-FEB-2025
2025-02-03 14:13:26.992615,ONGC27FEB25F,FUTSTK,242.9,17964100,242.9,243.0,100581250,1925,1925,ONGC,27-FEB-2025
2025-02-03 14:13:33.469710,ONGC27FEB25F,FUTSTK,242.9,17964100,242.9,243.0,100581250,3850,3850,ONGC,27-FEB-2025
2025-02-03 14:13:40.266719,ONGC27FEB25F,FUTSTK,242.95,17966025,242.9,243.0,100581250,5775,1925,ONGC,27-FEB-2025
2025-02-03 14:13:46.807203,ONGC27FEB25F,FUTSTK,243.0,17966025,242.9,243.0,100581250,5775,1925,ONGC,27-FEB-2025
2025-02-03 14:13:53.126898,ONGC27FEB25F,FUTSTK,243.0,17967950,242.9,243.0,100581250,5775,1925,ONGC,27-FEB-2025
2025-02-03 14:13:59.590493,ONGC27FEB25F,FUTSTK,243.0,17985275,242.9,243.0,100581250,1925,1925,ONGC,27-FEB-2025
2025-02-03 14:14:06.075387,ONGC27FEB25F,FUTSTK,243.0,17985275,242.9,243.0,100581250,1925,1925,ONGC,27-FEB-2025
2025-02-03 14:14:12.288538,ONGC27FEB25F,FUTSTK,242.95,17987200,242.9,242.95,100581250,3850,1925,ONGC,27-FEB-2025
2025-02-03 14:14:18.860145,ONGC27FEB25F,FUTSTK,242.8,17994900,242.75,242.95,100581250,5775,11550,ONGC,27-FEB-2025
2025-02-03 14:14:25.137973,ONGC27FEB25F,FUTSTK,242.9,18000675,242.75,242.95,100581250,1925,11550,ONGC,27-FEB-2025
2025-02-03 14:14:31.588721,ONGC27FEB25F,FUTSTK,242.8,18004525,242.8,242.9,100581250,3850,1925,ONGC,27-FEB-2025
2025-02-03 14:14:38.194900,ONGC27FEB25F,FUTSTK,242.9,18021850,242.85,242.95,100581250,1925,1925,ONGC,27-FEB-2025
2025-02-03 14:14:44.505210,ONGC27FEB25F,FUTSTK,242.95,18029550,242.9,242.95,100581250,1925,3850,ONGC,27-FEB-2025
2025-02-03 14:14:50.896037,ONGC27FEB25F,FUTSTK,242.95,18046875,242.9,243.0,100581250,3850,7700,ONGC,27-FEB-2025
2025-02-03 14:14:56.985916,ONGC27FEB25F,FUTSTK,242.9,18052650,242.8,242.95,100581250,5775,1925,ONGC,27-FEB-2025
2025-02-03 14:15:03.324313,ONGC27FEB25F,FUTSTK,242.75,18068050,242.7,242.8,100581250,3850,1925,ONGC,27-FEB-2025
2025-02-03 14:15:09.640180,ONGC27FEB25F,FUTSTK,242.85,18071900,242.75,242.85,100581250,19250,1925,ONGC,27-FEB-2025
2025-02-03 14:15:15.996442,ONGC27FEB25F,FUTSTK,242.9,18075750,242.75,242.9,100581250,19250,3850,ONGC,27-FEB-2025
2025-02-03 14:15:22.417709,ONGC27FEB25F,FUTSTK,242.9,18081525,242.8,242.95,100581250,1925,1925,ONGC,27-FEB-2025
2025-02-03 14:15:28.813679,ONGC27FEB25F,FUTSTK,242.9,18081525,242.75,242.85,100581250,17325,3850,ONGC,27-FEB-2025
2025-02-03 14:15:35.155085,ONGC27FEB25F,FUTSTK,242.9,18087300,242.8,242.95,100581250,3850,5775,ONGC,27-FEB-2025
2025-02-03 14:15:41.530617,ONGC27FEB25F,FUTSTK,242.9,18100775,242.9,243.05,100581250,5775,5775,ONGC,27-FEB-2025
2025-02-03 14:15:47.688534,ONGC27FEB25F,FUTSTK,242.9,18102700,242.9,243.0,100581250,7700,1925,ONGC,27-FEB-2025
2025-02-03 14:15:54.032739,ONGC27FEB25F,FUTSTK,243.1,18131575,243.0,243.1,100581250,19250,1925,ONGC,27-FEB-2025
2025-02-03 14:16:00.437682,ONGC27FEB25F,FUTSTK,243.05,18137350,243.0,243.1,100581250,21175,1925,ONGC,27-FEB-2025
2025-02-03 14:16:06.904254,ONGC27FEB25F,FUTSTK,243.05,18145050,243.0,243.05,100581250,19250,1925,ONGC,27-FEB-2025
2025-02-03 14:16:13.207514,ONGC27FEB25F,FUTSTK,243.15,18154675,243.0,243.15,100581250,19250,23100,ONGC,27-FEB-2025
2025-02-03 14:16:19.746838,ONGC27FEB25F,FUTSTK,243.15,18154675,243.0,243.15,100581250,19250,23100,ONGC,27-FEB-2025
2025-02-03 14:16:26.001939,ONGC27FEB25F,FUTSTK,243.0,18173925,242.9,243.0,100685200,1925,1925,ONGC,27-FEB-2025
2025-02-03 14:16:32.358741,ONGC27FEB25F,FUTSTK,242.95,18177775,242.9,242.95,100685200,3850,1925,ONGC,27-FEB-2025
2025-02-03 14:16:38.592847,ONGC27FEB25F,FUTSTK,242.95,18183550,242.9,243.0,100685200,3850,1925,ONGC,27-FEB-2025
2025-02-03 14:16:44.806251,ONGC27FEB25F,FUTSTK,243.05,18187400,242.95,243.05,100685200,3850,1925,ONGC,27-FEB-2025
2025-02-03 14:16:51.169441,ONGC27FEB25F,FUTSTK,242.95,18197025,242.95,243.05,100685200,3850,3850,ONGC,27-FEB-2025
2025-02-03 14:16:57.602023,ONGC27FEB25F,FUTSTK,243.1,18200875,242.95,243.1,100685200,5775,11550,ONGC,27-FEB-2025
2025-02-03 14:17:03.871422,ONGC27FEB25F,FUTSTK,243.1,18200875,243.0,243.1,100685200,3850,1925,ONGC,27-FEB-2025
2025-02-03 14:17:10.220158,ONGC27FEB25F,FUTSTK,243.0,18202800,243.05,243.1,100685200,3850,1925,ONGC,27-FEB-2025
2025-02-03 14:17:16.509502,ONGC27FEB25F,FUTSTK,243.0,18202800,243.05,243.1,100685200,3850,1925,ONGC,27-FEB-2025
2025-02-03 14:17:22.869598,ONGC27FEB25F,FUTSTK,243.05,18206650,242.95,243.0,100685200,1925,3850,ONGC,27-FEB-2025
2025-02-03 14:17:29.275655,ONGC27FEB25F,FUTSTK,243.0,18218200,242.9,243.1,100685200,7700,23100,ONGC,27-FEB-2025
2025-02-03 14:17:35.676871,ONGC27FEB25F,FUTSTK,243.15,18222050,243.0,243.15,100685200,1925,19250,ONGC,27-FEB-2025
2025-02-03 14:17:41.980320,ONGC27FEB25F,FUTSTK,243.1,18223975,243.0,243.15,100685200,3850,23100,ONGC,27-FEB-2025
2025-02-03 14:17:48.309903,ONGC27FEB25F,FUTSTK,243.1,18223975,243.0,243.15,100685200,1925,19250,ONGC,27-FEB-2025
2025-02-03 14:17:54.502291,ONGC27FEB25F,FUTSTK,242.9,18227825,242.95,243.0,100685200,3850,1925,ONGC,27-FEB-2025
2025-02-03 14:18:01.061538,ONGC27FEB25F,FUTSTK,242.9,18235525,242.9,243.0,100685200,5775,1925,ONGC,27-FEB-2025
2025-02-03 14:18:07.325681,ONGC27FEB25F,FUTSTK,243.0,18239375,242.9,243.0,100685200,1925,3850,ONGC,27-FEB-2025
2025-02-03 14:18:13.787494,ONGC27FEB25F,FUTSTK,243.0,18239375,242.9,243.0,100685200,1925,3850,ONGC,27-FEB-2025
2025-02-03 14:18:20.142414,ONGC27FEB25F,FUTSTK,243.0,18249000,242.9,243.0,100685200,3850,1925,ONGC,27-FEB-2025
2025-02-03 14:18:26.469226,ONGC27FEB25F,FUTSTK,242.9,18250925,242.9,242.95,100685200,3850,3850,ONGC,27-FEB-2025
2025-02-03 14:18:33.783145,ONGC27FEB25F,FUTSTK,243.05,18262475,242.85,243.05,100685200,3850,26950,ONGC,27-FEB-2025
2025-02-03 14:18:40.065458,ONGC27FEB25F,FUTSTK,243.05,18262475,242.8,243.0,100685200,5775,17325,ONGC,27-FEB-2025
2025-02-03 14:18:46.439507,ONGC27FEB25F,FUTSTK,243.0,18274025,242.85,243.0,100685200,3850,9625,ONGC,27-FEB-2025
2025-02-03 14:18:52.796273,ONGC27FEB25F,FUTSTK,243.1,18285575,243.0,243.1,100685200,5775,13475,ONGC,27-FEB-2025
2025-02-03 14:18:59.231526,ONGC27FEB25F,FUTSTK,242.85,18429950,242.85,243.0,100685200,7700,5775,ONGC,27-FEB-2025
2025-02-03 14:19:05.563743,ONGC27FEB25F,FUTSTK,242.8,18458825,242.65,242.8,100685200,15400,5775,ONGC,27-FEB-2025
2025-02-03 14:19:11.989450,ONGC27FEB25F,FUTSTK,242.7,18470375,242.65,242.75,100685200,3850,5775,ONGC,27-FEB-2025
2025-02-03 14:19:18.352322,ONGC27FEB25F,FUTSTK,242.75,18472300,242.65,242.7,100685200,3850,1925,ONGC,27-FEB-2025
2025-02-03 14:19:25.658066,ONGC27FEB25F,FUTSTK,242.6,18533900,242.55,242.7,100752575,13475,1925,ONGC,27-FEB-2025
2025-02-03 14:19:31.892220,ONGC27FEB25F,FUTSTK,242.55,18553150,242.45,242.6,100752575,7700,9625,ONGC,27-FEB-2025
2025-02-03 14:19:38.314280,ONGC27FEB25F,FUTSTK,242.45,18610900,242.4,242.55,100752575,5775,3850,ONGC,27-FEB-2025
2025-02-03 14:19:44.691968,ONGC27FEB25F,FUTSTK,242.45,18616675,242.4,242.5,100752575,7700,1925,ONGC,27-FEB-2025
2025-02-03 14:19:51.151722,ONGC27FEB25F,FUTSTK,242.55,18630150,242.45,242.55,100752575,3850,3850,ONGC,27-FEB-2025
2025-02-03 14:19:57.480237,ONGC27FEB25F,FUTSTK,242.55,18630150,242.45,242.5,100752575,3850,1925,ONGC,27-FEB-2025
2025-02-03 14:20:03.879594,ONGC27FEB25F,FUTSTK,242.5,18634000,242.45,242.5,100752575,1925,1925,ONGC,27-FEB-2025
2025-02-03 14:20:10.204055,ONGC27FEB25F,FUTSTK,242.55,18637850,242.45,242.55,100752575,5775,7700,ONGC,27-FEB-2025
2025-02-03 14:20:16.384545,ONGC27FEB25F,FUTSTK,242.55,18637850,242.45,242.5,100752575,1925,1925,ONGC,27-FEB-2025
2025-02-03 14:20:22.806691,ONGC27FEB25F,FUTSTK,242.45,18647475,242.3,242.45,100752575,1925,3850,ONGC,27-FEB-2025
2025-02-03 14:20:29.083621,ONGC27FEB25F,FUTSTK,242.45,18647475,242.25,242.4,100752575,19250,5775,ONGC,27-FEB-2025
2025-02-03 14:20:35.574750,ONGC27FEB25F,FUTSTK,242.4,18651325,242.3,242.4,100752575,1925,5775,ONGC,27-FEB-2025
2025-02-03 14:20:41.868349,ONGC27FEB25F,FUTSTK,242.4,18662875,242.25,242.4,100752575,21175,3850,ONGC,27-FEB-2025
2025-02-03 14:20:48.393508,ONGC27FEB25F,FUTSTK,242.4,18662875,242.25,242.35,100752575,21175,3850,ONGC,27-FEB-2025
2025-02-03 14:20:54.714149,ONGC27FEB25F,FUTSTK,242.4,18674425,242.35,242.45,100752575,7700,3850,ONGC,27-FEB-2025
2025-02-03 14:21:01.140392,ONGC27FEB25F,FUTSTK,242.35,18676350,242.35,242.4,100752575,5775,1925,ONGC,27-FEB-2025
2025-02-03 14:21:07.633405,ONGC27FEB25F,FUTSTK,242.4,18682125,242.35,242.4,100752575,1925,1925,ONGC,27-FEB-2025
2025-02-03 14:21:13.900833,ONGC27FEB25F,FUTSTK,242.4,18684050,242.25,242.35,100752575,19250,1925,ONGC,27-FEB-2025
2025-02-03 14:21:20.299601,ONGC27FEB25F,FUTSTK,242.4,18687900,242.25,242.4,100752575,19250,7700,ONGC,27-FEB-2025
2025-02-03 14:21:26.698536,ONGC27FEB25F,FUTSTK,242.35,18689825,242.25,242.4,100752575,19250,7700,ONGC,27-FEB-2025
2025-02-03 14:21:33.048741,ONGC27FEB25F,FUTSTK,242.25,18691750,242.25,242.3,100752575,17325,5775,ONGC,27-FEB-2025
2025-02-03 14:21:39.378277,ONGC27FEB25F,FUTSTK,242.3,18693675,242.25,242.3,100752575,19250,1925,ONGC,27-FEB-2025
2025-02-03 14:21:45.857745,ONGC27FEB25F,FUTSTK,242.35,18695600,242.25,242.35,100752575,19250,7700,ONGC,27-FEB-2025
2025-02-03 14:21:52.196113,ONGC27FEB25F,FUTSTK,242.25,18699450,242.25,242.35,100752575,17325,7700,ONGC,27-FEB-2025
2025-02-03 14:21:58.550929,ONGC27FEB25F,FUTSTK,242.25,18699450,242.25,242.35,100752575,17325,7700,ONGC,27-FEB-2025
2025-02-03 14:22:05.008635,ONGC27FEB25F,FUTSTK,242.25,18699450,242.25,242.35,100752575,17325,7700,ONGC,27-FEB-2025
2025-02-03 14:22:11.375002,ONGC27FEB25F,FUTSTK,242.3,18699450,242.25,242.35,100752575,17325,7700,ONGC,27-FEB-2025
2025-02-03 14:22:17.759895,ONGC27FEB25F,FUTSTK,242.4,18720625,242.3,242.35,100752575,3850,3850,ONGC,27-FEB-2025
2025-02-03 14:22:24.147150,ONGC27FEB25F,FUTSTK,242.4,18720625,242.3,242.35,100752575,3850,3850,ONGC,27-FEB-2025
2025-02-03 14:22:30.616036,ONGC27FEB25F,FUTSTK,242.4,18720625,242.3,242.35,100748725,3850,3850,ONGC,27-FEB-2025
2025-02-03 14:22:36.947860,ONGC27FEB25F,FUTSTK,242.45,18720625,242.3,242.35,100748725,3850,3850,ONGC,27-FEB-2025
2025-02-03 14:22:43.227248,ONGC27FEB25F,FUTSTK,242.5,18749500,242.35,242.45,100748725,7700,1925,ONGC,27-FEB-2025
2025-02-03 14:22:49.805927,ONGC27FEB25F,FUTSTK,242.45,18755275,242.35,242.45,100748725,5775,1925,ONGC,27-FEB-2025
2025-02-03 14:22:56.094716,ONGC27FEB25F,FUTSTK,242.25,18786075,242.15,242.25,100748725,3850,1925,ONGC,27-FEB-2025
2025-02-03 14:23:02.603249,ONGC27FEB25F,FUTSTK,242.3,18788000,242.15,242.3,100748725,3850,21175,ONGC,27-FEB-2025
2025-02-03 14:23:08.774480,ONGC27FEB25F,FUTSTK,242.3,18788000,242.15,242.3,100748725,5775,25025,ONGC,27-FEB-2025
2025-02-03 14:23:16.094885,ONGC27FEB25F,FUTSTK,242.3,18789925,242.15,242.3,100748725,3850,23100,ONGC,27-FEB-2025
2025-02-03 14:23:22.556367,ONGC27FEB25F,FUTSTK,242.2,18795700,242.15,242.25,100748725,7700,17325,ONGC,27-FEB-2025
2025-02-03 14:23:28.811035,ONGC27FEB25F,FUTSTK,242.25,18797625,242.15,242.25,100748725,5775,15400,ONGC,27-FEB-2025
2025-02-03 14:23:35.232020,ONGC27FEB25F,FUTSTK,242.3,18803400,242.25,242.4,100748725,13475,5775,ONGC,27-FEB-2025
2025-02-03 14:23:41.622494,ONGC27FEB25F,FUTSTK,242.55,18813025,242.45,242.55,100748725,3850,15400,ONGC,27-FEB-2025
2025-02-03 14:23:48.077381,ONGC27FEB25F,FUTSTK,242.6,18818800,242.5,242.65,100748725,3850,19250,ONGC,27-FEB-2025
2025-02-03 14:23:54.622635,ONGC27FEB25F,FUTSTK,242.6,18820725,242.55,242.65,100748725,3850,19250,ONGC,27-FEB-2025
2025-02-03 14:24:00.974274,ONGC27FEB25F,FUTSTK,242.6,18843825,242.6,242.65,100748725,5775,3850,ONGC,27-FEB-2025
2025-02-03 14:24:07.622365,ONGC27FEB25F,FUTSTK,242.6,18851525,242.55,242.7,100748725,1925,13475,ONGC,27-FEB-2025
2025-02-03 14:24:13.816090,ONGC27FEB25F,FUTSTK,242.6,18851525,242.55,242.65,100748725,1925,9625,ONGC,27-FEB-2025
2025-02-03 14:24:20.182534,ONGC27FEB25F,FUTSTK,242.6,18857300,242.55,242.65,100748725,1925,1925,ONGC,27-FEB-2025
2025-02-03 14:24:26.450151,ONGC27FEB25F,FUTSTK,242.65,18859225,242.55,242.75,100748725,7700,11550,ONGC,27-FEB-2025
2025-02-03 14:24:32.828461,ONGC27FEB25F,FUTSTK,242.65,18859225,242.55,242.75,100748725,7700,11550,ONGC,27-FEB-2025
2025-02-03 14:24:39.417156,ONGC27FEB25F,FUTSTK,242.7,18861150,242.6,242.75,100748725,3850,3850,ONGC,27-FEB-2025
2025-02-03 14:24:45.929552,ONGC27FEB25F,FUTSTK,242.7,18861150,242.7,242.75,100748725,1925,1925,ONGC,27-FEB-2025
2025-02-03 14:24:52.386829,ONGC27FEB25F,FUTSTK,242.6,18865000,242.65,242.75,100748725,3850,3850,ONGC,27-FEB-2025
2025-02-03 14:24:58.940481,ONGC27FEB25F,FUTSTK,242.75,18866925,242.65,242.75,100748725,5775,1925,ONGC,27-FEB-2025
2025-02-03 14:25:05.504098,ONGC27FEB25F,FUTSTK,242.95,18878475,242.85,242.95,100748725,7700,11550,ONGC,27-FEB-2025
2025-02-03 14:25:11.916349,ONGC27FEB25F,FUTSTK,242.95,18880400,242.85,243.0,100748725,9625,3850,ONGC,27-FEB-2025
2025-02-03 14:25:18.345099,ONGC27FEB25F,FUTSTK,243.05,18884250,242.95,243.1,100748725,1925,5775,ONGC,27-FEB-2025
2025-02-03 14:25:24.951414,ONGC27FEB25F,FUTSTK,243.05,18884250,242.95,243.1,100748725,3850,3850,ONGC,27-FEB-2025
2025-02-03 14:25:31.313438,ONGC27FEB25F,FUTSTK,243.05,18884250,242.95,243.05,100748725,1925,1925,ONGC,27-FEB-2025
2025-02-03 14:25:37.786398,ONGC27FEB25F,FUTSTK,242.95,18886175,242.85,242.95,100767975,11550,1925,ONGC,27-FEB-2025
2025-02-03 14:25:44.199325,ONGC27FEB25F,FUTSTK,243.05,18893875,242.9,243.05,100767975,3850,5775,ONGC,27-FEB-2025
2025-02-03 14:25:50.602499,ONGC27FEB25F,FUTSTK,242.9,18897725,242.85,242.95,100767975,7700,3850,ONGC,27-FEB-2025
2025-02-03 14:25:57.141453,ONGC27FEB25F,FUTSTK,242.85,18901575,242.85,243.0,100767975,3850,11550,ONGC,27-FEB-2025
2025-02-03 14:26:03.584667,ONGC27FEB25F,FUTSTK,242.85,18903500,242.8,242.95,100767975,7700,5775,ONGC,27-FEB-2025
2025-02-03 14:26:10.062924,ONGC27FEB25F,FUTSTK,242.85,18903500,242.8,242.95,100767975,1925,5775,ONGC,27-FEB-2025
2025-02-03 14:26:16.906081,ONGC27FEB25F,FUTSTK,242.65,18905425,242.6,242.8,100767975,7700,13475,ONGC,27-FEB-2025
2025-02-03 14:26:23.433560,ONGC27FEB25F,FUTSTK,242.65,18905425,242.6,242.75,100767975,3850,5775,ONGC,27-FEB-2025
2025-02-03 14:26:29.827862,ONGC27FEB25F,FUTSTK,242.65,18905425,242.6,242.75,100767975,5775,7700,ONGC,27-FEB-2025
2025-02-03 14:26:36.256269,ONGC27FEB25F,FUTSTK,242.75,18911200,242.65,242.85,100767975,5775,11550,ONGC,27-FEB-2025
2025-02-03 14:26:42.600440,ONGC27FEB25F,FUTSTK,242.8,18913125,242.65,242.85,100767975,9625,11550,ONGC,27-FEB-2025
2025-02-03 14:26:49.095965,ONGC27FEB25F,FUTSTK,242.85,18915050,242.75,242.8,100767975,1925,5775,ONGC,27-FEB-2025
2025-02-03 14:26:55.484364,ONGC27FEB25F,FUTSTK,242.75,18918900,242.65,242.75,100767975,3850,3850,ONGC,27-FEB-2025
2025-02-03 14:27:02.018597,ONGC27FEB25F,FUTSTK,242.8,18926600,242.7,242.9,100767975,1925,17325,ONGC,27-FEB-2025
2025-02-03 14:27:08.348090,ONGC27FEB25F,FUTSTK,242.8,18926600,242.8,242.95,100767975,1925,5775,ONGC,27-FEB-2025
2025-02-03 14:27:14.496367,ONGC27FEB25F,FUTSTK,242.8,18926600,242.8,242.95,100767975,3850,5775,ONGC,27-FEB-2025
2025-02-03 14:27:20.878685,ONGC27FEB25F,FUTSTK,242.8,18932375,242.65,242.8,100767975,7700,1925,ONGC,27-FEB-2025
2025-02-03 14:27:27.355096,ONGC27FEB25F,FUTSTK,242.8,18936225,242.65,242.8,100767975,3850,1925,ONGC,27-FEB-2025
2025-02-03 14:27:33.744027,ONGC27FEB25F,FUTSTK,242.75,18942000,242.65,242.85,100767975,3850,11550,ONGC,27-FEB-2025
2025-02-03 14:27:40.052049,ONGC27FEB25F,FUTSTK,242.75,18942000,242.65,242.85,100767975,3850,17325,ONGC,27-FEB-2025
2025-02-03 14:27:46.586521,ONGC27FEB25F,FUTSTK,242.8,18953550,242.8,242.95,100767975,1925,21175,ONGC,27-FEB-2025
2025-02-03 14:27:52.826674,ONGC27FEB25F,FUTSTK,242.95,18957400,242.8,243.0,100767975,7700,19250,ONGC,27-FEB-2025
2025-02-03 14:27:59.385108,ONGC27FEB25F,FUTSTK,242.95,18957400,242.8,243.0,100767975,7700,21175,ONGC,27-FEB-2025
2025-02-03 14:28:05.768410,ONGC27FEB25F,FUTSTK,242.95,18957400,242.8,243.0,100767975,3850,17325,ONGC,27-FEB-2025
2025-02-03 14:28:12.081580,ONGC27FEB25F,FUTSTK,242.95,18957400,242.85,243.0,100767975,3850,3850,ONGC,27-FEB-2025
2025-02-03 14:28:18.557691,ONGC27FEB25F,FUTSTK,243.1,18965100,242.95,243.1,100767975,1925,1925,ONGC,27-FEB-2025
2025-02-03 14:28:24.881432,ONGC27FEB25F,FUTSTK,243.1,18967025,243.0,243.1,100767975,3850,1925,ONGC,27-FEB-2025
2025-02-03 14:28:31.138095,ONGC27FEB25F,FUTSTK,243.1,18968950,243.0,243.15,100769900,5775,7700,ONGC,27-FEB-2025
2025-02-03 14:28:37.500301,ONGC27FEB25F,FUTSTK,243.25,18995900,243.15,243.25,100769900,5775,1925,ONGC,27-FEB-2025
2025-02-03 14:28:44.043855,ONGC27FEB25F,FUTSTK,243.25,18999750,243.15,243.25,100769900,3850,3850,ONGC,27-FEB-2025
2025-02-03 14:28:50.675123,ONGC27FEB25F,FUTSTK,243.15,19005525,243.15,243.25,100769900,3850,5775,ONGC,27-FEB-2025
2025-02-03 14:28:57.089634,ONGC27FEB25F,FUTSTK,243.3,19032475,243.2,243.3,100769900,1925,5775,ONGC,27-FEB-2025
2025-02-03 14:29:03.503793,ONGC27FEB25F,FUTSTK,243.3,19045950,243.2,243.3,100769900,1925,5775,ONGC,27-FEB-2025
2025-02-03 14:29:10.020105,ONGC27FEB25F,FUTSTK,243.3,19067125,243.3,243.35,100769900,1925,5775,ONGC,27-FEB-2025
2025-02-03 14:29:17.315774,ONGC27FEB25F,FUTSTK,243.4,19088300,243.3,243.4,100769900,3850,3850,ONGC,27-FEB-2025
2025-02-03 14:29:23.654459,ONGC27FEB25F,FUTSTK,243.5,19140275,243.4,243.5,100769900,3850,1925,ONGC,27-FEB-2025
2025-02-03 14:29:30.029858,ONGC27FEB25F,FUTSTK,243.4,19151825,243.3,243.45,100769900,1925,13475,ONGC,27-FEB-2025
2025-02-03 14:29:36.349883,ONGC27FEB25F,FUTSTK,243.45,19153750,243.3,243.5,100769900,5775,26950,ONGC,27-FEB-2025
2025-02-03 14:29:42.849842,ONGC27FEB25F,FUTSTK,243.3,19159525,243.2,243.4,100769900,3850,25025,ONGC,27-FEB-2025
2025-02-03 14:29:49.296531,ONGC27FEB25F,FUTSTK,243.35,19161450,243.2,243.35,100769900,3850,1925,ONGC,27-FEB-2025
2025-02-03 14:29:55.825036,ONGC27FEB25F,FUTSTK,243.45,19169150,243.35,243.5,100769900,1925,7700,ONGC,27-FEB-2025
2025-02-03 14:30:02.294428,ONGC27FEB25F,FUTSTK,243.45,19173000,243.35,243.5,100769900,5775,7700,ONGC,27-FEB-2025
2025-02-03 14:30:43.356458,ONGC27FEB25F,FUTSTK,243.3,19194175,243.15,243.35,100769900,5775,7700,ONGC,27-FEB-2025
2025-02-03 14:30:51.472723,ONGC27FEB25F,FUTSTK,243.1,19199950,243.15,243.3,100769900,3850,1925,ONGC,27-FEB-2025
2025-02-03 14:30:57.680651,ONGC27FEB25F,FUTSTK,243.3,19201875,243.15,243.35,100769900,7700,3850,ONGC,27-FEB-2025
2025-02-03 14:31:04.042521,ONGC27FEB25F,FUTSTK,243.3,19203800,243.15,243.35,100769900,5775,7700,ONGC,27-FEB-2025
2025-02-03 14:31:10.729649,ONGC27FEB25F,FUTSTK,243.15,19205725,243.1,243.3,100769900,5775,3850,ONGC,27-FEB-2025
2025-02-03 14:31:17.062359,ONGC27FEB25F,FUTSTK,243.1,19217275,243.1,243.3,100769900,5775,1925,ONGC,27-FEB-2025
2025-02-03 14:31:24.194290,ONGC27FEB25F,FUTSTK,243.1,19217275,243.1,243.3,100769900,7700,13475,ONGC,27-FEB-2025
2025-02-03 14:31:32.517022,ONGC27FEB25F,FUTSTK,243.25,19219200,243.1,243.25,100825725,7700,7700,ONGC,27-FEB-2025
2025-02-03 14:31:39.856788,ONGC27FEB25F,FUTSTK,243.2,19236525,243.1,243.2,100825725,5775,7700,ONGC,27-FEB-2025
2025-02-03 14:31:46.142360,ONGC27FEB25F,FUTSTK,243.2,19246150,243.1,243.25,100825725,7700,7700,ONGC,27-FEB-2025
2025-02-03 14:31:52.500672,ONGC27FEB25F,FUTSTK,243.1,19251925,243.1,243.25,100825725,5775,5775,ONGC,27-FEB-2025
2025-02-03 14:31:58.981509,ONGC27FEB25F,FUTSTK,243.25,19257700,243.05,243.25,100825725,1925,1925,ONGC,27-FEB-2025
2025-02-03 14:32:05.496655,ONGC27FEB25F,FUTSTK,243.2,19259625,243.1,243.25,100825725,1925,1925,ONGC,27-FEB-2025
2025-02-03 14:32:12.111592,ONGC27FEB25F,FUTSTK,243.2,19259625,243.0,243.2,100825725,3850,5775,ONGC,27-FEB-2025
2025-02-03 14:32:18.524116,ONGC27FEB25F,FUTSTK,242.9,19265400,242.9,243.1,100825725,9625,3850,ONGC,27-FEB-2025
2025-02-03 14:32:24.670198,ONGC27FEB25F,FUTSTK,242.9,19265400,242.8,243.0,100825725,3850,3850,ONGC,27-FEB-2025
2025-02-03 14:32:30.936089,ONGC27FEB25F,FUTSTK,242.9,19267325,242.85,243.0,100825725,3850,5775,ONGC,27-FEB-2025
2025-02-03 14:32:37.285313,ONGC27FEB25F,FUTSTK,242.85,19273100,242.85,242.95,100825725,5775,1925,ONGC,27-FEB-2025
2025-02-03 14:32:45.733894,ONGC27FEB25F,FUTSTK,243.05,19280800,242.85,243.05,100825725,3850,5775,ONGC,27-FEB-2025
2025-02-03 14:32:53.251613,ONGC27FEB25F,FUTSTK,243.05,19280800,242.85,243.05,100825725,5775,7700,ONGC,27-FEB-2025
2025-02-03 14:33:00.105556,ONGC27FEB25F,FUTSTK,243.05,19280800,242.85,243.05,100825725,5775,9625,ONGC,27-FEB-2025
2025-02-03 14:33:06.589139,ONGC27FEB25F,FUTSTK,243.05,19284650,242.9,243.0,100825725,1925,3850,ONGC,27-FEB-2025
2025-02-03 14:33:12.868657,ONGC27FEB25F,FUTSTK,243.0,19286575,242.9,243.05,100825725,3850,5775,ONGC,27-FEB-2025
2025-02-03 14:33:19.183295,ONGC27FEB25F,FUTSTK,242.9,19288500,242.9,243.0,100825725,3850,3850,ONGC,27-FEB-2025
2025-02-03 14:33:25.400251,ONGC27FEB25F,FUTSTK,243.05,19296200,243.0,243.15,100825725,1925,1925,ONGC,27-FEB-2025
2025-02-03 14:33:31.572594,ONGC27FEB25F,FUTSTK,243.2,19300050,243.0,243.2,100825725,3850,3850,ONGC,27-FEB-2025
2025-02-03 14:33:37.858926,ONGC27FEB25F,FUTSTK,243.2,19300050,243.05,243.25,100825725,7700,11550,ONGC,27-FEB-2025
2025-02-03 14:33:44.355900,ONGC27FEB25F,FUTSTK,243.2,19300050,243.1,243.25,100825725,5775,3850,ONGC,27-FEB-2025
2025-02-03 14:33:50.615599,ONGC27FEB25F,FUTSTK,243.1,19303900,243.05,243.25,100825725,3850,3850,ONGC,27-FEB-2025
2025-02-03 14:35:44.950271,ONGC27FEB25F,FUTSTK,242.9,19330850,242.8,242.95,100818025,1925,5775,ONGC,27-FEB-2025
2025-02-03 14:35:51.344482,ONGC27FEB25F,FUTSTK,242.75,19330850,242.75,242.85,100818025,3850,7700,ONGC,27-FEB-2025
2025-02-03 14:35:57.486583,ONGC27FEB25F,FUTSTK,242.85,19336625,242.7,242.85,100818025,1925,7700,ONGC,27-FEB-2025
2025-02-03 14:36:03.689463,ONGC27FEB25F,FUTSTK,242.85,19336625,242.75,242.85,100818025,1925,5775,ONGC,27-FEB-2025
2025-02-03 14:36:09.913375,ONGC27FEB25F,FUTSTK,242.85,19338550,242.75,242.85,100818025,1925,3850,ONGC,27-FEB-2025
2025-02-03 14:36:16.317857,ONGC27FEB25F,FUTSTK,242.85,19342400,242.75,242.95,100818025,7700,19250,ONGC,27-FEB-2025
2025-02-03 14:36:22.586297,ONGC27FEB25F,FUTSTK,242.95,19344325,242.75,242.9,100818025,3850,1925,ONGC,27-FEB-2025
2025-02-03 14:36:30.031925,ONGC27FEB25F,FUTSTK,242.95,19344325,242.75,242.9,100818025,1925,5775,ONGC,27-FEB-2025
2025-02-03 14:36:38.344827,ONGC27FEB25F,FUTSTK,242.95,19344325,242.75,242.9,100818025,3850,7700,ONGC,27-FEB-2025
2025-02-03 14:36:45.591613,ONGC27FEB25F,FUTSTK,242.95,19344325,242.75,242.9,100818025,7700,9625,ONGC,27-FEB-2025
2025-02-03 14:36:51.956318,ONGC27FEB25F,FUTSTK,242.75,19346250,242.75,242.85,100818025,5775,3850,ONGC,27-FEB-2025
2025-02-03 14:36:58.458265,ONGC27FEB25F,FUTSTK,242.75,19350100,242.7,242.85,100818025,13475,1925,ONGC,27-FEB-2025
2025-02-03 14:37:04.728030,ONGC27FEB25F,FUTSTK,242.7,19352025,242.65,242.85,100818025,3850,23100,ONGC,27-FEB-2025
2025-02-03 14:37:11.300510,ONGC27FEB25F,FUTSTK,242.9,19390525,242.85,242.95,100818025,1925,3850,ONGC,27-FEB-2025
2025-02-03 14:37:17.809266,ONGC27FEB25F,FUTSTK,243.0,19398225,242.85,243.0,100818025,5775,21175,ONGC,27-FEB-2025
2025-02-03 14:37:24.099264,ONGC27FEB25F,FUTSTK,243.0,19400150,242.85,243.0,100818025,9625,19250,ONGC,27-FEB-2025
2025-02-03 14:37:30.659246,ONGC27FEB25F,FUTSTK,243.0,19400150,242.85,243.0,100818025,9625,5775,ONGC,27-FEB-2025
2025-02-03 14:37:36.914695,ONGC27FEB25F,FUTSTK,242.95,19405925,242.95,243.05,100852675,1925,3850,ONGC,27-FEB-2025
2025-02-03 14:37:42.999197,ONGC27FEB25F,FUTSTK,242.8,19423250,242.6,242.8,100852675,7700,5775,ONGC,27-FEB-2025
2025-02-03 14:37:52.064526,ONGC27FEB25F,FUTSTK,242.6,19430950,242.6,242.75,100852675,3850,1925,ONGC,27-FEB-2025
2025-02-03 14:37:59.585656,ONGC27FEB25F,FUTSTK,242.75,19432875,242.6,242.8,100852675,1925,23100,ONGC,27-FEB-2025
2025-02-03 14:38:06.071169,ONGC27FEB25F,FUTSTK,242.6,19434800,242.5,242.7,100852675,7700,3850,ONGC,27-FEB-2025
2025-02-03 14:38:12.576216,ONGC27FEB25F,FUTSTK,242.6,19434800,242.55,242.7,100852675,3850,3850,ONGC,27-FEB-2025
2025-02-03 14:38:18.960566,ONGC27FEB25F,FUTSTK,242.6,19434800,242.55,242.65,100852675,5775,1925,ONGC,27-FEB-2025
2025-02-03 14:38:25.683895,ONGC27FEB25F,FUTSTK,242.55,19436725,242.55,242.65,100852675,3850,1925,ONGC,27-FEB-2025
2025-02-03 14:38:32.013801,ONGC27FEB25F,FUTSTK,242.55,19440575,242.5,242.65,100852675,5775,1925,ONGC,27-FEB-2025
2025-02-03 14:38:38.344636,ONGC27FEB25F,FUTSTK,242.7,19444425,242.55,242.7,100852675,7700,1925,ONGC,27-FEB-2025
2025-02-03 14:38:44.564038,ONGC27FEB25F,FUTSTK,242.65,19446350,242.5,242.65,100852675,17325,1925,ONGC,27-FEB-2025
2025-02-03 14:38:51.358824,ONGC27FEB25F,FUTSTK,242.6,19448275,242.55,242.7,100852675,3850,1925,ONGC,27-FEB-2025
2025-02-03 14:38:57.774138,ONGC27FEB25F,FUTSTK,242.8,19452125,242.6,242.8,100852675,7700,9625,ONGC,27-FEB-2025
2025-02-03 14:39:06.403608,ONGC27FEB25F,FUTSTK,242.6,19454050,242.6,242.75,100852675,3850,1925,ONGC,27-FEB-2025
2025-02-03 14:39:14.195858,ONGC27FEB25F,FUTSTK,242.75,19457900,242.65,242.8,100852675,1925,1925,ONGC,27-FEB-2025
2025-02-03 14:39:20.934328,ONGC27FEB25F,FUTSTK,242.7,19459825,242.65,242.8,100852675,11550,1925,ONGC,27-FEB-2025
2025-02-03 14:39:27.762571,ONGC27FEB25F,FUTSTK,242.7,19459825,242.65,242.8,100852675,7700,3850,ONGC,27-FEB-2025
2025-02-03 14:39:33.992854,ONGC27FEB25F,FUTSTK,242.8,19465600,242.65,242.8,100852675,9625,23100,ONGC,27-FEB-2025
2025-02-03 14:39:40.309778,ONGC27FEB25F,FUTSTK,242.65,19467525,242.5,242.7,100852675,5775,23100,ONGC,27-FEB-2025
2025-02-03 14:39:46.918502,ONGC27FEB25F,FUTSTK,242.6,19494475,242.45,242.6,100852675,3850,1925,ONGC,27-FEB-2025
2025-02-03 14:39:53.503095,ONGC27FEB25F,FUTSTK,242.7,19507950,242.55,242.7,100852675,9625,1925,ONGC,27-FEB-2025
2025-02-03 14:40:00.088547,ONGC27FEB25F,FUTSTK,242.75,19511800,242.65,242.8,100852675,3850,21175,ONGC,27-FEB-2025
2025-02-03 14:40:06.603530,ONGC27FEB25F,FUTSTK,242.8,19517575,242.7,242.8,100852675,7700,19250,ONGC,27-FEB-2025
2025-02-03 14:40:13.048124,ONGC27FEB25F,FUTSTK,242.8,19521425,242.75,242.85,100852675,1925,19250,ONGC,27-FEB-2025
2025-02-03 14:40:21.578147,ONGC27FEB25F,FUTSTK,242.8,19521425,242.75,242.85,100852675,3850,7700,ONGC,27-FEB-2025
2025-02-03 14:40:29.990044,ONGC27FEB25F,FUTSTK,242.8,19525275,242.75,242.85,100895025,3850,3850,ONGC,27-FEB-2025
2025-02-03 14:40:37.349855,ONGC27FEB25F,FUTSTK,242.9,19531050,242.8,242.9,100895025,7700,1925,ONGC,27-FEB-2025
2025-02-03 14:40:43.528012,ONGC27FEB25F,FUTSTK,242.9,19531050,242.8,242.9,100895025,7700,5775,ONGC,27-FEB-2025
2025-02-03 14:40:50.011492,ONGC27FEB25F,FUTSTK,242.9,19531050,242.85,242.9,100895025,5775,5775,ONGC,27-FEB-2025
2025-02-03 14:40:56.240907,ONGC27FEB25F,FUTSTK,242.85,19546450,242.7,242.9,100895025,5775,1925,ONGC,27-FEB-2025
2025-02-03 14:41:02.633069,ONGC27FEB25F,FUTSTK,242.85,19558000,242.7,242.9,100895025,5775,5775,ONGC,27-FEB-2025
2025-02-03 14:41:09.064053,ONGC27FEB25F,FUTSTK,242.85,19558000,242.75,242.95,100895025,1925,26950,ONGC,27-FEB-2025
2025-02-03 14:41:15.261637,ONGC27FEB25F,FUTSTK,242.85,19558000,242.75,242.85,100895025,3850,5775,ONGC,27-FEB-2025
2025-02-03 14:41:21.599837,ONGC27FEB25F,FUTSTK,242.85,19558000,242.7,242.85,100895025,17325,5775,ONGC,27-FEB-2025
2025-02-03 14:41:27.926808,ONGC27FEB25F,FUTSTK,242.85,19558000,242.7,242.85,100895025,5775,9625,ONGC,27-FEB-2025
2025-02-03 14:41:34.943655,ONGC27FEB25F,FUTSTK,242.85,19558000,242.7,242.8,100895025,1925,3850,ONGC,27-FEB-2025
2025-02-03 14:41:43.426665,ONGC27FEB25F,FUTSTK,242.8,19561850,242.7,242.85,100895025,5775,9625,ONGC,27-FEB-2025
2025-02-03 14:41:51.194085,ONGC27FEB25F,FUTSTK,242.8,19561850,242.7,242.85,100895025,5775,9625,ONGC,27-FEB-2025
2025-02-03 14:41:57.474344,ONGC27FEB25F,FUTSTK,242.8,19561850,242.7,242.85,100895025,7700,9625,ONGC,27-FEB-2025
2025-02-03 14:42:03.826622,ONGC27FEB25F,FUTSTK,242.8,19561850,242.75,242.85,100895025,1925,11550,ONGC,27-FEB-2025
2025-02-03 14:42:10.270653,ONGC27FEB25F,FUTSTK,242.9,19583025,242.7,242.9,100895025,5775,9625,ONGC,27-FEB-2025
2025-02-03 14:42:16.495354,ONGC27FEB25F,FUTSTK,242.9,19583025,242.7,242.9,100895025,3850,9625,ONGC,27-FEB-2025
2025-02-03 14:42:22.931241,ONGC27FEB25F,FUTSTK,242.9,19583025,242.7,242.9,100895025,3850,17325,ONGC,27-FEB-2025
2025-02-03 14:42:29.554002,ONGC27FEB25F,FUTSTK,242.9,19583025,242.7,242.9,100895025,3850,19250,ONGC,27-FEB-2025
2025-02-03 14:42:35.710849,ONGC27FEB25F,FUTSTK,242.7,19588800,242.65,242.8,100895025,5775,5775,ONGC,27-FEB-2025
2025-02-03 14:42:41.915742,ONGC27FEB25F,FUTSTK,242.8,19592650,242.7,242.8,100895025,3850,3850,ONGC,27-FEB-2025
2025-02-03 14:42:48.294588,ONGC27FEB25F,FUTSTK,242.9,19606125,242.7,242.9,100895025,3850,9625,ONGC,27-FEB-2025
2025-02-03 14:42:57.035959,ONGC27FEB25F,FUTSTK,242.9,19608050,242.7,242.9,100895025,5775,5775,ONGC,27-FEB-2025
2025-02-03 14:43:05.608867,ONGC27FEB25F,FUTSTK,242.9,19621525,242.8,242.9,100895025,1925,23100,ONGC,27-FEB-2025
2025-02-03 14:43:12.647252,ONGC27FEB25F,FUTSTK,242.9,19629225,242.7,242.9,100895025,7700,19250,ONGC,27-FEB-2025
2025-02-03 14:43:18.940664,ONGC27FEB25F,FUTSTK,242.85,19642700,242.8,242.95,100895025,7700,3850,ONGC,27-FEB-2025
2025-02-03 14:43:25.311483,ONGC27FEB25F,FUTSTK,242.95,19644625,242.8,242.95,100895025,3850,11550,ONGC,27-FEB-2025
2025-02-03 14:43:31.585523,ONGC27FEB25F,FUTSTK,242.95,19644625,242.85,242.95,100895025,1925,1925,ONGC,27-FEB-2025
2025-02-03 14:43:37.977546,ONGC27FEB25F,FUTSTK,242.95,19644625,242.8,242.95,100895025,9625,3850,ONGC,27-FEB-2025
2025-02-03 14:43:44.222541,ONGC27FEB25F,FUTSTK,243.0,19671575,242.95,243.05,100948925,5775,3850,ONGC,27-FEB-2025
2025-02-03 14:43:50.470534,ONGC27FEB25F,FUTSTK,243.1,19679275,242.95,243.1,100948925,9625,1925,ONGC,27-FEB-2025
2025-02-03 14:43:57.053217,ONGC27FEB25F,FUTSTK,243.0,19690825,242.85,243.05,100948925,3850,25025,ONGC,27-FEB-2025
2025-02-03 14:44:03.393319,ONGC27FEB25F,FUTSTK,243.0,19694675,242.9,243.0,100948925,13475,1925,ONGC,27-FEB-2025
2025-02-03 14:44:11.365658,ONGC27FEB25F,FUTSTK,243.0,19698525,242.9,243.1,100948925,21175,25025,ONGC,27-FEB-2025
2025-02-03 14:44:19.394425,ONGC27FEB25F,FUTSTK,243.1,19702375,242.95,243.1,100948925,3850,5775,ONGC,27-FEB-2025
2025-02-03 14:44:26.397670,ONGC27FEB25F,FUTSTK,243.1,19702375,242.95,243.1,100948925,11550,5775,ONGC,27-FEB-2025
2025-02-03 14:44:33.010164,ONGC27FEB25F,FUTSTK,243.1,19702375,242.95,243.1,100948925,9625,7700,ONGC,27-FEB-2025
2025-02-03 14:44:39.260957,ONGC27FEB25F,FUTSTK,243.1,19704300,242.95,243.1,100948925,3850,7700,ONGC,27-FEB-2025
2025-02-03 14:44:45.818625,ONGC27FEB25F,FUTSTK,243.1,19713925,243.1,243.15,100948925,7700,5775,ONGC,27-FEB-2025
2025-02-03 14:44:52.617484,ONGC27FEB25F,FUTSTK,243.1,19731250,243.05,243.2,100948925,3850,7700,ONGC,27-FEB-2025
2025-02-03 14:44:58.864660,ONGC27FEB25F,FUTSTK,243.2,19733175,243.05,243.25,100948925,5775,23100,ONGC,27-FEB-2025
2025-02-03 14:45:05.214754,ONGC27FEB25F,FUTSTK,243.2,19733175,243.1,243.15,100948925,1925,5775,ONGC,27-FEB-2025
2025-02-03 14:45:11.626391,ONGC27FEB25F,FUTSTK,243.25,19740875,243.1,243.25,100948925,1925,21175,ONGC,27-FEB-2025
2025-02-03 14:45:17.818790,ONGC27FEB25F,FUTSTK,243.05,19742800,243.05,243.25,100948925,3850,21175,ONGC,27-FEB-2025
2025-02-03 14:45:24.537700,ONGC27FEB25F,FUTSTK,243.0,19746650,243.0,243.1,100948925,3850,1925,ONGC,27-FEB-2025
2025-02-03 14:45:33.037186,ONGC27FEB25F,FUTSTK,243.15,19760125,243.0,243.2,100948925,3850,21175,ONGC,27-FEB-2025
2025-02-03 14:45:40.546649,ONGC27FEB25F,FUTSTK,243.15,19760125,243.05,243.2,100948925,1925,21175,ONGC,27-FEB-2025
2025-02-03 14:45:48.523788,ONGC27FEB25F,FUTSTK,243.05,19762050,243.0,243.05,100948925,1925,1925,ONGC,27-FEB-2025
2025-02-03 14:45:57.292330,ONGC27FEB25F,FUTSTK,243.0,19763975,242.95,243.05,100948925,3850,3850,ONGC,27-FEB-2025
2025-02-03 14:46:04.862977,ONGC27FEB25F,FUTSTK,242.9,19767825,242.9,243.05,100948925,3850,9625,ONGC,27-FEB-2025
2025-02-03 14:46:11.119662,ONGC27FEB25F,FUTSTK,242.9,19767825,242.9,243.05,100948925,3850,13475,ONGC,27-FEB-2025
2025-02-03 14:46:17.262589,ONGC27FEB25F,FUTSTK,242.85,19771675,242.8,243.0,100948925,5775,25025,ONGC,27-FEB-2025
2025-02-03 14:46:23.451248,ONGC27FEB25F,FUTSTK,242.85,19771675,242.8,243.0,100948925,5775,26950,ONGC,27-FEB-2025
2025-02-03 14:46:29.846875,ONGC27FEB25F,FUTSTK,242.85,19773600,242.8,242.9,100948925,5775,3850,ONGC,27-FEB-2025
2025-02-03 14:46:36.520288,ONGC27FEB25F,FUTSTK,243.0,19781300,242.8,243.0,100991275,7700,9625,ONGC,27-FEB-2025
2025-02-03 14:46:44.337293,ONGC27FEB25F,FUTSTK,243.2,19810175,243.05,243.25,100991275,7700,21175,ONGC,27-FEB-2025
2025-02-03 14:46:52.496312,ONGC27FEB25F,FUTSTK,243.15,19831350,243.15,243.35,100991275,7700,13475,ONGC,27-FEB-2025
2025-02-03 14:46:59.551367,ONGC27FEB25F,FUTSTK,243.3,19842900,243.15,243.35,100991275,7700,15400,ONGC,27-FEB-2025
2025-02-03 14:47:06.046836,ONGC27FEB25F,FUTSTK,243.35,19848675,243.25,243.35,100991275,7700,5775,ONGC,27-FEB-2025
2025-02-03 14:47:13.146971,ONGC27FEB25F,FUTSTK,243.3,19854450,243.3,243.5,100991275,7700,19250,ONGC,27-FEB-2025
2025-02-03 14:47:19.663022,ONGC27FEB25F,FUTSTK,243.5,19860225,243.35,243.5,100991275,5775,9625,ONGC,27-FEB-2025
2025-02-03 14:47:25.964992,ONGC27FEB25F,FUTSTK,243.5,19860225,243.35,243.5,100991275,1925,13475,ONGC,27-FEB-2025
2025-02-03 14:47:32.436638,ONGC27FEB25F,FUTSTK,243.5,19860225,243.35,243.5,100991275,3850,13475,ONGC,27-FEB-2025
2025-02-03 14:47:38.735917,ONGC27FEB25F,FUTSTK,243.4,19864075,243.3,243.45,100991275,3850,1925,ONGC,27-FEB-2025
2025-02-03 14:47:45.269326,ONGC27FEB25F,FUTSTK,243.45,19866000,243.3,243.45,100991275,1925,1925,ONGC,27-FEB-2025
2025-02-03 14:47:51.976828,ONGC27FEB25F,FUTSTK,243.45,19866000,243.3,243.45,100991275,1925,3850,ONGC,27-FEB-2025
2025-02-03 14:47:59.651841,ONGC27FEB25F,FUTSTK,243.35,19871775,243.3,243.45,100991275,5775,1925,ONGC,27-FEB-2025
2025-02-03 14:48:08.050000,ONGC27FEB25F,FUTSTK,243.25,19885250,243.2,243.35,100991275,3850,1925,ONGC,27-FEB-2025
2025-02-03 14:48:15.676863,ONGC27FEB25F,FUTSTK,243.2,19887175,243.2,243.35,100991275,3850,9625,ONGC,27-FEB-2025
2025-02-03 14:48:22.069486,ONGC27FEB25F,FUTSTK,243.25,19889100,243.15,243.35,100991275,9625,5775,ONGC,27-FEB-2025
2025-02-03 14:48:28.571181,ONGC27FEB25F,FUTSTK,243.25,19891025,243.15,243.35,100991275,7700,5775,ONGC,27-FEB-2025
2025-02-03 14:48:34.912440,ONGC27FEB25F,FUTSTK,243.15,19892950,243.15,243.35,100991275,3850,15400,ONGC,27-FEB-2025
2025-02-03 14:48:41.407054,ONGC27FEB25F,FUTSTK,243.35,19894875,243.2,243.35,100991275,5775,1925,ONGC,27-FEB-2025
2025-02-03 14:48:48.035570,ONGC27FEB25F,FUTSTK,243.35,19894875,243.2,243.35,100991275,3850,3850,ONGC,27-FEB-2025
2025-02-03 14:48:54.584398,ONGC27FEB25F,FUTSTK,243.35,19894875,243.15,243.35,100991275,5775,7700,ONGC,27-FEB-2025
2025-02-03 14:49:00.976977,ONGC27FEB25F,FUTSTK,243.35,19894875,243.2,243.35,100991275,3850,9625,ONGC,27-FEB-2025
2025-02-03 14:49:07.603887,ONGC27FEB25F,FUTSTK,243.2,19898725,243.2,243.3,100991275,1925,1925,ONGC,27-FEB-2025
2025-02-03 14:49:14.718555,ONGC27FEB25F,FUTSTK,243.2,19898725,243.2,243.3,100991275,1925,3850,ONGC,27-FEB-2025
2025-02-03 14:49:23.395901,ONGC27FEB25F,FUTSTK,243.2,19898725,243.2,243.3,100991275,1925,5775,ONGC,27-FEB-2025
2025-02-03 14:49:30.910560,ONGC27FEB25F,FUTSTK,243.25,19902575,243.15,243.3,100991275,1925,13475,ONGC,27-FEB-2025
2025-02-03 14:49:37.990478,ONGC27FEB25F,FUTSTK,243.25,19902575,243.15,243.25,100991275,5775,3850,ONGC,27-FEB-2025
2025-02-03 14:49:44.471469,ONGC27FEB25F,FUTSTK,243.0,19910275,243.0,243.2,101043250,3850,11550,ONGC,27-FEB-2025
2025-02-03 14:49:50.915892,ONGC27FEB25F,FUTSTK,243.2,19914125,243.05,243.2,101043250,3850,7700,ONGC,27-FEB-2025
2025-02-03 14:49:57.360180,ONGC27FEB25F,FUTSTK,243.2,19914125,243.1,243.2,101043250,1925,7700,ONGC,27-FEB-2025
2025-02-03 14:50:04.819787,ONGC27FEB25F,FUTSTK,243.1,19916050,243.0,243.15,101043250,3850,9625,ONGC,27-FEB-2025
2025-02-03 14:50:11.707648,ONGC27FEB25F,FUTSTK,243.0,19917975,243.0,243.15,101043250,5775,7700,ONGC,27-FEB-2025
2025-02-03 14:50:18.440010,ONGC27FEB25F,FUTSTK,243.0,19919900,242.95,243.05,101043250,3850,5775,ONGC,27-FEB-2025
2025-02-03 14:50:25.548329,ONGC27FEB25F,FUTSTK,242.95,19921825,242.95,243.05,101043250,1925,5775,ONGC,27-FEB-2025
2025-02-03 14:50:33.180960,ONGC27FEB25F,FUTSTK,243.0,19929525,242.9,243.05,101043250,9625,3850,ONGC,27-FEB-2025
2025-02-03 14:50:41.625599,ONGC27FEB25F,FUTSTK,243.05,19939150,242.85,243.05,101043250,7700,9625,ONGC,27-FEB-2025
2025-02-03 14:50:48.688659,ONGC27FEB25F,FUTSTK,242.95,19939150,242.85,243.05,101043250,7700,11550,ONGC,27-FEB-2025
2025-02-03 14:50:55.820206,ONGC27FEB25F,FUTSTK,242.9,19943000,242.85,243.05,101043250,15400,9625,ONGC,27-FEB-2025
2025-02-03 14:51:03.200568,ONGC27FEB25F,FUTSTK,242.9,19943000,242.95,243.05,101043250,1925,7700,ONGC,27-FEB-2025
2025-02-03 14:51:09.585461,ONGC27FEB25F,FUTSTK,242.95,19944925,242.85,243.05,101043250,13475,7700,ONGC,27-FEB-2025
2025-02-03 14:51:16.073234,ONGC27FEB25F,FUTSTK,242.85,19948775,242.8,242.95,101043250,1925,9625,ONGC,27-FEB-2025
2025-02-03 14:51:22.421045,ONGC27FEB25F,FUTSTK,242.95,19952625,242.8,242.95,101043250,5775,5775,ONGC,27-FEB-2025
2025-02-03 14:51:28.868115,ONGC27FEB25F,FUTSTK,243.25,20027700,243.1,243.25,101043250,5775,15400,ONGC,27-FEB-2025
2025-02-03 14:51:35.529246,ONGC27FEB25F,FUTSTK,243.25,20035400,243.2,243.25,101043250,1925,3850,ONGC,27-FEB-2025
2025-02-03 14:51:41.983002,ONGC27FEB25F,FUTSTK,243.25,20039250,243.2,243.25,101043250,1925,1925,ONGC,27-FEB-2025
2025-02-03 14:51:49.968915,ONGC27FEB25F,FUTSTK,243.4,20048875,243.25,243.4,101043250,3850,15400,ONGC,27-FEB-2025
2025-02-03 14:51:58.585139,ONGC27FEB25F,FUTSTK,243.4,20060425,243.25,243.35,101043250,3850,13475,ONGC,27-FEB-2025
2025-02-03 14:52:05.806420,ONGC27FEB25F,FUTSTK,243.4,20068125,243.25,243.45,101043250,7700,23100,ONGC,27-FEB-2025
2025-02-03 14:52:12.216894,ONGC27FEB25F,FUTSTK,243.45,20075825,243.3,243.5,101043250,5775,15400,ONGC,27-FEB-2025
2025-02-03 14:52:18.676443,ONGC27FEB25F,FUTSTK,243.45,20075825,243.3,243.45,101043250,5775,1925,ONGC,27-FEB-2025
2025-02-03 14:52:25.278041,ONGC27FEB25F,FUTSTK,243.35,20077750,243.4,243.45,101043250,5775,5775,ONGC,27-FEB-2025
2025-02-03 14:52:31.669170,ONGC27FEB25F,FUTSTK,243.45,20087375,243.45,243.5,101099075,1925,11550,ONGC,27-FEB-2025
2025-02-03 14:52:38.262941,ONGC27FEB25F,FUTSTK,243.5,20095075,243.4,243.5,101099075,7700,9625,ONGC,27-FEB-2025
2025-02-03 14:52:44.613069,ONGC27FEB25F,FUTSTK,243.5,20097000,243.4,243.5,101099075,5775,7700,ONGC,27-FEB-2025
2025-02-03 14:52:51.357191,ONGC27FEB25F,FUTSTK,243.65,20112400,243.55,243.65,101099075,1925,3850,ONGC,27-FEB-2025
2025-02-03 14:52:57.696601,ONGC27FEB25F,FUTSTK,243.6,20114325,243.55,243.65,101099075,7700,7700,ONGC,27-FEB-2025
2025-02-03 14:53:04.807335,ONGC27FEB25F,FUTSTK,243.55,20141275,243.5,243.65,101099075,5775,1925,ONGC,27-FEB-2025
2025-02-03 14:53:13.136201,ONGC27FEB25F,FUTSTK,243.6,20160525,243.45,243.55,101099075,5775,3850,ONGC,27-FEB-2025
2025-02-03 14:53:20.490542,ONGC27FEB25F,FUTSTK,243.55,20160525,243.5,243.55,101099075,3850,3850,ONGC,27-FEB-2025
2025-02-03 14:53:26.748445,ONGC27FEB25F,FUTSTK,243.55,20172075,243.45,243.65,101099075,5775,25025,ONGC,27-FEB-2025
2025-02-03 14:53:33.175633,ONGC27FEB25F,FUTSTK,243.55,20172075,243.5,243.65,101099075,3850,15400,ONGC,27-FEB-2025
2025-02-03 14:53:39.360189,ONGC27FEB25F,FUTSTK,243.65,20177850,243.45,243.65,101099075,7700,5775,ONGC,27-FEB-2025
2025-02-03 14:53:45.624156,ONGC27FEB25F,FUTSTK,243.65,20177850,243.45,243.65,101099075,9625,5775,ONGC,27-FEB-2025
2025-02-03 14:53:51.901259,ONGC27FEB25F,FUTSTK,243.6,20179775,243.45,243.6,101099075,1925,1925,ONGC,27-FEB-2025
2025-02-03 14:53:58.349190,ONGC27FEB25F,FUTSTK,243.4,20179775,243.4,243.6,101099075,11550,13475,ONGC,27-FEB-2025
2025-02-03 14:54:04.560218,ONGC27FEB25F,FUTSTK,243.5,20197100,243.5,243.6,101099075,1925,13475,ONGC,27-FEB-2025
2025-02-03 14:54:10.769230,ONGC27FEB25F,FUTSTK,243.65,20200950,243.5,243.65,101099075,3850,3850,ONGC,27-FEB-2025
2025-02-03 14:54:17.128904,ONGC27FEB25F,FUTSTK,243.5,20208650,243.4,243.6,101099075,5775,23100,ONGC,27-FEB-2025
2025-02-03 14:54:25.605203,ONGC27FEB25F,FUTSTK,243.5,20210575,243.45,243.6,101099075,1925,25025,ONGC,27-FEB-2025
2025-02-03 14:54:33.163309,ONGC27FEB25F,FUTSTK,243.55,20214425,243.5,243.6,101099075,1925,19250,ONGC,27-FEB-2025
2025-02-03 14:54:40.060149,ONGC27FEB25F,FUTSTK,243.5,20216350,243.5,243.6,101099075,1925,21175,ONGC,27-FEB-2025
2025-02-03 14:54:46.332435,ONGC27FEB25F,FUTSTK,243.5,20216350,243.5,243.6,101099075,1925,21175,ONGC,27-FEB-2025
2025-02-03 14:54:53.165793,ONGC27FEB25F,FUTSTK,243.55,20220200,243.5,243.6,101099075,1925,7700,ONGC,27-FEB-2025
2025-02-03 14:54:59.377353,ONGC27FEB25F,FUTSTK,243.6,20224050,243.5,243.6,101099075,5775,5775,ONGC,27-FEB-2025
2025-02-03 14:55:05.731568,ONGC27FEB25F,FUTSTK,243.6,20231750,243.55,243.65,101099075,3850,5775,ONGC,27-FEB-2025
2025-02-03 14:55:12.063188,ONGC27FEB25F,FUTSTK,243.6,20231750,243.55,243.65,101099075,3850,7700,ONGC,27-FEB-2025
2025-02-03 14:55:18.588751,ONGC27FEB25F,FUTSTK,243.7,20254850,243.7,243.8,101099075,1925,3850,ONGC,27-FEB-2025
2025-02-03 14:55:25.242094,ONGC27FEB25F,FUTSTK,243.65,20260625,243.6,243.75,101099075,11550,1925,ONGC,27-FEB-2025
2025-02-03 14:55:31.678907,ONGC27FEB25F,FUTSTK,243.75,20268325,243.65,243.85,101099075,15400,9625,ONGC,27-FEB-2025
2025-02-03 14:55:39.479981,ONGC27FEB25F,FUTSTK,243.75,20274100,243.7,243.8,101154900,7700,3850,ONGC,27-FEB-2025
2025-02-03 14:55:47.536032,ONGC27FEB25F,FUTSTK,243.7,20295275,243.55,243.7,101154900,7700,1925,ONGC,27-FEB-2025
2025-02-03 14:55:54.613066,ONGC27FEB25F,FUTSTK,243.6,20308750,243.5,243.65,101154900,9625,1925,ONGC,27-FEB-2025
2025-02-03 14:56:01.155876,ONGC27FEB25F,FUTSTK,243.6,20308750,243.5,243.65,101154900,5775,25025,ONGC,27-FEB-2025
2025-02-03 14:56:07.462691,ONGC27FEB25F,FUTSTK,243.65,20310675,243.45,243.6,101154900,7700,5775,ONGC,27-FEB-2025
2025-02-03 14:56:14.349718,ONGC27FEB25F,FUTSTK,243.65,20310675,243.45,243.6,101154900,9625,9625,ONGC,27-FEB-2025
2025-02-03 14:56:20.860272,ONGC27FEB25F,FUTSTK,243.6,20320300,243.6,243.65,101154900,11550,3850,ONGC,27-FEB-2025
2025-02-03 14:56:27.559436,ONGC27FEB25F,FUTSTK,243.6,20335700,243.45,243.65,101154900,3850,23100,ONGC,27-FEB-2025
2025-02-03 14:56:37.337308,ONGC27FEB25F,FUTSTK,243.6,20370350,243.6,243.7,101154900,1925,1925,ONGC,27-FEB-2025
2025-02-03 14:56:43.726973,ONGC27FEB25F,FUTSTK,243.75,20374200,243.6,243.75,101154900,7700,21175,ONGC,27-FEB-2025
2025-02-03 14:56:50.403970,ONGC27FEB25F,FUTSTK,243.6,20381900,243.65,243.75,101154900,1925,19250,ONGC,27-FEB-2025
2025-02-03 14:57:00.141865,ONGC27FEB25F,FUTSTK,243.75,20383825,243.65,243.75,101154900,1925,17325,ONGC,27-FEB-2025
2025-02-03 14:57:07.528854,ONGC27FEB25F,FUTSTK,243.75,20387675,243.65,243.75,101154900,3850,15400,ONGC,27-FEB-2025
2025-02-03 14:57:14.264664,ONGC27FEB25F,FUTSTK,243.75,20387675,243.65,243.75,101154900,3850,19250,ONGC,27-FEB-2025
2025-02-03 14:57:20.780947,ONGC27FEB25F,FUTSTK,243.7,20406925,243.65,243.75,101154900,7700,1925,ONGC,27-FEB-2025
2025-02-03 14:57:27.644034,ONGC27FEB25F,FUTSTK,243.75,20420400,243.7,243.8,101154900,5775,21175,ONGC,27-FEB-2025
2025-02-03 14:57:34.098487,ONGC27FEB25F,FUTSTK,243.8,20422325,243.7,243.75,101154900,5775,1925,ONGC,27-FEB-2025
2025-02-03 14:57:40.427291,ONGC27FEB25F,FUTSTK,243.7,20424250,243.7,243.75,101154900,5775,3850,ONGC,27-FEB-2025
2025-02-03 14:57:46.789593,ONGC27FEB25F,FUTSTK,243.75,20430025,243.7,243.85,101154900,5775,21175,ONGC,27-FEB-2025
2025-02-03 14:57:53.221135,ONGC27FEB25F,FUTSTK,243.75,20430025,243.7,243.85,101154900,5775,25025,ONGC,27-FEB-2025
2025-02-03 14:57:59.583424,ONGC27FEB25F,FUTSTK,243.85,20435800,243.7,243.8,101154900,3850,1925,ONGC,27-FEB-2025
2025-02-03 14:58:05.972816,ONGC27FEB25F,FUTSTK,243.8,20437725,243.7,243.85,101154900,3850,17325,ONGC,27-FEB-2025
2025-02-03 14:58:14.397065,ONGC27FEB25F,FUTSTK,243.8,20437725,243.7,243.85,101154900,5775,17325,ONGC,27-FEB-2025
2025-02-03 14:58:23.125954,ONGC27FEB25F,FUTSTK,243.7,20439650,243.7,243.8,101154900,3850,3850,ONGC,27-FEB-2025
2025-02-03 14:58:29.663159,ONGC27FEB25F,FUTSTK,243.7,20441575,243.6,243.75,101154900,3850,7700,ONGC,27-FEB-2025
2025-02-03 14:58:38.047412,ONGC27FEB25F,FUTSTK,243.6,20443500,243.55,243.75,101228050,7700,25025,ONGC,27-FEB-2025
2025-02-03 14:58:44.481493,ONGC27FEB25F,FUTSTK,243.55,20472375,243.5,243.7,101228050,7700,19250,ONGC,27-FEB-2025
2025-02-03 14:58:51.335135,ONGC27FEB25F,FUTSTK,243.7,20497400,243.6,243.75,101228050,5775,1925,ONGC,27-FEB-2025
2025-02-03 14:58:58.198997,ONGC27FEB25F,FUTSTK,243.8,20503175,243.6,243.8,101228050,9625,1925,ONGC,27-FEB-2025
2025-02-03 14:59:04.685011,ONGC27FEB25F,FUTSTK,243.8,20503175,243.7,243.75,101228050,3850,3850,ONGC,27-FEB-2025
2025-02-03 14:59:12.520985,ONGC27FEB25F,FUTSTK,243.75,20507025,243.7,243.8,101228050,7700,1925,ONGC,27-FEB-2025
2025-02-03 14:59:18.999171,ONGC27FEB25F,FUTSTK,243.75,20508950,243.75,243.9,101228050,3850,1925,ONGC,27-FEB-2025
2025-02-03 14:59:26.020911,ONGC27FEB25F,FUTSTK,244.0,20553225,243.8,244.0,101228050,5775,25025,ONGC,27-FEB-2025
2025-02-03 14:59:34.700460,ONGC27FEB25F,FUTSTK,244.0,20562850,243.9,244.0,101228050,7700,17325,ONGC,27-FEB-2025
2025-02-03 14:59:42.190858,ONGC27FEB25F,FUTSTK,244.15,20591725,244.05,244.15,101228050,3850,7700,ONGC,27-FEB-2025
2025-02-03 14:59:48.916543,ONGC27FEB25F,FUTSTK,244.15,20591725,244.05,244.15,101228050,3850,7700,ONGC,27-FEB-2025
2025-02-03 14:59:55.387412,ONGC27FEB25F,FUTSTK,244.1,20607125,244.1,244.2,101228050,3850,3850,ONGC,27-FEB-2025
2025-02-03 15:00:02.172116,ONGC27FEB25F,FUTSTK,244.2,20607125,244.1,244.2,101228050,3850,3850,ONGC,27-FEB-2025
2025-02-03 15:00:08.594835,ONGC27FEB25F,FUTSTK,244.35,20607125,244.1,244.2,101228050,3850,3850,ONGC,27-FEB-2025
2025-02-03 15:00:15.120372,ONGC27FEB25F,FUTSTK,244.2,20607125,244.1,244.2,101228050,3850,3850,ONGC,27-FEB-2025
2025-02-03 15:00:21.670988,ONGC27FEB25F,FUTSTK,244.15,20697600,244.1,244.25,101228050,3850,21175,ONGC,27-FEB-2025
2025-02-03 15:00:28.086384,ONGC27FEB25F,FUTSTK,244.0,20697600,244.1,244.25,101228050,3850,21175,ONGC,27-FEB-2025
2025-02-03 15:00:34.640090,ONGC27FEB25F,FUTSTK,244.1,20697600,244.1,244.25,101228050,3850,21175,ONGC,27-FEB-2025
2025-02-03 15:00:41.191936,ONGC27FEB25F,FUTSTK,244.25,20697600,244.1,244.25,101228050,3850,21175,ONGC,27-FEB-2025
2025-02-03 15:00:50.374771,ONGC27FEB25F,FUTSTK,243.9,20786150,243.95,244.1,101228050,3850,11550,ONGC,27-FEB-2025
2025-02-03 15:00:57.796674,ONGC27FEB25F,FUTSTK,244.05,20786150,243.95,244.1,101228050,3850,11550,ONGC,27-FEB-2025
2025-02-03 15:01:05.615518,ONGC27FEB25F,FUTSTK,243.95,20786150,243.95,244.1,101228050,3850,11550,ONGC,27-FEB-2025
2025-02-03 15:01:14.004851,ONGC27FEB25F,FUTSTK,244.05,20826575,243.85,244.05,101228050,3850,23100,ONGC,27-FEB-2025
2025-02-03 15:01:21.202127,ONGC27FEB25F,FUTSTK,244.0,20826575,243.85,244.05,101228050,3850,23100,ONGC,27-FEB-2025
2025-02-03 15:01:27.785728,ONGC27FEB25F,FUTSTK,244.0,20826575,243.85,244.05,101228050,3850,23100,ONGC,27-FEB-2025
2025-02-03 15:01:34.222647,ONGC27FEB25F,FUTSTK,244.0,20826575,243.85,244.05,101228050,3850,23100,ONGC,27-FEB-2025
2025-02-03 15:01:40.801480,ONGC27FEB25F,FUTSTK,244.05,20851600,243.95,244.05,101243450,3850,9625,ONGC,27-FEB-2025
2025-02-03 15:01:47.241826,ONGC27FEB25F,FUTSTK,244.05,20851600,243.95,244.05,101243450,3850,9625,ONGC,27-FEB-2025
2025-02-03 15:01:53.868951,ONGC27FEB25F,FUTSTK,244.05,20851600,243.95,244.05,101243450,3850,9625,ONGC,27-FEB-2025
2025-02-03 15:02:01.819145,ONGC27FEB25F,FUTSTK,243.85,20851600,243.95,244.05,101243450,3850,9625,ONGC,27-FEB-2025
2025-02-03 15:02:10.023178,ONGC27FEB25F,FUTSTK,243.85,20872775,243.85,244.0,101243450,1925,7700,ONGC,27-FEB-2025
2025-02-03 15:02:17.390278,ONGC27FEB25F,FUTSTK,243.85,20872775,243.85,244.0,101243450,1925,7700,ONGC,27-FEB-2025
2025-02-03 15:02:24.130221,ONGC27FEB25F,FUTSTK,243.85,20872775,243.85,244.0,101243450,1925,7700,ONGC,27-FEB-2025
2025-02-03 15:02:30.540004,ONGC27FEB25F,FUTSTK,243.95,20886250,243.75,243.95,101243450,5775,19250,ONGC,27-FEB-2025
2025-02-03 15:02:37.163467,ONGC27FEB25F,FUTSTK,243.75,20886250,243.75,243.95,101243450,5775,19250,ONGC,27-FEB-2025
2025-02-03 15:02:43.363819,ONGC27FEB25F,FUTSTK,243.95,20886250,243.75,243.95,101243450,5775,19250,ONGC,27-FEB-2025
2025-02-03 15:02:49.863182,ONGC27FEB25F,FUTSTK,243.9,20886250,243.75,243.95,101243450,5775,19250,ONGC,27-FEB-2025
2025-02-03 15:02:56.332063,ONGC27FEB25F,FUTSTK,243.85,20895875,243.85,243.95,101243450,5775,3850,ONGC,27-FEB-2025
2025-02-03 15:03:02.891980,ONGC27FEB25F,FUTSTK,243.95,20895875,243.85,243.95,101243450,5775,3850,ONGC,27-FEB-2025
2025-02-03 15:03:09.508637,ONGC27FEB25F,FUTSTK,243.95,20895875,243.85,243.95,101243450,5775,3850,ONGC,27-FEB-2025
2025-02-03 15:03:17.505533,ONGC27FEB25F,FUTSTK,243.95,20895875,243.85,243.95,101243450,5775,3850,ONGC,27-FEB-2025
2025-02-03 15:03:26.466474,ONGC27FEB25F,FUTSTK,244.05,20917050,243.9,244.0,101243450,9625,13475,ONGC,27-FEB-2025
2025-02-03 15:03:33.493878,ONGC27FEB25F,FUTSTK,244.0,20917050,243.9,244.0,101243450,9625,13475,ONGC,27-FEB-2025
2025-02-03 15:03:39.828532,ONGC27FEB25F,FUTSTK,243.95,20917050,243.9,244.0,101243450,9625,13475,ONGC,27-FEB-2025
2025-02-03 15:03:46.287627,ONGC27FEB25F,FUTSTK,244.05,20955550,243.95,244.05,101243450,1925,19250,ONGC,27-FEB-2025
2025-02-03 15:03:52.936212,ONGC27FEB25F,FUTSTK,244.0,20955550,243.95,244.05,101243450,1925,19250,ONGC,27-FEB-2025
2025-02-03 15:03:59.368095,ONGC27FEB25F,FUTSTK,243.95,20955550,243.95,244.05,101243450,1925,19250,ONGC,27-FEB-2025
2025-02-03 15:04:06.027536,ONGC27FEB25F,FUTSTK,244.05,20955550,243.95,244.05,101243450,1925,19250,ONGC,27-FEB-2025
2025-02-03 15:04:12.460474,ONGC27FEB25F,FUTSTK,243.95,20974800,243.85,243.95,101243450,9625,1925,ONGC,27-FEB-2025
2025-02-03 15:04:18.788253,ONGC27FEB25F,FUTSTK,243.95,20974800,243.85,243.95,101243450,9625,1925,ONGC,27-FEB-2025
2025-02-03 15:04:25.362128,ONGC27FEB25F,FUTSTK,243.95,20974800,243.85,243.95,101243450,9625,1925,ONGC,27-FEB-2025
2025-02-03 15:04:32.532027,ONGC27FEB25F,FUTSTK,243.9,21021000,243.85,243.95,101330075,7700,3850,ONGC,27-FEB-2025
2025-02-03 15:04:41.068059,ONGC27FEB25F,FUTSTK,244.1,21021000,243.85,243.95,101330075,7700,3850,ONGC,27-FEB-2025
2025-02-03 15:04:48.446697,ONGC27FEB25F,FUTSTK,244.05,21021000,243.85,243.95,101330075,7700,3850,ONGC,27-FEB-2025
2025-02-03 15:04:55.092303,ONGC27FEB25F,FUTSTK,244.15,21021000,243.85,243.95,101330075,7700,3850,ONGC,27-FEB-2025
2025-02-03 15:05:01.366919,ONGC27FEB25F,FUTSTK,244.25,21099925,244.1,244.25,101330075,3850,28875,ONGC,27-FEB-2025
2025-02-03 15:05:07.833353,ONGC27FEB25F,FUTSTK,244.2,21099925,244.1,244.25,101330075,3850,28875,ONGC,27-FEB-2025
2025-02-03 15:05:14.232931,ONGC27FEB25F,FUTSTK,244.25,21099925,244.1,244.25,101330075,3850,28875,ONGC,27-FEB-2025
2025-02-03 15:05:21.398298,ONGC27FEB25F,FUTSTK,244.2,21099925,244.1,244.25,101330075,3850,28875,ONGC,27-FEB-2025
2025-02-03 15:05:27.948049,ONGC27FEB25F,FUTSTK,244.25,21153825,244.15,244.3,101330075,7700,30800,ONGC,27-FEB-2025
