timestamp,symbol,instrument,ltp,volume,bid,ask,oi,bid_qty,ask_qty,stock_name,expiry
2025-02-03 09:30:10.689412,SHRIRAMFIN27FEB25F,FUTSTK,526.45,1066500,526.3,526.6,34716000,750,750,SHRIRAMFIN,27-FEB-2025
2025-02-03 09:32:39.120760,SHRIRAMFIN27FEB25F,FUTSTK,525.6,1110000,525.1,525.5,34791750,750,750,SHRIRAMFIN,27-FEB-2025
2025-02-03 09:32:46.760634,SHRIRAMFIN27FEB25F,FUTSTK,525.3,1125000,525.7,526.0,34791750,750,1500,SHRIRAMFIN,27-FEB-2025
2025-02-03 09:33:00.834562,SHRIRAMFIN27FEB25F,FUTSTK,525.0,1125000,525.7,526.0,34791750,750,1500,SHRIRAMFIN,27-FEB-2025
2025-02-03 09:33:12.064897,SHRIRAMFIN27FEB25F,FUTSTK,524.95,1140750,524.05,524.45,34791750,750,750,SHRIRAMFIN,27-FEB-2025
2025-02-03 09:33:26.671944,SHRIRAMFIN27FEB25F,FUTSTK,525.45,1140750,524.05,524.45,34791750,750,750,SHRIRAMFIN,27-FEB-2025
2025-02-03 09:33:34.629581,SHRIRAMFIN27FEB25F,FUTSTK,525.3,1140750,524.05,524.45,34791750,750,750,SHRIRAMFIN,27-FEB-2025
2025-02-03 09:33:42.235199,SHRIRAMFIN27FEB25F,FUTSTK,524.9,1168500,524.6,525.15,34809000,750,750,SHRIRAMFIN,27-FEB-2025
2025-02-03 09:33:50.053170,SHRIRAMFIN27FEB25F,FUTSTK,525.0,1170000,524.45,524.9,34809000,750,750,SHRIRAMFIN,27-FEB-2025
2025-02-03 09:33:58.410243,SHRIRAMFIN27FEB25F,FUTSTK,524.4,1176000,523.85,524.35,34809000,750,750,SHRIRAMFIN,27-FEB-2025
2025-02-03 09:34:10.165932,SHRIRAMFIN27FEB25F,FUTSTK,524.6,1187250,524.3,524.7,34809000,1500,750,SHRIRAMFIN,27-FEB-2025
2025-02-03 09:34:23.396900,SHRIRAMFIN27FEB25F,FUTSTK,524.95,1188000,524.85,525.4,34809000,1500,3750,SHRIRAMFIN,27-FEB-2025
2025-02-03 09:34:31.376002,SHRIRAMFIN27FEB25F,FUTSTK,525.1,1189500,524.95,525.35,34809000,1500,2250,SHRIRAMFIN,27-FEB-2025
2025-02-03 09:34:39.313070,SHRIRAMFIN27FEB25F,FUTSTK,525.25,1191000,525.1,525.55,34809000,750,3000,SHRIRAMFIN,27-FEB-2025
2025-02-03 09:34:46.643980,SHRIRAMFIN27FEB25F,FUTSTK,524.95,1196250,524.75,525.2,34809000,750,1500,SHRIRAMFIN,27-FEB-2025
2025-02-03 09:34:56.761241,SHRIRAMFIN27FEB25F,FUTSTK,524.45,1202250,524.2,524.65,34809000,1500,1500,SHRIRAMFIN,27-FEB-2025
2025-02-03 09:35:14.317654,SHRIRAMFIN27FEB25F,FUTSTK,524.4,1203000,523.95,524.35,34809000,750,1500,SHRIRAMFIN,27-FEB-2025
2025-02-03 09:35:33.040461,SHRIRAMFIN27FEB25F,FUTSTK,524.45,1215000,524.05,524.5,34809000,1500,750,SHRIRAMFIN,27-FEB-2025
2025-02-03 09:35:45.178057,SHRIRAMFIN27FEB25F,FUTSTK,524.25,1216500,524.0,524.45,34809000,750,750,SHRIRAMFIN,27-FEB-2025
2025-02-03 09:35:56.601437,SHRIRAMFIN27FEB25F,FUTSTK,524.3,1217250,523.85,524.3,34809000,750,750,SHRIRAMFIN,27-FEB-2025
2025-02-03 09:36:04.828673,SHRIRAMFIN27FEB25F,FUTSTK,524.65,1217250,523.85,524.3,34809000,750,750,SHRIRAMFIN,27-FEB-2025
2025-02-03 09:36:12.911593,SHRIRAMFIN27FEB25F,FUTSTK,524.65,1217250,523.85,524.3,34809000,750,750,SHRIRAMFIN,27-FEB-2025
2025-02-03 09:36:21.623829,SHRIRAMFIN27FEB25F,FUTSTK,524.4,1223250,524.05,524.4,34809000,750,2250,SHRIRAMFIN,27-FEB-2025
2025-02-03 09:36:29.355470,SHRIRAMFIN27FEB25F,FUTSTK,524.45,1223250,524.05,524.4,34809000,750,2250,SHRIRAMFIN,27-FEB-2025
2025-02-03 09:36:39.787252,SHRIRAMFIN27FEB25F,FUTSTK,525.05,1233000,524.65,525.1,34761000,1500,4500,SHRIRAMFIN,27-FEB-2025
2025-02-03 09:36:52.072659,SHRIRAMFIN27FEB25F,FUTSTK,523.85,1240500,523.8,524.25,34761000,750,750,SHRIRAMFIN,27-FEB-2025
2025-02-03 09:37:00.878188,SHRIRAMFIN27FEB25F,FUTSTK,524.05,1242000,524.1,524.45,34761000,1500,1500,SHRIRAMFIN,27-FEB-2025
2025-02-03 09:37:09.855335,SHRIRAMFIN27FEB25F,FUTSTK,524.4,1244250,524.15,524.6,34761000,2250,750,SHRIRAMFIN,27-FEB-2025
2025-02-03 09:37:17.208727,SHRIRAMFIN27FEB25F,FUTSTK,524.05,1246500,524.0,524.4,34761000,750,750,SHRIRAMFIN,27-FEB-2025
2025-02-03 09:37:25.181401,SHRIRAMFIN27FEB25F,FUTSTK,524.25,1248750,523.95,524.25,34761000,1500,750,SHRIRAMFIN,27-FEB-2025
2025-02-03 09:37:32.996811,SHRIRAMFIN27FEB25F,FUTSTK,524.8,1251000,524.15,524.6,34761000,750,3000,SHRIRAMFIN,27-FEB-2025
2025-02-03 09:37:42.014472,SHRIRAMFIN27FEB25F,FUTSTK,524.35,1253250,524.0,524.35,34761000,750,3750,SHRIRAMFIN,27-FEB-2025
2025-02-03 09:37:51.325264,SHRIRAMFIN27FEB25F,FUTSTK,524.15,1253250,524.0,524.35,34761000,750,3750,SHRIRAMFIN,27-FEB-2025
2025-02-03 09:38:02.250337,SHRIRAMFIN27FEB25F,FUTSTK,524.15,1253250,524.0,524.35,34761000,750,3750,SHRIRAMFIN,27-FEB-2025
2025-02-03 09:38:12.645619,SHRIRAMFIN27FEB25F,FUTSTK,523.95,1256250,524.15,524.3,34761000,750,750,SHRIRAMFIN,27-FEB-2025
2025-02-03 09:38:22.172938,SHRIRAMFIN27FEB25F,FUTSTK,523.85,1256250,524.15,524.3,34761000,750,750,SHRIRAMFIN,27-FEB-2025
2025-02-03 09:38:29.941115,SHRIRAMFIN27FEB25F,FUTSTK,523.4,1256250,524.15,524.3,34761000,750,750,SHRIRAMFIN,27-FEB-2025
2025-02-03 09:38:37.493118,SHRIRAMFIN27FEB25F,FUTSTK,524.15,1366500,523.35,523.7,34761000,750,750,SHRIRAMFIN,27-FEB-2025
2025-02-03 09:38:47.569722,SHRIRAMFIN27FEB25F,FUTSTK,524.3,1392750,524.2,524.35,34761000,2250,750,SHRIRAMFIN,27-FEB-2025
2025-02-03 09:38:58.633076,SHRIRAMFIN27FEB25F,FUTSTK,524.55,1399500,524.5,524.85,34761000,2250,750,SHRIRAMFIN,27-FEB-2025
2025-02-03 09:39:06.989042,SHRIRAMFIN27FEB25F,FUTSTK,524.1,1402500,524.2,524.55,34761000,2250,2250,SHRIRAMFIN,27-FEB-2025
2025-02-03 09:39:18.459920,SHRIRAMFIN27FEB25F,FUTSTK,524.4,1404750,524.4,524.85,34761000,750,750,SHRIRAMFIN,27-FEB-2025
2025-02-03 09:39:31.526679,SHRIRAMFIN27FEB25F,FUTSTK,524.4,1404750,524.8,525.15,34761000,750,750,SHRIRAMFIN,27-FEB-2025
2025-02-03 09:39:39.878063,SHRIRAMFIN27FEB25F,FUTSTK,524.55,1407750,524.35,524.75,34761000,750,750,SHRIRAMFIN,27-FEB-2025
2025-02-03 09:39:47.946752,SHRIRAMFIN27FEB25F,FUTSTK,524.75,1407750,524.35,524.75,34643250,750,750,SHRIRAMFIN,27-FEB-2025
2025-02-03 09:39:55.618354,SHRIRAMFIN27FEB25F,FUTSTK,524.2,1411500,524.25,524.6,34643250,750,750,SHRIRAMFIN,27-FEB-2025
2025-02-03 09:40:05.079589,SHRIRAMFIN27FEB25F,FUTSTK,524.55,1411500,524.25,524.6,34643250,750,750,SHRIRAMFIN,27-FEB-2025
2025-02-03 09:40:16.134412,SHRIRAMFIN27FEB25F,FUTSTK,524.75,1411500,524.25,524.6,34643250,750,750,SHRIRAMFIN,27-FEB-2025
2025-02-03 09:40:26.429727,SHRIRAMFIN27FEB25F,FUTSTK,524.9,1422750,525.05,525.45,34643250,2250,2250,SHRIRAMFIN,27-FEB-2025
2025-02-03 09:40:38.530415,SHRIRAMFIN27FEB25F,FUTSTK,525.05,1422750,525.05,525.45,34643250,2250,2250,SHRIRAMFIN,27-FEB-2025
2025-02-03 09:40:51.853249,SHRIRAMFIN27FEB25F,FUTSTK,525.2,1434000,524.75,525.2,34643250,1500,1500,SHRIRAMFIN,27-FEB-2025
2025-02-03 09:40:59.307112,SHRIRAMFIN27FEB25F,FUTSTK,525.3,1434000,524.75,525.2,34643250,1500,1500,SHRIRAMFIN,27-FEB-2025
2025-02-03 09:41:07.024663,SHRIRAMFIN27FEB25F,FUTSTK,525.1,1434000,524.75,525.2,34643250,1500,1500,SHRIRAMFIN,27-FEB-2025
2025-02-03 09:41:14.659876,SHRIRAMFIN27FEB25F,FUTSTK,525.0,1441500,524.85,525.15,34643250,2250,1500,SHRIRAMFIN,27-FEB-2025
2025-02-03 09:41:23.392542,SHRIRAMFIN27FEB25F,FUTSTK,525.2,1441500,524.85,525.15,34643250,2250,1500,SHRIRAMFIN,27-FEB-2025
2025-02-03 09:41:32.483069,SHRIRAMFIN27FEB25F,FUTSTK,525.5,1441500,524.85,525.15,34643250,2250,1500,SHRIRAMFIN,27-FEB-2025
2025-02-03 09:41:40.981771,SHRIRAMFIN27FEB25F,FUTSTK,524.2,1450500,524.1,524.5,34643250,1500,750,SHRIRAMFIN,27-FEB-2025
2025-02-03 09:41:54.826687,SHRIRAMFIN27FEB25F,FUTSTK,524.75,1458750,524.5,524.9,34643250,750,750,SHRIRAMFIN,27-FEB-2025
2025-02-03 09:42:05.270707,SHRIRAMFIN27FEB25F,FUTSTK,524.85,1461750,524.7,525.05,34643250,1500,1500,SHRIRAMFIN,27-FEB-2025
2025-02-03 09:42:13.281372,SHRIRAMFIN27FEB25F,FUTSTK,524.95,1464000,524.75,525.1,34643250,1500,1500,SHRIRAMFIN,27-FEB-2025
2025-02-03 09:42:21.534509,SHRIRAMFIN27FEB25F,FUTSTK,524.95,1464750,524.8,525.1,34643250,1500,750,SHRIRAMFIN,27-FEB-2025
2025-02-03 09:42:29.548700,SHRIRAMFIN27FEB25F,FUTSTK,524.95,1467750,524.9,525.3,34643250,750,1500,SHRIRAMFIN,27-FEB-2025
2025-02-03 09:42:37.477223,SHRIRAMFIN27FEB25F,FUTSTK,525.7,1470000,525.25,525.55,34643250,750,750,SHRIRAMFIN,27-FEB-2025
2025-02-03 09:42:45.118858,SHRIRAMFIN27FEB25F,FUTSTK,525.2,1473750,525.2,525.55,34604250,1500,750,SHRIRAMFIN,27-FEB-2025
2025-02-03 09:42:52.974070,SHRIRAMFIN27FEB25F,FUTSTK,525.45,1476750,525.0,525.5,34604250,750,6000,SHRIRAMFIN,27-FEB-2025
2025-02-03 09:43:00.956799,SHRIRAMFIN27FEB25F,FUTSTK,525.45,1478250,525.6,525.7,34604250,750,750,SHRIRAMFIN,27-FEB-2025
2025-02-03 09:43:11.158152,SHRIRAMFIN27FEB25F,FUTSTK,526.2,1483500,526.2,526.5,34604250,1500,3000,SHRIRAMFIN,27-FEB-2025
2025-02-03 09:43:21.510577,SHRIRAMFIN27FEB25F,FUTSTK,525.75,1488000,525.4,525.85,34604250,750,750,SHRIRAMFIN,27-FEB-2025
2025-02-03 09:43:29.114381,SHRIRAMFIN27FEB25F,FUTSTK,526.2,1492500,525.95,526.3,34604250,750,3000,SHRIRAMFIN,27-FEB-2025
2025-02-03 09:43:36.758396,SHRIRAMFIN27FEB25F,FUTSTK,526.2,1492500,526.45,526.8,34604250,750,750,SHRIRAMFIN,27-FEB-2025
2025-02-03 09:43:44.330789,SHRIRAMFIN27FEB25F,FUTSTK,526.75,1493250,526.6,526.95,34604250,750,750,SHRIRAMFIN,27-FEB-2025
2025-02-03 09:43:53.246563,SHRIRAMFIN27FEB25F,FUTSTK,526.45,1495500,526.2,526.4,34604250,750,750,SHRIRAMFIN,27-FEB-2025
2025-02-03 09:44:01.282252,SHRIRAMFIN27FEB25F,FUTSTK,526.85,1495500,526.2,526.4,34604250,750,750,SHRIRAMFIN,27-FEB-2025
2025-02-03 09:44:09.119166,SHRIRAMFIN27FEB25F,FUTSTK,526.2,1495500,526.2,526.4,34604250,750,750,SHRIRAMFIN,27-FEB-2025
2025-02-03 09:44:18.035700,SHRIRAMFIN27FEB25F,FUTSTK,527.0,1495500,526.2,526.4,34604250,750,750,SHRIRAMFIN,27-FEB-2025
2025-02-03 09:44:28.483363,SHRIRAMFIN27FEB25F,FUTSTK,527.05,1523250,527.25,527.7,34604250,1500,3000,SHRIRAMFIN,27-FEB-2025
2025-02-03 09:44:37.433738,SHRIRAMFIN27FEB25F,FUTSTK,527.2,1523250,527.25,527.7,34604250,1500,3000,SHRIRAMFIN,27-FEB-2025
2025-02-03 09:44:44.964017,SHRIRAMFIN27FEB25F,FUTSTK,526.7,1531500,526.3,526.75,34604250,1500,1500,SHRIRAMFIN,27-FEB-2025
2025-02-03 09:44:52.759906,SHRIRAMFIN27FEB25F,FUTSTK,526.45,1532250,526.1,526.45,34604250,750,750,SHRIRAMFIN,27-FEB-2025
2025-02-03 09:45:01.051553,SHRIRAMFIN27FEB25F,FUTSTK,526.75,1544250,526.45,527.0,34604250,750,4500,SHRIRAMFIN,27-FEB-2025
2025-02-03 09:45:08.668992,SHRIRAMFIN27FEB25F,FUTSTK,526.65,1566000,526.25,526.75,34604250,1500,750,SHRIRAMFIN,27-FEB-2025
2025-02-03 09:45:17.318050,SHRIRAMFIN27FEB25F,FUTSTK,526.6,1567500,526.35,526.8,34604250,750,1500,SHRIRAMFIN,27-FEB-2025
2025-02-03 09:45:33.114124,SHRIRAMFIN27FEB25F,FUTSTK,526.6,1569000,526.6,526.75,34604250,750,750,SHRIRAMFIN,27-FEB-2025
2025-02-03 09:45:44.293212,SHRIRAMFIN27FEB25F,FUTSTK,526.5,1572000,526.6,527.05,34595250,1500,4500,SHRIRAMFIN,27-FEB-2025
2025-02-03 09:45:54.253925,SHRIRAMFIN27FEB25F,FUTSTK,527.3,1572000,526.6,527.05,34595250,1500,4500,SHRIRAMFIN,27-FEB-2025
2025-02-03 09:46:01.886978,SHRIRAMFIN27FEB25F,FUTSTK,527.45,1572000,526.6,527.05,34595250,1500,4500,SHRIRAMFIN,27-FEB-2025
2025-02-03 09:46:10.034317,SHRIRAMFIN27FEB25F,FUTSTK,528.1,1602000,528.2,528.7,34595250,750,750,SHRIRAMFIN,27-FEB-2025
2025-02-03 09:46:17.885821,SHRIRAMFIN27FEB25F,FUTSTK,528.0,1602000,528.2,528.7,34595250,750,750,SHRIRAMFIN,27-FEB-2025
2025-02-03 09:46:25.671319,SHRIRAMFIN27FEB25F,FUTSTK,528.2,1602000,528.2,528.7,34595250,750,750,SHRIRAMFIN,27-FEB-2025
2025-02-03 09:46:33.281602,SHRIRAMFIN27FEB25F,FUTSTK,528.9,1602000,528.2,528.7,34595250,750,750,SHRIRAMFIN,27-FEB-2025
2025-02-03 09:46:41.117015,SHRIRAMFIN27FEB25F,FUTSTK,528.45,1620000,528.35,528.65,34595250,750,750,SHRIRAMFIN,27-FEB-2025
2025-02-03 09:46:51.075093,SHRIRAMFIN27FEB25F,FUTSTK,528.55,1627500,528.5,528.8,34595250,750,1500,SHRIRAMFIN,27-FEB-2025
2025-02-03 09:47:01.033969,SHRIRAMFIN27FEB25F,FUTSTK,528.65,1629000,528.5,528.8,34595250,2250,1500,SHRIRAMFIN,27-FEB-2025
2025-02-03 09:47:09.960535,SHRIRAMFIN27FEB25F,FUTSTK,528.45,1631250,528.15,528.65,34595250,750,750,SHRIRAMFIN,27-FEB-2025
2025-02-03 09:47:18.659236,SHRIRAMFIN27FEB25F,FUTSTK,527.9,1632750,527.7,528.1,34595250,750,750,SHRIRAMFIN,27-FEB-2025
2025-02-03 09:47:32.975539,SHRIRAMFIN27FEB25F,FUTSTK,527.9,1632750,527.25,527.8,34595250,750,750,SHRIRAMFIN,27-FEB-2025
2025-02-03 09:47:57.338434,SHRIRAMFIN27FEB25F,FUTSTK,527.05,1636500,527.05,527.55,34595250,1500,1500,SHRIRAMFIN,27-FEB-2025
2025-02-03 09:48:05.272277,SHRIRAMFIN27FEB25F,FUTSTK,526.45,1636500,527.05,527.55,34595250,1500,1500,SHRIRAMFIN,27-FEB-2025
2025-02-03 09:48:18.069051,SHRIRAMFIN27FEB25F,FUTSTK,526.55,1636500,527.05,527.55,34595250,1500,1500,SHRIRAMFIN,27-FEB-2025
2025-02-03 09:48:27.912384,SHRIRAMFIN27FEB25F,FUTSTK,526.55,1641750,526.35,526.9,34595250,750,1500,SHRIRAMFIN,27-FEB-2025
2025-02-03 09:48:36.879135,SHRIRAMFIN27FEB25F,FUTSTK,526.3,1641750,526.35,526.9,34595250,750,1500,SHRIRAMFIN,27-FEB-2025
2025-02-03 09:48:44.834860,SHRIRAMFIN27FEB25F,FUTSTK,526.3,1641750,526.35,526.9,34595250,750,1500,SHRIRAMFIN,27-FEB-2025
2025-02-03 09:48:55.163970,SHRIRAMFIN27FEB25F,FUTSTK,526.1,1645500,526.15,526.5,34587000,750,750,SHRIRAMFIN,27-FEB-2025
2025-02-03 09:49:03.671670,SHRIRAMFIN27FEB25F,FUTSTK,525.75,1645500,526.15,526.5,34587000,750,750,SHRIRAMFIN,27-FEB-2025
2025-02-03 09:49:13.547883,SHRIRAMFIN27FEB25F,FUTSTK,525.3,1645500,526.15,526.5,34587000,750,750,SHRIRAMFIN,27-FEB-2025
2025-02-03 09:49:24.816599,SHRIRAMFIN27FEB25F,FUTSTK,525.2,1648500,524.9,525.45,34587000,750,750,SHRIRAMFIN,27-FEB-2025
2025-02-03 09:49:37.241798,SHRIRAMFIN27FEB25F,FUTSTK,524.4,1648500,524.9,525.45,34587000,750,750,SHRIRAMFIN,27-FEB-2025
2025-02-03 09:49:46.399856,SHRIRAMFIN27FEB25F,FUTSTK,524.6,1653000,524.05,524.6,34587000,750,1500,SHRIRAMFIN,27-FEB-2025
2025-02-03 09:49:56.925244,SHRIRAMFIN27FEB25F,FUTSTK,524.6,1653000,524.05,524.6,34587000,750,1500,SHRIRAMFIN,27-FEB-2025
2025-02-03 09:50:06.125391,SHRIRAMFIN27FEB25F,FUTSTK,524.6,1653000,524.05,524.6,34587000,750,1500,SHRIRAMFIN,27-FEB-2025
2025-02-03 09:50:14.924231,SHRIRAMFIN27FEB25F,FUTSTK,524.8,1661250,524.6,524.8,34587000,2250,750,SHRIRAMFIN,27-FEB-2025
2025-02-03 09:50:24.509311,SHRIRAMFIN27FEB25F,FUTSTK,525.0,1661250,524.6,524.8,34587000,2250,750,SHRIRAMFIN,27-FEB-2025
2025-02-03 09:50:33.725145,SHRIRAMFIN27FEB25F,FUTSTK,524.95,1667250,524.95,525.25,34587000,1500,750,SHRIRAMFIN,27-FEB-2025
2025-02-03 09:50:44.188338,SHRIRAMFIN27FEB25F,FUTSTK,525.85,1667250,524.95,525.25,34587000,1500,750,SHRIRAMFIN,27-FEB-2025
2025-02-03 09:50:56.242089,SHRIRAMFIN27FEB25F,FUTSTK,526.0,1667250,524.95,525.25,34587000,1500,750,SHRIRAMFIN,27-FEB-2025
2025-02-03 09:51:04.671442,SHRIRAMFIN27FEB25F,FUTSTK,525.7,1673250,526.05,526.5,34587000,1500,1500,SHRIRAMFIN,27-FEB-2025
2025-02-03 09:51:12.734135,SHRIRAMFIN27FEB25F,FUTSTK,525.65,1673250,526.05,526.5,34587000,1500,1500,SHRIRAMFIN,27-FEB-2025
2025-02-03 09:51:21.234346,SHRIRAMFIN27FEB25F,FUTSTK,526.1,1673250,526.05,526.5,34587000,1500,1500,SHRIRAMFIN,27-FEB-2025
2025-02-03 09:51:29.355227,SHRIRAMFIN27FEB25F,FUTSTK,526.35,1683000,526.35,526.75,34587000,1500,1500,SHRIRAMFIN,27-FEB-2025
2025-02-03 09:51:37.625862,SHRIRAMFIN27FEB25F,FUTSTK,526.5,1683000,526.35,526.75,34587000,1500,1500,SHRIRAMFIN,27-FEB-2025
2025-02-03 09:51:46.332801,SHRIRAMFIN27FEB25F,FUTSTK,526.6,1683000,526.35,526.75,34590000,1500,1500,SHRIRAMFIN,27-FEB-2025
2025-02-03 09:51:54.179862,SHRIRAMFIN27FEB25F,FUTSTK,526.45,1692000,526.35,526.65,34590000,750,750,SHRIRAMFIN,27-FEB-2025
2025-02-03 09:52:06.612731,SHRIRAMFIN27FEB25F,FUTSTK,526.45,1692000,526.35,526.65,34590000,750,750,SHRIRAMFIN,27-FEB-2025
2025-02-03 09:52:17.172763,SHRIRAMFIN27FEB25F,FUTSTK,526.45,1692000,526.35,526.65,34590000,750,750,SHRIRAMFIN,27-FEB-2025
2025-02-03 09:52:27.246177,SHRIRAMFIN27FEB25F,FUTSTK,526.8,1692000,526.75,527.0,34590000,2250,1500,SHRIRAMFIN,27-FEB-2025
2025-02-03 09:52:34.970862,SHRIRAMFIN27FEB25F,FUTSTK,526.75,1692000,526.75,527.0,34590000,2250,1500,SHRIRAMFIN,27-FEB-2025
2025-02-03 09:52:42.730944,SHRIRAMFIN27FEB25F,FUTSTK,526.15,1692000,526.75,527.0,34590000,2250,1500,SHRIRAMFIN,27-FEB-2025
2025-02-03 09:52:50.815210,SHRIRAMFIN27FEB25F,FUTSTK,526.15,1698000,525.9,526.25,34590000,750,750,SHRIRAMFIN,27-FEB-2025
2025-02-03 09:52:58.175091,SHRIRAMFIN27FEB25F,FUTSTK,526.15,1698000,525.9,526.25,34590000,750,750,SHRIRAMFIN,27-FEB-2025
2025-02-03 09:53:06.008006,SHRIRAMFIN27FEB25F,FUTSTK,526.15,1698000,525.9,526.25,34590000,750,750,SHRIRAMFIN,27-FEB-2025
2025-02-03 09:53:16.066460,SHRIRAMFIN27FEB25F,FUTSTK,525.6,1698750,525.25,525.65,34590000,750,750,SHRIRAMFIN,27-FEB-2025
2025-02-03 09:53:25.303169,SHRIRAMFIN27FEB25F,FUTSTK,525.7,1698750,525.25,525.65,34590000,750,750,SHRIRAMFIN,27-FEB-2025
2025-02-03 09:53:35.676600,SHRIRAMFIN27FEB25F,FUTSTK,526.0,1698750,525.25,525.65,34590000,750,750,SHRIRAMFIN,27-FEB-2025
2025-02-03 09:53:43.439038,SHRIRAMFIN27FEB25F,FUTSTK,526.25,1704750,526.15,526.55,34590000,750,750,SHRIRAMFIN,27-FEB-2025
2025-02-03 09:53:51.253233,SHRIRAMFIN27FEB25F,FUTSTK,526.25,1704750,526.15,526.55,34590000,750,750,SHRIRAMFIN,27-FEB-2025
2025-02-03 09:53:59.190725,SHRIRAMFIN27FEB25F,FUTSTK,525.9,1704750,526.15,526.55,34590000,750,750,SHRIRAMFIN,27-FEB-2025
2025-02-03 09:54:06.935036,SHRIRAMFIN27FEB25F,FUTSTK,525.9,1707000,526.05,526.4,34590000,750,750,SHRIRAMFIN,27-FEB-2025
2025-02-03 09:54:15.011971,SHRIRAMFIN27FEB25F,FUTSTK,525.9,1707000,526.05,526.4,34590000,750,750,SHRIRAMFIN,27-FEB-2025
2025-02-03 09:54:22.562370,SHRIRAMFIN27FEB25F,FUTSTK,525.9,1707000,526.05,526.4,34590000,750,750,SHRIRAMFIN,27-FEB-2025
2025-02-03 09:54:32.417166,SHRIRAMFIN27FEB25F,FUTSTK,526.25,1707750,526.0,526.25,34590000,750,750,SHRIRAMFIN,27-FEB-2025
2025-02-03 09:54:43.500854,SHRIRAMFIN27FEB25F,FUTSTK,526.7,1707750,526.0,526.25,34575750,750,750,SHRIRAMFIN,27-FEB-2025
2025-02-03 09:54:52.080880,SHRIRAMFIN27FEB25F,FUTSTK,526.4,1707750,526.0,526.25,34575750,750,750,SHRIRAMFIN,27-FEB-2025
2025-02-03 09:55:02.035852,SHRIRAMFIN27FEB25F,FUTSTK,526.1,1710750,525.95,526.35,34575750,1500,750,SHRIRAMFIN,27-FEB-2025
2025-02-03 09:55:09.699489,SHRIRAMFIN27FEB25F,FUTSTK,526.1,1710750,525.95,526.35,34575750,1500,750,SHRIRAMFIN,27-FEB-2025
2025-02-03 09:55:17.988823,SHRIRAMFIN27FEB25F,FUTSTK,526.1,1710750,525.95,526.35,34575750,1500,750,SHRIRAMFIN,27-FEB-2025
2025-02-03 09:55:26.997021,SHRIRAMFIN27FEB25F,FUTSTK,526.65,1711500,526.35,526.7,34575750,1500,750,SHRIRAMFIN,27-FEB-2025
2025-02-03 09:55:34.951205,SHRIRAMFIN27FEB25F,FUTSTK,526.65,1711500,526.35,526.7,34575750,1500,750,SHRIRAMFIN,27-FEB-2025
2025-02-03 09:55:44.631709,SHRIRAMFIN27FEB25F,FUTSTK,526.65,1711500,526.35,526.7,34575750,1500,750,SHRIRAMFIN,27-FEB-2025
2025-02-03 09:55:56.618431,SHRIRAMFIN27FEB25F,FUTSTK,526.3,1711500,526.35,526.6,34575750,750,1500,SHRIRAMFIN,27-FEB-2025
2025-02-03 09:56:06.146717,SHRIRAMFIN27FEB25F,FUTSTK,526.4,1711500,526.35,526.6,34575750,750,1500,SHRIRAMFIN,27-FEB-2025
2025-02-03 09:56:14.394424,SHRIRAMFIN27FEB25F,FUTSTK,527.35,1711500,526.35,526.6,34575750,750,1500,SHRIRAMFIN,27-FEB-2025
2025-02-03 09:56:21.987580,SHRIRAMFIN27FEB25F,FUTSTK,527.35,1716750,527.25,527.5,34575750,750,750,SHRIRAMFIN,27-FEB-2025
2025-02-03 09:56:29.847742,SHRIRAMFIN27FEB25F,FUTSTK,527.25,1716750,527.25,527.5,34575750,750,750,SHRIRAMFIN,27-FEB-2025
2025-02-03 09:56:37.537662,SHRIRAMFIN27FEB25F,FUTSTK,527.0,1716750,527.25,527.5,34575750,750,750,SHRIRAMFIN,27-FEB-2025
2025-02-03 09:56:45.298199,SHRIRAMFIN27FEB25F,FUTSTK,527.0,1716750,527.25,527.5,34575750,750,750,SHRIRAMFIN,27-FEB-2025
2025-02-03 09:56:54.951049,SHRIRAMFIN27FEB25F,FUTSTK,527.0,1720500,526.55,526.95,34575750,1500,1500,SHRIRAMFIN,27-FEB-2025
2025-02-03 09:57:04.482848,SHRIRAMFIN27FEB25F,FUTSTK,527.45,1720500,526.55,526.95,34575750,1500,1500,SHRIRAMFIN,27-FEB-2025
2025-02-03 09:57:17.171237,SHRIRAMFIN27FEB25F,FUTSTK,527.3,1725000,527.55,527.8,34575750,1500,750,SHRIRAMFIN,27-FEB-2025
2025-02-03 09:57:27.753112,SHRIRAMFIN27FEB25F,FUTSTK,527.0,1725000,527.55,527.8,34575750,1500,750,SHRIRAMFIN,27-FEB-2025
2025-02-03 09:57:37.679994,SHRIRAMFIN27FEB25F,FUTSTK,527.0,1731750,526.7,527.05,34575750,750,750,SHRIRAMFIN,27-FEB-2025
2025-02-03 09:57:45.696550,SHRIRAMFIN27FEB25F,FUTSTK,527.0,1731750,526.7,527.05,34575750,750,750,SHRIRAMFIN,27-FEB-2025
2025-02-03 09:57:53.153979,SHRIRAMFIN27FEB25F,FUTSTK,526.9,1731750,526.7,527.05,34567500,750,750,SHRIRAMFIN,27-FEB-2025
2025-02-03 09:58:01.089365,SHRIRAMFIN27FEB25F,FUTSTK,526.9,1731750,526.7,527.05,34567500,750,750,SHRIRAMFIN,27-FEB-2025
2025-02-03 09:58:08.730781,SHRIRAMFIN27FEB25F,FUTSTK,526.9,1732500,526.45,526.75,34567500,750,1500,SHRIRAMFIN,27-FEB-2025
2025-02-03 09:58:15.960566,SHRIRAMFIN27FEB25F,FUTSTK,526.0,1732500,526.45,526.75,34567500,750,1500,SHRIRAMFIN,27-FEB-2025
2025-02-03 09:58:27.839617,SHRIRAMFIN27FEB25F,FUTSTK,526.0,1732500,526.45,526.75,34567500,750,1500,SHRIRAMFIN,27-FEB-2025
2025-02-03 09:58:38.514977,SHRIRAMFIN27FEB25F,FUTSTK,526.05,1737750,525.75,526.2,34567500,1500,750,SHRIRAMFIN,27-FEB-2025
2025-02-03 09:58:46.517468,SHRIRAMFIN27FEB25F,FUTSTK,526.25,1737750,525.75,526.2,34567500,1500,750,SHRIRAMFIN,27-FEB-2025
2025-02-03 09:58:54.452505,SHRIRAMFIN27FEB25F,FUTSTK,526.25,1737750,525.75,526.2,34567500,1500,750,SHRIRAMFIN,27-FEB-2025
2025-02-03 09:59:02.704889,SHRIRAMFIN27FEB25F,FUTSTK,526.9,1739250,526.25,526.65,34567500,750,750,SHRIRAMFIN,27-FEB-2025
2025-02-03 09:59:13.570108,SHRIRAMFIN27FEB25F,FUTSTK,526.9,1739250,526.25,526.65,34567500,750,750,SHRIRAMFIN,27-FEB-2025
2025-02-03 09:59:29.093519,SHRIRAMFIN27FEB25F,FUTSTK,526.8,1741500,526.7,527.1,34567500,750,750,SHRIRAMFIN,27-FEB-2025
2025-02-03 09:59:41.825294,SHRIRAMFIN27FEB25F,FUTSTK,526.15,1743000,526.0,526.3,34567500,1500,1500,SHRIRAMFIN,27-FEB-2025
2025-02-03 09:59:52.440231,SHRIRAMFIN27FEB25F,FUTSTK,526.25,1743750,526.05,526.5,34567500,2250,750,SHRIRAMFIN,27-FEB-2025
2025-02-03 10:00:00.563992,SHRIRAMFIN27FEB25F,FUTSTK,526.25,1743750,526.4,526.75,34567500,750,750,SHRIRAMFIN,27-FEB-2025
2025-02-03 10:00:08.405964,SHRIRAMFIN27FEB25F,FUTSTK,526.25,1743750,526.35,526.8,34567500,750,750,SHRIRAMFIN,27-FEB-2025
2025-02-03 10:00:16.566616,SHRIRAMFIN27FEB25F,FUTSTK,526.25,1743750,526.7,527.0,34567500,750,1500,SHRIRAMFIN,27-FEB-2025
2025-02-03 10:00:29.216854,SHRIRAMFIN27FEB25F,FUTSTK,526.7,1744500,526.7,527.0,34567500,750,1500,SHRIRAMFIN,27-FEB-2025
2025-02-03 10:00:40.252752,SHRIRAMFIN27FEB25F,FUTSTK,526.7,1744500,526.5,526.8,34567500,750,750,SHRIRAMFIN,27-FEB-2025
2025-02-03 10:00:51.970051,SHRIRAMFIN27FEB25F,FUTSTK,526.5,1744500,526.5,526.8,34557750,750,750,SHRIRAMFIN,27-FEB-2025
2025-02-03 10:01:03.328758,SHRIRAMFIN27FEB25F,FUTSTK,526.5,1744500,526.5,526.8,34557750,750,750,SHRIRAMFIN,27-FEB-2025
2025-02-03 10:01:14.135000,SHRIRAMFIN27FEB25F,FUTSTK,526.8,1746000,526.5,526.8,34557750,750,1500,SHRIRAMFIN,27-FEB-2025
2025-02-03 10:01:22.497554,SHRIRAMFIN27FEB25F,FUTSTK,526.8,1746000,526.5,526.8,34557750,750,1500,SHRIRAMFIN,27-FEB-2025
2025-02-03 10:01:31.327754,SHRIRAMFIN27FEB25F,FUTSTK,527.25,1746000,526.5,526.8,34557750,750,1500,SHRIRAMFIN,27-FEB-2025
2025-02-03 10:01:38.838023,SHRIRAMFIN27FEB25F,FUTSTK,527.45,1758000,527.25,527.45,34557750,750,750,SHRIRAMFIN,27-FEB-2025
2025-02-03 10:01:46.765338,SHRIRAMFIN27FEB25F,FUTSTK,527.75,1758000,527.25,527.45,34557750,750,750,SHRIRAMFIN,27-FEB-2025
2025-02-03 10:01:55.135530,SHRIRAMFIN27FEB25F,FUTSTK,527.7,1758000,527.25,527.45,34557750,750,750,SHRIRAMFIN,27-FEB-2025
2025-02-03 10:02:02.908097,SHRIRAMFIN27FEB25F,FUTSTK,527.6,1767000,527.35,527.65,34557750,750,750,SHRIRAMFIN,27-FEB-2025
2025-02-03 10:02:14.152744,SHRIRAMFIN27FEB25F,FUTSTK,527.95,1767000,527.35,527.65,34557750,750,750,SHRIRAMFIN,27-FEB-2025
2025-02-03 10:02:25.137564,SHRIRAMFIN27FEB25F,FUTSTK,527.9,1771500,527.5,527.8,34557750,750,1500,SHRIRAMFIN,27-FEB-2025
2025-02-03 10:02:37.133246,SHRIRAMFIN27FEB25F,FUTSTK,527.15,1771500,527.5,527.8,34557750,750,1500,SHRIRAMFIN,27-FEB-2025
2025-02-03 10:02:48.622138,SHRIRAMFIN27FEB25F,FUTSTK,526.9,1771500,527.5,527.8,34557750,750,1500,SHRIRAMFIN,27-FEB-2025
2025-02-03 10:03:00.159105,SHRIRAMFIN27FEB25F,FUTSTK,526.55,1784250,526.7,527.0,34557750,750,750,SHRIRAMFIN,27-FEB-2025
2025-02-03 10:03:09.829186,SHRIRAMFIN27FEB25F,FUTSTK,526.55,1784250,526.7,527.0,34557750,750,750,SHRIRAMFIN,27-FEB-2025
2025-02-03 10:03:17.609249,SHRIRAMFIN27FEB25F,FUTSTK,526.4,1784250,526.7,527.0,34557750,750,750,SHRIRAMFIN,27-FEB-2025
2025-02-03 10:03:25.926408,SHRIRAMFIN27FEB25F,FUTSTK,526.0,1788000,526.15,526.4,34557750,750,4500,SHRIRAMFIN,27-FEB-2025
2025-02-03 10:03:41.729021,SHRIRAMFIN27FEB25F,FUTSTK,526.15,1788000,526.15,526.4,34557750,750,4500,SHRIRAMFIN,27-FEB-2025
2025-02-03 10:03:51.426020,SHRIRAMFIN27FEB25F,FUTSTK,526.15,1796250,525.8,526.2,34557750,750,750,SHRIRAMFIN,27-FEB-2025
2025-02-03 10:03:59.136475,SHRIRAMFIN27FEB25F,FUTSTK,526.5,1796250,525.8,526.2,34558500,750,750,SHRIRAMFIN,27-FEB-2025
2025-02-03 10:04:06.983719,SHRIRAMFIN27FEB25F,FUTSTK,526.5,1796250,525.8,526.2,34558500,750,750,SHRIRAMFIN,27-FEB-2025
2025-02-03 10:04:15.305043,SHRIRAMFIN27FEB25F,FUTSTK,526.5,1797000,526.55,526.85,34558500,750,750,SHRIRAMFIN,27-FEB-2025
2025-02-03 10:04:26.079726,SHRIRAMFIN27FEB25F,FUTSTK,526.55,1797000,526.55,526.85,34558500,750,750,SHRIRAMFIN,27-FEB-2025
2025-02-03 10:04:41.032025,SHRIRAMFIN27FEB25F,FUTSTK,526.35,1798500,526.35,526.75,34558500,1500,750,SHRIRAMFIN,27-FEB-2025
2025-02-03 10:04:53.242872,SHRIRAMFIN27FEB25F,FUTSTK,526.5,1798500,526.35,526.75,34558500,1500,750,SHRIRAMFIN,27-FEB-2025
2025-02-03 10:05:02.585928,SHRIRAMFIN27FEB25F,FUTSTK,526.5,1800750,526.45,526.75,34558500,750,1500,SHRIRAMFIN,27-FEB-2025
2025-02-03 10:05:10.310853,SHRIRAMFIN27FEB25F,FUTSTK,526.5,1800750,526.45,526.75,34558500,750,1500,SHRIRAMFIN,27-FEB-2025
2025-02-03 10:05:18.435006,SHRIRAMFIN27FEB25F,FUTSTK,526.5,1800750,526.45,526.75,34558500,750,1500,SHRIRAMFIN,27-FEB-2025
2025-02-03 10:05:26.267012,SHRIRAMFIN27FEB25F,FUTSTK,526.4,1800750,526.45,526.75,34558500,750,1500,SHRIRAMFIN,27-FEB-2025
2025-02-03 10:05:33.602177,SHRIRAMFIN27FEB25F,FUTSTK,525.95,1806000,525.8,526.2,34558500,1500,750,SHRIRAMFIN,27-FEB-2025
2025-02-03 10:05:40.883727,SHRIRAMFIN27FEB25F,FUTSTK,526.0,1806000,525.8,526.2,34558500,1500,750,SHRIRAMFIN,27-FEB-2025
2025-02-03 10:05:48.517861,SHRIRAMFIN27FEB25F,FUTSTK,526.0,1806000,525.8,526.2,34558500,1500,750,SHRIRAMFIN,27-FEB-2025
2025-02-03 10:05:55.989612,SHRIRAMFIN27FEB25F,FUTSTK,526.2,1807500,525.8,526.15,34558500,750,3750,SHRIRAMFIN,27-FEB-2025
2025-02-03 10:06:07.207852,SHRIRAMFIN27FEB25F,FUTSTK,526.2,1807500,525.8,526.15,34558500,750,3750,SHRIRAMFIN,27-FEB-2025
2025-02-03 10:06:17.093131,SHRIRAMFIN27FEB25F,FUTSTK,526.95,1807500,525.8,526.15,34558500,750,3750,SHRIRAMFIN,27-FEB-2025
2025-02-03 10:06:24.808108,SHRIRAMFIN27FEB25F,FUTSTK,527.0,1812750,526.95,527.35,34558500,2250,2250,SHRIRAMFIN,27-FEB-2025
2025-02-03 10:06:33.144445,SHRIRAMFIN27FEB25F,FUTSTK,527.05,1812750,526.95,527.35,34558500,2250,2250,SHRIRAMFIN,27-FEB-2025
2025-02-03 10:06:41.466248,SHRIRAMFIN27FEB25F,FUTSTK,526.85,1816500,526.6,526.95,34558500,750,2250,SHRIRAMFIN,27-FEB-2025
2025-02-03 10:06:49.310539,SHRIRAMFIN27FEB25F,FUTSTK,526.85,1816500,526.55,526.8,34558500,750,750,SHRIRAMFIN,27-FEB-2025
2025-02-03 10:07:04.727243,SHRIRAMFIN27FEB25F,FUTSTK,526.75,1819500,526.75,527.15,34561500,1500,750,SHRIRAMFIN,27-FEB-2025
2025-02-03 10:07:16.639921,SHRIRAMFIN27FEB25F,FUTSTK,527.1,1820250,527.05,527.45,34561500,3000,2250,SHRIRAMFIN,27-FEB-2025
2025-02-03 10:07:29.044808,SHRIRAMFIN27FEB25F,FUTSTK,527.1,1820250,527.3,527.5,34561500,1500,750,SHRIRAMFIN,27-FEB-2025
2025-02-03 10:07:37.490102,SHRIRAMFIN27FEB25F,FUTSTK,527.1,1820250,527.4,527.75,34561500,2250,750,SHRIRAMFIN,27-FEB-2025
2025-02-03 10:07:45.040953,SHRIRAMFIN27FEB25F,FUTSTK,527.3,1820250,527.4,527.7,34561500,2250,1500,SHRIRAMFIN,27-FEB-2025
2025-02-03 10:07:52.515539,SHRIRAMFIN27FEB25F,FUTSTK,527.3,1820250,527.4,527.7,34561500,2250,1500,SHRIRAMFIN,27-FEB-2025
2025-02-03 10:08:00.296098,SHRIRAMFIN27FEB25F,FUTSTK,527.3,1823250,527.3,527.65,34561500,750,1500,SHRIRAMFIN,27-FEB-2025
2025-02-03 10:08:08.517758,SHRIRAMFIN27FEB25F,FUTSTK,527.3,1823250,527.3,527.65,34561500,750,1500,SHRIRAMFIN,27-FEB-2025
2025-02-03 10:08:16.245908,SHRIRAMFIN27FEB25F,FUTSTK,526.95,1823250,527.3,527.65,34561500,750,1500,SHRIRAMFIN,27-FEB-2025
2025-02-03 10:08:23.781473,SHRIRAMFIN27FEB25F,FUTSTK,526.75,1823250,527.3,527.65,34561500,750,1500,SHRIRAMFIN,27-FEB-2025
2025-02-03 10:08:31.813265,SHRIRAMFIN27FEB25F,FUTSTK,526.65,1829250,526.35,526.65,34561500,750,750,SHRIRAMFIN,27-FEB-2025
2025-02-03 10:08:42.736094,SHRIRAMFIN27FEB25F,FUTSTK,526.65,1829250,526.35,526.65,34561500,750,750,SHRIRAMFIN,27-FEB-2025
2025-02-03 10:08:51.965064,SHRIRAMFIN27FEB25F,FUTSTK,526.85,1830750,526.55,526.9,34561500,1500,750,SHRIRAMFIN,27-FEB-2025
2025-02-03 10:09:02.735859,SHRIRAMFIN27FEB25F,FUTSTK,526.85,1830750,526.55,526.9,34561500,1500,750,SHRIRAMFIN,27-FEB-2025
2025-02-03 10:09:14.519844,SHRIRAMFIN27FEB25F,FUTSTK,526.75,1830750,526.55,526.9,34561500,1500,750,SHRIRAMFIN,27-FEB-2025
2025-02-03 10:09:24.595781,SHRIRAMFIN27FEB25F,FUTSTK,526.45,1832250,526.35,526.65,34561500,1500,1500,SHRIRAMFIN,27-FEB-2025
2025-02-03 10:09:33.780088,SHRIRAMFIN27FEB25F,FUTSTK,526.45,1832250,526.35,526.65,34561500,1500,1500,SHRIRAMFIN,27-FEB-2025
2025-02-03 10:09:41.571575,SHRIRAMFIN27FEB25F,FUTSTK,526.45,1832250,526.35,526.65,34561500,1500,1500,SHRIRAMFIN,27-FEB-2025
2025-02-03 10:09:50.884164,SHRIRAMFIN27FEB25F,FUTSTK,526.55,1837500,526.45,526.85,34565250,750,750,SHRIRAMFIN,27-FEB-2025
2025-02-03 10:10:01.997344,SHRIRAMFIN27FEB25F,FUTSTK,526.45,1837500,526.45,526.85,34565250,750,750,SHRIRAMFIN,27-FEB-2025
2025-02-03 10:10:10.331610,SHRIRAMFIN27FEB25F,FUTSTK,526.45,1839750,526.6,526.95,34565250,750,3750,SHRIRAMFIN,27-FEB-2025
2025-02-03 10:10:18.959043,SHRIRAMFIN27FEB25F,FUTSTK,526.45,1839750,526.6,526.95,34565250,750,3750,SHRIRAMFIN,27-FEB-2025
2025-02-03 10:10:26.730805,SHRIRAMFIN27FEB25F,FUTSTK,526.5,1839750,526.6,526.95,34565250,750,3750,SHRIRAMFIN,27-FEB-2025
2025-02-03 10:10:34.332299,SHRIRAMFIN27FEB25F,FUTSTK,526.7,1839750,526.6,526.95,34565250,750,3750,SHRIRAMFIN,27-FEB-2025
2025-02-03 10:10:42.597585,SHRIRAMFIN27FEB25F,FUTSTK,526.5,1842750,526.5,526.75,34565250,1500,750,SHRIRAMFIN,27-FEB-2025
2025-02-03 10:10:50.468817,SHRIRAMFIN27FEB25F,FUTSTK,527.15,1842750,526.5,526.75,34565250,1500,750,SHRIRAMFIN,27-FEB-2025
2025-02-03 10:10:57.893339,SHRIRAMFIN27FEB25F,FUTSTK,527.0,1842750,526.5,526.75,34565250,1500,750,SHRIRAMFIN,27-FEB-2025
2025-02-03 10:11:08.647547,SHRIRAMFIN27FEB25F,FUTSTK,526.6,1851000,526.6,527.0,34565250,750,750,SHRIRAMFIN,27-FEB-2025
2025-02-03 10:11:19.231539,SHRIRAMFIN27FEB25F,FUTSTK,526.6,1851000,526.6,527.0,34565250,750,750,SHRIRAMFIN,27-FEB-2025
2025-02-03 10:11:27.564733,SHRIRAMFIN27FEB25F,FUTSTK,526.6,1851000,526.6,527.0,34565250,750,750,SHRIRAMFIN,27-FEB-2025
2025-02-03 10:11:35.723195,SHRIRAMFIN27FEB25F,FUTSTK,527.05,1852500,526.75,527.0,34565250,750,750,SHRIRAMFIN,27-FEB-2025
2025-02-03 10:11:43.049588,SHRIRAMFIN27FEB25F,FUTSTK,527.05,1853250,527.0,527.35,34565250,750,750,SHRIRAMFIN,27-FEB-2025
2025-02-03 10:11:50.411878,SHRIRAMFIN27FEB25F,FUTSTK,527.05,1853250,527.35,527.6,34565250,1500,750,SHRIRAMFIN,27-FEB-2025
2025-02-03 10:11:58.048620,SHRIRAMFIN27FEB25F,FUTSTK,527.15,1856250,527.05,527.35,34565250,750,750,SHRIRAMFIN,27-FEB-2025
2025-02-03 10:12:05.913874,SHRIRAMFIN27FEB25F,FUTSTK,527.45,1862250,527.45,527.75,34565250,750,2250,SHRIRAMFIN,27-FEB-2025
2025-02-03 10:12:13.936957,SHRIRAMFIN27FEB25F,FUTSTK,527.6,1866000,527.6,527.85,34565250,750,750,SHRIRAMFIN,27-FEB-2025
2025-02-03 10:12:23.349461,SHRIRAMFIN27FEB25F,FUTSTK,527.6,1866750,527.6,527.8,34565250,750,750,SHRIRAMFIN,27-FEB-2025
2025-02-03 10:12:33.942959,SHRIRAMFIN27FEB25F,FUTSTK,527.6,1869000,527.35,527.7,34565250,750,750,SHRIRAMFIN,27-FEB-2025
2025-02-03 10:12:42.658123,SHRIRAMFIN27FEB25F,FUTSTK,527.35,1869750,527.35,527.65,34565250,750,750,SHRIRAMFIN,27-FEB-2025
2025-02-03 10:12:50.542263,SHRIRAMFIN27FEB25F,FUTSTK,527.35,1869750,527.35,527.75,34565250,750,2250,SHRIRAMFIN,27-FEB-2025
2025-02-03 10:13:03.905967,SHRIRAMFIN27FEB25F,FUTSTK,527.35,1869750,527.35,527.75,34565250,750,2250,SHRIRAMFIN,27-FEB-2025
2025-02-03 10:13:14.652989,SHRIRAMFIN27FEB25F,FUTSTK,526.7,1871250,526.7,527.05,34563750,750,750,SHRIRAMFIN,27-FEB-2025
2025-02-03 10:13:25.575546,SHRIRAMFIN27FEB25F,FUTSTK,526.7,1871250,526.7,527.05,34563750,750,750,SHRIRAMFIN,27-FEB-2025
2025-02-03 10:13:33.221799,SHRIRAMFIN27FEB25F,FUTSTK,526.05,1871250,526.7,527.05,34563750,750,750,SHRIRAMFIN,27-FEB-2025
2025-02-03 10:13:45.345379,SHRIRAMFIN27FEB25F,FUTSTK,526.3,1880250,526.15,526.5,34563750,1500,750,SHRIRAMFIN,27-FEB-2025
2025-02-03 10:13:56.386534,SHRIRAMFIN27FEB25F,FUTSTK,526.3,1880250,526.55,526.95,34563750,750,750,SHRIRAMFIN,27-FEB-2025
2025-02-03 10:14:05.264666,SHRIRAMFIN27FEB25F,FUTSTK,526.25,1884000,526.05,526.4,34563750,750,750,SHRIRAMFIN,27-FEB-2025
2025-02-03 10:14:13.226023,SHRIRAMFIN27FEB25F,FUTSTK,526.25,1884000,526.05,526.4,34563750,2250,1500,SHRIRAMFIN,27-FEB-2025
2025-02-03 10:14:20.872162,SHRIRAMFIN27FEB25F,FUTSTK,526.25,1884000,526.05,526.45,34563750,750,750,SHRIRAMFIN,27-FEB-2025
2025-02-03 10:14:28.340635,SHRIRAMFIN27FEB25F,FUTSTK,526.1,1887000,526.0,526.3,34563750,750,750,SHRIRAMFIN,27-FEB-2025
2025-02-03 10:14:37.534411,SHRIRAMFIN27FEB25F,FUTSTK,526.1,1887000,526.0,526.25,34563750,750,750,SHRIRAMFIN,27-FEB-2025
2025-02-03 10:14:44.900697,SHRIRAMFIN27FEB25F,FUTSTK,526.1,1887000,526.0,526.3,34563750,750,3000,SHRIRAMFIN,27-FEB-2025
2025-02-03 10:14:52.896760,SHRIRAMFIN27FEB25F,FUTSTK,526.0,1887000,526.0,526.3,34563750,750,3000,SHRIRAMFIN,27-FEB-2025
2025-02-03 10:15:07.834158,SHRIRAMFIN27FEB25F,FUTSTK,525.4,1889250,525.7,526.0,34563750,1500,750,SHRIRAMFIN,27-FEB-2025
2025-02-03 10:15:17.514445,SHRIRAMFIN27FEB25F,FUTSTK,525.1,1889250,525.7,526.0,34563750,1500,750,SHRIRAMFIN,27-FEB-2025
2025-02-03 10:15:26.794558,SHRIRAMFIN27FEB25F,FUTSTK,525.1,1899750,524.75,525.15,34563750,750,2250,SHRIRAMFIN,27-FEB-2025
2025-02-03 10:15:34.411364,SHRIRAMFIN27FEB25F,FUTSTK,524.55,1899750,524.75,525.15,34563750,750,2250,SHRIRAMFIN,27-FEB-2025
2025-02-03 10:15:42.289101,SHRIRAMFIN27FEB25F,FUTSTK,524.55,1900500,524.25,524.65,34563750,750,2250,SHRIRAMFIN,27-FEB-2025
2025-02-03 10:15:49.679218,SHRIRAMFIN27FEB25F,FUTSTK,524.25,1908750,524.05,524.4,34547250,750,750,SHRIRAMFIN,27-FEB-2025
2025-02-03 10:15:57.102424,SHRIRAMFIN27FEB25F,FUTSTK,524.65,1912500,524.65,524.95,34547250,750,750,SHRIRAMFIN,27-FEB-2025
2025-02-03 10:16:04.528643,SHRIRAMFIN27FEB25F,FUTSTK,524.65,1912500,524.7,525.0,34547250,750,750,SHRIRAMFIN,27-FEB-2025
2025-02-03 10:16:13.599631,SHRIRAMFIN27FEB25F,FUTSTK,525.0,1914750,524.9,525.35,34547250,1500,3000,SHRIRAMFIN,27-FEB-2025
2025-02-03 10:16:23.738918,SHRIRAMFIN27FEB25F,FUTSTK,525.05,1915500,525.1,525.5,34547250,750,2250,SHRIRAMFIN,27-FEB-2025
2025-02-03 10:16:32.335437,SHRIRAMFIN27FEB25F,FUTSTK,525.1,1917750,524.85,525.2,34547250,3000,750,SHRIRAMFIN,27-FEB-2025
2025-02-03 10:16:40.976537,SHRIRAMFIN27FEB25F,FUTSTK,525.25,1917750,524.85,525.2,34547250,3000,750,SHRIRAMFIN,27-FEB-2025
2025-02-03 10:16:51.109870,SHRIRAMFIN27FEB25F,FUTSTK,525.25,1918500,525.05,525.45,34547250,750,750,SHRIRAMFIN,27-FEB-2025
2025-02-03 10:17:01.721017,SHRIRAMFIN27FEB25F,FUTSTK,525.25,1918500,525.05,525.45,34547250,750,750,SHRIRAMFIN,27-FEB-2025
2025-02-03 10:17:11.523120,SHRIRAMFIN27FEB25F,FUTSTK,525.25,1918500,525.05,525.35,34547250,3000,1500,SHRIRAMFIN,27-FEB-2025
2025-02-03 10:17:21.881450,SHRIRAMFIN27FEB25F,FUTSTK,525.45,1918500,525.05,525.35,34547250,3000,1500,SHRIRAMFIN,27-FEB-2025
2025-02-03 10:17:32.789613,SHRIRAMFIN27FEB25F,FUTSTK,525.2,1918500,525.05,525.35,34547250,3000,1500,SHRIRAMFIN,27-FEB-2025
2025-02-03 10:17:42.316365,SHRIRAMFIN27FEB25F,FUTSTK,525.55,1923000,525.15,525.55,34547250,750,750,SHRIRAMFIN,27-FEB-2025
2025-02-03 10:17:49.672900,SHRIRAMFIN27FEB25F,FUTSTK,525.55,1923000,525.15,525.55,34547250,750,750,SHRIRAMFIN,27-FEB-2025
2025-02-03 10:17:57.374493,SHRIRAMFIN27FEB25F,FUTSTK,525.55,1923000,525.15,525.55,34547250,750,750,SHRIRAMFIN,27-FEB-2025
2025-02-03 10:18:09.085031,SHRIRAMFIN27FEB25F,FUTSTK,525.75,1923750,525.35,525.8,34547250,1500,750,SHRIRAMFIN,27-FEB-2025
2025-02-03 10:18:18.380589,SHRIRAMFIN27FEB25F,FUTSTK,525.75,1923750,525.35,525.8,34547250,1500,750,SHRIRAMFIN,27-FEB-2025
2025-02-03 10:18:25.805101,SHRIRAMFIN27FEB25F,FUTSTK,525.6,1923750,525.35,525.8,34547250,1500,750,SHRIRAMFIN,27-FEB-2025
2025-02-03 10:18:33.177283,SHRIRAMFIN27FEB25F,FUTSTK,525.6,1926000,525.45,525.8,34547250,1500,750,SHRIRAMFIN,27-FEB-2025
2025-02-03 10:18:40.610187,SHRIRAMFIN27FEB25F,FUTSTK,526.05,1926000,525.45,525.8,34547250,1500,750,SHRIRAMFIN,27-FEB-2025
2025-02-03 10:18:51.800167,SHRIRAMFIN27FEB25F,FUTSTK,526.05,1931250,526.05,526.3,34547250,750,750,SHRIRAMFIN,27-FEB-2025
2025-02-03 10:19:03.687324,SHRIRAMFIN27FEB25F,FUTSTK,526.05,1931250,526.05,526.3,34552500,750,750,SHRIRAMFIN,27-FEB-2025
2025-02-03 10:19:13.288981,SHRIRAMFIN27FEB25F,FUTSTK,526.05,1931250,526.05,526.3,34552500,750,750,SHRIRAMFIN,27-FEB-2025
2025-02-03 10:19:23.085347,SHRIRAMFIN27FEB25F,FUTSTK,525.7,1932750,525.7,526.1,34552500,1500,750,SHRIRAMFIN,27-FEB-2025
2025-02-03 10:19:32.292043,SHRIRAMFIN27FEB25F,FUTSTK,525.7,1932750,525.7,526.1,34552500,1500,750,SHRIRAMFIN,27-FEB-2025
2025-02-03 10:19:39.884451,SHRIRAMFIN27FEB25F,FUTSTK,525.7,1932750,525.7,526.1,34552500,1500,750,SHRIRAMFIN,27-FEB-2025
2025-02-03 10:19:47.455535,SHRIRAMFIN27FEB25F,FUTSTK,525.7,1933500,525.65,526.05,34552500,750,2250,SHRIRAMFIN,27-FEB-2025
2025-02-03 10:19:54.523444,SHRIRAMFIN27FEB25F,FUTSTK,525.7,1933500,525.65,526.05,34552500,750,2250,SHRIRAMFIN,27-FEB-2025
2025-02-03 10:20:04.684337,SHRIRAMFIN27FEB25F,FUTSTK,525.7,1933500,525.65,526.05,34552500,750,2250,SHRIRAMFIN,27-FEB-2025
2025-02-03 10:20:14.924047,SHRIRAMFIN27FEB25F,FUTSTK,525.7,1933500,525.65,526.1,34552500,1500,750,SHRIRAMFIN,27-FEB-2025
2025-02-03 10:20:22.407835,SHRIRAMFIN27FEB25F,FUTSTK,525.85,1933500,525.65,526.1,34552500,1500,750,SHRIRAMFIN,27-FEB-2025
2025-02-03 10:20:29.879274,SHRIRAMFIN27FEB25F,FUTSTK,525.85,1933500,525.65,526.1,34552500,1500,750,SHRIRAMFIN,27-FEB-2025
2025-02-03 10:20:37.345132,SHRIRAMFIN27FEB25F,FUTSTK,525.7,1938000,525.35,525.7,34552500,1500,750,SHRIRAMFIN,27-FEB-2025
2025-02-03 10:20:44.903496,SHRIRAMFIN27FEB25F,FUTSTK,525.75,1938000,525.35,525.7,34552500,1500,750,SHRIRAMFIN,27-FEB-2025
2025-02-03 10:20:52.931350,SHRIRAMFIN27FEB25F,FUTSTK,526.25,1938000,525.35,525.7,34552500,1500,750,SHRIRAMFIN,27-FEB-2025
2025-02-03 10:21:03.898313,SHRIRAMFIN27FEB25F,FUTSTK,526.85,1940250,526.85,527.25,34552500,2250,750,SHRIRAMFIN,27-FEB-2025
2025-02-03 10:21:14.866910,SHRIRAMFIN27FEB25F,FUTSTK,526.4,1940250,526.85,527.25,34552500,2250,750,SHRIRAMFIN,27-FEB-2025
2025-02-03 10:21:25.586878,SHRIRAMFIN27FEB25F,FUTSTK,527.45,1947000,527.05,527.5,34552500,750,750,SHRIRAMFIN,27-FEB-2025
2025-02-03 10:21:36.345754,SHRIRAMFIN27FEB25F,FUTSTK,527.45,1947000,527.05,527.5,34552500,750,750,SHRIRAMFIN,27-FEB-2025
2025-02-03 10:21:44.705465,SHRIRAMFIN27FEB25F,FUTSTK,527.55,1949250,527.4,527.7,34552500,750,750,SHRIRAMFIN,27-FEB-2025
2025-02-03 10:21:52.164946,SHRIRAMFIN27FEB25F,FUTSTK,527.45,1950750,527.3,527.65,34548750,1500,750,SHRIRAMFIN,27-FEB-2025
2025-02-03 10:21:59.738423,SHRIRAMFIN27FEB25F,FUTSTK,527.45,1950750,527.1,527.5,34548750,1500,750,SHRIRAMFIN,27-FEB-2025
2025-02-03 10:22:07.097915,SHRIRAMFIN27FEB25F,FUTSTK,527.45,1950750,527.05,527.4,34548750,3750,750,SHRIRAMFIN,27-FEB-2025
2025-02-03 10:22:14.362273,SHRIRAMFIN27FEB25F,FUTSTK,527.45,1950750,527.05,527.25,34548750,4500,750,SHRIRAMFIN,27-FEB-2025
2025-02-03 10:22:22.529338,SHRIRAMFIN27FEB25F,FUTSTK,527.6,1954500,527.1,527.4,34548750,750,750,SHRIRAMFIN,27-FEB-2025
2025-02-03 10:22:30.493835,SHRIRAMFIN27FEB25F,FUTSTK,527.4,1959000,527.2,527.55,34548750,750,750,SHRIRAMFIN,27-FEB-2025
2025-02-03 10:22:41.807744,SHRIRAMFIN27FEB25F,FUTSTK,527.65,1959000,527.65,528.0,34548750,750,1500,SHRIRAMFIN,27-FEB-2025
2025-02-03 10:22:53.119017,SHRIRAMFIN27FEB25F,FUTSTK,528.0,1959750,527.55,527.85,34548750,750,750,SHRIRAMFIN,27-FEB-2025
2025-02-03 10:23:00.758178,SHRIRAMFIN27FEB25F,FUTSTK,528.0,1959750,527.55,527.85,34548750,750,750,SHRIRAMFIN,27-FEB-2025
2025-02-03 10:23:16.141039,SHRIRAMFIN27FEB25F,FUTSTK,529.0,1973250,528.5,528.95,34548750,750,1500,SHRIRAMFIN,27-FEB-2025
2025-02-03 10:23:27.665979,SHRIRAMFIN27FEB25F,FUTSTK,529.25,1973250,528.5,528.95,34548750,750,1500,SHRIRAMFIN,27-FEB-2025
2025-02-03 10:23:36.807836,SHRIRAMFIN27FEB25F,FUTSTK,529.05,1977000,529.05,529.5,34548750,750,1500,SHRIRAMFIN,27-FEB-2025
2025-02-03 10:23:44.926093,SHRIRAMFIN27FEB25F,FUTSTK,529.05,2004000,528.85,529.15,34548750,750,1500,SHRIRAMFIN,27-FEB-2025
2025-02-03 10:23:52.543264,SHRIRAMFIN27FEB25F,FUTSTK,529.2,2019750,528.8,529.25,34548750,1500,1500,SHRIRAMFIN,27-FEB-2025
2025-02-03 10:24:00.043997,SHRIRAMFIN27FEB25F,FUTSTK,529.3,2020500,528.85,529.3,34548750,1500,750,SHRIRAMFIN,27-FEB-2025
2025-02-03 10:24:07.307141,SHRIRAMFIN27FEB25F,FUTSTK,529.0,2022000,528.85,529.1,34548750,750,1500,SHRIRAMFIN,27-FEB-2025
2025-02-03 10:24:14.726965,SHRIRAMFIN27FEB25F,FUTSTK,529.25,2024250,529.0,529.35,34548750,750,1500,SHRIRAMFIN,27-FEB-2025
2025-02-03 10:24:22.364621,SHRIRAMFIN27FEB25F,FUTSTK,528.75,2028000,528.5,528.85,34548750,750,3000,SHRIRAMFIN,27-FEB-2025
2025-02-03 10:24:29.755665,SHRIRAMFIN27FEB25F,FUTSTK,528.6,2028750,528.3,528.7,34548750,1500,1500,SHRIRAMFIN,27-FEB-2025
2025-02-03 10:24:37.052856,SHRIRAMFIN27FEB25F,FUTSTK,528.6,2028750,528.4,528.65,34548750,750,750,SHRIRAMFIN,27-FEB-2025
2025-02-03 10:24:44.542676,SHRIRAMFIN27FEB25F,FUTSTK,528.6,2028750,528.45,528.65,34548750,750,750,SHRIRAMFIN,27-FEB-2025
2025-02-03 10:24:52.378731,SHRIRAMFIN27FEB25F,FUTSTK,528.1,2036250,528.1,528.45,34525500,750,4500,SHRIRAMFIN,27-FEB-2025
2025-02-03 10:25:00.838252,SHRIRAMFIN27FEB25F,FUTSTK,528.25,2036250,528.1,528.45,34525500,750,4500,SHRIRAMFIN,27-FEB-2025
2025-02-03 10:25:08.191938,SHRIRAMFIN27FEB25F,FUTSTK,528.25,2036250,528.1,528.45,34525500,750,4500,SHRIRAMFIN,27-FEB-2025
2025-02-03 10:25:15.753799,SHRIRAMFIN27FEB25F,FUTSTK,528.35,2036250,528.1,528.45,34525500,750,4500,SHRIRAMFIN,27-FEB-2025
2025-02-03 10:25:23.271680,SHRIRAMFIN27FEB25F,FUTSTK,528.15,2040750,527.85,528.2,34525500,750,750,SHRIRAMFIN,27-FEB-2025
2025-02-03 10:25:31.114095,SHRIRAMFIN27FEB25F,FUTSTK,528.15,2040750,527.85,528.2,34525500,750,750,SHRIRAMFIN,27-FEB-2025
2025-02-03 10:25:38.458326,SHRIRAMFIN27FEB25F,FUTSTK,527.9,2040750,527.85,528.2,34525500,750,750,SHRIRAMFIN,27-FEB-2025
2025-02-03 10:25:45.835804,SHRIRAMFIN27FEB25F,FUTSTK,527.95,2042250,527.7,527.95,34525500,750,1500,SHRIRAMFIN,27-FEB-2025
2025-02-03 10:25:53.373129,SHRIRAMFIN27FEB25F,FUTSTK,527.95,2042250,527.7,527.95,34525500,750,1500,SHRIRAMFIN,27-FEB-2025
2025-02-03 10:26:02.245233,SHRIRAMFIN27FEB25F,FUTSTK,528.15,2042250,527.7,527.95,34525500,750,1500,SHRIRAMFIN,27-FEB-2025
2025-02-03 10:26:09.671504,SHRIRAMFIN27FEB25F,FUTSTK,528.15,2045250,527.9,528.15,34525500,750,1500,SHRIRAMFIN,27-FEB-2025
2025-02-03 10:26:17.058369,SHRIRAMFIN27FEB25F,FUTSTK,528.15,2045250,527.9,528.15,34525500,750,1500,SHRIRAMFIN,27-FEB-2025
2025-02-03 10:26:24.707697,SHRIRAMFIN27FEB25F,FUTSTK,528.95,2045250,527.9,528.15,34525500,750,1500,SHRIRAMFIN,27-FEB-2025
2025-02-03 10:26:33.396854,SHRIRAMFIN27FEB25F,FUTSTK,528.85,2045250,527.9,528.15,34525500,750,1500,SHRIRAMFIN,27-FEB-2025
2025-02-03 10:26:42.344861,SHRIRAMFIN27FEB25F,FUTSTK,528.65,2077500,528.55,528.85,34525500,750,750,SHRIRAMFIN,27-FEB-2025
2025-02-03 10:26:51.931419,SHRIRAMFIN27FEB25F,FUTSTK,528.3,2079000,528.3,528.65,34525500,750,1500,SHRIRAMFIN,27-FEB-2025
2025-02-03 10:27:02.235984,SHRIRAMFIN27FEB25F,FUTSTK,528.3,2079750,528.1,528.45,34525500,750,750,SHRIRAMFIN,27-FEB-2025
2025-02-03 10:27:13.185328,SHRIRAMFIN27FEB25F,FUTSTK,528.1,2080500,528.3,528.6,34525500,1500,750,SHRIRAMFIN,27-FEB-2025
2025-02-03 10:27:22.645118,SHRIRAMFIN27FEB25F,FUTSTK,528.1,2080500,528.4,528.55,34525500,750,750,SHRIRAMFIN,27-FEB-2025
2025-02-03 10:27:30.097339,SHRIRAMFIN27FEB25F,FUTSTK,528.3,2082750,528.2,528.55,34525500,2250,1500,SHRIRAMFIN,27-FEB-2025
2025-02-03 10:27:38.016688,SHRIRAMFIN27FEB25F,FUTSTK,528.3,2082750,528.35,528.65,34525500,750,750,SHRIRAMFIN,27-FEB-2025
2025-02-03 10:27:45.423692,SHRIRAMFIN27FEB25F,FUTSTK,528.3,2082750,528.3,528.65,34525500,1500,750,SHRIRAMFIN,27-FEB-2025
2025-02-03 10:27:52.543148,SHRIRAMFIN27FEB25F,FUTSTK,528.5,2083500,528.45,528.85,34514250,750,1500,SHRIRAMFIN,27-FEB-2025
2025-02-03 10:27:59.841599,SHRIRAMFIN27FEB25F,FUTSTK,528.5,2083500,528.45,528.85,34514250,750,1500,SHRIRAMFIN,27-FEB-2025
2025-02-03 10:28:07.110348,SHRIRAMFIN27FEB25F,FUTSTK,528.7,2083500,528.45,528.85,34514250,750,1500,SHRIRAMFIN,27-FEB-2025
2025-02-03 10:28:14.591597,SHRIRAMFIN27FEB25F,FUTSTK,528.5,2083500,528.45,528.85,34514250,750,1500,SHRIRAMFIN,27-FEB-2025
2025-02-03 10:28:22.138321,SHRIRAMFIN27FEB25F,FUTSTK,528.5,2085750,528.25,528.7,34514250,3000,750,SHRIRAMFIN,27-FEB-2025
2025-02-03 10:28:29.320161,SHRIRAMFIN27FEB25F,FUTSTK,528.2,2085750,528.25,528.7,34514250,3000,750,SHRIRAMFIN,27-FEB-2025
2025-02-03 10:28:36.598619,SHRIRAMFIN27FEB25F,FUTSTK,528.15,2085750,528.25,528.7,34514250,3000,750,SHRIRAMFIN,27-FEB-2025
2025-02-03 10:28:43.862333,SHRIRAMFIN27FEB25F,FUTSTK,528.9,2097750,528.6,528.95,34514250,750,750,SHRIRAMFIN,27-FEB-2025
2025-02-03 10:28:52.193863,SHRIRAMFIN27FEB25F,FUTSTK,528.65,2097750,528.6,528.95,34514250,750,750,SHRIRAMFIN,27-FEB-2025
2025-02-03 10:29:06.011085,SHRIRAMFIN27FEB25F,FUTSTK,527.5,2119500,527.35,527.75,34514250,1500,750,SHRIRAMFIN,27-FEB-2025
2025-02-03 10:29:18.686028,SHRIRAMFIN27FEB25F,FUTSTK,527.7,2119500,527.35,527.75,34514250,1500,750,SHRIRAMFIN,27-FEB-2025
2025-02-03 10:29:26.802774,SHRIRAMFIN27FEB25F,FUTSTK,527.35,2119500,527.35,527.75,34514250,1500,750,SHRIRAMFIN,27-FEB-2025
2025-02-03 10:29:34.444191,SHRIRAMFIN27FEB25F,FUTSTK,527.75,2126250,527.55,527.9,34514250,750,750,SHRIRAMFIN,27-FEB-2025
2025-02-03 10:29:47.331509,SHRIRAMFIN27FEB25F,FUTSTK,527.75,2126250,527.65,528.0,34514250,750,1500,SHRIRAMFIN,27-FEB-2025
2025-02-03 10:29:55.543665,SHRIRAMFIN27FEB25F,FUTSTK,527.75,2126250,527.7,528.05,34514250,750,1500,SHRIRAMFIN,27-FEB-2025
2025-02-03 10:30:03.028967,SHRIRAMFIN27FEB25F,FUTSTK,527.75,2127750,527.8,527.95,34514250,1500,750,SHRIRAMFIN,27-FEB-2025
2025-02-03 10:30:10.330164,SHRIRAMFIN27FEB25F,FUTSTK,527.95,2129250,527.95,528.15,34514250,750,750,SHRIRAMFIN,27-FEB-2025
2025-02-03 10:30:17.771943,SHRIRAMFIN27FEB25F,FUTSTK,528.1,2129250,528.05,528.15,34514250,750,750,SHRIRAMFIN,27-FEB-2025
2025-02-03 10:30:26.382670,SHRIRAMFIN27FEB25F,FUTSTK,528.1,2130000,528.15,528.35,34514250,750,750,SHRIRAMFIN,27-FEB-2025
2025-02-03 10:30:33.583077,SHRIRAMFIN27FEB25F,FUTSTK,528.15,2130750,527.85,528.2,34514250,750,750,SHRIRAMFIN,27-FEB-2025
2025-02-03 10:30:40.931621,SHRIRAMFIN27FEB25F,FUTSTK,528.15,2130750,527.85,528.2,34514250,1500,1500,SHRIRAMFIN,27-FEB-2025
2025-02-03 10:30:48.442700,SHRIRAMFIN27FEB25F,FUTSTK,528.25,2130750,527.85,528.2,34514250,1500,1500,SHRIRAMFIN,27-FEB-2025
2025-02-03 10:30:55.665085,SHRIRAMFIN27FEB25F,FUTSTK,528.25,2133750,528.15,528.5,34514250,750,750,SHRIRAMFIN,27-FEB-2025
2025-02-03 10:31:02.919510,SHRIRAMFIN27FEB25F,FUTSTK,528.25,2133750,528.15,528.5,34527750,750,750,SHRIRAMFIN,27-FEB-2025
2025-02-03 10:31:10.659177,SHRIRAMFIN27FEB25F,FUTSTK,528.25,2133750,528.15,528.5,34527750,750,750,SHRIRAMFIN,27-FEB-2025
2025-02-03 10:31:17.999690,SHRIRAMFIN27FEB25F,FUTSTK,528.25,2133750,528.15,528.5,34527750,750,750,SHRIRAMFIN,27-FEB-2025
2025-02-03 10:31:25.212012,SHRIRAMFIN27FEB25F,FUTSTK,528.65,2135250,528.6,528.85,34527750,750,750,SHRIRAMFIN,27-FEB-2025
2025-02-03 10:31:32.599917,SHRIRAMFIN27FEB25F,FUTSTK,528.85,2135250,528.6,528.85,34527750,750,750,SHRIRAMFIN,27-FEB-2025
2025-02-03 10:31:39.785422,SHRIRAMFIN27FEB25F,FUTSTK,528.85,2135250,528.6,528.85,34527750,750,750,SHRIRAMFIN,27-FEB-2025
2025-02-03 10:31:47.504368,SHRIRAMFIN27FEB25F,FUTSTK,527.3,2158500,527.3,527.75,34538250,750,750,SHRIRAMFIN,27-FEB-2025
2025-02-03 10:34:39.459336,SHRIRAMFIN27FEB25F,FUTSTK,527.3,2158500,527.3,527.75,34538250,750,750,SHRIRAMFIN,27-FEB-2025
2025-02-03 10:34:47.380841,SHRIRAMFIN27FEB25F,FUTSTK,527.8,2158500,527.65,527.85,34538250,1500,750,SHRIRAMFIN,27-FEB-2025
2025-02-03 10:34:55.544434,SHRIRAMFIN27FEB25F,FUTSTK,527.8,2158500,527.65,527.85,34538250,1500,750,SHRIRAMFIN,27-FEB-2025
2025-02-03 10:35:02.912994,SHRIRAMFIN27FEB25F,FUTSTK,527.85,2158500,527.65,527.85,34538250,1500,750,SHRIRAMFIN,27-FEB-2025
2025-02-03 10:35:10.149801,SHRIRAMFIN27FEB25F,FUTSTK,528.05,2158500,527.65,527.85,34538250,1500,750,SHRIRAMFIN,27-FEB-2025
2025-02-03 10:35:17.465433,SHRIRAMFIN27FEB25F,FUTSTK,527.9,2205750,527.8,527.9,34536750,1500,750,SHRIRAMFIN,27-FEB-2025
2025-02-03 10:38:26.386442,SHRIRAMFIN27FEB25F,FUTSTK,528.0,2205750,527.8,527.9,34536750,1500,750,SHRIRAMFIN,27-FEB-2025
2025-02-03 10:38:34.112239,SHRIRAMFIN27FEB25F,FUTSTK,527.8,2205750,527.8,527.9,34536750,1500,750,SHRIRAMFIN,27-FEB-2025
2025-02-03 10:38:42.300738,SHRIRAMFIN27FEB25F,FUTSTK,527.55,2212500,527.55,527.9,34536750,2250,750,SHRIRAMFIN,27-FEB-2025
2025-02-03 10:38:50.063996,SHRIRAMFIN27FEB25F,FUTSTK,527.55,2212500,527.55,527.9,34536750,2250,750,SHRIRAMFIN,27-FEB-2025
2025-02-03 10:38:57.994676,SHRIRAMFIN27FEB25F,FUTSTK,527.9,2212500,527.55,527.9,34536750,2250,750,SHRIRAMFIN,27-FEB-2025
2025-02-03 10:40:50.489871,SHRIRAMFIN27FEB25F,FUTSTK,527.25,2223000,527.4,527.8,34527000,750,750,SHRIRAMFIN,27-FEB-2025
2025-02-03 10:40:58.274419,SHRIRAMFIN27FEB25F,FUTSTK,527.25,2223000,527.4,527.8,34527000,750,750,SHRIRAMFIN,27-FEB-2025
2025-02-03 10:41:06.782384,SHRIRAMFIN27FEB25F,FUTSTK,527.25,2223000,527.4,527.8,34527000,750,750,SHRIRAMFIN,27-FEB-2025
2025-02-03 10:41:15.906003,SHRIRAMFIN27FEB25F,FUTSTK,527.25,2223750,527.25,527.45,34527000,750,750,SHRIRAMFIN,27-FEB-2025
2025-02-03 10:41:23.291110,SHRIRAMFIN27FEB25F,FUTSTK,527.25,2223750,527.25,527.45,34527000,750,750,SHRIRAMFIN,27-FEB-2025
2025-02-03 10:43:59.322773,SHRIRAMFIN27FEB25F,FUTSTK,528.2,2259000,528.75,529.15,34536000,1500,2250,SHRIRAMFIN,27-FEB-2025
2025-02-03 10:44:07.423169,SHRIRAMFIN27FEB25F,FUTSTK,528.5,2259000,528.75,529.15,34536000,1500,2250,SHRIRAMFIN,27-FEB-2025
2025-02-03 10:44:20.497011,SHRIRAMFIN27FEB25F,FUTSTK,527.75,2332500,528.25,528.55,34536000,750,750,SHRIRAMFIN,27-FEB-2025
2025-02-03 10:44:31.557140,SHRIRAMFIN27FEB25F,FUTSTK,528.1,2332500,528.25,528.55,34536000,750,750,SHRIRAMFIN,27-FEB-2025
2025-02-03 10:44:43.687728,SHRIRAMFIN27FEB25F,FUTSTK,527.4,2361000,527.25,527.65,34536000,1500,1500,SHRIRAMFIN,27-FEB-2025
2025-02-03 10:44:52.224325,SHRIRAMFIN27FEB25F,FUTSTK,527.3,2362500,527.25,527.55,34536000,5250,1500,SHRIRAMFIN,27-FEB-2025
2025-02-03 10:45:01.619077,SHRIRAMFIN27FEB25F,FUTSTK,527.45,2374500,527.4,527.75,34536000,1500,750,SHRIRAMFIN,27-FEB-2025
2025-02-03 10:45:09.453176,SHRIRAMFIN27FEB25F,FUTSTK,527.45,2374500,527.5,527.75,34536000,750,750,SHRIRAMFIN,27-FEB-2025
2025-02-03 12:02:22.495489,SHRIRAMFIN27FEB25F,FUTSTK,527.9,3624750,527.55,527.9,34471500,750,750,SHRIRAMFIN,27-FEB-2025
2025-02-03 12:02:29.160118,SHRIRAMFIN27FEB25F,FUTSTK,527.55,3625500,527.7,528.1,34471500,750,1500,SHRIRAMFIN,27-FEB-2025
2025-02-03 12:02:35.537620,SHRIRAMFIN27FEB25F,FUTSTK,527.55,3625500,527.7,528.1,34471500,750,1500,SHRIRAMFIN,27-FEB-2025
2025-02-03 12:02:41.835332,SHRIRAMFIN27FEB25F,FUTSTK,527.55,3625500,527.7,528.1,34471500,750,1500,SHRIRAMFIN,27-FEB-2025
2025-02-03 12:02:48.310071,SHRIRAMFIN27FEB25F,FUTSTK,527.15,3626250,527.3,527.65,34471500,750,750,SHRIRAMFIN,27-FEB-2025
2025-02-03 12:02:54.442539,SHRIRAMFIN27FEB25F,FUTSTK,527.25,3626250,527.3,527.65,34471500,750,750,SHRIRAMFIN,27-FEB-2025
2025-02-03 12:03:01.072712,SHRIRAMFIN27FEB25F,FUTSTK,527.45,3626250,527.3,527.65,34471500,750,750,SHRIRAMFIN,27-FEB-2025
2025-02-03 12:03:07.547840,SHRIRAMFIN27FEB25F,FUTSTK,527.45,3626250,527.3,527.65,34471500,750,750,SHRIRAMFIN,27-FEB-2025
2025-02-03 12:03:14.798111,SHRIRAMFIN27FEB25F,FUTSTK,527.45,3630750,527.1,527.35,34471500,2250,750,SHRIRAMFIN,27-FEB-2025
2025-02-03 12:03:23.493666,SHRIRAMFIN27FEB25F,FUTSTK,527.45,3630750,527.1,527.35,34471500,2250,750,SHRIRAMFIN,27-FEB-2025
2025-02-03 12:03:31.167340,SHRIRAMFIN27FEB25F,FUTSTK,527.45,3630750,527.1,527.35,34471500,2250,750,SHRIRAMFIN,27-FEB-2025
2025-02-03 12:03:37.577525,SHRIRAMFIN27FEB25F,FUTSTK,527.55,3633000,527.25,527.65,34471500,1500,1500,SHRIRAMFIN,27-FEB-2025
2025-02-03 12:03:44.256401,SHRIRAMFIN27FEB25F,FUTSTK,527.35,3633000,527.25,527.65,34471500,1500,1500,SHRIRAMFIN,27-FEB-2025
2025-02-03 12:03:50.940092,SHRIRAMFIN27FEB25F,FUTSTK,527.35,3633000,527.25,527.65,34471500,1500,1500,SHRIRAMFIN,27-FEB-2025
2025-02-03 12:03:57.496482,SHRIRAMFIN27FEB25F,FUTSTK,527.35,3633000,527.25,527.65,34471500,1500,1500,SHRIRAMFIN,27-FEB-2025
2025-02-03 12:04:04.124672,SHRIRAMFIN27FEB25F,FUTSTK,527.35,3636000,527.3,527.6,34471500,3000,750,SHRIRAMFIN,27-FEB-2025
2025-02-03 12:04:10.517507,SHRIRAMFIN27FEB25F,FUTSTK,527.35,3636000,527.3,527.6,34471500,3000,750,SHRIRAMFIN,27-FEB-2025
2025-02-03 12:04:17.082864,SHRIRAMFIN27FEB25F,FUTSTK,527.35,3636000,527.3,527.6,34471500,3000,750,SHRIRAMFIN,27-FEB-2025
2025-02-03 12:04:23.491034,SHRIRAMFIN27FEB25F,FUTSTK,527.35,3636000,527.3,527.6,34471500,3000,750,SHRIRAMFIN,27-FEB-2025
2025-02-03 12:04:30.613074,SHRIRAMFIN27FEB25F,FUTSTK,527.35,3636000,527.3,527.6,34471500,3000,1500,SHRIRAMFIN,27-FEB-2025
2025-02-03 12:04:39.374480,SHRIRAMFIN27FEB25F,FUTSTK,527.65,3636000,527.3,527.6,34466250,3000,1500,SHRIRAMFIN,27-FEB-2025
2025-02-03 12:04:47.358396,SHRIRAMFIN27FEB25F,FUTSTK,527.9,3642750,527.4,527.85,34466250,750,750,SHRIRAMFIN,27-FEB-2025
2025-02-03 12:04:53.723411,SHRIRAMFIN27FEB25F,FUTSTK,527.9,3642750,527.4,527.85,34466250,750,750,SHRIRAMFIN,27-FEB-2025
2025-02-03 12:05:00.218201,SHRIRAMFIN27FEB25F,FUTSTK,527.9,3642750,527.4,527.85,34466250,750,750,SHRIRAMFIN,27-FEB-2025
2025-02-03 12:05:06.863694,SHRIRAMFIN27FEB25F,FUTSTK,527.9,3642750,527.4,527.85,34466250,750,750,SHRIRAMFIN,27-FEB-2025
2025-02-03 12:05:13.487224,SHRIRAMFIN27FEB25F,FUTSTK,527.9,3644250,527.5,527.95,34466250,3750,750,SHRIRAMFIN,27-FEB-2025
2025-02-03 12:05:20.337355,SHRIRAMFIN27FEB25F,FUTSTK,528.0,3644250,527.5,527.95,34466250,3750,750,SHRIRAMFIN,27-FEB-2025
2025-02-03 12:05:27.104185,SHRIRAMFIN27FEB25F,FUTSTK,528.0,3644250,527.5,527.95,34466250,3750,750,SHRIRAMFIN,27-FEB-2025
2025-02-03 12:05:33.677661,SHRIRAMFIN27FEB25F,FUTSTK,528.0,3644250,527.5,527.95,34466250,3750,750,SHRIRAMFIN,27-FEB-2025
2025-02-03 12:05:40.181061,SHRIRAMFIN27FEB25F,FUTSTK,527.75,3645000,527.75,527.95,34466250,750,750,SHRIRAMFIN,27-FEB-2025
2025-02-03 12:05:47.118992,SHRIRAMFIN27FEB25F,FUTSTK,527.95,3645000,527.75,527.95,34466250,750,750,SHRIRAMFIN,27-FEB-2025
2025-02-03 12:05:55.774945,SHRIRAMFIN27FEB25F,FUTSTK,527.95,3645000,527.75,527.95,34466250,750,750,SHRIRAMFIN,27-FEB-2025
2025-02-03 12:06:03.408807,SHRIRAMFIN27FEB25F,FUTSTK,527.95,3648750,527.9,528.3,34466250,750,750,SHRIRAMFIN,27-FEB-2025
2025-02-03 12:06:10.120414,SHRIRAMFIN27FEB25F,FUTSTK,528.4,3648750,527.9,528.3,34466250,750,750,SHRIRAMFIN,27-FEB-2025
2025-02-03 12:06:17.162783,SHRIRAMFIN27FEB25F,FUTSTK,528.45,3648750,527.9,528.3,34466250,750,750,SHRIRAMFIN,27-FEB-2025
2025-02-03 12:06:23.545967,SHRIRAMFIN27FEB25F,FUTSTK,528.45,3654750,528.05,528.5,34466250,750,750,SHRIRAMFIN,27-FEB-2025
2025-02-03 12:06:30.116975,SHRIRAMFIN27FEB25F,FUTSTK,528.6,3654750,528.05,528.5,34466250,750,750,SHRIRAMFIN,27-FEB-2025
2025-02-03 12:06:36.843339,SHRIRAMFIN27FEB25F,FUTSTK,527.55,3654750,528.05,528.5,34466250,750,750,SHRIRAMFIN,27-FEB-2025
2025-02-03 12:06:43.874922,SHRIRAMFIN27FEB25F,FUTSTK,527.55,3664500,527.95,528.35,34466250,750,1500,SHRIRAMFIN,27-FEB-2025
2025-02-03 12:06:50.781930,SHRIRAMFIN27FEB25F,FUTSTK,528.25,3666000,528.0,528.5,34466250,6000,1500,SHRIRAMFIN,27-FEB-2025
2025-02-03 12:06:59.984782,SHRIRAMFIN27FEB25F,FUTSTK,528.5,3666750,528.0,528.45,34466250,5250,750,SHRIRAMFIN,27-FEB-2025
2025-02-03 12:07:09.193038,SHRIRAMFIN27FEB25F,FUTSTK,528.2,3679500,528.3,528.7,34470000,750,750,SHRIRAMFIN,27-FEB-2025
2025-02-03 12:07:16.901949,SHRIRAMFIN27FEB25F,FUTSTK,529.1,3705000,528.75,529.1,34470000,2250,750,SHRIRAMFIN,27-FEB-2025
2025-02-03 12:07:24.395123,SHRIRAMFIN27FEB25F,FUTSTK,529.2,3722250,528.8,529.2,34470000,750,750,SHRIRAMFIN,27-FEB-2025
2025-02-03 12:07:31.915628,SHRIRAMFIN27FEB25F,FUTSTK,528.6,3725250,528.55,528.9,34470000,1500,750,SHRIRAMFIN,27-FEB-2025
2025-02-03 12:07:39.628928,SHRIRAMFIN27FEB25F,FUTSTK,528.9,3726000,528.55,528.9,34470000,1500,750,SHRIRAMFIN,27-FEB-2025
2025-02-03 12:07:46.876476,SHRIRAMFIN27FEB25F,FUTSTK,528.9,3726750,528.55,528.9,34470000,750,750,SHRIRAMFIN,27-FEB-2025
2025-02-03 12:07:54.338502,SHRIRAMFIN27FEB25F,FUTSTK,528.9,3726750,528.6,528.9,34470000,750,750,SHRIRAMFIN,27-FEB-2025
2025-02-03 12:08:01.752295,SHRIRAMFIN27FEB25F,FUTSTK,528.9,3726750,528.65,529.0,34470000,750,1500,SHRIRAMFIN,27-FEB-2025
2025-02-03 12:08:09.972501,SHRIRAMFIN27FEB25F,FUTSTK,528.9,3726750,528.6,528.95,34470000,1500,750,SHRIRAMFIN,27-FEB-2025
2025-02-03 12:08:17.972200,SHRIRAMFIN27FEB25F,FUTSTK,529.3,3738750,528.95,529.15,34470000,1500,750,SHRIRAMFIN,27-FEB-2025
2025-02-03 12:08:26.746816,SHRIRAMFIN27FEB25F,FUTSTK,528.55,3743250,528.55,529.0,34470000,750,1500,SHRIRAMFIN,27-FEB-2025
2025-02-03 12:08:34.261976,SHRIRAMFIN27FEB25F,FUTSTK,529.2,3748500,529.15,529.55,34470000,750,1500,SHRIRAMFIN,27-FEB-2025
2025-02-03 12:08:40.760716,SHRIRAMFIN27FEB25F,FUTSTK,529.2,3748500,529.0,529.4,34470000,750,750,SHRIRAMFIN,27-FEB-2025
2025-02-03 12:08:47.420881,SHRIRAMFIN27FEB25F,FUTSTK,529.2,3748500,529.05,529.4,34470000,750,750,SHRIRAMFIN,27-FEB-2025
2025-02-03 12:08:53.698292,SHRIRAMFIN27FEB25F,FUTSTK,529.2,3748500,529.05,529.4,34470000,750,1500,SHRIRAMFIN,27-FEB-2025
2025-02-03 12:09:00.068386,SHRIRAMFIN27FEB25F,FUTSTK,529.2,3748500,529.05,529.4,34470000,750,1500,SHRIRAMFIN,27-FEB-2025
2025-02-03 12:09:06.319953,SHRIRAMFIN27FEB25F,FUTSTK,529.2,3751500,529.1,529.4,34470000,750,1500,SHRIRAMFIN,27-FEB-2025
2025-02-03 12:09:12.515053,SHRIRAMFIN27FEB25F,FUTSTK,528.95,3756000,528.85,529.15,34470000,1500,750,SHRIRAMFIN,27-FEB-2025
2025-02-03 12:09:18.854341,SHRIRAMFIN27FEB25F,FUTSTK,529.15,3756750,529.15,529.4,34470000,750,1500,SHRIRAMFIN,27-FEB-2025
2025-02-03 12:09:25.053807,SHRIRAMFIN27FEB25F,FUTSTK,529.4,3760500,529.2,529.65,34470000,6750,750,SHRIRAMFIN,27-FEB-2025
2025-02-03 12:09:31.513459,SHRIRAMFIN27FEB25F,FUTSTK,529.5,3770250,529.5,529.8,34470000,3750,750,SHRIRAMFIN,27-FEB-2025
2025-02-03 12:09:39.324431,SHRIRAMFIN27FEB25F,FUTSTK,530.55,3789750,530.3,530.7,34470000,750,750,SHRIRAMFIN,27-FEB-2025
2025-02-03 12:09:47.911842,SHRIRAMFIN27FEB25F,FUTSTK,530.4,3800250,530.2,530.5,34470000,4500,750,SHRIRAMFIN,27-FEB-2025
2025-02-03 12:09:55.334552,SHRIRAMFIN27FEB25F,FUTSTK,530.6,3804750,530.3,530.65,34470000,5250,1500,SHRIRAMFIN,27-FEB-2025
2025-02-03 12:10:01.717189,SHRIRAMFIN27FEB25F,FUTSTK,530.65,3805500,530.3,530.6,34470000,4500,1500,SHRIRAMFIN,27-FEB-2025
2025-02-03 12:10:08.135247,SHRIRAMFIN27FEB25F,FUTSTK,530.3,3807750,530.3,530.55,34471500,750,1500,SHRIRAMFIN,27-FEB-2025
2025-02-03 12:10:14.477131,SHRIRAMFIN27FEB25F,FUTSTK,530.3,3808500,529.85,530.2,34471500,750,1500,SHRIRAMFIN,27-FEB-2025
2025-02-03 12:10:20.703987,SHRIRAMFIN27FEB25F,FUTSTK,529.7,3812250,529.8,530.2,34471500,750,750,SHRIRAMFIN,27-FEB-2025
2025-02-03 12:10:26.951573,SHRIRAMFIN27FEB25F,FUTSTK,530.0,3813000,530.0,530.3,34471500,750,2250,SHRIRAMFIN,27-FEB-2025
2025-02-03 12:10:33.174260,SHRIRAMFIN27FEB25F,FUTSTK,530.0,3813000,530.0,530.3,34471500,3000,3000,SHRIRAMFIN,27-FEB-2025
2025-02-03 12:10:41.199737,SHRIRAMFIN27FEB25F,FUTSTK,530.65,3816750,530.35,530.75,34471500,1500,750,SHRIRAMFIN,27-FEB-2025
2025-02-03 12:10:47.779677,SHRIRAMFIN27FEB25F,FUTSTK,530.65,3816750,530.4,530.75,34471500,750,1500,SHRIRAMFIN,27-FEB-2025
2025-02-03 12:10:55.186393,SHRIRAMFIN27FEB25F,FUTSTK,530.65,3816750,530.4,530.75,34471500,750,750,SHRIRAMFIN,27-FEB-2025
2025-02-03 12:11:03.632710,SHRIRAMFIN27FEB25F,FUTSTK,530.65,3816750,530.55,530.75,34471500,750,750,SHRIRAMFIN,27-FEB-2025
2025-02-03 12:11:11.054897,SHRIRAMFIN27FEB25F,FUTSTK,530.85,3836250,530.65,530.95,34471500,750,1500,SHRIRAMFIN,27-FEB-2025
2025-02-03 12:11:17.364811,SHRIRAMFIN27FEB25F,FUTSTK,530.7,3840000,530.85,531.1,34471500,3000,750,SHRIRAMFIN,27-FEB-2025
2025-02-03 12:11:23.650592,SHRIRAMFIN27FEB25F,FUTSTK,530.9,3840750,530.65,531.0,34471500,3000,750,SHRIRAMFIN,27-FEB-2025
2025-02-03 12:11:29.838463,SHRIRAMFIN27FEB25F,FUTSTK,530.4,3852750,530.25,530.4,34471500,750,5250,SHRIRAMFIN,27-FEB-2025
2025-02-03 12:11:36.179363,SHRIRAMFIN27FEB25F,FUTSTK,529.95,3874500,529.8,530.15,34471500,1500,750,SHRIRAMFIN,27-FEB-2025
2025-02-03 12:11:42.521041,SHRIRAMFIN27FEB25F,FUTSTK,529.85,3878250,529.55,529.85,34471500,750,750,SHRIRAMFIN,27-FEB-2025
2025-02-03 12:11:48.827884,SHRIRAMFIN27FEB25F,FUTSTK,529.25,3879750,529.2,529.55,34471500,750,1500,SHRIRAMFIN,27-FEB-2025
2025-02-03 12:11:55.420623,SHRIRAMFIN27FEB25F,FUTSTK,529.45,3882000,529.3,529.65,34471500,750,750,SHRIRAMFIN,27-FEB-2025
2025-02-03 12:12:01.934417,SHRIRAMFIN27FEB25F,FUTSTK,529.45,3882000,529.3,529.7,34471500,750,750,SHRIRAMFIN,27-FEB-2025
2025-02-03 12:12:08.113975,SHRIRAMFIN27FEB25F,FUTSTK,529.45,3882000,529.3,529.7,34471500,750,3000,SHRIRAMFIN,27-FEB-2025
2025-02-03 12:12:16.718988,SHRIRAMFIN27FEB25F,FUTSTK,529.15,3885000,529.1,529.5,34471500,750,750,SHRIRAMFIN,27-FEB-2025
2025-02-03 12:12:24.389120,SHRIRAMFIN27FEB25F,FUTSTK,529.5,3885750,529.25,529.65,34471500,2250,750,SHRIRAMFIN,27-FEB-2025
2025-02-03 12:12:30.725101,SHRIRAMFIN27FEB25F,FUTSTK,529.5,3885750,529.25,529.6,34471500,3000,750,SHRIRAMFIN,27-FEB-2025
2025-02-03 12:12:36.882144,SHRIRAMFIN27FEB25F,FUTSTK,529.5,3885750,529.25,529.6,34471500,3000,1500,SHRIRAMFIN,27-FEB-2025
2025-02-03 12:12:43.100752,SHRIRAMFIN27FEB25F,FUTSTK,529.5,3885750,529.25,529.6,34471500,2250,750,SHRIRAMFIN,27-FEB-2025
2025-02-03 12:12:49.447816,SHRIRAMFIN27FEB25F,FUTSTK,529.25,3885750,529.25,529.6,34471500,2250,750,SHRIRAMFIN,27-FEB-2025
2025-02-03 12:12:55.589660,SHRIRAMFIN27FEB25F,FUTSTK,529.25,3899250,529.05,529.45,34471500,750,1500,SHRIRAMFIN,27-FEB-2025
2025-02-03 12:13:01.720395,SHRIRAMFIN27FEB25F,FUTSTK,529.45,3899250,529.05,529.45,34471500,750,1500,SHRIRAMFIN,27-FEB-2025
2025-02-03 12:13:07.969203,SHRIRAMFIN27FEB25F,FUTSTK,529.45,3899250,529.05,529.45,34471500,750,1500,SHRIRAMFIN,27-FEB-2025
2025-02-03 12:13:14.706528,SHRIRAMFIN27FEB25F,FUTSTK,529.45,3899250,529.05,529.45,34449750,750,1500,SHRIRAMFIN,27-FEB-2025
2025-02-03 12:13:20.903039,SHRIRAMFIN27FEB25F,FUTSTK,529.45,3903750,529.45,529.8,34449750,750,750,SHRIRAMFIN,27-FEB-2025
2025-02-03 12:13:28.713410,SHRIRAMFIN27FEB25F,FUTSTK,529.45,3903750,529.45,529.8,34449750,750,750,SHRIRAMFIN,27-FEB-2025
2025-02-03 12:13:36.668911,SHRIRAMFIN27FEB25F,FUTSTK,530.2,3903750,529.45,529.8,34449750,750,750,SHRIRAMFIN,27-FEB-2025
2025-02-03 12:13:43.715750,SHRIRAMFIN27FEB25F,FUTSTK,530.2,3905250,529.85,530.25,34449750,750,750,SHRIRAMFIN,27-FEB-2025
2025-02-03 12:13:50.235930,SHRIRAMFIN27FEB25F,FUTSTK,530.2,3905250,529.85,530.25,34449750,750,750,SHRIRAMFIN,27-FEB-2025
2025-02-03 12:13:56.587088,SHRIRAMFIN27FEB25F,FUTSTK,529.85,3905250,529.85,530.25,34449750,750,750,SHRIRAMFIN,27-FEB-2025
2025-02-03 12:14:03.900102,SHRIRAMFIN27FEB25F,FUTSTK,529.85,3905250,529.85,530.25,34449750,750,750,SHRIRAMFIN,27-FEB-2025
2025-02-03 12:14:10.448915,SHRIRAMFIN27FEB25F,FUTSTK,529.55,3909750,529.5,529.85,34449750,750,750,SHRIRAMFIN,27-FEB-2025
2025-02-03 12:14:16.950709,SHRIRAMFIN27FEB25F,FUTSTK,529.75,3909750,529.5,529.85,34449750,750,750,SHRIRAMFIN,27-FEB-2025
2025-02-03 12:14:24.541553,SHRIRAMFIN27FEB25F,FUTSTK,529.75,3909750,529.5,529.85,34449750,750,750,SHRIRAMFIN,27-FEB-2025
2025-02-03 12:14:31.199731,SHRIRAMFIN27FEB25F,FUTSTK,529.75,3910500,529.5,529.65,34449750,750,1500,SHRIRAMFIN,27-FEB-2025
2025-02-03 12:14:37.751088,SHRIRAMFIN27FEB25F,FUTSTK,529.1,3910500,529.5,529.65,34449750,750,1500,SHRIRAMFIN,27-FEB-2025
2025-02-03 12:14:45.348502,SHRIRAMFIN27FEB25F,FUTSTK,529.3,3913500,529.1,529.5,34449750,2250,2250,SHRIRAMFIN,27-FEB-2025
2025-02-03 12:14:53.406093,SHRIRAMFIN27FEB25F,FUTSTK,529.3,3913500,529.15,529.5,34449750,2250,750,SHRIRAMFIN,27-FEB-2025
2025-02-03 12:15:00.557362,SHRIRAMFIN27FEB25F,FUTSTK,529.3,3913500,529.2,529.5,34449750,750,750,SHRIRAMFIN,27-FEB-2025
2025-02-03 12:15:06.799970,SHRIRAMFIN27FEB25F,FUTSTK,529.45,3917250,529.25,529.5,34449750,750,750,SHRIRAMFIN,27-FEB-2025
2025-02-03 12:15:13.157010,SHRIRAMFIN27FEB25F,FUTSTK,529.5,3918000,529.4,529.7,34449750,750,750,SHRIRAMFIN,27-FEB-2025
2025-02-03 12:15:20.203286,SHRIRAMFIN27FEB25F,FUTSTK,529.5,3918000,529.4,529.65,34449750,750,1500,SHRIRAMFIN,27-FEB-2025
2025-02-03 12:15:26.946202,SHRIRAMFIN27FEB25F,FUTSTK,529.25,3919500,529.35,529.65,34449750,1500,1500,SHRIRAMFIN,27-FEB-2025
2025-02-03 12:15:33.487346,SHRIRAMFIN27FEB25F,FUTSTK,529.65,3920250,529.35,529.65,34449750,1500,750,SHRIRAMFIN,27-FEB-2025
2025-02-03 12:15:39.976742,SHRIRAMFIN27FEB25F,FUTSTK,529.65,3921000,529.55,529.9,34449750,2250,750,SHRIRAMFIN,27-FEB-2025
2025-02-03 12:15:46.500406,SHRIRAMFIN27FEB25F,FUTSTK,529.65,3921000,529.55,529.9,34449750,2250,750,SHRIRAMFIN,27-FEB-2025
2025-02-03 13:09:08.160236,SHRIRAMFIN27FEB25F,FUTSTK,533.0,4455000,532.8,533.2,34412250,750,750,SHRIRAMFIN,27-FEB-2025
2025-02-03 13:10:54.982493,SHRIRAMFIN27FEB25F,FUTSTK,533.05,4482000,532.8,533.15,34386750,750,750,SHRIRAMFIN,27-FEB-2025
2025-02-03 13:11:01.483146,SHRIRAMFIN27FEB25F,FUTSTK,533.05,4482000,532.75,533.05,34386750,750,6750,SHRIRAMFIN,27-FEB-2025
2025-02-03 13:12:06.975173,SHRIRAMFIN27FEB25F,FUTSTK,532.25,4571250,532.1,532.55,34386750,1500,750,SHRIRAMFIN,27-FEB-2025
2025-02-03 13:12:13.563337,SHRIRAMFIN27FEB25F,FUTSTK,532.25,4571250,532.15,532.65,34386750,750,1500,SHRIRAMFIN,27-FEB-2025
2025-02-03 13:12:21.566476,SHRIRAMFIN27FEB25F,FUTSTK,532.55,4571250,532.3,532.8,34386750,750,3750,SHRIRAMFIN,27-FEB-2025
2025-02-03 13:12:28.095515,SHRIRAMFIN27FEB25F,FUTSTK,533.0,4584000,532.7,533.15,34386750,1500,750,SHRIRAMFIN,27-FEB-2025
2025-02-03 13:12:35.248046,SHRIRAMFIN27FEB25F,FUTSTK,533.0,4584000,532.7,533.1,34386750,750,750,SHRIRAMFIN,27-FEB-2025
2025-02-03 13:12:41.351801,SHRIRAMFIN27FEB25F,FUTSTK,533.15,4584000,532.7,533.15,34386750,750,750,SHRIRAMFIN,27-FEB-2025
2025-02-03 13:12:48.725243,SHRIRAMFIN27FEB25F,FUTSTK,533.2,4586250,533.0,533.45,34386750,750,750,SHRIRAMFIN,27-FEB-2025
2025-02-03 13:12:57.061552,SHRIRAMFIN27FEB25F,FUTSTK,533.2,4586250,533.15,533.5,34386750,750,6750,SHRIRAMFIN,27-FEB-2025
2025-02-03 13:13:04.976348,SHRIRAMFIN27FEB25F,FUTSTK,533.15,4592250,533.0,533.5,34386750,750,750,SHRIRAMFIN,27-FEB-2025
2025-02-03 13:13:11.519569,SHRIRAMFIN27FEB25F,FUTSTK,533.45,4593750,533.15,533.55,34386750,2250,750,SHRIRAMFIN,27-FEB-2025
2025-02-03 13:13:17.996264,SHRIRAMFIN27FEB25F,FUTSTK,533.4,4593750,533.2,533.5,34408500,750,2250,SHRIRAMFIN,27-FEB-2025
2025-02-03 13:13:23.973374,SHRIRAMFIN27FEB25F,FUTSTK,532.85,4597500,533.1,533.45,34408500,1500,750,SHRIRAMFIN,27-FEB-2025
2025-02-03 13:13:30.210383,SHRIRAMFIN27FEB25F,FUTSTK,533.5,4599000,533.3,533.65,34408500,750,750,SHRIRAMFIN,27-FEB-2025
2025-02-03 13:13:36.333333,SHRIRAMFIN27FEB25F,FUTSTK,533.3,4599750,533.2,533.65,34408500,1500,750,SHRIRAMFIN,27-FEB-2025
2025-02-03 13:13:42.779416,SHRIRAMFIN27FEB25F,FUTSTK,533.45,4602750,533.6,534.0,34408500,750,750,SHRIRAMFIN,27-FEB-2025
2025-02-03 13:13:49.069028,SHRIRAMFIN27FEB25F,FUTSTK,533.25,4605000,533.25,533.5,34408500,1500,7500,SHRIRAMFIN,27-FEB-2025
2025-02-03 13:13:56.673382,SHRIRAMFIN27FEB25F,FUTSTK,533.4,4605000,533.25,533.5,34408500,1500,7500,SHRIRAMFIN,27-FEB-2025
2025-02-03 13:14:03.740793,SHRIRAMFIN27FEB25F,FUTSTK,533.45,4605000,533.25,533.5,34408500,1500,7500,SHRIRAMFIN,27-FEB-2025
2025-02-03 13:14:12.348317,SHRIRAMFIN27FEB25F,FUTSTK,533.05,4647000,532.55,533.0,34408500,750,750,SHRIRAMFIN,27-FEB-2025
2025-02-03 13:14:19.787887,SHRIRAMFIN27FEB25F,FUTSTK,532.85,4647000,532.55,533.0,34408500,750,750,SHRIRAMFIN,27-FEB-2025
2025-02-03 13:14:26.030632,SHRIRAMFIN27FEB25F,FUTSTK,532.85,4647000,532.55,533.0,34408500,750,750,SHRIRAMFIN,27-FEB-2025
2025-02-03 13:14:32.362911,SHRIRAMFIN27FEB25F,FUTSTK,533.05,4647000,532.55,533.0,34408500,750,750,SHRIRAMFIN,27-FEB-2025
2025-02-03 13:14:38.639461,SHRIRAMFIN27FEB25F,FUTSTK,533.1,4656750,532.7,533.1,34408500,750,1500,SHRIRAMFIN,27-FEB-2025
2025-02-03 13:14:45.013626,SHRIRAMFIN27FEB25F,FUTSTK,533.25,4660500,533.1,533.25,34408500,750,1500,SHRIRAMFIN,27-FEB-2025
2025-02-03 13:14:51.861991,SHRIRAMFIN27FEB25F,FUTSTK,533.25,4668750,533.0,533.3,34408500,1500,750,SHRIRAMFIN,27-FEB-2025
2025-02-03 13:14:58.180985,SHRIRAMFIN27FEB25F,FUTSTK,533.25,4668750,533.15,533.45,34408500,1500,750,SHRIRAMFIN,27-FEB-2025
2025-02-03 13:15:04.440904,SHRIRAMFIN27FEB25F,FUTSTK,533.65,4673250,533.5,533.8,34408500,2250,750,SHRIRAMFIN,27-FEB-2025
2025-02-03 13:15:10.692247,SHRIRAMFIN27FEB25F,FUTSTK,533.8,4674000,533.55,533.75,34408500,1500,750,SHRIRAMFIN,27-FEB-2025
2025-02-03 13:15:16.824503,SHRIRAMFIN27FEB25F,FUTSTK,533.3,4680000,533.15,533.55,34408500,2250,1500,SHRIRAMFIN,27-FEB-2025
2025-02-03 13:15:25.123495,SHRIRAMFIN27FEB25F,FUTSTK,533.6,4681500,533.45,533.65,34408500,2250,750,SHRIRAMFIN,27-FEB-2025
2025-02-03 13:15:33.459915,SHRIRAMFIN27FEB25F,FUTSTK,533.75,4682250,533.45,533.8,34408500,1500,3000,SHRIRAMFIN,27-FEB-2025
2025-02-03 13:15:41.032587,SHRIRAMFIN27FEB25F,FUTSTK,533.75,4682250,533.5,533.8,34408500,2250,750,SHRIRAMFIN,27-FEB-2025
2025-02-03 13:15:47.244282,SHRIRAMFIN27FEB25F,FUTSTK,533.85,4683000,533.5,533.8,34408500,2250,750,SHRIRAMFIN,27-FEB-2025
2025-02-03 13:15:53.472636,SHRIRAMFIN27FEB25F,FUTSTK,533.85,4685250,533.6,533.9,34408500,3000,7500,SHRIRAMFIN,27-FEB-2025
2025-02-03 13:15:59.925373,SHRIRAMFIN27FEB25F,FUTSTK,533.6,4686000,533.6,533.9,34408500,2250,7500,SHRIRAMFIN,27-FEB-2025
2025-02-03 13:16:06.191434,SHRIRAMFIN27FEB25F,FUTSTK,533.9,4686000,533.6,533.9,34408500,2250,9000,SHRIRAMFIN,27-FEB-2025
2025-02-03 13:16:12.849391,SHRIRAMFIN27FEB25F,FUTSTK,533.7,4691250,533.6,533.9,34408500,750,4500,SHRIRAMFIN,27-FEB-2025
2025-02-03 13:16:19.924427,SHRIRAMFIN27FEB25F,FUTSTK,534.0,4707750,533.95,534.25,34428750,750,1500,SHRIRAMFIN,27-FEB-2025
2025-02-03 13:16:27.248636,SHRIRAMFIN27FEB25F,FUTSTK,534.35,4710000,534.05,534.4,34428750,750,750,SHRIRAMFIN,27-FEB-2025
2025-02-03 13:16:33.824304,SHRIRAMFIN27FEB25F,FUTSTK,534.45,4719000,534.2,534.5,34428750,3000,750,SHRIRAMFIN,27-FEB-2025
2025-02-03 13:16:40.847391,SHRIRAMFIN27FEB25F,FUTSTK,534.8,4720500,534.55,534.8,34428750,1500,750,SHRIRAMFIN,27-FEB-2025
2025-02-03 13:16:47.548584,SHRIRAMFIN27FEB25F,FUTSTK,534.5,4725000,534.5,534.7,34428750,3000,750,SHRIRAMFIN,27-FEB-2025
2025-02-03 13:16:54.136902,SHRIRAMFIN27FEB25F,FUTSTK,534.65,4727250,534.5,534.75,34428750,3750,1500,SHRIRAMFIN,27-FEB-2025
2025-02-03 13:17:00.585656,SHRIRAMFIN27FEB25F,FUTSTK,534.65,4727250,534.55,534.75,34428750,2250,1500,SHRIRAMFIN,27-FEB-2025
2025-02-03 13:17:06.941623,SHRIRAMFIN27FEB25F,FUTSTK,534.35,4737750,534.15,534.5,34428750,750,2250,SHRIRAMFIN,27-FEB-2025
2025-02-03 13:17:14.289780,SHRIRAMFIN27FEB25F,FUTSTK,534.65,4742250,534.35,534.55,34428750,750,750,SHRIRAMFIN,27-FEB-2025
2025-02-03 13:17:20.676920,SHRIRAMFIN27FEB25F,FUTSTK,534.35,4745250,534.2,534.45,34428750,750,750,SHRIRAMFIN,27-FEB-2025
2025-02-03 13:17:27.089729,SHRIRAMFIN27FEB25F,FUTSTK,534.2,4746000,534.4,534.65,34428750,750,750,SHRIRAMFIN,27-FEB-2025
2025-02-03 13:17:33.395518,SHRIRAMFIN27FEB25F,FUTSTK,534.75,4747500,534.45,534.75,34428750,750,750,SHRIRAMFIN,27-FEB-2025
2025-02-03 13:17:39.779757,SHRIRAMFIN27FEB25F,FUTSTK,534.75,4749750,534.45,534.75,34428750,750,750,SHRIRAMFIN,27-FEB-2025
2025-02-03 13:17:46.092434,SHRIRAMFIN27FEB25F,FUTSTK,534.75,4749750,534.45,534.8,34428750,1500,750,SHRIRAMFIN,27-FEB-2025
2025-02-03 13:17:52.429219,SHRIRAMFIN27FEB25F,FUTSTK,534.75,4749750,534.55,534.8,34428750,1500,750,SHRIRAMFIN,27-FEB-2025
2025-02-03 13:17:59.188757,SHRIRAMFIN27FEB25F,FUTSTK,534.4,4752000,534.4,534.7,34428750,3000,1500,SHRIRAMFIN,27-FEB-2025
2025-02-03 13:18:05.694481,SHRIRAMFIN27FEB25F,FUTSTK,534.65,4763250,534.4,534.65,34428750,750,750,SHRIRAMFIN,27-FEB-2025
2025-02-03 13:18:12.204483,SHRIRAMFIN27FEB25F,FUTSTK,534.4,4767000,534.25,534.65,34428750,750,750,SHRIRAMFIN,27-FEB-2025
2025-02-03 13:18:18.494409,SHRIRAMFIN27FEB25F,FUTSTK,534.4,4767000,534.35,534.75,34428750,2250,1500,SHRIRAMFIN,27-FEB-2025
2025-02-03 13:18:24.702243,SHRIRAMFIN27FEB25F,FUTSTK,534.45,4768500,534.45,534.7,34428750,1500,750,SHRIRAMFIN,27-FEB-2025
2025-02-03 13:18:31.123235,SHRIRAMFIN27FEB25F,FUTSTK,534.75,4773000,534.55,534.85,34428750,1500,6750,SHRIRAMFIN,27-FEB-2025
2025-02-03 13:18:37.634491,SHRIRAMFIN27FEB25F,FUTSTK,534.55,4774500,534.55,534.85,34428750,1500,1500,SHRIRAMFIN,27-FEB-2025
2025-02-03 13:18:43.953525,SHRIRAMFIN27FEB25F,FUTSTK,534.55,4774500,534.55,534.9,34428750,1500,750,SHRIRAMFIN,27-FEB-2025
2025-02-03 13:18:50.535270,SHRIRAMFIN27FEB25F,FUTSTK,534.6,4776000,534.6,534.9,34428750,1500,10500,SHRIRAMFIN,27-FEB-2025
2025-02-03 13:18:56.951202,SHRIRAMFIN27FEB25F,FUTSTK,534.55,4779000,534.55,534.85,34428750,1500,8250,SHRIRAMFIN,27-FEB-2025
2025-02-03 13:19:03.489672,SHRIRAMFIN27FEB25F,FUTSTK,534.55,4783500,534.55,534.85,34428750,3000,750,SHRIRAMFIN,27-FEB-2025
2025-02-03 13:19:09.942267,SHRIRAMFIN27FEB25F,FUTSTK,534.55,4789500,534.25,534.6,34428750,3000,750,SHRIRAMFIN,27-FEB-2025
2025-02-03 13:19:16.323081,SHRIRAMFIN27FEB25F,FUTSTK,534.25,4790250,534.25,534.5,34428750,2250,750,SHRIRAMFIN,27-FEB-2025
2025-02-03 13:19:22.741035,SHRIRAMFIN27FEB25F,FUTSTK,534.55,4794000,534.25,534.65,34425000,1500,750,SHRIRAMFIN,27-FEB-2025
2025-02-03 13:19:29.070981,SHRIRAMFIN27FEB25F,FUTSTK,534.5,4795500,534.3,534.55,34425000,750,6000,SHRIRAMFIN,27-FEB-2025
2025-02-03 13:19:35.456421,SHRIRAMFIN27FEB25F,FUTSTK,534.05,4797000,533.9,534.3,34425000,1500,1500,SHRIRAMFIN,27-FEB-2025
2025-02-03 13:19:42.188868,SHRIRAMFIN27FEB25F,FUTSTK,534.3,4798500,534.1,534.45,34425000,1500,1500,SHRIRAMFIN,27-FEB-2025
2025-02-03 13:19:48.724003,SHRIRAMFIN27FEB25F,FUTSTK,534.1,4800000,533.8,534.2,34425000,1500,1500,SHRIRAMFIN,27-FEB-2025
2025-02-03 13:19:55.083237,SHRIRAMFIN27FEB25F,FUTSTK,534.1,4800000,533.6,534.0,34425000,750,1500,SHRIRAMFIN,27-FEB-2025
2025-02-03 13:20:01.518622,SHRIRAMFIN27FEB25F,FUTSTK,533.8,4805250,533.7,534.0,34425000,750,3000,SHRIRAMFIN,27-FEB-2025
2025-02-03 13:20:07.924854,SHRIRAMFIN27FEB25F,FUTSTK,533.8,4805250,533.7,533.95,34425000,750,750,SHRIRAMFIN,27-FEB-2025
2025-02-03 13:20:14.281806,SHRIRAMFIN27FEB25F,FUTSTK,533.9,4806000,533.7,533.95,34425000,750,750,SHRIRAMFIN,27-FEB-2025
2025-02-03 13:20:20.721747,SHRIRAMFIN27FEB25F,FUTSTK,534.05,4808250,533.7,534.0,34425000,750,7500,SHRIRAMFIN,27-FEB-2025
2025-02-03 13:20:27.127637,SHRIRAMFIN27FEB25F,FUTSTK,533.7,4809000,533.55,533.9,34425000,750,750,SHRIRAMFIN,27-FEB-2025
2025-02-03 13:20:33.692291,SHRIRAMFIN27FEB25F,FUTSTK,533.75,4809750,533.65,534.05,34425000,750,750,SHRIRAMFIN,27-FEB-2025
2025-02-03 13:20:40.066753,SHRIRAMFIN27FEB25F,FUTSTK,533.75,4809750,533.7,534.15,34425000,1500,9000,SHRIRAMFIN,27-FEB-2025
2025-02-03 13:20:46.297966,SHRIRAMFIN27FEB25F,FUTSTK,533.75,4809750,533.85,534.3,34425000,2250,1500,SHRIRAMFIN,27-FEB-2025
2025-02-03 13:20:52.523648,SHRIRAMFIN27FEB25F,FUTSTK,534.45,4812750,534.35,534.7,34425000,2250,1500,SHRIRAMFIN,27-FEB-2025
2025-02-03 13:20:58.935701,SHRIRAMFIN27FEB25F,FUTSTK,534.3,4815750,534.25,534.6,34425000,750,750,SHRIRAMFIN,27-FEB-2025
2025-02-03 13:21:05.269726,SHRIRAMFIN27FEB25F,FUTSTK,534.2,4816500,534.25,534.45,34425000,1500,6750,SHRIRAMFIN,27-FEB-2025
2025-02-03 13:21:11.578966,SHRIRAMFIN27FEB25F,FUTSTK,534.35,4819500,534.25,534.65,34425000,3000,750,SHRIRAMFIN,27-FEB-2025
2025-02-03 13:21:17.965591,SHRIRAMFIN27FEB25F,FUTSTK,534.25,4821000,534.25,534.6,34425000,1500,2250,SHRIRAMFIN,27-FEB-2025
2025-02-03 13:21:24.369142,SHRIRAMFIN27FEB25F,FUTSTK,534.25,4821000,534.35,534.6,34425000,750,750,SHRIRAMFIN,27-FEB-2025
2025-02-03 13:21:30.767186,SHRIRAMFIN27FEB25F,FUTSTK,534.75,4821750,534.5,534.75,34425000,750,1500,SHRIRAMFIN,27-FEB-2025
2025-02-03 13:21:37.194889,SHRIRAMFIN27FEB25F,FUTSTK,534.5,4823250,534.55,534.95,34425000,1500,3750,SHRIRAMFIN,27-FEB-2025
2025-02-03 13:21:45.611640,SHRIRAMFIN27FEB25F,FUTSTK,534.55,4824000,534.65,534.9,34425000,750,750,SHRIRAMFIN,27-FEB-2025
2025-02-03 13:21:53.409303,SHRIRAMFIN27FEB25F,FUTSTK,534.55,4827000,534.55,534.95,34425000,1500,9000,SHRIRAMFIN,27-FEB-2025
2025-02-03 13:22:00.596889,SHRIRAMFIN27FEB25F,FUTSTK,534.4,4828500,534.45,534.7,34425000,1500,750,SHRIRAMFIN,27-FEB-2025
2025-02-03 13:22:06.963403,SHRIRAMFIN27FEB25F,FUTSTK,533.75,4839000,533.75,534.05,34425000,750,750,SHRIRAMFIN,27-FEB-2025
2025-02-03 13:22:13.247029,SHRIRAMFIN27FEB25F,FUTSTK,533.75,4839000,533.65,533.95,34425000,750,750,SHRIRAMFIN,27-FEB-2025
2025-02-03 13:22:19.515639,SHRIRAMFIN27FEB25F,FUTSTK,533.95,4840500,533.6,533.95,34428750,750,6750,SHRIRAMFIN,27-FEB-2025
2025-02-03 13:22:26.114069,SHRIRAMFIN27FEB25F,FUTSTK,533.95,4840500,533.55,533.95,34428750,1500,9000,SHRIRAMFIN,27-FEB-2025
2025-02-03 13:22:34.816071,SHRIRAMFIN27FEB25F,FUTSTK,534.05,4842750,533.8,534.0,34428750,750,750,SHRIRAMFIN,27-FEB-2025
2025-02-03 13:22:42.011673,SHRIRAMFIN27FEB25F,FUTSTK,534.05,4842750,533.8,534.15,34428750,750,750,SHRIRAMFIN,27-FEB-2025
2025-02-03 13:22:50.413868,SHRIRAMFIN27FEB25F,FUTSTK,533.65,4845750,533.7,534.05,34428750,750,6000,SHRIRAMFIN,27-FEB-2025
2025-02-03 13:22:58.795152,SHRIRAMFIN27FEB25F,FUTSTK,533.7,4846500,533.55,534.0,34428750,2250,6750,SHRIRAMFIN,27-FEB-2025
2025-02-03 13:23:06.166247,SHRIRAMFIN27FEB25F,FUTSTK,533.65,4848750,533.65,534.0,34428750,2250,2250,SHRIRAMFIN,27-FEB-2025
2025-02-03 13:23:13.435098,SHRIRAMFIN27FEB25F,FUTSTK,533.95,4851000,533.75,534.05,34428750,3000,6000,SHRIRAMFIN,27-FEB-2025
2025-02-03 13:23:19.737294,SHRIRAMFIN27FEB25F,FUTSTK,534.1,4852500,533.8,534.1,34428750,1500,750,SHRIRAMFIN,27-FEB-2025
2025-02-03 13:23:26.037675,SHRIRAMFIN27FEB25F,FUTSTK,533.85,4854000,533.85,534.1,34428750,1500,5250,SHRIRAMFIN,27-FEB-2025
2025-02-03 13:23:32.450346,SHRIRAMFIN27FEB25F,FUTSTK,534.0,4854000,533.85,534.1,34428750,1500,6000,SHRIRAMFIN,27-FEB-2025
2025-02-03 13:23:38.745201,SHRIRAMFIN27FEB25F,FUTSTK,534.0,4854750,533.95,534.3,34428750,750,750,SHRIRAMFIN,27-FEB-2025
2025-02-03 13:23:45.011329,SHRIRAMFIN27FEB25F,FUTSTK,533.85,4857750,533.95,534.2,34428750,1500,5250,SHRIRAMFIN,27-FEB-2025
2025-02-03 13:23:51.329648,SHRIRAMFIN27FEB25F,FUTSTK,533.85,4857750,533.95,534.3,34428750,3000,6000,SHRIRAMFIN,27-FEB-2025
2025-02-03 13:23:57.715341,SHRIRAMFIN27FEB25F,FUTSTK,534.4,4859250,534.0,534.35,34428750,750,1500,SHRIRAMFIN,27-FEB-2025
2025-02-03 13:24:03.991662,SHRIRAMFIN27FEB25F,FUTSTK,534.2,4867500,534.1,534.2,34428750,2250,750,SHRIRAMFIN,27-FEB-2025
2025-02-03 13:24:10.444109,SHRIRAMFIN27FEB25F,FUTSTK,534.2,4867500,534.15,534.45,34428750,750,750,SHRIRAMFIN,27-FEB-2025
2025-02-03 13:24:16.883577,SHRIRAMFIN27FEB25F,FUTSTK,534.2,4867500,534.15,534.45,34428750,1500,1500,SHRIRAMFIN,27-FEB-2025
2025-02-03 13:24:23.272892,SHRIRAMFIN27FEB25F,FUTSTK,534.2,4867500,534.25,534.55,34428750,1500,750,SHRIRAMFIN,27-FEB-2025
2025-02-03 13:24:29.606585,SHRIRAMFIN27FEB25F,FUTSTK,534.2,4867500,534.25,534.5,34428750,2250,750,SHRIRAMFIN,27-FEB-2025
2025-02-03 13:24:36.071258,SHRIRAMFIN27FEB25F,FUTSTK,534.0,4871250,534.1,534.3,34428750,750,750,SHRIRAMFIN,27-FEB-2025
2025-02-03 13:24:42.465993,SHRIRAMFIN27FEB25F,FUTSTK,533.75,4880250,533.75,534.1,34428750,1500,1500,SHRIRAMFIN,27-FEB-2025
2025-02-03 13:24:48.880176,SHRIRAMFIN27FEB25F,FUTSTK,533.75,4880250,533.75,534.05,34428750,1500,750,SHRIRAMFIN,27-FEB-2025
2025-02-03 13:24:55.232481,SHRIRAMFIN27FEB25F,FUTSTK,534.1,4881000,533.95,534.25,34428750,750,1500,SHRIRAMFIN,27-FEB-2025
2025-02-03 13:25:01.620597,SHRIRAMFIN27FEB25F,FUTSTK,534.1,4881000,533.95,534.3,34428750,750,2250,SHRIRAMFIN,27-FEB-2025
2025-02-03 13:25:08.045240,SHRIRAMFIN27FEB25F,FUTSTK,533.85,4882500,533.8,534.1,34428750,750,2250,SHRIRAMFIN,27-FEB-2025
2025-02-03 13:25:14.511115,SHRIRAMFIN27FEB25F,FUTSTK,533.85,4882500,533.8,534.05,34428750,1500,2250,SHRIRAMFIN,27-FEB-2025
2025-02-03 13:25:20.936597,SHRIRAMFIN27FEB25F,FUTSTK,533.85,4882500,533.8,534.05,34428750,2250,750,SHRIRAMFIN,27-FEB-2025
2025-02-03 13:25:27.235767,SHRIRAMFIN27FEB25F,FUTSTK,533.85,4882500,533.9,534.1,34428750,750,750,SHRIRAMFIN,27-FEB-2025
2025-02-03 13:25:33.955168,SHRIRAMFIN27FEB25F,FUTSTK,533.85,4882500,533.95,534.25,34428750,750,1500,SHRIRAMFIN,27-FEB-2025
2025-02-03 13:25:40.226864,SHRIRAMFIN27FEB25F,FUTSTK,533.7,4893000,533.6,533.9,34413750,2250,750,SHRIRAMFIN,27-FEB-2025
2025-02-03 13:25:46.674480,SHRIRAMFIN27FEB25F,FUTSTK,533.7,4893000,533.6,533.85,34413750,1500,1500,SHRIRAMFIN,27-FEB-2025
2025-02-03 13:25:53.103587,SHRIRAMFIN27FEB25F,FUTSTK,533.5,4896000,533.2,533.6,34413750,750,1500,SHRIRAMFIN,27-FEB-2025
2025-02-03 13:25:59.481253,SHRIRAMFIN27FEB25F,FUTSTK,533.0,4900500,533.15,533.45,34413750,750,750,SHRIRAMFIN,27-FEB-2025
2025-02-03 13:26:05.887218,SHRIRAMFIN27FEB25F,FUTSTK,533.0,4900500,533.2,533.5,34413750,750,6000,SHRIRAMFIN,27-FEB-2025
2025-02-03 13:26:12.232531,SHRIRAMFIN27FEB25F,FUTSTK,533.2,4901250,533.25,533.65,34413750,1500,6000,SHRIRAMFIN,27-FEB-2025
2025-02-03 13:26:18.602633,SHRIRAMFIN27FEB25F,FUTSTK,533.2,4904250,533.0,533.25,34413750,750,750,SHRIRAMFIN,27-FEB-2025
2025-02-03 13:26:24.907325,SHRIRAMFIN27FEB25F,FUTSTK,533.2,4904250,533.0,533.25,34413750,750,750,SHRIRAMFIN,27-FEB-2025
2025-02-03 13:26:31.279470,SHRIRAMFIN27FEB25F,FUTSTK,533.2,4904250,533.0,533.4,34413750,1500,1500,SHRIRAMFIN,27-FEB-2025
2025-02-03 13:26:37.643416,SHRIRAMFIN27FEB25F,FUTSTK,532.85,4907250,533.2,533.45,34413750,1500,5250,SHRIRAMFIN,27-FEB-2025
2025-02-03 13:26:43.905396,SHRIRAMFIN27FEB25F,FUTSTK,533.2,4908000,533.2,533.35,34413750,750,6000,SHRIRAMFIN,27-FEB-2025
2025-02-03 13:26:50.448558,SHRIRAMFIN27FEB25F,FUTSTK,533.35,4908750,533.2,533.45,34413750,750,5250,SHRIRAMFIN,27-FEB-2025
2025-02-03 13:26:56.759444,SHRIRAMFIN27FEB25F,FUTSTK,533.3,4911000,533.35,533.65,34413750,1500,750,SHRIRAMFIN,27-FEB-2025
2025-02-03 13:27:03.205867,SHRIRAMFIN27FEB25F,FUTSTK,533.65,4911750,533.55,533.9,34413750,1500,750,SHRIRAMFIN,27-FEB-2025
2025-02-03 13:27:09.608901,SHRIRAMFIN27FEB25F,FUTSTK,533.65,4911750,533.55,533.8,34413750,750,750,SHRIRAMFIN,27-FEB-2025
2025-02-03 13:27:15.992246,SHRIRAMFIN27FEB25F,FUTSTK,533.55,4912500,533.7,534.0,34413750,2250,750,SHRIRAMFIN,27-FEB-2025
2025-02-03 13:27:22.241878,SHRIRAMFIN27FEB25F,FUTSTK,533.7,4918500,533.6,533.95,34413750,750,750,SHRIRAMFIN,27-FEB-2025
2025-02-03 13:27:28.578825,SHRIRAMFIN27FEB25F,FUTSTK,533.4,4924500,533.3,533.55,34413750,750,750,SHRIRAMFIN,27-FEB-2025
2025-02-03 13:27:34.895150,SHRIRAMFIN27FEB25F,FUTSTK,533.4,4924500,533.45,533.8,34413750,1500,750,SHRIRAMFIN,27-FEB-2025
2025-02-03 13:27:41.179431,SHRIRAMFIN27FEB25F,FUTSTK,533.9,4924500,533.65,533.9,34413750,1500,5250,SHRIRAMFIN,27-FEB-2025
2025-02-03 13:27:47.484989,SHRIRAMFIN27FEB25F,FUTSTK,533.65,4926000,533.65,533.9,34413750,750,5250,SHRIRAMFIN,27-FEB-2025
2025-02-03 13:27:53.827029,SHRIRAMFIN27FEB25F,FUTSTK,533.65,4926000,533.7,533.9,34413750,1500,4500,SHRIRAMFIN,27-FEB-2025
2025-02-03 13:28:00.246651,SHRIRAMFIN27FEB25F,FUTSTK,533.65,4926000,533.75,533.95,34413750,1500,3750,SHRIRAMFIN,27-FEB-2025
2025-02-03 13:28:06.657008,SHRIRAMFIN27FEB25F,FUTSTK,533.8,4927500,533.7,533.85,34413750,2250,5250,SHRIRAMFIN,27-FEB-2025
2025-02-03 13:28:12.926536,SHRIRAMFIN27FEB25F,FUTSTK,533.6,4932000,533.4,533.7,34413750,2250,4500,SHRIRAMFIN,27-FEB-2025
2025-02-03 13:28:19.215588,SHRIRAMFIN27FEB25F,FUTSTK,533.55,4932750,533.5,533.85,34413750,1500,4500,SHRIRAMFIN,27-FEB-2025
2025-02-03 13:28:25.477776,SHRIRAMFIN27FEB25F,FUTSTK,533.4,4935000,533.3,533.7,34401750,1500,6750,SHRIRAMFIN,27-FEB-2025
2025-02-03 13:28:31.959401,SHRIRAMFIN27FEB25F,FUTSTK,533.4,4935000,533.3,533.65,34401750,750,4500,SHRIRAMFIN,27-FEB-2025
2025-02-03 13:28:38.379396,SHRIRAMFIN27FEB25F,FUTSTK,533.4,4935000,533.55,533.75,34401750,750,4500,SHRIRAMFIN,27-FEB-2025
2025-02-03 13:28:44.649387,SHRIRAMFIN27FEB25F,FUTSTK,533.75,4935750,533.3,533.65,34401750,750,5250,SHRIRAMFIN,27-FEB-2025
2025-02-03 13:28:51.137134,SHRIRAMFIN27FEB25F,FUTSTK,532.75,4940250,532.8,533.05,34401750,750,750,SHRIRAMFIN,27-FEB-2025
2025-02-03 13:28:57.390700,SHRIRAMFIN27FEB25F,FUTSTK,532.75,4943250,532.55,532.85,34401750,750,750,SHRIRAMFIN,27-FEB-2025
2025-02-03 13:29:03.739733,SHRIRAMFIN27FEB25F,FUTSTK,533.05,4944000,532.85,533.15,34401750,750,750,SHRIRAMFIN,27-FEB-2025
2025-02-03 13:29:10.166623,SHRIRAMFIN27FEB25F,FUTSTK,533.35,4944750,533.3,533.65,34401750,750,4500,SHRIRAMFIN,27-FEB-2025
2025-02-03 13:29:16.430368,SHRIRAMFIN27FEB25F,FUTSTK,533.35,4944750,533.4,533.6,34401750,750,750,SHRIRAMFIN,27-FEB-2025
2025-02-03 13:29:22.797471,SHRIRAMFIN27FEB25F,FUTSTK,533.5,4949250,533.4,533.65,34401750,1500,4500,SHRIRAMFIN,27-FEB-2025
2025-02-03 13:29:29.132470,SHRIRAMFIN27FEB25F,FUTSTK,533.5,4949250,533.6,533.8,34401750,2250,750,SHRIRAMFIN,27-FEB-2025
2025-02-03 13:29:35.501497,SHRIRAMFIN27FEB25F,FUTSTK,533.5,4949250,533.6,533.8,34401750,1500,750,SHRIRAMFIN,27-FEB-2025
2025-02-03 13:29:42.049420,SHRIRAMFIN27FEB25F,FUTSTK,533.8,4950000,533.7,534.05,34401750,2250,750,SHRIRAMFIN,27-FEB-2025
2025-02-03 13:29:48.405768,SHRIRAMFIN27FEB25F,FUTSTK,533.7,4951500,533.75,534.1,34401750,3000,6000,SHRIRAMFIN,27-FEB-2025
2025-02-03 13:29:55.216080,SHRIRAMFIN27FEB25F,FUTSTK,533.9,4952250,533.85,534.2,34401750,1500,750,SHRIRAMFIN,27-FEB-2025
2025-02-03 13:30:01.849137,SHRIRAMFIN27FEB25F,FUTSTK,533.9,4952250,533.95,534.25,34401750,750,750,SHRIRAMFIN,27-FEB-2025
2025-02-03 13:30:08.522307,SHRIRAMFIN27FEB25F,FUTSTK,534.0,4953750,533.85,534.2,34401750,1500,750,SHRIRAMFIN,27-FEB-2025
2025-02-03 13:30:14.949345,SHRIRAMFIN27FEB25F,FUTSTK,534.0,4953750,534.0,534.3,34401750,2250,5250,SHRIRAMFIN,27-FEB-2025
2025-02-03 13:30:21.328275,SHRIRAMFIN27FEB25F,FUTSTK,533.95,4959750,533.95,534.3,34401750,2250,750,SHRIRAMFIN,27-FEB-2025
2025-02-03 13:30:27.677861,SHRIRAMFIN27FEB25F,FUTSTK,533.95,4959750,534.0,534.35,34401750,2250,750,SHRIRAMFIN,27-FEB-2025
2025-02-03 13:30:33.937628,SHRIRAMFIN27FEB25F,FUTSTK,533.95,4959750,534.0,534.3,34401750,2250,4500,SHRIRAMFIN,27-FEB-2025
2025-02-03 13:30:40.456545,SHRIRAMFIN27FEB25F,FUTSTK,534.15,4966500,534.05,534.4,34401750,750,1500,SHRIRAMFIN,27-FEB-2025
2025-02-03 13:30:46.744297,SHRIRAMFIN27FEB25F,FUTSTK,534.15,4966500,534.05,534.4,34401750,2250,750,SHRIRAMFIN,27-FEB-2025
2025-02-03 13:30:53.227541,SHRIRAMFIN27FEB25F,FUTSTK,534.15,4966500,534.05,534.4,34401750,2250,750,SHRIRAMFIN,27-FEB-2025
2025-02-03 13:30:59.570261,SHRIRAMFIN27FEB25F,FUTSTK,534.15,4966500,534.05,534.4,34401750,2250,750,SHRIRAMFIN,27-FEB-2025
2025-02-03 13:31:05.938707,SHRIRAMFIN27FEB25F,FUTSTK,533.95,4966500,534.15,534.5,34401750,1500,750,SHRIRAMFIN,27-FEB-2025
2025-02-03 13:31:12.427546,SHRIRAMFIN27FEB25F,FUTSTK,533.4,4966500,534.15,534.5,34401750,1500,750,SHRIRAMFIN,27-FEB-2025
2025-02-03 13:31:18.754869,SHRIRAMFIN27FEB25F,FUTSTK,533.6,4966500,534.15,534.5,34401750,1500,750,SHRIRAMFIN,27-FEB-2025
2025-02-03 13:31:25.398575,SHRIRAMFIN27FEB25F,FUTSTK,533.75,4966500,534.15,534.5,34398000,1500,750,SHRIRAMFIN,27-FEB-2025
2025-02-03 13:31:31.850946,SHRIRAMFIN27FEB25F,FUTSTK,533.5,4997250,533.5,533.7,34398000,1500,4500,SHRIRAMFIN,27-FEB-2025
2025-02-03 13:31:38.170677,SHRIRAMFIN27FEB25F,FUTSTK,533.75,4997250,533.5,533.7,34398000,1500,4500,SHRIRAMFIN,27-FEB-2025
2025-02-03 13:31:44.533036,SHRIRAMFIN27FEB25F,FUTSTK,533.6,5001000,533.55,533.65,34398000,3000,750,SHRIRAMFIN,27-FEB-2025
2025-02-03 13:31:50.661512,SHRIRAMFIN27FEB25F,FUTSTK,533.55,5002500,533.6,533.8,34398000,1500,3750,SHRIRAMFIN,27-FEB-2025
2025-02-03 13:31:56.975323,SHRIRAMFIN27FEB25F,FUTSTK,533.55,5002500,533.6,533.9,34398000,3000,3750,SHRIRAMFIN,27-FEB-2025
2025-02-03 13:32:03.433601,SHRIRAMFIN27FEB25F,FUTSTK,533.55,5002500,533.6,533.85,34398000,3000,750,SHRIRAMFIN,27-FEB-2025
2025-02-03 13:32:09.815768,SHRIRAMFIN27FEB25F,FUTSTK,533.6,5003250,533.6,533.95,34398000,2250,750,SHRIRAMFIN,27-FEB-2025
2025-02-03 13:32:16.195632,SHRIRAMFIN27FEB25F,FUTSTK,533.6,5005500,533.55,533.85,34398000,2250,750,SHRIRAMFIN,27-FEB-2025
2025-02-03 13:32:22.525494,SHRIRAMFIN27FEB25F,FUTSTK,533.65,5007000,533.6,533.8,34398000,750,750,SHRIRAMFIN,27-FEB-2025
2025-02-03 13:32:28.802589,SHRIRAMFIN27FEB25F,FUTSTK,533.65,5007750,533.65,533.9,34398000,2250,750,SHRIRAMFIN,27-FEB-2025
2025-02-03 13:32:35.031458,SHRIRAMFIN27FEB25F,FUTSTK,533.65,5007750,533.75,533.9,34398000,2250,750,SHRIRAMFIN,27-FEB-2025
2025-02-03 13:32:41.362662,SHRIRAMFIN27FEB25F,FUTSTK,533.9,5014500,533.8,534.0,34398000,1500,750,SHRIRAMFIN,27-FEB-2025
2025-02-03 13:32:47.735677,SHRIRAMFIN27FEB25F,FUTSTK,533.8,5014500,533.8,534.0,34398000,1500,750,SHRIRAMFIN,27-FEB-2025
2025-02-03 13:32:54.066884,SHRIRAMFIN27FEB25F,FUTSTK,533.9,5014500,533.8,534.0,34398000,1500,750,SHRIRAMFIN,27-FEB-2025
2025-02-03 13:33:00.476345,SHRIRAMFIN27FEB25F,FUTSTK,533.55,5014500,533.8,534.0,34398000,1500,750,SHRIRAMFIN,27-FEB-2025
2025-02-03 13:33:06.737518,SHRIRAMFIN27FEB25F,FUTSTK,533.55,5019750,533.55,533.85,34398000,750,750,SHRIRAMFIN,27-FEB-2025
2025-02-03 13:33:13.098293,SHRIRAMFIN27FEB25F,FUTSTK,533.35,5019750,533.55,533.85,34398000,750,750,SHRIRAMFIN,27-FEB-2025
2025-02-03 13:33:19.280985,SHRIRAMFIN27FEB25F,FUTSTK,533.5,5019750,533.55,533.85,34398000,750,750,SHRIRAMFIN,27-FEB-2025
2025-02-03 13:33:25.696656,SHRIRAMFIN27FEB25F,FUTSTK,533.5,5019750,533.55,533.85,34398000,750,750,SHRIRAMFIN,27-FEB-2025
2025-02-03 13:33:32.027087,SHRIRAMFIN27FEB25F,FUTSTK,533.05,5026500,533.05,533.25,34398000,750,750,SHRIRAMFIN,27-FEB-2025
2025-02-03 13:33:38.447995,SHRIRAMFIN27FEB25F,FUTSTK,533.05,5026500,533.05,533.25,34398000,750,750,SHRIRAMFIN,27-FEB-2025
2025-02-03 13:33:44.699612,SHRIRAMFIN27FEB25F,FUTSTK,533.05,5026500,533.05,533.25,34398000,750,750,SHRIRAMFIN,27-FEB-2025
2025-02-03 13:33:51.137495,SHRIRAMFIN27FEB25F,FUTSTK,533.05,5026500,533.05,533.25,34398000,750,750,SHRIRAMFIN,27-FEB-2025
2025-02-03 13:33:57.577585,SHRIRAMFIN27FEB25F,FUTSTK,533.65,5027250,533.25,533.65,34398000,1500,1500,SHRIRAMFIN,27-FEB-2025
2025-02-03 13:34:03.879203,SHRIRAMFIN27FEB25F,FUTSTK,533.65,5027250,533.25,533.65,34398000,1500,1500,SHRIRAMFIN,27-FEB-2025
2025-02-03 13:34:10.400728,SHRIRAMFIN27FEB25F,FUTSTK,533.65,5027250,533.25,533.65,34398000,1500,1500,SHRIRAMFIN,27-FEB-2025
2025-02-03 13:34:17.179686,SHRIRAMFIN27FEB25F,FUTSTK,533.65,5032500,533.65,534.0,34398000,1500,750,SHRIRAMFIN,27-FEB-2025
2025-02-03 13:34:23.565431,SHRIRAMFIN27FEB25F,FUTSTK,533.65,5032500,533.65,534.0,34398000,1500,750,SHRIRAMFIN,27-FEB-2025
2025-02-03 13:34:30.026211,SHRIRAMFIN27FEB25F,FUTSTK,533.65,5032500,533.65,534.0,34398000,1500,750,SHRIRAMFIN,27-FEB-2025
2025-02-03 13:34:36.769623,SHRIRAMFIN27FEB25F,FUTSTK,533.65,5032500,533.65,534.0,34398000,1500,750,SHRIRAMFIN,27-FEB-2025
2025-02-03 13:34:43.329271,SHRIRAMFIN27FEB25F,FUTSTK,534.0,5032500,533.75,534.0,34375500,750,750,SHRIRAMFIN,27-FEB-2025
2025-02-03 13:34:49.622739,SHRIRAMFIN27FEB25F,FUTSTK,534.0,5032500,533.75,534.0,34375500,750,750,SHRIRAMFIN,27-FEB-2025
2025-02-03 13:34:56.069824,SHRIRAMFIN27FEB25F,FUTSTK,534.1,5032500,533.75,534.0,34375500,750,750,SHRIRAMFIN,27-FEB-2025
2025-02-03 13:35:02.538746,SHRIRAMFIN27FEB25F,FUTSTK,534.0,5032500,533.75,534.0,34375500,750,750,SHRIRAMFIN,27-FEB-2025
2025-02-03 13:35:08.860746,SHRIRAMFIN27FEB25F,FUTSTK,534.0,5037000,534.0,534.3,34375500,1500,750,SHRIRAMFIN,27-FEB-2025
2025-02-03 13:35:15.247464,SHRIRAMFIN27FEB25F,FUTSTK,534.0,5037000,534.0,534.3,34375500,1500,750,SHRIRAMFIN,27-FEB-2025
2025-02-03 13:35:21.700431,SHRIRAMFIN27FEB25F,FUTSTK,534.0,5037000,534.0,534.3,34375500,1500,750,SHRIRAMFIN,27-FEB-2025
2025-02-03 13:35:28.051769,SHRIRAMFIN27FEB25F,FUTSTK,534.0,5037000,534.0,534.3,34375500,1500,750,SHRIRAMFIN,27-FEB-2025
2025-02-03 13:35:34.355864,SHRIRAMFIN27FEB25F,FUTSTK,534.45,5040000,534.05,534.45,34375500,750,2250,SHRIRAMFIN,27-FEB-2025
2025-02-03 13:35:40.632978,SHRIRAMFIN27FEB25F,FUTSTK,534.7,5040000,534.05,534.45,34375500,750,2250,SHRIRAMFIN,27-FEB-2025
2025-02-03 13:35:47.053947,SHRIRAMFIN27FEB25F,FUTSTK,535.6,5057250,535.4,535.75,34375500,2250,750,SHRIRAMFIN,27-FEB-2025
2025-02-03 13:35:53.409147,SHRIRAMFIN27FEB25F,FUTSTK,534.95,5065500,534.95,535.25,34375500,750,4500,SHRIRAMFIN,27-FEB-2025
2025-02-03 13:35:59.713466,SHRIRAMFIN27FEB25F,FUTSTK,535.2,5070000,534.95,535.3,34375500,1500,750,SHRIRAMFIN,27-FEB-2025
2025-02-03 13:36:06.069166,SHRIRAMFIN27FEB25F,FUTSTK,535.2,5070000,535.0,535.3,34375500,750,1500,SHRIRAMFIN,27-FEB-2025
2025-02-03 13:36:12.482074,SHRIRAMFIN27FEB25F,FUTSTK,535.45,5072250,535.25,535.55,34375500,750,750,SHRIRAMFIN,27-FEB-2025
2025-02-03 13:36:18.926472,SHRIRAMFIN27FEB25F,FUTSTK,535.45,5079750,535.15,535.45,34375500,750,4500,SHRIRAMFIN,27-FEB-2025
2025-02-03 13:36:25.244098,SHRIRAMFIN27FEB25F,FUTSTK,535.6,5079750,535.45,535.85,34375500,1500,4500,SHRIRAMFIN,27-FEB-2025
2025-02-03 13:36:31.641257,SHRIRAMFIN27FEB25F,FUTSTK,535.2,5083500,535.2,535.5,34375500,750,2250,SHRIRAMFIN,27-FEB-2025
2025-02-03 13:36:37.993028,SHRIRAMFIN27FEB25F,FUTSTK,535.2,5085750,535.2,535.45,34375500,2250,3750,SHRIRAMFIN,27-FEB-2025
2025-02-03 13:36:44.299454,SHRIRAMFIN27FEB25F,FUTSTK,535.95,5093250,535.6,535.95,34375500,2250,3750,SHRIRAMFIN,27-FEB-2025
2025-02-03 13:36:50.650866,SHRIRAMFIN27FEB25F,FUTSTK,535.6,5095500,535.6,535.9,34375500,750,4500,SHRIRAMFIN,27-FEB-2025
2025-02-03 13:36:56.869086,SHRIRAMFIN27FEB25F,FUTSTK,535.6,5100000,535.4,535.8,34375500,2250,3750,SHRIRAMFIN,27-FEB-2025
2025-02-03 13:37:03.290320,SHRIRAMFIN27FEB25F,FUTSTK,535.6,5100750,535.4,535.8,34375500,2250,3750,SHRIRAMFIN,27-FEB-2025
2025-02-03 13:37:09.572748,SHRIRAMFIN27FEB25F,FUTSTK,535.85,5102250,535.55,535.95,34375500,2250,4500,SHRIRAMFIN,27-FEB-2025
2025-02-03 13:37:15.849105,SHRIRAMFIN27FEB25F,FUTSTK,535.95,5103000,535.65,536.0,34375500,1500,6750,SHRIRAMFIN,27-FEB-2025
2025-02-03 13:37:22.269099,SHRIRAMFIN27FEB25F,FUTSTK,535.55,5111250,535.55,535.85,34383000,1500,4500,SHRIRAMFIN,27-FEB-2025
2025-02-03 13:37:28.508410,SHRIRAMFIN27FEB25F,FUTSTK,535.8,5112750,535.55,535.8,34383000,1500,750,SHRIRAMFIN,27-FEB-2025
2025-02-03 13:37:34.739856,SHRIRAMFIN27FEB25F,FUTSTK,535.8,5113500,535.55,535.9,34383000,1500,4500,SHRIRAMFIN,27-FEB-2025
2025-02-03 13:37:41.022193,SHRIRAMFIN27FEB25F,FUTSTK,535.55,5124000,535.45,535.55,34383000,1500,9000,SHRIRAMFIN,27-FEB-2025
2025-02-03 13:37:47.293923,SHRIRAMFIN27FEB25F,FUTSTK,535.6,5136750,535.8,536.0,34383000,750,6000,SHRIRAMFIN,27-FEB-2025
2025-02-03 13:37:53.702605,SHRIRAMFIN27FEB25F,FUTSTK,535.7,5145000,535.4,535.85,34383000,1500,4500,SHRIRAMFIN,27-FEB-2025
2025-02-03 13:38:00.082619,SHRIRAMFIN27FEB25F,FUTSTK,535.7,5145000,535.5,535.9,34383000,1500,750,SHRIRAMFIN,27-FEB-2025
2025-02-03 13:38:06.423651,SHRIRAMFIN27FEB25F,FUTSTK,536.0,5148750,536.0,536.35,34383000,2250,4500,SHRIRAMFIN,27-FEB-2025
2025-02-03 13:38:12.871353,SHRIRAMFIN27FEB25F,FUTSTK,536.0,5148750,536.0,536.3,34383000,750,4500,SHRIRAMFIN,27-FEB-2025
2025-02-03 13:38:19.139078,SHRIRAMFIN27FEB25F,FUTSTK,536.0,5149500,536.0,536.25,34383000,750,4500,SHRIRAMFIN,27-FEB-2025
2025-02-03 13:38:25.385056,SHRIRAMFIN27FEB25F,FUTSTK,535.9,5154000,535.7,535.95,34383000,750,3750,SHRIRAMFIN,27-FEB-2025
2025-02-03 13:38:31.869549,SHRIRAMFIN27FEB25F,FUTSTK,535.9,5154000,535.7,536.1,34383000,2250,3750,SHRIRAMFIN,27-FEB-2025
2025-02-03 13:38:38.246110,SHRIRAMFIN27FEB25F,FUTSTK,536.0,5154000,535.8,536.0,34383000,1500,2250,SHRIRAMFIN,27-FEB-2025
2025-02-03 13:38:44.616826,SHRIRAMFIN27FEB25F,FUTSTK,535.9,5157750,535.8,536.05,34383000,750,3750,SHRIRAMFIN,27-FEB-2025
2025-02-03 13:38:50.965497,SHRIRAMFIN27FEB25F,FUTSTK,535.7,5160750,535.9,536.25,34383000,1500,750,SHRIRAMFIN,27-FEB-2025
2025-02-03 13:38:57.374829,SHRIRAMFIN27FEB25F,FUTSTK,536.35,5161500,535.95,536.25,34383000,750,4500,SHRIRAMFIN,27-FEB-2025
2025-02-03 13:39:03.749054,SHRIRAMFIN27FEB25F,FUTSTK,536.35,5161500,535.95,536.2,34383000,750,4500,SHRIRAMFIN,27-FEB-2025
2025-02-03 13:39:10.287048,SHRIRAMFIN27FEB25F,FUTSTK,536.35,5161500,535.95,536.15,34383000,750,750,SHRIRAMFIN,27-FEB-2025
2025-02-03 13:39:16.663125,SHRIRAMFIN27FEB25F,FUTSTK,536.35,5161500,536.0,536.4,34383000,750,1500,SHRIRAMFIN,27-FEB-2025
2025-02-03 13:39:23.190593,SHRIRAMFIN27FEB25F,FUTSTK,536.35,5163000,536.3,536.5,34383000,750,750,SHRIRAMFIN,27-FEB-2025
2025-02-03 13:39:29.579070,SHRIRAMFIN27FEB25F,FUTSTK,536.55,5164500,536.3,536.5,34383000,750,750,SHRIRAMFIN,27-FEB-2025
2025-02-03 13:39:35.742607,SHRIRAMFIN27FEB25F,FUTSTK,536.85,5165250,536.4,536.65,34383000,750,750,SHRIRAMFIN,27-FEB-2025
2025-02-03 13:39:41.914067,SHRIRAMFIN27FEB25F,FUTSTK,536.5,5172750,536.4,536.65,34383000,2250,1500,SHRIRAMFIN,27-FEB-2025
2025-02-03 13:39:48.261605,SHRIRAMFIN27FEB25F,FUTSTK,536.55,5179500,536.4,536.55,34383000,750,750,SHRIRAMFIN,27-FEB-2025
2025-02-03 13:39:54.583904,SHRIRAMFIN27FEB25F,FUTSTK,536.7,5181000,536.45,536.75,34383000,750,3000,SHRIRAMFIN,27-FEB-2025
2025-02-03 13:40:00.908780,SHRIRAMFIN27FEB25F,FUTSTK,536.75,5183250,536.45,536.75,34383000,750,750,SHRIRAMFIN,27-FEB-2025
2025-02-03 13:40:07.244180,SHRIRAMFIN27FEB25F,FUTSTK,537.45,5194500,537.05,537.3,34383000,750,750,SHRIRAMFIN,27-FEB-2025
2025-02-03 13:40:13.620991,SHRIRAMFIN27FEB25F,FUTSTK,537.45,5194500,537.05,537.35,34383000,750,2250,SHRIRAMFIN,27-FEB-2025
2025-02-03 13:40:22.978843,SHRIRAMFIN27FEB25F,FUTSTK,537.35,5195250,537.1,537.4,34365000,1500,2250,SHRIRAMFIN,27-FEB-2025
2025-02-03 13:40:30.999431,SHRIRAMFIN27FEB25F,FUTSTK,537.1,5211000,537.0,537.25,34365000,750,2250,SHRIRAMFIN,27-FEB-2025
2025-02-03 13:40:37.608657,SHRIRAMFIN27FEB25F,FUTSTK,537.35,5212500,537.2,537.5,34365000,750,750,SHRIRAMFIN,27-FEB-2025
2025-02-03 13:40:44.003231,SHRIRAMFIN27FEB25F,FUTSTK,537.1,5216250,536.9,537.25,34365000,1500,750,SHRIRAMFIN,27-FEB-2025
2025-02-03 13:40:50.527353,SHRIRAMFIN27FEB25F,FUTSTK,537.5,5217750,537.5,537.7,34365000,1500,750,SHRIRAMFIN,27-FEB-2025
2025-02-03 13:40:56.827175,SHRIRAMFIN27FEB25F,FUTSTK,537.8,5220000,537.6,537.9,34365000,750,750,SHRIRAMFIN,27-FEB-2025
2025-02-03 13:41:03.280140,SHRIRAMFIN27FEB25F,FUTSTK,538.0,5221500,537.65,538.0,34365000,2250,9000,SHRIRAMFIN,27-FEB-2025
2025-02-03 13:41:09.791663,SHRIRAMFIN27FEB25F,FUTSTK,537.65,5222250,537.65,537.95,34365000,2250,3000,SHRIRAMFIN,27-FEB-2025
2025-02-03 13:41:16.361517,SHRIRAMFIN27FEB25F,FUTSTK,537.9,5226000,537.65,537.95,34365000,750,3000,SHRIRAMFIN,27-FEB-2025
2025-02-03 13:41:22.728350,SHRIRAMFIN27FEB25F,FUTSTK,537.95,5229000,537.7,537.95,34365000,1500,750,SHRIRAMFIN,27-FEB-2025
2025-02-03 13:41:29.129600,SHRIRAMFIN27FEB25F,FUTSTK,538.0,5229750,537.75,538.0,34365000,2250,8250,SHRIRAMFIN,27-FEB-2025
2025-02-03 13:41:35.774764,SHRIRAMFIN27FEB25F,FUTSTK,537.2,5249250,537.25,537.5,34365000,1500,13500,SHRIRAMFIN,27-FEB-2025
2025-02-03 13:41:42.260726,SHRIRAMFIN27FEB25F,FUTSTK,537.9,5267250,537.55,537.85,34365000,2250,750,SHRIRAMFIN,27-FEB-2025
2025-02-03 13:41:48.694064,SHRIRAMFIN27FEB25F,FUTSTK,537.9,5267250,537.55,537.85,34365000,2250,2250,SHRIRAMFIN,27-FEB-2025
2025-02-03 13:41:55.134784,SHRIRAMFIN27FEB25F,FUTSTK,537.65,5296500,537.35,537.65,34365000,750,750,SHRIRAMFIN,27-FEB-2025
2025-02-03 13:42:01.706268,SHRIRAMFIN27FEB25F,FUTSTK,537.45,5298000,537.45,537.7,34365000,1500,750,SHRIRAMFIN,27-FEB-2025
2025-02-03 13:42:08.135313,SHRIRAMFIN27FEB25F,FUTSTK,536.9,5315250,536.9,537.25,34365000,750,2250,SHRIRAMFIN,27-FEB-2025
2025-02-03 13:42:14.631053,SHRIRAMFIN27FEB25F,FUTSTK,536.9,5315250,536.9,537.2,34365000,750,1500,SHRIRAMFIN,27-FEB-2025
2025-02-03 13:42:20.950351,SHRIRAMFIN27FEB25F,FUTSTK,536.9,5315250,536.9,537.25,34365000,1500,2250,SHRIRAMFIN,27-FEB-2025
2025-02-03 13:42:27.527588,SHRIRAMFIN27FEB25F,FUTSTK,537.1,5323500,537.1,537.35,34365000,750,750,SHRIRAMFIN,27-FEB-2025
2025-02-03 13:42:34.313046,SHRIRAMFIN27FEB25F,FUTSTK,537.1,5328000,537.0,537.35,34365000,1500,750,SHRIRAMFIN,27-FEB-2025
2025-02-03 13:42:40.849557,SHRIRAMFIN27FEB25F,FUTSTK,537.05,5328750,537.0,537.3,34365000,1500,750,SHRIRAMFIN,27-FEB-2025
2025-02-03 13:42:47.516875,SHRIRAMFIN27FEB25F,FUTSTK,537.3,5329500,537.05,537.35,34365000,1500,750,SHRIRAMFIN,27-FEB-2025
2025-02-03 13:42:53.957091,SHRIRAMFIN27FEB25F,FUTSTK,537.3,5329500,537.25,537.5,34365000,1500,1500,SHRIRAMFIN,27-FEB-2025
2025-02-03 13:43:00.371546,SHRIRAMFIN27FEB25F,FUTSTK,537.25,5331000,537.05,537.4,34365000,750,750,SHRIRAMFIN,27-FEB-2025
2025-02-03 13:43:06.802858,SHRIRAMFIN27FEB25F,FUTSTK,537.1,5331750,537.1,537.2,34365000,750,750,SHRIRAMFIN,27-FEB-2025
2025-02-03 13:43:13.141390,SHRIRAMFIN27FEB25F,FUTSTK,537.1,5332500,537.1,537.2,34365000,750,750,SHRIRAMFIN,27-FEB-2025
2025-02-03 13:43:19.738011,SHRIRAMFIN27FEB25F,FUTSTK,537.2,5336250,537.2,537.55,34365000,750,750,SHRIRAMFIN,27-FEB-2025
2025-02-03 13:43:26.112298,SHRIRAMFIN27FEB25F,FUTSTK,537.2,5336250,537.3,537.6,34365000,1500,750,SHRIRAMFIN,27-FEB-2025
2025-02-03 13:43:32.570289,SHRIRAMFIN27FEB25F,FUTSTK,537.2,5339250,537.1,537.4,34344000,750,750,SHRIRAMFIN,27-FEB-2025
2025-02-03 13:43:39.042248,SHRIRAMFIN27FEB25F,FUTSTK,537.2,5339250,537.1,537.45,34344000,2250,750,SHRIRAMFIN,27-FEB-2025
2025-02-03 13:43:45.673878,SHRIRAMFIN27FEB25F,FUTSTK,537.45,5339250,537.1,537.45,34344000,1500,750,SHRIRAMFIN,27-FEB-2025
2025-02-03 13:43:52.046364,SHRIRAMFIN27FEB25F,FUTSTK,537.45,5339250,537.1,537.45,34344000,1500,750,SHRIRAMFIN,27-FEB-2025
2025-02-03 13:43:58.664684,SHRIRAMFIN27FEB25F,FUTSTK,537.1,5339250,537.1,537.45,34344000,1500,750,SHRIRAMFIN,27-FEB-2025
2025-02-03 13:44:05.106813,SHRIRAMFIN27FEB25F,FUTSTK,537.1,5345250,537.1,537.35,34344000,1500,2250,SHRIRAMFIN,27-FEB-2025
2025-02-03 13:44:11.514649,SHRIRAMFIN27FEB25F,FUTSTK,537.1,5345250,537.1,537.35,34344000,1500,2250,SHRIRAMFIN,27-FEB-2025
2025-02-03 13:44:17.858176,SHRIRAMFIN27FEB25F,FUTSTK,537.1,5345250,537.1,537.35,34344000,1500,2250,SHRIRAMFIN,27-FEB-2025
2025-02-03 13:44:24.216071,SHRIRAMFIN27FEB25F,FUTSTK,537.1,5345250,537.1,537.35,34344000,1500,2250,SHRIRAMFIN,27-FEB-2025
2025-02-03 13:44:30.590624,SHRIRAMFIN27FEB25F,FUTSTK,537.1,5349750,537.05,537.3,34344000,750,3750,SHRIRAMFIN,27-FEB-2025
2025-02-03 13:44:37.003797,SHRIRAMFIN27FEB25F,FUTSTK,537.05,5349750,537.05,537.3,34344000,750,3750,SHRIRAMFIN,27-FEB-2025
2025-02-03 13:44:43.690580,SHRIRAMFIN27FEB25F,FUTSTK,537.05,5352000,537.0,537.2,34344000,2250,1500,SHRIRAMFIN,27-FEB-2025
2025-02-03 13:44:50.570522,SHRIRAMFIN27FEB25F,FUTSTK,537.05,5352000,537.0,537.2,34344000,1500,1500,SHRIRAMFIN,27-FEB-2025
2025-02-03 13:44:56.863615,SHRIRAMFIN27FEB25F,FUTSTK,537.2,5352750,537.1,537.2,34344000,1500,750,SHRIRAMFIN,27-FEB-2025
2025-02-03 13:45:03.512921,SHRIRAMFIN27FEB25F,FUTSTK,537.2,5353500,537.1,537.3,34344000,750,750,SHRIRAMFIN,27-FEB-2025
2025-02-03 13:45:09.969216,SHRIRAMFIN27FEB25F,FUTSTK,537.3,5354250,537.2,537.55,34344000,1500,3000,SHRIRAMFIN,27-FEB-2025
2025-02-03 13:45:17.931817,SHRIRAMFIN27FEB25F,FUTSTK,537.2,5355000,537.35,537.7,34344000,1500,750,SHRIRAMFIN,27-FEB-2025
2025-02-03 13:45:24.236705,SHRIRAMFIN27FEB25F,FUTSTK,537.4,5358750,537.35,537.7,34344000,750,4500,SHRIRAMFIN,27-FEB-2025
2025-02-03 13:45:30.698340,SHRIRAMFIN27FEB25F,FUTSTK,537.4,5358750,537.4,537.75,34344000,1500,3000,SHRIRAMFIN,27-FEB-2025
2025-02-03 13:45:37.168483,SHRIRAMFIN27FEB25F,FUTSTK,537.6,5359500,537.4,537.65,34344000,1500,3750,SHRIRAMFIN,27-FEB-2025
2025-02-03 13:45:43.574498,SHRIRAMFIN27FEB25F,FUTSTK,537.45,5363250,537.4,537.5,34344000,1500,750,SHRIRAMFIN,27-FEB-2025
2025-02-03 13:45:50.171044,SHRIRAMFIN27FEB25F,FUTSTK,537.45,5363250,537.4,537.5,34344000,2250,750,SHRIRAMFIN,27-FEB-2025
2025-02-03 13:45:58.158653,SHRIRAMFIN27FEB25F,FUTSTK,537.4,5367000,537.3,537.5,34344000,750,3000,SHRIRAMFIN,27-FEB-2025
2025-02-03 13:46:04.803411,SHRIRAMFIN27FEB25F,FUTSTK,537.4,5368500,537.3,537.45,34344000,1500,3000,SHRIRAMFIN,27-FEB-2025
2025-02-03 13:46:11.517452,SHRIRAMFIN27FEB25F,FUTSTK,537.4,5368500,537.3,537.45,34344000,1500,3750,SHRIRAMFIN,27-FEB-2025
2025-02-03 13:46:18.200862,SHRIRAMFIN27FEB25F,FUTSTK,537.25,5372250,537.05,537.3,34344000,750,750,SHRIRAMFIN,27-FEB-2025
2025-02-03 13:46:26.032605,SHRIRAMFIN27FEB25F,FUTSTK,537.25,5372250,536.85,537.15,34344000,750,750,SHRIRAMFIN,27-FEB-2025
2025-02-03 13:46:32.542317,SHRIRAMFIN27FEB25F,FUTSTK,537.0,5373000,537.0,537.3,34353000,750,750,SHRIRAMFIN,27-FEB-2025
2025-02-03 13:46:39.482012,SHRIRAMFIN27FEB25F,FUTSTK,537.0,5373000,537.2,537.55,34353000,750,750,SHRIRAMFIN,27-FEB-2025
2025-02-03 13:46:46.318643,SHRIRAMFIN27FEB25F,FUTSTK,537.0,5373000,537.25,537.6,34353000,2250,2250,SHRIRAMFIN,27-FEB-2025
2025-02-03 13:46:53.249638,SHRIRAMFIN27FEB25F,FUTSTK,537.25,5386500,537.0,537.35,34353000,2250,4500,SHRIRAMFIN,27-FEB-2025
2025-02-03 13:46:59.964463,SHRIRAMFIN27FEB25F,FUTSTK,537.25,5386500,537.25,537.45,34353000,1500,750,SHRIRAMFIN,27-FEB-2025
2025-02-03 13:47:06.688596,SHRIRAMFIN27FEB25F,FUTSTK,537.45,5387250,537.25,537.45,34353000,750,750,SHRIRAMFIN,27-FEB-2025
2025-02-03 13:47:14.768233,SHRIRAMFIN27FEB25F,FUTSTK,537.45,5391750,537.35,537.7,34353000,750,3750,SHRIRAMFIN,27-FEB-2025
2025-02-03 13:47:21.306336,SHRIRAMFIN27FEB25F,FUTSTK,537.7,5394000,537.55,537.8,34353000,750,3750,SHRIRAMFIN,27-FEB-2025
2025-02-03 13:47:27.812968,SHRIRAMFIN27FEB25F,FUTSTK,537.7,5394000,537.55,537.9,34353000,750,750,SHRIRAMFIN,27-FEB-2025
2025-02-03 13:47:34.259052,SHRIRAMFIN27FEB25F,FUTSTK,537.9,5394750,537.7,538.0,34353000,1500,8250,SHRIRAMFIN,27-FEB-2025
2025-02-03 13:47:40.977297,SHRIRAMFIN27FEB25F,FUTSTK,537.7,5396250,537.7,537.95,34353000,1500,3000,SHRIRAMFIN,27-FEB-2025
2025-02-03 13:47:47.443259,SHRIRAMFIN27FEB25F,FUTSTK,537.7,5396250,537.7,537.95,34353000,2250,3000,SHRIRAMFIN,27-FEB-2025
2025-02-03 13:47:53.879440,SHRIRAMFIN27FEB25F,FUTSTK,537.95,5400750,537.7,538.0,34353000,1500,9000,SHRIRAMFIN,27-FEB-2025
2025-02-03 13:48:00.442756,SHRIRAMFIN27FEB25F,FUTSTK,538.0,5402250,537.85,538.0,34353000,2250,6750,SHRIRAMFIN,27-FEB-2025
2025-02-03 13:48:07.953000,SHRIRAMFIN27FEB25F,FUTSTK,538.3,5409750,538.05,538.3,34353000,3000,16500,SHRIRAMFIN,27-FEB-2025
2025-02-03 13:48:14.714984,SHRIRAMFIN27FEB25F,FUTSTK,538.3,5412750,538.15,538.3,34353000,2250,15750,SHRIRAMFIN,27-FEB-2025
2025-02-03 13:48:21.162985,SHRIRAMFIN27FEB25F,FUTSTK,538.15,5420250,538.05,538.25,34353000,1500,3750,SHRIRAMFIN,27-FEB-2025
2025-02-03 13:48:27.753542,SHRIRAMFIN27FEB25F,FUTSTK,538.15,5420250,538.05,538.25,34353000,2250,4500,SHRIRAMFIN,27-FEB-2025
2025-02-03 13:48:34.187952,SHRIRAMFIN27FEB25F,FUTSTK,538.25,5424000,538.05,538.3,34353000,2250,15750,SHRIRAMFIN,27-FEB-2025
2025-02-03 13:48:40.583121,SHRIRAMFIN27FEB25F,FUTSTK,538.25,5424000,538.15,538.3,34353000,2250,13500,SHRIRAMFIN,27-FEB-2025
2025-02-03 13:48:46.905128,SHRIRAMFIN27FEB25F,FUTSTK,538.25,5439000,538.25,538.4,34353000,750,2250,SHRIRAMFIN,27-FEB-2025
2025-02-03 13:48:53.263084,SHRIRAMFIN27FEB25F,FUTSTK,538.25,5441250,538.25,538.45,34353000,750,3000,SHRIRAMFIN,27-FEB-2025
2025-02-03 13:49:00.066771,SHRIRAMFIN27FEB25F,FUTSTK,538.35,5442000,538.25,538.55,34353000,750,3000,SHRIRAMFIN,27-FEB-2025
2025-02-03 13:49:06.631628,SHRIRAMFIN27FEB25F,FUTSTK,538.6,5442750,538.25,538.45,34353000,1500,3000,SHRIRAMFIN,27-FEB-2025
2025-02-03 13:49:13.132532,SHRIRAMFIN27FEB25F,FUTSTK,538.05,5447250,538.05,538.35,34353000,2250,750,SHRIRAMFIN,27-FEB-2025
2025-02-03 13:49:19.680965,SHRIRAMFIN27FEB25F,FUTSTK,538.1,5450250,537.95,538.2,34353000,1500,750,SHRIRAMFIN,27-FEB-2025
2025-02-03 13:49:26.096485,SHRIRAMFIN27FEB25F,FUTSTK,538.1,5451000,538.2,538.5,34331250,750,750,SHRIRAMFIN,27-FEB-2025
2025-02-03 13:49:32.613917,SHRIRAMFIN27FEB25F,FUTSTK,538.1,5451000,538.2,538.45,34331250,750,4500,SHRIRAMFIN,27-FEB-2025
2025-02-03 13:49:38.938541,SHRIRAMFIN27FEB25F,FUTSTK,538.1,5453250,537.95,538.25,34331250,2250,750,SHRIRAMFIN,27-FEB-2025
2025-02-03 13:49:45.467946,SHRIRAMFIN27FEB25F,FUTSTK,538.15,5457750,538.1,538.4,34331250,1500,750,SHRIRAMFIN,27-FEB-2025
2025-02-03 13:49:52.105453,SHRIRAMFIN27FEB25F,FUTSTK,538.15,5457750,538.1,538.4,34331250,1500,750,SHRIRAMFIN,27-FEB-2025
2025-02-03 13:49:58.793089,SHRIRAMFIN27FEB25F,FUTSTK,538.25,5460000,538.1,538.35,34331250,1500,750,SHRIRAMFIN,27-FEB-2025
2025-02-03 13:50:06.008356,SHRIRAMFIN27FEB25F,FUTSTK,537.9,5466000,537.85,538.1,34331250,1500,3750,SHRIRAMFIN,27-FEB-2025
2025-02-03 13:50:12.716542,SHRIRAMFIN27FEB25F,FUTSTK,537.85,5467500,537.75,537.95,34331250,750,1500,SHRIRAMFIN,27-FEB-2025
2025-02-03 13:50:19.313889,SHRIRAMFIN27FEB25F,FUTSTK,538.1,5469000,537.9,538.15,34331250,750,750,SHRIRAMFIN,27-FEB-2025
2025-02-03 13:50:25.840513,SHRIRAMFIN27FEB25F,FUTSTK,537.95,5472000,537.85,538.05,34331250,750,3750,SHRIRAMFIN,27-FEB-2025
2025-02-03 13:50:32.608774,SHRIRAMFIN27FEB25F,FUTSTK,537.75,5474250,537.65,537.9,34331250,1500,3750,SHRIRAMFIN,27-FEB-2025
2025-02-03 13:50:39.047779,SHRIRAMFIN27FEB25F,FUTSTK,537.75,5474250,537.7,538.0,34331250,750,750,SHRIRAMFIN,27-FEB-2025
2025-02-03 13:50:45.474854,SHRIRAMFIN27FEB25F,FUTSTK,537.7,5474250,537.7,537.95,34331250,750,750,SHRIRAMFIN,27-FEB-2025
2025-02-03 13:50:52.057491,SHRIRAMFIN27FEB25F,FUTSTK,537.65,5474250,537.7,537.95,34331250,750,750,SHRIRAMFIN,27-FEB-2025
2025-02-03 13:50:58.766945,SHRIRAMFIN27FEB25F,FUTSTK,537.3,5477250,537.3,537.65,34331250,1500,750,SHRIRAMFIN,27-FEB-2025
2025-02-03 13:51:05.475633,SHRIRAMFIN27FEB25F,FUTSTK,537.2,5477250,537.3,537.65,34331250,1500,750,SHRIRAMFIN,27-FEB-2025
2025-02-03 13:51:12.028660,SHRIRAMFIN27FEB25F,FUTSTK,537.25,5477250,537.3,537.65,34331250,1500,750,SHRIRAMFIN,27-FEB-2025
2025-02-03 13:51:18.680980,SHRIRAMFIN27FEB25F,FUTSTK,537.25,5477250,537.3,537.65,34331250,1500,750,SHRIRAMFIN,27-FEB-2025
2025-02-03 13:51:25.013071,SHRIRAMFIN27FEB25F,FUTSTK,537.3,5485500,537.3,537.5,34331250,750,750,SHRIRAMFIN,27-FEB-2025
2025-02-03 13:51:31.453217,SHRIRAMFIN27FEB25F,FUTSTK,537.0,5485500,537.3,537.5,34331250,750,750,SHRIRAMFIN,27-FEB-2025
2025-02-03 13:51:37.905607,SHRIRAMFIN27FEB25F,FUTSTK,536.75,5485500,537.3,537.5,34331250,750,750,SHRIRAMFIN,27-FEB-2025
2025-02-03 13:51:44.238989,SHRIRAMFIN27FEB25F,FUTSTK,536.45,5505000,536.2,536.55,34331250,1500,750,SHRIRAMFIN,27-FEB-2025
2025-02-03 13:51:50.507746,SHRIRAMFIN27FEB25F,FUTSTK,536.45,5512500,536.6,536.9,34331250,750,750,SHRIRAMFIN,27-FEB-2025
2025-02-03 13:51:56.883606,SHRIRAMFIN27FEB25F,FUTSTK,536.5,5517750,536.5,536.9,34331250,750,750,SHRIRAMFIN,27-FEB-2025
2025-02-03 13:52:05.658859,SHRIRAMFIN27FEB25F,FUTSTK,536.95,5521500,536.9,537.0,34331250,750,2250,SHRIRAMFIN,27-FEB-2025
2025-02-03 13:52:12.339100,SHRIRAMFIN27FEB25F,FUTSTK,536.35,5529750,536.2,536.55,34331250,1500,2250,SHRIRAMFIN,27-FEB-2025
2025-02-03 13:52:18.727638,SHRIRAMFIN27FEB25F,FUTSTK,536.35,5534250,536.3,536.5,34331250,750,750,SHRIRAMFIN,27-FEB-2025
2025-02-03 13:52:25.431496,SHRIRAMFIN27FEB25F,FUTSTK,536.35,5534250,536.3,536.5,34331250,750,750,SHRIRAMFIN,27-FEB-2025
2025-02-03 13:52:31.797705,SHRIRAMFIN27FEB25F,FUTSTK,536.3,5535000,536.25,536.5,34321500,750,750,SHRIRAMFIN,27-FEB-2025
2025-02-03 13:52:38.631916,SHRIRAMFIN27FEB25F,FUTSTK,536.35,5536500,536.25,536.6,34321500,1500,750,SHRIRAMFIN,27-FEB-2025
2025-02-03 13:52:45.626909,SHRIRAMFIN27FEB25F,FUTSTK,536.35,5538000,536.2,536.45,34321500,3000,750,SHRIRAMFIN,27-FEB-2025
2025-02-03 13:52:52.108407,SHRIRAMFIN27FEB25F,FUTSTK,536.3,5538750,536.35,536.65,34321500,750,750,SHRIRAMFIN,27-FEB-2025
2025-02-03 13:52:58.568033,SHRIRAMFIN27FEB25F,FUTSTK,536.05,5543250,536.15,536.5,34321500,750,750,SHRIRAMFIN,27-FEB-2025
2025-02-03 13:53:06.110086,SHRIRAMFIN27FEB25F,FUTSTK,536.3,5545500,536.15,536.45,34321500,1500,3000,SHRIRAMFIN,27-FEB-2025
2025-02-03 13:53:12.712244,SHRIRAMFIN27FEB25F,FUTSTK,536.3,5545500,536.15,536.45,34321500,750,3000,SHRIRAMFIN,27-FEB-2025
2025-02-03 13:53:19.190664,SHRIRAMFIN27FEB25F,FUTSTK,536.3,5545500,536.15,536.45,34321500,750,750,SHRIRAMFIN,27-FEB-2025
2025-02-03 13:53:25.799296,SHRIRAMFIN27FEB25F,FUTSTK,536.3,5545500,536.1,536.4,34321500,3000,750,SHRIRAMFIN,27-FEB-2025
2025-02-03 13:53:32.366190,SHRIRAMFIN27FEB25F,FUTSTK,536.3,5545500,536.3,536.4,34321500,750,2250,SHRIRAMFIN,27-FEB-2025
2025-02-03 13:53:39.803627,SHRIRAMFIN27FEB25F,FUTSTK,536.3,5547750,536.15,536.4,34321500,750,1500,SHRIRAMFIN,27-FEB-2025
2025-02-03 13:53:46.119007,SHRIRAMFIN27FEB25F,FUTSTK,536.3,5547750,536.15,536.5,34321500,750,750,SHRIRAMFIN,27-FEB-2025
2025-02-03 13:53:52.602231,SHRIRAMFIN27FEB25F,FUTSTK,536.05,5550750,536.15,536.35,34321500,2250,750,SHRIRAMFIN,27-FEB-2025
2025-02-03 13:53:59.164859,SHRIRAMFIN27FEB25F,FUTSTK,536.2,5551500,536.15,536.45,34321500,2250,1500,SHRIRAMFIN,27-FEB-2025
2025-02-03 13:54:05.588259,SHRIRAMFIN27FEB25F,FUTSTK,536.2,5551500,536.35,536.5,34321500,2250,750,SHRIRAMFIN,27-FEB-2025
2025-02-03 13:54:11.915353,SHRIRAMFIN27FEB25F,FUTSTK,536.35,5553750,536.05,536.4,34321500,1500,750,SHRIRAMFIN,27-FEB-2025
2025-02-03 13:54:18.182617,SHRIRAMFIN27FEB25F,FUTSTK,536.4,5554500,536.25,536.5,34321500,750,750,SHRIRAMFIN,27-FEB-2025
2025-02-03 13:54:24.742683,SHRIRAMFIN27FEB25F,FUTSTK,536.4,5554500,536.25,536.5,34321500,750,1500,SHRIRAMFIN,27-FEB-2025
2025-02-03 13:54:31.128176,SHRIRAMFIN27FEB25F,FUTSTK,536.4,5554500,536.2,536.5,34321500,750,750,SHRIRAMFIN,27-FEB-2025
2025-02-03 13:54:37.682295,SHRIRAMFIN27FEB25F,FUTSTK,536.2,5555250,536.1,536.45,34321500,2250,4500,SHRIRAMFIN,27-FEB-2025
2025-02-03 13:54:44.263125,SHRIRAMFIN27FEB25F,FUTSTK,536.3,5556750,536.1,536.35,34321500,3000,750,SHRIRAMFIN,27-FEB-2025
2025-02-03 13:54:52.055760,SHRIRAMFIN27FEB25F,FUTSTK,535.7,5562000,535.75,536.0,34321500,750,1500,SHRIRAMFIN,27-FEB-2025
2025-02-03 13:54:58.494626,SHRIRAMFIN27FEB25F,FUTSTK,535.7,5563500,535.4,535.8,34321500,750,750,SHRIRAMFIN,27-FEB-2025
2025-02-03 13:55:05.157237,SHRIRAMFIN27FEB25F,FUTSTK,535.7,5563500,535.7,535.9,34321500,750,3750,SHRIRAMFIN,27-FEB-2025
2025-02-03 13:55:11.705489,SHRIRAMFIN27FEB25F,FUTSTK,535.55,5566500,535.55,535.85,34321500,750,750,SHRIRAMFIN,27-FEB-2025
2025-02-03 13:55:18.321954,SHRIRAMFIN27FEB25F,FUTSTK,535.55,5566500,535.35,535.75,34321500,750,4500,SHRIRAMFIN,27-FEB-2025
2025-02-03 13:55:25.077898,SHRIRAMFIN27FEB25F,FUTSTK,535.75,5568000,535.45,535.75,34321500,750,750,SHRIRAMFIN,27-FEB-2025
2025-02-03 13:55:31.584060,SHRIRAMFIN27FEB25F,FUTSTK,535.75,5568000,535.45,535.65,34321500,750,750,SHRIRAMFIN,27-FEB-2025
2025-02-03 13:55:37.933230,SHRIRAMFIN27FEB25F,FUTSTK,535.75,5568000,535.45,535.75,34321500,750,3750,SHRIRAMFIN,27-FEB-2025
2025-02-03 13:55:44.444472,SHRIRAMFIN27FEB25F,FUTSTK,535.25,5570250,535.15,535.5,34307250,750,750,SHRIRAMFIN,27-FEB-2025
2025-02-03 13:55:50.997841,SHRIRAMFIN27FEB25F,FUTSTK,535.15,5571000,535.05,535.25,34307250,1500,750,SHRIRAMFIN,27-FEB-2025
2025-02-03 13:55:57.323705,SHRIRAMFIN27FEB25F,FUTSTK,535.15,5571000,535.1,535.35,34307250,750,3750,SHRIRAMFIN,27-FEB-2025
2025-02-03 13:56:03.670876,SHRIRAMFIN27FEB25F,FUTSTK,535.15,5571000,535.1,535.45,34307250,1500,3750,SHRIRAMFIN,27-FEB-2025
2025-02-03 13:56:10.035541,SHRIRAMFIN27FEB25F,FUTSTK,535.6,5575500,535.4,535.6,34307250,750,750,SHRIRAMFIN,27-FEB-2025
2025-02-03 13:56:16.489619,SHRIRAMFIN27FEB25F,FUTSTK,535.6,5575500,535.45,535.75,34307250,1500,750,SHRIRAMFIN,27-FEB-2025
2025-02-03 13:56:23.061060,SHRIRAMFIN27FEB25F,FUTSTK,535.3,5577750,535.3,535.65,34307250,2250,750,SHRIRAMFIN,27-FEB-2025
2025-02-03 13:56:29.656241,SHRIRAMFIN27FEB25F,FUTSTK,535.4,5579250,535.35,535.65,34307250,2250,1500,SHRIRAMFIN,27-FEB-2025
2025-02-03 13:56:36.146184,SHRIRAMFIN27FEB25F,FUTSTK,535.65,5580000,535.45,535.7,34307250,750,750,SHRIRAMFIN,27-FEB-2025
2025-02-03 13:56:42.414459,SHRIRAMFIN27FEB25F,FUTSTK,535.0,5586000,535.15,535.4,34307250,750,1500,SHRIRAMFIN,27-FEB-2025
2025-02-03 13:56:49.001142,SHRIRAMFIN27FEB25F,FUTSTK,535.2,5591250,534.85,535.2,34307250,750,750,SHRIRAMFIN,27-FEB-2025
2025-02-03 13:56:55.417925,SHRIRAMFIN27FEB25F,FUTSTK,535.2,5591250,534.9,535.2,34307250,750,750,SHRIRAMFIN,27-FEB-2025
2025-02-03 13:57:01.895863,SHRIRAMFIN27FEB25F,FUTSTK,534.95,5591250,534.6,534.95,34307250,750,1500,SHRIRAMFIN,27-FEB-2025
2025-02-03 13:57:08.295504,SHRIRAMFIN27FEB25F,FUTSTK,535.05,5592750,534.85,535.15,34307250,2250,750,SHRIRAMFIN,27-FEB-2025
2025-02-03 13:57:14.867053,SHRIRAMFIN27FEB25F,FUTSTK,535.15,5593500,534.85,535.1,34307250,1500,3750,SHRIRAMFIN,27-FEB-2025
2025-02-03 13:57:21.623502,SHRIRAMFIN27FEB25F,FUTSTK,535.4,5594250,535.1,535.4,34307250,1500,750,SHRIRAMFIN,27-FEB-2025
2025-02-03 13:57:28.448309,SHRIRAMFIN27FEB25F,FUTSTK,535.4,5594250,535.1,535.35,34307250,1500,4500,SHRIRAMFIN,27-FEB-2025
2025-02-03 13:57:35.167733,SHRIRAMFIN27FEB25F,FUTSTK,534.8,5594250,535.1,535.35,34307250,1500,4500,SHRIRAMFIN,27-FEB-2025
2025-02-03 13:57:41.562968,SHRIRAMFIN27FEB25F,FUTSTK,534.8,5597250,534.8,535.05,34307250,750,3750,SHRIRAMFIN,27-FEB-2025
2025-02-03 13:57:47.913130,SHRIRAMFIN27FEB25F,FUTSTK,534.8,5598000,534.15,534.5,34307250,750,750,SHRIRAMFIN,27-FEB-2025
2025-02-03 13:57:54.236629,SHRIRAMFIN27FEB25F,FUTSTK,534.8,5598000,534.1,534.45,34307250,1500,750,SHRIRAMFIN,27-FEB-2025
2025-02-03 13:58:00.975598,SHRIRAMFIN27FEB25F,FUTSTK,534.8,5598000,534.1,534.35,34307250,750,750,SHRIRAMFIN,27-FEB-2025
2025-02-03 13:58:07.459084,SHRIRAMFIN27FEB25F,FUTSTK,534.8,5598000,534.5,534.8,34307250,1500,750,SHRIRAMFIN,27-FEB-2025
2025-02-03 13:58:13.913687,SHRIRAMFIN27FEB25F,FUTSTK,534.5,5601750,534.6,534.95,34307250,750,3750,SHRIRAMFIN,27-FEB-2025
2025-02-03 13:58:20.754105,SHRIRAMFIN27FEB25F,FUTSTK,534.5,5601750,534.75,535.1,34307250,750,3750,SHRIRAMFIN,27-FEB-2025
2025-02-03 13:58:27.813381,SHRIRAMFIN27FEB25F,FUTSTK,534.5,5601750,534.85,535.2,34307250,750,750,SHRIRAMFIN,27-FEB-2025
2025-02-03 13:58:34.980802,SHRIRAMFIN27FEB25F,FUTSTK,534.8,5604750,534.7,535.05,34272750,1500,750,SHRIRAMFIN,27-FEB-2025
2025-02-03 13:58:41.619495,SHRIRAMFIN27FEB25F,FUTSTK,534.8,5604750,534.85,535.1,34272750,750,750,SHRIRAMFIN,27-FEB-2025
2025-02-03 13:58:48.358217,SHRIRAMFIN27FEB25F,FUTSTK,534.8,5604750,534.85,535.05,34272750,750,750,SHRIRAMFIN,27-FEB-2025
2025-02-03 13:58:55.759453,SHRIRAMFIN27FEB25F,FUTSTK,534.85,5605500,534.85,535.15,34272750,750,3750,SHRIRAMFIN,27-FEB-2025
2025-02-03 13:59:02.256535,SHRIRAMFIN27FEB25F,FUTSTK,534.85,5605500,534.85,535.15,34272750,750,750,SHRIRAMFIN,27-FEB-2025
2025-02-03 13:59:08.629692,SHRIRAMFIN27FEB25F,FUTSTK,534.85,5605500,535.1,535.35,34272750,750,3000,SHRIRAMFIN,27-FEB-2025
2025-02-03 13:59:15.075411,SHRIRAMFIN27FEB25F,FUTSTK,535.35,5606250,534.95,535.3,34272750,750,3750,SHRIRAMFIN,27-FEB-2025
2025-02-03 13:59:21.601381,SHRIRAMFIN27FEB25F,FUTSTK,535.35,5606250,534.95,535.3,34272750,750,750,SHRIRAMFIN,27-FEB-2025
2025-02-03 13:59:28.134271,SHRIRAMFIN27FEB25F,FUTSTK,535.35,5606250,534.95,535.25,34272750,750,3000,SHRIRAMFIN,27-FEB-2025
2025-02-03 13:59:34.374057,SHRIRAMFIN27FEB25F,FUTSTK,535.0,5613000,534.85,535.2,34272750,750,750,SHRIRAMFIN,27-FEB-2025
2025-02-03 13:59:41.866116,SHRIRAMFIN27FEB25F,FUTSTK,535.25,5613750,534.85,535.2,34272750,1500,750,SHRIRAMFIN,27-FEB-2025
2025-02-03 13:59:48.470644,SHRIRAMFIN27FEB25F,FUTSTK,535.25,5613750,534.85,535.05,34272750,750,4500,SHRIRAMFIN,27-FEB-2025
2025-02-03 13:59:55.116339,SHRIRAMFIN27FEB25F,FUTSTK,535.25,5613750,534.85,535.05,34272750,750,3750,SHRIRAMFIN,27-FEB-2025
2025-02-03 14:00:01.675797,SHRIRAMFIN27FEB25F,FUTSTK,534.85,5614500,534.85,535.05,34272750,750,3750,SHRIRAMFIN,27-FEB-2025
2025-02-03 14:00:08.215353,SHRIRAMFIN27FEB25F,FUTSTK,534.95,5615250,534.85,535.0,34272750,750,3750,SHRIRAMFIN,27-FEB-2025
2025-02-03 14:00:14.761357,SHRIRAMFIN27FEB25F,FUTSTK,534.85,5616750,534.7,534.9,34272750,750,750,SHRIRAMFIN,27-FEB-2025
2025-02-03 14:00:21.295572,SHRIRAMFIN27FEB25F,FUTSTK,534.9,5617500,534.85,535.25,34272750,1500,4500,SHRIRAMFIN,27-FEB-2025
2025-02-03 14:00:28.675177,SHRIRAMFIN27FEB25F,FUTSTK,534.75,5619750,534.9,535.2,34272750,750,3750,SHRIRAMFIN,27-FEB-2025
2025-02-03 14:00:35.121548,SHRIRAMFIN27FEB25F,FUTSTK,535.2,5620500,535.0,535.35,34272750,1500,750,SHRIRAMFIN,27-FEB-2025
2025-02-03 14:00:41.899339,SHRIRAMFIN27FEB25F,FUTSTK,535.2,5622000,535.25,535.65,34272750,750,750,SHRIRAMFIN,27-FEB-2025
2025-02-03 14:00:49.354826,SHRIRAMFIN27FEB25F,FUTSTK,535.2,5622000,535.55,535.9,34272750,750,8250,SHRIRAMFIN,27-FEB-2025
2025-02-03 14:00:58.386711,SHRIRAMFIN27FEB25F,FUTSTK,535.7,5624250,535.7,535.9,34272750,750,7500,SHRIRAMFIN,27-FEB-2025
2025-02-03 14:01:04.871270,SHRIRAMFIN27FEB25F,FUTSTK,535.55,5629500,535.35,535.65,34272750,750,3000,SHRIRAMFIN,27-FEB-2025
2025-02-03 14:01:11.340441,SHRIRAMFIN27FEB25F,FUTSTK,535.55,5629500,535.6,535.85,34272750,750,3000,SHRIRAMFIN,27-FEB-2025
2025-02-03 14:01:18.219650,SHRIRAMFIN27FEB25F,FUTSTK,535.8,5630250,535.7,535.9,34272750,750,5250,SHRIRAMFIN,27-FEB-2025
2025-02-03 14:01:24.859078,SHRIRAMFIN27FEB25F,FUTSTK,535.55,5633250,535.45,535.65,34272750,750,3750,SHRIRAMFIN,27-FEB-2025
2025-02-03 14:01:31.673951,SHRIRAMFIN27FEB25F,FUTSTK,535.55,5633250,535.45,535.7,34272750,750,750,SHRIRAMFIN,27-FEB-2025
2025-02-03 14:01:38.377523,SHRIRAMFIN27FEB25F,FUTSTK,535.45,5634000,535.45,535.7,34275750,1500,750,SHRIRAMFIN,27-FEB-2025
2025-02-03 14:01:45.904814,SHRIRAMFIN27FEB25F,FUTSTK,535.45,5634000,535.45,535.75,34275750,2250,750,SHRIRAMFIN,27-FEB-2025
2025-02-03 14:01:52.605048,SHRIRAMFIN27FEB25F,FUTSTK,535.45,5634000,535.5,535.85,34275750,3000,3000,SHRIRAMFIN,27-FEB-2025
2025-02-03 14:01:59.266513,SHRIRAMFIN27FEB25F,FUTSTK,535.7,5639250,535.45,535.7,34275750,750,2250,SHRIRAMFIN,27-FEB-2025
2025-02-03 14:02:05.719748,SHRIRAMFIN27FEB25F,FUTSTK,535.5,5640000,535.5,535.7,34275750,1500,3000,SHRIRAMFIN,27-FEB-2025
2025-02-03 14:02:12.348743,SHRIRAMFIN27FEB25F,FUTSTK,535.45,5647500,535.45,535.8,34275750,1500,750,SHRIRAMFIN,27-FEB-2025
2025-02-03 14:02:19.240349,SHRIRAMFIN27FEB25F,FUTSTK,535.5,5651250,535.45,535.8,34275750,3750,750,SHRIRAMFIN,27-FEB-2025
2025-02-03 14:02:26.015319,SHRIRAMFIN27FEB25F,FUTSTK,535.9,5652000,535.6,535.9,34275750,1500,4500,SHRIRAMFIN,27-FEB-2025
2025-02-03 14:02:32.663208,SHRIRAMFIN27FEB25F,FUTSTK,535.9,5652000,535.7,535.9,34275750,750,5250,SHRIRAMFIN,27-FEB-2025
2025-02-03 14:02:39.233274,SHRIRAMFIN27FEB25F,FUTSTK,535.9,5657250,536.1,536.4,34275750,1500,750,SHRIRAMFIN,27-FEB-2025
2025-02-03 14:02:45.881364,SHRIRAMFIN27FEB25F,FUTSTK,535.9,5657250,536.1,536.4,34275750,1500,3750,SHRIRAMFIN,27-FEB-2025
2025-02-03 14:02:52.636977,SHRIRAMFIN27FEB25F,FUTSTK,535.9,5657250,536.15,536.45,34275750,1500,3750,SHRIRAMFIN,27-FEB-2025
2025-02-03 14:02:59.164504,SHRIRAMFIN27FEB25F,FUTSTK,536.3,5658000,536.3,536.6,34275750,750,3000,SHRIRAMFIN,27-FEB-2025
2025-02-03 14:03:05.878869,SHRIRAMFIN27FEB25F,FUTSTK,536.3,5658000,536.3,536.5,34275750,1500,4500,SHRIRAMFIN,27-FEB-2025
2025-02-03 14:03:12.454041,SHRIRAMFIN27FEB25F,FUTSTK,536.5,5661000,536.6,536.85,34275750,1500,3000,SHRIRAMFIN,27-FEB-2025
2025-02-03 14:03:18.928286,SHRIRAMFIN27FEB25F,FUTSTK,536.6,5664750,536.45,536.7,34275750,1500,3000,SHRIRAMFIN,27-FEB-2025
2025-02-03 14:03:25.587884,SHRIRAMFIN27FEB25F,FUTSTK,536.45,5667000,536.3,536.55,34275750,1500,3750,SHRIRAMFIN,27-FEB-2025
2025-02-03 14:03:32.233786,SHRIRAMFIN27FEB25F,FUTSTK,536.3,5668500,536.1,536.2,34275750,750,3000,SHRIRAMFIN,27-FEB-2025
2025-02-03 14:03:39.041334,SHRIRAMFIN27FEB25F,FUTSTK,536.3,5668500,536.1,536.25,34275750,750,750,SHRIRAMFIN,27-FEB-2025
2025-02-03 14:03:45.661838,SHRIRAMFIN27FEB25F,FUTSTK,536.1,5669250,535.75,536.1,34275750,1500,2250,SHRIRAMFIN,27-FEB-2025
2025-02-03 14:03:52.159108,SHRIRAMFIN27FEB25F,FUTSTK,536.1,5669250,535.75,536.0,34275750,750,3000,SHRIRAMFIN,27-FEB-2025
2025-02-03 14:03:59.225473,SHRIRAMFIN27FEB25F,FUTSTK,536.1,5669250,535.75,536.0,34275750,750,3000,SHRIRAMFIN,27-FEB-2025
2025-02-03 14:04:05.835888,SHRIRAMFIN27FEB25F,FUTSTK,536.0,5670000,535.8,536.1,34275750,750,2250,SHRIRAMFIN,27-FEB-2025
2025-02-03 14:04:12.338726,SHRIRAMFIN27FEB25F,FUTSTK,536.0,5675250,535.95,536.25,34275750,750,750,SHRIRAMFIN,27-FEB-2025
2025-02-03 14:04:19.207225,SHRIRAMFIN27FEB25F,FUTSTK,536.35,5676750,536.05,536.35,34275750,750,750,SHRIRAMFIN,27-FEB-2025
2025-02-03 14:04:25.818358,SHRIRAMFIN27FEB25F,FUTSTK,536.05,5677500,536.05,536.35,34275750,750,750,SHRIRAMFIN,27-FEB-2025
2025-02-03 14:04:32.498318,SHRIRAMFIN27FEB25F,FUTSTK,536.05,5677500,536.2,536.55,34275750,750,750,SHRIRAMFIN,27-FEB-2025
2025-02-03 14:04:38.912220,SHRIRAMFIN27FEB25F,FUTSTK,536.05,5677500,536.4,536.7,34275750,750,750,SHRIRAMFIN,27-FEB-2025
2025-02-03 14:04:45.396933,SHRIRAMFIN27FEB25F,FUTSTK,536.05,5677500,536.4,536.7,34275750,2250,750,SHRIRAMFIN,27-FEB-2025
2025-02-03 14:04:52.285241,SHRIRAMFIN27FEB25F,FUTSTK,536.05,5677500,536.55,536.85,34275750,750,750,SHRIRAMFIN,27-FEB-2025
2025-02-03 14:04:58.935353,SHRIRAMFIN27FEB25F,FUTSTK,536.55,5679000,536.5,536.75,34258500,750,750,SHRIRAMFIN,27-FEB-2025
2025-02-03 14:05:05.606740,SHRIRAMFIN27FEB25F,FUTSTK,536.55,5681250,536.5,536.75,34258500,750,1500,SHRIRAMFIN,27-FEB-2025
2025-02-03 14:05:12.188737,SHRIRAMFIN27FEB25F,FUTSTK,536.3,5684250,536.2,536.55,34258500,750,750,SHRIRAMFIN,27-FEB-2025
2025-02-03 14:05:18.568047,SHRIRAMFIN27FEB25F,FUTSTK,536.85,5684250,536.6,536.85,34258500,750,750,SHRIRAMFIN,27-FEB-2025
2025-02-03 14:05:24.917560,SHRIRAMFIN27FEB25F,FUTSTK,536.85,5685000,536.75,537.05,34258500,2250,750,SHRIRAMFIN,27-FEB-2025
2025-02-03 14:05:31.521283,SHRIRAMFIN27FEB25F,FUTSTK,537.05,5685750,537.15,537.3,34258500,1500,1500,SHRIRAMFIN,27-FEB-2025
2025-02-03 14:05:38.062273,SHRIRAMFIN27FEB25F,FUTSTK,537.15,5690250,537.05,537.3,34258500,1500,3000,SHRIRAMFIN,27-FEB-2025
2025-02-03 14:05:44.928848,SHRIRAMFIN27FEB25F,FUTSTK,537.05,5694000,537.05,537.3,34258500,750,1500,SHRIRAMFIN,27-FEB-2025
2025-02-03 14:05:51.699318,SHRIRAMFIN27FEB25F,FUTSTK,537.05,5694000,537.05,537.3,34258500,750,1500,SHRIRAMFIN,27-FEB-2025
2025-02-03 14:05:58.531886,SHRIRAMFIN27FEB25F,FUTSTK,537.05,5694000,537.05,537.3,34258500,750,1500,SHRIRAMFIN,27-FEB-2025
2025-02-03 14:06:05.527342,SHRIRAMFIN27FEB25F,FUTSTK,536.8,5697000,536.85,537.1,34258500,750,3000,SHRIRAMFIN,27-FEB-2025
2025-02-03 14:06:12.188012,SHRIRAMFIN27FEB25F,FUTSTK,536.8,5697000,536.85,537.15,34258500,1500,750,SHRIRAMFIN,27-FEB-2025
2025-02-03 14:06:18.626014,SHRIRAMFIN27FEB25F,FUTSTK,536.8,5697000,537.0,537.3,34258500,1500,3750,SHRIRAMFIN,27-FEB-2025
2025-02-03 14:06:25.113023,SHRIRAMFIN27FEB25F,FUTSTK,537.4,5699250,537.2,537.5,34258500,750,750,SHRIRAMFIN,27-FEB-2025
2025-02-03 14:06:31.722145,SHRIRAMFIN27FEB25F,FUTSTK,537.4,5699250,537.2,537.45,34258500,750,750,SHRIRAMFIN,27-FEB-2025
2025-02-03 14:06:38.339126,SHRIRAMFIN27FEB25F,FUTSTK,537.5,5700000,537.3,537.6,34258500,750,1500,SHRIRAMFIN,27-FEB-2025
2025-02-03 14:06:44.873106,SHRIRAMFIN27FEB25F,FUTSTK,537.5,5700000,537.35,537.6,34258500,2250,750,SHRIRAMFIN,27-FEB-2025
2025-02-03 14:06:51.527902,SHRIRAMFIN27FEB25F,FUTSTK,537.5,5700750,537.35,537.55,34258500,1500,1500,SHRIRAMFIN,27-FEB-2025
2025-02-03 14:06:58.129772,SHRIRAMFIN27FEB25F,FUTSTK,537.5,5700750,537.35,537.6,34258500,2250,750,SHRIRAMFIN,27-FEB-2025
2025-02-03 14:07:05.070753,SHRIRAMFIN27FEB25F,FUTSTK,536.95,5706000,537.0,537.25,34258500,1500,2250,SHRIRAMFIN,27-FEB-2025
2025-02-03 14:07:11.973269,SHRIRAMFIN27FEB25F,FUTSTK,537.0,5708250,536.55,536.9,34258500,750,750,SHRIRAMFIN,27-FEB-2025
2025-02-03 14:07:18.907353,SHRIRAMFIN27FEB25F,FUTSTK,537.15,5709000,536.8,537.15,34258500,750,1500,SHRIRAMFIN,27-FEB-2025
2025-02-03 14:07:27.047797,SHRIRAMFIN27FEB25F,FUTSTK,537.15,5709750,536.75,537.05,34258500,750,3000,SHRIRAMFIN,27-FEB-2025
2025-02-03 14:07:33.603165,SHRIRAMFIN27FEB25F,FUTSTK,537.05,5710500,537.0,537.3,34257750,750,3750,SHRIRAMFIN,27-FEB-2025
2025-02-03 14:07:40.195306,SHRIRAMFIN27FEB25F,FUTSTK,537.05,5710500,536.9,537.2,34257750,750,750,SHRIRAMFIN,27-FEB-2025
2025-02-03 14:07:46.848182,SHRIRAMFIN27FEB25F,FUTSTK,537.05,5710500,536.9,537.2,34257750,750,750,SHRIRAMFIN,27-FEB-2025
2025-02-03 14:07:53.366852,SHRIRAMFIN27FEB25F,FUTSTK,536.9,5710500,536.9,537.2,34257750,2250,750,SHRIRAMFIN,27-FEB-2025
2025-02-03 14:07:59.915704,SHRIRAMFIN27FEB25F,FUTSTK,536.5,5716500,536.5,536.85,34257750,750,1500,SHRIRAMFIN,27-FEB-2025
2025-02-03 14:08:06.339235,SHRIRAMFIN27FEB25F,FUTSTK,536.5,5717250,536.4,536.7,34257750,750,750,SHRIRAMFIN,27-FEB-2025
2025-02-03 14:08:12.970806,SHRIRAMFIN27FEB25F,FUTSTK,536.8,5718000,536.65,537.0,34257750,2250,750,SHRIRAMFIN,27-FEB-2025
2025-02-03 14:08:19.349097,SHRIRAMFIN27FEB25F,FUTSTK,537.0,5718750,537.0,537.3,34257750,3000,2250,SHRIRAMFIN,27-FEB-2025
2025-02-03 14:08:25.757041,SHRIRAMFIN27FEB25F,FUTSTK,537.3,5719500,537.0,537.15,34257750,2250,1500,SHRIRAMFIN,27-FEB-2025
2025-02-03 14:08:32.420137,SHRIRAMFIN27FEB25F,FUTSTK,537.3,5719500,537.0,537.25,34257750,2250,750,SHRIRAMFIN,27-FEB-2025
2025-02-03 14:08:38.956554,SHRIRAMFIN27FEB25F,FUTSTK,537.0,5722500,536.8,537.2,34257750,750,2250,SHRIRAMFIN,27-FEB-2025
2025-02-03 14:08:45.581895,SHRIRAMFIN27FEB25F,FUTSTK,537.0,5722500,537.0,537.2,34257750,750,750,SHRIRAMFIN,27-FEB-2025
2025-02-03 14:08:52.187410,SHRIRAMFIN27FEB25F,FUTSTK,537.0,5722500,537.0,537.3,34257750,750,3000,SHRIRAMFIN,27-FEB-2025
2025-02-03 14:08:58.745204,SHRIRAMFIN27FEB25F,FUTSTK,537.15,5726250,536.75,537.15,34257750,2250,1500,SHRIRAMFIN,27-FEB-2025
2025-02-03 14:09:05.386928,SHRIRAMFIN27FEB25F,FUTSTK,537.15,5726250,536.75,536.9,34257750,750,750,SHRIRAMFIN,27-FEB-2025
2025-02-03 14:09:12.174730,SHRIRAMFIN27FEB25F,FUTSTK,536.8,5728500,536.55,536.75,34257750,750,750,SHRIRAMFIN,27-FEB-2025
2025-02-03 14:09:18.698972,SHRIRAMFIN27FEB25F,FUTSTK,536.7,5729250,536.65,536.75,34257750,1500,750,SHRIRAMFIN,27-FEB-2025
2025-02-03 14:09:25.333088,SHRIRAMFIN27FEB25F,FUTSTK,537.0,5730750,536.75,537.1,34257750,3750,3000,SHRIRAMFIN,27-FEB-2025
2025-02-03 14:09:31.752539,SHRIRAMFIN27FEB25F,FUTSTK,537.0,5730750,536.8,537.15,34257750,1500,1500,SHRIRAMFIN,27-FEB-2025
2025-02-03 14:09:38.517468,SHRIRAMFIN27FEB25F,FUTSTK,536.8,5733000,536.75,537.0,34257750,750,750,SHRIRAMFIN,27-FEB-2025
2025-02-03 14:09:45.156672,SHRIRAMFIN27FEB25F,FUTSTK,536.8,5733000,536.85,537.15,34257750,750,750,SHRIRAMFIN,27-FEB-2025
2025-02-03 14:09:51.629705,SHRIRAMFIN27FEB25F,FUTSTK,537.05,5736750,536.85,537.15,34257750,750,1500,SHRIRAMFIN,27-FEB-2025
2025-02-03 14:09:58.125498,SHRIRAMFIN27FEB25F,FUTSTK,536.85,5737500,536.8,537.1,34257750,1500,2250,SHRIRAMFIN,27-FEB-2025
2025-02-03 14:10:04.641849,SHRIRAMFIN27FEB25F,FUTSTK,536.85,5738250,536.8,536.95,34257750,1500,2250,SHRIRAMFIN,27-FEB-2025
2025-02-03 14:10:11.153677,SHRIRAMFIN27FEB25F,FUTSTK,536.85,5738250,536.8,537.15,34257750,3750,1500,SHRIRAMFIN,27-FEB-2025
2025-02-03 14:10:17.622594,SHRIRAMFIN27FEB25F,FUTSTK,536.85,5738250,536.8,537.1,34257750,3000,3000,SHRIRAMFIN,27-FEB-2025
2025-02-03 14:10:24.677624,SHRIRAMFIN27FEB25F,FUTSTK,537.2,5739000,536.95,537.25,34248750,1500,750,SHRIRAMFIN,27-FEB-2025
2025-02-03 14:10:31.148643,SHRIRAMFIN27FEB25F,FUTSTK,537.1,5739750,537.0,537.35,34248750,2250,2250,SHRIRAMFIN,27-FEB-2025
2025-02-03 14:10:37.864150,SHRIRAMFIN27FEB25F,FUTSTK,537.0,5740500,537.0,537.35,34248750,2250,2250,SHRIRAMFIN,27-FEB-2025
2025-02-03 14:10:44.499000,SHRIRAMFIN27FEB25F,FUTSTK,537.1,5744250,536.85,537.2,34248750,750,3750,SHRIRAMFIN,27-FEB-2025
2025-02-03 14:10:51.635782,SHRIRAMFIN27FEB25F,FUTSTK,536.8,5747250,536.8,537.0,34248750,1500,750,SHRIRAMFIN,27-FEB-2025
2025-02-03 14:10:57.989788,SHRIRAMFIN27FEB25F,FUTSTK,536.8,5747250,536.8,537.0,34248750,1500,1500,SHRIRAMFIN,27-FEB-2025
2025-02-03 14:11:04.402633,SHRIRAMFIN27FEB25F,FUTSTK,536.8,5747250,536.8,537.0,34248750,1500,750,SHRIRAMFIN,27-FEB-2025
2025-02-03 14:11:10.919183,SHRIRAMFIN27FEB25F,FUTSTK,536.8,5747250,536.85,537.15,34248750,750,750,SHRIRAMFIN,27-FEB-2025
2025-02-03 14:11:17.371689,SHRIRAMFIN27FEB25F,FUTSTK,536.8,5747250,536.85,537.1,34248750,750,750,SHRIRAMFIN,27-FEB-2025
2025-02-03 14:11:23.722326,SHRIRAMFIN27FEB25F,FUTSTK,537.3,5751000,537.15,537.35,34248750,1500,750,SHRIRAMFIN,27-FEB-2025
2025-02-03 14:11:30.019813,SHRIRAMFIN27FEB25F,FUTSTK,537.25,5763000,536.95,537.25,34248750,750,2250,SHRIRAMFIN,27-FEB-2025
2025-02-03 14:11:36.373864,SHRIRAMFIN27FEB25F,FUTSTK,537.4,5764500,537.05,537.4,34248750,3000,3000,SHRIRAMFIN,27-FEB-2025
2025-02-03 14:11:42.768173,SHRIRAMFIN27FEB25F,FUTSTK,537.05,5764500,537.05,537.35,34248750,2250,4500,SHRIRAMFIN,27-FEB-2025
2025-02-03 14:11:49.117140,SHRIRAMFIN27FEB25F,FUTSTK,537.2,5768250,537.05,537.3,34248750,1500,750,SHRIRAMFIN,27-FEB-2025
2025-02-03 14:11:55.466249,SHRIRAMFIN27FEB25F,FUTSTK,537.2,5768250,537.1,537.3,34248750,750,750,SHRIRAMFIN,27-FEB-2025
2025-02-03 14:12:03.265323,SHRIRAMFIN27FEB25F,FUTSTK,537.2,5768250,537.15,537.45,34248750,2250,2250,SHRIRAMFIN,27-FEB-2025
2025-02-03 14:12:09.684076,SHRIRAMFIN27FEB25F,FUTSTK,537.2,5768250,537.3,537.6,34248750,750,750,SHRIRAMFIN,27-FEB-2025
2025-02-03 14:12:16.213480,SHRIRAMFIN27FEB25F,FUTSTK,537.2,5768250,537.4,537.6,34248750,2250,1500,SHRIRAMFIN,27-FEB-2025
2025-02-03 14:12:22.567464,SHRIRAMFIN27FEB25F,FUTSTK,537.6,5772750,537.4,537.65,34248750,750,2250,SHRIRAMFIN,27-FEB-2025
2025-02-03 14:12:29.126965,SHRIRAMFIN27FEB25F,FUTSTK,537.4,5775750,537.25,537.6,34248750,750,3000,SHRIRAMFIN,27-FEB-2025
2025-02-03 14:12:35.569249,SHRIRAMFIN27FEB25F,FUTSTK,537.4,5775750,537.35,537.6,34248750,1500,750,SHRIRAMFIN,27-FEB-2025
2025-02-03 14:12:42.019830,SHRIRAMFIN27FEB25F,FUTSTK,537.35,5778750,537.4,537.6,34248750,1500,750,SHRIRAMFIN,27-FEB-2025
2025-02-03 14:12:48.526007,SHRIRAMFIN27FEB25F,FUTSTK,537.4,5778750,537.4,537.6,34248750,1500,750,SHRIRAMFIN,27-FEB-2025
2025-02-03 14:12:54.832102,SHRIRAMFIN27FEB25F,FUTSTK,537.4,5780250,537.25,537.55,34248750,1500,3000,SHRIRAMFIN,27-FEB-2025
2025-02-03 14:13:01.325843,SHRIRAMFIN27FEB25F,FUTSTK,537.4,5780250,537.25,537.55,34248750,1500,750,SHRIRAMFIN,27-FEB-2025
2025-02-03 14:13:07.600670,SHRIRAMFIN27FEB25F,FUTSTK,537.4,5780250,537.25,537.55,34248750,1500,3000,SHRIRAMFIN,27-FEB-2025
2025-02-03 14:13:14.219278,SHRIRAMFIN27FEB25F,FUTSTK,537.1,5784000,537.0,537.2,34248750,750,750,SHRIRAMFIN,27-FEB-2025
2025-02-03 14:13:20.576908,SHRIRAMFIN27FEB25F,FUTSTK,537.1,5784000,537.0,537.15,34248750,750,1500,SHRIRAMFIN,27-FEB-2025
2025-02-03 14:13:26.992615,SHRIRAMFIN27FEB25F,FUTSTK,537.1,5785500,537.0,537.15,34238250,750,1500,SHRIRAMFIN,27-FEB-2025
2025-02-03 14:13:33.469710,SHRIRAMFIN27FEB25F,FUTSTK,536.8,5787750,536.7,536.9,34238250,1500,750,SHRIRAMFIN,27-FEB-2025
2025-02-03 14:13:40.266719,SHRIRAMFIN27FEB25F,FUTSTK,537.1,5793000,537.0,537.3,34238250,1500,750,SHRIRAMFIN,27-FEB-2025
2025-02-03 14:13:46.807203,SHRIRAMFIN27FEB25F,FUTSTK,536.7,5794500,536.7,536.95,34238250,2250,750,SHRIRAMFIN,27-FEB-2025
2025-02-03 14:13:53.126898,SHRIRAMFIN27FEB25F,FUTSTK,536.7,5795250,536.7,536.95,34238250,750,750,SHRIRAMFIN,27-FEB-2025
2025-02-03 14:13:59.590493,SHRIRAMFIN27FEB25F,FUTSTK,536.7,5796000,536.65,536.9,34238250,750,750,SHRIRAMFIN,27-FEB-2025
2025-02-03 14:14:06.075387,SHRIRAMFIN27FEB25F,FUTSTK,536.7,5796000,536.5,536.8,34238250,750,750,SHRIRAMFIN,27-FEB-2025
2025-02-03 14:14:12.288538,SHRIRAMFIN27FEB25F,FUTSTK,536.7,5796000,536.4,536.7,34238250,750,750,SHRIRAMFIN,27-FEB-2025
2025-02-03 14:14:18.860145,SHRIRAMFIN27FEB25F,FUTSTK,536.7,5796000,536.45,536.7,34238250,2250,750,SHRIRAMFIN,27-FEB-2025
2025-02-03 14:14:25.137973,SHRIRAMFIN27FEB25F,FUTSTK,536.7,5796000,536.6,536.9,34238250,750,2250,SHRIRAMFIN,27-FEB-2025
2025-02-03 14:14:31.588721,SHRIRAMFIN27FEB25F,FUTSTK,536.35,5797500,536.55,536.75,34238250,1500,750,SHRIRAMFIN,27-FEB-2025
2025-02-03 14:14:38.194900,SHRIRAMFIN27FEB25F,FUTSTK,536.35,5800500,536.4,536.65,34238250,1500,750,SHRIRAMFIN,27-FEB-2025
2025-02-03 14:14:44.505210,SHRIRAMFIN27FEB25F,FUTSTK,536.35,5800500,536.45,536.7,34238250,2250,750,SHRIRAMFIN,27-FEB-2025
2025-02-03 14:14:50.896037,SHRIRAMFIN27FEB25F,FUTSTK,536.35,5800500,536.55,536.85,34238250,1500,1500,SHRIRAMFIN,27-FEB-2025
2025-02-03 14:14:56.985916,SHRIRAMFIN27FEB25F,FUTSTK,536.75,5801250,536.65,536.85,34238250,1500,1500,SHRIRAMFIN,27-FEB-2025
2025-02-03 14:15:03.324313,SHRIRAMFIN27FEB25F,FUTSTK,536.75,5801250,536.7,536.95,34238250,2250,750,SHRIRAMFIN,27-FEB-2025
2025-02-03 14:15:09.640180,SHRIRAMFIN27FEB25F,FUTSTK,536.55,5805000,536.45,536.75,34238250,750,750,SHRIRAMFIN,27-FEB-2025
2025-02-03 14:15:15.996442,SHRIRAMFIN27FEB25F,FUTSTK,536.9,5805000,536.7,536.9,34238250,750,750,SHRIRAMFIN,27-FEB-2025
2025-02-03 14:15:22.417709,SHRIRAMFIN27FEB25F,FUTSTK,536.7,5808000,536.55,536.75,34238250,750,1500,SHRIRAMFIN,27-FEB-2025
2025-02-03 14:15:28.813679,SHRIRAMFIN27FEB25F,FUTSTK,536.3,5811000,536.25,536.5,34238250,750,750,SHRIRAMFIN,27-FEB-2025
2025-02-03 14:15:35.155085,SHRIRAMFIN27FEB25F,FUTSTK,536.3,5811000,536.25,536.5,34238250,1500,750,SHRIRAMFIN,27-FEB-2025
2025-02-03 14:15:41.530617,SHRIRAMFIN27FEB25F,FUTSTK,536.3,5811000,536.35,536.7,34238250,1500,750,SHRIRAMFIN,27-FEB-2025
2025-02-03 14:15:47.688534,SHRIRAMFIN27FEB25F,FUTSTK,536.3,5811000,536.35,536.65,34238250,1500,1500,SHRIRAMFIN,27-FEB-2025
2025-02-03 14:15:54.032739,SHRIRAMFIN27FEB25F,FUTSTK,536.3,5811000,536.35,536.65,34238250,2250,1500,SHRIRAMFIN,27-FEB-2025
2025-02-03 14:16:00.437682,SHRIRAMFIN27FEB25F,FUTSTK,536.65,5812500,536.45,536.8,34238250,1500,750,SHRIRAMFIN,27-FEB-2025
2025-02-03 14:16:06.904254,SHRIRAMFIN27FEB25F,FUTSTK,536.65,5812500,536.45,536.7,34238250,3000,2250,SHRIRAMFIN,27-FEB-2025
2025-02-03 14:16:13.207514,SHRIRAMFIN27FEB25F,FUTSTK,536.65,5812500,536.45,536.7,34238250,1500,3750,SHRIRAMFIN,27-FEB-2025
2025-02-03 14:16:19.746838,SHRIRAMFIN27FEB25F,FUTSTK,536.7,5817000,536.5,536.85,34238250,3000,3750,SHRIRAMFIN,27-FEB-2025
2025-02-03 14:16:26.001939,SHRIRAMFIN27FEB25F,FUTSTK,536.4,5820000,536.5,536.6,34230750,1500,750,SHRIRAMFIN,27-FEB-2025
2025-02-03 14:16:32.358741,SHRIRAMFIN27FEB25F,FUTSTK,536.5,5821500,536.35,536.6,34230750,750,750,SHRIRAMFIN,27-FEB-2025
2025-02-03 14:16:38.592847,SHRIRAMFIN27FEB25F,FUTSTK,536.5,5821500,536.35,536.6,34230750,750,1500,SHRIRAMFIN,27-FEB-2025
2025-02-03 14:16:44.806251,SHRIRAMFIN27FEB25F,FUTSTK,536.5,5821500,536.4,536.75,34230750,750,2250,SHRIRAMFIN,27-FEB-2025
2025-02-03 14:16:51.169441,SHRIRAMFIN27FEB25F,FUTSTK,536.55,5821500,536.4,536.75,34230750,750,2250,SHRIRAMFIN,27-FEB-2025
2025-02-03 14:16:57.602023,SHRIRAMFIN27FEB25F,FUTSTK,536.55,5821500,536.4,536.75,34230750,750,2250,SHRIRAMFIN,27-FEB-2025
2025-02-03 14:17:03.871422,SHRIRAMFIN27FEB25F,FUTSTK,536.55,5821500,536.4,536.75,34230750,750,2250,SHRIRAMFIN,27-FEB-2025
2025-02-03 14:17:10.220158,SHRIRAMFIN27FEB25F,FUTSTK,536.55,5822250,536.45,536.65,34230750,750,2250,SHRIRAMFIN,27-FEB-2025
2025-02-03 14:17:16.509502,SHRIRAMFIN27FEB25F,FUTSTK,536.55,5822250,536.45,536.65,34230750,750,2250,SHRIRAMFIN,27-FEB-2025
2025-02-03 14:17:22.869598,SHRIRAMFIN27FEB25F,FUTSTK,536.15,5822250,536.45,536.65,34230750,750,2250,SHRIRAMFIN,27-FEB-2025
2025-02-03 14:17:29.275655,SHRIRAMFIN27FEB25F,FUTSTK,536.15,5822250,536.45,536.65,34230750,750,2250,SHRIRAMFIN,27-FEB-2025
2025-02-03 14:17:35.676871,SHRIRAMFIN27FEB25F,FUTSTK,536.4,5826000,536.1,536.4,34230750,750,4500,SHRIRAMFIN,27-FEB-2025
2025-02-03 14:17:41.980320,SHRIRAMFIN27FEB25F,FUTSTK,536.4,5826750,536.1,536.25,34230750,750,750,SHRIRAMFIN,27-FEB-2025
2025-02-03 14:17:48.309903,SHRIRAMFIN27FEB25F,FUTSTK,536.2,5827500,536.1,536.2,34230750,750,750,SHRIRAMFIN,27-FEB-2025
2025-02-03 14:17:54.502291,SHRIRAMFIN27FEB25F,FUTSTK,536.1,5827500,536.1,536.2,34230750,750,750,SHRIRAMFIN,27-FEB-2025
2025-02-03 14:18:01.061538,SHRIRAMFIN27FEB25F,FUTSTK,536.2,5828250,536.0,536.25,34230750,750,750,SHRIRAMFIN,27-FEB-2025
2025-02-03 14:18:07.325681,SHRIRAMFIN27FEB25F,FUTSTK,536.05,5829000,536.05,536.35,34230750,750,3000,SHRIRAMFIN,27-FEB-2025
2025-02-03 14:18:13.787494,SHRIRAMFIN27FEB25F,FUTSTK,536.05,5829750,535.8,536.15,34230750,750,750,SHRIRAMFIN,27-FEB-2025
2025-02-03 14:18:20.142414,SHRIRAMFIN27FEB25F,FUTSTK,535.65,5835750,535.6,535.95,34230750,750,750,SHRIRAMFIN,27-FEB-2025
2025-02-03 14:18:26.469226,SHRIRAMFIN27FEB25F,FUTSTK,535.7,5837250,535.6,535.85,34230750,1500,750,SHRIRAMFIN,27-FEB-2025
2025-02-03 14:18:33.783145,SHRIRAMFIN27FEB25F,FUTSTK,535.9,5838750,535.75,535.9,34230750,1500,1500,SHRIRAMFIN,27-FEB-2025
2025-02-03 14:18:40.065458,SHRIRAMFIN27FEB25F,FUTSTK,535.75,5842500,535.75,535.85,34230750,750,750,SHRIRAMFIN,27-FEB-2025
2025-02-03 14:18:46.439507,SHRIRAMFIN27FEB25F,FUTSTK,535.75,5842500,535.75,535.9,34230750,2250,1500,SHRIRAMFIN,27-FEB-2025
2025-02-03 14:18:52.796273,SHRIRAMFIN27FEB25F,FUTSTK,535.9,5844000,535.75,536.05,34230750,3000,3750,SHRIRAMFIN,27-FEB-2025
2025-02-03 14:18:59.231526,SHRIRAMFIN27FEB25F,FUTSTK,535.75,5847750,535.65,535.85,34230750,750,750,SHRIRAMFIN,27-FEB-2025
2025-02-03 14:19:05.563743,SHRIRAMFIN27FEB25F,FUTSTK,535.65,5849250,535.4,535.7,34230750,750,3750,SHRIRAMFIN,27-FEB-2025
2025-02-03 14:19:11.989450,SHRIRAMFIN27FEB25F,FUTSTK,535.65,5849250,535.15,535.5,34230750,1500,1500,SHRIRAMFIN,27-FEB-2025
2025-02-03 14:19:18.352322,SHRIRAMFIN27FEB25F,FUTSTK,535.0,5853750,535.0,535.3,34230750,750,750,SHRIRAMFIN,27-FEB-2025
2025-02-03 14:19:25.658066,SHRIRAMFIN27FEB25F,FUTSTK,535.0,5853750,535.05,535.35,34230750,750,750,SHRIRAMFIN,27-FEB-2025
2025-02-03 14:19:31.892220,SHRIRAMFIN27FEB25F,FUTSTK,535.4,5856000,535.4,535.7,34203750,750,750,SHRIRAMFIN,27-FEB-2025
2025-02-03 14:19:38.314280,SHRIRAMFIN27FEB25F,FUTSTK,535.4,5856000,535.45,535.7,34203750,1500,750,SHRIRAMFIN,27-FEB-2025
2025-02-03 14:19:44.691968,SHRIRAMFIN27FEB25F,FUTSTK,535.4,5856000,535.5,535.75,34203750,1500,1500,SHRIRAMFIN,27-FEB-2025
2025-02-03 14:19:51.151722,SHRIRAMFIN27FEB25F,FUTSTK,535.5,5858250,535.3,535.5,34203750,750,4500,SHRIRAMFIN,27-FEB-2025
2025-02-03 14:19:57.480237,SHRIRAMFIN27FEB25F,FUTSTK,535.5,5858250,535.3,535.5,34203750,750,3750,SHRIRAMFIN,27-FEB-2025
2025-02-03 14:20:03.879594,SHRIRAMFIN27FEB25F,FUTSTK,535.3,5859000,535.15,535.45,34203750,1500,1500,SHRIRAMFIN,27-FEB-2025
2025-02-03 14:20:10.204055,SHRIRAMFIN27FEB25F,FUTSTK,535.0,5859750,535.1,535.45,34203750,750,2250,SHRIRAMFIN,27-FEB-2025
2025-02-03 14:20:16.384545,SHRIRAMFIN27FEB25F,FUTSTK,535.25,5863500,535.15,535.45,34203750,750,1500,SHRIRAMFIN,27-FEB-2025
2025-02-03 14:20:22.806691,SHRIRAMFIN27FEB25F,FUTSTK,535.25,5863500,535.1,535.45,34203750,1500,1500,SHRIRAMFIN,27-FEB-2025
2025-02-03 14:20:29.083621,SHRIRAMFIN27FEB25F,FUTSTK,535.25,5863500,535.15,535.45,34203750,1500,750,SHRIRAMFIN,27-FEB-2025
2025-02-03 14:20:35.574750,SHRIRAMFIN27FEB25F,FUTSTK,535.5,5864250,535.35,535.65,34203750,1500,3000,SHRIRAMFIN,27-FEB-2025
2025-02-03 14:20:41.868349,SHRIRAMFIN27FEB25F,FUTSTK,535.65,5865000,535.35,535.65,34203750,3000,2250,SHRIRAMFIN,27-FEB-2025
2025-02-03 14:20:48.393508,SHRIRAMFIN27FEB25F,FUTSTK,535.65,5865000,535.45,535.65,34203750,750,2250,SHRIRAMFIN,27-FEB-2025
2025-02-03 14:20:54.714149,SHRIRAMFIN27FEB25F,FUTSTK,535.65,5868000,535.6,535.8,34203750,750,750,SHRIRAMFIN,27-FEB-2025
2025-02-03 14:21:01.140392,SHRIRAMFIN27FEB25F,FUTSTK,535.65,5868000,535.6,535.8,34203750,750,3750,SHRIRAMFIN,27-FEB-2025
2025-02-03 14:21:07.633405,SHRIRAMFIN27FEB25F,FUTSTK,535.4,5873250,535.2,535.45,34203750,750,750,SHRIRAMFIN,27-FEB-2025
2025-02-03 14:21:13.900833,SHRIRAMFIN27FEB25F,FUTSTK,535.4,5873250,535.2,535.5,34203750,750,750,SHRIRAMFIN,27-FEB-2025
2025-02-03 14:21:20.299601,SHRIRAMFIN27FEB25F,FUTSTK,535.4,5873250,535.2,535.45,34203750,750,750,SHRIRAMFIN,27-FEB-2025
2025-02-03 14:21:26.698536,SHRIRAMFIN27FEB25F,FUTSTK,535.4,5873250,535.15,535.4,34203750,750,2250,SHRIRAMFIN,27-FEB-2025
2025-02-03 14:21:33.048741,SHRIRAMFIN27FEB25F,FUTSTK,535.4,5873250,535.15,535.35,34203750,750,1500,SHRIRAMFIN,27-FEB-2025
2025-02-03 14:21:39.378277,SHRIRAMFIN27FEB25F,FUTSTK,535.4,5873250,535.15,535.35,34203750,750,2250,SHRIRAMFIN,27-FEB-2025
2025-02-03 14:21:45.857745,SHRIRAMFIN27FEB25F,FUTSTK,535.4,5873250,535.15,535.35,34203750,750,2250,SHRIRAMFIN,27-FEB-2025
2025-02-03 14:21:52.196113,SHRIRAMFIN27FEB25F,FUTSTK,535.4,5873250,535.15,535.35,34203750,750,1500,SHRIRAMFIN,27-FEB-2025
2025-02-03 14:21:58.550929,SHRIRAMFIN27FEB25F,FUTSTK,535.4,5873250,535.15,535.35,34203750,750,1500,SHRIRAMFIN,27-FEB-2025
2025-02-03 14:22:05.008635,SHRIRAMFIN27FEB25F,FUTSTK,535.15,5873250,535.15,535.35,34203750,750,1500,SHRIRAMFIN,27-FEB-2025
2025-02-03 14:22:11.375002,SHRIRAMFIN27FEB25F,FUTSTK,535.15,5873250,535.15,535.35,34203750,750,1500,SHRIRAMFIN,27-FEB-2025
2025-02-03 14:22:17.759895,SHRIRAMFIN27FEB25F,FUTSTK,535.7,5880000,535.6,535.9,34203750,750,3750,SHRIRAMFIN,27-FEB-2025
2025-02-03 14:22:24.147150,SHRIRAMFIN27FEB25F,FUTSTK,535.5,5880000,535.6,535.9,34203750,750,3750,SHRIRAMFIN,27-FEB-2025
2025-02-03 14:22:30.616036,SHRIRAMFIN27FEB25F,FUTSTK,535.45,5880000,535.6,535.9,34194000,750,3750,SHRIRAMFIN,27-FEB-2025
2025-02-03 14:22:36.947860,SHRIRAMFIN27FEB25F,FUTSTK,535.6,5880000,535.6,535.9,34194000,750,3750,SHRIRAMFIN,27-FEB-2025
2025-02-03 14:22:43.227248,SHRIRAMFIN27FEB25F,FUTSTK,535.75,5886750,535.45,535.8,34194000,1500,750,SHRIRAMFIN,27-FEB-2025
2025-02-03 14:22:49.805927,SHRIRAMFIN27FEB25F,FUTSTK,535.75,5886750,535.45,535.8,34194000,2250,750,SHRIRAMFIN,27-FEB-2025
2025-02-03 14:22:56.094716,SHRIRAMFIN27FEB25F,FUTSTK,535.45,5889000,535.35,535.5,34194000,750,3000,SHRIRAMFIN,27-FEB-2025
2025-02-03 14:23:02.603249,SHRIRAMFIN27FEB25F,FUTSTK,535.15,5892750,535.1,535.5,34194000,750,4500,SHRIRAMFIN,27-FEB-2025
2025-02-03 14:23:08.774480,SHRIRAMFIN27FEB25F,FUTSTK,536.7,5988000,536.75,537.0,34194000,2250,1500,SHRIRAMFIN,27-FEB-2025
2025-02-03 14:23:16.094885,SHRIRAMFIN27FEB25F,FUTSTK,536.45,5991000,536.1,536.5,34194000,750,1500,SHRIRAMFIN,27-FEB-2025
2025-02-03 14:23:22.556367,SHRIRAMFIN27FEB25F,FUTSTK,536.45,5991000,535.85,536.15,34194000,750,1500,SHRIRAMFIN,27-FEB-2025
2025-02-03 14:23:28.811035,SHRIRAMFIN27FEB25F,FUTSTK,536.2,5993250,536.05,536.35,34194000,750,1500,SHRIRAMFIN,27-FEB-2025
2025-02-03 14:23:35.232020,SHRIRAMFIN27FEB25F,FUTSTK,536.25,5994000,536.15,536.5,34194000,750,1500,SHRIRAMFIN,27-FEB-2025
2025-02-03 14:23:41.622494,SHRIRAMFIN27FEB25F,FUTSTK,536.25,5994000,536.2,536.45,34194000,750,1500,SHRIRAMFIN,27-FEB-2025
2025-02-03 14:23:48.077381,SHRIRAMFIN27FEB25F,FUTSTK,536.7,5996250,536.5,536.75,34194000,750,750,SHRIRAMFIN,27-FEB-2025
2025-02-03 14:23:54.622635,SHRIRAMFIN27FEB25F,FUTSTK,536.6,5997000,536.55,536.85,34194000,750,1500,SHRIRAMFIN,27-FEB-2025
2025-02-03 14:24:00.974274,SHRIRAMFIN27FEB25F,FUTSTK,536.75,6001500,536.65,537.0,34194000,3000,750,SHRIRAMFIN,27-FEB-2025
2025-02-03 14:24:07.622365,SHRIRAMFIN27FEB25F,FUTSTK,537.0,6005250,536.9,537.1,34194000,3750,750,SHRIRAMFIN,27-FEB-2025
2025-02-03 14:24:13.816090,SHRIRAMFIN27FEB25F,FUTSTK,536.95,6011250,536.75,537.1,34194000,3750,1500,SHRIRAMFIN,27-FEB-2025
2025-02-03 14:24:20.182534,SHRIRAMFIN27FEB25F,FUTSTK,537.1,6015000,536.95,537.3,34194000,5250,750,SHRIRAMFIN,27-FEB-2025
2025-02-03 14:24:26.450151,SHRIRAMFIN27FEB25F,FUTSTK,537.2,6027750,536.95,537.3,34194000,1500,750,SHRIRAMFIN,27-FEB-2025
2025-02-03 14:24:32.828461,SHRIRAMFIN27FEB25F,FUTSTK,537.2,6028500,537.15,537.35,34194000,3750,1500,SHRIRAMFIN,27-FEB-2025
2025-02-03 14:24:39.417156,SHRIRAMFIN27FEB25F,FUTSTK,537.35,6030000,537.35,537.65,34194000,4500,3750,SHRIRAMFIN,27-FEB-2025
2025-02-03 14:24:45.929552,SHRIRAMFIN27FEB25F,FUTSTK,537.8,6039750,537.5,537.8,34194000,4500,3750,SHRIRAMFIN,27-FEB-2025
2025-02-03 14:24:52.386829,SHRIRAMFIN27FEB25F,FUTSTK,538.0,6050250,537.95,538.2,34194000,3750,1500,SHRIRAMFIN,27-FEB-2025
2025-02-03 14:24:58.940481,SHRIRAMFIN27FEB25F,FUTSTK,538.15,6065250,538.05,538.2,34194000,750,1500,SHRIRAMFIN,27-FEB-2025
2025-02-03 14:25:05.504098,SHRIRAMFIN27FEB25F,FUTSTK,538.15,6072000,538.1,538.4,34194000,750,1500,SHRIRAMFIN,27-FEB-2025
2025-02-03 14:25:11.916349,SHRIRAMFIN27FEB25F,FUTSTK,538.1,6078750,538.05,538.4,34194000,3750,1500,SHRIRAMFIN,27-FEB-2025
2025-02-03 14:25:18.345099,SHRIRAMFIN27FEB25F,FUTSTK,538.7,6082500,538.4,538.75,34194000,2250,1500,SHRIRAMFIN,27-FEB-2025
2025-02-03 14:25:24.951414,SHRIRAMFIN27FEB25F,FUTSTK,538.55,6094500,538.1,538.5,34194000,1500,750,SHRIRAMFIN,27-FEB-2025
2025-02-03 14:25:31.313438,SHRIRAMFIN27FEB25F,FUTSTK,538.4,6099750,538.25,538.4,34221000,3750,750,SHRIRAMFIN,27-FEB-2025
2025-02-03 14:25:37.786398,SHRIRAMFIN27FEB25F,FUTSTK,538.4,6101250,538.4,538.65,34221000,3750,750,SHRIRAMFIN,27-FEB-2025
2025-02-03 14:25:44.199325,SHRIRAMFIN27FEB25F,FUTSTK,538.4,6101250,538.65,538.95,34221000,8250,2250,SHRIRAMFIN,27-FEB-2025
2025-02-03 14:25:50.602499,SHRIRAMFIN27FEB25F,FUTSTK,538.9,6132000,538.5,538.9,34221000,1500,1500,SHRIRAMFIN,27-FEB-2025
2025-02-03 14:25:57.141453,SHRIRAMFIN27FEB25F,FUTSTK,538.9,6133500,538.9,539.2,34221000,3750,750,SHRIRAMFIN,27-FEB-2025
2025-02-03 14:26:03.584667,SHRIRAMFIN27FEB25F,FUTSTK,539.05,6151500,538.8,539.1,34221000,750,750,SHRIRAMFIN,27-FEB-2025
2025-02-03 14:26:10.062924,SHRIRAMFIN27FEB25F,FUTSTK,538.95,6157500,538.65,539.0,34221000,750,750,SHRIRAMFIN,27-FEB-2025
2025-02-03 14:26:16.906081,SHRIRAMFIN27FEB25F,FUTSTK,538.2,6203250,538.1,538.45,34221000,750,3000,SHRIRAMFIN,27-FEB-2025
2025-02-03 14:26:23.433560,SHRIRAMFIN27FEB25F,FUTSTK,538.4,6207750,538.2,538.5,34221000,750,750,SHRIRAMFIN,27-FEB-2025
2025-02-03 14:26:29.827862,SHRIRAMFIN27FEB25F,FUTSTK,538.45,6209250,538.4,538.65,34221000,3750,750,SHRIRAMFIN,27-FEB-2025
2025-02-03 14:26:36.256269,SHRIRAMFIN27FEB25F,FUTSTK,538.65,6210000,539.0,539.3,34221000,7500,3750,SHRIRAMFIN,27-FEB-2025
2025-02-03 14:26:42.600440,SHRIRAMFIN27FEB25F,FUTSTK,538.85,6225750,539.0,539.3,34221000,3750,750,SHRIRAMFIN,27-FEB-2025
2025-02-03 14:26:49.095965,SHRIRAMFIN27FEB25F,FUTSTK,539.15,6234000,538.9,539.3,34221000,1500,3750,SHRIRAMFIN,27-FEB-2025
2025-02-03 14:26:55.484364,SHRIRAMFIN27FEB25F,FUTSTK,539.2,6234750,539.05,539.2,34221000,5250,750,SHRIRAMFIN,27-FEB-2025
2025-02-03 14:27:02.018597,SHRIRAMFIN27FEB25F,FUTSTK,539.5,6258000,539.3,539.65,34221000,750,3750,SHRIRAMFIN,27-FEB-2025
2025-02-03 14:27:08.348090,SHRIRAMFIN27FEB25F,FUTSTK,539.6,6273750,539.45,539.8,34221000,750,3000,SHRIRAMFIN,27-FEB-2025
2025-02-03 14:27:14.496367,SHRIRAMFIN27FEB25F,FUTSTK,539.85,6301500,539.7,540.0,34221000,3750,750,SHRIRAMFIN,27-FEB-2025
2025-02-03 14:27:20.878685,SHRIRAMFIN27FEB25F,FUTSTK,540.15,6312750,539.85,540.3,34221000,1500,2250,SHRIRAMFIN,27-FEB-2025
2025-02-03 14:27:27.355096,SHRIRAMFIN27FEB25F,FUTSTK,540.65,6324750,540.6,540.8,34221000,1500,2250,SHRIRAMFIN,27-FEB-2025
2025-02-03 14:27:33.744027,SHRIRAMFIN27FEB25F,FUTSTK,540.5,6339750,540.4,540.65,34221000,3750,750,SHRIRAMFIN,27-FEB-2025
2025-02-03 14:27:40.052049,SHRIRAMFIN27FEB25F,FUTSTK,540.4,6351750,540.3,540.65,34221000,1500,750,SHRIRAMFIN,27-FEB-2025
2025-02-03 14:27:46.586521,SHRIRAMFIN27FEB25F,FUTSTK,540.45,6365250,540.45,540.6,34221000,3750,750,SHRIRAMFIN,27-FEB-2025
2025-02-03 14:27:52.826674,SHRIRAMFIN27FEB25F,FUTSTK,540.15,6373500,540.15,540.55,34221000,3000,2250,SHRIRAMFIN,27-FEB-2025
2025-02-03 14:27:59.385108,SHRIRAMFIN27FEB25F,FUTSTK,540.3,6379500,540.3,540.6,34221000,3750,2250,SHRIRAMFIN,27-FEB-2025
2025-02-03 14:28:05.768410,SHRIRAMFIN27FEB25F,FUTSTK,540.45,6391500,540.45,540.65,34221000,3750,1500,SHRIRAMFIN,27-FEB-2025
2025-02-03 14:28:12.081580,SHRIRAMFIN27FEB25F,FUTSTK,540.45,6402750,540.4,540.7,34221000,750,750,SHRIRAMFIN,27-FEB-2025
2025-02-03 14:28:18.557691,SHRIRAMFIN27FEB25F,FUTSTK,540.85,6404250,540.65,541.0,34221000,4500,1500,SHRIRAMFIN,27-FEB-2025
2025-02-03 14:28:24.881432,SHRIRAMFIN27FEB25F,FUTSTK,541.4,6414750,540.95,541.35,34221000,750,1500,SHRIRAMFIN,27-FEB-2025
2025-02-03 14:28:31.138095,SHRIRAMFIN27FEB25F,FUTSTK,540.85,6437250,541.1,541.55,34290750,750,750,SHRIRAMFIN,27-FEB-2025
2025-02-03 14:28:37.500301,SHRIRAMFIN27FEB25F,FUTSTK,540.8,6449250,540.8,541.15,34290750,750,750,SHRIRAMFIN,27-FEB-2025
2025-02-03 14:28:44.043855,SHRIRAMFIN27FEB25F,FUTSTK,541.1,6534750,540.65,541.0,34290750,750,750,SHRIRAMFIN,27-FEB-2025
2025-02-03 14:28:50.675123,SHRIRAMFIN27FEB25F,FUTSTK,540.5,6537750,540.2,540.65,34290750,2250,2250,SHRIRAMFIN,27-FEB-2025
2025-02-03 14:28:57.089634,SHRIRAMFIN27FEB25F,FUTSTK,539.95,6543000,539.9,540.3,34290750,750,750,SHRIRAMFIN,27-FEB-2025
2025-02-03 14:29:03.503793,SHRIRAMFIN27FEB25F,FUTSTK,539.65,6544500,540.0,540.45,34290750,1500,750,SHRIRAMFIN,27-FEB-2025
2025-02-03 14:29:10.020105,SHRIRAMFIN27FEB25F,FUTSTK,539.2,6551250,539.2,539.55,34290750,1500,750,SHRIRAMFIN,27-FEB-2025
2025-02-03 14:29:17.315774,SHRIRAMFIN27FEB25F,FUTSTK,538.95,6555750,538.9,539.35,34290750,750,750,SHRIRAMFIN,27-FEB-2025
2025-02-03 14:29:23.654459,SHRIRAMFIN27FEB25F,FUTSTK,539.75,6559500,539.4,539.8,34290750,750,750,SHRIRAMFIN,27-FEB-2025
2025-02-03 14:29:30.029858,SHRIRAMFIN27FEB25F,FUTSTK,540.0,6569250,539.3,539.7,34290750,750,750,SHRIRAMFIN,27-FEB-2025
2025-02-03 14:29:36.349883,SHRIRAMFIN27FEB25F,FUTSTK,539.0,6576000,539.0,539.4,34290750,1500,750,SHRIRAMFIN,27-FEB-2025
2025-02-03 14:29:42.849842,SHRIRAMFIN27FEB25F,FUTSTK,539.0,6577500,538.55,538.85,34290750,750,750,SHRIRAMFIN,27-FEB-2025
2025-02-03 14:29:49.296531,SHRIRAMFIN27FEB25F,FUTSTK,540.0,6584250,539.45,539.85,34290750,750,750,SHRIRAMFIN,27-FEB-2025
2025-02-03 14:29:55.825036,SHRIRAMFIN27FEB25F,FUTSTK,539.85,6589500,539.75,540.25,34290750,1500,750,SHRIRAMFIN,27-FEB-2025
2025-02-03 14:30:02.294428,SHRIRAMFIN27FEB25F,FUTSTK,540.35,6594000,540.05,540.35,34290750,750,750,SHRIRAMFIN,27-FEB-2025
2025-02-03 14:30:43.356458,SHRIRAMFIN27FEB25F,FUTSTK,540.3,6648750,540.3,540.45,34290750,750,1500,SHRIRAMFIN,27-FEB-2025
2025-02-03 14:30:51.472723,SHRIRAMFIN27FEB25F,FUTSTK,540.4,6650250,540.35,540.6,34290750,1500,2250,SHRIRAMFIN,27-FEB-2025
2025-02-03 14:30:57.680651,SHRIRAMFIN27FEB25F,FUTSTK,540.4,6653250,540.3,540.5,34290750,1500,2250,SHRIRAMFIN,27-FEB-2025
2025-02-03 14:31:04.042521,SHRIRAMFIN27FEB25F,FUTSTK,539.8,6697500,539.7,539.85,34290750,750,1500,SHRIRAMFIN,27-FEB-2025
2025-02-03 14:31:10.729649,SHRIRAMFIN27FEB25F,FUTSTK,539.25,6704250,539.0,539.4,34290750,2250,750,SHRIRAMFIN,27-FEB-2025
2025-02-03 14:31:17.062359,SHRIRAMFIN27FEB25F,FUTSTK,539.2,6705000,539.2,539.25,34290750,1500,750,SHRIRAMFIN,27-FEB-2025
2025-02-03 14:31:24.194290,SHRIRAMFIN27FEB25F,FUTSTK,539.2,6706500,538.9,539.25,34290750,750,750,SHRIRAMFIN,27-FEB-2025
2025-02-03 14:31:32.517022,SHRIRAMFIN27FEB25F,FUTSTK,539.95,6717000,539.9,540.15,34437000,750,750,SHRIRAMFIN,27-FEB-2025
2025-02-03 14:31:39.856788,SHRIRAMFIN27FEB25F,FUTSTK,539.9,6718500,539.5,539.8,34437000,1500,1500,SHRIRAMFIN,27-FEB-2025
2025-02-03 14:31:46.142360,SHRIRAMFIN27FEB25F,FUTSTK,540.3,6722250,540.1,540.35,34437000,750,2250,SHRIRAMFIN,27-FEB-2025
2025-02-03 14:31:52.500672,SHRIRAMFIN27FEB25F,FUTSTK,540.15,6723750,540.15,540.3,34437000,1500,750,SHRIRAMFIN,27-FEB-2025
2025-02-03 14:31:58.981509,SHRIRAMFIN27FEB25F,FUTSTK,540.15,6735000,539.9,540.15,34437000,2250,750,SHRIRAMFIN,27-FEB-2025
2025-02-03 14:32:05.496655,SHRIRAMFIN27FEB25F,FUTSTK,539.9,6736500,540.05,540.15,34437000,2250,750,SHRIRAMFIN,27-FEB-2025
2025-02-03 14:32:12.111592,SHRIRAMFIN27FEB25F,FUTSTK,540.65,6746250,540.45,540.7,34437000,750,1500,SHRIRAMFIN,27-FEB-2025
2025-02-03 14:32:18.524116,SHRIRAMFIN27FEB25F,FUTSTK,540.85,6746250,540.55,540.85,34437000,750,2250,SHRIRAMFIN,27-FEB-2025
2025-02-03 14:32:24.670198,SHRIRAMFIN27FEB25F,FUTSTK,540.15,6751500,540.35,540.55,34437000,750,750,SHRIRAMFIN,27-FEB-2025
2025-02-03 14:32:30.936089,SHRIRAMFIN27FEB25F,FUTSTK,540.45,6758250,540.3,540.6,34437000,750,1500,SHRIRAMFIN,27-FEB-2025
2025-02-03 14:32:37.285313,SHRIRAMFIN27FEB25F,FUTSTK,540.3,6758250,540.3,540.55,34437000,750,1500,SHRIRAMFIN,27-FEB-2025
2025-02-03 14:32:45.733894,SHRIRAMFIN27FEB25F,FUTSTK,540.45,6762000,540.3,540.4,34437000,750,1500,SHRIRAMFIN,27-FEB-2025
2025-02-03 14:32:53.251613,SHRIRAMFIN27FEB25F,FUTSTK,540.45,6769500,540.55,540.85,34437000,3000,7500,SHRIRAMFIN,27-FEB-2025
2025-02-03 14:33:00.105556,SHRIRAMFIN27FEB25F,FUTSTK,540.5,6771750,540.3,540.6,34437000,1500,3000,SHRIRAMFIN,27-FEB-2025
2025-02-03 14:33:06.589139,SHRIRAMFIN27FEB25F,FUTSTK,540.3,6773250,540.2,540.4,34437000,1500,750,SHRIRAMFIN,27-FEB-2025
2025-02-03 14:33:12.868657,SHRIRAMFIN27FEB25F,FUTSTK,540.4,6774000,540.3,540.6,34437000,2250,1500,SHRIRAMFIN,27-FEB-2025
2025-02-03 14:33:19.183295,SHRIRAMFIN27FEB25F,FUTSTK,540.75,6774000,540.5,540.75,34437000,750,2250,SHRIRAMFIN,27-FEB-2025
2025-02-03 14:33:25.400251,SHRIRAMFIN27FEB25F,FUTSTK,540.35,6777750,540.3,540.65,34437000,1500,3000,SHRIRAMFIN,27-FEB-2025
2025-02-03 14:33:31.572594,SHRIRAMFIN27FEB25F,FUTSTK,540.35,6777750,540.4,540.65,34437000,750,2250,SHRIRAMFIN,27-FEB-2025
2025-02-03 14:33:37.858926,SHRIRAMFIN27FEB25F,FUTSTK,540.35,6777750,540.4,540.65,34437000,750,1500,SHRIRAMFIN,27-FEB-2025
2025-02-03 14:33:44.355900,SHRIRAMFIN27FEB25F,FUTSTK,540.75,6786000,540.75,541.0,34437000,750,750,SHRIRAMFIN,27-FEB-2025
2025-02-03 14:33:50.615599,SHRIRAMFIN27FEB25F,FUTSTK,540.65,6789750,540.65,540.9,34437000,1500,3000,SHRIRAMFIN,27-FEB-2025
2025-02-03 14:35:44.950271,SHRIRAMFIN27FEB25F,FUTSTK,540.9,7443000,540.85,541.1,34659750,750,2250,SHRIRAMFIN,27-FEB-2025
2025-02-03 14:35:51.344482,SHRIRAMFIN27FEB25F,FUTSTK,540.9,7443000,540.85,540.95,34659750,750,1500,SHRIRAMFIN,27-FEB-2025
2025-02-03 14:35:57.486583,SHRIRAMFIN27FEB25F,FUTSTK,541.1,7449750,541.15,541.55,34659750,1500,750,SHRIRAMFIN,27-FEB-2025
2025-02-03 14:36:03.689463,SHRIRAMFIN27FEB25F,FUTSTK,541.4,7452750,541.25,541.6,34659750,750,750,SHRIRAMFIN,27-FEB-2025
2025-02-03 14:36:09.913375,SHRIRAMFIN27FEB25F,FUTSTK,541.4,7454250,541.15,541.35,34659750,750,750,SHRIRAMFIN,27-FEB-2025
2025-02-03 14:36:16.317857,SHRIRAMFIN27FEB25F,FUTSTK,541.0,7456500,541.05,541.25,34659750,750,1500,SHRIRAMFIN,27-FEB-2025
2025-02-03 14:36:22.586297,SHRIRAMFIN27FEB25F,FUTSTK,541.2,7460250,541.05,541.25,34659750,750,750,SHRIRAMFIN,27-FEB-2025
2025-02-03 14:36:30.031925,SHRIRAMFIN27FEB25F,FUTSTK,541.2,7463250,541.05,541.4,34659750,750,3000,SHRIRAMFIN,27-FEB-2025
2025-02-03 14:36:38.344827,SHRIRAMFIN27FEB25F,FUTSTK,541.35,7467750,541.3,541.5,34659750,1500,1500,SHRIRAMFIN,27-FEB-2025
2025-02-03 14:36:45.591613,SHRIRAMFIN27FEB25F,FUTSTK,541.45,7468500,541.35,541.45,34659750,1500,3000,SHRIRAMFIN,27-FEB-2025
2025-02-03 14:36:51.956318,SHRIRAMFIN27FEB25F,FUTSTK,541.85,7473000,541.6,541.95,34659750,750,750,SHRIRAMFIN,27-FEB-2025
2025-02-03 14:36:58.458265,SHRIRAMFIN27FEB25F,FUTSTK,541.65,7479000,541.35,541.7,34659750,1500,3000,SHRIRAMFIN,27-FEB-2025
2025-02-03 14:37:04.728030,SHRIRAMFIN27FEB25F,FUTSTK,541.0,7482000,541.0,541.2,34659750,750,3000,SHRIRAMFIN,27-FEB-2025
2025-02-03 14:37:11.300510,SHRIRAMFIN27FEB25F,FUTSTK,541.45,7497750,541.45,541.75,34659750,750,3000,SHRIRAMFIN,27-FEB-2025
2025-02-03 14:37:17.809266,SHRIRAMFIN27FEB25F,FUTSTK,541.55,7500750,541.35,541.75,34659750,1500,750,SHRIRAMFIN,27-FEB-2025
2025-02-03 14:37:24.099264,SHRIRAMFIN27FEB25F,FUTSTK,541.65,7501500,541.35,541.6,34659750,750,750,SHRIRAMFIN,27-FEB-2025
2025-02-03 14:37:30.659246,SHRIRAMFIN27FEB25F,FUTSTK,541.65,7503000,541.55,542.0,34690500,2250,2250,SHRIRAMFIN,27-FEB-2025
2025-02-03 14:37:36.914695,SHRIRAMFIN27FEB25F,FUTSTK,542.5,7522500,542.3,542.55,34690500,750,750,SHRIRAMFIN,27-FEB-2025
2025-02-03 14:37:42.999197,SHRIRAMFIN27FEB25F,FUTSTK,542.35,7527000,542.15,542.45,34690500,750,3750,SHRIRAMFIN,27-FEB-2025
2025-02-03 14:37:52.064526,SHRIRAMFIN27FEB25F,FUTSTK,542.2,7533750,542.2,542.4,34690500,750,3750,SHRIRAMFIN,27-FEB-2025
2025-02-03 14:37:59.585656,SHRIRAMFIN27FEB25F,FUTSTK,542.4,7534500,542.2,542.4,34690500,1500,5250,SHRIRAMFIN,27-FEB-2025
2025-02-03 14:38:06.071169,SHRIRAMFIN27FEB25F,FUTSTK,542.35,7566000,542.2,542.35,34690500,750,1500,SHRIRAMFIN,27-FEB-2025
2025-02-03 14:38:12.576216,SHRIRAMFIN27FEB25F,FUTSTK,542.35,7587000,542.25,542.35,34690500,1500,750,SHRIRAMFIN,27-FEB-2025
2025-02-03 14:38:18.960566,SHRIRAMFIN27FEB25F,FUTSTK,542.65,7592250,542.65,542.8,34690500,750,750,SHRIRAMFIN,27-FEB-2025
2025-02-03 14:38:25.683895,SHRIRAMFIN27FEB25F,FUTSTK,542.8,7593000,542.75,542.8,34690500,750,750,SHRIRAMFIN,27-FEB-2025
2025-02-03 14:38:32.013801,SHRIRAMFIN27FEB25F,FUTSTK,542.9,7595250,542.75,542.9,34690500,2250,750,SHRIRAMFIN,27-FEB-2025
2025-02-03 14:38:38.344636,SHRIRAMFIN27FEB25F,FUTSTK,542.9,7596000,542.85,543.0,34690500,750,3000,SHRIRAMFIN,27-FEB-2025
2025-02-03 14:38:44.564038,SHRIRAMFIN27FEB25F,FUTSTK,542.75,7601250,542.65,542.95,34690500,750,3750,SHRIRAMFIN,27-FEB-2025
2025-02-03 14:38:51.358824,SHRIRAMFIN27FEB25F,FUTSTK,543.0,7606500,543.05,543.35,34690500,750,3000,SHRIRAMFIN,27-FEB-2025
2025-02-03 14:38:57.774138,SHRIRAMFIN27FEB25F,FUTSTK,542.45,7665750,542.45,542.7,34690500,750,2250,SHRIRAMFIN,27-FEB-2025
2025-02-03 14:39:06.403608,SHRIRAMFIN27FEB25F,FUTSTK,542.5,7678500,542.4,542.75,34690500,1500,1500,SHRIRAMFIN,27-FEB-2025
2025-02-03 14:39:14.195858,SHRIRAMFIN27FEB25F,FUTSTK,543.0,7687500,542.65,543.0,34690500,2250,2250,SHRIRAMFIN,27-FEB-2025
2025-02-03 14:39:20.934328,SHRIRAMFIN27FEB25F,FUTSTK,542.9,7689750,542.65,542.9,34690500,1500,3000,SHRIRAMFIN,27-FEB-2025
2025-02-03 14:39:27.762571,SHRIRAMFIN27FEB25F,FUTSTK,542.9,7694250,542.9,543.05,34690500,750,750,SHRIRAMFIN,27-FEB-2025
2025-02-03 14:39:33.992854,SHRIRAMFIN27FEB25F,FUTSTK,542.8,7696500,542.65,542.85,34690500,2250,750,SHRIRAMFIN,27-FEB-2025
2025-02-03 14:39:40.309778,SHRIRAMFIN27FEB25F,FUTSTK,542.8,7697250,542.65,542.8,34690500,1500,3750,SHRIRAMFIN,27-FEB-2025
2025-02-03 14:39:46.918502,SHRIRAMFIN27FEB25F,FUTSTK,542.8,7701000,542.8,543.0,34690500,750,1500,SHRIRAMFIN,27-FEB-2025
2025-02-03 14:39:53.503095,SHRIRAMFIN27FEB25F,FUTSTK,542.9,7703250,542.85,543.2,34690500,1500,750,SHRIRAMFIN,27-FEB-2025
2025-02-03 14:40:00.088547,SHRIRAMFIN27FEB25F,FUTSTK,543.0,7707000,542.7,543.05,34690500,1500,1500,SHRIRAMFIN,27-FEB-2025
2025-02-03 14:40:06.603530,SHRIRAMFIN27FEB25F,FUTSTK,543.15,7710750,542.9,543.25,34690500,750,3000,SHRIRAMFIN,27-FEB-2025
2025-02-03 14:40:13.048124,SHRIRAMFIN27FEB25F,FUTSTK,543.25,7714500,543.4,543.7,34690500,750,3000,SHRIRAMFIN,27-FEB-2025
2025-02-03 14:40:21.578147,SHRIRAMFIN27FEB25F,FUTSTK,543.4,7726500,543.3,543.4,34690500,2250,1500,SHRIRAMFIN,27-FEB-2025
2025-02-03 14:40:29.990044,SHRIRAMFIN27FEB25F,FUTSTK,543.7,7732500,543.5,543.8,34685250,1500,750,SHRIRAMFIN,27-FEB-2025
2025-02-03 14:40:37.349855,SHRIRAMFIN27FEB25F,FUTSTK,543.6,7734750,543.55,543.85,34685250,1500,2250,SHRIRAMFIN,27-FEB-2025
2025-02-03 14:40:43.528012,SHRIRAMFIN27FEB25F,FUTSTK,544.0,7741500,543.8,544.15,34685250,750,3000,SHRIRAMFIN,27-FEB-2025
2025-02-03 14:40:50.011492,SHRIRAMFIN27FEB25F,FUTSTK,544.0,7742250,543.75,544.05,34685250,1500,750,SHRIRAMFIN,27-FEB-2025
2025-02-03 14:40:56.240907,SHRIRAMFIN27FEB25F,FUTSTK,543.65,7754250,543.35,543.6,34685250,1500,750,SHRIRAMFIN,27-FEB-2025
2025-02-03 14:41:02.633069,SHRIRAMFIN27FEB25F,FUTSTK,543.35,7755750,543.35,543.65,34685250,1500,2250,SHRIRAMFIN,27-FEB-2025
2025-02-03 14:41:09.064053,SHRIRAMFIN27FEB25F,FUTSTK,543.35,7771500,543.15,543.55,34685250,1500,2250,SHRIRAMFIN,27-FEB-2025
2025-02-03 14:41:15.261637,SHRIRAMFIN27FEB25F,FUTSTK,543.2,7785000,543.25,543.45,34685250,750,1500,SHRIRAMFIN,27-FEB-2025
2025-02-03 14:41:21.599837,SHRIRAMFIN27FEB25F,FUTSTK,543.25,7794750,543.0,543.4,34685250,750,750,SHRIRAMFIN,27-FEB-2025
2025-02-03 14:41:27.926808,SHRIRAMFIN27FEB25F,FUTSTK,543.25,7801500,543.1,543.45,34685250,2250,2250,SHRIRAMFIN,27-FEB-2025
2025-02-03 14:41:34.943655,SHRIRAMFIN27FEB25F,FUTSTK,543.25,7991250,543.25,543.45,34685250,750,750,SHRIRAMFIN,27-FEB-2025
2025-02-03 14:41:43.426665,SHRIRAMFIN27FEB25F,FUTSTK,543.25,7998750,543.25,543.45,34685250,750,1500,SHRIRAMFIN,27-FEB-2025
2025-02-03 14:41:51.194085,SHRIRAMFIN27FEB25F,FUTSTK,543.45,8003250,543.25,543.45,34685250,1500,1500,SHRIRAMFIN,27-FEB-2025
2025-02-03 14:41:57.474344,SHRIRAMFIN27FEB25F,FUTSTK,543.45,8003250,543.25,543.45,34685250,1500,1500,SHRIRAMFIN,27-FEB-2025
2025-02-03 14:42:03.826622,SHRIRAMFIN27FEB25F,FUTSTK,543.55,8005500,543.25,543.55,34685250,2250,750,SHRIRAMFIN,27-FEB-2025
2025-02-03 14:42:10.270653,SHRIRAMFIN27FEB25F,FUTSTK,543.45,8008500,543.25,543.45,34685250,750,1500,SHRIRAMFIN,27-FEB-2025
2025-02-03 14:42:16.495354,SHRIRAMFIN27FEB25F,FUTSTK,543.2,8009250,543.25,543.45,34685250,1500,1500,SHRIRAMFIN,27-FEB-2025
2025-02-03 14:42:22.931241,SHRIRAMFIN27FEB25F,FUTSTK,543.25,8013000,543.25,543.45,34685250,2250,1500,SHRIRAMFIN,27-FEB-2025
2025-02-03 14:42:29.554002,SHRIRAMFIN27FEB25F,FUTSTK,543.55,8015250,543.45,543.55,34685250,750,750,SHRIRAMFIN,27-FEB-2025
2025-02-03 14:42:35.710849,SHRIRAMFIN27FEB25F,FUTSTK,543.6,8022750,543.5,543.85,34685250,750,3000,SHRIRAMFIN,27-FEB-2025
2025-02-03 14:42:41.915742,SHRIRAMFIN27FEB25F,FUTSTK,543.65,8023500,543.5,543.75,34685250,750,1500,SHRIRAMFIN,27-FEB-2025
2025-02-03 14:42:48.294588,SHRIRAMFIN27FEB25F,FUTSTK,543.25,8026500,543.3,543.5,34685250,750,1500,SHRIRAMFIN,27-FEB-2025
2025-02-03 14:42:57.035959,SHRIRAMFIN27FEB25F,FUTSTK,543.7,8028750,543.3,543.45,34685250,1500,1500,SHRIRAMFIN,27-FEB-2025
2025-02-03 14:43:05.608867,SHRIRAMFIN27FEB25F,FUTSTK,543.9,8052750,543.9,544.25,34685250,1500,750,SHRIRAMFIN,27-FEB-2025
2025-02-03 14:43:12.647252,SHRIRAMFIN27FEB25F,FUTSTK,544.3,8064750,544.3,544.45,34685250,2250,2250,SHRIRAMFIN,27-FEB-2025
2025-02-03 14:43:18.940664,SHRIRAMFIN27FEB25F,FUTSTK,544.85,8072250,544.65,544.85,34685250,2250,750,SHRIRAMFIN,27-FEB-2025
2025-02-03 14:43:25.311483,SHRIRAMFIN27FEB25F,FUTSTK,544.6,8088000,544.6,544.85,34685250,750,3000,SHRIRAMFIN,27-FEB-2025
2025-02-03 14:43:31.585523,SHRIRAMFIN27FEB25F,FUTSTK,545.0,8096250,544.65,545.1,34797000,750,750,SHRIRAMFIN,27-FEB-2025
2025-02-03 14:43:37.977546,SHRIRAMFIN27FEB25F,FUTSTK,545.0,8105250,545.0,545.35,34797000,7500,750,SHRIRAMFIN,27-FEB-2025
2025-02-03 14:43:44.222541,SHRIRAMFIN27FEB25F,FUTSTK,545.15,8120250,544.8,545.2,34797000,750,750,SHRIRAMFIN,27-FEB-2025
2025-02-03 14:43:50.470534,SHRIRAMFIN27FEB25F,FUTSTK,545.15,8120250,544.65,544.95,34797000,750,3000,SHRIRAMFIN,27-FEB-2025
2025-02-03 14:43:57.053217,SHRIRAMFIN27FEB25F,FUTSTK,545.05,8124000,544.8,545.15,34797000,1500,750,SHRIRAMFIN,27-FEB-2025
2025-02-03 14:44:03.393319,SHRIRAMFIN27FEB25F,FUTSTK,545.0,8128500,544.7,545.0,34797000,750,1500,SHRIRAMFIN,27-FEB-2025
2025-02-03 14:44:11.365658,SHRIRAMFIN27FEB25F,FUTSTK,545.0,8134500,544.7,545.1,34797000,750,3750,SHRIRAMFIN,27-FEB-2025
2025-02-03 14:44:19.394425,SHRIRAMFIN27FEB25F,FUTSTK,545.0,8134500,544.7,545.05,34797000,750,4500,SHRIRAMFIN,27-FEB-2025
2025-02-03 14:44:26.397670,SHRIRAMFIN27FEB25F,FUTSTK,544.95,8145000,544.7,544.95,34797000,1500,750,SHRIRAMFIN,27-FEB-2025
2025-02-03 14:44:33.010164,SHRIRAMFIN27FEB25F,FUTSTK,545.0,8148000,544.65,545.05,34797000,3000,750,SHRIRAMFIN,27-FEB-2025
2025-02-03 14:44:39.260957,SHRIRAMFIN27FEB25F,FUTSTK,545.0,8156250,544.75,545.15,34797000,750,2250,SHRIRAMFIN,27-FEB-2025
2025-02-03 14:44:45.818625,SHRIRAMFIN27FEB25F,FUTSTK,545.2,8185500,545.2,545.6,34797000,1500,750,SHRIRAMFIN,27-FEB-2025
2025-02-03 14:44:52.617484,SHRIRAMFIN27FEB25F,FUTSTK,545.95,8195250,545.7,546.0,34797000,750,4500,SHRIRAMFIN,27-FEB-2025
2025-02-03 14:44:58.864660,SHRIRAMFIN27FEB25F,FUTSTK,545.75,8205750,545.5,545.75,34797000,1500,1500,SHRIRAMFIN,27-FEB-2025
2025-02-03 14:45:05.214754,SHRIRAMFIN27FEB25F,FUTSTK,545.35,8212500,545.15,545.6,34797000,750,750,SHRIRAMFIN,27-FEB-2025
2025-02-03 14:45:11.626391,SHRIRAMFIN27FEB25F,FUTSTK,545.7,8217000,545.5,545.85,34797000,1500,2250,SHRIRAMFIN,27-FEB-2025
2025-02-03 14:45:17.818790,SHRIRAMFIN27FEB25F,FUTSTK,545.55,8219250,545.3,545.7,34797000,750,750,SHRIRAMFIN,27-FEB-2025
2025-02-03 14:45:24.537700,SHRIRAMFIN27FEB25F,FUTSTK,545.55,8222250,545.35,545.65,34797000,1500,1500,SHRIRAMFIN,27-FEB-2025
2025-02-03 14:45:33.037186,SHRIRAMFIN27FEB25F,FUTSTK,546.2,8255250,545.95,546.45,34797000,750,2250,SHRIRAMFIN,27-FEB-2025
2025-02-03 14:45:40.546649,SHRIRAMFIN27FEB25F,FUTSTK,546.55,8277000,546.35,546.8,34797000,750,1500,SHRIRAMFIN,27-FEB-2025
2025-02-03 14:45:48.523788,SHRIRAMFIN27FEB25F,FUTSTK,546.5,8290500,546.35,546.7,34797000,750,3000,SHRIRAMFIN,27-FEB-2025
2025-02-03 14:45:57.292330,SHRIRAMFIN27FEB25F,FUTSTK,546.55,8293500,546.55,547.0,34797000,1500,6750,SHRIRAMFIN,27-FEB-2025
2025-02-03 14:46:04.862977,SHRIRAMFIN27FEB25F,FUTSTK,546.9,8302500,547.05,547.4,34797000,1500,750,SHRIRAMFIN,27-FEB-2025
2025-02-03 14:46:11.119662,SHRIRAMFIN27FEB25F,FUTSTK,547.4,8304000,547.15,547.45,34797000,1500,750,SHRIRAMFIN,27-FEB-2025
2025-02-03 14:46:17.262589,SHRIRAMFIN27FEB25F,FUTSTK,546.95,8319750,546.95,547.4,34797000,1500,750,SHRIRAMFIN,27-FEB-2025
2025-02-03 14:46:23.451248,SHRIRAMFIN27FEB25F,FUTSTK,547.35,8332500,547.25,547.6,34797000,750,750,SHRIRAMFIN,27-FEB-2025
2025-02-03 14:46:29.846875,SHRIRAMFIN27FEB25F,FUTSTK,546.7,8340750,546.7,547.2,34856250,1500,2250,SHRIRAMFIN,27-FEB-2025
2025-02-03 14:46:36.520288,SHRIRAMFIN27FEB25F,FUTSTK,546.4,8348250,546.35,546.65,34856250,750,3000,SHRIRAMFIN,27-FEB-2025
2025-02-03 14:46:44.337293,SHRIRAMFIN27FEB25F,FUTSTK,546.0,8355000,545.9,546.3,34856250,750,750,SHRIRAMFIN,27-FEB-2025
2025-02-03 14:46:52.496312,SHRIRAMFIN27FEB25F,FUTSTK,546.45,8363250,546.3,546.6,34856250,750,750,SHRIRAMFIN,27-FEB-2025
2025-02-03 14:46:59.551367,SHRIRAMFIN27FEB25F,FUTSTK,546.3,8366250,546.25,546.6,34856250,1500,3000,SHRIRAMFIN,27-FEB-2025
2025-02-03 14:47:06.046836,SHRIRAMFIN27FEB25F,FUTSTK,546.8,8372250,546.35,546.8,34856250,1500,2250,SHRIRAMFIN,27-FEB-2025
2025-02-03 14:47:13.146971,SHRIRAMFIN27FEB25F,FUTSTK,546.35,8377500,546.35,546.6,34856250,1500,750,SHRIRAMFIN,27-FEB-2025
2025-02-03 14:47:19.663022,SHRIRAMFIN27FEB25F,FUTSTK,546.4,8379750,546.25,546.6,34856250,750,1500,SHRIRAMFIN,27-FEB-2025
2025-02-03 14:47:25.964992,SHRIRAMFIN27FEB25F,FUTSTK,547.6,8857500,547.55,548.2,34856250,750,3000,SHRIRAMFIN,27-FEB-2025
2025-02-03 14:47:32.436638,SHRIRAMFIN27FEB25F,FUTSTK,547.25,8881500,547.25,547.6,34856250,750,4500,SHRIRAMFIN,27-FEB-2025
2025-02-03 14:47:38.735917,SHRIRAMFIN27FEB25F,FUTSTK,547.5,8904000,547.25,547.6,34856250,750,750,SHRIRAMFIN,27-FEB-2025
2025-02-03 14:47:45.269326,SHRIRAMFIN27FEB25F,FUTSTK,547.3,8905500,547.3,547.6,34856250,750,750,SHRIRAMFIN,27-FEB-2025
2025-02-03 14:47:51.976828,SHRIRAMFIN27FEB25F,FUTSTK,547.35,8907000,547.3,547.55,34856250,750,750,SHRIRAMFIN,27-FEB-2025
2025-02-03 14:47:59.651841,SHRIRAMFIN27FEB25F,FUTSTK,547.55,8911500,547.3,547.5,34856250,750,3000,SHRIRAMFIN,27-FEB-2025
2025-02-03 14:48:08.050000,SHRIRAMFIN27FEB25F,FUTSTK,547.3,8921250,547.3,547.45,34856250,750,2250,SHRIRAMFIN,27-FEB-2025
2025-02-03 14:48:15.676863,SHRIRAMFIN27FEB25F,FUTSTK,547.3,8923500,547.3,547.45,34856250,750,3000,SHRIRAMFIN,27-FEB-2025
2025-02-03 14:48:22.069486,SHRIRAMFIN27FEB25F,FUTSTK,547.3,8929500,547.3,547.5,34856250,750,1500,SHRIRAMFIN,27-FEB-2025
2025-02-03 14:48:28.571181,SHRIRAMFIN27FEB25F,FUTSTK,547.35,8979000,547.3,547.6,34856250,750,750,SHRIRAMFIN,27-FEB-2025
2025-02-03 14:48:34.912440,SHRIRAMFIN27FEB25F,FUTSTK,547.3,9000000,547.3,547.4,34856250,750,2250,SHRIRAMFIN,27-FEB-2025
2025-02-03 14:48:41.407054,SHRIRAMFIN27FEB25F,FUTSTK,546.6,9007500,546.4,546.75,34856250,750,750,SHRIRAMFIN,27-FEB-2025
2025-02-03 14:48:48.035570,SHRIRAMFIN27FEB25F,FUTSTK,546.2,9009000,546.2,546.5,34856250,750,2250,SHRIRAMFIN,27-FEB-2025
2025-02-03 14:48:54.584398,SHRIRAMFIN27FEB25F,FUTSTK,546.2,9010500,546.2,546.5,34856250,1500,2250,SHRIRAMFIN,27-FEB-2025
2025-02-03 14:49:00.976977,SHRIRAMFIN27FEB25F,FUTSTK,546.45,9017250,546.2,546.45,34856250,3000,1500,SHRIRAMFIN,27-FEB-2025
2025-02-03 14:49:07.603887,SHRIRAMFIN27FEB25F,FUTSTK,546.2,9048750,546.15,546.45,34856250,1500,750,SHRIRAMFIN,27-FEB-2025
2025-02-03 14:49:14.718555,SHRIRAMFIN27FEB25F,FUTSTK,546.2,9048750,546.25,546.45,34856250,750,1500,SHRIRAMFIN,27-FEB-2025
2025-02-03 14:49:23.395901,SHRIRAMFIN27FEB25F,FUTSTK,546.1,9052500,546.2,546.4,34856250,1500,750,SHRIRAMFIN,27-FEB-2025
2025-02-03 14:49:30.910560,SHRIRAMFIN27FEB25F,FUTSTK,546.2,9058500,546.2,546.4,35163750,750,750,SHRIRAMFIN,27-FEB-2025
2025-02-03 14:49:37.990478,SHRIRAMFIN27FEB25F,FUTSTK,546.2,9063000,546.2,546.4,35163750,1500,1500,SHRIRAMFIN,27-FEB-2025
2025-02-03 14:49:44.471469,SHRIRAMFIN27FEB25F,FUTSTK,545.45,9085500,545.4,545.6,35163750,2250,1500,SHRIRAMFIN,27-FEB-2025
2025-02-03 14:49:50.915892,SHRIRAMFIN27FEB25F,FUTSTK,545.1,9106500,545.05,545.25,35163750,750,750,SHRIRAMFIN,27-FEB-2025
2025-02-03 14:49:57.360180,SHRIRAMFIN27FEB25F,FUTSTK,545.0,9113250,545.0,545.05,35163750,3750,750,SHRIRAMFIN,27-FEB-2025
2025-02-03 14:50:04.819787,SHRIRAMFIN27FEB25F,FUTSTK,545.5,9123000,545.35,545.5,35163750,1500,750,SHRIRAMFIN,27-FEB-2025
2025-02-03 14:50:11.707648,SHRIRAMFIN27FEB25F,FUTSTK,546.5,9132000,546.4,546.8,35163750,750,3750,SHRIRAMFIN,27-FEB-2025
2025-02-03 14:50:18.440010,SHRIRAMFIN27FEB25F,FUTSTK,546.95,9139500,546.5,546.8,35163750,750,750,SHRIRAMFIN,27-FEB-2025
2025-02-03 14:50:25.548329,SHRIRAMFIN27FEB25F,FUTSTK,546.85,9170250,546.9,547.15,35163750,750,750,SHRIRAMFIN,27-FEB-2025
2025-02-03 14:50:33.180960,SHRIRAMFIN27FEB25F,FUTSTK,546.3,9183750,545.95,546.45,35163750,1500,2250,SHRIRAMFIN,27-FEB-2025
2025-02-03 14:50:41.625599,SHRIRAMFIN27FEB25F,FUTSTK,546.55,9204000,546.6,546.7,35163750,3000,750,SHRIRAMFIN,27-FEB-2025
2025-02-03 14:50:48.688659,SHRIRAMFIN27FEB25F,FUTSTK,546.35,9208500,546.35,546.4,35163750,750,1500,SHRIRAMFIN,27-FEB-2025
2025-02-03 14:50:55.820206,SHRIRAMFIN27FEB25F,FUTSTK,546.5,9216000,546.45,546.55,35163750,1500,1500,SHRIRAMFIN,27-FEB-2025
2025-02-03 14:51:03.200568,SHRIRAMFIN27FEB25F,FUTSTK,546.9,9252000,546.75,547.0,35163750,750,3000,SHRIRAMFIN,27-FEB-2025
2025-02-03 14:51:09.585461,SHRIRAMFIN27FEB25F,FUTSTK,546.85,9263250,546.8,546.95,35163750,2250,750,SHRIRAMFIN,27-FEB-2025
2025-02-03 14:51:16.073234,SHRIRAMFIN27FEB25F,FUTSTK,546.75,9287250,546.75,547.0,35163750,2250,3750,SHRIRAMFIN,27-FEB-2025
2025-02-03 14:51:22.421045,SHRIRAMFIN27FEB25F,FUTSTK,546.9,9289500,546.8,546.95,35163750,750,3000,SHRIRAMFIN,27-FEB-2025
2025-02-03 14:51:28.868115,SHRIRAMFIN27FEB25F,FUTSTK,547.2,9294750,547.2,547.45,35163750,750,750,SHRIRAMFIN,27-FEB-2025
2025-02-03 14:51:35.529246,SHRIRAMFIN27FEB25F,FUTSTK,547.6,9299250,547.5,547.85,35163750,750,750,SHRIRAMFIN,27-FEB-2025
2025-02-03 14:51:41.983002,SHRIRAMFIN27FEB25F,FUTSTK,547.65,9301500,547.2,547.6,35163750,750,750,SHRIRAMFIN,27-FEB-2025
2025-02-03 14:51:49.968915,SHRIRAMFIN27FEB25F,FUTSTK,547.75,9303000,547.4,547.75,35163750,1500,4500,SHRIRAMFIN,27-FEB-2025
2025-02-03 14:51:58.585139,SHRIRAMFIN27FEB25F,FUTSTK,546.8,9312000,546.8,547.15,35163750,1500,1500,SHRIRAMFIN,27-FEB-2025
2025-02-03 14:52:05.806420,SHRIRAMFIN27FEB25F,FUTSTK,547.15,9318000,546.85,547.0,35163750,750,750,SHRIRAMFIN,27-FEB-2025
2025-02-03 14:52:12.216894,SHRIRAMFIN27FEB25F,FUTSTK,546.85,9327000,546.75,546.95,35163750,3000,1500,SHRIRAMFIN,27-FEB-2025
2025-02-03 14:52:18.676443,SHRIRAMFIN27FEB25F,FUTSTK,546.8,9330750,546.85,546.9,35163750,750,3000,SHRIRAMFIN,27-FEB-2025
2025-02-03 14:52:25.278041,SHRIRAMFIN27FEB25F,FUTSTK,546.85,9342750,546.8,546.9,35163750,3000,3750,SHRIRAMFIN,27-FEB-2025
2025-02-03 14:52:31.669170,SHRIRAMFIN27FEB25F,FUTSTK,546.8,9343500,546.8,546.9,35163750,3000,1500,SHRIRAMFIN,27-FEB-2025
2025-02-03 14:52:38.262941,SHRIRAMFIN27FEB25F,FUTSTK,546.85,9358500,546.8,546.9,35277000,3750,750,SHRIRAMFIN,27-FEB-2025
2025-02-03 14:52:44.613069,SHRIRAMFIN27FEB25F,FUTSTK,546.8,9404250,546.75,546.85,35277000,2250,2250,SHRIRAMFIN,27-FEB-2025
2025-02-03 14:52:51.357191,SHRIRAMFIN27FEB25F,FUTSTK,546.2,9475500,545.85,546.2,35277000,750,2250,SHRIRAMFIN,27-FEB-2025
2025-02-03 14:52:57.696601,SHRIRAMFIN27FEB25F,FUTSTK,546.15,9491250,546.15,546.4,35277000,2250,750,SHRIRAMFIN,27-FEB-2025
2025-02-03 14:53:04.807335,SHRIRAMFIN27FEB25F,FUTSTK,546.6,9499500,546.3,546.6,35277000,1500,1500,SHRIRAMFIN,27-FEB-2025
2025-02-03 14:53:13.136201,SHRIRAMFIN27FEB25F,FUTSTK,546.7,9506250,546.7,546.85,35277000,1500,3000,SHRIRAMFIN,27-FEB-2025
2025-02-03 14:53:20.490542,SHRIRAMFIN27FEB25F,FUTSTK,547.0,9516750,547.15,547.4,35277000,750,750,SHRIRAMFIN,27-FEB-2025
2025-02-03 14:53:26.748445,SHRIRAMFIN27FEB25F,FUTSTK,547.95,9540750,547.95,548.15,35277000,750,750,SHRIRAMFIN,27-FEB-2025
2025-02-03 14:53:33.175633,SHRIRAMFIN27FEB25F,FUTSTK,548.15,9542250,548.0,548.15,35277000,1500,3000,SHRIRAMFIN,27-FEB-2025
2025-02-03 14:53:39.360189,SHRIRAMFIN27FEB25F,FUTSTK,547.9,9546750,547.75,548.0,35277000,1500,3000,SHRIRAMFIN,27-FEB-2025
2025-02-03 14:53:45.624156,SHRIRAMFIN27FEB25F,FUTSTK,548.0,9548250,547.75,547.95,35277000,1500,1500,SHRIRAMFIN,27-FEB-2025
2025-02-03 14:53:51.901259,SHRIRAMFIN27FEB25F,FUTSTK,548.3,9582000,547.8,548.0,35277000,1500,750,SHRIRAMFIN,27-FEB-2025
2025-02-03 14:53:58.349190,SHRIRAMFIN27FEB25F,FUTSTK,547.8,9584250,547.8,547.9,35277000,750,750,SHRIRAMFIN,27-FEB-2025
2025-02-03 14:54:04.560218,SHRIRAMFIN27FEB25F,FUTSTK,547.5,9594750,547.25,547.55,35277000,1500,750,SHRIRAMFIN,27-FEB-2025
2025-02-03 14:54:10.769230,SHRIRAMFIN27FEB25F,FUTSTK,547.65,9603750,547.6,547.9,35277000,750,750,SHRIRAMFIN,27-FEB-2025
2025-02-03 14:54:17.128904,SHRIRAMFIN27FEB25F,FUTSTK,547.65,9604500,547.5,547.8,35277000,1500,750,SHRIRAMFIN,27-FEB-2025
2025-02-03 14:54:25.605203,SHRIRAMFIN27FEB25F,FUTSTK,547.55,9605250,547.2,547.5,35277000,2250,1500,SHRIRAMFIN,27-FEB-2025
2025-02-03 14:54:33.163309,SHRIRAMFIN27FEB25F,FUTSTK,546.9,9627000,546.75,546.95,35277000,1500,2250,SHRIRAMFIN,27-FEB-2025
2025-02-03 14:54:40.060149,SHRIRAMFIN27FEB25F,FUTSTK,546.8,9660000,547.0,547.25,35277000,750,1500,SHRIRAMFIN,27-FEB-2025
2025-02-03 14:54:46.332435,SHRIRAMFIN27FEB25F,FUTSTK,547.0,9671250,546.8,547.0,35277000,3000,19500,SHRIRAMFIN,27-FEB-2025
2025-02-03 14:54:53.165793,SHRIRAMFIN27FEB25F,FUTSTK,547.0,9679500,546.8,547.0,35277000,2250,14250,SHRIRAMFIN,27-FEB-2025
2025-02-03 14:54:59.377353,SHRIRAMFIN27FEB25F,FUTSTK,546.8,9715500,546.75,547.0,35277000,750,11250,SHRIRAMFIN,27-FEB-2025
2025-02-03 14:55:05.731568,SHRIRAMFIN27FEB25F,FUTSTK,546.8,9744750,546.7,546.9,35277000,3000,3000,SHRIRAMFIN,27-FEB-2025
2025-02-03 14:55:12.063188,SHRIRAMFIN27FEB25F,FUTSTK,546.9,9750000,546.75,546.9,35277000,2250,3000,SHRIRAMFIN,27-FEB-2025
2025-02-03 14:55:18.588751,SHRIRAMFIN27FEB25F,FUTSTK,546.7,9768750,546.7,546.9,35277000,2250,3000,SHRIRAMFIN,27-FEB-2025
2025-02-03 14:55:25.242094,SHRIRAMFIN27FEB25F,FUTSTK,546.9,9770250,546.75,546.9,35277000,2250,3000,SHRIRAMFIN,27-FEB-2025
2025-02-03 14:55:31.678907,SHRIRAMFIN27FEB25F,FUTSTK,546.7,9772500,546.7,546.9,35277000,2250,4500,SHRIRAMFIN,27-FEB-2025
2025-02-03 14:55:39.479981,SHRIRAMFIN27FEB25F,FUTSTK,546.85,9773250,546.7,546.85,35349000,3750,3000,SHRIRAMFIN,27-FEB-2025
2025-02-03 14:55:47.536032,SHRIRAMFIN27FEB25F,FUTSTK,546.05,9798750,545.8,546.1,35349000,750,2250,SHRIRAMFIN,27-FEB-2025
2025-02-03 14:55:54.613066,SHRIRAMFIN27FEB25F,FUTSTK,545.55,9803250,545.55,545.85,35349000,750,2250,SHRIRAMFIN,27-FEB-2025
2025-02-03 14:56:01.155876,SHRIRAMFIN27FEB25F,FUTSTK,545.65,9807750,545.5,545.65,35349000,750,1500,SHRIRAMFIN,27-FEB-2025
2025-02-03 14:56:07.462691,SHRIRAMFIN27FEB25F,FUTSTK,545.6,9808500,545.5,545.6,35349000,750,750,SHRIRAMFIN,27-FEB-2025
2025-02-03 14:56:14.349718,SHRIRAMFIN27FEB25F,FUTSTK,548.55,10860000,548.6,548.75,35349000,750,2250,SHRIRAMFIN,27-FEB-2025
2025-02-03 14:56:20.860272,SHRIRAMFIN27FEB25F,FUTSTK,548.5,10899000,548.5,548.75,35349000,85500,750,SHRIRAMFIN,27-FEB-2025
2025-02-03 14:56:27.559436,SHRIRAMFIN27FEB25F,FUTSTK,547.7,10935000,547.6,548.05,35349000,750,2250,SHRIRAMFIN,27-FEB-2025
2025-02-03 14:56:37.337308,SHRIRAMFIN27FEB25F,FUTSTK,547.25,10992750,546.85,547.2,35349000,750,2250,SHRIRAMFIN,27-FEB-2025
2025-02-03 14:56:43.726973,SHRIRAMFIN27FEB25F,FUTSTK,546.65,10995750,546.15,546.65,35349000,750,2250,SHRIRAMFIN,27-FEB-2025
2025-02-03 14:56:50.403970,SHRIRAMFIN27FEB25F,FUTSTK,546.0,10997250,545.95,546.3,35349000,750,1500,SHRIRAMFIN,27-FEB-2025
2025-02-03 14:57:00.141865,SHRIRAMFIN27FEB25F,FUTSTK,545.9,11000250,545.9,546.3,35349000,1500,2250,SHRIRAMFIN,27-FEB-2025
2025-02-03 14:57:07.528854,SHRIRAMFIN27FEB25F,FUTSTK,545.9,11002500,545.8,546.1,35349000,3000,1500,SHRIRAMFIN,27-FEB-2025
2025-02-03 14:57:14.264664,SHRIRAMFIN27FEB25F,FUTSTK,545.9,11003250,545.8,546.0,35349000,2250,1500,SHRIRAMFIN,27-FEB-2025
2025-02-03 14:57:20.780947,SHRIRAMFIN27FEB25F,FUTSTK,545.95,11004750,545.8,546.0,35349000,750,2250,SHRIRAMFIN,27-FEB-2025
2025-02-03 14:57:27.644034,SHRIRAMFIN27FEB25F,FUTSTK,545.95,11004750,545.8,545.9,35349000,750,1500,SHRIRAMFIN,27-FEB-2025
2025-02-03 14:57:34.098487,SHRIRAMFIN27FEB25F,FUTSTK,546.0,11007750,546.0,546.3,35349000,750,750,SHRIRAMFIN,27-FEB-2025
2025-02-03 14:57:40.427291,SHRIRAMFIN27FEB25F,FUTSTK,546.3,11008500,546.2,546.5,35349000,1500,1500,SHRIRAMFIN,27-FEB-2025
2025-02-03 14:57:46.789593,SHRIRAMFIN27FEB25F,FUTSTK,546.3,11008500,546.2,546.35,35349000,1500,1500,SHRIRAMFIN,27-FEB-2025
2025-02-03 14:57:53.221135,SHRIRAMFIN27FEB25F,FUTSTK,546.3,11017500,546.0,546.45,35349000,1500,1500,SHRIRAMFIN,27-FEB-2025
2025-02-03 14:57:59.583424,SHRIRAMFIN27FEB25F,FUTSTK,546.25,11018250,545.85,546.3,35349000,1500,3750,SHRIRAMFIN,27-FEB-2025
2025-02-03 14:58:05.972816,SHRIRAMFIN27FEB25F,FUTSTK,545.95,11020500,545.95,546.3,35349000,750,4500,SHRIRAMFIN,27-FEB-2025
2025-02-03 14:58:14.397065,SHRIRAMFIN27FEB25F,FUTSTK,546.2,11032500,546.05,546.2,35349000,1500,750,SHRIRAMFIN,27-FEB-2025
2025-02-03 14:58:23.125954,SHRIRAMFIN27FEB25F,FUTSTK,546.6,11037750,546.25,546.6,35349000,1500,2250,SHRIRAMFIN,27-FEB-2025
2025-02-03 14:58:29.663159,SHRIRAMFIN27FEB25F,FUTSTK,546.05,11040000,546.05,546.2,35933250,1500,750,SHRIRAMFIN,27-FEB-2025
2025-02-03 14:58:38.047412,SHRIRAMFIN27FEB25F,FUTSTK,546.05,11042250,546.1,546.2,35933250,1500,750,SHRIRAMFIN,27-FEB-2025
2025-02-03 14:58:44.481493,SHRIRAMFIN27FEB25F,FUTSTK,545.5,11067750,545.45,545.75,35933250,1500,750,SHRIRAMFIN,27-FEB-2025
2025-02-03 14:58:51.335135,SHRIRAMFIN27FEB25F,FUTSTK,545.6,11074500,545.5,545.7,35933250,750,4500,SHRIRAMFIN,27-FEB-2025
2025-02-03 14:58:58.198997,SHRIRAMFIN27FEB25F,FUTSTK,545.5,11079000,545.2,545.6,35933250,1500,750,SHRIRAMFIN,27-FEB-2025
2025-02-03 14:59:04.685011,SHRIRAMFIN27FEB25F,FUTSTK,545.0,11088000,544.9,545.1,35933250,750,750,SHRIRAMFIN,27-FEB-2025
2025-02-03 14:59:12.520985,SHRIRAMFIN27FEB25F,FUTSTK,545.2,11095500,545.05,545.45,35933250,750,750,SHRIRAMFIN,27-FEB-2025
2025-02-03 14:59:18.999171,SHRIRAMFIN27FEB25F,FUTSTK,545.5,11104500,545.5,545.95,35933250,750,750,SHRIRAMFIN,27-FEB-2025
2025-02-03 14:59:26.020911,SHRIRAMFIN27FEB25F,FUTSTK,545.85,11117250,545.65,545.95,35933250,2250,2250,SHRIRAMFIN,27-FEB-2025
2025-02-03 14:59:34.700460,SHRIRAMFIN27FEB25F,FUTSTK,546.5,11148000,546.35,546.6,35933250,750,1500,SHRIRAMFIN,27-FEB-2025
2025-02-03 14:59:42.190858,SHRIRAMFIN27FEB25F,FUTSTK,545.85,11154750,545.6,546.05,35933250,750,2250,SHRIRAMFIN,27-FEB-2025
2025-02-03 14:59:48.916543,SHRIRAMFIN27FEB25F,FUTSTK,545.8,11158500,545.35,545.75,35933250,750,2250,SHRIRAMFIN,27-FEB-2025
2025-02-03 14:59:55.387412,SHRIRAMFIN27FEB25F,FUTSTK,545.55,11159250,545.35,545.6,35933250,1500,1500,SHRIRAMFIN,27-FEB-2025
2025-02-03 15:00:02.172116,SHRIRAMFIN27FEB25F,FUTSTK,545.65,11169750,545.6,546.0,35933250,750,2250,SHRIRAMFIN,27-FEB-2025
2025-02-03 15:00:08.594835,SHRIRAMFIN27FEB25F,FUTSTK,545.6,11172750,545.55,545.9,35933250,1500,2250,SHRIRAMFIN,27-FEB-2025
2025-02-03 15:00:15.120372,SHRIRAMFIN27FEB25F,FUTSTK,545.45,11178750,545.2,545.6,35933250,1500,3000,SHRIRAMFIN,27-FEB-2025
2025-02-03 15:00:21.670988,SHRIRAMFIN27FEB25F,FUTSTK,545.35,11181000,545.25,545.6,35933250,750,3000,SHRIRAMFIN,27-FEB-2025
2025-02-03 15:00:28.086384,SHRIRAMFIN27FEB25F,FUTSTK,545.25,11181750,545.25,545.6,35933250,2250,2250,SHRIRAMFIN,27-FEB-2025
2025-02-03 15:00:34.640090,SHRIRAMFIN27FEB25F,FUTSTK,545.3,11183250,545.3,545.55,35933250,750,750,SHRIRAMFIN,27-FEB-2025
2025-02-03 15:00:41.191936,SHRIRAMFIN27FEB25F,FUTSTK,545.0,11190000,544.8,545.05,35933250,750,750,SHRIRAMFIN,27-FEB-2025
2025-02-03 15:00:50.374771,SHRIRAMFIN27FEB25F,FUTSTK,544.65,11193000,544.4,544.65,35933250,1500,750,SHRIRAMFIN,27-FEB-2025
2025-02-03 15:00:57.796674,SHRIRAMFIN27FEB25F,FUTSTK,544.0,11193000,544.4,544.65,35933250,1500,750,SHRIRAMFIN,27-FEB-2025
2025-02-03 15:01:05.615518,SHRIRAMFIN27FEB25F,FUTSTK,544.15,11193000,544.4,544.65,35933250,1500,750,SHRIRAMFIN,27-FEB-2025
2025-02-03 15:01:14.004851,SHRIRAMFIN27FEB25F,FUTSTK,544.15,11219250,543.8,544.25,35933250,1500,1500,SHRIRAMFIN,27-FEB-2025
2025-02-03 15:01:21.202127,SHRIRAMFIN27FEB25F,FUTSTK,544.25,11219250,543.8,544.25,35933250,1500,1500,SHRIRAMFIN,27-FEB-2025
2025-02-03 15:01:27.785728,SHRIRAMFIN27FEB25F,FUTSTK,544.25,11219250,543.8,544.25,35933250,1500,1500,SHRIRAMFIN,27-FEB-2025
2025-02-03 15:01:34.222647,SHRIRAMFIN27FEB25F,FUTSTK,544.25,11219250,543.8,544.25,35933250,1500,1500,SHRIRAMFIN,27-FEB-2025
2025-02-03 15:01:40.801480,SHRIRAMFIN27FEB25F,FUTSTK,544.9,11226000,544.5,544.95,35939250,750,750,SHRIRAMFIN,27-FEB-2025
2025-02-03 15:01:47.241826,SHRIRAMFIN27FEB25F,FUTSTK,544.6,11227500,544.6,545.0,35939250,750,4500,SHRIRAMFIN,27-FEB-2025
2025-02-03 15:01:53.868951,SHRIRAMFIN27FEB25F,FUTSTK,545.1,11229750,545.1,545.5,35939250,750,2250,SHRIRAMFIN,27-FEB-2025
2025-02-03 15:02:01.819145,SHRIRAMFIN27FEB25F,FUTSTK,545.0,11235750,544.95,545.3,35939250,1500,3750,SHRIRAMFIN,27-FEB-2025
2025-02-03 15:02:10.023178,SHRIRAMFIN27FEB25F,FUTSTK,544.8,11242500,544.7,545.2,35939250,750,750,SHRIRAMFIN,27-FEB-2025
2025-02-03 15:02:17.390278,SHRIRAMFIN27FEB25F,FUTSTK,545.0,11244000,545.0,545.2,35939250,750,750,SHRIRAMFIN,27-FEB-2025
2025-02-03 15:02:24.130221,SHRIRAMFIN27FEB25F,FUTSTK,545.75,11246250,545.4,545.8,35939250,750,750,SHRIRAMFIN,27-FEB-2025
2025-02-03 15:02:30.540004,SHRIRAMFIN27FEB25F,FUTSTK,545.6,11246250,545.4,545.75,35939250,1500,750,SHRIRAMFIN,27-FEB-2025
2025-02-03 15:02:37.163467,SHRIRAMFIN27FEB25F,FUTSTK,545.4,11277750,545.05,545.55,35939250,1500,750,SHRIRAMFIN,27-FEB-2025
2025-02-03 15:02:43.363819,SHRIRAMFIN27FEB25F,FUTSTK,545.8,11280000,545.3,545.8,35939250,750,750,SHRIRAMFIN,27-FEB-2025
2025-02-03 15:02:49.863182,SHRIRAMFIN27FEB25F,FUTSTK,545.7,11283000,545.3,545.75,35939250,1500,750,SHRIRAMFIN,27-FEB-2025
2025-02-03 15:02:56.332063,SHRIRAMFIN27FEB25F,FUTSTK,545.65,11283750,545.25,545.65,35939250,1500,750,SHRIRAMFIN,27-FEB-2025
2025-02-03 15:03:02.891980,SHRIRAMFIN27FEB25F,FUTSTK,545.7,11286750,545.55,545.95,35939250,1500,750,SHRIRAMFIN,27-FEB-2025
2025-02-03 15:03:09.508637,SHRIRAMFIN27FEB25F,FUTSTK,545.45,11298750,545.2,545.65,35939250,750,750,SHRIRAMFIN,27-FEB-2025
2025-02-03 15:03:17.505533,SHRIRAMFIN27FEB25F,FUTSTK,545.35,11300250,545.3,545.65,35939250,2250,750,SHRIRAMFIN,27-FEB-2025
2025-02-03 15:03:26.466474,SHRIRAMFIN27FEB25F,FUTSTK,545.4,11302500,545.35,545.65,35939250,750,750,SHRIRAMFIN,27-FEB-2025
2025-02-03 15:03:33.493878,SHRIRAMFIN27FEB25F,FUTSTK,545.6,11307750,545.45,545.8,35939250,1500,750,SHRIRAMFIN,27-FEB-2025
2025-02-03 15:03:39.828532,SHRIRAMFIN27FEB25F,FUTSTK,545.85,11341500,545.65,546.05,35939250,750,750,SHRIRAMFIN,27-FEB-2025
2025-02-03 15:03:46.287627,SHRIRAMFIN27FEB25F,FUTSTK,545.5,11432250,545.25,545.75,35939250,1500,750,SHRIRAMFIN,27-FEB-2025
2025-02-03 15:03:52.936212,SHRIRAMFIN27FEB25F,FUTSTK,545.55,11433750,545.45,545.9,35939250,750,750,SHRIRAMFIN,27-FEB-2025
2025-02-03 15:03:59.368095,SHRIRAMFIN27FEB25F,FUTSTK,545.65,11433750,545.3,545.65,35939250,750,1500,SHRIRAMFIN,27-FEB-2025
2025-02-03 15:04:06.027536,SHRIRAMFIN27FEB25F,FUTSTK,545.3,11436750,545.25,545.6,35939250,750,750,SHRIRAMFIN,27-FEB-2025
2025-02-03 15:04:12.460474,SHRIRAMFIN27FEB25F,FUTSTK,545.3,11436750,545.4,545.65,35939250,750,1500,SHRIRAMFIN,27-FEB-2025
2025-02-03 15:04:18.788253,SHRIRAMFIN27FEB25F,FUTSTK,545.65,11437500,545.4,545.65,35939250,750,1500,SHRIRAMFIN,27-FEB-2025
2025-02-03 15:04:25.362128,SHRIRAMFIN27FEB25F,FUTSTK,545.65,11444250,545.6,546.05,35939250,2250,2250,SHRIRAMFIN,27-FEB-2025
2025-02-03 15:04:32.532027,SHRIRAMFIN27FEB25F,FUTSTK,545.6,11452500,545.6,545.9,35846250,750,3000,SHRIRAMFIN,27-FEB-2025
2025-02-03 15:04:41.068059,SHRIRAMFIN27FEB25F,FUTSTK,545.75,11460000,545.75,546.0,35846250,1500,750,SHRIRAMFIN,27-FEB-2025
2025-02-03 15:04:48.446697,SHRIRAMFIN27FEB25F,FUTSTK,545.75,11463000,545.75,546.0,35846250,3000,750,SHRIRAMFIN,27-FEB-2025
2025-02-03 15:04:55.092303,SHRIRAMFIN27FEB25F,FUTSTK,545.75,11467500,545.65,546.05,35846250,750,750,SHRIRAMFIN,27-FEB-2025
2025-02-03 15:05:01.366919,SHRIRAMFIN27FEB25F,FUTSTK,546.05,11477250,545.75,546.15,35846250,1500,750,SHRIRAMFIN,27-FEB-2025
2025-02-03 15:05:07.833353,SHRIRAMFIN27FEB25F,FUTSTK,545.8,11481000,545.75,546.05,35846250,2250,1500,SHRIRAMFIN,27-FEB-2025
2025-02-03 15:05:14.232931,SHRIRAMFIN27FEB25F,FUTSTK,546.0,11485500,545.7,545.85,35846250,3000,1500,SHRIRAMFIN,27-FEB-2025
2025-02-03 15:05:21.398298,SHRIRAMFIN27FEB25F,FUTSTK,546.05,11494500,545.8,546.3,35846250,1500,2250,SHRIRAMFIN,27-FEB-2025
2025-02-03 15:05:27.948049,SHRIRAMFIN27FEB25F,FUTSTK,546.0,11497500,546.0,546.1,35846250,750,750,SHRIRAMFIN,27-FEB-2025
