timestamp,symbol,instrument,ltp,volume,bid,ask,oi,bid_qty,ask_qty,stock_name,strike,option_type,expiry
2025-02-03 09:32:39.120760,LT27FEB25C3300,OPTSTK,111.15,206100,110.65,111.35,120300,150,150,LT,3300.0,CE,27-FEB-2025
2025-02-03 09:32:46.760634,LT27FEB25C3300,OPTSTK,110.4,213300,110.3,110.85,120300,150,150,LT,3300.0,CE,27-FEB-2025
2025-02-03 09:33:00.834562,LT27FEB25C3300,OPTSTK,108.0,223650,108.0,108.4,120300,2400,150,LT,3300.0,CE,27-FEB-2025
2025-02-03 09:33:12.064897,LT27FEB25C3300,OPTSTK,111.7,228300,109.3,110.3,120300,150,150,LT,3300.0,CE,27-FEB-2025
2025-02-03 09:33:26.671944,LT27FEB25C3300,OPTSTK,109.85,230100,109.25,109.95,120300,150,150,LT,3300.0,CE,27-FEB-2025
2025-02-03 09:33:34.629581,LT27FEB25C3300,OPTSTK,109.55,231300,108.8,109.5,120300,450,150,LT,3300.0,CE,27-FEB-2025
2025-02-03 09:33:42.235199,LT27FEB25C3300,OPTSTK,109.35,231750,108.5,109.3,160800,150,150,LT,3300.0,CE,27-FEB-2025
2025-02-03 09:33:50.053170,LT27FEB25C3300,OPTSTK,107.25,236850,106.1,107.1,160800,150,150,LT,3300.0,CE,27-FEB-2025
2025-02-03 09:33:58.410243,LT27FEB25C3300,OPTSTK,104.85,243600,104.05,104.95,160800,150,150,LT,3300.0,CE,27-FEB-2025
2025-02-03 09:34:10.165932,LT27FEB25C3300,OPTSTK,103.8,245850,104.0,104.45,160800,1650,150,LT,3300.0,CE,27-FEB-2025
2025-02-03 09:34:23.396900,LT27FEB25C3300,OPTSTK,105.0,250350,105.35,106.5,160800,150,150,LT,3300.0,CE,27-FEB-2025
2025-02-03 09:34:31.376002,LT27FEB25C3300,OPTSTK,107.0,251550,107.1,107.8,160800,150,150,LT,3300.0,CE,27-FEB-2025
2025-02-03 09:34:39.313070,LT27FEB25C3300,OPTSTK,106.2,255000,106.1,106.7,160800,150,150,LT,3300.0,CE,27-FEB-2025
2025-02-03 09:34:46.643980,LT27FEB25C3300,OPTSTK,105.0,258900,105.4,106.0,160800,150,150,LT,3300.0,CE,27-FEB-2025
2025-02-03 09:34:56.761241,LT27FEB25C3300,OPTSTK,103.55,268050,103.0,103.8,160800,450,150,LT,3300.0,CE,27-FEB-2025
2025-02-03 09:35:14.317654,LT27FEB25C3300,OPTSTK,103.0,269850,103.05,103.45,160800,150,150,LT,3300.0,CE,27-FEB-2025
2025-02-03 09:35:33.040461,LT27FEB25C3300,OPTSTK,102.35,273000,102.25,102.9,160800,150,150,LT,3300.0,CE,27-FEB-2025
2025-02-03 09:35:45.178057,LT27FEB25C3300,OPTSTK,103.0,273900,102.55,103.3,160800,150,150,LT,3300.0,CE,27-FEB-2025
2025-02-03 09:35:56.601437,LT27FEB25C3300,OPTSTK,103.05,276150,102.5,103.0,160800,150,150,LT,3300.0,CE,27-FEB-2025
2025-02-03 09:36:04.828673,LT27FEB25C3300,OPTSTK,102.35,279150,101.7,102.25,160800,450,150,LT,3300.0,CE,27-FEB-2025
2025-02-03 09:36:12.911593,LT27FEB25C3300,OPTSTK,102.7,279900,103.05,103.7,160800,450,300,LT,3300.0,CE,27-FEB-2025
2025-02-03 09:36:21.623829,LT27FEB25C3300,OPTSTK,103.9,282000,103.75,104.4,160800,300,150,LT,3300.0,CE,27-FEB-2025
2025-02-03 09:36:29.355470,LT27FEB25C3300,OPTSTK,103.55,285150,103.55,104.2,160800,300,150,LT,3300.0,CE,27-FEB-2025
2025-02-03 09:36:39.787252,LT27FEB25C3300,OPTSTK,101.6,290400,101.6,102.05,190050,300,150,LT,3300.0,CE,27-FEB-2025
2025-02-03 09:36:52.072659,LT27FEB25C3300,OPTSTK,101.1,291900,101.05,101.7,190050,150,300,LT,3300.0,CE,27-FEB-2025
2025-02-03 09:37:00.878188,LT27FEB25C3300,OPTSTK,101.7,294000,100.85,101.55,190050,150,150,LT,3300.0,CE,27-FEB-2025
2025-02-03 09:37:09.855335,LT27FEB25C3300,OPTSTK,101.45,294300,101.45,102.15,190050,150,150,LT,3300.0,CE,27-FEB-2025
2025-02-03 09:37:17.208727,LT27FEB25C3300,OPTSTK,101.3,295500,100.8,101.5,190050,150,300,LT,3300.0,CE,27-FEB-2025
2025-02-03 09:37:25.181401,LT27FEB25C3300,OPTSTK,101.55,296400,101.0,101.45,190050,300,150,LT,3300.0,CE,27-FEB-2025
2025-02-03 09:37:32.996811,LT27FEB25C3300,OPTSTK,100.6,297300,100.5,101.0,190050,150,300,LT,3300.0,CE,27-FEB-2025
2025-02-03 09:37:42.014472,LT27FEB25C3300,OPTSTK,101.3,298800,100.8,101.3,190050,150,450,LT,3300.0,CE,27-FEB-2025
2025-02-03 09:37:51.325264,LT27FEB25C3300,OPTSTK,101.3,300450,101.05,101.85,190050,300,150,LT,3300.0,CE,27-FEB-2025
2025-02-03 09:38:02.250337,LT27FEB25C3300,OPTSTK,100.6,302850,100.35,100.85,190050,150,450,LT,3300.0,CE,27-FEB-2025
2025-02-03 09:38:12.645619,LT27FEB25C3300,OPTSTK,101.15,306150,100.7,101.2,190050,150,300,LT,3300.0,CE,27-FEB-2025
2025-02-03 09:38:22.172938,LT27FEB25C3300,OPTSTK,100.75,307050,100.6,101.15,190050,150,600,LT,3300.0,CE,27-FEB-2025
2025-02-03 09:38:29.941115,LT27FEB25C3300,OPTSTK,101.95,307950,101.55,102.0,190050,150,300,LT,3300.0,CE,27-FEB-2025
2025-02-03 09:38:37.493118,LT27FEB25C3300,OPTSTK,102.0,308250,102.0,102.55,190050,300,300,LT,3300.0,CE,27-FEB-2025
2025-02-03 09:38:47.569722,LT27FEB25C3300,OPTSTK,102.45,308250,102.0,102.55,190050,300,300,LT,3300.0,CE,27-FEB-2025
2025-02-03 09:38:58.633076,LT27FEB25C3300,OPTSTK,101.2,310950,101.55,102.05,190050,300,150,LT,3300.0,CE,27-FEB-2025
2025-02-03 09:39:06.989042,LT27FEB25C3300,OPTSTK,100.35,310950,101.55,102.05,190050,300,150,LT,3300.0,CE,27-FEB-2025
2025-02-03 09:39:18.459920,LT27FEB25C3300,OPTSTK,100.9,322950,100.45,101.2,190050,150,150,LT,3300.0,CE,27-FEB-2025
2025-02-03 09:39:31.526679,LT27FEB25C3300,OPTSTK,101.2,322950,100.45,101.2,190050,150,150,LT,3300.0,CE,27-FEB-2025
2025-02-03 09:39:39.878063,LT27FEB25C3300,OPTSTK,101.2,327750,100.6,101.15,217650,150,300,LT,3300.0,CE,27-FEB-2025
2025-02-03 09:39:47.946752,LT27FEB25C3300,OPTSTK,100.75,336150,100.1,100.7,217650,150,300,LT,3300.0,CE,27-FEB-2025
2025-02-03 09:39:55.618354,LT27FEB25C3300,OPTSTK,102.35,341100,101.7,102.35,217650,300,150,LT,3300.0,CE,27-FEB-2025
2025-02-03 09:40:05.079589,LT27FEB25C3300,OPTSTK,102.35,352950,101.05,101.5,217650,150,450,LT,3300.0,CE,27-FEB-2025
2025-02-03 09:40:16.134412,LT27FEB25C3300,OPTSTK,102.85,358200,101.95,102.6,217650,150,150,LT,3300.0,CE,27-FEB-2025
2025-02-03 09:40:26.429727,LT27FEB25C3300,OPTSTK,102.0,366750,101.5,102.05,217650,300,300,LT,3300.0,CE,27-FEB-2025
2025-02-03 09:40:38.530415,LT27FEB25C3300,OPTSTK,102.45,375600,102.55,103.05,217650,150,150,LT,3300.0,CE,27-FEB-2025
2025-02-03 09:40:51.853249,LT27FEB25C3300,OPTSTK,102.25,381600,101.85,102.5,217650,300,150,LT,3300.0,CE,27-FEB-2025
2025-02-03 09:40:59.307112,LT27FEB25C3300,OPTSTK,102.25,382650,102.05,102.55,217650,300,150,LT,3300.0,CE,27-FEB-2025
2025-02-03 09:41:07.024663,LT27FEB25C3300,OPTSTK,102.9,385650,102.25,102.9,217650,150,150,LT,3300.0,CE,27-FEB-2025
2025-02-03 09:41:14.659876,LT27FEB25C3300,OPTSTK,102.0,390900,101.65,102.25,217650,150,300,LT,3300.0,CE,27-FEB-2025
2025-02-03 09:41:23.392542,LT27FEB25C3300,OPTSTK,101.55,397050,100.85,101.5,217650,150,150,LT,3300.0,CE,27-FEB-2025
2025-02-03 09:41:32.483069,LT27FEB25C3300,OPTSTK,101.7,397950,101.25,101.85,217650,300,150,LT,3300.0,CE,27-FEB-2025
2025-02-03 09:41:40.981771,LT27FEB25C3300,OPTSTK,102.1,400200,101.55,102.45,217650,300,150,LT,3300.0,CE,27-FEB-2025
2025-02-03 09:41:54.826687,LT27FEB25C3300,OPTSTK,101.95,400200,101.55,102.45,217650,300,150,LT,3300.0,CE,27-FEB-2025
2025-02-03 09:42:05.270707,LT27FEB25C3300,OPTSTK,103.45,403950,102.1,102.65,217650,150,300,LT,3300.0,CE,27-FEB-2025
2025-02-03 09:42:13.281372,LT27FEB25C3300,OPTSTK,102.05,403950,102.1,102.65,217650,150,300,LT,3300.0,CE,27-FEB-2025
2025-02-03 09:42:21.534509,LT27FEB25C3300,OPTSTK,102.6,403950,102.1,102.65,217650,150,300,LT,3300.0,CE,27-FEB-2025
2025-02-03 09:42:29.548700,LT27FEB25C3300,OPTSTK,103.25,413400,102.55,103.45,217650,150,150,LT,3300.0,CE,27-FEB-2025
2025-02-03 09:42:37.477223,LT27FEB25C3300,OPTSTK,103.05,418200,102.75,103.5,217650,300,150,LT,3300.0,CE,27-FEB-2025
2025-02-03 09:42:45.118858,LT27FEB25C3300,OPTSTK,102.1,427500,102.05,102.7,268350,150,150,LT,3300.0,CE,27-FEB-2025
2025-02-03 09:42:52.974070,LT27FEB25C3300,OPTSTK,102.65,428700,102.55,103.25,268350,150,150,LT,3300.0,CE,27-FEB-2025
2025-02-03 09:43:00.956799,LT27FEB25C3300,OPTSTK,102.15,431400,101.8,102.45,268350,150,150,LT,3300.0,CE,27-FEB-2025
2025-02-03 09:43:11.158152,LT27FEB25C3300,OPTSTK,101.75,433800,101.65,102.25,268350,150,150,LT,3300.0,CE,27-FEB-2025
2025-02-03 09:43:21.510577,LT27FEB25C3300,OPTSTK,101.9,434550,101.5,101.9,268350,750,150,LT,3300.0,CE,27-FEB-2025
2025-02-03 09:43:29.114381,LT27FEB25C3300,OPTSTK,102.75,437700,102.05,102.6,268350,150,150,LT,3300.0,CE,27-FEB-2025
2025-02-03 09:43:36.758396,LT27FEB25C3300,OPTSTK,102.25,438900,102.3,102.75,268350,150,150,LT,3300.0,CE,27-FEB-2025
2025-02-03 09:43:44.330789,LT27FEB25C3300,OPTSTK,101.9,441450,102.15,102.65,268350,150,150,LT,3300.0,CE,27-FEB-2025
2025-02-03 09:43:53.246563,LT27FEB25C3300,OPTSTK,101.6,443250,101.5,102.1,268350,600,150,LT,3300.0,CE,27-FEB-2025
2025-02-03 09:44:01.282252,LT27FEB25C3300,OPTSTK,101.45,444450,101.65,102.1,268350,150,300,LT,3300.0,CE,27-FEB-2025
2025-02-03 09:44:09.119166,LT27FEB25C3300,OPTSTK,101.9,446850,101.35,101.95,268350,150,300,LT,3300.0,CE,27-FEB-2025
2025-02-03 09:44:18.035700,LT27FEB25C3300,OPTSTK,102.2,448800,101.35,102.2,268350,150,150,LT,3300.0,CE,27-FEB-2025
2025-02-03 09:44:28.483363,LT27FEB25C3300,OPTSTK,101.25,449850,101.3,101.75,268350,150,300,LT,3300.0,CE,27-FEB-2025
2025-02-03 09:44:37.433738,LT27FEB25C3300,OPTSTK,101.95,452250,101.25,101.85,268350,150,150,LT,3300.0,CE,27-FEB-2025
2025-02-03 09:44:44.964017,LT27FEB25C3300,OPTSTK,100.9,457650,100.9,101.25,268350,150,300,LT,3300.0,CE,27-FEB-2025
2025-02-03 09:44:52.759906,LT27FEB25C3300,OPTSTK,101.2,460200,101.1,101.75,268350,150,150,LT,3300.0,CE,27-FEB-2025
2025-02-03 09:45:01.051553,LT27FEB25C3300,OPTSTK,100.5,461400,100.5,101.2,268350,300,300,LT,3300.0,CE,27-FEB-2025
2025-02-03 09:45:08.668992,LT27FEB25C3300,OPTSTK,99.45,477300,99.4,99.95,268350,300,150,LT,3300.0,CE,27-FEB-2025
2025-02-03 09:45:17.318050,LT27FEB25C3300,OPTSTK,99.6,484800,99.0,99.65,268350,4500,150,LT,3300.0,CE,27-FEB-2025
2025-02-03 09:45:33.114124,LT27FEB25C3300,OPTSTK,99.85,486750,99.35,99.9,268350,300,150,LT,3300.0,CE,27-FEB-2025
2025-02-03 09:45:44.293212,LT27FEB25C3300,OPTSTK,100.85,488400,100.4,100.95,314850,150,150,LT,3300.0,CE,27-FEB-2025
2025-02-03 09:45:54.253925,LT27FEB25C3300,OPTSTK,100.7,489600,100.15,100.85,314850,150,150,LT,3300.0,CE,27-FEB-2025
2025-02-03 09:46:01.886978,LT27FEB25C3300,OPTSTK,101.8,492750,101.3,101.85,314850,150,300,LT,3300.0,CE,27-FEB-2025
2025-02-03 09:46:10.034317,LT27FEB25C3300,OPTSTK,101.0,494400,100.65,101.3,314850,300,150,LT,3300.0,CE,27-FEB-2025
2025-02-03 09:46:17.885821,LT27FEB25C3300,OPTSTK,101.85,495900,101.1,101.75,314850,450,300,LT,3300.0,CE,27-FEB-2025
2025-02-03 09:46:25.671319,LT27FEB25C3300,OPTSTK,101.8,496500,101.3,101.75,314850,150,150,LT,3300.0,CE,27-FEB-2025
2025-02-03 09:46:33.281602,LT27FEB25C3300,OPTSTK,101.5,498600,101.5,101.85,314850,300,300,LT,3300.0,CE,27-FEB-2025
2025-02-03 09:46:41.117015,LT27FEB25C3300,OPTSTK,101.0,503550,100.6,101.25,314850,150,600,LT,3300.0,CE,27-FEB-2025
2025-02-03 09:46:51.075093,LT27FEB25C3300,OPTSTK,101.15,504600,101.25,101.75,314850,450,150,LT,3300.0,CE,27-FEB-2025
2025-02-03 09:47:01.033969,LT27FEB25C3300,OPTSTK,101.5,506400,101.15,101.65,314850,300,150,LT,3300.0,CE,27-FEB-2025
2025-02-03 09:47:09.960535,LT27FEB25C3300,OPTSTK,100.65,508650,100.6,101.25,314850,150,150,LT,3300.0,CE,27-FEB-2025
2025-02-03 09:47:18.659236,LT27FEB25C3300,OPTSTK,100.9,511650,100.45,101.05,314850,150,150,LT,3300.0,CE,27-FEB-2025
2025-02-03 09:47:32.975539,LT27FEB25C3300,OPTSTK,101.15,513600,100.55,101.15,314850,150,150,LT,3300.0,CE,27-FEB-2025
2025-02-03 09:47:57.338434,LT27FEB25C3300,OPTSTK,100.3,514500,100.3,100.8,314850,150,150,LT,3300.0,CE,27-FEB-2025
2025-02-03 09:48:05.272277,LT27FEB25C3300,OPTSTK,100.4,518250,99.95,100.55,314850,150,150,LT,3300.0,CE,27-FEB-2025
2025-02-03 09:48:18.069051,LT27FEB25C3300,OPTSTK,100.35,519750,99.65,100.25,314850,300,150,LT,3300.0,CE,27-FEB-2025
2025-02-03 09:48:27.912384,LT27FEB25C3300,OPTSTK,100.55,520200,100.2,100.8,314850,150,150,LT,3300.0,CE,27-FEB-2025
2025-02-03 09:48:36.879135,LT27FEB25C3300,OPTSTK,100.55,520500,100.25,101.0,314850,150,450,LT,3300.0,CE,27-FEB-2025
2025-02-03 09:48:44.834860,LT27FEB25C3300,OPTSTK,101.05,522300,101.05,101.65,328050,150,150,LT,3300.0,CE,27-FEB-2025
2025-02-03 09:48:55.163970,LT27FEB25C3300,OPTSTK,101.05,522600,101.1,101.75,328050,300,150,LT,3300.0,CE,27-FEB-2025
2025-02-03 09:49:03.671670,LT27FEB25C3300,OPTSTK,100.4,525600,100.3,100.85,328050,300,150,LT,3300.0,CE,27-FEB-2025
2025-02-03 09:49:13.547883,LT27FEB25C3300,OPTSTK,101.15,526650,100.65,101.2,328050,150,150,LT,3300.0,CE,27-FEB-2025
2025-02-03 09:49:24.816599,LT27FEB25C3300,OPTSTK,100.85,526950,100.4,100.85,328050,150,150,LT,3300.0,CE,27-FEB-2025
2025-02-03 09:49:37.241798,LT27FEB25C3300,OPTSTK,100.05,528150,100.35,101.0,328050,150,300,LT,3300.0,CE,27-FEB-2025
2025-02-03 09:49:46.399856,LT27FEB25C3300,OPTSTK,100.15,528600,100.1,100.65,328050,150,150,LT,3300.0,CE,27-FEB-2025
2025-02-03 09:49:56.925244,LT27FEB25C3300,OPTSTK,100.55,528900,100.3,100.9,328050,300,150,LT,3300.0,CE,27-FEB-2025
2025-02-03 09:50:06.125391,LT27FEB25C3300,OPTSTK,100.3,531750,99.75,100.4,328050,150,150,LT,3300.0,CE,27-FEB-2025
2025-02-03 09:50:14.924231,LT27FEB25C3300,OPTSTK,100.9,531750,100.35,100.9,328050,150,150,LT,3300.0,CE,27-FEB-2025
2025-02-03 09:50:24.509311,LT27FEB25C3300,OPTSTK,101.3,533250,101.3,101.95,328050,150,150,LT,3300.0,CE,27-FEB-2025
2025-02-03 09:50:33.725145,LT27FEB25C3300,OPTSTK,101.3,534300,101.3,101.7,328050,150,150,LT,3300.0,CE,27-FEB-2025
2025-02-03 09:50:44.188338,LT27FEB25C3300,OPTSTK,101.5,534900,101.0,101.65,328050,300,150,LT,3300.0,CE,27-FEB-2025
2025-02-03 09:50:56.242089,LT27FEB25C3300,OPTSTK,101.95,534900,101.0,101.65,328050,300,150,LT,3300.0,CE,27-FEB-2025
2025-02-03 09:51:04.671442,LT27FEB25C3300,OPTSTK,101.45,534900,101.0,101.65,328050,300,150,LT,3300.0,CE,27-FEB-2025
2025-02-03 09:51:12.734135,LT27FEB25C3300,OPTSTK,101.55,540900,101.05,101.55,328050,150,150,LT,3300.0,CE,27-FEB-2025
2025-02-03 09:51:21.234346,LT27FEB25C3300,OPTSTK,101.75,540900,101.05,101.55,328050,150,150,LT,3300.0,CE,27-FEB-2025
2025-02-03 09:51:29.355227,LT27FEB25C3300,OPTSTK,101.55,540900,101.05,101.55,328050,150,150,LT,3300.0,CE,27-FEB-2025
2025-02-03 09:51:37.625862,LT27FEB25C3300,OPTSTK,101.75,544500,101.55,102.1,328050,300,150,LT,3300.0,CE,27-FEB-2025
2025-02-03 09:51:46.332801,LT27FEB25C3300,OPTSTK,101.7,545250,101.5,102.05,333300,150,150,LT,3300.0,CE,27-FEB-2025
2025-02-03 09:51:54.179862,LT27FEB25C3300,OPTSTK,100.95,546750,100.9,101.4,333300,150,150,LT,3300.0,CE,27-FEB-2025
2025-02-03 09:52:06.612731,LT27FEB25C3300,OPTSTK,101.9,547950,101.55,102.0,333300,150,150,LT,3300.0,CE,27-FEB-2025
2025-02-03 09:52:17.172763,LT27FEB25C3300,OPTSTK,101.65,548250,101.8,102.4,333300,300,150,LT,3300.0,CE,27-FEB-2025
2025-02-03 09:52:27.246177,LT27FEB25C3300,OPTSTK,101.6,550650,101.95,102.5,333300,150,300,LT,3300.0,CE,27-FEB-2025
2025-02-03 09:52:34.970862,LT27FEB25C3300,OPTSTK,102.25,551250,101.5,102.05,333300,450,150,LT,3300.0,CE,27-FEB-2025
2025-02-03 09:52:42.730944,LT27FEB25C3300,OPTSTK,101.8,551700,101.6,102.05,333300,150,150,LT,3300.0,CE,27-FEB-2025
2025-02-03 09:52:50.815210,LT27FEB25C3300,OPTSTK,101.25,551700,101.6,102.05,333300,150,150,LT,3300.0,CE,27-FEB-2025
2025-02-03 09:52:58.175091,LT27FEB25C3300,OPTSTK,102.2,551700,101.6,102.05,333300,150,150,LT,3300.0,CE,27-FEB-2025
2025-02-03 09:53:06.008006,LT27FEB25C3300,OPTSTK,102.2,554100,101.75,102.2,333300,3300,150,LT,3300.0,CE,27-FEB-2025
2025-02-03 09:53:16.066460,LT27FEB25C3300,OPTSTK,102.0,554100,101.75,102.2,333300,3300,150,LT,3300.0,CE,27-FEB-2025
2025-02-03 09:53:25.303169,LT27FEB25C3300,OPTSTK,101.9,554100,101.75,102.2,333300,3300,150,LT,3300.0,CE,27-FEB-2025
2025-02-03 09:53:35.676600,LT27FEB25C3300,OPTSTK,102.45,559500,101.5,101.9,333300,750,450,LT,3300.0,CE,27-FEB-2025
2025-02-03 09:53:43.439038,LT27FEB25C3300,OPTSTK,102.45,559500,101.5,101.9,333300,750,450,LT,3300.0,CE,27-FEB-2025
2025-02-03 09:53:51.253233,LT27FEB25C3300,OPTSTK,103.0,559500,101.5,101.9,333300,750,450,LT,3300.0,CE,27-FEB-2025
2025-02-03 09:53:59.190725,LT27FEB25C3300,OPTSTK,106.0,563100,103.25,103.85,333300,150,150,LT,3300.0,CE,27-FEB-2025
2025-02-03 09:54:06.935036,LT27FEB25C3300,OPTSTK,105.3,563100,103.25,103.85,333300,150,150,LT,3300.0,CE,27-FEB-2025
2025-02-03 09:54:15.011971,LT27FEB25C3300,OPTSTK,105.55,563100,103.25,103.85,333300,150,150,LT,3300.0,CE,27-FEB-2025
2025-02-03 09:54:22.562370,LT27FEB25C3300,OPTSTK,106.0,576750,105.35,105.85,333300,450,150,LT,3300.0,CE,27-FEB-2025
2025-02-03 09:54:32.417166,LT27FEB25C3300,OPTSTK,106.0,576750,105.35,105.85,333300,450,150,LT,3300.0,CE,27-FEB-2025
2025-02-03 09:54:43.500854,LT27FEB25C3300,OPTSTK,106.35,584850,106.15,106.5,327450,150,300,LT,3300.0,CE,27-FEB-2025
2025-02-03 09:54:52.080880,LT27FEB25C3300,OPTSTK,106.15,586650,106.15,106.5,327450,300,150,LT,3300.0,CE,27-FEB-2025
2025-02-03 09:55:02.035852,LT27FEB25C3300,OPTSTK,106.25,590250,106.2,106.6,327450,150,300,LT,3300.0,CE,27-FEB-2025
2025-02-03 09:55:09.699489,LT27FEB25C3300,OPTSTK,107.9,595650,106.6,107.3,327450,150,150,LT,3300.0,CE,27-FEB-2025
2025-02-03 09:55:17.988823,LT27FEB25C3300,OPTSTK,107.9,598650,107.3,108.05,327450,450,150,LT,3300.0,CE,27-FEB-2025
2025-02-03 09:55:26.997021,LT27FEB25C3300,OPTSTK,110.6,606750,110.6,111.3,327450,450,150,LT,3300.0,CE,27-FEB-2025
2025-02-03 09:55:34.951205,LT27FEB25C3300,OPTSTK,111.0,611250,110.7,111.5,327450,150,150,LT,3300.0,CE,27-FEB-2025
2025-02-03 09:55:44.631709,LT27FEB25C3300,OPTSTK,112.45,625950,112.0,112.35,327450,150,150,LT,3300.0,CE,27-FEB-2025
2025-02-03 09:55:56.618431,LT27FEB25C3300,OPTSTK,113.3,632100,112.4,113.0,327450,150,150,LT,3300.0,CE,27-FEB-2025
2025-02-03 09:56:06.146717,LT27FEB25C3300,OPTSTK,113.8,635850,113.55,114.25,327450,150,150,LT,3300.0,CE,27-FEB-2025
2025-02-03 09:56:14.394424,LT27FEB25C3300,OPTSTK,110.65,640200,111.1,111.9,327450,150,150,LT,3300.0,CE,27-FEB-2025
2025-02-03 09:56:21.987580,LT27FEB25C3300,OPTSTK,111.25,643350,110.5,111.0,327450,150,150,LT,3300.0,CE,27-FEB-2025
2025-02-03 09:56:29.847742,LT27FEB25C3300,OPTSTK,110.0,647100,110.1,110.75,327450,300,150,LT,3300.0,CE,27-FEB-2025
2025-02-03 09:56:37.537662,LT27FEB25C3300,OPTSTK,109.8,647700,109.15,109.7,327450,150,150,LT,3300.0,CE,27-FEB-2025
2025-02-03 09:56:45.298199,LT27FEB25C3300,OPTSTK,111.0,651600,111.05,111.7,327450,450,150,LT,3300.0,CE,27-FEB-2025
2025-02-03 09:56:54.951049,LT27FEB25C3300,OPTSTK,111.4,654000,111.0,111.65,327450,450,300,LT,3300.0,CE,27-FEB-2025
2025-02-03 09:57:04.482848,LT27FEB25C3300,OPTSTK,111.0,657300,110.7,111.1,327450,150,150,LT,3300.0,CE,27-FEB-2025
2025-02-03 09:57:17.171237,LT27FEB25C3300,OPTSTK,111.1,661050,110.7,111.25,327450,150,150,LT,3300.0,CE,27-FEB-2025
2025-02-03 09:57:27.753112,LT27FEB25C3300,OPTSTK,109.9,667350,109.5,110.25,327450,150,150,LT,3300.0,CE,27-FEB-2025
2025-02-03 09:57:37.679994,LT27FEB25C3300,OPTSTK,108.2,670350,107.1,107.85,327450,150,150,LT,3300.0,CE,27-FEB-2025
2025-02-03 09:57:45.696550,LT27FEB25C3300,OPTSTK,106.8,672000,106.8,107.5,312150,450,150,LT,3300.0,CE,27-FEB-2025
2025-02-03 09:57:53.153979,LT27FEB25C3300,OPTSTK,108.65,672750,107.9,108.7,312150,150,750,LT,3300.0,CE,27-FEB-2025
2025-02-03 09:58:01.089365,LT27FEB25C3300,OPTSTK,108.05,674250,108.35,109.3,312150,300,300,LT,3300.0,CE,27-FEB-2025
2025-02-03 09:58:08.730781,LT27FEB25C3300,OPTSTK,108.1,674550,108.3,108.85,312150,150,150,LT,3300.0,CE,27-FEB-2025
2025-02-03 09:58:15.960566,LT27FEB25C3300,OPTSTK,108.0,675750,108.45,109.0,312150,150,900,LT,3300.0,CE,27-FEB-2025
2025-02-03 09:58:27.839617,LT27FEB25C3300,OPTSTK,110.45,678750,110.0,110.55,312150,150,300,LT,3300.0,CE,27-FEB-2025
2025-02-03 09:58:38.514977,LT27FEB25C3300,OPTSTK,107.55,688500,107.35,108.35,312150,300,150,LT,3300.0,CE,27-FEB-2025
2025-02-03 09:58:46.517468,LT27FEB25C3300,OPTSTK,107.0,690150,106.5,106.95,312150,300,450,LT,3300.0,CE,27-FEB-2025
2025-02-03 09:58:54.452505,LT27FEB25C3300,OPTSTK,108.8,691800,108.7,109.4,312150,300,150,LT,3300.0,CE,27-FEB-2025
2025-02-03 09:59:02.704889,LT27FEB25C3300,OPTSTK,108.2,693300,107.85,108.45,312150,150,150,LT,3300.0,CE,27-FEB-2025
2025-02-03 09:59:13.570108,LT27FEB25C3300,OPTSTK,109.35,695100,109.05,109.65,312150,150,150,LT,3300.0,CE,27-FEB-2025
2025-02-03 09:59:29.093519,LT27FEB25C3300,OPTSTK,109.25,696600,109.05,109.5,312150,150,150,LT,3300.0,CE,27-FEB-2025
2025-02-03 09:59:41.825294,LT27FEB25C3300,OPTSTK,109.0,701400,108.6,109.15,312150,300,150,LT,3300.0,CE,27-FEB-2025
2025-02-03 09:59:52.440231,LT27FEB25C3300,OPTSTK,109.0,702600,108.15,108.85,312150,300,150,LT,3300.0,CE,27-FEB-2025
2025-02-03 10:00:00.563992,LT27FEB25C3300,OPTSTK,108.8,703200,108.3,109.0,312150,150,450,LT,3300.0,CE,27-FEB-2025
2025-02-03 10:00:08.405964,LT27FEB25C3300,OPTSTK,108.0,704100,107.9,108.45,312150,150,150,LT,3300.0,CE,27-FEB-2025
2025-02-03 10:00:16.566616,LT27FEB25C3300,OPTSTK,108.45,704250,108.05,108.65,312150,300,150,LT,3300.0,CE,27-FEB-2025
2025-02-03 10:00:29.216854,LT27FEB25C3300,OPTSTK,110.0,707850,110.1,110.7,312150,150,150,LT,3300.0,CE,27-FEB-2025
2025-02-03 10:00:40.252752,LT27FEB25C3300,OPTSTK,111.15,709350,111.1,111.6,313350,150,450,LT,3300.0,CE,27-FEB-2025
2025-02-03 10:00:51.970051,LT27FEB25C3300,OPTSTK,110.25,711600,110.05,110.6,313350,150,300,LT,3300.0,CE,27-FEB-2025
2025-02-03 10:01:03.328758,LT27FEB25C3300,OPTSTK,110.35,712950,109.15,110.3,313350,150,150,LT,3300.0,CE,27-FEB-2025
2025-02-03 10:01:14.135000,LT27FEB25C3300,OPTSTK,110.0,713100,110.3,110.85,313350,150,300,LT,3300.0,CE,27-FEB-2025
2025-02-03 10:01:22.497554,LT27FEB25C3300,OPTSTK,111.35,715650,110.8,111.45,313350,150,300,LT,3300.0,CE,27-FEB-2025
2025-02-03 10:01:31.327754,LT27FEB25C3300,OPTSTK,111.05,717900,111.0,111.65,313350,300,150,LT,3300.0,CE,27-FEB-2025
2025-02-03 10:01:38.838023,LT27FEB25C3300,OPTSTK,111.85,722250,111.85,112.4,313350,300,150,LT,3300.0,CE,27-FEB-2025
2025-02-03 10:01:46.765338,LT27FEB25C3300,OPTSTK,112.95,726300,112.9,113.55,313350,150,150,LT,3300.0,CE,27-FEB-2025
2025-02-03 10:01:55.135530,LT27FEB25C3300,OPTSTK,111.8,727050,112.2,112.9,313350,150,150,LT,3300.0,CE,27-FEB-2025
2025-02-03 10:02:02.908097,LT27FEB25C3300,OPTSTK,111.0,727950,111.25,111.95,313350,150,150,LT,3300.0,CE,27-FEB-2025
2025-02-03 10:02:14.152744,LT27FEB25C3300,OPTSTK,112.8,731100,112.55,113.1,313350,300,150,LT,3300.0,CE,27-FEB-2025
2025-02-03 10:02:25.137564,LT27FEB25C3300,OPTSTK,112.95,733500,112.0,112.4,313350,150,150,LT,3300.0,CE,27-FEB-2025
2025-02-03 10:02:37.133246,LT27FEB25C3300,OPTSTK,111.35,735750,111.1,111.75,313350,300,300,LT,3300.0,CE,27-FEB-2025
2025-02-03 10:02:48.622138,LT27FEB25C3300,OPTSTK,111.75,736350,111.7,112.25,313350,300,300,LT,3300.0,CE,27-FEB-2025
2025-02-03 10:03:00.159105,LT27FEB25C3300,OPTSTK,112.25,738450,112.05,112.65,313350,300,150,LT,3300.0,CE,27-FEB-2025
2025-02-03 10:03:09.829186,LT27FEB25C3300,OPTSTK,112.25,738450,111.8,112.4,313350,150,150,LT,3300.0,CE,27-FEB-2025
2025-02-03 10:03:17.609249,LT27FEB25C3300,OPTSTK,112.15,738450,111.55,112.2,313350,450,150,LT,3300.0,CE,27-FEB-2025
2025-02-03 10:03:25.926408,LT27FEB25C3300,OPTSTK,111.2,738750,111.3,111.85,313350,150,150,LT,3300.0,CE,27-FEB-2025
2025-02-03 10:03:41.729021,LT27FEB25C3300,OPTSTK,111.45,739800,111.2,111.75,305400,150,150,LT,3300.0,CE,27-FEB-2025
2025-02-03 10:03:51.426020,LT27FEB25C3300,OPTSTK,112.5,741000,112.1,112.7,305400,150,300,LT,3300.0,CE,27-FEB-2025
2025-02-03 10:03:59.136475,LT27FEB25C3300,OPTSTK,112.45,741600,111.9,112.5,305400,300,450,LT,3300.0,CE,27-FEB-2025
2025-02-03 10:04:06.983719,LT27FEB25C3300,OPTSTK,112.0,743100,111.5,112.25,305400,300,600,LT,3300.0,CE,27-FEB-2025
2025-02-03 10:04:15.305043,LT27FEB25C3300,OPTSTK,112.25,743850,112.25,112.8,305400,300,150,LT,3300.0,CE,27-FEB-2025
2025-02-03 10:04:26.079726,LT27FEB25C3300,OPTSTK,113.0,746400,113.55,113.95,305400,150,150,LT,3300.0,CE,27-FEB-2025
2025-02-03 10:04:41.032025,LT27FEB25C3300,OPTSTK,112.4,746400,113.05,113.7,305400,300,150,LT,3300.0,CE,27-FEB-2025
2025-02-03 10:04:53.242872,LT27FEB25C3300,OPTSTK,111.85,747000,111.8,112.4,305400,150,150,LT,3300.0,CE,27-FEB-2025
2025-02-03 10:05:02.585928,LT27FEB25C3300,OPTSTK,111.1,747000,111.8,112.4,305400,150,150,LT,3300.0,CE,27-FEB-2025
2025-02-03 10:05:10.310853,LT27FEB25C3300,OPTSTK,110.45,747000,111.8,112.4,305400,150,150,LT,3300.0,CE,27-FEB-2025
2025-02-03 10:05:18.435006,LT27FEB25C3300,OPTSTK,111.8,752550,111.8,112.35,305400,300,150,LT,3300.0,CE,27-FEB-2025
2025-02-03 10:05:26.267012,LT27FEB25C3300,OPTSTK,111.8,752550,111.8,112.35,305400,300,150,LT,3300.0,CE,27-FEB-2025
2025-02-03 10:05:33.602177,LT27FEB25C3300,OPTSTK,110.6,752550,111.8,112.35,305400,300,150,LT,3300.0,CE,27-FEB-2025
2025-02-03 10:05:40.883727,LT27FEB25C3300,OPTSTK,110.4,755550,110.0,110.4,305400,2850,150,LT,3300.0,CE,27-FEB-2025
2025-02-03 10:05:48.517861,LT27FEB25C3300,OPTSTK,108.0,760350,107.85,108.45,305400,150,300,LT,3300.0,CE,27-FEB-2025
2025-02-03 10:05:55.989612,LT27FEB25C3300,OPTSTK,109.15,761100,108.35,108.9,305400,150,150,LT,3300.0,CE,27-FEB-2025
2025-02-03 10:06:07.207852,LT27FEB25C3300,OPTSTK,109.0,761550,108.65,109.2,305400,150,150,LT,3300.0,CE,27-FEB-2025
2025-02-03 10:06:17.093131,LT27FEB25C3300,OPTSTK,110.0,762000,109.85,110.4,305400,150,150,LT,3300.0,CE,27-FEB-2025
2025-02-03 10:06:24.808108,LT27FEB25C3300,OPTSTK,110.0,762450,109.4,110.0,305400,150,150,LT,3300.0,CE,27-FEB-2025
2025-02-03 10:06:33.144445,LT27FEB25C3300,OPTSTK,110.35,762750,110.45,111.0,305400,150,750,LT,3300.0,CE,27-FEB-2025
2025-02-03 10:06:41.466248,LT27FEB25C3300,OPTSTK,110.0,763800,110.05,110.65,305400,150,150,LT,3300.0,CE,27-FEB-2025
2025-02-03 10:06:49.310539,LT27FEB25C3300,OPTSTK,109.0,764100,108.3,108.75,302700,150,450,LT,3300.0,CE,27-FEB-2025
2025-02-03 10:07:04.727243,LT27FEB25C3300,OPTSTK,109.0,766500,108.3,108.95,302700,300,150,LT,3300.0,CE,27-FEB-2025
2025-02-03 10:07:16.639921,LT27FEB25C3300,OPTSTK,109.0,767100,109.0,109.65,302700,300,150,LT,3300.0,CE,27-FEB-2025
2025-02-03 10:07:29.044808,LT27FEB25C3300,OPTSTK,109.65,767250,109.3,110.0,302700,150,450,LT,3300.0,CE,27-FEB-2025
2025-02-03 10:07:37.490102,LT27FEB25C3300,OPTSTK,109.0,768000,108.3,109.1,302700,150,150,LT,3300.0,CE,27-FEB-2025
2025-02-03 10:07:45.040953,LT27FEB25C3300,OPTSTK,109.0,768000,109.0,109.5,302700,150,300,LT,3300.0,CE,27-FEB-2025
2025-02-03 10:07:52.515539,LT27FEB25C3300,OPTSTK,109.0,768150,108.6,109.25,302700,300,300,LT,3300.0,CE,27-FEB-2025
2025-02-03 10:08:00.296098,LT27FEB25C3300,OPTSTK,109.35,768300,109.0,109.7,302700,450,300,LT,3300.0,CE,27-FEB-2025
2025-02-03 10:08:08.517758,LT27FEB25C3300,OPTSTK,109.0,769350,108.1,108.8,302700,150,150,LT,3300.0,CE,27-FEB-2025
2025-02-03 10:08:16.245908,LT27FEB25C3300,OPTSTK,109.3,769800,107.55,108.25,302700,900,150,LT,3300.0,CE,27-FEB-2025
2025-02-03 10:08:23.781473,LT27FEB25C3300,OPTSTK,107.7,769950,107.0,107.6,302700,900,300,LT,3300.0,CE,27-FEB-2025
2025-02-03 10:08:31.813265,LT27FEB25C3300,OPTSTK,107.7,771750,107.0,107.35,302700,150,150,LT,3300.0,CE,27-FEB-2025
2025-02-03 10:08:42.736094,LT27FEB25C3300,OPTSTK,107.75,772350,107.05,107.7,302700,150,150,LT,3300.0,CE,27-FEB-2025
2025-02-03 10:08:51.965064,LT27FEB25C3300,OPTSTK,107.5,774150,106.8,107.45,302700,150,150,LT,3300.0,CE,27-FEB-2025
2025-02-03 10:09:02.735859,LT27FEB25C3300,OPTSTK,105.1,780750,105.4,105.95,302700,150,150,LT,3300.0,CE,27-FEB-2025
2025-02-03 10:09:14.519844,LT27FEB25C3300,OPTSTK,105.0,782250,105.0,105.45,302700,600,300,LT,3300.0,CE,27-FEB-2025
2025-02-03 10:09:24.595781,LT27FEB25C3300,OPTSTK,105.45,783000,105.6,106.2,302700,150,150,LT,3300.0,CE,27-FEB-2025
2025-02-03 10:09:33.780088,LT27FEB25C3300,OPTSTK,105.5,783600,105.05,105.7,302700,150,150,LT,3300.0,CE,27-FEB-2025
2025-02-03 10:09:41.571575,LT27FEB25C3300,OPTSTK,105.3,783600,105.05,105.65,307350,150,150,LT,3300.0,CE,27-FEB-2025
2025-02-03 10:09:50.884164,LT27FEB25C3300,OPTSTK,105.15,786000,105.25,105.85,307350,300,150,LT,3300.0,CE,27-FEB-2025
2025-02-03 10:10:01.997344,LT27FEB25C3300,OPTSTK,106.75,786000,105.25,105.85,307350,300,150,LT,3300.0,CE,27-FEB-2025
2025-02-03 10:10:10.331610,LT27FEB25C3300,OPTSTK,106.5,786000,105.25,105.85,307350,300,150,LT,3300.0,CE,27-FEB-2025
2025-02-03 10:10:18.959043,LT27FEB25C3300,OPTSTK,106.5,787950,106.3,106.95,307350,150,150,LT,3300.0,CE,27-FEB-2025
2025-02-03 10:10:26.730805,LT27FEB25C3300,OPTSTK,107.5,787950,106.3,106.95,307350,150,150,LT,3300.0,CE,27-FEB-2025
2025-02-03 10:10:34.332299,LT27FEB25C3300,OPTSTK,106.9,787950,106.3,106.95,307350,150,150,LT,3300.0,CE,27-FEB-2025
2025-02-03 10:10:42.597585,LT27FEB25C3300,OPTSTK,106.9,789000,106.45,107.1,307350,150,300,LT,3300.0,CE,27-FEB-2025
2025-02-03 10:10:50.468817,LT27FEB25C3300,OPTSTK,106.3,789750,105.45,106.1,307350,150,150,LT,3300.0,CE,27-FEB-2025
2025-02-03 10:10:57.893339,LT27FEB25C3300,OPTSTK,105.15,790800,105.0,105.15,307350,600,150,LT,3300.0,CE,27-FEB-2025
2025-02-03 10:11:08.647547,LT27FEB25C3300,OPTSTK,105.2,793050,105.2,105.85,307350,150,150,LT,3300.0,CE,27-FEB-2025
2025-02-03 10:11:19.231539,LT27FEB25C3300,OPTSTK,105.85,793500,105.15,105.75,307350,150,300,LT,3300.0,CE,27-FEB-2025
2025-02-03 10:11:27.564733,LT27FEB25C3300,OPTSTK,105.05,793650,105.05,105.95,307350,300,150,LT,3300.0,CE,27-FEB-2025
2025-02-03 10:11:35.723195,LT27FEB25C3300,OPTSTK,105.05,793650,107.05,107.85,307350,150,300,LT,3300.0,CE,27-FEB-2025
2025-02-03 10:11:43.049588,LT27FEB25C3300,OPTSTK,107.7,794100,107.85,108.6,307350,150,150,LT,3300.0,CE,27-FEB-2025
2025-02-03 10:11:50.411878,LT27FEB25C3300,OPTSTK,107.7,794100,107.05,107.9,307350,150,150,LT,3300.0,CE,27-FEB-2025
2025-02-03 10:11:58.048620,LT27FEB25C3300,OPTSTK,107.3,794700,106.5,107.2,307350,600,150,LT,3300.0,CE,27-FEB-2025
2025-02-03 10:12:05.913874,LT27FEB25C3300,OPTSTK,106.85,794850,106.15,106.85,307350,300,150,LT,3300.0,CE,27-FEB-2025
2025-02-03 10:12:13.936957,LT27FEB25C3300,OPTSTK,106.85,794850,105.55,106.45,307350,150,450,LT,3300.0,CE,27-FEB-2025
2025-02-03 10:12:23.349461,LT27FEB25C3300,OPTSTK,107.0,795150,106.1,106.85,307350,450,150,LT,3300.0,CE,27-FEB-2025
2025-02-03 10:12:33.942959,LT27FEB25C3300,OPTSTK,106.9,795300,106.6,107.0,307350,150,450,LT,3300.0,CE,27-FEB-2025
2025-02-03 10:12:42.658123,LT27FEB25C3300,OPTSTK,106.9,795450,106.3,106.95,307350,300,300,LT,3300.0,CE,27-FEB-2025
2025-02-03 10:12:50.542263,LT27FEB25C3300,OPTSTK,106.9,795450,106.05,106.7,307350,150,300,LT,3300.0,CE,27-FEB-2025
2025-02-03 10:13:03.905967,LT27FEB25C3300,OPTSTK,106.0,796200,105.6,106.2,311100,150,150,LT,3300.0,CE,27-FEB-2025
2025-02-03 10:13:14.652989,LT27FEB25C3300,OPTSTK,105.55,796500,105.25,105.8,311100,150,150,LT,3300.0,CE,27-FEB-2025
2025-02-03 10:13:25.575546,LT27FEB25C3300,OPTSTK,105.05,797250,105.15,105.6,311100,150,150,LT,3300.0,CE,27-FEB-2025
2025-02-03 10:13:33.221799,LT27FEB25C3300,OPTSTK,106.0,801300,104.6,105.4,311100,150,300,LT,3300.0,CE,27-FEB-2025
2025-02-03 10:13:45.345379,LT27FEB25C3300,OPTSTK,105.8,802650,106.25,106.8,311100,150,150,LT,3300.0,CE,27-FEB-2025
2025-02-03 10:13:56.386534,LT27FEB25C3300,OPTSTK,107.0,802650,106.25,106.8,311100,150,150,LT,3300.0,CE,27-FEB-2025
2025-02-03 10:14:05.264666,LT27FEB25C3300,OPTSTK,106.6,802650,106.25,106.8,311100,150,150,LT,3300.0,CE,27-FEB-2025
2025-02-03 10:14:13.226023,LT27FEB25C3300,OPTSTK,105.65,803250,105.1,105.65,311100,300,150,LT,3300.0,CE,27-FEB-2025
2025-02-03 10:14:20.872162,LT27FEB25C3300,OPTSTK,105.65,803250,105.1,105.65,311100,300,150,LT,3300.0,CE,27-FEB-2025
2025-02-03 10:14:28.340635,LT27FEB25C3300,OPTSTK,106.35,803250,105.1,105.65,311100,300,150,LT,3300.0,CE,27-FEB-2025
2025-02-03 10:14:37.534411,LT27FEB25C3300,OPTSTK,106.2,804300,105.55,106.15,311100,150,150,LT,3300.0,CE,27-FEB-2025
2025-02-03 10:14:44.900697,LT27FEB25C3300,OPTSTK,106.7,804750,106.6,107.0,311100,150,600,LT,3300.0,CE,27-FEB-2025
2025-02-03 10:14:52.896760,LT27FEB25C3300,OPTSTK,106.1,805500,105.65,106.1,311100,150,150,LT,3300.0,CE,27-FEB-2025
2025-02-03 10:15:07.834158,LT27FEB25C3300,OPTSTK,105.65,805800,105.1,105.65,311100,450,150,LT,3300.0,CE,27-FEB-2025
2025-02-03 10:15:17.514445,LT27FEB25C3300,OPTSTK,105.65,805800,105.1,105.6,311100,450,150,LT,3300.0,CE,27-FEB-2025
2025-02-03 10:15:26.794558,LT27FEB25C3300,OPTSTK,105.1,806250,104.5,104.95,311100,150,150,LT,3300.0,CE,27-FEB-2025
2025-02-03 10:15:34.411364,LT27FEB25C3300,OPTSTK,103.65,808350,103.0,103.4,311100,300,150,LT,3300.0,CE,27-FEB-2025
2025-02-03 10:15:42.289101,LT27FEB25C3300,OPTSTK,103.0,808350,103.0,103.45,311100,450,150,LT,3300.0,CE,27-FEB-2025
2025-02-03 10:15:49.679218,LT27FEB25C3300,OPTSTK,102.5,809850,102.15,102.7,316650,150,150,LT,3300.0,CE,27-FEB-2025
2025-02-03 10:15:57.102424,LT27FEB25C3300,OPTSTK,102.0,809850,102.15,102.7,316650,150,150,LT,3300.0,CE,27-FEB-2025
2025-02-03 10:16:04.528643,LT27FEB25C3300,OPTSTK,99.9,809850,102.15,102.7,316650,150,150,LT,3300.0,CE,27-FEB-2025
2025-02-03 10:16:13.599631,LT27FEB25C3300,OPTSTK,100.2,828300,99.05,99.8,316650,150,150,LT,3300.0,CE,27-FEB-2025
2025-02-03 10:16:23.738918,LT27FEB25C3300,OPTSTK,100.0,828300,99.05,99.8,316650,150,150,LT,3300.0,CE,27-FEB-2025
2025-02-03 10:16:32.335437,LT27FEB25C3300,OPTSTK,100.4,828300,99.05,99.8,316650,150,150,LT,3300.0,CE,27-FEB-2025
2025-02-03 10:16:40.976537,LT27FEB25C3300,OPTSTK,100.4,832650,100.3,101.0,316650,150,150,LT,3300.0,CE,27-FEB-2025
2025-02-03 10:16:51.109870,LT27FEB25C3300,OPTSTK,101.3,835200,100.6,101.2,316650,150,300,LT,3300.0,CE,27-FEB-2025
2025-02-03 10:17:01.721017,LT27FEB25C3300,OPTSTK,99.25,840000,99.0,99.5,316650,1050,150,LT,3300.0,CE,27-FEB-2025
2025-02-03 10:17:11.523120,LT27FEB25C3300,OPTSTK,98.0,849300,97.85,98.4,316650,600,150,LT,3300.0,CE,27-FEB-2025
2025-02-03 10:17:21.881450,LT27FEB25C3300,OPTSTK,97.95,853650,97.5,98.05,316650,450,150,LT,3300.0,CE,27-FEB-2025
2025-02-03 10:17:32.789613,LT27FEB25C3300,OPTSTK,97.15,856650,97.0,97.6,316650,2100,450,LT,3300.0,CE,27-FEB-2025
2025-02-03 10:17:42.316365,LT27FEB25C3300,OPTSTK,98.0,859200,98.05,98.65,316650,150,300,LT,3300.0,CE,27-FEB-2025
2025-02-03 10:17:49.672900,LT27FEB25C3300,OPTSTK,98.85,859950,98.5,99.2,316650,150,150,LT,3300.0,CE,27-FEB-2025
2025-02-03 10:17:57.374493,LT27FEB25C3300,OPTSTK,96.05,864000,96.25,97.0,316650,150,150,LT,3300.0,CE,27-FEB-2025
2025-02-03 10:18:09.085031,LT27FEB25C3300,OPTSTK,96.9,865800,96.25,96.7,316650,150,150,LT,3300.0,CE,27-FEB-2025
2025-02-03 10:18:18.380589,LT27FEB25C3300,OPTSTK,96.0,866850,96.0,96.3,316650,2700,150,LT,3300.0,CE,27-FEB-2025
2025-02-03 10:18:25.805101,LT27FEB25C3300,OPTSTK,95.6,872250,95.25,95.75,316650,150,300,LT,3300.0,CE,27-FEB-2025
2025-02-03 10:18:33.177283,LT27FEB25C3300,OPTSTK,96.05,875400,95.65,96.15,316650,150,150,LT,3300.0,CE,27-FEB-2025
2025-02-03 10:18:40.610187,LT27FEB25C3300,OPTSTK,96.85,877650,96.0,96.45,340500,150,150,LT,3300.0,CE,27-FEB-2025
2025-02-03 10:18:51.800167,LT27FEB25C3300,OPTSTK,96.65,880200,96.0,96.55,340500,750,450,LT,3300.0,CE,27-FEB-2025
2025-02-03 10:19:03.687324,LT27FEB25C3300,OPTSTK,96.0,883650,95.6,96.2,340500,450,150,LT,3300.0,CE,27-FEB-2025
2025-02-03 10:19:13.288981,LT27FEB25C3300,OPTSTK,96.2,886350,96.2,96.8,340500,150,600,LT,3300.0,CE,27-FEB-2025
2025-02-03 10:19:23.085347,LT27FEB25C3300,OPTSTK,96.05,888150,96.05,96.45,340500,150,150,LT,3300.0,CE,27-FEB-2025
2025-02-03 10:19:32.292043,LT27FEB25C3300,OPTSTK,97.55,890850,97.0,97.65,340500,450,150,LT,3300.0,CE,27-FEB-2025
2025-02-03 10:19:39.884451,LT27FEB25C3300,OPTSTK,97.05,894900,96.45,97.5,340500,600,450,LT,3300.0,CE,27-FEB-2025
2025-02-03 10:19:47.455535,LT27FEB25C3300,OPTSTK,98.8,898800,98.0,98.55,340500,300,150,LT,3300.0,CE,27-FEB-2025
2025-02-03 10:19:54.523444,LT27FEB25C3300,OPTSTK,97.3,900600,97.0,97.3,340500,150,150,LT,3300.0,CE,27-FEB-2025
2025-02-03 10:20:04.684337,LT27FEB25C3300,OPTSTK,97.0,902250,97.1,97.55,340500,150,300,LT,3300.0,CE,27-FEB-2025
2025-02-03 10:20:14.924047,LT27FEB25C3300,OPTSTK,97.6,902850,97.0,97.5,340500,450,300,LT,3300.0,CE,27-FEB-2025
2025-02-03 10:20:22.407835,LT27FEB25C3300,OPTSTK,97.0,903450,97.5,98.0,340500,450,150,LT,3300.0,CE,27-FEB-2025
2025-02-03 10:20:29.879274,LT27FEB25C3300,OPTSTK,97.0,903450,97.05,97.55,340500,450,300,LT,3300.0,CE,27-FEB-2025
2025-02-03 10:20:37.345132,LT27FEB25C3300,OPTSTK,96.5,906300,96.6,96.95,340500,1050,300,LT,3300.0,CE,27-FEB-2025
2025-02-03 10:20:44.903496,LT27FEB25C3300,OPTSTK,96.0,914850,96.0,96.3,340500,3300,150,LT,3300.0,CE,27-FEB-2025
2025-02-03 10:20:52.931350,LT27FEB25C3300,OPTSTK,95.8,922050,95.5,95.9,340500,150,150,LT,3300.0,CE,27-FEB-2025
2025-02-03 10:21:03.898313,LT27FEB25C3300,OPTSTK,95.75,923250,96.05,96.4,340500,150,150,LT,3300.0,CE,27-FEB-2025
2025-02-03 10:21:14.866910,LT27FEB25C3300,OPTSTK,98.05,925800,98.2,98.7,340500,300,150,LT,3300.0,CE,27-FEB-2025
2025-02-03 10:21:25.586878,LT27FEB25C3300,OPTSTK,97.95,927750,97.4,97.85,340500,150,150,LT,3300.0,CE,27-FEB-2025
2025-02-03 10:21:36.345754,LT27FEB25C3300,OPTSTK,98.4,928350,97.9,98.35,340500,150,150,LT,3300.0,CE,27-FEB-2025
2025-02-03 10:21:44.705465,LT27FEB25C3300,OPTSTK,97.6,928950,97.6,98.15,364950,300,150,LT,3300.0,CE,27-FEB-2025
2025-02-03 10:21:52.164946,LT27FEB25C3300,OPTSTK,98.15,929550,98.15,98.45,364950,1050,150,LT,3300.0,CE,27-FEB-2025
2025-02-03 10:21:59.738423,LT27FEB25C3300,OPTSTK,98.0,930900,97.5,97.95,364950,300,150,LT,3300.0,CE,27-FEB-2025
2025-02-03 10:22:07.097915,LT27FEB25C3300,OPTSTK,98.0,931350,97.45,97.95,364950,150,150,LT,3300.0,CE,27-FEB-2025
2025-02-03 10:22:14.362273,LT27FEB25C3300,OPTSTK,97.2,933150,96.75,97.25,364950,600,150,LT,3300.0,CE,27-FEB-2025
2025-02-03 10:22:22.529338,LT27FEB25C3300,OPTSTK,98.4,934200,97.35,97.95,364950,450,150,LT,3300.0,CE,27-FEB-2025
2025-02-03 10:22:30.493835,LT27FEB25C3300,OPTSTK,97.2,935400,97.1,97.6,364950,150,300,LT,3300.0,CE,27-FEB-2025
2025-02-03 10:22:41.807744,LT27FEB25C3300,OPTSTK,97.9,936450,97.2,97.95,364950,300,450,LT,3300.0,CE,27-FEB-2025
2025-02-03 10:22:53.119017,LT27FEB25C3300,OPTSTK,98.15,936450,97.2,97.95,364950,300,450,LT,3300.0,CE,27-FEB-2025
2025-02-03 10:23:00.758178,LT27FEB25C3300,OPTSTK,98.8,939000,98.45,99.0,364950,150,150,LT,3300.0,CE,27-FEB-2025
2025-02-03 10:23:16.141039,LT27FEB25C3300,OPTSTK,99.45,939000,98.45,99.0,364950,150,150,LT,3300.0,CE,27-FEB-2025
2025-02-03 10:23:27.665979,LT27FEB25C3300,OPTSTK,98.4,940950,98.2,98.75,364950,150,150,LT,3300.0,CE,27-FEB-2025
2025-02-03 10:23:36.807836,LT27FEB25C3300,OPTSTK,98.5,940950,98.2,98.75,364950,150,150,LT,3300.0,CE,27-FEB-2025
2025-02-03 10:23:44.926093,LT27FEB25C3300,OPTSTK,98.7,940950,98.2,98.75,364950,150,150,LT,3300.0,CE,27-FEB-2025
2025-02-03 10:23:52.543264,LT27FEB25C3300,OPTSTK,98.9,945150,98.75,99.0,364950,150,300,LT,3300.0,CE,27-FEB-2025
2025-02-03 10:24:00.043997,LT27FEB25C3300,OPTSTK,98.15,945150,98.75,99.0,364950,150,300,LT,3300.0,CE,27-FEB-2025
2025-02-03 10:24:07.307141,LT27FEB25C3300,OPTSTK,97.2,945150,98.75,99.0,364950,150,300,LT,3300.0,CE,27-FEB-2025
2025-02-03 10:24:14.726965,LT27FEB25C3300,OPTSTK,97.0,945150,98.75,99.0,364950,150,300,LT,3300.0,CE,27-FEB-2025
2025-02-03 10:24:22.364621,LT27FEB25C3300,OPTSTK,97.0,950850,96.8,97.2,364950,150,150,LT,3300.0,CE,27-FEB-2025
2025-02-03 10:24:29.755665,LT27FEB25C3300,OPTSTK,97.1,950850,96.8,97.2,364950,150,150,LT,3300.0,CE,27-FEB-2025
2025-02-03 10:24:37.052856,LT27FEB25C3300,OPTSTK,97.8,950850,96.8,97.2,364950,150,150,LT,3300.0,CE,27-FEB-2025
2025-02-03 10:24:44.542676,LT27FEB25C3300,OPTSTK,97.55,953550,97.8,98.2,379650,750,150,LT,3300.0,CE,27-FEB-2025
2025-02-03 10:24:52.378731,LT27FEB25C3300,OPTSTK,97.6,953550,97.8,98.2,379650,750,150,LT,3300.0,CE,27-FEB-2025
2025-02-03 10:25:00.838252,LT27FEB25C3300,OPTSTK,97.6,957450,97.55,98.0,379650,150,150,LT,3300.0,CE,27-FEB-2025
2025-02-03 10:25:08.191938,LT27FEB25C3300,OPTSTK,97.7,957450,97.55,98.0,379650,150,150,LT,3300.0,CE,27-FEB-2025
2025-02-03 10:25:15.753799,LT27FEB25C3300,OPTSTK,97.7,957450,97.55,98.0,379650,150,150,LT,3300.0,CE,27-FEB-2025
2025-02-03 10:25:23.271680,LT27FEB25C3300,OPTSTK,97.6,957450,97.55,98.0,379650,150,150,LT,3300.0,CE,27-FEB-2025
2025-02-03 10:25:31.114095,LT27FEB25C3300,OPTSTK,97.0,958500,97.2,97.6,379650,150,300,LT,3300.0,CE,27-FEB-2025
2025-02-03 10:25:38.458326,LT27FEB25C3300,OPTSTK,97.0,958500,97.2,97.6,379650,150,300,LT,3300.0,CE,27-FEB-2025
2025-02-03 10:25:45.835804,LT27FEB25C3300,OPTSTK,97.0,958500,97.2,97.6,379650,150,300,LT,3300.0,CE,27-FEB-2025
2025-02-03 10:25:53.373129,LT27FEB25C3300,OPTSTK,98.15,962550,97.35,97.75,379650,150,150,LT,3300.0,CE,27-FEB-2025
2025-02-03 10:26:02.245233,LT27FEB25C3300,OPTSTK,98.6,962550,97.35,97.75,379650,150,150,LT,3300.0,CE,27-FEB-2025
2025-02-03 10:26:09.671504,LT27FEB25C3300,OPTSTK,99.0,963600,99.0,99.5,379650,150,150,LT,3300.0,CE,27-FEB-2025
2025-02-03 10:26:17.058369,LT27FEB25C3300,OPTSTK,99.0,963600,99.0,99.5,379650,150,150,LT,3300.0,CE,27-FEB-2025
2025-02-03 10:26:24.707697,LT27FEB25C3300,OPTSTK,98.0,963600,99.0,99.5,379650,150,150,LT,3300.0,CE,27-FEB-2025
2025-02-03 10:26:33.396854,LT27FEB25C3300,OPTSTK,98.1,964800,98.05,98.65,379650,150,450,LT,3300.0,CE,27-FEB-2025
2025-02-03 10:26:42.344861,LT27FEB25C3300,OPTSTK,97.95,964800,98.05,98.65,379650,150,450,LT,3300.0,CE,27-FEB-2025
2025-02-03 10:26:51.931419,LT27FEB25C3300,OPTSTK,98.0,967800,97.65,97.95,379650,150,150,LT,3300.0,CE,27-FEB-2025
2025-02-03 10:27:02.235984,LT27FEB25C3300,OPTSTK,98.05,967800,97.65,97.95,379650,150,150,LT,3300.0,CE,27-FEB-2025
2025-02-03 10:27:13.185328,LT27FEB25C3300,OPTSTK,97.65,967800,97.65,97.95,379650,150,150,LT,3300.0,CE,27-FEB-2025
2025-02-03 10:27:22.645118,LT27FEB25C3300,OPTSTK,98.2,976200,97.75,98.25,379650,150,150,LT,3300.0,CE,27-FEB-2025
2025-02-03 10:27:30.097339,LT27FEB25C3300,OPTSTK,98.25,976200,97.75,98.25,379650,150,150,LT,3300.0,CE,27-FEB-2025
2025-02-03 10:27:38.016688,LT27FEB25C3300,OPTSTK,99.0,976200,97.75,98.25,379650,150,150,LT,3300.0,CE,27-FEB-2025
2025-02-03 10:27:45.423692,LT27FEB25C3300,OPTSTK,98.25,977250,98.15,98.8,379650,300,300,LT,3300.0,CE,27-FEB-2025
2025-02-03 10:27:52.543148,LT27FEB25C3300,OPTSTK,98.6,977250,98.15,98.8,380100,300,300,LT,3300.0,CE,27-FEB-2025
2025-02-03 10:27:59.841599,LT27FEB25C3300,OPTSTK,99.5,977250,98.15,98.8,380100,300,300,LT,3300.0,CE,27-FEB-2025
2025-02-03 10:28:07.110348,LT27FEB25C3300,OPTSTK,98.9,981600,98.9,99.55,380100,150,150,LT,3300.0,CE,27-FEB-2025
2025-02-03 10:28:14.591597,LT27FEB25C3300,OPTSTK,98.05,981600,98.9,99.55,380100,150,150,LT,3300.0,CE,27-FEB-2025
2025-02-03 10:28:22.138321,LT27FEB25C3300,OPTSTK,99.0,981600,98.9,99.55,380100,150,150,LT,3300.0,CE,27-FEB-2025
2025-02-03 10:28:29.320161,LT27FEB25C3300,OPTSTK,99.55,987300,99.1,99.65,380100,150,150,LT,3300.0,CE,27-FEB-2025
2025-02-03 10:28:36.598619,LT27FEB25C3300,OPTSTK,99.55,987300,99.1,99.65,380100,150,150,LT,3300.0,CE,27-FEB-2025
2025-02-03 10:28:43.862333,LT27FEB25C3300,OPTSTK,99.55,987300,99.1,99.65,380100,150,150,LT,3300.0,CE,27-FEB-2025
2025-02-03 10:28:52.193863,LT27FEB25C3300,OPTSTK,98.25,991200,99.25,99.7,380100,150,300,LT,3300.0,CE,27-FEB-2025
2025-02-03 10:29:06.011085,LT27FEB25C3300,OPTSTK,98.7,992700,98.0,98.6,380100,1050,150,LT,3300.0,CE,27-FEB-2025
2025-02-03 10:29:18.686028,LT27FEB25C3300,OPTSTK,97.6,992700,98.0,98.6,380100,1050,150,LT,3300.0,CE,27-FEB-2025
2025-02-03 10:29:26.802774,LT27FEB25C3300,OPTSTK,97.4,992700,98.0,98.6,380100,1050,150,LT,3300.0,CE,27-FEB-2025
2025-02-03 10:29:34.444191,LT27FEB25C3300,OPTSTK,99.35,998850,98.8,99.35,380100,300,150,LT,3300.0,CE,27-FEB-2025
2025-02-03 10:29:47.331509,LT27FEB25C3300,OPTSTK,99.5,998850,98.8,99.35,380100,300,150,LT,3300.0,CE,27-FEB-2025
2025-02-03 10:29:55.543665,LT27FEB25C3300,OPTSTK,100.1,998850,98.8,99.35,380100,300,150,LT,3300.0,CE,27-FEB-2025
2025-02-03 10:30:03.028967,LT27FEB25C3300,OPTSTK,99.85,1002750,99.45,99.8,380100,150,150,LT,3300.0,CE,27-FEB-2025
2025-02-03 10:30:10.330164,LT27FEB25C3300,OPTSTK,100.6,1002750,99.45,99.8,380100,150,150,LT,3300.0,CE,27-FEB-2025
2025-02-03 10:30:17.771943,LT27FEB25C3300,OPTSTK,101.5,1002750,99.45,99.8,380100,150,150,LT,3300.0,CE,27-FEB-2025
2025-02-03 10:30:26.382670,LT27FEB25C3300,OPTSTK,101.0,1006950,101.15,101.55,380100,150,150,LT,3300.0,CE,27-FEB-2025
2025-02-03 10:30:33.583077,LT27FEB25C3300,OPTSTK,100.45,1006950,101.15,101.55,380100,150,150,LT,3300.0,CE,27-FEB-2025
2025-02-03 10:30:40.931621,LT27FEB25C3300,OPTSTK,101.1,1012800,101.0,101.45,380100,150,300,LT,3300.0,CE,27-FEB-2025
2025-02-03 10:30:48.442700,LT27FEB25C3300,OPTSTK,101.0,1012950,101.0,101.45,380100,450,150,LT,3300.0,CE,27-FEB-2025
2025-02-03 10:30:55.665085,LT27FEB25C3300,OPTSTK,101.0,1014300,100.5,101.0,382350,300,600,LT,3300.0,CE,27-FEB-2025
2025-02-03 10:31:02.919510,LT27FEB25C3300,OPTSTK,101.45,1014900,101.1,101.45,382350,150,150,LT,3300.0,CE,27-FEB-2025
2025-02-03 10:31:10.659177,LT27FEB25C3300,OPTSTK,101.0,1016850,100.6,101.25,382350,150,150,LT,3300.0,CE,27-FEB-2025
2025-02-03 10:31:17.999690,LT27FEB25C3300,OPTSTK,100.95,1017450,100.5,101.0,382350,150,300,LT,3300.0,CE,27-FEB-2025
2025-02-03 10:31:25.212012,LT27FEB25C3300,OPTSTK,101.05,1017900,100.85,101.35,382350,150,150,LT,3300.0,CE,27-FEB-2025
2025-02-03 10:31:32.599917,LT27FEB25C3300,OPTSTK,100.95,1018500,100.8,101.25,382350,150,150,LT,3300.0,CE,27-FEB-2025
2025-02-03 10:31:39.785422,LT27FEB25C3300,OPTSTK,101.4,1018650,100.85,101.3,382350,150,150,LT,3300.0,CE,27-FEB-2025
2025-02-03 10:31:47.504368,LT27FEB25C3300,OPTSTK,100.4,1041600,100.25,100.75,385800,150,150,LT,3300.0,CE,27-FEB-2025
2025-02-03 10:34:39.459336,LT27FEB25C3300,OPTSTK,100.4,1041600,100.25,100.75,385800,150,150,LT,3300.0,CE,27-FEB-2025
2025-02-03 10:34:47.380841,LT27FEB25C3300,OPTSTK,100.4,1041600,100.25,100.75,385800,150,150,LT,3300.0,CE,27-FEB-2025
2025-02-03 10:34:55.544434,LT27FEB25C3300,OPTSTK,101.0,1042350,100.9,101.3,385800,150,150,LT,3300.0,CE,27-FEB-2025
2025-02-03 10:35:02.912994,LT27FEB25C3300,OPTSTK,101.25,1042350,100.9,101.3,385800,150,150,LT,3300.0,CE,27-FEB-2025
2025-02-03 10:35:10.149801,LT27FEB25C3300,OPTSTK,101.0,1042350,100.9,101.3,385800,150,150,LT,3300.0,CE,27-FEB-2025
2025-02-03 10:35:17.465433,LT27FEB25C3300,OPTSTK,99.55,1060500,99.35,99.9,388650,150,150,LT,3300.0,CE,27-FEB-2025
2025-02-03 10:38:26.386442,LT27FEB25C3300,OPTSTK,99.1,1060500,99.35,99.9,388650,150,150,LT,3300.0,CE,27-FEB-2025
2025-02-03 10:38:34.112239,LT27FEB25C3300,OPTSTK,98.75,1060500,99.35,99.9,388650,150,150,LT,3300.0,CE,27-FEB-2025
2025-02-03 10:38:42.300738,LT27FEB25C3300,OPTSTK,98.0,1068300,98.0,98.35,388650,150,150,LT,3300.0,CE,27-FEB-2025
2025-02-03 10:38:50.063996,LT27FEB25C3300,OPTSTK,99.25,1068300,98.0,98.35,388650,150,150,LT,3300.0,CE,27-FEB-2025
2025-02-03 10:38:57.994676,LT27FEB25C3300,OPTSTK,100.65,1075950,100.25,100.6,398700,150,150,LT,3300.0,CE,27-FEB-2025
2025-02-03 10:40:50.489871,LT27FEB25C3300,OPTSTK,100.65,1075950,100.25,100.6,398700,150,150,LT,3300.0,CE,27-FEB-2025
2025-02-03 10:40:58.274419,LT27FEB25C3300,OPTSTK,100.05,1076700,100.1,100.6,398700,150,150,LT,3300.0,CE,27-FEB-2025
2025-02-03 10:41:06.782384,LT27FEB25C3300,OPTSTK,100.05,1076700,100.1,100.6,398700,150,150,LT,3300.0,CE,27-FEB-2025
2025-02-03 10:41:15.906003,LT27FEB25C3300,OPTSTK,99.0,1076700,100.1,100.6,398700,150,150,LT,3300.0,CE,27-FEB-2025
2025-02-03 10:41:23.291110,LT27FEB25C3300,OPTSTK,101.0,1105200,100.55,101.0,406650,150,150,LT,3300.0,CE,27-FEB-2025
2025-02-03 10:43:59.322773,LT27FEB25C3300,OPTSTK,101.7,1105200,100.55,101.0,406650,150,150,LT,3300.0,CE,27-FEB-2025
2025-02-03 10:44:07.423169,LT27FEB25C3300,OPTSTK,102.2,1106700,101.1,101.95,406650,450,150,LT,3300.0,CE,27-FEB-2025
2025-02-03 10:44:20.497011,LT27FEB25C3300,OPTSTK,101.45,1108050,101.4,101.9,406650,300,150,LT,3300.0,CE,27-FEB-2025
2025-02-03 10:44:31.557140,LT27FEB25C3300,OPTSTK,100.7,1108050,101.4,101.9,406650,300,150,LT,3300.0,CE,27-FEB-2025
2025-02-03 10:44:43.687728,LT27FEB25C3300,OPTSTK,100.7,1108050,101.4,101.9,406650,300,150,LT,3300.0,CE,27-FEB-2025
2025-02-03 10:44:52.224325,LT27FEB25C3300,OPTSTK,100.6,1111500,100.1,100.65,406650,150,150,LT,3300.0,CE,27-FEB-2025
2025-02-03 10:45:01.619077,LT27FEB25C3300,OPTSTK,100.05,1111500,100.1,100.65,406650,150,150,LT,3300.0,CE,27-FEB-2025
2025-02-03 10:45:09.453176,LT27FEB25C3300,OPTSTK,100.05,1113150,99.75,100.25,406650,300,600,LT,3300.0,CE,27-FEB-2025
2025-02-03 12:02:22.495489,LT27FEB25C3300,OPTSTK,96.55,1596300,96.55,97.1,492000,300,300,LT,3300.0,CE,27-FEB-2025
2025-02-03 12:02:29.160118,LT27FEB25C3300,OPTSTK,96.5,1596300,96.55,97.1,492000,300,300,LT,3300.0,CE,27-FEB-2025
2025-02-03 12:02:35.537620,LT27FEB25C3300,OPTSTK,96.55,1596300,96.55,97.1,492000,300,300,LT,3300.0,CE,27-FEB-2025
2025-02-03 12:02:41.835332,LT27FEB25C3300,OPTSTK,96.55,1596300,96.55,97.1,492000,300,300,LT,3300.0,CE,27-FEB-2025
2025-02-03 12:02:48.310071,LT27FEB25C3300,OPTSTK,96.6,1597650,96.55,97.1,492000,1650,300,LT,3300.0,CE,27-FEB-2025
2025-02-03 12:02:54.442539,LT27FEB25C3300,OPTSTK,96.6,1597650,96.55,97.1,492000,1650,300,LT,3300.0,CE,27-FEB-2025
2025-02-03 12:03:01.072712,LT27FEB25C3300,OPTSTK,96.8,1597650,96.55,97.1,492000,1650,300,LT,3300.0,CE,27-FEB-2025
2025-02-03 12:03:07.547840,LT27FEB25C3300,OPTSTK,96.3,1601400,96.3,96.7,492000,300,150,LT,3300.0,CE,27-FEB-2025
2025-02-03 12:03:14.798111,LT27FEB25C3300,OPTSTK,96.7,1601400,96.3,96.7,492000,300,150,LT,3300.0,CE,27-FEB-2025
2025-02-03 12:03:23.493666,LT27FEB25C3300,OPTSTK,96.95,1601400,96.3,96.7,492000,300,150,LT,3300.0,CE,27-FEB-2025
2025-02-03 12:03:31.167340,LT27FEB25C3300,OPTSTK,96.95,1601850,96.35,97.0,492000,150,150,LT,3300.0,CE,27-FEB-2025
2025-02-03 12:03:37.577525,LT27FEB25C3300,OPTSTK,96.85,1601850,96.35,97.0,492000,150,150,LT,3300.0,CE,27-FEB-2025
2025-02-03 12:03:44.256401,LT27FEB25C3300,OPTSTK,97.5,1601850,96.35,97.0,492000,150,150,LT,3300.0,CE,27-FEB-2025
2025-02-03 12:03:50.940092,LT27FEB25C3300,OPTSTK,97.1,1602900,97.1,97.85,492000,300,150,LT,3300.0,CE,27-FEB-2025
2025-02-03 12:03:57.496482,LT27FEB25C3300,OPTSTK,97.25,1602900,97.1,97.85,492000,300,150,LT,3300.0,CE,27-FEB-2025
2025-02-03 12:04:04.124672,LT27FEB25C3300,OPTSTK,97.7,1602900,97.1,97.85,499050,300,150,LT,3300.0,CE,27-FEB-2025
2025-02-03 12:04:10.517507,LT27FEB25C3300,OPTSTK,97.25,1603500,97.2,97.5,499050,150,150,LT,3300.0,CE,27-FEB-2025
2025-02-03 12:04:17.082864,LT27FEB25C3300,OPTSTK,97.3,1603500,97.2,97.5,499050,150,150,LT,3300.0,CE,27-FEB-2025
2025-02-03 12:04:23.491034,LT27FEB25C3300,OPTSTK,97.25,1603500,97.2,97.5,499050,150,150,LT,3300.0,CE,27-FEB-2025
2025-02-03 12:04:30.613074,LT27FEB25C3300,OPTSTK,97.5,1604850,97.35,97.7,499050,150,1800,LT,3300.0,CE,27-FEB-2025
2025-02-03 12:04:39.374480,LT27FEB25C3300,OPTSTK,97.8,1604850,97.35,97.7,499050,150,1800,LT,3300.0,CE,27-FEB-2025
2025-02-03 12:04:47.358396,LT27FEB25C3300,OPTSTK,97.8,1604850,97.35,97.7,499050,150,1800,LT,3300.0,CE,27-FEB-2025
2025-02-03 12:04:53.723411,LT27FEB25C3300,OPTSTK,97.5,1606950,97.55,97.95,499050,150,150,LT,3300.0,CE,27-FEB-2025
2025-02-03 12:05:00.218201,LT27FEB25C3300,OPTSTK,97.5,1606950,97.55,97.95,499050,150,150,LT,3300.0,CE,27-FEB-2025
2025-02-03 12:05:06.863694,LT27FEB25C3300,OPTSTK,97.35,1606950,97.55,97.95,499050,150,150,LT,3300.0,CE,27-FEB-2025
2025-02-03 12:05:13.487224,LT27FEB25C3300,OPTSTK,97.3,1608750,97.3,97.75,499050,300,150,LT,3300.0,CE,27-FEB-2025
2025-02-03 12:05:20.337355,LT27FEB25C3300,OPTSTK,97.5,1608750,97.3,97.75,499050,300,150,LT,3300.0,CE,27-FEB-2025
2025-02-03 12:05:27.104185,LT27FEB25C3300,OPTSTK,97.3,1608750,97.3,97.75,499050,300,150,LT,3300.0,CE,27-FEB-2025
2025-02-03 12:05:33.677661,LT27FEB25C3300,OPTSTK,97.35,1609650,97.0,97.4,499050,2850,150,LT,3300.0,CE,27-FEB-2025
2025-02-03 12:05:40.181061,LT27FEB25C3300,OPTSTK,97.35,1609650,97.0,97.4,499050,2850,150,LT,3300.0,CE,27-FEB-2025
2025-02-03 12:05:47.118992,LT27FEB25C3300,OPTSTK,97.0,1609650,97.0,97.4,499050,2850,150,LT,3300.0,CE,27-FEB-2025
2025-02-03 12:05:55.774945,LT27FEB25C3300,OPTSTK,96.25,1616400,95.85,96.35,499050,150,150,LT,3300.0,CE,27-FEB-2025
2025-02-03 12:06:03.408807,LT27FEB25C3300,OPTSTK,96.15,1616400,95.85,96.35,499050,150,150,LT,3300.0,CE,27-FEB-2025
2025-02-03 12:06:10.120414,LT27FEB25C3300,OPTSTK,96.35,1616400,95.85,96.35,499050,150,150,LT,3300.0,CE,27-FEB-2025
2025-02-03 12:06:17.162783,LT27FEB25C3300,OPTSTK,97.0,1617600,96.75,97.2,499050,600,150,LT,3300.0,CE,27-FEB-2025
2025-02-03 12:06:23.545967,LT27FEB25C3300,OPTSTK,97.0,1617600,96.75,97.2,499050,600,150,LT,3300.0,CE,27-FEB-2025
2025-02-03 12:06:30.116975,LT27FEB25C3300,OPTSTK,97.55,1617600,96.75,97.2,499050,600,150,LT,3300.0,CE,27-FEB-2025
2025-02-03 12:06:36.843339,LT27FEB25C3300,OPTSTK,96.15,1619700,96.05,96.55,499050,150,150,LT,3300.0,CE,27-FEB-2025
2025-02-03 12:06:43.874922,LT27FEB25C3300,OPTSTK,96.6,1619700,96.05,96.55,499050,150,150,LT,3300.0,CE,27-FEB-2025
2025-02-03 12:06:50.781930,LT27FEB25C3300,OPTSTK,96.6,1619700,96.05,96.55,499050,150,150,LT,3300.0,CE,27-FEB-2025
2025-02-03 12:06:59.984782,LT27FEB25C3300,OPTSTK,96.05,1620000,96.4,96.85,504600,300,450,LT,3300.0,CE,27-FEB-2025
2025-02-03 12:07:09.193038,LT27FEB25C3300,OPTSTK,96.05,1620000,96.4,96.85,504600,300,450,LT,3300.0,CE,27-FEB-2025
2025-02-03 12:07:16.901949,LT27FEB25C3300,OPTSTK,96.05,1620000,96.4,96.85,504600,300,450,LT,3300.0,CE,27-FEB-2025
2025-02-03 12:07:24.395123,LT27FEB25C3300,OPTSTK,96.0,1620900,95.65,96.25,504600,150,150,LT,3300.0,CE,27-FEB-2025
2025-02-03 12:07:31.915628,LT27FEB25C3300,OPTSTK,96.25,1620900,95.65,96.25,504600,150,150,LT,3300.0,CE,27-FEB-2025
2025-02-03 12:07:39.628928,LT27FEB25C3300,OPTSTK,96.25,1620900,95.65,96.25,504600,150,150,LT,3300.0,CE,27-FEB-2025
2025-02-03 12:07:46.876476,LT27FEB25C3300,OPTSTK,95.8,1621050,95.6,96.15,504600,150,300,LT,3300.0,CE,27-FEB-2025
2025-02-03 12:07:54.338502,LT27FEB25C3300,OPTSTK,95.8,1621050,95.6,96.15,504600,150,300,LT,3300.0,CE,27-FEB-2025
2025-02-03 12:08:01.752295,LT27FEB25C3300,OPTSTK,95.8,1621200,95.8,96.3,504600,450,300,LT,3300.0,CE,27-FEB-2025
2025-02-03 12:08:09.972501,LT27FEB25C3300,OPTSTK,95.8,1621200,95.8,96.3,504600,450,300,LT,3300.0,CE,27-FEB-2025
2025-02-03 12:08:17.972200,LT27FEB25C3300,OPTSTK,95.7,1621200,95.8,96.3,504600,450,300,LT,3300.0,CE,27-FEB-2025
2025-02-03 12:08:26.746816,LT27FEB25C3300,OPTSTK,94.65,1628850,94.7,95.2,504600,300,300,LT,3300.0,CE,27-FEB-2025
2025-02-03 12:08:34.261976,LT27FEB25C3300,OPTSTK,94.65,1628850,94.7,95.2,504600,300,300,LT,3300.0,CE,27-FEB-2025
2025-02-03 12:08:40.760716,LT27FEB25C3300,OPTSTK,95.0,1628850,94.7,95.2,504600,300,300,LT,3300.0,CE,27-FEB-2025
2025-02-03 12:08:47.420881,LT27FEB25C3300,OPTSTK,94.35,1632600,94.35,94.7,504600,150,300,LT,3300.0,CE,27-FEB-2025
2025-02-03 12:08:53.698292,LT27FEB25C3300,OPTSTK,94.3,1632600,94.35,94.7,504600,150,300,LT,3300.0,CE,27-FEB-2025
2025-02-03 12:09:00.068386,LT27FEB25C3300,OPTSTK,95.0,1632600,94.35,94.7,504600,150,300,LT,3300.0,CE,27-FEB-2025
2025-02-03 12:09:06.319953,LT27FEB25C3300,OPTSTK,94.8,1632600,94.35,94.7,504600,150,300,LT,3300.0,CE,27-FEB-2025
2025-02-03 12:09:12.515053,LT27FEB25C3300,OPTSTK,94.8,1633650,94.65,95.05,504600,450,450,LT,3300.0,CE,27-FEB-2025
2025-02-03 12:09:18.854341,LT27FEB25C3300,OPTSTK,94.8,1633650,94.65,95.05,504600,450,450,LT,3300.0,CE,27-FEB-2025
2025-02-03 12:09:25.053807,LT27FEB25C3300,OPTSTK,95.2,1633650,94.65,95.05,504600,450,450,LT,3300.0,CE,27-FEB-2025
2025-02-03 12:09:31.513459,LT27FEB25C3300,OPTSTK,95.2,1633800,95.1,95.65,504600,150,300,LT,3300.0,CE,27-FEB-2025
2025-02-03 12:09:39.324431,LT27FEB25C3300,OPTSTK,95.45,1633800,95.1,95.65,504600,150,300,LT,3300.0,CE,27-FEB-2025
2025-02-03 12:09:47.911842,LT27FEB25C3300,OPTSTK,95.65,1633800,95.1,95.65,504600,150,300,LT,3300.0,CE,27-FEB-2025
2025-02-03 12:09:55.334552,LT27FEB25C3300,OPTSTK,95.2,1635300,95.3,95.8,504600,300,300,LT,3300.0,CE,27-FEB-2025
2025-02-03 12:10:01.717189,LT27FEB25C3300,OPTSTK,95.2,1635300,95.3,95.8,504600,300,300,LT,3300.0,CE,27-FEB-2025
2025-02-03 12:10:08.135247,LT27FEB25C3300,OPTSTK,95.9,1635300,95.3,95.8,514800,300,300,LT,3300.0,CE,27-FEB-2025
2025-02-03 12:10:14.477131,LT27FEB25C3300,OPTSTK,95.2,1636200,95.2,95.6,514800,300,150,LT,3300.0,CE,27-FEB-2025
2025-02-03 12:10:20.703987,LT27FEB25C3300,OPTSTK,95.65,1636200,95.2,95.6,514800,300,150,LT,3300.0,CE,27-FEB-2025
2025-02-03 12:10:26.951573,LT27FEB25C3300,OPTSTK,95.4,1636200,95.2,95.6,514800,300,150,LT,3300.0,CE,27-FEB-2025
2025-02-03 12:10:33.174260,LT27FEB25C3300,OPTSTK,96.2,1640250,95.85,96.4,514800,150,150,LT,3300.0,CE,27-FEB-2025
2025-02-03 12:10:41.199737,LT27FEB25C3300,OPTSTK,96.4,1640250,95.85,96.4,514800,150,150,LT,3300.0,CE,27-FEB-2025
2025-02-03 12:10:47.779677,LT27FEB25C3300,OPTSTK,96.4,1640250,95.85,96.4,514800,150,150,LT,3300.0,CE,27-FEB-2025
2025-02-03 12:10:55.186393,LT27FEB25C3300,OPTSTK,96.95,1641150,96.9,97.4,514800,150,150,LT,3300.0,CE,27-FEB-2025
2025-02-03 12:11:03.632710,LT27FEB25C3300,OPTSTK,97.7,1641150,96.9,97.4,514800,150,150,LT,3300.0,CE,27-FEB-2025
2025-02-03 12:11:11.054897,LT27FEB25C3300,OPTSTK,97.8,1641150,96.9,97.4,514800,150,150,LT,3300.0,CE,27-FEB-2025
2025-02-03 12:11:17.364811,LT27FEB25C3300,OPTSTK,97.8,1642650,97.3,97.75,514800,150,150,LT,3300.0,CE,27-FEB-2025
2025-02-03 12:11:23.650592,LT27FEB25C3300,OPTSTK,97.65,1642650,97.3,97.75,514800,150,150,LT,3300.0,CE,27-FEB-2025
2025-02-03 12:11:29.838463,LT27FEB25C3300,OPTSTK,97.65,1642650,97.3,97.75,514800,150,150,LT,3300.0,CE,27-FEB-2025
2025-02-03 12:11:36.179363,LT27FEB25C3300,OPTSTK,97.4,1643400,97.45,97.95,514800,300,150,LT,3300.0,CE,27-FEB-2025
2025-02-03 12:11:42.521041,LT27FEB25C3300,OPTSTK,97.45,1643400,97.45,97.95,514800,300,150,LT,3300.0,CE,27-FEB-2025
2025-02-03 12:11:48.827884,LT27FEB25C3300,OPTSTK,97.45,1643400,97.45,97.95,514800,300,150,LT,3300.0,CE,27-FEB-2025
2025-02-03 12:11:55.420623,LT27FEB25C3300,OPTSTK,97.45,1643400,97.45,97.95,514800,300,150,LT,3300.0,CE,27-FEB-2025
2025-02-03 12:12:01.934417,LT27FEB25C3300,OPTSTK,97.45,1643700,97.5,97.95,514800,150,150,LT,3300.0,CE,27-FEB-2025
2025-02-03 12:12:08.113975,LT27FEB25C3300,OPTSTK,97.45,1643700,97.5,97.95,514800,150,150,LT,3300.0,CE,27-FEB-2025
2025-02-03 12:12:16.718988,LT27FEB25C3300,OPTSTK,97.05,1647150,97.0,97.45,514800,300,150,LT,3300.0,CE,27-FEB-2025
2025-02-03 12:12:24.389120,LT27FEB25C3300,OPTSTK,97.0,1647150,97.0,97.45,514800,300,150,LT,3300.0,CE,27-FEB-2025
2025-02-03 12:12:30.725101,LT27FEB25C3300,OPTSTK,97.2,1647150,97.0,97.45,514800,300,150,LT,3300.0,CE,27-FEB-2025
2025-02-03 12:12:36.882144,LT27FEB25C3300,OPTSTK,96.95,1647150,97.0,97.45,514800,300,150,LT,3300.0,CE,27-FEB-2025
2025-02-03 12:12:43.100752,LT27FEB25C3300,OPTSTK,97.0,1647900,96.95,97.4,514800,150,150,LT,3300.0,CE,27-FEB-2025
2025-02-03 12:12:49.447816,LT27FEB25C3300,OPTSTK,97.0,1647900,96.95,97.4,514800,150,150,LT,3300.0,CE,27-FEB-2025
2025-02-03 12:12:55.589660,LT27FEB25C3300,OPTSTK,97.1,1647900,96.95,97.4,514800,150,150,LT,3300.0,CE,27-FEB-2025
2025-02-03 12:13:01.720395,LT27FEB25C3300,OPTSTK,97.1,1648350,97.0,97.45,514800,300,300,LT,3300.0,CE,27-FEB-2025
2025-02-03 12:13:07.969203,LT27FEB25C3300,OPTSTK,97.4,1648350,97.0,97.45,515400,300,300,LT,3300.0,CE,27-FEB-2025
2025-02-03 12:13:14.706528,LT27FEB25C3300,OPTSTK,97.4,1648350,97.0,97.45,515400,300,300,LT,3300.0,CE,27-FEB-2025
2025-02-03 12:13:20.903039,LT27FEB25C3300,OPTSTK,97.4,1648800,97.45,97.8,515400,150,150,LT,3300.0,CE,27-FEB-2025
2025-02-03 12:13:28.713410,LT27FEB25C3300,OPTSTK,97.2,1648800,97.45,97.8,515400,150,150,LT,3300.0,CE,27-FEB-2025
2025-02-03 12:13:36.668911,LT27FEB25C3300,OPTSTK,97.2,1648800,97.45,97.8,515400,150,150,LT,3300.0,CE,27-FEB-2025
2025-02-03 12:13:43.715750,LT27FEB25C3300,OPTSTK,97.5,1650750,97.3,97.65,515400,150,300,LT,3300.0,CE,27-FEB-2025
2025-02-03 12:13:50.235930,LT27FEB25C3300,OPTSTK,97.5,1650750,97.3,97.65,515400,150,300,LT,3300.0,CE,27-FEB-2025
2025-02-03 12:13:56.587088,LT27FEB25C3300,OPTSTK,97.55,1650750,97.3,97.65,515400,150,300,LT,3300.0,CE,27-FEB-2025
2025-02-03 12:14:03.900102,LT27FEB25C3300,OPTSTK,98.15,1651350,97.4,97.8,515400,300,750,LT,3300.0,CE,27-FEB-2025
2025-02-03 12:14:10.448915,LT27FEB25C3300,OPTSTK,98.05,1651350,97.4,97.8,515400,300,750,LT,3300.0,CE,27-FEB-2025
2025-02-03 12:14:16.950709,LT27FEB25C3300,OPTSTK,98.05,1651350,97.4,97.8,515400,300,750,LT,3300.0,CE,27-FEB-2025
2025-02-03 12:14:24.541553,LT27FEB25C3300,OPTSTK,97.9,1660800,97.55,98.0,515400,150,150,LT,3300.0,CE,27-FEB-2025
2025-02-03 12:14:31.199731,LT27FEB25C3300,OPTSTK,97.7,1660800,97.55,98.0,515400,150,150,LT,3300.0,CE,27-FEB-2025
2025-02-03 12:14:37.751088,LT27FEB25C3300,OPTSTK,97.7,1660800,97.55,98.0,515400,150,150,LT,3300.0,CE,27-FEB-2025
2025-02-03 12:14:45.348502,LT27FEB25C3300,OPTSTK,98.15,1661250,98.0,98.55,515400,300,150,LT,3300.0,CE,27-FEB-2025
2025-02-03 12:14:53.406093,LT27FEB25C3300,OPTSTK,98.8,1661250,98.0,98.55,515400,300,150,LT,3300.0,CE,27-FEB-2025
2025-02-03 12:15:00.557362,LT27FEB25C3300,OPTSTK,98.4,1661250,98.0,98.55,515400,300,150,LT,3300.0,CE,27-FEB-2025
2025-02-03 12:15:06.799970,LT27FEB25C3300,OPTSTK,98.5,1661250,98.0,98.55,515400,300,150,LT,3300.0,CE,27-FEB-2025
2025-02-03 12:15:13.157010,LT27FEB25C3300,OPTSTK,98.5,1662750,98.3,98.75,515400,150,150,LT,3300.0,CE,27-FEB-2025
2025-02-03 12:15:20.203286,LT27FEB25C3300,OPTSTK,98.5,1662750,98.3,98.75,515400,150,150,LT,3300.0,CE,27-FEB-2025
2025-02-03 12:15:26.946202,LT27FEB25C3300,OPTSTK,98.8,1662750,98.3,98.75,515400,150,150,LT,3300.0,CE,27-FEB-2025
2025-02-03 12:15:33.487346,LT27FEB25C3300,OPTSTK,98.8,1663050,98.5,98.75,515400,450,300,LT,3300.0,CE,27-FEB-2025
2025-02-03 12:15:39.976742,LT27FEB25C3300,OPTSTK,98.65,1663050,98.5,98.75,515400,450,300,LT,3300.0,CE,27-FEB-2025
2025-02-03 12:15:46.500406,LT27FEB25C3300,OPTSTK,98.8,1663050,98.5,98.75,515400,450,300,LT,3300.0,CE,27-FEB-2025
2025-02-03 13:09:08.160236,LT27FEB25C3300,OPTSTK,89.1,2045100,89.15,89.6,606150,150,450,LT,3300.0,CE,27-FEB-2025
2025-02-03 13:10:54.982493,LT27FEB25C3300,OPTSTK,90.0,2059650,89.55,89.95,609000,300,150,LT,3300.0,CE,27-FEB-2025
2025-02-03 13:11:01.483146,LT27FEB25C3300,OPTSTK,89.55,2059650,89.55,89.95,609000,300,150,LT,3300.0,CE,27-FEB-2025
2025-02-03 13:12:06.975173,LT27FEB25C3300,OPTSTK,90.3,2063550,89.6,89.95,609000,150,150,LT,3300.0,CE,27-FEB-2025
2025-02-03 13:12:13.563337,LT27FEB25C3300,OPTSTK,90.3,2063550,89.6,89.95,609000,150,150,LT,3300.0,CE,27-FEB-2025
2025-02-03 13:12:21.566476,LT27FEB25C3300,OPTSTK,90.2,2064000,90.0,90.35,609000,150,150,LT,3300.0,CE,27-FEB-2025
2025-02-03 13:12:28.095515,LT27FEB25C3300,OPTSTK,90.2,2064000,90.0,90.35,609000,150,150,LT,3300.0,CE,27-FEB-2025
2025-02-03 13:12:35.248046,LT27FEB25C3300,OPTSTK,90.05,2064000,90.0,90.35,609000,150,150,LT,3300.0,CE,27-FEB-2025
2025-02-03 13:12:41.351801,LT27FEB25C3300,OPTSTK,90.3,2064000,90.0,90.35,609000,150,150,LT,3300.0,CE,27-FEB-2025
2025-02-03 13:12:48.725243,LT27FEB25C3300,OPTSTK,90.4,2064450,90.0,90.45,609000,900,300,LT,3300.0,CE,27-FEB-2025
2025-02-03 13:12:57.061552,LT27FEB25C3300,OPTSTK,90.45,2064450,90.0,90.45,609000,900,300,LT,3300.0,CE,27-FEB-2025
2025-02-03 13:13:04.976348,LT27FEB25C3300,OPTSTK,90.45,2065350,90.1,90.45,609000,150,150,LT,3300.0,CE,27-FEB-2025
2025-02-03 13:13:11.519569,LT27FEB25C3300,OPTSTK,90.5,2065350,90.1,90.45,609000,150,150,LT,3300.0,CE,27-FEB-2025
2025-02-03 13:13:17.996264,LT27FEB25C3300,OPTSTK,90.1,2065350,90.1,90.45,612150,150,150,LT,3300.0,CE,27-FEB-2025
2025-02-03 13:13:23.973374,LT27FEB25C3300,OPTSTK,90.1,2065350,90.1,90.45,612150,150,150,LT,3300.0,CE,27-FEB-2025
2025-02-03 13:13:30.210383,LT27FEB25C3300,OPTSTK,90.15,2067600,90.2,90.65,612150,150,150,LT,3300.0,CE,27-FEB-2025
2025-02-03 13:13:36.333333,LT27FEB25C3300,OPTSTK,90.15,2067600,90.2,90.65,612150,150,150,LT,3300.0,CE,27-FEB-2025
2025-02-03 13:13:42.779416,LT27FEB25C3300,OPTSTK,90.15,2067600,90.2,90.65,612150,150,150,LT,3300.0,CE,27-FEB-2025
2025-02-03 13:13:49.069028,LT27FEB25C3300,OPTSTK,90.0,2068050,90.0,90.2,612150,300,300,LT,3300.0,CE,27-FEB-2025
2025-02-03 13:13:56.673382,LT27FEB25C3300,OPTSTK,90.0,2068050,90.0,90.2,612150,300,300,LT,3300.0,CE,27-FEB-2025
2025-02-03 13:14:03.740793,LT27FEB25C3300,OPTSTK,89.75,2068050,90.0,90.2,612150,300,300,LT,3300.0,CE,27-FEB-2025
2025-02-03 13:14:12.348317,LT27FEB25C3300,OPTSTK,89.5,2069100,89.5,89.9,612150,450,150,LT,3300.0,CE,27-FEB-2025
2025-02-03 13:14:19.787887,LT27FEB25C3300,OPTSTK,89.5,2069100,89.5,89.9,612150,450,150,LT,3300.0,CE,27-FEB-2025
2025-02-03 13:14:26.030632,LT27FEB25C3300,OPTSTK,89.1,2069100,89.5,89.9,612150,450,150,LT,3300.0,CE,27-FEB-2025
2025-02-03 13:14:32.362911,LT27FEB25C3300,OPTSTK,89.1,2069100,89.5,89.9,612150,450,150,LT,3300.0,CE,27-FEB-2025
2025-02-03 13:14:38.639461,LT27FEB25C3300,OPTSTK,89.1,2070450,89.25,89.65,612150,150,450,LT,3300.0,CE,27-FEB-2025
2025-02-03 13:14:45.013626,LT27FEB25C3300,OPTSTK,90.0,2070450,89.25,89.65,612150,150,450,LT,3300.0,CE,27-FEB-2025
2025-02-03 13:14:51.861991,LT27FEB25C3300,OPTSTK,90.0,2070450,89.25,89.65,612150,150,450,LT,3300.0,CE,27-FEB-2025
2025-02-03 13:14:58.180985,LT27FEB25C3300,OPTSTK,90.0,2072100,90.0,90.25,612150,1200,150,LT,3300.0,CE,27-FEB-2025
2025-02-03 13:15:04.440904,LT27FEB25C3300,OPTSTK,90.3,2072100,90.0,90.25,612150,1200,150,LT,3300.0,CE,27-FEB-2025
2025-02-03 13:15:10.692247,LT27FEB25C3300,OPTSTK,90.3,2072100,90.0,90.25,612150,1200,150,LT,3300.0,CE,27-FEB-2025
2025-02-03 13:15:16.824503,LT27FEB25C3300,OPTSTK,90.0,2073300,90.0,90.4,612150,1650,150,LT,3300.0,CE,27-FEB-2025
2025-02-03 13:15:25.123495,LT27FEB25C3300,OPTSTK,90.0,2073300,90.0,90.4,612150,1650,150,LT,3300.0,CE,27-FEB-2025
2025-02-03 13:15:33.459915,LT27FEB25C3300,OPTSTK,90.0,2073300,90.0,90.4,612150,1650,150,LT,3300.0,CE,27-FEB-2025
2025-02-03 13:15:41.032587,LT27FEB25C3300,OPTSTK,89.9,2077500,89.45,89.9,612150,300,150,LT,3300.0,CE,27-FEB-2025
2025-02-03 13:15:47.244282,LT27FEB25C3300,OPTSTK,90.0,2077500,89.45,89.9,612150,300,150,LT,3300.0,CE,27-FEB-2025
2025-02-03 13:15:53.472636,LT27FEB25C3300,OPTSTK,90.0,2077500,89.45,89.9,612150,300,150,LT,3300.0,CE,27-FEB-2025
2025-02-03 13:15:59.925373,LT27FEB25C3300,OPTSTK,89.55,2079150,89.6,90.1,612150,150,450,LT,3300.0,CE,27-FEB-2025
2025-02-03 13:16:06.191434,LT27FEB25C3300,OPTSTK,89.55,2079150,89.6,90.1,612150,150,450,LT,3300.0,CE,27-FEB-2025
2025-02-03 13:16:12.849391,LT27FEB25C3300,OPTSTK,91.0,2079150,89.6,90.1,612150,150,450,LT,3300.0,CE,27-FEB-2025
2025-02-03 13:16:19.924427,LT27FEB25C3300,OPTSTK,90.35,2081400,90.3,90.7,618300,150,300,LT,3300.0,CE,27-FEB-2025
2025-02-03 13:16:27.248636,LT27FEB25C3300,OPTSTK,90.35,2081400,90.3,90.7,618300,150,300,LT,3300.0,CE,27-FEB-2025
2025-02-03 13:16:33.824304,LT27FEB25C3300,OPTSTK,90.35,2081400,90.3,90.7,618300,150,300,LT,3300.0,CE,27-FEB-2025
2025-02-03 13:16:40.847391,LT27FEB25C3300,OPTSTK,90.35,2081400,90.3,90.7,618300,150,300,LT,3300.0,CE,27-FEB-2025
2025-02-03 13:16:47.548584,LT27FEB25C3300,OPTSTK,90.35,2081400,90.35,90.7,618300,300,450,LT,3300.0,CE,27-FEB-2025
2025-02-03 13:16:54.136902,LT27FEB25C3300,OPTSTK,90.35,2081400,90.35,90.7,618300,300,450,LT,3300.0,CE,27-FEB-2025
2025-02-03 13:17:00.585656,LT27FEB25C3300,OPTSTK,90.35,2081400,90.35,90.7,618300,300,450,LT,3300.0,CE,27-FEB-2025
2025-02-03 13:17:06.941623,LT27FEB25C3300,OPTSTK,91.0,2082450,90.25,90.65,618300,300,150,LT,3300.0,CE,27-FEB-2025
2025-02-03 13:17:14.289780,LT27FEB25C3300,OPTSTK,91.0,2082450,90.25,90.65,618300,300,150,LT,3300.0,CE,27-FEB-2025
2025-02-03 13:17:20.676920,LT27FEB25C3300,OPTSTK,91.0,2082450,90.25,90.65,618300,300,150,LT,3300.0,CE,27-FEB-2025
2025-02-03 13:17:27.089729,LT27FEB25C3300,OPTSTK,91.0,2083800,90.85,91.2,618300,150,150,LT,3300.0,CE,27-FEB-2025
2025-02-03 13:17:33.395518,LT27FEB25C3300,OPTSTK,91.25,2083800,90.85,91.2,618300,150,150,LT,3300.0,CE,27-FEB-2025
2025-02-03 13:17:39.779757,LT27FEB25C3300,OPTSTK,91.2,2083800,90.85,91.2,618300,150,150,LT,3300.0,CE,27-FEB-2025
2025-02-03 13:17:46.092434,LT27FEB25C3300,OPTSTK,91.05,2083800,90.85,91.2,618300,150,150,LT,3300.0,CE,27-FEB-2025
2025-02-03 13:17:52.429219,LT27FEB25C3300,OPTSTK,91.2,2085150,91.2,91.5,618300,150,150,LT,3300.0,CE,27-FEB-2025
2025-02-03 13:17:59.188757,LT27FEB25C3300,OPTSTK,91.65,2085150,91.2,91.5,618300,150,150,LT,3300.0,CE,27-FEB-2025
2025-02-03 13:18:05.694481,LT27FEB25C3300,OPTSTK,91.5,2085150,91.2,91.5,618300,150,150,LT,3300.0,CE,27-FEB-2025
2025-02-03 13:18:12.204483,LT27FEB25C3300,OPTSTK,91.35,2090700,91.05,91.35,618300,450,150,LT,3300.0,CE,27-FEB-2025
2025-02-03 13:18:18.494409,LT27FEB25C3300,OPTSTK,90.6,2090700,91.05,91.35,618300,450,150,LT,3300.0,CE,27-FEB-2025
2025-02-03 13:18:24.702243,LT27FEB25C3300,OPTSTK,90.75,2090700,91.05,91.35,618300,450,150,LT,3300.0,CE,27-FEB-2025
2025-02-03 13:18:31.123235,LT27FEB25C3300,OPTSTK,90.6,2090700,91.05,91.35,618300,450,150,LT,3300.0,CE,27-FEB-2025
2025-02-03 13:18:37.634491,LT27FEB25C3300,OPTSTK,92.35,2092650,90.6,90.95,618300,450,150,LT,3300.0,CE,27-FEB-2025
2025-02-03 13:18:43.953525,LT27FEB25C3300,OPTSTK,92.35,2092650,90.6,90.95,618300,450,150,LT,3300.0,CE,27-FEB-2025
2025-02-03 13:18:50.535270,LT27FEB25C3300,OPTSTK,92.35,2092650,90.6,90.95,618300,450,150,LT,3300.0,CE,27-FEB-2025
2025-02-03 13:18:56.951202,LT27FEB25C3300,OPTSTK,92.35,2097450,92.1,92.5,618300,150,150,LT,3300.0,CE,27-FEB-2025
2025-02-03 13:19:03.489672,LT27FEB25C3300,OPTSTK,90.95,2097450,92.1,92.5,618300,150,150,LT,3300.0,CE,27-FEB-2025
2025-02-03 13:19:09.942267,LT27FEB25C3300,OPTSTK,91.6,2097450,92.1,92.5,618300,150,150,LT,3300.0,CE,27-FEB-2025
2025-02-03 13:19:16.323081,LT27FEB25C3300,OPTSTK,91.45,2099550,91.0,91.45,616500,450,300,LT,3300.0,CE,27-FEB-2025
2025-02-03 13:19:22.741035,LT27FEB25C3300,OPTSTK,91.4,2099550,91.0,91.45,616500,450,300,LT,3300.0,CE,27-FEB-2025
2025-02-03 13:19:29.070981,LT27FEB25C3300,OPTSTK,91.4,2099550,91.0,91.45,616500,450,300,LT,3300.0,CE,27-FEB-2025
2025-02-03 13:19:35.456421,LT27FEB25C3300,OPTSTK,91.0,2099550,91.0,91.45,616500,450,300,LT,3300.0,CE,27-FEB-2025
2025-02-03 13:19:42.188868,LT27FEB25C3300,OPTSTK,90.75,2100750,90.7,90.9,616500,150,150,LT,3300.0,CE,27-FEB-2025
2025-02-03 13:19:48.724003,LT27FEB25C3300,OPTSTK,90.05,2100750,90.7,90.9,616500,150,150,LT,3300.0,CE,27-FEB-2025
2025-02-03 13:19:55.083237,LT27FEB25C3300,OPTSTK,90.5,2100750,90.7,90.9,616500,150,150,LT,3300.0,CE,27-FEB-2025
2025-02-03 13:20:01.518622,LT27FEB25C3300,OPTSTK,90.6,2103600,90.4,91.05,616500,150,150,LT,3300.0,CE,27-FEB-2025
2025-02-03 13:20:07.924854,LT27FEB25C3300,OPTSTK,90.6,2103600,90.4,91.05,616500,150,150,LT,3300.0,CE,27-FEB-2025
2025-02-03 13:20:14.281806,LT27FEB25C3300,OPTSTK,91.0,2103600,90.4,91.05,616500,150,150,LT,3300.0,CE,27-FEB-2025
2025-02-03 13:20:20.721747,LT27FEB25C3300,OPTSTK,90.55,2103600,90.4,91.05,616500,150,150,LT,3300.0,CE,27-FEB-2025
2025-02-03 13:20:27.127637,LT27FEB25C3300,OPTSTK,90.9,2104050,90.65,90.95,616500,150,150,LT,3300.0,CE,27-FEB-2025
2025-02-03 13:20:33.692291,LT27FEB25C3300,OPTSTK,90.6,2104050,90.65,90.95,616500,150,150,LT,3300.0,CE,27-FEB-2025
2025-02-03 13:20:40.066753,LT27FEB25C3300,OPTSTK,90.6,2104050,90.65,90.95,616500,150,150,LT,3300.0,CE,27-FEB-2025
2025-02-03 13:20:46.297966,LT27FEB25C3300,OPTSTK,91.45,2104800,91.25,91.85,616500,600,150,LT,3300.0,CE,27-FEB-2025
2025-02-03 13:20:52.523648,LT27FEB25C3300,OPTSTK,91.45,2104800,91.25,91.85,616500,600,150,LT,3300.0,CE,27-FEB-2025
2025-02-03 13:20:58.935701,LT27FEB25C3300,OPTSTK,91.45,2104800,91.25,91.85,616500,600,150,LT,3300.0,CE,27-FEB-2025
2025-02-03 13:21:05.269726,LT27FEB25C3300,OPTSTK,90.5,2104800,91.25,91.85,616500,600,150,LT,3300.0,CE,27-FEB-2025
2025-02-03 13:21:11.578966,LT27FEB25C3300,OPTSTK,90.6,2110200,90.2,90.65,616500,300,150,LT,3300.0,CE,27-FEB-2025
2025-02-03 13:21:17.965591,LT27FEB25C3300,OPTSTK,90.85,2110200,90.2,90.65,616500,300,150,LT,3300.0,CE,27-FEB-2025
2025-02-03 13:21:24.369142,LT27FEB25C3300,OPTSTK,90.85,2110200,90.2,90.65,616500,300,150,LT,3300.0,CE,27-FEB-2025
2025-02-03 13:21:30.767186,LT27FEB25C3300,OPTSTK,90.6,2110800,90.4,90.6,616500,150,150,LT,3300.0,CE,27-FEB-2025
2025-02-03 13:21:37.194889,LT27FEB25C3300,OPTSTK,90.9,2110800,90.4,90.6,616500,150,150,LT,3300.0,CE,27-FEB-2025
2025-02-03 13:21:45.611640,LT27FEB25C3300,OPTSTK,90.7,2110800,90.4,90.6,616500,150,150,LT,3300.0,CE,27-FEB-2025
2025-02-03 13:21:53.409303,LT27FEB25C3300,OPTSTK,90.7,2111700,90.45,90.9,616500,300,150,LT,3300.0,CE,27-FEB-2025
2025-02-03 13:22:00.596889,LT27FEB25C3300,OPTSTK,90.1,2111700,90.45,90.9,616500,300,150,LT,3300.0,CE,27-FEB-2025
2025-02-03 13:22:06.963403,LT27FEB25C3300,OPTSTK,89.55,2111700,90.45,90.9,616500,300,150,LT,3300.0,CE,27-FEB-2025
2025-02-03 13:22:13.247029,LT27FEB25C3300,OPTSTK,89.55,2111700,90.45,90.9,616500,300,150,LT,3300.0,CE,27-FEB-2025
2025-02-03 13:22:19.515639,LT27FEB25C3300,OPTSTK,89.5,2116350,89.55,89.85,625500,300,150,LT,3300.0,CE,27-FEB-2025
2025-02-03 13:22:26.114069,LT27FEB25C3300,OPTSTK,89.15,2116350,89.55,89.85,625500,300,150,LT,3300.0,CE,27-FEB-2025
2025-02-03 13:22:34.816071,LT27FEB25C3300,OPTSTK,89.15,2116350,89.55,89.85,625500,300,150,LT,3300.0,CE,27-FEB-2025
2025-02-03 13:22:42.011673,LT27FEB25C3300,OPTSTK,89.35,2118600,89.15,89.55,625500,150,150,LT,3300.0,CE,27-FEB-2025
2025-02-03 13:22:50.413868,LT27FEB25C3300,OPTSTK,89.35,2118600,89.15,89.55,625500,150,150,LT,3300.0,CE,27-FEB-2025
2025-02-03 13:22:58.795152,LT27FEB25C3300,OPTSTK,89.9,2119050,89.35,89.8,625500,150,150,LT,3300.0,CE,27-FEB-2025
2025-02-03 13:23:06.166247,LT27FEB25C3300,OPTSTK,89.95,2119050,89.35,89.8,625500,150,150,LT,3300.0,CE,27-FEB-2025
2025-02-03 13:23:13.435098,LT27FEB25C3300,OPTSTK,89.3,2119050,89.35,89.8,625500,150,150,LT,3300.0,CE,27-FEB-2025
2025-02-03 13:23:19.737294,LT27FEB25C3300,OPTSTK,89.15,2119800,89.2,89.75,625500,150,450,LT,3300.0,CE,27-FEB-2025
2025-02-03 13:23:26.037675,LT27FEB25C3300,OPTSTK,89.1,2119800,89.2,89.75,625500,150,450,LT,3300.0,CE,27-FEB-2025
2025-02-03 13:23:32.450346,LT27FEB25C3300,OPTSTK,88.35,2119800,89.2,89.75,625500,150,450,LT,3300.0,CE,27-FEB-2025
2025-02-03 13:23:38.745201,LT27FEB25C3300,OPTSTK,88.35,2121900,88.1,88.45,625500,150,150,LT,3300.0,CE,27-FEB-2025
2025-02-03 13:23:45.011329,LT27FEB25C3300,OPTSTK,88.35,2121900,88.1,88.45,625500,150,150,LT,3300.0,CE,27-FEB-2025
2025-02-03 13:23:51.329648,LT27FEB25C3300,OPTSTK,89.0,2121900,88.1,88.45,625500,150,150,LT,3300.0,CE,27-FEB-2025
2025-02-03 13:23:57.715341,LT27FEB25C3300,OPTSTK,89.0,2121900,88.1,88.45,625500,150,150,LT,3300.0,CE,27-FEB-2025
2025-02-03 13:24:03.991662,LT27FEB25C3300,OPTSTK,88.35,2122650,88.35,88.8,625500,150,150,LT,3300.0,CE,27-FEB-2025
2025-02-03 13:24:10.444109,LT27FEB25C3300,OPTSTK,89.15,2122650,88.35,88.8,625500,150,150,LT,3300.0,CE,27-FEB-2025
2025-02-03 13:24:16.883577,LT27FEB25C3300,OPTSTK,89.4,2122650,88.35,88.8,625500,150,150,LT,3300.0,CE,27-FEB-2025
2025-02-03 13:24:23.272892,LT27FEB25C3300,OPTSTK,89.7,2124000,89.6,89.95,625500,150,150,LT,3300.0,CE,27-FEB-2025
2025-02-03 13:24:29.606585,LT27FEB25C3300,OPTSTK,89.7,2124000,89.6,89.95,625500,150,150,LT,3300.0,CE,27-FEB-2025
2025-02-03 13:24:36.071258,LT27FEB25C3300,OPTSTK,89.35,2124000,89.6,89.95,625500,150,150,LT,3300.0,CE,27-FEB-2025
2025-02-03 13:24:42.465993,LT27FEB25C3300,OPTSTK,89.35,2124600,89.7,90.0,625500,300,450,LT,3300.0,CE,27-FEB-2025
2025-02-03 13:24:48.880176,LT27FEB25C3300,OPTSTK,89.2,2124600,89.7,90.0,625500,300,450,LT,3300.0,CE,27-FEB-2025
2025-02-03 13:24:55.232481,LT27FEB25C3300,OPTSTK,89.45,2124600,89.7,90.0,625500,300,450,LT,3300.0,CE,27-FEB-2025
2025-02-03 13:25:01.620597,LT27FEB25C3300,OPTSTK,89.45,2124600,89.7,90.0,625500,300,450,LT,3300.0,CE,27-FEB-2025
2025-02-03 13:25:08.045240,LT27FEB25C3300,OPTSTK,89.45,2127450,89.6,89.95,625500,300,150,LT,3300.0,CE,27-FEB-2025
2025-02-03 13:25:14.511115,LT27FEB25C3300,OPTSTK,89.45,2127450,89.6,89.95,625500,300,150,LT,3300.0,CE,27-FEB-2025
2025-02-03 13:25:20.936597,LT27FEB25C3300,OPTSTK,89.3,2127450,89.6,89.95,626550,300,150,LT,3300.0,CE,27-FEB-2025
2025-02-03 13:25:27.235767,LT27FEB25C3300,OPTSTK,90.15,2129550,90.15,90.7,626550,300,300,LT,3300.0,CE,27-FEB-2025
2025-02-03 13:25:33.955168,LT27FEB25C3300,OPTSTK,90.2,2129550,90.15,90.7,626550,300,300,LT,3300.0,CE,27-FEB-2025
2025-02-03 13:25:40.226864,LT27FEB25C3300,OPTSTK,90.2,2129550,90.15,90.7,626550,300,300,LT,3300.0,CE,27-FEB-2025
2025-02-03 13:25:46.674480,LT27FEB25C3300,OPTSTK,90.2,2129550,90.15,90.7,626550,300,300,LT,3300.0,CE,27-FEB-2025
2025-02-03 13:25:53.103587,LT27FEB25C3300,OPTSTK,89.9,2130450,90.3,90.85,626550,150,450,LT,3300.0,CE,27-FEB-2025
2025-02-03 13:25:59.481253,LT27FEB25C3300,OPTSTK,90.0,2130450,90.3,90.85,626550,150,450,LT,3300.0,CE,27-FEB-2025
2025-02-03 13:26:05.887218,LT27FEB25C3300,OPTSTK,89.5,2130450,90.3,90.85,626550,150,450,LT,3300.0,CE,27-FEB-2025
2025-02-03 13:26:12.232531,LT27FEB25C3300,OPTSTK,90.0,2132400,89.45,90.15,626550,300,150,LT,3300.0,CE,27-FEB-2025
2025-02-03 13:26:18.602633,LT27FEB25C3300,OPTSTK,89.0,2132400,89.45,90.15,626550,300,150,LT,3300.0,CE,27-FEB-2025
2025-02-03 13:26:24.907325,LT27FEB25C3300,OPTSTK,89.4,2132400,89.45,90.15,626550,300,150,LT,3300.0,CE,27-FEB-2025
2025-02-03 13:26:31.279470,LT27FEB25C3300,OPTSTK,89.9,2133450,89.1,89.55,626550,150,150,LT,3300.0,CE,27-FEB-2025
2025-02-03 13:26:37.643416,LT27FEB25C3300,OPTSTK,89.9,2133450,89.1,89.55,626550,150,150,LT,3300.0,CE,27-FEB-2025
2025-02-03 13:26:43.905396,LT27FEB25C3300,OPTSTK,88.55,2133450,89.1,89.55,626550,150,150,LT,3300.0,CE,27-FEB-2025
2025-02-03 13:26:50.448558,LT27FEB25C3300,OPTSTK,87.9,2133450,89.1,89.55,626550,150,150,LT,3300.0,CE,27-FEB-2025
2025-02-03 13:26:56.759444,LT27FEB25C3300,OPTSTK,87.9,2137200,88.05,88.45,626550,150,150,LT,3300.0,CE,27-FEB-2025
2025-02-03 13:27:03.205867,LT27FEB25C3300,OPTSTK,88.2,2137200,88.05,88.45,626550,150,150,LT,3300.0,CE,27-FEB-2025
2025-02-03 13:27:09.608901,LT27FEB25C3300,OPTSTK,88.2,2137200,88.05,88.45,626550,150,150,LT,3300.0,CE,27-FEB-2025
2025-02-03 13:27:15.992246,LT27FEB25C3300,OPTSTK,88.65,2137650,88.4,88.9,626550,600,300,LT,3300.0,CE,27-FEB-2025
2025-02-03 13:27:22.241878,LT27FEB25C3300,OPTSTK,88.65,2137650,88.4,88.9,626550,600,300,LT,3300.0,CE,27-FEB-2025
2025-02-03 13:27:28.578825,LT27FEB25C3300,OPTSTK,88.15,2137650,88.4,88.9,626550,600,300,LT,3300.0,CE,27-FEB-2025
2025-02-03 13:27:34.895150,LT27FEB25C3300,OPTSTK,88.0,2137650,88.4,88.9,626550,600,300,LT,3300.0,CE,27-FEB-2025
2025-02-03 13:27:41.179431,LT27FEB25C3300,OPTSTK,87.9,2139450,87.9,88.25,626550,300,150,LT,3300.0,CE,27-FEB-2025
2025-02-03 13:27:47.484989,LT27FEB25C3300,OPTSTK,88.0,2139450,87.9,88.25,626550,300,150,LT,3300.0,CE,27-FEB-2025
2025-02-03 13:27:53.827029,LT27FEB25C3300,OPTSTK,88.0,2139450,87.9,88.25,626550,300,150,LT,3300.0,CE,27-FEB-2025
2025-02-03 13:28:00.246651,LT27FEB25C3300,OPTSTK,87.1,2141400,87.3,87.7,626550,150,150,LT,3300.0,CE,27-FEB-2025
2025-02-03 13:28:06.657008,LT27FEB25C3300,OPTSTK,87.1,2141400,87.3,87.7,626550,150,150,LT,3300.0,CE,27-FEB-2025
2025-02-03 13:28:12.926536,LT27FEB25C3300,OPTSTK,87.0,2141400,87.3,87.7,626550,150,150,LT,3300.0,CE,27-FEB-2025
2025-02-03 13:28:19.215588,LT27FEB25C3300,OPTSTK,87.15,2141400,87.3,87.7,629400,150,150,LT,3300.0,CE,27-FEB-2025
2025-02-03 13:28:25.477776,LT27FEB25C3300,OPTSTK,87.15,2145450,86.65,87.15,629400,300,300,LT,3300.0,CE,27-FEB-2025
2025-02-03 13:28:31.959401,LT27FEB25C3300,OPTSTK,86.85,2145450,86.65,87.15,629400,300,300,LT,3300.0,CE,27-FEB-2025
2025-02-03 13:28:38.379396,LT27FEB25C3300,OPTSTK,87.0,2145450,86.65,87.15,629400,300,300,LT,3300.0,CE,27-FEB-2025
2025-02-03 13:28:44.649387,LT27FEB25C3300,OPTSTK,87.0,2145450,86.65,87.15,629400,300,300,LT,3300.0,CE,27-FEB-2025
2025-02-03 13:28:51.137134,LT27FEB25C3300,OPTSTK,87.0,2147100,86.45,87.0,629400,300,300,LT,3300.0,CE,27-FEB-2025
2025-02-03 13:28:57.390700,LT27FEB25C3300,OPTSTK,87.0,2147100,86.45,87.0,629400,300,300,LT,3300.0,CE,27-FEB-2025
2025-02-03 13:29:03.739733,LT27FEB25C3300,OPTSTK,87.6,2147100,86.45,87.0,629400,300,300,LT,3300.0,CE,27-FEB-2025
2025-02-03 13:29:10.166623,LT27FEB25C3300,OPTSTK,88.0,2147400,87.6,87.95,629400,450,150,LT,3300.0,CE,27-FEB-2025
2025-02-03 13:29:16.430368,LT27FEB25C3300,OPTSTK,87.55,2147400,87.6,87.95,629400,450,150,LT,3300.0,CE,27-FEB-2025
2025-02-03 13:29:22.797471,LT27FEB25C3300,OPTSTK,87.55,2147400,87.6,87.95,629400,450,150,LT,3300.0,CE,27-FEB-2025
2025-02-03 13:29:29.132470,LT27FEB25C3300,OPTSTK,88.25,2147400,87.6,87.95,629400,450,150,LT,3300.0,CE,27-FEB-2025
2025-02-03 13:29:35.501497,LT27FEB25C3300,OPTSTK,88.25,2149350,87.8,88.35,629400,300,150,LT,3300.0,CE,27-FEB-2025
2025-02-03 13:29:42.049420,LT27FEB25C3300,OPTSTK,88.25,2149350,87.8,88.35,629400,300,150,LT,3300.0,CE,27-FEB-2025
2025-02-03 13:29:48.405768,LT27FEB25C3300,OPTSTK,88.2,2149350,87.8,88.35,629400,300,150,LT,3300.0,CE,27-FEB-2025
2025-02-03 13:29:55.216080,LT27FEB25C3300,OPTSTK,88.3,2149800,87.9,88.5,629400,300,150,LT,3300.0,CE,27-FEB-2025
2025-02-03 13:30:01.849137,LT27FEB25C3300,OPTSTK,88.3,2149800,87.9,88.5,629400,300,150,LT,3300.0,CE,27-FEB-2025
2025-02-03 13:30:08.522307,LT27FEB25C3300,OPTSTK,88.3,2149800,87.9,88.5,629400,300,150,LT,3300.0,CE,27-FEB-2025
2025-02-03 13:30:14.949345,LT27FEB25C3300,OPTSTK,88.4,2149800,87.9,88.5,629400,300,150,LT,3300.0,CE,27-FEB-2025
2025-02-03 13:30:21.328275,LT27FEB25C3300,OPTSTK,88.4,2149950,88.35,88.85,629400,150,300,LT,3300.0,CE,27-FEB-2025
2025-02-03 13:30:27.677861,LT27FEB25C3300,OPTSTK,87.55,2149950,88.35,88.85,629400,150,300,LT,3300.0,CE,27-FEB-2025
2025-02-03 13:30:33.937628,LT27FEB25C3300,OPTSTK,87.0,2149950,88.35,88.85,629400,150,300,LT,3300.0,CE,27-FEB-2025
2025-02-03 13:30:40.456545,LT27FEB25C3300,OPTSTK,87.15,2152650,87.45,87.95,629400,150,150,LT,3300.0,CE,27-FEB-2025
2025-02-03 13:30:46.744297,LT27FEB25C3300,OPTSTK,88.45,2152650,87.45,87.95,629400,150,150,LT,3300.0,CE,27-FEB-2025
2025-02-03 13:30:53.227541,LT27FEB25C3300,OPTSTK,88.45,2152650,87.45,87.95,629400,150,150,LT,3300.0,CE,27-FEB-2025
2025-02-03 13:30:59.570261,LT27FEB25C3300,OPTSTK,88.35,2152650,87.45,87.95,629400,150,150,LT,3300.0,CE,27-FEB-2025
2025-02-03 13:31:05.938707,LT27FEB25C3300,OPTSTK,87.15,2152950,87.6,88.1,629400,150,150,LT,3300.0,CE,27-FEB-2025
2025-02-03 13:31:12.427546,LT27FEB25C3300,OPTSTK,87.15,2152950,87.6,88.1,629400,150,150,LT,3300.0,CE,27-FEB-2025
2025-02-03 13:31:18.754869,LT27FEB25C3300,OPTSTK,87.0,2152950,87.6,88.1,633450,150,150,LT,3300.0,CE,27-FEB-2025
2025-02-03 13:31:25.398575,LT27FEB25C3300,OPTSTK,87.15,2154150,87.0,87.4,633450,150,150,LT,3300.0,CE,27-FEB-2025
2025-02-03 13:31:31.850946,LT27FEB25C3300,OPTSTK,87.45,2154150,87.0,87.4,633450,150,150,LT,3300.0,CE,27-FEB-2025
2025-02-03 13:31:38.170677,LT27FEB25C3300,OPTSTK,87.85,2154150,87.0,87.4,633450,150,150,LT,3300.0,CE,27-FEB-2025
2025-02-03 13:31:44.533036,LT27FEB25C3300,OPTSTK,88.3,2156100,87.45,87.95,633450,150,150,LT,3300.0,CE,27-FEB-2025
2025-02-03 13:31:50.661512,LT27FEB25C3300,OPTSTK,88.85,2156100,87.45,87.95,633450,150,150,LT,3300.0,CE,27-FEB-2025
2025-02-03 13:31:56.975323,LT27FEB25C3300,OPTSTK,88.85,2156100,87.45,87.95,633450,150,150,LT,3300.0,CE,27-FEB-2025
2025-02-03 13:32:03.433601,LT27FEB25C3300,OPTSTK,89.0,2156100,87.45,87.95,633450,150,150,LT,3300.0,CE,27-FEB-2025
2025-02-03 13:32:09.815768,LT27FEB25C3300,OPTSTK,88.95,2157150,88.25,88.8,633450,150,150,LT,3300.0,CE,27-FEB-2025
2025-02-03 13:32:16.195632,LT27FEB25C3300,OPTSTK,89.3,2157150,88.25,88.8,633450,150,150,LT,3300.0,CE,27-FEB-2025
2025-02-03 13:32:22.525494,LT27FEB25C3300,OPTSTK,90.0,2157150,88.25,88.8,633450,150,150,LT,3300.0,CE,27-FEB-2025
2025-02-03 13:32:28.802589,LT27FEB25C3300,OPTSTK,90.6,2160000,90.4,90.85,633450,150,900,LT,3300.0,CE,27-FEB-2025
2025-02-03 13:32:35.031458,LT27FEB25C3300,OPTSTK,90.85,2160000,90.4,90.85,633450,150,900,LT,3300.0,CE,27-FEB-2025
2025-02-03 13:32:41.362662,LT27FEB25C3300,OPTSTK,90.85,2160000,90.4,90.85,633450,150,900,LT,3300.0,CE,27-FEB-2025
2025-02-03 13:32:47.735677,LT27FEB25C3300,OPTSTK,90.85,2160000,90.4,90.85,633450,150,900,LT,3300.0,CE,27-FEB-2025
2025-02-03 13:32:54.066884,LT27FEB25C3300,OPTSTK,90.85,2161200,90.45,90.95,633450,150,150,LT,3300.0,CE,27-FEB-2025
2025-02-03 13:33:00.476345,LT27FEB25C3300,OPTSTK,90.85,2161200,90.45,90.95,633450,150,150,LT,3300.0,CE,27-FEB-2025
2025-02-03 13:33:06.737518,LT27FEB25C3300,OPTSTK,91.1,2161200,90.45,90.95,633450,150,150,LT,3300.0,CE,27-FEB-2025
2025-02-03 13:33:13.098293,LT27FEB25C3300,OPTSTK,90.0,2162400,90.15,90.7,633450,150,150,LT,3300.0,CE,27-FEB-2025
2025-02-03 13:33:19.280985,LT27FEB25C3300,OPTSTK,89.8,2162400,90.15,90.7,633450,150,150,LT,3300.0,CE,27-FEB-2025
2025-02-03 13:33:25.696656,LT27FEB25C3300,OPTSTK,89.75,2162400,90.15,90.7,633450,150,150,LT,3300.0,CE,27-FEB-2025
2025-02-03 13:33:32.027087,LT27FEB25C3300,OPTSTK,89.75,2163600,89.3,89.85,633450,300,300,LT,3300.0,CE,27-FEB-2025
2025-02-03 13:33:38.447995,LT27FEB25C3300,OPTSTK,90.0,2163600,89.3,89.85,633450,300,300,LT,3300.0,CE,27-FEB-2025
2025-02-03 13:33:44.699612,LT27FEB25C3300,OPTSTK,89.4,2163600,89.3,89.85,633450,300,300,LT,3300.0,CE,27-FEB-2025
2025-02-03 13:33:51.137495,LT27FEB25C3300,OPTSTK,89.4,2163600,89.3,89.85,633450,300,300,LT,3300.0,CE,27-FEB-2025
2025-02-03 13:33:57.577585,LT27FEB25C3300,OPTSTK,89.3,2165100,89.3,89.65,633450,150,150,LT,3300.0,CE,27-FEB-2025
2025-02-03 13:34:03.879203,LT27FEB25C3300,OPTSTK,89.3,2165100,89.3,89.65,633450,150,150,LT,3300.0,CE,27-FEB-2025
2025-02-03 13:34:10.400728,LT27FEB25C3300,OPTSTK,89.55,2165100,89.3,89.65,633450,150,150,LT,3300.0,CE,27-FEB-2025
2025-02-03 13:34:17.179686,LT27FEB25C3300,OPTSTK,89.55,2165400,89.05,89.5,633450,150,150,LT,3300.0,CE,27-FEB-2025
2025-02-03 13:34:23.565431,LT27FEB25C3300,OPTSTK,89.55,2165400,89.05,89.5,633450,150,150,LT,3300.0,CE,27-FEB-2025
2025-02-03 13:34:30.026211,LT27FEB25C3300,OPTSTK,89.15,2165400,89.05,89.5,634800,150,150,LT,3300.0,CE,27-FEB-2025
2025-02-03 13:34:36.769623,LT27FEB25C3300,OPTSTK,88.35,2181300,88.0,88.4,634800,150,300,LT,3300.0,CE,27-FEB-2025
2025-02-03 13:34:43.329271,LT27FEB25C3300,OPTSTK,88.35,2181300,88.0,88.4,634800,150,300,LT,3300.0,CE,27-FEB-2025
2025-02-03 13:34:49.622739,LT27FEB25C3300,OPTSTK,88.55,2181300,88.0,88.4,634800,150,300,LT,3300.0,CE,27-FEB-2025
2025-02-03 13:34:56.069824,LT27FEB25C3300,OPTSTK,88.95,2181300,88.0,88.4,634800,150,300,LT,3300.0,CE,27-FEB-2025
2025-02-03 13:35:02.538746,LT27FEB25C3300,OPTSTK,89.0,2181750,88.7,89.15,634800,150,300,LT,3300.0,CE,27-FEB-2025
2025-02-03 13:35:08.860746,LT27FEB25C3300,OPTSTK,89.0,2181750,88.7,89.15,634800,150,300,LT,3300.0,CE,27-FEB-2025
2025-02-03 13:35:15.247464,LT27FEB25C3300,OPTSTK,89.1,2181750,88.7,89.15,634800,150,300,LT,3300.0,CE,27-FEB-2025
2025-02-03 13:35:21.700431,LT27FEB25C3300,OPTSTK,89.15,2182350,89.0,89.35,634800,750,150,LT,3300.0,CE,27-FEB-2025
2025-02-03 13:35:28.051769,LT27FEB25C3300,OPTSTK,89.15,2182350,89.0,89.35,634800,750,150,LT,3300.0,CE,27-FEB-2025
2025-02-03 13:35:34.355864,LT27FEB25C3300,OPTSTK,89.15,2182350,89.0,89.35,634800,750,150,LT,3300.0,CE,27-FEB-2025
2025-02-03 13:35:40.632978,LT27FEB25C3300,OPTSTK,89.5,2182350,89.0,89.35,634800,750,150,LT,3300.0,CE,27-FEB-2025
2025-02-03 13:35:47.053947,LT27FEB25C3300,OPTSTK,89.95,2183850,89.4,89.85,634800,150,150,LT,3300.0,CE,27-FEB-2025
2025-02-03 13:35:53.409147,LT27FEB25C3300,OPTSTK,89.5,2183850,89.4,89.85,634800,150,150,LT,3300.0,CE,27-FEB-2025
2025-02-03 13:35:59.713466,LT27FEB25C3300,OPTSTK,88.0,2183850,89.4,89.85,634800,150,150,LT,3300.0,CE,27-FEB-2025
2025-02-03 13:36:06.069166,LT27FEB25C3300,OPTSTK,88.0,2187150,88.05,88.5,634800,450,300,LT,3300.0,CE,27-FEB-2025
2025-02-03 13:36:12.482074,LT27FEB25C3300,OPTSTK,88.85,2187150,88.05,88.5,634800,450,300,LT,3300.0,CE,27-FEB-2025
2025-02-03 13:36:18.926472,LT27FEB25C3300,OPTSTK,88.85,2187150,88.05,88.5,634800,450,300,LT,3300.0,CE,27-FEB-2025
2025-02-03 13:36:25.244098,LT27FEB25C3300,OPTSTK,88.45,2187150,88.05,88.5,634800,450,300,LT,3300.0,CE,27-FEB-2025
2025-02-03 13:36:31.641257,LT27FEB25C3300,OPTSTK,89.2,2187600,88.5,89.05,634800,450,300,LT,3300.0,CE,27-FEB-2025
2025-02-03 13:36:37.993028,LT27FEB25C3300,OPTSTK,89.2,2187600,88.5,89.05,634800,450,300,LT,3300.0,CE,27-FEB-2025
2025-02-03 13:36:44.299454,LT27FEB25C3300,OPTSTK,89.55,2187600,88.5,89.05,634800,450,300,LT,3300.0,CE,27-FEB-2025
2025-02-03 13:36:50.650866,LT27FEB25C3300,OPTSTK,89.25,2189250,89.45,89.95,634800,150,300,LT,3300.0,CE,27-FEB-2025
2025-02-03 13:36:56.869086,LT27FEB25C3300,OPTSTK,89.25,2189250,89.45,89.95,634800,150,300,LT,3300.0,CE,27-FEB-2025
2025-02-03 13:37:03.290320,LT27FEB25C3300,OPTSTK,89.8,2189250,89.45,89.95,634800,150,300,LT,3300.0,CE,27-FEB-2025
2025-02-03 13:37:09.572748,LT27FEB25C3300,OPTSTK,89.55,2189250,89.45,89.95,634800,150,300,LT,3300.0,CE,27-FEB-2025
2025-02-03 13:37:15.849105,LT27FEB25C3300,OPTSTK,89.3,2189550,89.2,89.75,634800,150,300,LT,3300.0,CE,27-FEB-2025
2025-02-03 13:37:22.269099,LT27FEB25C3300,OPTSTK,89.3,2189550,89.2,89.75,640350,150,300,LT,3300.0,CE,27-FEB-2025
2025-02-03 13:37:28.508410,LT27FEB25C3300,OPTSTK,89.55,2189550,89.2,89.75,640350,150,300,LT,3300.0,CE,27-FEB-2025
2025-02-03 13:37:34.739856,LT27FEB25C3300,OPTSTK,89.55,2190150,89.0,89.45,640350,150,300,LT,3300.0,CE,27-FEB-2025
2025-02-03 13:37:41.022193,LT27FEB25C3300,OPTSTK,89.3,2190150,89.0,89.45,640350,150,300,LT,3300.0,CE,27-FEB-2025
2025-02-03 13:37:47.293923,LT27FEB25C3300,OPTSTK,89.3,2190150,89.0,89.45,640350,150,300,LT,3300.0,CE,27-FEB-2025
2025-02-03 13:37:53.702605,LT27FEB25C3300,OPTSTK,89.3,2190450,89.1,89.6,640350,150,300,LT,3300.0,CE,27-FEB-2025
2025-02-03 13:38:00.082619,LT27FEB25C3300,OPTSTK,89.3,2190450,89.1,89.6,640350,150,300,LT,3300.0,CE,27-FEB-2025
2025-02-03 13:38:06.423651,LT27FEB25C3300,OPTSTK,89.3,2190450,89.1,89.6,640350,150,300,LT,3300.0,CE,27-FEB-2025
2025-02-03 13:38:12.871353,LT27FEB25C3300,OPTSTK,90.0,2190450,89.1,89.6,640350,150,300,LT,3300.0,CE,27-FEB-2025
2025-02-03 13:38:19.139078,LT27FEB25C3300,OPTSTK,90.7,2190900,90.35,90.8,640350,150,150,LT,3300.0,CE,27-FEB-2025
2025-02-03 13:38:25.385056,LT27FEB25C3300,OPTSTK,90.0,2190900,90.35,90.8,640350,150,150,LT,3300.0,CE,27-FEB-2025
2025-02-03 13:38:31.869549,LT27FEB25C3300,OPTSTK,91.0,2190900,90.35,90.8,640350,150,150,LT,3300.0,CE,27-FEB-2025
2025-02-03 13:38:38.246110,LT27FEB25C3300,OPTSTK,90.95,2193600,90.45,91.0,640350,150,600,LT,3300.0,CE,27-FEB-2025
2025-02-03 13:38:44.616826,LT27FEB25C3300,OPTSTK,90.65,2193600,90.45,91.0,640350,150,600,LT,3300.0,CE,27-FEB-2025
2025-02-03 13:38:50.965497,LT27FEB25C3300,OPTSTK,91.0,2193600,90.45,91.0,640350,150,600,LT,3300.0,CE,27-FEB-2025
2025-02-03 13:38:57.374829,LT27FEB25C3300,OPTSTK,91.1,2193600,90.45,91.0,640350,150,600,LT,3300.0,CE,27-FEB-2025
2025-02-03 13:39:03.749054,LT27FEB25C3300,OPTSTK,91.1,2198400,90.9,91.2,640350,750,150,LT,3300.0,CE,27-FEB-2025
2025-02-03 13:39:10.287048,LT27FEB25C3300,OPTSTK,91.2,2198400,90.9,91.2,640350,750,150,LT,3300.0,CE,27-FEB-2025
2025-02-03 13:39:16.663125,LT27FEB25C3300,OPTSTK,91.75,2198400,90.9,91.2,640350,750,150,LT,3300.0,CE,27-FEB-2025
2025-02-03 13:39:23.190593,LT27FEB25C3300,OPTSTK,91.75,2198850,91.6,92.0,640350,150,3150,LT,3300.0,CE,27-FEB-2025
2025-02-03 13:39:29.579070,LT27FEB25C3300,OPTSTK,91.95,2198850,91.6,92.0,640350,150,3150,LT,3300.0,CE,27-FEB-2025
2025-02-03 13:39:35.742607,LT27FEB25C3300,OPTSTK,91.95,2198850,91.6,92.0,640350,150,3150,LT,3300.0,CE,27-FEB-2025
2025-02-03 13:39:41.914067,LT27FEB25C3300,OPTSTK,91.4,2199750,91.3,91.75,640350,150,150,LT,3300.0,CE,27-FEB-2025
2025-02-03 13:39:48.261605,LT27FEB25C3300,OPTSTK,91.75,2199750,91.3,91.75,640350,150,150,LT,3300.0,CE,27-FEB-2025
2025-02-03 13:39:54.583904,LT27FEB25C3300,OPTSTK,91.45,2199750,91.3,91.75,640350,150,150,LT,3300.0,CE,27-FEB-2025
2025-02-03 13:40:00.908780,LT27FEB25C3300,OPTSTK,91.5,2199750,91.3,91.75,640350,150,150,LT,3300.0,CE,27-FEB-2025
2025-02-03 13:40:07.244180,LT27FEB25C3300,OPTSTK,92.0,2200200,91.5,91.7,640350,150,300,LT,3300.0,CE,27-FEB-2025
2025-02-03 13:40:13.620991,LT27FEB25C3300,OPTSTK,92.3,2200200,91.5,91.7,640350,150,300,LT,3300.0,CE,27-FEB-2025
2025-02-03 13:40:22.978843,LT27FEB25C3300,OPTSTK,92.3,2206500,92.0,92.4,632250,150,150,LT,3300.0,CE,27-FEB-2025
2025-02-03 13:40:30.999431,LT27FEB25C3300,OPTSTK,92.25,2206500,92.0,92.4,632250,150,150,LT,3300.0,CE,27-FEB-2025
2025-02-03 13:40:37.608657,LT27FEB25C3300,OPTSTK,92.25,2206500,92.0,92.4,632250,150,150,LT,3300.0,CE,27-FEB-2025
2025-02-03 13:40:44.003231,LT27FEB25C3300,OPTSTK,91.55,2206500,92.0,92.4,632250,150,150,LT,3300.0,CE,27-FEB-2025
2025-02-03 13:40:50.527353,LT27FEB25C3300,OPTSTK,91.55,2207400,91.85,92.2,632250,150,150,LT,3300.0,CE,27-FEB-2025
2025-02-03 13:40:56.827175,LT27FEB25C3300,OPTSTK,92.2,2207400,91.85,92.2,632250,150,150,LT,3300.0,CE,27-FEB-2025
2025-02-03 13:41:03.280140,LT27FEB25C3300,OPTSTK,91.8,2207400,91.85,92.2,632250,150,150,LT,3300.0,CE,27-FEB-2025
2025-02-03 13:41:09.791663,LT27FEB25C3300,OPTSTK,92.0,2208300,91.7,92.15,632250,150,150,LT,3300.0,CE,27-FEB-2025
2025-02-03 13:41:16.361517,LT27FEB25C3300,OPTSTK,91.85,2208300,91.7,92.15,632250,150,150,LT,3300.0,CE,27-FEB-2025
2025-02-03 13:41:22.728350,LT27FEB25C3300,OPTSTK,91.95,2208300,91.7,92.15,632250,150,150,LT,3300.0,CE,27-FEB-2025
2025-02-03 13:41:29.129600,LT27FEB25C3300,OPTSTK,91.8,2208300,91.7,92.15,632250,150,150,LT,3300.0,CE,27-FEB-2025
2025-02-03 13:41:35.774764,LT27FEB25C3300,OPTSTK,91.8,2209200,91.6,92.0,632250,150,150,LT,3300.0,CE,27-FEB-2025
2025-02-03 13:41:42.260726,LT27FEB25C3300,OPTSTK,91.85,2209200,91.6,92.0,632250,150,150,LT,3300.0,CE,27-FEB-2025
2025-02-03 13:41:48.694064,LT27FEB25C3300,OPTSTK,91.85,2209200,91.6,92.0,632250,150,150,LT,3300.0,CE,27-FEB-2025
2025-02-03 13:41:55.134784,LT27FEB25C3300,OPTSTK,91.85,2209950,91.4,91.8,632250,300,150,LT,3300.0,CE,27-FEB-2025
2025-02-03 13:42:01.706268,LT27FEB25C3300,OPTSTK,91.2,2209950,91.4,91.8,632250,300,150,LT,3300.0,CE,27-FEB-2025
2025-02-03 13:42:08.135313,LT27FEB25C3300,OPTSTK,91.5,2209950,91.4,91.8,632250,300,150,LT,3300.0,CE,27-FEB-2025
2025-02-03 13:42:14.631053,LT27FEB25C3300,OPTSTK,91.1,2211450,90.6,91.1,632250,150,300,LT,3300.0,CE,27-FEB-2025
2025-02-03 13:42:20.950351,LT27FEB25C3300,OPTSTK,91.1,2211450,90.6,91.1,632250,150,300,LT,3300.0,CE,27-FEB-2025
2025-02-03 13:42:27.527588,LT27FEB25C3300,OPTSTK,90.55,2211450,90.6,91.1,632250,150,300,LT,3300.0,CE,27-FEB-2025
2025-02-03 13:42:34.313046,LT27FEB25C3300,OPTSTK,91.0,2211450,90.6,91.1,632250,150,300,LT,3300.0,CE,27-FEB-2025
2025-02-03 13:42:40.849557,LT27FEB25C3300,OPTSTK,90.85,2212650,90.55,90.85,632250,300,150,LT,3300.0,CE,27-FEB-2025
2025-02-03 13:42:47.516875,LT27FEB25C3300,OPTSTK,91.35,2212650,90.55,90.85,632250,300,150,LT,3300.0,CE,27-FEB-2025
2025-02-03 13:42:53.957091,LT27FEB25C3300,OPTSTK,91.3,2212650,90.55,90.85,632250,300,150,LT,3300.0,CE,27-FEB-2025
2025-02-03 13:43:00.371546,LT27FEB25C3300,OPTSTK,91.95,2213550,91.1,91.55,632250,450,150,LT,3300.0,CE,27-FEB-2025
2025-02-03 13:43:06.802858,LT27FEB25C3300,OPTSTK,91.85,2213550,91.1,91.55,632250,450,150,LT,3300.0,CE,27-FEB-2025
2025-02-03 13:43:13.141390,LT27FEB25C3300,OPTSTK,91.85,2213550,91.1,91.55,632250,450,150,LT,3300.0,CE,27-FEB-2025
2025-02-03 13:43:19.738011,LT27FEB25C3300,OPTSTK,91.75,2216700,91.4,91.95,632250,150,300,LT,3300.0,CE,27-FEB-2025
2025-02-03 13:43:26.112298,LT27FEB25C3300,OPTSTK,91.75,2216700,91.4,91.95,633300,150,300,LT,3300.0,CE,27-FEB-2025
2025-02-03 13:43:32.570289,LT27FEB25C3300,OPTSTK,92.05,2216700,91.4,91.95,633300,150,300,LT,3300.0,CE,27-FEB-2025
2025-02-03 13:43:39.042248,LT27FEB25C3300,OPTSTK,92.45,2219100,92.05,92.45,633300,150,150,LT,3300.0,CE,27-FEB-2025
2025-02-03 13:43:45.673878,LT27FEB25C3300,OPTSTK,92.45,2219100,92.05,92.45,633300,150,150,LT,3300.0,CE,27-FEB-2025
2025-02-03 13:43:52.046364,LT27FEB25C3300,OPTSTK,92.05,2219100,92.05,92.45,633300,150,150,LT,3300.0,CE,27-FEB-2025
2025-02-03 13:43:58.664684,LT27FEB25C3300,OPTSTK,92.0,2219100,92.05,92.45,633300,150,150,LT,3300.0,CE,27-FEB-2025
2025-02-03 13:44:05.106813,LT27FEB25C3300,OPTSTK,92.5,2219700,91.8,92.35,633300,300,300,LT,3300.0,CE,27-FEB-2025
2025-02-03 13:44:11.514649,LT27FEB25C3300,OPTSTK,92.5,2219700,91.8,92.35,633300,300,300,LT,3300.0,CE,27-FEB-2025
2025-02-03 13:44:17.858176,LT27FEB25C3300,OPTSTK,92.65,2219700,91.8,92.35,633300,300,300,LT,3300.0,CE,27-FEB-2025
2025-02-03 13:44:24.216071,LT27FEB25C3300,OPTSTK,92.0,2221350,92.25,92.7,633300,150,150,LT,3300.0,CE,27-FEB-2025
2025-02-03 13:44:30.590624,LT27FEB25C3300,OPTSTK,91.95,2221350,92.25,92.7,633300,150,150,LT,3300.0,CE,27-FEB-2025
2025-02-03 13:44:37.003797,LT27FEB25C3300,OPTSTK,92.0,2221350,92.25,92.7,633300,150,150,LT,3300.0,CE,27-FEB-2025
2025-02-03 13:44:43.690580,LT27FEB25C3300,OPTSTK,92.0,2225250,91.65,92.1,633300,150,150,LT,3300.0,CE,27-FEB-2025
2025-02-03 13:44:50.570522,LT27FEB25C3300,OPTSTK,92.0,2225250,91.65,92.1,633300,150,150,LT,3300.0,CE,27-FEB-2025
2025-02-03 13:44:56.863615,LT27FEB25C3300,OPTSTK,92.2,2225250,91.65,92.1,633300,150,150,LT,3300.0,CE,27-FEB-2025
2025-02-03 13:45:03.512921,LT27FEB25C3300,OPTSTK,91.85,2225250,91.65,92.1,633300,150,150,LT,3300.0,CE,27-FEB-2025
2025-02-03 13:45:09.969216,LT27FEB25C3300,OPTSTK,91.85,2226900,91.45,91.95,633300,300,150,LT,3300.0,CE,27-FEB-2025
2025-02-03 13:45:17.931817,LT27FEB25C3300,OPTSTK,91.45,2226900,91.45,91.95,633300,300,150,LT,3300.0,CE,27-FEB-2025
2025-02-03 13:45:24.236705,LT27FEB25C3300,OPTSTK,92.0,2226900,91.45,91.95,633300,300,150,LT,3300.0,CE,27-FEB-2025
2025-02-03 13:45:30.698340,LT27FEB25C3300,OPTSTK,92.0,2227200,91.95,92.45,633300,300,150,LT,3300.0,CE,27-FEB-2025
2025-02-03 13:45:37.168483,LT27FEB25C3300,OPTSTK,92.4,2227200,91.95,92.45,633300,300,150,LT,3300.0,CE,27-FEB-2025
2025-02-03 13:45:43.574498,LT27FEB25C3300,OPTSTK,92.0,2227200,91.95,92.45,633300,300,150,LT,3300.0,CE,27-FEB-2025
2025-02-03 13:45:50.171044,LT27FEB25C3300,OPTSTK,92.0,2228550,91.65,92.1,633300,150,150,LT,3300.0,CE,27-FEB-2025
2025-02-03 13:45:58.158653,LT27FEB25C3300,OPTSTK,92.0,2228550,91.65,92.1,633300,150,150,LT,3300.0,CE,27-FEB-2025
2025-02-03 13:46:04.803411,LT27FEB25C3300,OPTSTK,92.0,2228550,91.65,92.1,633300,150,150,LT,3300.0,CE,27-FEB-2025
2025-02-03 13:46:11.517452,LT27FEB25C3300,OPTSTK,92.0,2229000,91.25,91.7,633300,300,150,LT,3300.0,CE,27-FEB-2025
2025-02-03 13:46:18.200862,LT27FEB25C3300,OPTSTK,91.45,2229000,91.25,91.7,633300,300,150,LT,3300.0,CE,27-FEB-2025
2025-02-03 13:46:26.032605,LT27FEB25C3300,OPTSTK,91.45,2229000,91.25,91.7,633300,300,150,LT,3300.0,CE,27-FEB-2025
2025-02-03 13:46:32.542317,LT27FEB25C3300,OPTSTK,91.45,2230050,91.5,91.85,634200,150,150,LT,3300.0,CE,27-FEB-2025
2025-02-03 13:46:39.482012,LT27FEB25C3300,OPTSTK,91.45,2230050,91.5,91.85,634200,150,150,LT,3300.0,CE,27-FEB-2025
2025-02-03 13:46:46.318643,LT27FEB25C3300,OPTSTK,91.45,2230050,91.5,91.85,634200,150,150,LT,3300.0,CE,27-FEB-2025
2025-02-03 13:46:53.249638,LT27FEB25C3300,OPTSTK,91.45,2230050,91.5,91.9,634200,150,150,LT,3300.0,CE,27-FEB-2025
2025-02-03 13:46:59.964463,LT27FEB25C3300,OPTSTK,91.45,2230050,91.5,91.9,634200,150,150,LT,3300.0,CE,27-FEB-2025
2025-02-03 13:47:06.688596,LT27FEB25C3300,OPTSTK,91.5,2230050,91.5,91.9,634200,150,150,LT,3300.0,CE,27-FEB-2025
2025-02-03 13:47:14.768233,LT27FEB25C3300,OPTSTK,91.5,2230800,91.15,91.6,634200,150,450,LT,3300.0,CE,27-FEB-2025
2025-02-03 13:47:21.306336,LT27FEB25C3300,OPTSTK,91.5,2230800,91.15,91.6,634200,150,450,LT,3300.0,CE,27-FEB-2025
2025-02-03 13:47:27.812968,LT27FEB25C3300,OPTSTK,92.0,2230800,91.15,91.6,634200,150,450,LT,3300.0,CE,27-FEB-2025
2025-02-03 13:47:34.259052,LT27FEB25C3300,OPTSTK,91.75,2232750,91.8,92.3,634200,150,300,LT,3300.0,CE,27-FEB-2025
2025-02-03 13:47:40.977297,LT27FEB25C3300,OPTSTK,91.75,2232750,91.8,92.3,634200,150,300,LT,3300.0,CE,27-FEB-2025
2025-02-03 13:47:47.443259,LT27FEB25C3300,OPTSTK,92.75,2232750,91.8,92.3,634200,150,300,LT,3300.0,CE,27-FEB-2025
2025-02-03 13:47:53.879440,LT27FEB25C3300,OPTSTK,92.75,2234400,92.3,92.75,634200,150,600,LT,3300.0,CE,27-FEB-2025
2025-02-03 13:48:00.442756,LT27FEB25C3300,OPTSTK,92.9,2234400,92.3,92.75,634200,150,600,LT,3300.0,CE,27-FEB-2025
2025-02-03 13:48:07.953000,LT27FEB25C3300,OPTSTK,92.3,2234400,92.3,92.75,634200,150,600,LT,3300.0,CE,27-FEB-2025
2025-02-03 13:48:14.714984,LT27FEB25C3300,OPTSTK,93.0,2234400,92.3,92.75,634200,150,600,LT,3300.0,CE,27-FEB-2025
2025-02-03 13:48:21.162985,LT27FEB25C3300,OPTSTK,92.0,2240100,92.3,92.7,634200,300,150,LT,3300.0,CE,27-FEB-2025
2025-02-03 13:48:27.753542,LT27FEB25C3300,OPTSTK,92.0,2240100,92.3,92.7,634200,300,150,LT,3300.0,CE,27-FEB-2025
2025-02-03 13:48:34.187952,LT27FEB25C3300,OPTSTK,91.5,2240100,92.3,92.7,634200,300,150,LT,3300.0,CE,27-FEB-2025
2025-02-03 13:48:40.583121,LT27FEB25C3300,OPTSTK,91.5,2240700,91.45,91.8,634200,150,150,LT,3300.0,CE,27-FEB-2025
2025-02-03 13:48:46.905128,LT27FEB25C3300,OPTSTK,91.75,2240700,91.45,91.8,634200,150,150,LT,3300.0,CE,27-FEB-2025
2025-02-03 13:48:53.263084,LT27FEB25C3300,OPTSTK,91.75,2240700,91.45,91.8,634200,150,150,LT,3300.0,CE,27-FEB-2025
2025-02-03 13:49:00.066771,LT27FEB25C3300,OPTSTK,91.7,2241000,91.25,91.7,634200,150,150,LT,3300.0,CE,27-FEB-2025
2025-02-03 13:49:06.631628,LT27FEB25C3300,OPTSTK,91.7,2241000,91.25,91.7,634200,150,150,LT,3300.0,CE,27-FEB-2025
2025-02-03 13:49:13.132532,LT27FEB25C3300,OPTSTK,91.1,2241000,91.25,91.7,634200,150,150,LT,3300.0,CE,27-FEB-2025
2025-02-03 13:49:19.680965,LT27FEB25C3300,OPTSTK,91.6,2241000,91.25,91.7,634200,150,150,LT,3300.0,CE,27-FEB-2025
2025-02-03 13:49:26.096485,LT27FEB25C3300,OPTSTK,91.25,2241900,91.2,91.6,634050,150,150,LT,3300.0,CE,27-FEB-2025
2025-02-03 13:49:32.613917,LT27FEB25C3300,OPTSTK,91.65,2241900,91.2,91.6,634050,150,150,LT,3300.0,CE,27-FEB-2025
2025-02-03 13:49:38.938541,LT27FEB25C3300,OPTSTK,91.05,2241900,91.2,91.6,634050,150,150,LT,3300.0,CE,27-FEB-2025
2025-02-03 13:49:45.467946,LT27FEB25C3300,OPTSTK,91.05,2242500,90.85,91.4,634050,300,450,LT,3300.0,CE,27-FEB-2025
2025-02-03 13:49:52.105453,LT27FEB25C3300,OPTSTK,91.1,2242500,90.85,91.4,634050,300,450,LT,3300.0,CE,27-FEB-2025
2025-02-03 13:49:58.793089,LT27FEB25C3300,OPTSTK,90.65,2242500,90.85,91.4,634050,300,450,LT,3300.0,CE,27-FEB-2025
2025-02-03 13:50:06.008356,LT27FEB25C3300,OPTSTK,90.65,2242950,90.4,90.85,634050,300,150,LT,3300.0,CE,27-FEB-2025
2025-02-03 13:50:12.716542,LT27FEB25C3300,OPTSTK,90.75,2242950,90.4,90.85,634050,300,150,LT,3300.0,CE,27-FEB-2025
2025-02-03 13:50:19.313889,LT27FEB25C3300,OPTSTK,90.75,2242950,90.4,90.85,634050,300,150,LT,3300.0,CE,27-FEB-2025
2025-02-03 13:50:25.840513,LT27FEB25C3300,OPTSTK,90.4,2243550,90.45,90.9,634050,300,150,LT,3300.0,CE,27-FEB-2025
2025-02-03 13:50:32.608774,LT27FEB25C3300,OPTSTK,90.4,2243550,90.45,90.9,634050,300,150,LT,3300.0,CE,27-FEB-2025
2025-02-03 13:50:39.047779,LT27FEB25C3300,OPTSTK,90.5,2243550,90.45,90.9,634050,300,150,LT,3300.0,CE,27-FEB-2025
2025-02-03 13:50:45.474854,LT27FEB25C3300,OPTSTK,90.5,2243850,90.2,90.8,634050,150,750,LT,3300.0,CE,27-FEB-2025
2025-02-03 13:50:52.057491,LT27FEB25C3300,OPTSTK,90.55,2243850,90.2,90.8,634050,150,750,LT,3300.0,CE,27-FEB-2025
2025-02-03 13:50:58.766945,LT27FEB25C3300,OPTSTK,90.05,2243850,90.2,90.8,634050,150,750,LT,3300.0,CE,27-FEB-2025
2025-02-03 13:51:05.475633,LT27FEB25C3300,OPTSTK,90.0,2243850,90.2,90.8,634050,150,750,LT,3300.0,CE,27-FEB-2025
2025-02-03 13:51:12.028660,LT27FEB25C3300,OPTSTK,90.0,2245500,90.05,90.4,634050,150,150,LT,3300.0,CE,27-FEB-2025
2025-02-03 13:51:18.680980,LT27FEB25C3300,OPTSTK,90.0,2245500,90.05,90.4,634050,150,150,LT,3300.0,CE,27-FEB-2025
2025-02-03 13:51:25.013071,LT27FEB25C3300,OPTSTK,90.0,2245500,90.05,90.4,634050,150,150,LT,3300.0,CE,27-FEB-2025
2025-02-03 13:51:31.453217,LT27FEB25C3300,OPTSTK,87.9,2252250,87.35,87.9,634050,450,150,LT,3300.0,CE,27-FEB-2025
2025-02-03 13:51:37.905607,LT27FEB25C3300,OPTSTK,87.45,2252250,87.35,87.9,634050,450,150,LT,3300.0,CE,27-FEB-2025
2025-02-03 13:51:44.238989,LT27FEB25C3300,OPTSTK,87.75,2252250,87.35,87.9,634050,450,150,LT,3300.0,CE,27-FEB-2025
2025-02-03 13:51:50.507746,LT27FEB25C3300,OPTSTK,87.65,2252250,87.35,87.9,634050,450,150,LT,3300.0,CE,27-FEB-2025
2025-02-03 13:51:56.883606,LT27FEB25C3300,OPTSTK,88.4,2254350,87.65,88.15,634050,150,300,LT,3300.0,CE,27-FEB-2025
2025-02-03 13:52:05.658859,LT27FEB25C3300,OPTSTK,87.4,2254350,87.65,88.15,634050,150,300,LT,3300.0,CE,27-FEB-2025
2025-02-03 13:52:12.339100,LT27FEB25C3300,OPTSTK,87.55,2254350,87.65,88.15,634050,150,300,LT,3300.0,CE,27-FEB-2025
2025-02-03 13:52:18.727638,LT27FEB25C3300,OPTSTK,87.0,2254350,87.65,88.15,634050,150,300,LT,3300.0,CE,27-FEB-2025
2025-02-03 13:52:25.431496,LT27FEB25C3300,OPTSTK,87.4,2257800,87.05,87.45,640650,150,150,LT,3300.0,CE,27-FEB-2025
2025-02-03 13:52:31.797705,LT27FEB25C3300,OPTSTK,87.3,2257800,87.05,87.45,640650,150,150,LT,3300.0,CE,27-FEB-2025
2025-02-03 13:52:38.631916,LT27FEB25C3300,OPTSTK,87.45,2257800,87.05,87.45,640650,150,150,LT,3300.0,CE,27-FEB-2025
2025-02-03 13:52:45.626909,LT27FEB25C3300,OPTSTK,87.45,2260500,87.05,87.35,640650,150,150,LT,3300.0,CE,27-FEB-2025
2025-02-03 13:52:52.108407,LT27FEB25C3300,OPTSTK,87.4,2260500,87.05,87.35,640650,150,150,LT,3300.0,CE,27-FEB-2025
2025-02-03 13:52:58.568033,LT27FEB25C3300,OPTSTK,87.7,2260500,87.05,87.35,640650,150,150,LT,3300.0,CE,27-FEB-2025
2025-02-03 13:53:06.110086,LT27FEB25C3300,OPTSTK,87.65,2261550,87.3,87.65,640650,300,150,LT,3300.0,CE,27-FEB-2025
2025-02-03 13:53:12.712244,LT27FEB25C3300,OPTSTK,87.8,2261550,87.3,87.65,640650,300,150,LT,3300.0,CE,27-FEB-2025
2025-02-03 13:53:19.190664,LT27FEB25C3300,OPTSTK,87.8,2261550,87.3,87.65,640650,300,150,LT,3300.0,CE,27-FEB-2025
2025-02-03 13:53:25.799296,LT27FEB25C3300,OPTSTK,87.8,2261550,87.3,87.65,640650,300,150,LT,3300.0,CE,27-FEB-2025
2025-02-03 13:53:32.366190,LT27FEB25C3300,OPTSTK,87.8,2262750,87.35,87.85,640650,150,150,LT,3300.0,CE,27-FEB-2025
2025-02-03 13:53:39.803627,LT27FEB25C3300,OPTSTK,87.8,2262750,87.35,87.85,640650,150,150,LT,3300.0,CE,27-FEB-2025
2025-02-03 13:53:46.119007,LT27FEB25C3300,OPTSTK,87.9,2262750,87.35,87.85,640650,150,150,LT,3300.0,CE,27-FEB-2025
2025-02-03 13:53:52.602231,LT27FEB25C3300,OPTSTK,87.5,2263350,87.6,88.0,640650,150,450,LT,3300.0,CE,27-FEB-2025
2025-02-03 13:53:59.164859,LT27FEB25C3300,OPTSTK,87.6,2263350,87.6,88.0,640650,150,450,LT,3300.0,CE,27-FEB-2025
2025-02-03 13:54:05.588259,LT27FEB25C3300,OPTSTK,87.3,2263350,87.6,88.0,640650,150,450,LT,3300.0,CE,27-FEB-2025
2025-02-03 13:54:11.915353,LT27FEB25C3300,OPTSTK,87.4,2263350,87.6,88.0,640650,150,450,LT,3300.0,CE,27-FEB-2025
2025-02-03 13:54:18.182617,LT27FEB25C3300,OPTSTK,87.5,2264850,87.35,87.7,640650,150,150,LT,3300.0,CE,27-FEB-2025
2025-02-03 13:54:24.742683,LT27FEB25C3300,OPTSTK,87.8,2264850,87.35,87.7,640650,150,150,LT,3300.0,CE,27-FEB-2025
2025-02-03 13:54:31.128176,LT27FEB25C3300,OPTSTK,87.75,2264850,87.35,87.7,640650,150,150,LT,3300.0,CE,27-FEB-2025
2025-02-03 13:54:37.682295,LT27FEB25C3300,OPTSTK,87.75,2265900,87.4,87.85,640650,300,300,LT,3300.0,CE,27-FEB-2025
2025-02-03 13:54:44.263125,LT27FEB25C3300,OPTSTK,87.15,2265900,87.4,87.85,640650,300,300,LT,3300.0,CE,27-FEB-2025
2025-02-03 13:54:52.055760,LT27FEB25C3300,OPTSTK,87.15,2265900,87.4,87.85,640650,300,300,LT,3300.0,CE,27-FEB-2025
2025-02-03 13:54:58.494626,LT27FEB25C3300,OPTSTK,87.75,2266350,87.15,87.5,640650,150,300,LT,3300.0,CE,27-FEB-2025
2025-02-03 13:55:05.157237,LT27FEB25C3300,OPTSTK,87.9,2266350,87.15,87.5,640650,150,300,LT,3300.0,CE,27-FEB-2025
2025-02-03 13:55:11.705489,LT27FEB25C3300,OPTSTK,87.95,2266350,87.15,87.5,640650,150,300,LT,3300.0,CE,27-FEB-2025
2025-02-03 13:55:18.321954,LT27FEB25C3300,OPTSTK,88.0,2267550,88.0,88.45,640650,150,150,LT,3300.0,CE,27-FEB-2025
2025-02-03 13:55:25.077898,LT27FEB25C3300,OPTSTK,88.0,2267550,88.0,88.45,640650,150,150,LT,3300.0,CE,27-FEB-2025
2025-02-03 13:55:31.584060,LT27FEB25C3300,OPTSTK,88.0,2267550,88.0,88.45,645150,150,150,LT,3300.0,CE,27-FEB-2025
2025-02-03 13:55:37.933230,LT27FEB25C3300,OPTSTK,87.75,2268000,87.75,88.2,645150,150,300,LT,3300.0,CE,27-FEB-2025
2025-02-03 13:55:44.444472,LT27FEB25C3300,OPTSTK,87.75,2268000,87.75,88.2,645150,150,300,LT,3300.0,CE,27-FEB-2025
2025-02-03 13:55:50.997841,LT27FEB25C3300,OPTSTK,88.15,2268000,87.75,88.2,645150,150,300,LT,3300.0,CE,27-FEB-2025
2025-02-03 13:55:57.323705,LT27FEB25C3300,OPTSTK,88.0,2268000,87.75,88.2,645150,150,300,LT,3300.0,CE,27-FEB-2025
2025-02-03 13:56:03.670876,LT27FEB25C3300,OPTSTK,88.3,2269200,88.25,88.65,645150,150,150,LT,3300.0,CE,27-FEB-2025
2025-02-03 13:56:10.035541,LT27FEB25C3300,OPTSTK,88.3,2269200,88.25,88.65,645150,150,150,LT,3300.0,CE,27-FEB-2025
2025-02-03 13:56:16.489619,LT27FEB25C3300,OPTSTK,88.3,2269200,88.25,88.65,645150,150,150,LT,3300.0,CE,27-FEB-2025
2025-02-03 13:56:23.061060,LT27FEB25C3300,OPTSTK,89.0,2269500,88.95,89.35,645150,150,150,LT,3300.0,CE,27-FEB-2025
2025-02-03 13:56:29.656241,LT27FEB25C3300,OPTSTK,89.0,2269500,88.95,89.35,645150,150,150,LT,3300.0,CE,27-FEB-2025
2025-02-03 13:56:36.146184,LT27FEB25C3300,OPTSTK,89.0,2269500,88.95,89.35,645150,150,150,LT,3300.0,CE,27-FEB-2025
2025-02-03 13:56:42.414459,LT27FEB25C3300,OPTSTK,89.0,2269500,88.95,89.35,645150,150,150,LT,3300.0,CE,27-FEB-2025
2025-02-03 13:56:49.001142,LT27FEB25C3300,OPTSTK,89.0,2269650,88.6,89.0,645150,150,150,LT,3300.0,CE,27-FEB-2025
2025-02-03 13:56:55.417925,LT27FEB25C3300,OPTSTK,89.1,2269650,88.6,89.0,645150,150,150,LT,3300.0,CE,27-FEB-2025
2025-02-03 13:57:01.895863,LT27FEB25C3300,OPTSTK,89.0,2269650,88.6,89.0,645150,150,150,LT,3300.0,CE,27-FEB-2025
2025-02-03 13:57:08.295504,LT27FEB25C3300,OPTSTK,89.9,2269950,89.0,89.3,645150,300,150,LT,3300.0,CE,27-FEB-2025
2025-02-03 13:57:14.867053,LT27FEB25C3300,OPTSTK,89.85,2269950,89.0,89.3,645150,300,150,LT,3300.0,CE,27-FEB-2025
2025-02-03 13:57:21.623502,LT27FEB25C3300,OPTSTK,90.05,2269950,89.0,89.3,645150,300,150,LT,3300.0,CE,27-FEB-2025
2025-02-03 13:57:28.448309,LT27FEB25C3300,OPTSTK,90.0,2272650,89.45,90.1,645150,150,300,LT,3300.0,CE,27-FEB-2025
2025-02-03 13:57:35.167733,LT27FEB25C3300,OPTSTK,90.0,2272650,89.45,90.1,645150,150,300,LT,3300.0,CE,27-FEB-2025
2025-02-03 13:57:41.562968,LT27FEB25C3300,OPTSTK,90.0,2272650,89.45,90.1,645150,150,300,LT,3300.0,CE,27-FEB-2025
2025-02-03 13:57:47.913130,LT27FEB25C3300,OPTSTK,89.95,2272650,89.45,90.1,645150,150,300,LT,3300.0,CE,27-FEB-2025
2025-02-03 13:57:54.236629,LT27FEB25C3300,OPTSTK,89.95,2273250,89.35,89.85,645150,150,150,LT,3300.0,CE,27-FEB-2025
2025-02-03 13:58:00.975598,LT27FEB25C3300,OPTSTK,89.95,2273250,89.35,89.85,645150,150,150,LT,3300.0,CE,27-FEB-2025
2025-02-03 13:58:07.459084,LT27FEB25C3300,OPTSTK,89.95,2273250,89.35,89.85,645150,150,150,LT,3300.0,CE,27-FEB-2025
2025-02-03 13:58:13.913687,LT27FEB25C3300,OPTSTK,89.95,2274150,89.5,89.9,645150,150,150,LT,3300.0,CE,27-FEB-2025
2025-02-03 13:58:20.754105,LT27FEB25C3300,OPTSTK,89.45,2274150,89.5,89.9,645150,150,150,LT,3300.0,CE,27-FEB-2025
2025-02-03 13:58:27.813381,LT27FEB25C3300,OPTSTK,89.5,2274150,89.5,89.9,644250,150,150,LT,3300.0,CE,27-FEB-2025
2025-02-03 13:58:34.980802,LT27FEB25C3300,OPTSTK,89.1,2275800,89.25,89.75,644250,150,450,LT,3300.0,CE,27-FEB-2025
2025-02-03 13:58:41.619495,LT27FEB25C3300,OPTSTK,89.85,2275800,89.25,89.75,644250,150,450,LT,3300.0,CE,27-FEB-2025
2025-02-03 13:58:48.358217,LT27FEB25C3300,OPTSTK,89.5,2275800,89.25,89.75,644250,150,450,LT,3300.0,CE,27-FEB-2025
2025-02-03 13:58:55.759453,LT27FEB25C3300,OPTSTK,89.6,2278800,89.55,89.9,644250,150,150,LT,3300.0,CE,27-FEB-2025
2025-02-03 13:59:02.256535,LT27FEB25C3300,OPTSTK,89.6,2278800,89.55,89.9,644250,150,150,LT,3300.0,CE,27-FEB-2025
2025-02-03 13:59:08.629692,LT27FEB25C3300,OPTSTK,89.9,2278800,89.55,89.9,644250,150,150,LT,3300.0,CE,27-FEB-2025
2025-02-03 13:59:15.075411,LT27FEB25C3300,OPTSTK,89.6,2278800,89.55,89.9,644250,150,150,LT,3300.0,CE,27-FEB-2025
2025-02-03 13:59:21.601381,LT27FEB25C3300,OPTSTK,90.0,2279250,89.25,89.75,644250,150,150,LT,3300.0,CE,27-FEB-2025
2025-02-03 13:59:28.134271,LT27FEB25C3300,OPTSTK,90.0,2279250,89.25,89.75,644250,150,150,LT,3300.0,CE,27-FEB-2025
2025-02-03 13:59:34.374057,LT27FEB25C3300,OPTSTK,90.0,2279250,89.25,89.75,644250,150,150,LT,3300.0,CE,27-FEB-2025
2025-02-03 13:59:41.866116,LT27FEB25C3300,OPTSTK,89.65,2280150,89.6,90.15,644250,300,150,LT,3300.0,CE,27-FEB-2025
2025-02-03 13:59:48.470644,LT27FEB25C3300,OPTSTK,89.65,2280150,89.6,90.15,644250,300,150,LT,3300.0,CE,27-FEB-2025
2025-02-03 13:59:55.116339,LT27FEB25C3300,OPTSTK,90.0,2280150,89.6,90.15,644250,300,150,LT,3300.0,CE,27-FEB-2025
2025-02-03 14:00:01.675797,LT27FEB25C3300,OPTSTK,90.0,2280750,89.45,89.95,644250,150,300,LT,3300.0,CE,27-FEB-2025
2025-02-03 14:00:08.215353,LT27FEB25C3300,OPTSTK,90.0,2280750,89.45,89.95,644250,150,300,LT,3300.0,CE,27-FEB-2025
2025-02-03 14:00:14.761357,LT27FEB25C3300,OPTSTK,90.2,2280750,89.45,89.95,644250,150,300,LT,3300.0,CE,27-FEB-2025
2025-02-03 14:00:21.295572,LT27FEB25C3300,OPTSTK,90.5,2281500,90.45,90.9,644250,150,150,LT,3300.0,CE,27-FEB-2025
2025-02-03 14:00:28.675177,LT27FEB25C3300,OPTSTK,90.75,2281500,90.45,90.9,644250,150,150,LT,3300.0,CE,27-FEB-2025
2025-02-03 14:00:35.121548,LT27FEB25C3300,OPTSTK,90.9,2281500,90.45,90.9,644250,150,150,LT,3300.0,CE,27-FEB-2025
2025-02-03 14:00:41.899339,LT27FEB25C3300,OPTSTK,90.6,2282400,90.5,90.85,644250,150,150,LT,3300.0,CE,27-FEB-2025
2025-02-03 14:00:49.354826,LT27FEB25C3300,OPTSTK,90.4,2282400,90.5,90.85,644250,150,150,LT,3300.0,CE,27-FEB-2025
2025-02-03 14:00:58.386711,LT27FEB25C3300,OPTSTK,90.4,2282400,90.5,90.85,644250,150,150,LT,3300.0,CE,27-FEB-2025
2025-02-03 14:01:04.871270,LT27FEB25C3300,OPTSTK,90.55,2282850,90.55,90.85,644250,150,150,LT,3300.0,CE,27-FEB-2025
2025-02-03 14:01:11.340441,LT27FEB25C3300,OPTSTK,90.55,2282850,90.55,90.85,644250,150,150,LT,3300.0,CE,27-FEB-2025
2025-02-03 14:01:18.219650,LT27FEB25C3300,OPTSTK,90.85,2282850,90.55,90.85,644250,150,150,LT,3300.0,CE,27-FEB-2025
2025-02-03 14:01:24.859078,LT27FEB25C3300,OPTSTK,90.85,2283900,90.8,91.1,644400,2700,150,LT,3300.0,CE,27-FEB-2025
2025-02-03 14:01:31.673951,LT27FEB25C3300,OPTSTK,90.95,2283900,90.8,91.1,644400,2700,150,LT,3300.0,CE,27-FEB-2025
2025-02-03 14:01:38.377523,LT27FEB25C3300,OPTSTK,90.4,2283900,90.8,91.1,644400,2700,150,LT,3300.0,CE,27-FEB-2025
2025-02-03 14:01:45.904814,LT27FEB25C3300,OPTSTK,90.4,2287950,90.25,90.75,644400,450,150,LT,3300.0,CE,27-FEB-2025
2025-02-03 14:01:52.605048,LT27FEB25C3300,OPTSTK,90.0,2287950,90.25,90.75,644400,450,150,LT,3300.0,CE,27-FEB-2025
2025-02-03 14:01:59.266513,LT27FEB25C3300,OPTSTK,89.85,2287950,90.25,90.75,644400,450,150,LT,3300.0,CE,27-FEB-2025
2025-02-03 14:02:05.719748,LT27FEB25C3300,OPTSTK,89.85,2287950,90.25,90.75,644400,450,150,LT,3300.0,CE,27-FEB-2025
2025-02-03 14:02:12.348743,LT27FEB25C3300,OPTSTK,89.8,2288400,89.7,90.15,644400,300,150,LT,3300.0,CE,27-FEB-2025
2025-02-03 14:02:19.240349,LT27FEB25C3300,OPTSTK,89.8,2288400,89.7,90.15,644400,300,150,LT,3300.0,CE,27-FEB-2025
2025-02-03 14:02:26.015319,LT27FEB25C3300,OPTSTK,90.4,2288400,89.7,90.15,644400,300,150,LT,3300.0,CE,27-FEB-2025
2025-02-03 14:02:32.663208,LT27FEB25C3300,OPTSTK,91.25,2288700,90.2,90.6,644400,150,150,LT,3300.0,CE,27-FEB-2025
2025-02-03 14:02:39.233274,LT27FEB25C3300,OPTSTK,91.25,2288700,90.2,90.6,644400,150,150,LT,3300.0,CE,27-FEB-2025
2025-02-03 14:02:45.881364,LT27FEB25C3300,OPTSTK,91.3,2288700,90.2,90.6,644400,150,150,LT,3300.0,CE,27-FEB-2025
2025-02-03 14:02:52.636977,LT27FEB25C3300,OPTSTK,91.3,2289750,90.85,91.4,644400,150,450,LT,3300.0,CE,27-FEB-2025
2025-02-03 14:02:59.164504,LT27FEB25C3300,OPTSTK,91.3,2289750,90.85,91.4,644400,150,450,LT,3300.0,CE,27-FEB-2025
2025-02-03 14:03:05.878869,LT27FEB25C3300,OPTSTK,91.3,2289750,90.85,91.4,644400,150,450,LT,3300.0,CE,27-FEB-2025
2025-02-03 14:03:12.454041,LT27FEB25C3300,OPTSTK,91.7,2289900,91.3,91.85,644400,300,300,LT,3300.0,CE,27-FEB-2025
2025-02-03 14:03:18.928286,LT27FEB25C3300,OPTSTK,92.0,2289900,91.3,91.85,644400,300,300,LT,3300.0,CE,27-FEB-2025
2025-02-03 14:03:25.587884,LT27FEB25C3300,OPTSTK,92.0,2289900,91.3,91.85,644400,300,300,LT,3300.0,CE,27-FEB-2025
2025-02-03 14:03:32.233786,LT27FEB25C3300,OPTSTK,91.75,2289900,91.3,91.85,644400,300,300,LT,3300.0,CE,27-FEB-2025
2025-02-03 14:03:39.041334,LT27FEB25C3300,OPTSTK,91.15,2290800,91.1,91.7,644400,450,300,LT,3300.0,CE,27-FEB-2025
2025-02-03 14:03:45.661838,LT27FEB25C3300,OPTSTK,91.15,2290800,91.1,91.7,644400,450,300,LT,3300.0,CE,27-FEB-2025
2025-02-03 14:03:52.159108,LT27FEB25C3300,OPTSTK,91.0,2290800,91.1,91.7,644400,450,300,LT,3300.0,CE,27-FEB-2025
2025-02-03 14:03:59.225473,LT27FEB25C3300,OPTSTK,91.15,2291700,90.85,91.35,644400,300,150,LT,3300.0,CE,27-FEB-2025
2025-02-03 14:04:05.835888,LT27FEB25C3300,OPTSTK,91.15,2291700,90.85,91.35,644400,300,150,LT,3300.0,CE,27-FEB-2025
2025-02-03 14:04:12.338726,LT27FEB25C3300,OPTSTK,91.15,2291700,90.85,91.35,644400,300,150,LT,3300.0,CE,27-FEB-2025
2025-02-03 14:04:19.207225,LT27FEB25C3300,OPTSTK,91.15,2292150,90.8,91.2,644400,150,150,LT,3300.0,CE,27-FEB-2025
2025-02-03 14:04:25.818358,LT27FEB25C3300,OPTSTK,91.45,2292150,90.8,91.2,649050,150,150,LT,3300.0,CE,27-FEB-2025
2025-02-03 14:04:32.498318,LT27FEB25C3300,OPTSTK,91.95,2292150,90.8,91.2,649050,150,150,LT,3300.0,CE,27-FEB-2025
2025-02-03 14:04:38.912220,LT27FEB25C3300,OPTSTK,91.95,2292900,91.6,92.0,649050,300,1650,LT,3300.0,CE,27-FEB-2025
2025-02-03 14:04:45.396933,LT27FEB25C3300,OPTSTK,91.95,2292900,91.6,92.0,649050,300,1650,LT,3300.0,CE,27-FEB-2025
2025-02-03 14:04:52.285241,LT27FEB25C3300,OPTSTK,91.95,2292900,91.6,92.0,649050,300,1650,LT,3300.0,CE,27-FEB-2025
2025-02-03 14:04:58.935353,LT27FEB25C3300,OPTSTK,91.9,2293050,91.4,91.95,649050,300,150,LT,3300.0,CE,27-FEB-2025
2025-02-03 14:05:05.606740,LT27FEB25C3300,OPTSTK,91.45,2293050,91.4,91.95,649050,300,150,LT,3300.0,CE,27-FEB-2025
2025-02-03 14:05:12.188737,LT27FEB25C3300,OPTSTK,91.45,2293050,91.4,91.95,649050,300,150,LT,3300.0,CE,27-FEB-2025
2025-02-03 14:05:18.568047,LT27FEB25C3300,OPTSTK,91.45,2293350,91.5,91.9,649050,150,150,LT,3300.0,CE,27-FEB-2025
2025-02-03 14:05:24.917560,LT27FEB25C3300,OPTSTK,92.35,2293350,91.5,91.9,649050,150,150,LT,3300.0,CE,27-FEB-2025
2025-02-03 14:05:31.521283,LT27FEB25C3300,OPTSTK,91.95,2293350,91.5,91.9,649050,150,150,LT,3300.0,CE,27-FEB-2025
2025-02-03 14:05:38.062273,LT27FEB25C3300,OPTSTK,91.9,2293350,91.5,91.9,649050,150,150,LT,3300.0,CE,27-FEB-2025
2025-02-03 14:05:44.928848,LT27FEB25C3300,OPTSTK,92.05,2296650,91.55,92.15,649050,150,150,LT,3300.0,CE,27-FEB-2025
2025-02-03 14:05:51.699318,LT27FEB25C3300,OPTSTK,92.3,2296650,91.55,92.15,649050,150,150,LT,3300.0,CE,27-FEB-2025
2025-02-03 14:05:58.531886,LT27FEB25C3300,OPTSTK,91.7,2296650,91.55,92.15,649050,150,150,LT,3300.0,CE,27-FEB-2025
2025-02-03 14:06:05.527342,LT27FEB25C3300,OPTSTK,91.7,2298600,91.5,92.15,649050,150,150,LT,3300.0,CE,27-FEB-2025
2025-02-03 14:06:12.188012,LT27FEB25C3300,OPTSTK,91.7,2298600,91.5,92.15,649050,150,150,LT,3300.0,CE,27-FEB-2025
2025-02-03 14:06:18.626014,LT27FEB25C3300,OPTSTK,91.7,2298600,91.5,92.15,649050,150,150,LT,3300.0,CE,27-FEB-2025
2025-02-03 14:06:25.113023,LT27FEB25C3300,OPTSTK,91.7,2298600,91.9,92.4,649050,150,750,LT,3300.0,CE,27-FEB-2025
2025-02-03 14:06:31.722145,LT27FEB25C3300,OPTSTK,91.7,2298600,91.9,92.4,649050,150,750,LT,3300.0,CE,27-FEB-2025
2025-02-03 14:06:38.339126,LT27FEB25C3300,OPTSTK,91.7,2298600,91.9,92.4,649050,150,750,LT,3300.0,CE,27-FEB-2025
2025-02-03 14:06:44.873106,LT27FEB25C3300,OPTSTK,92.05,2298900,92.15,92.5,649050,150,1500,LT,3300.0,CE,27-FEB-2025
2025-02-03 14:06:51.527902,LT27FEB25C3300,OPTSTK,92.05,2298900,92.15,92.5,649050,150,1500,LT,3300.0,CE,27-FEB-2025
2025-02-03 14:06:58.129772,LT27FEB25C3300,OPTSTK,92.0,2298900,92.15,92.5,649050,150,1500,LT,3300.0,CE,27-FEB-2025
2025-02-03 14:07:05.070753,LT27FEB25C3300,OPTSTK,92.0,2298900,92.15,92.5,649050,150,1500,LT,3300.0,CE,27-FEB-2025
2025-02-03 14:07:11.973269,LT27FEB25C3300,OPTSTK,92.0,2300250,91.9,92.35,649050,450,300,LT,3300.0,CE,27-FEB-2025
2025-02-03 14:07:18.907353,LT27FEB25C3300,OPTSTK,92.0,2300250,91.9,92.35,649050,450,300,LT,3300.0,CE,27-FEB-2025
2025-02-03 14:07:27.047797,LT27FEB25C3300,OPTSTK,92.4,2300250,91.9,92.35,645900,450,300,LT,3300.0,CE,27-FEB-2025
2025-02-03 14:07:33.603165,LT27FEB25C3300,OPTSTK,91.85,2304300,92.6,92.9,645900,150,150,LT,3300.0,CE,27-FEB-2025
2025-02-03 14:07:40.195306,LT27FEB25C3300,OPTSTK,92.5,2304300,92.6,92.9,645900,150,150,LT,3300.0,CE,27-FEB-2025
2025-02-03 14:07:46.848182,LT27FEB25C3300,OPTSTK,92.8,2304300,92.6,92.9,645900,150,150,LT,3300.0,CE,27-FEB-2025
2025-02-03 14:07:53.366852,LT27FEB25C3300,OPTSTK,92.65,2315100,92.3,92.85,645900,150,150,LT,3300.0,CE,27-FEB-2025
2025-02-03 14:07:59.915704,LT27FEB25C3300,OPTSTK,92.2,2315100,92.3,92.85,645900,150,150,LT,3300.0,CE,27-FEB-2025
2025-02-03 14:08:06.339235,LT27FEB25C3300,OPTSTK,92.65,2315100,92.3,92.85,645900,150,150,LT,3300.0,CE,27-FEB-2025
2025-02-03 14:08:12.970806,LT27FEB25C3300,OPTSTK,92.5,2315100,92.3,92.85,645900,150,150,LT,3300.0,CE,27-FEB-2025
2025-02-03 14:08:19.349097,LT27FEB25C3300,OPTSTK,92.5,2316150,92.05,92.5,645900,300,150,LT,3300.0,CE,27-FEB-2025
2025-02-03 14:08:25.757041,LT27FEB25C3300,OPTSTK,92.5,2316150,92.05,92.5,645900,300,150,LT,3300.0,CE,27-FEB-2025
2025-02-03 14:08:32.420137,LT27FEB25C3300,OPTSTK,92.15,2316150,92.05,92.5,645900,300,150,LT,3300.0,CE,27-FEB-2025
2025-02-03 14:08:38.956554,LT27FEB25C3300,OPTSTK,92.45,2317350,91.85,92.35,645900,150,150,LT,3300.0,CE,27-FEB-2025
2025-02-03 14:08:45.581895,LT27FEB25C3300,OPTSTK,92.5,2317350,91.85,92.35,645900,150,150,LT,3300.0,CE,27-FEB-2025
2025-02-03 14:08:52.187410,LT27FEB25C3300,OPTSTK,92.15,2317350,91.85,92.35,645900,150,150,LT,3300.0,CE,27-FEB-2025
2025-02-03 14:08:58.745204,LT27FEB25C3300,OPTSTK,92.55,2318700,92.15,92.5,645900,150,300,LT,3300.0,CE,27-FEB-2025
2025-02-03 14:09:05.386928,LT27FEB25C3300,OPTSTK,92.55,2318700,92.15,92.5,645900,150,300,LT,3300.0,CE,27-FEB-2025
2025-02-03 14:09:12.174730,LT27FEB25C3300,OPTSTK,92.0,2318700,92.15,92.5,645900,150,300,LT,3300.0,CE,27-FEB-2025
2025-02-03 14:09:18.698972,LT27FEB25C3300,OPTSTK,92.0,2318700,92.15,92.5,645900,150,300,LT,3300.0,CE,27-FEB-2025
2025-02-03 14:09:25.333088,LT27FEB25C3300,OPTSTK,92.5,2319150,91.9,92.4,645900,150,450,LT,3300.0,CE,27-FEB-2025
2025-02-03 14:09:31.752539,LT27FEB25C3300,OPTSTK,92.5,2319150,91.9,92.4,645900,150,450,LT,3300.0,CE,27-FEB-2025
2025-02-03 14:09:38.517468,LT27FEB25C3300,OPTSTK,92.5,2319150,91.9,92.4,645900,150,450,LT,3300.0,CE,27-FEB-2025
2025-02-03 14:09:45.156672,LT27FEB25C3300,OPTSTK,92.5,2322150,92.05,92.4,645900,150,300,LT,3300.0,CE,27-FEB-2025
2025-02-03 14:09:51.629705,LT27FEB25C3300,OPTSTK,92.2,2322150,92.05,92.4,645900,150,300,LT,3300.0,CE,27-FEB-2025
2025-02-03 14:09:58.125498,LT27FEB25C3300,OPTSTK,92.2,2322150,92.05,92.4,645900,150,300,LT,3300.0,CE,27-FEB-2025
2025-02-03 14:10:04.641849,LT27FEB25C3300,OPTSTK,92.45,2322600,92.05,92.45,645900,150,150,LT,3300.0,CE,27-FEB-2025
2025-02-03 14:10:11.153677,LT27FEB25C3300,OPTSTK,92.45,2322600,92.05,92.45,645900,150,150,LT,3300.0,CE,27-FEB-2025
2025-02-03 14:10:17.622594,LT27FEB25C3300,OPTSTK,92.5,2322600,92.05,92.45,645900,150,150,LT,3300.0,CE,27-FEB-2025
2025-02-03 14:10:24.677624,LT27FEB25C3300,OPTSTK,92.2,2323050,92.25,92.5,631950,150,450,LT,3300.0,CE,27-FEB-2025
2025-02-03 14:10:31.148643,LT27FEB25C3300,OPTSTK,92.25,2323050,92.25,92.5,631950,150,450,LT,3300.0,CE,27-FEB-2025
2025-02-03 14:10:37.864150,LT27FEB25C3300,OPTSTK,92.25,2323050,92.25,92.5,631950,150,450,LT,3300.0,CE,27-FEB-2025
2025-02-03 14:10:44.499000,LT27FEB25C3300,OPTSTK,92.5,2323050,92.25,92.5,631950,150,450,LT,3300.0,CE,27-FEB-2025
2025-02-03 14:10:51.635782,LT27FEB25C3300,OPTSTK,92.5,2324100,92.3,92.7,631950,150,300,LT,3300.0,CE,27-FEB-2025
2025-02-03 14:10:57.989788,LT27FEB25C3300,OPTSTK,92.5,2324100,92.3,92.7,631950,150,300,LT,3300.0,CE,27-FEB-2025
2025-02-03 14:11:04.402633,LT27FEB25C3300,OPTSTK,92.5,2324100,92.3,92.7,631950,150,300,LT,3300.0,CE,27-FEB-2025
2025-02-03 14:11:10.919183,LT27FEB25C3300,OPTSTK,92.5,2324700,92.25,92.6,631950,900,450,LT,3300.0,CE,27-FEB-2025
2025-02-03 14:11:17.371689,LT27FEB25C3300,OPTSTK,92.5,2324700,92.25,92.6,631950,900,450,LT,3300.0,CE,27-FEB-2025
2025-02-03 14:11:23.722326,LT27FEB25C3300,OPTSTK,92.4,2324700,92.25,92.6,631950,900,450,LT,3300.0,CE,27-FEB-2025
2025-02-03 14:11:30.019813,LT27FEB25C3300,OPTSTK,92.55,2325900,92.25,92.65,631950,150,150,LT,3300.0,CE,27-FEB-2025
2025-02-03 14:11:36.373864,LT27FEB25C3300,OPTSTK,92.55,2325900,92.25,92.65,631950,150,150,LT,3300.0,CE,27-FEB-2025
2025-02-03 14:11:42.768173,LT27FEB25C3300,OPTSTK,92.55,2325900,92.25,92.65,631950,150,150,LT,3300.0,CE,27-FEB-2025
2025-02-03 14:11:49.117140,LT27FEB25C3300,OPTSTK,92.4,2325900,92.4,92.65,631950,1050,450,LT,3300.0,CE,27-FEB-2025
2025-02-03 14:11:55.466249,LT27FEB25C3300,OPTSTK,92.4,2325900,92.4,92.65,631950,1050,450,LT,3300.0,CE,27-FEB-2025
2025-02-03 14:12:03.265323,LT27FEB25C3300,OPTSTK,92.4,2325900,92.4,92.65,631950,1050,450,LT,3300.0,CE,27-FEB-2025
2025-02-03 14:12:09.684076,LT27FEB25C3300,OPTSTK,92.4,2329500,92.1,92.55,631950,750,150,LT,3300.0,CE,27-FEB-2025
2025-02-03 14:12:16.213480,LT27FEB25C3300,OPTSTK,92.4,2329500,92.1,92.55,631950,750,150,LT,3300.0,CE,27-FEB-2025
2025-02-03 14:12:22.567464,LT27FEB25C3300,OPTSTK,92.4,2329500,92.1,92.55,631950,750,150,LT,3300.0,CE,27-FEB-2025
2025-02-03 14:12:29.126965,LT27FEB25C3300,OPTSTK,92.4,2329500,92.1,92.55,631950,750,150,LT,3300.0,CE,27-FEB-2025
2025-02-03 14:12:35.569249,LT27FEB25C3300,OPTSTK,92.4,2329650,92.05,92.45,631950,300,150,LT,3300.0,CE,27-FEB-2025
2025-02-03 14:12:42.019830,LT27FEB25C3300,OPTSTK,92.0,2329650,92.05,92.45,631950,300,150,LT,3300.0,CE,27-FEB-2025
2025-02-03 14:12:48.526007,LT27FEB25C3300,OPTSTK,92.55,2329650,92.05,92.45,631950,300,150,LT,3300.0,CE,27-FEB-2025
2025-02-03 14:12:54.832102,LT27FEB25C3300,OPTSTK,92.4,2331300,92.3,92.4,631950,300,150,LT,3300.0,CE,27-FEB-2025
2025-02-03 14:13:01.325843,LT27FEB25C3300,OPTSTK,92.55,2331300,92.3,92.4,631950,300,150,LT,3300.0,CE,27-FEB-2025
2025-02-03 14:13:07.600670,LT27FEB25C3300,OPTSTK,92.8,2331300,92.3,92.4,631950,300,150,LT,3300.0,CE,27-FEB-2025
2025-02-03 14:13:14.219278,LT27FEB25C3300,OPTSTK,92.55,2332500,92.55,92.85,631950,600,150,LT,3300.0,CE,27-FEB-2025
2025-02-03 14:13:20.576908,LT27FEB25C3300,OPTSTK,92.55,2332500,92.55,92.85,631950,600,150,LT,3300.0,CE,27-FEB-2025
2025-02-03 14:13:26.992615,LT27FEB25C3300,OPTSTK,92.55,2332500,92.55,92.85,633300,600,150,LT,3300.0,CE,27-FEB-2025
2025-02-03 14:13:33.469710,LT27FEB25C3300,OPTSTK,92.55,2332500,92.55,92.85,633300,600,150,LT,3300.0,CE,27-FEB-2025
2025-02-03 14:13:40.266719,LT27FEB25C3300,OPTSTK,92.55,2334150,92.3,92.65,633300,150,150,LT,3300.0,CE,27-FEB-2025
2025-02-03 14:13:46.807203,LT27FEB25C3300,OPTSTK,92.65,2334150,92.3,92.65,633300,150,150,LT,3300.0,CE,27-FEB-2025
2025-02-03 14:13:53.126898,LT27FEB25C3300,OPTSTK,92.55,2334150,92.3,92.65,633300,150,150,LT,3300.0,CE,27-FEB-2025
2025-02-03 14:13:59.590493,LT27FEB25C3300,OPTSTK,92.5,2336850,92.3,92.65,633300,150,150,LT,3300.0,CE,27-FEB-2025
2025-02-03 14:14:06.075387,LT27FEB25C3300,OPTSTK,92.5,2336850,92.3,92.65,633300,150,150,LT,3300.0,CE,27-FEB-2025
2025-02-03 14:14:12.288538,LT27FEB25C3300,OPTSTK,92.6,2336850,92.3,92.65,633300,150,150,LT,3300.0,CE,27-FEB-2025
2025-02-03 14:14:18.860145,LT27FEB25C3300,OPTSTK,92.6,2338050,92.5,92.6,633300,150,150,LT,3300.0,CE,27-FEB-2025
2025-02-03 14:14:25.137973,LT27FEB25C3300,OPTSTK,93.2,2338050,92.5,92.6,633300,150,150,LT,3300.0,CE,27-FEB-2025
2025-02-03 14:14:31.588721,LT27FEB25C3300,OPTSTK,92.7,2338050,92.5,92.6,633300,150,150,LT,3300.0,CE,27-FEB-2025
2025-02-03 14:14:38.194900,LT27FEB25C3300,OPTSTK,93.0,2338050,92.5,92.6,633300,150,150,LT,3300.0,CE,27-FEB-2025
2025-02-03 14:14:44.505210,LT27FEB25C3300,OPTSTK,93.0,2340450,92.65,93.0,633300,450,450,LT,3300.0,CE,27-FEB-2025
2025-02-03 14:14:50.896037,LT27FEB25C3300,OPTSTK,93.0,2340450,92.65,93.0,633300,450,450,LT,3300.0,CE,27-FEB-2025
2025-02-03 14:14:56.985916,LT27FEB25C3300,OPTSTK,93.05,2340450,92.65,93.0,633300,450,450,LT,3300.0,CE,27-FEB-2025
2025-02-03 14:15:03.324313,LT27FEB25C3300,OPTSTK,93.05,2341650,93.05,93.35,633300,150,150,LT,3300.0,CE,27-FEB-2025
2025-02-03 14:15:09.640180,LT27FEB25C3300,OPTSTK,92.6,2341650,93.05,93.35,633300,150,150,LT,3300.0,CE,27-FEB-2025
2025-02-03 14:15:15.996442,LT27FEB25C3300,OPTSTK,92.65,2341650,93.05,93.35,633300,150,150,LT,3300.0,CE,27-FEB-2025
2025-02-03 14:15:22.417709,LT27FEB25C3300,OPTSTK,93.15,2344650,92.65,93.15,633300,300,150,LT,3300.0,CE,27-FEB-2025
2025-02-03 14:15:28.813679,LT27FEB25C3300,OPTSTK,93.15,2344650,92.65,93.15,633300,300,150,LT,3300.0,CE,27-FEB-2025
2025-02-03 14:15:35.155085,LT27FEB25C3300,OPTSTK,93.05,2344650,92.65,93.15,633300,300,150,LT,3300.0,CE,27-FEB-2025
2025-02-03 14:15:41.530617,LT27FEB25C3300,OPTSTK,93.0,2344650,92.65,93.15,633300,300,150,LT,3300.0,CE,27-FEB-2025
2025-02-03 14:15:47.688534,LT27FEB25C3300,OPTSTK,93.0,2345550,92.8,93.2,633300,150,150,LT,3300.0,CE,27-FEB-2025
2025-02-03 14:15:54.032739,LT27FEB25C3300,OPTSTK,93.0,2345550,92.8,93.2,633300,150,150,LT,3300.0,CE,27-FEB-2025
2025-02-03 14:16:00.437682,LT27FEB25C3300,OPTSTK,93.0,2345550,92.8,93.2,633300,150,150,LT,3300.0,CE,27-FEB-2025
2025-02-03 14:16:06.904254,LT27FEB25C3300,OPTSTK,93.0,2346000,93.0,93.15,633300,150,150,LT,3300.0,CE,27-FEB-2025
2025-02-03 14:16:13.207514,LT27FEB25C3300,OPTSTK,93.0,2346000,93.0,93.15,633300,150,150,LT,3300.0,CE,27-FEB-2025
2025-02-03 14:16:19.746838,LT27FEB25C3300,OPTSTK,93.1,2346000,93.0,93.15,633300,150,150,LT,3300.0,CE,27-FEB-2025
2025-02-03 14:16:26.001939,LT27FEB25C3300,OPTSTK,93.0,2347500,93.0,93.15,635850,150,150,LT,3300.0,CE,27-FEB-2025
2025-02-03 14:16:32.358741,LT27FEB25C3300,OPTSTK,93.0,2347500,93.0,93.15,635850,150,150,LT,3300.0,CE,27-FEB-2025
2025-02-03 14:16:38.592847,LT27FEB25C3300,OPTSTK,93.0,2347500,93.0,93.15,635850,150,150,LT,3300.0,CE,27-FEB-2025
2025-02-03 14:16:44.806251,LT27FEB25C3300,OPTSTK,93.0,2347500,93.0,93.15,635850,150,150,LT,3300.0,CE,27-FEB-2025
2025-02-03 14:16:51.169441,LT27FEB25C3300,OPTSTK,93.0,2347800,92.75,93.2,635850,300,150,LT,3300.0,CE,27-FEB-2025
2025-02-03 14:16:57.602023,LT27FEB25C3300,OPTSTK,93.0,2347800,92.75,93.2,635850,300,150,LT,3300.0,CE,27-FEB-2025
2025-02-03 14:17:03.871422,LT27FEB25C3300,OPTSTK,93.0,2347800,92.75,93.2,635850,300,150,LT,3300.0,CE,27-FEB-2025
2025-02-03 14:17:10.220158,LT27FEB25C3300,OPTSTK,93.0,2348250,92.9,93.35,635850,150,150,LT,3300.0,CE,27-FEB-2025
2025-02-03 14:17:16.509502,LT27FEB25C3300,OPTSTK,93.0,2348250,92.9,93.35,635850,150,150,LT,3300.0,CE,27-FEB-2025
2025-02-03 14:17:22.869598,LT27FEB25C3300,OPTSTK,93.0,2348250,92.9,93.35,635850,150,150,LT,3300.0,CE,27-FEB-2025
2025-02-03 14:17:29.275655,LT27FEB25C3300,OPTSTK,93.5,2348700,93.05,93.5,635850,150,600,LT,3300.0,CE,27-FEB-2025
2025-02-03 14:17:35.676871,LT27FEB25C3300,OPTSTK,93.5,2348700,93.05,93.5,635850,150,600,LT,3300.0,CE,27-FEB-2025
2025-02-03 14:17:41.980320,LT27FEB25C3300,OPTSTK,93.5,2348700,93.05,93.5,635850,150,600,LT,3300.0,CE,27-FEB-2025
2025-02-03 14:17:48.309903,LT27FEB25C3300,OPTSTK,93.85,2349750,93.4,93.8,635850,300,150,LT,3300.0,CE,27-FEB-2025
2025-02-03 14:17:54.502291,LT27FEB25C3300,OPTSTK,93.5,2349750,93.4,93.8,635850,300,150,LT,3300.0,CE,27-FEB-2025
2025-02-03 14:18:01.061538,LT27FEB25C3300,OPTSTK,93.1,2349750,93.4,93.8,635850,300,150,LT,3300.0,CE,27-FEB-2025
2025-02-03 14:18:07.325681,LT27FEB25C3300,OPTSTK,93.0,2352300,92.7,93.0,635850,150,300,LT,3300.0,CE,27-FEB-2025
2025-02-03 14:18:13.787494,LT27FEB25C3300,OPTSTK,93.0,2352300,92.7,93.0,635850,150,300,LT,3300.0,CE,27-FEB-2025
2025-02-03 14:18:20.142414,LT27FEB25C3300,OPTSTK,93.0,2352300,92.7,93.0,635850,150,300,LT,3300.0,CE,27-FEB-2025
2025-02-03 14:18:26.469226,LT27FEB25C3300,OPTSTK,92.7,2352300,92.7,93.0,635850,150,300,LT,3300.0,CE,27-FEB-2025
2025-02-03 14:18:33.783145,LT27FEB25C3300,OPTSTK,92.7,2353350,92.5,92.9,635850,1050,150,LT,3300.0,CE,27-FEB-2025
2025-02-03 14:18:40.065458,LT27FEB25C3300,OPTSTK,92.9,2353350,92.5,92.9,635850,1050,150,LT,3300.0,CE,27-FEB-2025
2025-02-03 14:18:46.439507,LT27FEB25C3300,OPTSTK,92.7,2353350,92.5,92.9,635850,1050,150,LT,3300.0,CE,27-FEB-2025
2025-02-03 14:18:52.796273,LT27FEB25C3300,OPTSTK,92.7,2353950,92.75,93.1,635850,150,150,LT,3300.0,CE,27-FEB-2025
2025-02-03 14:18:59.231526,LT27FEB25C3300,OPTSTK,92.5,2353950,92.75,93.1,635850,150,150,LT,3300.0,CE,27-FEB-2025
2025-02-03 14:19:05.563743,LT27FEB25C3300,OPTSTK,92.5,2353950,92.75,93.1,635850,150,150,LT,3300.0,CE,27-FEB-2025
2025-02-03 14:19:11.989450,LT27FEB25C3300,OPTSTK,92.3,2355450,92.05,92.6,635850,300,300,LT,3300.0,CE,27-FEB-2025
2025-02-03 14:19:18.352322,LT27FEB25C3300,OPTSTK,92.25,2355450,92.05,92.6,635850,300,300,LT,3300.0,CE,27-FEB-2025
2025-02-03 14:19:25.658066,LT27FEB25C3300,OPTSTK,92.35,2355450,92.05,92.6,636750,300,300,LT,3300.0,CE,27-FEB-2025
2025-02-03 14:19:31.892220,LT27FEB25C3300,OPTSTK,93.0,2356200,93.0,93.6,636750,300,300,LT,3300.0,CE,27-FEB-2025
2025-02-03 14:19:38.314280,LT27FEB25C3300,OPTSTK,93.55,2356200,93.0,93.6,636750,300,300,LT,3300.0,CE,27-FEB-2025
2025-02-03 14:19:44.691968,LT27FEB25C3300,OPTSTK,93.15,2356200,93.0,93.6,636750,300,300,LT,3300.0,CE,27-FEB-2025
2025-02-03 14:19:51.151722,LT27FEB25C3300,OPTSTK,93.15,2356200,93.0,93.6,636750,300,300,LT,3300.0,CE,27-FEB-2025
2025-02-03 14:19:57.480237,LT27FEB25C3300,OPTSTK,93.15,2356650,93.1,93.55,636750,300,300,LT,3300.0,CE,27-FEB-2025
2025-02-03 14:20:03.879594,LT27FEB25C3300,OPTSTK,93.5,2356650,93.1,93.55,636750,300,300,LT,3300.0,CE,27-FEB-2025
2025-02-03 14:20:10.204055,LT27FEB25C3300,OPTSTK,92.85,2356650,93.1,93.55,636750,300,300,LT,3300.0,CE,27-FEB-2025
2025-02-03 14:20:16.384545,LT27FEB25C3300,OPTSTK,92.85,2357100,92.55,93.0,636750,150,1500,LT,3300.0,CE,27-FEB-2025
2025-02-03 14:20:22.806691,LT27FEB25C3300,OPTSTK,92.9,2357100,92.55,93.0,636750,150,1500,LT,3300.0,CE,27-FEB-2025
2025-02-03 14:20:29.083621,LT27FEB25C3300,OPTSTK,92.9,2357100,92.55,93.0,636750,150,1500,LT,3300.0,CE,27-FEB-2025
2025-02-03 14:20:35.574750,LT27FEB25C3300,OPTSTK,92.2,2357850,92.05,92.45,636750,150,150,LT,3300.0,CE,27-FEB-2025
2025-02-03 14:20:41.868349,LT27FEB25C3300,OPTSTK,92.05,2357850,92.05,92.45,636750,150,150,LT,3300.0,CE,27-FEB-2025
2025-02-03 14:20:48.393508,LT27FEB25C3300,OPTSTK,92.15,2357850,92.05,92.45,636750,150,150,LT,3300.0,CE,27-FEB-2025
2025-02-03 14:20:54.714149,LT27FEB25C3300,OPTSTK,92.0,2357850,92.05,92.45,636750,150,150,LT,3300.0,CE,27-FEB-2025
2025-02-03 14:21:01.140392,LT27FEB25C3300,OPTSTK,92.15,2359650,92.05,92.55,636750,150,150,LT,3300.0,CE,27-FEB-2025
2025-02-03 14:21:07.633405,LT27FEB25C3300,OPTSTK,92.0,2359650,92.05,92.55,636750,150,150,LT,3300.0,CE,27-FEB-2025
2025-02-03 14:21:13.900833,LT27FEB25C3300,OPTSTK,91.8,2359650,92.05,92.55,636750,150,150,LT,3300.0,CE,27-FEB-2025
2025-02-03 14:21:20.299601,LT27FEB25C3300,OPTSTK,91.55,2364150,91.5,92.05,636750,150,150,LT,3300.0,CE,27-FEB-2025
2025-02-03 14:21:26.698536,LT27FEB25C3300,OPTSTK,91.95,2364150,91.5,92.05,636750,150,150,LT,3300.0,CE,27-FEB-2025
2025-02-03 14:21:33.048741,LT27FEB25C3300,OPTSTK,91.55,2364150,91.5,92.05,636750,150,150,LT,3300.0,CE,27-FEB-2025
2025-02-03 14:21:39.378277,LT27FEB25C3300,OPTSTK,91.95,2364750,91.7,91.95,636750,150,150,LT,3300.0,CE,27-FEB-2025
2025-02-03 14:21:45.857745,LT27FEB25C3300,OPTSTK,91.55,2364750,91.7,91.95,636750,150,150,LT,3300.0,CE,27-FEB-2025
2025-02-03 14:21:52.196113,LT27FEB25C3300,OPTSTK,91.15,2364750,91.7,91.95,636750,150,150,LT,3300.0,CE,27-FEB-2025
2025-02-03 14:21:58.550929,LT27FEB25C3300,OPTSTK,91.25,2366700,91.2,91.75,636750,450,150,LT,3300.0,CE,27-FEB-2025
2025-02-03 14:22:05.008635,LT27FEB25C3300,OPTSTK,91.0,2366700,91.2,91.75,636750,450,150,LT,3300.0,CE,27-FEB-2025
2025-02-03 14:22:11.375002,LT27FEB25C3300,OPTSTK,92.0,2366700,91.2,91.75,636750,450,150,LT,3300.0,CE,27-FEB-2025
2025-02-03 14:22:17.759895,LT27FEB25C3300,OPTSTK,91.7,2366700,91.2,91.75,636750,450,150,LT,3300.0,CE,27-FEB-2025
2025-02-03 14:22:24.147150,LT27FEB25C3300,OPTSTK,91.95,2370300,91.8,92.35,636750,150,150,LT,3300.0,CE,27-FEB-2025
2025-02-03 14:22:30.616036,LT27FEB25C3300,OPTSTK,92.55,2370300,91.8,92.35,639000,150,150,LT,3300.0,CE,27-FEB-2025
2025-02-03 14:22:36.947860,LT27FEB25C3300,OPTSTK,92.9,2370300,91.8,92.35,639000,150,150,LT,3300.0,CE,27-FEB-2025
2025-02-03 14:22:43.227248,LT27FEB25C3300,OPTSTK,92.2,2373150,92.0,92.4,639000,150,150,LT,3300.0,CE,27-FEB-2025
2025-02-03 14:22:49.805927,LT27FEB25C3300,OPTSTK,92.0,2373300,91.5,91.9,639000,150,300,LT,3300.0,CE,27-FEB-2025
2025-02-03 14:22:56.094716,LT27FEB25C3300,OPTSTK,91.5,2374050,91.5,91.8,639000,300,150,LT,3300.0,CE,27-FEB-2025
2025-02-03 14:23:02.603249,LT27FEB25C3300,OPTSTK,91.1,2374650,91.1,91.5,639000,150,150,LT,3300.0,CE,27-FEB-2025
2025-02-03 14:23:08.774480,LT27FEB25C3300,OPTSTK,91.55,2375250,91.25,91.9,639000,150,300,LT,3300.0,CE,27-FEB-2025
2025-02-03 14:23:16.094885,LT27FEB25C3300,OPTSTK,91.25,2375550,91.25,91.55,639000,150,150,LT,3300.0,CE,27-FEB-2025
2025-02-03 14:23:22.556367,LT27FEB25C3300,OPTSTK,90.75,2376300,90.55,91.05,639000,300,150,LT,3300.0,CE,27-FEB-2025
2025-02-03 14:23:28.811035,LT27FEB25C3300,OPTSTK,90.75,2376600,90.75,91.3,639000,150,300,LT,3300.0,CE,27-FEB-2025
2025-02-03 14:23:35.232020,LT27FEB25C3300,OPTSTK,90.9,2380350,90.95,91.5,639000,150,150,LT,3300.0,CE,27-FEB-2025
2025-02-03 14:23:41.622494,LT27FEB25C3300,OPTSTK,90.9,2380350,91.1,91.65,639000,150,150,LT,3300.0,CE,27-FEB-2025
2025-02-03 14:23:48.077381,LT27FEB25C3300,OPTSTK,91.05,2380650,91.0,91.6,639000,300,300,LT,3300.0,CE,27-FEB-2025
2025-02-03 14:23:54.622635,LT27FEB25C3300,OPTSTK,91.6,2380650,91.0,91.6,639000,300,300,LT,3300.0,CE,27-FEB-2025
2025-02-03 14:24:00.974274,LT27FEB25C3300,OPTSTK,91.1,2380650,91.0,91.6,639000,300,300,LT,3300.0,CE,27-FEB-2025
2025-02-03 14:24:07.622365,LT27FEB25C3300,OPTSTK,91.1,2380650,91.0,91.6,639000,300,300,LT,3300.0,CE,27-FEB-2025
2025-02-03 14:24:13.816090,LT27FEB25C3300,OPTSTK,90.9,2382000,90.9,91.35,639000,750,150,LT,3300.0,CE,27-FEB-2025
2025-02-03 14:24:20.182534,LT27FEB25C3300,OPTSTK,90.65,2382000,90.9,91.35,639000,750,150,LT,3300.0,CE,27-FEB-2025
2025-02-03 14:24:26.450151,LT27FEB25C3300,OPTSTK,90.65,2382000,90.9,91.35,639000,750,150,LT,3300.0,CE,27-FEB-2025
2025-02-03 14:24:32.828461,LT27FEB25C3300,OPTSTK,90.65,2383050,91.25,91.85,639000,150,150,LT,3300.0,CE,27-FEB-2025
2025-02-03 14:24:39.417156,LT27FEB25C3300,OPTSTK,90.65,2383050,91.25,91.85,639000,150,150,LT,3300.0,CE,27-FEB-2025
2025-02-03 14:24:45.929552,LT27FEB25C3300,OPTSTK,91.1,2383050,91.25,91.85,639000,150,150,LT,3300.0,CE,27-FEB-2025
2025-02-03 14:24:52.386829,LT27FEB25C3300,OPTSTK,91.1,2383350,91.15,91.7,639000,150,150,LT,3300.0,CE,27-FEB-2025
2025-02-03 14:24:58.940481,LT27FEB25C3300,OPTSTK,91.2,2383350,91.15,91.7,639000,150,150,LT,3300.0,CE,27-FEB-2025
2025-02-03 14:25:05.504098,LT27FEB25C3300,OPTSTK,91.25,2383350,91.15,91.7,639000,150,150,LT,3300.0,CE,27-FEB-2025
2025-02-03 14:25:11.916349,LT27FEB25C3300,OPTSTK,91.25,2384550,91.15,91.8,639000,150,300,LT,3300.0,CE,27-FEB-2025
2025-02-03 14:25:18.345099,LT27FEB25C3300,OPTSTK,91.5,2384550,91.15,91.8,639000,150,300,LT,3300.0,CE,27-FEB-2025
2025-02-03 14:25:24.951414,LT27FEB25C3300,OPTSTK,91.8,2384550,91.15,91.8,639000,150,300,LT,3300.0,CE,27-FEB-2025
2025-02-03 14:25:31.313438,LT27FEB25C3300,OPTSTK,91.8,2385600,91.75,92.35,639300,150,150,LT,3300.0,CE,27-FEB-2025
2025-02-03 14:25:37.786398,LT27FEB25C3300,OPTSTK,92.45,2385600,91.75,92.35,639300,150,150,LT,3300.0,CE,27-FEB-2025
2025-02-03 14:25:44.199325,LT27FEB25C3300,OPTSTK,91.55,2385600,91.75,92.35,639300,150,150,LT,3300.0,CE,27-FEB-2025
2025-02-03 14:25:50.602499,LT27FEB25C3300,OPTSTK,91.55,2385600,91.75,92.35,639300,150,150,LT,3300.0,CE,27-FEB-2025
2025-02-03 14:25:57.141453,LT27FEB25C3300,OPTSTK,91.95,2387550,91.75,92.45,639300,300,150,LT,3300.0,CE,27-FEB-2025
2025-02-03 14:26:03.584667,LT27FEB25C3300,OPTSTK,92.55,2387550,91.75,92.45,639300,300,150,LT,3300.0,CE,27-FEB-2025
2025-02-03 14:26:10.062924,LT27FEB25C3300,OPTSTK,91.85,2387550,91.75,92.45,639300,300,150,LT,3300.0,CE,27-FEB-2025
2025-02-03 14:26:16.906081,LT27FEB25C3300,OPTSTK,92.45,2388000,91.8,92.3,639300,150,300,LT,3300.0,CE,27-FEB-2025
2025-02-03 14:26:23.433560,LT27FEB25C3300,OPTSTK,92.1,2388000,91.8,92.3,639300,150,300,LT,3300.0,CE,27-FEB-2025
2025-02-03 14:26:29.827862,LT27FEB25C3300,OPTSTK,92.35,2388000,91.8,92.3,639300,150,300,LT,3300.0,CE,27-FEB-2025
2025-02-03 14:26:36.256269,LT27FEB25C3300,OPTSTK,92.0,2389200,91.55,92.05,639300,450,150,LT,3300.0,CE,27-FEB-2025
2025-02-03 14:26:42.600440,LT27FEB25C3300,OPTSTK,92.0,2389200,91.55,92.05,639300,450,150,LT,3300.0,CE,27-FEB-2025
2025-02-03 14:26:49.095965,LT27FEB25C3300,OPTSTK,92.15,2389200,91.55,92.05,639300,450,150,LT,3300.0,CE,27-FEB-2025
2025-02-03 14:26:55.484364,LT27FEB25C3300,OPTSTK,92.0,2389200,91.55,92.05,639300,450,150,LT,3300.0,CE,27-FEB-2025
2025-02-03 14:27:02.018597,LT27FEB25C3300,OPTSTK,92.0,2390100,91.95,92.5,639300,150,150,LT,3300.0,CE,27-FEB-2025
2025-02-03 14:27:08.348090,LT27FEB25C3300,OPTSTK,92.0,2390100,91.95,92.5,639300,150,150,LT,3300.0,CE,27-FEB-2025
2025-02-03 14:27:14.496367,LT27FEB25C3300,OPTSTK,92.15,2390100,91.95,92.5,639300,150,150,LT,3300.0,CE,27-FEB-2025
2025-02-03 14:27:20.878685,LT27FEB25C3300,OPTSTK,92.4,2390550,92.05,92.5,639300,150,300,LT,3300.0,CE,27-FEB-2025
2025-02-03 14:27:27.355096,LT27FEB25C3300,OPTSTK,92.0,2390550,92.05,92.5,639300,150,300,LT,3300.0,CE,27-FEB-2025
2025-02-03 14:27:33.744027,LT27FEB25C3300,OPTSTK,92.0,2390550,92.05,92.5,639300,150,300,LT,3300.0,CE,27-FEB-2025
2025-02-03 14:27:40.052049,LT27FEB25C3300,OPTSTK,92.0,2391000,92.0,92.45,639300,1050,150,LT,3300.0,CE,27-FEB-2025
2025-02-03 14:27:46.586521,LT27FEB25C3300,OPTSTK,92.0,2391000,92.0,92.45,639300,1050,150,LT,3300.0,CE,27-FEB-2025
2025-02-03 14:27:52.826674,LT27FEB25C3300,OPTSTK,92.9,2391000,92.0,92.45,639300,1050,150,LT,3300.0,CE,27-FEB-2025
2025-02-03 14:27:59.385108,LT27FEB25C3300,OPTSTK,92.9,2391000,92.0,92.45,639300,1050,150,LT,3300.0,CE,27-FEB-2025
2025-02-03 14:28:05.768410,LT27FEB25C3300,OPTSTK,93.0,2392800,92.3,92.95,639300,450,150,LT,3300.0,CE,27-FEB-2025
2025-02-03 14:28:12.081580,LT27FEB25C3300,OPTSTK,93.0,2392800,92.3,92.95,639300,450,150,LT,3300.0,CE,27-FEB-2025
2025-02-03 14:28:18.557691,LT27FEB25C3300,OPTSTK,92.4,2392800,92.3,92.95,639300,450,150,LT,3300.0,CE,27-FEB-2025
2025-02-03 14:28:24.881432,LT27FEB25C3300,OPTSTK,92.4,2393550,92.35,92.9,639300,150,150,LT,3300.0,CE,27-FEB-2025
2025-02-03 14:28:31.138095,LT27FEB25C3300,OPTSTK,92.4,2393550,92.35,92.9,640500,150,150,LT,3300.0,CE,27-FEB-2025
2025-02-03 14:28:37.500301,LT27FEB25C3300,OPTSTK,92.4,2393550,92.35,92.9,640500,150,150,LT,3300.0,CE,27-FEB-2025
2025-02-03 14:28:44.043855,LT27FEB25C3300,OPTSTK,92.05,2394000,92.05,92.55,640500,150,150,LT,3300.0,CE,27-FEB-2025
2025-02-03 14:28:50.675123,LT27FEB25C3300,OPTSTK,92.05,2394000,92.45,93.0,640500,150,300,LT,3300.0,CE,27-FEB-2025
2025-02-03 14:28:57.089634,LT27FEB25C3300,OPTSTK,92.4,2394000,92.15,92.65,640500,150,150,LT,3300.0,CE,27-FEB-2025
2025-02-03 14:29:03.503793,LT27FEB25C3300,OPTSTK,92.85,2395200,92.3,92.8,640500,150,150,LT,3300.0,CE,27-FEB-2025
2025-02-03 14:29:10.020105,LT27FEB25C3300,OPTSTK,92.85,2395200,92.45,92.85,640500,150,150,LT,3300.0,CE,27-FEB-2025
2025-02-03 14:29:17.315774,LT27FEB25C3300,OPTSTK,93.0,2395500,92.5,93.0,640500,300,300,LT,3300.0,CE,27-FEB-2025
2025-02-03 14:29:23.654459,LT27FEB25C3300,OPTSTK,93.0,2395500,92.65,93.0,640500,450,300,LT,3300.0,CE,27-FEB-2025
2025-02-03 14:29:30.029858,LT27FEB25C3300,OPTSTK,92.55,2395650,92.05,92.65,640500,150,150,LT,3300.0,CE,27-FEB-2025
2025-02-03 14:29:36.349883,LT27FEB25C3300,OPTSTK,92.55,2395650,92.2,92.75,640500,450,150,LT,3300.0,CE,27-FEB-2025
2025-02-03 14:29:42.849842,LT27FEB25C3300,OPTSTK,92.6,2395650,92.25,92.65,640500,150,150,LT,3300.0,CE,27-FEB-2025
2025-02-03 14:29:49.296531,LT27FEB25C3300,OPTSTK,92.55,2395650,92.25,92.65,640500,150,150,LT,3300.0,CE,27-FEB-2025
2025-02-03 14:29:55.825036,LT27FEB25C3300,OPTSTK,92.55,2396550,92.55,93.0,640500,600,150,LT,3300.0,CE,27-FEB-2025
2025-02-03 14:30:02.294428,LT27FEB25C3300,OPTSTK,92.0,2396550,92.55,93.0,640500,600,150,LT,3300.0,CE,27-FEB-2025
2025-02-03 14:30:43.356458,LT27FEB25C3300,OPTSTK,88.65,2405550,88.6,89.25,640500,300,300,LT,3300.0,CE,27-FEB-2025
2025-02-03 14:30:51.472723,LT27FEB25C3300,OPTSTK,88.15,2407050,88.2,88.6,640500,150,150,LT,3300.0,CE,27-FEB-2025
2025-02-03 14:30:57.680651,LT27FEB25C3300,OPTSTK,88.2,2407950,88.15,88.6,640500,150,300,LT,3300.0,CE,27-FEB-2025
2025-02-03 14:31:04.042521,LT27FEB25C3300,OPTSTK,88.65,2409300,88.25,88.7,640500,150,300,LT,3300.0,CE,27-FEB-2025
2025-02-03 14:31:10.729649,LT27FEB25C3300,OPTSTK,88.25,2410050,88.15,88.6,640500,150,150,LT,3300.0,CE,27-FEB-2025
2025-02-03 14:31:17.062359,LT27FEB25C3300,OPTSTK,88.2,2410800,88.2,88.6,640500,300,150,LT,3300.0,CE,27-FEB-2025
2025-02-03 14:31:24.194290,LT27FEB25C3300,OPTSTK,88.15,2412900,88.15,88.45,645300,150,150,LT,3300.0,CE,27-FEB-2025
2025-02-03 14:31:32.517022,LT27FEB25C3300,OPTSTK,88.15,2414250,88.15,88.45,645300,150,150,LT,3300.0,CE,27-FEB-2025
2025-02-03 14:31:39.856788,LT27FEB25C3300,OPTSTK,88.0,2414850,88.15,88.45,645300,150,150,LT,3300.0,CE,27-FEB-2025
2025-02-03 14:31:46.142360,LT27FEB25C3300,OPTSTK,88.0,2418300,87.6,88.05,645300,300,150,LT,3300.0,CE,27-FEB-2025
2025-02-03 14:31:52.500672,LT27FEB25C3300,OPTSTK,87.05,2418300,87.6,88.05,645300,300,150,LT,3300.0,CE,27-FEB-2025
2025-02-03 14:31:58.981509,LT27FEB25C3300,OPTSTK,86.8,2418300,87.6,88.05,645300,300,150,LT,3300.0,CE,27-FEB-2025
2025-02-03 14:32:05.496655,LT27FEB25C3300,OPTSTK,87.05,2424450,87.25,87.75,645300,300,450,LT,3300.0,CE,27-FEB-2025
2025-02-03 14:32:12.111592,LT27FEB25C3300,OPTSTK,86.65,2424450,87.25,87.75,645300,300,450,LT,3300.0,CE,27-FEB-2025
2025-02-03 14:32:18.524116,LT27FEB25C3300,OPTSTK,86.7,2424450,87.25,87.75,645300,300,450,LT,3300.0,CE,27-FEB-2025
2025-02-03 14:32:24.670198,LT27FEB25C3300,OPTSTK,86.8,2428800,86.45,86.9,645300,150,300,LT,3300.0,CE,27-FEB-2025
2025-02-03 14:32:30.936089,LT27FEB25C3300,OPTSTK,86.8,2428800,86.45,86.9,645300,150,300,LT,3300.0,CE,27-FEB-2025
2025-02-03 14:32:37.285313,LT27FEB25C3300,OPTSTK,86.65,2431500,86.7,87.15,645300,150,150,LT,3300.0,CE,27-FEB-2025
2025-02-03 14:32:45.733894,LT27FEB25C3300,OPTSTK,87.0,2431950,87.0,87.45,645300,150,300,LT,3300.0,CE,27-FEB-2025
2025-02-03 14:32:53.251613,LT27FEB25C3300,OPTSTK,87.0,2432250,86.65,87.1,645300,300,150,LT,3300.0,CE,27-FEB-2025
2025-02-03 14:33:00.105556,LT27FEB25C3300,OPTSTK,86.1,2433450,86.0,86.65,645300,3300,150,LT,3300.0,CE,27-FEB-2025
2025-02-03 14:33:06.589139,LT27FEB25C3300,OPTSTK,86.25,2434050,86.15,86.55,645300,300,150,LT,3300.0,CE,27-FEB-2025
2025-02-03 14:33:12.868657,LT27FEB25C3300,OPTSTK,86.35,2435250,86.35,86.75,645300,300,150,LT,3300.0,CE,27-FEB-2025
2025-02-03 14:33:19.183295,LT27FEB25C3300,OPTSTK,86.35,2435400,86.55,86.95,645300,150,150,LT,3300.0,CE,27-FEB-2025
2025-02-03 14:33:25.400251,LT27FEB25C3300,OPTSTK,87.05,2436000,86.7,87.2,645300,150,450,LT,3300.0,CE,27-FEB-2025
2025-02-03 14:33:31.572594,LT27FEB25C3300,OPTSTK,86.65,2436150,86.55,86.9,645300,150,150,LT,3300.0,CE,27-FEB-2025
2025-02-03 14:33:37.858926,LT27FEB25C3300,OPTSTK,86.35,2436750,86.4,86.8,645300,150,300,LT,3300.0,CE,27-FEB-2025
2025-02-03 14:33:44.355900,LT27FEB25C3300,OPTSTK,86.35,2436750,86.4,86.8,645300,150,300,LT,3300.0,CE,27-FEB-2025
2025-02-03 14:33:50.615599,LT27FEB25C3300,OPTSTK,86.7,2439000,86.3,86.75,645300,150,150,LT,3300.0,CE,27-FEB-2025
2025-02-03 14:35:44.950271,LT27FEB25C3300,OPTSTK,89.75,2451000,89.15,89.65,653700,150,300,LT,3300.0,CE,27-FEB-2025
2025-02-03 14:35:51.344482,LT27FEB25C3300,OPTSTK,89.0,2451750,88.55,89.05,653700,150,300,LT,3300.0,CE,27-FEB-2025
2025-02-03 14:35:57.486583,LT27FEB25C3300,OPTSTK,89.1,2452200,89.1,89.55,653700,150,150,LT,3300.0,CE,27-FEB-2025
2025-02-03 14:36:03.689463,LT27FEB25C3300,OPTSTK,89.25,2452350,89.3,89.8,653700,300,150,LT,3300.0,CE,27-FEB-2025
2025-02-03 14:36:09.913375,LT27FEB25C3300,OPTSTK,89.8,2452500,89.4,89.95,653700,150,450,LT,3300.0,CE,27-FEB-2025
2025-02-03 14:36:16.317857,LT27FEB25C3300,OPTSTK,89.75,2452800,89.25,89.8,653700,300,150,LT,3300.0,CE,27-FEB-2025
2025-02-03 14:36:22.586297,LT27FEB25C3300,OPTSTK,89.75,2452800,89.1,89.5,653700,150,300,LT,3300.0,CE,27-FEB-2025
2025-02-03 14:36:30.031925,LT27FEB25C3300,OPTSTK,89.5,2452950,89.15,89.6,653700,150,150,LT,3300.0,CE,27-FEB-2025
2025-02-03 14:36:38.344827,LT27FEB25C3300,OPTSTK,89.2,2453400,89.25,89.7,653700,300,150,LT,3300.0,CE,27-FEB-2025
2025-02-03 14:36:45.591613,LT27FEB25C3300,OPTSTK,89.65,2453550,89.15,89.7,653700,150,300,LT,3300.0,CE,27-FEB-2025
2025-02-03 14:36:51.956318,LT27FEB25C3300,OPTSTK,89.65,2453550,89.2,89.55,653700,450,150,LT,3300.0,CE,27-FEB-2025
2025-02-03 14:36:58.458265,LT27FEB25C3300,OPTSTK,89.2,2454000,89.15,89.55,653700,150,150,LT,3300.0,CE,27-FEB-2025
2025-02-03 14:37:04.728030,LT27FEB25C3300,OPTSTK,89.2,2454000,89.1,89.5,653700,150,150,LT,3300.0,CE,27-FEB-2025
2025-02-03 14:37:11.300510,LT27FEB25C3300,OPTSTK,89.2,2454000,89.2,89.6,653700,300,1050,LT,3300.0,CE,27-FEB-2025
2025-02-03 14:37:17.809266,LT27FEB25C3300,OPTSTK,89.2,2454000,89.2,89.55,653700,150,300,LT,3300.0,CE,27-FEB-2025
2025-02-03 14:37:24.099264,LT27FEB25C3300,OPTSTK,89.05,2454600,89.1,89.45,653700,150,300,LT,3300.0,CE,27-FEB-2025
2025-02-03 14:37:30.659246,LT27FEB25C3300,OPTSTK,89.1,2454900,89.05,89.3,658350,150,150,LT,3300.0,CE,27-FEB-2025
2025-02-03 14:37:36.914695,LT27FEB25C3300,OPTSTK,89.45,2457450,89.1,89.4,658350,300,450,LT,3300.0,CE,27-FEB-2025
2025-02-03 14:37:42.999197,LT27FEB25C3300,OPTSTK,89.1,2457450,89.1,89.4,658350,300,450,LT,3300.0,CE,27-FEB-2025
2025-02-03 14:37:52.064526,LT27FEB25C3300,OPTSTK,89.1,2457450,89.1,89.4,658350,300,450,LT,3300.0,CE,27-FEB-2025
2025-02-03 14:37:59.585656,LT27FEB25C3300,OPTSTK,88.5,2458650,88.75,89.25,658350,150,150,LT,3300.0,CE,27-FEB-2025
2025-02-03 14:38:06.071169,LT27FEB25C3300,OPTSTK,88.15,2458650,88.75,89.25,658350,150,150,LT,3300.0,CE,27-FEB-2025
2025-02-03 14:38:12.576216,LT27FEB25C3300,OPTSTK,88.0,2458650,88.75,89.25,658350,150,150,LT,3300.0,CE,27-FEB-2025
