timestamp,symbol,instrument,ltp,volume,bid,ask,oi,bid_qty,ask_qty,stock_name,strike,option_type,expiry
2025-02-03 09:30:10.689412,BEL27FEB25C270,OPTSTK,12.45,1271100,12.5,12.6,2394000,37050,8550,BEL,270.0,CE,27-FEB-2025
2025-02-03 09:32:39.120760,BEL27FEB25C270,OPTSTK,11.75,1829700,11.7,11.8,2462400,8550,14250,BEL,270.0,CE,27-FEB-2025
2025-02-03 09:32:46.760634,BEL27FEB25C270,OPTSTK,11.7,1863900,11.7,11.8,2462400,5700,17100,BEL,270.0,CE,27-FEB-2025
2025-02-03 09:33:00.834562,BEL27FEB25C270,OPTSTK,11.4,1863900,11.7,11.8,2462400,5700,17100,BEL,270.0,CE,27-FEB-2025
2025-02-03 09:33:12.064897,BEL27FEB25C270,OPTSTK,11.45,1946550,11.35,11.45,2462400,17100,2850,BEL,270.0,CE,27-FEB-2025
2025-02-03 09:33:26.671944,BEL27FEB25C270,OPTSTK,11.45,1946550,11.35,11.45,2462400,17100,2850,BEL,270.0,CE,27-FEB-2025
2025-02-03 09:33:34.629581,BEL27FEB25C270,OPTSTK,11.25,1977900,11.25,11.3,2462400,2850,5700,BEL,270.0,CE,27-FEB-2025
2025-02-03 09:33:42.235199,BEL27FEB25C270,OPTSTK,11.2,1977900,11.25,11.3,2596350,2850,5700,BEL,270.0,CE,27-FEB-2025
2025-02-03 09:33:50.053170,BEL27FEB25C270,OPTSTK,11.15,1977900,11.25,11.3,2596350,2850,5700,BEL,270.0,CE,27-FEB-2025
2025-02-03 09:33:58.410243,BEL27FEB25C270,OPTSTK,11.05,2046300,10.95,11.05,2596350,2850,14250,BEL,270.0,CE,27-FEB-2025
2025-02-03 09:34:10.165932,BEL27FEB25C270,OPTSTK,11.05,2046300,10.95,11.05,2596350,2850,14250,BEL,270.0,CE,27-FEB-2025
2025-02-03 09:34:23.396900,BEL27FEB25C270,OPTSTK,11.15,2080500,11.15,11.25,2596350,5700,14250,BEL,270.0,CE,27-FEB-2025
2025-02-03 09:34:31.376002,BEL27FEB25C270,OPTSTK,11.2,2080500,11.15,11.25,2596350,5700,14250,BEL,270.0,CE,27-FEB-2025
2025-02-03 09:34:39.313070,BEL27FEB25C270,OPTSTK,11.1,2080500,11.15,11.25,2596350,5700,14250,BEL,270.0,CE,27-FEB-2025
2025-02-03 09:34:46.643980,BEL27FEB25C270,OPTSTK,11.0,2140350,11.05,11.15,2596350,14250,22800,BEL,270.0,CE,27-FEB-2025
2025-02-03 09:34:56.761241,BEL27FEB25C270,OPTSTK,11.0,2225850,11.0,11.1,2596350,17100,2850,BEL,270.0,CE,27-FEB-2025
2025-02-03 09:35:14.317654,BEL27FEB25C270,OPTSTK,11.0,2225850,11.0,11.1,2596350,17100,2850,BEL,270.0,CE,27-FEB-2025
2025-02-03 09:35:33.040461,BEL27FEB25C270,OPTSTK,11.0,2251500,10.9,11.0,2596350,2850,28500,BEL,270.0,CE,27-FEB-2025
2025-02-03 09:35:45.178057,BEL27FEB25C270,OPTSTK,10.95,2251500,10.9,11.0,2596350,2850,28500,BEL,270.0,CE,27-FEB-2025
2025-02-03 09:35:56.601437,BEL27FEB25C270,OPTSTK,11.0,2271450,10.95,11.1,2596350,17100,25650,BEL,270.0,CE,27-FEB-2025
2025-02-03 09:36:04.828673,BEL27FEB25C270,OPTSTK,10.95,2271450,10.95,11.1,2596350,17100,25650,BEL,270.0,CE,27-FEB-2025
2025-02-03 09:36:12.911593,BEL27FEB25C270,OPTSTK,11.0,2271450,10.95,11.1,2596350,17100,25650,BEL,270.0,CE,27-FEB-2025
2025-02-03 09:36:21.623829,BEL27FEB25C270,OPTSTK,11.0,2294250,10.9,11.0,2596350,11400,2850,BEL,270.0,CE,27-FEB-2025
2025-02-03 09:36:29.355470,BEL27FEB25C270,OPTSTK,10.95,2294250,10.9,11.0,2596350,11400,2850,BEL,270.0,CE,27-FEB-2025
2025-02-03 09:36:39.787252,BEL27FEB25C270,OPTSTK,10.75,2394000,10.7,10.85,2832900,22800,25650,BEL,270.0,CE,27-FEB-2025
2025-02-03 09:36:52.072659,BEL27FEB25C270,OPTSTK,10.75,2394000,10.7,10.85,2832900,22800,25650,BEL,270.0,CE,27-FEB-2025
2025-02-03 09:37:00.878188,BEL27FEB25C270,OPTSTK,10.75,2394000,10.7,10.85,2832900,22800,25650,BEL,270.0,CE,27-FEB-2025
2025-02-03 09:37:09.855335,BEL27FEB25C270,OPTSTK,10.75,2405400,10.7,10.75,2832900,2850,5700,BEL,270.0,CE,27-FEB-2025
2025-02-03 09:37:17.208727,BEL27FEB25C270,OPTSTK,10.7,2405400,10.7,10.75,2832900,2850,5700,BEL,270.0,CE,27-FEB-2025
2025-02-03 09:37:25.181401,BEL27FEB25C270,OPTSTK,10.7,2405400,10.7,10.75,2832900,2850,5700,BEL,270.0,CE,27-FEB-2025
2025-02-03 09:37:32.996811,BEL27FEB25C270,OPTSTK,10.6,2499450,10.55,10.6,2832900,2850,5700,BEL,270.0,CE,27-FEB-2025
2025-02-03 09:37:42.014472,BEL27FEB25C270,OPTSTK,10.5,2499450,10.55,10.6,2832900,2850,5700,BEL,270.0,CE,27-FEB-2025
2025-02-03 09:37:51.325264,BEL27FEB25C270,OPTSTK,10.4,2533650,10.4,10.55,2832900,22800,19950,BEL,270.0,CE,27-FEB-2025
2025-02-03 09:38:02.250337,BEL27FEB25C270,OPTSTK,10.4,2533650,10.4,10.55,2832900,22800,19950,BEL,270.0,CE,27-FEB-2025
2025-02-03 09:38:12.645619,BEL27FEB25C270,OPTSTK,10.4,2533650,10.4,10.55,2832900,22800,19950,BEL,270.0,CE,27-FEB-2025
2025-02-03 09:38:22.172938,BEL27FEB25C270,OPTSTK,10.45,2562150,10.35,10.45,2832900,19950,5700,BEL,270.0,CE,27-FEB-2025
2025-02-03 09:38:29.941115,BEL27FEB25C270,OPTSTK,10.4,2562150,10.35,10.45,2832900,19950,5700,BEL,270.0,CE,27-FEB-2025
2025-02-03 09:38:37.493118,BEL27FEB25C270,OPTSTK,10.3,2590650,10.25,10.35,2832900,2850,19950,BEL,270.0,CE,27-FEB-2025
2025-02-03 09:38:47.569722,BEL27FEB25C270,OPTSTK,10.3,2590650,10.25,10.35,2832900,2850,19950,BEL,270.0,CE,27-FEB-2025
2025-02-03 09:38:58.633076,BEL27FEB25C270,OPTSTK,10.25,2590650,10.25,10.35,2832900,2850,19950,BEL,270.0,CE,27-FEB-2025
2025-02-03 09:39:06.989042,BEL27FEB25C270,OPTSTK,10.1,2610600,10.15,10.25,2832900,5700,19950,BEL,270.0,CE,27-FEB-2025
2025-02-03 09:39:18.459920,BEL27FEB25C270,OPTSTK,10.1,2610600,10.15,10.25,2832900,5700,19950,BEL,270.0,CE,27-FEB-2025
2025-02-03 09:39:31.526679,BEL27FEB25C270,OPTSTK,10.1,2670450,10.05,10.15,2832900,17100,8550,BEL,270.0,CE,27-FEB-2025
2025-02-03 09:39:39.878063,BEL27FEB25C270,OPTSTK,10.15,2670450,10.05,10.15,2949750,17100,8550,BEL,270.0,CE,27-FEB-2025
2025-02-03 09:39:47.946752,BEL27FEB25C270,OPTSTK,10.0,2670450,10.05,10.15,2949750,17100,8550,BEL,270.0,CE,27-FEB-2025
2025-02-03 09:39:55.618354,BEL27FEB25C270,OPTSTK,10.1,2747400,9.85,10.0,2949750,22800,28500,BEL,270.0,CE,27-FEB-2025
2025-02-03 09:40:05.079589,BEL27FEB25C270,OPTSTK,9.9,2747400,9.85,10.0,2949750,22800,28500,BEL,270.0,CE,27-FEB-2025
2025-02-03 09:40:16.134412,BEL27FEB25C270,OPTSTK,10.1,2812950,10.0,10.1,2949750,11400,8550,BEL,270.0,CE,27-FEB-2025
2025-02-03 09:40:26.429727,BEL27FEB25C270,OPTSTK,9.9,2812950,10.0,10.1,2949750,11400,8550,BEL,270.0,CE,27-FEB-2025
2025-02-03 09:40:38.530415,BEL27FEB25C270,OPTSTK,10.0,2841450,9.9,10.0,2949750,22800,2850,BEL,270.0,CE,27-FEB-2025
2025-02-03 09:40:51.853249,BEL27FEB25C270,OPTSTK,10.2,2841450,9.9,10.0,2949750,22800,2850,BEL,270.0,CE,27-FEB-2025
2025-02-03 09:40:59.307112,BEL27FEB25C270,OPTSTK,10.05,2841450,9.9,10.0,2949750,22800,2850,BEL,270.0,CE,27-FEB-2025
2025-02-03 09:41:07.024663,BEL27FEB25C270,OPTSTK,10.0,2878500,10.05,10.15,2949750,2850,25650,BEL,270.0,CE,27-FEB-2025
2025-02-03 09:41:14.659876,BEL27FEB25C270,OPTSTK,9.8,2878500,10.05,10.15,2949750,2850,25650,BEL,270.0,CE,27-FEB-2025
2025-02-03 09:41:23.392542,BEL27FEB25C270,OPTSTK,9.8,2961150,9.7,9.8,2949750,5700,11400,BEL,270.0,CE,27-FEB-2025
2025-02-03 09:41:32.483069,BEL27FEB25C270,OPTSTK,9.75,2961150,9.7,9.8,2949750,5700,11400,BEL,270.0,CE,27-FEB-2025
2025-02-03 09:41:40.981771,BEL27FEB25C270,OPTSTK,9.7,2983950,9.6,9.7,2949750,8550,28500,BEL,270.0,CE,27-FEB-2025
2025-02-03 09:41:54.826687,BEL27FEB25C270,OPTSTK,9.7,2983950,9.6,9.7,2949750,8550,28500,BEL,270.0,CE,27-FEB-2025
2025-02-03 09:42:05.270707,BEL27FEB25C270,OPTSTK,9.6,2983950,9.6,9.7,2949750,8550,28500,BEL,270.0,CE,27-FEB-2025
2025-02-03 09:42:13.281372,BEL27FEB25C270,OPTSTK,9.5,3069450,9.55,9.65,2949750,17100,8550,BEL,270.0,CE,27-FEB-2025
2025-02-03 09:42:21.534509,BEL27FEB25C270,OPTSTK,9.5,3069450,9.55,9.65,2949750,17100,8550,BEL,270.0,CE,27-FEB-2025
2025-02-03 09:42:29.548700,BEL27FEB25C270,OPTSTK,9.5,3069450,9.55,9.65,2949750,17100,8550,BEL,270.0,CE,27-FEB-2025
2025-02-03 09:42:37.477223,BEL27FEB25C270,OPTSTK,9.75,3129300,9.7,9.8,2949750,8550,11400,BEL,270.0,CE,27-FEB-2025
2025-02-03 09:42:45.118858,BEL27FEB25C270,OPTSTK,9.75,3129300,9.7,9.8,3083700,8550,11400,BEL,270.0,CE,27-FEB-2025
2025-02-03 09:42:52.974070,BEL27FEB25C270,OPTSTK,9.7,3129300,9.7,9.8,3083700,8550,11400,BEL,270.0,CE,27-FEB-2025
2025-02-03 09:43:00.956799,BEL27FEB25C270,OPTSTK,9.55,3154950,9.55,9.65,3083700,5700,17100,BEL,270.0,CE,27-FEB-2025
2025-02-03 09:43:11.158152,BEL27FEB25C270,OPTSTK,9.55,3154950,9.55,9.65,3083700,5700,17100,BEL,270.0,CE,27-FEB-2025
2025-02-03 09:43:21.510577,BEL27FEB25C270,OPTSTK,9.55,3154950,9.55,9.65,3083700,5700,17100,BEL,270.0,CE,27-FEB-2025
2025-02-03 09:43:29.114381,BEL27FEB25C270,OPTSTK,9.7,3192000,9.55,9.65,3083700,11400,22800,BEL,270.0,CE,27-FEB-2025
2025-02-03 09:43:36.758396,BEL27FEB25C270,OPTSTK,9.7,3192000,9.55,9.65,3083700,11400,22800,BEL,270.0,CE,27-FEB-2025
2025-02-03 09:43:44.330789,BEL27FEB25C270,OPTSTK,9.65,3192000,9.55,9.65,3083700,11400,22800,BEL,270.0,CE,27-FEB-2025
2025-02-03 09:43:53.246563,BEL27FEB25C270,OPTSTK,9.65,3203400,9.6,9.7,3083700,2850,28500,BEL,270.0,CE,27-FEB-2025
2025-02-03 09:44:01.282252,BEL27FEB25C270,OPTSTK,9.45,3203400,9.6,9.7,3083700,2850,28500,BEL,270.0,CE,27-FEB-2025
2025-02-03 09:44:09.119166,BEL27FEB25C270,OPTSTK,9.65,3300300,9.55,9.65,3083700,5700,25650,BEL,270.0,CE,27-FEB-2025
2025-02-03 09:44:18.035700,BEL27FEB25C270,OPTSTK,9.7,3300300,9.55,9.65,3083700,5700,25650,BEL,270.0,CE,27-FEB-2025
2025-02-03 09:44:28.483363,BEL27FEB25C270,OPTSTK,9.65,3300300,9.55,9.65,3083700,5700,25650,BEL,270.0,CE,27-FEB-2025
2025-02-03 09:44:37.433738,BEL27FEB25C270,OPTSTK,9.65,3345900,9.6,9.7,3083700,8550,34200,BEL,270.0,CE,27-FEB-2025
2025-02-03 09:44:44.964017,BEL27FEB25C270,OPTSTK,9.45,3345900,9.6,9.7,3083700,8550,34200,BEL,270.0,CE,27-FEB-2025
2025-02-03 09:44:52.759906,BEL27FEB25C270,OPTSTK,9.4,3345900,9.6,9.7,3083700,8550,34200,BEL,270.0,CE,27-FEB-2025
2025-02-03 09:45:01.051553,BEL27FEB25C270,OPTSTK,9.4,3394350,9.4,9.5,3083700,2850,37050,BEL,270.0,CE,27-FEB-2025
2025-02-03 09:45:08.668992,BEL27FEB25C270,OPTSTK,9.4,3394350,9.4,9.5,3083700,2850,37050,BEL,270.0,CE,27-FEB-2025
2025-02-03 09:45:17.318050,BEL27FEB25C270,OPTSTK,9.3,3459900,9.3,9.4,3083700,5700,17100,BEL,270.0,CE,27-FEB-2025
2025-02-03 09:45:33.114124,BEL27FEB25C270,OPTSTK,9.35,3459900,9.3,9.4,3083700,5700,17100,BEL,270.0,CE,27-FEB-2025
2025-02-03 09:45:44.293212,BEL27FEB25C270,OPTSTK,9.35,3485550,9.3,9.4,3277500,5700,45600,BEL,270.0,CE,27-FEB-2025
2025-02-03 09:45:54.253925,BEL27FEB25C270,OPTSTK,9.3,3485550,9.3,9.4,3277500,5700,45600,BEL,270.0,CE,27-FEB-2025
2025-02-03 09:46:01.886978,BEL27FEB25C270,OPTSTK,9.4,3485550,9.3,9.4,3277500,5700,45600,BEL,270.0,CE,27-FEB-2025
2025-02-03 09:46:10.034317,BEL27FEB25C270,OPTSTK,9.3,3545400,9.25,9.35,3277500,2850,39900,BEL,270.0,CE,27-FEB-2025
2025-02-03 09:46:17.885821,BEL27FEB25C270,OPTSTK,9.35,3545400,9.25,9.35,3277500,2850,39900,BEL,270.0,CE,27-FEB-2025
2025-02-03 09:46:25.671319,BEL27FEB25C270,OPTSTK,9.4,3545400,9.25,9.35,3277500,2850,39900,BEL,270.0,CE,27-FEB-2025
2025-02-03 09:46:33.281602,BEL27FEB25C270,OPTSTK,9.5,3588150,9.45,9.55,3277500,19950,2850,BEL,270.0,CE,27-FEB-2025
2025-02-03 09:46:41.117015,BEL27FEB25C270,OPTSTK,9.4,3588150,9.45,9.55,3277500,19950,2850,BEL,270.0,CE,27-FEB-2025
2025-02-03 09:46:51.075093,BEL27FEB25C270,OPTSTK,9.4,3588150,9.45,9.55,3277500,19950,2850,BEL,270.0,CE,27-FEB-2025
2025-02-03 09:47:01.033969,BEL27FEB25C270,OPTSTK,9.45,3613800,9.45,9.55,3277500,5700,31350,BEL,270.0,CE,27-FEB-2025
2025-02-03 09:47:09.960535,BEL27FEB25C270,OPTSTK,9.5,3613800,9.45,9.55,3277500,5700,31350,BEL,270.0,CE,27-FEB-2025
2025-02-03 09:47:18.659236,BEL27FEB25C270,OPTSTK,9.4,3673650,9.5,9.6,3277500,19950,2850,BEL,270.0,CE,27-FEB-2025
2025-02-03 09:47:32.975539,BEL27FEB25C270,OPTSTK,9.6,3727800,9.5,9.6,3277500,19950,5700,BEL,270.0,CE,27-FEB-2025
2025-02-03 09:47:57.338434,BEL27FEB25C270,OPTSTK,9.55,3727800,9.5,9.6,3277500,19950,5700,BEL,270.0,CE,27-FEB-2025
2025-02-03 09:48:05.272277,BEL27FEB25C270,OPTSTK,9.55,3762000,9.45,9.55,3277500,17100,5700,BEL,270.0,CE,27-FEB-2025
2025-02-03 09:48:18.069051,BEL27FEB25C270,OPTSTK,9.6,3762000,9.45,9.55,3277500,17100,5700,BEL,270.0,CE,27-FEB-2025
2025-02-03 09:48:27.912384,BEL27FEB25C270,OPTSTK,9.65,3762000,9.45,9.55,3277500,17100,5700,BEL,270.0,CE,27-FEB-2025
2025-02-03 09:48:36.879135,BEL27FEB25C270,OPTSTK,9.7,3781950,9.65,9.7,3277500,2850,2850,BEL,270.0,CE,27-FEB-2025
2025-02-03 09:48:44.834860,BEL27FEB25C270,OPTSTK,9.55,3781950,9.65,9.7,3371550,2850,2850,BEL,270.0,CE,27-FEB-2025
2025-02-03 09:48:55.163970,BEL27FEB25C270,OPTSTK,9.55,3793350,9.55,9.65,3371550,2850,22800,BEL,270.0,CE,27-FEB-2025
2025-02-03 09:49:03.671670,BEL27FEB25C270,OPTSTK,9.55,3793350,9.55,9.65,3371550,2850,22800,BEL,270.0,CE,27-FEB-2025
2025-02-03 09:49:13.547883,BEL27FEB25C270,OPTSTK,9.3,3793350,9.55,9.65,3371550,2850,22800,BEL,270.0,CE,27-FEB-2025
2025-02-03 09:49:24.816599,BEL27FEB25C270,OPTSTK,9.2,3824700,9.25,9.35,3371550,14250,14250,BEL,270.0,CE,27-FEB-2025
2025-02-03 09:49:37.241798,BEL27FEB25C270,OPTSTK,9.1,3824700,9.25,9.35,3371550,14250,14250,BEL,270.0,CE,27-FEB-2025
2025-02-03 09:49:46.399856,BEL27FEB25C270,OPTSTK,9.1,3913050,9.0,9.1,3371550,39900,17100,BEL,270.0,CE,27-FEB-2025
2025-02-03 09:49:56.925244,BEL27FEB25C270,OPTSTK,9.05,3913050,9.0,9.1,3371550,39900,17100,BEL,270.0,CE,27-FEB-2025
2025-02-03 09:50:06.125391,BEL27FEB25C270,OPTSTK,9.15,3958650,9.05,9.15,3371550,2850,37050,BEL,270.0,CE,27-FEB-2025
2025-02-03 09:50:14.924231,BEL27FEB25C270,OPTSTK,9.15,3958650,9.05,9.15,3371550,2850,37050,BEL,270.0,CE,27-FEB-2025
2025-02-03 09:50:24.509311,BEL27FEB25C270,OPTSTK,9.3,3958650,9.05,9.15,3371550,2850,37050,BEL,270.0,CE,27-FEB-2025
2025-02-03 09:50:33.725145,BEL27FEB25C270,OPTSTK,9.45,3975750,9.35,9.45,3371550,19950,2850,BEL,270.0,CE,27-FEB-2025
2025-02-03 09:50:44.188338,BEL27FEB25C270,OPTSTK,9.35,3975750,9.35,9.45,3371550,19950,2850,BEL,270.0,CE,27-FEB-2025
2025-02-03 09:50:56.242089,BEL27FEB25C270,OPTSTK,9.35,3998550,9.4,9.55,3371550,19950,28500,BEL,270.0,CE,27-FEB-2025
2025-02-03 09:51:04.671442,BEL27FEB25C270,OPTSTK,9.4,3998550,9.4,9.55,3371550,19950,28500,BEL,270.0,CE,27-FEB-2025
2025-02-03 09:51:12.734135,BEL27FEB25C270,OPTSTK,9.4,3998550,9.4,9.55,3371550,19950,28500,BEL,270.0,CE,27-FEB-2025
2025-02-03 09:51:21.234346,BEL27FEB25C270,OPTSTK,9.3,4001400,9.2,9.3,3371550,22800,8550,BEL,270.0,CE,27-FEB-2025
2025-02-03 09:51:29.355227,BEL27FEB25C270,OPTSTK,9.4,4001400,9.2,9.3,3371550,22800,8550,BEL,270.0,CE,27-FEB-2025
2025-02-03 09:51:37.625862,BEL27FEB25C270,OPTSTK,9.4,4001400,9.2,9.3,3457050,22800,8550,BEL,270.0,CE,27-FEB-2025
2025-02-03 09:51:46.332801,BEL27FEB25C270,OPTSTK,9.45,4029900,9.35,9.45,3457050,19950,5700,BEL,270.0,CE,27-FEB-2025
2025-02-03 09:51:54.179862,BEL27FEB25C270,OPTSTK,9.35,4029900,9.35,9.45,3457050,19950,5700,BEL,270.0,CE,27-FEB-2025
2025-02-03 09:52:06.612731,BEL27FEB25C270,OPTSTK,9.55,4047000,9.35,9.5,3457050,19950,19950,BEL,270.0,CE,27-FEB-2025
2025-02-03 09:52:17.172763,BEL27FEB25C270,OPTSTK,9.45,4047000,9.35,9.5,3457050,19950,19950,BEL,270.0,CE,27-FEB-2025
2025-02-03 09:52:27.246177,BEL27FEB25C270,OPTSTK,9.5,4047000,9.35,9.5,3457050,19950,19950,BEL,270.0,CE,27-FEB-2025
2025-02-03 09:52:34.970862,BEL27FEB25C270,OPTSTK,9.45,4066950,9.55,9.6,3457050,2850,2850,BEL,270.0,CE,27-FEB-2025
2025-02-03 09:52:42.730944,BEL27FEB25C270,OPTSTK,9.4,4066950,9.55,9.6,3457050,2850,2850,BEL,270.0,CE,27-FEB-2025
2025-02-03 09:52:50.815210,BEL27FEB25C270,OPTSTK,9.35,4066950,9.55,9.6,3457050,2850,2850,BEL,270.0,CE,27-FEB-2025
2025-02-03 09:52:58.175091,BEL27FEB25C270,OPTSTK,9.35,4104000,9.25,9.35,3457050,19950,5700,BEL,270.0,CE,27-FEB-2025
2025-02-03 09:53:06.008006,BEL27FEB25C270,OPTSTK,9.4,4104000,9.25,9.35,3457050,19950,5700,BEL,270.0,CE,27-FEB-2025
2025-02-03 09:53:16.066460,BEL27FEB25C270,OPTSTK,9.4,4132500,9.5,9.55,3457050,2850,5700,BEL,270.0,CE,27-FEB-2025
2025-02-03 09:53:25.303169,BEL27FEB25C270,OPTSTK,9.45,4132500,9.5,9.55,3457050,2850,5700,BEL,270.0,CE,27-FEB-2025
2025-02-03 09:53:35.676600,BEL27FEB25C270,OPTSTK,9.55,4132500,9.5,9.55,3457050,2850,5700,BEL,270.0,CE,27-FEB-2025
2025-02-03 09:53:43.439038,BEL27FEB25C270,OPTSTK,9.55,4178100,9.45,9.6,3457050,17100,39900,BEL,270.0,CE,27-FEB-2025
2025-02-03 09:53:51.253233,BEL27FEB25C270,OPTSTK,9.5,4178100,9.45,9.6,3457050,17100,39900,BEL,270.0,CE,27-FEB-2025
2025-02-03 09:53:59.190725,BEL27FEB25C270,OPTSTK,9.5,4178100,9.45,9.6,3457050,17100,39900,BEL,270.0,CE,27-FEB-2025
2025-02-03 09:54:06.935036,BEL27FEB25C270,OPTSTK,9.35,4180950,9.45,9.55,3457050,5700,19950,BEL,270.0,CE,27-FEB-2025
2025-02-03 09:54:15.011971,BEL27FEB25C270,OPTSTK,9.4,4180950,9.45,9.55,3457050,5700,19950,BEL,270.0,CE,27-FEB-2025
2025-02-03 09:54:22.562370,BEL27FEB25C270,OPTSTK,9.4,4180950,9.45,9.55,3457050,5700,19950,BEL,270.0,CE,27-FEB-2025
2025-02-03 09:54:32.417166,BEL27FEB25C270,OPTSTK,9.6,4218000,9.45,9.55,3457050,19950,8550,BEL,270.0,CE,27-FEB-2025
2025-02-03 09:54:43.500854,BEL27FEB25C270,OPTSTK,9.55,4218000,9.45,9.55,3585300,19950,8550,BEL,270.0,CE,27-FEB-2025
2025-02-03 09:54:52.080880,BEL27FEB25C270,OPTSTK,9.45,4257900,9.55,9.7,3585300,11400,31350,BEL,270.0,CE,27-FEB-2025
2025-02-03 09:55:02.035852,BEL27FEB25C270,OPTSTK,9.4,4257900,9.55,9.7,3585300,11400,31350,BEL,270.0,CE,27-FEB-2025
2025-02-03 09:55:09.699489,BEL27FEB25C270,OPTSTK,9.55,4257900,9.55,9.7,3585300,11400,31350,BEL,270.0,CE,27-FEB-2025
2025-02-03 09:55:17.988823,BEL27FEB25C270,OPTSTK,9.5,4314900,9.55,9.7,3585300,19950,19950,BEL,270.0,CE,27-FEB-2025
2025-02-03 09:55:26.997021,BEL27FEB25C270,OPTSTK,9.5,4314900,9.55,9.7,3585300,19950,19950,BEL,270.0,CE,27-FEB-2025
2025-02-03 09:55:34.951205,BEL27FEB25C270,OPTSTK,9.5,4314900,9.55,9.7,3585300,19950,19950,BEL,270.0,CE,27-FEB-2025
2025-02-03 09:55:44.631709,BEL27FEB25C270,OPTSTK,9.4,4360500,9.45,9.55,3585300,2850,11400,BEL,270.0,CE,27-FEB-2025
2025-02-03 09:55:56.618431,BEL27FEB25C270,OPTSTK,9.15,4360500,9.45,9.55,3585300,2850,11400,BEL,270.0,CE,27-FEB-2025
2025-02-03 09:56:06.146717,BEL27FEB25C270,OPTSTK,9.25,4417500,9.25,9.35,3585300,5700,17100,BEL,270.0,CE,27-FEB-2025
2025-02-03 09:56:14.394424,BEL27FEB25C270,OPTSTK,9.4,4417500,9.25,9.35,3585300,5700,17100,BEL,270.0,CE,27-FEB-2025
2025-02-03 09:56:21.987580,BEL27FEB25C270,OPTSTK,9.5,4417500,9.25,9.35,3585300,5700,17100,BEL,270.0,CE,27-FEB-2025
2025-02-03 09:56:29.847742,BEL27FEB25C270,OPTSTK,9.3,4443150,9.4,9.5,3585300,17100,2850,BEL,270.0,CE,27-FEB-2025
2025-02-03 09:56:37.537662,BEL27FEB25C270,OPTSTK,9.3,4443150,9.4,9.5,3585300,17100,2850,BEL,270.0,CE,27-FEB-2025
2025-02-03 09:56:45.298199,BEL27FEB25C270,OPTSTK,9.35,4443150,9.4,9.5,3585300,17100,2850,BEL,270.0,CE,27-FEB-2025
2025-02-03 09:56:54.951049,BEL27FEB25C270,OPTSTK,9.5,4468800,9.45,9.55,3585300,19950,5700,BEL,270.0,CE,27-FEB-2025
2025-02-03 09:57:04.482848,BEL27FEB25C270,OPTSTK,9.55,4468800,9.45,9.55,3585300,19950,5700,BEL,270.0,CE,27-FEB-2025
2025-02-03 09:57:17.171237,BEL27FEB25C270,OPTSTK,9.45,4491600,9.35,9.45,3585300,22800,11400,BEL,270.0,CE,27-FEB-2025
2025-02-03 09:57:27.753112,BEL27FEB25C270,OPTSTK,9.45,4491600,9.35,9.45,3585300,22800,11400,BEL,270.0,CE,27-FEB-2025
2025-02-03 09:57:37.679994,BEL27FEB25C270,OPTSTK,9.35,4497300,9.25,9.35,3585300,2850,31350,BEL,270.0,CE,27-FEB-2025
2025-02-03 09:57:45.696550,BEL27FEB25C270,OPTSTK,9.3,4497300,9.25,9.35,3619500,2850,31350,BEL,270.0,CE,27-FEB-2025
2025-02-03 09:57:53.153979,BEL27FEB25C270,OPTSTK,9.2,4497300,9.25,9.35,3619500,2850,31350,BEL,270.0,CE,27-FEB-2025
2025-02-03 09:58:01.089365,BEL27FEB25C270,OPTSTK,9.2,4520100,9.1,9.25,3619500,42750,22800,BEL,270.0,CE,27-FEB-2025
2025-02-03 09:58:08.730781,BEL27FEB25C270,OPTSTK,9.05,4520100,9.1,9.25,3619500,42750,22800,BEL,270.0,CE,27-FEB-2025
2025-02-03 09:58:15.960566,BEL27FEB25C270,OPTSTK,9.0,4520100,9.1,9.25,3619500,42750,22800,BEL,270.0,CE,27-FEB-2025
2025-02-03 09:58:27.839617,BEL27FEB25C270,OPTSTK,9.25,4579950,9.1,9.2,3619500,2850,14250,BEL,270.0,CE,27-FEB-2025
2025-02-03 09:58:38.514977,BEL27FEB25C270,OPTSTK,9.25,4579950,9.1,9.2,3619500,2850,14250,BEL,270.0,CE,27-FEB-2025
2025-02-03 09:58:46.517468,BEL27FEB25C270,OPTSTK,9.25,4579950,9.1,9.2,3619500,2850,14250,BEL,270.0,CE,27-FEB-2025
2025-02-03 09:58:54.452505,BEL27FEB25C270,OPTSTK,9.4,4588500,9.15,9.25,3619500,22800,8550,BEL,270.0,CE,27-FEB-2025
2025-02-03 09:59:02.704889,BEL27FEB25C270,OPTSTK,9.05,4588500,9.15,9.25,3619500,22800,8550,BEL,270.0,CE,27-FEB-2025
2025-02-03 09:59:13.570108,BEL27FEB25C270,OPTSTK,9.45,4625550,9.1,9.25,3619500,25650,22800,BEL,270.0,CE,27-FEB-2025
2025-02-03 09:59:29.093519,BEL27FEB25C270,OPTSTK,9.25,4625550,9.1,9.25,3619500,25650,22800,BEL,270.0,CE,27-FEB-2025
2025-02-03 09:59:41.825294,BEL27FEB25C270,OPTSTK,9.25,4662600,9.2,9.35,3619500,28500,14250,BEL,270.0,CE,27-FEB-2025
2025-02-03 09:59:52.440231,BEL27FEB25C270,OPTSTK,9.35,4662600,9.2,9.35,3619500,28500,14250,BEL,270.0,CE,27-FEB-2025
2025-02-03 10:00:00.563992,BEL27FEB25C270,OPTSTK,9.5,4685400,9.4,9.5,3619500,2850,19950,BEL,270.0,CE,27-FEB-2025
2025-02-03 10:00:08.405964,BEL27FEB25C270,OPTSTK,9.5,4685400,9.4,9.5,3619500,2850,19950,BEL,270.0,CE,27-FEB-2025
2025-02-03 10:00:16.566616,BEL27FEB25C270,OPTSTK,9.35,4736700,9.25,9.35,3619500,11400,14250,BEL,270.0,CE,27-FEB-2025
2025-02-03 10:00:29.216854,BEL27FEB25C270,OPTSTK,9.25,4736700,9.25,9.35,3619500,11400,14250,BEL,270.0,CE,27-FEB-2025
2025-02-03 10:00:40.252752,BEL27FEB25C270,OPTSTK,9.2,4736700,9.25,9.35,3682200,11400,14250,BEL,270.0,CE,27-FEB-2025
2025-02-03 10:00:51.970051,BEL27FEB25C270,OPTSTK,9.2,4765200,9.15,9.2,3682200,2850,11400,BEL,270.0,CE,27-FEB-2025
2025-02-03 10:01:03.328758,BEL27FEB25C270,OPTSTK,9.15,4765200,9.15,9.2,3682200,2850,11400,BEL,270.0,CE,27-FEB-2025
2025-02-03 10:01:14.135000,BEL27FEB25C270,OPTSTK,9.25,4807950,9.15,9.25,3682200,2850,17100,BEL,270.0,CE,27-FEB-2025
2025-02-03 10:01:22.497554,BEL27FEB25C270,OPTSTK,9.35,4807950,9.15,9.25,3682200,2850,17100,BEL,270.0,CE,27-FEB-2025
2025-02-03 10:01:31.327754,BEL27FEB25C270,OPTSTK,9.35,4807950,9.15,9.25,3682200,2850,17100,BEL,270.0,CE,27-FEB-2025
2025-02-03 10:01:38.838023,BEL27FEB25C270,OPTSTK,9.4,4842150,9.4,9.5,3682200,5700,17100,BEL,270.0,CE,27-FEB-2025
2025-02-03 10:01:46.765338,BEL27FEB25C270,OPTSTK,9.55,4842150,9.4,9.5,3682200,5700,17100,BEL,270.0,CE,27-FEB-2025
2025-02-03 10:01:55.135530,BEL27FEB25C270,OPTSTK,9.4,4870650,9.25,9.4,3682200,14250,25650,BEL,270.0,CE,27-FEB-2025
2025-02-03 10:02:02.908097,BEL27FEB25C270,OPTSTK,9.4,4870650,9.25,9.4,3682200,14250,25650,BEL,270.0,CE,27-FEB-2025
2025-02-03 10:02:14.152744,BEL27FEB25C270,OPTSTK,9.35,4870650,9.25,9.4,3682200,14250,25650,BEL,270.0,CE,27-FEB-2025
2025-02-03 10:02:25.137564,BEL27FEB25C270,OPTSTK,9.3,4930500,9.25,9.3,3682200,8550,5700,BEL,270.0,CE,27-FEB-2025
2025-02-03 10:02:37.133246,BEL27FEB25C270,OPTSTK,9.2,4930500,9.25,9.3,3682200,8550,5700,BEL,270.0,CE,27-FEB-2025
2025-02-03 10:02:48.622138,BEL27FEB25C270,OPTSTK,9.2,4959000,9.2,9.3,3682200,14250,2850,BEL,270.0,CE,27-FEB-2025
2025-02-03 10:03:00.159105,BEL27FEB25C270,OPTSTK,9.2,4959000,9.2,9.3,3682200,14250,2850,BEL,270.0,CE,27-FEB-2025
2025-02-03 10:03:09.829186,BEL27FEB25C270,OPTSTK,9.2,4976100,9.15,9.25,3682200,5700,19950,BEL,270.0,CE,27-FEB-2025
2025-02-03 10:03:17.609249,BEL27FEB25C270,OPTSTK,9.2,4976100,9.15,9.25,3682200,5700,19950,BEL,270.0,CE,27-FEB-2025
2025-02-03 10:03:25.926408,BEL27FEB25C270,OPTSTK,9.2,4987500,9.25,9.35,3682200,5700,14250,BEL,270.0,CE,27-FEB-2025
2025-02-03 10:03:41.729021,BEL27FEB25C270,OPTSTK,9.15,4987500,9.25,9.35,3730650,5700,14250,BEL,270.0,CE,27-FEB-2025
2025-02-03 10:03:51.426020,BEL27FEB25C270,OPTSTK,9.25,5010300,9.2,9.3,3730650,17100,2850,BEL,270.0,CE,27-FEB-2025
2025-02-03 10:03:59.136475,BEL27FEB25C270,OPTSTK,9.3,5010300,9.2,9.3,3730650,17100,2850,BEL,270.0,CE,27-FEB-2025
2025-02-03 10:04:06.983719,BEL27FEB25C270,OPTSTK,9.35,5010300,9.2,9.3,3730650,17100,2850,BEL,270.0,CE,27-FEB-2025
2025-02-03 10:04:15.305043,BEL27FEB25C270,OPTSTK,9.35,5027400,9.2,9.3,3730650,25650,2850,BEL,270.0,CE,27-FEB-2025
2025-02-03 10:04:26.079726,BEL27FEB25C270,OPTSTK,9.4,5027400,9.2,9.3,3730650,25650,2850,BEL,270.0,CE,27-FEB-2025
2025-02-03 10:04:41.032025,BEL27FEB25C270,OPTSTK,9.2,5053050,9.15,9.25,3730650,8550,22800,BEL,270.0,CE,27-FEB-2025
2025-02-03 10:04:53.242872,BEL27FEB25C270,OPTSTK,9.25,5053050,9.15,9.25,3730650,8550,22800,BEL,270.0,CE,27-FEB-2025
2025-02-03 10:05:02.585928,BEL27FEB25C270,OPTSTK,9.25,5081550,9.2,9.3,3730650,8550,19950,BEL,270.0,CE,27-FEB-2025
2025-02-03 10:05:10.310853,BEL27FEB25C270,OPTSTK,9.25,5081550,9.2,9.3,3730650,8550,19950,BEL,270.0,CE,27-FEB-2025
2025-02-03 10:05:18.435006,BEL27FEB25C270,OPTSTK,9.25,5081550,9.2,9.3,3730650,8550,19950,BEL,270.0,CE,27-FEB-2025
2025-02-03 10:05:26.267012,BEL27FEB25C270,OPTSTK,9.15,5081550,9.2,9.25,3730650,28500,8550,BEL,270.0,CE,27-FEB-2025
2025-02-03 10:05:33.602177,BEL27FEB25C270,OPTSTK,9.2,5081550,9.2,9.25,3730650,28500,8550,BEL,270.0,CE,27-FEB-2025
2025-02-03 10:05:40.883727,BEL27FEB25C270,OPTSTK,9.2,5081550,9.2,9.25,3730650,28500,8550,BEL,270.0,CE,27-FEB-2025
2025-02-03 10:05:48.517861,BEL27FEB25C270,OPTSTK,9.25,5141400,9.2,9.3,3730650,11400,22800,BEL,270.0,CE,27-FEB-2025
2025-02-03 10:05:55.989612,BEL27FEB25C270,OPTSTK,9.1,5141400,9.2,9.3,3730650,11400,22800,BEL,270.0,CE,27-FEB-2025
2025-02-03 10:06:07.207852,BEL27FEB25C270,OPTSTK,9.2,5175600,9.1,9.2,3730650,17100,17100,BEL,270.0,CE,27-FEB-2025
2025-02-03 10:06:17.093131,BEL27FEB25C270,OPTSTK,9.55,5175600,9.1,9.2,3730650,17100,17100,BEL,270.0,CE,27-FEB-2025
2025-02-03 10:06:24.808108,BEL27FEB25C270,OPTSTK,9.55,5175600,9.1,9.2,3730650,17100,17100,BEL,270.0,CE,27-FEB-2025
2025-02-03 10:06:33.144445,BEL27FEB25C270,OPTSTK,9.55,5226900,9.5,9.6,3730650,11400,37050,BEL,270.0,CE,27-FEB-2025
2025-02-03 10:06:41.466248,BEL27FEB25C270,OPTSTK,9.6,5226900,9.5,9.6,3796200,11400,37050,BEL,270.0,CE,27-FEB-2025
2025-02-03 10:06:49.310539,BEL27FEB25C270,OPTSTK,9.6,5238300,9.6,9.65,3796200,8550,2850,BEL,270.0,CE,27-FEB-2025
2025-02-03 10:07:04.727243,BEL27FEB25C270,OPTSTK,9.65,5238300,9.6,9.65,3796200,8550,2850,BEL,270.0,CE,27-FEB-2025
2025-02-03 10:07:16.639921,BEL27FEB25C270,OPTSTK,9.7,5323800,9.65,9.75,3796200,17100,19950,BEL,270.0,CE,27-FEB-2025
2025-02-03 10:07:29.044808,BEL27FEB25C270,OPTSTK,9.7,5323800,9.65,9.75,3796200,17100,19950,BEL,270.0,CE,27-FEB-2025
2025-02-03 10:07:37.490102,BEL27FEB25C270,OPTSTK,9.7,5323800,9.65,9.75,3796200,17100,19950,BEL,270.0,CE,27-FEB-2025
2025-02-03 10:07:45.040953,BEL27FEB25C270,OPTSTK,9.75,5343750,9.75,9.8,3796200,88350,8550,BEL,270.0,CE,27-FEB-2025
2025-02-03 10:07:52.515539,BEL27FEB25C270,OPTSTK,9.75,5343750,9.75,9.8,3796200,88350,8550,BEL,270.0,CE,27-FEB-2025
2025-02-03 10:08:00.296098,BEL27FEB25C270,OPTSTK,9.7,5343750,9.75,9.8,3796200,88350,8550,BEL,270.0,CE,27-FEB-2025
2025-02-03 10:08:08.517758,BEL27FEB25C270,OPTSTK,9.5,5463450,9.6,9.7,3796200,14250,31350,BEL,270.0,CE,27-FEB-2025
2025-02-03 10:08:16.245908,BEL27FEB25C270,OPTSTK,9.35,5463450,9.6,9.7,3796200,14250,31350,BEL,270.0,CE,27-FEB-2025
2025-02-03 10:08:23.781473,BEL27FEB25C270,OPTSTK,9.4,5463450,9.6,9.7,3796200,14250,31350,BEL,270.0,CE,27-FEB-2025
2025-02-03 10:08:31.813265,BEL27FEB25C270,OPTSTK,9.4,5531850,9.4,9.45,3796200,5700,2850,BEL,270.0,CE,27-FEB-2025
2025-02-03 10:08:42.736094,BEL27FEB25C270,OPTSTK,9.45,5531850,9.4,9.45,3796200,5700,2850,BEL,270.0,CE,27-FEB-2025
2025-02-03 10:08:51.965064,BEL27FEB25C270,OPTSTK,9.6,5540400,9.6,9.7,3796200,2850,25650,BEL,270.0,CE,27-FEB-2025
2025-02-03 10:09:02.735859,BEL27FEB25C270,OPTSTK,9.6,5540400,9.6,9.7,3796200,2850,25650,BEL,270.0,CE,27-FEB-2025
2025-02-03 10:09:14.519844,BEL27FEB25C270,OPTSTK,9.5,5557500,9.4,9.5,3796200,25650,5700,BEL,270.0,CE,27-FEB-2025
2025-02-03 10:09:24.595781,BEL27FEB25C270,OPTSTK,9.45,5557500,9.4,9.5,3796200,25650,5700,BEL,270.0,CE,27-FEB-2025
2025-02-03 10:09:33.780088,BEL27FEB25C270,OPTSTK,9.45,5557500,9.4,9.5,3796200,25650,5700,BEL,270.0,CE,27-FEB-2025
2025-02-03 10:09:41.571575,BEL27FEB25C270,OPTSTK,9.6,5566050,9.45,9.6,3796200,31350,19950,BEL,270.0,CE,27-FEB-2025
2025-02-03 10:09:50.884164,BEL27FEB25C270,OPTSTK,9.45,5566050,9.45,9.6,3930150,31350,19950,BEL,270.0,CE,27-FEB-2025
2025-02-03 10:10:01.997344,BEL27FEB25C270,OPTSTK,9.85,5608800,9.8,9.9,3930150,17100,8550,BEL,270.0,CE,27-FEB-2025
2025-02-03 10:10:10.331610,BEL27FEB25C270,OPTSTK,9.8,5608800,9.8,9.9,3930150,17100,8550,BEL,270.0,CE,27-FEB-2025
2025-02-03 10:10:18.959043,BEL27FEB25C270,OPTSTK,9.8,5608800,9.8,9.9,3930150,17100,8550,BEL,270.0,CE,27-FEB-2025
2025-02-03 10:10:26.730805,BEL27FEB25C270,OPTSTK,9.9,5714250,9.8,9.9,3930150,22800,5700,BEL,270.0,CE,27-FEB-2025
2025-02-03 10:10:34.332299,BEL27FEB25C270,OPTSTK,9.85,5714250,9.8,9.9,3930150,22800,5700,BEL,270.0,CE,27-FEB-2025
2025-02-03 10:10:42.597585,BEL27FEB25C270,OPTSTK,9.9,5714250,9.8,9.9,3930150,22800,5700,BEL,270.0,CE,27-FEB-2025
2025-02-03 10:10:50.468817,BEL27FEB25C270,OPTSTK,9.9,5776950,9.85,9.95,3930150,22800,2850,BEL,270.0,CE,27-FEB-2025
2025-02-03 10:10:57.893339,BEL27FEB25C270,OPTSTK,9.9,5776950,9.85,9.95,3930150,22800,2850,BEL,270.0,CE,27-FEB-2025
2025-02-03 10:11:08.647547,BEL27FEB25C270,OPTSTK,10.0,5776950,9.85,9.95,3930150,22800,2850,BEL,270.0,CE,27-FEB-2025
2025-02-03 10:11:19.231539,BEL27FEB25C270,OPTSTK,10.1,5802600,10.0,10.1,3930150,19950,11400,BEL,270.0,CE,27-FEB-2025
2025-02-03 10:11:27.564733,BEL27FEB25C270,OPTSTK,10.05,5802600,10.0,10.1,3930150,19950,11400,BEL,270.0,CE,27-FEB-2025
2025-02-03 10:11:35.723195,BEL27FEB25C270,OPTSTK,9.95,5802600,10.0,10.1,3930150,19950,11400,BEL,270.0,CE,27-FEB-2025
2025-02-03 10:11:43.049588,BEL27FEB25C270,OPTSTK,10.05,5836800,10.0,10.1,3930150,22800,19950,BEL,270.0,CE,27-FEB-2025
2025-02-03 10:11:50.411878,BEL27FEB25C270,OPTSTK,10.05,5836800,10.0,10.1,3930150,22800,19950,BEL,270.0,CE,27-FEB-2025
2025-02-03 10:11:58.048620,BEL27FEB25C270,OPTSTK,10.1,5836800,10.0,10.1,3930150,22800,19950,BEL,270.0,CE,27-FEB-2025
2025-02-03 10:12:05.913874,BEL27FEB25C270,OPTSTK,10.25,5868150,10.1,10.2,3930150,2850,31350,BEL,270.0,CE,27-FEB-2025
2025-02-03 10:12:13.936957,BEL27FEB25C270,OPTSTK,10.35,5868150,10.1,10.2,3930150,2850,31350,BEL,270.0,CE,27-FEB-2025
2025-02-03 10:12:23.349461,BEL27FEB25C270,OPTSTK,10.15,5950800,10.25,10.4,3930150,34200,34200,BEL,270.0,CE,27-FEB-2025
2025-02-03 10:12:33.942959,BEL27FEB25C270,OPTSTK,10.2,5950800,10.25,10.4,3930150,34200,34200,BEL,270.0,CE,27-FEB-2025
2025-02-03 10:12:42.658123,BEL27FEB25C270,OPTSTK,10.25,5950800,10.25,10.4,3867450,34200,34200,BEL,270.0,CE,27-FEB-2025
2025-02-03 10:12:50.542263,BEL27FEB25C270,OPTSTK,10.25,6039150,10.2,10.3,3867450,31350,2850,BEL,270.0,CE,27-FEB-2025
2025-02-03 10:13:03.905967,BEL27FEB25C270,OPTSTK,10.25,6039150,10.2,10.3,3867450,31350,2850,BEL,270.0,CE,27-FEB-2025
2025-02-03 10:13:14.652989,BEL27FEB25C270,OPTSTK,10.15,6064800,10.2,10.25,3867450,2850,17100,BEL,270.0,CE,27-FEB-2025
2025-02-03 10:13:25.575546,BEL27FEB25C270,OPTSTK,10.2,6064800,10.2,10.25,3867450,2850,17100,BEL,270.0,CE,27-FEB-2025
2025-02-03 10:13:33.221799,BEL27FEB25C270,OPTSTK,10.4,6113250,10.25,10.35,3867450,17100,19950,BEL,270.0,CE,27-FEB-2025
2025-02-03 10:13:45.345379,BEL27FEB25C270,OPTSTK,10.6,6113250,10.25,10.35,3867450,17100,19950,BEL,270.0,CE,27-FEB-2025
2025-02-03 10:13:56.386534,BEL27FEB25C270,OPTSTK,10.45,6207300,10.5,10.6,3867450,17100,17100,BEL,270.0,CE,27-FEB-2025
2025-02-03 10:14:05.264666,BEL27FEB25C270,OPTSTK,10.4,6207300,10.5,10.6,3867450,17100,17100,BEL,270.0,CE,27-FEB-2025
2025-02-03 10:14:13.226023,BEL27FEB25C270,OPTSTK,10.3,6207300,10.5,10.6,3867450,17100,17100,BEL,270.0,CE,27-FEB-2025
2025-02-03 10:14:20.872162,BEL27FEB25C270,OPTSTK,10.3,6321300,10.3,10.4,3867450,2850,28500,BEL,270.0,CE,27-FEB-2025
2025-02-03 10:14:28.340635,BEL27FEB25C270,OPTSTK,10.4,6321300,10.3,10.4,3867450,2850,28500,BEL,270.0,CE,27-FEB-2025
2025-02-03 10:14:37.534411,BEL27FEB25C270,OPTSTK,10.45,6321300,10.3,10.4,3867450,2850,28500,BEL,270.0,CE,27-FEB-2025
2025-02-03 10:14:44.900697,BEL27FEB25C270,OPTSTK,10.5,6338400,10.4,10.55,3867450,28500,19950,BEL,270.0,CE,27-FEB-2025
2025-02-03 10:14:52.896760,BEL27FEB25C270,OPTSTK,10.25,6338400,10.4,10.55,3867450,28500,19950,BEL,270.0,CE,27-FEB-2025
2025-02-03 10:15:07.834158,BEL27FEB25C270,OPTSTK,10.1,6392550,10.1,10.2,3867450,17100,8550,BEL,270.0,CE,27-FEB-2025
2025-02-03 10:15:17.514445,BEL27FEB25C270,OPTSTK,10.3,6392550,10.1,10.2,3867450,17100,8550,BEL,270.0,CE,27-FEB-2025
2025-02-03 10:15:26.794558,BEL27FEB25C270,OPTSTK,10.35,6392550,10.1,10.2,3867450,17100,8550,BEL,270.0,CE,27-FEB-2025
2025-02-03 10:15:34.411364,BEL27FEB25C270,OPTSTK,9.85,6441000,9.95,10.05,3867450,19950,17100,BEL,270.0,CE,27-FEB-2025
2025-02-03 10:15:42.289101,BEL27FEB25C270,OPTSTK,9.9,6441000,9.95,10.05,3867450,19950,17100,BEL,270.0,CE,27-FEB-2025
2025-02-03 10:15:49.679218,BEL27FEB25C270,OPTSTK,9.85,6441000,9.95,10.05,3893100,19950,17100,BEL,270.0,CE,27-FEB-2025
2025-02-03 10:15:57.102424,BEL27FEB25C270,OPTSTK,9.85,6520800,9.8,9.9,3893100,19950,8550,BEL,270.0,CE,27-FEB-2025
2025-02-03 10:16:04.528643,BEL27FEB25C270,OPTSTK,10.05,6520800,9.8,9.9,3893100,19950,8550,BEL,270.0,CE,27-FEB-2025
2025-02-03 10:16:13.599631,BEL27FEB25C270,OPTSTK,10.05,6520800,9.8,9.9,3893100,19950,8550,BEL,270.0,CE,27-FEB-2025
2025-02-03 10:16:23.738918,BEL27FEB25C270,OPTSTK,9.9,6537900,9.8,9.95,3893100,19950,19950,BEL,270.0,CE,27-FEB-2025
2025-02-03 10:16:32.335437,BEL27FEB25C270,OPTSTK,9.75,6537900,9.8,9.95,3893100,19950,19950,BEL,270.0,CE,27-FEB-2025
2025-02-03 10:16:40.976537,BEL27FEB25C270,OPTSTK,9.65,6594900,9.65,9.75,3893100,2850,28500,BEL,270.0,CE,27-FEB-2025
2025-02-03 10:16:51.109870,BEL27FEB25C270,OPTSTK,9.65,6594900,9.65,9.75,3893100,2850,28500,BEL,270.0,CE,27-FEB-2025
2025-02-03 10:17:01.721017,BEL27FEB25C270,OPTSTK,10.0,6594900,9.65,9.75,3893100,2850,28500,BEL,270.0,CE,27-FEB-2025
2025-02-03 10:17:11.523120,BEL27FEB25C270,OPTSTK,10.0,6654750,10.05,10.1,3893100,2850,5700,BEL,270.0,CE,27-FEB-2025
2025-02-03 10:17:21.881450,BEL27FEB25C270,OPTSTK,10.0,6654750,10.05,10.1,3893100,2850,5700,BEL,270.0,CE,27-FEB-2025
2025-02-03 10:17:32.789613,BEL27FEB25C270,OPTSTK,10.0,6666150,10.0,10.1,3893100,31350,5700,BEL,270.0,CE,27-FEB-2025
2025-02-03 10:17:42.316365,BEL27FEB25C270,OPTSTK,10.0,6666150,10.0,10.1,3893100,31350,5700,BEL,270.0,CE,27-FEB-2025
2025-02-03 10:17:49.672900,BEL27FEB25C270,OPTSTK,10.0,6666150,10.0,10.1,3893100,31350,5700,BEL,270.0,CE,27-FEB-2025
2025-02-03 10:17:57.374493,BEL27FEB25C270,OPTSTK,9.8,6674700,9.8,9.9,3893100,8550,8550,BEL,270.0,CE,27-FEB-2025
2025-02-03 10:18:09.085031,BEL27FEB25C270,OPTSTK,9.6,6674700,9.8,9.9,3893100,8550,8550,BEL,270.0,CE,27-FEB-2025
2025-02-03 10:18:18.380589,BEL27FEB25C270,OPTSTK,9.65,6734550,9.6,9.7,3893100,17100,5700,BEL,270.0,CE,27-FEB-2025
2025-02-03 10:18:25.805101,BEL27FEB25C270,OPTSTK,9.65,6734550,9.6,9.7,3893100,17100,5700,BEL,270.0,CE,27-FEB-2025
2025-02-03 10:18:33.177283,BEL27FEB25C270,OPTSTK,9.65,6734550,9.6,9.7,3893100,17100,5700,BEL,270.0,CE,27-FEB-2025
2025-02-03 10:18:40.610187,BEL27FEB25C270,OPTSTK,10.0,6751650,9.8,9.9,3893100,8550,14250,BEL,270.0,CE,27-FEB-2025
2025-02-03 10:18:51.800167,BEL27FEB25C270,OPTSTK,10.1,6751650,9.8,9.9,3876000,8550,14250,BEL,270.0,CE,27-FEB-2025
2025-02-03 10:19:03.687324,BEL27FEB25C270,OPTSTK,10.2,6794400,10.1,10.2,3876000,11400,19950,BEL,270.0,CE,27-FEB-2025
2025-02-03 10:19:13.288981,BEL27FEB25C270,OPTSTK,10.2,6794400,10.1,10.2,3876000,11400,19950,BEL,270.0,CE,27-FEB-2025
2025-02-03 10:19:23.085347,BEL27FEB25C270,OPTSTK,10.1,6794400,10.1,10.2,3876000,11400,19950,BEL,270.0,CE,27-FEB-2025
2025-02-03 10:19:32.292043,BEL27FEB25C270,OPTSTK,10.3,6820050,10.1,10.2,3876000,19950,17100,BEL,270.0,CE,27-FEB-2025
2025-02-03 10:19:39.884451,BEL27FEB25C270,OPTSTK,10.15,6820050,10.1,10.2,3876000,19950,17100,BEL,270.0,CE,27-FEB-2025
2025-02-03 10:19:47.455535,BEL27FEB25C270,OPTSTK,10.15,6820050,10.1,10.2,3876000,19950,17100,BEL,270.0,CE,27-FEB-2025
2025-02-03 10:19:54.523444,BEL27FEB25C270,OPTSTK,10.1,6865650,10.05,10.15,3876000,14250,5700,BEL,270.0,CE,27-FEB-2025
2025-02-03 10:20:04.684337,BEL27FEB25C270,OPTSTK,10.2,6865650,10.05,10.15,3876000,14250,5700,BEL,270.0,CE,27-FEB-2025
2025-02-03 10:20:14.924047,BEL27FEB25C270,OPTSTK,10.0,6877050,10.1,10.15,3876000,14250,5700,BEL,270.0,CE,27-FEB-2025
2025-02-03 10:20:22.407835,BEL27FEB25C270,OPTSTK,10.1,6877050,10.1,10.15,3876000,14250,5700,BEL,270.0,CE,27-FEB-2025
2025-02-03 10:20:29.879274,BEL27FEB25C270,OPTSTK,10.1,6877050,10.1,10.15,3876000,14250,5700,BEL,270.0,CE,27-FEB-2025
2025-02-03 10:20:37.345132,BEL27FEB25C270,OPTSTK,10.15,6908400,10.05,10.15,3876000,17100,8550,BEL,270.0,CE,27-FEB-2025
2025-02-03 10:20:44.903496,BEL27FEB25C270,OPTSTK,10.05,6908400,10.05,10.15,3876000,17100,8550,BEL,270.0,CE,27-FEB-2025
2025-02-03 10:20:52.931350,BEL27FEB25C270,OPTSTK,10.15,6914100,10.15,10.25,3876000,8550,25650,BEL,270.0,CE,27-FEB-2025
2025-02-03 10:21:03.898313,BEL27FEB25C270,OPTSTK,10.15,6914100,10.15,10.25,3876000,8550,25650,BEL,270.0,CE,27-FEB-2025
2025-02-03 10:21:14.866910,BEL27FEB25C270,OPTSTK,10.15,6914100,10.15,10.25,3876000,8550,25650,BEL,270.0,CE,27-FEB-2025
2025-02-03 10:21:25.586878,BEL27FEB25C270,OPTSTK,10.2,6928350,10.15,10.25,3876000,19950,2850,BEL,270.0,CE,27-FEB-2025
2025-02-03 10:21:36.345754,BEL27FEB25C270,OPTSTK,10.2,6928350,10.15,10.25,3876000,19950,2850,BEL,270.0,CE,27-FEB-2025
2025-02-03 10:21:44.705465,BEL27FEB25C270,OPTSTK,10.1,6948300,10.1,10.2,3876000,8550,25650,BEL,270.0,CE,27-FEB-2025
2025-02-03 10:21:52.164946,BEL27FEB25C270,OPTSTK,10.1,6948300,10.1,10.2,3898800,8550,25650,BEL,270.0,CE,27-FEB-2025
2025-02-03 10:21:59.738423,BEL27FEB25C270,OPTSTK,10.1,6948300,10.1,10.2,3898800,8550,25650,BEL,270.0,CE,27-FEB-2025
2025-02-03 10:22:07.097915,BEL27FEB25C270,OPTSTK,10.1,6956850,10.1,10.2,3898800,5700,11400,BEL,270.0,CE,27-FEB-2025
2025-02-03 10:22:14.362273,BEL27FEB25C270,OPTSTK,10.05,6956850,10.1,10.2,3898800,5700,11400,BEL,270.0,CE,27-FEB-2025
2025-02-03 10:22:22.529338,BEL27FEB25C270,OPTSTK,10.05,6956850,10.1,10.2,3898800,5700,11400,BEL,270.0,CE,27-FEB-2025
2025-02-03 10:22:30.493835,BEL27FEB25C270,OPTSTK,10.2,6973950,10.05,10.1,3898800,2850,8550,BEL,270.0,CE,27-FEB-2025
2025-02-03 10:22:41.807744,BEL27FEB25C270,OPTSTK,10.2,6973950,10.05,10.1,3898800,2850,8550,BEL,270.0,CE,27-FEB-2025
2025-02-03 10:22:53.119017,BEL27FEB25C270,OPTSTK,10.2,6988200,10.15,10.3,3898800,25650,39900,BEL,270.0,CE,27-FEB-2025
2025-02-03 10:23:00.758178,BEL27FEB25C270,OPTSTK,10.2,6988200,10.15,10.3,3898800,25650,39900,BEL,270.0,CE,27-FEB-2025
2025-02-03 10:23:16.141039,BEL27FEB25C270,OPTSTK,10.2,7005300,10.2,10.3,3898800,28500,31350,BEL,270.0,CE,27-FEB-2025
2025-02-03 10:23:27.665979,BEL27FEB25C270,OPTSTK,10.2,7005300,10.2,10.3,3898800,28500,31350,BEL,270.0,CE,27-FEB-2025
2025-02-03 10:23:36.807836,BEL27FEB25C270,OPTSTK,10.25,7005300,10.2,10.3,3898800,28500,31350,BEL,270.0,CE,27-FEB-2025
2025-02-03 10:23:44.926093,BEL27FEB25C270,OPTSTK,10.2,7016700,10.1,10.25,3898800,25650,22800,BEL,270.0,CE,27-FEB-2025
2025-02-03 10:23:52.543264,BEL27FEB25C270,OPTSTK,10.2,7016700,10.1,10.25,3898800,25650,22800,BEL,270.0,CE,27-FEB-2025
2025-02-03 10:24:00.043997,BEL27FEB25C270,OPTSTK,10.2,7016700,10.1,10.25,3898800,25650,22800,BEL,270.0,CE,27-FEB-2025
2025-02-03 10:24:07.307141,BEL27FEB25C270,OPTSTK,10.1,7030950,10.05,10.15,3898800,8550,19950,BEL,270.0,CE,27-FEB-2025
2025-02-03 10:24:14.726965,BEL27FEB25C270,OPTSTK,10.15,7030950,10.05,10.15,3898800,8550,19950,BEL,270.0,CE,27-FEB-2025
2025-02-03 10:24:22.364621,BEL27FEB25C270,OPTSTK,10.15,7030950,10.05,10.15,3898800,8550,19950,BEL,270.0,CE,27-FEB-2025
2025-02-03 10:24:29.755665,BEL27FEB25C270,OPTSTK,10.15,7036650,10.05,10.1,3898800,14250,2850,BEL,270.0,CE,27-FEB-2025
2025-02-03 10:24:37.052856,BEL27FEB25C270,OPTSTK,10.1,7036650,10.05,10.1,3898800,14250,2850,BEL,270.0,CE,27-FEB-2025
2025-02-03 10:24:44.542676,BEL27FEB25C270,OPTSTK,10.1,7036650,10.05,10.1,3898800,14250,2850,BEL,270.0,CE,27-FEB-2025
2025-02-03 10:24:52.378731,BEL27FEB25C270,OPTSTK,10.1,7050900,10.1,10.2,3898800,2850,17100,BEL,270.0,CE,27-FEB-2025
2025-02-03 10:25:00.838252,BEL27FEB25C270,OPTSTK,10.1,7050900,10.1,10.2,3913050,2850,17100,BEL,270.0,CE,27-FEB-2025
2025-02-03 10:25:08.191938,BEL27FEB25C270,OPTSTK,10.25,7050900,10.1,10.2,3913050,2850,17100,BEL,270.0,CE,27-FEB-2025
2025-02-03 10:25:15.753799,BEL27FEB25C270,OPTSTK,10.25,7093650,10.2,10.3,3913050,19950,8550,BEL,270.0,CE,27-FEB-2025
2025-02-03 10:25:23.271680,BEL27FEB25C270,OPTSTK,10.1,7093650,10.2,10.3,3913050,19950,8550,BEL,270.0,CE,27-FEB-2025
2025-02-03 10:25:31.114095,BEL27FEB25C270,OPTSTK,10.1,7093650,10.2,10.3,3913050,19950,8550,BEL,270.0,CE,27-FEB-2025
2025-02-03 10:25:38.458326,BEL27FEB25C270,OPTSTK,10.1,7099350,10.1,10.2,3913050,8550,14250,BEL,270.0,CE,27-FEB-2025
2025-02-03 10:25:45.835804,BEL27FEB25C270,OPTSTK,10.1,7099350,10.1,10.2,3913050,8550,14250,BEL,270.0,CE,27-FEB-2025
2025-02-03 10:25:53.373129,BEL27FEB25C270,OPTSTK,10.1,7099350,10.1,10.2,3913050,8550,14250,BEL,270.0,CE,27-FEB-2025
2025-02-03 10:26:02.245233,BEL27FEB25C270,OPTSTK,10.1,7102200,10.05,10.15,3913050,5700,17100,BEL,270.0,CE,27-FEB-2025
2025-02-03 10:26:09.671504,BEL27FEB25C270,OPTSTK,10.2,7102200,10.05,10.15,3913050,5700,17100,BEL,270.0,CE,27-FEB-2025
2025-02-03 10:26:17.058369,BEL27FEB25C270,OPTSTK,10.2,7102200,10.05,10.15,3913050,5700,17100,BEL,270.0,CE,27-FEB-2025
2025-02-03 10:26:24.707697,BEL27FEB25C270,OPTSTK,10.15,7133550,10.15,10.25,3913050,2850,22800,BEL,270.0,CE,27-FEB-2025
2025-02-03 10:26:33.396854,BEL27FEB25C270,OPTSTK,10.2,7133550,10.15,10.25,3913050,2850,22800,BEL,270.0,CE,27-FEB-2025
2025-02-03 10:26:42.344861,BEL27FEB25C270,OPTSTK,10.2,7167750,10.1,10.15,3913050,8550,2850,BEL,270.0,CE,27-FEB-2025
2025-02-03 10:26:51.931419,BEL27FEB25C270,OPTSTK,10.1,7167750,10.1,10.15,3913050,8550,2850,BEL,270.0,CE,27-FEB-2025
2025-02-03 10:27:02.235984,BEL27FEB25C270,OPTSTK,9.9,7230450,9.9,10.0,3913050,14250,14250,BEL,270.0,CE,27-FEB-2025
2025-02-03 10:27:13.185328,BEL27FEB25C270,OPTSTK,9.9,7230450,9.9,10.0,3913050,14250,14250,BEL,270.0,CE,27-FEB-2025
2025-02-03 10:27:22.645118,BEL27FEB25C270,OPTSTK,9.95,7230450,9.9,10.0,3913050,14250,14250,BEL,270.0,CE,27-FEB-2025
2025-02-03 10:27:30.097339,BEL27FEB25C270,OPTSTK,9.85,7236150,9.85,9.95,3913050,8550,14250,BEL,270.0,CE,27-FEB-2025
2025-02-03 10:27:38.016688,BEL27FEB25C270,OPTSTK,9.85,7236150,9.85,9.95,3913050,8550,14250,BEL,270.0,CE,27-FEB-2025
2025-02-03 10:27:45.423692,BEL27FEB25C270,OPTSTK,9.85,7236150,9.85,9.95,3913050,8550,14250,BEL,270.0,CE,27-FEB-2025
2025-02-03 10:27:52.543148,BEL27FEB25C270,OPTSTK,9.85,7253250,9.85,9.95,3941550,14250,8550,BEL,270.0,CE,27-FEB-2025
2025-02-03 10:27:59.841599,BEL27FEB25C270,OPTSTK,10.0,7253250,9.85,9.95,3941550,14250,8550,BEL,270.0,CE,27-FEB-2025
2025-02-03 10:28:07.110348,BEL27FEB25C270,OPTSTK,9.95,7253250,9.85,9.95,3941550,14250,8550,BEL,270.0,CE,27-FEB-2025
2025-02-03 10:28:14.591597,BEL27FEB25C270,OPTSTK,9.95,7261800,9.9,10.0,3941550,19950,5700,BEL,270.0,CE,27-FEB-2025
2025-02-03 10:28:22.138321,BEL27FEB25C270,OPTSTK,9.9,7261800,9.9,10.0,3941550,19950,5700,BEL,270.0,CE,27-FEB-2025
2025-02-03 10:28:29.320161,BEL27FEB25C270,OPTSTK,9.9,7261800,9.9,10.0,3941550,19950,5700,BEL,270.0,CE,27-FEB-2025
2025-02-03 10:28:36.598619,BEL27FEB25C270,OPTSTK,9.9,7267500,9.95,10.05,3941550,22800,2850,BEL,270.0,CE,27-FEB-2025
2025-02-03 10:28:43.862333,BEL27FEB25C270,OPTSTK,9.9,7267500,9.95,10.05,3941550,22800,2850,BEL,270.0,CE,27-FEB-2025
2025-02-03 10:28:52.193863,BEL27FEB25C270,OPTSTK,9.8,7270350,9.8,9.9,3941550,37050,11400,BEL,270.0,CE,27-FEB-2025
2025-02-03 10:29:06.011085,BEL27FEB25C270,OPTSTK,9.85,7270350,9.8,9.9,3941550,37050,11400,BEL,270.0,CE,27-FEB-2025
2025-02-03 10:29:18.686028,BEL27FEB25C270,OPTSTK,9.7,7296000,9.8,9.9,3941550,8550,11400,BEL,270.0,CE,27-FEB-2025
2025-02-03 10:29:26.802774,BEL27FEB25C270,OPTSTK,9.8,7296000,9.8,9.9,3941550,8550,11400,BEL,270.0,CE,27-FEB-2025
2025-02-03 10:29:34.444191,BEL27FEB25C270,OPTSTK,9.85,7296000,9.8,9.9,3941550,8550,11400,BEL,270.0,CE,27-FEB-2025
2025-02-03 10:29:47.331509,BEL27FEB25C270,OPTSTK,9.85,7307400,9.8,9.9,3941550,11400,17100,BEL,270.0,CE,27-FEB-2025
2025-02-03 10:29:55.543665,BEL27FEB25C270,OPTSTK,9.85,7307400,9.8,9.9,3941550,11400,17100,BEL,270.0,CE,27-FEB-2025
2025-02-03 10:30:03.028967,BEL27FEB25C270,OPTSTK,9.95,7307400,9.8,9.9,3941550,11400,17100,BEL,270.0,CE,27-FEB-2025
2025-02-03 10:30:10.330164,BEL27FEB25C270,OPTSTK,9.9,7318800,9.95,10.05,3941550,5700,14250,BEL,270.0,CE,27-FEB-2025
2025-02-03 10:30:17.771943,BEL27FEB25C270,OPTSTK,10.0,7318800,9.95,10.05,3941550,5700,14250,BEL,270.0,CE,27-FEB-2025
2025-02-03 10:30:26.382670,BEL27FEB25C270,OPTSTK,10.0,7318800,9.95,10.05,3941550,5700,14250,BEL,270.0,CE,27-FEB-2025
2025-02-03 10:30:33.583077,BEL27FEB25C270,OPTSTK,9.95,7321650,9.85,9.9,3941550,2850,2850,BEL,270.0,CE,27-FEB-2025
2025-02-03 10:30:40.931621,BEL27FEB25C270,OPTSTK,9.95,7321650,9.85,9.9,3941550,2850,2850,BEL,270.0,CE,27-FEB-2025
2025-02-03 10:30:48.442700,BEL27FEB25C270,OPTSTK,9.9,7321650,9.85,9.9,3935850,2850,2850,BEL,270.0,CE,27-FEB-2025
2025-02-03 10:30:55.665085,BEL27FEB25C270,OPTSTK,9.9,7333050,9.9,10.0,3935850,17100,14250,BEL,270.0,CE,27-FEB-2025
2025-02-03 10:31:02.919510,BEL27FEB25C270,OPTSTK,9.95,7333050,9.9,10.0,3935850,17100,14250,BEL,270.0,CE,27-FEB-2025
2025-02-03 10:31:10.659177,BEL27FEB25C270,OPTSTK,10.15,7333050,9.9,10.0,3935850,17100,14250,BEL,270.0,CE,27-FEB-2025
2025-02-03 10:31:17.999690,BEL27FEB25C270,OPTSTK,10.15,7344450,9.95,10.05,3935850,17100,8550,BEL,270.0,CE,27-FEB-2025
2025-02-03 10:31:25.212012,BEL27FEB25C270,OPTSTK,10.15,7344450,9.95,10.05,3935850,17100,8550,BEL,270.0,CE,27-FEB-2025
2025-02-03 10:31:32.599917,BEL27FEB25C270,OPTSTK,10.15,7344450,9.95,10.05,3935850,17100,8550,BEL,270.0,CE,27-FEB-2025
2025-02-03 10:31:39.785422,BEL27FEB25C270,OPTSTK,10.15,7344450,10.1,10.2,3935850,2850,28500,BEL,270.0,CE,27-FEB-2025
2025-02-03 10:31:47.504368,BEL27FEB25C270,OPTSTK,10.2,7561050,10.05,10.15,4058400,17100,11400,BEL,270.0,CE,27-FEB-2025
2025-02-03 10:34:39.459336,BEL27FEB25C270,OPTSTK,10.2,7563900,10.1,10.2,4058400,2850,19950,BEL,270.0,CE,27-FEB-2025
2025-02-03 10:34:47.380841,BEL27FEB25C270,OPTSTK,10.25,7563900,10.1,10.2,4058400,2850,19950,BEL,270.0,CE,27-FEB-2025
2025-02-03 10:34:55.544434,BEL27FEB25C270,OPTSTK,10.25,7563900,10.1,10.2,4058400,2850,19950,BEL,270.0,CE,27-FEB-2025
2025-02-03 10:35:02.912994,BEL27FEB25C270,OPTSTK,10.5,7581000,10.3,10.4,4058400,5700,14250,BEL,270.0,CE,27-FEB-2025
2025-02-03 10:35:10.149801,BEL27FEB25C270,OPTSTK,10.5,7581000,10.3,10.4,4058400,5700,14250,BEL,270.0,CE,27-FEB-2025
2025-02-03 10:35:17.465433,BEL27FEB25C270,OPTSTK,10.1,7729200,10.1,10.2,4075500,5700,17100,BEL,270.0,CE,27-FEB-2025
2025-02-03 10:38:26.386442,BEL27FEB25C270,OPTSTK,10.1,7729200,10.1,10.2,4075500,5700,17100,BEL,270.0,CE,27-FEB-2025
2025-02-03 10:38:34.112239,BEL27FEB25C270,OPTSTK,10.05,7749150,10.1,10.2,4075500,5700,17100,BEL,270.0,CE,27-FEB-2025
2025-02-03 10:38:42.300738,BEL27FEB25C270,OPTSTK,10.05,7749150,10.1,10.2,4075500,5700,17100,BEL,270.0,CE,27-FEB-2025
2025-02-03 10:38:50.063996,BEL27FEB25C270,OPTSTK,10.05,7754850,10.1,10.2,4075500,5700,14250,BEL,270.0,CE,27-FEB-2025
2025-02-03 10:38:57.994676,BEL27FEB25C270,OPTSTK,10.15,7823250,9.9,10.05,4126800,34200,14250,BEL,270.0,CE,27-FEB-2025
2025-02-03 10:40:50.489871,BEL27FEB25C270,OPTSTK,10.15,7826100,10.1,10.25,4126800,28500,14250,BEL,270.0,CE,27-FEB-2025
2025-02-03 10:40:58.274419,BEL27FEB25C270,OPTSTK,10.15,7826100,10.1,10.25,4126800,28500,14250,BEL,270.0,CE,27-FEB-2025
2025-02-03 10:41:06.782384,BEL27FEB25C270,OPTSTK,10.15,7826100,9.9,10.0,4126800,14250,2850,BEL,270.0,CE,27-FEB-2025
2025-02-03 10:41:15.906003,BEL27FEB25C270,OPTSTK,10.15,7826100,9.9,10.0,4126800,14250,2850,BEL,270.0,CE,27-FEB-2025
2025-02-03 10:41:23.291110,BEL27FEB25C270,OPTSTK,10.6,7940100,10.5,10.65,4141050,34200,17100,BEL,270.0,CE,27-FEB-2025
2025-02-03 10:43:59.322773,BEL27FEB25C270,OPTSTK,10.9,7940100,10.5,10.65,4141050,34200,17100,BEL,270.0,CE,27-FEB-2025
2025-02-03 10:44:07.423169,BEL27FEB25C270,OPTSTK,10.8,8042700,10.8,10.9,4141050,14250,19950,BEL,270.0,CE,27-FEB-2025
2025-02-03 10:44:20.497011,BEL27FEB25C270,OPTSTK,10.85,8042700,10.8,10.9,4141050,14250,19950,BEL,270.0,CE,27-FEB-2025
2025-02-03 10:44:31.557140,BEL27FEB25C270,OPTSTK,10.9,8068350,10.8,10.9,4141050,25650,8550,BEL,270.0,CE,27-FEB-2025
2025-02-03 10:44:43.687728,BEL27FEB25C270,OPTSTK,10.8,8068350,10.8,10.9,4141050,25650,8550,BEL,270.0,CE,27-FEB-2025
2025-02-03 10:44:52.224325,BEL27FEB25C270,OPTSTK,10.85,8068350,10.8,10.9,4141050,25650,8550,BEL,270.0,CE,27-FEB-2025
2025-02-03 10:45:01.619077,BEL27FEB25C270,OPTSTK,10.8,8105400,10.75,10.85,4141050,11400,14250,BEL,270.0,CE,27-FEB-2025
2025-02-03 10:45:09.453176,BEL27FEB25C270,OPTSTK,10.85,8105400,10.75,10.85,4141050,11400,14250,BEL,270.0,CE,27-FEB-2025
2025-02-03 12:02:22.495489,BEL27FEB25C270,OPTSTK,11.1,11901600,11.1,11.2,4582800,14250,8550,BEL,270.0,CE,27-FEB-2025
2025-02-03 12:02:29.160118,BEL27FEB25C270,OPTSTK,11.05,11901600,11.1,11.2,4582800,14250,8550,BEL,270.0,CE,27-FEB-2025
2025-02-03 12:02:35.537620,BEL27FEB25C270,OPTSTK,11.05,11952900,11.0,11.1,4582800,19950,17100,BEL,270.0,CE,27-FEB-2025
2025-02-03 12:02:41.835332,BEL27FEB25C270,OPTSTK,11.0,11952900,11.0,11.1,4582800,19950,17100,BEL,270.0,CE,27-FEB-2025
2025-02-03 12:02:48.310071,BEL27FEB25C270,OPTSTK,11.0,11952900,11.0,11.1,4582800,19950,17100,BEL,270.0,CE,27-FEB-2025
2025-02-03 12:02:54.442539,BEL27FEB25C270,OPTSTK,11.05,11958600,11.0,11.1,4582800,17100,14250,BEL,270.0,CE,27-FEB-2025
2025-02-03 12:03:01.072712,BEL27FEB25C270,OPTSTK,11.0,11958600,11.0,11.1,4582800,17100,14250,BEL,270.0,CE,27-FEB-2025
2025-02-03 12:03:07.547840,BEL27FEB25C270,OPTSTK,10.9,11958600,11.0,11.1,4582800,17100,14250,BEL,270.0,CE,27-FEB-2025
2025-02-03 12:03:14.798111,BEL27FEB25C270,OPTSTK,10.95,11972850,10.85,10.95,4582800,17100,8550,BEL,270.0,CE,27-FEB-2025
2025-02-03 12:03:23.493666,BEL27FEB25C270,OPTSTK,10.95,11972850,10.85,10.95,4582800,17100,8550,BEL,270.0,CE,27-FEB-2025
2025-02-03 12:03:31.167340,BEL27FEB25C270,OPTSTK,10.95,11972850,10.85,10.95,4582800,17100,8550,BEL,270.0,CE,27-FEB-2025
2025-02-03 12:03:37.577525,BEL27FEB25C270,OPTSTK,10.95,11972850,10.85,10.95,4582800,14250,11400,BEL,270.0,CE,27-FEB-2025
2025-02-03 12:03:44.256401,BEL27FEB25C270,OPTSTK,10.9,11972850,10.85,10.95,4582800,14250,11400,BEL,270.0,CE,27-FEB-2025
2025-02-03 12:03:50.940092,BEL27FEB25C270,OPTSTK,10.9,11972850,10.85,10.95,4582800,14250,11400,BEL,270.0,CE,27-FEB-2025
2025-02-03 12:03:57.496482,BEL27FEB25C270,OPTSTK,10.9,11978550,10.85,10.9,4582800,2850,11400,BEL,270.0,CE,27-FEB-2025
2025-02-03 12:04:04.124672,BEL27FEB25C270,OPTSTK,10.9,11978550,10.85,10.9,4582800,2850,11400,BEL,270.0,CE,27-FEB-2025
2025-02-03 12:04:10.517507,BEL27FEB25C270,OPTSTK,10.85,11978550,10.85,10.9,4594200,2850,11400,BEL,270.0,CE,27-FEB-2025
2025-02-03 12:04:17.082864,BEL27FEB25C270,OPTSTK,10.85,11981400,10.8,10.9,4594200,19950,17100,BEL,270.0,CE,27-FEB-2025
2025-02-03 12:04:23.491034,BEL27FEB25C270,OPTSTK,10.85,11981400,10.8,10.9,4594200,19950,17100,BEL,270.0,CE,27-FEB-2025
2025-02-03 12:04:30.613074,BEL27FEB25C270,OPTSTK,10.8,11981400,10.8,10.9,4594200,19950,17100,BEL,270.0,CE,27-FEB-2025
2025-02-03 12:04:39.374480,BEL27FEB25C270,OPTSTK,10.8,11989950,10.85,10.95,4594200,17100,8550,BEL,270.0,CE,27-FEB-2025
2025-02-03 12:04:47.358396,BEL27FEB25C270,OPTSTK,10.8,11989950,10.85,10.95,4594200,17100,8550,BEL,270.0,CE,27-FEB-2025
2025-02-03 12:04:53.723411,BEL27FEB25C270,OPTSTK,10.8,11989950,10.85,10.95,4594200,17100,8550,BEL,270.0,CE,27-FEB-2025
2025-02-03 12:05:00.218201,BEL27FEB25C270,OPTSTK,10.8,11989950,10.85,10.95,4594200,11400,17100,BEL,270.0,CE,27-FEB-2025
2025-02-03 12:05:06.863694,BEL27FEB25C270,OPTSTK,10.85,11989950,10.85,10.95,4594200,11400,17100,BEL,270.0,CE,27-FEB-2025
2025-02-03 12:05:13.487224,BEL27FEB25C270,OPTSTK,10.85,11989950,10.85,10.95,4594200,11400,17100,BEL,270.0,CE,27-FEB-2025
2025-02-03 12:05:20.337355,BEL27FEB25C270,OPTSTK,10.85,11992800,10.8,10.85,4594200,5700,8550,BEL,270.0,CE,27-FEB-2025
2025-02-03 12:05:27.104185,BEL27FEB25C270,OPTSTK,10.85,11992800,10.8,10.85,4594200,5700,8550,BEL,270.0,CE,27-FEB-2025
2025-02-03 12:05:33.677661,BEL27FEB25C270,OPTSTK,10.85,11992800,10.8,10.85,4594200,5700,8550,BEL,270.0,CE,27-FEB-2025
2025-02-03 12:05:40.181061,BEL27FEB25C270,OPTSTK,10.85,11992800,10.8,10.85,4594200,5700,8550,BEL,270.0,CE,27-FEB-2025
2025-02-03 12:05:47.118992,BEL27FEB25C270,OPTSTK,10.85,11992800,10.8,10.85,4594200,5700,8550,BEL,270.0,CE,27-FEB-2025
2025-02-03 12:05:55.774945,BEL27FEB25C270,OPTSTK,10.85,11992800,10.8,10.85,4594200,5700,8550,BEL,270.0,CE,27-FEB-2025
2025-02-03 12:06:03.408807,BEL27FEB25C270,OPTSTK,10.85,11992800,10.8,10.85,4594200,2850,11400,BEL,270.0,CE,27-FEB-2025
2025-02-03 12:06:10.120414,BEL27FEB25C270,OPTSTK,10.85,11992800,10.8,10.85,4594200,2850,11400,BEL,270.0,CE,27-FEB-2025
2025-02-03 12:06:17.162783,BEL27FEB25C270,OPTSTK,10.9,11992800,10.8,10.85,4594200,2850,11400,BEL,270.0,CE,27-FEB-2025
2025-02-03 12:06:23.545967,BEL27FEB25C270,OPTSTK,10.9,11998500,10.8,10.9,4594200,19950,8550,BEL,270.0,CE,27-FEB-2025
2025-02-03 12:06:30.116975,BEL27FEB25C270,OPTSTK,10.9,11998500,10.8,10.9,4594200,19950,8550,BEL,270.0,CE,27-FEB-2025
2025-02-03 12:06:36.843339,BEL27FEB25C270,OPTSTK,10.9,11998500,10.8,10.9,4594200,19950,8550,BEL,270.0,CE,27-FEB-2025
2025-02-03 12:06:43.874922,BEL27FEB25C270,OPTSTK,10.85,11998500,10.8,10.9,4594200,19950,8550,BEL,270.0,CE,27-FEB-2025
2025-02-03 12:06:50.781930,BEL27FEB25C270,OPTSTK,10.9,12007050,10.8,10.9,4594200,19950,11400,BEL,270.0,CE,27-FEB-2025
2025-02-03 12:06:59.984782,BEL27FEB25C270,OPTSTK,10.8,12007050,10.8,10.9,4594200,19950,11400,BEL,270.0,CE,27-FEB-2025
2025-02-03 12:07:09.193038,BEL27FEB25C270,OPTSTK,10.85,12018450,10.75,10.85,4591350,17100,11400,BEL,270.0,CE,27-FEB-2025
2025-02-03 12:07:16.901949,BEL27FEB25C270,OPTSTK,10.85,12018450,10.75,10.85,4591350,17100,11400,BEL,270.0,CE,27-FEB-2025
2025-02-03 12:07:24.395123,BEL27FEB25C270,OPTSTK,10.85,12018450,10.75,10.85,4591350,17100,11400,BEL,270.0,CE,27-FEB-2025
2025-02-03 12:07:31.915628,BEL27FEB25C270,OPTSTK,10.75,12021300,10.7,10.8,4591350,8550,19950,BEL,270.0,CE,27-FEB-2025
2025-02-03 12:07:39.628928,BEL27FEB25C270,OPTSTK,10.75,12021300,10.7,10.8,4591350,8550,19950,BEL,270.0,CE,27-FEB-2025
2025-02-03 12:07:46.876476,BEL27FEB25C270,OPTSTK,10.75,12021300,10.7,10.8,4591350,8550,19950,BEL,270.0,CE,27-FEB-2025
2025-02-03 12:07:54.338502,BEL27FEB25C270,OPTSTK,10.75,12024150,10.7,10.8,4591350,11400,19950,BEL,270.0,CE,27-FEB-2025
2025-02-03 12:08:01.752295,BEL27FEB25C270,OPTSTK,10.7,12024150,10.7,10.8,4591350,11400,19950,BEL,270.0,CE,27-FEB-2025
2025-02-03 12:08:09.972501,BEL27FEB25C270,OPTSTK,10.7,12024150,10.7,10.8,4591350,11400,19950,BEL,270.0,CE,27-FEB-2025
2025-02-03 12:08:17.972200,BEL27FEB25C270,OPTSTK,10.65,12027000,10.65,10.7,4591350,11400,5700,BEL,270.0,CE,27-FEB-2025
2025-02-03 12:08:26.746816,BEL27FEB25C270,OPTSTK,10.65,12027000,10.65,10.7,4591350,11400,5700,BEL,270.0,CE,27-FEB-2025
2025-02-03 12:08:34.261976,BEL27FEB25C270,OPTSTK,10.6,12038400,10.55,10.65,4591350,22800,8550,BEL,270.0,CE,27-FEB-2025
2025-02-03 12:08:40.760716,BEL27FEB25C270,OPTSTK,10.55,12038400,10.55,10.65,4591350,22800,8550,BEL,270.0,CE,27-FEB-2025
2025-02-03 12:08:47.420881,BEL27FEB25C270,OPTSTK,10.55,12038400,10.55,10.65,4591350,22800,8550,BEL,270.0,CE,27-FEB-2025
2025-02-03 12:08:53.698292,BEL27FEB25C270,OPTSTK,10.55,12038400,10.55,10.65,4591350,22800,8550,BEL,270.0,CE,27-FEB-2025
2025-02-03 12:09:00.068386,BEL27FEB25C270,OPTSTK,10.65,12052650,10.5,10.6,4591350,31350,8550,BEL,270.0,CE,27-FEB-2025
2025-02-03 12:09:06.319953,BEL27FEB25C270,OPTSTK,10.65,12052650,10.5,10.6,4591350,31350,8550,BEL,270.0,CE,27-FEB-2025
2025-02-03 12:09:12.515053,BEL27FEB25C270,OPTSTK,10.65,12052650,10.5,10.6,4591350,31350,8550,BEL,270.0,CE,27-FEB-2025
2025-02-03 12:09:18.854341,BEL27FEB25C270,OPTSTK,10.6,12055500,10.5,10.6,4591350,62700,11400,BEL,270.0,CE,27-FEB-2025
2025-02-03 12:09:25.053807,BEL27FEB25C270,OPTSTK,10.6,12055500,10.5,10.6,4591350,62700,11400,BEL,270.0,CE,27-FEB-2025
2025-02-03 12:09:31.513459,BEL27FEB25C270,OPTSTK,10.6,12055500,10.5,10.6,4591350,62700,11400,BEL,270.0,CE,27-FEB-2025
2025-02-03 12:09:39.324431,BEL27FEB25C270,OPTSTK,10.6,12069750,10.6,10.65,4591350,5700,14250,BEL,270.0,CE,27-FEB-2025
2025-02-03 12:09:47.911842,BEL27FEB25C270,OPTSTK,10.6,12069750,10.6,10.65,4591350,5700,14250,BEL,270.0,CE,27-FEB-2025
2025-02-03 12:09:55.334552,BEL27FEB25C270,OPTSTK,10.6,12069750,10.6,10.65,4591350,5700,14250,BEL,270.0,CE,27-FEB-2025
2025-02-03 12:10:01.717189,BEL27FEB25C270,OPTSTK,10.6,12075450,10.5,10.6,4591350,68400,19950,BEL,270.0,CE,27-FEB-2025
2025-02-03 12:10:08.135247,BEL27FEB25C270,OPTSTK,10.5,12075450,10.5,10.6,4628400,68400,19950,BEL,270.0,CE,27-FEB-2025
2025-02-03 12:10:14.477131,BEL27FEB25C270,OPTSTK,10.5,12075450,10.5,10.6,4628400,68400,19950,BEL,270.0,CE,27-FEB-2025
2025-02-03 12:10:20.703987,BEL27FEB25C270,OPTSTK,10.5,12095400,10.5,10.55,4628400,2850,14250,BEL,270.0,CE,27-FEB-2025
2025-02-03 12:10:26.951573,BEL27FEB25C270,OPTSTK,10.5,12095400,10.5,10.55,4628400,2850,14250,BEL,270.0,CE,27-FEB-2025
2025-02-03 12:10:33.174260,BEL27FEB25C270,OPTSTK,10.5,12095400,10.5,10.55,4628400,2850,14250,BEL,270.0,CE,27-FEB-2025
2025-02-03 12:10:41.199737,BEL27FEB25C270,OPTSTK,10.55,12106800,10.5,10.6,4628400,19950,19950,BEL,270.0,CE,27-FEB-2025
2025-02-03 12:10:47.779677,BEL27FEB25C270,OPTSTK,10.55,12106800,10.5,10.6,4628400,19950,19950,BEL,270.0,CE,27-FEB-2025
2025-02-03 12:10:55.186393,BEL27FEB25C270,OPTSTK,10.55,12106800,10.5,10.6,4628400,19950,19950,BEL,270.0,CE,27-FEB-2025
2025-02-03 12:11:03.632710,BEL27FEB25C270,OPTSTK,10.55,12109650,10.5,10.55,4628400,2850,8550,BEL,270.0,CE,27-FEB-2025
2025-02-03 12:11:11.054897,BEL27FEB25C270,OPTSTK,10.6,12109650,10.5,10.55,4628400,2850,8550,BEL,270.0,CE,27-FEB-2025
2025-02-03 12:11:17.364811,BEL27FEB25C270,OPTSTK,10.6,12109650,10.5,10.55,4628400,2850,8550,BEL,270.0,CE,27-FEB-2025
2025-02-03 12:11:23.650592,BEL27FEB25C270,OPTSTK,10.6,12132450,10.6,10.7,4628400,28500,2850,BEL,270.0,CE,27-FEB-2025
2025-02-03 12:11:29.838463,BEL27FEB25C270,OPTSTK,10.6,12132450,10.6,10.7,4628400,28500,2850,BEL,270.0,CE,27-FEB-2025
2025-02-03 12:11:36.179363,BEL27FEB25C270,OPTSTK,10.6,12132450,10.6,10.7,4628400,28500,2850,BEL,270.0,CE,27-FEB-2025
2025-02-03 12:11:42.521041,BEL27FEB25C270,OPTSTK,10.6,12132450,10.6,10.7,4628400,28500,2850,BEL,270.0,CE,27-FEB-2025
2025-02-03 12:11:48.827884,BEL27FEB25C270,OPTSTK,10.6,12132450,10.6,10.7,4628400,17100,14250,BEL,270.0,CE,27-FEB-2025
2025-02-03 12:11:55.420623,BEL27FEB25C270,OPTSTK,10.6,12132450,10.6,10.7,4628400,17100,14250,BEL,270.0,CE,27-FEB-2025
2025-02-03 12:12:01.934417,BEL27FEB25C270,OPTSTK,10.6,12132450,10.6,10.7,4628400,17100,14250,BEL,270.0,CE,27-FEB-2025
2025-02-03 12:12:08.113975,BEL27FEB25C270,OPTSTK,10.6,12132450,10.6,10.7,4628400,14250,11400,BEL,270.0,CE,27-FEB-2025
2025-02-03 12:12:16.718988,BEL27FEB25C270,OPTSTK,10.55,12132450,10.6,10.7,4628400,14250,11400,BEL,270.0,CE,27-FEB-2025
2025-02-03 12:12:24.389120,BEL27FEB25C270,OPTSTK,10.55,12132450,10.6,10.7,4628400,14250,11400,BEL,270.0,CE,27-FEB-2025
2025-02-03 12:12:30.725101,BEL27FEB25C270,OPTSTK,10.55,12135300,10.55,10.65,4628400,31350,8550,BEL,270.0,CE,27-FEB-2025
2025-02-03 12:12:36.882144,BEL27FEB25C270,OPTSTK,10.55,12135300,10.55,10.65,4628400,31350,8550,BEL,270.0,CE,27-FEB-2025
2025-02-03 12:12:43.100752,BEL27FEB25C270,OPTSTK,10.55,12135300,10.55,10.65,4628400,31350,8550,BEL,270.0,CE,27-FEB-2025
2025-02-03 12:12:49.447816,BEL27FEB25C270,OPTSTK,10.55,12135300,10.55,10.65,4628400,11400,28500,BEL,270.0,CE,27-FEB-2025
2025-02-03 12:12:55.589660,BEL27FEB25C270,OPTSTK,10.55,12135300,10.55,10.65,4628400,11400,28500,BEL,270.0,CE,27-FEB-2025
2025-02-03 12:13:01.720395,BEL27FEB25C270,OPTSTK,10.55,12135300,10.55,10.65,4628400,11400,28500,BEL,270.0,CE,27-FEB-2025
2025-02-03 12:13:07.969203,BEL27FEB25C270,OPTSTK,10.55,12141000,10.45,10.55,4645500,17100,14250,BEL,270.0,CE,27-FEB-2025
2025-02-03 12:13:14.706528,BEL27FEB25C270,OPTSTK,10.55,12141000,10.45,10.55,4645500,17100,14250,BEL,270.0,CE,27-FEB-2025
2025-02-03 12:13:20.903039,BEL27FEB25C270,OPTSTK,10.75,12141000,10.45,10.55,4645500,17100,14250,BEL,270.0,CE,27-FEB-2025
2025-02-03 12:13:28.713410,BEL27FEB25C270,OPTSTK,10.75,12198000,10.65,10.75,4645500,14250,11400,BEL,270.0,CE,27-FEB-2025
2025-02-03 12:13:36.668911,BEL27FEB25C270,OPTSTK,10.75,12198000,10.65,10.75,4645500,14250,11400,BEL,270.0,CE,27-FEB-2025
2025-02-03 12:13:43.715750,BEL27FEB25C270,OPTSTK,10.75,12198000,10.65,10.75,4645500,14250,11400,BEL,270.0,CE,27-FEB-2025
2025-02-03 12:13:50.235930,BEL27FEB25C270,OPTSTK,10.75,12198000,10.6,10.7,4645500,19950,8550,BEL,270.0,CE,27-FEB-2025
2025-02-03 12:13:56.587088,BEL27FEB25C270,OPTSTK,10.7,12198000,10.6,10.7,4645500,19950,8550,BEL,270.0,CE,27-FEB-2025
2025-02-03 12:14:03.900102,BEL27FEB25C270,OPTSTK,10.7,12198000,10.6,10.7,4645500,19950,8550,BEL,270.0,CE,27-FEB-2025
2025-02-03 12:14:10.448915,BEL27FEB25C270,OPTSTK,10.7,12200850,10.65,10.75,4645500,19950,5700,BEL,270.0,CE,27-FEB-2025
2025-02-03 12:14:16.950709,BEL27FEB25C270,OPTSTK,10.75,12200850,10.65,10.75,4645500,19950,5700,BEL,270.0,CE,27-FEB-2025
2025-02-03 12:14:24.541553,BEL27FEB25C270,OPTSTK,10.75,12200850,10.65,10.75,4645500,19950,5700,BEL,270.0,CE,27-FEB-2025
2025-02-03 12:14:31.199731,BEL27FEB25C270,OPTSTK,10.6,12200850,10.65,10.75,4645500,19950,5700,BEL,270.0,CE,27-FEB-2025
2025-02-03 12:14:37.751088,BEL27FEB25C270,OPTSTK,10.6,12209400,10.55,10.65,4645500,14250,8550,BEL,270.0,CE,27-FEB-2025
2025-02-03 12:14:45.348502,BEL27FEB25C270,OPTSTK,10.6,12209400,10.55,10.65,4645500,14250,8550,BEL,270.0,CE,27-FEB-2025
2025-02-03 12:14:53.406093,BEL27FEB25C270,OPTSTK,10.6,12209400,10.55,10.65,4645500,14250,8550,BEL,270.0,CE,27-FEB-2025
2025-02-03 12:15:00.557362,BEL27FEB25C270,OPTSTK,10.6,12209400,10.6,10.7,4645500,14250,11400,BEL,270.0,CE,27-FEB-2025
2025-02-03 12:15:06.799970,BEL27FEB25C270,OPTSTK,10.6,12209400,10.6,10.7,4645500,14250,11400,BEL,270.0,CE,27-FEB-2025
2025-02-03 12:15:13.157010,BEL27FEB25C270,OPTSTK,10.6,12209400,10.6,10.7,4645500,14250,11400,BEL,270.0,CE,27-FEB-2025
2025-02-03 12:15:20.203286,BEL27FEB25C270,OPTSTK,10.6,12209400,10.6,10.7,4645500,8550,22800,BEL,270.0,CE,27-FEB-2025
2025-02-03 12:15:26.946202,BEL27FEB25C270,OPTSTK,10.6,12209400,10.6,10.7,4645500,8550,22800,BEL,270.0,CE,27-FEB-2025
2025-02-03 12:15:33.487346,BEL27FEB25C270,OPTSTK,10.6,12209400,10.6,10.7,4645500,8550,22800,BEL,270.0,CE,27-FEB-2025
2025-02-03 12:15:39.976742,BEL27FEB25C270,OPTSTK,10.6,12217950,10.65,10.75,4645500,19950,5700,BEL,270.0,CE,27-FEB-2025
2025-02-03 12:15:46.500406,BEL27FEB25C270,OPTSTK,10.6,12217950,10.65,10.75,4645500,19950,5700,BEL,270.0,CE,27-FEB-2025
2025-02-03 13:09:08.160236,BEL27FEB25C270,OPTSTK,10.8,13799700,10.65,10.75,4713900,5700,22800,BEL,270.0,CE,27-FEB-2025
2025-02-03 13:10:54.982493,BEL27FEB25C270,OPTSTK,10.7,13842450,10.6,10.7,4716750,28500,5700,BEL,270.0,CE,27-FEB-2025
2025-02-03 13:11:01.483146,BEL27FEB25C270,OPTSTK,10.7,13848150,10.65,10.75,4716750,8550,14250,BEL,270.0,CE,27-FEB-2025
2025-02-03 13:12:06.975173,BEL27FEB25C270,OPTSTK,10.7,13868100,10.65,10.75,4716750,5700,17100,BEL,270.0,CE,27-FEB-2025
2025-02-03 13:12:13.563337,BEL27FEB25C270,OPTSTK,10.7,13868100,10.6,10.7,4716750,34200,2850,BEL,270.0,CE,27-FEB-2025
2025-02-03 13:12:21.566476,BEL27FEB25C270,OPTSTK,10.6,13868100,10.6,10.7,4716750,34200,2850,BEL,270.0,CE,27-FEB-2025
2025-02-03 13:12:28.095515,BEL27FEB25C270,OPTSTK,10.6,13868100,10.6,10.7,4716750,34200,2850,BEL,270.0,CE,27-FEB-2025
2025-02-03 13:12:35.248046,BEL27FEB25C270,OPTSTK,10.6,13873800,10.6,10.7,4716750,31350,14250,BEL,270.0,CE,27-FEB-2025
2025-02-03 13:12:41.351801,BEL27FEB25C270,OPTSTK,10.6,13873800,10.6,10.7,4716750,31350,14250,BEL,270.0,CE,27-FEB-2025
2025-02-03 13:12:48.725243,BEL27FEB25C270,OPTSTK,10.9,13873800,10.6,10.7,4716750,31350,14250,BEL,270.0,CE,27-FEB-2025
2025-02-03 13:12:57.061552,BEL27FEB25C270,OPTSTK,10.8,13882350,10.8,10.9,4716750,14250,5700,BEL,270.0,CE,27-FEB-2025
2025-02-03 13:13:04.976348,BEL27FEB25C270,OPTSTK,10.95,13882350,10.8,10.9,4716750,14250,5700,BEL,270.0,CE,27-FEB-2025
2025-02-03 13:13:11.519569,BEL27FEB25C270,OPTSTK,11.25,13882350,10.8,10.9,4716750,14250,5700,BEL,270.0,CE,27-FEB-2025
2025-02-03 13:13:17.996264,BEL27FEB25C270,OPTSTK,11.15,14007750,11.2,11.3,4656900,11400,8550,BEL,270.0,CE,27-FEB-2025
2025-02-03 13:13:23.973374,BEL27FEB25C270,OPTSTK,11.2,14007750,11.2,11.3,4656900,11400,8550,BEL,270.0,CE,27-FEB-2025
2025-02-03 13:13:30.210383,BEL27FEB25C270,OPTSTK,11.2,14007750,11.2,11.3,4656900,11400,8550,BEL,270.0,CE,27-FEB-2025
2025-02-03 13:13:36.333333,BEL27FEB25C270,OPTSTK,11.2,14061900,11.15,11.25,4656900,17100,11400,BEL,270.0,CE,27-FEB-2025
2025-02-03 13:13:42.779416,BEL27FEB25C270,OPTSTK,11.2,14061900,11.15,11.25,4656900,17100,11400,BEL,270.0,CE,27-FEB-2025
2025-02-03 13:13:49.069028,BEL27FEB25C270,OPTSTK,11.2,14061900,11.15,11.25,4656900,17100,11400,BEL,270.0,CE,27-FEB-2025
2025-02-03 13:13:56.673382,BEL27FEB25C270,OPTSTK,11.2,14070450,11.2,11.3,4656900,17100,11400,BEL,270.0,CE,27-FEB-2025
2025-02-03 13:14:03.740793,BEL27FEB25C270,OPTSTK,11.15,14070450,11.2,11.3,4656900,17100,11400,BEL,270.0,CE,27-FEB-2025
2025-02-03 13:14:12.348317,BEL27FEB25C270,OPTSTK,11.15,14070450,11.2,11.3,4656900,17100,11400,BEL,270.0,CE,27-FEB-2025
2025-02-03 13:14:19.787887,BEL27FEB25C270,OPTSTK,11.2,14081850,11.1,11.2,4656900,14250,5700,BEL,270.0,CE,27-FEB-2025
2025-02-03 13:14:26.030632,BEL27FEB25C270,OPTSTK,11.2,14081850,11.1,11.2,4656900,14250,5700,BEL,270.0,CE,27-FEB-2025
2025-02-03 13:14:32.362911,BEL27FEB25C270,OPTSTK,11.2,14081850,11.1,11.2,4656900,14250,5700,BEL,270.0,CE,27-FEB-2025
2025-02-03 13:14:38.639461,BEL27FEB25C270,OPTSTK,11.15,14081850,11.1,11.2,4656900,14250,5700,BEL,270.0,CE,27-FEB-2025
2025-02-03 13:14:45.013626,BEL27FEB25C270,OPTSTK,11.15,14090400,11.15,11.25,4656900,11400,19950,BEL,270.0,CE,27-FEB-2025
2025-02-03 13:14:51.861991,BEL27FEB25C270,OPTSTK,11.15,14090400,11.15,11.25,4656900,11400,19950,BEL,270.0,CE,27-FEB-2025
2025-02-03 13:14:58.180985,BEL27FEB25C270,OPTSTK,11.15,14090400,11.15,11.25,4656900,11400,19950,BEL,270.0,CE,27-FEB-2025
2025-02-03 13:15:04.440904,BEL27FEB25C270,OPTSTK,11.15,14098950,11.1,11.2,4656900,5700,17100,BEL,270.0,CE,27-FEB-2025
2025-02-03 13:15:10.692247,BEL27FEB25C270,OPTSTK,11.15,14098950,11.1,11.2,4656900,5700,17100,BEL,270.0,CE,27-FEB-2025
2025-02-03 13:15:16.824503,BEL27FEB25C270,OPTSTK,11.0,14098950,11.1,11.2,4656900,5700,17100,BEL,270.0,CE,27-FEB-2025
2025-02-03 13:15:25.123495,BEL27FEB25C270,OPTSTK,11.0,14107500,10.95,11.0,4656900,14250,5700,BEL,270.0,CE,27-FEB-2025
2025-02-03 13:15:33.459915,BEL27FEB25C270,OPTSTK,11.0,14107500,10.95,11.0,4656900,14250,5700,BEL,270.0,CE,27-FEB-2025
2025-02-03 13:15:41.032587,BEL27FEB25C270,OPTSTK,10.95,14107500,10.95,11.0,4656900,14250,5700,BEL,270.0,CE,27-FEB-2025
2025-02-03 13:15:47.244282,BEL27FEB25C270,OPTSTK,10.95,14118900,10.9,10.95,4656900,8550,2850,BEL,270.0,CE,27-FEB-2025
2025-02-03 13:15:53.472636,BEL27FEB25C270,OPTSTK,10.95,14118900,10.9,10.95,4656900,8550,2850,BEL,270.0,CE,27-FEB-2025
2025-02-03 13:15:59.925373,BEL27FEB25C270,OPTSTK,11.05,14118900,10.9,10.95,4656900,8550,2850,BEL,270.0,CE,27-FEB-2025
2025-02-03 13:16:06.191434,BEL27FEB25C270,OPTSTK,11.0,14118900,10.9,10.95,4656900,8550,2850,BEL,270.0,CE,27-FEB-2025
2025-02-03 13:16:12.849391,BEL27FEB25C270,OPTSTK,11.1,14133150,11.0,11.1,4648350,14250,11400,BEL,270.0,CE,27-FEB-2025
2025-02-03 13:16:19.924427,BEL27FEB25C270,OPTSTK,11.2,14133150,11.0,11.1,4648350,14250,11400,BEL,270.0,CE,27-FEB-2025
2025-02-03 13:16:27.248636,BEL27FEB25C270,OPTSTK,11.2,14133150,11.0,11.1,4648350,14250,11400,BEL,270.0,CE,27-FEB-2025
2025-02-03 13:16:33.824304,BEL27FEB25C270,OPTSTK,11.25,14195850,11.1,11.2,4648350,22800,5700,BEL,270.0,CE,27-FEB-2025
2025-02-03 13:16:40.847391,BEL27FEB25C270,OPTSTK,11.25,14195850,11.1,11.2,4648350,22800,5700,BEL,270.0,CE,27-FEB-2025
2025-02-03 13:16:47.548584,BEL27FEB25C270,OPTSTK,11.2,14195850,11.1,11.2,4648350,22800,5700,BEL,270.0,CE,27-FEB-2025
2025-02-03 13:16:54.136902,BEL27FEB25C270,OPTSTK,11.2,14207250,11.2,11.3,4648350,5700,22800,BEL,270.0,CE,27-FEB-2025
2025-02-03 13:17:00.585656,BEL27FEB25C270,OPTSTK,11.2,14207250,11.2,11.3,4648350,5700,22800,BEL,270.0,CE,27-FEB-2025
2025-02-03 13:17:06.941623,BEL27FEB25C270,OPTSTK,11.2,14207250,11.2,11.3,4648350,5700,22800,BEL,270.0,CE,27-FEB-2025
2025-02-03 13:17:14.289780,BEL27FEB25C270,OPTSTK,11.2,14238600,11.15,11.2,4648350,5700,14250,BEL,270.0,CE,27-FEB-2025
2025-02-03 13:17:20.676920,BEL27FEB25C270,OPTSTK,11.25,14238600,11.15,11.2,4648350,5700,14250,BEL,270.0,CE,27-FEB-2025
2025-02-03 13:17:27.089729,BEL27FEB25C270,OPTSTK,11.25,14238600,11.15,11.2,4648350,5700,14250,BEL,270.0,CE,27-FEB-2025
2025-02-03 13:17:33.395518,BEL27FEB25C270,OPTSTK,11.25,14238600,11.15,11.2,4648350,5700,14250,BEL,270.0,CE,27-FEB-2025
2025-02-03 13:17:39.779757,BEL27FEB25C270,OPTSTK,11.2,14466600,11.15,11.25,4648350,19950,8550,BEL,270.0,CE,27-FEB-2025
2025-02-03 13:17:46.092434,BEL27FEB25C270,OPTSTK,11.15,14466600,11.15,11.25,4648350,19950,8550,BEL,270.0,CE,27-FEB-2025
2025-02-03 13:17:52.429219,BEL27FEB25C270,OPTSTK,11.15,14466600,11.15,11.25,4648350,19950,8550,BEL,270.0,CE,27-FEB-2025
2025-02-03 13:17:59.188757,BEL27FEB25C270,OPTSTK,11.15,14469450,11.15,11.25,4648350,14250,28500,BEL,270.0,CE,27-FEB-2025
2025-02-03 13:18:05.694481,BEL27FEB25C270,OPTSTK,11.15,14469450,11.15,11.25,4648350,14250,28500,BEL,270.0,CE,27-FEB-2025
2025-02-03 13:18:12.204483,BEL27FEB25C270,OPTSTK,11.15,14469450,11.15,11.25,4648350,14250,28500,BEL,270.0,CE,27-FEB-2025
2025-02-03 13:18:18.494409,BEL27FEB25C270,OPTSTK,11.15,14469450,11.15,11.25,4648350,14250,28500,BEL,270.0,CE,27-FEB-2025
2025-02-03 13:18:24.702243,BEL27FEB25C270,OPTSTK,11.15,14503650,11.1,11.2,4648350,22800,11400,BEL,270.0,CE,27-FEB-2025
2025-02-03 13:18:31.123235,BEL27FEB25C270,OPTSTK,11.1,14503650,11.1,11.2,4648350,22800,11400,BEL,270.0,CE,27-FEB-2025
2025-02-03 13:18:37.634491,BEL27FEB25C270,OPTSTK,11.1,14503650,11.1,11.2,4648350,22800,11400,BEL,270.0,CE,27-FEB-2025
2025-02-03 13:18:43.953525,BEL27FEB25C270,OPTSTK,11.1,14509350,11.1,11.2,4648350,17100,17100,BEL,270.0,CE,27-FEB-2025
2025-02-03 13:18:50.535270,BEL27FEB25C270,OPTSTK,11.1,14509350,11.1,11.2,4648350,17100,17100,BEL,270.0,CE,27-FEB-2025
2025-02-03 13:18:56.951202,BEL27FEB25C270,OPTSTK,11.1,14509350,11.1,11.2,4648350,17100,17100,BEL,270.0,CE,27-FEB-2025
2025-02-03 13:19:03.489672,BEL27FEB25C270,OPTSTK,11.2,14517900,11.15,11.2,4648350,2850,8550,BEL,270.0,CE,27-FEB-2025
2025-02-03 13:19:09.942267,BEL27FEB25C270,OPTSTK,11.2,14517900,11.15,11.2,4648350,2850,8550,BEL,270.0,CE,27-FEB-2025
2025-02-03 13:19:16.323081,BEL27FEB25C270,OPTSTK,11.2,14517900,11.15,11.2,4725300,2850,8550,BEL,270.0,CE,27-FEB-2025
2025-02-03 13:19:22.741035,BEL27FEB25C270,OPTSTK,11.2,14517900,11.15,11.2,4725300,2850,8550,BEL,270.0,CE,27-FEB-2025
2025-02-03 13:19:29.070981,BEL27FEB25C270,OPTSTK,11.2,14535000,11.1,11.2,4725300,8550,19950,BEL,270.0,CE,27-FEB-2025
2025-02-03 13:19:35.456421,BEL27FEB25C270,OPTSTK,11.15,14535000,11.1,11.2,4725300,8550,19950,BEL,270.0,CE,27-FEB-2025
2025-02-03 13:19:42.188868,BEL27FEB25C270,OPTSTK,11.15,14535000,11.1,11.2,4725300,8550,19950,BEL,270.0,CE,27-FEB-2025
2025-02-03 13:19:48.724003,BEL27FEB25C270,OPTSTK,11.0,14572050,10.9,11.0,4725300,8550,11400,BEL,270.0,CE,27-FEB-2025
2025-02-03 13:19:55.083237,BEL27FEB25C270,OPTSTK,11.0,14572050,10.9,11.0,4725300,8550,11400,BEL,270.0,CE,27-FEB-2025
2025-02-03 13:20:01.518622,BEL27FEB25C270,OPTSTK,11.0,14572050,10.9,11.0,4725300,8550,11400,BEL,270.0,CE,27-FEB-2025
2025-02-03 13:20:07.924854,BEL27FEB25C270,OPTSTK,11.1,14572050,10.9,11.0,4725300,8550,11400,BEL,270.0,CE,27-FEB-2025
2025-02-03 13:20:14.281806,BEL27FEB25C270,OPTSTK,11.1,14589150,11.0,11.1,4725300,14250,8550,BEL,270.0,CE,27-FEB-2025
2025-02-03 13:20:20.721747,BEL27FEB25C270,OPTSTK,11.1,14589150,11.0,11.1,4725300,14250,8550,BEL,270.0,CE,27-FEB-2025
2025-02-03 13:20:27.127637,BEL27FEB25C270,OPTSTK,11.1,14589150,11.0,11.1,4725300,14250,8550,BEL,270.0,CE,27-FEB-2025
2025-02-03 13:20:33.692291,BEL27FEB25C270,OPTSTK,11.2,14611950,11.15,11.25,4725300,14250,14250,BEL,270.0,CE,27-FEB-2025
2025-02-03 13:20:40.066753,BEL27FEB25C270,OPTSTK,11.2,14611950,11.15,11.25,4725300,14250,14250,BEL,270.0,CE,27-FEB-2025
2025-02-03 13:20:46.297966,BEL27FEB25C270,OPTSTK,11.2,14611950,11.15,11.25,4725300,14250,14250,BEL,270.0,CE,27-FEB-2025
2025-02-03 13:20:52.523648,BEL27FEB25C270,OPTSTK,11.2,14611950,11.15,11.25,4725300,14250,14250,BEL,270.0,CE,27-FEB-2025
2025-02-03 13:20:58.935701,BEL27FEB25C270,OPTSTK,11.1,14626200,11.2,11.3,4725300,11400,19950,BEL,270.0,CE,27-FEB-2025
2025-02-03 13:21:05.269726,BEL27FEB25C270,OPTSTK,11.1,14626200,11.2,11.3,4725300,11400,19950,BEL,270.0,CE,27-FEB-2025
2025-02-03 13:21:11.578966,BEL27FEB25C270,OPTSTK,11.0,14626200,11.2,11.3,4725300,11400,19950,BEL,270.0,CE,27-FEB-2025
2025-02-03 13:21:17.965591,BEL27FEB25C270,OPTSTK,11.05,14646150,11.0,11.1,4725300,17100,5700,BEL,270.0,CE,27-FEB-2025
2025-02-03 13:21:24.369142,BEL27FEB25C270,OPTSTK,11.05,14646150,11.0,11.1,4725300,17100,5700,BEL,270.0,CE,27-FEB-2025
2025-02-03 13:21:30.767186,BEL27FEB25C270,OPTSTK,11.05,14646150,11.0,11.1,4725300,17100,5700,BEL,270.0,CE,27-FEB-2025
2025-02-03 13:21:37.194889,BEL27FEB25C270,OPTSTK,11.05,14649000,11.1,11.2,4725300,25650,25650,BEL,270.0,CE,27-FEB-2025
2025-02-03 13:21:45.611640,BEL27FEB25C270,OPTSTK,11.3,14649000,11.1,11.2,4725300,25650,25650,BEL,270.0,CE,27-FEB-2025
2025-02-03 13:21:53.409303,BEL27FEB25C270,OPTSTK,11.3,14649000,11.1,11.2,4725300,25650,25650,BEL,270.0,CE,27-FEB-2025
2025-02-03 13:22:00.596889,BEL27FEB25C270,OPTSTK,11.3,14683200,11.05,11.15,4725300,19950,11400,BEL,270.0,CE,27-FEB-2025
2025-02-03 13:22:06.963403,BEL27FEB25C270,OPTSTK,11.05,14683200,11.05,11.15,4725300,19950,11400,BEL,270.0,CE,27-FEB-2025
2025-02-03 13:22:13.247029,BEL27FEB25C270,OPTSTK,11.05,14683200,11.05,11.15,4725300,19950,11400,BEL,270.0,CE,27-FEB-2025
2025-02-03 13:22:19.515639,BEL27FEB25C270,OPTSTK,11.05,14683200,11.05,11.15,4705350,19950,11400,BEL,270.0,CE,27-FEB-2025
2025-02-03 13:22:26.114069,BEL27FEB25C270,OPTSTK,11.05,14697450,11.0,11.1,4705350,14250,11400,BEL,270.0,CE,27-FEB-2025
2025-02-03 13:22:34.816071,BEL27FEB25C270,OPTSTK,11.05,14697450,11.0,11.1,4705350,14250,11400,BEL,270.0,CE,27-FEB-2025
2025-02-03 13:22:42.011673,BEL27FEB25C270,OPTSTK,11.1,14697450,11.0,11.1,4705350,14250,11400,BEL,270.0,CE,27-FEB-2025
2025-02-03 13:22:50.413868,BEL27FEB25C270,OPTSTK,11.1,14703150,11.0,11.1,4705350,22800,8550,BEL,270.0,CE,27-FEB-2025
2025-02-03 13:22:58.795152,BEL27FEB25C270,OPTSTK,11.1,14703150,11.0,11.1,4705350,22800,8550,BEL,270.0,CE,27-FEB-2025
2025-02-03 13:23:06.166247,BEL27FEB25C270,OPTSTK,11.1,14708850,11.15,11.25,4705350,8550,14250,BEL,270.0,CE,27-FEB-2025
2025-02-03 13:23:13.435098,BEL27FEB25C270,OPTSTK,11.15,14708850,11.15,11.25,4705350,8550,14250,BEL,270.0,CE,27-FEB-2025
2025-02-03 13:23:19.737294,BEL27FEB25C270,OPTSTK,11.15,14708850,11.15,11.25,4705350,8550,14250,BEL,270.0,CE,27-FEB-2025
2025-02-03 13:23:26.037675,BEL27FEB25C270,OPTSTK,11.15,14708850,11.15,11.25,4705350,8550,14250,BEL,270.0,CE,27-FEB-2025
2025-02-03 13:23:32.450346,BEL27FEB25C270,OPTSTK,11.15,14711700,11.05,11.15,4705350,14250,14250,BEL,270.0,CE,27-FEB-2025
2025-02-03 13:23:38.745201,BEL27FEB25C270,OPTSTK,11.15,14711700,11.05,11.15,4705350,14250,14250,BEL,270.0,CE,27-FEB-2025
2025-02-03 13:23:45.011329,BEL27FEB25C270,OPTSTK,11.15,14711700,11.05,11.15,4705350,14250,14250,BEL,270.0,CE,27-FEB-2025
2025-02-03 13:23:51.329648,BEL27FEB25C270,OPTSTK,11.15,14711700,11.1,11.2,4705350,5700,14250,BEL,270.0,CE,27-FEB-2025
2025-02-03 13:23:57.715341,BEL27FEB25C270,OPTSTK,11.15,14711700,11.1,11.2,4705350,5700,14250,BEL,270.0,CE,27-FEB-2025
2025-02-03 13:24:03.991662,BEL27FEB25C270,OPTSTK,11.15,14711700,11.1,11.2,4705350,5700,14250,BEL,270.0,CE,27-FEB-2025
2025-02-03 13:24:10.444109,BEL27FEB25C270,OPTSTK,11.15,14711700,11.05,11.15,4705350,22800,5700,BEL,270.0,CE,27-FEB-2025
2025-02-03 13:24:16.883577,BEL27FEB25C270,OPTSTK,11.2,14711700,11.05,11.15,4705350,22800,5700,BEL,270.0,CE,27-FEB-2025
2025-02-03 13:24:23.272892,BEL27FEB25C270,OPTSTK,11.2,14711700,11.05,11.15,4705350,22800,5700,BEL,270.0,CE,27-FEB-2025
2025-02-03 13:24:29.606585,BEL27FEB25C270,OPTSTK,11.2,14731650,11.1,11.2,4705350,14250,11400,BEL,270.0,CE,27-FEB-2025
2025-02-03 13:24:36.071258,BEL27FEB25C270,OPTSTK,11.2,14731650,11.1,11.2,4705350,14250,11400,BEL,270.0,CE,27-FEB-2025
2025-02-03 13:24:42.465993,BEL27FEB25C270,OPTSTK,11.2,14731650,11.1,11.2,4705350,14250,11400,BEL,270.0,CE,27-FEB-2025
2025-02-03 13:24:48.880176,BEL27FEB25C270,OPTSTK,11.2,14731650,11.1,11.2,4705350,14250,11400,BEL,270.0,CE,27-FEB-2025
2025-02-03 13:24:55.232481,BEL27FEB25C270,OPTSTK,11.2,14731650,11.1,11.2,4705350,19950,14250,BEL,270.0,CE,27-FEB-2025
2025-02-03 13:25:01.620597,BEL27FEB25C270,OPTSTK,11.15,14731650,11.1,11.2,4705350,19950,14250,BEL,270.0,CE,27-FEB-2025
2025-02-03 13:25:08.045240,BEL27FEB25C270,OPTSTK,11.15,14731650,11.1,11.2,4705350,19950,14250,BEL,270.0,CE,27-FEB-2025
2025-02-03 13:25:14.511115,BEL27FEB25C270,OPTSTK,11.15,14734500,11.05,11.15,4705350,37050,14250,BEL,270.0,CE,27-FEB-2025
2025-02-03 13:25:20.936597,BEL27FEB25C270,OPTSTK,11.15,14734500,11.05,11.15,4705350,37050,14250,BEL,270.0,CE,27-FEB-2025
2025-02-03 13:25:27.235767,BEL27FEB25C270,OPTSTK,11.15,14734500,11.05,11.15,4705350,37050,14250,BEL,270.0,CE,27-FEB-2025
2025-02-03 13:25:33.955168,BEL27FEB25C270,OPTSTK,11.15,14734500,11.05,11.15,4705350,14250,14250,BEL,270.0,CE,27-FEB-2025
2025-02-03 13:25:40.226864,BEL27FEB25C270,OPTSTK,11.15,14734500,11.05,11.15,4705350,14250,14250,BEL,270.0,CE,27-FEB-2025
2025-02-03 13:25:46.674480,BEL27FEB25C270,OPTSTK,11.0,14734500,11.05,11.15,4688250,14250,14250,BEL,270.0,CE,27-FEB-2025
2025-02-03 13:25:53.103587,BEL27FEB25C270,OPTSTK,11.0,14734500,11.05,11.15,4688250,14250,14250,BEL,270.0,CE,27-FEB-2025
2025-02-03 13:25:59.481253,BEL27FEB25C270,OPTSTK,10.85,14745900,10.85,10.95,4688250,17100,19950,BEL,270.0,CE,27-FEB-2025
2025-02-03 13:26:05.887218,BEL27FEB25C270,OPTSTK,10.85,14745900,10.85,10.95,4688250,17100,19950,BEL,270.0,CE,27-FEB-2025
2025-02-03 13:26:12.232531,BEL27FEB25C270,OPTSTK,10.85,14745900,10.85,10.95,4688250,17100,19950,BEL,270.0,CE,27-FEB-2025
2025-02-03 13:26:18.602633,BEL27FEB25C270,OPTSTK,10.85,14754450,10.85,10.95,4688250,17100,11400,BEL,270.0,CE,27-FEB-2025
2025-02-03 13:26:24.907325,BEL27FEB25C270,OPTSTK,10.95,14754450,10.85,10.95,4688250,17100,11400,BEL,270.0,CE,27-FEB-2025
2025-02-03 13:26:31.279470,BEL27FEB25C270,OPTSTK,10.95,14754450,10.85,10.95,4688250,17100,11400,BEL,270.0,CE,27-FEB-2025
2025-02-03 13:26:37.643416,BEL27FEB25C270,OPTSTK,10.95,14754450,10.85,10.95,4688250,17100,11400,BEL,270.0,CE,27-FEB-2025
2025-02-03 13:26:43.905396,BEL27FEB25C270,OPTSTK,10.95,14757300,10.9,11.0,4688250,11400,17100,BEL,270.0,CE,27-FEB-2025
2025-02-03 13:26:50.448558,BEL27FEB25C270,OPTSTK,10.95,14757300,10.9,11.0,4688250,11400,17100,BEL,270.0,CE,27-FEB-2025
2025-02-03 13:26:56.759444,BEL27FEB25C270,OPTSTK,10.95,14757300,10.9,11.0,4688250,11400,17100,BEL,270.0,CE,27-FEB-2025
2025-02-03 13:27:03.205867,BEL27FEB25C270,OPTSTK,10.95,14760150,10.85,10.95,4688250,17100,8550,BEL,270.0,CE,27-FEB-2025
2025-02-03 13:27:09.608901,BEL27FEB25C270,OPTSTK,10.95,14760150,10.85,10.95,4688250,17100,8550,BEL,270.0,CE,27-FEB-2025
2025-02-03 13:27:15.992246,BEL27FEB25C270,OPTSTK,10.95,14760150,10.85,10.95,4688250,17100,8550,BEL,270.0,CE,27-FEB-2025
2025-02-03 13:27:22.241878,BEL27FEB25C270,OPTSTK,10.95,14760150,10.85,10.95,4688250,17100,8550,BEL,270.0,CE,27-FEB-2025
2025-02-03 13:27:28.578825,BEL27FEB25C270,OPTSTK,10.95,14760150,10.8,10.9,4688250,25650,8550,BEL,270.0,CE,27-FEB-2025
2025-02-03 13:27:34.895150,BEL27FEB25C270,OPTSTK,10.95,14760150,10.8,10.9,4688250,25650,8550,BEL,270.0,CE,27-FEB-2025
2025-02-03 13:27:41.179431,BEL27FEB25C270,OPTSTK,10.95,14760150,10.8,10.9,4688250,25650,8550,BEL,270.0,CE,27-FEB-2025
2025-02-03 13:27:47.484989,BEL27FEB25C270,OPTSTK,10.95,14760150,10.85,10.95,4688250,19950,14250,BEL,270.0,CE,27-FEB-2025
2025-02-03 13:27:53.827029,BEL27FEB25C270,OPTSTK,10.95,14760150,10.85,10.95,4688250,19950,14250,BEL,270.0,CE,27-FEB-2025
2025-02-03 13:28:00.246651,BEL27FEB25C270,OPTSTK,10.95,14760150,10.85,10.95,4688250,19950,14250,BEL,270.0,CE,27-FEB-2025
2025-02-03 13:28:06.657008,BEL27FEB25C270,OPTSTK,10.8,14760150,10.85,10.95,4688250,19950,14250,BEL,270.0,CE,27-FEB-2025
2025-02-03 13:28:12.926536,BEL27FEB25C270,OPTSTK,10.8,14765850,10.75,10.85,4688250,14250,17100,BEL,270.0,CE,27-FEB-2025
2025-02-03 13:28:19.215588,BEL27FEB25C270,OPTSTK,10.8,14765850,10.75,10.85,4688250,14250,17100,BEL,270.0,CE,27-FEB-2025
2025-02-03 13:28:25.477776,BEL27FEB25C270,OPTSTK,10.8,14765850,10.75,10.85,4688250,14250,17100,BEL,270.0,CE,27-FEB-2025
2025-02-03 13:28:31.959401,BEL27FEB25C270,OPTSTK,10.8,14765850,10.7,10.75,4688250,2850,8550,BEL,270.0,CE,27-FEB-2025
2025-02-03 13:28:38.379396,BEL27FEB25C270,OPTSTK,10.7,14765850,10.7,10.75,4702500,2850,8550,BEL,270.0,CE,27-FEB-2025
2025-02-03 13:28:44.649387,BEL27FEB25C270,OPTSTK,10.7,14765850,10.7,10.75,4702500,2850,8550,BEL,270.0,CE,27-FEB-2025
2025-02-03 13:28:51.137134,BEL27FEB25C270,OPTSTK,10.7,14765850,10.7,10.75,4702500,2850,8550,BEL,270.0,CE,27-FEB-2025
2025-02-03 13:28:57.390700,BEL27FEB25C270,OPTSTK,10.7,14828550,10.7,10.8,4702500,8550,17100,BEL,270.0,CE,27-FEB-2025
2025-02-03 13:29:03.739733,BEL27FEB25C270,OPTSTK,10.85,14828550,10.7,10.8,4702500,8550,17100,BEL,270.0,CE,27-FEB-2025
2025-02-03 13:29:10.166623,BEL27FEB25C270,OPTSTK,10.85,14828550,10.7,10.8,4702500,8550,17100,BEL,270.0,CE,27-FEB-2025
2025-02-03 13:29:16.430368,BEL27FEB25C270,OPTSTK,10.9,14828550,10.7,10.8,4702500,8550,17100,BEL,270.0,CE,27-FEB-2025
2025-02-03 13:29:22.797471,BEL27FEB25C270,OPTSTK,10.9,14859900,10.85,10.95,4702500,37050,8550,BEL,270.0,CE,27-FEB-2025
2025-02-03 13:29:29.132470,BEL27FEB25C270,OPTSTK,10.9,14859900,10.85,10.95,4702500,37050,8550,BEL,270.0,CE,27-FEB-2025
2025-02-03 13:29:35.501497,BEL27FEB25C270,OPTSTK,10.9,14859900,10.85,10.95,4702500,37050,8550,BEL,270.0,CE,27-FEB-2025
2025-02-03 13:29:42.049420,BEL27FEB25C270,OPTSTK,10.9,14859900,10.95,11.0,4702500,2850,8550,BEL,270.0,CE,27-FEB-2025
2025-02-03 13:29:48.405768,BEL27FEB25C270,OPTSTK,10.9,14859900,10.95,11.0,4702500,2850,8550,BEL,270.0,CE,27-FEB-2025
2025-02-03 13:29:55.216080,BEL27FEB25C270,OPTSTK,10.9,14859900,10.95,11.0,4702500,2850,8550,BEL,270.0,CE,27-FEB-2025
2025-02-03 13:30:01.849137,BEL27FEB25C270,OPTSTK,10.9,14859900,10.9,11.0,4702500,19950,11400,BEL,270.0,CE,27-FEB-2025
2025-02-03 13:30:08.522307,BEL27FEB25C270,OPTSTK,10.9,14859900,10.9,11.0,4702500,19950,11400,BEL,270.0,CE,27-FEB-2025
2025-02-03 13:30:14.949345,BEL27FEB25C270,OPTSTK,10.95,14859900,10.9,11.0,4702500,19950,11400,BEL,270.0,CE,27-FEB-2025
2025-02-03 13:30:21.328275,BEL27FEB25C270,OPTSTK,10.95,14859900,10.9,11.0,4702500,19950,11400,BEL,270.0,CE,27-FEB-2025
2025-02-03 13:30:27.677861,BEL27FEB25C270,OPTSTK,10.95,14865600,10.9,11.0,4702500,19950,14250,BEL,270.0,CE,27-FEB-2025
2025-02-03 13:30:33.937628,BEL27FEB25C270,OPTSTK,10.95,14865600,10.9,11.0,4702500,19950,14250,BEL,270.0,CE,27-FEB-2025
2025-02-03 13:30:40.456545,BEL27FEB25C270,OPTSTK,10.95,14865600,10.9,11.0,4702500,19950,14250,BEL,270.0,CE,27-FEB-2025
2025-02-03 13:30:46.744297,BEL27FEB25C270,OPTSTK,10.95,14865600,10.9,11.0,4702500,8550,22800,BEL,270.0,CE,27-FEB-2025
2025-02-03 13:30:53.227541,BEL27FEB25C270,OPTSTK,10.95,14865600,10.9,11.0,4702500,8550,22800,BEL,270.0,CE,27-FEB-2025
2025-02-03 13:30:59.570261,BEL27FEB25C270,OPTSTK,10.95,14865600,10.9,11.0,4702500,8550,22800,BEL,270.0,CE,27-FEB-2025
2025-02-03 13:31:05.938707,BEL27FEB25C270,OPTSTK,10.8,14865600,10.9,11.0,4702500,8550,22800,BEL,270.0,CE,27-FEB-2025
2025-02-03 13:31:12.427546,BEL27FEB25C270,OPTSTK,10.75,14868450,10.7,10.8,4702500,17100,8550,BEL,270.0,CE,27-FEB-2025
2025-02-03 13:31:18.754869,BEL27FEB25C270,OPTSTK,10.75,14868450,10.7,10.8,4702500,17100,8550,BEL,270.0,CE,27-FEB-2025
2025-02-03 13:31:25.398575,BEL27FEB25C270,OPTSTK,10.75,14868450,10.7,10.8,4702500,17100,8550,BEL,270.0,CE,27-FEB-2025
2025-02-03 13:31:31.850946,BEL27FEB25C270,OPTSTK,10.8,14877000,10.75,10.85,4671150,17100,8550,BEL,270.0,CE,27-FEB-2025
2025-02-03 13:31:38.170677,BEL27FEB25C270,OPTSTK,10.8,14877000,10.75,10.85,4671150,17100,8550,BEL,270.0,CE,27-FEB-2025
2025-02-03 13:31:44.533036,BEL27FEB25C270,OPTSTK,10.8,14877000,10.75,10.85,4671150,17100,8550,BEL,270.0,CE,27-FEB-2025
2025-02-03 13:31:50.661512,BEL27FEB25C270,OPTSTK,10.8,14877000,10.75,10.85,4671150,17100,8550,BEL,270.0,CE,27-FEB-2025
2025-02-03 13:31:56.975323,BEL27FEB25C270,OPTSTK,10.8,14877000,10.65,10.75,4671150,17100,8550,BEL,270.0,CE,27-FEB-2025
2025-02-03 13:32:03.433601,BEL27FEB25C270,OPTSTK,10.8,14877000,10.65,10.75,4671150,17100,8550,BEL,270.0,CE,27-FEB-2025
2025-02-03 13:32:09.815768,BEL27FEB25C270,OPTSTK,10.85,14877000,10.65,10.75,4671150,17100,8550,BEL,270.0,CE,27-FEB-2025
2025-02-03 13:32:16.195632,BEL27FEB25C270,OPTSTK,10.85,14888400,10.9,11.0,4671150,14250,17100,BEL,270.0,CE,27-FEB-2025
2025-02-03 13:32:22.525494,BEL27FEB25C270,OPTSTK,10.95,14888400,10.9,11.0,4671150,14250,17100,BEL,270.0,CE,27-FEB-2025
2025-02-03 13:32:28.802589,BEL27FEB25C270,OPTSTK,11.05,14888400,10.9,11.0,4671150,14250,17100,BEL,270.0,CE,27-FEB-2025
2025-02-03 13:32:35.031458,BEL27FEB25C270,OPTSTK,11.05,14888400,10.9,11.0,4671150,14250,17100,BEL,270.0,CE,27-FEB-2025
2025-02-03 13:32:41.362662,BEL27FEB25C270,OPTSTK,10.95,14911200,10.9,11.0,4671150,17100,14250,BEL,270.0,CE,27-FEB-2025
2025-02-03 13:32:47.735677,BEL27FEB25C270,OPTSTK,11.05,14911200,10.9,11.0,4671150,17100,14250,BEL,270.0,CE,27-FEB-2025
2025-02-03 13:32:54.066884,BEL27FEB25C270,OPTSTK,11.0,14911200,10.9,11.0,4671150,17100,14250,BEL,270.0,CE,27-FEB-2025
2025-02-03 13:33:00.476345,BEL27FEB25C270,OPTSTK,10.9,14945400,10.8,10.9,4671150,19950,8550,BEL,270.0,CE,27-FEB-2025
2025-02-03 13:33:06.737518,BEL27FEB25C270,OPTSTK,10.85,14945400,10.8,10.9,4671150,19950,8550,BEL,270.0,CE,27-FEB-2025
2025-02-03 13:33:13.098293,BEL27FEB25C270,OPTSTK,10.85,14945400,10.8,10.9,4671150,19950,8550,BEL,270.0,CE,27-FEB-2025
2025-02-03 13:33:19.280985,BEL27FEB25C270,OPTSTK,10.85,14948250,10.9,11.0,4671150,17100,8550,BEL,270.0,CE,27-FEB-2025
2025-02-03 13:33:25.696656,BEL27FEB25C270,OPTSTK,10.85,14948250,10.9,11.0,4671150,17100,8550,BEL,270.0,CE,27-FEB-2025
2025-02-03 13:33:32.027087,BEL27FEB25C270,OPTSTK,10.85,14948250,10.9,11.0,4671150,17100,8550,BEL,270.0,CE,27-FEB-2025
2025-02-03 13:33:38.447995,BEL27FEB25C270,OPTSTK,10.85,14948250,10.9,11.0,4671150,17100,8550,BEL,270.0,CE,27-FEB-2025
2025-02-03 13:33:44.699612,BEL27FEB25C270,OPTSTK,10.85,14948250,10.9,11.0,4671150,14250,8550,BEL,270.0,CE,27-FEB-2025
2025-02-03 13:33:51.137495,BEL27FEB25C270,OPTSTK,10.85,14948250,10.9,11.0,4671150,14250,8550,BEL,270.0,CE,27-FEB-2025
2025-02-03 13:33:57.577585,BEL27FEB25C270,OPTSTK,10.85,14948250,10.9,11.0,4671150,14250,8550,BEL,270.0,CE,27-FEB-2025
2025-02-03 13:34:03.879203,BEL27FEB25C270,OPTSTK,10.85,14948250,11.0,11.1,4671150,17100,11400,BEL,270.0,CE,27-FEB-2025
2025-02-03 13:34:10.400728,BEL27FEB25C270,OPTSTK,10.85,14948250,11.0,11.1,4671150,17100,11400,BEL,270.0,CE,27-FEB-2025
2025-02-03 13:34:17.179686,BEL27FEB25C270,OPTSTK,10.85,14948250,11.0,11.1,4671150,17100,11400,BEL,270.0,CE,27-FEB-2025
2025-02-03 13:34:23.565431,BEL27FEB25C270,OPTSTK,10.85,14948250,11.0,11.1,4671150,17100,11400,BEL,270.0,CE,27-FEB-2025
2025-02-03 13:34:30.026211,BEL27FEB25C270,OPTSTK,10.85,14948250,11.0,11.1,4671150,19950,8550,BEL,270.0,CE,27-FEB-2025
2025-02-03 13:34:36.769623,BEL27FEB25C270,OPTSTK,10.85,14948250,11.0,11.1,4671150,19950,8550,BEL,270.0,CE,27-FEB-2025
2025-02-03 13:34:43.329271,BEL27FEB25C270,OPTSTK,10.85,14948250,11.0,11.1,4671150,19950,8550,BEL,270.0,CE,27-FEB-2025
2025-02-03 13:34:49.622739,BEL27FEB25C270,OPTSTK,10.85,14948250,11.0,11.1,4671150,14250,17100,BEL,270.0,CE,27-FEB-2025
2025-02-03 13:34:56.069824,BEL27FEB25C270,OPTSTK,10.85,14948250,11.0,11.1,4671150,14250,17100,BEL,270.0,CE,27-FEB-2025
2025-02-03 13:35:02.538746,BEL27FEB25C270,OPTSTK,10.85,14948250,11.0,11.1,4671150,14250,17100,BEL,270.0,CE,27-FEB-2025
2025-02-03 13:35:08.860746,BEL27FEB25C270,OPTSTK,10.85,14948250,10.95,11.0,4671150,8550,2850,BEL,270.0,CE,27-FEB-2025
2025-02-03 13:35:15.247464,BEL27FEB25C270,OPTSTK,10.85,14948250,10.95,11.0,4671150,8550,2850,BEL,270.0,CE,27-FEB-2025
2025-02-03 13:35:21.700431,BEL27FEB25C270,OPTSTK,10.85,14948250,10.95,11.0,4671150,8550,2850,BEL,270.0,CE,27-FEB-2025
2025-02-03 13:35:28.051769,BEL27FEB25C270,OPTSTK,11.05,14948250,10.95,11.0,4676850,8550,2850,BEL,270.0,CE,27-FEB-2025
2025-02-03 13:35:34.355864,BEL27FEB25C270,OPTSTK,11.05,14951100,11.0,11.1,4676850,8550,14250,BEL,270.0,CE,27-FEB-2025
2025-02-03 13:35:40.632978,BEL27FEB25C270,OPTSTK,11.1,14951100,11.0,11.1,4676850,8550,14250,BEL,270.0,CE,27-FEB-2025
2025-02-03 13:35:47.053947,BEL27FEB25C270,OPTSTK,11.15,14951100,11.0,11.1,4676850,8550,14250,BEL,270.0,CE,27-FEB-2025
2025-02-03 13:35:53.409147,BEL27FEB25C270,OPTSTK,11.15,14965350,11.05,11.15,4676850,8550,11400,BEL,270.0,CE,27-FEB-2025
2025-02-03 13:35:59.713466,BEL27FEB25C270,OPTSTK,11.15,14965350,11.05,11.15,4676850,8550,11400,BEL,270.0,CE,27-FEB-2025
2025-02-03 13:36:06.069166,BEL27FEB25C270,OPTSTK,11.15,14965350,11.05,11.15,4676850,8550,11400,BEL,270.0,CE,27-FEB-2025
2025-02-03 13:36:12.482074,BEL27FEB25C270,OPTSTK,11.15,14965350,11.05,11.15,4676850,8550,11400,BEL,270.0,CE,27-FEB-2025
2025-02-03 13:36:18.926472,BEL27FEB25C270,OPTSTK,11.1,14965350,11.05,11.1,4676850,2850,2850,BEL,270.0,CE,27-FEB-2025
2025-02-03 13:36:25.244098,BEL27FEB25C270,OPTSTK,11.2,14965350,11.05,11.1,4676850,2850,2850,BEL,270.0,CE,27-FEB-2025
2025-02-03 13:36:31.641257,BEL27FEB25C270,OPTSTK,11.2,14965350,11.05,11.1,4676850,2850,2850,BEL,270.0,CE,27-FEB-2025
2025-02-03 13:36:37.993028,BEL27FEB25C270,OPTSTK,11.15,14973900,11.1,11.2,4676850,8550,17100,BEL,270.0,CE,27-FEB-2025
2025-02-03 13:36:44.299454,BEL27FEB25C270,OPTSTK,11.15,14973900,11.1,11.2,4676850,8550,17100,BEL,270.0,CE,27-FEB-2025
2025-02-03 13:36:50.650866,BEL27FEB25C270,OPTSTK,11.15,14973900,11.1,11.2,4676850,8550,17100,BEL,270.0,CE,27-FEB-2025
2025-02-03 13:36:56.869086,BEL27FEB25C270,OPTSTK,11.2,14973900,11.1,11.2,4676850,8550,17100,BEL,270.0,CE,27-FEB-2025
2025-02-03 13:37:03.290320,BEL27FEB25C270,OPTSTK,11.2,14991000,11.15,11.25,4676850,11400,19950,BEL,270.0,CE,27-FEB-2025
2025-02-03 13:37:09.572748,BEL27FEB25C270,OPTSTK,11.2,14991000,11.15,11.25,4676850,11400,19950,BEL,270.0,CE,27-FEB-2025
2025-02-03 13:37:15.849105,BEL27FEB25C270,OPTSTK,11.15,14991000,11.15,11.25,4676850,11400,19950,BEL,270.0,CE,27-FEB-2025
2025-02-03 13:37:22.269099,BEL27FEB25C270,OPTSTK,11.15,14999550,11.1,11.2,4674000,19950,11400,BEL,270.0,CE,27-FEB-2025
2025-02-03 13:37:28.508410,BEL27FEB25C270,OPTSTK,11.2,14999550,11.1,11.2,4674000,19950,11400,BEL,270.0,CE,27-FEB-2025
2025-02-03 13:37:34.739856,BEL27FEB25C270,OPTSTK,11.2,14999550,11.1,11.2,4674000,19950,11400,BEL,270.0,CE,27-FEB-2025
2025-02-03 13:37:41.022193,BEL27FEB25C270,OPTSTK,11.2,15005250,11.1,11.15,4674000,2850,5700,BEL,270.0,CE,27-FEB-2025
2025-02-03 13:37:47.293923,BEL27FEB25C270,OPTSTK,11.2,15005250,11.1,11.15,4674000,2850,5700,BEL,270.0,CE,27-FEB-2025
2025-02-03 13:37:53.702605,BEL27FEB25C270,OPTSTK,11.2,15005250,11.1,11.15,4674000,2850,5700,BEL,270.0,CE,27-FEB-2025
2025-02-03 13:38:00.082619,BEL27FEB25C270,OPTSTK,11.2,15005250,11.1,11.15,4674000,2850,5700,BEL,270.0,CE,27-FEB-2025
2025-02-03 13:38:06.423651,BEL27FEB25C270,OPTSTK,11.1,15005250,11.1,11.15,4674000,2850,5700,BEL,270.0,CE,27-FEB-2025
2025-02-03 13:38:12.871353,BEL27FEB25C270,OPTSTK,11.1,15005250,11.1,11.15,4674000,2850,5700,BEL,270.0,CE,27-FEB-2025
2025-02-03 13:38:19.139078,BEL27FEB25C270,OPTSTK,11.1,15005250,11.1,11.15,4674000,2850,5700,BEL,270.0,CE,27-FEB-2025
2025-02-03 13:38:25.385056,BEL27FEB25C270,OPTSTK,11.1,15008100,11.05,11.15,4674000,19950,8550,BEL,270.0,CE,27-FEB-2025
2025-02-03 13:38:31.869549,BEL27FEB25C270,OPTSTK,11.25,15008100,11.05,11.15,4674000,19950,8550,BEL,270.0,CE,27-FEB-2025
2025-02-03 13:38:38.246110,BEL27FEB25C270,OPTSTK,11.25,15008100,11.05,11.15,4674000,19950,8550,BEL,270.0,CE,27-FEB-2025
2025-02-03 13:38:44.616826,BEL27FEB25C270,OPTSTK,11.25,15008100,11.05,11.15,4674000,19950,8550,BEL,270.0,CE,27-FEB-2025
2025-02-03 13:38:50.965497,BEL27FEB25C270,OPTSTK,11.25,15042300,11.15,11.25,4674000,28500,2850,BEL,270.0,CE,27-FEB-2025
2025-02-03 13:38:57.374829,BEL27FEB25C270,OPTSTK,11.25,15042300,11.15,11.25,4674000,28500,2850,BEL,270.0,CE,27-FEB-2025
2025-02-03 13:39:03.749054,BEL27FEB25C270,OPTSTK,11.15,15042300,11.15,11.25,4674000,28500,2850,BEL,270.0,CE,27-FEB-2025
2025-02-03 13:39:10.287048,BEL27FEB25C270,OPTSTK,11.1,15059400,11.05,11.15,4674000,22800,2850,BEL,270.0,CE,27-FEB-2025
2025-02-03 13:39:16.663125,BEL27FEB25C270,OPTSTK,11.1,15059400,11.05,11.15,4674000,22800,2850,BEL,270.0,CE,27-FEB-2025
2025-02-03 13:39:23.190593,BEL27FEB25C270,OPTSTK,11.1,15059400,11.05,11.15,4674000,22800,2850,BEL,270.0,CE,27-FEB-2025
2025-02-03 13:39:29.579070,BEL27FEB25C270,OPTSTK,11.1,15059400,11.1,11.2,4674000,22800,8550,BEL,270.0,CE,27-FEB-2025
2025-02-03 13:39:35.742607,BEL27FEB25C270,OPTSTK,11.2,15059400,11.1,11.2,4674000,22800,8550,BEL,270.0,CE,27-FEB-2025
2025-02-03 13:39:41.914067,BEL27FEB25C270,OPTSTK,11.2,15059400,11.1,11.2,4674000,22800,8550,BEL,270.0,CE,27-FEB-2025
2025-02-03 13:39:48.261605,BEL27FEB25C270,OPTSTK,11.25,15059400,11.1,11.2,4674000,22800,8550,BEL,270.0,CE,27-FEB-2025
2025-02-03 13:39:54.583904,BEL27FEB25C270,OPTSTK,11.25,15073650,11.2,11.3,4674000,17100,25650,BEL,270.0,CE,27-FEB-2025
2025-02-03 13:40:00.908780,BEL27FEB25C270,OPTSTK,11.3,15073650,11.2,11.3,4674000,17100,25650,BEL,270.0,CE,27-FEB-2025
2025-02-03 13:40:07.244180,BEL27FEB25C270,OPTSTK,11.35,15073650,11.2,11.3,4674000,17100,25650,BEL,270.0,CE,27-FEB-2025
2025-02-03 13:40:13.620991,BEL27FEB25C270,OPTSTK,11.3,15099300,11.35,11.4,4674000,5700,14250,BEL,270.0,CE,27-FEB-2025
2025-02-03 13:40:22.978843,BEL27FEB25C270,OPTSTK,11.35,15099300,11.35,11.4,4619850,5700,14250,BEL,270.0,CE,27-FEB-2025
2025-02-03 13:40:30.999431,BEL27FEB25C270,OPTSTK,11.35,15099300,11.35,11.4,4619850,5700,14250,BEL,270.0,CE,27-FEB-2025
2025-02-03 13:40:37.608657,BEL27FEB25C270,OPTSTK,11.35,15133500,11.35,11.4,4619850,2850,8550,BEL,270.0,CE,27-FEB-2025
2025-02-03 13:40:44.003231,BEL27FEB25C270,OPTSTK,11.4,15133500,11.35,11.4,4619850,2850,8550,BEL,270.0,CE,27-FEB-2025
2025-02-03 13:40:50.527353,BEL27FEB25C270,OPTSTK,11.5,15133500,11.35,11.4,4619850,2850,8550,BEL,270.0,CE,27-FEB-2025
2025-02-03 13:40:56.827175,BEL27FEB25C270,OPTSTK,11.5,15173400,11.5,11.6,4619850,8550,14250,BEL,270.0,CE,27-FEB-2025
2025-02-03 13:41:03.280140,BEL27FEB25C270,OPTSTK,11.55,15173400,11.5,11.6,4619850,8550,14250,BEL,270.0,CE,27-FEB-2025
2025-02-03 13:41:09.791663,BEL27FEB25C270,OPTSTK,11.5,15173400,11.5,11.6,4619850,8550,14250,BEL,270.0,CE,27-FEB-2025
2025-02-03 13:41:16.361517,BEL27FEB25C270,OPTSTK,11.6,15204750,11.55,11.65,4619850,14250,8550,BEL,270.0,CE,27-FEB-2025
2025-02-03 13:41:22.728350,BEL27FEB25C270,OPTSTK,11.6,15204750,11.55,11.65,4619850,14250,8550,BEL,270.0,CE,27-FEB-2025
2025-02-03 13:41:29.129600,BEL27FEB25C270,OPTSTK,11.65,15204750,11.55,11.65,4619850,14250,8550,BEL,270.0,CE,27-FEB-2025
2025-02-03 13:41:35.774764,BEL27FEB25C270,OPTSTK,11.65,15204750,11.55,11.65,4619850,14250,8550,BEL,270.0,CE,27-FEB-2025
2025-02-03 13:41:42.260726,BEL27FEB25C270,OPTSTK,11.65,15256050,11.55,11.65,4619850,17100,14250,BEL,270.0,CE,27-FEB-2025
2025-02-03 13:41:48.694064,BEL27FEB25C270,OPTSTK,11.6,15256050,11.55,11.65,4619850,17100,14250,BEL,270.0,CE,27-FEB-2025
2025-02-03 13:41:55.134784,BEL27FEB25C270,OPTSTK,11.65,15256050,11.55,11.65,4619850,17100,14250,BEL,270.0,CE,27-FEB-2025
2025-02-03 13:42:01.706268,BEL27FEB25C270,OPTSTK,11.6,15261750,11.6,11.7,4619850,17100,19950,BEL,270.0,CE,27-FEB-2025
2025-02-03 13:42:08.135313,BEL27FEB25C270,OPTSTK,11.55,15261750,11.6,11.7,4619850,17100,19950,BEL,270.0,CE,27-FEB-2025
2025-02-03 13:42:14.631053,BEL27FEB25C270,OPTSTK,11.5,15261750,11.6,11.7,4619850,17100,19950,BEL,270.0,CE,27-FEB-2025
2025-02-03 13:42:20.950351,BEL27FEB25C270,OPTSTK,11.45,15358650,11.4,11.5,4619850,8550,11400,BEL,270.0,CE,27-FEB-2025
2025-02-03 13:42:27.527588,BEL27FEB25C270,OPTSTK,11.45,15358650,11.4,11.5,4619850,8550,11400,BEL,270.0,CE,27-FEB-2025
2025-02-03 13:42:34.313046,BEL27FEB25C270,OPTSTK,11.45,15358650,11.4,11.5,4619850,8550,11400,BEL,270.0,CE,27-FEB-2025
2025-02-03 13:42:40.849557,BEL27FEB25C270,OPTSTK,11.45,15358650,11.4,11.5,4619850,8550,11400,BEL,270.0,CE,27-FEB-2025
2025-02-03 13:42:47.516875,BEL27FEB25C270,OPTSTK,11.45,15361500,11.55,11.65,4619850,19950,8550,BEL,270.0,CE,27-FEB-2025
2025-02-03 13:42:53.957091,BEL27FEB25C270,OPTSTK,11.65,15361500,11.55,11.65,4619850,19950,8550,BEL,270.0,CE,27-FEB-2025
2025-02-03 13:43:00.371546,BEL27FEB25C270,OPTSTK,11.65,15361500,11.55,11.65,4619850,19950,8550,BEL,270.0,CE,27-FEB-2025
2025-02-03 13:43:06.802858,BEL27FEB25C270,OPTSTK,11.65,15384300,11.6,11.7,4619850,11400,8550,BEL,270.0,CE,27-FEB-2025
2025-02-03 13:43:13.141390,BEL27FEB25C270,OPTSTK,11.65,15384300,11.6,11.7,4619850,11400,8550,BEL,270.0,CE,27-FEB-2025
2025-02-03 13:43:19.738011,BEL27FEB25C270,OPTSTK,11.65,15384300,11.6,11.7,4619850,11400,8550,BEL,270.0,CE,27-FEB-2025
2025-02-03 13:43:26.112298,BEL27FEB25C270,OPTSTK,11.65,15390000,11.6,11.7,4619850,8550,11400,BEL,270.0,CE,27-FEB-2025
2025-02-03 13:43:32.570289,BEL27FEB25C270,OPTSTK,11.65,15390000,11.6,11.7,4676850,8550,11400,BEL,270.0,CE,27-FEB-2025
2025-02-03 13:43:39.042248,BEL27FEB25C270,OPTSTK,11.75,15390000,11.6,11.7,4676850,8550,11400,BEL,270.0,CE,27-FEB-2025
2025-02-03 13:43:45.673878,BEL27FEB25C270,OPTSTK,11.75,15390000,11.6,11.7,4676850,8550,11400,BEL,270.0,CE,27-FEB-2025
2025-02-03 13:43:52.046364,BEL27FEB25C270,OPTSTK,11.65,15404250,11.65,11.7,4676850,5700,5700,BEL,270.0,CE,27-FEB-2025
2025-02-03 13:43:58.664684,BEL27FEB25C270,OPTSTK,11.65,15404250,11.65,11.7,4676850,5700,5700,BEL,270.0,CE,27-FEB-2025
2025-02-03 13:44:05.106813,BEL27FEB25C270,OPTSTK,11.55,15404250,11.65,11.7,4676850,5700,5700,BEL,270.0,CE,27-FEB-2025
2025-02-03 13:44:11.514649,BEL27FEB25C270,OPTSTK,11.5,15427050,11.45,11.6,4676850,22800,19950,BEL,270.0,CE,27-FEB-2025
2025-02-03 13:44:17.858176,BEL27FEB25C270,OPTSTK,11.55,15427050,11.45,11.6,4676850,22800,19950,BEL,270.0,CE,27-FEB-2025
2025-02-03 13:44:24.216071,BEL27FEB25C270,OPTSTK,11.65,15427050,11.45,11.6,4676850,22800,19950,BEL,270.0,CE,27-FEB-2025
2025-02-03 13:44:30.590624,BEL27FEB25C270,OPTSTK,11.65,15441300,11.6,11.75,4676850,31350,25650,BEL,270.0,CE,27-FEB-2025
2025-02-03 13:44:37.003797,BEL27FEB25C270,OPTSTK,11.75,15441300,11.6,11.75,4676850,31350,25650,BEL,270.0,CE,27-FEB-2025
2025-02-03 13:44:43.690580,BEL27FEB25C270,OPTSTK,11.75,15441300,11.6,11.75,4676850,31350,25650,BEL,270.0,CE,27-FEB-2025
2025-02-03 13:44:50.570522,BEL27FEB25C270,OPTSTK,11.75,15441300,11.6,11.75,4676850,31350,25650,BEL,270.0,CE,27-FEB-2025
2025-02-03 13:44:56.863615,BEL27FEB25C270,OPTSTK,11.75,15452700,11.6,11.7,4676850,25650,5700,BEL,270.0,CE,27-FEB-2025
2025-02-03 13:45:03.512921,BEL27FEB25C270,OPTSTK,11.65,15452700,11.6,11.7,4676850,25650,5700,BEL,270.0,CE,27-FEB-2025
2025-02-03 13:45:09.969216,BEL27FEB25C270,OPTSTK,11.7,15452700,11.6,11.7,4676850,25650,5700,BEL,270.0,CE,27-FEB-2025
2025-02-03 13:45:17.931817,BEL27FEB25C270,OPTSTK,11.7,15478350,11.65,11.75,4676850,8550,14250,BEL,270.0,CE,27-FEB-2025
2025-02-03 13:45:24.236705,BEL27FEB25C270,OPTSTK,11.7,15478350,11.65,11.75,4676850,8550,14250,BEL,270.0,CE,27-FEB-2025
2025-02-03 13:45:30.698340,BEL27FEB25C270,OPTSTK,11.6,15478350,11.65,11.75,4676850,8550,14250,BEL,270.0,CE,27-FEB-2025
2025-02-03 13:45:37.168483,BEL27FEB25C270,OPTSTK,11.8,15523950,11.75,11.8,4676850,8550,25650,BEL,270.0,CE,27-FEB-2025
2025-02-03 13:45:43.574498,BEL27FEB25C270,OPTSTK,11.8,15523950,11.75,11.8,4676850,8550,25650,BEL,270.0,CE,27-FEB-2025
2025-02-03 13:45:50.171044,BEL27FEB25C270,OPTSTK,11.7,15523950,11.75,11.8,4676850,8550,25650,BEL,270.0,CE,27-FEB-2025
2025-02-03 13:45:58.158653,BEL27FEB25C270,OPTSTK,11.7,15575250,11.65,11.75,4676850,19950,8550,BEL,270.0,CE,27-FEB-2025
2025-02-03 13:46:04.803411,BEL27FEB25C270,OPTSTK,11.7,15575250,11.65,11.75,4676850,19950,8550,BEL,270.0,CE,27-FEB-2025
2025-02-03 13:46:11.517452,BEL27FEB25C270,OPTSTK,11.7,15575250,11.65,11.75,4676850,19950,8550,BEL,270.0,CE,27-FEB-2025
2025-02-03 13:46:18.200862,BEL27FEB25C270,OPTSTK,11.65,15589500,11.65,11.75,4676850,14250,11400,BEL,270.0,CE,27-FEB-2025
2025-02-03 13:46:26.032605,BEL27FEB25C270,OPTSTK,11.8,15589500,11.65,11.75,4599900,14250,11400,BEL,270.0,CE,27-FEB-2025
2025-02-03 13:46:32.542317,BEL27FEB25C270,OPTSTK,11.85,15589500,11.65,11.75,4599900,14250,11400,BEL,270.0,CE,27-FEB-2025
2025-02-03 13:46:39.482012,BEL27FEB25C270,OPTSTK,11.9,15606600,11.8,11.9,4599900,17100,17100,BEL,270.0,CE,27-FEB-2025
2025-02-03 13:46:46.318643,BEL27FEB25C270,OPTSTK,11.9,15606600,11.8,11.9,4599900,17100,17100,BEL,270.0,CE,27-FEB-2025
2025-02-03 13:46:53.249638,BEL27FEB25C270,OPTSTK,11.9,15606600,11.8,11.9,4599900,17100,17100,BEL,270.0,CE,27-FEB-2025
2025-02-03 13:46:59.964463,BEL27FEB25C270,OPTSTK,11.8,15612300,11.75,11.85,4599900,5700,17100,BEL,270.0,CE,27-FEB-2025
2025-02-03 13:47:06.688596,BEL27FEB25C270,OPTSTK,11.8,15612300,11.75,11.85,4599900,5700,17100,BEL,270.0,CE,27-FEB-2025
2025-02-03 13:47:14.768233,BEL27FEB25C270,OPTSTK,11.8,15612300,11.75,11.85,4599900,5700,17100,BEL,270.0,CE,27-FEB-2025
2025-02-03 13:47:21.306336,BEL27FEB25C270,OPTSTK,11.8,15629400,11.8,11.9,4599900,42750,22800,BEL,270.0,CE,27-FEB-2025
2025-02-03 13:47:27.812968,BEL27FEB25C270,OPTSTK,12.0,15629400,11.8,11.9,4599900,42750,22800,BEL,270.0,CE,27-FEB-2025
2025-02-03 13:47:34.259052,BEL27FEB25C270,OPTSTK,11.95,15629400,11.8,11.9,4599900,42750,22800,BEL,270.0,CE,27-FEB-2025
2025-02-03 13:47:40.977297,BEL27FEB25C270,OPTSTK,11.9,15689250,11.85,11.95,4599900,2850,11400,BEL,270.0,CE,27-FEB-2025
2025-02-03 13:47:47.443259,BEL27FEB25C270,OPTSTK,11.9,15689250,11.85,11.95,4599900,2850,11400,BEL,270.0,CE,27-FEB-2025
2025-02-03 13:47:53.879440,BEL27FEB25C270,OPTSTK,12.0,15689250,11.85,11.95,4599900,2850,11400,BEL,270.0,CE,27-FEB-2025
2025-02-03 13:48:00.442756,BEL27FEB25C270,OPTSTK,12.0,15689250,11.85,11.95,4599900,2850,11400,BEL,270.0,CE,27-FEB-2025
2025-02-03 13:48:07.953000,BEL27FEB25C270,OPTSTK,12.0,15717750,11.85,12.0,4599900,22800,45600,BEL,270.0,CE,27-FEB-2025
2025-02-03 13:48:14.714984,BEL27FEB25C270,OPTSTK,11.95,15717750,11.85,12.0,4599900,22800,45600,BEL,270.0,CE,27-FEB-2025
2025-02-03 13:48:21.162985,BEL27FEB25C270,OPTSTK,11.85,15717750,11.85,12.0,4599900,22800,45600,BEL,270.0,CE,27-FEB-2025
2025-02-03 13:48:27.753542,BEL27FEB25C270,OPTSTK,11.75,15729150,11.7,11.8,4599900,8550,2850,BEL,270.0,CE,27-FEB-2025
2025-02-03 13:48:34.187952,BEL27FEB25C270,OPTSTK,11.75,15729150,11.7,11.8,4599900,8550,2850,BEL,270.0,CE,27-FEB-2025
2025-02-03 13:48:40.583121,BEL27FEB25C270,OPTSTK,11.75,15729150,11.7,11.8,4599900,8550,2850,BEL,270.0,CE,27-FEB-2025
2025-02-03 13:48:46.905128,BEL27FEB25C270,OPTSTK,11.75,15729150,11.65,11.75,4599900,11400,19950,BEL,270.0,CE,27-FEB-2025
2025-02-03 13:48:53.263084,BEL27FEB25C270,OPTSTK,11.65,15729150,11.65,11.75,4599900,11400,19950,BEL,270.0,CE,27-FEB-2025
2025-02-03 13:49:00.066771,BEL27FEB25C270,OPTSTK,11.75,15729150,11.65,11.75,4599900,11400,19950,BEL,270.0,CE,27-FEB-2025
2025-02-03 13:49:06.631628,BEL27FEB25C270,OPTSTK,11.75,15737700,11.6,11.7,4599900,19950,8550,BEL,270.0,CE,27-FEB-2025
2025-02-03 13:49:13.132532,BEL27FEB25C270,OPTSTK,11.75,15737700,11.6,11.7,4599900,19950,8550,BEL,270.0,CE,27-FEB-2025
2025-02-03 13:49:19.680965,BEL27FEB25C270,OPTSTK,11.75,15737700,11.6,11.7,4599900,19950,8550,BEL,270.0,CE,27-FEB-2025
2025-02-03 13:49:26.096485,BEL27FEB25C270,OPTSTK,11.75,15737700,11.6,11.7,4599900,19950,8550,BEL,270.0,CE,27-FEB-2025
2025-02-03 13:49:32.613917,BEL27FEB25C270,OPTSTK,11.75,15737700,11.75,11.8,4599900,5700,2850,BEL,270.0,CE,27-FEB-2025
2025-02-03 13:49:38.938541,BEL27FEB25C270,OPTSTK,11.7,15737700,11.75,11.8,4562850,5700,2850,BEL,270.0,CE,27-FEB-2025
2025-02-03 13:49:45.467946,BEL27FEB25C270,OPTSTK,11.7,15737700,11.75,11.8,4562850,5700,2850,BEL,270.0,CE,27-FEB-2025
2025-02-03 13:49:52.105453,BEL27FEB25C270,OPTSTK,11.8,15754800,11.75,11.85,4562850,14250,2850,BEL,270.0,CE,27-FEB-2025
2025-02-03 13:49:58.793089,BEL27FEB25C270,OPTSTK,11.75,15754800,11.75,11.85,4562850,14250,2850,BEL,270.0,CE,27-FEB-2025
2025-02-03 13:50:06.008356,BEL27FEB25C270,OPTSTK,11.7,15754800,11.75,11.85,4562850,14250,2850,BEL,270.0,CE,27-FEB-2025
2025-02-03 13:50:12.716542,BEL27FEB25C270,OPTSTK,11.7,15763350,11.65,11.75,4562850,19950,14250,BEL,270.0,CE,27-FEB-2025
2025-02-03 13:50:19.313889,BEL27FEB25C270,OPTSTK,11.7,15763350,11.65,11.75,4562850,19950,14250,BEL,270.0,CE,27-FEB-2025
2025-02-03 13:50:25.840513,BEL27FEB25C270,OPTSTK,11.7,15763350,11.65,11.75,4562850,19950,14250,BEL,270.0,CE,27-FEB-2025
2025-02-03 13:50:32.608774,BEL27FEB25C270,OPTSTK,11.7,15763350,11.6,11.7,4562850,14250,11400,BEL,270.0,CE,27-FEB-2025
2025-02-03 13:50:39.047779,BEL27FEB25C270,OPTSTK,11.7,15763350,11.6,11.7,4562850,14250,11400,BEL,270.0,CE,27-FEB-2025
2025-02-03 13:50:45.474854,BEL27FEB25C270,OPTSTK,11.7,15763350,11.6,11.7,4562850,14250,11400,BEL,270.0,CE,27-FEB-2025
2025-02-03 13:50:52.057491,BEL27FEB25C270,OPTSTK,11.6,15763350,11.6,11.7,4562850,14250,11400,BEL,270.0,CE,27-FEB-2025
2025-02-03 13:50:58.766945,BEL27FEB25C270,OPTSTK,11.55,15780450,11.55,11.65,4562850,5700,8550,BEL,270.0,CE,27-FEB-2025
2025-02-03 13:51:05.475633,BEL27FEB25C270,OPTSTK,11.55,15780450,11.55,11.65,4562850,5700,8550,BEL,270.0,CE,27-FEB-2025
2025-02-03 13:51:12.028660,BEL27FEB25C270,OPTSTK,11.5,15780450,11.55,11.65,4562850,5700,8550,BEL,270.0,CE,27-FEB-2025
2025-02-03 13:51:18.680980,BEL27FEB25C270,OPTSTK,11.5,15786150,11.45,11.55,4562850,8550,5700,BEL,270.0,CE,27-FEB-2025
2025-02-03 13:51:25.013071,BEL27FEB25C270,OPTSTK,11.5,15786150,11.45,11.55,4562850,8550,5700,BEL,270.0,CE,27-FEB-2025
2025-02-03 13:51:31.453217,BEL27FEB25C270,OPTSTK,11.4,15786150,11.45,11.55,4562850,8550,5700,BEL,270.0,CE,27-FEB-2025
2025-02-03 13:51:37.905607,BEL27FEB25C270,OPTSTK,11.35,15786150,11.45,11.55,4562850,8550,5700,BEL,270.0,CE,27-FEB-2025
2025-02-03 13:51:44.238989,BEL27FEB25C270,OPTSTK,11.25,15800400,11.3,11.4,4562850,2850,37050,BEL,270.0,CE,27-FEB-2025
2025-02-03 13:51:50.507746,BEL27FEB25C270,OPTSTK,11.25,15800400,11.3,11.4,4562850,2850,37050,BEL,270.0,CE,27-FEB-2025
2025-02-03 13:51:56.883606,BEL27FEB25C270,OPTSTK,11.3,15800400,11.3,11.4,4562850,2850,37050,BEL,270.0,CE,27-FEB-2025
2025-02-03 13:52:05.658859,BEL27FEB25C270,OPTSTK,11.2,15857400,11.25,11.3,4562850,8550,2850,BEL,270.0,CE,27-FEB-2025
2025-02-03 13:52:12.339100,BEL27FEB25C270,OPTSTK,11.15,15857400,11.25,11.3,4562850,8550,2850,BEL,270.0,CE,27-FEB-2025
2025-02-03 13:52:18.727638,BEL27FEB25C270,OPTSTK,11.15,15857400,11.25,11.3,4562850,8550,2850,BEL,270.0,CE,27-FEB-2025
2025-02-03 13:52:25.431496,BEL27FEB25C270,OPTSTK,11.1,15857400,11.25,11.3,4500150,8550,2850,BEL,270.0,CE,27-FEB-2025
2025-02-03 13:52:31.797705,BEL27FEB25C270,OPTSTK,11.1,15888750,11.0,11.1,4500150,17100,11400,BEL,270.0,CE,27-FEB-2025
2025-02-03 13:52:38.631916,BEL27FEB25C270,OPTSTK,11.1,15888750,11.0,11.1,4500150,17100,11400,BEL,270.0,CE,27-FEB-2025
2025-02-03 13:52:45.626909,BEL27FEB25C270,OPTSTK,11.1,15888750,11.0,11.1,4500150,17100,11400,BEL,270.0,CE,27-FEB-2025
2025-02-03 13:52:52.108407,BEL27FEB25C270,OPTSTK,11.05,15888750,11.0,11.1,4500150,17100,11400,BEL,270.0,CE,27-FEB-2025
2025-02-03 13:52:58.568033,BEL27FEB25C270,OPTSTK,11.05,15900150,11.0,11.1,4500150,22800,5700,BEL,270.0,CE,27-FEB-2025
2025-02-03 13:53:06.110086,BEL27FEB25C270,OPTSTK,11.05,15900150,11.0,11.1,4500150,22800,5700,BEL,270.0,CE,27-FEB-2025
2025-02-03 13:53:12.712244,BEL27FEB25C270,OPTSTK,11.1,15900150,11.0,11.1,4500150,22800,5700,BEL,270.0,CE,27-FEB-2025
2025-02-03 13:53:19.190664,BEL27FEB25C270,OPTSTK,11.05,15917250,11.0,11.1,4500150,14250,17100,BEL,270.0,CE,27-FEB-2025
2025-02-03 13:53:25.799296,BEL27FEB25C270,OPTSTK,11.05,15917250,11.0,11.1,4500150,14250,17100,BEL,270.0,CE,27-FEB-2025
2025-02-03 13:53:32.366190,BEL27FEB25C270,OPTSTK,11.05,15917250,11.0,11.1,4500150,14250,17100,BEL,270.0,CE,27-FEB-2025
2025-02-03 13:53:39.803627,BEL27FEB25C270,OPTSTK,11.15,15920100,11.05,11.15,4500150,5700,25650,BEL,270.0,CE,27-FEB-2025
2025-02-03 13:53:46.119007,BEL27FEB25C270,OPTSTK,11.15,15920100,11.05,11.15,4500150,5700,25650,BEL,270.0,CE,27-FEB-2025
2025-02-03 13:53:52.602231,BEL27FEB25C270,OPTSTK,11.15,15920100,11.05,11.15,4500150,5700,25650,BEL,270.0,CE,27-FEB-2025
2025-02-03 13:53:59.164859,BEL27FEB25C270,OPTSTK,11.15,15920100,11.05,11.15,4500150,22800,5700,BEL,270.0,CE,27-FEB-2025
2025-02-03 13:54:05.588259,BEL27FEB25C270,OPTSTK,11.15,15920100,11.05,11.15,4500150,22800,5700,BEL,270.0,CE,27-FEB-2025
2025-02-03 13:54:11.915353,BEL27FEB25C270,OPTSTK,11.15,15920100,11.05,11.15,4500150,22800,5700,BEL,270.0,CE,27-FEB-2025
2025-02-03 13:54:18.182617,BEL27FEB25C270,OPTSTK,11.15,15920100,11.05,11.15,4500150,22800,5700,BEL,270.0,CE,27-FEB-2025
2025-02-03 13:54:24.742683,BEL27FEB25C270,OPTSTK,11.15,15925800,11.05,11.15,4500150,25650,2850,BEL,270.0,CE,27-FEB-2025
2025-02-03 13:54:31.128176,BEL27FEB25C270,OPTSTK,11.15,15925800,11.05,11.15,4500150,25650,2850,BEL,270.0,CE,27-FEB-2025
2025-02-03 13:54:37.682295,BEL27FEB25C270,OPTSTK,11.15,15925800,11.05,11.15,4500150,25650,2850,BEL,270.0,CE,27-FEB-2025
2025-02-03 13:54:44.263125,BEL27FEB25C270,OPTSTK,11.05,15925800,11.0,11.1,4500150,14250,19950,BEL,270.0,CE,27-FEB-2025
2025-02-03 13:54:52.055760,BEL27FEB25C270,OPTSTK,11.0,15925800,11.0,11.1,4500150,14250,19950,BEL,270.0,CE,27-FEB-2025
2025-02-03 13:54:58.494626,BEL27FEB25C270,OPTSTK,11.0,15925800,11.0,11.1,4500150,14250,19950,BEL,270.0,CE,27-FEB-2025
2025-02-03 13:55:05.157237,BEL27FEB25C270,OPTSTK,11.0,15948600,10.95,11.05,4500150,17100,17100,BEL,270.0,CE,27-FEB-2025
2025-02-03 13:55:11.705489,BEL27FEB25C270,OPTSTK,11.0,15948600,10.95,11.05,4500150,17100,17100,BEL,270.0,CE,27-FEB-2025
2025-02-03 13:55:18.321954,BEL27FEB25C270,OPTSTK,11.0,15948600,10.95,11.05,4500150,17100,17100,BEL,270.0,CE,27-FEB-2025
2025-02-03 13:55:25.077898,BEL27FEB25C270,OPTSTK,11.0,15948600,10.95,11.05,4500150,17100,17100,BEL,270.0,CE,27-FEB-2025
2025-02-03 13:55:31.584060,BEL27FEB25C270,OPTSTK,11.05,15948600,10.9,11.0,4514400,22800,11400,BEL,270.0,CE,27-FEB-2025
2025-02-03 13:55:37.933230,BEL27FEB25C270,OPTSTK,11.05,15948600,10.9,11.0,4514400,22800,11400,BEL,270.0,CE,27-FEB-2025
2025-02-03 13:55:44.444472,BEL27FEB25C270,OPTSTK,11.05,15948600,10.9,11.0,4514400,22800,11400,BEL,270.0,CE,27-FEB-2025
2025-02-03 13:55:50.997841,BEL27FEB25C270,OPTSTK,11.05,15962850,11.05,11.15,4514400,11400,11400,BEL,270.0,CE,27-FEB-2025
2025-02-03 13:55:57.323705,BEL27FEB25C270,OPTSTK,11.05,15962850,11.05,11.15,4514400,11400,11400,BEL,270.0,CE,27-FEB-2025
2025-02-03 13:56:03.670876,BEL27FEB25C270,OPTSTK,11.05,15962850,11.05,11.15,4514400,11400,11400,BEL,270.0,CE,27-FEB-2025
2025-02-03 13:56:10.035541,BEL27FEB25C270,OPTSTK,11.05,15962850,11.15,11.2,4514400,8550,8550,BEL,270.0,CE,27-FEB-2025
2025-02-03 13:56:16.489619,BEL27FEB25C270,OPTSTK,11.2,15962850,11.15,11.2,4514400,8550,8550,BEL,270.0,CE,27-FEB-2025
2025-02-03 13:56:23.061060,BEL27FEB25C270,OPTSTK,11.2,15962850,11.15,11.2,4514400,8550,8550,BEL,270.0,CE,27-FEB-2025
2025-02-03 13:56:29.656241,BEL27FEB25C270,OPTSTK,11.2,15962850,11.15,11.2,4514400,8550,8550,BEL,270.0,CE,27-FEB-2025
2025-02-03 13:56:36.146184,BEL27FEB25C270,OPTSTK,11.15,15977100,11.1,11.15,4514400,5700,2850,BEL,270.0,CE,27-FEB-2025
2025-02-03 13:56:42.414459,BEL27FEB25C270,OPTSTK,11.15,15977100,11.1,11.15,4514400,5700,2850,BEL,270.0,CE,27-FEB-2025
2025-02-03 13:56:49.001142,BEL27FEB25C270,OPTSTK,11.15,15977100,11.1,11.15,4514400,5700,2850,BEL,270.0,CE,27-FEB-2025
2025-02-03 13:56:55.417925,BEL27FEB25C270,OPTSTK,11.2,16074000,11.15,11.25,4514400,8550,14250,BEL,270.0,CE,27-FEB-2025
2025-02-03 13:57:01.895863,BEL27FEB25C270,OPTSTK,11.2,16074000,11.15,11.25,4514400,8550,14250,BEL,270.0,CE,27-FEB-2025
2025-02-03 13:57:08.295504,BEL27FEB25C270,OPTSTK,11.2,16074000,11.15,11.25,4514400,8550,14250,BEL,270.0,CE,27-FEB-2025
2025-02-03 13:57:14.867053,BEL27FEB25C270,OPTSTK,11.2,16074000,11.15,11.25,4514400,14250,5700,BEL,270.0,CE,27-FEB-2025
2025-02-03 13:57:21.623502,BEL27FEB25C270,OPTSTK,11.2,16074000,11.15,11.25,4514400,14250,5700,BEL,270.0,CE,27-FEB-2025
2025-02-03 13:57:28.448309,BEL27FEB25C270,OPTSTK,11.2,16074000,11.15,11.25,4514400,14250,5700,BEL,270.0,CE,27-FEB-2025
2025-02-03 13:57:35.167733,BEL27FEB25C270,OPTSTK,11.2,16074000,11.15,11.25,4514400,14250,5700,BEL,270.0,CE,27-FEB-2025
2025-02-03 13:57:41.562968,BEL27FEB25C270,OPTSTK,11.15,16076850,11.15,11.25,4514400,11400,19950,BEL,270.0,CE,27-FEB-2025
2025-02-03 13:57:47.913130,BEL27FEB25C270,OPTSTK,11.15,16076850,11.15,11.25,4514400,11400,19950,BEL,270.0,CE,27-FEB-2025
2025-02-03 13:57:54.236629,BEL27FEB25C270,OPTSTK,11.1,16076850,11.15,11.25,4514400,11400,19950,BEL,270.0,CE,27-FEB-2025
2025-02-03 13:58:00.975598,BEL27FEB25C270,OPTSTK,11.15,16088250,11.05,11.15,4514400,11400,8550,BEL,270.0,CE,27-FEB-2025
2025-02-03 13:58:07.459084,BEL27FEB25C270,OPTSTK,11.15,16088250,11.05,11.15,4514400,11400,8550,BEL,270.0,CE,27-FEB-2025
2025-02-03 13:58:13.913687,BEL27FEB25C270,OPTSTK,11.1,16088250,11.05,11.15,4514400,11400,8550,BEL,270.0,CE,27-FEB-2025
2025-02-03 13:58:20.754105,BEL27FEB25C270,OPTSTK,11.1,16102500,11.1,11.2,4514400,22800,5700,BEL,270.0,CE,27-FEB-2025
2025-02-03 13:58:27.813381,BEL27FEB25C270,OPTSTK,11.1,16102500,11.1,11.2,4514400,22800,5700,BEL,270.0,CE,27-FEB-2025
2025-02-03 13:58:34.980802,BEL27FEB25C270,OPTSTK,11.1,16102500,11.1,11.2,4514400,22800,5700,BEL,270.0,CE,27-FEB-2025
2025-02-03 13:58:41.619495,BEL27FEB25C270,OPTSTK,11.1,16102500,11.1,11.2,4514400,22800,5700,BEL,270.0,CE,27-FEB-2025
2025-02-03 13:58:48.358217,BEL27FEB25C270,OPTSTK,11.1,16102500,11.1,11.2,4514400,14250,11400,BEL,270.0,CE,27-FEB-2025
2025-02-03 13:58:55.759453,BEL27FEB25C270,OPTSTK,11.1,16102500,11.1,11.2,4514400,14250,11400,BEL,270.0,CE,27-FEB-2025
2025-02-03 13:59:02.256535,BEL27FEB25C270,OPTSTK,11.1,16102500,11.1,11.2,4514400,14250,11400,BEL,270.0,CE,27-FEB-2025
2025-02-03 13:59:08.629692,BEL27FEB25C270,OPTSTK,11.1,16102500,11.1,11.2,4514400,25650,14250,BEL,270.0,CE,27-FEB-2025
2025-02-03 13:59:15.075411,BEL27FEB25C270,OPTSTK,11.1,16102500,11.1,11.2,4514400,25650,14250,BEL,270.0,CE,27-FEB-2025
2025-02-03 13:59:21.601381,BEL27FEB25C270,OPTSTK,11.1,16102500,11.1,11.2,4514400,25650,14250,BEL,270.0,CE,27-FEB-2025
2025-02-03 13:59:28.134271,BEL27FEB25C270,OPTSTK,11.1,16102500,11.1,11.2,4514400,31350,19950,BEL,270.0,CE,27-FEB-2025
2025-02-03 13:59:34.374057,BEL27FEB25C270,OPTSTK,11.1,16102500,11.1,11.2,4514400,31350,19950,BEL,270.0,CE,27-FEB-2025
2025-02-03 13:59:41.866116,BEL27FEB25C270,OPTSTK,11.1,16102500,11.1,11.2,4514400,31350,19950,BEL,270.0,CE,27-FEB-2025
2025-02-03 13:59:48.470644,BEL27FEB25C270,OPTSTK,11.15,16105350,11.15,11.2,4591350,11400,14250,BEL,270.0,CE,27-FEB-2025
2025-02-03 13:59:55.116339,BEL27FEB25C270,OPTSTK,11.15,16105350,11.15,11.2,4591350,11400,14250,BEL,270.0,CE,27-FEB-2025
2025-02-03 14:00:01.675797,BEL27FEB25C270,OPTSTK,11.15,16105350,11.15,11.2,4591350,11400,14250,BEL,270.0,CE,27-FEB-2025
2025-02-03 14:00:08.215353,BEL27FEB25C270,OPTSTK,11.25,16122450,11.2,11.3,4591350,8550,31350,BEL,270.0,CE,27-FEB-2025
2025-02-03 14:00:14.761357,BEL27FEB25C270,OPTSTK,11.25,16122450,11.2,11.3,4591350,8550,31350,BEL,270.0,CE,27-FEB-2025
2025-02-03 14:00:21.295572,BEL27FEB25C270,OPTSTK,11.25,16122450,11.2,11.3,4591350,8550,31350,BEL,270.0,CE,27-FEB-2025
2025-02-03 14:00:28.675177,BEL27FEB25C270,OPTSTK,11.25,16122450,11.25,11.35,4591350,14250,22800,BEL,270.0,CE,27-FEB-2025
2025-02-03 14:00:35.121548,BEL27FEB25C270,OPTSTK,11.25,16122450,11.25,11.35,4591350,14250,22800,BEL,270.0,CE,27-FEB-2025
2025-02-03 14:00:41.899339,BEL27FEB25C270,OPTSTK,11.4,16122450,11.25,11.35,4591350,14250,22800,BEL,270.0,CE,27-FEB-2025
2025-02-03 14:00:49.354826,BEL27FEB25C270,OPTSTK,11.4,16148100,11.35,11.45,4591350,22800,8550,BEL,270.0,CE,27-FEB-2025
2025-02-03 14:00:58.386711,BEL27FEB25C270,OPTSTK,11.4,16148100,11.35,11.45,4591350,22800,8550,BEL,270.0,CE,27-FEB-2025
2025-02-03 14:01:04.871270,BEL27FEB25C270,OPTSTK,11.4,16148100,11.35,11.45,4591350,22800,8550,BEL,270.0,CE,27-FEB-2025
2025-02-03 14:01:11.340441,BEL27FEB25C270,OPTSTK,11.4,16153800,11.45,11.5,4591350,2850,5700,BEL,270.0,CE,27-FEB-2025
2025-02-03 14:01:18.219650,BEL27FEB25C270,OPTSTK,11.4,16153800,11.45,11.5,4591350,2850,5700,BEL,270.0,CE,27-FEB-2025
2025-02-03 14:01:24.859078,BEL27FEB25C270,OPTSTK,11.5,16153800,11.45,11.5,4591350,2850,5700,BEL,270.0,CE,27-FEB-2025
2025-02-03 14:01:31.673951,BEL27FEB25C270,OPTSTK,11.5,16165200,11.4,11.5,4560000,28500,2850,BEL,270.0,CE,27-FEB-2025
2025-02-03 14:01:38.377523,BEL27FEB25C270,OPTSTK,11.5,16165200,11.4,11.5,4560000,28500,2850,BEL,270.0,CE,27-FEB-2025
2025-02-03 14:01:45.904814,BEL27FEB25C270,OPTSTK,11.5,16165200,11.4,11.5,4560000,28500,2850,BEL,270.0,CE,27-FEB-2025
2025-02-03 14:01:52.605048,BEL27FEB25C270,OPTSTK,11.5,16168050,11.45,11.55,4560000,11400,14250,BEL,270.0,CE,27-FEB-2025
2025-02-03 14:01:59.266513,BEL27FEB25C270,OPTSTK,11.5,16168050,11.45,11.55,4560000,11400,14250,BEL,270.0,CE,27-FEB-2025
2025-02-03 14:02:05.719748,BEL27FEB25C270,OPTSTK,11.5,16168050,11.45,11.55,4560000,11400,14250,BEL,270.0,CE,27-FEB-2025
2025-02-03 14:02:12.348743,BEL27FEB25C270,OPTSTK,11.5,16168050,11.45,11.55,4560000,11400,14250,BEL,270.0,CE,27-FEB-2025
2025-02-03 14:02:19.240349,BEL27FEB25C270,OPTSTK,11.5,16173750,11.45,11.55,4560000,11400,14250,BEL,270.0,CE,27-FEB-2025
2025-02-03 14:02:26.015319,BEL27FEB25C270,OPTSTK,11.5,16173750,11.45,11.55,4560000,11400,14250,BEL,270.0,CE,27-FEB-2025
2025-02-03 14:02:32.663208,BEL27FEB25C270,OPTSTK,11.5,16173750,11.45,11.55,4560000,11400,14250,BEL,270.0,CE,27-FEB-2025
2025-02-03 14:02:39.233274,BEL27FEB25C270,OPTSTK,11.6,16176600,11.6,11.7,4560000,14250,5700,BEL,270.0,CE,27-FEB-2025
2025-02-03 14:02:45.881364,BEL27FEB25C270,OPTSTK,11.7,16176600,11.6,11.7,4560000,14250,5700,BEL,270.0,CE,27-FEB-2025
2025-02-03 14:02:52.636977,BEL27FEB25C270,OPTSTK,11.65,16176600,11.6,11.7,4560000,14250,5700,BEL,270.0,CE,27-FEB-2025
2025-02-03 14:02:59.164504,BEL27FEB25C270,OPTSTK,11.65,16188000,11.55,11.65,4560000,14250,8550,BEL,270.0,CE,27-FEB-2025
2025-02-03 14:03:05.878869,BEL27FEB25C270,OPTSTK,11.65,16188000,11.55,11.65,4560000,14250,8550,BEL,270.0,CE,27-FEB-2025
2025-02-03 14:03:12.454041,BEL27FEB25C270,OPTSTK,11.65,16188000,11.55,11.65,4560000,14250,8550,BEL,270.0,CE,27-FEB-2025
2025-02-03 14:03:18.928286,BEL27FEB25C270,OPTSTK,11.65,16188000,11.55,11.65,4560000,14250,8550,BEL,270.0,CE,27-FEB-2025
2025-02-03 14:03:25.587884,BEL27FEB25C270,OPTSTK,11.75,16188000,11.65,11.75,4560000,19950,2850,BEL,270.0,CE,27-FEB-2025
2025-02-03 14:03:32.233786,BEL27FEB25C270,OPTSTK,11.75,16188000,11.65,11.75,4560000,19950,2850,BEL,270.0,CE,27-FEB-2025
2025-02-03 14:03:39.041334,BEL27FEB25C270,OPTSTK,11.75,16188000,11.65,11.75,4560000,19950,2850,BEL,270.0,CE,27-FEB-2025
2025-02-03 14:03:45.661838,BEL27FEB25C270,OPTSTK,11.65,16193700,11.65,11.75,4560000,8550,14250,BEL,270.0,CE,27-FEB-2025
2025-02-03 14:03:52.159108,BEL27FEB25C270,OPTSTK,11.6,16193700,11.65,11.75,4560000,8550,14250,BEL,270.0,CE,27-FEB-2025
2025-02-03 14:03:59.225473,BEL27FEB25C270,OPTSTK,11.6,16193700,11.65,11.75,4560000,8550,14250,BEL,270.0,CE,27-FEB-2025
2025-02-03 14:04:05.835888,BEL27FEB25C270,OPTSTK,11.6,16202250,11.6,11.7,4560000,11400,8550,BEL,270.0,CE,27-FEB-2025
2025-02-03 14:04:12.338726,BEL27FEB25C270,OPTSTK,11.7,16202250,11.6,11.7,4560000,11400,8550,BEL,270.0,CE,27-FEB-2025
2025-02-03 14:04:19.207225,BEL27FEB25C270,OPTSTK,11.7,16202250,11.6,11.7,4560000,11400,8550,BEL,270.0,CE,27-FEB-2025
2025-02-03 14:04:25.818358,BEL27FEB25C270,OPTSTK,11.65,16262100,11.65,11.75,4588500,11400,11400,BEL,270.0,CE,27-FEB-2025
2025-02-03 14:04:32.498318,BEL27FEB25C270,OPTSTK,11.65,16262100,11.65,11.75,4588500,11400,11400,BEL,270.0,CE,27-FEB-2025
2025-02-03 14:04:38.912220,BEL27FEB25C270,OPTSTK,11.65,16262100,11.65,11.75,4588500,11400,11400,BEL,270.0,CE,27-FEB-2025
2025-02-03 14:04:45.396933,BEL27FEB25C270,OPTSTK,11.65,16267800,11.7,11.75,4588500,5700,11400,BEL,270.0,CE,27-FEB-2025
2025-02-03 14:04:52.285241,BEL27FEB25C270,OPTSTK,11.65,16267800,11.7,11.75,4588500,5700,11400,BEL,270.0,CE,27-FEB-2025
2025-02-03 14:04:58.935353,BEL27FEB25C270,OPTSTK,11.65,16267800,11.7,11.75,4588500,5700,11400,BEL,270.0,CE,27-FEB-2025
2025-02-03 14:05:05.606740,BEL27FEB25C270,OPTSTK,11.65,16296300,11.65,11.75,4588500,5700,22800,BEL,270.0,CE,27-FEB-2025
2025-02-03 14:05:12.188737,BEL27FEB25C270,OPTSTK,11.65,16296300,11.65,11.75,4588500,5700,22800,BEL,270.0,CE,27-FEB-2025
2025-02-03 14:05:18.568047,BEL27FEB25C270,OPTSTK,11.65,16296300,11.65,11.75,4588500,5700,22800,BEL,270.0,CE,27-FEB-2025
2025-02-03 14:05:24.917560,BEL27FEB25C270,OPTSTK,11.75,16296300,11.65,11.75,4588500,5700,22800,BEL,270.0,CE,27-FEB-2025
2025-02-03 14:05:31.521283,BEL27FEB25C270,OPTSTK,11.8,16316250,11.7,11.8,4588500,22800,5700,BEL,270.0,CE,27-FEB-2025
2025-02-03 14:05:38.062273,BEL27FEB25C270,OPTSTK,11.8,16316250,11.7,11.8,4588500,22800,5700,BEL,270.0,CE,27-FEB-2025
2025-02-03 14:05:44.928848,BEL27FEB25C270,OPTSTK,11.8,16316250,11.7,11.8,4588500,22800,5700,BEL,270.0,CE,27-FEB-2025
2025-02-03 14:05:51.699318,BEL27FEB25C270,OPTSTK,11.8,16321950,11.75,11.85,4588500,2850,17100,BEL,270.0,CE,27-FEB-2025
2025-02-03 14:05:58.531886,BEL27FEB25C270,OPTSTK,11.75,16321950,11.75,11.85,4588500,2850,17100,BEL,270.0,CE,27-FEB-2025
2025-02-03 14:06:05.527342,BEL27FEB25C270,OPTSTK,11.75,16321950,11.75,11.85,4588500,2850,17100,BEL,270.0,CE,27-FEB-2025
2025-02-03 14:06:12.188012,BEL27FEB25C270,OPTSTK,11.75,16330500,11.75,11.85,4588500,14250,14250,BEL,270.0,CE,27-FEB-2025
2025-02-03 14:06:18.626014,BEL27FEB25C270,OPTSTK,11.75,16330500,11.75,11.85,4588500,14250,14250,BEL,270.0,CE,27-FEB-2025
2025-02-03 14:06:25.113023,BEL27FEB25C270,OPTSTK,11.75,16330500,11.75,11.85,4588500,14250,14250,BEL,270.0,CE,27-FEB-2025
2025-02-03 14:06:31.722145,BEL27FEB25C270,OPTSTK,11.75,16341900,11.8,11.9,4588500,14250,11400,BEL,270.0,CE,27-FEB-2025
2025-02-03 14:06:38.339126,BEL27FEB25C270,OPTSTK,11.75,16341900,11.8,11.9,4588500,14250,11400,BEL,270.0,CE,27-FEB-2025
2025-02-03 14:06:44.873106,BEL27FEB25C270,OPTSTK,11.95,16341900,11.8,11.9,4588500,14250,11400,BEL,270.0,CE,27-FEB-2025
2025-02-03 14:06:51.527902,BEL27FEB25C270,OPTSTK,11.9,16341900,11.8,11.9,4588500,14250,11400,BEL,270.0,CE,27-FEB-2025
2025-02-03 14:06:58.129772,BEL27FEB25C270,OPTSTK,11.9,16356150,11.85,11.95,4588500,14250,19950,BEL,270.0,CE,27-FEB-2025
2025-02-03 14:07:05.070753,BEL27FEB25C270,OPTSTK,11.9,16356150,11.85,11.95,4588500,14250,19950,BEL,270.0,CE,27-FEB-2025
2025-02-03 14:07:11.973269,BEL27FEB25C270,OPTSTK,11.9,16356150,11.85,11.95,4588500,14250,19950,BEL,270.0,CE,27-FEB-2025
2025-02-03 14:07:18.907353,BEL27FEB25C270,OPTSTK,11.8,16370400,11.8,11.9,4588500,8550,22800,BEL,270.0,CE,27-FEB-2025
2025-02-03 14:07:27.047797,BEL27FEB25C270,OPTSTK,11.8,16370400,11.8,11.9,4588500,8550,22800,BEL,270.0,CE,27-FEB-2025
2025-02-03 14:07:33.603165,BEL27FEB25C270,OPTSTK,11.85,16370400,11.8,11.9,4542900,8550,22800,BEL,270.0,CE,27-FEB-2025
2025-02-03 14:07:40.195306,BEL27FEB25C270,OPTSTK,11.85,16381800,11.8,11.85,4542900,5700,2850,BEL,270.0,CE,27-FEB-2025
2025-02-03 14:07:46.848182,BEL27FEB25C270,OPTSTK,11.85,16381800,11.8,11.85,4542900,5700,2850,BEL,270.0,CE,27-FEB-2025
2025-02-03 14:07:53.366852,BEL27FEB25C270,OPTSTK,11.8,16381800,11.8,11.85,4542900,5700,2850,BEL,270.0,CE,27-FEB-2025
2025-02-03 14:07:59.915704,BEL27FEB25C270,OPTSTK,11.8,16390350,11.75,11.8,4542900,2850,5700,BEL,270.0,CE,27-FEB-2025
2025-02-03 14:08:06.339235,BEL27FEB25C270,OPTSTK,11.8,16390350,11.75,11.8,4542900,2850,5700,BEL,270.0,CE,27-FEB-2025
2025-02-03 14:08:12.970806,BEL27FEB25C270,OPTSTK,11.8,16390350,11.75,11.8,4542900,2850,5700,BEL,270.0,CE,27-FEB-2025
2025-02-03 14:08:19.349097,BEL27FEB25C270,OPTSTK,11.8,16390350,11.75,11.8,4542900,2850,5700,BEL,270.0,CE,27-FEB-2025
2025-02-03 14:08:25.757041,BEL27FEB25C270,OPTSTK,11.75,16393200,11.75,11.8,4542900,2850,2850,BEL,270.0,CE,27-FEB-2025
2025-02-03 14:08:32.420137,BEL27FEB25C270,OPTSTK,11.8,16393200,11.75,11.8,4542900,2850,2850,BEL,270.0,CE,27-FEB-2025
2025-02-03 14:08:38.956554,BEL27FEB25C270,OPTSTK,11.8,16393200,11.75,11.8,4542900,2850,2850,BEL,270.0,CE,27-FEB-2025
2025-02-03 14:08:45.581895,BEL27FEB25C270,OPTSTK,11.8,16410300,11.75,11.8,4542900,8550,2850,BEL,270.0,CE,27-FEB-2025
2025-02-03 14:08:52.187410,BEL27FEB25C270,OPTSTK,11.8,16410300,11.75,11.8,4542900,8550,2850,BEL,270.0,CE,27-FEB-2025
2025-02-03 14:08:58.745204,BEL27FEB25C270,OPTSTK,11.8,16410300,11.75,11.8,4542900,8550,2850,BEL,270.0,CE,27-FEB-2025
2025-02-03 14:09:05.386928,BEL27FEB25C270,OPTSTK,11.8,16410300,11.75,11.8,4542900,8550,2850,BEL,270.0,CE,27-FEB-2025
2025-02-03 14:09:12.174730,BEL27FEB25C270,OPTSTK,11.7,16416000,11.7,11.8,4542900,14250,14250,BEL,270.0,CE,27-FEB-2025
2025-02-03 14:09:18.698972,BEL27FEB25C270,OPTSTK,11.7,16416000,11.7,11.8,4542900,14250,14250,BEL,270.0,CE,27-FEB-2025
2025-02-03 14:09:25.333088,BEL27FEB25C270,OPTSTK,11.7,16416000,11.7,11.8,4542900,14250,14250,BEL,270.0,CE,27-FEB-2025
2025-02-03 14:09:31.752539,BEL27FEB25C270,OPTSTK,11.7,16424550,11.75,11.8,4542900,2850,2850,BEL,270.0,CE,27-FEB-2025
2025-02-03 14:09:38.517468,BEL27FEB25C270,OPTSTK,11.8,16424550,11.75,11.8,4542900,2850,2850,BEL,270.0,CE,27-FEB-2025
2025-02-03 14:09:45.156672,BEL27FEB25C270,OPTSTK,11.8,16424550,11.75,11.8,4542900,2850,2850,BEL,270.0,CE,27-FEB-2025
2025-02-03 14:09:51.629705,BEL27FEB25C270,OPTSTK,11.7,16438800,11.7,11.75,4542900,31350,5700,BEL,270.0,CE,27-FEB-2025
2025-02-03 14:09:58.125498,BEL27FEB25C270,OPTSTK,11.7,16438800,11.7,11.75,4542900,31350,5700,BEL,270.0,CE,27-FEB-2025
2025-02-03 14:10:04.641849,BEL27FEB25C270,OPTSTK,11.65,16438800,11.7,11.75,4542900,31350,5700,BEL,270.0,CE,27-FEB-2025
2025-02-03 14:10:11.153677,BEL27FEB25C270,OPTSTK,11.7,16438800,11.7,11.75,4542900,31350,5700,BEL,270.0,CE,27-FEB-2025
2025-02-03 14:10:17.622594,BEL27FEB25C270,OPTSTK,11.7,16481550,11.65,11.75,4542900,2850,17100,BEL,270.0,CE,27-FEB-2025
2025-02-03 14:10:24.677624,BEL27FEB25C270,OPTSTK,11.7,16481550,11.65,11.75,4542900,2850,17100,BEL,270.0,CE,27-FEB-2025
2025-02-03 14:10:31.148643,BEL27FEB25C270,OPTSTK,11.7,16481550,11.65,11.75,4542900,2850,17100,BEL,270.0,CE,27-FEB-2025
2025-02-03 14:10:37.864150,BEL27FEB25C270,OPTSTK,11.7,16481550,11.6,11.7,4542900,11400,31350,BEL,270.0,CE,27-FEB-2025
2025-02-03 14:10:44.499000,BEL27FEB25C270,OPTSTK,11.6,16481550,11.6,11.7,4568550,11400,31350,BEL,270.0,CE,27-FEB-2025
2025-02-03 14:10:51.635782,BEL27FEB25C270,OPTSTK,11.6,16481550,11.6,11.7,4568550,11400,31350,BEL,270.0,CE,27-FEB-2025
2025-02-03 14:10:57.989788,BEL27FEB25C270,OPTSTK,11.55,16501500,11.5,11.6,4568550,14250,19950,BEL,270.0,CE,27-FEB-2025
2025-02-03 14:11:04.402633,BEL27FEB25C270,OPTSTK,11.55,16501500,11.5,11.6,4568550,14250,19950,BEL,270.0,CE,27-FEB-2025
2025-02-03 14:11:10.919183,BEL27FEB25C270,OPTSTK,11.5,16501500,11.5,11.6,4568550,14250,19950,BEL,270.0,CE,27-FEB-2025
2025-02-03 14:11:17.371689,BEL27FEB25C270,OPTSTK,11.5,16512900,11.5,11.6,4568550,2850,11400,BEL,270.0,CE,27-FEB-2025
2025-02-03 14:11:23.722326,BEL27FEB25C270,OPTSTK,11.5,16512900,11.5,11.6,4568550,2850,11400,BEL,270.0,CE,27-FEB-2025
2025-02-03 14:11:30.019813,BEL27FEB25C270,OPTSTK,11.5,16512900,11.5,11.6,4568550,2850,11400,BEL,270.0,CE,27-FEB-2025
2025-02-03 14:11:36.373864,BEL27FEB25C270,OPTSTK,11.4,16527150,11.45,11.5,4568550,2850,14250,BEL,270.0,CE,27-FEB-2025
2025-02-03 14:11:42.768173,BEL27FEB25C270,OPTSTK,11.4,16527150,11.45,11.5,4568550,2850,14250,BEL,270.0,CE,27-FEB-2025
2025-02-03 14:11:49.117140,BEL27FEB25C270,OPTSTK,11.45,16527150,11.45,11.5,4568550,2850,14250,BEL,270.0,CE,27-FEB-2025
2025-02-03 14:11:55.466249,BEL27FEB25C270,OPTSTK,11.45,16538550,11.45,11.55,4568550,17100,8550,BEL,270.0,CE,27-FEB-2025
2025-02-03 14:12:03.265323,BEL27FEB25C270,OPTSTK,11.45,16538550,11.45,11.55,4568550,17100,8550,BEL,270.0,CE,27-FEB-2025
2025-02-03 14:12:09.684076,BEL27FEB25C270,OPTSTK,11.45,16538550,11.45,11.55,4568550,17100,8550,BEL,270.0,CE,27-FEB-2025
2025-02-03 14:12:16.213480,BEL27FEB25C270,OPTSTK,11.65,16538550,11.45,11.55,4568550,17100,8550,BEL,270.0,CE,27-FEB-2025
2025-02-03 14:12:22.567464,BEL27FEB25C270,OPTSTK,11.65,16541400,11.5,11.6,4568550,5700,11400,BEL,270.0,CE,27-FEB-2025
2025-02-03 14:12:29.126965,BEL27FEB25C270,OPTSTK,11.6,16541400,11.5,11.6,4568550,5700,11400,BEL,270.0,CE,27-FEB-2025
2025-02-03 14:12:35.569249,BEL27FEB25C270,OPTSTK,11.6,16541400,11.5,11.6,4568550,5700,11400,BEL,270.0,CE,27-FEB-2025
2025-02-03 14:12:42.019830,BEL27FEB25C270,OPTSTK,11.6,16544250,11.5,11.6,4568550,22800,8550,BEL,270.0,CE,27-FEB-2025
2025-02-03 14:12:48.526007,BEL27FEB25C270,OPTSTK,11.6,16544250,11.5,11.6,4568550,22800,8550,BEL,270.0,CE,27-FEB-2025
2025-02-03 14:12:54.832102,BEL27FEB25C270,OPTSTK,11.6,16544250,11.5,11.6,4568550,22800,8550,BEL,270.0,CE,27-FEB-2025
2025-02-03 14:13:01.325843,BEL27FEB25C270,OPTSTK,11.6,16558500,11.5,11.65,4568550,28500,11400,BEL,270.0,CE,27-FEB-2025
2025-02-03 14:13:07.600670,BEL27FEB25C270,OPTSTK,11.6,16558500,11.5,11.65,4568550,28500,11400,BEL,270.0,CE,27-FEB-2025
2025-02-03 14:13:14.219278,BEL27FEB25C270,OPTSTK,11.6,16558500,11.5,11.65,4568550,28500,11400,BEL,270.0,CE,27-FEB-2025
2025-02-03 14:13:20.576908,BEL27FEB25C270,OPTSTK,11.45,16558500,11.5,11.65,4568550,28500,11400,BEL,270.0,CE,27-FEB-2025
2025-02-03 14:13:26.992615,BEL27FEB25C270,OPTSTK,11.45,16572750,11.45,11.55,4568550,14250,14250,BEL,270.0,CE,27-FEB-2025
2025-02-03 14:13:33.469710,BEL27FEB25C270,OPTSTK,11.45,16572750,11.45,11.55,4568550,14250,14250,BEL,270.0,CE,27-FEB-2025
2025-02-03 14:13:40.266719,BEL27FEB25C270,OPTSTK,11.45,16572750,11.45,11.55,4568550,14250,14250,BEL,270.0,CE,27-FEB-2025
2025-02-03 14:13:46.807203,BEL27FEB25C270,OPTSTK,11.45,16572750,11.45,11.55,4568550,5700,14250,BEL,270.0,CE,27-FEB-2025
2025-02-03 14:13:53.126898,BEL27FEB25C270,OPTSTK,11.45,16572750,11.45,11.55,4568550,5700,14250,BEL,270.0,CE,27-FEB-2025
2025-02-03 14:13:59.590493,BEL27FEB25C270,OPTSTK,11.45,16572750,11.45,11.55,4568550,5700,14250,BEL,270.0,CE,27-FEB-2025
2025-02-03 14:14:06.075387,BEL27FEB25C270,OPTSTK,11.45,16572750,11.45,11.55,4568550,2850,17100,BEL,270.0,CE,27-FEB-2025
2025-02-03 14:14:12.288538,BEL27FEB25C270,OPTSTK,11.45,16572750,11.45,11.55,4568550,2850,17100,BEL,270.0,CE,27-FEB-2025
2025-02-03 14:14:18.860145,BEL27FEB25C270,OPTSTK,11.45,16572750,11.45,11.55,4568550,2850,17100,BEL,270.0,CE,27-FEB-2025
2025-02-03 14:14:25.137973,BEL27FEB25C270,OPTSTK,11.45,16572750,11.45,11.55,4568550,2850,17100,BEL,270.0,CE,27-FEB-2025
2025-02-03 14:14:31.588721,BEL27FEB25C270,OPTSTK,11.45,16572750,11.45,11.55,4568550,2850,14250,BEL,270.0,CE,27-FEB-2025
2025-02-03 14:14:38.194900,BEL27FEB25C270,OPTSTK,11.55,16572750,11.45,11.55,4540050,2850,14250,BEL,270.0,CE,27-FEB-2025
2025-02-03 14:14:44.505210,BEL27FEB25C270,OPTSTK,11.55,16572750,11.45,11.55,4540050,2850,14250,BEL,270.0,CE,27-FEB-2025
2025-02-03 14:14:50.896037,BEL27FEB25C270,OPTSTK,11.55,16575600,11.5,11.6,4540050,8550,14250,BEL,270.0,CE,27-FEB-2025
2025-02-03 14:14:56.985916,BEL27FEB25C270,OPTSTK,11.55,16575600,11.5,11.6,4540050,8550,14250,BEL,270.0,CE,27-FEB-2025
2025-02-03 14:15:03.324313,BEL27FEB25C270,OPTSTK,11.55,16575600,11.5,11.6,4540050,8550,14250,BEL,270.0,CE,27-FEB-2025
2025-02-03 14:15:09.640180,BEL27FEB25C270,OPTSTK,11.55,16578450,11.45,11.6,4540050,25650,14250,BEL,270.0,CE,27-FEB-2025
2025-02-03 14:15:15.996442,BEL27FEB25C270,OPTSTK,11.65,16578450,11.45,11.6,4540050,25650,14250,BEL,270.0,CE,27-FEB-2025
2025-02-03 14:15:22.417709,BEL27FEB25C270,OPTSTK,11.9,16578450,11.45,11.6,4540050,25650,14250,BEL,270.0,CE,27-FEB-2025
2025-02-03 14:15:28.813679,BEL27FEB25C270,OPTSTK,11.9,16678200,11.9,11.95,4540050,11400,2850,BEL,270.0,CE,27-FEB-2025
2025-02-03 14:15:35.155085,BEL27FEB25C270,OPTSTK,11.95,16678200,11.9,11.95,4540050,11400,2850,BEL,270.0,CE,27-FEB-2025
2025-02-03 14:15:41.530617,BEL27FEB25C270,OPTSTK,11.9,16678200,11.9,11.95,4540050,11400,2850,BEL,270.0,CE,27-FEB-2025
2025-02-03 14:15:47.688534,BEL27FEB25C270,OPTSTK,11.95,16678200,11.9,11.95,4540050,11400,2850,BEL,270.0,CE,27-FEB-2025
2025-02-03 14:15:54.032739,BEL27FEB25C270,OPTSTK,11.85,16729500,11.85,11.95,4540050,17100,8550,BEL,270.0,CE,27-FEB-2025
2025-02-03 14:16:00.437682,BEL27FEB25C270,OPTSTK,11.95,16729500,11.85,11.95,4540050,17100,8550,BEL,270.0,CE,27-FEB-2025
2025-02-03 14:16:06.904254,BEL27FEB25C270,OPTSTK,11.95,16729500,11.85,11.95,4540050,17100,8550,BEL,270.0,CE,27-FEB-2025
2025-02-03 14:16:13.207514,BEL27FEB25C270,OPTSTK,11.9,16746600,11.9,12.0,4540050,2850,14250,BEL,270.0,CE,27-FEB-2025
2025-02-03 14:16:19.746838,BEL27FEB25C270,OPTSTK,11.8,16746600,11.9,12.0,4540050,2850,14250,BEL,270.0,CE,27-FEB-2025
2025-02-03 14:16:26.001939,BEL27FEB25C270,OPTSTK,11.9,16746600,11.9,12.0,4446000,2850,14250,BEL,270.0,CE,27-FEB-2025
2025-02-03 14:16:32.358741,BEL27FEB25C270,OPTSTK,11.9,16758000,11.8,11.9,4446000,5700,11400,BEL,270.0,CE,27-FEB-2025
2025-02-03 14:16:38.592847,BEL27FEB25C270,OPTSTK,11.9,16758000,11.8,11.9,4446000,5700,11400,BEL,270.0,CE,27-FEB-2025
2025-02-03 14:16:44.806251,BEL27FEB25C270,OPTSTK,11.9,16758000,11.8,11.9,4446000,5700,11400,BEL,270.0,CE,27-FEB-2025
2025-02-03 14:16:51.169441,BEL27FEB25C270,OPTSTK,11.9,16758000,11.8,11.9,4446000,5700,11400,BEL,270.0,CE,27-FEB-2025
2025-02-03 14:16:57.602023,BEL27FEB25C270,OPTSTK,11.9,16758000,11.8,11.9,4446000,5700,19950,BEL,270.0,CE,27-FEB-2025
2025-02-03 14:17:03.871422,BEL27FEB25C270,OPTSTK,11.9,16758000,11.8,11.9,4446000,5700,19950,BEL,270.0,CE,27-FEB-2025
2025-02-03 14:17:10.220158,BEL27FEB25C270,OPTSTK,11.75,16758000,11.8,11.9,4446000,5700,19950,BEL,270.0,CE,27-FEB-2025
2025-02-03 14:17:16.509502,BEL27FEB25C270,OPTSTK,11.8,16766550,11.8,11.85,4446000,5700,2850,BEL,270.0,CE,27-FEB-2025
2025-02-03 14:17:22.869598,BEL27FEB25C270,OPTSTK,11.8,16766550,11.8,11.85,4446000,5700,2850,BEL,270.0,CE,27-FEB-2025
2025-02-03 14:17:29.275655,BEL27FEB25C270,OPTSTK,11.8,16766550,11.8,11.85,4446000,5700,2850,BEL,270.0,CE,27-FEB-2025
2025-02-03 14:17:35.676871,BEL27FEB25C270,OPTSTK,11.85,16769400,11.8,11.9,4446000,14250,25650,BEL,270.0,CE,27-FEB-2025
2025-02-03 14:17:41.980320,BEL27FEB25C270,OPTSTK,11.85,16769400,11.8,11.9,4446000,14250,25650,BEL,270.0,CE,27-FEB-2025
2025-02-03 14:17:48.309903,BEL27FEB25C270,OPTSTK,11.8,16769400,11.8,11.9,4446000,14250,25650,BEL,270.0,CE,27-FEB-2025
2025-02-03 14:17:54.502291,BEL27FEB25C270,OPTSTK,11.9,16780800,11.8,11.9,4446000,19950,17100,BEL,270.0,CE,27-FEB-2025
2025-02-03 14:18:01.061538,BEL27FEB25C270,OPTSTK,11.9,16780800,11.8,11.9,4446000,19950,17100,BEL,270.0,CE,27-FEB-2025
2025-02-03 14:18:07.325681,BEL27FEB25C270,OPTSTK,11.9,16780800,11.8,11.9,4446000,19950,17100,BEL,270.0,CE,27-FEB-2025
2025-02-03 14:18:13.787494,BEL27FEB25C270,OPTSTK,11.9,16780800,11.8,11.9,4446000,19950,17100,BEL,270.0,CE,27-FEB-2025
2025-02-03 14:18:20.142414,BEL27FEB25C270,OPTSTK,11.9,16783650,11.8,11.9,4446000,14250,14250,BEL,270.0,CE,27-FEB-2025
2025-02-03 14:18:26.469226,BEL27FEB25C270,OPTSTK,11.9,16783650,11.8,11.9,4446000,14250,14250,BEL,270.0,CE,27-FEB-2025
2025-02-03 14:18:33.783145,BEL27FEB25C270,OPTSTK,11.8,16783650,11.8,11.9,4446000,14250,14250,BEL,270.0,CE,27-FEB-2025
2025-02-03 14:18:40.065458,BEL27FEB25C270,OPTSTK,11.8,16786500,11.75,11.85,4446000,8550,14250,BEL,270.0,CE,27-FEB-2025
2025-02-03 14:18:46.439507,BEL27FEB25C270,OPTSTK,11.75,16786500,11.75,11.85,4446000,8550,14250,BEL,270.0,CE,27-FEB-2025
2025-02-03 14:18:52.796273,BEL27FEB25C270,OPTSTK,11.75,16786500,11.75,11.85,4446000,8550,14250,BEL,270.0,CE,27-FEB-2025
2025-02-03 14:18:59.231526,BEL27FEB25C270,OPTSTK,11.75,16789350,11.7,11.8,4446000,22800,11400,BEL,270.0,CE,27-FEB-2025
2025-02-03 14:19:05.563743,BEL27FEB25C270,OPTSTK,11.75,16789350,11.7,11.8,4446000,22800,11400,BEL,270.0,CE,27-FEB-2025
2025-02-03 14:19:11.989450,BEL27FEB25C270,OPTSTK,11.75,16789350,11.7,11.8,4446000,22800,11400,BEL,270.0,CE,27-FEB-2025
2025-02-03 14:19:18.352322,BEL27FEB25C270,OPTSTK,11.7,16789350,11.65,11.75,4446000,17100,14250,BEL,270.0,CE,27-FEB-2025
2025-02-03 14:19:25.658066,BEL27FEB25C270,OPTSTK,11.75,16789350,11.65,11.75,4434600,17100,14250,BEL,270.0,CE,27-FEB-2025
2025-02-03 14:19:31.892220,BEL27FEB25C270,OPTSTK,11.75,16789350,11.65,11.75,4434600,17100,14250,BEL,270.0,CE,27-FEB-2025
2025-02-03 14:19:38.314280,BEL27FEB25C270,OPTSTK,11.75,16789350,11.65,11.75,4434600,17100,14250,BEL,270.0,CE,27-FEB-2025
2025-02-03 14:19:44.691968,BEL27FEB25C270,OPTSTK,11.8,16809300,11.8,11.85,4434600,5700,11400,BEL,270.0,CE,27-FEB-2025
2025-02-03 14:19:51.151722,BEL27FEB25C270,OPTSTK,11.75,16809300,11.8,11.85,4434600,5700,11400,BEL,270.0,CE,27-FEB-2025
2025-02-03 14:19:57.480237,BEL27FEB25C270,OPTSTK,11.75,16809300,11.8,11.85,4434600,5700,11400,BEL,270.0,CE,27-FEB-2025
2025-02-03 14:20:03.879594,BEL27FEB25C270,OPTSTK,11.75,16829250,11.7,11.8,4434600,19950,14250,BEL,270.0,CE,27-FEB-2025
2025-02-03 14:20:10.204055,BEL27FEB25C270,OPTSTK,11.75,16829250,11.7,11.8,4434600,19950,14250,BEL,270.0,CE,27-FEB-2025
2025-02-03 14:20:16.384545,BEL27FEB25C270,OPTSTK,11.75,16829250,11.7,11.8,4434600,19950,14250,BEL,270.0,CE,27-FEB-2025
2025-02-03 14:20:22.806691,BEL27FEB25C270,OPTSTK,11.75,16834950,11.7,11.8,4434600,14250,19950,BEL,270.0,CE,27-FEB-2025
2025-02-03 14:20:29.083621,BEL27FEB25C270,OPTSTK,11.75,16834950,11.7,11.8,4434600,14250,19950,BEL,270.0,CE,27-FEB-2025
2025-02-03 14:20:35.574750,BEL27FEB25C270,OPTSTK,11.75,16834950,11.7,11.8,4434600,14250,19950,BEL,270.0,CE,27-FEB-2025
2025-02-03 14:20:41.868349,BEL27FEB25C270,OPTSTK,11.7,16834950,11.7,11.8,4434600,14250,19950,BEL,270.0,CE,27-FEB-2025
2025-02-03 14:20:48.393508,BEL27FEB25C270,OPTSTK,11.7,16837800,11.7,11.75,4434600,2850,5700,BEL,270.0,CE,27-FEB-2025
2025-02-03 14:20:54.714149,BEL27FEB25C270,OPTSTK,11.7,16837800,11.7,11.75,4434600,2850,5700,BEL,270.0,CE,27-FEB-2025
2025-02-03 14:21:01.140392,BEL27FEB25C270,OPTSTK,11.7,16837800,11.7,11.75,4434600,2850,5700,BEL,270.0,CE,27-FEB-2025
2025-02-03 14:21:07.633405,BEL27FEB25C270,OPTSTK,11.7,16843500,11.65,11.7,4434600,2850,8550,BEL,270.0,CE,27-FEB-2025
2025-02-03 14:21:13.900833,BEL27FEB25C270,OPTSTK,11.7,16843500,11.65,11.7,4434600,2850,8550,BEL,270.0,CE,27-FEB-2025
2025-02-03 14:21:20.299601,BEL27FEB25C270,OPTSTK,11.7,16843500,11.65,11.7,4434600,2850,8550,BEL,270.0,CE,27-FEB-2025
2025-02-03 14:21:26.698536,BEL27FEB25C270,OPTSTK,11.65,16852050,11.6,11.7,4434600,19950,5700,BEL,270.0,CE,27-FEB-2025
2025-02-03 14:21:33.048741,BEL27FEB25C270,OPTSTK,11.65,16852050,11.6,11.7,4434600,19950,5700,BEL,270.0,CE,27-FEB-2025
2025-02-03 14:21:39.378277,BEL27FEB25C270,OPTSTK,11.65,16852050,11.6,11.7,4434600,19950,5700,BEL,270.0,CE,27-FEB-2025
2025-02-03 14:21:45.857745,BEL27FEB25C270,OPTSTK,11.65,16852050,11.6,11.7,4434600,25650,2850,BEL,270.0,CE,27-FEB-2025
2025-02-03 14:21:52.196113,BEL27FEB25C270,OPTSTK,11.65,16852050,11.6,11.7,4434600,25650,2850,BEL,270.0,CE,27-FEB-2025
2025-02-03 14:21:58.550929,BEL27FEB25C270,OPTSTK,11.65,16852050,11.6,11.7,4434600,25650,2850,BEL,270.0,CE,27-FEB-2025
2025-02-03 14:22:05.008635,BEL27FEB25C270,OPTSTK,11.65,16852050,11.6,11.7,4434600,25650,2850,BEL,270.0,CE,27-FEB-2025
2025-02-03 14:22:11.375002,BEL27FEB25C270,OPTSTK,11.75,16852050,11.65,11.75,4434600,11400,17100,BEL,270.0,CE,27-FEB-2025
2025-02-03 14:22:17.759895,BEL27FEB25C270,OPTSTK,11.75,16852050,11.65,11.75,4434600,11400,17100,BEL,270.0,CE,27-FEB-2025
2025-02-03 14:22:24.147150,BEL27FEB25C270,OPTSTK,11.75,16852050,11.65,11.75,4434600,11400,17100,BEL,270.0,CE,27-FEB-2025
2025-02-03 14:22:30.616036,BEL27FEB25C270,OPTSTK,11.75,16854900,11.8,11.9,4434600,2850,14250,BEL,270.0,CE,27-FEB-2025
2025-02-03 14:22:36.947860,BEL27FEB25C270,OPTSTK,11.9,16854900,11.8,11.9,4428900,2850,14250,BEL,270.0,CE,27-FEB-2025
2025-02-03 14:22:43.227248,BEL27FEB25C270,OPTSTK,11.9,16854900,11.8,11.9,4428900,2850,14250,BEL,270.0,CE,27-FEB-2025
2025-02-03 14:22:49.805927,BEL27FEB25C270,OPTSTK,11.75,16854900,11.8,11.9,4428900,2850,14250,BEL,270.0,CE,27-FEB-2025
2025-02-03 14:22:56.094716,BEL27FEB25C270,OPTSTK,11.75,16866300,11.7,11.8,4428900,22800,11400,BEL,270.0,CE,27-FEB-2025
2025-02-03 14:23:02.603249,BEL27FEB25C270,OPTSTK,11.75,16866300,11.7,11.8,4428900,22800,11400,BEL,270.0,CE,27-FEB-2025
2025-02-03 14:23:08.774480,BEL27FEB25C270,OPTSTK,11.75,16866300,11.7,11.8,4428900,22800,11400,BEL,270.0,CE,27-FEB-2025
2025-02-03 14:23:16.094885,BEL27FEB25C270,OPTSTK,11.75,16869150,11.7,11.8,4428900,8550,11400,BEL,270.0,CE,27-FEB-2025
2025-02-03 14:23:22.556367,BEL27FEB25C270,OPTSTK,11.75,16869150,11.7,11.8,4428900,8550,11400,BEL,270.0,CE,27-FEB-2025
2025-02-03 14:23:28.811035,BEL27FEB25C270,OPTSTK,11.75,16869150,11.7,11.8,4428900,8550,11400,BEL,270.0,CE,27-FEB-2025
2025-02-03 14:23:35.232020,BEL27FEB25C270,OPTSTK,11.7,16869150,11.65,11.75,4428900,14250,22800,BEL,270.0,CE,27-FEB-2025
2025-02-03 14:23:41.622494,BEL27FEB25C270,OPTSTK,11.7,16869150,11.65,11.75,4428900,14250,22800,BEL,270.0,CE,27-FEB-2025
2025-02-03 14:23:48.077381,BEL27FEB25C270,OPTSTK,11.8,16869150,11.65,11.75,4428900,14250,22800,BEL,270.0,CE,27-FEB-2025
2025-02-03 14:23:54.622635,BEL27FEB25C270,OPTSTK,11.8,16869150,11.65,11.75,4428900,14250,22800,BEL,270.0,CE,27-FEB-2025
2025-02-03 14:24:00.974274,BEL27FEB25C270,OPTSTK,11.8,16886250,11.85,11.95,4428900,5700,11400,BEL,270.0,CE,27-FEB-2025
2025-02-03 14:24:07.622365,BEL27FEB25C270,OPTSTK,11.95,16886250,11.85,11.95,4428900,5700,11400,BEL,270.0,CE,27-FEB-2025
2025-02-03 14:24:13.816090,BEL27FEB25C270,OPTSTK,11.9,16886250,11.85,11.95,4428900,5700,11400,BEL,270.0,CE,27-FEB-2025
2025-02-03 14:24:20.182534,BEL27FEB25C270,OPTSTK,11.9,16900500,11.9,11.95,4428900,2850,11400,BEL,270.0,CE,27-FEB-2025
2025-02-03 14:24:26.450151,BEL27FEB25C270,OPTSTK,11.9,16900500,11.9,11.95,4428900,2850,11400,BEL,270.0,CE,27-FEB-2025
2025-02-03 14:24:32.828461,BEL27FEB25C270,OPTSTK,11.9,16900500,11.9,11.95,4428900,2850,11400,BEL,270.0,CE,27-FEB-2025
2025-02-03 14:24:39.417156,BEL27FEB25C270,OPTSTK,11.9,16909050,11.85,11.95,4428900,5700,14250,BEL,270.0,CE,27-FEB-2025
2025-02-03 14:24:45.929552,BEL27FEB25C270,OPTSTK,11.9,16909050,11.85,11.95,4428900,5700,14250,BEL,270.0,CE,27-FEB-2025
2025-02-03 14:24:52.386829,BEL27FEB25C270,OPTSTK,11.9,16909050,11.85,11.95,4428900,5700,14250,BEL,270.0,CE,27-FEB-2025
2025-02-03 14:24:58.940481,BEL27FEB25C270,OPTSTK,11.9,16909050,11.9,12.0,4428900,8550,14250,BEL,270.0,CE,27-FEB-2025
2025-02-03 14:25:05.504098,BEL27FEB25C270,OPTSTK,12.1,16909050,11.9,12.0,4428900,8550,14250,BEL,270.0,CE,27-FEB-2025
2025-02-03 14:25:11.916349,BEL27FEB25C270,OPTSTK,12.1,16909050,11.9,12.0,4428900,8550,14250,BEL,270.0,CE,27-FEB-2025
2025-02-03 14:25:18.345099,BEL27FEB25C270,OPTSTK,11.95,16946100,11.9,12.05,4428900,39900,8550,BEL,270.0,CE,27-FEB-2025
2025-02-03 14:25:24.951414,BEL27FEB25C270,OPTSTK,11.95,16946100,11.9,12.05,4428900,39900,8550,BEL,270.0,CE,27-FEB-2025
2025-02-03 14:25:31.313438,BEL27FEB25C270,OPTSTK,12.05,16946100,11.9,12.05,4423200,39900,8550,BEL,270.0,CE,27-FEB-2025
2025-02-03 14:25:37.786398,BEL27FEB25C270,OPTSTK,12.05,16946100,11.9,12.05,4423200,39900,8550,BEL,270.0,CE,27-FEB-2025
2025-02-03 14:25:44.199325,BEL27FEB25C270,OPTSTK,12.05,16948950,11.95,12.05,4423200,17100,5700,BEL,270.0,CE,27-FEB-2025
2025-02-03 14:25:50.602499,BEL27FEB25C270,OPTSTK,12.1,16948950,11.95,12.05,4423200,17100,5700,BEL,270.0,CE,27-FEB-2025
2025-02-03 14:25:57.141453,BEL27FEB25C270,OPTSTK,12.1,16948950,11.95,12.05,4423200,17100,5700,BEL,270.0,CE,27-FEB-2025
2025-02-03 14:26:03.584667,BEL27FEB25C270,OPTSTK,12.1,16960350,12.0,12.1,4423200,8550,14250,BEL,270.0,CE,27-FEB-2025
2025-02-03 14:26:10.062924,BEL27FEB25C270,OPTSTK,11.9,16960350,12.0,12.1,4423200,8550,14250,BEL,270.0,CE,27-FEB-2025
2025-02-03 14:26:16.906081,BEL27FEB25C270,OPTSTK,11.9,16960350,12.0,12.1,4423200,8550,14250,BEL,270.0,CE,27-FEB-2025
2025-02-03 14:26:23.433560,BEL27FEB25C270,OPTSTK,11.9,16986000,11.9,11.95,4423200,5700,2850,BEL,270.0,CE,27-FEB-2025
2025-02-03 14:26:29.827862,BEL27FEB25C270,OPTSTK,12.0,16986000,11.9,11.95,4423200,5700,2850,BEL,270.0,CE,27-FEB-2025
2025-02-03 14:26:36.256269,BEL27FEB25C270,OPTSTK,12.0,16986000,11.9,11.95,4423200,5700,2850,BEL,270.0,CE,27-FEB-2025
2025-02-03 14:26:42.600440,BEL27FEB25C270,OPTSTK,12.0,16986000,11.9,11.95,4423200,5700,2850,BEL,270.0,CE,27-FEB-2025
2025-02-03 14:26:49.095965,BEL27FEB25C270,OPTSTK,12.0,16997400,11.95,12.05,4423200,2850,8550,BEL,270.0,CE,27-FEB-2025
2025-02-03 14:26:55.484364,BEL27FEB25C270,OPTSTK,12.0,16997400,11.95,12.05,4423200,2850,8550,BEL,270.0,CE,27-FEB-2025
2025-02-03 14:27:02.018597,BEL27FEB25C270,OPTSTK,12.0,16997400,11.95,12.05,4423200,2850,8550,BEL,270.0,CE,27-FEB-2025
2025-02-03 14:27:08.348090,BEL27FEB25C270,OPTSTK,12.0,17005950,11.95,12.05,4423200,8550,11400,BEL,270.0,CE,27-FEB-2025
2025-02-03 14:27:14.496367,BEL27FEB25C270,OPTSTK,12.0,17005950,11.95,12.05,4423200,8550,11400,BEL,270.0,CE,27-FEB-2025
2025-02-03 14:27:20.878685,BEL27FEB25C270,OPTSTK,12.0,17005950,11.95,12.05,4423200,8550,11400,BEL,270.0,CE,27-FEB-2025
2025-02-03 14:27:27.355096,BEL27FEB25C270,OPTSTK,11.95,17011650,11.95,12.0,4423200,5700,2850,BEL,270.0,CE,27-FEB-2025
2025-02-03 14:27:33.744027,BEL27FEB25C270,OPTSTK,11.95,17011650,11.95,12.0,4423200,5700,2850,BEL,270.0,CE,27-FEB-2025
2025-02-03 14:27:40.052049,BEL27FEB25C270,OPTSTK,11.95,17011650,11.95,12.0,4423200,5700,2850,BEL,270.0,CE,27-FEB-2025
2025-02-03 14:27:46.586521,BEL27FEB25C270,OPTSTK,11.9,17017350,11.8,11.95,4423200,17100,19950,BEL,270.0,CE,27-FEB-2025
2025-02-03 14:27:52.826674,BEL27FEB25C270,OPTSTK,11.9,17017350,11.8,11.95,4423200,17100,19950,BEL,270.0,CE,27-FEB-2025
2025-02-03 14:27:59.385108,BEL27FEB25C270,OPTSTK,11.9,17017350,11.8,11.95,4423200,17100,19950,BEL,270.0,CE,27-FEB-2025
2025-02-03 14:28:05.768410,BEL27FEB25C270,OPTSTK,11.7,17017350,11.8,11.95,4423200,17100,19950,BEL,270.0,CE,27-FEB-2025
2025-02-03 14:28:12.081580,BEL27FEB25C270,OPTSTK,11.9,17108550,11.8,11.9,4423200,11400,5700,BEL,270.0,CE,27-FEB-2025
2025-02-03 14:28:18.557691,BEL27FEB25C270,OPTSTK,11.95,17108550,11.8,11.9,4423200,11400,5700,BEL,270.0,CE,27-FEB-2025
2025-02-03 14:28:24.881432,BEL27FEB25C270,OPTSTK,11.95,17108550,11.8,11.9,4423200,11400,5700,BEL,270.0,CE,27-FEB-2025
2025-02-03 14:28:31.138095,BEL27FEB25C270,OPTSTK,11.95,17108550,11.8,11.9,4423200,11400,5700,BEL,270.0,CE,27-FEB-2025
2025-02-03 14:28:37.500301,BEL27FEB25C270,OPTSTK,11.95,17114250,11.9,12.0,4423200,2850,22800,BEL,270.0,CE,27-FEB-2025
2025-02-03 14:28:44.043855,BEL27FEB25C270,OPTSTK,11.95,17114250,11.9,12.0,4371900,2850,22800,BEL,270.0,CE,27-FEB-2025
2025-02-03 14:28:50.675123,BEL27FEB25C270,OPTSTK,11.95,17114250,11.9,12.0,4371900,2850,22800,BEL,270.0,CE,27-FEB-2025
2025-02-03 14:28:57.089634,BEL27FEB25C270,OPTSTK,11.95,17119950,11.85,11.95,4371900,17100,2850,BEL,270.0,CE,27-FEB-2025
2025-02-03 14:29:03.503793,BEL27FEB25C270,OPTSTK,11.95,17119950,11.85,11.95,4371900,17100,2850,BEL,270.0,CE,27-FEB-2025
2025-02-03 14:29:10.020105,BEL27FEB25C270,OPTSTK,11.95,17119950,11.85,11.95,4371900,17100,2850,BEL,270.0,CE,27-FEB-2025
2025-02-03 14:29:17.315774,BEL27FEB25C270,OPTSTK,11.95,17119950,11.9,11.95,4371900,2850,5700,BEL,270.0,CE,27-FEB-2025
2025-02-03 14:29:23.654459,BEL27FEB25C270,OPTSTK,11.9,17119950,11.9,11.95,4371900,2850,5700,BEL,270.0,CE,27-FEB-2025
2025-02-03 14:29:30.029858,BEL27FEB25C270,OPTSTK,11.9,17119950,11.9,11.95,4371900,2850,5700,BEL,270.0,CE,27-FEB-2025
2025-02-03 14:29:36.349883,BEL27FEB25C270,OPTSTK,11.9,17119950,11.9,11.95,4371900,2850,5700,BEL,270.0,CE,27-FEB-2025
2025-02-03 14:29:42.849842,BEL27FEB25C270,OPTSTK,11.9,17122800,11.7,11.8,4371900,11400,8550,BEL,270.0,CE,27-FEB-2025
2025-02-03 14:29:49.296531,BEL27FEB25C270,OPTSTK,11.9,17122800,11.7,11.8,4371900,11400,8550,BEL,270.0,CE,27-FEB-2025
2025-02-03 14:29:55.825036,BEL27FEB25C270,OPTSTK,11.9,17122800,11.7,11.8,4371900,11400,8550,BEL,270.0,CE,27-FEB-2025
2025-02-03 14:30:02.294428,BEL27FEB25C270,OPTSTK,11.9,17122800,11.75,11.8,4371900,5700,5700,BEL,270.0,CE,27-FEB-2025
2025-02-03 14:30:43.356458,BEL27FEB25C270,OPTSTK,11.45,17151300,11.45,11.55,4371900,25650,8550,BEL,270.0,CE,27-FEB-2025
2025-02-03 14:30:51.472723,BEL27FEB25C270,OPTSTK,11.45,17151300,11.45,11.55,4371900,25650,8550,BEL,270.0,CE,27-FEB-2025
2025-02-03 14:30:57.680651,BEL27FEB25C270,OPTSTK,11.45,17151300,11.45,11.55,4371900,25650,8550,BEL,270.0,CE,27-FEB-2025
2025-02-03 14:31:04.042521,BEL27FEB25C270,OPTSTK,11.45,17162700,11.4,11.5,4371900,19950,11400,BEL,270.0,CE,27-FEB-2025
2025-02-03 14:31:10.729649,BEL27FEB25C270,OPTSTK,11.45,17162700,11.4,11.5,4371900,19950,11400,BEL,270.0,CE,27-FEB-2025
2025-02-03 14:31:17.062359,BEL27FEB25C270,OPTSTK,11.45,17162700,11.4,11.5,4371900,19950,11400,BEL,270.0,CE,27-FEB-2025
2025-02-03 14:31:24.194290,BEL27FEB25C270,OPTSTK,11.45,17162700,11.4,11.5,4371900,19950,11400,BEL,270.0,CE,27-FEB-2025
2025-02-03 14:31:32.517022,BEL27FEB25C270,OPTSTK,11.45,17162700,11.4,11.5,4371900,31350,11400,BEL,270.0,CE,27-FEB-2025
2025-02-03 14:31:39.856788,BEL27FEB25C270,OPTSTK,11.45,17162700,11.4,11.5,4371900,31350,11400,BEL,270.0,CE,27-FEB-2025
2025-02-03 14:31:46.142360,BEL27FEB25C270,OPTSTK,11.45,17162700,11.4,11.5,4371900,31350,11400,BEL,270.0,CE,27-FEB-2025
2025-02-03 14:31:52.500672,BEL27FEB25C270,OPTSTK,11.45,17162700,11.45,11.5,4371900,2850,11400,BEL,270.0,CE,27-FEB-2025
2025-02-03 14:31:58.981509,BEL27FEB25C270,OPTSTK,11.45,17162700,11.45,11.5,4371900,2850,11400,BEL,270.0,CE,27-FEB-2025
2025-02-03 14:32:05.496655,BEL27FEB25C270,OPTSTK,11.45,17162700,11.45,11.5,4371900,2850,11400,BEL,270.0,CE,27-FEB-2025
2025-02-03 14:32:12.111592,BEL27FEB25C270,OPTSTK,11.45,17165550,11.4,11.5,4349100,19950,22800,BEL,270.0,CE,27-FEB-2025
2025-02-03 14:32:18.524116,BEL27FEB25C270,OPTSTK,11.4,17165550,11.4,11.5,4349100,19950,22800,BEL,270.0,CE,27-FEB-2025
2025-02-03 14:32:24.670198,BEL27FEB25C270,OPTSTK,11.4,17165550,11.4,11.5,4349100,19950,22800,BEL,270.0,CE,27-FEB-2025
2025-02-03 14:32:30.936089,BEL27FEB25C270,OPTSTK,11.4,17165550,11.4,11.5,4349100,19950,22800,BEL,270.0,CE,27-FEB-2025
2025-02-03 14:32:37.285313,BEL27FEB25C270,OPTSTK,11.4,17182650,11.4,11.45,4349100,28500,8550,BEL,270.0,CE,27-FEB-2025
2025-02-03 14:32:45.733894,BEL27FEB25C270,OPTSTK,11.4,17182650,11.4,11.45,4349100,28500,8550,BEL,270.0,CE,27-FEB-2025
2025-02-03 14:32:53.251613,BEL27FEB25C270,OPTSTK,11.45,17199750,11.4,11.5,4349100,37050,17100,BEL,270.0,CE,27-FEB-2025
2025-02-03 14:33:00.105556,BEL27FEB25C270,OPTSTK,11.45,17199750,11.4,11.5,4349100,37050,17100,BEL,270.0,CE,27-FEB-2025
2025-02-03 14:33:06.589139,BEL27FEB25C270,OPTSTK,11.45,17199750,11.4,11.5,4349100,37050,17100,BEL,270.0,CE,27-FEB-2025
2025-02-03 14:33:12.868657,BEL27FEB25C270,OPTSTK,11.75,17199750,11.4,11.5,4349100,37050,17100,BEL,270.0,CE,27-FEB-2025
2025-02-03 14:33:19.183295,BEL27FEB25C270,OPTSTK,11.75,17222550,11.65,11.75,4349100,11400,14250,BEL,270.0,CE,27-FEB-2025
2025-02-03 14:33:25.400251,BEL27FEB25C270,OPTSTK,11.75,17222550,11.65,11.75,4349100,11400,14250,BEL,270.0,CE,27-FEB-2025
2025-02-03 14:33:31.572594,BEL27FEB25C270,OPTSTK,11.6,17222550,11.65,11.75,4349100,11400,14250,BEL,270.0,CE,27-FEB-2025
2025-02-03 14:33:37.858926,BEL27FEB25C270,OPTSTK,11.7,17248200,11.65,11.75,4349100,14250,2850,BEL,270.0,CE,27-FEB-2025
2025-02-03 14:33:44.355900,BEL27FEB25C270,OPTSTK,11.7,17248200,11.65,11.75,4349100,14250,2850,BEL,270.0,CE,27-FEB-2025
2025-02-03 14:33:50.615599,BEL27FEB25C270,OPTSTK,11.7,17248200,11.65,11.75,4349100,14250,2850,BEL,270.0,CE,27-FEB-2025
2025-02-03 14:35:44.950271,BEL27FEB25C270,OPTSTK,11.85,17296650,11.8,11.95,4354800,19950,17100,BEL,270.0,CE,27-FEB-2025
2025-02-03 14:35:51.344482,BEL27FEB25C270,OPTSTK,11.85,17296650,11.85,11.95,4354800,19950,8550,BEL,270.0,CE,27-FEB-2025
2025-02-03 14:35:57.486583,BEL27FEB25C270,OPTSTK,11.85,17296650,11.85,11.95,4354800,19950,8550,BEL,270.0,CE,27-FEB-2025
2025-02-03 14:36:03.689463,BEL27FEB25C270,OPTSTK,11.85,17296650,11.85,11.95,4354800,19950,8550,BEL,270.0,CE,27-FEB-2025
2025-02-03 14:36:09.913375,BEL27FEB25C270,OPTSTK,11.85,17296650,11.85,11.95,4354800,19950,8550,BEL,270.0,CE,27-FEB-2025
2025-02-03 14:36:16.317857,BEL27FEB25C270,OPTSTK,11.85,17296650,11.85,11.95,4354800,19950,8550,BEL,270.0,CE,27-FEB-2025
2025-02-03 14:36:22.586297,BEL27FEB25C270,OPTSTK,11.9,17296650,11.85,11.95,4354800,19950,8550,BEL,270.0,CE,27-FEB-2025
2025-02-03 14:36:30.031925,BEL27FEB25C270,OPTSTK,11.9,17296650,11.85,11.95,4354800,19950,8550,BEL,270.0,CE,27-FEB-2025
2025-02-03 14:36:38.344827,BEL27FEB25C270,OPTSTK,11.9,17302350,11.85,11.95,4354800,19950,5700,BEL,270.0,CE,27-FEB-2025
2025-02-03 14:36:45.591613,BEL27FEB25C270,OPTSTK,11.95,17302350,11.85,11.95,4354800,19950,5700,BEL,270.0,CE,27-FEB-2025
2025-02-03 14:36:51.956318,BEL27FEB25C270,OPTSTK,11.95,17302350,11.85,11.95,4354800,19950,5700,BEL,270.0,CE,27-FEB-2025
2025-02-03 14:36:58.458265,BEL27FEB25C270,OPTSTK,11.95,17319450,11.9,12.0,4354800,8550,34200,BEL,270.0,CE,27-FEB-2025
2025-02-03 14:37:04.728030,BEL27FEB25C270,OPTSTK,11.95,17319450,11.9,12.0,4354800,8550,34200,BEL,270.0,CE,27-FEB-2025
2025-02-03 14:37:11.300510,BEL27FEB25C270,OPTSTK,12.05,17319450,11.9,12.0,4354800,8550,34200,BEL,270.0,CE,27-FEB-2025
2025-02-03 14:37:17.809266,BEL27FEB25C270,OPTSTK,12.15,17319450,11.9,12.0,4354800,8550,34200,BEL,270.0,CE,27-FEB-2025
2025-02-03 14:37:24.099264,BEL27FEB25C270,OPTSTK,12.1,17350800,12.1,12.2,4354800,17100,8550,BEL,270.0,CE,27-FEB-2025
2025-02-03 14:37:30.659246,BEL27FEB25C270,OPTSTK,12.1,17350800,12.1,12.2,4294950,17100,8550,BEL,270.0,CE,27-FEB-2025
2025-02-03 14:37:36.914695,BEL27FEB25C270,OPTSTK,12.1,17350800,12.1,12.2,4294950,17100,8550,BEL,270.0,CE,27-FEB-2025
2025-02-03 14:37:42.999197,BEL27FEB25C270,OPTSTK,12.1,17365050,12.0,12.1,4294950,11400,17100,BEL,270.0,CE,27-FEB-2025
2025-02-03 14:37:52.064526,BEL27FEB25C270,OPTSTK,11.95,17365050,12.0,12.1,4294950,11400,17100,BEL,270.0,CE,27-FEB-2025
2025-02-03 14:37:59.585656,BEL27FEB25C270,OPTSTK,11.95,17365050,12.0,12.1,4294950,11400,17100,BEL,270.0,CE,27-FEB-2025
2025-02-03 14:38:06.071169,BEL27FEB25C270,OPTSTK,11.8,17396400,11.85,11.95,4294950,2850,17100,BEL,270.0,CE,27-FEB-2025
2025-02-03 14:38:12.576216,BEL27FEB25C270,OPTSTK,11.8,17396400,11.85,11.95,4294950,2850,17100,BEL,270.0,CE,27-FEB-2025
