timestamp,symbol,instrument,ltp,volume,bid,ask,oi,bid_qty,ask_qty,stock_name,strike,option_type,expiry
2025-02-03 09:30:10.689412,BEL27FEB25P270,OPTSTK,10.7,2411100,10.25,10.35,5172750,17100,2850,BEL,270.0,PE,27-FEB-2025
2025-02-03 09:32:39.120760,BEL27FEB25P270,OPTSTK,11.2,3220500,11.25,11.35,5104350,2850,25650,BEL,270.0,PE,27-FEB-2025
2025-02-03 09:32:46.760634,BEL27FEB25P270,OPTSTK,11.3,3260400,11.25,11.4,5104350,14250,31350,BEL,270.0,PE,27-FEB-2025
2025-02-03 09:33:00.834562,BEL27FEB25P270,OPTSTK,11.65,3260400,11.25,11.4,5104350,14250,31350,BEL,270.0,PE,27-FEB-2025
2025-02-03 09:33:12.064897,BEL27FEB25P270,OPTSTK,11.7,3374400,11.55,11.65,5104350,2850,11400,BEL,270.0,PE,27-FEB-2025
2025-02-03 09:33:26.671944,BEL27FEB25P270,OPTSTK,11.7,3374400,11.55,11.65,5104350,2850,11400,BEL,270.0,PE,27-FEB-2025
2025-02-03 09:33:34.629581,BEL27FEB25P270,OPTSTK,11.8,3457050,11.8,11.9,5104350,14250,8550,BEL,270.0,PE,27-FEB-2025
2025-02-03 09:33:42.235199,BEL27FEB25P270,OPTSTK,11.8,3457050,11.8,11.9,5058750,14250,8550,BEL,270.0,PE,27-FEB-2025
2025-02-03 09:33:50.053170,BEL27FEB25P270,OPTSTK,12.0,3457050,11.8,11.9,5058750,14250,8550,BEL,270.0,PE,27-FEB-2025
2025-02-03 09:33:58.410243,BEL27FEB25P270,OPTSTK,12.2,3551100,12.15,12.3,5058750,22800,17100,BEL,270.0,PE,27-FEB-2025
2025-02-03 09:34:10.165932,BEL27FEB25P270,OPTSTK,12.2,3551100,12.15,12.3,5058750,22800,17100,BEL,270.0,PE,27-FEB-2025
2025-02-03 09:34:23.396900,BEL27FEB25P270,OPTSTK,11.9,3648000,11.8,11.9,5058750,14250,8550,BEL,270.0,PE,27-FEB-2025
2025-02-03 09:34:31.376002,BEL27FEB25P270,OPTSTK,11.8,3648000,11.8,11.9,5058750,14250,8550,BEL,270.0,PE,27-FEB-2025
2025-02-03 09:34:39.313070,BEL27FEB25P270,OPTSTK,11.85,3648000,11.8,11.9,5058750,14250,8550,BEL,270.0,PE,27-FEB-2025
2025-02-03 09:34:46.643980,BEL27FEB25P270,OPTSTK,12.0,3702150,11.85,11.95,5058750,2850,14250,BEL,270.0,PE,27-FEB-2025
2025-02-03 09:34:56.761241,BEL27FEB25P270,OPTSTK,11.95,3702150,11.85,11.95,5058750,2850,14250,BEL,270.0,PE,27-FEB-2025
2025-02-03 09:35:14.317654,BEL27FEB25P270,OPTSTK,12.0,3756300,11.9,12.0,5058750,11400,5700,BEL,270.0,PE,27-FEB-2025
2025-02-03 09:35:33.040461,BEL27FEB25P270,OPTSTK,12.2,3796200,12.05,12.2,5058750,14250,17100,BEL,270.0,PE,27-FEB-2025
2025-02-03 09:35:45.178057,BEL27FEB25P270,OPTSTK,12.15,3796200,12.05,12.2,5058750,14250,17100,BEL,270.0,PE,27-FEB-2025
2025-02-03 09:35:56.601437,BEL27FEB25P270,OPTSTK,11.85,3870300,11.85,12.0,5058750,48450,5700,BEL,270.0,PE,27-FEB-2025
2025-02-03 09:36:04.828673,BEL27FEB25P270,OPTSTK,11.85,3870300,11.85,12.0,5058750,48450,5700,BEL,270.0,PE,27-FEB-2025
2025-02-03 09:36:12.911593,BEL27FEB25P270,OPTSTK,12.0,3870300,11.85,12.0,5058750,48450,5700,BEL,270.0,PE,27-FEB-2025
2025-02-03 09:36:21.623829,BEL27FEB25P270,OPTSTK,12.05,3907350,11.95,12.1,5058750,17100,19950,BEL,270.0,PE,27-FEB-2025
2025-02-03 09:36:29.355470,BEL27FEB25P270,OPTSTK,12.1,3907350,11.95,12.1,5058750,17100,19950,BEL,270.0,PE,27-FEB-2025
2025-02-03 09:36:39.787252,BEL27FEB25P270,OPTSTK,12.3,3950100,12.2,12.3,5013150,8550,8550,BEL,270.0,PE,27-FEB-2025
2025-02-03 09:36:52.072659,BEL27FEB25P270,OPTSTK,12.25,3950100,12.2,12.3,5013150,8550,8550,BEL,270.0,PE,27-FEB-2025
2025-02-03 09:37:00.878188,BEL27FEB25P270,OPTSTK,12.3,3950100,12.2,12.3,5013150,8550,8550,BEL,270.0,PE,27-FEB-2025
2025-02-03 09:37:09.855335,BEL27FEB25P270,OPTSTK,12.3,4038450,12.3,12.45,5013150,17100,17100,BEL,270.0,PE,27-FEB-2025
2025-02-03 09:37:17.208727,BEL27FEB25P270,OPTSTK,12.3,4038450,12.3,12.45,5013150,17100,17100,BEL,270.0,PE,27-FEB-2025
2025-02-03 09:37:25.181401,BEL27FEB25P270,OPTSTK,12.3,4038450,12.3,12.45,5013150,17100,17100,BEL,270.0,PE,27-FEB-2025
2025-02-03 09:37:32.996811,BEL27FEB25P270,OPTSTK,12.5,4066950,12.35,12.5,5013150,34200,34200,BEL,270.0,PE,27-FEB-2025
2025-02-03 09:37:42.014472,BEL27FEB25P270,OPTSTK,12.65,4066950,12.35,12.5,5013150,34200,34200,BEL,270.0,PE,27-FEB-2025
2025-02-03 09:37:51.325264,BEL27FEB25P270,OPTSTK,12.5,4104000,12.5,12.6,5013150,17100,2850,BEL,270.0,PE,27-FEB-2025
2025-02-03 09:38:02.250337,BEL27FEB25P270,OPTSTK,12.6,4104000,12.5,12.6,5013150,17100,2850,BEL,270.0,PE,27-FEB-2025
2025-02-03 09:38:12.645619,BEL27FEB25P270,OPTSTK,12.5,4104000,12.5,12.6,5013150,17100,2850,BEL,270.0,PE,27-FEB-2025
2025-02-03 09:38:22.172938,BEL27FEB25P270,OPTSTK,12.5,4138200,12.5,12.65,5013150,14250,28500,BEL,270.0,PE,27-FEB-2025
2025-02-03 09:38:29.941115,BEL27FEB25P270,OPTSTK,12.6,4138200,12.5,12.65,5013150,14250,28500,BEL,270.0,PE,27-FEB-2025
2025-02-03 09:38:37.493118,BEL27FEB25P270,OPTSTK,12.5,4232250,12.5,12.65,5013150,14250,19950,BEL,270.0,PE,27-FEB-2025
2025-02-03 09:38:47.569722,BEL27FEB25P270,OPTSTK,12.5,4232250,12.5,12.65,5013150,14250,19950,BEL,270.0,PE,27-FEB-2025
2025-02-03 09:38:58.633076,BEL27FEB25P270,OPTSTK,12.6,4232250,12.5,12.65,5013150,14250,19950,BEL,270.0,PE,27-FEB-2025
2025-02-03 09:39:06.989042,BEL27FEB25P270,OPTSTK,12.8,4306350,12.65,12.8,5013150,17100,22800,BEL,270.0,PE,27-FEB-2025
2025-02-03 09:39:18.459920,BEL27FEB25P270,OPTSTK,12.85,4306350,12.65,12.8,5013150,17100,22800,BEL,270.0,PE,27-FEB-2025
2025-02-03 09:39:31.526679,BEL27FEB25P270,OPTSTK,12.85,4323450,12.7,12.8,5013150,17100,8550,BEL,270.0,PE,27-FEB-2025
2025-02-03 09:39:39.878063,BEL27FEB25P270,OPTSTK,12.85,4323450,12.7,12.8,4993200,17100,8550,BEL,270.0,PE,27-FEB-2025
2025-02-03 09:39:47.946752,BEL27FEB25P270,OPTSTK,12.95,4323450,12.7,12.8,4993200,17100,8550,BEL,270.0,PE,27-FEB-2025
2025-02-03 09:39:55.618354,BEL27FEB25P270,OPTSTK,13.0,4351950,12.95,13.1,4993200,11400,22800,BEL,270.0,PE,27-FEB-2025
2025-02-03 09:40:05.079589,BEL27FEB25P270,OPTSTK,12.9,4351950,12.95,13.1,4993200,11400,22800,BEL,270.0,PE,27-FEB-2025
2025-02-03 09:40:16.134412,BEL27FEB25P270,OPTSTK,12.7,4386150,12.65,12.75,4993200,19950,14250,BEL,270.0,PE,27-FEB-2025
2025-02-03 09:40:26.429727,BEL27FEB25P270,OPTSTK,12.75,4386150,12.65,12.75,4993200,19950,14250,BEL,270.0,PE,27-FEB-2025
2025-02-03 09:40:38.530415,BEL27FEB25P270,OPTSTK,12.6,4443150,12.65,12.75,4993200,14250,11400,BEL,270.0,PE,27-FEB-2025
2025-02-03 09:40:51.853249,BEL27FEB25P270,OPTSTK,12.45,4443150,12.65,12.75,4993200,14250,11400,BEL,270.0,PE,27-FEB-2025
2025-02-03 09:40:59.307112,BEL27FEB25P270,OPTSTK,12.5,4443150,12.65,12.75,4993200,14250,11400,BEL,270.0,PE,27-FEB-2025
2025-02-03 09:41:07.024663,BEL27FEB25P270,OPTSTK,12.55,4514400,12.4,12.55,4993200,19950,19950,BEL,270.0,PE,27-FEB-2025
2025-02-03 09:41:14.659876,BEL27FEB25P270,OPTSTK,12.75,4514400,12.4,12.55,4993200,19950,19950,BEL,270.0,PE,27-FEB-2025
2025-02-03 09:41:23.392542,BEL27FEB25P270,OPTSTK,12.9,4554300,12.85,12.95,4993200,5700,8550,BEL,270.0,PE,27-FEB-2025
2025-02-03 09:41:32.483069,BEL27FEB25P270,OPTSTK,12.9,4554300,12.85,12.95,4993200,5700,8550,BEL,270.0,PE,27-FEB-2025
2025-02-03 09:41:40.981771,BEL27FEB25P270,OPTSTK,13.1,4577100,13.05,13.15,4993200,8550,11400,BEL,270.0,PE,27-FEB-2025
2025-02-03 09:41:54.826687,BEL27FEB25P270,OPTSTK,12.85,4577100,13.05,13.15,4993200,8550,11400,BEL,270.0,PE,27-FEB-2025
2025-02-03 09:42:05.270707,BEL27FEB25P270,OPTSTK,12.8,4577100,13.05,13.15,4993200,8550,11400,BEL,270.0,PE,27-FEB-2025
2025-02-03 09:42:13.281372,BEL27FEB25P270,OPTSTK,13.15,4634100,12.9,13.05,4993200,31350,14250,BEL,270.0,PE,27-FEB-2025
2025-02-03 09:42:21.534509,BEL27FEB25P270,OPTSTK,13.15,4634100,12.9,13.05,4993200,31350,14250,BEL,270.0,PE,27-FEB-2025
2025-02-03 09:42:29.548700,BEL27FEB25P270,OPTSTK,12.9,4634100,12.9,13.05,4993200,31350,14250,BEL,270.0,PE,27-FEB-2025
2025-02-03 09:42:37.477223,BEL27FEB25P270,OPTSTK,12.8,4708200,12.75,12.85,4993200,5700,11400,BEL,270.0,PE,27-FEB-2025
2025-02-03 09:42:45.118858,BEL27FEB25P270,OPTSTK,12.9,4708200,12.75,12.85,4964700,5700,11400,BEL,270.0,PE,27-FEB-2025
2025-02-03 09:42:52.974070,BEL27FEB25P270,OPTSTK,12.8,4708200,12.75,12.85,4964700,5700,11400,BEL,270.0,PE,27-FEB-2025
2025-02-03 09:43:00.956799,BEL27FEB25P270,OPTSTK,13.0,4765200,12.95,13.0,4964700,2850,5700,BEL,270.0,PE,27-FEB-2025
2025-02-03 09:43:11.158152,BEL27FEB25P270,OPTSTK,13.05,4765200,12.95,13.0,4964700,2850,5700,BEL,270.0,PE,27-FEB-2025
2025-02-03 09:43:21.510577,BEL27FEB25P270,OPTSTK,13.05,4765200,12.95,13.0,4964700,2850,5700,BEL,270.0,PE,27-FEB-2025
2025-02-03 09:43:29.114381,BEL27FEB25P270,OPTSTK,12.8,4802250,12.95,13.05,4964700,5700,8550,BEL,270.0,PE,27-FEB-2025
2025-02-03 09:43:36.758396,BEL27FEB25P270,OPTSTK,12.8,4802250,12.95,13.05,4964700,5700,8550,BEL,270.0,PE,27-FEB-2025
2025-02-03 09:43:44.330789,BEL27FEB25P270,OPTSTK,12.85,4802250,12.95,13.05,4964700,5700,8550,BEL,270.0,PE,27-FEB-2025
2025-02-03 09:43:53.246563,BEL27FEB25P270,OPTSTK,13.05,4842150,12.9,13.0,4964700,17100,8550,BEL,270.0,PE,27-FEB-2025
2025-02-03 09:44:01.282252,BEL27FEB25P270,OPTSTK,13.35,4842150,12.9,13.0,4964700,17100,8550,BEL,270.0,PE,27-FEB-2025
2025-02-03 09:44:09.119166,BEL27FEB25P270,OPTSTK,12.95,4930500,12.95,13.05,4964700,17100,2850,BEL,270.0,PE,27-FEB-2025
2025-02-03 09:44:18.035700,BEL27FEB25P270,OPTSTK,12.95,4930500,12.95,13.05,4964700,17100,2850,BEL,270.0,PE,27-FEB-2025
2025-02-03 09:44:28.483363,BEL27FEB25P270,OPTSTK,13.0,4930500,12.95,13.05,4964700,17100,2850,BEL,270.0,PE,27-FEB-2025
2025-02-03 09:44:37.433738,BEL27FEB25P270,OPTSTK,13.05,5013150,13.05,13.15,4964700,11400,17100,BEL,270.0,PE,27-FEB-2025
2025-02-03 09:44:44.964017,BEL27FEB25P270,OPTSTK,13.25,5013150,13.05,13.15,4964700,11400,17100,BEL,270.0,PE,27-FEB-2025
2025-02-03 09:44:52.759906,BEL27FEB25P270,OPTSTK,13.35,5013150,13.05,13.15,4964700,11400,17100,BEL,270.0,PE,27-FEB-2025
2025-02-03 09:45:01.051553,BEL27FEB25P270,OPTSTK,13.45,5044500,13.3,13.45,4964700,22800,25650,BEL,270.0,PE,27-FEB-2025
2025-02-03 09:45:08.668992,BEL27FEB25P270,OPTSTK,13.5,5044500,13.3,13.45,4964700,22800,25650,BEL,270.0,PE,27-FEB-2025
2025-02-03 09:45:17.318050,BEL27FEB25P270,OPTSTK,13.7,5098650,13.55,13.65,4964700,34200,2850,BEL,270.0,PE,27-FEB-2025
2025-02-03 09:45:33.114124,BEL27FEB25P270,OPTSTK,13.6,5098650,13.55,13.65,4964700,34200,2850,BEL,270.0,PE,27-FEB-2025
2025-02-03 09:45:44.293212,BEL27FEB25P270,OPTSTK,13.45,5135700,13.5,13.6,4976100,11400,8550,BEL,270.0,PE,27-FEB-2025
2025-02-03 09:45:54.253925,BEL27FEB25P270,OPTSTK,13.55,5135700,13.5,13.6,4976100,11400,8550,BEL,270.0,PE,27-FEB-2025
2025-02-03 09:46:01.886978,BEL27FEB25P270,OPTSTK,13.4,5135700,13.5,13.6,4976100,11400,8550,BEL,270.0,PE,27-FEB-2025
2025-02-03 09:46:10.034317,BEL27FEB25P270,OPTSTK,13.5,5164200,13.5,13.6,4976100,2850,17100,BEL,270.0,PE,27-FEB-2025
2025-02-03 09:46:17.885821,BEL27FEB25P270,OPTSTK,13.4,5164200,13.5,13.6,4976100,2850,17100,BEL,270.0,PE,27-FEB-2025
2025-02-03 09:46:25.671319,BEL27FEB25P270,OPTSTK,13.25,5164200,13.5,13.6,4976100,2850,17100,BEL,270.0,PE,27-FEB-2025
2025-02-03 09:46:33.281602,BEL27FEB25P270,OPTSTK,12.9,5212650,12.85,13.0,4976100,34200,8550,BEL,270.0,PE,27-FEB-2025
2025-02-03 09:46:41.117015,BEL27FEB25P270,OPTSTK,12.9,5212650,12.85,13.0,4976100,34200,8550,BEL,270.0,PE,27-FEB-2025
2025-02-03 09:46:51.075093,BEL27FEB25P270,OPTSTK,12.95,5212650,12.85,13.0,4976100,34200,8550,BEL,270.0,PE,27-FEB-2025
2025-02-03 09:47:01.033969,BEL27FEB25P270,OPTSTK,13.0,5252550,12.95,13.1,4976100,17100,11400,BEL,270.0,PE,27-FEB-2025
2025-02-03 09:47:09.960535,BEL27FEB25P270,OPTSTK,12.95,5252550,12.95,13.1,4976100,17100,11400,BEL,270.0,PE,27-FEB-2025
2025-02-03 09:47:18.659236,BEL27FEB25P270,OPTSTK,13.0,5283900,12.8,12.95,4976100,25650,14250,BEL,270.0,PE,27-FEB-2025
2025-02-03 09:47:32.975539,BEL27FEB25P270,OPTSTK,12.8,5349450,12.7,12.8,4976100,2850,11400,BEL,270.0,PE,27-FEB-2025
2025-02-03 09:47:57.338434,BEL27FEB25P270,OPTSTK,12.85,5349450,12.7,12.8,4976100,2850,11400,BEL,270.0,PE,27-FEB-2025
2025-02-03 09:48:05.272277,BEL27FEB25P270,OPTSTK,13.05,5375100,13.0,13.1,4976100,5700,8550,BEL,270.0,PE,27-FEB-2025
2025-02-03 09:48:18.069051,BEL27FEB25P270,OPTSTK,13.0,5375100,13.0,13.1,4976100,5700,8550,BEL,270.0,PE,27-FEB-2025
2025-02-03 09:48:27.912384,BEL27FEB25P270,OPTSTK,12.8,5375100,13.0,13.1,4976100,5700,8550,BEL,270.0,PE,27-FEB-2025
2025-02-03 09:48:36.879135,BEL27FEB25P270,OPTSTK,12.8,5403600,12.75,12.85,4976100,2850,14250,BEL,270.0,PE,27-FEB-2025
2025-02-03 09:48:44.834860,BEL27FEB25P270,OPTSTK,13.0,5403600,12.75,12.85,4981800,2850,14250,BEL,270.0,PE,27-FEB-2025
2025-02-03 09:48:55.163970,BEL27FEB25P270,OPTSTK,13.05,5423550,12.9,13.05,4981800,19950,11400,BEL,270.0,PE,27-FEB-2025
2025-02-03 09:49:03.671670,BEL27FEB25P270,OPTSTK,13.15,5423550,12.9,13.05,4981800,19950,11400,BEL,270.0,PE,27-FEB-2025
2025-02-03 09:49:13.547883,BEL27FEB25P270,OPTSTK,13.5,5423550,12.9,13.05,4981800,19950,11400,BEL,270.0,PE,27-FEB-2025
2025-02-03 09:49:24.816599,BEL27FEB25P270,OPTSTK,13.65,5437800,13.45,13.55,4981800,5700,11400,BEL,270.0,PE,27-FEB-2025
2025-02-03 09:49:37.241798,BEL27FEB25P270,OPTSTK,14.05,5437800,13.45,13.55,4981800,5700,11400,BEL,270.0,PE,27-FEB-2025
2025-02-03 09:49:46.399856,BEL27FEB25P270,OPTSTK,14.05,5506200,14.1,14.2,4981800,2850,11400,BEL,270.0,PE,27-FEB-2025
2025-02-03 09:49:56.925244,BEL27FEB25P270,OPTSTK,14.1,5506200,14.1,14.2,4981800,2850,11400,BEL,270.0,PE,27-FEB-2025
2025-02-03 09:50:06.125391,BEL27FEB25P270,OPTSTK,13.95,5543250,14.0,14.1,4981800,2850,14250,BEL,270.0,PE,27-FEB-2025
2025-02-03 09:50:14.924231,BEL27FEB25P270,OPTSTK,13.85,5543250,14.0,14.1,4981800,2850,14250,BEL,270.0,PE,27-FEB-2025
2025-02-03 09:50:24.509311,BEL27FEB25P270,OPTSTK,13.5,5543250,14.0,14.1,4981800,2850,14250,BEL,270.0,PE,27-FEB-2025
2025-02-03 09:50:33.725145,BEL27FEB25P270,OPTSTK,13.4,5571750,13.35,13.5,4981800,19950,5700,BEL,270.0,PE,27-FEB-2025
2025-02-03 09:50:44.188338,BEL27FEB25P270,OPTSTK,13.45,5571750,13.35,13.5,4981800,19950,5700,BEL,270.0,PE,27-FEB-2025
2025-02-03 09:50:56.242089,BEL27FEB25P270,OPTSTK,13.2,5600250,13.15,13.25,4981800,8550,2850,BEL,270.0,PE,27-FEB-2025
2025-02-03 09:51:04.671442,BEL27FEB25P270,OPTSTK,13.4,5600250,13.15,13.25,4981800,8550,2850,BEL,270.0,PE,27-FEB-2025
2025-02-03 09:51:12.734135,BEL27FEB25P270,OPTSTK,13.35,5600250,13.15,13.25,4981800,8550,2850,BEL,270.0,PE,27-FEB-2025
2025-02-03 09:51:21.234346,BEL27FEB25P270,OPTSTK,13.35,5625900,13.45,13.55,4981800,2850,2850,BEL,270.0,PE,27-FEB-2025
2025-02-03 09:51:29.355227,BEL27FEB25P270,OPTSTK,13.35,5625900,13.45,13.55,4981800,2850,2850,BEL,270.0,PE,27-FEB-2025
2025-02-03 09:51:37.625862,BEL27FEB25P270,OPTSTK,13.55,5625900,13.45,13.55,4981800,2850,2850,BEL,270.0,PE,27-FEB-2025
2025-02-03 09:51:46.332801,BEL27FEB25P270,OPTSTK,13.55,5640150,13.25,13.35,4981800,2850,2850,BEL,270.0,PE,27-FEB-2025
2025-02-03 09:51:54.179862,BEL27FEB25P270,OPTSTK,13.55,5640150,13.25,13.35,4947600,2850,2850,BEL,270.0,PE,27-FEB-2025
2025-02-03 09:52:06.612731,BEL27FEB25P270,OPTSTK,13.55,5643000,13.2,13.35,4947600,22800,19950,BEL,270.0,PE,27-FEB-2025
2025-02-03 09:52:17.172763,BEL27FEB25P270,OPTSTK,13.2,5643000,13.2,13.35,4947600,22800,19950,BEL,270.0,PE,27-FEB-2025
2025-02-03 09:52:27.246177,BEL27FEB25P270,OPTSTK,12.95,5643000,13.2,13.35,4947600,22800,19950,BEL,270.0,PE,27-FEB-2025
2025-02-03 09:52:34.970862,BEL27FEB25P270,OPTSTK,12.95,5680050,12.9,13.05,4947600,19950,8550,BEL,270.0,PE,27-FEB-2025
2025-02-03 09:52:42.730944,BEL27FEB25P270,OPTSTK,13.25,5680050,12.9,13.05,4947600,19950,8550,BEL,270.0,PE,27-FEB-2025
2025-02-03 09:52:50.815210,BEL27FEB25P270,OPTSTK,13.55,5680050,12.9,13.05,4947600,19950,8550,BEL,270.0,PE,27-FEB-2025
2025-02-03 09:52:58.175091,BEL27FEB25P270,OPTSTK,13.55,5688600,13.5,13.6,4947600,8550,14250,BEL,270.0,PE,27-FEB-2025
2025-02-03 09:53:06.008006,BEL27FEB25P270,OPTSTK,13.55,5688600,13.5,13.6,4947600,8550,14250,BEL,270.0,PE,27-FEB-2025
2025-02-03 09:53:16.066460,BEL27FEB25P270,OPTSTK,13.4,5694300,13.2,13.35,4947600,22800,22800,BEL,270.0,PE,27-FEB-2025
2025-02-03 09:53:25.303169,BEL27FEB25P270,OPTSTK,13.35,5694300,13.2,13.35,4947600,22800,22800,BEL,270.0,PE,27-FEB-2025
2025-02-03 09:53:35.676600,BEL27FEB25P270,OPTSTK,13.1,5694300,13.2,13.35,4947600,22800,22800,BEL,270.0,PE,27-FEB-2025
2025-02-03 09:53:43.439038,BEL27FEB25P270,OPTSTK,13.35,5725650,13.2,13.3,4947600,19950,5700,BEL,270.0,PE,27-FEB-2025
2025-02-03 09:53:51.253233,BEL27FEB25P270,OPTSTK,13.35,5725650,13.2,13.3,4947600,19950,5700,BEL,270.0,PE,27-FEB-2025
2025-02-03 09:53:59.190725,BEL27FEB25P270,OPTSTK,13.35,5725650,13.2,13.3,4947600,19950,5700,BEL,270.0,PE,27-FEB-2025
2025-02-03 09:54:06.935036,BEL27FEB25P270,OPTSTK,13.55,5731350,13.25,13.35,4947600,14250,2850,BEL,270.0,PE,27-FEB-2025
2025-02-03 09:54:15.011971,BEL27FEB25P270,OPTSTK,13.6,5731350,13.25,13.35,4947600,14250,2850,BEL,270.0,PE,27-FEB-2025
2025-02-03 09:54:22.562370,BEL27FEB25P270,OPTSTK,13.55,5731350,13.25,13.35,4947600,14250,2850,BEL,270.0,PE,27-FEB-2025
2025-02-03 09:54:32.417166,BEL27FEB25P270,OPTSTK,13.35,5751300,13.3,13.4,4947600,19950,2850,BEL,270.0,PE,27-FEB-2025
2025-02-03 09:54:43.500854,BEL27FEB25P270,OPTSTK,13.3,5751300,13.3,13.4,4959000,19950,2850,BEL,270.0,PE,27-FEB-2025
2025-02-03 09:54:52.080880,BEL27FEB25P270,OPTSTK,13.3,5768400,13.1,13.25,4959000,28500,11400,BEL,270.0,PE,27-FEB-2025
2025-02-03 09:55:02.035852,BEL27FEB25P270,OPTSTK,13.5,5768400,13.1,13.25,4959000,28500,11400,BEL,270.0,PE,27-FEB-2025
2025-02-03 09:55:09.699489,BEL27FEB25P270,OPTSTK,13.2,5768400,13.1,13.25,4959000,28500,11400,BEL,270.0,PE,27-FEB-2025
2025-02-03 09:55:17.988823,BEL27FEB25P270,OPTSTK,13.2,5814000,13.1,13.25,4959000,8550,31350,BEL,270.0,PE,27-FEB-2025
2025-02-03 09:55:26.997021,BEL27FEB25P270,OPTSTK,13.4,5814000,13.1,13.25,4959000,8550,31350,BEL,270.0,PE,27-FEB-2025
2025-02-03 09:55:34.951205,BEL27FEB25P270,OPTSTK,13.5,5814000,13.1,13.25,4959000,8550,31350,BEL,270.0,PE,27-FEB-2025
2025-02-03 09:55:44.631709,BEL27FEB25P270,OPTSTK,13.4,5828250,13.4,13.55,4959000,14250,22800,BEL,270.0,PE,27-FEB-2025
2025-02-03 09:55:56.618431,BEL27FEB25P270,OPTSTK,13.85,5828250,13.4,13.55,4959000,14250,22800,BEL,270.0,PE,27-FEB-2025
2025-02-03 09:56:06.146717,BEL27FEB25P270,OPTSTK,13.85,5839650,13.7,13.85,4959000,8550,11400,BEL,270.0,PE,27-FEB-2025
2025-02-03 09:56:14.394424,BEL27FEB25P270,OPTSTK,13.85,5839650,13.7,13.85,4959000,8550,11400,BEL,270.0,PE,27-FEB-2025
2025-02-03 09:56:21.987580,BEL27FEB25P270,OPTSTK,13.6,5839650,13.7,13.85,4959000,8550,11400,BEL,270.0,PE,27-FEB-2025
2025-02-03 09:56:29.847742,BEL27FEB25P270,OPTSTK,13.6,5848200,13.5,13.65,4959000,22800,8550,BEL,270.0,PE,27-FEB-2025
2025-02-03 09:56:37.537662,BEL27FEB25P270,OPTSTK,13.8,5848200,13.5,13.65,4959000,22800,8550,BEL,270.0,PE,27-FEB-2025
2025-02-03 09:56:45.298199,BEL27FEB25P270,OPTSTK,13.6,5848200,13.5,13.65,4959000,22800,8550,BEL,270.0,PE,27-FEB-2025
2025-02-03 09:56:54.951049,BEL27FEB25P270,OPTSTK,13.45,5873850,13.4,13.55,4959000,11400,17100,BEL,270.0,PE,27-FEB-2025
2025-02-03 09:57:04.482848,BEL27FEB25P270,OPTSTK,13.7,5873850,13.4,13.55,4959000,11400,17100,BEL,270.0,PE,27-FEB-2025
2025-02-03 09:57:17.171237,BEL27FEB25P270,OPTSTK,13.7,5876700,13.6,13.75,4959000,17100,19950,BEL,270.0,PE,27-FEB-2025
2025-02-03 09:57:27.753112,BEL27FEB25P270,OPTSTK,13.7,5876700,13.6,13.75,4959000,17100,19950,BEL,270.0,PE,27-FEB-2025
2025-02-03 09:57:37.679994,BEL27FEB25P270,OPTSTK,13.7,5882400,13.75,13.9,4959000,17100,8550,BEL,270.0,PE,27-FEB-2025
2025-02-03 09:57:45.696550,BEL27FEB25P270,OPTSTK,13.75,5882400,13.75,13.9,4950450,17100,8550,BEL,270.0,PE,27-FEB-2025
2025-02-03 09:57:53.153979,BEL27FEB25P270,OPTSTK,14.0,5882400,13.75,13.9,4950450,17100,8550,BEL,270.0,PE,27-FEB-2025
2025-02-03 09:58:01.089365,BEL27FEB25P270,OPTSTK,14.05,5910900,13.9,14.05,4950450,19950,8550,BEL,270.0,PE,27-FEB-2025
2025-02-03 09:58:08.730781,BEL27FEB25P270,OPTSTK,14.15,5910900,13.9,14.05,4950450,19950,8550,BEL,270.0,PE,27-FEB-2025
2025-02-03 09:58:15.960566,BEL27FEB25P270,OPTSTK,14.35,5910900,13.9,14.05,4950450,19950,8550,BEL,270.0,PE,27-FEB-2025
2025-02-03 09:58:27.839617,BEL27FEB25P270,OPTSTK,14.15,5962200,14.25,14.35,4950450,5700,8550,BEL,270.0,PE,27-FEB-2025
2025-02-03 09:58:38.514977,BEL27FEB25P270,OPTSTK,14.2,5962200,14.25,14.35,4950450,5700,8550,BEL,270.0,PE,27-FEB-2025
2025-02-03 09:58:46.517468,BEL27FEB25P270,OPTSTK,14.2,5962200,14.25,14.35,4950450,5700,8550,BEL,270.0,PE,27-FEB-2025
2025-02-03 09:58:54.452505,BEL27FEB25P270,OPTSTK,13.9,5976450,14.05,14.2,4950450,17100,17100,BEL,270.0,PE,27-FEB-2025
2025-02-03 09:59:02.704889,BEL27FEB25P270,OPTSTK,14.2,5976450,14.05,14.2,4950450,17100,17100,BEL,270.0,PE,27-FEB-2025
2025-02-03 09:59:13.570108,BEL27FEB25P270,OPTSTK,13.95,6030600,14.0,14.15,4950450,11400,14250,BEL,270.0,PE,27-FEB-2025
2025-02-03 09:59:29.093519,BEL27FEB25P270,OPTSTK,13.65,6030600,14.0,14.15,4950450,11400,14250,BEL,270.0,PE,27-FEB-2025
2025-02-03 09:59:41.825294,BEL27FEB25P270,OPTSTK,13.65,6042000,13.75,13.9,4950450,17100,19950,BEL,270.0,PE,27-FEB-2025
2025-02-03 09:59:52.440231,BEL27FEB25P270,OPTSTK,13.7,6042000,13.75,13.9,4950450,17100,19950,BEL,270.0,PE,27-FEB-2025
2025-02-03 10:00:00.563992,BEL27FEB25P270,OPTSTK,13.6,6061950,13.5,13.6,4950450,2850,8550,BEL,270.0,PE,27-FEB-2025
2025-02-03 10:00:08.405964,BEL27FEB25P270,OPTSTK,13.6,6061950,13.5,13.6,4950450,2850,8550,BEL,270.0,PE,27-FEB-2025
2025-02-03 10:00:16.566616,BEL27FEB25P270,OPTSTK,13.75,6107550,13.65,13.8,4950450,8550,17100,BEL,270.0,PE,27-FEB-2025
2025-02-03 10:00:29.216854,BEL27FEB25P270,OPTSTK,13.8,6107550,13.65,13.8,4950450,8550,17100,BEL,270.0,PE,27-FEB-2025
2025-02-03 10:00:40.252752,BEL27FEB25P270,OPTSTK,13.95,6107550,13.65,13.8,4959000,8550,17100,BEL,270.0,PE,27-FEB-2025
2025-02-03 10:00:51.970051,BEL27FEB25P270,OPTSTK,13.95,6113250,13.85,14.0,4959000,19950,8550,BEL,270.0,PE,27-FEB-2025
2025-02-03 10:01:03.328758,BEL27FEB25P270,OPTSTK,13.85,6113250,13.85,14.0,4959000,19950,8550,BEL,270.0,PE,27-FEB-2025
2025-02-03 10:01:14.135000,BEL27FEB25P270,OPTSTK,13.85,6133200,13.85,13.95,4959000,8550,5700,BEL,270.0,PE,27-FEB-2025
2025-02-03 10:01:22.497554,BEL27FEB25P270,OPTSTK,13.6,6133200,13.85,13.95,4959000,8550,5700,BEL,270.0,PE,27-FEB-2025
2025-02-03 10:01:31.327754,BEL27FEB25P270,OPTSTK,13.6,6133200,13.85,13.95,4959000,8550,5700,BEL,270.0,PE,27-FEB-2025
2025-02-03 10:01:38.838023,BEL27FEB25P270,OPTSTK,13.3,6136050,13.35,13.5,4959000,17100,8550,BEL,270.0,PE,27-FEB-2025
2025-02-03 10:01:46.765338,BEL27FEB25P270,OPTSTK,13.4,6136050,13.35,13.5,4959000,17100,8550,BEL,270.0,PE,27-FEB-2025
2025-02-03 10:01:55.135530,BEL27FEB25P270,OPTSTK,13.4,6164550,13.5,13.65,4959000,11400,19950,BEL,270.0,PE,27-FEB-2025
2025-02-03 10:02:02.908097,BEL27FEB25P270,OPTSTK,13.6,6164550,13.5,13.65,4959000,11400,19950,BEL,270.0,PE,27-FEB-2025
2025-02-03 10:02:14.152744,BEL27FEB25P270,OPTSTK,13.55,6164550,13.5,13.65,4959000,11400,19950,BEL,270.0,PE,27-FEB-2025
2025-02-03 10:02:25.137564,BEL27FEB25P270,OPTSTK,13.55,6232950,13.5,13.65,4959000,19950,17100,BEL,270.0,PE,27-FEB-2025
2025-02-03 10:02:37.133246,BEL27FEB25P270,OPTSTK,13.6,6232950,13.5,13.65,4959000,19950,17100,BEL,270.0,PE,27-FEB-2025
2025-02-03 10:02:48.622138,BEL27FEB25P270,OPTSTK,13.7,6241500,13.55,13.7,4959000,17100,8550,BEL,270.0,PE,27-FEB-2025
2025-02-03 10:03:00.159105,BEL27FEB25P270,OPTSTK,13.7,6241500,13.55,13.7,4959000,17100,8550,BEL,270.0,PE,27-FEB-2025
2025-02-03 10:03:09.829186,BEL27FEB25P270,OPTSTK,13.7,6244350,13.65,13.8,4959000,17100,11400,BEL,270.0,PE,27-FEB-2025
2025-02-03 10:03:17.609249,BEL27FEB25P270,OPTSTK,13.65,6244350,13.65,13.8,4959000,17100,11400,BEL,270.0,PE,27-FEB-2025
2025-02-03 10:03:25.926408,BEL27FEB25P270,OPTSTK,13.6,6258600,13.5,13.65,4959000,17100,17100,BEL,270.0,PE,27-FEB-2025
2025-02-03 10:03:41.729021,BEL27FEB25P270,OPTSTK,13.6,6258600,13.5,13.65,4959000,17100,17100,BEL,270.0,PE,27-FEB-2025
2025-02-03 10:03:51.426020,BEL27FEB25P270,OPTSTK,13.6,6264300,13.45,13.6,4959000,25650,8550,BEL,270.0,PE,27-FEB-2025
2025-02-03 10:03:59.136475,BEL27FEB25P270,OPTSTK,13.5,6264300,13.45,13.6,4978950,25650,8550,BEL,270.0,PE,27-FEB-2025
2025-02-03 10:04:06.983719,BEL27FEB25P270,OPTSTK,13.5,6264300,13.45,13.6,4978950,25650,8550,BEL,270.0,PE,27-FEB-2025
2025-02-03 10:04:15.305043,BEL27FEB25P270,OPTSTK,13.5,6267150,13.5,13.6,4978950,8550,2850,BEL,270.0,PE,27-FEB-2025
2025-02-03 10:04:26.079726,BEL27FEB25P270,OPTSTK,13.45,6267150,13.5,13.6,4978950,8550,2850,BEL,270.0,PE,27-FEB-2025
2025-02-03 10:04:41.032025,BEL27FEB25P270,OPTSTK,13.45,6272850,13.7,13.85,4978950,11400,19950,BEL,270.0,PE,27-FEB-2025
2025-02-03 10:04:53.242872,BEL27FEB25P270,OPTSTK,13.45,6272850,13.7,13.85,4978950,11400,19950,BEL,270.0,PE,27-FEB-2025
2025-02-03 10:05:02.585928,BEL27FEB25P270,OPTSTK,13.45,6272850,13.6,13.75,4978950,25650,8550,BEL,270.0,PE,27-FEB-2025
2025-02-03 10:05:10.310853,BEL27FEB25P270,OPTSTK,13.65,6272850,13.6,13.75,4978950,25650,8550,BEL,270.0,PE,27-FEB-2025
2025-02-03 10:05:18.435006,BEL27FEB25P270,OPTSTK,13.65,6272850,13.6,13.75,4978950,25650,8550,BEL,270.0,PE,27-FEB-2025
2025-02-03 10:05:26.267012,BEL27FEB25P270,OPTSTK,13.8,6275700,13.65,13.8,4978950,14250,25650,BEL,270.0,PE,27-FEB-2025
2025-02-03 10:05:33.602177,BEL27FEB25P270,OPTSTK,13.65,6275700,13.65,13.8,4978950,14250,25650,BEL,270.0,PE,27-FEB-2025
2025-02-03 10:05:40.883727,BEL27FEB25P270,OPTSTK,13.8,6275700,13.65,13.8,4978950,14250,25650,BEL,270.0,PE,27-FEB-2025
2025-02-03 10:05:48.517861,BEL27FEB25P270,OPTSTK,13.8,6295650,13.65,13.8,4978950,25650,11400,BEL,270.0,PE,27-FEB-2025
2025-02-03 10:05:55.989612,BEL27FEB25P270,OPTSTK,13.65,6295650,13.65,13.8,4978950,25650,11400,BEL,270.0,PE,27-FEB-2025
2025-02-03 10:06:07.207852,BEL27FEB25P270,OPTSTK,13.8,6307050,13.8,13.95,4978950,14250,11400,BEL,270.0,PE,27-FEB-2025
2025-02-03 10:06:17.093131,BEL27FEB25P270,OPTSTK,13.15,6307050,13.8,13.95,4978950,14250,11400,BEL,270.0,PE,27-FEB-2025
2025-02-03 10:06:24.808108,BEL27FEB25P270,OPTSTK,13.3,6307050,13.8,13.95,4978950,14250,11400,BEL,270.0,PE,27-FEB-2025
2025-02-03 10:06:33.144445,BEL27FEB25P270,OPTSTK,13.3,6378300,13.1,13.25,4978950,22800,14250,BEL,270.0,PE,27-FEB-2025
2025-02-03 10:06:41.466248,BEL27FEB25P270,OPTSTK,13.3,6378300,13.1,13.25,4978950,22800,14250,BEL,270.0,PE,27-FEB-2025
2025-02-03 10:06:49.310539,BEL27FEB25P270,OPTSTK,12.9,6403950,12.95,13.05,5038800,2850,14250,BEL,270.0,PE,27-FEB-2025
2025-02-03 10:07:04.727243,BEL27FEB25P270,OPTSTK,12.85,6403950,12.95,13.05,5038800,2850,14250,BEL,270.0,PE,27-FEB-2025
2025-02-03 10:07:16.639921,BEL27FEB25P270,OPTSTK,12.85,6446700,12.8,12.9,5038800,2850,19950,BEL,270.0,PE,27-FEB-2025
2025-02-03 10:07:29.044808,BEL27FEB25P270,OPTSTK,12.75,6446700,12.8,12.9,5038800,2850,19950,BEL,270.0,PE,27-FEB-2025
2025-02-03 10:07:37.490102,BEL27FEB25P270,OPTSTK,12.75,6446700,12.8,12.9,5038800,2850,19950,BEL,270.0,PE,27-FEB-2025
2025-02-03 10:07:45.040953,BEL27FEB25P270,OPTSTK,12.8,6458100,12.65,12.8,5038800,28500,19950,BEL,270.0,PE,27-FEB-2025
2025-02-03 10:07:52.515539,BEL27FEB25P270,OPTSTK,12.8,6458100,12.65,12.8,5038800,28500,19950,BEL,270.0,PE,27-FEB-2025
2025-02-03 10:08:00.296098,BEL27FEB25P270,OPTSTK,12.95,6458100,12.65,12.8,5038800,28500,19950,BEL,270.0,PE,27-FEB-2025
2025-02-03 10:08:08.517758,BEL27FEB25P270,OPTSTK,12.95,6472350,12.85,13.0,5038800,34200,8550,BEL,270.0,PE,27-FEB-2025
2025-02-03 10:08:16.245908,BEL27FEB25P270,OPTSTK,13.25,6472350,12.85,13.0,5038800,34200,8550,BEL,270.0,PE,27-FEB-2025
2025-02-03 10:08:23.781473,BEL27FEB25P270,OPTSTK,13.35,6472350,12.85,13.0,5038800,34200,8550,BEL,270.0,PE,27-FEB-2025
2025-02-03 10:08:31.813265,BEL27FEB25P270,OPTSTK,13.45,6517950,13.25,13.4,5038800,25650,14250,BEL,270.0,PE,27-FEB-2025
2025-02-03 10:08:42.736094,BEL27FEB25P270,OPTSTK,13.35,6517950,13.25,13.4,5038800,25650,14250,BEL,270.0,PE,27-FEB-2025
2025-02-03 10:08:51.965064,BEL27FEB25P270,OPTSTK,13.35,6526500,13.0,13.15,5038800,22800,14250,BEL,270.0,PE,27-FEB-2025
2025-02-03 10:09:02.735859,BEL27FEB25P270,OPTSTK,13.35,6526500,13.0,13.15,5038800,22800,14250,BEL,270.0,PE,27-FEB-2025
2025-02-03 10:09:14.519844,BEL27FEB25P270,OPTSTK,13.35,6526500,13.25,13.35,5038800,17100,2850,BEL,270.0,PE,27-FEB-2025
2025-02-03 10:09:24.595781,BEL27FEB25P270,OPTSTK,13.35,6526500,13.25,13.35,5038800,17100,2850,BEL,270.0,PE,27-FEB-2025
2025-02-03 10:09:33.780088,BEL27FEB25P270,OPTSTK,13.2,6526500,13.25,13.35,5038800,17100,2850,BEL,270.0,PE,27-FEB-2025
2025-02-03 10:09:41.571575,BEL27FEB25P270,OPTSTK,13.2,6529350,13.15,13.3,5038800,8550,14250,BEL,270.0,PE,27-FEB-2025
2025-02-03 10:09:50.884164,BEL27FEB25P270,OPTSTK,13.4,6529350,13.15,13.3,5001750,8550,14250,BEL,270.0,PE,27-FEB-2025
2025-02-03 10:10:01.997344,BEL27FEB25P270,OPTSTK,12.7,6589200,12.6,12.7,5001750,5700,5700,BEL,270.0,PE,27-FEB-2025
2025-02-03 10:10:10.331610,BEL27FEB25P270,OPTSTK,12.75,6589200,12.6,12.7,5001750,5700,5700,BEL,270.0,PE,27-FEB-2025
2025-02-03 10:10:18.959043,BEL27FEB25P270,OPTSTK,12.6,6589200,12.6,12.7,5001750,5700,5700,BEL,270.0,PE,27-FEB-2025
2025-02-03 10:10:26.730805,BEL27FEB25P270,OPTSTK,12.6,6626250,12.5,12.6,5001750,2850,17100,BEL,270.0,PE,27-FEB-2025
2025-02-03 10:10:34.332299,BEL27FEB25P270,OPTSTK,12.6,6626250,12.5,12.6,5001750,2850,17100,BEL,270.0,PE,27-FEB-2025
2025-02-03 10:10:42.597585,BEL27FEB25P270,OPTSTK,12.55,6626250,12.5,12.6,5001750,2850,17100,BEL,270.0,PE,27-FEB-2025
2025-02-03 10:10:50.468817,BEL27FEB25P270,OPTSTK,12.4,6651900,12.4,12.55,5001750,11400,25650,BEL,270.0,PE,27-FEB-2025
2025-02-03 10:10:57.893339,BEL27FEB25P270,OPTSTK,12.5,6651900,12.4,12.55,5001750,11400,25650,BEL,270.0,PE,27-FEB-2025
2025-02-03 10:11:08.647547,BEL27FEB25P270,OPTSTK,12.35,6651900,12.4,12.55,5001750,11400,25650,BEL,270.0,PE,27-FEB-2025
2025-02-03 10:11:19.231539,BEL27FEB25P270,OPTSTK,12.35,6657600,12.15,12.25,5001750,14250,2850,BEL,270.0,PE,27-FEB-2025
2025-02-03 10:11:27.564733,BEL27FEB25P270,OPTSTK,12.4,6657600,12.15,12.25,5001750,14250,2850,BEL,270.0,PE,27-FEB-2025
2025-02-03 10:11:35.723195,BEL27FEB25P270,OPTSTK,12.4,6657600,12.15,12.25,5001750,14250,2850,BEL,270.0,PE,27-FEB-2025
2025-02-03 10:11:43.049588,BEL27FEB25P270,OPTSTK,12.1,6660450,12.15,12.25,5001750,25650,2850,BEL,270.0,PE,27-FEB-2025
2025-02-03 10:11:50.411878,BEL27FEB25P270,OPTSTK,12.1,6660450,12.15,12.25,5001750,25650,2850,BEL,270.0,PE,27-FEB-2025
2025-02-03 10:11:58.048620,BEL27FEB25P270,OPTSTK,12.1,6660450,12.15,12.25,5001750,25650,2850,BEL,270.0,PE,27-FEB-2025
2025-02-03 10:12:05.913874,BEL27FEB25P270,OPTSTK,11.9,6711750,12.0,12.15,5001750,28500,19950,BEL,270.0,PE,27-FEB-2025
2025-02-03 10:12:13.936957,BEL27FEB25P270,OPTSTK,11.8,6711750,12.0,12.15,5001750,28500,19950,BEL,270.0,PE,27-FEB-2025
2025-02-03 10:12:23.349461,BEL27FEB25P270,OPTSTK,11.95,6822900,11.65,11.8,5001750,28500,19950,BEL,270.0,PE,27-FEB-2025
2025-02-03 10:12:33.942959,BEL27FEB25P270,OPTSTK,11.9,6822900,11.65,11.8,5001750,28500,19950,BEL,270.0,PE,27-FEB-2025
2025-02-03 10:12:42.658123,BEL27FEB25P270,OPTSTK,12.0,6822900,11.65,11.8,5001750,28500,19950,BEL,270.0,PE,27-FEB-2025
2025-02-03 10:12:50.542263,BEL27FEB25P270,OPTSTK,11.9,6854250,11.8,11.95,4990350,31350,17100,BEL,270.0,PE,27-FEB-2025
2025-02-03 10:13:03.905967,BEL27FEB25P270,OPTSTK,12.05,6854250,11.8,11.95,4990350,31350,17100,BEL,270.0,PE,27-FEB-2025
2025-02-03 10:13:14.652989,BEL27FEB25P270,OPTSTK,12.0,6862800,12.0,12.1,4990350,8550,14250,BEL,270.0,PE,27-FEB-2025
2025-02-03 10:13:25.575546,BEL27FEB25P270,OPTSTK,12.1,6862800,12.0,12.1,4990350,8550,14250,BEL,270.0,PE,27-FEB-2025
2025-02-03 10:13:33.221799,BEL27FEB25P270,OPTSTK,11.8,6888450,11.9,12.0,4990350,11400,19950,BEL,270.0,PE,27-FEB-2025
2025-02-03 10:13:45.345379,BEL27FEB25P270,OPTSTK,11.7,6888450,11.9,12.0,4990350,11400,19950,BEL,270.0,PE,27-FEB-2025
2025-02-03 10:13:56.386534,BEL27FEB25P270,OPTSTK,11.65,6948300,11.6,11.7,4990350,14250,25650,BEL,270.0,PE,27-FEB-2025
2025-02-03 10:14:05.264666,BEL27FEB25P270,OPTSTK,11.8,6948300,11.6,11.7,4990350,14250,25650,BEL,270.0,PE,27-FEB-2025
2025-02-03 10:14:13.226023,BEL27FEB25P270,OPTSTK,11.9,6948300,11.6,11.7,4990350,14250,25650,BEL,270.0,PE,27-FEB-2025
2025-02-03 10:14:20.872162,BEL27FEB25P270,OPTSTK,11.9,6976800,11.95,12.05,4990350,17100,14250,BEL,270.0,PE,27-FEB-2025
2025-02-03 10:14:28.340635,BEL27FEB25P270,OPTSTK,11.9,6976800,11.95,12.05,4990350,17100,14250,BEL,270.0,PE,27-FEB-2025
2025-02-03 10:14:37.534411,BEL27FEB25P270,OPTSTK,11.8,6976800,11.95,12.05,4990350,17100,14250,BEL,270.0,PE,27-FEB-2025
2025-02-03 10:14:44.900697,BEL27FEB25P270,OPTSTK,11.8,6982500,11.75,11.8,4990350,8550,2850,BEL,270.0,PE,27-FEB-2025
2025-02-03 10:14:52.896760,BEL27FEB25P270,OPTSTK,11.8,6982500,11.75,11.8,4990350,8550,2850,BEL,270.0,PE,27-FEB-2025
2025-02-03 10:15:07.834158,BEL27FEB25P270,OPTSTK,12.2,6991050,12.15,12.25,4990350,17100,11400,BEL,270.0,PE,27-FEB-2025
2025-02-03 10:15:17.514445,BEL27FEB25P270,OPTSTK,12.05,6991050,12.15,12.25,4990350,17100,11400,BEL,270.0,PE,27-FEB-2025
2025-02-03 10:15:26.794558,BEL27FEB25P270,OPTSTK,12.2,6991050,12.15,12.25,4990350,17100,11400,BEL,270.0,PE,27-FEB-2025
2025-02-03 10:15:34.411364,BEL27FEB25P270,OPTSTK,12.75,7042350,12.5,12.6,4990350,28500,2850,BEL,270.0,PE,27-FEB-2025
2025-02-03 10:15:42.289101,BEL27FEB25P270,OPTSTK,12.9,7042350,12.5,12.6,4990350,28500,2850,BEL,270.0,PE,27-FEB-2025
2025-02-03 10:15:49.679218,BEL27FEB25P270,OPTSTK,12.9,7042350,12.5,12.6,4990350,28500,2850,BEL,270.0,PE,27-FEB-2025
2025-02-03 10:15:57.102424,BEL27FEB25P270,OPTSTK,12.9,7130700,12.85,13.0,5047350,34200,34200,BEL,270.0,PE,27-FEB-2025
2025-02-03 10:16:04.528643,BEL27FEB25P270,OPTSTK,12.85,7130700,12.85,13.0,5047350,34200,34200,BEL,270.0,PE,27-FEB-2025
2025-02-03 10:16:13.599631,BEL27FEB25P270,OPTSTK,12.9,7130700,12.85,13.0,5047350,34200,34200,BEL,270.0,PE,27-FEB-2025
2025-02-03 10:16:23.738918,BEL27FEB25P270,OPTSTK,12.9,7216200,12.9,13.0,5047350,22800,11400,BEL,270.0,PE,27-FEB-2025
2025-02-03 10:16:32.335437,BEL27FEB25P270,OPTSTK,13.05,7216200,12.9,13.0,5047350,22800,11400,BEL,270.0,PE,27-FEB-2025
2025-02-03 10:16:40.976537,BEL27FEB25P270,OPTSTK,13.25,7216200,12.9,13.0,5047350,22800,11400,BEL,270.0,PE,27-FEB-2025
2025-02-03 10:16:51.109870,BEL27FEB25P270,OPTSTK,13.0,7253250,13.25,13.35,5047350,2850,28500,BEL,270.0,PE,27-FEB-2025
2025-02-03 10:17:01.721017,BEL27FEB25P270,OPTSTK,12.7,7253250,13.25,13.35,5047350,2850,28500,BEL,270.0,PE,27-FEB-2025
2025-02-03 10:17:11.523120,BEL27FEB25P270,OPTSTK,12.7,7355850,12.55,12.65,5047350,31350,8550,BEL,270.0,PE,27-FEB-2025
2025-02-03 10:17:21.881450,BEL27FEB25P270,OPTSTK,12.7,7355850,12.55,12.65,5047350,31350,8550,BEL,270.0,PE,27-FEB-2025
2025-02-03 10:17:32.789613,BEL27FEB25P270,OPTSTK,12.65,7367250,12.6,12.7,5047350,5700,22800,BEL,270.0,PE,27-FEB-2025
2025-02-03 10:17:42.316365,BEL27FEB25P270,OPTSTK,12.7,7367250,12.6,12.7,5047350,5700,22800,BEL,270.0,PE,27-FEB-2025
2025-02-03 10:17:49.672900,BEL27FEB25P270,OPTSTK,12.7,7367250,12.6,12.7,5047350,5700,22800,BEL,270.0,PE,27-FEB-2025
2025-02-03 10:17:57.374493,BEL27FEB25P270,OPTSTK,13.0,7378650,12.85,12.95,5047350,19950,11400,BEL,270.0,PE,27-FEB-2025
2025-02-03 10:18:09.085031,BEL27FEB25P270,OPTSTK,13.45,7378650,12.85,12.95,5047350,19950,11400,BEL,270.0,PE,27-FEB-2025
2025-02-03 10:18:18.380589,BEL27FEB25P270,OPTSTK,13.35,7427100,13.3,13.4,5047350,8550,17100,BEL,270.0,PE,27-FEB-2025
2025-02-03 10:18:25.805101,BEL27FEB25P270,OPTSTK,13.25,7427100,13.3,13.4,5047350,8550,17100,BEL,270.0,PE,27-FEB-2025
2025-02-03 10:18:33.177283,BEL27FEB25P270,OPTSTK,13.35,7427100,13.3,13.4,5047350,8550,17100,BEL,270.0,PE,27-FEB-2025
2025-02-03 10:18:40.610187,BEL27FEB25P270,OPTSTK,12.9,7444200,13.1,13.2,5115750,11400,22800,BEL,270.0,PE,27-FEB-2025
2025-02-03 10:18:51.800167,BEL27FEB25P270,OPTSTK,12.7,7444200,13.1,13.2,5115750,11400,22800,BEL,270.0,PE,27-FEB-2025
2025-02-03 10:19:03.687324,BEL27FEB25P270,OPTSTK,12.7,7504050,12.55,12.65,5115750,14250,17100,BEL,270.0,PE,27-FEB-2025
2025-02-03 10:19:13.288981,BEL27FEB25P270,OPTSTK,12.5,7504050,12.55,12.65,5115750,14250,17100,BEL,270.0,PE,27-FEB-2025
2025-02-03 10:19:23.085347,BEL27FEB25P270,OPTSTK,12.5,7504050,12.55,12.65,5115750,14250,17100,BEL,270.0,PE,27-FEB-2025
2025-02-03 10:19:32.292043,BEL27FEB25P270,OPTSTK,12.5,7506900,12.55,12.6,5115750,5700,2850,BEL,270.0,PE,27-FEB-2025
2025-02-03 10:19:39.884451,BEL27FEB25P270,OPTSTK,12.45,7506900,12.55,12.6,5115750,5700,2850,BEL,270.0,PE,27-FEB-2025
2025-02-03 10:19:47.455535,BEL27FEB25P270,OPTSTK,12.4,7506900,12.55,12.6,5115750,5700,2850,BEL,270.0,PE,27-FEB-2025
2025-02-03 10:19:54.523444,BEL27FEB25P270,OPTSTK,12.4,7575300,12.45,12.6,5115750,14250,37050,BEL,270.0,PE,27-FEB-2025
2025-02-03 10:20:04.684337,BEL27FEB25P270,OPTSTK,12.5,7575300,12.45,12.6,5115750,14250,37050,BEL,270.0,PE,27-FEB-2025
2025-02-03 10:20:14.924047,BEL27FEB25P270,OPTSTK,12.5,7583850,12.5,12.6,5115750,14250,25650,BEL,270.0,PE,27-FEB-2025
2025-02-03 10:20:22.407835,BEL27FEB25P270,OPTSTK,12.5,7583850,12.5,12.6,5115750,14250,25650,BEL,270.0,PE,27-FEB-2025
2025-02-03 10:20:29.879274,BEL27FEB25P270,OPTSTK,12.5,7583850,12.5,12.6,5115750,14250,25650,BEL,270.0,PE,27-FEB-2025
2025-02-03 10:20:37.345132,BEL27FEB25P270,OPTSTK,12.65,7586700,12.55,12.65,5115750,8550,14250,BEL,270.0,PE,27-FEB-2025
2025-02-03 10:20:44.903496,BEL27FEB25P270,OPTSTK,12.65,7586700,12.55,12.65,5115750,8550,14250,BEL,270.0,PE,27-FEB-2025
2025-02-03 10:20:52.931350,BEL27FEB25P270,OPTSTK,12.6,7606650,12.5,12.6,5115750,17100,17100,BEL,270.0,PE,27-FEB-2025
2025-02-03 10:21:03.898313,BEL27FEB25P270,OPTSTK,12.65,7606650,12.5,12.6,5115750,17100,17100,BEL,270.0,PE,27-FEB-2025
2025-02-03 10:21:14.866910,BEL27FEB25P270,OPTSTK,12.5,7606650,12.5,12.6,5115750,17100,17100,BEL,270.0,PE,27-FEB-2025
2025-02-03 10:21:25.586878,BEL27FEB25P270,OPTSTK,12.5,7618050,12.45,12.55,5115750,11400,14250,BEL,270.0,PE,27-FEB-2025
2025-02-03 10:21:36.345754,BEL27FEB25P270,OPTSTK,12.5,7618050,12.45,12.55,5115750,11400,14250,BEL,270.0,PE,27-FEB-2025
2025-02-03 10:21:44.705465,BEL27FEB25P270,OPTSTK,12.55,7626600,12.5,12.65,5115750,19950,31350,BEL,270.0,PE,27-FEB-2025
2025-02-03 10:21:52.164946,BEL27FEB25P270,OPTSTK,12.55,7626600,12.5,12.65,5115750,19950,31350,BEL,270.0,PE,27-FEB-2025
2025-02-03 10:21:59.738423,BEL27FEB25P270,OPTSTK,12.55,7626600,12.5,12.65,5167050,19950,31350,BEL,270.0,PE,27-FEB-2025
2025-02-03 10:22:07.097915,BEL27FEB25P270,OPTSTK,12.5,7632300,12.5,12.6,5167050,19950,14250,BEL,270.0,PE,27-FEB-2025
2025-02-03 10:22:14.362273,BEL27FEB25P270,OPTSTK,12.6,7632300,12.5,12.6,5167050,19950,14250,BEL,270.0,PE,27-FEB-2025
2025-02-03 10:22:22.529338,BEL27FEB25P270,OPTSTK,12.7,7632300,12.5,12.6,5167050,19950,14250,BEL,270.0,PE,27-FEB-2025
2025-02-03 10:22:30.493835,BEL27FEB25P270,OPTSTK,12.6,7638000,12.65,12.75,5167050,14250,17100,BEL,270.0,PE,27-FEB-2025
2025-02-03 10:22:41.807744,BEL27FEB25P270,OPTSTK,12.55,7638000,12.65,12.75,5167050,14250,17100,BEL,270.0,PE,27-FEB-2025
2025-02-03 10:22:53.119017,BEL27FEB25P270,OPTSTK,12.45,7652250,12.35,12.45,5167050,19950,8550,BEL,270.0,PE,27-FEB-2025
2025-02-03 10:23:00.758178,BEL27FEB25P270,OPTSTK,12.4,7652250,12.35,12.45,5167050,19950,8550,BEL,270.0,PE,27-FEB-2025
2025-02-03 10:23:16.141039,BEL27FEB25P270,OPTSTK,12.45,7672200,12.25,12.35,5167050,25650,8550,BEL,270.0,PE,27-FEB-2025
2025-02-03 10:23:27.665979,BEL27FEB25P270,OPTSTK,12.4,7672200,12.25,12.35,5167050,25650,8550,BEL,270.0,PE,27-FEB-2025
2025-02-03 10:23:36.807836,BEL27FEB25P270,OPTSTK,12.4,7672200,12.25,12.35,5167050,25650,8550,BEL,270.0,PE,27-FEB-2025
2025-02-03 10:23:44.926093,BEL27FEB25P270,OPTSTK,12.4,7680750,12.35,12.45,5167050,22800,2850,BEL,270.0,PE,27-FEB-2025
2025-02-03 10:23:52.543264,BEL27FEB25P270,OPTSTK,12.4,7680750,12.35,12.45,5167050,22800,2850,BEL,270.0,PE,27-FEB-2025
2025-02-03 10:24:00.043997,BEL27FEB25P270,OPTSTK,12.5,7680750,12.35,12.45,5167050,22800,2850,BEL,270.0,PE,27-FEB-2025
2025-02-03 10:24:07.307141,BEL27FEB25P270,OPTSTK,12.5,7686450,12.5,12.6,5167050,22800,14250,BEL,270.0,PE,27-FEB-2025
2025-02-03 10:24:14.726965,BEL27FEB25P270,OPTSTK,12.5,7686450,12.5,12.6,5167050,22800,14250,BEL,270.0,PE,27-FEB-2025
2025-02-03 10:24:22.364621,BEL27FEB25P270,OPTSTK,12.6,7686450,12.5,12.6,5167050,22800,14250,BEL,270.0,PE,27-FEB-2025
2025-02-03 10:24:29.755665,BEL27FEB25P270,OPTSTK,12.6,7700700,12.6,12.65,5167050,2850,19950,BEL,270.0,PE,27-FEB-2025
2025-02-03 10:24:37.052856,BEL27FEB25P270,OPTSTK,12.6,7700700,12.6,12.65,5167050,2850,19950,BEL,270.0,PE,27-FEB-2025
2025-02-03 10:24:44.542676,BEL27FEB25P270,OPTSTK,12.6,7700700,12.6,12.65,5167050,2850,19950,BEL,270.0,PE,27-FEB-2025
2025-02-03 10:24:52.378731,BEL27FEB25P270,OPTSTK,12.6,7703550,12.45,12.55,5167050,31350,8550,BEL,270.0,PE,27-FEB-2025
2025-02-03 10:25:00.838252,BEL27FEB25P270,OPTSTK,12.6,7703550,12.45,12.55,5167050,31350,8550,BEL,270.0,PE,27-FEB-2025
2025-02-03 10:25:08.191938,BEL27FEB25P270,OPTSTK,12.4,7703550,12.45,12.55,5161350,31350,8550,BEL,270.0,PE,27-FEB-2025
2025-02-03 10:25:15.753799,BEL27FEB25P270,OPTSTK,12.4,7709250,12.2,12.3,5161350,2850,19950,BEL,270.0,PE,27-FEB-2025
2025-02-03 10:25:23.271680,BEL27FEB25P270,OPTSTK,12.4,7709250,12.2,12.3,5161350,2850,19950,BEL,270.0,PE,27-FEB-2025
2025-02-03 10:25:31.114095,BEL27FEB25P270,OPTSTK,12.4,7709250,12.2,12.3,5161350,2850,19950,BEL,270.0,PE,27-FEB-2025
2025-02-03 10:25:38.458326,BEL27FEB25P270,OPTSTK,12.4,7714950,12.35,12.45,5161350,11400,22800,BEL,270.0,PE,27-FEB-2025
2025-02-03 10:25:45.835804,BEL27FEB25P270,OPTSTK,12.4,7714950,12.35,12.45,5161350,11400,22800,BEL,270.0,PE,27-FEB-2025
2025-02-03 10:25:53.373129,BEL27FEB25P270,OPTSTK,12.4,7714950,12.35,12.45,5161350,11400,22800,BEL,270.0,PE,27-FEB-2025
2025-02-03 10:26:02.245233,BEL27FEB25P270,OPTSTK,12.4,7720650,12.45,12.55,5161350,14250,28500,BEL,270.0,PE,27-FEB-2025
2025-02-03 10:26:09.671504,BEL27FEB25P270,OPTSTK,12.4,7720650,12.45,12.55,5161350,14250,28500,BEL,270.0,PE,27-FEB-2025
2025-02-03 10:26:17.058369,BEL27FEB25P270,OPTSTK,12.3,7720650,12.45,12.55,5161350,14250,28500,BEL,270.0,PE,27-FEB-2025
2025-02-03 10:26:24.707697,BEL27FEB25P270,OPTSTK,12.4,7746300,12.3,12.4,5161350,8550,19950,BEL,270.0,PE,27-FEB-2025
2025-02-03 10:26:33.396854,BEL27FEB25P270,OPTSTK,12.4,7746300,12.3,12.4,5161350,8550,19950,BEL,270.0,PE,27-FEB-2025
2025-02-03 10:26:42.344861,BEL27FEB25P270,OPTSTK,12.45,7789050,12.45,12.5,5161350,2850,14250,BEL,270.0,PE,27-FEB-2025
2025-02-03 10:26:51.931419,BEL27FEB25P270,OPTSTK,12.55,7789050,12.45,12.5,5161350,2850,14250,BEL,270.0,PE,27-FEB-2025
2025-02-03 10:27:02.235984,BEL27FEB25P270,OPTSTK,12.7,7826100,12.65,12.75,5161350,17100,19950,BEL,270.0,PE,27-FEB-2025
2025-02-03 10:27:13.185328,BEL27FEB25P270,OPTSTK,12.8,7826100,12.65,12.75,5161350,17100,19950,BEL,270.0,PE,27-FEB-2025
2025-02-03 10:27:22.645118,BEL27FEB25P270,OPTSTK,12.6,7826100,12.65,12.75,5161350,17100,19950,BEL,270.0,PE,27-FEB-2025
2025-02-03 10:27:30.097339,BEL27FEB25P270,OPTSTK,12.6,7851750,12.7,12.8,5161350,25650,14250,BEL,270.0,PE,27-FEB-2025
2025-02-03 10:27:38.016688,BEL27FEB25P270,OPTSTK,12.75,7851750,12.7,12.8,5161350,25650,14250,BEL,270.0,PE,27-FEB-2025
2025-02-03 10:27:45.423692,BEL27FEB25P270,OPTSTK,12.65,7851750,12.7,12.8,5172750,25650,14250,BEL,270.0,PE,27-FEB-2025
2025-02-03 10:27:52.543148,BEL27FEB25P270,OPTSTK,12.7,7868850,12.65,12.75,5172750,25650,11400,BEL,270.0,PE,27-FEB-2025
2025-02-03 10:27:59.841599,BEL27FEB25P270,OPTSTK,12.6,7868850,12.65,12.75,5172750,25650,11400,BEL,270.0,PE,27-FEB-2025
2025-02-03 10:28:07.110348,BEL27FEB25P270,OPTSTK,12.5,7868850,12.65,12.75,5172750,25650,11400,BEL,270.0,PE,27-FEB-2025
2025-02-03 10:28:14.591597,BEL27FEB25P270,OPTSTK,12.5,7888800,12.55,12.65,5172750,19950,8550,BEL,270.0,PE,27-FEB-2025
2025-02-03 10:28:22.138321,BEL27FEB25P270,OPTSTK,12.5,7888800,12.55,12.65,5172750,19950,8550,BEL,270.0,PE,27-FEB-2025
2025-02-03 10:28:29.320161,BEL27FEB25P270,OPTSTK,12.65,7888800,12.55,12.65,5172750,19950,8550,BEL,270.0,PE,27-FEB-2025
2025-02-03 10:28:36.598619,BEL27FEB25P270,OPTSTK,12.6,7905900,12.45,12.55,5172750,22800,11400,BEL,270.0,PE,27-FEB-2025
2025-02-03 10:28:43.862333,BEL27FEB25P270,OPTSTK,12.6,7905900,12.45,12.55,5172750,22800,11400,BEL,270.0,PE,27-FEB-2025
2025-02-03 10:28:52.193863,BEL27FEB25P270,OPTSTK,12.7,7911600,12.6,12.7,5172750,22800,11400,BEL,270.0,PE,27-FEB-2025
2025-02-03 10:29:06.011085,BEL27FEB25P270,OPTSTK,12.95,7911600,12.6,12.7,5172750,22800,11400,BEL,270.0,PE,27-FEB-2025
2025-02-03 10:29:18.686028,BEL27FEB25P270,OPTSTK,13.0,7954350,12.8,12.9,5172750,22800,5700,BEL,270.0,PE,27-FEB-2025
2025-02-03 10:29:26.802774,BEL27FEB25P270,OPTSTK,13.0,7954350,12.8,12.9,5172750,22800,5700,BEL,270.0,PE,27-FEB-2025
2025-02-03 10:29:34.444191,BEL27FEB25P270,OPTSTK,12.8,7954350,12.8,12.9,5172750,22800,5700,BEL,270.0,PE,27-FEB-2025
2025-02-03 10:29:47.331509,BEL27FEB25P270,OPTSTK,12.6,7968600,12.75,12.85,5172750,19950,2850,BEL,270.0,PE,27-FEB-2025
2025-02-03 10:29:55.543665,BEL27FEB25P270,OPTSTK,12.6,7968600,12.75,12.85,5172750,19950,2850,BEL,270.0,PE,27-FEB-2025
2025-02-03 10:30:03.028967,BEL27FEB25P270,OPTSTK,12.65,7968600,12.75,12.85,5172750,19950,2850,BEL,270.0,PE,27-FEB-2025
2025-02-03 10:30:10.330164,BEL27FEB25P270,OPTSTK,12.65,8002800,12.5,12.6,5172750,17100,5700,BEL,270.0,PE,27-FEB-2025
2025-02-03 10:30:17.771943,BEL27FEB25P270,OPTSTK,12.5,8002800,12.5,12.6,5172750,17100,5700,BEL,270.0,PE,27-FEB-2025
2025-02-03 10:30:26.382670,BEL27FEB25P270,OPTSTK,12.5,8002800,12.5,12.6,5172750,17100,5700,BEL,270.0,PE,27-FEB-2025
2025-02-03 10:30:33.583077,BEL27FEB25P270,OPTSTK,12.5,8017050,12.65,12.75,5172750,11400,19950,BEL,270.0,PE,27-FEB-2025
2025-02-03 10:30:40.931621,BEL27FEB25P270,OPTSTK,12.5,8017050,12.65,12.75,5172750,11400,19950,BEL,270.0,PE,27-FEB-2025
2025-02-03 10:30:48.442700,BEL27FEB25P270,OPTSTK,12.5,8017050,12.65,12.75,5172750,11400,19950,BEL,270.0,PE,27-FEB-2025
2025-02-03 10:30:55.665085,BEL27FEB25P270,OPTSTK,12.5,8017050,12.55,12.65,5172750,14250,11400,BEL,270.0,PE,27-FEB-2025
2025-02-03 10:31:02.919510,BEL27FEB25P270,OPTSTK,12.5,8017050,12.55,12.65,5184150,14250,11400,BEL,270.0,PE,27-FEB-2025
2025-02-03 10:31:10.659177,BEL27FEB25P270,OPTSTK,12.5,8017050,12.55,12.65,5184150,14250,11400,BEL,270.0,PE,27-FEB-2025
2025-02-03 10:31:17.999690,BEL27FEB25P270,OPTSTK,12.5,8045550,12.5,12.6,5184150,5700,25650,BEL,270.0,PE,27-FEB-2025
2025-02-03 10:31:25.212012,BEL27FEB25P270,OPTSTK,12.5,8045550,12.5,12.6,5184150,5700,25650,BEL,270.0,PE,27-FEB-2025
2025-02-03 10:31:32.599917,BEL27FEB25P270,OPTSTK,12.4,8045550,12.5,12.6,5184150,5700,25650,BEL,270.0,PE,27-FEB-2025
2025-02-03 10:31:39.785422,BEL27FEB25P270,OPTSTK,12.4,8068350,12.35,12.45,5184150,8550,11400,BEL,270.0,PE,27-FEB-2025
2025-02-03 10:31:47.504368,BEL27FEB25P270,OPTSTK,12.4,8111100,12.4,12.5,5184150,11400,19950,BEL,270.0,PE,27-FEB-2025
2025-02-03 10:34:39.459336,BEL27FEB25P270,OPTSTK,12.4,8111100,12.35,12.45,5184150,8550,14250,BEL,270.0,PE,27-FEB-2025
2025-02-03 10:34:47.380841,BEL27FEB25P270,OPTSTK,12.25,8111100,12.35,12.45,5204100,8550,14250,BEL,270.0,PE,27-FEB-2025
2025-02-03 10:34:55.544434,BEL27FEB25P270,OPTSTK,12.25,8111100,12.35,12.45,5204100,8550,14250,BEL,270.0,PE,27-FEB-2025
2025-02-03 10:35:02.912994,BEL27FEB25P270,OPTSTK,12.0,8148150,12.0,12.05,5204100,8550,11400,BEL,270.0,PE,27-FEB-2025
2025-02-03 10:35:10.149801,BEL27FEB25P270,OPTSTK,12.0,8148150,12.0,12.05,5204100,8550,11400,BEL,270.0,PE,27-FEB-2025
2025-02-03 10:35:17.465433,BEL27FEB25P270,OPTSTK,12.6,8333400,12.45,12.55,5149950,22800,19950,BEL,270.0,PE,27-FEB-2025
2025-02-03 10:38:26.386442,BEL27FEB25P270,OPTSTK,12.55,8333400,12.45,12.55,5149950,22800,19950,BEL,270.0,PE,27-FEB-2025
2025-02-03 10:38:34.112239,BEL27FEB25P270,OPTSTK,12.55,8421750,12.5,12.6,5149950,5700,17100,BEL,270.0,PE,27-FEB-2025
2025-02-03 10:38:42.300738,BEL27FEB25P270,OPTSTK,12.7,8421750,12.5,12.6,5149950,5700,17100,BEL,270.0,PE,27-FEB-2025
2025-02-03 10:38:50.063996,BEL27FEB25P270,OPTSTK,12.7,8424600,12.5,12.6,5149950,5700,19950,BEL,270.0,PE,27-FEB-2025
2025-02-03 10:38:57.994676,BEL27FEB25P270,OPTSTK,12.6,8458800,12.75,12.85,5144250,22800,17100,BEL,270.0,PE,27-FEB-2025
2025-02-03 10:40:50.489871,BEL27FEB25P270,OPTSTK,12.6,8464500,12.5,12.6,5144250,5700,19950,BEL,270.0,PE,27-FEB-2025
2025-02-03 10:40:58.274419,BEL27FEB25P270,OPTSTK,12.6,8464500,12.5,12.6,5144250,5700,19950,BEL,270.0,PE,27-FEB-2025
2025-02-03 10:41:06.782384,BEL27FEB25P270,OPTSTK,12.85,8473050,12.75,12.85,5144250,17100,11400,BEL,270.0,PE,27-FEB-2025
2025-02-03 10:41:15.906003,BEL27FEB25P270,OPTSTK,12.75,8473050,12.75,12.85,5144250,17100,11400,BEL,270.0,PE,27-FEB-2025
2025-02-03 10:41:23.291110,BEL27FEB25P270,OPTSTK,11.75,8578500,11.8,11.9,5132850,14250,19950,BEL,270.0,PE,27-FEB-2025
2025-02-03 10:43:59.322773,BEL27FEB25P270,OPTSTK,11.5,8578500,11.8,11.9,5132850,14250,19950,BEL,270.0,PE,27-FEB-2025
2025-02-03 10:44:07.423169,BEL27FEB25P270,OPTSTK,11.5,8589900,11.45,11.55,5132850,25650,11400,BEL,270.0,PE,27-FEB-2025
2025-02-03 10:44:20.497011,BEL27FEB25P270,OPTSTK,11.55,8589900,11.45,11.55,5132850,25650,11400,BEL,270.0,PE,27-FEB-2025
2025-02-03 10:44:31.557140,BEL27FEB25P270,OPTSTK,11.5,8609850,11.5,11.6,5132850,22800,17100,BEL,270.0,PE,27-FEB-2025
2025-02-03 10:44:43.687728,BEL27FEB25P270,OPTSTK,11.5,8609850,11.5,11.6,5132850,22800,17100,BEL,270.0,PE,27-FEB-2025
2025-02-03 10:44:52.224325,BEL27FEB25P270,OPTSTK,11.5,8609850,11.5,11.6,5132850,22800,17100,BEL,270.0,PE,27-FEB-2025
2025-02-03 10:45:01.619077,BEL27FEB25P270,OPTSTK,11.7,8618400,11.65,11.75,5132850,11400,17100,BEL,270.0,PE,27-FEB-2025
2025-02-03 10:45:09.453176,BEL27FEB25P270,OPTSTK,11.55,8618400,11.65,11.75,5132850,11400,17100,BEL,270.0,PE,27-FEB-2025
2025-02-03 12:02:22.495489,BEL27FEB25P270,OPTSTK,10.6,11077950,10.55,10.65,5355150,19950,5700,BEL,270.0,PE,27-FEB-2025
2025-02-03 12:02:29.160118,BEL27FEB25P270,OPTSTK,10.75,11077950,10.55,10.65,5355150,19950,5700,BEL,270.0,PE,27-FEB-2025
2025-02-03 12:02:35.537620,BEL27FEB25P270,OPTSTK,10.75,11080800,10.65,10.75,5355150,22800,17100,BEL,270.0,PE,27-FEB-2025
2025-02-03 12:02:41.835332,BEL27FEB25P270,OPTSTK,10.75,11080800,10.65,10.75,5355150,22800,17100,BEL,270.0,PE,27-FEB-2025
2025-02-03 12:02:48.310071,BEL27FEB25P270,OPTSTK,10.75,11080800,10.65,10.75,5355150,22800,17100,BEL,270.0,PE,27-FEB-2025
2025-02-03 12:02:54.442539,BEL27FEB25P270,OPTSTK,10.75,11092200,10.65,10.75,5355150,22800,25650,BEL,270.0,PE,27-FEB-2025
2025-02-03 12:03:01.072712,BEL27FEB25P270,OPTSTK,10.8,11092200,10.65,10.75,5355150,22800,25650,BEL,270.0,PE,27-FEB-2025
2025-02-03 12:03:07.547840,BEL27FEB25P270,OPTSTK,10.85,11092200,10.65,10.75,5355150,22800,25650,BEL,270.0,PE,27-FEB-2025
2025-02-03 12:03:14.798111,BEL27FEB25P270,OPTSTK,10.8,11109300,10.8,10.9,5355150,25650,2850,BEL,270.0,PE,27-FEB-2025
2025-02-03 12:03:23.493666,BEL27FEB25P270,OPTSTK,10.8,11109300,10.8,10.9,5355150,25650,2850,BEL,270.0,PE,27-FEB-2025
2025-02-03 12:03:31.167340,BEL27FEB25P270,OPTSTK,10.8,11109300,10.8,10.9,5355150,25650,2850,BEL,270.0,PE,27-FEB-2025
2025-02-03 12:03:37.577525,BEL27FEB25P270,OPTSTK,10.85,11109300,10.85,10.95,5355150,22800,19950,BEL,270.0,PE,27-FEB-2025
2025-02-03 12:03:44.256401,BEL27FEB25P270,OPTSTK,10.85,11109300,10.85,10.95,5355150,22800,19950,BEL,270.0,PE,27-FEB-2025
2025-02-03 12:03:50.940092,BEL27FEB25P270,OPTSTK,10.85,11109300,10.85,10.95,5355150,22800,19950,BEL,270.0,PE,27-FEB-2025
2025-02-03 12:03:57.496482,BEL27FEB25P270,OPTSTK,10.85,11112150,10.9,11.0,5355150,14250,34200,BEL,270.0,PE,27-FEB-2025
2025-02-03 12:04:04.124672,BEL27FEB25P270,OPTSTK,10.85,11112150,10.9,11.0,5355150,14250,34200,BEL,270.0,PE,27-FEB-2025
2025-02-03 12:04:10.517507,BEL27FEB25P270,OPTSTK,10.85,11112150,10.9,11.0,5355150,14250,34200,BEL,270.0,PE,27-FEB-2025
2025-02-03 12:04:17.082864,BEL27FEB25P270,OPTSTK,10.85,11112150,10.9,11.0,5355150,19950,11400,BEL,270.0,PE,27-FEB-2025
2025-02-03 12:04:23.491034,BEL27FEB25P270,OPTSTK,10.85,11112150,10.9,11.0,5355150,19950,11400,BEL,270.0,PE,27-FEB-2025
2025-02-03 12:04:30.613074,BEL27FEB25P270,OPTSTK,10.85,11112150,10.9,11.0,5372250,19950,11400,BEL,270.0,PE,27-FEB-2025
2025-02-03 12:04:39.374480,BEL27FEB25P270,OPTSTK,10.85,11120700,10.8,10.9,5372250,17100,28500,BEL,270.0,PE,27-FEB-2025
2025-02-03 12:04:47.358396,BEL27FEB25P270,OPTSTK,10.85,11120700,10.8,10.9,5372250,17100,28500,BEL,270.0,PE,27-FEB-2025
2025-02-03 12:04:53.723411,BEL27FEB25P270,OPTSTK,10.85,11120700,10.8,10.9,5372250,17100,28500,BEL,270.0,PE,27-FEB-2025
2025-02-03 12:05:00.218201,BEL27FEB25P270,OPTSTK,10.85,11120700,10.85,10.95,5372250,11400,19950,BEL,270.0,PE,27-FEB-2025
2025-02-03 12:05:06.863694,BEL27FEB25P270,OPTSTK,10.85,11120700,10.85,10.95,5372250,11400,19950,BEL,270.0,PE,27-FEB-2025
2025-02-03 12:05:13.487224,BEL27FEB25P270,OPTSTK,10.85,11120700,10.85,10.95,5372250,11400,19950,BEL,270.0,PE,27-FEB-2025
2025-02-03 12:05:20.337355,BEL27FEB25P270,OPTSTK,10.85,11120700,10.9,11.0,5372250,19950,8550,BEL,270.0,PE,27-FEB-2025
2025-02-03 12:05:27.104185,BEL27FEB25P270,OPTSTK,10.85,11120700,10.9,11.0,5372250,19950,8550,BEL,270.0,PE,27-FEB-2025
2025-02-03 12:05:33.677661,BEL27FEB25P270,OPTSTK,10.85,11120700,10.9,11.0,5372250,19950,8550,BEL,270.0,PE,27-FEB-2025
2025-02-03 12:05:40.181061,BEL27FEB25P270,OPTSTK,10.85,11120700,10.9,11.0,5372250,31350,14250,BEL,270.0,PE,27-FEB-2025
2025-02-03 12:05:47.118992,BEL27FEB25P270,OPTSTK,10.85,11120700,10.9,11.0,5372250,31350,14250,BEL,270.0,PE,27-FEB-2025
2025-02-03 12:05:55.774945,BEL27FEB25P270,OPTSTK,10.85,11120700,10.9,11.0,5372250,31350,14250,BEL,270.0,PE,27-FEB-2025
2025-02-03 12:06:03.408807,BEL27FEB25P270,OPTSTK,10.85,11120700,10.9,11.0,5372250,19950,22800,BEL,270.0,PE,27-FEB-2025
2025-02-03 12:06:10.120414,BEL27FEB25P270,OPTSTK,10.85,11120700,10.9,11.0,5372250,19950,22800,BEL,270.0,PE,27-FEB-2025
2025-02-03 12:06:17.162783,BEL27FEB25P270,OPTSTK,10.85,11120700,10.9,11.0,5372250,19950,22800,BEL,270.0,PE,27-FEB-2025
2025-02-03 12:06:23.545967,BEL27FEB25P270,OPTSTK,10.85,11120700,10.85,10.95,5372250,14250,22800,BEL,270.0,PE,27-FEB-2025
2025-02-03 12:06:30.116975,BEL27FEB25P270,OPTSTK,10.85,11120700,10.85,10.95,5372250,14250,22800,BEL,270.0,PE,27-FEB-2025
2025-02-03 12:06:36.843339,BEL27FEB25P270,OPTSTK,10.85,11120700,10.85,10.95,5372250,14250,22800,BEL,270.0,PE,27-FEB-2025
2025-02-03 12:06:43.874922,BEL27FEB25P270,OPTSTK,10.85,11120700,10.85,10.95,5372250,14250,22800,BEL,270.0,PE,27-FEB-2025
2025-02-03 12:06:50.781930,BEL27FEB25P270,OPTSTK,10.85,11129250,10.85,10.95,5372250,2850,39900,BEL,270.0,PE,27-FEB-2025
2025-02-03 12:06:59.984782,BEL27FEB25P270,OPTSTK,10.85,11129250,10.85,10.95,5372250,2850,39900,BEL,270.0,PE,27-FEB-2025
2025-02-03 12:07:09.193038,BEL27FEB25P270,OPTSTK,10.85,11129250,10.9,11.0,5372250,14250,11400,BEL,270.0,PE,27-FEB-2025
2025-02-03 12:07:16.901949,BEL27FEB25P270,OPTSTK,10.85,11129250,10.9,11.0,5372250,14250,11400,BEL,270.0,PE,27-FEB-2025
2025-02-03 12:07:24.395123,BEL27FEB25P270,OPTSTK,11.05,11129250,10.9,11.0,5380800,14250,11400,BEL,270.0,PE,27-FEB-2025
2025-02-03 12:07:31.915628,BEL27FEB25P270,OPTSTK,11.05,11134950,11.0,11.1,5380800,8550,19950,BEL,270.0,PE,27-FEB-2025
2025-02-03 12:07:39.628928,BEL27FEB25P270,OPTSTK,11.05,11134950,11.0,11.1,5380800,8550,19950,BEL,270.0,PE,27-FEB-2025
2025-02-03 12:07:46.876476,BEL27FEB25P270,OPTSTK,11.05,11134950,11.0,11.1,5380800,8550,19950,BEL,270.0,PE,27-FEB-2025
2025-02-03 12:07:54.338502,BEL27FEB25P270,OPTSTK,11.05,11134950,10.95,11.1,5380800,25650,28500,BEL,270.0,PE,27-FEB-2025
2025-02-03 12:08:01.752295,BEL27FEB25P270,OPTSTK,11.05,11134950,10.95,11.1,5380800,25650,28500,BEL,270.0,PE,27-FEB-2025
2025-02-03 12:08:09.972501,BEL27FEB25P270,OPTSTK,11.0,11134950,10.95,11.1,5380800,25650,28500,BEL,270.0,PE,27-FEB-2025
2025-02-03 12:08:17.972200,BEL27FEB25P270,OPTSTK,11.0,11140650,10.95,11.05,5380800,17100,8550,BEL,270.0,PE,27-FEB-2025
2025-02-03 12:08:26.746816,BEL27FEB25P270,OPTSTK,11.0,11140650,10.95,11.05,5380800,17100,8550,BEL,270.0,PE,27-FEB-2025
2025-02-03 12:08:34.261976,BEL27FEB25P270,OPTSTK,11.0,11146350,11.0,11.1,5380800,8550,19950,BEL,270.0,PE,27-FEB-2025
2025-02-03 12:08:40.760716,BEL27FEB25P270,OPTSTK,11.0,11146350,11.0,11.1,5380800,8550,19950,BEL,270.0,PE,27-FEB-2025
2025-02-03 12:08:47.420881,BEL27FEB25P270,OPTSTK,11.1,11146350,11.0,11.1,5380800,8550,19950,BEL,270.0,PE,27-FEB-2025
2025-02-03 12:08:53.698292,BEL27FEB25P270,OPTSTK,11.1,11146350,11.0,11.1,5380800,8550,19950,BEL,270.0,PE,27-FEB-2025
2025-02-03 12:09:00.068386,BEL27FEB25P270,OPTSTK,11.1,11154900,11.05,11.15,5380800,14250,19950,BEL,270.0,PE,27-FEB-2025
2025-02-03 12:09:06.319953,BEL27FEB25P270,OPTSTK,11.1,11154900,11.05,11.15,5380800,14250,19950,BEL,270.0,PE,27-FEB-2025
2025-02-03 12:09:12.515053,BEL27FEB25P270,OPTSTK,11.1,11154900,11.05,11.15,5380800,14250,19950,BEL,270.0,PE,27-FEB-2025
2025-02-03 12:09:18.854341,BEL27FEB25P270,OPTSTK,11.1,11154900,11.1,11.2,5380800,2850,28500,BEL,270.0,PE,27-FEB-2025
2025-02-03 12:09:25.053807,BEL27FEB25P270,OPTSTK,11.1,11154900,11.1,11.2,5380800,2850,28500,BEL,270.0,PE,27-FEB-2025
2025-02-03 12:09:31.513459,BEL27FEB25P270,OPTSTK,11.05,11154900,11.1,11.2,5380800,2850,28500,BEL,270.0,PE,27-FEB-2025
2025-02-03 12:09:39.324431,BEL27FEB25P270,OPTSTK,11.05,11160600,11.05,11.1,5380800,2850,8550,BEL,270.0,PE,27-FEB-2025
2025-02-03 12:09:47.911842,BEL27FEB25P270,OPTSTK,11.05,11160600,11.05,11.1,5380800,2850,8550,BEL,270.0,PE,27-FEB-2025
2025-02-03 12:09:55.334552,BEL27FEB25P270,OPTSTK,11.1,11160600,11.05,11.1,5380800,2850,8550,BEL,270.0,PE,27-FEB-2025
2025-02-03 12:10:01.717189,BEL27FEB25P270,OPTSTK,11.15,11180550,11.1,11.2,5380800,14250,17100,BEL,270.0,PE,27-FEB-2025
2025-02-03 12:10:08.135247,BEL27FEB25P270,OPTSTK,11.15,11180550,11.1,11.2,5403600,14250,17100,BEL,270.0,PE,27-FEB-2025
2025-02-03 12:10:14.477131,BEL27FEB25P270,OPTSTK,11.15,11180550,11.1,11.2,5403600,14250,17100,BEL,270.0,PE,27-FEB-2025
2025-02-03 12:10:20.703987,BEL27FEB25P270,OPTSTK,11.15,11186250,11.15,11.25,5403600,11400,28500,BEL,270.0,PE,27-FEB-2025
2025-02-03 12:10:26.951573,BEL27FEB25P270,OPTSTK,11.25,11186250,11.15,11.25,5403600,11400,28500,BEL,270.0,PE,27-FEB-2025
2025-02-03 12:10:33.174260,BEL27FEB25P270,OPTSTK,11.15,11186250,11.15,11.25,5403600,11400,28500,BEL,270.0,PE,27-FEB-2025
2025-02-03 12:10:41.199737,BEL27FEB25P270,OPTSTK,11.15,11197650,11.1,11.2,5403600,14250,22800,BEL,270.0,PE,27-FEB-2025
2025-02-03 12:10:47.779677,BEL27FEB25P270,OPTSTK,11.15,11197650,11.1,11.2,5403600,14250,22800,BEL,270.0,PE,27-FEB-2025
2025-02-03 12:10:55.186393,BEL27FEB25P270,OPTSTK,11.15,11197650,11.1,11.2,5403600,14250,22800,BEL,270.0,PE,27-FEB-2025
2025-02-03 12:11:03.632710,BEL27FEB25P270,OPTSTK,11.15,11200500,11.15,11.2,5403600,8550,2850,BEL,270.0,PE,27-FEB-2025
2025-02-03 12:11:11.054897,BEL27FEB25P270,OPTSTK,11.05,11200500,11.15,11.2,5403600,8550,2850,BEL,270.0,PE,27-FEB-2025
2025-02-03 12:11:17.364811,BEL27FEB25P270,OPTSTK,11.05,11200500,11.15,11.2,5403600,8550,2850,BEL,270.0,PE,27-FEB-2025
2025-02-03 12:11:23.650592,BEL27FEB25P270,OPTSTK,11.05,11226150,11.0,11.05,5403600,28500,14250,BEL,270.0,PE,27-FEB-2025
2025-02-03 12:11:29.838463,BEL27FEB25P270,OPTSTK,11.05,11226150,11.0,11.05,5403600,28500,14250,BEL,270.0,PE,27-FEB-2025
2025-02-03 12:11:36.179363,BEL27FEB25P270,OPTSTK,11.05,11226150,11.0,11.05,5403600,28500,14250,BEL,270.0,PE,27-FEB-2025
2025-02-03 12:11:42.521041,BEL27FEB25P270,OPTSTK,11.05,11226150,11.0,11.05,5403600,28500,14250,BEL,270.0,PE,27-FEB-2025
2025-02-03 12:11:48.827884,BEL27FEB25P270,OPTSTK,11.05,11226150,11.0,11.1,5403600,39900,37050,BEL,270.0,PE,27-FEB-2025
2025-02-03 12:11:55.420623,BEL27FEB25P270,OPTSTK,11.05,11226150,11.0,11.1,5403600,39900,37050,BEL,270.0,PE,27-FEB-2025
2025-02-03 12:12:01.934417,BEL27FEB25P270,OPTSTK,11.05,11226150,11.0,11.1,5403600,39900,37050,BEL,270.0,PE,27-FEB-2025
2025-02-03 12:12:08.113975,BEL27FEB25P270,OPTSTK,11.1,11226150,11.0,11.05,5403600,39900,2850,BEL,270.0,PE,27-FEB-2025
2025-02-03 12:12:16.718988,BEL27FEB25P270,OPTSTK,11.1,11226150,11.0,11.05,5403600,39900,2850,BEL,270.0,PE,27-FEB-2025
2025-02-03 12:12:24.389120,BEL27FEB25P270,OPTSTK,11.1,11226150,11.0,11.05,5403600,39900,2850,BEL,270.0,PE,27-FEB-2025
2025-02-03 12:12:30.725101,BEL27FEB25P270,OPTSTK,11.1,11234700,11.0,11.1,5403600,45600,22800,BEL,270.0,PE,27-FEB-2025
2025-02-03 12:12:36.882144,BEL27FEB25P270,OPTSTK,11.1,11234700,11.0,11.1,5403600,45600,22800,BEL,270.0,PE,27-FEB-2025
2025-02-03 12:12:43.100752,BEL27FEB25P270,OPTSTK,11.1,11234700,11.0,11.1,5403600,45600,22800,BEL,270.0,PE,27-FEB-2025
2025-02-03 12:12:49.447816,BEL27FEB25P270,OPTSTK,11.1,11240400,11.05,11.15,5403600,17100,14250,BEL,270.0,PE,27-FEB-2025
2025-02-03 12:12:55.589660,BEL27FEB25P270,OPTSTK,11.1,11240400,11.05,11.15,5403600,17100,14250,BEL,270.0,PE,27-FEB-2025
2025-02-03 12:13:01.720395,BEL27FEB25P270,OPTSTK,11.1,11240400,11.05,11.15,5403600,17100,14250,BEL,270.0,PE,27-FEB-2025
2025-02-03 12:13:07.969203,BEL27FEB25P270,OPTSTK,11.1,11240400,11.1,11.25,5415000,34200,19950,BEL,270.0,PE,27-FEB-2025
2025-02-03 12:13:14.706528,BEL27FEB25P270,OPTSTK,11.1,11240400,11.1,11.25,5415000,34200,19950,BEL,270.0,PE,27-FEB-2025
2025-02-03 12:13:20.903039,BEL27FEB25P270,OPTSTK,11.0,11240400,11.1,11.25,5415000,34200,19950,BEL,270.0,PE,27-FEB-2025
2025-02-03 12:13:28.713410,BEL27FEB25P270,OPTSTK,11.0,11283150,10.9,11.0,5415000,2850,19950,BEL,270.0,PE,27-FEB-2025
2025-02-03 12:13:36.668911,BEL27FEB25P270,OPTSTK,11.0,11283150,10.9,11.0,5415000,2850,19950,BEL,270.0,PE,27-FEB-2025
2025-02-03 12:13:43.715750,BEL27FEB25P270,OPTSTK,10.95,11283150,10.9,11.0,5415000,2850,19950,BEL,270.0,PE,27-FEB-2025
2025-02-03 12:13:50.235930,BEL27FEB25P270,OPTSTK,10.95,11286000,10.9,11.0,5415000,28500,8550,BEL,270.0,PE,27-FEB-2025
2025-02-03 12:13:56.587088,BEL27FEB25P270,OPTSTK,10.95,11286000,10.9,11.0,5415000,28500,8550,BEL,270.0,PE,27-FEB-2025
2025-02-03 12:14:03.900102,BEL27FEB25P270,OPTSTK,10.95,11286000,10.9,11.0,5415000,28500,8550,BEL,270.0,PE,27-FEB-2025
2025-02-03 12:14:10.448915,BEL27FEB25P270,OPTSTK,10.95,11286000,10.85,10.95,5415000,25650,8550,BEL,270.0,PE,27-FEB-2025
2025-02-03 12:14:16.950709,BEL27FEB25P270,OPTSTK,10.95,11286000,10.85,10.95,5415000,25650,8550,BEL,270.0,PE,27-FEB-2025
2025-02-03 12:14:24.541553,BEL27FEB25P270,OPTSTK,10.95,11286000,10.85,10.95,5415000,25650,8550,BEL,270.0,PE,27-FEB-2025
2025-02-03 12:14:31.199731,BEL27FEB25P270,OPTSTK,10.95,11286000,10.85,10.95,5415000,25650,8550,BEL,270.0,PE,27-FEB-2025
2025-02-03 12:14:37.751088,BEL27FEB25P270,OPTSTK,10.95,11286000,10.95,11.05,5415000,19950,17100,BEL,270.0,PE,27-FEB-2025
2025-02-03 12:14:45.348502,BEL27FEB25P270,OPTSTK,10.95,11286000,10.95,11.05,5415000,19950,17100,BEL,270.0,PE,27-FEB-2025
2025-02-03 12:14:53.406093,BEL27FEB25P270,OPTSTK,10.95,11286000,10.95,11.05,5415000,19950,17100,BEL,270.0,PE,27-FEB-2025
2025-02-03 12:15:00.557362,BEL27FEB25P270,OPTSTK,10.95,11286000,10.9,11.0,5415000,8550,19950,BEL,270.0,PE,27-FEB-2025
2025-02-03 12:15:06.799970,BEL27FEB25P270,OPTSTK,10.95,11286000,10.9,11.0,5415000,8550,19950,BEL,270.0,PE,27-FEB-2025
2025-02-03 12:15:13.157010,BEL27FEB25P270,OPTSTK,10.95,11286000,10.9,11.0,5415000,8550,19950,BEL,270.0,PE,27-FEB-2025
2025-02-03 12:15:20.203286,BEL27FEB25P270,OPTSTK,10.95,11286000,10.95,11.05,5415000,17100,19950,BEL,270.0,PE,27-FEB-2025
2025-02-03 12:15:26.946202,BEL27FEB25P270,OPTSTK,11.05,11286000,10.95,11.05,5415000,17100,19950,BEL,270.0,PE,27-FEB-2025
2025-02-03 12:15:33.487346,BEL27FEB25P270,OPTSTK,11.0,11286000,10.95,11.05,5415000,17100,19950,BEL,270.0,PE,27-FEB-2025
2025-02-03 12:15:39.976742,BEL27FEB25P270,OPTSTK,10.95,11311650,10.85,10.95,5415000,17100,2850,BEL,270.0,PE,27-FEB-2025
2025-02-03 12:15:46.500406,BEL27FEB25P270,OPTSTK,10.95,11311650,10.85,10.95,5415000,17100,2850,BEL,270.0,PE,27-FEB-2025
2025-02-03 13:09:08.160236,BEL27FEB25P270,OPTSTK,10.7,11930100,10.75,10.85,5446350,2850,17100,BEL,270.0,PE,27-FEB-2025
2025-02-03 13:10:54.982493,BEL27FEB25P270,OPTSTK,10.7,11938650,10.7,10.8,5506200,11400,11400,BEL,270.0,PE,27-FEB-2025
2025-02-03 13:11:01.483146,BEL27FEB25P270,OPTSTK,10.7,11938650,10.65,10.8,5506200,17100,22800,BEL,270.0,PE,27-FEB-2025
2025-02-03 13:12:06.975173,BEL27FEB25P270,OPTSTK,10.7,11938650,10.65,10.75,5506200,11400,14250,BEL,270.0,PE,27-FEB-2025
2025-02-03 13:12:13.563337,BEL27FEB25P270,OPTSTK,10.7,11938650,10.6,10.7,5506200,31350,2850,BEL,270.0,PE,27-FEB-2025
2025-02-03 13:12:21.566476,BEL27FEB25P270,OPTSTK,10.7,11938650,10.6,10.7,5506200,31350,2850,BEL,270.0,PE,27-FEB-2025
2025-02-03 13:12:28.095515,BEL27FEB25P270,OPTSTK,10.7,11938650,10.6,10.7,5506200,31350,2850,BEL,270.0,PE,27-FEB-2025
2025-02-03 13:12:35.248046,BEL27FEB25P270,OPTSTK,10.7,11938650,10.6,10.7,5506200,19950,5700,BEL,270.0,PE,27-FEB-2025
2025-02-03 13:12:41.351801,BEL27FEB25P270,OPTSTK,10.7,11938650,10.6,10.7,5506200,19950,5700,BEL,270.0,PE,27-FEB-2025
2025-02-03 13:12:48.725243,BEL27FEB25P270,OPTSTK,10.5,11938650,10.6,10.7,5506200,19950,5700,BEL,270.0,PE,27-FEB-2025
2025-02-03 13:12:57.061552,BEL27FEB25P270,OPTSTK,10.5,11952900,10.35,10.45,5506200,17100,5700,BEL,270.0,PE,27-FEB-2025
2025-02-03 13:13:04.976348,BEL27FEB25P270,OPTSTK,10.5,11952900,10.35,10.45,5506200,17100,5700,BEL,270.0,PE,27-FEB-2025
2025-02-03 13:13:11.519569,BEL27FEB25P270,OPTSTK,10.0,11952900,10.35,10.45,5506200,17100,5700,BEL,270.0,PE,27-FEB-2025
2025-02-03 13:13:17.996264,BEL27FEB25P270,OPTSTK,10.1,12012750,9.95,10.05,5523300,8550,11400,BEL,270.0,PE,27-FEB-2025
2025-02-03 13:13:23.973374,BEL27FEB25P270,OPTSTK,10.05,12012750,9.95,10.05,5523300,8550,11400,BEL,270.0,PE,27-FEB-2025
2025-02-03 13:13:30.210383,BEL27FEB25P270,OPTSTK,10.05,12012750,9.95,10.05,5523300,8550,11400,BEL,270.0,PE,27-FEB-2025
2025-02-03 13:13:36.333333,BEL27FEB25P270,OPTSTK,10.05,12027000,10.1,10.2,5523300,5700,14250,BEL,270.0,PE,27-FEB-2025
2025-02-03 13:13:42.779416,BEL27FEB25P270,OPTSTK,10.05,12027000,10.1,10.2,5523300,5700,14250,BEL,270.0,PE,27-FEB-2025
2025-02-03 13:13:49.069028,BEL27FEB25P270,OPTSTK,10.05,12027000,10.1,10.2,5523300,5700,14250,BEL,270.0,PE,27-FEB-2025
2025-02-03 13:13:56.673382,BEL27FEB25P270,OPTSTK,10.05,12032700,10.0,10.1,5523300,11400,11400,BEL,270.0,PE,27-FEB-2025
2025-02-03 13:14:03.740793,BEL27FEB25P270,OPTSTK,10.1,12032700,10.0,10.1,5523300,11400,11400,BEL,270.0,PE,27-FEB-2025
2025-02-03 13:14:12.348317,BEL27FEB25P270,OPTSTK,10.15,12032700,10.0,10.1,5523300,11400,11400,BEL,270.0,PE,27-FEB-2025
2025-02-03 13:14:19.787887,BEL27FEB25P270,OPTSTK,10.15,12038400,10.1,10.2,5523300,5700,14250,BEL,270.0,PE,27-FEB-2025
2025-02-03 13:14:26.030632,BEL27FEB25P270,OPTSTK,10.15,12038400,10.1,10.2,5523300,5700,14250,BEL,270.0,PE,27-FEB-2025
2025-02-03 13:14:32.362911,BEL27FEB25P270,OPTSTK,10.15,12038400,10.1,10.2,5523300,5700,14250,BEL,270.0,PE,27-FEB-2025
2025-02-03 13:14:38.639461,BEL27FEB25P270,OPTSTK,10.15,12038400,10.1,10.2,5523300,5700,14250,BEL,270.0,PE,27-FEB-2025
2025-02-03 13:14:45.013626,BEL27FEB25P270,OPTSTK,10.15,12038400,10.05,10.1,5523300,17100,5700,BEL,270.0,PE,27-FEB-2025
2025-02-03 13:14:51.861991,BEL27FEB25P270,OPTSTK,10.05,12038400,10.05,10.1,5523300,17100,5700,BEL,270.0,PE,27-FEB-2025
2025-02-03 13:14:58.180985,BEL27FEB25P270,OPTSTK,10.1,12038400,10.05,10.1,5523300,17100,5700,BEL,270.0,PE,27-FEB-2025
2025-02-03 13:15:04.440904,BEL27FEB25P270,OPTSTK,10.1,12052650,10.1,10.2,5523300,14250,14250,BEL,270.0,PE,27-FEB-2025
2025-02-03 13:15:10.692247,BEL27FEB25P270,OPTSTK,10.1,12052650,10.1,10.2,5523300,14250,14250,BEL,270.0,PE,27-FEB-2025
2025-02-03 13:15:16.824503,BEL27FEB25P270,OPTSTK,10.1,12052650,10.1,10.2,5523300,14250,14250,BEL,270.0,PE,27-FEB-2025
2025-02-03 13:15:25.123495,BEL27FEB25P270,OPTSTK,10.1,12052650,10.2,10.3,5523300,19950,5700,BEL,270.0,PE,27-FEB-2025
2025-02-03 13:15:33.459915,BEL27FEB25P270,OPTSTK,10.1,12052650,10.2,10.3,5523300,19950,5700,BEL,270.0,PE,27-FEB-2025
2025-02-03 13:15:41.032587,BEL27FEB25P270,OPTSTK,10.1,12052650,10.2,10.3,5523300,19950,5700,BEL,270.0,PE,27-FEB-2025
2025-02-03 13:15:47.244282,BEL27FEB25P270,OPTSTK,10.35,12069750,10.25,10.4,5523300,22800,25650,BEL,270.0,PE,27-FEB-2025
2025-02-03 13:15:53.472636,BEL27FEB25P270,OPTSTK,10.35,12069750,10.25,10.4,5523300,22800,25650,BEL,270.0,PE,27-FEB-2025
2025-02-03 13:15:59.925373,BEL27FEB25P270,OPTSTK,10.35,12069750,10.25,10.4,5523300,22800,25650,BEL,270.0,PE,27-FEB-2025
2025-02-03 13:16:06.191434,BEL27FEB25P270,OPTSTK,10.1,12069750,10.25,10.4,5523300,22800,25650,BEL,270.0,PE,27-FEB-2025
2025-02-03 13:16:12.849391,BEL27FEB25P270,OPTSTK,10.1,12089700,10.05,10.2,5523300,34200,19950,BEL,270.0,PE,27-FEB-2025
2025-02-03 13:16:19.924427,BEL27FEB25P270,OPTSTK,10.0,12089700,10.05,10.2,5520450,34200,19950,BEL,270.0,PE,27-FEB-2025
2025-02-03 13:16:27.248636,BEL27FEB25P270,OPTSTK,10.0,12089700,10.05,10.2,5520450,34200,19950,BEL,270.0,PE,27-FEB-2025
2025-02-03 13:16:33.824304,BEL27FEB25P270,OPTSTK,10.0,12103950,10.0,10.1,5520450,17100,5700,BEL,270.0,PE,27-FEB-2025
2025-02-03 13:16:40.847391,BEL27FEB25P270,OPTSTK,10.0,12103950,10.0,10.1,5520450,17100,5700,BEL,270.0,PE,27-FEB-2025
2025-02-03 13:16:47.548584,BEL27FEB25P270,OPTSTK,10.0,12103950,10.0,10.1,5520450,17100,5700,BEL,270.0,PE,27-FEB-2025
2025-02-03 13:16:54.136902,BEL27FEB25P270,OPTSTK,10.0,12109650,9.9,10.0,5520450,25650,8550,BEL,270.0,PE,27-FEB-2025
2025-02-03 13:17:00.585656,BEL27FEB25P270,OPTSTK,10.0,12109650,9.9,10.0,5520450,25650,8550,BEL,270.0,PE,27-FEB-2025
2025-02-03 13:17:06.941623,BEL27FEB25P270,OPTSTK,10.0,12109650,9.9,10.0,5520450,25650,8550,BEL,270.0,PE,27-FEB-2025
2025-02-03 13:17:14.289780,BEL27FEB25P270,OPTSTK,10.0,12109650,9.95,10.1,5520450,28500,22800,BEL,270.0,PE,27-FEB-2025
2025-02-03 13:17:20.676920,BEL27FEB25P270,OPTSTK,9.95,12109650,9.95,10.1,5520450,28500,22800,BEL,270.0,PE,27-FEB-2025
2025-02-03 13:17:27.089729,BEL27FEB25P270,OPTSTK,9.95,12109650,9.95,10.1,5520450,28500,22800,BEL,270.0,PE,27-FEB-2025
2025-02-03 13:17:33.395518,BEL27FEB25P270,OPTSTK,10.05,12109650,9.95,10.1,5520450,28500,22800,BEL,270.0,PE,27-FEB-2025
2025-02-03 13:17:39.779757,BEL27FEB25P270,OPTSTK,10.05,12143850,10.0,10.1,5520450,8550,19950,BEL,270.0,PE,27-FEB-2025
2025-02-03 13:17:46.092434,BEL27FEB25P270,OPTSTK,10.1,12143850,10.0,10.1,5520450,8550,19950,BEL,270.0,PE,27-FEB-2025
2025-02-03 13:17:52.429219,BEL27FEB25P270,OPTSTK,10.1,12143850,10.0,10.1,5520450,8550,19950,BEL,270.0,PE,27-FEB-2025
2025-02-03 13:17:59.188757,BEL27FEB25P270,OPTSTK,10.1,12149550,10.05,10.15,5520450,17100,11400,BEL,270.0,PE,27-FEB-2025
2025-02-03 13:18:05.694481,BEL27FEB25P270,OPTSTK,10.1,12149550,10.05,10.15,5520450,17100,11400,BEL,270.0,PE,27-FEB-2025
2025-02-03 13:18:12.204483,BEL27FEB25P270,OPTSTK,10.1,12149550,10.05,10.15,5520450,17100,11400,BEL,270.0,PE,27-FEB-2025
2025-02-03 13:18:18.494409,BEL27FEB25P270,OPTSTK,10.1,12149550,10.05,10.15,5520450,17100,11400,BEL,270.0,PE,27-FEB-2025
2025-02-03 13:18:24.702243,BEL27FEB25P270,OPTSTK,10.1,12149550,10.05,10.2,5520450,31350,19950,BEL,270.0,PE,27-FEB-2025
2025-02-03 13:18:31.123235,BEL27FEB25P270,OPTSTK,10.1,12149550,10.05,10.2,5520450,31350,19950,BEL,270.0,PE,27-FEB-2025
2025-02-03 13:18:37.634491,BEL27FEB25P270,OPTSTK,10.1,12149550,10.05,10.2,5520450,31350,19950,BEL,270.0,PE,27-FEB-2025
2025-02-03 13:18:43.953525,BEL27FEB25P270,OPTSTK,10.1,12149550,10.05,10.15,5520450,14250,14250,BEL,270.0,PE,27-FEB-2025
2025-02-03 13:18:50.535270,BEL27FEB25P270,OPTSTK,10.1,12149550,10.05,10.15,5520450,14250,14250,BEL,270.0,PE,27-FEB-2025
2025-02-03 13:18:56.951202,BEL27FEB25P270,OPTSTK,10.1,12149550,10.05,10.15,5520450,14250,14250,BEL,270.0,PE,27-FEB-2025
2025-02-03 13:19:03.489672,BEL27FEB25P270,OPTSTK,10.1,12152400,10.0,10.15,5520450,31350,19950,BEL,270.0,PE,27-FEB-2025
2025-02-03 13:19:09.942267,BEL27FEB25P270,OPTSTK,10.0,12152400,10.0,10.15,5520450,31350,19950,BEL,270.0,PE,27-FEB-2025
2025-02-03 13:19:16.323081,BEL27FEB25P270,OPTSTK,10.0,12152400,10.0,10.15,5520450,31350,19950,BEL,270.0,PE,27-FEB-2025
2025-02-03 13:19:22.741035,BEL27FEB25P270,OPTSTK,10.0,12152400,10.0,10.15,5520450,31350,19950,BEL,270.0,PE,27-FEB-2025
2025-02-03 13:19:29.070981,BEL27FEB25P270,OPTSTK,10.15,12160950,10.05,10.15,5531850,2850,39900,BEL,270.0,PE,27-FEB-2025
2025-02-03 13:19:35.456421,BEL27FEB25P270,OPTSTK,10.15,12160950,10.05,10.15,5531850,2850,39900,BEL,270.0,PE,27-FEB-2025
2025-02-03 13:19:42.188868,BEL27FEB25P270,OPTSTK,10.1,12160950,10.05,10.15,5531850,2850,39900,BEL,270.0,PE,27-FEB-2025
2025-02-03 13:19:48.724003,BEL27FEB25P270,OPTSTK,10.1,12169500,10.2,10.35,5531850,14250,39900,BEL,270.0,PE,27-FEB-2025
2025-02-03 13:19:55.083237,BEL27FEB25P270,OPTSTK,10.1,12169500,10.2,10.35,5531850,14250,39900,BEL,270.0,PE,27-FEB-2025
2025-02-03 13:20:01.518622,BEL27FEB25P270,OPTSTK,10.2,12169500,10.2,10.35,5531850,14250,39900,BEL,270.0,PE,27-FEB-2025
2025-02-03 13:20:07.924854,BEL27FEB25P270,OPTSTK,10.2,12169500,10.2,10.35,5531850,14250,39900,BEL,270.0,PE,27-FEB-2025
2025-02-03 13:20:14.281806,BEL27FEB25P270,OPTSTK,10.15,12172350,10.15,10.25,5531850,11400,14250,BEL,270.0,PE,27-FEB-2025
2025-02-03 13:20:20.721747,BEL27FEB25P270,OPTSTK,10.15,12172350,10.15,10.25,5531850,11400,14250,BEL,270.0,PE,27-FEB-2025
2025-02-03 13:20:27.127637,BEL27FEB25P270,OPTSTK,10.15,12172350,10.15,10.25,5531850,11400,14250,BEL,270.0,PE,27-FEB-2025
2025-02-03 13:20:33.692291,BEL27FEB25P270,OPTSTK,10.15,12189450,10.0,10.1,5531850,5700,17100,BEL,270.0,PE,27-FEB-2025
2025-02-03 13:20:40.066753,BEL27FEB25P270,OPTSTK,10.15,12189450,10.0,10.1,5531850,5700,17100,BEL,270.0,PE,27-FEB-2025
2025-02-03 13:20:46.297966,BEL27FEB25P270,OPTSTK,10.15,12189450,10.0,10.1,5531850,5700,17100,BEL,270.0,PE,27-FEB-2025
2025-02-03 13:20:52.523648,BEL27FEB25P270,OPTSTK,10.15,12189450,10.0,10.1,5531850,5700,17100,BEL,270.0,PE,27-FEB-2025
2025-02-03 13:20:58.935701,BEL27FEB25P270,OPTSTK,10.1,12189450,9.95,10.05,5531850,11400,17100,BEL,270.0,PE,27-FEB-2025
2025-02-03 13:21:05.269726,BEL27FEB25P270,OPTSTK,10.1,12189450,9.95,10.05,5531850,11400,17100,BEL,270.0,PE,27-FEB-2025
2025-02-03 13:21:11.578966,BEL27FEB25P270,OPTSTK,10.25,12189450,9.95,10.05,5531850,11400,17100,BEL,270.0,PE,27-FEB-2025
2025-02-03 13:21:17.965591,BEL27FEB25P270,OPTSTK,10.25,12195150,10.2,10.3,5531850,5700,17100,BEL,270.0,PE,27-FEB-2025
2025-02-03 13:21:24.369142,BEL27FEB25P270,OPTSTK,10.25,12195150,10.2,10.3,5531850,5700,17100,BEL,270.0,PE,27-FEB-2025
2025-02-03 13:21:30.767186,BEL27FEB25P270,OPTSTK,10.25,12195150,10.2,10.3,5531850,5700,17100,BEL,270.0,PE,27-FEB-2025
2025-02-03 13:21:37.194889,BEL27FEB25P270,OPTSTK,10.15,12200850,10.05,10.2,5531850,25650,25650,BEL,270.0,PE,27-FEB-2025
2025-02-03 13:21:45.611640,BEL27FEB25P270,OPTSTK,10.0,12200850,10.05,10.2,5531850,25650,25650,BEL,270.0,PE,27-FEB-2025
2025-02-03 13:21:53.409303,BEL27FEB25P270,OPTSTK,10.0,12200850,10.05,10.2,5531850,25650,25650,BEL,270.0,PE,27-FEB-2025
2025-02-03 13:22:00.596889,BEL27FEB25P270,OPTSTK,10.0,12203700,10.15,10.25,5531850,2850,45600,BEL,270.0,PE,27-FEB-2025
2025-02-03 13:22:06.963403,BEL27FEB25P270,OPTSTK,10.0,12203700,10.15,10.25,5531850,2850,45600,BEL,270.0,PE,27-FEB-2025
2025-02-03 13:22:13.247029,BEL27FEB25P270,OPTSTK,10.0,12203700,10.15,10.25,5531850,2850,45600,BEL,270.0,PE,27-FEB-2025
2025-02-03 13:22:19.515639,BEL27FEB25P270,OPTSTK,10.2,12203700,10.15,10.25,5543250,2850,45600,BEL,270.0,PE,27-FEB-2025
2025-02-03 13:22:26.114069,BEL27FEB25P270,OPTSTK,10.2,12212250,10.15,10.25,5543250,17100,2850,BEL,270.0,PE,27-FEB-2025
2025-02-03 13:22:34.816071,BEL27FEB25P270,OPTSTK,10.2,12212250,10.15,10.25,5543250,17100,2850,BEL,270.0,PE,27-FEB-2025
2025-02-03 13:22:42.011673,BEL27FEB25P270,OPTSTK,10.2,12212250,10.15,10.25,5543250,17100,2850,BEL,270.0,PE,27-FEB-2025
2025-02-03 13:22:50.413868,BEL27FEB25P270,OPTSTK,10.2,12212250,10.15,10.25,5543250,11400,11400,BEL,270.0,PE,27-FEB-2025
2025-02-03 13:22:58.795152,BEL27FEB25P270,OPTSTK,10.2,12212250,10.15,10.25,5543250,11400,11400,BEL,270.0,PE,27-FEB-2025
2025-02-03 13:23:06.166247,BEL27FEB25P270,OPTSTK,10.15,12220800,10.05,10.15,5543250,8550,19950,BEL,270.0,PE,27-FEB-2025
2025-02-03 13:23:13.435098,BEL27FEB25P270,OPTSTK,10.15,12220800,10.05,10.15,5543250,8550,19950,BEL,270.0,PE,27-FEB-2025
2025-02-03 13:23:19.737294,BEL27FEB25P270,OPTSTK,10.2,12220800,10.05,10.15,5543250,8550,19950,BEL,270.0,PE,27-FEB-2025
2025-02-03 13:23:26.037675,BEL27FEB25P270,OPTSTK,10.2,12220800,10.05,10.15,5543250,8550,19950,BEL,270.0,PE,27-FEB-2025
2025-02-03 13:23:32.450346,BEL27FEB25P270,OPTSTK,10.2,12223650,10.15,10.25,5543250,17100,5700,BEL,270.0,PE,27-FEB-2025
2025-02-03 13:23:38.745201,BEL27FEB25P270,OPTSTK,10.2,12223650,10.15,10.25,5543250,17100,5700,BEL,270.0,PE,27-FEB-2025
2025-02-03 13:23:45.011329,BEL27FEB25P270,OPTSTK,10.2,12223650,10.15,10.25,5543250,17100,5700,BEL,270.0,PE,27-FEB-2025
2025-02-03 13:23:51.329648,BEL27FEB25P270,OPTSTK,10.2,12223650,10.1,10.25,5543250,19950,22800,BEL,270.0,PE,27-FEB-2025
2025-02-03 13:23:57.715341,BEL27FEB25P270,OPTSTK,10.2,12223650,10.1,10.25,5543250,19950,22800,BEL,270.0,PE,27-FEB-2025
2025-02-03 13:24:03.991662,BEL27FEB25P270,OPTSTK,10.2,12223650,10.1,10.25,5543250,19950,22800,BEL,270.0,PE,27-FEB-2025
2025-02-03 13:24:10.444109,BEL27FEB25P270,OPTSTK,10.2,12223650,10.1,10.2,5543250,17100,8550,BEL,270.0,PE,27-FEB-2025
2025-02-03 13:24:16.883577,BEL27FEB25P270,OPTSTK,10.05,12223650,10.1,10.2,5543250,17100,8550,BEL,270.0,PE,27-FEB-2025
2025-02-03 13:24:23.272892,BEL27FEB25P270,OPTSTK,10.05,12223650,10.1,10.2,5543250,17100,8550,BEL,270.0,PE,27-FEB-2025
2025-02-03 13:24:29.606585,BEL27FEB25P270,OPTSTK,10.05,12229350,10.05,10.15,5543250,17100,11400,BEL,270.0,PE,27-FEB-2025
2025-02-03 13:24:36.071258,BEL27FEB25P270,OPTSTK,10.1,12229350,10.05,10.15,5543250,17100,11400,BEL,270.0,PE,27-FEB-2025
2025-02-03 13:24:42.465993,BEL27FEB25P270,OPTSTK,10.1,12229350,10.05,10.15,5543250,17100,11400,BEL,270.0,PE,27-FEB-2025
2025-02-03 13:24:48.880176,BEL27FEB25P270,OPTSTK,10.1,12229350,10.05,10.15,5543250,17100,11400,BEL,270.0,PE,27-FEB-2025
2025-02-03 13:24:55.232481,BEL27FEB25P270,OPTSTK,10.1,12232200,10.05,10.15,5543250,17100,5700,BEL,270.0,PE,27-FEB-2025
2025-02-03 13:25:01.620597,BEL27FEB25P270,OPTSTK,10.1,12232200,10.05,10.15,5543250,17100,5700,BEL,270.0,PE,27-FEB-2025
2025-02-03 13:25:08.045240,BEL27FEB25P270,OPTSTK,10.1,12232200,10.05,10.15,5543250,17100,5700,BEL,270.0,PE,27-FEB-2025
2025-02-03 13:25:14.511115,BEL27FEB25P270,OPTSTK,10.1,12235050,10.1,10.2,5543250,17100,25650,BEL,270.0,PE,27-FEB-2025
2025-02-03 13:25:20.936597,BEL27FEB25P270,OPTSTK,10.1,12235050,10.1,10.2,5543250,17100,25650,BEL,270.0,PE,27-FEB-2025
2025-02-03 13:25:27.235767,BEL27FEB25P270,OPTSTK,10.1,12235050,10.1,10.2,5543250,17100,25650,BEL,270.0,PE,27-FEB-2025
2025-02-03 13:25:33.955168,BEL27FEB25P270,OPTSTK,10.1,12237900,10.1,10.2,5540400,17100,8550,BEL,270.0,PE,27-FEB-2025
2025-02-03 13:25:40.226864,BEL27FEB25P270,OPTSTK,10.1,12237900,10.1,10.2,5540400,17100,8550,BEL,270.0,PE,27-FEB-2025
2025-02-03 13:25:46.674480,BEL27FEB25P270,OPTSTK,10.25,12237900,10.1,10.2,5540400,17100,8550,BEL,270.0,PE,27-FEB-2025
2025-02-03 13:25:53.103587,BEL27FEB25P270,OPTSTK,10.25,12237900,10.1,10.2,5540400,17100,8550,BEL,270.0,PE,27-FEB-2025
2025-02-03 13:25:59.481253,BEL27FEB25P270,OPTSTK,10.4,12243600,10.35,10.4,5540400,5700,2850,BEL,270.0,PE,27-FEB-2025
2025-02-03 13:26:05.887218,BEL27FEB25P270,OPTSTK,10.4,12243600,10.35,10.4,5540400,5700,2850,BEL,270.0,PE,27-FEB-2025
2025-02-03 13:26:12.232531,BEL27FEB25P270,OPTSTK,10.4,12243600,10.35,10.4,5540400,5700,2850,BEL,270.0,PE,27-FEB-2025
2025-02-03 13:26:18.602633,BEL27FEB25P270,OPTSTK,10.4,12246450,10.35,10.45,5540400,2850,25650,BEL,270.0,PE,27-FEB-2025
2025-02-03 13:26:24.907325,BEL27FEB25P270,OPTSTK,10.4,12246450,10.35,10.45,5540400,2850,25650,BEL,270.0,PE,27-FEB-2025
2025-02-03 13:26:31.279470,BEL27FEB25P270,OPTSTK,10.35,12246450,10.35,10.45,5540400,2850,25650,BEL,270.0,PE,27-FEB-2025
2025-02-03 13:26:37.643416,BEL27FEB25P270,OPTSTK,10.35,12246450,10.35,10.45,5540400,2850,25650,BEL,270.0,PE,27-FEB-2025
2025-02-03 13:26:43.905396,BEL27FEB25P270,OPTSTK,10.35,12249300,10.25,10.35,5540400,17100,2850,BEL,270.0,PE,27-FEB-2025
2025-02-03 13:26:50.448558,BEL27FEB25P270,OPTSTK,10.35,12249300,10.25,10.35,5540400,17100,2850,BEL,270.0,PE,27-FEB-2025
2025-02-03 13:26:56.759444,BEL27FEB25P270,OPTSTK,10.35,12249300,10.25,10.35,5540400,17100,2850,BEL,270.0,PE,27-FEB-2025
2025-02-03 13:27:03.205867,BEL27FEB25P270,OPTSTK,10.35,12252150,10.35,10.45,5540400,8550,22800,BEL,270.0,PE,27-FEB-2025
2025-02-03 13:27:09.608901,BEL27FEB25P270,OPTSTK,10.5,12252150,10.35,10.45,5540400,8550,22800,BEL,270.0,PE,27-FEB-2025
2025-02-03 13:27:15.992246,BEL27FEB25P270,OPTSTK,10.5,12252150,10.35,10.45,5540400,8550,22800,BEL,270.0,PE,27-FEB-2025
2025-02-03 13:27:22.241878,BEL27FEB25P270,OPTSTK,10.4,12252150,10.35,10.45,5540400,8550,22800,BEL,270.0,PE,27-FEB-2025
2025-02-03 13:27:28.578825,BEL27FEB25P270,OPTSTK,10.45,12260700,10.45,10.5,5540400,11400,17100,BEL,270.0,PE,27-FEB-2025
2025-02-03 13:27:34.895150,BEL27FEB25P270,OPTSTK,10.45,12260700,10.45,10.5,5540400,11400,17100,BEL,270.0,PE,27-FEB-2025
2025-02-03 13:27:41.179431,BEL27FEB25P270,OPTSTK,10.45,12260700,10.45,10.5,5540400,11400,17100,BEL,270.0,PE,27-FEB-2025
2025-02-03 13:27:47.484989,BEL27FEB25P270,OPTSTK,10.45,12272100,10.4,10.5,5540400,2850,28500,BEL,270.0,PE,27-FEB-2025
2025-02-03 13:27:53.827029,BEL27FEB25P270,OPTSTK,10.45,12272100,10.4,10.5,5540400,2850,28500,BEL,270.0,PE,27-FEB-2025
2025-02-03 13:28:00.246651,BEL27FEB25P270,OPTSTK,10.5,12272100,10.4,10.5,5540400,2850,28500,BEL,270.0,PE,27-FEB-2025
2025-02-03 13:28:06.657008,BEL27FEB25P270,OPTSTK,10.5,12272100,10.4,10.5,5540400,2850,28500,BEL,270.0,PE,27-FEB-2025
2025-02-03 13:28:12.926536,BEL27FEB25P270,OPTSTK,10.5,12274950,10.45,10.55,5540400,17100,5700,BEL,270.0,PE,27-FEB-2025
2025-02-03 13:28:19.215588,BEL27FEB25P270,OPTSTK,10.5,12274950,10.45,10.55,5540400,17100,5700,BEL,270.0,PE,27-FEB-2025
2025-02-03 13:28:25.477776,BEL27FEB25P270,OPTSTK,10.65,12274950,10.45,10.55,5543250,17100,5700,BEL,270.0,PE,27-FEB-2025
2025-02-03 13:28:31.959401,BEL27FEB25P270,OPTSTK,10.65,12280650,10.55,10.65,5543250,14250,17100,BEL,270.0,PE,27-FEB-2025
2025-02-03 13:28:38.379396,BEL27FEB25P270,OPTSTK,10.65,12280650,10.55,10.65,5543250,14250,17100,BEL,270.0,PE,27-FEB-2025
2025-02-03 13:28:44.649387,BEL27FEB25P270,OPTSTK,10.65,12280650,10.55,10.65,5543250,14250,17100,BEL,270.0,PE,27-FEB-2025
2025-02-03 13:28:51.137134,BEL27FEB25P270,OPTSTK,10.65,12280650,10.55,10.65,5543250,14250,17100,BEL,270.0,PE,27-FEB-2025
2025-02-03 13:28:57.390700,BEL27FEB25P270,OPTSTK,10.6,12297750,10.5,10.6,5543250,14250,17100,BEL,270.0,PE,27-FEB-2025
2025-02-03 13:29:03.739733,BEL27FEB25P270,OPTSTK,10.4,12297750,10.5,10.6,5543250,14250,17100,BEL,270.0,PE,27-FEB-2025
2025-02-03 13:29:10.166623,BEL27FEB25P270,OPTSTK,10.4,12297750,10.5,10.6,5543250,14250,17100,BEL,270.0,PE,27-FEB-2025
2025-02-03 13:29:16.430368,BEL27FEB25P270,OPTSTK,10.4,12297750,10.5,10.6,5543250,14250,17100,BEL,270.0,PE,27-FEB-2025
2025-02-03 13:29:22.797471,BEL27FEB25P270,OPTSTK,10.4,12314850,10.35,10.45,5543250,11400,22800,BEL,270.0,PE,27-FEB-2025
2025-02-03 13:29:29.132470,BEL27FEB25P270,OPTSTK,10.4,12314850,10.35,10.45,5543250,11400,22800,BEL,270.0,PE,27-FEB-2025
2025-02-03 13:29:35.501497,BEL27FEB25P270,OPTSTK,10.4,12314850,10.35,10.45,5543250,11400,22800,BEL,270.0,PE,27-FEB-2025
2025-02-03 13:29:42.049420,BEL27FEB25P270,OPTSTK,10.4,12314850,10.3,10.4,5543250,17100,11400,BEL,270.0,PE,27-FEB-2025
2025-02-03 13:29:48.405768,BEL27FEB25P270,OPTSTK,10.4,12314850,10.3,10.4,5543250,17100,11400,BEL,270.0,PE,27-FEB-2025
2025-02-03 13:29:55.216080,BEL27FEB25P270,OPTSTK,10.4,12314850,10.3,10.4,5543250,17100,11400,BEL,270.0,PE,27-FEB-2025
2025-02-03 13:30:01.849137,BEL27FEB25P270,OPTSTK,10.4,12314850,10.3,10.4,5543250,11400,14250,BEL,270.0,PE,27-FEB-2025
2025-02-03 13:30:08.522307,BEL27FEB25P270,OPTSTK,10.4,12314850,10.3,10.4,5543250,11400,14250,BEL,270.0,PE,27-FEB-2025
2025-02-03 13:30:14.949345,BEL27FEB25P270,OPTSTK,10.4,12314850,10.3,10.4,5543250,11400,14250,BEL,270.0,PE,27-FEB-2025
2025-02-03 13:30:21.328275,BEL27FEB25P270,OPTSTK,10.3,12314850,10.3,10.4,5543250,11400,14250,BEL,270.0,PE,27-FEB-2025
2025-02-03 13:30:27.677861,BEL27FEB25P270,OPTSTK,10.3,12320550,10.3,10.4,5543250,11400,11400,BEL,270.0,PE,27-FEB-2025
2025-02-03 13:30:33.937628,BEL27FEB25P270,OPTSTK,10.3,12320550,10.3,10.4,5543250,11400,11400,BEL,270.0,PE,27-FEB-2025
2025-02-03 13:30:40.456545,BEL27FEB25P270,OPTSTK,10.3,12320550,10.3,10.4,5543250,11400,11400,BEL,270.0,PE,27-FEB-2025
2025-02-03 13:30:46.744297,BEL27FEB25P270,OPTSTK,10.3,12320550,10.3,10.4,5543250,11400,11400,BEL,270.0,PE,27-FEB-2025
2025-02-03 13:30:53.227541,BEL27FEB25P270,OPTSTK,10.3,12320550,10.3,10.4,5543250,11400,11400,BEL,270.0,PE,27-FEB-2025
2025-02-03 13:30:59.570261,BEL27FEB25P270,OPTSTK,10.3,12320550,10.3,10.4,5543250,11400,11400,BEL,270.0,PE,27-FEB-2025
2025-02-03 13:31:05.938707,BEL27FEB25P270,OPTSTK,10.3,12320550,10.3,10.4,5543250,11400,11400,BEL,270.0,PE,27-FEB-2025
2025-02-03 13:31:12.427546,BEL27FEB25P270,OPTSTK,10.3,12320550,10.5,10.6,5543250,11400,11400,BEL,270.0,PE,27-FEB-2025
2025-02-03 13:31:18.754869,BEL27FEB25P270,OPTSTK,10.6,12320550,10.5,10.6,5543250,11400,11400,BEL,270.0,PE,27-FEB-2025
2025-02-03 13:31:25.398575,BEL27FEB25P270,OPTSTK,10.6,12320550,10.5,10.6,5543250,11400,11400,BEL,270.0,PE,27-FEB-2025
2025-02-03 13:31:31.850946,BEL27FEB25P270,OPTSTK,10.6,12326250,10.45,10.55,5543250,19950,2850,BEL,270.0,PE,27-FEB-2025
2025-02-03 13:31:38.170677,BEL27FEB25P270,OPTSTK,10.6,12326250,10.45,10.55,5543250,19950,2850,BEL,270.0,PE,27-FEB-2025
2025-02-03 13:31:44.533036,BEL27FEB25P270,OPTSTK,10.55,12326250,10.45,10.55,5557500,19950,2850,BEL,270.0,PE,27-FEB-2025
2025-02-03 13:31:50.661512,BEL27FEB25P270,OPTSTK,10.55,12326250,10.45,10.55,5557500,19950,2850,BEL,270.0,PE,27-FEB-2025
2025-02-03 13:31:56.975323,BEL27FEB25P270,OPTSTK,10.55,12329100,10.55,10.7,5557500,17100,28500,BEL,270.0,PE,27-FEB-2025
2025-02-03 13:32:03.433601,BEL27FEB25P270,OPTSTK,10.6,12329100,10.55,10.7,5557500,17100,28500,BEL,270.0,PE,27-FEB-2025
2025-02-03 13:32:09.815768,BEL27FEB25P270,OPTSTK,10.5,12329100,10.55,10.7,5557500,17100,28500,BEL,270.0,PE,27-FEB-2025
2025-02-03 13:32:16.195632,BEL27FEB25P270,OPTSTK,10.5,12334800,10.3,10.45,5557500,17100,17100,BEL,270.0,PE,27-FEB-2025
2025-02-03 13:32:22.525494,BEL27FEB25P270,OPTSTK,10.3,12334800,10.3,10.45,5557500,17100,17100,BEL,270.0,PE,27-FEB-2025
2025-02-03 13:32:28.802589,BEL27FEB25P270,OPTSTK,10.3,12334800,10.3,10.45,5557500,17100,17100,BEL,270.0,PE,27-FEB-2025
2025-02-03 13:32:35.031458,BEL27FEB25P270,OPTSTK,10.3,12334800,10.3,10.45,5557500,17100,17100,BEL,270.0,PE,27-FEB-2025
2025-02-03 13:32:41.362662,BEL27FEB25P270,OPTSTK,10.3,12420300,10.3,10.45,5557500,17100,22800,BEL,270.0,PE,27-FEB-2025
2025-02-03 13:32:47.735677,BEL27FEB25P270,OPTSTK,10.3,12420300,10.3,10.45,5557500,17100,22800,BEL,270.0,PE,27-FEB-2025
2025-02-03 13:32:54.066884,BEL27FEB25P270,OPTSTK,10.3,12420300,10.3,10.45,5557500,17100,22800,BEL,270.0,PE,27-FEB-2025
2025-02-03 13:33:00.476345,BEL27FEB25P270,OPTSTK,10.45,12423150,10.4,10.55,5557500,11400,25650,BEL,270.0,PE,27-FEB-2025
2025-02-03 13:33:06.737518,BEL27FEB25P270,OPTSTK,10.45,12423150,10.4,10.55,5557500,11400,25650,BEL,270.0,PE,27-FEB-2025
2025-02-03 13:33:13.098293,BEL27FEB25P270,OPTSTK,10.45,12423150,10.4,10.55,5557500,11400,25650,BEL,270.0,PE,27-FEB-2025
2025-02-03 13:33:19.280985,BEL27FEB25P270,OPTSTK,10.45,12423150,10.35,10.45,5557500,5700,14250,BEL,270.0,PE,27-FEB-2025
2025-02-03 13:33:25.696656,BEL27FEB25P270,OPTSTK,10.45,12423150,10.35,10.45,5557500,5700,14250,BEL,270.0,PE,27-FEB-2025
2025-02-03 13:33:32.027087,BEL27FEB25P270,OPTSTK,10.45,12423150,10.35,10.45,5557500,5700,14250,BEL,270.0,PE,27-FEB-2025
2025-02-03 13:33:38.447995,BEL27FEB25P270,OPTSTK,10.45,12423150,10.35,10.45,5557500,5700,14250,BEL,270.0,PE,27-FEB-2025
2025-02-03 13:33:44.699612,BEL27FEB25P270,OPTSTK,10.45,12440250,10.35,10.45,5557500,14250,8550,BEL,270.0,PE,27-FEB-2025
2025-02-03 13:33:51.137495,BEL27FEB25P270,OPTSTK,10.45,12440250,10.35,10.45,5557500,14250,8550,BEL,270.0,PE,27-FEB-2025
2025-02-03 13:33:57.577585,BEL27FEB25P270,OPTSTK,10.45,12440250,10.35,10.45,5557500,14250,8550,BEL,270.0,PE,27-FEB-2025
2025-02-03 13:34:03.879203,BEL27FEB25P270,OPTSTK,10.45,12440250,10.2,10.35,5557500,25650,22800,BEL,270.0,PE,27-FEB-2025
2025-02-03 13:34:10.400728,BEL27FEB25P270,OPTSTK,10.45,12440250,10.2,10.35,5557500,25650,22800,BEL,270.0,PE,27-FEB-2025
2025-02-03 13:34:17.179686,BEL27FEB25P270,OPTSTK,10.45,12440250,10.2,10.35,5557500,25650,22800,BEL,270.0,PE,27-FEB-2025
2025-02-03 13:34:23.565431,BEL27FEB25P270,OPTSTK,10.45,12440250,10.2,10.35,5557500,25650,22800,BEL,270.0,PE,27-FEB-2025
2025-02-03 13:34:30.026211,BEL27FEB25P270,OPTSTK,10.45,12440250,10.25,10.35,5557500,11400,17100,BEL,270.0,PE,27-FEB-2025
2025-02-03 13:34:36.769623,BEL27FEB25P270,OPTSTK,10.45,12440250,10.25,10.35,5557500,11400,17100,BEL,270.0,PE,27-FEB-2025
2025-02-03 13:34:43.329271,BEL27FEB25P270,OPTSTK,10.45,12440250,10.25,10.35,5557500,11400,17100,BEL,270.0,PE,27-FEB-2025
2025-02-03 13:34:49.622739,BEL27FEB25P270,OPTSTK,10.45,12440250,10.25,10.35,5557500,17100,8550,BEL,270.0,PE,27-FEB-2025
2025-02-03 13:34:56.069824,BEL27FEB25P270,OPTSTK,10.45,12440250,10.25,10.35,5557500,17100,8550,BEL,270.0,PE,27-FEB-2025
2025-02-03 13:35:02.538746,BEL27FEB25P270,OPTSTK,10.35,12440250,10.25,10.35,5560350,17100,8550,BEL,270.0,PE,27-FEB-2025
2025-02-03 13:35:08.860746,BEL27FEB25P270,OPTSTK,10.35,12443100,10.35,10.45,5560350,2850,31350,BEL,270.0,PE,27-FEB-2025
2025-02-03 13:35:15.247464,BEL27FEB25P270,OPTSTK,10.35,12443100,10.35,10.45,5560350,2850,31350,BEL,270.0,PE,27-FEB-2025
2025-02-03 13:35:21.700431,BEL27FEB25P270,OPTSTK,10.35,12443100,10.35,10.45,5560350,2850,31350,BEL,270.0,PE,27-FEB-2025
2025-02-03 13:35:28.051769,BEL27FEB25P270,OPTSTK,10.35,12443100,10.35,10.45,5560350,2850,31350,BEL,270.0,PE,27-FEB-2025
2025-02-03 13:35:34.355864,BEL27FEB25P270,OPTSTK,10.35,12443100,10.25,10.35,5560350,8550,14250,BEL,270.0,PE,27-FEB-2025
2025-02-03 13:35:40.632978,BEL27FEB25P270,OPTSTK,10.35,12443100,10.25,10.35,5560350,8550,14250,BEL,270.0,PE,27-FEB-2025
2025-02-03 13:35:47.053947,BEL27FEB25P270,OPTSTK,10.15,12443100,10.25,10.35,5560350,8550,14250,BEL,270.0,PE,27-FEB-2025
2025-02-03 13:35:53.409147,BEL27FEB25P270,OPTSTK,10.2,12451650,10.2,10.3,5560350,8550,14250,BEL,270.0,PE,27-FEB-2025
2025-02-03 13:35:59.713466,BEL27FEB25P270,OPTSTK,10.2,12451650,10.2,10.3,5560350,8550,14250,BEL,270.0,PE,27-FEB-2025
2025-02-03 13:36:06.069166,BEL27FEB25P270,OPTSTK,10.2,12451650,10.2,10.3,5560350,8550,14250,BEL,270.0,PE,27-FEB-2025
2025-02-03 13:36:12.482074,BEL27FEB25P270,OPTSTK,10.2,12451650,10.2,10.3,5560350,8550,14250,BEL,270.0,PE,27-FEB-2025
2025-02-03 13:36:18.926472,BEL27FEB25P270,OPTSTK,10.2,12451650,10.2,10.3,5560350,11400,11400,BEL,270.0,PE,27-FEB-2025
2025-02-03 13:36:25.244098,BEL27FEB25P270,OPTSTK,10.1,12451650,10.2,10.3,5560350,11400,11400,BEL,270.0,PE,27-FEB-2025
2025-02-03 13:36:31.641257,BEL27FEB25P270,OPTSTK,10.1,12451650,10.2,10.3,5560350,11400,11400,BEL,270.0,PE,27-FEB-2025
2025-02-03 13:36:37.993028,BEL27FEB25P270,OPTSTK,10.1,12460200,10.1,10.2,5560350,17100,5700,BEL,270.0,PE,27-FEB-2025
2025-02-03 13:36:44.299454,BEL27FEB25P270,OPTSTK,10.1,12460200,10.1,10.2,5560350,17100,5700,BEL,270.0,PE,27-FEB-2025
2025-02-03 13:36:50.650866,BEL27FEB25P270,OPTSTK,10.1,12460200,10.1,10.2,5560350,17100,5700,BEL,270.0,PE,27-FEB-2025
2025-02-03 13:36:56.869086,BEL27FEB25P270,OPTSTK,10.05,12460200,10.1,10.2,5560350,17100,5700,BEL,270.0,PE,27-FEB-2025
2025-02-03 13:37:03.290320,BEL27FEB25P270,OPTSTK,10.0,12488700,10.0,10.1,5560350,34200,94050,BEL,270.0,PE,27-FEB-2025
2025-02-03 13:37:09.572748,BEL27FEB25P270,OPTSTK,10.0,12488700,10.0,10.1,5560350,34200,94050,BEL,270.0,PE,27-FEB-2025
2025-02-03 13:37:15.849105,BEL27FEB25P270,OPTSTK,10.1,12488700,10.0,10.1,5560350,34200,94050,BEL,270.0,PE,27-FEB-2025
2025-02-03 13:37:22.269099,BEL27FEB25P270,OPTSTK,10.1,12568500,10.0,10.1,5560350,42750,5700,BEL,270.0,PE,27-FEB-2025
2025-02-03 13:37:28.508410,BEL27FEB25P270,OPTSTK,10.1,12568500,10.0,10.1,5560350,42750,5700,BEL,270.0,PE,27-FEB-2025
2025-02-03 13:37:34.739856,BEL27FEB25P270,OPTSTK,10.1,12568500,10.0,10.1,5560350,42750,5700,BEL,270.0,PE,27-FEB-2025
2025-02-03 13:37:41.022193,BEL27FEB25P270,OPTSTK,10.1,12568500,10.05,10.15,5560350,8550,19950,BEL,270.0,PE,27-FEB-2025
2025-02-03 13:37:47.293923,BEL27FEB25P270,OPTSTK,10.1,12568500,10.05,10.15,5560350,8550,19950,BEL,270.0,PE,27-FEB-2025
2025-02-03 13:37:53.702605,BEL27FEB25P270,OPTSTK,10.1,12568500,10.05,10.15,5560350,8550,19950,BEL,270.0,PE,27-FEB-2025
2025-02-03 13:38:00.082619,BEL27FEB25P270,OPTSTK,10.1,12568500,10.05,10.15,5560350,8550,19950,BEL,270.0,PE,27-FEB-2025
2025-02-03 13:38:06.423651,BEL27FEB25P270,OPTSTK,10.1,12568500,10.05,10.15,5560350,11400,28500,BEL,270.0,PE,27-FEB-2025
2025-02-03 13:38:12.871353,BEL27FEB25P270,OPTSTK,10.1,12568500,10.05,10.15,5560350,11400,28500,BEL,270.0,PE,27-FEB-2025
2025-02-03 13:38:19.139078,BEL27FEB25P270,OPTSTK,10.1,12568500,10.05,10.15,5560350,11400,28500,BEL,270.0,PE,27-FEB-2025
2025-02-03 13:38:25.385056,BEL27FEB25P270,OPTSTK,10.1,12568500,10.0,10.1,5560350,31350,14250,BEL,270.0,PE,27-FEB-2025
2025-02-03 13:38:31.869549,BEL27FEB25P270,OPTSTK,9.95,12568500,10.0,10.1,5506200,31350,14250,BEL,270.0,PE,27-FEB-2025
2025-02-03 13:38:38.246110,BEL27FEB25P270,OPTSTK,10.0,12568500,10.0,10.1,5506200,31350,14250,BEL,270.0,PE,27-FEB-2025
2025-02-03 13:38:44.616826,BEL27FEB25P270,OPTSTK,10.0,12568500,10.0,10.1,5506200,31350,14250,BEL,270.0,PE,27-FEB-2025
2025-02-03 13:38:50.965497,BEL27FEB25P270,OPTSTK,10.0,12602700,9.9,10.05,5506200,31350,28500,BEL,270.0,PE,27-FEB-2025
2025-02-03 13:38:57.374829,BEL27FEB25P270,OPTSTK,10.0,12602700,9.9,10.05,5506200,31350,28500,BEL,270.0,PE,27-FEB-2025
2025-02-03 13:39:03.749054,BEL27FEB25P270,OPTSTK,10.05,12602700,9.9,10.05,5506200,31350,28500,BEL,270.0,PE,27-FEB-2025
2025-02-03 13:39:10.287048,BEL27FEB25P270,OPTSTK,10.05,12608400,10.0,10.1,5506200,19950,5700,BEL,270.0,PE,27-FEB-2025
2025-02-03 13:39:16.663125,BEL27FEB25P270,OPTSTK,10.05,12608400,10.0,10.1,5506200,19950,5700,BEL,270.0,PE,27-FEB-2025
2025-02-03 13:39:23.190593,BEL27FEB25P270,OPTSTK,10.05,12608400,10.0,10.1,5506200,19950,5700,BEL,270.0,PE,27-FEB-2025
2025-02-03 13:39:29.579070,BEL27FEB25P270,OPTSTK,10.05,12608400,10.0,10.05,5506200,2850,2850,BEL,270.0,PE,27-FEB-2025
2025-02-03 13:39:35.742607,BEL27FEB25P270,OPTSTK,10.0,12608400,10.0,10.05,5506200,2850,2850,BEL,270.0,PE,27-FEB-2025
2025-02-03 13:39:41.914067,BEL27FEB25P270,OPTSTK,9.95,12608400,10.0,10.05,5506200,2850,2850,BEL,270.0,PE,27-FEB-2025
2025-02-03 13:39:48.261605,BEL27FEB25P270,OPTSTK,9.95,12608400,10.0,10.05,5506200,2850,2850,BEL,270.0,PE,27-FEB-2025
2025-02-03 13:39:54.583904,BEL27FEB25P270,OPTSTK,9.95,12619800,9.9,10.0,5506200,11400,28500,BEL,270.0,PE,27-FEB-2025
2025-02-03 13:40:00.908780,BEL27FEB25P270,OPTSTK,9.8,12619800,9.9,10.0,5506200,11400,28500,BEL,270.0,PE,27-FEB-2025
2025-02-03 13:40:07.244180,BEL27FEB25P270,OPTSTK,9.8,12619800,9.9,10.0,5506200,11400,28500,BEL,270.0,PE,27-FEB-2025
2025-02-03 13:40:13.620991,BEL27FEB25P270,OPTSTK,9.8,12634050,9.75,9.85,5506200,14250,19950,BEL,270.0,PE,27-FEB-2025
2025-02-03 13:40:22.978843,BEL27FEB25P270,OPTSTK,9.8,12634050,9.75,9.85,5506200,14250,19950,BEL,270.0,PE,27-FEB-2025
2025-02-03 13:40:30.999431,BEL27FEB25P270,OPTSTK,9.9,12634050,9.75,9.85,5486250,14250,19950,BEL,270.0,PE,27-FEB-2025
2025-02-03 13:40:37.608657,BEL27FEB25P270,OPTSTK,9.9,12668250,9.8,9.9,5486250,22800,8550,BEL,270.0,PE,27-FEB-2025
2025-02-03 13:40:44.003231,BEL27FEB25P270,OPTSTK,9.9,12668250,9.8,9.9,5486250,22800,8550,BEL,270.0,PE,27-FEB-2025
2025-02-03 13:40:50.527353,BEL27FEB25P270,OPTSTK,9.75,12668250,9.8,9.9,5486250,22800,8550,BEL,270.0,PE,27-FEB-2025
2025-02-03 13:40:56.827175,BEL27FEB25P270,OPTSTK,9.75,12679650,9.6,9.7,5486250,22800,11400,BEL,270.0,PE,27-FEB-2025
2025-02-03 13:41:03.280140,BEL27FEB25P270,OPTSTK,9.75,12679650,9.6,9.7,5486250,22800,11400,BEL,270.0,PE,27-FEB-2025
2025-02-03 13:41:09.791663,BEL27FEB25P270,OPTSTK,9.75,12679650,9.6,9.7,5486250,22800,11400,BEL,270.0,PE,27-FEB-2025
2025-02-03 13:41:16.361517,BEL27FEB25P270,OPTSTK,9.65,12693900,9.6,9.7,5486250,11400,19950,BEL,270.0,PE,27-FEB-2025
2025-02-03 13:41:22.728350,BEL27FEB25P270,OPTSTK,9.65,12693900,9.6,9.7,5486250,11400,19950,BEL,270.0,PE,27-FEB-2025
2025-02-03 13:41:29.129600,BEL27FEB25P270,OPTSTK,9.6,12693900,9.6,9.7,5486250,11400,19950,BEL,270.0,PE,27-FEB-2025
2025-02-03 13:41:35.774764,BEL27FEB25P270,OPTSTK,9.6,12693900,9.6,9.7,5486250,11400,19950,BEL,270.0,PE,27-FEB-2025
2025-02-03 13:41:42.260726,BEL27FEB25P270,OPTSTK,9.6,12722400,9.6,9.7,5486250,14250,22800,BEL,270.0,PE,27-FEB-2025
2025-02-03 13:41:48.694064,BEL27FEB25P270,OPTSTK,9.6,12722400,9.6,9.7,5486250,14250,22800,BEL,270.0,PE,27-FEB-2025
2025-02-03 13:41:55.134784,BEL27FEB25P270,OPTSTK,9.6,12722400,9.6,9.7,5486250,14250,22800,BEL,270.0,PE,27-FEB-2025
2025-02-03 13:42:01.706268,BEL27FEB25P270,OPTSTK,9.65,12728100,9.55,9.65,5486250,11400,19950,BEL,270.0,PE,27-FEB-2025
2025-02-03 13:42:08.135313,BEL27FEB25P270,OPTSTK,9.65,12728100,9.55,9.65,5486250,11400,19950,BEL,270.0,PE,27-FEB-2025
2025-02-03 13:42:14.631053,BEL27FEB25P270,OPTSTK,9.65,12728100,9.55,9.65,5486250,11400,19950,BEL,270.0,PE,27-FEB-2025
2025-02-03 13:42:20.950351,BEL27FEB25P270,OPTSTK,9.65,12728100,9.55,9.65,5486250,11400,19950,BEL,270.0,PE,27-FEB-2025
2025-02-03 13:42:27.527588,BEL27FEB25P270,OPTSTK,9.65,12728100,9.7,9.8,5486250,14250,11400,BEL,270.0,PE,27-FEB-2025
2025-02-03 13:42:34.313046,BEL27FEB25P270,OPTSTK,9.6,12728100,9.7,9.8,5486250,14250,11400,BEL,270.0,PE,27-FEB-2025
2025-02-03 13:42:40.849557,BEL27FEB25P270,OPTSTK,9.65,12728100,9.7,9.8,5486250,14250,11400,BEL,270.0,PE,27-FEB-2025
2025-02-03 13:42:47.516875,BEL27FEB25P270,OPTSTK,9.65,12739500,9.55,9.65,5486250,17100,22800,BEL,270.0,PE,27-FEB-2025
2025-02-03 13:42:53.957091,BEL27FEB25P270,OPTSTK,9.55,12739500,9.55,9.65,5486250,17100,22800,BEL,270.0,PE,27-FEB-2025
2025-02-03 13:43:00.371546,BEL27FEB25P270,OPTSTK,9.5,12739500,9.55,9.65,5486250,17100,22800,BEL,270.0,PE,27-FEB-2025
2025-02-03 13:43:06.802858,BEL27FEB25P270,OPTSTK,9.5,12770850,9.45,9.55,5486250,34200,5700,BEL,270.0,PE,27-FEB-2025
2025-02-03 13:43:13.141390,BEL27FEB25P270,OPTSTK,9.5,12770850,9.45,9.55,5486250,34200,5700,BEL,270.0,PE,27-FEB-2025
2025-02-03 13:43:19.738011,BEL27FEB25P270,OPTSTK,9.55,12770850,9.45,9.55,5509050,34200,5700,BEL,270.0,PE,27-FEB-2025
2025-02-03 13:43:26.112298,BEL27FEB25P270,OPTSTK,9.55,12830700,9.5,9.6,5509050,14250,19950,BEL,270.0,PE,27-FEB-2025
2025-02-03 13:43:32.570289,BEL27FEB25P270,OPTSTK,9.55,12830700,9.5,9.6,5509050,14250,19950,BEL,270.0,PE,27-FEB-2025
2025-02-03 13:43:39.042248,BEL27FEB25P270,OPTSTK,9.5,12830700,9.5,9.6,5509050,14250,19950,BEL,270.0,PE,27-FEB-2025
2025-02-03 13:43:45.673878,BEL27FEB25P270,OPTSTK,9.5,12830700,9.5,9.6,5509050,14250,19950,BEL,270.0,PE,27-FEB-2025
2025-02-03 13:43:52.046364,BEL27FEB25P270,OPTSTK,9.55,12853500,9.45,9.55,5509050,28500,8550,BEL,270.0,PE,27-FEB-2025
2025-02-03 13:43:58.664684,BEL27FEB25P270,OPTSTK,9.6,12853500,9.45,9.55,5509050,28500,8550,BEL,270.0,PE,27-FEB-2025
2025-02-03 13:44:05.106813,BEL27FEB25P270,OPTSTK,9.65,12853500,9.45,9.55,5509050,28500,8550,BEL,270.0,PE,27-FEB-2025
2025-02-03 13:44:11.514649,BEL27FEB25P270,OPTSTK,9.65,12867750,9.6,9.7,5509050,17100,31350,BEL,270.0,PE,27-FEB-2025
2025-02-03 13:44:17.858176,BEL27FEB25P270,OPTSTK,9.6,12867750,9.6,9.7,5509050,17100,31350,BEL,270.0,PE,27-FEB-2025
2025-02-03 13:44:24.216071,BEL27FEB25P270,OPTSTK,9.5,12867750,9.6,9.7,5509050,17100,31350,BEL,270.0,PE,27-FEB-2025
2025-02-03 13:44:30.590624,BEL27FEB25P270,OPTSTK,9.5,12873450,9.45,9.55,5509050,14250,19950,BEL,270.0,PE,27-FEB-2025
2025-02-03 13:44:37.003797,BEL27FEB25P270,OPTSTK,9.5,12873450,9.45,9.55,5509050,14250,19950,BEL,270.0,PE,27-FEB-2025
2025-02-03 13:44:43.690580,BEL27FEB25P270,OPTSTK,9.4,12873450,9.45,9.55,5509050,14250,19950,BEL,270.0,PE,27-FEB-2025
2025-02-03 13:44:50.570522,BEL27FEB25P270,OPTSTK,9.55,12873450,9.45,9.55,5509050,14250,19950,BEL,270.0,PE,27-FEB-2025
2025-02-03 13:44:56.863615,BEL27FEB25P270,OPTSTK,9.55,12884850,9.45,9.55,5509050,11400,19950,BEL,270.0,PE,27-FEB-2025
2025-02-03 13:45:03.512921,BEL27FEB25P270,OPTSTK,9.55,12884850,9.45,9.55,5509050,11400,19950,BEL,270.0,PE,27-FEB-2025
2025-02-03 13:45:09.969216,BEL27FEB25P270,OPTSTK,9.45,12884850,9.45,9.55,5509050,11400,19950,BEL,270.0,PE,27-FEB-2025
2025-02-03 13:45:17.931817,BEL27FEB25P270,OPTSTK,9.45,12890550,9.35,9.45,5509050,31350,11400,BEL,270.0,PE,27-FEB-2025
2025-02-03 13:45:24.236705,BEL27FEB25P270,OPTSTK,9.45,12890550,9.35,9.45,5509050,31350,11400,BEL,270.0,PE,27-FEB-2025
2025-02-03 13:45:30.698340,BEL27FEB25P270,OPTSTK,9.4,12890550,9.35,9.45,5509050,31350,11400,BEL,270.0,PE,27-FEB-2025
2025-02-03 13:45:37.168483,BEL27FEB25P270,OPTSTK,9.3,12930450,9.25,9.35,5509050,14250,14250,BEL,270.0,PE,27-FEB-2025
2025-02-03 13:45:43.574498,BEL27FEB25P270,OPTSTK,9.3,12930450,9.25,9.35,5509050,14250,14250,BEL,270.0,PE,27-FEB-2025
2025-02-03 13:45:50.171044,BEL27FEB25P270,OPTSTK,9.3,12930450,9.25,9.35,5509050,14250,14250,BEL,270.0,PE,27-FEB-2025
2025-02-03 13:45:58.158653,BEL27FEB25P270,OPTSTK,9.3,12950400,9.35,9.45,5509050,34200,2850,BEL,270.0,PE,27-FEB-2025
2025-02-03 13:46:04.803411,BEL27FEB25P270,OPTSTK,9.3,12950400,9.35,9.45,5509050,34200,2850,BEL,270.0,PE,27-FEB-2025
2025-02-03 13:46:11.517452,BEL27FEB25P270,OPTSTK,9.3,12950400,9.35,9.45,5509050,34200,2850,BEL,270.0,PE,27-FEB-2025
2025-02-03 13:46:18.200862,BEL27FEB25P270,OPTSTK,9.3,12950400,9.4,9.5,5509050,17100,19950,BEL,270.0,PE,27-FEB-2025
2025-02-03 13:46:26.032605,BEL27FEB25P270,OPTSTK,9.3,12950400,9.4,9.5,5509050,17100,19950,BEL,270.0,PE,27-FEB-2025
2025-02-03 13:46:32.542317,BEL27FEB25P270,OPTSTK,9.3,12950400,9.4,9.5,5531850,17100,19950,BEL,270.0,PE,27-FEB-2025
2025-02-03 13:46:39.482012,BEL27FEB25P270,OPTSTK,9.3,12958950,9.25,9.3,5531850,5700,2850,BEL,270.0,PE,27-FEB-2025
2025-02-03 13:46:46.318643,BEL27FEB25P270,OPTSTK,9.3,12958950,9.25,9.3,5531850,5700,2850,BEL,270.0,PE,27-FEB-2025
2025-02-03 13:46:53.249638,BEL27FEB25P270,OPTSTK,9.3,12958950,9.25,9.3,5531850,5700,2850,BEL,270.0,PE,27-FEB-2025
2025-02-03 13:46:59.964463,BEL27FEB25P270,OPTSTK,9.3,12964650,9.3,9.4,5531850,25650,5700,BEL,270.0,PE,27-FEB-2025
2025-02-03 13:47:06.688596,BEL27FEB25P270,OPTSTK,9.3,12964650,9.3,9.4,5531850,25650,5700,BEL,270.0,PE,27-FEB-2025
2025-02-03 13:47:14.768233,BEL27FEB25P270,OPTSTK,9.45,12964650,9.3,9.4,5531850,25650,5700,BEL,270.0,PE,27-FEB-2025
2025-02-03 13:47:21.306336,BEL27FEB25P270,OPTSTK,9.4,12970350,9.3,9.4,5531850,17100,19950,BEL,270.0,PE,27-FEB-2025
2025-02-03 13:47:27.812968,BEL27FEB25P270,OPTSTK,9.2,12970350,9.3,9.4,5531850,17100,19950,BEL,270.0,PE,27-FEB-2025
2025-02-03 13:47:34.259052,BEL27FEB25P270,OPTSTK,9.2,12970350,9.3,9.4,5531850,17100,19950,BEL,270.0,PE,27-FEB-2025
2025-02-03 13:47:40.977297,BEL27FEB25P270,OPTSTK,9.2,12993150,9.25,9.35,5531850,22800,31350,BEL,270.0,PE,27-FEB-2025
2025-02-03 13:47:47.443259,BEL27FEB25P270,OPTSTK,9.2,12993150,9.25,9.35,5531850,22800,31350,BEL,270.0,PE,27-FEB-2025
2025-02-03 13:47:53.879440,BEL27FEB25P270,OPTSTK,9.2,12993150,9.25,9.35,5531850,22800,31350,BEL,270.0,PE,27-FEB-2025
2025-02-03 13:48:00.442756,BEL27FEB25P270,OPTSTK,9.2,12993150,9.25,9.35,5531850,22800,31350,BEL,270.0,PE,27-FEB-2025
2025-02-03 13:48:07.953000,BEL27FEB25P270,OPTSTK,9.25,12993150,9.15,9.25,5531850,34200,2850,BEL,270.0,PE,27-FEB-2025
2025-02-03 13:48:14.714984,BEL27FEB25P270,OPTSTK,9.25,12993150,9.15,9.25,5531850,34200,2850,BEL,270.0,PE,27-FEB-2025
2025-02-03 13:48:21.162985,BEL27FEB25P270,OPTSTK,9.3,12993150,9.15,9.25,5531850,34200,2850,BEL,270.0,PE,27-FEB-2025
2025-02-03 13:48:27.753542,BEL27FEB25P270,OPTSTK,9.3,12998850,9.35,9.45,5531850,11400,37050,BEL,270.0,PE,27-FEB-2025
2025-02-03 13:48:34.187952,BEL27FEB25P270,OPTSTK,9.3,12998850,9.35,9.45,5531850,11400,37050,BEL,270.0,PE,27-FEB-2025
2025-02-03 13:48:40.583121,BEL27FEB25P270,OPTSTK,9.3,12998850,9.35,9.45,5531850,11400,37050,BEL,270.0,PE,27-FEB-2025
2025-02-03 13:48:46.905128,BEL27FEB25P270,OPTSTK,9.5,13001700,9.4,9.5,5531850,31350,8550,BEL,270.0,PE,27-FEB-2025
2025-02-03 13:48:53.263084,BEL27FEB25P270,OPTSTK,9.5,13001700,9.4,9.5,5531850,31350,8550,BEL,270.0,PE,27-FEB-2025
2025-02-03 13:49:00.066771,BEL27FEB25P270,OPTSTK,9.5,13001700,9.4,9.5,5531850,31350,8550,BEL,270.0,PE,27-FEB-2025
2025-02-03 13:49:06.631628,BEL27FEB25P270,OPTSTK,9.5,13001700,9.45,9.55,5531850,31350,11400,BEL,270.0,PE,27-FEB-2025
2025-02-03 13:49:13.132532,BEL27FEB25P270,OPTSTK,9.5,13001700,9.45,9.55,5531850,31350,11400,BEL,270.0,PE,27-FEB-2025
2025-02-03 13:49:19.680965,BEL27FEB25P270,OPTSTK,9.5,13001700,9.45,9.55,5531850,31350,11400,BEL,270.0,PE,27-FEB-2025
2025-02-03 13:49:26.096485,BEL27FEB25P270,OPTSTK,9.5,13001700,9.45,9.55,5543250,31350,11400,BEL,270.0,PE,27-FEB-2025
2025-02-03 13:49:32.613917,BEL27FEB25P270,OPTSTK,9.5,13010250,9.35,9.45,5543250,28500,5700,BEL,270.0,PE,27-FEB-2025
2025-02-03 13:49:38.938541,BEL27FEB25P270,OPTSTK,9.45,13010250,9.35,9.45,5543250,28500,5700,BEL,270.0,PE,27-FEB-2025
2025-02-03 13:49:45.467946,BEL27FEB25P270,OPTSTK,9.5,13010250,9.35,9.45,5543250,28500,5700,BEL,270.0,PE,27-FEB-2025
2025-02-03 13:49:52.105453,BEL27FEB25P270,OPTSTK,9.4,13030200,9.3,9.45,5543250,19950,25650,BEL,270.0,PE,27-FEB-2025
2025-02-03 13:49:58.793089,BEL27FEB25P270,OPTSTK,9.4,13030200,9.3,9.45,5543250,19950,25650,BEL,270.0,PE,27-FEB-2025
2025-02-03 13:50:06.008356,BEL27FEB25P270,OPTSTK,9.45,13030200,9.3,9.45,5543250,19950,25650,BEL,270.0,PE,27-FEB-2025
2025-02-03 13:50:12.716542,BEL27FEB25P270,OPTSTK,9.45,13033050,9.4,9.5,5543250,17100,17100,BEL,270.0,PE,27-FEB-2025
2025-02-03 13:50:19.313889,BEL27FEB25P270,OPTSTK,9.45,13033050,9.4,9.5,5543250,17100,17100,BEL,270.0,PE,27-FEB-2025
2025-02-03 13:50:25.840513,BEL27FEB25P270,OPTSTK,9.45,13033050,9.4,9.5,5543250,17100,17100,BEL,270.0,PE,27-FEB-2025
2025-02-03 13:50:32.608774,BEL27FEB25P270,OPTSTK,9.45,13035900,9.45,9.55,5543250,14250,17100,BEL,270.0,PE,27-FEB-2025
2025-02-03 13:50:39.047779,BEL27FEB25P270,OPTSTK,9.45,13035900,9.45,9.55,5543250,14250,17100,BEL,270.0,PE,27-FEB-2025
2025-02-03 13:50:45.474854,BEL27FEB25P270,OPTSTK,9.45,13035900,9.45,9.55,5543250,14250,17100,BEL,270.0,PE,27-FEB-2025
2025-02-03 13:50:52.057491,BEL27FEB25P270,OPTSTK,9.5,13035900,9.45,9.55,5543250,14250,17100,BEL,270.0,PE,27-FEB-2025
2025-02-03 13:50:58.766945,BEL27FEB25P270,OPTSTK,9.5,13038750,9.5,9.6,5543250,8550,39900,BEL,270.0,PE,27-FEB-2025
2025-02-03 13:51:05.475633,BEL27FEB25P270,OPTSTK,9.5,13038750,9.5,9.6,5543250,8550,39900,BEL,270.0,PE,27-FEB-2025
2025-02-03 13:51:12.028660,BEL27FEB25P270,OPTSTK,9.5,13038750,9.5,9.6,5543250,8550,39900,BEL,270.0,PE,27-FEB-2025
2025-02-03 13:51:18.680980,BEL27FEB25P270,OPTSTK,9.5,13038750,9.55,9.65,5543250,19950,5700,BEL,270.0,PE,27-FEB-2025
2025-02-03 13:51:25.013071,BEL27FEB25P270,OPTSTK,9.7,13038750,9.55,9.65,5543250,19950,5700,BEL,270.0,PE,27-FEB-2025
2025-02-03 13:51:31.453217,BEL27FEB25P270,OPTSTK,9.7,13038750,9.55,9.65,5543250,19950,5700,BEL,270.0,PE,27-FEB-2025
2025-02-03 13:51:37.905607,BEL27FEB25P270,OPTSTK,9.7,13038750,9.55,9.65,5543250,19950,5700,BEL,270.0,PE,27-FEB-2025
2025-02-03 13:51:44.238989,BEL27FEB25P270,OPTSTK,9.8,13044450,9.75,9.85,5543250,14250,2850,BEL,270.0,PE,27-FEB-2025
2025-02-03 13:51:50.507746,BEL27FEB25P270,OPTSTK,9.8,13044450,9.75,9.85,5543250,14250,2850,BEL,270.0,PE,27-FEB-2025
2025-02-03 13:51:56.883606,BEL27FEB25P270,OPTSTK,9.85,13044450,9.75,9.85,5543250,14250,2850,BEL,270.0,PE,27-FEB-2025
2025-02-03 13:52:05.658859,BEL27FEB25P270,OPTSTK,9.85,13050150,9.75,9.85,5543250,19950,5700,BEL,270.0,PE,27-FEB-2025
2025-02-03 13:52:12.339100,BEL27FEB25P270,OPTSTK,10.0,13050150,9.75,9.85,5543250,19950,5700,BEL,270.0,PE,27-FEB-2025
2025-02-03 13:52:18.727638,BEL27FEB25P270,OPTSTK,10.0,13050150,9.75,9.85,5543250,19950,5700,BEL,270.0,PE,27-FEB-2025
2025-02-03 13:52:25.431496,BEL27FEB25P270,OPTSTK,10.0,13050150,9.75,9.85,5543250,19950,5700,BEL,270.0,PE,27-FEB-2025
2025-02-03 13:52:31.797705,BEL27FEB25P270,OPTSTK,10.0,13070100,10.05,10.15,5537550,8550,37050,BEL,270.0,PE,27-FEB-2025
2025-02-03 13:52:38.631916,BEL27FEB25P270,OPTSTK,10.05,13070100,10.05,10.15,5537550,8550,37050,BEL,270.0,PE,27-FEB-2025
2025-02-03 13:52:45.626909,BEL27FEB25P270,OPTSTK,10.1,13070100,10.05,10.15,5537550,8550,37050,BEL,270.0,PE,27-FEB-2025
2025-02-03 13:52:52.108407,BEL27FEB25P270,OPTSTK,10.1,13070100,10.05,10.15,5537550,8550,37050,BEL,270.0,PE,27-FEB-2025
2025-02-03 13:52:58.568033,BEL27FEB25P270,OPTSTK,10.15,13095750,10.05,10.15,5537550,11400,17100,BEL,270.0,PE,27-FEB-2025
2025-02-03 13:53:06.110086,BEL27FEB25P270,OPTSTK,10.15,13095750,10.05,10.15,5537550,11400,17100,BEL,270.0,PE,27-FEB-2025
2025-02-03 13:53:12.712244,BEL27FEB25P270,OPTSTK,10.15,13095750,10.05,10.15,5537550,11400,17100,BEL,270.0,PE,27-FEB-2025
2025-02-03 13:53:19.190664,BEL27FEB25P270,OPTSTK,10.1,13204050,10.15,10.25,5537550,19950,17100,BEL,270.0,PE,27-FEB-2025
2025-02-03 13:53:25.799296,BEL27FEB25P270,OPTSTK,10.15,13204050,10.15,10.25,5537550,19950,17100,BEL,270.0,PE,27-FEB-2025
2025-02-03 13:53:32.366190,BEL27FEB25P270,OPTSTK,10.15,13204050,10.15,10.25,5537550,19950,17100,BEL,270.0,PE,27-FEB-2025
2025-02-03 13:53:39.803627,BEL27FEB25P270,OPTSTK,10.2,13212600,10.15,10.25,5537550,5700,25650,BEL,270.0,PE,27-FEB-2025
2025-02-03 13:53:46.119007,BEL27FEB25P270,OPTSTK,10.25,13212600,10.15,10.25,5537550,5700,25650,BEL,270.0,PE,27-FEB-2025
2025-02-03 13:53:52.602231,BEL27FEB25P270,OPTSTK,10.25,13212600,10.15,10.25,5537550,5700,25650,BEL,270.0,PE,27-FEB-2025
2025-02-03 13:53:59.164859,BEL27FEB25P270,OPTSTK,10.15,13218300,10.1,10.2,5537550,17100,19950,BEL,270.0,PE,27-FEB-2025
2025-02-03 13:54:05.588259,BEL27FEB25P270,OPTSTK,10.2,13218300,10.1,10.2,5537550,17100,19950,BEL,270.0,PE,27-FEB-2025
2025-02-03 13:54:11.915353,BEL27FEB25P270,OPTSTK,10.2,13218300,10.1,10.2,5537550,17100,19950,BEL,270.0,PE,27-FEB-2025
2025-02-03 13:54:18.182617,BEL27FEB25P270,OPTSTK,10.2,13218300,10.1,10.2,5537550,17100,19950,BEL,270.0,PE,27-FEB-2025
2025-02-03 13:54:24.742683,BEL27FEB25P270,OPTSTK,10.2,13221150,10.1,10.2,5537550,22800,28500,BEL,270.0,PE,27-FEB-2025
2025-02-03 13:54:31.128176,BEL27FEB25P270,OPTSTK,10.2,13221150,10.1,10.2,5537550,22800,28500,BEL,270.0,PE,27-FEB-2025
2025-02-03 13:54:37.682295,BEL27FEB25P270,OPTSTK,10.2,13221150,10.1,10.2,5537550,22800,28500,BEL,270.0,PE,27-FEB-2025
2025-02-03 13:54:44.263125,BEL27FEB25P270,OPTSTK,10.3,13224000,10.25,10.3,5537550,2850,5700,BEL,270.0,PE,27-FEB-2025
2025-02-03 13:54:52.055760,BEL27FEB25P270,OPTSTK,10.3,13224000,10.25,10.3,5537550,2850,5700,BEL,270.0,PE,27-FEB-2025
2025-02-03 13:54:58.494626,BEL27FEB25P270,OPTSTK,10.3,13224000,10.25,10.3,5537550,2850,5700,BEL,270.0,PE,27-FEB-2025
2025-02-03 13:55:05.157237,BEL27FEB25P270,OPTSTK,10.3,13235400,10.25,10.3,5537550,2850,14250,BEL,270.0,PE,27-FEB-2025
2025-02-03 13:55:11.705489,BEL27FEB25P270,OPTSTK,10.3,13235400,10.25,10.3,5537550,2850,14250,BEL,270.0,PE,27-FEB-2025
2025-02-03 13:55:18.321954,BEL27FEB25P270,OPTSTK,10.3,13235400,10.25,10.3,5537550,2850,14250,BEL,270.0,PE,27-FEB-2025
2025-02-03 13:55:25.077898,BEL27FEB25P270,OPTSTK,10.3,13235400,10.25,10.3,5594550,2850,14250,BEL,270.0,PE,27-FEB-2025
2025-02-03 13:55:31.584060,BEL27FEB25P270,OPTSTK,10.2,13246800,10.25,10.35,5594550,28500,17100,BEL,270.0,PE,27-FEB-2025
2025-02-03 13:55:37.933230,BEL27FEB25P270,OPTSTK,10.2,13246800,10.25,10.35,5594550,28500,17100,BEL,270.0,PE,27-FEB-2025
2025-02-03 13:55:44.444472,BEL27FEB25P270,OPTSTK,10.2,13246800,10.25,10.35,5594550,28500,17100,BEL,270.0,PE,27-FEB-2025
2025-02-03 13:55:50.997841,BEL27FEB25P270,OPTSTK,10.2,13292400,10.15,10.25,5594550,28500,5700,BEL,270.0,PE,27-FEB-2025
2025-02-03 13:55:57.323705,BEL27FEB25P270,OPTSTK,10.2,13292400,10.15,10.25,5594550,28500,5700,BEL,270.0,PE,27-FEB-2025
2025-02-03 13:56:03.670876,BEL27FEB25P270,OPTSTK,10.2,13292400,10.15,10.25,5594550,28500,5700,BEL,270.0,PE,27-FEB-2025
2025-02-03 13:56:10.035541,BEL27FEB25P270,OPTSTK,10.1,13292400,10.1,10.15,5594550,2850,11400,BEL,270.0,PE,27-FEB-2025
2025-02-03 13:56:16.489619,BEL27FEB25P270,OPTSTK,10.1,13292400,10.1,10.15,5594550,2850,11400,BEL,270.0,PE,27-FEB-2025
2025-02-03 13:56:23.061060,BEL27FEB25P270,OPTSTK,10.05,13292400,10.1,10.15,5594550,2850,11400,BEL,270.0,PE,27-FEB-2025
2025-02-03 13:56:29.656241,BEL27FEB25P270,OPTSTK,10.05,13292400,10.1,10.15,5594550,2850,11400,BEL,270.0,PE,27-FEB-2025
2025-02-03 13:56:36.146184,BEL27FEB25P270,OPTSTK,10.05,13303800,10.1,10.2,5594550,28500,8550,BEL,270.0,PE,27-FEB-2025
2025-02-03 13:56:42.414459,BEL27FEB25P270,OPTSTK,10.05,13303800,10.1,10.2,5594550,28500,8550,BEL,270.0,PE,27-FEB-2025
2025-02-03 13:56:49.001142,BEL27FEB25P270,OPTSTK,10.2,13303800,10.1,10.2,5594550,28500,8550,BEL,270.0,PE,27-FEB-2025
2025-02-03 13:56:55.417925,BEL27FEB25P270,OPTSTK,10.15,13320900,10.1,10.2,5594550,19950,14250,BEL,270.0,PE,27-FEB-2025
2025-02-03 13:57:01.895863,BEL27FEB25P270,OPTSTK,10.15,13320900,10.1,10.2,5594550,19950,14250,BEL,270.0,PE,27-FEB-2025
2025-02-03 13:57:08.295504,BEL27FEB25P270,OPTSTK,10.15,13320900,10.1,10.2,5594550,19950,14250,BEL,270.0,PE,27-FEB-2025
2025-02-03 13:57:14.867053,BEL27FEB25P270,OPTSTK,10.15,13323750,10.1,10.2,5594550,2850,42750,BEL,270.0,PE,27-FEB-2025
2025-02-03 13:57:21.623502,BEL27FEB25P270,OPTSTK,10.15,13323750,10.1,10.2,5594550,2850,42750,BEL,270.0,PE,27-FEB-2025
2025-02-03 13:57:28.448309,BEL27FEB25P270,OPTSTK,10.15,13323750,10.1,10.2,5594550,2850,42750,BEL,270.0,PE,27-FEB-2025
2025-02-03 13:57:35.167733,BEL27FEB25P270,OPTSTK,10.15,13323750,10.1,10.2,5594550,2850,42750,BEL,270.0,PE,27-FEB-2025
2025-02-03 13:57:41.562968,BEL27FEB25P270,OPTSTK,10.2,13323750,10.1,10.2,5594550,25650,28500,BEL,270.0,PE,27-FEB-2025
2025-02-03 13:57:47.913130,BEL27FEB25P270,OPTSTK,10.2,13323750,10.1,10.2,5594550,25650,28500,BEL,270.0,PE,27-FEB-2025
2025-02-03 13:57:54.236629,BEL27FEB25P270,OPTSTK,10.2,13323750,10.1,10.2,5594550,25650,28500,BEL,270.0,PE,27-FEB-2025
2025-02-03 13:58:00.975598,BEL27FEB25P270,OPTSTK,10.2,13338000,10.25,10.3,5594550,2850,17100,BEL,270.0,PE,27-FEB-2025
2025-02-03 13:58:07.459084,BEL27FEB25P270,OPTSTK,10.25,13338000,10.25,10.3,5594550,2850,17100,BEL,270.0,PE,27-FEB-2025
2025-02-03 13:58:13.913687,BEL27FEB25P270,OPTSTK,10.2,13338000,10.25,10.3,5594550,2850,17100,BEL,270.0,PE,27-FEB-2025
2025-02-03 13:58:20.754105,BEL27FEB25P270,OPTSTK,10.2,13343700,10.15,10.25,5594550,8550,31350,BEL,270.0,PE,27-FEB-2025
2025-02-03 13:58:27.813381,BEL27FEB25P270,OPTSTK,10.25,13343700,10.15,10.25,5614500,8550,31350,BEL,270.0,PE,27-FEB-2025
2025-02-03 13:58:34.980802,BEL27FEB25P270,OPTSTK,10.25,13343700,10.15,10.25,5614500,8550,31350,BEL,270.0,PE,27-FEB-2025
2025-02-03 13:58:41.619495,BEL27FEB25P270,OPTSTK,10.25,13343700,10.15,10.25,5614500,8550,31350,BEL,270.0,PE,27-FEB-2025
2025-02-03 13:58:48.358217,BEL27FEB25P270,OPTSTK,10.2,13346550,10.2,10.25,5614500,5700,19950,BEL,270.0,PE,27-FEB-2025
2025-02-03 13:58:55.759453,BEL27FEB25P270,OPTSTK,10.2,13346550,10.2,10.25,5614500,5700,19950,BEL,270.0,PE,27-FEB-2025
2025-02-03 13:59:02.256535,BEL27FEB25P270,OPTSTK,10.2,13346550,10.2,10.25,5614500,5700,19950,BEL,270.0,PE,27-FEB-2025
2025-02-03 13:59:08.629692,BEL27FEB25P270,OPTSTK,10.2,13352250,10.15,10.25,5614500,31350,17100,BEL,270.0,PE,27-FEB-2025
2025-02-03 13:59:15.075411,BEL27FEB25P270,OPTSTK,10.2,13352250,10.15,10.25,5614500,31350,17100,BEL,270.0,PE,27-FEB-2025
2025-02-03 13:59:21.601381,BEL27FEB25P270,OPTSTK,10.2,13352250,10.15,10.25,5614500,31350,17100,BEL,270.0,PE,27-FEB-2025
2025-02-03 13:59:28.134271,BEL27FEB25P270,OPTSTK,10.2,13355100,10.15,10.25,5614500,28500,14250,BEL,270.0,PE,27-FEB-2025
2025-02-03 13:59:34.374057,BEL27FEB25P270,OPTSTK,10.2,13355100,10.15,10.25,5614500,28500,14250,BEL,270.0,PE,27-FEB-2025
2025-02-03 13:59:41.866116,BEL27FEB25P270,OPTSTK,10.3,13355100,10.15,10.25,5614500,28500,14250,BEL,270.0,PE,27-FEB-2025
2025-02-03 13:59:48.470644,BEL27FEB25P270,OPTSTK,10.3,13357950,10.2,10.3,5614500,22800,31350,BEL,270.0,PE,27-FEB-2025
2025-02-03 13:59:55.116339,BEL27FEB25P270,OPTSTK,10.3,13357950,10.2,10.3,5614500,22800,31350,BEL,270.0,PE,27-FEB-2025
2025-02-03 14:00:01.675797,BEL27FEB25P270,OPTSTK,10.3,13357950,10.2,10.3,5614500,22800,31350,BEL,270.0,PE,27-FEB-2025
2025-02-03 14:00:08.215353,BEL27FEB25P270,OPTSTK,10.2,13372200,10.15,10.25,5614500,11400,22800,BEL,270.0,PE,27-FEB-2025
2025-02-03 14:00:14.761357,BEL27FEB25P270,OPTSTK,10.2,13372200,10.15,10.25,5614500,11400,22800,BEL,270.0,PE,27-FEB-2025
2025-02-03 14:00:21.295572,BEL27FEB25P270,OPTSTK,10.2,13372200,10.15,10.25,5614500,11400,22800,BEL,270.0,PE,27-FEB-2025
2025-02-03 14:00:28.675177,BEL27FEB25P270,OPTSTK,10.2,13372200,10.1,10.2,5614500,19950,28500,BEL,270.0,PE,27-FEB-2025
2025-02-03 14:00:35.121548,BEL27FEB25P270,OPTSTK,10.2,13372200,10.1,10.2,5614500,19950,28500,BEL,270.0,PE,27-FEB-2025
2025-02-03 14:00:41.899339,BEL27FEB25P270,OPTSTK,10.1,13372200,10.1,10.2,5614500,19950,28500,BEL,270.0,PE,27-FEB-2025
2025-02-03 14:00:49.354826,BEL27FEB25P270,OPTSTK,10.1,13375050,10.0,10.1,5614500,25650,31350,BEL,270.0,PE,27-FEB-2025
2025-02-03 14:00:58.386711,BEL27FEB25P270,OPTSTK,10.0,13375050,10.0,10.1,5614500,25650,31350,BEL,270.0,PE,27-FEB-2025
2025-02-03 14:01:04.871270,BEL27FEB25P270,OPTSTK,10.0,13375050,10.0,10.1,5614500,25650,31350,BEL,270.0,PE,27-FEB-2025
2025-02-03 14:01:11.340441,BEL27FEB25P270,OPTSTK,9.95,13383600,9.9,10.0,5614500,39900,22800,BEL,270.0,PE,27-FEB-2025
2025-02-03 14:01:18.219650,BEL27FEB25P270,OPTSTK,9.95,13383600,9.9,10.0,5614500,39900,22800,BEL,270.0,PE,27-FEB-2025
2025-02-03 14:01:24.859078,BEL27FEB25P270,OPTSTK,9.95,13383600,9.9,10.0,5614500,39900,22800,BEL,270.0,PE,27-FEB-2025
2025-02-03 14:01:31.673951,BEL27FEB25P270,OPTSTK,9.95,13383600,9.9,9.95,5614500,19950,2850,BEL,270.0,PE,27-FEB-2025
2025-02-03 14:01:38.377523,BEL27FEB25P270,OPTSTK,9.95,13383600,9.9,9.95,5614500,19950,2850,BEL,270.0,PE,27-FEB-2025
2025-02-03 14:01:45.904814,BEL27FEB25P270,OPTSTK,9.95,13383600,9.9,9.95,5614500,19950,2850,BEL,270.0,PE,27-FEB-2025
2025-02-03 14:01:52.605048,BEL27FEB25P270,OPTSTK,9.95,13383600,9.9,9.95,5614500,2850,14250,BEL,270.0,PE,27-FEB-2025
2025-02-03 14:01:59.266513,BEL27FEB25P270,OPTSTK,9.95,13383600,9.9,9.95,5614500,2850,14250,BEL,270.0,PE,27-FEB-2025
2025-02-03 14:02:05.719748,BEL27FEB25P270,OPTSTK,9.95,13383600,9.9,9.95,5640150,2850,14250,BEL,270.0,PE,27-FEB-2025
2025-02-03 14:02:12.348743,BEL27FEB25P270,OPTSTK,9.95,13383600,9.9,9.95,5640150,2850,14250,BEL,270.0,PE,27-FEB-2025
2025-02-03 14:02:19.240349,BEL27FEB25P270,OPTSTK,9.95,13389300,9.85,9.95,5640150,42750,11400,BEL,270.0,PE,27-FEB-2025
2025-02-03 14:02:26.015319,BEL27FEB25P270,OPTSTK,9.95,13389300,9.85,9.95,5640150,42750,11400,BEL,270.0,PE,27-FEB-2025
2025-02-03 14:02:32.663208,BEL27FEB25P270,OPTSTK,9.8,13389300,9.85,9.95,5640150,42750,11400,BEL,270.0,PE,27-FEB-2025
2025-02-03 14:02:39.233274,BEL27FEB25P270,OPTSTK,9.8,13406400,9.7,9.8,5640150,31350,19950,BEL,270.0,PE,27-FEB-2025
2025-02-03 14:02:45.881364,BEL27FEB25P270,OPTSTK,9.8,13406400,9.7,9.8,5640150,31350,19950,BEL,270.0,PE,27-FEB-2025
2025-02-03 14:02:52.636977,BEL27FEB25P270,OPTSTK,9.8,13406400,9.7,9.8,5640150,31350,19950,BEL,270.0,PE,27-FEB-2025
2025-02-03 14:02:59.164504,BEL27FEB25P270,OPTSTK,9.8,13414950,9.75,9.85,5640150,19950,28500,BEL,270.0,PE,27-FEB-2025
2025-02-03 14:03:05.878869,BEL27FEB25P270,OPTSTK,9.7,13414950,9.75,9.85,5640150,19950,28500,BEL,270.0,PE,27-FEB-2025
2025-02-03 14:03:12.454041,BEL27FEB25P270,OPTSTK,9.7,13414950,9.75,9.85,5640150,19950,28500,BEL,270.0,PE,27-FEB-2025
2025-02-03 14:03:18.928286,BEL27FEB25P270,OPTSTK,9.6,13414950,9.75,9.85,5640150,19950,28500,BEL,270.0,PE,27-FEB-2025
2025-02-03 14:03:25.587884,BEL27FEB25P270,OPTSTK,9.6,13434900,9.6,9.7,5640150,37050,14250,BEL,270.0,PE,27-FEB-2025
2025-02-03 14:03:32.233786,BEL27FEB25P270,OPTSTK,9.7,13434900,9.6,9.7,5640150,37050,14250,BEL,270.0,PE,27-FEB-2025
2025-02-03 14:03:39.041334,BEL27FEB25P270,OPTSTK,9.7,13434900,9.6,9.7,5640150,37050,14250,BEL,270.0,PE,27-FEB-2025
2025-02-03 14:03:45.661838,BEL27FEB25P270,OPTSTK,9.7,13443450,9.65,9.75,5640150,11400,31350,BEL,270.0,PE,27-FEB-2025
2025-02-03 14:03:52.159108,BEL27FEB25P270,OPTSTK,9.7,13443450,9.65,9.75,5640150,11400,31350,BEL,270.0,PE,27-FEB-2025
2025-02-03 14:03:59.225473,BEL27FEB25P270,OPTSTK,9.7,13443450,9.65,9.75,5640150,11400,31350,BEL,270.0,PE,27-FEB-2025
2025-02-03 14:04:05.835888,BEL27FEB25P270,OPTSTK,9.7,13443450,9.7,9.75,5640150,2850,19950,BEL,270.0,PE,27-FEB-2025
2025-02-03 14:04:12.338726,BEL27FEB25P270,OPTSTK,9.7,13443450,9.7,9.75,5640150,2850,19950,BEL,270.0,PE,27-FEB-2025
2025-02-03 14:04:19.207225,BEL27FEB25P270,OPTSTK,9.7,13443450,9.7,9.75,5640150,2850,19950,BEL,270.0,PE,27-FEB-2025
2025-02-03 14:04:25.818358,BEL27FEB25P270,OPTSTK,9.65,13449150,9.65,9.75,5637300,25650,22800,BEL,270.0,PE,27-FEB-2025
2025-02-03 14:04:32.498318,BEL27FEB25P270,OPTSTK,9.65,13449150,9.65,9.75,5637300,25650,22800,BEL,270.0,PE,27-FEB-2025
2025-02-03 14:04:38.912220,BEL27FEB25P270,OPTSTK,9.65,13449150,9.65,9.75,5637300,25650,22800,BEL,270.0,PE,27-FEB-2025
2025-02-03 14:04:45.396933,BEL27FEB25P270,OPTSTK,9.65,13463400,9.6,9.7,5637300,19950,31350,BEL,270.0,PE,27-FEB-2025
2025-02-03 14:04:52.285241,BEL27FEB25P270,OPTSTK,9.65,13463400,9.6,9.7,5637300,19950,31350,BEL,270.0,PE,27-FEB-2025
2025-02-03 14:04:58.935353,BEL27FEB25P270,OPTSTK,9.65,13463400,9.6,9.7,5637300,19950,31350,BEL,270.0,PE,27-FEB-2025
2025-02-03 14:05:05.606740,BEL27FEB25P270,OPTSTK,9.65,13463400,9.6,9.7,5637300,22800,31350,BEL,270.0,PE,27-FEB-2025
2025-02-03 14:05:12.188737,BEL27FEB25P270,OPTSTK,9.65,13463400,9.6,9.7,5637300,22800,31350,BEL,270.0,PE,27-FEB-2025
2025-02-03 14:05:18.568047,BEL27FEB25P270,OPTSTK,9.65,13463400,9.6,9.7,5637300,22800,31350,BEL,270.0,PE,27-FEB-2025
2025-02-03 14:05:24.917560,BEL27FEB25P270,OPTSTK,9.5,13463400,9.6,9.7,5637300,22800,31350,BEL,270.0,PE,27-FEB-2025
2025-02-03 14:05:31.521283,BEL27FEB25P270,OPTSTK,9.55,13491900,9.45,9.55,5637300,42750,14250,BEL,270.0,PE,27-FEB-2025
2025-02-03 14:05:38.062273,BEL27FEB25P270,OPTSTK,9.55,13491900,9.45,9.55,5637300,42750,14250,BEL,270.0,PE,27-FEB-2025
2025-02-03 14:05:44.928848,BEL27FEB25P270,OPTSTK,9.55,13491900,9.45,9.55,5637300,42750,14250,BEL,270.0,PE,27-FEB-2025
2025-02-03 14:05:51.699318,BEL27FEB25P270,OPTSTK,9.55,13503300,9.45,9.55,5637300,34200,19950,BEL,270.0,PE,27-FEB-2025
2025-02-03 14:05:58.531886,BEL27FEB25P270,OPTSTK,9.55,13503300,9.45,9.55,5637300,34200,19950,BEL,270.0,PE,27-FEB-2025
2025-02-03 14:06:05.527342,BEL27FEB25P270,OPTSTK,9.6,13503300,9.45,9.55,5637300,34200,19950,BEL,270.0,PE,27-FEB-2025
2025-02-03 14:06:12.188012,BEL27FEB25P270,OPTSTK,9.6,13511850,9.5,9.6,5637300,14250,34200,BEL,270.0,PE,27-FEB-2025
2025-02-03 14:06:18.626014,BEL27FEB25P270,OPTSTK,9.6,13511850,9.5,9.6,5637300,14250,34200,BEL,270.0,PE,27-FEB-2025
2025-02-03 14:06:25.113023,BEL27FEB25P270,OPTSTK,9.5,13511850,9.5,9.6,5637300,14250,34200,BEL,270.0,PE,27-FEB-2025
2025-02-03 14:06:31.722145,BEL27FEB25P270,OPTSTK,9.45,13523250,9.4,9.5,5637300,37050,25650,BEL,270.0,PE,27-FEB-2025
2025-02-03 14:06:38.339126,BEL27FEB25P270,OPTSTK,9.45,13523250,9.4,9.5,5637300,37050,25650,BEL,270.0,PE,27-FEB-2025
2025-02-03 14:06:44.873106,BEL27FEB25P270,OPTSTK,9.45,13523250,9.4,9.5,5637300,37050,25650,BEL,270.0,PE,27-FEB-2025
2025-02-03 14:06:51.527902,BEL27FEB25P270,OPTSTK,9.45,13523250,9.4,9.5,5637300,37050,25650,BEL,270.0,PE,27-FEB-2025
2025-02-03 14:06:58.129772,BEL27FEB25P270,OPTSTK,9.45,13623000,9.4,9.5,5637300,45600,19950,BEL,270.0,PE,27-FEB-2025
2025-02-03 14:07:05.070753,BEL27FEB25P270,OPTSTK,9.45,13623000,9.4,9.5,5637300,45600,19950,BEL,270.0,PE,27-FEB-2025
2025-02-03 14:07:11.973269,BEL27FEB25P270,OPTSTK,9.45,13623000,9.4,9.5,5637300,45600,19950,BEL,270.0,PE,27-FEB-2025
2025-02-03 14:07:18.907353,BEL27FEB25P270,OPTSTK,9.45,13628700,9.45,9.55,5637300,8550,37050,BEL,270.0,PE,27-FEB-2025
2025-02-03 14:07:27.047797,BEL27FEB25P270,OPTSTK,9.45,13628700,9.45,9.55,5637300,8550,37050,BEL,270.0,PE,27-FEB-2025
2025-02-03 14:07:33.603165,BEL27FEB25P270,OPTSTK,9.5,13628700,9.45,9.55,5625900,8550,37050,BEL,270.0,PE,27-FEB-2025
2025-02-03 14:07:40.195306,BEL27FEB25P270,OPTSTK,9.5,13631550,9.45,9.55,5625900,17100,34200,BEL,270.0,PE,27-FEB-2025
2025-02-03 14:07:46.848182,BEL27FEB25P270,OPTSTK,9.5,13631550,9.45,9.55,5625900,17100,34200,BEL,270.0,PE,27-FEB-2025
2025-02-03 14:07:53.366852,BEL27FEB25P270,OPTSTK,9.5,13631550,9.45,9.55,5625900,17100,34200,BEL,270.0,PE,27-FEB-2025
2025-02-03 14:07:59.915704,BEL27FEB25P270,OPTSTK,9.5,13631550,9.5,9.6,5625900,28500,22800,BEL,270.0,PE,27-FEB-2025
2025-02-03 14:08:06.339235,BEL27FEB25P270,OPTSTK,9.5,13631550,9.5,9.6,5625900,28500,22800,BEL,270.0,PE,27-FEB-2025
2025-02-03 14:08:12.970806,BEL27FEB25P270,OPTSTK,9.5,13631550,9.5,9.6,5625900,28500,22800,BEL,270.0,PE,27-FEB-2025
2025-02-03 14:08:19.349097,BEL27FEB25P270,OPTSTK,9.6,13631550,9.5,9.6,5625900,28500,22800,BEL,270.0,PE,27-FEB-2025
2025-02-03 14:08:25.757041,BEL27FEB25P270,OPTSTK,9.6,13637250,9.5,9.6,5625900,28500,31350,BEL,270.0,PE,27-FEB-2025
2025-02-03 14:08:32.420137,BEL27FEB25P270,OPTSTK,9.6,13637250,9.5,9.6,5625900,28500,31350,BEL,270.0,PE,27-FEB-2025
2025-02-03 14:08:38.956554,BEL27FEB25P270,OPTSTK,9.6,13637250,9.5,9.6,5625900,28500,31350,BEL,270.0,PE,27-FEB-2025
2025-02-03 14:08:45.581895,BEL27FEB25P270,OPTSTK,9.6,13637250,9.5,9.6,5625900,22800,31350,BEL,270.0,PE,27-FEB-2025
2025-02-03 14:08:52.187410,BEL27FEB25P270,OPTSTK,9.55,13637250,9.5,9.6,5625900,22800,31350,BEL,270.0,PE,27-FEB-2025
2025-02-03 14:08:58.745204,BEL27FEB25P270,OPTSTK,9.55,13637250,9.5,9.6,5625900,22800,31350,BEL,270.0,PE,27-FEB-2025
2025-02-03 14:09:05.386928,BEL27FEB25P270,OPTSTK,9.55,13637250,9.5,9.6,5625900,22800,31350,BEL,270.0,PE,27-FEB-2025
2025-02-03 14:09:12.174730,BEL27FEB25P270,OPTSTK,9.55,13642950,9.5,9.6,5625900,34200,14250,BEL,270.0,PE,27-FEB-2025
2025-02-03 14:09:18.698972,BEL27FEB25P270,OPTSTK,9.55,13642950,9.5,9.6,5625900,34200,14250,BEL,270.0,PE,27-FEB-2025
2025-02-03 14:09:25.333088,BEL27FEB25P270,OPTSTK,9.55,13642950,9.5,9.6,5625900,34200,14250,BEL,270.0,PE,27-FEB-2025
2025-02-03 14:09:31.752539,BEL27FEB25P270,OPTSTK,9.55,13645800,9.5,9.6,5625900,14250,34200,BEL,270.0,PE,27-FEB-2025
2025-02-03 14:09:38.517468,BEL27FEB25P270,OPTSTK,9.5,13645800,9.5,9.6,5625900,14250,34200,BEL,270.0,PE,27-FEB-2025
2025-02-03 14:09:45.156672,BEL27FEB25P270,OPTSTK,9.5,13645800,9.5,9.6,5625900,14250,34200,BEL,270.0,PE,27-FEB-2025
2025-02-03 14:09:51.629705,BEL27FEB25P270,OPTSTK,9.65,13654350,9.55,9.65,5625900,19950,25650,BEL,270.0,PE,27-FEB-2025
2025-02-03 14:09:58.125498,BEL27FEB25P270,OPTSTK,9.65,13654350,9.55,9.65,5625900,19950,25650,BEL,270.0,PE,27-FEB-2025
2025-02-03 14:10:04.641849,BEL27FEB25P270,OPTSTK,9.7,13654350,9.55,9.65,5625900,19950,25650,BEL,270.0,PE,27-FEB-2025
2025-02-03 14:10:11.153677,BEL27FEB25P270,OPTSTK,9.65,13654350,9.55,9.65,5625900,19950,25650,BEL,270.0,PE,27-FEB-2025
2025-02-03 14:10:17.622594,BEL27FEB25P270,OPTSTK,9.65,13677150,9.65,9.75,5625900,11400,45600,BEL,270.0,PE,27-FEB-2025
2025-02-03 14:10:24.677624,BEL27FEB25P270,OPTSTK,9.65,13677150,9.65,9.75,5625900,11400,45600,BEL,270.0,PE,27-FEB-2025
2025-02-03 14:10:31.148643,BEL27FEB25P270,OPTSTK,9.65,13677150,9.65,9.75,5625900,11400,45600,BEL,270.0,PE,27-FEB-2025
2025-02-03 14:10:37.864150,BEL27FEB25P270,OPTSTK,9.65,13677150,9.65,9.75,5625900,31350,19950,BEL,270.0,PE,27-FEB-2025
2025-02-03 14:10:44.499000,BEL27FEB25P270,OPTSTK,9.65,13677150,9.65,9.75,5625900,31350,19950,BEL,270.0,PE,27-FEB-2025
2025-02-03 14:10:51.635782,BEL27FEB25P270,OPTSTK,9.65,13677150,9.65,9.75,5625900,31350,19950,BEL,270.0,PE,27-FEB-2025
2025-02-03 14:10:57.989788,BEL27FEB25P270,OPTSTK,9.65,13677150,9.7,9.8,5625900,31350,17100,BEL,270.0,PE,27-FEB-2025
2025-02-03 14:11:04.402633,BEL27FEB25P270,OPTSTK,9.65,13677150,9.7,9.8,5625900,31350,17100,BEL,270.0,PE,27-FEB-2025
2025-02-03 14:11:10.919183,BEL27FEB25P270,OPTSTK,9.85,13677150,9.7,9.8,5648700,31350,17100,BEL,270.0,PE,27-FEB-2025
2025-02-03 14:11:17.371689,BEL27FEB25P270,OPTSTK,9.85,13685700,9.75,9.85,5648700,17100,39900,BEL,270.0,PE,27-FEB-2025
2025-02-03 14:11:23.722326,BEL27FEB25P270,OPTSTK,9.85,13685700,9.75,9.85,5648700,17100,39900,BEL,270.0,PE,27-FEB-2025
2025-02-03 14:11:30.019813,BEL27FEB25P270,OPTSTK,9.85,13685700,9.75,9.85,5648700,17100,39900,BEL,270.0,PE,27-FEB-2025
2025-02-03 14:11:36.373864,BEL27FEB25P270,OPTSTK,9.85,13688550,9.8,9.9,5648700,2850,25650,BEL,270.0,PE,27-FEB-2025
2025-02-03 14:11:42.768173,BEL27FEB25P270,OPTSTK,9.85,13688550,9.8,9.9,5648700,2850,25650,BEL,270.0,PE,27-FEB-2025
2025-02-03 14:11:49.117140,BEL27FEB25P270,OPTSTK,9.85,13688550,9.8,9.9,5648700,2850,25650,BEL,270.0,PE,27-FEB-2025
2025-02-03 14:11:55.466249,BEL27FEB25P270,OPTSTK,9.85,13694250,9.75,9.85,5648700,25650,25650,BEL,270.0,PE,27-FEB-2025
2025-02-03 14:12:03.265323,BEL27FEB25P270,OPTSTK,9.75,13694250,9.75,9.85,5648700,25650,25650,BEL,270.0,PE,27-FEB-2025
2025-02-03 14:12:09.684076,BEL27FEB25P270,OPTSTK,9.75,13694250,9.75,9.85,5648700,25650,25650,BEL,270.0,PE,27-FEB-2025
2025-02-03 14:12:16.213480,BEL27FEB25P270,OPTSTK,9.65,13694250,9.75,9.85,5648700,25650,25650,BEL,270.0,PE,27-FEB-2025
2025-02-03 14:12:22.567464,BEL27FEB25P270,OPTSTK,9.65,13702800,9.7,9.8,5648700,31350,19950,BEL,270.0,PE,27-FEB-2025
2025-02-03 14:12:29.126965,BEL27FEB25P270,OPTSTK,9.7,13702800,9.7,9.8,5648700,31350,19950,BEL,270.0,PE,27-FEB-2025
2025-02-03 14:12:35.569249,BEL27FEB25P270,OPTSTK,9.7,13702800,9.7,9.8,5648700,31350,19950,BEL,270.0,PE,27-FEB-2025
2025-02-03 14:12:42.019830,BEL27FEB25P270,OPTSTK,9.7,13705650,9.65,9.75,5648700,39900,25650,BEL,270.0,PE,27-FEB-2025
2025-02-03 14:12:48.526007,BEL27FEB25P270,OPTSTK,9.7,13705650,9.65,9.75,5648700,39900,25650,BEL,270.0,PE,27-FEB-2025
2025-02-03 14:12:54.832102,BEL27FEB25P270,OPTSTK,9.7,13705650,9.65,9.75,5648700,39900,25650,BEL,270.0,PE,27-FEB-2025
2025-02-03 14:13:01.325843,BEL27FEB25P270,OPTSTK,9.7,13705650,9.65,9.7,5648700,25650,2850,BEL,270.0,PE,27-FEB-2025
2025-02-03 14:13:07.600670,BEL27FEB25P270,OPTSTK,9.7,13705650,9.65,9.7,5648700,25650,2850,BEL,270.0,PE,27-FEB-2025
2025-02-03 14:13:14.219278,BEL27FEB25P270,OPTSTK,9.7,13705650,9.65,9.7,5648700,25650,2850,BEL,270.0,PE,27-FEB-2025
2025-02-03 14:13:20.576908,BEL27FEB25P270,OPTSTK,9.8,13705650,9.65,9.7,5648700,25650,2850,BEL,270.0,PE,27-FEB-2025
2025-02-03 14:13:26.992615,BEL27FEB25P270,OPTSTK,9.8,13711350,9.7,9.8,5648700,37050,2850,BEL,270.0,PE,27-FEB-2025
2025-02-03 14:13:33.469710,BEL27FEB25P270,OPTSTK,9.8,13711350,9.7,9.8,5648700,37050,2850,BEL,270.0,PE,27-FEB-2025
2025-02-03 14:13:40.266719,BEL27FEB25P270,OPTSTK,9.8,13711350,9.7,9.8,5648700,37050,2850,BEL,270.0,PE,27-FEB-2025
2025-02-03 14:13:46.807203,BEL27FEB25P270,OPTSTK,9.8,13711350,9.75,9.85,5648700,17100,31350,BEL,270.0,PE,27-FEB-2025
2025-02-03 14:13:53.126898,BEL27FEB25P270,OPTSTK,9.8,13711350,9.75,9.85,5648700,17100,31350,BEL,270.0,PE,27-FEB-2025
2025-02-03 14:13:59.590493,BEL27FEB25P270,OPTSTK,9.8,13711350,9.75,9.85,5648700,17100,31350,BEL,270.0,PE,27-FEB-2025
2025-02-03 14:14:06.075387,BEL27FEB25P270,OPTSTK,9.85,13714200,9.8,9.9,5654400,5700,34200,BEL,270.0,PE,27-FEB-2025
2025-02-03 14:14:12.288538,BEL27FEB25P270,OPTSTK,9.85,13714200,9.8,9.9,5654400,5700,34200,BEL,270.0,PE,27-FEB-2025
2025-02-03 14:14:18.860145,BEL27FEB25P270,OPTSTK,9.85,13714200,9.8,9.9,5654400,5700,34200,BEL,270.0,PE,27-FEB-2025
2025-02-03 14:14:25.137973,BEL27FEB25P270,OPTSTK,9.85,13714200,9.8,9.9,5654400,5700,34200,BEL,270.0,PE,27-FEB-2025
2025-02-03 14:14:31.588721,BEL27FEB25P270,OPTSTK,9.85,13719900,9.8,9.9,5654400,11400,34200,BEL,270.0,PE,27-FEB-2025
2025-02-03 14:14:38.194900,BEL27FEB25P270,OPTSTK,9.8,13719900,9.8,9.9,5654400,11400,34200,BEL,270.0,PE,27-FEB-2025
2025-02-03 14:14:44.505210,BEL27FEB25P270,OPTSTK,9.8,13719900,9.8,9.9,5654400,11400,34200,BEL,270.0,PE,27-FEB-2025
2025-02-03 14:14:50.896037,BEL27FEB25P270,OPTSTK,9.8,13722750,9.75,9.85,5654400,8550,34200,BEL,270.0,PE,27-FEB-2025
2025-02-03 14:14:56.985916,BEL27FEB25P270,OPTSTK,9.75,13722750,9.75,9.85,5654400,8550,34200,BEL,270.0,PE,27-FEB-2025
2025-02-03 14:15:03.324313,BEL27FEB25P270,OPTSTK,9.75,13722750,9.75,9.85,5654400,8550,34200,BEL,270.0,PE,27-FEB-2025
2025-02-03 14:15:09.640180,BEL27FEB25P270,OPTSTK,9.75,13728450,9.75,9.8,5654400,17100,2850,BEL,270.0,PE,27-FEB-2025
2025-02-03 14:15:15.996442,BEL27FEB25P270,OPTSTK,9.65,13728450,9.75,9.8,5654400,17100,2850,BEL,270.0,PE,27-FEB-2025
2025-02-03 14:15:22.417709,BEL27FEB25P270,OPTSTK,9.45,13728450,9.75,9.8,5654400,17100,2850,BEL,270.0,PE,27-FEB-2025
2025-02-03 14:15:28.813679,BEL27FEB25P270,OPTSTK,9.35,13759800,9.3,9.4,5654400,34200,22800,BEL,270.0,PE,27-FEB-2025
2025-02-03 14:15:35.155085,BEL27FEB25P270,OPTSTK,9.35,13759800,9.3,9.4,5654400,34200,22800,BEL,270.0,PE,27-FEB-2025
2025-02-03 14:15:41.530617,BEL27FEB25P270,OPTSTK,9.4,13759800,9.3,9.4,5654400,34200,22800,BEL,270.0,PE,27-FEB-2025
2025-02-03 14:15:47.688534,BEL27FEB25P270,OPTSTK,9.4,13759800,9.3,9.4,5654400,34200,22800,BEL,270.0,PE,27-FEB-2025
2025-02-03 14:15:54.032739,BEL27FEB25P270,OPTSTK,9.4,13785450,9.35,9.4,5654400,2850,14250,BEL,270.0,PE,27-FEB-2025
2025-02-03 14:16:00.437682,BEL27FEB25P270,OPTSTK,9.4,13785450,9.35,9.4,5654400,2850,14250,BEL,270.0,PE,27-FEB-2025
2025-02-03 14:16:06.904254,BEL27FEB25P270,OPTSTK,9.4,13785450,9.35,9.4,5654400,2850,14250,BEL,270.0,PE,27-FEB-2025
2025-02-03 14:16:13.207514,BEL27FEB25P270,OPTSTK,9.35,13788300,9.3,9.4,5654400,14250,28500,BEL,270.0,PE,27-FEB-2025
2025-02-03 14:16:19.746838,BEL27FEB25P270,OPTSTK,9.4,13788300,9.3,9.4,5654400,14250,28500,BEL,270.0,PE,27-FEB-2025
2025-02-03 14:16:26.001939,BEL27FEB25P270,OPTSTK,9.4,13788300,9.3,9.4,5651550,14250,28500,BEL,270.0,PE,27-FEB-2025
2025-02-03 14:16:32.358741,BEL27FEB25P270,OPTSTK,9.4,13788300,9.3,9.4,5651550,14250,28500,BEL,270.0,PE,27-FEB-2025
2025-02-03 14:16:38.592847,BEL27FEB25P270,OPTSTK,9.4,13805400,9.35,9.45,5651550,25650,17100,BEL,270.0,PE,27-FEB-2025
2025-02-03 14:16:44.806251,BEL27FEB25P270,OPTSTK,9.4,13805400,9.35,9.45,5651550,25650,17100,BEL,270.0,PE,27-FEB-2025
2025-02-03 14:16:51.169441,BEL27FEB25P270,OPTSTK,9.4,13805400,9.35,9.45,5651550,25650,17100,BEL,270.0,PE,27-FEB-2025
2025-02-03 14:16:57.602023,BEL27FEB25P270,OPTSTK,9.4,13805400,9.35,9.45,5651550,14250,19950,BEL,270.0,PE,27-FEB-2025
2025-02-03 14:17:03.871422,BEL27FEB25P270,OPTSTK,9.4,13805400,9.35,9.45,5651550,14250,19950,BEL,270.0,PE,27-FEB-2025
2025-02-03 14:17:10.220158,BEL27FEB25P270,OPTSTK,9.35,13805400,9.35,9.45,5651550,14250,19950,BEL,270.0,PE,27-FEB-2025
2025-02-03 14:17:16.509502,BEL27FEB25P270,OPTSTK,9.35,13808250,9.3,9.4,5651550,37050,8550,BEL,270.0,PE,27-FEB-2025
2025-02-03 14:17:22.869598,BEL27FEB25P270,OPTSTK,9.35,13808250,9.3,9.4,5651550,37050,8550,BEL,270.0,PE,27-FEB-2025
2025-02-03 14:17:29.275655,BEL27FEB25P270,OPTSTK,9.35,13808250,9.3,9.4,5651550,37050,8550,BEL,270.0,PE,27-FEB-2025
2025-02-03 14:17:35.676871,BEL27FEB25P270,OPTSTK,9.35,13808250,9.3,9.4,5651550,62700,17100,BEL,270.0,PE,27-FEB-2025
2025-02-03 14:17:41.980320,BEL27FEB25P270,OPTSTK,9.35,13808250,9.3,9.4,5651550,62700,17100,BEL,270.0,PE,27-FEB-2025
2025-02-03 14:17:48.309903,BEL27FEB25P270,OPTSTK,9.35,13808250,9.3,9.4,5651550,62700,17100,BEL,270.0,PE,27-FEB-2025
2025-02-03 14:17:54.502291,BEL27FEB25P270,OPTSTK,9.35,13808250,9.3,9.4,5651550,17100,25650,BEL,270.0,PE,27-FEB-2025
2025-02-03 14:18:01.061538,BEL27FEB25P270,OPTSTK,9.35,13808250,9.3,9.4,5651550,17100,25650,BEL,270.0,PE,27-FEB-2025
2025-02-03 14:18:07.325681,BEL27FEB25P270,OPTSTK,9.35,13808250,9.3,9.4,5651550,17100,25650,BEL,270.0,PE,27-FEB-2025
2025-02-03 14:18:13.787494,BEL27FEB25P270,OPTSTK,9.35,13808250,9.3,9.4,5651550,17100,25650,BEL,270.0,PE,27-FEB-2025
2025-02-03 14:18:20.142414,BEL27FEB25P270,OPTSTK,9.35,13811100,9.3,9.4,5651550,17100,31350,BEL,270.0,PE,27-FEB-2025
2025-02-03 14:18:26.469226,BEL27FEB25P270,OPTSTK,9.35,13811100,9.3,9.4,5651550,17100,31350,BEL,270.0,PE,27-FEB-2025
2025-02-03 14:18:33.783145,BEL27FEB25P270,OPTSTK,9.4,13811100,9.3,9.4,5651550,17100,31350,BEL,270.0,PE,27-FEB-2025
2025-02-03 14:18:40.065458,BEL27FEB25P270,OPTSTK,9.4,13813950,9.35,9.45,5651550,25650,25650,BEL,270.0,PE,27-FEB-2025
2025-02-03 14:18:46.439507,BEL27FEB25P270,OPTSTK,9.4,13813950,9.35,9.45,5651550,25650,25650,BEL,270.0,PE,27-FEB-2025
2025-02-03 14:18:52.796273,BEL27FEB25P270,OPTSTK,9.4,13813950,9.35,9.45,5651550,25650,25650,BEL,270.0,PE,27-FEB-2025
2025-02-03 14:18:59.231526,BEL27FEB25P270,OPTSTK,9.45,13828200,9.4,9.5,5651550,5700,31350,BEL,270.0,PE,27-FEB-2025
2025-02-03 14:19:05.563743,BEL27FEB25P270,OPTSTK,9.45,13828200,9.4,9.5,5651550,5700,31350,BEL,270.0,PE,27-FEB-2025
2025-02-03 14:19:11.989450,BEL27FEB25P270,OPTSTK,9.5,13828200,9.4,9.5,5651550,5700,31350,BEL,270.0,PE,27-FEB-2025
2025-02-03 14:19:18.352322,BEL27FEB25P270,OPTSTK,9.5,13831050,9.4,9.5,5651550,31350,14250,BEL,270.0,PE,27-FEB-2025
2025-02-03 14:19:25.658066,BEL27FEB25P270,OPTSTK,9.4,13831050,9.4,9.5,5654400,31350,14250,BEL,270.0,PE,27-FEB-2025
2025-02-03 14:19:31.892220,BEL27FEB25P270,OPTSTK,9.35,13831050,9.4,9.5,5654400,31350,14250,BEL,270.0,PE,27-FEB-2025
2025-02-03 14:19:38.314280,BEL27FEB25P270,OPTSTK,9.35,13831050,9.4,9.5,5654400,31350,14250,BEL,270.0,PE,27-FEB-2025
2025-02-03 14:19:44.691968,BEL27FEB25P270,OPTSTK,9.35,13865250,9.3,9.4,5654400,19950,28500,BEL,270.0,PE,27-FEB-2025
2025-02-03 14:19:51.151722,BEL27FEB25P270,OPTSTK,9.35,13865250,9.3,9.4,5654400,19950,28500,BEL,270.0,PE,27-FEB-2025
2025-02-03 14:19:57.480237,BEL27FEB25P270,OPTSTK,9.35,13865250,9.3,9.4,5654400,19950,28500,BEL,270.0,PE,27-FEB-2025
2025-02-03 14:20:03.879594,BEL27FEB25P270,OPTSTK,9.35,13865250,9.35,9.45,5654400,17100,25650,BEL,270.0,PE,27-FEB-2025
2025-02-03 14:20:10.204055,BEL27FEB25P270,OPTSTK,9.4,13865250,9.35,9.45,5654400,17100,25650,BEL,270.0,PE,27-FEB-2025
2025-02-03 14:20:16.384545,BEL27FEB25P270,OPTSTK,9.4,13865250,9.35,9.45,5654400,17100,25650,BEL,270.0,PE,27-FEB-2025
2025-02-03 14:20:22.806691,BEL27FEB25P270,OPTSTK,9.45,13888050,9.4,9.5,5654400,8550,28500,BEL,270.0,PE,27-FEB-2025
2025-02-03 14:20:29.083621,BEL27FEB25P270,OPTSTK,9.45,13888050,9.4,9.5,5654400,8550,28500,BEL,270.0,PE,27-FEB-2025
2025-02-03 14:20:35.574750,BEL27FEB25P270,OPTSTK,9.45,13888050,9.4,9.5,5654400,8550,28500,BEL,270.0,PE,27-FEB-2025
2025-02-03 14:20:41.868349,BEL27FEB25P270,OPTSTK,9.4,13888050,9.4,9.5,5654400,8550,28500,BEL,270.0,PE,27-FEB-2025
2025-02-03 14:20:48.393508,BEL27FEB25P270,OPTSTK,9.4,13890900,9.4,9.5,5654400,19950,28500,BEL,270.0,PE,27-FEB-2025
2025-02-03 14:20:54.714149,BEL27FEB25P270,OPTSTK,9.45,13890900,9.4,9.5,5654400,19950,28500,BEL,270.0,PE,27-FEB-2025
2025-02-03 14:21:01.140392,BEL27FEB25P270,OPTSTK,9.45,13890900,9.4,9.5,5654400,19950,28500,BEL,270.0,PE,27-FEB-2025
2025-02-03 14:21:07.633405,BEL27FEB25P270,OPTSTK,9.45,13896600,9.4,9.5,5654400,42750,17100,BEL,270.0,PE,27-FEB-2025
2025-02-03 14:21:13.900833,BEL27FEB25P270,OPTSTK,9.45,13896600,9.4,9.5,5654400,42750,17100,BEL,270.0,PE,27-FEB-2025
2025-02-03 14:21:20.299601,BEL27FEB25P270,OPTSTK,9.45,13896600,9.4,9.5,5654400,42750,17100,BEL,270.0,PE,27-FEB-2025
2025-02-03 14:21:26.698536,BEL27FEB25P270,OPTSTK,9.45,13905150,9.45,9.5,5654400,2850,11400,BEL,270.0,PE,27-FEB-2025
2025-02-03 14:21:33.048741,BEL27FEB25P270,OPTSTK,9.45,13905150,9.45,9.5,5654400,2850,11400,BEL,270.0,PE,27-FEB-2025
2025-02-03 14:21:39.378277,BEL27FEB25P270,OPTSTK,9.45,13905150,9.45,9.5,5654400,2850,11400,BEL,270.0,PE,27-FEB-2025
2025-02-03 14:21:45.857745,BEL27FEB25P270,OPTSTK,9.45,13908000,9.4,9.5,5654400,45600,19950,BEL,270.0,PE,27-FEB-2025
2025-02-03 14:21:52.196113,BEL27FEB25P270,OPTSTK,9.45,13908000,9.4,9.5,5654400,45600,19950,BEL,270.0,PE,27-FEB-2025
2025-02-03 14:21:58.550929,BEL27FEB25P270,OPTSTK,9.45,13908000,9.4,9.5,5654400,45600,19950,BEL,270.0,PE,27-FEB-2025
2025-02-03 14:22:05.008635,BEL27FEB25P270,OPTSTK,9.45,13908000,9.4,9.5,5654400,45600,19950,BEL,270.0,PE,27-FEB-2025
2025-02-03 14:22:11.375002,BEL27FEB25P270,OPTSTK,9.3,13910850,9.4,9.45,5654400,11400,5700,BEL,270.0,PE,27-FEB-2025
2025-02-03 14:22:17.759895,BEL27FEB25P270,OPTSTK,9.3,13910850,9.4,9.45,5654400,11400,5700,BEL,270.0,PE,27-FEB-2025
2025-02-03 14:22:24.147150,BEL27FEB25P270,OPTSTK,9.3,13910850,9.4,9.45,5654400,11400,5700,BEL,270.0,PE,27-FEB-2025
2025-02-03 14:22:30.616036,BEL27FEB25P270,OPTSTK,9.3,13933650,9.25,9.35,5654400,14250,31350,BEL,270.0,PE,27-FEB-2025
2025-02-03 14:22:36.947860,BEL27FEB25P270,OPTSTK,9.25,13933650,9.25,9.35,5719950,14250,31350,BEL,270.0,PE,27-FEB-2025
2025-02-03 14:22:43.227248,BEL27FEB25P270,OPTSTK,9.25,13933650,9.25,9.35,5719950,14250,31350,BEL,270.0,PE,27-FEB-2025
2025-02-03 14:22:49.805927,BEL27FEB25P270,OPTSTK,9.35,13933650,9.25,9.35,5719950,14250,31350,BEL,270.0,PE,27-FEB-2025
2025-02-03 14:22:56.094716,BEL27FEB25P270,OPTSTK,9.35,13945050,9.3,9.4,5719950,28500,25650,BEL,270.0,PE,27-FEB-2025
2025-02-03 14:23:02.603249,BEL27FEB25P270,OPTSTK,9.35,13945050,9.3,9.4,5719950,28500,25650,BEL,270.0,PE,27-FEB-2025
2025-02-03 14:23:08.774480,BEL27FEB25P270,OPTSTK,9.35,13945050,9.3,9.4,5719950,28500,25650,BEL,270.0,PE,27-FEB-2025
2025-02-03 14:23:16.094885,BEL27FEB25P270,OPTSTK,9.35,13945050,9.3,9.4,5719950,45600,11400,BEL,270.0,PE,27-FEB-2025
2025-02-03 14:23:22.556367,BEL27FEB25P270,OPTSTK,9.35,13945050,9.3,9.4,5719950,45600,11400,BEL,270.0,PE,27-FEB-2025
2025-02-03 14:23:28.811035,BEL27FEB25P270,OPTSTK,9.45,13945050,9.3,9.4,5719950,45600,11400,BEL,270.0,PE,27-FEB-2025
2025-02-03 14:23:35.232020,BEL27FEB25P270,OPTSTK,9.45,13947900,9.35,9.45,5719950,34200,8550,BEL,270.0,PE,27-FEB-2025
2025-02-03 14:23:41.622494,BEL27FEB25P270,OPTSTK,9.35,13947900,9.35,9.45,5719950,34200,8550,BEL,270.0,PE,27-FEB-2025
2025-02-03 14:23:48.077381,BEL27FEB25P270,OPTSTK,9.35,13947900,9.35,9.45,5719950,34200,8550,BEL,270.0,PE,27-FEB-2025
2025-02-03 14:23:54.622635,BEL27FEB25P270,OPTSTK,9.3,13947900,9.35,9.45,5719950,34200,8550,BEL,270.0,PE,27-FEB-2025
2025-02-03 14:24:00.974274,BEL27FEB25P270,OPTSTK,9.3,13953600,9.2,9.3,5719950,17100,19950,BEL,270.0,PE,27-FEB-2025
2025-02-03 14:24:07.622365,BEL27FEB25P270,OPTSTK,9.3,13953600,9.2,9.3,5719950,17100,19950,BEL,270.0,PE,27-FEB-2025
2025-02-03 14:24:13.816090,BEL27FEB25P270,OPTSTK,9.3,13953600,9.2,9.3,5719950,17100,19950,BEL,270.0,PE,27-FEB-2025
2025-02-03 14:24:20.182534,BEL27FEB25P270,OPTSTK,9.25,13953600,9.2,9.3,5719950,28500,28500,BEL,270.0,PE,27-FEB-2025
2025-02-03 14:24:26.450151,BEL27FEB25P270,OPTSTK,9.3,13953600,9.2,9.3,5719950,28500,28500,BEL,270.0,PE,27-FEB-2025
2025-02-03 14:24:32.828461,BEL27FEB25P270,OPTSTK,9.3,13953600,9.2,9.3,5719950,28500,28500,BEL,270.0,PE,27-FEB-2025
2025-02-03 14:24:39.417156,BEL27FEB25P270,OPTSTK,9.3,13962150,9.2,9.3,5719950,45600,14250,BEL,270.0,PE,27-FEB-2025
2025-02-03 14:24:45.929552,BEL27FEB25P270,OPTSTK,9.3,13962150,9.2,9.3,5719950,45600,14250,BEL,270.0,PE,27-FEB-2025
2025-02-03 14:24:52.386829,BEL27FEB25P270,OPTSTK,9.3,13962150,9.2,9.3,5719950,45600,14250,BEL,270.0,PE,27-FEB-2025
2025-02-03 14:24:58.940481,BEL27FEB25P270,OPTSTK,9.3,13962150,9.2,9.25,5719950,17100,2850,BEL,270.0,PE,27-FEB-2025
2025-02-03 14:25:05.504098,BEL27FEB25P270,OPTSTK,9.2,13962150,9.2,9.25,5719950,17100,2850,BEL,270.0,PE,27-FEB-2025
2025-02-03 14:25:11.916349,BEL27FEB25P270,OPTSTK,9.2,13962150,9.2,9.25,5719950,17100,2850,BEL,270.0,PE,27-FEB-2025
2025-02-03 14:25:18.345099,BEL27FEB25P270,OPTSTK,9.2,13982100,9.15,9.2,5719950,8550,2850,BEL,270.0,PE,27-FEB-2025
2025-02-03 14:25:24.951414,BEL27FEB25P270,OPTSTK,9.2,13982100,9.15,9.2,5719950,8550,2850,BEL,270.0,PE,27-FEB-2025
2025-02-03 14:25:31.313438,BEL27FEB25P270,OPTSTK,9.2,13982100,9.15,9.2,5719950,8550,2850,BEL,270.0,PE,27-FEB-2025
2025-02-03 14:25:37.786398,BEL27FEB25P270,OPTSTK,9.2,13982100,9.15,9.2,5717100,8550,2850,BEL,270.0,PE,27-FEB-2025
2025-02-03 14:25:44.199325,BEL27FEB25P270,OPTSTK,9.2,13987800,9.15,9.25,5717100,34200,31350,BEL,270.0,PE,27-FEB-2025
2025-02-03 14:25:50.602499,BEL27FEB25P270,OPTSTK,9.2,13987800,9.15,9.25,5717100,34200,31350,BEL,270.0,PE,27-FEB-2025
2025-02-03 14:25:57.141453,BEL27FEB25P270,OPTSTK,9.2,13987800,9.15,9.25,5717100,34200,31350,BEL,270.0,PE,27-FEB-2025
2025-02-03 14:26:03.584667,BEL27FEB25P270,OPTSTK,9.2,13987800,9.15,9.25,5717100,14250,42750,BEL,270.0,PE,27-FEB-2025
2025-02-03 14:26:10.062924,BEL27FEB25P270,OPTSTK,9.35,13987800,9.15,9.25,5717100,14250,42750,BEL,270.0,PE,27-FEB-2025
2025-02-03 14:26:16.906081,BEL27FEB25P270,OPTSTK,9.3,13987800,9.15,9.25,5717100,14250,42750,BEL,270.0,PE,27-FEB-2025
2025-02-03 14:26:23.433560,BEL27FEB25P270,OPTSTK,9.3,14004900,9.25,9.3,5717100,5700,14250,BEL,270.0,PE,27-FEB-2025
2025-02-03 14:26:29.827862,BEL27FEB25P270,OPTSTK,9.2,14004900,9.25,9.3,5717100,5700,14250,BEL,270.0,PE,27-FEB-2025
2025-02-03 14:26:36.256269,BEL27FEB25P270,OPTSTK,9.2,14004900,9.25,9.3,5717100,5700,14250,BEL,270.0,PE,27-FEB-2025
2025-02-03 14:26:42.600440,BEL27FEB25P270,OPTSTK,9.2,14004900,9.25,9.3,5717100,5700,14250,BEL,270.0,PE,27-FEB-2025
2025-02-03 14:26:49.095965,BEL27FEB25P270,OPTSTK,9.2,14013450,9.15,9.25,5717100,37050,8550,BEL,270.0,PE,27-FEB-2025
2025-02-03 14:26:55.484364,BEL27FEB25P270,OPTSTK,9.2,14013450,9.15,9.25,5717100,37050,8550,BEL,270.0,PE,27-FEB-2025
2025-02-03 14:27:02.018597,BEL27FEB25P270,OPTSTK,9.2,14013450,9.15,9.25,5717100,37050,8550,BEL,270.0,PE,27-FEB-2025
2025-02-03 14:27:08.348090,BEL27FEB25P270,OPTSTK,9.25,14013450,9.2,9.3,5717100,19950,34200,BEL,270.0,PE,27-FEB-2025
2025-02-03 14:27:14.496367,BEL27FEB25P270,OPTSTK,9.2,14013450,9.2,9.3,5717100,19950,34200,BEL,270.0,PE,27-FEB-2025
2025-02-03 14:27:20.878685,BEL27FEB25P270,OPTSTK,9.2,14013450,9.2,9.3,5717100,19950,34200,BEL,270.0,PE,27-FEB-2025
2025-02-03 14:27:27.355096,BEL27FEB25P270,OPTSTK,9.2,14019150,9.2,9.3,5717100,28500,34200,BEL,270.0,PE,27-FEB-2025
2025-02-03 14:27:33.744027,BEL27FEB25P270,OPTSTK,9.2,14019150,9.2,9.3,5717100,28500,34200,BEL,270.0,PE,27-FEB-2025
2025-02-03 14:27:40.052049,BEL27FEB25P270,OPTSTK,9.2,14019150,9.2,9.3,5717100,28500,34200,BEL,270.0,PE,27-FEB-2025
2025-02-03 14:27:46.586521,BEL27FEB25P270,OPTSTK,9.3,14039100,9.3,9.4,5717100,25650,42750,BEL,270.0,PE,27-FEB-2025
2025-02-03 14:27:52.826674,BEL27FEB25P270,OPTSTK,9.3,14039100,9.3,9.4,5717100,25650,42750,BEL,270.0,PE,27-FEB-2025
2025-02-03 14:27:59.385108,BEL27FEB25P270,OPTSTK,9.3,14039100,9.3,9.4,5717100,25650,42750,BEL,270.0,PE,27-FEB-2025
2025-02-03 14:28:05.768410,BEL27FEB25P270,OPTSTK,9.3,14039100,9.3,9.4,5717100,25650,42750,BEL,270.0,PE,27-FEB-2025
2025-02-03 14:28:12.081580,BEL27FEB25P270,OPTSTK,9.25,14039100,9.3,9.4,5717100,25650,28500,BEL,270.0,PE,27-FEB-2025
2025-02-03 14:28:18.557691,BEL27FEB25P270,OPTSTK,9.3,14039100,9.3,9.4,5717100,25650,28500,BEL,270.0,PE,27-FEB-2025
2025-02-03 14:28:24.881432,BEL27FEB25P270,OPTSTK,9.2,14039100,9.3,9.4,5717100,25650,28500,BEL,270.0,PE,27-FEB-2025
2025-02-03 14:28:31.138095,BEL27FEB25P270,OPTSTK,9.2,14039100,9.3,9.4,5717100,25650,28500,BEL,270.0,PE,27-FEB-2025
2025-02-03 14:28:37.500301,BEL27FEB25P270,OPTSTK,9.2,14056200,9.2,9.3,5717100,19950,31350,BEL,270.0,PE,27-FEB-2025
2025-02-03 14:28:44.043855,BEL27FEB25P270,OPTSTK,9.2,14056200,9.2,9.3,5717100,19950,31350,BEL,270.0,PE,27-FEB-2025
2025-02-03 14:28:50.675123,BEL27FEB25P270,OPTSTK,9.2,14056200,9.2,9.3,5717100,19950,31350,BEL,270.0,PE,27-FEB-2025
2025-02-03 14:28:57.089634,BEL27FEB25P270,OPTSTK,9.2,14056200,9.2,9.3,5717100,25650,31350,BEL,270.0,PE,27-FEB-2025
2025-02-03 14:29:03.503793,BEL27FEB25P270,OPTSTK,9.2,14056200,9.2,9.3,5717100,25650,31350,BEL,270.0,PE,27-FEB-2025
2025-02-03 14:29:10.020105,BEL27FEB25P270,OPTSTK,9.2,14056200,9.2,9.3,5717100,25650,31350,BEL,270.0,PE,27-FEB-2025
2025-02-03 14:29:17.315774,BEL27FEB25P270,OPTSTK,9.2,14059050,9.2,9.25,5717100,17100,2850,BEL,270.0,PE,27-FEB-2025
2025-02-03 14:29:23.654459,BEL27FEB25P270,OPTSTK,9.25,14059050,9.2,9.25,5717100,17100,2850,BEL,270.0,PE,27-FEB-2025
2025-02-03 14:29:30.029858,BEL27FEB25P270,OPTSTK,9.3,14059050,9.2,9.25,5717100,17100,2850,BEL,270.0,PE,27-FEB-2025
2025-02-03 14:29:36.349883,BEL27FEB25P270,OPTSTK,9.3,14059050,9.2,9.25,5717100,17100,2850,BEL,270.0,PE,27-FEB-2025
2025-02-03 14:29:42.849842,BEL27FEB25P270,OPTSTK,9.3,14067600,9.3,9.4,5717100,34200,22800,BEL,270.0,PE,27-FEB-2025
2025-02-03 14:29:49.296531,BEL27FEB25P270,OPTSTK,9.35,14067600,9.3,9.4,5717100,34200,22800,BEL,270.0,PE,27-FEB-2025
2025-02-03 14:29:55.825036,BEL27FEB25P270,OPTSTK,9.35,14067600,9.3,9.4,5717100,34200,22800,BEL,270.0,PE,27-FEB-2025
2025-02-03 14:30:02.294428,BEL27FEB25P270,OPTSTK,9.35,14070450,9.3,9.35,5717100,19950,2850,BEL,270.0,PE,27-FEB-2025
2025-02-03 14:30:43.356458,BEL27FEB25P270,OPTSTK,9.6,14081850,9.5,9.6,5717100,31350,28500,BEL,270.0,PE,27-FEB-2025
2025-02-03 14:30:51.472723,BEL27FEB25P270,OPTSTK,9.6,14081850,9.5,9.6,5717100,31350,28500,BEL,270.0,PE,27-FEB-2025
2025-02-03 14:30:57.680651,BEL27FEB25P270,OPTSTK,9.6,14081850,9.5,9.6,5717100,31350,28500,BEL,270.0,PE,27-FEB-2025
2025-02-03 14:31:04.042521,BEL27FEB25P270,OPTSTK,9.6,14090400,9.55,9.65,5717100,22800,34200,BEL,270.0,PE,27-FEB-2025
2025-02-03 14:31:10.729649,BEL27FEB25P270,OPTSTK,9.6,14090400,9.55,9.65,5717100,22800,34200,BEL,270.0,PE,27-FEB-2025
2025-02-03 14:31:17.062359,BEL27FEB25P270,OPTSTK,9.6,14090400,9.55,9.65,5717100,22800,34200,BEL,270.0,PE,27-FEB-2025
2025-02-03 14:31:24.194290,BEL27FEB25P270,OPTSTK,9.6,14090400,9.55,9.65,5717100,22800,34200,BEL,270.0,PE,27-FEB-2025
2025-02-03 14:31:32.517022,BEL27FEB25P270,OPTSTK,9.6,14098950,9.55,9.65,5717100,25650,37050,BEL,270.0,PE,27-FEB-2025
2025-02-03 14:31:39.856788,BEL27FEB25P270,OPTSTK,9.6,14098950,9.55,9.65,5717100,25650,37050,BEL,270.0,PE,27-FEB-2025
2025-02-03 14:31:46.142360,BEL27FEB25P270,OPTSTK,9.6,14098950,9.55,9.65,5717100,25650,37050,BEL,270.0,PE,27-FEB-2025
2025-02-03 14:31:52.500672,BEL27FEB25P270,OPTSTK,9.6,14098950,9.55,9.65,5717100,31350,34200,BEL,270.0,PE,27-FEB-2025
2025-02-03 14:31:58.981509,BEL27FEB25P270,OPTSTK,9.6,14098950,9.55,9.65,5725650,31350,34200,BEL,270.0,PE,27-FEB-2025
2025-02-03 14:32:05.496655,BEL27FEB25P270,OPTSTK,9.6,14098950,9.55,9.65,5725650,31350,34200,BEL,270.0,PE,27-FEB-2025
2025-02-03 14:32:12.111592,BEL27FEB25P270,OPTSTK,9.6,14104650,9.6,9.65,5725650,22800,11400,BEL,270.0,PE,27-FEB-2025
2025-02-03 14:32:18.524116,BEL27FEB25P270,OPTSTK,9.6,14104650,9.6,9.65,5725650,22800,11400,BEL,270.0,PE,27-FEB-2025
2025-02-03 14:32:24.670198,BEL27FEB25P270,OPTSTK,9.65,14104650,9.6,9.65,5725650,22800,11400,BEL,270.0,PE,27-FEB-2025
2025-02-03 14:32:30.936089,BEL27FEB25P270,OPTSTK,9.7,14104650,9.6,9.65,5725650,22800,11400,BEL,270.0,PE,27-FEB-2025
2025-02-03 14:32:37.285313,BEL27FEB25P270,OPTSTK,9.65,14110350,9.65,9.75,5725650,14250,59850,BEL,270.0,PE,27-FEB-2025
2025-02-03 14:32:45.733894,BEL27FEB25P270,OPTSTK,9.65,14110350,9.65,9.75,5725650,14250,59850,BEL,270.0,PE,27-FEB-2025
2025-02-03 14:32:53.251613,BEL27FEB25P270,OPTSTK,9.65,14138850,9.6,9.7,5725650,31350,28500,BEL,270.0,PE,27-FEB-2025
2025-02-03 14:33:00.105556,BEL27FEB25P270,OPTSTK,9.65,14138850,9.6,9.7,5725650,31350,28500,BEL,270.0,PE,27-FEB-2025
2025-02-03 14:33:06.589139,BEL27FEB25P270,OPTSTK,9.65,14138850,9.6,9.7,5725650,31350,28500,BEL,270.0,PE,27-FEB-2025
2025-02-03 14:33:12.868657,BEL27FEB25P270,OPTSTK,9.45,14138850,9.6,9.7,5725650,31350,28500,BEL,270.0,PE,27-FEB-2025
2025-02-03 14:33:19.183295,BEL27FEB25P270,OPTSTK,9.45,14175900,9.4,9.45,5725650,8550,8550,BEL,270.0,PE,27-FEB-2025
2025-02-03 14:33:25.400251,BEL27FEB25P270,OPTSTK,9.45,14175900,9.4,9.45,5725650,8550,8550,BEL,270.0,PE,27-FEB-2025
2025-02-03 14:33:31.572594,BEL27FEB25P270,OPTSTK,9.45,14175900,9.4,9.45,5725650,8550,8550,BEL,270.0,PE,27-FEB-2025
2025-02-03 14:33:37.858926,BEL27FEB25P270,OPTSTK,9.45,14215800,9.35,9.45,5725650,25650,17100,BEL,270.0,PE,27-FEB-2025
2025-02-03 14:33:44.355900,BEL27FEB25P270,OPTSTK,9.3,14215800,9.35,9.45,5725650,25650,17100,BEL,270.0,PE,27-FEB-2025
2025-02-03 14:33:50.615599,BEL27FEB25P270,OPTSTK,9.3,14215800,9.35,9.45,5725650,25650,17100,BEL,270.0,PE,27-FEB-2025
2025-02-03 14:35:44.950271,BEL27FEB25P270,OPTSTK,9.3,14269950,9.2,9.3,5759850,14250,22800,BEL,270.0,PE,27-FEB-2025
2025-02-03 14:35:51.344482,BEL27FEB25P270,OPTSTK,9.3,14275650,9.2,9.3,5759850,31350,28500,BEL,270.0,PE,27-FEB-2025
2025-02-03 14:35:57.486583,BEL27FEB25P270,OPTSTK,9.3,14275650,9.2,9.3,5759850,31350,28500,BEL,270.0,PE,27-FEB-2025
2025-02-03 14:36:03.689463,BEL27FEB25P270,OPTSTK,9.3,14275650,9.2,9.3,5759850,31350,28500,BEL,270.0,PE,27-FEB-2025
2025-02-03 14:36:09.913375,BEL27FEB25P270,OPTSTK,9.3,14275650,9.2,9.3,5759850,31350,28500,BEL,270.0,PE,27-FEB-2025
2025-02-03 14:36:16.317857,BEL27FEB25P270,OPTSTK,9.25,14281350,9.2,9.3,5759850,39900,31350,BEL,270.0,PE,27-FEB-2025
2025-02-03 14:36:22.586297,BEL27FEB25P270,OPTSTK,9.25,14281350,9.2,9.3,5759850,39900,31350,BEL,270.0,PE,27-FEB-2025
2025-02-03 14:36:30.031925,BEL27FEB25P270,OPTSTK,9.25,14281350,9.2,9.3,5759850,39900,31350,BEL,270.0,PE,27-FEB-2025
2025-02-03 14:36:38.344827,BEL27FEB25P270,OPTSTK,9.25,14292750,9.2,9.3,5759850,17100,34200,BEL,270.0,PE,27-FEB-2025
2025-02-03 14:36:45.591613,BEL27FEB25P270,OPTSTK,9.2,14292750,9.2,9.3,5759850,17100,34200,BEL,270.0,PE,27-FEB-2025
2025-02-03 14:36:51.956318,BEL27FEB25P270,OPTSTK,9.2,14292750,9.2,9.3,5759850,17100,34200,BEL,270.0,PE,27-FEB-2025
2025-02-03 14:36:58.458265,BEL27FEB25P270,OPTSTK,9.2,14304150,9.15,9.25,5759850,34200,19950,BEL,270.0,PE,27-FEB-2025
2025-02-03 14:37:04.728030,BEL27FEB25P270,OPTSTK,9.2,14304150,9.15,9.25,5759850,34200,19950,BEL,270.0,PE,27-FEB-2025
2025-02-03 14:37:11.300510,BEL27FEB25P270,OPTSTK,9.15,14304150,9.15,9.25,5759850,34200,19950,BEL,270.0,PE,27-FEB-2025
2025-02-03 14:37:17.809266,BEL27FEB25P270,OPTSTK,9.15,14304150,9.15,9.25,5759850,34200,19950,BEL,270.0,PE,27-FEB-2025
2025-02-03 14:37:24.099264,BEL27FEB25P270,OPTSTK,9.1,14315550,9.05,9.1,5759850,2850,22800,BEL,270.0,PE,27-FEB-2025
2025-02-03 14:37:30.659246,BEL27FEB25P270,OPTSTK,9.1,14315550,9.05,9.1,5759850,2850,22800,BEL,270.0,PE,27-FEB-2025
2025-02-03 14:37:36.914695,BEL27FEB25P270,OPTSTK,9.1,14315550,9.05,9.1,5759850,2850,22800,BEL,270.0,PE,27-FEB-2025
2025-02-03 14:37:42.999197,BEL27FEB25P270,OPTSTK,9.1,14321250,9.1,9.2,5759850,31350,37050,BEL,270.0,PE,27-FEB-2025
2025-02-03 14:37:52.064526,BEL27FEB25P270,OPTSTK,9.25,14321250,9.1,9.2,5768400,31350,37050,BEL,270.0,PE,27-FEB-2025
2025-02-03 14:37:59.585656,BEL27FEB25P270,OPTSTK,9.3,14321250,9.1,9.2,5768400,31350,37050,BEL,270.0,PE,27-FEB-2025
2025-02-03 14:38:06.071169,BEL27FEB25P270,OPTSTK,9.3,14329800,9.3,9.4,5768400,14250,37050,BEL,270.0,PE,27-FEB-2025
2025-02-03 14:38:12.576216,BEL27FEB25P270,OPTSTK,9.3,14329800,9.3,9.4,5768400,14250,37050,BEL,270.0,PE,27-FEB-2025
