timestamp,symbol,instrument,ltp,volume,bid,ask,oi,bid_qty,ask_qty,stock_name,strike,option_type,expiry
2025-02-03 09:30:10.689412,GRASIM27FEB25P2460,OPTSTK,66.9,15750,65.8,66.95,55000,250,250,GRASIM,2460.0,PE,27-FEB-2025
2025-02-03 09:32:39.120760,GRASIM27FEB25P2460,OPTSTK,64.7,19000,64.5,65.85,55250,250,250,GRASIM,2460.0,PE,27-FEB-2025
2025-02-03 09:32:46.760634,GRASIM27FEB25P2460,OPTSTK,64.7,19000,64.5,65.85,55250,250,250,GRASIM,2460.0,PE,27-FEB-2025
2025-02-03 09:33:00.834562,GRASIM27FEB25P2460,OPTSTK,64.7,19250,64.7,65.65,55250,250,250,GRASIM,2460.0,PE,27-FEB-2025
2025-02-03 09:33:12.064897,GRASIM27FEB25P2460,OPTSTK,64.7,19250,64.7,65.65,55250,250,250,GRASIM,2460.0,PE,27-FEB-2025
2025-02-03 09:33:26.671944,GRASIM27FEB25P2460,OPTSTK,64.7,19250,63.45,64.5,55250,500,250,GRASIM,2460.0,PE,27-FEB-2025
2025-02-03 09:33:34.629581,GRASIM27FEB25P2460,OPTSTK,64.7,19250,63.45,64.5,55250,500,250,GRASIM,2460.0,PE,27-FEB-2025
2025-02-03 09:33:42.235199,GRASIM27FEB25P2460,OPTSTK,64.7,19250,63.45,64.5,55250,500,250,GRASIM,2460.0,PE,27-FEB-2025
2025-02-03 09:33:50.053170,GRASIM27FEB25P2460,OPTSTK,64.7,19250,63.45,64.5,55250,500,250,GRASIM,2460.0,PE,27-FEB-2025
2025-02-03 09:33:58.410243,GRASIM27FEB25P2460,OPTSTK,64.7,19250,65.05,65.8,55250,500,250,GRASIM,2460.0,PE,27-FEB-2025
2025-02-03 09:34:10.165932,GRASIM27FEB25P2460,OPTSTK,65.45,19250,65.05,65.8,54250,500,250,GRASIM,2460.0,PE,27-FEB-2025
2025-02-03 09:34:23.396900,GRASIM27FEB25P2460,OPTSTK,65.45,19250,65.05,65.8,54250,500,250,GRASIM,2460.0,PE,27-FEB-2025
2025-02-03 09:34:31.376002,GRASIM27FEB25P2460,OPTSTK,65.45,19500,63.1,64.1,54250,750,1000,GRASIM,2460.0,PE,27-FEB-2025
2025-02-03 09:34:39.313070,GRASIM27FEB25P2460,OPTSTK,65.45,19500,63.1,64.1,54250,750,1000,GRASIM,2460.0,PE,27-FEB-2025
2025-02-03 09:34:46.643980,GRASIM27FEB25P2460,OPTSTK,62.85,19500,63.1,64.1,54250,750,1000,GRASIM,2460.0,PE,27-FEB-2025
2025-02-03 09:34:56.761241,GRASIM27FEB25P2460,OPTSTK,62.85,21000,62.35,63.2,54250,500,250,GRASIM,2460.0,PE,27-FEB-2025
2025-02-03 09:35:14.317654,GRASIM27FEB25P2460,OPTSTK,65.0,21500,64.3,65.25,54250,500,250,GRASIM,2460.0,PE,27-FEB-2025
2025-02-03 09:35:33.040461,GRASIM27FEB25P2460,OPTSTK,65.0,21500,64.3,65.25,54250,500,250,GRASIM,2460.0,PE,27-FEB-2025
2025-02-03 09:35:45.178057,GRASIM27FEB25P2460,OPTSTK,65.0,21500,64.3,65.25,54250,500,250,GRASIM,2460.0,PE,27-FEB-2025
2025-02-03 09:35:56.601437,GRASIM27FEB25P2460,OPTSTK,63.3,22500,62.4,64.05,54250,500,500,GRASIM,2460.0,PE,27-FEB-2025
2025-02-03 09:36:04.828673,GRASIM27FEB25P2460,OPTSTK,63.3,22500,62.4,64.05,54250,500,500,GRASIM,2460.0,PE,27-FEB-2025
2025-02-03 09:36:12.911593,GRASIM27FEB25P2460,OPTSTK,63.3,22500,62.4,64.05,54250,500,500,GRASIM,2460.0,PE,27-FEB-2025
2025-02-03 09:36:21.623829,GRASIM27FEB25P2460,OPTSTK,63.2,23750,63.45,65.0,54250,250,500,GRASIM,2460.0,PE,27-FEB-2025
2025-02-03 09:36:29.355470,GRASIM27FEB25P2460,OPTSTK,63.2,23750,63.45,65.0,54250,250,500,GRASIM,2460.0,PE,27-FEB-2025
2025-02-03 09:36:39.787252,GRASIM27FEB25P2460,OPTSTK,63.25,23750,63.45,65.0,55750,250,500,GRASIM,2460.0,PE,27-FEB-2025
2025-02-03 09:36:52.072659,GRASIM27FEB25P2460,OPTSTK,63.25,24000,63.8,64.8,55750,250,250,GRASIM,2460.0,PE,27-FEB-2025
2025-02-03 09:37:00.878188,GRASIM27FEB25P2460,OPTSTK,63.25,24000,63.8,64.8,55750,250,250,GRASIM,2460.0,PE,27-FEB-2025
2025-02-03 09:37:09.855335,GRASIM27FEB25P2460,OPTSTK,63.25,24000,63.8,64.8,55750,250,250,GRASIM,2460.0,PE,27-FEB-2025
2025-02-03 09:37:17.208727,GRASIM27FEB25P2460,OPTSTK,63.1,24000,63.8,64.8,55750,250,250,GRASIM,2460.0,PE,27-FEB-2025
2025-02-03 09:37:25.181401,GRASIM27FEB25P2460,OPTSTK,63.1,26750,63.05,63.7,55750,250,500,GRASIM,2460.0,PE,27-FEB-2025
2025-02-03 09:37:32.996811,GRASIM27FEB25P2460,OPTSTK,63.1,26750,63.05,63.7,55750,250,500,GRASIM,2460.0,PE,27-FEB-2025
2025-02-03 09:37:42.014472,GRASIM27FEB25P2460,OPTSTK,63.1,26750,63.05,63.7,55750,250,500,GRASIM,2460.0,PE,27-FEB-2025
2025-02-03 09:37:51.325264,GRASIM27FEB25P2460,OPTSTK,63.1,26750,63.45,64.3,55750,250,250,GRASIM,2460.0,PE,27-FEB-2025
2025-02-03 09:38:02.250337,GRASIM27FEB25P2460,OPTSTK,65.1,26750,63.45,64.3,55750,250,250,GRASIM,2460.0,PE,27-FEB-2025
2025-02-03 09:38:12.645619,GRASIM27FEB25P2460,OPTSTK,65.1,26750,63.45,64.3,55750,250,250,GRASIM,2460.0,PE,27-FEB-2025
2025-02-03 09:38:22.172938,GRASIM27FEB25P2460,OPTSTK,65.7,27500,65.3,66.45,55750,250,250,GRASIM,2460.0,PE,27-FEB-2025
2025-02-03 09:38:29.941115,GRASIM27FEB25P2460,OPTSTK,67.0,27500,65.3,66.45,55750,250,250,GRASIM,2460.0,PE,27-FEB-2025
2025-02-03 09:38:37.493118,GRASIM27FEB25P2460,OPTSTK,67.0,27500,65.3,66.45,55750,250,250,GRASIM,2460.0,PE,27-FEB-2025
2025-02-03 09:38:47.569722,GRASIM27FEB25P2460,OPTSTK,67.0,28750,67.65,68.75,55750,250,250,GRASIM,2460.0,PE,27-FEB-2025
2025-02-03 09:38:58.633076,GRASIM27FEB25P2460,OPTSTK,67.0,28750,67.65,68.75,55750,250,250,GRASIM,2460.0,PE,27-FEB-2025
2025-02-03 09:39:06.989042,GRASIM27FEB25P2460,OPTSTK,67.75,28750,67.65,68.75,55750,250,250,GRASIM,2460.0,PE,27-FEB-2025
2025-02-03 09:39:18.459920,GRASIM27FEB25P2460,OPTSTK,67.75,29000,67.5,68.4,55750,500,250,GRASIM,2460.0,PE,27-FEB-2025
2025-02-03 09:39:31.526679,GRASIM27FEB25P2460,OPTSTK,67.75,29000,67.5,68.4,55750,500,250,GRASIM,2460.0,PE,27-FEB-2025
2025-02-03 09:39:39.878063,GRASIM27FEB25P2460,OPTSTK,67.0,29000,67.5,68.4,55750,500,250,GRASIM,2460.0,PE,27-FEB-2025
2025-02-03 09:39:47.946752,GRASIM27FEB25P2460,OPTSTK,67.0,29250,65.6,66.7,55750,250,250,GRASIM,2460.0,PE,27-FEB-2025
2025-02-03 09:39:55.618354,GRASIM27FEB25P2460,OPTSTK,67.0,29250,65.6,66.7,55750,250,250,GRASIM,2460.0,PE,27-FEB-2025
2025-02-03 09:40:05.079589,GRASIM27FEB25P2460,OPTSTK,67.0,29250,65.6,66.7,55750,250,250,GRASIM,2460.0,PE,27-FEB-2025
2025-02-03 09:40:16.134412,GRASIM27FEB25P2460,OPTSTK,67.0,29250,66.05,66.85,55750,250,250,GRASIM,2460.0,PE,27-FEB-2025
2025-02-03 09:40:26.429727,GRASIM27FEB25P2460,OPTSTK,67.0,29250,66.05,66.85,55750,250,250,GRASIM,2460.0,PE,27-FEB-2025
2025-02-03 09:40:38.530415,GRASIM27FEB25P2460,OPTSTK,67.0,29250,66.05,66.85,55750,250,250,GRASIM,2460.0,PE,27-FEB-2025
2025-02-03 09:40:51.853249,GRASIM27FEB25P2460,OPTSTK,67.0,29250,65.75,66.5,55750,250,250,GRASIM,2460.0,PE,27-FEB-2025
2025-02-03 09:40:59.307112,GRASIM27FEB25P2460,OPTSTK,66.0,29250,65.75,66.5,56250,250,250,GRASIM,2460.0,PE,27-FEB-2025
2025-02-03 09:41:07.024663,GRASIM27FEB25P2460,OPTSTK,66.0,29250,65.75,66.5,56250,250,250,GRASIM,2460.0,PE,27-FEB-2025
2025-02-03 09:41:14.659876,GRASIM27FEB25P2460,OPTSTK,66.0,30750,66.95,68.1,56250,250,250,GRASIM,2460.0,PE,27-FEB-2025
2025-02-03 09:41:23.392542,GRASIM27FEB25P2460,OPTSTK,66.0,30750,66.95,68.1,56250,250,250,GRASIM,2460.0,PE,27-FEB-2025
2025-02-03 09:41:32.483069,GRASIM27FEB25P2460,OPTSTK,67.1,30750,66.95,68.1,56250,250,250,GRASIM,2460.0,PE,27-FEB-2025
2025-02-03 09:41:40.981771,GRASIM27FEB25P2460,OPTSTK,71.0,33500,71.05,72.15,56250,250,250,GRASIM,2460.0,PE,27-FEB-2025
2025-02-03 09:41:54.826687,GRASIM27FEB25P2460,OPTSTK,73.4,33500,71.05,72.15,56250,250,250,GRASIM,2460.0,PE,27-FEB-2025
2025-02-03 09:42:05.270707,GRASIM27FEB25P2460,OPTSTK,73.4,33500,71.05,72.15,56250,250,250,GRASIM,2460.0,PE,27-FEB-2025
2025-02-03 09:42:13.281372,GRASIM27FEB25P2460,OPTSTK,70.85,39500,70.2,71.05,56250,250,250,GRASIM,2460.0,PE,27-FEB-2025
2025-02-03 09:42:21.534509,GRASIM27FEB25P2460,OPTSTK,70.85,39500,70.2,71.05,56250,250,250,GRASIM,2460.0,PE,27-FEB-2025
2025-02-03 09:42:29.548700,GRASIM27FEB25P2460,OPTSTK,69.65,39500,70.2,71.05,56250,250,250,GRASIM,2460.0,PE,27-FEB-2025
2025-02-03 09:42:37.477223,GRASIM27FEB25P2460,OPTSTK,68.3,41750,67.25,68.6,56250,250,250,GRASIM,2460.0,PE,27-FEB-2025
2025-02-03 09:42:45.118858,GRASIM27FEB25P2460,OPTSTK,67.4,43500,66.75,68.0,52000,250,750,GRASIM,2460.0,PE,27-FEB-2025
2025-02-03 09:42:52.974070,GRASIM27FEB25P2460,OPTSTK,67.4,43500,66.7,68.1,52000,250,500,GRASIM,2460.0,PE,27-FEB-2025
2025-02-03 09:43:00.956799,GRASIM27FEB25P2460,OPTSTK,67.0,43500,67.05,67.95,52000,250,500,GRASIM,2460.0,PE,27-FEB-2025
2025-02-03 09:43:11.158152,GRASIM27FEB25P2460,OPTSTK,67.0,44000,67.55,68.9,52000,250,500,GRASIM,2460.0,PE,27-FEB-2025
2025-02-03 09:43:21.510577,GRASIM27FEB25P2460,OPTSTK,67.35,44250,67.05,67.95,52000,250,500,GRASIM,2460.0,PE,27-FEB-2025
2025-02-03 09:43:29.114381,GRASIM27FEB25P2460,OPTSTK,67.6,44500,67.0,67.85,52000,250,250,GRASIM,2460.0,PE,27-FEB-2025
2025-02-03 09:43:36.758396,GRASIM27FEB25P2460,OPTSTK,67.6,44500,66.75,67.8,52000,500,500,GRASIM,2460.0,PE,27-FEB-2025
2025-02-03 09:43:44.330789,GRASIM27FEB25P2460,OPTSTK,67.65,44750,67.7,68.65,52000,250,500,GRASIM,2460.0,PE,27-FEB-2025
2025-02-03 09:43:53.246563,GRASIM27FEB25P2460,OPTSTK,67.65,44750,67.4,68.55,52000,250,500,GRASIM,2460.0,PE,27-FEB-2025
2025-02-03 09:44:01.282252,GRASIM27FEB25P2460,OPTSTK,67.65,44750,67.9,68.85,52000,250,500,GRASIM,2460.0,PE,27-FEB-2025
2025-02-03 09:44:09.119166,GRASIM27FEB25P2460,OPTSTK,67.65,44750,67.95,68.75,52000,250,250,GRASIM,2460.0,PE,27-FEB-2025
2025-02-03 09:44:18.035700,GRASIM27FEB25P2460,OPTSTK,67.65,44750,68.0,68.7,52000,250,250,GRASIM,2460.0,PE,27-FEB-2025
2025-02-03 09:44:28.483363,GRASIM27FEB25P2460,OPTSTK,67.65,45750,66.8,67.7,52000,250,250,GRASIM,2460.0,PE,27-FEB-2025
2025-02-03 09:44:37.433738,GRASIM27FEB25P2460,OPTSTK,68.05,46250,67.5,68.25,52000,250,250,GRASIM,2460.0,PE,27-FEB-2025
2025-02-03 09:44:44.964017,GRASIM27FEB25P2460,OPTSTK,68.05,46250,67.1,67.95,52000,250,250,GRASIM,2460.0,PE,27-FEB-2025
2025-02-03 09:44:52.759906,GRASIM27FEB25P2460,OPTSTK,68.05,46250,67.1,67.95,52000,250,250,GRASIM,2460.0,PE,27-FEB-2025
2025-02-03 09:45:01.051553,GRASIM27FEB25P2460,OPTSTK,68.05,46250,67.1,67.95,52000,250,250,GRASIM,2460.0,PE,27-FEB-2025
2025-02-03 09:45:08.668992,GRASIM27FEB25P2460,OPTSTK,68.05,46250,66.4,67.3,52000,250,250,GRASIM,2460.0,PE,27-FEB-2025
2025-02-03 09:45:17.318050,GRASIM27FEB25P2460,OPTSTK,65.35,46250,66.4,67.3,52000,250,250,GRASIM,2460.0,PE,27-FEB-2025
2025-02-03 09:45:33.114124,GRASIM27FEB25P2460,OPTSTK,65.5,46250,66.4,67.3,52000,250,250,GRASIM,2460.0,PE,27-FEB-2025
2025-02-03 09:45:44.293212,GRASIM27FEB25P2460,OPTSTK,65.5,50000,65.6,66.75,52000,250,250,GRASIM,2460.0,PE,27-FEB-2025
2025-02-03 09:45:54.253925,GRASIM27FEB25P2460,OPTSTK,65.5,50000,65.6,66.75,52000,250,250,GRASIM,2460.0,PE,27-FEB-2025
2025-02-03 09:46:01.886978,GRASIM27FEB25P2460,OPTSTK,66.5,50000,65.6,66.75,50000,250,250,GRASIM,2460.0,PE,27-FEB-2025
2025-02-03 09:46:10.034317,GRASIM27FEB25P2460,OPTSTK,67.0,50250,66.4,67.0,50000,250,500,GRASIM,2460.0,PE,27-FEB-2025
2025-02-03 09:46:17.885821,GRASIM27FEB25P2460,OPTSTK,67.4,50250,66.4,67.0,50000,250,500,GRASIM,2460.0,PE,27-FEB-2025
2025-02-03 09:46:25.671319,GRASIM27FEB25P2460,OPTSTK,67.4,50250,66.4,67.0,50000,250,500,GRASIM,2460.0,PE,27-FEB-2025
2025-02-03 09:46:33.281602,GRASIM27FEB25P2460,OPTSTK,67.4,50250,66.4,67.0,50000,250,500,GRASIM,2460.0,PE,27-FEB-2025
2025-02-03 09:46:41.117015,GRASIM27FEB25P2460,OPTSTK,67.4,51250,67.25,68.25,50000,250,500,GRASIM,2460.0,PE,27-FEB-2025
2025-02-03 09:46:51.075093,GRASIM27FEB25P2460,OPTSTK,67.4,51250,67.25,68.25,50000,250,500,GRASIM,2460.0,PE,27-FEB-2025
2025-02-03 09:47:01.033969,GRASIM27FEB25P2460,OPTSTK,69.0,51250,67.25,68.25,50000,250,500,GRASIM,2460.0,PE,27-FEB-2025
2025-02-03 09:47:09.960535,GRASIM27FEB25P2460,OPTSTK,69.3,52000,68.7,69.45,50000,250,250,GRASIM,2460.0,PE,27-FEB-2025
2025-02-03 09:47:18.659236,GRASIM27FEB25P2460,OPTSTK,69.6,52000,68.7,69.45,50000,250,250,GRASIM,2460.0,PE,27-FEB-2025
2025-02-03 09:47:32.975539,GRASIM27FEB25P2460,OPTSTK,70.1,52750,69.95,70.95,50000,250,250,GRASIM,2460.0,PE,27-FEB-2025
2025-02-03 09:47:57.338434,GRASIM27FEB25P2460,OPTSTK,71.0,52750,69.95,70.95,50000,250,250,GRASIM,2460.0,PE,27-FEB-2025
2025-02-03 09:48:05.272277,GRASIM27FEB25P2460,OPTSTK,71.0,53250,71.2,72.45,50000,250,500,GRASIM,2460.0,PE,27-FEB-2025
2025-02-03 09:48:18.069051,GRASIM27FEB25P2460,OPTSTK,71.0,53250,71.2,72.45,50000,250,500,GRASIM,2460.0,PE,27-FEB-2025
2025-02-03 09:48:27.912384,GRASIM27FEB25P2460,OPTSTK,72.25,53250,71.2,72.45,50000,250,500,GRASIM,2460.0,PE,27-FEB-2025
2025-02-03 09:48:36.879135,GRASIM27FEB25P2460,OPTSTK,72.25,53500,70.9,71.85,50000,250,250,GRASIM,2460.0,PE,27-FEB-2025
2025-02-03 09:48:44.834860,GRASIM27FEB25P2460,OPTSTK,70.35,53500,70.9,71.85,50500,250,250,GRASIM,2460.0,PE,27-FEB-2025
2025-02-03 09:48:55.163970,GRASIM27FEB25P2460,OPTSTK,70.65,53500,70.9,71.85,50500,250,250,GRASIM,2460.0,PE,27-FEB-2025
2025-02-03 09:49:03.671670,GRASIM27FEB25P2460,OPTSTK,70.65,54500,69.65,70.6,50500,250,250,GRASIM,2460.0,PE,27-FEB-2025
2025-02-03 09:49:13.547883,GRASIM27FEB25P2460,OPTSTK,70.65,54500,69.65,70.6,50500,250,250,GRASIM,2460.0,PE,27-FEB-2025
2025-02-03 09:49:24.816599,GRASIM27FEB25P2460,OPTSTK,70.65,54500,69.65,70.6,50500,250,250,GRASIM,2460.0,PE,27-FEB-2025
2025-02-03 09:49:37.241798,GRASIM27FEB25P2460,OPTSTK,70.65,54500,70.7,71.65,50500,250,250,GRASIM,2460.0,PE,27-FEB-2025
2025-02-03 09:49:46.399856,GRASIM27FEB25P2460,OPTSTK,70.65,54500,70.75,71.7,50500,250,250,GRASIM,2460.0,PE,27-FEB-2025
2025-02-03 09:49:56.925244,GRASIM27FEB25P2460,OPTSTK,70.65,54500,70.7,71.65,50500,250,500,GRASIM,2460.0,PE,27-FEB-2025
2025-02-03 09:50:06.125391,GRASIM27FEB25P2460,OPTSTK,70.65,54500,70.55,71.75,50500,250,500,GRASIM,2460.0,PE,27-FEB-2025
2025-02-03 09:50:14.924231,GRASIM27FEB25P2460,OPTSTK,70.65,54500,70.65,72.0,50500,250,500,GRASIM,2460.0,PE,27-FEB-2025
2025-02-03 09:50:24.509311,GRASIM27FEB25P2460,OPTSTK,71.0,54750,70.8,71.85,50500,250,250,GRASIM,2460.0,PE,27-FEB-2025
2025-02-03 09:50:33.725145,GRASIM27FEB25P2460,OPTSTK,71.0,54750,71.6,72.5,50500,250,250,GRASIM,2460.0,PE,27-FEB-2025
2025-02-03 09:50:44.188338,GRASIM27FEB25P2460,OPTSTK,71.0,54750,71.6,72.5,50500,250,250,GRASIM,2460.0,PE,27-FEB-2025
2025-02-03 09:50:56.242089,GRASIM27FEB25P2460,OPTSTK,71.55,54750,71.6,72.5,50500,250,250,GRASIM,2460.0,PE,27-FEB-2025
2025-02-03 09:51:04.671442,GRASIM27FEB25P2460,OPTSTK,71.0,55250,71.0,71.9,50500,250,500,GRASIM,2460.0,PE,27-FEB-2025
2025-02-03 09:51:12.734135,GRASIM27FEB25P2460,OPTSTK,72.5,55250,71.0,71.9,50500,250,500,GRASIM,2460.0,PE,27-FEB-2025
2025-02-03 09:51:21.234346,GRASIM27FEB25P2460,OPTSTK,72.5,55250,71.0,71.9,50500,250,500,GRASIM,2460.0,PE,27-FEB-2025
2025-02-03 09:51:29.355227,GRASIM27FEB25P2460,OPTSTK,71.6,58250,71.2,71.9,50500,250,250,GRASIM,2460.0,PE,27-FEB-2025
2025-02-03 09:51:37.625862,GRASIM27FEB25P2460,OPTSTK,71.45,58250,71.2,71.9,50500,250,250,GRASIM,2460.0,PE,27-FEB-2025
2025-02-03 09:51:46.332801,GRASIM27FEB25P2460,OPTSTK,71.45,58250,71.2,71.9,50500,250,250,GRASIM,2460.0,PE,27-FEB-2025
2025-02-03 09:51:54.179862,GRASIM27FEB25P2460,OPTSTK,72.75,59750,72.6,73.55,51000,750,500,GRASIM,2460.0,PE,27-FEB-2025
2025-02-03 09:52:06.612731,GRASIM27FEB25P2460,OPTSTK,72.75,59750,72.6,73.55,51000,750,500,GRASIM,2460.0,PE,27-FEB-2025
2025-02-03 09:52:17.172763,GRASIM27FEB25P2460,OPTSTK,72.55,59750,72.6,73.55,51000,750,500,GRASIM,2460.0,PE,27-FEB-2025
2025-02-03 09:52:27.246177,GRASIM27FEB25P2460,OPTSTK,72.55,60250,71.85,72.6,51000,250,250,GRASIM,2460.0,PE,27-FEB-2025
2025-02-03 09:52:34.970862,GRASIM27FEB25P2460,OPTSTK,72.55,60250,71.85,72.6,51000,250,250,GRASIM,2460.0,PE,27-FEB-2025
2025-02-03 09:52:42.730944,GRASIM27FEB25P2460,OPTSTK,73.0,60250,71.85,72.6,51000,250,250,GRASIM,2460.0,PE,27-FEB-2025
2025-02-03 09:52:50.815210,GRASIM27FEB25P2460,OPTSTK,73.0,60250,71.85,72.6,51000,250,250,GRASIM,2460.0,PE,27-FEB-2025
2025-02-03 09:52:58.175091,GRASIM27FEB25P2460,OPTSTK,73.0,60500,73.1,73.85,51000,250,500,GRASIM,2460.0,PE,27-FEB-2025
2025-02-03 09:53:06.008006,GRASIM27FEB25P2460,OPTSTK,73.0,60500,73.1,73.85,51000,250,500,GRASIM,2460.0,PE,27-FEB-2025
2025-02-03 09:53:16.066460,GRASIM27FEB25P2460,OPTSTK,73.0,60500,73.1,73.85,51000,250,500,GRASIM,2460.0,PE,27-FEB-2025
2025-02-03 09:53:25.303169,GRASIM27FEB25P2460,OPTSTK,73.0,60500,71.85,72.55,51000,250,250,GRASIM,2460.0,PE,27-FEB-2025
2025-02-03 09:53:35.676600,GRASIM27FEB25P2460,OPTSTK,73.0,60500,71.85,72.55,51000,250,250,GRASIM,2460.0,PE,27-FEB-2025
2025-02-03 09:53:43.439038,GRASIM27FEB25P2460,OPTSTK,73.0,60500,71.85,72.55,51000,250,250,GRASIM,2460.0,PE,27-FEB-2025
2025-02-03 09:53:51.253233,GRASIM27FEB25P2460,OPTSTK,73.0,60500,71.85,72.55,51000,250,250,GRASIM,2460.0,PE,27-FEB-2025
2025-02-03 09:53:59.190725,GRASIM27FEB25P2460,OPTSTK,73.0,60500,71.85,72.65,51000,250,250,GRASIM,2460.0,PE,27-FEB-2025
2025-02-03 09:54:06.935036,GRASIM27FEB25P2460,OPTSTK,73.0,60500,71.85,72.65,51000,250,250,GRASIM,2460.0,PE,27-FEB-2025
2025-02-03 09:54:15.011971,GRASIM27FEB25P2460,OPTSTK,73.0,60500,71.85,72.65,51000,250,250,GRASIM,2460.0,PE,27-FEB-2025
2025-02-03 09:54:22.562370,GRASIM27FEB25P2460,OPTSTK,73.0,60750,72.35,73.25,51000,250,250,GRASIM,2460.0,PE,27-FEB-2025
2025-02-03 09:54:32.417166,GRASIM27FEB25P2460,OPTSTK,73.0,60750,72.35,73.25,51000,250,250,GRASIM,2460.0,PE,27-FEB-2025
2025-02-03 09:54:43.500854,GRASIM27FEB25P2460,OPTSTK,73.0,61000,72.05,73.45,50500,250,250,GRASIM,2460.0,PE,27-FEB-2025
2025-02-03 09:54:52.080880,GRASIM27FEB25P2460,OPTSTK,73.0,61000,72.35,73.6,50500,250,250,GRASIM,2460.0,PE,27-FEB-2025
2025-02-03 09:55:02.035852,GRASIM27FEB25P2460,OPTSTK,73.0,61000,72.8,73.75,50500,250,250,GRASIM,2460.0,PE,27-FEB-2025
2025-02-03 09:55:09.699489,GRASIM27FEB25P2460,OPTSTK,73.0,61000,71.65,72.35,50500,250,250,GRASIM,2460.0,PE,27-FEB-2025
2025-02-03 09:55:17.988823,GRASIM27FEB25P2460,OPTSTK,73.0,61000,71.3,72.3,50500,250,250,GRASIM,2460.0,PE,27-FEB-2025
2025-02-03 09:55:26.997021,GRASIM27FEB25P2460,OPTSTK,73.0,61000,70.65,71.6,50500,250,250,GRASIM,2460.0,PE,27-FEB-2025
2025-02-03 09:55:34.951205,GRASIM27FEB25P2460,OPTSTK,73.0,61000,70.75,71.55,50500,250,250,GRASIM,2460.0,PE,27-FEB-2025
2025-02-03 09:55:44.631709,GRASIM27FEB25P2460,OPTSTK,70.65,61250,71.35,72.25,50500,250,250,GRASIM,2460.0,PE,27-FEB-2025
2025-02-03 09:55:56.618431,GRASIM27FEB25P2460,OPTSTK,70.65,61250,71.1,72.1,50500,500,250,GRASIM,2460.0,PE,27-FEB-2025
2025-02-03 09:56:06.146717,GRASIM27FEB25P2460,OPTSTK,70.65,61250,70.85,71.65,50500,250,250,GRASIM,2460.0,PE,27-FEB-2025
2025-02-03 09:56:14.394424,GRASIM27FEB25P2460,OPTSTK,70.65,61250,70.7,71.75,50500,500,250,GRASIM,2460.0,PE,27-FEB-2025
2025-02-03 09:56:21.987580,GRASIM27FEB25P2460,OPTSTK,70.95,61500,70.2,71.3,50500,250,250,GRASIM,2460.0,PE,27-FEB-2025
2025-02-03 09:56:29.847742,GRASIM27FEB25P2460,OPTSTK,70.8,61750,70.35,71.25,50500,250,250,GRASIM,2460.0,PE,27-FEB-2025
2025-02-03 09:56:37.537662,GRASIM27FEB25P2460,OPTSTK,70.8,61750,70.95,71.9,50500,250,250,GRASIM,2460.0,PE,27-FEB-2025
2025-02-03 09:56:45.298199,GRASIM27FEB25P2460,OPTSTK,70.8,61750,70.3,71.1,50500,250,250,GRASIM,2460.0,PE,27-FEB-2025
2025-02-03 09:56:54.951049,GRASIM27FEB25P2460,OPTSTK,70.8,61750,70.1,70.95,50500,500,250,GRASIM,2460.0,PE,27-FEB-2025
2025-02-03 09:57:04.482848,GRASIM27FEB25P2460,OPTSTK,69.85,62250,69.65,70.55,50500,250,250,GRASIM,2460.0,PE,27-FEB-2025
2025-02-03 09:57:17.171237,GRASIM27FEB25P2460,OPTSTK,69.85,62250,69.35,70.3,50500,500,250,GRASIM,2460.0,PE,27-FEB-2025
2025-02-03 09:57:27.753112,GRASIM27FEB25P2460,OPTSTK,69.85,62250,68.8,69.7,50500,500,250,GRASIM,2460.0,PE,27-FEB-2025
2025-02-03 09:57:37.679994,GRASIM27FEB25P2460,OPTSTK,69.5,62500,68.95,69.75,50500,250,250,GRASIM,2460.0,PE,27-FEB-2025
2025-02-03 09:57:45.696550,GRASIM27FEB25P2460,OPTSTK,69.5,62500,68.7,69.75,50500,250,250,GRASIM,2460.0,PE,27-FEB-2025
2025-02-03 09:57:53.153979,GRASIM27FEB25P2460,OPTSTK,69.5,62500,68.95,69.9,50500,250,250,GRASIM,2460.0,PE,27-FEB-2025
2025-02-03 09:58:01.089365,GRASIM27FEB25P2460,OPTSTK,69.5,62500,69.5,69.9,50500,250,250,GRASIM,2460.0,PE,27-FEB-2025
2025-02-03 09:58:08.730781,GRASIM27FEB25P2460,OPTSTK,69.5,62500,69.3,69.85,50500,250,250,GRASIM,2460.0,PE,27-FEB-2025
2025-02-03 09:58:15.960566,GRASIM27FEB25P2460,OPTSTK,69.9,62750,69.45,70.4,50250,250,250,GRASIM,2460.0,PE,27-FEB-2025
2025-02-03 09:58:27.839617,GRASIM27FEB25P2460,OPTSTK,69.9,62750,68.45,69.2,50250,250,250,GRASIM,2460.0,PE,27-FEB-2025
2025-02-03 09:58:38.514977,GRASIM27FEB25P2460,OPTSTK,69.9,62750,69.3,70.2,50250,250,250,GRASIM,2460.0,PE,27-FEB-2025
2025-02-03 09:58:46.517468,GRASIM27FEB25P2460,OPTSTK,69.9,62750,69.3,70.2,50250,250,250,GRASIM,2460.0,PE,27-FEB-2025
2025-02-03 09:58:54.452505,GRASIM27FEB25P2460,OPTSTK,69.9,62750,69.25,70.1,50250,250,250,GRASIM,2460.0,PE,27-FEB-2025
2025-02-03 09:59:02.704889,GRASIM27FEB25P2460,OPTSTK,69.9,62750,69.75,70.65,50250,250,250,GRASIM,2460.0,PE,27-FEB-2025
2025-02-03 09:59:13.570108,GRASIM27FEB25P2460,OPTSTK,69.95,63000,68.75,69.65,50250,250,250,GRASIM,2460.0,PE,27-FEB-2025
2025-02-03 09:59:29.093519,GRASIM27FEB25P2460,OPTSTK,69.95,63000,69.1,69.95,50250,500,500,GRASIM,2460.0,PE,27-FEB-2025
2025-02-03 09:59:41.825294,GRASIM27FEB25P2460,OPTSTK,69.95,63000,69.7,70.45,50250,250,250,GRASIM,2460.0,PE,27-FEB-2025
2025-02-03 09:59:52.440231,GRASIM27FEB25P2460,OPTSTK,69.95,63000,69.7,70.45,50250,250,250,GRASIM,2460.0,PE,27-FEB-2025
2025-02-03 10:00:00.563992,GRASIM27FEB25P2460,OPTSTK,69.95,63000,69.7,70.45,50250,250,250,GRASIM,2460.0,PE,27-FEB-2025
2025-02-03 10:00:08.405964,GRASIM27FEB25P2460,OPTSTK,69.95,63250,69.95,70.65,50250,250,250,GRASIM,2460.0,PE,27-FEB-2025
2025-02-03 10:00:16.566616,GRASIM27FEB25P2460,OPTSTK,69.95,63250,69.95,70.65,50250,250,250,GRASIM,2460.0,PE,27-FEB-2025
2025-02-03 10:00:29.216854,GRASIM27FEB25P2460,OPTSTK,69.95,63250,69.95,70.65,50250,250,250,GRASIM,2460.0,PE,27-FEB-2025
2025-02-03 10:00:40.252752,GRASIM27FEB25P2460,OPTSTK,72.3,63250,71.7,72.6,50250,250,250,GRASIM,2460.0,PE,27-FEB-2025
2025-02-03 10:00:51.970051,GRASIM27FEB25P2460,OPTSTK,72.3,63250,71.7,72.6,50250,250,250,GRASIM,2460.0,PE,27-FEB-2025
2025-02-03 10:01:03.328758,GRASIM27FEB25P2460,OPTSTK,72.3,63750,71.8,73.15,50250,250,250,GRASIM,2460.0,PE,27-FEB-2025
2025-02-03 10:01:14.135000,GRASIM27FEB25P2460,OPTSTK,72.3,63750,71.8,73.15,50250,250,250,GRASIM,2460.0,PE,27-FEB-2025
2025-02-03 10:01:22.497554,GRASIM27FEB25P2460,OPTSTK,72.3,63750,71.8,73.15,50250,250,250,GRASIM,2460.0,PE,27-FEB-2025
2025-02-03 10:01:31.327754,GRASIM27FEB25P2460,OPTSTK,72.3,63750,71.8,73.15,50250,250,250,GRASIM,2460.0,PE,27-FEB-2025
2025-02-03 10:01:38.838023,GRASIM27FEB25P2460,OPTSTK,72.3,63750,71.3,72.2,50250,250,250,GRASIM,2460.0,PE,27-FEB-2025
2025-02-03 10:01:46.765338,GRASIM27FEB25P2460,OPTSTK,70.9,63750,71.3,72.2,50000,250,250,GRASIM,2460.0,PE,27-FEB-2025
2025-02-03 10:01:55.135530,GRASIM27FEB25P2460,OPTSTK,70.9,63750,71.3,72.2,50000,250,250,GRASIM,2460.0,PE,27-FEB-2025
2025-02-03 10:02:02.908097,GRASIM27FEB25P2460,OPTSTK,70.9,64000,69.85,71.25,50000,250,250,GRASIM,2460.0,PE,27-FEB-2025
2025-02-03 10:02:14.152744,GRASIM27FEB25P2460,OPTSTK,70.9,64000,69.85,71.25,50000,250,250,GRASIM,2460.0,PE,27-FEB-2025
2025-02-03 10:02:25.137564,GRASIM27FEB25P2460,OPTSTK,70.9,64000,69.85,71.25,50000,250,250,GRASIM,2460.0,PE,27-FEB-2025
2025-02-03 10:02:37.133246,GRASIM27FEB25P2460,OPTSTK,71.9,64000,70.75,72.2,50000,250,1000,GRASIM,2460.0,PE,27-FEB-2025
2025-02-03 10:02:48.622138,GRASIM27FEB25P2460,OPTSTK,71.9,64000,70.75,72.2,50000,250,1000,GRASIM,2460.0,PE,27-FEB-2025
2025-02-03 10:03:00.159105,GRASIM27FEB25P2460,OPTSTK,71.9,64250,72.05,73.0,50000,500,250,GRASIM,2460.0,PE,27-FEB-2025
2025-02-03 10:03:09.829186,GRASIM27FEB25P2460,OPTSTK,71.9,64250,72.05,73.0,50000,500,250,GRASIM,2460.0,PE,27-FEB-2025
2025-02-03 10:03:17.609249,GRASIM27FEB25P2460,OPTSTK,73.0,64250,72.05,73.0,50000,500,250,GRASIM,2460.0,PE,27-FEB-2025
2025-02-03 10:03:25.926408,GRASIM27FEB25P2460,OPTSTK,73.0,64500,71.75,73.05,50000,250,250,GRASIM,2460.0,PE,27-FEB-2025
2025-02-03 10:03:41.729021,GRASIM27FEB25P2460,OPTSTK,73.0,64500,71.75,73.05,50000,250,250,GRASIM,2460.0,PE,27-FEB-2025
2025-02-03 10:03:51.426020,GRASIM27FEB25P2460,OPTSTK,72.2,64500,71.75,73.05,50000,250,250,GRASIM,2460.0,PE,27-FEB-2025
2025-02-03 10:03:59.136475,GRASIM27FEB25P2460,OPTSTK,72.2,64750,72.25,73.2,50000,250,250,GRASIM,2460.0,PE,27-FEB-2025
2025-02-03 10:04:06.983719,GRASIM27FEB25P2460,OPTSTK,72.2,64750,72.25,73.2,50000,250,250,GRASIM,2460.0,PE,27-FEB-2025
2025-02-03 10:04:15.305043,GRASIM27FEB25P2460,OPTSTK,72.2,64750,72.25,73.2,50000,250,250,GRASIM,2460.0,PE,27-FEB-2025
2025-02-03 10:04:26.079726,GRASIM27FEB25P2460,OPTSTK,72.2,64750,72.25,73.2,50000,250,250,GRASIM,2460.0,PE,27-FEB-2025
2025-02-03 10:04:41.032025,GRASIM27FEB25P2460,OPTSTK,72.2,64750,72.25,73.2,50000,250,250,GRASIM,2460.0,PE,27-FEB-2025
2025-02-03 10:04:53.242872,GRASIM27FEB25P2460,OPTSTK,72.2,64750,72.25,73.2,50000,250,250,GRASIM,2460.0,PE,27-FEB-2025
2025-02-03 10:05:02.585928,GRASIM27FEB25P2460,OPTSTK,72.2,64750,72.7,73.65,50000,250,250,GRASIM,2460.0,PE,27-FEB-2025
2025-02-03 10:05:10.310853,GRASIM27FEB25P2460,OPTSTK,72.2,64750,72.7,73.65,50000,250,250,GRASIM,2460.0,PE,27-FEB-2025
2025-02-03 10:05:18.435006,GRASIM27FEB25P2460,OPTSTK,72.2,64750,72.7,73.65,50000,250,250,GRASIM,2460.0,PE,27-FEB-2025
2025-02-03 10:05:26.267012,GRASIM27FEB25P2460,OPTSTK,72.2,64750,72.4,73.55,50000,250,250,GRASIM,2460.0,PE,27-FEB-2025
2025-02-03 10:05:33.602177,GRASIM27FEB25P2460,OPTSTK,72.2,64750,72.4,73.55,50000,250,250,GRASIM,2460.0,PE,27-FEB-2025
2025-02-03 10:05:40.883727,GRASIM27FEB25P2460,OPTSTK,72.2,64750,72.4,73.55,50000,250,250,GRASIM,2460.0,PE,27-FEB-2025
2025-02-03 10:05:48.517861,GRASIM27FEB25P2460,OPTSTK,72.2,64750,72.4,73.55,50000,250,250,GRASIM,2460.0,PE,27-FEB-2025
2025-02-03 10:05:55.989612,GRASIM27FEB25P2460,OPTSTK,72.2,64750,72.3,73.15,50000,250,250,GRASIM,2460.0,PE,27-FEB-2025
2025-02-03 10:06:07.207852,GRASIM27FEB25P2460,OPTSTK,72.2,64750,72.3,73.15,50000,250,250,GRASIM,2460.0,PE,27-FEB-2025
2025-02-03 10:06:17.093131,GRASIM27FEB25P2460,OPTSTK,72.2,64750,72.3,73.15,50000,250,250,GRASIM,2460.0,PE,27-FEB-2025
2025-02-03 10:06:24.808108,GRASIM27FEB25P2460,OPTSTK,72.2,64750,72.65,73.35,50000,250,250,GRASIM,2460.0,PE,27-FEB-2025
2025-02-03 10:06:33.144445,GRASIM27FEB25P2460,OPTSTK,72.2,64750,72.65,73.35,50000,250,250,GRASIM,2460.0,PE,27-FEB-2025
2025-02-03 10:06:41.466248,GRASIM27FEB25P2460,OPTSTK,72.2,64750,72.65,73.35,50000,250,250,GRASIM,2460.0,PE,27-FEB-2025
2025-02-03 10:06:49.310539,GRASIM27FEB25P2460,OPTSTK,72.2,64750,72.95,74.0,50000,250,250,GRASIM,2460.0,PE,27-FEB-2025
2025-02-03 10:07:04.727243,GRASIM27FEB25P2460,OPTSTK,72.2,64750,72.95,74.0,50000,250,250,GRASIM,2460.0,PE,27-FEB-2025
2025-02-03 10:07:16.639921,GRASIM27FEB25P2460,OPTSTK,72.2,64750,72.95,74.0,50000,250,250,GRASIM,2460.0,PE,27-FEB-2025
2025-02-03 10:07:29.044808,GRASIM27FEB25P2460,OPTSTK,72.2,64750,71.55,72.75,50000,250,250,GRASIM,2460.0,PE,27-FEB-2025
2025-02-03 10:07:37.490102,GRASIM27FEB25P2460,OPTSTK,72.2,64750,71.55,72.75,50000,250,250,GRASIM,2460.0,PE,27-FEB-2025
2025-02-03 10:07:45.040953,GRASIM27FEB25P2460,OPTSTK,72.2,64750,71.55,72.75,50000,250,250,GRASIM,2460.0,PE,27-FEB-2025
2025-02-03 10:07:52.515539,GRASIM27FEB25P2460,OPTSTK,72.2,64750,71.65,72.65,50000,250,250,GRASIM,2460.0,PE,27-FEB-2025
2025-02-03 10:08:00.296098,GRASIM27FEB25P2460,OPTSTK,72.2,64750,71.65,72.65,50000,250,250,GRASIM,2460.0,PE,27-FEB-2025
2025-02-03 10:08:08.517758,GRASIM27FEB25P2460,OPTSTK,72.2,64750,71.65,72.65,50000,250,250,GRASIM,2460.0,PE,27-FEB-2025
2025-02-03 10:08:16.245908,GRASIM27FEB25P2460,OPTSTK,72.2,64750,71.65,72.65,50000,250,250,GRASIM,2460.0,PE,27-FEB-2025
2025-02-03 10:08:23.781473,GRASIM27FEB25P2460,OPTSTK,72.2,64750,71.55,72.2,50000,250,250,GRASIM,2460.0,PE,27-FEB-2025
2025-02-03 10:08:31.813265,GRASIM27FEB25P2460,OPTSTK,72.2,64750,71.55,72.2,50000,250,250,GRASIM,2460.0,PE,27-FEB-2025
2025-02-03 10:08:42.736094,GRASIM27FEB25P2460,OPTSTK,72.2,64750,71.55,72.2,50000,250,250,GRASIM,2460.0,PE,27-FEB-2025
2025-02-03 10:08:51.965064,GRASIM27FEB25P2460,OPTSTK,72.2,65000,70.85,71.75,50000,250,250,GRASIM,2460.0,PE,27-FEB-2025
2025-02-03 10:09:02.735859,GRASIM27FEB25P2460,OPTSTK,72.2,65000,70.85,71.75,50000,250,250,GRASIM,2460.0,PE,27-FEB-2025
2025-02-03 10:09:14.519844,GRASIM27FEB25P2460,OPTSTK,72.2,65000,70.85,71.75,50000,250,250,GRASIM,2460.0,PE,27-FEB-2025
2025-02-03 10:09:24.595781,GRASIM27FEB25P2460,OPTSTK,72.2,65000,71.15,72.7,50000,250,250,GRASIM,2460.0,PE,27-FEB-2025
2025-02-03 10:09:33.780088,GRASIM27FEB25P2460,OPTSTK,72.2,65000,71.15,72.7,50000,250,250,GRASIM,2460.0,PE,27-FEB-2025
2025-02-03 10:09:41.571575,GRASIM27FEB25P2460,OPTSTK,72.2,65000,71.15,72.7,50000,250,250,GRASIM,2460.0,PE,27-FEB-2025
2025-02-03 10:09:50.884164,GRASIM27FEB25P2460,OPTSTK,72.2,65000,71.5,72.4,50000,500,250,GRASIM,2460.0,PE,27-FEB-2025
2025-02-03 10:10:01.997344,GRASIM27FEB25P2460,OPTSTK,72.2,65000,71.5,72.4,50000,500,250,GRASIM,2460.0,PE,27-FEB-2025
2025-02-03 10:10:10.331610,GRASIM27FEB25P2460,OPTSTK,72.2,65000,71.5,72.4,50000,500,250,GRASIM,2460.0,PE,27-FEB-2025
2025-02-03 10:10:18.959043,GRASIM27FEB25P2460,OPTSTK,72.2,65000,70.0,71.5,50000,250,250,GRASIM,2460.0,PE,27-FEB-2025
2025-02-03 10:10:26.730805,GRASIM27FEB25P2460,OPTSTK,72.2,65000,70.0,71.5,50000,250,250,GRASIM,2460.0,PE,27-FEB-2025
2025-02-03 10:10:34.332299,GRASIM27FEB25P2460,OPTSTK,72.2,65000,70.0,71.5,50000,250,250,GRASIM,2460.0,PE,27-FEB-2025
2025-02-03 10:10:42.597585,GRASIM27FEB25P2460,OPTSTK,72.2,65000,70.0,71.5,50000,250,250,GRASIM,2460.0,PE,27-FEB-2025
2025-02-03 10:10:50.468817,GRASIM27FEB25P2460,OPTSTK,69.6,65000,68.9,70.15,49750,250,250,GRASIM,2460.0,PE,27-FEB-2025
2025-02-03 10:10:57.893339,GRASIM27FEB25P2460,OPTSTK,69.6,65000,68.9,70.15,49750,250,250,GRASIM,2460.0,PE,27-FEB-2025
2025-02-03 10:11:08.647547,GRASIM27FEB25P2460,OPTSTK,69.6,65000,68.9,70.15,49750,250,250,GRASIM,2460.0,PE,27-FEB-2025
2025-02-03 10:11:19.231539,GRASIM27FEB25P2460,OPTSTK,69.6,65250,69.05,69.95,49750,250,250,GRASIM,2460.0,PE,27-FEB-2025
2025-02-03 10:11:27.564733,GRASIM27FEB25P2460,OPTSTK,69.6,65250,69.05,69.95,49750,250,250,GRASIM,2460.0,PE,27-FEB-2025
2025-02-03 10:11:35.723195,GRASIM27FEB25P2460,OPTSTK,69.6,65250,69.05,69.95,49750,250,250,GRASIM,2460.0,PE,27-FEB-2025
2025-02-03 10:11:43.049588,GRASIM27FEB25P2460,OPTSTK,69.6,65250,69.05,69.95,49750,250,250,GRASIM,2460.0,PE,27-FEB-2025
2025-02-03 10:11:50.411878,GRASIM27FEB25P2460,OPTSTK,69.6,65250,68.8,70.2,49750,250,250,GRASIM,2460.0,PE,27-FEB-2025
2025-02-03 10:11:58.048620,GRASIM27FEB25P2460,OPTSTK,69.9,65250,68.8,70.2,49750,250,250,GRASIM,2460.0,PE,27-FEB-2025
2025-02-03 10:12:05.913874,GRASIM27FEB25P2460,OPTSTK,69.9,65250,68.8,70.2,49750,250,250,GRASIM,2460.0,PE,27-FEB-2025
2025-02-03 10:12:13.936957,GRASIM27FEB25P2460,OPTSTK,69.9,65500,69.35,70.25,49750,250,250,GRASIM,2460.0,PE,27-FEB-2025
2025-02-03 10:12:23.349461,GRASIM27FEB25P2460,OPTSTK,70.5,65500,69.35,70.25,49750,250,250,GRASIM,2460.0,PE,27-FEB-2025
2025-02-03 10:12:33.942959,GRASIM27FEB25P2460,OPTSTK,70.5,65500,69.35,70.25,49750,250,250,GRASIM,2460.0,PE,27-FEB-2025
2025-02-03 10:12:42.658123,GRASIM27FEB25P2460,OPTSTK,70.5,66000,71.45,72.1,49750,250,250,GRASIM,2460.0,PE,27-FEB-2025
2025-02-03 10:12:50.542263,GRASIM27FEB25P2460,OPTSTK,70.5,66000,71.45,72.1,49750,250,250,GRASIM,2460.0,PE,27-FEB-2025
2025-02-03 10:13:03.905967,GRASIM27FEB25P2460,OPTSTK,70.5,66000,71.45,72.1,49750,250,250,GRASIM,2460.0,PE,27-FEB-2025
2025-02-03 10:13:14.652989,GRASIM27FEB25P2460,OPTSTK,70.5,66000,71.9,72.5,49750,250,250,GRASIM,2460.0,PE,27-FEB-2025
2025-02-03 10:13:25.575546,GRASIM27FEB25P2460,OPTSTK,70.5,66000,71.9,72.5,49750,250,250,GRASIM,2460.0,PE,27-FEB-2025
2025-02-03 10:13:33.221799,GRASIM27FEB25P2460,OPTSTK,70.5,66000,71.9,72.5,49750,250,250,GRASIM,2460.0,PE,27-FEB-2025
2025-02-03 10:13:45.345379,GRASIM27FEB25P2460,OPTSTK,70.5,66000,72.1,72.9,49750,250,250,GRASIM,2460.0,PE,27-FEB-2025
2025-02-03 10:13:56.386534,GRASIM27FEB25P2460,OPTSTK,70.5,66000,72.1,72.9,49750,250,250,GRASIM,2460.0,PE,27-FEB-2025
2025-02-03 10:14:05.264666,GRASIM27FEB25P2460,OPTSTK,72.5,66000,72.1,72.9,49250,250,250,GRASIM,2460.0,PE,27-FEB-2025
2025-02-03 10:14:13.226023,GRASIM27FEB25P2460,OPTSTK,72.5,66250,72.45,73.35,49250,750,250,GRASIM,2460.0,PE,27-FEB-2025
2025-02-03 10:14:20.872162,GRASIM27FEB25P2460,OPTSTK,72.5,66250,72.45,73.35,49250,750,250,GRASIM,2460.0,PE,27-FEB-2025
2025-02-03 10:14:28.340635,GRASIM27FEB25P2460,OPTSTK,72.5,66250,72.45,73.35,49250,750,250,GRASIM,2460.0,PE,27-FEB-2025
2025-02-03 10:14:37.534411,GRASIM27FEB25P2460,OPTSTK,72.5,66250,70.35,71.35,49250,250,250,GRASIM,2460.0,PE,27-FEB-2025
2025-02-03 10:14:44.900697,GRASIM27FEB25P2460,OPTSTK,72.5,66250,70.35,71.35,49250,250,250,GRASIM,2460.0,PE,27-FEB-2025
2025-02-03 10:14:52.896760,GRASIM27FEB25P2460,OPTSTK,71.35,66250,70.35,71.35,49250,250,250,GRASIM,2460.0,PE,27-FEB-2025
2025-02-03 10:15:07.834158,GRASIM27FEB25P2460,OPTSTK,71.35,66500,70.2,71.05,49250,250,500,GRASIM,2460.0,PE,27-FEB-2025
2025-02-03 10:15:17.514445,GRASIM27FEB25P2460,OPTSTK,71.35,66500,70.2,71.05,49250,250,500,GRASIM,2460.0,PE,27-FEB-2025
2025-02-03 10:15:26.794558,GRASIM27FEB25P2460,OPTSTK,71.35,66500,70.2,71.05,49250,250,500,GRASIM,2460.0,PE,27-FEB-2025
2025-02-03 10:15:34.411364,GRASIM27FEB25P2460,OPTSTK,71.35,66500,70.2,71.05,49250,250,500,GRASIM,2460.0,PE,27-FEB-2025
2025-02-03 10:15:42.289101,GRASIM27FEB25P2460,OPTSTK,71.35,66500,70.3,71.55,49250,250,250,GRASIM,2460.0,PE,27-FEB-2025
2025-02-03 10:15:49.679218,GRASIM27FEB25P2460,OPTSTK,71.35,66500,70.55,71.45,49250,250,250,GRASIM,2460.0,PE,27-FEB-2025
2025-02-03 10:15:57.102424,GRASIM27FEB25P2460,OPTSTK,71.35,66500,70.75,71.65,49250,500,250,GRASIM,2460.0,PE,27-FEB-2025
2025-02-03 10:16:04.528643,GRASIM27FEB25P2460,OPTSTK,71.35,66500,71.1,71.85,49250,250,250,GRASIM,2460.0,PE,27-FEB-2025
2025-02-03 10:16:13.599631,GRASIM27FEB25P2460,OPTSTK,71.4,67000,70.8,72.0,49000,250,250,GRASIM,2460.0,PE,27-FEB-2025
2025-02-03 10:16:23.738918,GRASIM27FEB25P2460,OPTSTK,71.4,67000,70.35,71.3,49000,500,250,GRASIM,2460.0,PE,27-FEB-2025
2025-02-03 10:16:32.335437,GRASIM27FEB25P2460,OPTSTK,71.4,67000,70.65,72.2,49000,250,500,GRASIM,2460.0,PE,27-FEB-2025
2025-02-03 10:16:40.976537,GRASIM27FEB25P2460,OPTSTK,71.4,67000,70.75,71.65,49000,500,250,GRASIM,2460.0,PE,27-FEB-2025
2025-02-03 10:16:51.109870,GRASIM27FEB25P2460,OPTSTK,71.4,67000,70.65,71.7,49000,250,250,GRASIM,2460.0,PE,27-FEB-2025
2025-02-03 10:17:01.721017,GRASIM27FEB25P2460,OPTSTK,71.4,67000,70.65,71.6,49000,250,250,GRASIM,2460.0,PE,27-FEB-2025
2025-02-03 10:17:11.523120,GRASIM27FEB25P2460,OPTSTK,71.05,67250,70.55,71.65,49000,250,250,GRASIM,2460.0,PE,27-FEB-2025
2025-02-03 10:17:21.881450,GRASIM27FEB25P2460,OPTSTK,73.45,69500,73.0,74.35,49000,250,250,GRASIM,2460.0,PE,27-FEB-2025
2025-02-03 10:17:32.789613,GRASIM27FEB25P2460,OPTSTK,73.45,69500,72.8,74.0,49000,250,250,GRASIM,2460.0,PE,27-FEB-2025
2025-02-03 10:17:42.316365,GRASIM27FEB25P2460,OPTSTK,73.45,69500,73.1,74.1,49000,500,250,GRASIM,2460.0,PE,27-FEB-2025
2025-02-03 10:17:49.672900,GRASIM27FEB25P2460,OPTSTK,73.45,69500,72.75,73.95,49000,250,250,GRASIM,2460.0,PE,27-FEB-2025
2025-02-03 10:17:57.374493,GRASIM27FEB25P2460,OPTSTK,73.45,69500,73.35,74.1,49000,250,250,GRASIM,2460.0,PE,27-FEB-2025
2025-02-03 10:18:09.085031,GRASIM27FEB25P2460,OPTSTK,73.45,69500,72.65,73.55,49000,500,250,GRASIM,2460.0,PE,27-FEB-2025
2025-02-03 10:18:18.380589,GRASIM27FEB25P2460,OPTSTK,73.45,69500,72.55,73.65,49000,500,250,GRASIM,2460.0,PE,27-FEB-2025
2025-02-03 10:18:25.805101,GRASIM27FEB25P2460,OPTSTK,73.45,69500,71.4,72.7,49000,250,250,GRASIM,2460.0,PE,27-FEB-2025
2025-02-03 10:18:33.177283,GRASIM27FEB25P2460,OPTSTK,73.45,69500,71.45,72.6,49000,500,250,GRASIM,2460.0,PE,27-FEB-2025
2025-02-03 10:18:40.610187,GRASIM27FEB25P2460,OPTSTK,73.45,69500,70.9,72.45,49000,250,250,GRASIM,2460.0,PE,27-FEB-2025
2025-02-03 10:18:51.800167,GRASIM27FEB25P2460,OPTSTK,73.45,69500,70.9,72.45,49000,250,250,GRASIM,2460.0,PE,27-FEB-2025
2025-02-03 10:19:03.687324,GRASIM27FEB25P2460,OPTSTK,73.45,69500,70.85,72.0,49000,500,250,GRASIM,2460.0,PE,27-FEB-2025
2025-02-03 10:19:13.288981,GRASIM27FEB25P2460,OPTSTK,73.45,69500,70.85,72.0,49000,500,250,GRASIM,2460.0,PE,27-FEB-2025
2025-02-03 10:19:23.085347,GRASIM27FEB25P2460,OPTSTK,73.45,69500,70.85,72.0,49000,500,250,GRASIM,2460.0,PE,27-FEB-2025
2025-02-03 10:19:32.292043,GRASIM27FEB25P2460,OPTSTK,73.45,69500,71.65,72.7,49000,250,250,GRASIM,2460.0,PE,27-FEB-2025
2025-02-03 10:19:39.884451,GRASIM27FEB25P2460,OPTSTK,73.45,69500,71.65,72.7,49000,250,250,GRASIM,2460.0,PE,27-FEB-2025
2025-02-03 10:19:47.455535,GRASIM27FEB25P2460,OPTSTK,73.45,69500,71.65,72.7,49000,250,250,GRASIM,2460.0,PE,27-FEB-2025
2025-02-03 10:19:54.523444,GRASIM27FEB25P2460,OPTSTK,73.45,69500,70.5,71.45,49000,250,250,GRASIM,2460.0,PE,27-FEB-2025
2025-02-03 10:20:04.684337,GRASIM27FEB25P2460,OPTSTK,73.45,69500,70.5,71.45,49000,250,250,GRASIM,2460.0,PE,27-FEB-2025
2025-02-03 10:20:14.924047,GRASIM27FEB25P2460,OPTSTK,70.9,69500,70.5,71.45,47500,250,250,GRASIM,2460.0,PE,27-FEB-2025
2025-02-03 10:20:22.407835,GRASIM27FEB25P2460,OPTSTK,70.9,69500,70.5,71.45,47500,250,250,GRASIM,2460.0,PE,27-FEB-2025
2025-02-03 10:20:29.879274,GRASIM27FEB25P2460,OPTSTK,70.9,70000,71.15,72.1,47500,250,250,GRASIM,2460.0,PE,27-FEB-2025
2025-02-03 10:20:37.345132,GRASIM27FEB25P2460,OPTSTK,70.9,70000,71.4,73.15,47500,250,250,GRASIM,2460.0,PE,27-FEB-2025
2025-02-03 10:20:44.903496,GRASIM27FEB25P2460,OPTSTK,70.9,70000,72.3,73.5,47500,250,250,GRASIM,2460.0,PE,27-FEB-2025
2025-02-03 10:20:52.931350,GRASIM27FEB25P2460,OPTSTK,70.9,70000,71.8,73.25,47500,250,250,GRASIM,2460.0,PE,27-FEB-2025
2025-02-03 10:21:03.898313,GRASIM27FEB25P2460,OPTSTK,70.9,70000,71.8,72.8,47500,250,250,GRASIM,2460.0,PE,27-FEB-2025
2025-02-03 10:21:14.866910,GRASIM27FEB25P2460,OPTSTK,70.9,70000,71.5,72.45,47500,250,250,GRASIM,2460.0,PE,27-FEB-2025
2025-02-03 10:21:25.586878,GRASIM27FEB25P2460,OPTSTK,70.9,70000,71.0,72.05,47500,250,250,GRASIM,2460.0,PE,27-FEB-2025
2025-02-03 10:21:36.345754,GRASIM27FEB25P2460,OPTSTK,70.9,70000,70.75,71.6,47500,250,250,GRASIM,2460.0,PE,27-FEB-2025
2025-02-03 10:21:44.705465,GRASIM27FEB25P2460,OPTSTK,70.9,70000,70.35,71.8,47500,250,250,GRASIM,2460.0,PE,27-FEB-2025
2025-02-03 10:21:52.164946,GRASIM27FEB25P2460,OPTSTK,70.9,70000,70.05,71.15,47500,250,250,GRASIM,2460.0,PE,27-FEB-2025
2025-02-03 10:21:59.738423,GRASIM27FEB25P2460,OPTSTK,70.9,70000,69.95,70.95,47500,250,250,GRASIM,2460.0,PE,27-FEB-2025
2025-02-03 10:22:07.097915,GRASIM27FEB25P2460,OPTSTK,70.9,70000,69.75,70.7,47500,250,500,GRASIM,2460.0,PE,27-FEB-2025
2025-02-03 10:22:14.362273,GRASIM27FEB25P2460,OPTSTK,70.9,70000,69.95,71.2,47500,250,250,GRASIM,2460.0,PE,27-FEB-2025
2025-02-03 10:22:22.529338,GRASIM27FEB25P2460,OPTSTK,70.9,70000,70.25,71.3,47500,250,250,GRASIM,2460.0,PE,27-FEB-2025
2025-02-03 10:22:30.493835,GRASIM27FEB25P2460,OPTSTK,70.9,70000,69.85,70.85,47500,250,250,GRASIM,2460.0,PE,27-FEB-2025
2025-02-03 10:22:41.807744,GRASIM27FEB25P2460,OPTSTK,70.9,70000,69.15,70.55,47500,250,250,GRASIM,2460.0,PE,27-FEB-2025
2025-02-03 10:22:53.119017,GRASIM27FEB25P2460,OPTSTK,70.9,70000,69.3,70.65,47500,250,250,GRASIM,2460.0,PE,27-FEB-2025
2025-02-03 10:23:00.758178,GRASIM27FEB25P2460,OPTSTK,70.9,70000,68.65,70.4,47500,250,250,GRASIM,2460.0,PE,27-FEB-2025
2025-02-03 10:23:16.141039,GRASIM27FEB25P2460,OPTSTK,70.4,70500,68.95,69.85,47750,250,250,GRASIM,2460.0,PE,27-FEB-2025
2025-02-03 10:23:27.665979,GRASIM27FEB25P2460,OPTSTK,69.15,70750,69.25,70.3,47750,500,250,GRASIM,2460.0,PE,27-FEB-2025
2025-02-03 10:23:36.807836,GRASIM27FEB25P2460,OPTSTK,69.15,70750,69.2,70.3,47750,250,250,GRASIM,2460.0,PE,27-FEB-2025
2025-02-03 10:23:44.926093,GRASIM27FEB25P2460,OPTSTK,69.15,70750,68.9,70.2,47750,250,250,GRASIM,2460.0,PE,27-FEB-2025
2025-02-03 10:23:52.543264,GRASIM27FEB25P2460,OPTSTK,69.15,70750,69.35,70.35,47750,250,250,GRASIM,2460.0,PE,27-FEB-2025
2025-02-03 10:24:00.043997,GRASIM27FEB25P2460,OPTSTK,69.15,70750,69.3,70.4,47750,250,250,GRASIM,2460.0,PE,27-FEB-2025
2025-02-03 10:24:07.307141,GRASIM27FEB25P2460,OPTSTK,69.15,70750,69.35,70.4,47750,250,250,GRASIM,2460.0,PE,27-FEB-2025
2025-02-03 10:24:14.726965,GRASIM27FEB25P2460,OPTSTK,69.15,70750,70.05,71.15,47750,250,250,GRASIM,2460.0,PE,27-FEB-2025
2025-02-03 10:24:22.364621,GRASIM27FEB25P2460,OPTSTK,69.15,70750,70.3,71.3,47750,500,250,GRASIM,2460.0,PE,27-FEB-2025
2025-02-03 10:24:29.755665,GRASIM27FEB25P2460,OPTSTK,69.15,70750,69.9,70.9,47750,250,250,GRASIM,2460.0,PE,27-FEB-2025
2025-02-03 10:24:37.052856,GRASIM27FEB25P2460,OPTSTK,69.15,70750,70.0,70.85,47750,250,250,GRASIM,2460.0,PE,27-FEB-2025
2025-02-03 10:24:44.542676,GRASIM27FEB25P2460,OPTSTK,69.15,70750,70.25,71.0,47750,500,250,GRASIM,2460.0,PE,27-FEB-2025
2025-02-03 10:24:52.378731,GRASIM27FEB25P2460,OPTSTK,69.15,70750,70.25,71.0,47750,500,250,GRASIM,2460.0,PE,27-FEB-2025
2025-02-03 10:25:00.838252,GRASIM27FEB25P2460,OPTSTK,69.15,70750,70.25,71.0,47750,500,250,GRASIM,2460.0,PE,27-FEB-2025
2025-02-03 10:25:08.191938,GRASIM27FEB25P2460,OPTSTK,70.2,71000,70.05,70.65,47750,250,250,GRASIM,2460.0,PE,27-FEB-2025
2025-02-03 10:25:15.753799,GRASIM27FEB25P2460,OPTSTK,70.2,71000,70.05,70.65,47750,250,250,GRASIM,2460.0,PE,27-FEB-2025
2025-02-03 10:25:23.271680,GRASIM27FEB25P2460,OPTSTK,70.2,71000,70.05,70.65,47750,250,250,GRASIM,2460.0,PE,27-FEB-2025
2025-02-03 10:25:31.114095,GRASIM27FEB25P2460,OPTSTK,70.2,71000,70.05,70.65,47750,250,250,GRASIM,2460.0,PE,27-FEB-2025
2025-02-03 10:25:38.458326,GRASIM27FEB25P2460,OPTSTK,70.2,71000,70.2,71.15,47750,500,250,GRASIM,2460.0,PE,27-FEB-2025
2025-02-03 10:25:45.835804,GRASIM27FEB25P2460,OPTSTK,70.2,71000,70.2,71.15,47750,500,250,GRASIM,2460.0,PE,27-FEB-2025
2025-02-03 10:25:53.373129,GRASIM27FEB25P2460,OPTSTK,70.2,71000,70.2,71.15,47750,500,250,GRASIM,2460.0,PE,27-FEB-2025
2025-02-03 10:26:02.245233,GRASIM27FEB25P2460,OPTSTK,70.2,71000,70.2,71.15,47750,500,250,GRASIM,2460.0,PE,27-FEB-2025
2025-02-03 10:26:09.671504,GRASIM27FEB25P2460,OPTSTK,70.2,71000,70.35,71.3,47750,250,250,GRASIM,2460.0,PE,27-FEB-2025
2025-02-03 10:26:17.058369,GRASIM27FEB25P2460,OPTSTK,70.2,71000,70.35,71.3,47750,250,250,GRASIM,2460.0,PE,27-FEB-2025
2025-02-03 10:26:24.707697,GRASIM27FEB25P2460,OPTSTK,70.2,71000,70.35,71.3,47750,250,250,GRASIM,2460.0,PE,27-FEB-2025
2025-02-03 10:26:33.396854,GRASIM27FEB25P2460,OPTSTK,70.2,71000,70.85,71.7,47750,250,250,GRASIM,2460.0,PE,27-FEB-2025
2025-02-03 10:26:42.344861,GRASIM27FEB25P2460,OPTSTK,70.2,71000,70.85,71.7,47750,250,250,GRASIM,2460.0,PE,27-FEB-2025
2025-02-03 10:26:51.931419,GRASIM27FEB25P2460,OPTSTK,70.2,71000,70.85,71.7,47750,250,250,GRASIM,2460.0,PE,27-FEB-2025
2025-02-03 10:27:02.235984,GRASIM27FEB25P2460,OPTSTK,70.2,71000,71.95,72.8,47750,250,250,GRASIM,2460.0,PE,27-FEB-2025
2025-02-03 10:27:13.185328,GRASIM27FEB25P2460,OPTSTK,70.2,71000,71.95,72.8,47750,250,250,GRASIM,2460.0,PE,27-FEB-2025
2025-02-03 10:27:22.645118,GRASIM27FEB25P2460,OPTSTK,70.2,71000,71.95,72.8,47750,250,250,GRASIM,2460.0,PE,27-FEB-2025
2025-02-03 10:27:30.097339,GRASIM27FEB25P2460,OPTSTK,70.2,71000,71.7,72.65,47750,250,250,GRASIM,2460.0,PE,27-FEB-2025
2025-02-03 10:27:38.016688,GRASIM27FEB25P2460,OPTSTK,70.2,71000,71.7,72.65,47750,250,250,GRASIM,2460.0,PE,27-FEB-2025
2025-02-03 10:27:45.423692,GRASIM27FEB25P2460,OPTSTK,70.2,71000,71.7,72.65,47750,250,250,GRASIM,2460.0,PE,27-FEB-2025
2025-02-03 10:27:52.543148,GRASIM27FEB25P2460,OPTSTK,70.2,71000,71.7,72.65,47750,250,250,GRASIM,2460.0,PE,27-FEB-2025
2025-02-03 10:27:59.841599,GRASIM27FEB25P2460,OPTSTK,70.2,71000,71.95,73.15,47750,250,250,GRASIM,2460.0,PE,27-FEB-2025
2025-02-03 10:28:07.110348,GRASIM27FEB25P2460,OPTSTK,70.2,71000,71.95,73.15,47750,250,250,GRASIM,2460.0,PE,27-FEB-2025
2025-02-03 10:28:14.591597,GRASIM27FEB25P2460,OPTSTK,72.8,71000,71.95,73.15,47750,250,250,GRASIM,2460.0,PE,27-FEB-2025
2025-02-03 10:28:22.138321,GRASIM27FEB25P2460,OPTSTK,72.8,71000,71.95,73.15,47750,250,250,GRASIM,2460.0,PE,27-FEB-2025
2025-02-03 10:28:29.320161,GRASIM27FEB25P2460,OPTSTK,72.8,71500,72.45,73.25,47750,250,250,GRASIM,2460.0,PE,27-FEB-2025
2025-02-03 10:28:36.598619,GRASIM27FEB25P2460,OPTSTK,72.8,71500,72.45,73.25,47750,250,250,GRASIM,2460.0,PE,27-FEB-2025
2025-02-03 10:28:43.862333,GRASIM27FEB25P2460,OPTSTK,72.8,71500,72.45,73.25,47750,250,250,GRASIM,2460.0,PE,27-FEB-2025
2025-02-03 10:28:52.193863,GRASIM27FEB25P2460,OPTSTK,71.4,71750,71.15,71.7,47750,250,250,GRASIM,2460.0,PE,27-FEB-2025
2025-02-03 10:29:06.011085,GRASIM27FEB25P2460,OPTSTK,71.4,71750,71.15,71.7,47750,250,250,GRASIM,2460.0,PE,27-FEB-2025
2025-02-03 10:29:18.686028,GRASIM27FEB25P2460,OPTSTK,73.0,71750,71.15,71.7,47750,250,250,GRASIM,2460.0,PE,27-FEB-2025
2025-02-03 10:29:26.802774,GRASIM27FEB25P2460,OPTSTK,73.0,74750,72.25,73.45,47750,250,250,GRASIM,2460.0,PE,27-FEB-2025
2025-02-03 10:29:34.444191,GRASIM27FEB25P2460,OPTSTK,73.0,74750,72.25,73.45,47750,250,250,GRASIM,2460.0,PE,27-FEB-2025
2025-02-03 10:29:47.331509,GRASIM27FEB25P2460,OPTSTK,73.0,74750,72.25,73.45,47750,250,250,GRASIM,2460.0,PE,27-FEB-2025
2025-02-03 10:29:55.543665,GRASIM27FEB25P2460,OPTSTK,73.0,74750,71.55,72.5,47750,250,250,GRASIM,2460.0,PE,27-FEB-2025
2025-02-03 10:30:03.028967,GRASIM27FEB25P2460,OPTSTK,72.75,74750,71.55,72.5,47750,250,250,GRASIM,2460.0,PE,27-FEB-2025
2025-02-03 10:30:10.330164,GRASIM27FEB25P2460,OPTSTK,72.75,74750,71.55,72.5,47750,250,250,GRASIM,2460.0,PE,27-FEB-2025
2025-02-03 10:30:17.771943,GRASIM27FEB25P2460,OPTSTK,72.75,74750,71.55,72.5,47750,250,250,GRASIM,2460.0,PE,27-FEB-2025
2025-02-03 10:30:26.382670,GRASIM27FEB25P2460,OPTSTK,72.75,75000,71.6,72.55,47750,250,250,GRASIM,2460.0,PE,27-FEB-2025
2025-02-03 10:30:33.583077,GRASIM27FEB25P2460,OPTSTK,72.75,75000,71.6,72.55,47750,250,250,GRASIM,2460.0,PE,27-FEB-2025
2025-02-03 10:30:40.931621,GRASIM27FEB25P2460,OPTSTK,72.75,75000,71.6,72.9,47750,250,250,GRASIM,2460.0,PE,27-FEB-2025
2025-02-03 10:30:48.442700,GRASIM27FEB25P2460,OPTSTK,72.75,75000,71.5,72.55,47750,250,250,GRASIM,2460.0,PE,27-FEB-2025
2025-02-03 10:30:55.665085,GRASIM27FEB25P2460,OPTSTK,72.75,75000,71.65,72.65,47750,250,500,GRASIM,2460.0,PE,27-FEB-2025
2025-02-03 10:31:02.919510,GRASIM27FEB25P2460,OPTSTK,72.75,75000,71.15,72.65,47750,250,250,GRASIM,2460.0,PE,27-FEB-2025
2025-02-03 10:31:10.659177,GRASIM27FEB25P2460,OPTSTK,72.75,75000,70.7,71.6,47750,250,250,GRASIM,2460.0,PE,27-FEB-2025
2025-02-03 10:31:17.999690,GRASIM27FEB25P2460,OPTSTK,72.75,75000,70.85,71.85,47750,250,250,GRASIM,2460.0,PE,27-FEB-2025
2025-02-03 10:31:25.212012,GRASIM27FEB25P2460,OPTSTK,72.75,75000,70.65,71.75,47750,250,500,GRASIM,2460.0,PE,27-FEB-2025
2025-02-03 10:31:32.599917,GRASIM27FEB25P2460,OPTSTK,72.75,75000,70.7,71.85,47750,250,250,GRASIM,2460.0,PE,27-FEB-2025
2025-02-03 10:31:39.785422,GRASIM27FEB25P2460,OPTSTK,72.75,75000,70.8,72.0,47750,250,250,GRASIM,2460.0,PE,27-FEB-2025
2025-02-03 10:31:47.504368,GRASIM27FEB25P2460,OPTSTK,72.5,76750,71.15,72.2,48750,250,500,GRASIM,2460.0,PE,27-FEB-2025
2025-02-03 10:34:39.459336,GRASIM27FEB25P2460,OPTSTK,72.5,76750,71.15,72.2,48750,250,500,GRASIM,2460.0,PE,27-FEB-2025
2025-02-03 10:34:47.380841,GRASIM27FEB25P2460,OPTSTK,72.5,76750,71.15,72.2,48750,250,500,GRASIM,2460.0,PE,27-FEB-2025
2025-02-03 10:34:55.544434,GRASIM27FEB25P2460,OPTSTK,72.5,76750,71.15,72.2,48750,250,500,GRASIM,2460.0,PE,27-FEB-2025
2025-02-03 10:35:02.912994,GRASIM27FEB25P2460,OPTSTK,72.5,76750,71.35,72.1,48750,250,250,GRASIM,2460.0,PE,27-FEB-2025
2025-02-03 10:35:10.149801,GRASIM27FEB25P2460,OPTSTK,72.5,76750,71.35,72.1,48750,250,250,GRASIM,2460.0,PE,27-FEB-2025
2025-02-03 10:35:17.465433,GRASIM27FEB25P2460,OPTSTK,69.15,77250,68.15,69.35,48750,500,250,GRASIM,2460.0,PE,27-FEB-2025
2025-02-03 10:38:26.386442,GRASIM27FEB25P2460,OPTSTK,69.15,77250,68.15,69.35,48750,500,250,GRASIM,2460.0,PE,27-FEB-2025
2025-02-03 10:38:34.112239,GRASIM27FEB25P2460,OPTSTK,69.15,77250,68.15,69.35,48750,500,250,GRASIM,2460.0,PE,27-FEB-2025
2025-02-03 10:38:42.300738,GRASIM27FEB25P2460,OPTSTK,69.15,77250,67.15,67.95,48750,250,250,GRASIM,2460.0,PE,27-FEB-2025
2025-02-03 10:38:50.063996,GRASIM27FEB25P2460,OPTSTK,69.15,77250,67.1,68.15,48750,1500,250,GRASIM,2460.0,PE,27-FEB-2025
2025-02-03 10:38:57.994676,GRASIM27FEB25P2460,OPTSTK,68.9,77500,68.65,69.8,48750,250,250,GRASIM,2460.0,PE,27-FEB-2025
2025-02-03 10:40:50.489871,GRASIM27FEB25P2460,OPTSTK,68.9,77500,68.65,69.8,48750,250,250,GRASIM,2460.0,PE,27-FEB-2025
2025-02-03 10:40:58.274419,GRASIM27FEB25P2460,OPTSTK,68.9,77750,68.2,69.3,48750,250,250,GRASIM,2460.0,PE,27-FEB-2025
2025-02-03 10:41:06.782384,GRASIM27FEB25P2460,OPTSTK,68.95,77750,68.2,69.3,48750,250,250,GRASIM,2460.0,PE,27-FEB-2025
2025-02-03 10:41:15.906003,GRASIM27FEB25P2460,OPTSTK,68.8,77750,68.2,69.3,48750,250,250,GRASIM,2460.0,PE,27-FEB-2025
2025-02-03 10:41:23.291110,GRASIM27FEB25P2460,OPTSTK,68.2,80000,67.9,68.65,49250,250,250,GRASIM,2460.0,PE,27-FEB-2025
2025-02-03 10:43:59.322773,GRASIM27FEB25P2460,OPTSTK,68.2,80000,67.9,68.65,49250,250,250,GRASIM,2460.0,PE,27-FEB-2025
2025-02-03 10:44:07.423169,GRASIM27FEB25P2460,OPTSTK,68.2,80000,68.0,68.75,49250,250,250,GRASIM,2460.0,PE,27-FEB-2025
2025-02-03 10:44:20.497011,GRASIM27FEB25P2460,OPTSTK,68.2,80000,68.0,68.75,49250,250,250,GRASIM,2460.0,PE,27-FEB-2025
2025-02-03 10:44:31.557140,GRASIM27FEB25P2460,OPTSTK,68.2,80000,68.0,68.75,49250,250,250,GRASIM,2460.0,PE,27-FEB-2025
2025-02-03 10:44:43.687728,GRASIM27FEB25P2460,OPTSTK,68.2,80000,67.85,68.8,49250,250,250,GRASIM,2460.0,PE,27-FEB-2025
2025-02-03 10:44:52.224325,GRASIM27FEB25P2460,OPTSTK,68.2,80000,67.85,68.8,49250,250,250,GRASIM,2460.0,PE,27-FEB-2025
2025-02-03 10:45:01.619077,GRASIM27FEB25P2460,OPTSTK,68.2,80000,67.85,68.8,49250,250,250,GRASIM,2460.0,PE,27-FEB-2025
2025-02-03 10:45:09.453176,GRASIM27FEB25P2460,OPTSTK,68.2,80000,67.25,68.15,49250,250,250,GRASIM,2460.0,PE,27-FEB-2025
2025-02-03 13:12:06.975173,GRASIM27FEB25P2460,OPTSTK,67.5,142250,67.5,68.8,54000,250,250,GRASIM,2460.0,PE,27-FEB-2025
2025-02-03 13:12:13.563337,GRASIM27FEB25P2460,OPTSTK,67.5,142250,67.5,69.15,54000,250,250,GRASIM,2460.0,PE,27-FEB-2025
2025-02-03 13:12:21.566476,GRASIM27FEB25P2460,OPTSTK,67.5,142250,67.8,68.7,54000,250,250,GRASIM,2460.0,PE,27-FEB-2025
2025-02-03 13:12:28.095515,GRASIM27FEB25P2460,OPTSTK,67.5,142250,67.7,68.7,54000,250,500,GRASIM,2460.0,PE,27-FEB-2025
2025-02-03 13:12:35.248046,GRASIM27FEB25P2460,OPTSTK,67.5,142250,67.6,68.5,54000,250,250,GRASIM,2460.0,PE,27-FEB-2025
2025-02-03 13:12:41.351801,GRASIM27FEB25P2460,OPTSTK,67.5,142250,67.55,68.35,54000,500,250,GRASIM,2460.0,PE,27-FEB-2025
2025-02-03 13:12:48.725243,GRASIM27FEB25P2460,OPTSTK,67.5,142250,67.6,69.0,54000,250,250,GRASIM,2460.0,PE,27-FEB-2025
2025-02-03 13:12:57.061552,GRASIM27FEB25P2460,OPTSTK,67.5,142250,67.2,68.0,54000,250,250,GRASIM,2460.0,PE,27-FEB-2025
2025-02-03 13:13:04.976348,GRASIM27FEB25P2460,OPTSTK,67.5,142250,67.2,68.3,54000,250,250,GRASIM,2460.0,PE,27-FEB-2025
2025-02-03 13:13:11.519569,GRASIM27FEB25P2460,OPTSTK,67.5,142250,67.35,68.25,54000,250,250,GRASIM,2460.0,PE,27-FEB-2025
2025-02-03 13:13:17.996264,GRASIM27FEB25P2460,OPTSTK,67.5,142250,67.2,68.4,54000,250,250,GRASIM,2460.0,PE,27-FEB-2025
2025-02-03 13:13:23.973374,GRASIM27FEB25P2460,OPTSTK,67.5,142250,67.2,68.2,54000,250,250,GRASIM,2460.0,PE,27-FEB-2025
2025-02-03 13:13:30.210383,GRASIM27FEB25P2460,OPTSTK,67.5,142250,67.3,68.3,54000,250,250,GRASIM,2460.0,PE,27-FEB-2025
2025-02-03 13:13:36.333333,GRASIM27FEB25P2460,OPTSTK,67.4,142500,67.2,68.15,54750,250,750,GRASIM,2460.0,PE,27-FEB-2025
2025-02-03 13:13:42.779416,GRASIM27FEB25P2460,OPTSTK,67.4,142500,67.35,68.1,54750,250,250,GRASIM,2460.0,PE,27-FEB-2025
2025-02-03 13:13:49.069028,GRASIM27FEB25P2460,OPTSTK,68.0,142500,67.35,68.1,54750,250,250,GRASIM,2460.0,PE,27-FEB-2025
2025-02-03 13:13:56.673382,GRASIM27FEB25P2460,OPTSTK,68.0,143000,67.5,68.25,54750,250,250,GRASIM,2460.0,PE,27-FEB-2025
2025-02-03 13:14:03.740793,GRASIM27FEB25P2460,OPTSTK,68.0,143000,67.5,68.25,54750,250,250,GRASIM,2460.0,PE,27-FEB-2025
2025-02-03 13:14:12.348317,GRASIM27FEB25P2460,OPTSTK,68.0,143000,67.5,68.25,54750,250,250,GRASIM,2460.0,PE,27-FEB-2025
2025-02-03 13:14:19.787887,GRASIM27FEB25P2460,OPTSTK,68.0,143000,67.5,68.25,54750,250,250,GRASIM,2460.0,PE,27-FEB-2025
2025-02-03 13:14:26.030632,GRASIM27FEB25P2460,OPTSTK,68.0,143000,67.55,68.15,54750,250,250,GRASIM,2460.0,PE,27-FEB-2025
2025-02-03 13:14:32.362911,GRASIM27FEB25P2460,OPTSTK,68.0,143000,67.55,68.15,54750,250,250,GRASIM,2460.0,PE,27-FEB-2025
2025-02-03 13:14:38.639461,GRASIM27FEB25P2460,OPTSTK,68.0,143000,67.55,68.15,54750,250,250,GRASIM,2460.0,PE,27-FEB-2025
2025-02-03 13:14:45.013626,GRASIM27FEB25P2460,OPTSTK,68.0,143000,67.55,68.15,54750,250,250,GRASIM,2460.0,PE,27-FEB-2025
2025-02-03 13:14:51.861991,GRASIM27FEB25P2460,OPTSTK,68.0,143250,67.55,68.2,54750,250,500,GRASIM,2460.0,PE,27-FEB-2025
2025-02-03 13:14:58.180985,GRASIM27FEB25P2460,OPTSTK,68.0,143250,67.55,68.2,54750,250,500,GRASIM,2460.0,PE,27-FEB-2025
2025-02-03 13:15:04.440904,GRASIM27FEB25P2460,OPTSTK,68.0,143250,67.55,68.2,54750,250,500,GRASIM,2460.0,PE,27-FEB-2025
2025-02-03 13:15:10.692247,GRASIM27FEB25P2460,OPTSTK,68.0,143250,67.55,68.2,54750,250,500,GRASIM,2460.0,PE,27-FEB-2025
2025-02-03 13:15:16.824503,GRASIM27FEB25P2460,OPTSTK,68.0,143250,68.4,69.0,54750,250,500,GRASIM,2460.0,PE,27-FEB-2025
2025-02-03 13:15:25.123495,GRASIM27FEB25P2460,OPTSTK,68.0,143250,68.4,69.0,54750,250,500,GRASIM,2460.0,PE,27-FEB-2025
2025-02-03 13:15:33.459915,GRASIM27FEB25P2460,OPTSTK,68.0,143250,68.4,69.0,54750,250,500,GRASIM,2460.0,PE,27-FEB-2025
2025-02-03 13:15:41.032587,GRASIM27FEB25P2460,OPTSTK,69.0,143250,68.4,69.0,54750,250,500,GRASIM,2460.0,PE,27-FEB-2025
2025-02-03 13:15:47.244282,GRASIM27FEB25P2460,OPTSTK,69.0,143750,68.55,69.3,54750,250,250,GRASIM,2460.0,PE,27-FEB-2025
2025-02-03 13:15:53.472636,GRASIM27FEB25P2460,OPTSTK,69.0,143750,68.55,69.3,54750,250,250,GRASIM,2460.0,PE,27-FEB-2025
2025-02-03 13:15:59.925373,GRASIM27FEB25P2460,OPTSTK,69.0,143750,68.55,69.3,54750,250,250,GRASIM,2460.0,PE,27-FEB-2025
2025-02-03 13:16:06.191434,GRASIM27FEB25P2460,OPTSTK,69.0,143750,68.55,69.3,54750,250,250,GRASIM,2460.0,PE,27-FEB-2025
2025-02-03 13:16:12.849391,GRASIM27FEB25P2460,OPTSTK,69.0,143750,68.05,69.3,54750,250,250,GRASIM,2460.0,PE,27-FEB-2025
2025-02-03 13:16:19.924427,GRASIM27FEB25P2460,OPTSTK,69.0,143750,68.05,69.3,54750,250,250,GRASIM,2460.0,PE,27-FEB-2025
2025-02-03 13:16:27.248636,GRASIM27FEB25P2460,OPTSTK,69.0,143750,68.05,69.3,54750,250,250,GRASIM,2460.0,PE,27-FEB-2025
2025-02-03 13:16:33.824304,GRASIM27FEB25P2460,OPTSTK,69.0,143750,68.05,69.3,54750,250,250,GRASIM,2460.0,PE,27-FEB-2025
2025-02-03 13:16:40.847391,GRASIM27FEB25P2460,OPTSTK,69.0,143750,68.35,69.25,54750,250,250,GRASIM,2460.0,PE,27-FEB-2025
2025-02-03 13:16:47.548584,GRASIM27FEB25P2460,OPTSTK,69.0,143750,68.5,69.25,54750,250,250,GRASIM,2460.0,PE,27-FEB-2025
2025-02-03 13:16:54.136902,GRASIM27FEB25P2460,OPTSTK,69.0,143750,68.4,69.6,54750,250,250,GRASIM,2460.0,PE,27-FEB-2025
2025-02-03 13:17:00.585656,GRASIM27FEB25P2460,OPTSTK,69.0,143750,68.35,69.4,54750,250,250,GRASIM,2460.0,PE,27-FEB-2025
2025-02-03 13:17:06.941623,GRASIM27FEB25P2460,OPTSTK,69.0,143750,68.15,69.3,54750,250,250,GRASIM,2460.0,PE,27-FEB-2025
2025-02-03 13:17:14.289780,GRASIM27FEB25P2460,OPTSTK,69.0,143750,68.2,69.2,54750,250,250,GRASIM,2460.0,PE,27-FEB-2025
2025-02-03 13:17:20.676920,GRASIM27FEB25P2460,OPTSTK,69.0,143750,68.2,69.25,54750,250,250,GRASIM,2460.0,PE,27-FEB-2025
2025-02-03 13:17:27.089729,GRASIM27FEB25P2460,OPTSTK,69.0,143750,68.4,69.1,54750,250,250,GRASIM,2460.0,PE,27-FEB-2025
2025-02-03 13:17:33.395518,GRASIM27FEB25P2460,OPTSTK,69.0,143750,68.15,69.15,54750,250,250,GRASIM,2460.0,PE,27-FEB-2025
2025-02-03 13:17:39.779757,GRASIM27FEB25P2460,OPTSTK,69.0,143750,68.5,69.2,54750,250,250,GRASIM,2460.0,PE,27-FEB-2025
2025-02-03 13:17:46.092434,GRASIM27FEB25P2460,OPTSTK,69.0,143750,68.5,69.2,54750,250,250,GRASIM,2460.0,PE,27-FEB-2025
2025-02-03 13:17:52.429219,GRASIM27FEB25P2460,OPTSTK,69.0,143750,68.5,69.2,54750,250,250,GRASIM,2460.0,PE,27-FEB-2025
2025-02-03 13:17:59.188757,GRASIM27FEB25P2460,OPTSTK,69.0,144000,68.35,69.1,54750,250,250,GRASIM,2460.0,PE,27-FEB-2025
2025-02-03 13:18:05.694481,GRASIM27FEB25P2460,OPTSTK,69.0,144000,68.35,69.1,54750,250,250,GRASIM,2460.0,PE,27-FEB-2025
2025-02-03 13:18:12.204483,GRASIM27FEB25P2460,OPTSTK,69.5,144000,68.35,69.1,54750,250,250,GRASIM,2460.0,PE,27-FEB-2025
2025-02-03 13:18:18.494409,GRASIM27FEB25P2460,OPTSTK,69.5,144000,68.35,69.1,54750,250,250,GRASIM,2460.0,PE,27-FEB-2025
2025-02-03 13:18:24.702243,GRASIM27FEB25P2460,OPTSTK,69.5,144250,68.85,69.75,54750,250,500,GRASIM,2460.0,PE,27-FEB-2025
2025-02-03 13:18:31.123235,GRASIM27FEB25P2460,OPTSTK,69.5,144250,68.85,69.75,54750,250,500,GRASIM,2460.0,PE,27-FEB-2025
2025-02-03 13:18:37.634491,GRASIM27FEB25P2460,OPTSTK,69.5,144250,68.85,69.75,54750,250,500,GRASIM,2460.0,PE,27-FEB-2025
2025-02-03 13:18:43.953525,GRASIM27FEB25P2460,OPTSTK,69.5,144250,68.85,69.75,54750,250,500,GRASIM,2460.0,PE,27-FEB-2025
2025-02-03 13:18:50.535270,GRASIM27FEB25P2460,OPTSTK,69.5,144250,68.75,70.2,54750,250,500,GRASIM,2460.0,PE,27-FEB-2025
2025-02-03 13:18:56.951202,GRASIM27FEB25P2460,OPTSTK,69.5,144250,68.75,70.2,54750,250,500,GRASIM,2460.0,PE,27-FEB-2025
2025-02-03 13:19:03.489672,GRASIM27FEB25P2460,OPTSTK,69.5,144250,68.75,70.2,54750,250,500,GRASIM,2460.0,PE,27-FEB-2025
2025-02-03 13:19:09.942267,GRASIM27FEB25P2460,OPTSTK,69.5,144250,68.75,70.2,54750,250,500,GRASIM,2460.0,PE,27-FEB-2025
2025-02-03 13:19:16.323081,GRASIM27FEB25P2460,OPTSTK,69.5,144250,68.75,70.2,54750,250,500,GRASIM,2460.0,PE,27-FEB-2025
2025-02-03 13:19:22.741035,GRASIM27FEB25P2460,OPTSTK,69.5,144250,69.25,70.1,54750,250,250,GRASIM,2460.0,PE,27-FEB-2025
2025-02-03 13:19:29.070981,GRASIM27FEB25P2460,OPTSTK,69.5,144250,69.25,70.1,54750,250,250,GRASIM,2460.0,PE,27-FEB-2025
2025-02-03 13:19:35.456421,GRASIM27FEB25P2460,OPTSTK,69.5,144250,69.25,70.1,54750,250,250,GRASIM,2460.0,PE,27-FEB-2025
2025-02-03 13:19:42.188868,GRASIM27FEB25P2460,OPTSTK,69.5,144250,69.25,70.1,54750,250,250,GRASIM,2460.0,PE,27-FEB-2025
2025-02-03 13:19:48.724003,GRASIM27FEB25P2460,OPTSTK,69.5,144250,69.85,70.85,54750,250,250,GRASIM,2460.0,PE,27-FEB-2025
2025-02-03 13:19:55.083237,GRASIM27FEB25P2460,OPTSTK,69.5,144250,69.85,70.85,54750,250,250,GRASIM,2460.0,PE,27-FEB-2025
2025-02-03 13:20:01.518622,GRASIM27FEB25P2460,OPTSTK,69.5,144250,69.85,70.85,54750,250,250,GRASIM,2460.0,PE,27-FEB-2025
2025-02-03 13:20:07.924854,GRASIM27FEB25P2460,OPTSTK,69.5,144250,69.85,70.85,54750,250,250,GRASIM,2460.0,PE,27-FEB-2025
2025-02-03 13:20:14.281806,GRASIM27FEB25P2460,OPTSTK,69.5,144250,69.65,70.85,54750,250,500,GRASIM,2460.0,PE,27-FEB-2025
2025-02-03 13:20:20.721747,GRASIM27FEB25P2460,OPTSTK,69.5,144250,69.65,70.85,54750,250,500,GRASIM,2460.0,PE,27-FEB-2025
2025-02-03 13:20:27.127637,GRASIM27FEB25P2460,OPTSTK,69.5,144250,69.65,70.85,54750,250,500,GRASIM,2460.0,PE,27-FEB-2025
2025-02-03 13:20:33.692291,GRASIM27FEB25P2460,OPTSTK,69.5,144250,69.65,70.85,54750,250,500,GRASIM,2460.0,PE,27-FEB-2025
2025-02-03 13:20:40.066753,GRASIM27FEB25P2460,OPTSTK,69.5,144250,69.65,70.85,54750,250,500,GRASIM,2460.0,PE,27-FEB-2025
2025-02-03 13:20:46.297966,GRASIM27FEB25P2460,OPTSTK,69.5,144250,69.45,70.35,54750,500,250,GRASIM,2460.0,PE,27-FEB-2025
2025-02-03 13:20:52.523648,GRASIM27FEB25P2460,OPTSTK,69.5,144250,69.45,70.35,54750,500,250,GRASIM,2460.0,PE,27-FEB-2025
2025-02-03 13:20:58.935701,GRASIM27FEB25P2460,OPTSTK,69.5,144250,69.45,70.35,54750,500,250,GRASIM,2460.0,PE,27-FEB-2025
2025-02-03 13:21:05.269726,GRASIM27FEB25P2460,OPTSTK,69.5,144250,69.45,70.35,54750,500,250,GRASIM,2460.0,PE,27-FEB-2025
2025-02-03 13:21:11.578966,GRASIM27FEB25P2460,OPTSTK,69.5,144250,69.1,70.3,54750,250,250,GRASIM,2460.0,PE,27-FEB-2025
2025-02-03 13:21:17.965591,GRASIM27FEB25P2460,OPTSTK,69.5,144250,69.1,70.3,54750,250,250,GRASIM,2460.0,PE,27-FEB-2025
2025-02-03 13:21:24.369142,GRASIM27FEB25P2460,OPTSTK,69.5,144250,69.1,70.3,54750,250,250,GRASIM,2460.0,PE,27-FEB-2025
2025-02-03 13:21:30.767186,GRASIM27FEB25P2460,OPTSTK,69.5,144250,69.1,70.3,54750,250,250,GRASIM,2460.0,PE,27-FEB-2025
2025-02-03 13:21:37.194889,GRASIM27FEB25P2460,OPTSTK,69.5,144250,68.7,70.0,54750,250,250,GRASIM,2460.0,PE,27-FEB-2025
2025-02-03 13:21:45.611640,GRASIM27FEB25P2460,OPTSTK,69.5,144250,68.7,70.0,54750,250,250,GRASIM,2460.0,PE,27-FEB-2025
2025-02-03 13:21:53.409303,GRASIM27FEB25P2460,OPTSTK,69.5,144250,68.7,70.0,54750,250,250,GRASIM,2460.0,PE,27-FEB-2025
2025-02-03 13:22:00.596889,GRASIM27FEB25P2460,OPTSTK,69.5,144250,68.7,70.0,54750,250,250,GRASIM,2460.0,PE,27-FEB-2025
2025-02-03 13:22:06.963403,GRASIM27FEB25P2460,OPTSTK,69.5,144250,69.05,70.4,54750,250,250,GRASIM,2460.0,PE,27-FEB-2025
2025-02-03 13:22:13.247029,GRASIM27FEB25P2460,OPTSTK,69.5,144250,69.05,70.4,54750,250,250,GRASIM,2460.0,PE,27-FEB-2025
2025-02-03 13:22:19.515639,GRASIM27FEB25P2460,OPTSTK,69.5,144250,69.05,70.4,54750,250,250,GRASIM,2460.0,PE,27-FEB-2025
2025-02-03 13:22:26.114069,GRASIM27FEB25P2460,OPTSTK,69.5,144250,69.05,70.4,54750,250,250,GRASIM,2460.0,PE,27-FEB-2025
2025-02-03 13:22:34.816071,GRASIM27FEB25P2460,OPTSTK,69.5,144250,69.2,70.35,54750,250,250,GRASIM,2460.0,PE,27-FEB-2025
2025-02-03 13:22:42.011673,GRASIM27FEB25P2460,OPTSTK,69.5,144250,69.2,70.35,54750,250,250,GRASIM,2460.0,PE,27-FEB-2025
2025-02-03 13:22:50.413868,GRASIM27FEB25P2460,OPTSTK,69.5,144250,69.2,70.35,54750,250,250,GRASIM,2460.0,PE,27-FEB-2025
2025-02-03 13:22:58.795152,GRASIM27FEB25P2460,OPTSTK,69.5,144250,69.2,69.95,54750,250,500,GRASIM,2460.0,PE,27-FEB-2025
2025-02-03 13:23:06.166247,GRASIM27FEB25P2460,OPTSTK,69.5,144250,69.2,69.95,54750,250,500,GRASIM,2460.0,PE,27-FEB-2025
2025-02-03 13:23:13.435098,GRASIM27FEB25P2460,OPTSTK,69.5,144250,69.2,69.95,54750,250,500,GRASIM,2460.0,PE,27-FEB-2025
2025-02-03 13:23:19.737294,GRASIM27FEB25P2460,OPTSTK,69.5,144250,69.2,69.95,54750,250,500,GRASIM,2460.0,PE,27-FEB-2025
2025-02-03 13:23:26.037675,GRASIM27FEB25P2460,OPTSTK,69.5,144250,68.15,70.5,54750,250,250,GRASIM,2460.0,PE,27-FEB-2025
2025-02-03 13:23:32.450346,GRASIM27FEB25P2460,OPTSTK,69.5,144250,68.15,70.5,54750,250,250,GRASIM,2460.0,PE,27-FEB-2025
2025-02-03 13:23:38.745201,GRASIM27FEB25P2460,OPTSTK,69.5,144250,68.15,70.5,54750,250,250,GRASIM,2460.0,PE,27-FEB-2025
2025-02-03 13:23:45.011329,GRASIM27FEB25P2460,OPTSTK,69.5,144250,68.15,70.5,54750,250,250,GRASIM,2460.0,PE,27-FEB-2025
2025-02-03 13:23:51.329648,GRASIM27FEB25P2460,OPTSTK,69.5,144250,68.15,69.4,54750,250,500,GRASIM,2460.0,PE,27-FEB-2025
2025-02-03 13:23:57.715341,GRASIM27FEB25P2460,OPTSTK,69.5,144250,68.15,69.4,54750,250,500,GRASIM,2460.0,PE,27-FEB-2025
2025-02-03 13:24:03.991662,GRASIM27FEB25P2460,OPTSTK,69.5,144250,68.15,69.4,54750,250,500,GRASIM,2460.0,PE,27-FEB-2025
2025-02-03 13:24:10.444109,GRASIM27FEB25P2460,OPTSTK,69.5,144250,68.15,69.4,54750,250,500,GRASIM,2460.0,PE,27-FEB-2025
2025-02-03 13:24:16.883577,GRASIM27FEB25P2460,OPTSTK,69.5,144250,68.15,69.4,54750,250,500,GRASIM,2460.0,PE,27-FEB-2025
2025-02-03 13:24:23.272892,GRASIM27FEB25P2460,OPTSTK,69.5,144250,67.65,69.95,54750,250,250,GRASIM,2460.0,PE,27-FEB-2025
2025-02-03 13:24:29.606585,GRASIM27FEB25P2460,OPTSTK,69.5,144250,67.65,69.95,54750,250,250,GRASIM,2460.0,PE,27-FEB-2025
2025-02-03 13:24:36.071258,GRASIM27FEB25P2460,OPTSTK,69.5,144250,67.65,69.95,54750,250,250,GRASIM,2460.0,PE,27-FEB-2025
2025-02-03 13:24:42.465993,GRASIM27FEB25P2460,OPTSTK,69.5,144250,67.65,69.95,54750,250,250,GRASIM,2460.0,PE,27-FEB-2025
2025-02-03 13:24:48.880176,GRASIM27FEB25P2460,OPTSTK,69.5,144250,68.3,69.65,54750,250,250,GRASIM,2460.0,PE,27-FEB-2025
2025-02-03 13:24:55.232481,GRASIM27FEB25P2460,OPTSTK,69.5,144250,68.3,69.65,54750,250,250,GRASIM,2460.0,PE,27-FEB-2025
2025-02-03 13:25:01.620597,GRASIM27FEB25P2460,OPTSTK,69.5,144250,68.3,69.65,54750,250,250,GRASIM,2460.0,PE,27-FEB-2025
2025-02-03 13:25:08.045240,GRASIM27FEB25P2460,OPTSTK,69.5,144250,68.3,69.65,54750,250,250,GRASIM,2460.0,PE,27-FEB-2025
2025-02-03 13:25:14.511115,GRASIM27FEB25P2460,OPTSTK,69.5,144250,68.3,69.55,54750,250,250,GRASIM,2460.0,PE,27-FEB-2025
2025-02-03 13:25:20.936597,GRASIM27FEB25P2460,OPTSTK,69.5,144250,68.3,69.55,54750,250,250,GRASIM,2460.0,PE,27-FEB-2025
2025-02-03 13:25:27.235767,GRASIM27FEB25P2460,OPTSTK,69.5,144250,68.3,69.55,54750,250,250,GRASIM,2460.0,PE,27-FEB-2025
2025-02-03 13:25:33.955168,GRASIM27FEB25P2460,OPTSTK,69.5,144250,68.3,69.55,54750,250,250,GRASIM,2460.0,PE,27-FEB-2025
2025-02-03 13:25:40.226864,GRASIM27FEB25P2460,OPTSTK,69.5,144250,68.4,69.55,54750,250,500,GRASIM,2460.0,PE,27-FEB-2025
2025-02-03 13:25:46.674480,GRASIM27FEB25P2460,OPTSTK,69.5,144250,68.4,69.55,54750,250,500,GRASIM,2460.0,PE,27-FEB-2025
2025-02-03 13:25:53.103587,GRASIM27FEB25P2460,OPTSTK,69.5,144250,68.4,69.55,54750,250,500,GRASIM,2460.0,PE,27-FEB-2025
2025-02-03 13:25:59.481253,GRASIM27FEB25P2460,OPTSTK,69.5,144250,68.4,69.55,54750,250,500,GRASIM,2460.0,PE,27-FEB-2025
2025-02-03 13:26:05.887218,GRASIM27FEB25P2460,OPTSTK,69.5,144250,68.5,69.7,54750,250,250,GRASIM,2460.0,PE,27-FEB-2025
2025-02-03 13:26:12.232531,GRASIM27FEB25P2460,OPTSTK,69.5,144250,68.5,69.7,54750,250,250,GRASIM,2460.0,PE,27-FEB-2025
2025-02-03 13:26:18.602633,GRASIM27FEB25P2460,OPTSTK,69.5,144250,68.5,69.7,54750,250,250,GRASIM,2460.0,PE,27-FEB-2025
2025-02-03 13:26:24.907325,GRASIM27FEB25P2460,OPTSTK,69.5,144250,68.5,69.7,54750,250,250,GRASIM,2460.0,PE,27-FEB-2025
2025-02-03 13:26:31.279470,GRASIM27FEB25P2460,OPTSTK,69.5,144250,68.2,69.6,54750,250,250,GRASIM,2460.0,PE,27-FEB-2025
2025-02-03 13:26:37.643416,GRASIM27FEB25P2460,OPTSTK,69.45,144250,68.2,69.6,54500,250,250,GRASIM,2460.0,PE,27-FEB-2025
2025-02-03 13:26:43.905396,GRASIM27FEB25P2460,OPTSTK,69.45,144250,68.2,69.6,54500,250,250,GRASIM,2460.0,PE,27-FEB-2025
2025-02-03 13:26:50.448558,GRASIM27FEB25P2460,OPTSTK,69.45,144250,68.2,69.6,54500,250,250,GRASIM,2460.0,PE,27-FEB-2025
2025-02-03 13:26:56.759444,GRASIM27FEB25P2460,OPTSTK,69.45,144500,68.55,69.45,54500,500,500,GRASIM,2460.0,PE,27-FEB-2025
2025-02-03 13:27:03.205867,GRASIM27FEB25P2460,OPTSTK,69.45,144500,68.55,69.45,54500,500,500,GRASIM,2460.0,PE,27-FEB-2025
2025-02-03 13:27:09.608901,GRASIM27FEB25P2460,OPTSTK,69.45,144500,68.55,69.45,54500,500,500,GRASIM,2460.0,PE,27-FEB-2025
2025-02-03 13:27:15.992246,GRASIM27FEB25P2460,OPTSTK,68.75,144500,68.55,69.45,54500,500,500,GRASIM,2460.0,PE,27-FEB-2025
2025-02-03 13:27:22.241878,GRASIM27FEB25P2460,OPTSTK,68.75,144500,68.55,69.45,54500,500,500,GRASIM,2460.0,PE,27-FEB-2025
2025-02-03 13:27:28.578825,GRASIM27FEB25P2460,OPTSTK,68.75,145000,69.1,70.15,54500,250,250,GRASIM,2460.0,PE,27-FEB-2025
2025-02-03 13:27:34.895150,GRASIM27FEB25P2460,OPTSTK,68.75,145000,69.1,70.15,54500,250,250,GRASIM,2460.0,PE,27-FEB-2025
2025-02-03 13:27:41.179431,GRASIM27FEB25P2460,OPTSTK,68.75,145000,69.1,70.15,54500,250,250,GRASIM,2460.0,PE,27-FEB-2025
2025-02-03 13:27:47.484989,GRASIM27FEB25P2460,OPTSTK,68.75,145000,69.1,70.15,54500,250,250,GRASIM,2460.0,PE,27-FEB-2025
2025-02-03 13:27:53.827029,GRASIM27FEB25P2460,OPTSTK,68.75,145000,69.75,70.7,54500,250,250,GRASIM,2460.0,PE,27-FEB-2025
2025-02-03 13:28:00.246651,GRASIM27FEB25P2460,OPTSTK,68.75,145000,69.75,70.7,54500,250,250,GRASIM,2460.0,PE,27-FEB-2025
2025-02-03 13:28:06.657008,GRASIM27FEB25P2460,OPTSTK,68.75,145000,69.75,70.7,54500,250,250,GRASIM,2460.0,PE,27-FEB-2025
2025-02-03 13:28:12.926536,GRASIM27FEB25P2460,OPTSTK,68.75,145000,69.75,70.7,54500,250,250,GRASIM,2460.0,PE,27-FEB-2025
2025-02-03 13:28:19.215588,GRASIM27FEB25P2460,OPTSTK,68.75,145000,70.0,70.8,54500,250,250,GRASIM,2460.0,PE,27-FEB-2025
2025-02-03 13:28:25.477776,GRASIM27FEB25P2460,OPTSTK,68.75,145000,70.0,70.8,54500,250,250,GRASIM,2460.0,PE,27-FEB-2025
2025-02-03 13:28:31.959401,GRASIM27FEB25P2460,OPTSTK,68.75,145000,70.0,70.8,54500,250,250,GRASIM,2460.0,PE,27-FEB-2025
2025-02-03 13:28:38.379396,GRASIM27FEB25P2460,OPTSTK,68.75,145000,70.0,70.8,54500,250,250,GRASIM,2460.0,PE,27-FEB-2025
2025-02-03 13:28:44.649387,GRASIM27FEB25P2460,OPTSTK,68.75,145000,70.0,70.8,54500,250,250,GRASIM,2460.0,PE,27-FEB-2025
2025-02-03 13:28:51.137134,GRASIM27FEB25P2460,OPTSTK,68.75,145000,69.95,70.95,54500,250,500,GRASIM,2460.0,PE,27-FEB-2025
2025-02-03 13:28:57.390700,GRASIM27FEB25P2460,OPTSTK,68.75,145000,69.95,70.95,54500,250,500,GRASIM,2460.0,PE,27-FEB-2025
2025-02-03 13:29:03.739733,GRASIM27FEB25P2460,OPTSTK,68.75,145000,69.95,70.95,54500,250,500,GRASIM,2460.0,PE,27-FEB-2025
2025-02-03 13:29:10.166623,GRASIM27FEB25P2460,OPTSTK,68.75,145000,69.95,70.95,54500,250,500,GRASIM,2460.0,PE,27-FEB-2025
2025-02-03 13:29:16.430368,GRASIM27FEB25P2460,OPTSTK,68.75,145000,70.1,70.85,54500,250,250,GRASIM,2460.0,PE,27-FEB-2025
2025-02-03 13:29:22.797471,GRASIM27FEB25P2460,OPTSTK,68.75,145000,70.1,70.85,54500,250,250,GRASIM,2460.0,PE,27-FEB-2025
2025-02-03 13:29:29.132470,GRASIM27FEB25P2460,OPTSTK,68.75,145000,70.1,70.85,54500,250,250,GRASIM,2460.0,PE,27-FEB-2025
2025-02-03 13:29:35.501497,GRASIM27FEB25P2460,OPTSTK,68.75,145000,70.1,70.85,54500,250,250,GRASIM,2460.0,PE,27-FEB-2025
2025-02-03 13:29:42.049420,GRASIM27FEB25P2460,OPTSTK,68.75,145000,70.1,70.85,54500,250,250,GRASIM,2460.0,PE,27-FEB-2025
2025-02-03 13:29:48.405768,GRASIM27FEB25P2460,OPTSTK,68.75,145000,69.9,70.95,54500,250,250,GRASIM,2460.0,PE,27-FEB-2025
2025-02-03 13:29:55.216080,GRASIM27FEB25P2460,OPTSTK,68.75,145000,69.9,70.95,54500,250,250,GRASIM,2460.0,PE,27-FEB-2025
2025-02-03 13:30:01.849137,GRASIM27FEB25P2460,OPTSTK,68.75,145000,69.9,70.95,54500,250,250,GRASIM,2460.0,PE,27-FEB-2025
2025-02-03 13:30:08.522307,GRASIM27FEB25P2460,OPTSTK,68.75,145000,69.9,70.95,54500,250,250,GRASIM,2460.0,PE,27-FEB-2025
2025-02-03 13:30:14.949345,GRASIM27FEB25P2460,OPTSTK,68.75,145000,70.2,70.95,54500,250,250,GRASIM,2460.0,PE,27-FEB-2025
2025-02-03 13:30:21.328275,GRASIM27FEB25P2460,OPTSTK,68.75,145000,70.2,70.95,54500,250,250,GRASIM,2460.0,PE,27-FEB-2025
2025-02-03 13:30:27.677861,GRASIM27FEB25P2460,OPTSTK,68.75,145000,70.2,70.95,54500,250,250,GRASIM,2460.0,PE,27-FEB-2025
2025-02-03 13:30:33.937628,GRASIM27FEB25P2460,OPTSTK,68.75,145000,70.2,70.95,54500,250,250,GRASIM,2460.0,PE,27-FEB-2025
2025-02-03 13:30:40.456545,GRASIM27FEB25P2460,OPTSTK,68.75,145000,69.7,70.75,54500,250,750,GRASIM,2460.0,PE,27-FEB-2025
2025-02-03 13:30:46.744297,GRASIM27FEB25P2460,OPTSTK,68.75,145000,69.7,70.75,54500,250,750,GRASIM,2460.0,PE,27-FEB-2025
2025-02-03 13:30:53.227541,GRASIM27FEB25P2460,OPTSTK,68.75,145000,69.7,70.75,54500,250,750,GRASIM,2460.0,PE,27-FEB-2025
2025-02-03 13:30:59.570261,GRASIM27FEB25P2460,OPTSTK,68.75,145000,69.7,70.75,54500,250,750,GRASIM,2460.0,PE,27-FEB-2025
2025-02-03 13:31:05.938707,GRASIM27FEB25P2460,OPTSTK,71.0,145000,70.05,71.0,54000,250,500,GRASIM,2460.0,PE,27-FEB-2025
2025-02-03 13:31:12.427546,GRASIM27FEB25P2460,OPTSTK,71.0,145000,70.05,71.0,54000,250,500,GRASIM,2460.0,PE,27-FEB-2025
2025-02-03 13:31:18.754869,GRASIM27FEB25P2460,OPTSTK,71.0,145000,70.05,71.0,54000,250,500,GRASIM,2460.0,PE,27-FEB-2025
2025-02-03 13:31:25.398575,GRASIM27FEB25P2460,OPTSTK,71.0,145000,70.05,71.0,54000,250,500,GRASIM,2460.0,PE,27-FEB-2025
2025-02-03 13:31:31.850946,GRASIM27FEB25P2460,OPTSTK,71.0,145000,70.05,71.0,54000,250,500,GRASIM,2460.0,PE,27-FEB-2025
2025-02-03 13:31:38.170677,GRASIM27FEB25P2460,OPTSTK,71.0,145500,70.45,71.1,54000,250,250,GRASIM,2460.0,PE,27-FEB-2025
2025-02-03 13:31:44.533036,GRASIM27FEB25P2460,OPTSTK,71.0,145500,70.45,71.1,54000,250,250,GRASIM,2460.0,PE,27-FEB-2025
2025-02-03 13:31:50.661512,GRASIM27FEB25P2460,OPTSTK,71.0,145500,70.45,71.1,54000,250,250,GRASIM,2460.0,PE,27-FEB-2025
2025-02-03 13:31:56.975323,GRASIM27FEB25P2460,OPTSTK,71.0,145500,70.45,71.1,54000,250,250,GRASIM,2460.0,PE,27-FEB-2025
2025-02-03 13:32:03.433601,GRASIM27FEB25P2460,OPTSTK,71.0,145500,70.05,71.0,54000,250,250,GRASIM,2460.0,PE,27-FEB-2025
2025-02-03 13:32:09.815768,GRASIM27FEB25P2460,OPTSTK,71.0,145500,70.05,71.0,54000,250,250,GRASIM,2460.0,PE,27-FEB-2025
2025-02-03 13:32:16.195632,GRASIM27FEB25P2460,OPTSTK,71.0,145500,70.05,71.0,54000,250,250,GRASIM,2460.0,PE,27-FEB-2025
2025-02-03 13:32:22.525494,GRASIM27FEB25P2460,OPTSTK,71.0,145500,70.05,71.0,54000,250,250,GRASIM,2460.0,PE,27-FEB-2025
2025-02-03 13:32:28.802589,GRASIM27FEB25P2460,OPTSTK,71.0,145500,69.9,70.9,54000,250,250,GRASIM,2460.0,PE,27-FEB-2025
2025-02-03 13:32:35.031458,GRASIM27FEB25P2460,OPTSTK,71.0,145500,69.9,70.9,54000,250,250,GRASIM,2460.0,PE,27-FEB-2025
2025-02-03 13:32:41.362662,GRASIM27FEB25P2460,OPTSTK,71.0,145500,69.9,70.9,54000,250,250,GRASIM,2460.0,PE,27-FEB-2025
2025-02-03 13:32:47.735677,GRASIM27FEB25P2460,OPTSTK,71.0,145500,69.9,70.9,54000,250,250,GRASIM,2460.0,PE,27-FEB-2025
2025-02-03 13:32:54.066884,GRASIM27FEB25P2460,OPTSTK,71.0,145500,70.2,71.2,54000,250,500,GRASIM,2460.0,PE,27-FEB-2025
2025-02-03 13:33:00.476345,GRASIM27FEB25P2460,OPTSTK,71.0,145500,70.2,71.2,54000,250,500,GRASIM,2460.0,PE,27-FEB-2025
2025-02-03 13:33:06.737518,GRASIM27FEB25P2460,OPTSTK,71.0,145500,70.2,71.2,54000,250,500,GRASIM,2460.0,PE,27-FEB-2025
2025-02-03 13:33:13.098293,GRASIM27FEB25P2460,OPTSTK,71.0,145500,70.2,71.2,54000,250,500,GRASIM,2460.0,PE,27-FEB-2025
2025-02-03 13:33:19.280985,GRASIM27FEB25P2460,OPTSTK,71.0,145500,70.55,71.7,54000,250,250,GRASIM,2460.0,PE,27-FEB-2025
2025-02-03 13:33:25.696656,GRASIM27FEB25P2460,OPTSTK,71.0,145500,70.55,71.7,54000,250,250,GRASIM,2460.0,PE,27-FEB-2025
2025-02-03 13:33:32.027087,GRASIM27FEB25P2460,OPTSTK,71.0,145500,70.55,71.7,54000,250,250,GRASIM,2460.0,PE,27-FEB-2025
2025-02-03 13:33:38.447995,GRASIM27FEB25P2460,OPTSTK,71.0,145500,70.55,71.7,54000,250,250,GRASIM,2460.0,PE,27-FEB-2025
2025-02-03 13:33:44.699612,GRASIM27FEB25P2460,OPTSTK,71.0,145500,69.6,71.0,54000,250,250,GRASIM,2460.0,PE,27-FEB-2025
2025-02-03 13:33:51.137495,GRASIM27FEB25P2460,OPTSTK,71.0,145500,69.6,71.0,54000,250,250,GRASIM,2460.0,PE,27-FEB-2025
2025-02-03 13:33:57.577585,GRASIM27FEB25P2460,OPTSTK,71.0,145500,69.6,71.0,54000,250,250,GRASIM,2460.0,PE,27-FEB-2025
2025-02-03 13:34:03.879203,GRASIM27FEB25P2460,OPTSTK,71.0,145500,69.6,71.0,54000,250,250,GRASIM,2460.0,PE,27-FEB-2025
2025-02-03 13:34:10.400728,GRASIM27FEB25P2460,OPTSTK,71.0,145500,70.2,71.4,54000,500,500,GRASIM,2460.0,PE,27-FEB-2025
2025-02-03 13:34:17.179686,GRASIM27FEB25P2460,OPTSTK,71.0,145500,70.2,71.4,54000,500,500,GRASIM,2460.0,PE,27-FEB-2025
2025-02-03 13:34:23.565431,GRASIM27FEB25P2460,OPTSTK,71.0,145500,70.2,71.4,54000,500,500,GRASIM,2460.0,PE,27-FEB-2025
2025-02-03 13:34:30.026211,GRASIM27FEB25P2460,OPTSTK,71.0,145500,70.2,71.4,54000,500,500,GRASIM,2460.0,PE,27-FEB-2025
2025-02-03 13:34:36.769623,GRASIM27FEB25P2460,OPTSTK,71.0,145500,69.55,70.5,54000,250,250,GRASIM,2460.0,PE,27-FEB-2025
2025-02-03 13:34:43.329271,GRASIM27FEB25P2460,OPTSTK,71.0,145500,69.55,70.5,54000,250,250,GRASIM,2460.0,PE,27-FEB-2025
2025-02-03 13:34:49.622739,GRASIM27FEB25P2460,OPTSTK,71.0,145500,69.55,70.5,54000,250,250,GRASIM,2460.0,PE,27-FEB-2025
2025-02-03 13:34:56.069824,GRASIM27FEB25P2460,OPTSTK,71.0,145500,69.55,70.5,54000,250,250,GRASIM,2460.0,PE,27-FEB-2025
2025-02-03 13:35:02.538746,GRASIM27FEB25P2460,OPTSTK,71.0,145500,69.55,70.5,54000,250,250,GRASIM,2460.0,PE,27-FEB-2025
2025-02-03 13:35:08.860746,GRASIM27FEB25P2460,OPTSTK,71.0,145500,69.55,70.5,54000,250,250,GRASIM,2460.0,PE,27-FEB-2025
2025-02-03 13:35:15.247464,GRASIM27FEB25P2460,OPTSTK,71.0,145500,69.55,70.5,54000,250,250,GRASIM,2460.0,PE,27-FEB-2025
2025-02-03 13:35:21.700431,GRASIM27FEB25P2460,OPTSTK,71.0,145500,69.55,70.5,54000,250,250,GRASIM,2460.0,PE,27-FEB-2025
2025-02-03 13:35:28.051769,GRASIM27FEB25P2460,OPTSTK,71.0,145500,69.25,70.2,54000,250,250,GRASIM,2460.0,PE,27-FEB-2025
2025-02-03 13:35:34.355864,GRASIM27FEB25P2460,OPTSTK,71.0,145500,69.25,70.2,54000,250,250,GRASIM,2460.0,PE,27-FEB-2025
2025-02-03 13:35:40.632978,GRASIM27FEB25P2460,OPTSTK,71.0,145500,69.25,70.2,54000,250,250,GRASIM,2460.0,PE,27-FEB-2025
2025-02-03 13:35:47.053947,GRASIM27FEB25P2460,OPTSTK,71.0,145500,69.25,70.2,54000,250,250,GRASIM,2460.0,PE,27-FEB-2025
2025-02-03 13:35:53.409147,GRASIM27FEB25P2460,OPTSTK,71.0,145500,69.25,70.3,54000,250,250,GRASIM,2460.0,PE,27-FEB-2025
2025-02-03 13:35:59.713466,GRASIM27FEB25P2460,OPTSTK,71.0,145500,69.25,70.3,54000,250,250,GRASIM,2460.0,PE,27-FEB-2025
2025-02-03 13:36:06.069166,GRASIM27FEB25P2460,OPTSTK,71.0,145500,69.25,70.3,54000,250,250,GRASIM,2460.0,PE,27-FEB-2025
2025-02-03 13:36:12.482074,GRASIM27FEB25P2460,OPTSTK,71.0,145500,69.25,70.3,54000,250,250,GRASIM,2460.0,PE,27-FEB-2025
2025-02-03 13:36:18.926472,GRASIM27FEB25P2460,OPTSTK,71.0,145500,69.1,69.9,54000,1500,250,GRASIM,2460.0,PE,27-FEB-2025
2025-02-03 13:36:25.244098,GRASIM27FEB25P2460,OPTSTK,69.1,145500,69.1,69.9,54000,1500,250,GRASIM,2460.0,PE,27-FEB-2025
2025-02-03 13:36:31.641257,GRASIM27FEB25P2460,OPTSTK,69.1,145500,69.1,69.9,54000,1500,250,GRASIM,2460.0,PE,27-FEB-2025
2025-02-03 13:36:37.993028,GRASIM27FEB25P2460,OPTSTK,69.1,145500,69.1,69.9,54000,1500,250,GRASIM,2460.0,PE,27-FEB-2025
2025-02-03 13:36:44.299454,GRASIM27FEB25P2460,OPTSTK,69.1,145500,69.1,69.9,54000,1500,250,GRASIM,2460.0,PE,27-FEB-2025
2025-02-03 13:36:50.650866,GRASIM27FEB25P2460,OPTSTK,69.1,147000,68.3,69.2,54000,500,500,GRASIM,2460.0,PE,27-FEB-2025
2025-02-03 13:36:56.869086,GRASIM27FEB25P2460,OPTSTK,69.1,147000,68.3,69.2,54000,500,500,GRASIM,2460.0,PE,27-FEB-2025
2025-02-03 13:37:03.290320,GRASIM27FEB25P2460,OPTSTK,69.1,147000,68.3,69.2,54000,500,500,GRASIM,2460.0,PE,27-FEB-2025
2025-02-03 13:37:09.572748,GRASIM27FEB25P2460,OPTSTK,69.1,147000,68.3,69.2,54000,500,500,GRASIM,2460.0,PE,27-FEB-2025
2025-02-03 13:37:15.849105,GRASIM27FEB25P2460,OPTSTK,69.1,147000,68.0,68.95,54000,250,500,GRASIM,2460.0,PE,27-FEB-2025
2025-02-03 13:37:22.269099,GRASIM27FEB25P2460,OPTSTK,69.1,147000,68.0,68.95,54000,250,500,GRASIM,2460.0,PE,27-FEB-2025
2025-02-03 13:37:28.508410,GRASIM27FEB25P2460,OPTSTK,69.1,147000,68.0,68.95,54000,250,500,GRASIM,2460.0,PE,27-FEB-2025
2025-02-03 13:37:34.739856,GRASIM27FEB25P2460,OPTSTK,69.1,147000,68.0,68.95,54000,250,500,GRASIM,2460.0,PE,27-FEB-2025
2025-02-03 13:37:41.022193,GRASIM27FEB25P2460,OPTSTK,69.1,147000,68.4,69.1,54000,250,250,GRASIM,2460.0,PE,27-FEB-2025
2025-02-03 13:37:47.293923,GRASIM27FEB25P2460,OPTSTK,69.1,147000,68.4,69.1,54000,250,250,GRASIM,2460.0,PE,27-FEB-2025
2025-02-03 13:37:53.702605,GRASIM27FEB25P2460,OPTSTK,69.1,147000,68.4,69.1,54000,250,250,GRASIM,2460.0,PE,27-FEB-2025
2025-02-03 13:38:00.082619,GRASIM27FEB25P2460,OPTSTK,69.1,147000,68.4,69.1,54000,250,250,GRASIM,2460.0,PE,27-FEB-2025
2025-02-03 13:38:06.423651,GRASIM27FEB25P2460,OPTSTK,69.1,147000,68.4,69.1,54000,250,250,GRASIM,2460.0,PE,27-FEB-2025
2025-02-03 13:38:12.871353,GRASIM27FEB25P2460,OPTSTK,69.1,147000,68.55,69.2,54000,500,250,GRASIM,2460.0,PE,27-FEB-2025
2025-02-03 13:38:19.139078,GRASIM27FEB25P2460,OPTSTK,69.1,147000,68.55,69.2,54000,500,250,GRASIM,2460.0,PE,27-FEB-2025
2025-02-03 13:38:25.385056,GRASIM27FEB25P2460,OPTSTK,69.1,147000,68.55,69.2,54000,500,250,GRASIM,2460.0,PE,27-FEB-2025
2025-02-03 13:38:31.869549,GRASIM27FEB25P2460,OPTSTK,69.1,147000,68.55,69.2,54000,500,250,GRASIM,2460.0,PE,27-FEB-2025
2025-02-03 13:38:38.246110,GRASIM27FEB25P2460,OPTSTK,69.1,147000,68.9,69.85,54000,250,250,GRASIM,2460.0,PE,27-FEB-2025
2025-02-03 13:38:44.616826,GRASIM27FEB25P2460,OPTSTK,69.1,147000,68.9,69.85,54000,250,250,GRASIM,2460.0,PE,27-FEB-2025
2025-02-03 13:38:50.965497,GRASIM27FEB25P2460,OPTSTK,69.1,147000,68.9,69.85,54000,250,250,GRASIM,2460.0,PE,27-FEB-2025
2025-02-03 13:38:57.374829,GRASIM27FEB25P2460,OPTSTK,69.1,147000,68.9,69.85,54000,250,250,GRASIM,2460.0,PE,27-FEB-2025
2025-02-03 13:39:03.749054,GRASIM27FEB25P2460,OPTSTK,69.1,147000,68.85,69.85,54000,500,250,GRASIM,2460.0,PE,27-FEB-2025
2025-02-03 13:39:10.287048,GRASIM27FEB25P2460,OPTSTK,69.1,147000,68.85,69.85,54000,500,250,GRASIM,2460.0,PE,27-FEB-2025
2025-02-03 13:39:16.663125,GRASIM27FEB25P2460,OPTSTK,69.1,147000,68.85,69.85,54000,500,250,GRASIM,2460.0,PE,27-FEB-2025
2025-02-03 13:39:23.190593,GRASIM27FEB25P2460,OPTSTK,69.1,147000,68.85,69.85,54000,500,250,GRASIM,2460.0,PE,27-FEB-2025
2025-02-03 13:39:29.579070,GRASIM27FEB25P2460,OPTSTK,69.1,147000,68.2,69.7,54000,250,250,GRASIM,2460.0,PE,27-FEB-2025
2025-02-03 13:39:35.742607,GRASIM27FEB25P2460,OPTSTK,69.1,147000,68.2,69.7,54000,250,250,GRASIM,2460.0,PE,27-FEB-2025
2025-02-03 13:39:41.914067,GRASIM27FEB25P2460,OPTSTK,69.1,147000,68.2,69.7,54000,250,250,GRASIM,2460.0,PE,27-FEB-2025
2025-02-03 13:39:48.261605,GRASIM27FEB25P2460,OPTSTK,69.1,147000,68.2,69.7,54000,250,250,GRASIM,2460.0,PE,27-FEB-2025
2025-02-03 13:39:54.583904,GRASIM27FEB25P2460,OPTSTK,69.1,147000,68.5,69.45,54000,500,250,GRASIM,2460.0,PE,27-FEB-2025
2025-02-03 13:40:00.908780,GRASIM27FEB25P2460,OPTSTK,69.1,147000,68.5,69.45,54000,500,250,GRASIM,2460.0,PE,27-FEB-2025
2025-02-03 13:40:07.244180,GRASIM27FEB25P2460,OPTSTK,69.1,147000,68.5,69.45,54000,500,250,GRASIM,2460.0,PE,27-FEB-2025
2025-02-03 13:40:13.620991,GRASIM27FEB25P2460,OPTSTK,68.55,147000,68.5,69.45,54000,500,250,GRASIM,2460.0,PE,27-FEB-2025
2025-02-03 13:40:22.978843,GRASIM27FEB25P2460,OPTSTK,68.55,147250,68.2,68.75,54000,250,250,GRASIM,2460.0,PE,27-FEB-2025
2025-02-03 13:40:30.999431,GRASIM27FEB25P2460,OPTSTK,68.55,147250,68.2,68.75,54000,250,250,GRASIM,2460.0,PE,27-FEB-2025
2025-02-03 13:40:37.608657,GRASIM27FEB25P2460,OPTSTK,68.55,147250,68.2,68.75,54000,250,250,GRASIM,2460.0,PE,27-FEB-2025
2025-02-03 13:40:44.003231,GRASIM27FEB25P2460,OPTSTK,68.55,147250,68.2,68.75,54000,250,250,GRASIM,2460.0,PE,27-FEB-2025
2025-02-03 13:40:50.527353,GRASIM27FEB25P2460,OPTSTK,68.55,147250,67.95,68.55,54000,250,250,GRASIM,2460.0,PE,27-FEB-2025
2025-02-03 13:40:56.827175,GRASIM27FEB25P2460,OPTSTK,68.55,147250,67.95,68.55,54000,250,250,GRASIM,2460.0,PE,27-FEB-2025
2025-02-03 13:41:03.280140,GRASIM27FEB25P2460,OPTSTK,68.55,147250,67.95,68.55,54000,250,250,GRASIM,2460.0,PE,27-FEB-2025
2025-02-03 13:41:09.791663,GRASIM27FEB25P2460,OPTSTK,68.55,147250,67.95,68.55,54000,250,250,GRASIM,2460.0,PE,27-FEB-2025
2025-02-03 13:41:16.361517,GRASIM27FEB25P2460,OPTSTK,68.55,147250,67.45,68.9,54000,250,250,GRASIM,2460.0,PE,27-FEB-2025
2025-02-03 13:41:22.728350,GRASIM27FEB25P2460,OPTSTK,68.55,147250,67.45,68.9,54000,250,250,GRASIM,2460.0,PE,27-FEB-2025
2025-02-03 13:41:29.129600,GRASIM27FEB25P2460,OPTSTK,68.55,147250,67.45,68.9,54000,250,250,GRASIM,2460.0,PE,27-FEB-2025
2025-02-03 13:41:35.774764,GRASIM27FEB25P2460,OPTSTK,68.55,147250,67.45,68.9,54000,250,250,GRASIM,2460.0,PE,27-FEB-2025
2025-02-03 13:41:42.260726,GRASIM27FEB25P2460,OPTSTK,68.55,147250,67.8,68.75,54000,250,250,GRASIM,2460.0,PE,27-FEB-2025
2025-02-03 13:41:48.694064,GRASIM27FEB25P2460,OPTSTK,68.55,147250,67.8,68.75,54000,250,250,GRASIM,2460.0,PE,27-FEB-2025
2025-02-03 13:41:55.134784,GRASIM27FEB25P2460,OPTSTK,68.55,147250,67.8,68.75,54000,250,250,GRASIM,2460.0,PE,27-FEB-2025
2025-02-03 13:42:01.706268,GRASIM27FEB25P2460,OPTSTK,68.55,147250,67.8,68.75,54000,250,250,GRASIM,2460.0,PE,27-FEB-2025
2025-02-03 13:42:08.135313,GRASIM27FEB25P2460,OPTSTK,68.55,147250,67.55,68.85,54000,250,500,GRASIM,2460.0,PE,27-FEB-2025
2025-02-03 13:42:14.631053,GRASIM27FEB25P2460,OPTSTK,68.55,147250,67.55,68.85,54000,250,500,GRASIM,2460.0,PE,27-FEB-2025
2025-02-03 13:42:20.950351,GRASIM27FEB25P2460,OPTSTK,68.55,147250,67.55,68.85,54000,250,500,GRASIM,2460.0,PE,27-FEB-2025
2025-02-03 13:42:27.527588,GRASIM27FEB25P2460,OPTSTK,68.55,147250,67.55,68.85,54000,250,500,GRASIM,2460.0,PE,27-FEB-2025
2025-02-03 13:42:34.313046,GRASIM27FEB25P2460,OPTSTK,68.55,147250,67.5,68.5,54000,250,250,GRASIM,2460.0,PE,27-FEB-2025
2025-02-03 13:42:40.849557,GRASIM27FEB25P2460,OPTSTK,68.55,147250,67.5,68.5,54000,250,250,GRASIM,2460.0,PE,27-FEB-2025
2025-02-03 13:42:47.516875,GRASIM27FEB25P2460,OPTSTK,68.55,147250,67.5,68.5,54000,250,250,GRASIM,2460.0,PE,27-FEB-2025
2025-02-03 13:42:53.957091,GRASIM27FEB25P2460,OPTSTK,68.55,147250,67.5,68.5,54000,250,250,GRASIM,2460.0,PE,27-FEB-2025
2025-02-03 13:43:00.371546,GRASIM27FEB25P2460,OPTSTK,68.55,147250,67.7,69.45,54000,250,250,GRASIM,2460.0,PE,27-FEB-2025
2025-02-03 13:43:06.802858,GRASIM27FEB25P2460,OPTSTK,68.55,147250,67.7,69.45,54000,250,250,GRASIM,2460.0,PE,27-FEB-2025
2025-02-03 13:43:13.141390,GRASIM27FEB25P2460,OPTSTK,68.55,147250,67.7,69.45,54000,250,250,GRASIM,2460.0,PE,27-FEB-2025
2025-02-03 13:43:19.738011,GRASIM27FEB25P2460,OPTSTK,68.55,147250,67.7,69.45,54000,250,250,GRASIM,2460.0,PE,27-FEB-2025
2025-02-03 13:43:26.112298,GRASIM27FEB25P2460,OPTSTK,68.55,147250,67.45,68.55,54000,250,250,GRASIM,2460.0,PE,27-FEB-2025
2025-02-03 13:43:32.570289,GRASIM27FEB25P2460,OPTSTK,68.55,147250,67.45,68.55,54000,250,250,GRASIM,2460.0,PE,27-FEB-2025
2025-02-03 13:43:39.042248,GRASIM27FEB25P2460,OPTSTK,68.55,147250,67.45,68.55,54000,250,250,GRASIM,2460.0,PE,27-FEB-2025
2025-02-03 13:43:45.673878,GRASIM27FEB25P2460,OPTSTK,68.55,147250,67.45,68.55,54000,250,250,GRASIM,2460.0,PE,27-FEB-2025
2025-02-03 13:43:52.046364,GRASIM27FEB25P2460,OPTSTK,68.55,147250,67.95,69.0,54000,250,250,GRASIM,2460.0,PE,27-FEB-2025
2025-02-03 13:43:58.664684,GRASIM27FEB25P2460,OPTSTK,68.55,147250,67.95,69.0,54000,250,250,GRASIM,2460.0,PE,27-FEB-2025
2025-02-03 13:44:05.106813,GRASIM27FEB25P2460,OPTSTK,68.55,147250,67.95,69.0,54000,250,250,GRASIM,2460.0,PE,27-FEB-2025
2025-02-03 13:44:11.514649,GRASIM27FEB25P2460,OPTSTK,68.55,147250,67.95,69.0,54000,250,250,GRASIM,2460.0,PE,27-FEB-2025
2025-02-03 13:44:17.858176,GRASIM27FEB25P2460,OPTSTK,68.55,147250,67.55,69.15,54000,250,250,GRASIM,2460.0,PE,27-FEB-2025
2025-02-03 13:44:24.216071,GRASIM27FEB25P2460,OPTSTK,68.55,147250,67.55,69.15,54000,250,250,GRASIM,2460.0,PE,27-FEB-2025
2025-02-03 13:44:30.590624,GRASIM27FEB25P2460,OPTSTK,68.55,147250,67.55,69.15,54000,250,250,GRASIM,2460.0,PE,27-FEB-2025
2025-02-03 13:44:37.003797,GRASIM27FEB25P2460,OPTSTK,68.55,147250,67.55,69.15,54000,250,250,GRASIM,2460.0,PE,27-FEB-2025
2025-02-03 13:44:43.690580,GRASIM27FEB25P2460,OPTSTK,68.55,147250,67.4,68.45,54000,500,250,GRASIM,2460.0,PE,27-FEB-2025
2025-02-03 13:44:50.570522,GRASIM27FEB25P2460,OPTSTK,68.55,147250,67.4,68.45,54000,500,250,GRASIM,2460.0,PE,27-FEB-2025
2025-02-03 13:44:56.863615,GRASIM27FEB25P2460,OPTSTK,68.55,147250,67.4,68.45,54000,500,250,GRASIM,2460.0,PE,27-FEB-2025
2025-02-03 13:45:03.512921,GRASIM27FEB25P2460,OPTSTK,68.55,147250,67.4,68.45,54000,500,250,GRASIM,2460.0,PE,27-FEB-2025
2025-02-03 13:45:09.969216,GRASIM27FEB25P2460,OPTSTK,68.55,147250,67.5,68.65,54000,250,250,GRASIM,2460.0,PE,27-FEB-2025
2025-02-03 13:45:17.931817,GRASIM27FEB25P2460,OPTSTK,68.55,147250,67.5,68.65,54000,250,250,GRASIM,2460.0,PE,27-FEB-2025
2025-02-03 13:45:24.236705,GRASIM27FEB25P2460,OPTSTK,68.55,147250,67.5,68.65,54000,250,250,GRASIM,2460.0,PE,27-FEB-2025
2025-02-03 13:45:30.698340,GRASIM27FEB25P2460,OPTSTK,68.55,147250,67.5,68.65,54000,250,250,GRASIM,2460.0,PE,27-FEB-2025
2025-02-03 13:45:37.168483,GRASIM27FEB25P2460,OPTSTK,68.55,147250,67.25,69.15,54000,250,250,GRASIM,2460.0,PE,27-FEB-2025
2025-02-03 13:45:43.574498,GRASIM27FEB25P2460,OPTSTK,68.55,147250,67.25,69.15,54000,250,250,GRASIM,2460.0,PE,27-FEB-2025
2025-02-03 13:45:50.171044,GRASIM27FEB25P2460,OPTSTK,68.55,147250,67.25,69.15,54000,250,250,GRASIM,2460.0,PE,27-FEB-2025
2025-02-03 13:45:58.158653,GRASIM27FEB25P2460,OPTSTK,68.55,147250,67.25,69.15,54000,250,250,GRASIM,2460.0,PE,27-FEB-2025
2025-02-03 13:46:04.803411,GRASIM27FEB25P2460,OPTSTK,68.55,147250,67.4,69.3,54000,250,500,GRASIM,2460.0,PE,27-FEB-2025
2025-02-03 13:46:11.517452,GRASIM27FEB25P2460,OPTSTK,68.55,147250,67.4,69.3,54000,250,500,GRASIM,2460.0,PE,27-FEB-2025
2025-02-03 13:46:18.200862,GRASIM27FEB25P2460,OPTSTK,68.55,147250,67.4,69.3,54000,250,500,GRASIM,2460.0,PE,27-FEB-2025
2025-02-03 13:46:26.032605,GRASIM27FEB25P2460,OPTSTK,68.55,147250,67.4,69.3,54000,250,500,GRASIM,2460.0,PE,27-FEB-2025
2025-02-03 13:46:32.542317,GRASIM27FEB25P2460,OPTSTK,68.55,147250,67.5,69.4,54000,250,250,GRASIM,2460.0,PE,27-FEB-2025
2025-02-03 13:46:39.482012,GRASIM27FEB25P2460,OPTSTK,68.55,147250,67.5,69.4,54000,250,250,GRASIM,2460.0,PE,27-FEB-2025
2025-02-03 13:46:46.318643,GRASIM27FEB25P2460,OPTSTK,68.55,147250,67.5,69.4,54000,250,250,GRASIM,2460.0,PE,27-FEB-2025
2025-02-03 13:46:53.249638,GRASIM27FEB25P2460,OPTSTK,68.55,147250,67.5,69.4,54000,250,250,GRASIM,2460.0,PE,27-FEB-2025
2025-02-03 13:46:59.964463,GRASIM27FEB25P2460,OPTSTK,68.55,147250,67.35,69.05,54000,250,250,GRASIM,2460.0,PE,27-FEB-2025
2025-02-03 13:47:06.688596,GRASIM27FEB25P2460,OPTSTK,68.55,147250,67.35,69.05,54000,250,250,GRASIM,2460.0,PE,27-FEB-2025
2025-02-03 13:47:14.768233,GRASIM27FEB25P2460,OPTSTK,68.55,147250,67.35,69.05,54000,250,250,GRASIM,2460.0,PE,27-FEB-2025
2025-02-03 13:47:21.306336,GRASIM27FEB25P2460,OPTSTK,68.55,147250,67.6,68.85,54000,250,250,GRASIM,2460.0,PE,27-FEB-2025
2025-02-03 13:47:27.812968,GRASIM27FEB25P2460,OPTSTK,68.55,147250,67.6,68.85,54000,250,250,GRASIM,2460.0,PE,27-FEB-2025
2025-02-03 13:47:34.259052,GRASIM27FEB25P2460,OPTSTK,68.55,147250,67.6,68.85,54000,250,250,GRASIM,2460.0,PE,27-FEB-2025
2025-02-03 13:47:40.977297,GRASIM27FEB25P2460,OPTSTK,68.55,147250,67.6,68.85,54000,250,250,GRASIM,2460.0,PE,27-FEB-2025
2025-02-03 13:47:47.443259,GRASIM27FEB25P2460,OPTSTK,68.55,147250,67.6,68.95,54000,250,250,GRASIM,2460.0,PE,27-FEB-2025
2025-02-03 13:47:53.879440,GRASIM27FEB25P2460,OPTSTK,68.55,147250,67.6,68.95,54000,250,250,GRASIM,2460.0,PE,27-FEB-2025
2025-02-03 13:48:00.442756,GRASIM27FEB25P2460,OPTSTK,68.55,147250,67.6,68.95,54000,250,250,GRASIM,2460.0,PE,27-FEB-2025
2025-02-03 13:48:07.953000,GRASIM27FEB25P2460,OPTSTK,68.55,147250,67.6,68.95,54000,250,250,GRASIM,2460.0,PE,27-FEB-2025
2025-02-03 13:48:14.714984,GRASIM27FEB25P2460,OPTSTK,68.55,147250,67.7,68.85,54000,250,250,GRASIM,2460.0,PE,27-FEB-2025
2025-02-03 13:48:21.162985,GRASIM27FEB25P2460,OPTSTK,68.55,147250,67.7,68.85,54000,250,250,GRASIM,2460.0,PE,27-FEB-2025
2025-02-03 13:48:27.753542,GRASIM27FEB25P2460,OPTSTK,68.55,147250,67.7,68.85,54000,250,250,GRASIM,2460.0,PE,27-FEB-2025
2025-02-03 13:48:34.187952,GRASIM27FEB25P2460,OPTSTK,68.55,147250,67.7,68.85,54000,250,250,GRASIM,2460.0,PE,27-FEB-2025
2025-02-03 13:48:40.583121,GRASIM27FEB25P2460,OPTSTK,68.55,147250,67.7,68.85,54000,250,250,GRASIM,2460.0,PE,27-FEB-2025
2025-02-03 13:48:46.905128,GRASIM27FEB25P2460,OPTSTK,68.55,147250,67.7,68.85,54000,250,250,GRASIM,2460.0,PE,27-FEB-2025
2025-02-03 13:48:53.263084,GRASIM27FEB25P2460,OPTSTK,68.55,147250,67.7,68.85,54000,250,250,GRASIM,2460.0,PE,27-FEB-2025
2025-02-03 13:49:00.066771,GRASIM27FEB25P2460,OPTSTK,68.55,147250,67.7,68.85,54000,250,250,GRASIM,2460.0,PE,27-FEB-2025
2025-02-03 13:49:06.631628,GRASIM27FEB25P2460,OPTSTK,68.55,147250,67.25,68.7,54000,250,250,GRASIM,2460.0,PE,27-FEB-2025
2025-02-03 13:49:13.132532,GRASIM27FEB25P2460,OPTSTK,68.55,147250,67.25,68.7,54000,250,250,GRASIM,2460.0,PE,27-FEB-2025
2025-02-03 13:49:19.680965,GRASIM27FEB25P2460,OPTSTK,68.55,147250,67.25,68.7,54000,250,250,GRASIM,2460.0,PE,27-FEB-2025
2025-02-03 13:49:26.096485,GRASIM27FEB25P2460,OPTSTK,68.55,147250,67.25,68.7,54000,250,250,GRASIM,2460.0,PE,27-FEB-2025
2025-02-03 13:49:32.613917,GRASIM27FEB25P2460,OPTSTK,68.55,147250,68.5,69.15,54000,250,250,GRASIM,2460.0,PE,27-FEB-2025
2025-02-03 13:49:38.938541,GRASIM27FEB25P2460,OPTSTK,68.55,147250,68.5,69.15,54000,250,250,GRASIM,2460.0,PE,27-FEB-2025
2025-02-03 13:49:45.467946,GRASIM27FEB25P2460,OPTSTK,68.55,147250,68.5,69.15,54000,250,250,GRASIM,2460.0,PE,27-FEB-2025
2025-02-03 13:49:52.105453,GRASIM27FEB25P2460,OPTSTK,68.55,147250,68.5,69.15,54000,250,250,GRASIM,2460.0,PE,27-FEB-2025
2025-02-03 13:49:58.793089,GRASIM27FEB25P2460,OPTSTK,68.55,147250,68.55,69.85,54000,250,250,GRASIM,2460.0,PE,27-FEB-2025
2025-02-03 13:50:06.008356,GRASIM27FEB25P2460,OPTSTK,68.55,147250,68.55,69.85,54000,250,250,GRASIM,2460.0,PE,27-FEB-2025
2025-02-03 13:50:12.716542,GRASIM27FEB25P2460,OPTSTK,68.55,147250,68.55,69.85,54000,250,250,GRASIM,2460.0,PE,27-FEB-2025
2025-02-03 13:50:19.313889,GRASIM27FEB25P2460,OPTSTK,68.55,147250,68.55,69.85,54000,250,250,GRASIM,2460.0,PE,27-FEB-2025
2025-02-03 13:50:25.840513,GRASIM27FEB25P2460,OPTSTK,68.55,147250,68.55,69.7,54000,250,250,GRASIM,2460.0,PE,27-FEB-2025
2025-02-03 13:50:32.608774,GRASIM27FEB25P2460,OPTSTK,68.55,147250,68.55,69.7,54000,250,250,GRASIM,2460.0,PE,27-FEB-2025
2025-02-03 13:50:39.047779,GRASIM27FEB25P2460,OPTSTK,68.55,147250,68.55,69.7,54000,250,250,GRASIM,2460.0,PE,27-FEB-2025
2025-02-03 13:50:45.474854,GRASIM27FEB25P2460,OPTSTK,68.55,147250,68.55,69.7,54000,250,250,GRASIM,2460.0,PE,27-FEB-2025
2025-02-03 13:50:52.057491,GRASIM27FEB25P2460,OPTSTK,68.55,147250,68.65,70.0,54000,250,500,GRASIM,2460.0,PE,27-FEB-2025
2025-02-03 13:50:58.766945,GRASIM27FEB25P2460,OPTSTK,68.55,147250,68.65,70.0,54000,250,500,GRASIM,2460.0,PE,27-FEB-2025
2025-02-03 13:51:05.475633,GRASIM27FEB25P2460,OPTSTK,68.55,147250,68.65,70.0,54000,250,500,GRASIM,2460.0,PE,27-FEB-2025
2025-02-03 13:51:12.028660,GRASIM27FEB25P2460,OPTSTK,68.55,147250,68.65,70.0,54000,250,500,GRASIM,2460.0,PE,27-FEB-2025
2025-02-03 13:51:18.680980,GRASIM27FEB25P2460,OPTSTK,68.55,147250,68.65,70.0,54000,250,500,GRASIM,2460.0,PE,27-FEB-2025
2025-02-03 13:51:25.013071,GRASIM27FEB25P2460,OPTSTK,70.0,147250,68.65,70.0,54250,250,500,GRASIM,2460.0,PE,27-FEB-2025
2025-02-03 13:51:31.453217,GRASIM27FEB25P2460,OPTSTK,70.0,147250,68.65,70.0,54250,250,500,GRASIM,2460.0,PE,27-FEB-2025
2025-02-03 13:51:37.905607,GRASIM27FEB25P2460,OPTSTK,70.35,147250,68.65,70.0,54250,250,500,GRASIM,2460.0,PE,27-FEB-2025
2025-02-03 13:51:44.238989,GRASIM27FEB25P2460,OPTSTK,70.35,147250,68.65,70.0,54250,250,500,GRASIM,2460.0,PE,27-FEB-2025
2025-02-03 13:51:50.507746,GRASIM27FEB25P2460,OPTSTK,70.55,147250,68.65,70.0,54250,250,500,GRASIM,2460.0,PE,27-FEB-2025
2025-02-03 13:51:56.883606,GRASIM27FEB25P2460,OPTSTK,70.55,148500,70.1,71.05,54250,250,250,GRASIM,2460.0,PE,27-FEB-2025
2025-02-03 13:52:05.658859,GRASIM27FEB25P2460,OPTSTK,70.55,148500,70.1,71.05,54250,250,250,GRASIM,2460.0,PE,27-FEB-2025
2025-02-03 13:52:12.339100,GRASIM27FEB25P2460,OPTSTK,70.55,148500,70.1,71.05,54250,250,250,GRASIM,2460.0,PE,27-FEB-2025
2025-02-03 13:52:18.727638,GRASIM27FEB25P2460,OPTSTK,70.55,148500,70.1,71.05,54250,250,250,GRASIM,2460.0,PE,27-FEB-2025
2025-02-03 13:52:25.431496,GRASIM27FEB25P2460,OPTSTK,70.55,148750,70.6,71.25,54250,250,250,GRASIM,2460.0,PE,27-FEB-2025
2025-02-03 13:52:31.797705,GRASIM27FEB25P2460,OPTSTK,71.35,148750,70.6,71.25,53750,250,250,GRASIM,2460.0,PE,27-FEB-2025
2025-02-03 13:52:38.631916,GRASIM27FEB25P2460,OPTSTK,71.35,148750,70.6,71.25,53750,250,250,GRASIM,2460.0,PE,27-FEB-2025
2025-02-03 13:52:45.626909,GRASIM27FEB25P2460,OPTSTK,71.35,148750,70.6,71.25,53750,250,250,GRASIM,2460.0,PE,27-FEB-2025
2025-02-03 13:52:52.108407,GRASIM27FEB25P2460,OPTSTK,71.35,149000,70.5,71.45,53750,250,250,GRASIM,2460.0,PE,27-FEB-2025
2025-02-03 13:52:58.568033,GRASIM27FEB25P2460,OPTSTK,71.35,149000,70.5,71.45,53750,250,250,GRASIM,2460.0,PE,27-FEB-2025
2025-02-03 13:53:06.110086,GRASIM27FEB25P2460,OPTSTK,71.35,149000,70.5,71.45,53750,250,250,GRASIM,2460.0,PE,27-FEB-2025
2025-02-03 13:53:12.712244,GRASIM27FEB25P2460,OPTSTK,71.35,149000,70.5,71.45,53750,250,250,GRASIM,2460.0,PE,27-FEB-2025
2025-02-03 13:53:19.190664,GRASIM27FEB25P2460,OPTSTK,71.35,149000,70.1,70.9,53750,250,250,GRASIM,2460.0,PE,27-FEB-2025
2025-02-03 13:53:25.799296,GRASIM27FEB25P2460,OPTSTK,71.35,149000,70.1,70.9,53750,250,250,GRASIM,2460.0,PE,27-FEB-2025
2025-02-03 13:53:32.366190,GRASIM27FEB25P2460,OPTSTK,71.35,149000,70.1,70.9,53750,250,250,GRASIM,2460.0,PE,27-FEB-2025
2025-02-03 13:53:39.803627,GRASIM27FEB25P2460,OPTSTK,71.35,149000,70.1,70.9,53750,250,250,GRASIM,2460.0,PE,27-FEB-2025
2025-02-03 13:53:46.119007,GRASIM27FEB25P2460,OPTSTK,71.35,149000,69.75,70.9,53750,250,250,GRASIM,2460.0,PE,27-FEB-2025
2025-02-03 13:53:52.602231,GRASIM27FEB25P2460,OPTSTK,71.35,149000,69.75,70.9,53750,250,250,GRASIM,2460.0,PE,27-FEB-2025
2025-02-03 13:53:59.164859,GRASIM27FEB25P2460,OPTSTK,71.35,149000,69.75,70.9,53750,250,250,GRASIM,2460.0,PE,27-FEB-2025
2025-02-03 13:54:05.588259,GRASIM27FEB25P2460,OPTSTK,71.35,149000,69.75,70.9,53750,250,250,GRASIM,2460.0,PE,27-FEB-2025
2025-02-03 13:54:11.915353,GRASIM27FEB25P2460,OPTSTK,71.35,149000,69.75,70.9,53750,250,250,GRASIM,2460.0,PE,27-FEB-2025
2025-02-03 13:54:18.182617,GRASIM27FEB25P2460,OPTSTK,71.35,149000,69.55,70.9,53750,250,250,GRASIM,2460.0,PE,27-FEB-2025
2025-02-03 13:54:24.742683,GRASIM27FEB25P2460,OPTSTK,71.35,149000,69.55,70.9,53750,250,250,GRASIM,2460.0,PE,27-FEB-2025
2025-02-03 13:54:31.128176,GRASIM27FEB25P2460,OPTSTK,71.35,149000,69.55,70.9,53750,250,250,GRASIM,2460.0,PE,27-FEB-2025
2025-02-03 13:54:37.682295,GRASIM27FEB25P2460,OPTSTK,71.35,149000,69.55,70.9,53750,250,250,GRASIM,2460.0,PE,27-FEB-2025
2025-02-03 13:54:44.263125,GRASIM27FEB25P2460,OPTSTK,71.35,149000,69.95,70.75,53750,250,250,GRASIM,2460.0,PE,27-FEB-2025
2025-02-03 13:54:52.055760,GRASIM27FEB25P2460,OPTSTK,71.35,149000,69.95,70.75,53750,250,250,GRASIM,2460.0,PE,27-FEB-2025
2025-02-03 13:54:58.494626,GRASIM27FEB25P2460,OPTSTK,71.35,149000,69.95,70.75,53750,250,250,GRASIM,2460.0,PE,27-FEB-2025
2025-02-03 13:55:05.157237,GRASIM27FEB25P2460,OPTSTK,71.35,149000,69.95,70.75,53750,250,250,GRASIM,2460.0,PE,27-FEB-2025
2025-02-03 13:55:11.705489,GRASIM27FEB25P2460,OPTSTK,71.35,149000,70.15,71.0,53750,250,500,GRASIM,2460.0,PE,27-FEB-2025
2025-02-03 13:55:18.321954,GRASIM27FEB25P2460,OPTSTK,71.35,149000,70.15,71.0,53750,250,500,GRASIM,2460.0,PE,27-FEB-2025
2025-02-03 13:55:25.077898,GRASIM27FEB25P2460,OPTSTK,71.35,149000,70.15,71.0,53750,250,500,GRASIM,2460.0,PE,27-FEB-2025
2025-02-03 13:55:31.584060,GRASIM27FEB25P2460,OPTSTK,71.35,149000,70.15,71.0,53750,250,500,GRASIM,2460.0,PE,27-FEB-2025
2025-02-03 13:55:37.933230,GRASIM27FEB25P2460,OPTSTK,71.35,149000,69.95,70.95,53750,250,250,GRASIM,2460.0,PE,27-FEB-2025
2025-02-03 13:55:44.444472,GRASIM27FEB25P2460,OPTSTK,71.35,149000,69.95,70.95,53750,250,250,GRASIM,2460.0,PE,27-FEB-2025
2025-02-03 13:55:50.997841,GRASIM27FEB25P2460,OPTSTK,71.35,149000,69.95,70.95,53750,250,250,GRASIM,2460.0,PE,27-FEB-2025
2025-02-03 13:55:57.323705,GRASIM27FEB25P2460,OPTSTK,71.35,149000,69.95,70.95,53750,250,250,GRASIM,2460.0,PE,27-FEB-2025
2025-02-03 13:56:03.670876,GRASIM27FEB25P2460,OPTSTK,71.35,149000,70.15,71.4,53750,250,250,GRASIM,2460.0,PE,27-FEB-2025
2025-02-03 13:56:10.035541,GRASIM27FEB25P2460,OPTSTK,71.35,149000,70.15,71.4,53750,250,250,GRASIM,2460.0,PE,27-FEB-2025
2025-02-03 13:56:16.489619,GRASIM27FEB25P2460,OPTSTK,71.35,149000,70.15,71.4,53750,250,250,GRASIM,2460.0,PE,27-FEB-2025
2025-02-03 13:56:23.061060,GRASIM27FEB25P2460,OPTSTK,71.35,149000,70.15,71.4,53750,250,250,GRASIM,2460.0,PE,27-FEB-2025
2025-02-03 13:56:29.656241,GRASIM27FEB25P2460,OPTSTK,71.35,149000,70.1,71.05,53750,250,250,GRASIM,2460.0,PE,27-FEB-2025
2025-02-03 13:56:36.146184,GRASIM27FEB25P2460,OPTSTK,71.35,149000,70.1,71.05,53750,250,250,GRASIM,2460.0,PE,27-FEB-2025
2025-02-03 13:56:42.414459,GRASIM27FEB25P2460,OPTSTK,71.35,149000,70.1,71.05,53750,250,250,GRASIM,2460.0,PE,27-FEB-2025
2025-02-03 13:56:49.001142,GRASIM27FEB25P2460,OPTSTK,71.35,149000,70.1,71.05,53750,250,250,GRASIM,2460.0,PE,27-FEB-2025
2025-02-03 13:56:55.417925,GRASIM27FEB25P2460,OPTSTK,71.35,149000,70.1,71.05,53750,250,250,GRASIM,2460.0,PE,27-FEB-2025
2025-02-03 13:57:01.895863,GRASIM27FEB25P2460,OPTSTK,71.35,149000,70.55,71.35,53750,250,250,GRASIM,2460.0,PE,27-FEB-2025
2025-02-03 13:57:08.295504,GRASIM27FEB25P2460,OPTSTK,71.35,149000,70.55,71.35,53750,250,250,GRASIM,2460.0,PE,27-FEB-2025
2025-02-03 13:57:14.867053,GRASIM27FEB25P2460,OPTSTK,71.35,149000,70.55,71.35,53750,250,250,GRASIM,2460.0,PE,27-FEB-2025
2025-02-03 13:57:21.623502,GRASIM27FEB25P2460,OPTSTK,71.35,149000,70.55,71.35,53750,250,250,GRASIM,2460.0,PE,27-FEB-2025
2025-02-03 13:57:28.448309,GRASIM27FEB25P2460,OPTSTK,71.35,149000,70.75,71.5,53750,250,250,GRASIM,2460.0,PE,27-FEB-2025
2025-02-03 13:57:35.167733,GRASIM27FEB25P2460,OPTSTK,71.35,149000,70.75,71.5,53750,250,250,GRASIM,2460.0,PE,27-FEB-2025
2025-02-03 13:57:41.562968,GRASIM27FEB25P2460,OPTSTK,71.0,149000,70.75,71.5,54000,250,250,GRASIM,2460.0,PE,27-FEB-2025
2025-02-03 13:57:47.913130,GRASIM27FEB25P2460,OPTSTK,71.0,149000,70.75,71.5,54000,250,250,GRASIM,2460.0,PE,27-FEB-2025
2025-02-03 13:57:54.236629,GRASIM27FEB25P2460,OPTSTK,71.0,149250,71.15,71.9,54000,250,500,GRASIM,2460.0,PE,27-FEB-2025
2025-02-03 13:58:00.975598,GRASIM27FEB25P2460,OPTSTK,71.0,149250,71.15,71.9,54000,250,500,GRASIM,2460.0,PE,27-FEB-2025
2025-02-03 13:58:07.459084,GRASIM27FEB25P2460,OPTSTK,71.0,149250,71.15,71.9,54000,250,500,GRASIM,2460.0,PE,27-FEB-2025
2025-02-03 13:58:13.913687,GRASIM27FEB25P2460,OPTSTK,71.0,149250,71.15,71.9,54000,250,500,GRASIM,2460.0,PE,27-FEB-2025
2025-02-03 13:58:20.754105,GRASIM27FEB25P2460,OPTSTK,70.45,149750,70.45,71.05,54000,500,500,GRASIM,2460.0,PE,27-FEB-2025
2025-02-03 13:58:27.813381,GRASIM27FEB25P2460,OPTSTK,70.4,149750,70.45,71.05,53750,500,500,GRASIM,2460.0,PE,27-FEB-2025
2025-02-03 13:58:34.980802,GRASIM27FEB25P2460,OPTSTK,70.4,149750,70.45,71.05,53750,500,500,GRASIM,2460.0,PE,27-FEB-2025
2025-02-03 13:58:41.619495,GRASIM27FEB25P2460,OPTSTK,70.4,149750,70.45,71.05,53750,500,500,GRASIM,2460.0,PE,27-FEB-2025
2025-02-03 13:58:48.358217,GRASIM27FEB25P2460,OPTSTK,70.4,150500,70.2,70.85,53750,250,500,GRASIM,2460.0,PE,27-FEB-2025
2025-02-03 13:58:55.759453,GRASIM27FEB25P2460,OPTSTK,70.4,150500,70.2,70.85,53750,250,500,GRASIM,2460.0,PE,27-FEB-2025
2025-02-03 13:59:02.256535,GRASIM27FEB25P2460,OPTSTK,70.4,150500,70.2,70.85,53750,250,500,GRASIM,2460.0,PE,27-FEB-2025
2025-02-03 13:59:08.629692,GRASIM27FEB25P2460,OPTSTK,70.4,150500,70.2,70.85,53750,250,500,GRASIM,2460.0,PE,27-FEB-2025
2025-02-03 13:59:15.075411,GRASIM27FEB25P2460,OPTSTK,70.4,150500,69.95,70.75,53750,500,250,GRASIM,2460.0,PE,27-FEB-2025
2025-02-03 13:59:21.601381,GRASIM27FEB25P2460,OPTSTK,70.4,150500,69.95,70.75,53750,500,250,GRASIM,2460.0,PE,27-FEB-2025
2025-02-03 13:59:28.134271,GRASIM27FEB25P2460,OPTSTK,70.4,150500,69.95,70.75,53750,500,250,GRASIM,2460.0,PE,27-FEB-2025
2025-02-03 13:59:34.374057,GRASIM27FEB25P2460,OPTSTK,70.4,150500,69.95,70.75,53750,500,250,GRASIM,2460.0,PE,27-FEB-2025
2025-02-03 13:59:41.866116,GRASIM27FEB25P2460,OPTSTK,70.4,150500,70.15,70.75,53750,250,250,GRASIM,2460.0,PE,27-FEB-2025
2025-02-03 13:59:48.470644,GRASIM27FEB25P2460,OPTSTK,70.4,150500,70.15,70.75,53750,250,250,GRASIM,2460.0,PE,27-FEB-2025
2025-02-03 13:59:55.116339,GRASIM27FEB25P2460,OPTSTK,70.4,150500,70.15,70.75,53750,250,250,GRASIM,2460.0,PE,27-FEB-2025
2025-02-03 14:00:01.675797,GRASIM27FEB25P2460,OPTSTK,70.4,150500,70.15,70.75,53750,250,250,GRASIM,2460.0,PE,27-FEB-2025
2025-02-03 14:00:08.215353,GRASIM27FEB25P2460,OPTSTK,70.4,150500,70.1,70.8,53750,500,250,GRASIM,2460.0,PE,27-FEB-2025
2025-02-03 14:00:14.761357,GRASIM27FEB25P2460,OPTSTK,70.4,150500,70.1,70.8,53750,500,250,GRASIM,2460.0,PE,27-FEB-2025
2025-02-03 14:00:21.295572,GRASIM27FEB25P2460,OPTSTK,70.4,150500,70.1,70.8,53750,500,250,GRASIM,2460.0,PE,27-FEB-2025
2025-02-03 14:00:28.675177,GRASIM27FEB25P2460,OPTSTK,70.4,150500,70.1,70.8,53750,500,250,GRASIM,2460.0,PE,27-FEB-2025
2025-02-03 14:00:35.121548,GRASIM27FEB25P2460,OPTSTK,70.4,150500,69.65,70.5,53750,250,250,GRASIM,2460.0,PE,27-FEB-2025
2025-02-03 14:00:41.899339,GRASIM27FEB25P2460,OPTSTK,70.4,150500,69.65,70.5,53750,250,250,GRASIM,2460.0,PE,27-FEB-2025
2025-02-03 14:00:49.354826,GRASIM27FEB25P2460,OPTSTK,70.4,150500,69.65,70.5,53750,250,250,GRASIM,2460.0,PE,27-FEB-2025
2025-02-03 14:00:58.386711,GRASIM27FEB25P2460,OPTSTK,70.4,150500,69.6,70.5,53750,250,250,GRASIM,2460.0,PE,27-FEB-2025
2025-02-03 14:01:04.871270,GRASIM27FEB25P2460,OPTSTK,70.4,150500,69.6,70.5,53750,250,250,GRASIM,2460.0,PE,27-FEB-2025
2025-02-03 14:01:11.340441,GRASIM27FEB25P2460,OPTSTK,70.4,150500,69.6,70.5,53750,250,250,GRASIM,2460.0,PE,27-FEB-2025
2025-02-03 14:01:18.219650,GRASIM27FEB25P2460,OPTSTK,70.4,150500,69.6,70.5,53750,250,250,GRASIM,2460.0,PE,27-FEB-2025
2025-02-03 14:01:24.859078,GRASIM27FEB25P2460,OPTSTK,70.4,150500,69.2,69.9,53750,250,250,GRASIM,2460.0,PE,27-FEB-2025
2025-02-03 14:01:31.673951,GRASIM27FEB25P2460,OPTSTK,70.4,150500,69.2,69.9,53750,250,250,GRASIM,2460.0,PE,27-FEB-2025
2025-02-03 14:01:38.377523,GRASIM27FEB25P2460,OPTSTK,70.4,150500,69.2,69.9,53750,250,250,GRASIM,2460.0,PE,27-FEB-2025
2025-02-03 14:01:45.904814,GRASIM27FEB25P2460,OPTSTK,70.4,150500,69.2,69.9,53750,250,250,GRASIM,2460.0,PE,27-FEB-2025
2025-02-03 14:01:52.605048,GRASIM27FEB25P2460,OPTSTK,70.4,150500,69.3,70.4,53750,250,250,GRASIM,2460.0,PE,27-FEB-2025
2025-02-03 14:01:59.266513,GRASIM27FEB25P2460,OPTSTK,70.4,150500,69.3,70.4,53750,250,250,GRASIM,2460.0,PE,27-FEB-2025
2025-02-03 14:02:05.719748,GRASIM27FEB25P2460,OPTSTK,70.4,150500,69.3,70.4,53750,250,250,GRASIM,2460.0,PE,27-FEB-2025
2025-02-03 14:02:12.348743,GRASIM27FEB25P2460,OPTSTK,70.4,150500,69.3,70.4,53750,250,250,GRASIM,2460.0,PE,27-FEB-2025
2025-02-03 14:02:19.240349,GRASIM27FEB25P2460,OPTSTK,70.4,150500,69.4,70.8,53750,500,250,GRASIM,2460.0,PE,27-FEB-2025
2025-02-03 14:02:26.015319,GRASIM27FEB25P2460,OPTSTK,70.4,150500,69.4,70.8,53750,500,250,GRASIM,2460.0,PE,27-FEB-2025
2025-02-03 14:02:32.663208,GRASIM27FEB25P2460,OPTSTK,70.4,150500,69.4,70.8,53750,500,250,GRASIM,2460.0,PE,27-FEB-2025
2025-02-03 14:02:39.233274,GRASIM27FEB25P2460,OPTSTK,69.1,150500,69.4,70.8,54250,500,250,GRASIM,2460.0,PE,27-FEB-2025
2025-02-03 14:02:45.881364,GRASIM27FEB25P2460,OPTSTK,69.1,152000,68.85,69.6,54250,500,250,GRASIM,2460.0,PE,27-FEB-2025
2025-02-03 14:02:52.636977,GRASIM27FEB25P2460,OPTSTK,69.1,152000,68.85,69.6,54250,500,250,GRASIM,2460.0,PE,27-FEB-2025
2025-02-03 14:02:59.164504,GRASIM27FEB25P2460,OPTSTK,69.1,152000,68.85,69.6,54250,500,250,GRASIM,2460.0,PE,27-FEB-2025
2025-02-03 14:03:05.878869,GRASIM27FEB25P2460,OPTSTK,69.1,152000,68.85,69.6,54250,500,250,GRASIM,2460.0,PE,27-FEB-2025
2025-02-03 14:03:12.454041,GRASIM27FEB25P2460,OPTSTK,69.1,152000,68.95,69.55,54250,500,250,GRASIM,2460.0,PE,27-FEB-2025
2025-02-03 14:03:18.928286,GRASIM27FEB25P2460,OPTSTK,69.1,152000,68.95,69.55,54250,500,250,GRASIM,2460.0,PE,27-FEB-2025
2025-02-03 14:03:25.587884,GRASIM27FEB25P2460,OPTSTK,69.1,152000,68.95,69.55,54250,500,250,GRASIM,2460.0,PE,27-FEB-2025
2025-02-03 14:03:32.233786,GRASIM27FEB25P2460,OPTSTK,69.1,152000,68.95,69.55,54250,500,250,GRASIM,2460.0,PE,27-FEB-2025
2025-02-03 14:03:39.041334,GRASIM27FEB25P2460,OPTSTK,69.1,152000,69.0,69.65,54250,250,250,GRASIM,2460.0,PE,27-FEB-2025
2025-02-03 14:03:45.661838,GRASIM27FEB25P2460,OPTSTK,69.1,152000,69.0,69.65,54250,250,250,GRASIM,2460.0,PE,27-FEB-2025
2025-02-03 14:03:52.159108,GRASIM27FEB25P2460,OPTSTK,70.0,152000,69.0,69.65,54250,250,250,GRASIM,2460.0,PE,27-FEB-2025
2025-02-03 14:03:59.225473,GRASIM27FEB25P2460,OPTSTK,70.0,152000,69.0,69.65,54250,250,250,GRASIM,2460.0,PE,27-FEB-2025
2025-02-03 14:04:05.835888,GRASIM27FEB25P2460,OPTSTK,70.0,152500,69.55,70.15,54250,250,250,GRASIM,2460.0,PE,27-FEB-2025
2025-02-03 14:04:12.338726,GRASIM27FEB25P2460,OPTSTK,70.0,152500,69.55,70.15,54250,250,250,GRASIM,2460.0,PE,27-FEB-2025
2025-02-03 14:04:19.207225,GRASIM27FEB25P2460,OPTSTK,70.0,152500,69.55,70.15,54250,250,250,GRASIM,2460.0,PE,27-FEB-2025
2025-02-03 14:04:25.818358,GRASIM27FEB25P2460,OPTSTK,70.2,152500,69.55,70.15,54250,250,250,GRASIM,2460.0,PE,27-FEB-2025
2025-02-03 14:04:32.498318,GRASIM27FEB25P2460,OPTSTK,70.2,152750,69.6,70.4,54250,250,250,GRASIM,2460.0,PE,27-FEB-2025
2025-02-03 14:04:38.912220,GRASIM27FEB25P2460,OPTSTK,70.2,152750,69.6,70.4,54250,250,250,GRASIM,2460.0,PE,27-FEB-2025
2025-02-03 14:04:45.396933,GRASIM27FEB25P2460,OPTSTK,70.2,152750,69.6,70.4,54250,250,250,GRASIM,2460.0,PE,27-FEB-2025
2025-02-03 14:04:52.285241,GRASIM27FEB25P2460,OPTSTK,70.2,152750,69.6,70.4,54250,250,250,GRASIM,2460.0,PE,27-FEB-2025
2025-02-03 14:04:58.935353,GRASIM27FEB25P2460,OPTSTK,70.2,152750,69.4,70.05,54250,250,250,GRASIM,2460.0,PE,27-FEB-2025
2025-02-03 14:05:05.606740,GRASIM27FEB25P2460,OPTSTK,70.2,152750,69.4,70.05,54250,250,250,GRASIM,2460.0,PE,27-FEB-2025
2025-02-03 14:05:12.188737,GRASIM27FEB25P2460,OPTSTK,70.2,152750,69.4,70.05,54250,250,250,GRASIM,2460.0,PE,27-FEB-2025
2025-02-03 14:05:18.568047,GRASIM27FEB25P2460,OPTSTK,70.2,152750,69.15,69.85,54250,250,250,GRASIM,2460.0,PE,27-FEB-2025
2025-02-03 14:05:24.917560,GRASIM27FEB25P2460,OPTSTK,70.2,152750,69.15,69.85,54250,250,250,GRASIM,2460.0,PE,27-FEB-2025
2025-02-03 14:05:31.521283,GRASIM27FEB25P2460,OPTSTK,70.2,152750,69.15,69.85,54250,250,250,GRASIM,2460.0,PE,27-FEB-2025
2025-02-03 14:05:38.062273,GRASIM27FEB25P2460,OPTSTK,70.0,152750,69.15,69.85,54250,250,250,GRASIM,2460.0,PE,27-FEB-2025
2025-02-03 14:05:44.928848,GRASIM27FEB25P2460,OPTSTK,69.7,153500,69.45,70.2,54250,250,250,GRASIM,2460.0,PE,27-FEB-2025
2025-02-03 14:05:51.699318,GRASIM27FEB25P2460,OPTSTK,69.7,153500,69.45,70.2,54250,250,250,GRASIM,2460.0,PE,27-FEB-2025
2025-02-03 14:05:58.531886,GRASIM27FEB25P2460,OPTSTK,69.7,153500,69.45,70.2,54250,250,250,GRASIM,2460.0,PE,27-FEB-2025
2025-02-03 14:06:05.527342,GRASIM27FEB25P2460,OPTSTK,69.7,153500,69.45,70.2,54250,250,250,GRASIM,2460.0,PE,27-FEB-2025
2025-02-03 14:06:12.188012,GRASIM27FEB25P2460,OPTSTK,69.7,153500,69.95,70.5,54250,250,250,GRASIM,2460.0,PE,27-FEB-2025
2025-02-03 14:06:18.626014,GRASIM27FEB25P2460,OPTSTK,69.7,153500,69.95,70.5,54250,250,250,GRASIM,2460.0,PE,27-FEB-2025
2025-02-03 14:06:25.113023,GRASIM27FEB25P2460,OPTSTK,69.7,153500,69.95,70.5,54250,250,250,GRASIM,2460.0,PE,27-FEB-2025
2025-02-03 14:06:31.722145,GRASIM27FEB25P2460,OPTSTK,69.7,153500,69.95,70.5,54250,250,250,GRASIM,2460.0,PE,27-FEB-2025
2025-02-03 14:06:38.339126,GRASIM27FEB25P2460,OPTSTK,69.1,154500,68.85,69.55,54250,250,250,GRASIM,2460.0,PE,27-FEB-2025
2025-02-03 14:06:44.873106,GRASIM27FEB25P2460,OPTSTK,69.1,154500,68.85,69.55,54250,250,250,GRASIM,2460.0,PE,27-FEB-2025
2025-02-03 14:06:51.527902,GRASIM27FEB25P2460,OPTSTK,69.1,154500,68.85,69.55,54250,250,250,GRASIM,2460.0,PE,27-FEB-2025
2025-02-03 14:06:58.129772,GRASIM27FEB25P2460,OPTSTK,69.1,154500,68.85,69.55,54250,250,250,GRASIM,2460.0,PE,27-FEB-2025
2025-02-03 14:07:05.070753,GRASIM27FEB25P2460,OPTSTK,69.1,154500,68.9,69.7,54250,500,250,GRASIM,2460.0,PE,27-FEB-2025
2025-02-03 14:07:11.973269,GRASIM27FEB25P2460,OPTSTK,69.1,154500,68.9,69.7,54250,500,250,GRASIM,2460.0,PE,27-FEB-2025
2025-02-03 14:07:18.907353,GRASIM27FEB25P2460,OPTSTK,69.1,154500,68.9,69.7,54250,500,250,GRASIM,2460.0,PE,27-FEB-2025
2025-02-03 14:07:27.047797,GRASIM27FEB25P2460,OPTSTK,69.1,154500,68.9,69.7,54250,500,250,GRASIM,2460.0,PE,27-FEB-2025
2025-02-03 14:07:33.603165,GRASIM27FEB25P2460,OPTSTK,69.1,154500,68.8,69.35,54250,250,250,GRASIM,2460.0,PE,27-FEB-2025
2025-02-03 14:07:40.195306,GRASIM27FEB25P2460,OPTSTK,69.1,154500,68.8,69.35,54250,250,250,GRASIM,2460.0,PE,27-FEB-2025
2025-02-03 14:07:46.848182,GRASIM27FEB25P2460,OPTSTK,69.1,154500,68.8,69.35,54250,250,250,GRASIM,2460.0,PE,27-FEB-2025
2025-02-03 14:07:53.366852,GRASIM27FEB25P2460,OPTSTK,69.1,154500,68.8,69.35,54250,250,250,GRASIM,2460.0,PE,27-FEB-2025
2025-02-03 14:07:59.915704,GRASIM27FEB25P2460,OPTSTK,69.1,154500,68.95,69.8,54250,500,250,GRASIM,2460.0,PE,27-FEB-2025
2025-02-03 14:08:06.339235,GRASIM27FEB25P2460,OPTSTK,69.1,154500,68.95,69.8,54250,500,250,GRASIM,2460.0,PE,27-FEB-2025
2025-02-03 14:08:12.970806,GRASIM27FEB25P2460,OPTSTK,69.1,154500,68.95,69.8,54250,500,250,GRASIM,2460.0,PE,27-FEB-2025
2025-02-03 14:08:19.349097,GRASIM27FEB25P2460,OPTSTK,68.5,154500,68.95,69.8,53250,500,250,GRASIM,2460.0,PE,27-FEB-2025
2025-02-03 14:08:25.757041,GRASIM27FEB25P2460,OPTSTK,68.5,155000,68.35,69.05,53250,250,250,GRASIM,2460.0,PE,27-FEB-2025
2025-02-03 14:08:32.420137,GRASIM27FEB25P2460,OPTSTK,68.5,155000,68.35,69.05,53250,250,250,GRASIM,2460.0,PE,27-FEB-2025
2025-02-03 14:08:38.956554,GRASIM27FEB25P2460,OPTSTK,68.5,155000,68.35,69.05,53250,250,250,GRASIM,2460.0,PE,27-FEB-2025
2025-02-03 14:08:45.581895,GRASIM27FEB25P2460,OPTSTK,68.5,155000,68.35,69.05,53250,250,250,GRASIM,2460.0,PE,27-FEB-2025
2025-02-03 14:08:52.187410,GRASIM27FEB25P2460,OPTSTK,68.5,155000,68.25,69.5,53250,500,250,GRASIM,2460.0,PE,27-FEB-2025
2025-02-03 14:08:58.745204,GRASIM27FEB25P2460,OPTSTK,68.5,155000,68.25,69.5,53250,500,250,GRASIM,2460.0,PE,27-FEB-2025
2025-02-03 14:09:05.386928,GRASIM27FEB25P2460,OPTSTK,68.5,155000,68.25,69.5,53250,500,250,GRASIM,2460.0,PE,27-FEB-2025
2025-02-03 14:09:12.174730,GRASIM27FEB25P2460,OPTSTK,68.5,155000,68.25,69.5,53250,500,250,GRASIM,2460.0,PE,27-FEB-2025
2025-02-03 14:09:18.698972,GRASIM27FEB25P2460,OPTSTK,68.5,155000,68.55,69.5,53250,250,250,GRASIM,2460.0,PE,27-FEB-2025
2025-02-03 14:09:25.333088,GRASIM27FEB25P2460,OPTSTK,68.5,155000,68.55,69.5,53250,250,250,GRASIM,2460.0,PE,27-FEB-2025
2025-02-03 14:09:31.752539,GRASIM27FEB25P2460,OPTSTK,68.5,155000,68.55,69.5,53250,250,250,GRASIM,2460.0,PE,27-FEB-2025
2025-02-03 14:09:38.517468,GRASIM27FEB25P2460,OPTSTK,68.95,155000,68.55,69.5,53250,250,250,GRASIM,2460.0,PE,27-FEB-2025
2025-02-03 14:09:45.156672,GRASIM27FEB25P2460,OPTSTK,68.95,155750,68.3,69.1,53250,250,250,GRASIM,2460.0,PE,27-FEB-2025
2025-02-03 14:09:51.629705,GRASIM27FEB25P2460,OPTSTK,68.95,155750,68.3,69.1,53250,250,250,GRASIM,2460.0,PE,27-FEB-2025
2025-02-03 14:09:58.125498,GRASIM27FEB25P2460,OPTSTK,68.95,155750,68.3,69.1,53250,250,250,GRASIM,2460.0,PE,27-FEB-2025
2025-02-03 14:10:04.641849,GRASIM27FEB25P2460,OPTSTK,68.95,155750,68.3,69.1,53250,250,250,GRASIM,2460.0,PE,27-FEB-2025
2025-02-03 14:10:11.153677,GRASIM27FEB25P2460,OPTSTK,68.95,155750,68.55,69.4,53250,250,250,GRASIM,2460.0,PE,27-FEB-2025
2025-02-03 14:10:17.622594,GRASIM27FEB25P2460,OPTSTK,68.95,155750,68.55,69.4,53250,250,250,GRASIM,2460.0,PE,27-FEB-2025
2025-02-03 14:10:24.677624,GRASIM27FEB25P2460,OPTSTK,68.45,155750,68.55,69.4,53250,250,250,GRASIM,2460.0,PE,27-FEB-2025
2025-02-03 14:10:31.148643,GRASIM27FEB25P2460,OPTSTK,68.45,155750,68.55,69.4,53250,250,250,GRASIM,2460.0,PE,27-FEB-2025
2025-02-03 14:10:37.864150,GRASIM27FEB25P2460,OPTSTK,68.45,156000,68.6,69.15,53250,250,250,GRASIM,2460.0,PE,27-FEB-2025
2025-02-03 14:10:44.499000,GRASIM27FEB25P2460,OPTSTK,68.45,156000,68.6,69.15,53250,250,250,GRASIM,2460.0,PE,27-FEB-2025
2025-02-03 14:10:51.635782,GRASIM27FEB25P2460,OPTSTK,68.45,156000,68.6,69.15,53250,250,250,GRASIM,2460.0,PE,27-FEB-2025
2025-02-03 14:10:57.989788,GRASIM27FEB25P2460,OPTSTK,68.75,156000,68.6,69.15,53000,250,250,GRASIM,2460.0,PE,27-FEB-2025
2025-02-03 14:11:04.402633,GRASIM27FEB25P2460,OPTSTK,68.75,156250,67.2,68.4,53000,250,250,GRASIM,2460.0,PE,27-FEB-2025
2025-02-03 14:11:10.919183,GRASIM27FEB25P2460,OPTSTK,68.75,156250,67.2,68.4,53000,250,250,GRASIM,2460.0,PE,27-FEB-2025
2025-02-03 14:11:17.371689,GRASIM27FEB25P2460,OPTSTK,68.75,156250,67.2,68.4,53000,250,250,GRASIM,2460.0,PE,27-FEB-2025
2025-02-03 14:11:23.722326,GRASIM27FEB25P2460,OPTSTK,68.75,156250,67.2,68.4,53000,250,250,GRASIM,2460.0,PE,27-FEB-2025
2025-02-03 14:11:30.019813,GRASIM27FEB25P2460,OPTSTK,68.0,156500,67.25,68.2,53000,250,250,GRASIM,2460.0,PE,27-FEB-2025
2025-02-03 14:11:36.373864,GRASIM27FEB25P2460,OPTSTK,67.1,156500,67.25,68.2,53000,250,250,GRASIM,2460.0,PE,27-FEB-2025
2025-02-03 14:11:42.768173,GRASIM27FEB25P2460,OPTSTK,67.1,156500,67.25,68.2,53000,250,250,GRASIM,2460.0,PE,27-FEB-2025
2025-02-03 14:11:49.117140,GRASIM27FEB25P2460,OPTSTK,67.1,156500,67.25,68.2,53000,250,250,GRASIM,2460.0,PE,27-FEB-2025
2025-02-03 14:11:55.466249,GRASIM27FEB25P2460,OPTSTK,67.1,157000,67.0,67.45,53000,250,500,GRASIM,2460.0,PE,27-FEB-2025
2025-02-03 14:12:03.265323,GRASIM27FEB25P2460,OPTSTK,67.1,157000,67.0,67.45,53000,250,500,GRASIM,2460.0,PE,27-FEB-2025
2025-02-03 14:12:09.684076,GRASIM27FEB25P2460,OPTSTK,67.1,157000,67.0,67.45,53000,250,500,GRASIM,2460.0,PE,27-FEB-2025
2025-02-03 14:12:16.213480,GRASIM27FEB25P2460,OPTSTK,67.1,157000,67.0,67.45,53000,250,500,GRASIM,2460.0,PE,27-FEB-2025
2025-02-03 14:12:22.567464,GRASIM27FEB25P2460,OPTSTK,67.1,157250,66.65,67.3,53000,250,250,GRASIM,2460.0,PE,27-FEB-2025
2025-02-03 14:12:29.126965,GRASIM27FEB25P2460,OPTSTK,67.1,157250,66.65,67.3,53000,250,250,GRASIM,2460.0,PE,27-FEB-2025
2025-02-03 14:12:35.569249,GRASIM27FEB25P2460,OPTSTK,67.1,157250,66.65,67.3,53000,250,250,GRASIM,2460.0,PE,27-FEB-2025
2025-02-03 14:12:42.019830,GRASIM27FEB25P2460,OPTSTK,67.1,157250,66.65,67.3,53000,250,250,GRASIM,2460.0,PE,27-FEB-2025
2025-02-03 14:12:48.526007,GRASIM27FEB25P2460,OPTSTK,67.1,157250,66.65,67.3,53000,250,250,GRASIM,2460.0,PE,27-FEB-2025
2025-02-03 14:12:54.832102,GRASIM27FEB25P2460,OPTSTK,67.1,157250,66.5,67.2,53000,500,250,GRASIM,2460.0,PE,27-FEB-2025
2025-02-03 14:13:01.325843,GRASIM27FEB25P2460,OPTSTK,67.1,157250,66.5,67.2,53000,500,250,GRASIM,2460.0,PE,27-FEB-2025
2025-02-03 14:13:07.600670,GRASIM27FEB25P2460,OPTSTK,67.1,157250,66.5,67.2,53000,500,250,GRASIM,2460.0,PE,27-FEB-2025
2025-02-03 14:13:14.219278,GRASIM27FEB25P2460,OPTSTK,67.1,157250,66.75,67.5,53000,250,250,GRASIM,2460.0,PE,27-FEB-2025
2025-02-03 14:13:20.576908,GRASIM27FEB25P2460,OPTSTK,67.1,157250,66.75,67.5,53000,250,250,GRASIM,2460.0,PE,27-FEB-2025
2025-02-03 14:13:26.992615,GRASIM27FEB25P2460,OPTSTK,67.1,157250,66.75,67.5,53000,250,250,GRASIM,2460.0,PE,27-FEB-2025
2025-02-03 14:13:33.469710,GRASIM27FEB25P2460,OPTSTK,67.1,157250,66.75,67.5,53000,250,250,GRASIM,2460.0,PE,27-FEB-2025
2025-02-03 14:13:40.266719,GRASIM27FEB25P2460,OPTSTK,67.1,157250,66.75,67.5,53000,250,250,GRASIM,2460.0,PE,27-FEB-2025
2025-02-03 14:13:46.807203,GRASIM27FEB25P2460,OPTSTK,67.1,157250,67.15,67.75,53000,500,250,GRASIM,2460.0,PE,27-FEB-2025
2025-02-03 14:13:53.126898,GRASIM27FEB25P2460,OPTSTK,67.1,157250,67.15,67.75,53000,500,250,GRASIM,2460.0,PE,27-FEB-2025
2025-02-03 14:13:59.590493,GRASIM27FEB25P2460,OPTSTK,67.1,157250,67.15,67.75,53000,500,250,GRASIM,2460.0,PE,27-FEB-2025
2025-02-03 14:14:06.075387,GRASIM27FEB25P2460,OPTSTK,67.1,157250,67.15,67.75,53000,500,250,GRASIM,2460.0,PE,27-FEB-2025
2025-02-03 14:14:12.288538,GRASIM27FEB25P2460,OPTSTK,67.1,157250,67.15,67.9,53000,250,500,GRASIM,2460.0,PE,27-FEB-2025
2025-02-03 14:14:18.860145,GRASIM27FEB25P2460,OPTSTK,67.1,157250,67.15,67.9,53000,250,500,GRASIM,2460.0,PE,27-FEB-2025
2025-02-03 14:14:25.137973,GRASIM27FEB25P2460,OPTSTK,67.1,157250,67.15,67.9,53000,250,500,GRASIM,2460.0,PE,27-FEB-2025
2025-02-03 14:14:31.588721,GRASIM27FEB25P2460,OPTSTK,66.95,157250,67.15,67.9,53000,250,500,GRASIM,2460.0,PE,27-FEB-2025
2025-02-03 14:14:38.194900,GRASIM27FEB25P2460,OPTSTK,66.95,157500,66.7,67.35,53000,250,250,GRASIM,2460.0,PE,27-FEB-2025
2025-02-03 14:14:44.505210,GRASIM27FEB25P2460,OPTSTK,66.95,157500,66.7,67.35,53000,250,250,GRASIM,2460.0,PE,27-FEB-2025
2025-02-03 14:14:50.896037,GRASIM27FEB25P2460,OPTSTK,66.95,157500,66.7,67.35,53000,250,250,GRASIM,2460.0,PE,27-FEB-2025
2025-02-03 14:14:56.985916,GRASIM27FEB25P2460,OPTSTK,66.95,157500,66.7,67.35,53000,250,250,GRASIM,2460.0,PE,27-FEB-2025
2025-02-03 14:15:03.324313,GRASIM27FEB25P2460,OPTSTK,66.95,157500,66.75,67.75,53000,250,250,GRASIM,2460.0,PE,27-FEB-2025
2025-02-03 14:15:09.640180,GRASIM27FEB25P2460,OPTSTK,66.95,157500,66.75,67.75,53000,250,250,GRASIM,2460.0,PE,27-FEB-2025
2025-02-03 14:15:15.996442,GRASIM27FEB25P2460,OPTSTK,66.95,157500,66.75,67.75,53000,250,250,GRASIM,2460.0,PE,27-FEB-2025
2025-02-03 14:15:22.417709,GRASIM27FEB25P2460,OPTSTK,66.95,157500,66.75,67.75,53000,250,250,GRASIM,2460.0,PE,27-FEB-2025
2025-02-03 14:15:28.813679,GRASIM27FEB25P2460,OPTSTK,66.95,157500,67.2,67.9,53000,250,500,GRASIM,2460.0,PE,27-FEB-2025
2025-02-03 14:15:35.155085,GRASIM27FEB25P2460,OPTSTK,66.95,157500,67.2,67.9,53000,250,500,GRASIM,2460.0,PE,27-FEB-2025
2025-02-03 14:15:41.530617,GRASIM27FEB25P2460,OPTSTK,66.95,157500,67.2,67.9,53000,250,500,GRASIM,2460.0,PE,27-FEB-2025
2025-02-03 14:15:47.688534,GRASIM27FEB25P2460,OPTSTK,66.95,157500,67.2,67.9,53000,250,500,GRASIM,2460.0,PE,27-FEB-2025
2025-02-03 14:15:54.032739,GRASIM27FEB25P2460,OPTSTK,66.95,157500,67.4,68.25,53000,250,250,GRASIM,2460.0,PE,27-FEB-2025
2025-02-03 14:16:00.437682,GRASIM27FEB25P2460,OPTSTK,66.95,157500,67.4,68.25,53000,250,250,GRASIM,2460.0,PE,27-FEB-2025
2025-02-03 14:16:06.904254,GRASIM27FEB25P2460,OPTSTK,66.95,157500,67.4,68.25,53000,250,250,GRASIM,2460.0,PE,27-FEB-2025
2025-02-03 14:16:13.207514,GRASIM27FEB25P2460,OPTSTK,66.95,157500,67.4,68.25,53000,250,250,GRASIM,2460.0,PE,27-FEB-2025
2025-02-03 14:16:19.746838,GRASIM27FEB25P2460,OPTSTK,66.95,157500,67.7,68.4,53000,250,250,GRASIM,2460.0,PE,27-FEB-2025
2025-02-03 14:16:26.001939,GRASIM27FEB25P2460,OPTSTK,66.95,157500,67.7,68.4,53000,250,250,GRASIM,2460.0,PE,27-FEB-2025
2025-02-03 14:16:32.358741,GRASIM27FEB25P2460,OPTSTK,66.95,157500,67.7,68.4,53000,250,250,GRASIM,2460.0,PE,27-FEB-2025
2025-02-03 14:16:38.592847,GRASIM27FEB25P2460,OPTSTK,66.95,157500,67.7,68.4,53000,250,250,GRASIM,2460.0,PE,27-FEB-2025
2025-02-03 14:16:44.806251,GRASIM27FEB25P2460,OPTSTK,67.95,158500,67.55,68.25,52750,250,250,GRASIM,2460.0,PE,27-FEB-2025
2025-02-03 14:16:51.169441,GRASIM27FEB25P2460,OPTSTK,67.95,158500,67.55,68.25,52750,250,250,GRASIM,2460.0,PE,27-FEB-2025
2025-02-03 14:16:57.602023,GRASIM27FEB25P2460,OPTSTK,67.95,158500,67.55,68.25,52750,250,250,GRASIM,2460.0,PE,27-FEB-2025
2025-02-03 14:17:03.871422,GRASIM27FEB25P2460,OPTSTK,67.95,158500,67.55,68.25,52750,250,250,GRASIM,2460.0,PE,27-FEB-2025
2025-02-03 14:17:10.220158,GRASIM27FEB25P2460,OPTSTK,67.95,158500,67.55,68.25,52750,250,250,GRASIM,2460.0,PE,27-FEB-2025
2025-02-03 14:17:16.509502,GRASIM27FEB25P2460,OPTSTK,67.95,158500,67.75,68.8,52750,250,250,GRASIM,2460.0,PE,27-FEB-2025
2025-02-03 14:17:22.869598,GRASIM27FEB25P2460,OPTSTK,67.95,158500,67.75,68.8,52750,250,250,GRASIM,2460.0,PE,27-FEB-2025
2025-02-03 14:17:29.275655,GRASIM27FEB25P2460,OPTSTK,67.95,158500,67.75,68.8,52750,250,250,GRASIM,2460.0,PE,27-FEB-2025
2025-02-03 14:17:35.676871,GRASIM27FEB25P2460,OPTSTK,67.95,158500,67.75,68.8,52750,250,250,GRASIM,2460.0,PE,27-FEB-2025
2025-02-03 14:17:41.980320,GRASIM27FEB25P2460,OPTSTK,67.95,158500,67.7,68.75,52750,500,500,GRASIM,2460.0,PE,27-FEB-2025
2025-02-03 14:17:48.309903,GRASIM27FEB25P2460,OPTSTK,67.95,158500,67.7,68.75,52750,500,500,GRASIM,2460.0,PE,27-FEB-2025
2025-02-03 14:17:54.502291,GRASIM27FEB25P2460,OPTSTK,67.95,158500,67.7,68.75,52750,500,500,GRASIM,2460.0,PE,27-FEB-2025
2025-02-03 14:18:01.061538,GRASIM27FEB25P2460,OPTSTK,67.95,158500,67.7,68.75,52750,500,500,GRASIM,2460.0,PE,27-FEB-2025
2025-02-03 14:18:07.325681,GRASIM27FEB25P2460,OPTSTK,67.95,158500,67.6,68.4,52750,250,250,GRASIM,2460.0,PE,27-FEB-2025
2025-02-03 14:18:13.787494,GRASIM27FEB25P2460,OPTSTK,67.95,158500,67.6,68.4,52750,250,250,GRASIM,2460.0,PE,27-FEB-2025
2025-02-03 14:18:20.142414,GRASIM27FEB25P2460,OPTSTK,67.95,158500,67.6,68.4,52750,250,250,GRASIM,2460.0,PE,27-FEB-2025
2025-02-03 14:18:26.469226,GRASIM27FEB25P2460,OPTSTK,67.95,158500,67.6,68.4,52750,250,250,GRASIM,2460.0,PE,27-FEB-2025
2025-02-03 14:18:33.783145,GRASIM27FEB25P2460,OPTSTK,67.95,158500,68.05,68.85,52750,250,250,GRASIM,2460.0,PE,27-FEB-2025
2025-02-03 14:18:40.065458,GRASIM27FEB25P2460,OPTSTK,67.95,158500,68.05,68.85,52750,250,250,GRASIM,2460.0,PE,27-FEB-2025
2025-02-03 14:18:46.439507,GRASIM27FEB25P2460,OPTSTK,67.95,158500,68.05,68.85,52750,250,250,GRASIM,2460.0,PE,27-FEB-2025
2025-02-03 14:18:52.796273,GRASIM27FEB25P2460,OPTSTK,67.95,158500,68.05,68.85,52750,250,250,GRASIM,2460.0,PE,27-FEB-2025
2025-02-03 14:18:59.231526,GRASIM27FEB25P2460,OPTSTK,68.45,158500,67.95,68.7,52750,250,250,GRASIM,2460.0,PE,27-FEB-2025
2025-02-03 14:19:05.563743,GRASIM27FEB25P2460,OPTSTK,68.45,158500,67.95,68.7,52750,250,250,GRASIM,2460.0,PE,27-FEB-2025
2025-02-03 14:19:11.989450,GRASIM27FEB25P2460,OPTSTK,68.45,158500,67.95,68.7,52750,250,250,GRASIM,2460.0,PE,27-FEB-2025
2025-02-03 14:19:18.352322,GRASIM27FEB25P2460,OPTSTK,68.45,158500,67.95,68.7,52750,250,250,GRASIM,2460.0,PE,27-FEB-2025
2025-02-03 14:19:25.658066,GRASIM27FEB25P2460,OPTSTK,68.45,158750,67.9,68.5,52750,250,250,GRASIM,2460.0,PE,27-FEB-2025
2025-02-03 14:19:31.892220,GRASIM27FEB25P2460,OPTSTK,68.45,158750,67.9,68.5,52750,250,250,GRASIM,2460.0,PE,27-FEB-2025
2025-02-03 14:19:38.314280,GRASIM27FEB25P2460,OPTSTK,68.45,158750,67.9,68.5,52750,250,250,GRASIM,2460.0,PE,27-FEB-2025
2025-02-03 14:19:44.691968,GRASIM27FEB25P2460,OPTSTK,68.45,158750,67.9,68.5,52750,250,250,GRASIM,2460.0,PE,27-FEB-2025
2025-02-03 14:19:51.151722,GRASIM27FEB25P2460,OPTSTK,68.45,158750,67.25,68.2,52750,250,250,GRASIM,2460.0,PE,27-FEB-2025
2025-02-03 14:19:57.480237,GRASIM27FEB25P2460,OPTSTK,68.45,158750,67.25,68.2,52750,250,250,GRASIM,2460.0,PE,27-FEB-2025
2025-02-03 14:20:03.879594,GRASIM27FEB25P2460,OPTSTK,68.45,158750,67.25,68.2,52750,250,250,GRASIM,2460.0,PE,27-FEB-2025
2025-02-03 14:20:10.204055,GRASIM27FEB25P2460,OPTSTK,68.45,158750,67.25,68.2,52750,250,250,GRASIM,2460.0,PE,27-FEB-2025
2025-02-03 14:20:16.384545,GRASIM27FEB25P2460,OPTSTK,68.45,158750,67.25,68.2,52750,250,250,GRASIM,2460.0,PE,27-FEB-2025
2025-02-03 14:20:22.806691,GRASIM27FEB25P2460,OPTSTK,68.45,158750,67.6,68.4,52750,250,250,GRASIM,2460.0,PE,27-FEB-2025
2025-02-03 14:20:29.083621,GRASIM27FEB25P2460,OPTSTK,68.45,158750,67.6,68.4,52750,250,250,GRASIM,2460.0,PE,27-FEB-2025
2025-02-03 14:20:35.574750,GRASIM27FEB25P2460,OPTSTK,68.45,158750,67.6,68.4,52750,250,250,GRASIM,2460.0,PE,27-FEB-2025
2025-02-03 14:20:41.868349,GRASIM27FEB25P2460,OPTSTK,68.45,158750,67.6,68.4,52750,250,250,GRASIM,2460.0,PE,27-FEB-2025
2025-02-03 14:20:48.393508,GRASIM27FEB25P2460,OPTSTK,68.45,158750,67.65,68.7,52750,250,250,GRASIM,2460.0,PE,27-FEB-2025
2025-02-03 14:20:54.714149,GRASIM27FEB25P2460,OPTSTK,68.45,158750,67.65,68.7,52750,250,250,GRASIM,2460.0,PE,27-FEB-2025
2025-02-03 14:21:01.140392,GRASIM27FEB25P2460,OPTSTK,68.45,158750,67.65,68.7,52750,250,250,GRASIM,2460.0,PE,27-FEB-2025
2025-02-03 14:21:07.633405,GRASIM27FEB25P2460,OPTSTK,68.45,158750,67.65,68.7,52750,250,250,GRASIM,2460.0,PE,27-FEB-2025
2025-02-03 14:21:13.900833,GRASIM27FEB25P2460,OPTSTK,68.45,158750,68.05,68.95,52750,250,250,GRASIM,2460.0,PE,27-FEB-2025
2025-02-03 14:21:20.299601,GRASIM27FEB25P2460,OPTSTK,68.45,158750,68.05,68.95,52750,250,250,GRASIM,2460.0,PE,27-FEB-2025
2025-02-03 14:21:26.698536,GRASIM27FEB25P2460,OPTSTK,68.45,158750,68.05,68.95,52750,250,250,GRASIM,2460.0,PE,27-FEB-2025
2025-02-03 14:21:33.048741,GRASIM27FEB25P2460,OPTSTK,68.45,158750,68.05,68.95,52750,250,250,GRASIM,2460.0,PE,27-FEB-2025
2025-02-03 14:21:39.378277,GRASIM27FEB25P2460,OPTSTK,68.45,158750,68.2,68.95,52750,250,250,GRASIM,2460.0,PE,27-FEB-2025
2025-02-03 14:21:45.857745,GRASIM27FEB25P2460,OPTSTK,68.45,158750,68.2,68.95,52750,250,250,GRASIM,2460.0,PE,27-FEB-2025
2025-02-03 14:21:52.196113,GRASIM27FEB25P2460,OPTSTK,68.45,158750,68.2,68.95,52750,250,250,GRASIM,2460.0,PE,27-FEB-2025
2025-02-03 14:21:58.550929,GRASIM27FEB25P2460,OPTSTK,68.45,158750,68.2,68.95,52750,250,250,GRASIM,2460.0,PE,27-FEB-2025
2025-02-03 14:22:05.008635,GRASIM27FEB25P2460,OPTSTK,69.0,160500,68.65,69.45,53500,250,250,GRASIM,2460.0,PE,27-FEB-2025
2025-02-03 14:22:11.375002,GRASIM27FEB25P2460,OPTSTK,69.1,160500,68.65,69.45,53500,250,250,GRASIM,2460.0,PE,27-FEB-2025
2025-02-03 14:22:17.759895,GRASIM27FEB25P2460,OPTSTK,69.1,160500,68.65,69.45,53500,250,250,GRASIM,2460.0,PE,27-FEB-2025
2025-02-03 14:22:24.147150,GRASIM27FEB25P2460,OPTSTK,69.1,160500,68.65,69.45,53500,250,250,GRASIM,2460.0,PE,27-FEB-2025
2025-02-03 14:22:30.616036,GRASIM27FEB25P2460,OPTSTK,69.1,161000,68.7,69.15,53500,250,500,GRASIM,2460.0,PE,27-FEB-2025
2025-02-03 14:22:36.947860,GRASIM27FEB25P2460,OPTSTK,69.1,161000,68.7,69.15,53500,250,500,GRASIM,2460.0,PE,27-FEB-2025
2025-02-03 14:22:43.227248,GRASIM27FEB25P2460,OPTSTK,69.1,161000,68.7,69.15,53500,250,500,GRASIM,2460.0,PE,27-FEB-2025
2025-02-03 14:22:49.805927,GRASIM27FEB25P2460,OPTSTK,69.1,161000,68.7,69.15,53500,250,500,GRASIM,2460.0,PE,27-FEB-2025
2025-02-03 14:22:56.094716,GRASIM27FEB25P2460,OPTSTK,69.1,161000,68.7,69.15,53500,250,500,GRASIM,2460.0,PE,27-FEB-2025
2025-02-03 14:23:02.603249,GRASIM27FEB25P2460,OPTSTK,68.95,161000,68.95,69.55,53000,500,250,GRASIM,2460.0,PE,27-FEB-2025
2025-02-03 14:23:08.774480,GRASIM27FEB25P2460,OPTSTK,68.95,161000,68.95,69.55,53000,500,250,GRASIM,2460.0,PE,27-FEB-2025
2025-02-03 14:23:16.094885,GRASIM27FEB25P2460,OPTSTK,68.95,161000,68.95,69.55,53000,500,250,GRASIM,2460.0,PE,27-FEB-2025
2025-02-03 14:23:22.556367,GRASIM27FEB25P2460,OPTSTK,68.95,161000,68.95,69.55,53000,500,250,GRASIM,2460.0,PE,27-FEB-2025
2025-02-03 14:23:28.811035,GRASIM27FEB25P2460,OPTSTK,69.1,161500,69.05,69.6,53000,250,250,GRASIM,2460.0,PE,27-FEB-2025
2025-02-03 14:23:35.232020,GRASIM27FEB25P2460,OPTSTK,69.1,161500,69.05,69.6,53000,250,250,GRASIM,2460.0,PE,27-FEB-2025
2025-02-03 14:23:41.622494,GRASIM27FEB25P2460,OPTSTK,69.1,161500,69.05,69.6,53000,250,250,GRASIM,2460.0,PE,27-FEB-2025
2025-02-03 14:23:48.077381,GRASIM27FEB25P2460,OPTSTK,69.1,161500,69.05,69.6,53000,250,250,GRASIM,2460.0,PE,27-FEB-2025
2025-02-03 14:23:54.622635,GRASIM27FEB25P2460,OPTSTK,69.4,161500,69.3,69.75,53000,250,250,GRASIM,2460.0,PE,27-FEB-2025
2025-02-03 14:24:00.974274,GRASIM27FEB25P2460,OPTSTK,69.4,161500,69.3,69.75,53000,250,250,GRASIM,2460.0,PE,27-FEB-2025
2025-02-03 14:24:07.622365,GRASIM27FEB25P2460,OPTSTK,69.4,161500,69.3,69.75,53000,250,250,GRASIM,2460.0,PE,27-FEB-2025
2025-02-03 14:24:13.816090,GRASIM27FEB25P2460,OPTSTK,69.4,161500,69.3,69.75,53000,250,250,GRASIM,2460.0,PE,27-FEB-2025
2025-02-03 14:24:20.182534,GRASIM27FEB25P2460,OPTSTK,69.4,162000,68.5,69.2,53000,250,250,GRASIM,2460.0,PE,27-FEB-2025
2025-02-03 14:24:26.450151,GRASIM27FEB25P2460,OPTSTK,69.4,162000,68.5,69.2,53000,250,250,GRASIM,2460.0,PE,27-FEB-2025
2025-02-03 14:24:32.828461,GRASIM27FEB25P2460,OPTSTK,69.4,162000,68.5,69.2,53000,250,250,GRASIM,2460.0,PE,27-FEB-2025
2025-02-03 14:24:39.417156,GRASIM27FEB25P2460,OPTSTK,69.4,162000,68.5,69.2,53000,250,250,GRASIM,2460.0,PE,27-FEB-2025
2025-02-03 14:24:45.929552,GRASIM27FEB25P2460,OPTSTK,69.4,162000,68.55,69.25,53000,250,500,GRASIM,2460.0,PE,27-FEB-2025
2025-02-03 14:24:52.386829,GRASIM27FEB25P2460,OPTSTK,69.4,162000,68.55,69.25,53000,250,500,GRASIM,2460.0,PE,27-FEB-2025
2025-02-03 14:24:58.940481,GRASIM27FEB25P2460,OPTSTK,69.4,162000,68.55,69.25,53000,250,500,GRASIM,2460.0,PE,27-FEB-2025
2025-02-03 14:25:05.504098,GRASIM27FEB25P2460,OPTSTK,69.4,162000,68.55,69.25,53000,250,500,GRASIM,2460.0,PE,27-FEB-2025
2025-02-03 14:25:11.916349,GRASIM27FEB25P2460,OPTSTK,69.4,162000,68.35,69.15,53000,250,250,GRASIM,2460.0,PE,27-FEB-2025
2025-02-03 14:25:18.345099,GRASIM27FEB25P2460,OPTSTK,69.4,162000,68.35,69.15,53000,250,250,GRASIM,2460.0,PE,27-FEB-2025
2025-02-03 14:25:24.951414,GRASIM27FEB25P2460,OPTSTK,69.4,162000,68.35,69.15,53000,250,250,GRASIM,2460.0,PE,27-FEB-2025
2025-02-03 14:25:31.313438,GRASIM27FEB25P2460,OPTSTK,69.4,162000,68.35,69.15,53000,250,250,GRASIM,2460.0,PE,27-FEB-2025
2025-02-03 14:25:37.786398,GRASIM27FEB25P2460,OPTSTK,69.4,162000,68.65,69.25,53000,250,500,GRASIM,2460.0,PE,27-FEB-2025
2025-02-03 14:25:44.199325,GRASIM27FEB25P2460,OPTSTK,69.4,162000,68.65,69.25,53000,250,500,GRASIM,2460.0,PE,27-FEB-2025
2025-02-03 14:25:50.602499,GRASIM27FEB25P2460,OPTSTK,69.4,162000,68.65,69.25,53000,250,500,GRASIM,2460.0,PE,27-FEB-2025
2025-02-03 14:25:57.141453,GRASIM27FEB25P2460,OPTSTK,69.4,162000,68.65,69.25,53000,250,500,GRASIM,2460.0,PE,27-FEB-2025
2025-02-03 14:26:03.584667,GRASIM27FEB25P2460,OPTSTK,69.4,162000,67.9,68.75,53000,250,250,GRASIM,2460.0,PE,27-FEB-2025
2025-02-03 14:26:10.062924,GRASIM27FEB25P2460,OPTSTK,69.4,162000,67.9,68.75,53000,250,250,GRASIM,2460.0,PE,27-FEB-2025
2025-02-03 14:26:16.906081,GRASIM27FEB25P2460,OPTSTK,69.4,162000,67.9,68.75,53000,250,250,GRASIM,2460.0,PE,27-FEB-2025
2025-02-03 14:26:23.433560,GRASIM27FEB25P2460,OPTSTK,69.4,162000,67.9,68.75,53000,250,250,GRASIM,2460.0,PE,27-FEB-2025
2025-02-03 14:26:29.827862,GRASIM27FEB25P2460,OPTSTK,69.4,162000,67.9,68.75,53000,250,250,GRASIM,2460.0,PE,27-FEB-2025
2025-02-03 14:26:36.256269,GRASIM27FEB25P2460,OPTSTK,69.4,162000,68.25,68.9,53000,250,250,GRASIM,2460.0,PE,27-FEB-2025
2025-02-03 14:26:42.600440,GRASIM27FEB25P2460,OPTSTK,69.4,162000,68.25,68.9,53000,250,250,GRASIM,2460.0,PE,27-FEB-2025
2025-02-03 14:26:49.095965,GRASIM27FEB25P2460,OPTSTK,69.4,162000,68.25,68.9,53000,250,250,GRASIM,2460.0,PE,27-FEB-2025
2025-02-03 14:26:55.484364,GRASIM27FEB25P2460,OPTSTK,69.4,162000,68.25,68.9,53000,250,250,GRASIM,2460.0,PE,27-FEB-2025
2025-02-03 14:27:02.018597,GRASIM27FEB25P2460,OPTSTK,69.4,162000,68.05,68.75,53000,250,250,GRASIM,2460.0,PE,27-FEB-2025
2025-02-03 14:27:08.348090,GRASIM27FEB25P2460,OPTSTK,69.4,162000,68.05,68.75,53000,250,250,GRASIM,2460.0,PE,27-FEB-2025
2025-02-03 14:27:14.496367,GRASIM27FEB25P2460,OPTSTK,69.4,162000,68.05,68.75,53000,250,250,GRASIM,2460.0,PE,27-FEB-2025
2025-02-03 14:27:20.878685,GRASIM27FEB25P2460,OPTSTK,69.4,162000,68.05,68.75,53000,250,250,GRASIM,2460.0,PE,27-FEB-2025
2025-02-03 14:27:27.355096,GRASIM27FEB25P2460,OPTSTK,69.4,162000,67.95,68.7,53000,250,250,GRASIM,2460.0,PE,27-FEB-2025
2025-02-03 14:27:33.744027,GRASIM27FEB25P2460,OPTSTK,69.4,162000,67.95,68.7,53000,250,250,GRASIM,2460.0,PE,27-FEB-2025
2025-02-03 14:27:40.052049,GRASIM27FEB25P2460,OPTSTK,69.4,162000,67.95,68.7,53000,250,250,GRASIM,2460.0,PE,27-FEB-2025
2025-02-03 14:27:46.586521,GRASIM27FEB25P2460,OPTSTK,69.4,162000,67.95,68.7,53000,250,250,GRASIM,2460.0,PE,27-FEB-2025
2025-02-03 14:27:52.826674,GRASIM27FEB25P2460,OPTSTK,69.4,162000,67.95,68.7,53000,250,250,GRASIM,2460.0,PE,27-FEB-2025
2025-02-03 14:27:59.385108,GRASIM27FEB25P2460,OPTSTK,68.2,162000,67.95,68.7,52500,250,250,GRASIM,2460.0,PE,27-FEB-2025
2025-02-03 14:28:05.768410,GRASIM27FEB25P2460,OPTSTK,68.2,162000,67.95,68.7,52500,250,250,GRASIM,2460.0,PE,27-FEB-2025
2025-02-03 14:28:12.081580,GRASIM27FEB25P2460,OPTSTK,68.2,162000,67.95,68.7,52500,250,250,GRASIM,2460.0,PE,27-FEB-2025
2025-02-03 14:28:18.557691,GRASIM27FEB25P2460,OPTSTK,68.2,162250,68.15,68.95,52500,250,250,GRASIM,2460.0,PE,27-FEB-2025
2025-02-03 14:28:24.881432,GRASIM27FEB25P2460,OPTSTK,68.2,162250,68.15,68.95,52500,250,250,GRASIM,2460.0,PE,27-FEB-2025
2025-02-03 14:28:31.138095,GRASIM27FEB25P2460,OPTSTK,68.2,162250,68.15,68.95,52500,250,250,GRASIM,2460.0,PE,27-FEB-2025
2025-02-03 14:28:37.500301,GRASIM27FEB25P2460,OPTSTK,68.2,162250,68.15,68.95,52500,250,250,GRASIM,2460.0,PE,27-FEB-2025
2025-02-03 14:28:44.043855,GRASIM27FEB25P2460,OPTSTK,68.2,162250,67.45,68.0,52500,250,250,GRASIM,2460.0,PE,27-FEB-2025
2025-02-03 14:28:50.675123,GRASIM27FEB25P2460,OPTSTK,68.2,162250,67.45,68.0,52500,250,250,GRASIM,2460.0,PE,27-FEB-2025
2025-02-03 14:28:57.089634,GRASIM27FEB25P2460,OPTSTK,68.2,162250,67.45,68.0,52500,250,250,GRASIM,2460.0,PE,27-FEB-2025
2025-02-03 14:29:03.503793,GRASIM27FEB25P2460,OPTSTK,68.2,162250,67.45,68.0,52500,250,250,GRASIM,2460.0,PE,27-FEB-2025
2025-02-03 14:29:10.020105,GRASIM27FEB25P2460,OPTSTK,67.1,164750,66.85,67.45,52500,500,250,GRASIM,2460.0,PE,27-FEB-2025
2025-02-03 14:29:17.315774,GRASIM27FEB25P2460,OPTSTK,67.1,164750,66.85,67.45,52500,500,250,GRASIM,2460.0,PE,27-FEB-2025
2025-02-03 14:29:23.654459,GRASIM27FEB25P2460,OPTSTK,67.1,164750,66.85,67.45,52500,500,250,GRASIM,2460.0,PE,27-FEB-2025
2025-02-03 14:29:30.029858,GRASIM27FEB25P2460,OPTSTK,67.1,164750,66.85,67.45,52500,500,250,GRASIM,2460.0,PE,27-FEB-2025
2025-02-03 14:29:36.349883,GRASIM27FEB25P2460,OPTSTK,67.1,164750,67.3,68.1,52500,250,250,GRASIM,2460.0,PE,27-FEB-2025
2025-02-03 14:29:42.849842,GRASIM27FEB25P2460,OPTSTK,67.1,164750,67.3,68.1,52500,250,250,GRASIM,2460.0,PE,27-FEB-2025
2025-02-03 14:29:49.296531,GRASIM27FEB25P2460,OPTSTK,67.1,164750,67.3,68.1,52500,250,250,GRASIM,2460.0,PE,27-FEB-2025
2025-02-03 14:29:55.825036,GRASIM27FEB25P2460,OPTSTK,67.1,164750,67.3,68.1,52500,250,250,GRASIM,2460.0,PE,27-FEB-2025
2025-02-03 14:30:02.294428,GRASIM27FEB25P2460,OPTSTK,67.1,164750,67.45,68.05,52500,250,250,GRASIM,2460.0,PE,27-FEB-2025
2025-02-03 14:30:43.356458,GRASIM27FEB25P2460,OPTSTK,68.5,164750,67.85,68.45,52500,250,250,GRASIM,2460.0,PE,27-FEB-2025
2025-02-03 14:30:51.472723,GRASIM27FEB25P2460,OPTSTK,68.5,164750,67.85,68.45,52500,250,250,GRASIM,2460.0,PE,27-FEB-2025
2025-02-03 14:30:57.680651,GRASIM27FEB25P2460,OPTSTK,68.5,168000,68.3,68.85,52500,250,250,GRASIM,2460.0,PE,27-FEB-2025
2025-02-03 14:31:04.042521,GRASIM27FEB25P2460,OPTSTK,68.5,168000,68.3,68.85,52500,250,250,GRASIM,2460.0,PE,27-FEB-2025
2025-02-03 14:31:10.729649,GRASIM27FEB25P2460,OPTSTK,68.5,168000,68.3,68.85,52500,250,250,GRASIM,2460.0,PE,27-FEB-2025
2025-02-03 14:31:17.062359,GRASIM27FEB25P2460,OPTSTK,68.5,168000,68.3,68.85,52500,250,250,GRASIM,2460.0,PE,27-FEB-2025
2025-02-03 14:31:24.194290,GRASIM27FEB25P2460,OPTSTK,68.5,168250,68.2,68.85,52500,250,500,GRASIM,2460.0,PE,27-FEB-2025
2025-02-03 14:31:32.517022,GRASIM27FEB25P2460,OPTSTK,68.5,168250,68.2,68.85,52500,250,500,GRASIM,2460.0,PE,27-FEB-2025
2025-02-03 14:31:39.856788,GRASIM27FEB25P2460,OPTSTK,68.5,168250,68.2,68.85,52500,250,500,GRASIM,2460.0,PE,27-FEB-2025
2025-02-03 14:31:46.142360,GRASIM27FEB25P2460,OPTSTK,68.5,168250,68.2,68.85,52500,250,500,GRASIM,2460.0,PE,27-FEB-2025
2025-02-03 14:31:52.500672,GRASIM27FEB25P2460,OPTSTK,68.5,168250,68.2,68.85,52500,250,500,GRASIM,2460.0,PE,27-FEB-2025
2025-02-03 14:31:58.981509,GRASIM27FEB25P2460,OPTSTK,68.45,168750,68.35,68.95,52500,250,750,GRASIM,2460.0,PE,27-FEB-2025
2025-02-03 14:32:05.496655,GRASIM27FEB25P2460,OPTSTK,68.45,168750,68.35,68.95,52500,250,750,GRASIM,2460.0,PE,27-FEB-2025
2025-02-03 14:32:12.111592,GRASIM27FEB25P2460,OPTSTK,68.45,168750,68.35,68.95,52500,250,750,GRASIM,2460.0,PE,27-FEB-2025
2025-02-03 14:32:18.524116,GRASIM27FEB25P2460,OPTSTK,68.45,168750,68.35,68.95,52500,250,750,GRASIM,2460.0,PE,27-FEB-2025
2025-02-03 14:32:24.670198,GRASIM27FEB25P2460,OPTSTK,68.45,169250,68.4,69.0,52500,250,500,GRASIM,2460.0,PE,27-FEB-2025
2025-02-03 14:32:30.936089,GRASIM27FEB25P2460,OPTSTK,68.45,169250,68.4,69.0,52500,250,500,GRASIM,2460.0,PE,27-FEB-2025
2025-02-03 14:32:37.285313,GRASIM27FEB25P2460,OPTSTK,68.45,169250,68.4,69.0,52500,250,500,GRASIM,2460.0,PE,27-FEB-2025
2025-02-03 14:32:45.733894,GRASIM27FEB25P2460,OPTSTK,68.45,169250,68.55,69.0,52500,250,500,GRASIM,2460.0,PE,27-FEB-2025
2025-02-03 14:32:53.251613,GRASIM27FEB25P2460,OPTSTK,68.45,169250,68.55,69.0,52500,250,500,GRASIM,2460.0,PE,27-FEB-2025
2025-02-03 14:33:00.105556,GRASIM27FEB25P2460,OPTSTK,68.45,169250,68.55,69.0,52500,250,500,GRASIM,2460.0,PE,27-FEB-2025
2025-02-03 14:33:06.589139,GRASIM27FEB25P2460,OPTSTK,68.45,169250,68.55,69.0,52500,250,500,GRASIM,2460.0,PE,27-FEB-2025
2025-02-03 14:33:12.868657,GRASIM27FEB25P2460,OPTSTK,68.45,169250,68.4,69.0,52500,500,500,GRASIM,2460.0,PE,27-FEB-2025
2025-02-03 14:33:19.183295,GRASIM27FEB25P2460,OPTSTK,68.45,169250,68.4,69.0,52500,500,500,GRASIM,2460.0,PE,27-FEB-2025
2025-02-03 14:33:25.400251,GRASIM27FEB25P2460,OPTSTK,68.45,169250,68.4,69.0,52500,500,500,GRASIM,2460.0,PE,27-FEB-2025
2025-02-03 14:33:31.572594,GRASIM27FEB25P2460,OPTSTK,68.45,169250,68.4,69.0,52500,500,500,GRASIM,2460.0,PE,27-FEB-2025
2025-02-03 14:33:37.858926,GRASIM27FEB25P2460,OPTSTK,68.45,169250,68.4,69.0,52500,500,500,GRASIM,2460.0,PE,27-FEB-2025
2025-02-03 14:33:44.355900,GRASIM27FEB25P2460,OPTSTK,68.45,169250,68.2,68.75,52500,500,250,GRASIM,2460.0,PE,27-FEB-2025
2025-02-03 14:33:50.615599,GRASIM27FEB25P2460,OPTSTK,68.45,169250,68.2,68.75,52500,500,250,GRASIM,2460.0,PE,27-FEB-2025
2025-02-03 14:35:44.950271,GRASIM27FEB25P2460,OPTSTK,68.7,170750,68.35,69.1,52500,250,500,GRASIM,2460.0,PE,27-FEB-2025
2025-02-03 14:35:51.344482,GRASIM27FEB25P2460,OPTSTK,68.7,170750,68.35,69.0,52500,250,250,GRASIM,2460.0,PE,27-FEB-2025
2025-02-03 14:35:57.486583,GRASIM27FEB25P2460,OPTSTK,68.7,170750,68.45,69.1,52500,250,250,GRASIM,2460.0,PE,27-FEB-2025
2025-02-03 14:36:03.689463,GRASIM27FEB25P2460,OPTSTK,68.7,170750,68.3,68.8,52500,250,250,GRASIM,2460.0,PE,27-FEB-2025
2025-02-03 14:36:09.913375,GRASIM27FEB25P2460,OPTSTK,68.7,170750,68.4,69.0,52500,250,250,GRASIM,2460.0,PE,27-FEB-2025
2025-02-03 14:36:16.317857,GRASIM27FEB25P2460,OPTSTK,68.7,170750,68.35,69.0,52500,250,250,GRASIM,2460.0,PE,27-FEB-2025
2025-02-03 14:36:22.586297,GRASIM27FEB25P2460,OPTSTK,68.7,170750,68.5,69.0,52500,250,250,GRASIM,2460.0,PE,27-FEB-2025
2025-02-03 14:36:30.031925,GRASIM27FEB25P2460,OPTSTK,68.7,170750,68.3,68.95,52500,250,250,GRASIM,2460.0,PE,27-FEB-2025
2025-02-03 14:36:38.344827,GRASIM27FEB25P2460,OPTSTK,68.3,171250,68.0,68.75,52500,250,250,GRASIM,2460.0,PE,27-FEB-2025
2025-02-03 14:36:45.591613,GRASIM27FEB25P2460,OPTSTK,68.2,171250,68.0,68.75,52500,250,250,GRASIM,2460.0,PE,27-FEB-2025
2025-02-03 14:36:51.956318,GRASIM27FEB25P2460,OPTSTK,68.2,171500,67.5,68.05,52500,250,250,GRASIM,2460.0,PE,27-FEB-2025
2025-02-03 14:36:58.458265,GRASIM27FEB25P2460,OPTSTK,68.2,171500,67.5,68.05,52500,250,250,GRASIM,2460.0,PE,27-FEB-2025
2025-02-03 14:37:04.728030,GRASIM27FEB25P2460,OPTSTK,68.2,171500,67.5,68.05,52500,250,250,GRASIM,2460.0,PE,27-FEB-2025
2025-02-03 14:37:11.300510,GRASIM27FEB25P2460,OPTSTK,68.2,171500,67.5,68.05,52500,250,250,GRASIM,2460.0,PE,27-FEB-2025
2025-02-03 14:37:17.809266,GRASIM27FEB25P2460,OPTSTK,68.2,171500,67.15,67.8,52500,250,500,GRASIM,2460.0,PE,27-FEB-2025
2025-02-03 14:37:24.099264,GRASIM27FEB25P2460,OPTSTK,68.2,171500,67.15,67.8,52500,250,500,GRASIM,2460.0,PE,27-FEB-2025
2025-02-03 14:37:30.659246,GRASIM27FEB25P2460,OPTSTK,68.2,171500,67.15,67.8,52500,250,500,GRASIM,2460.0,PE,27-FEB-2025
2025-02-03 14:37:36.914695,GRASIM27FEB25P2460,OPTSTK,68.2,171500,67.15,67.8,52500,250,500,GRASIM,2460.0,PE,27-FEB-2025
2025-02-03 14:37:42.999197,GRASIM27FEB25P2460,OPTSTK,68.2,171500,67.6,68.2,52500,250,500,GRASIM,2460.0,PE,27-FEB-2025
2025-02-03 14:37:52.064526,GRASIM27FEB25P2460,OPTSTK,68.2,171500,67.6,68.2,52500,250,500,GRASIM,2460.0,PE,27-FEB-2025
2025-02-03 14:37:59.585656,GRASIM27FEB25P2460,OPTSTK,68.2,171500,67.6,68.2,52500,250,500,GRASIM,2460.0,PE,27-FEB-2025
2025-02-03 14:38:06.071169,GRASIM27FEB25P2460,OPTSTK,68.2,171500,67.6,68.2,52500,250,500,GRASIM,2460.0,PE,27-FEB-2025
2025-02-03 14:38:12.576216,GRASIM27FEB25P2460,OPTSTK,68.2,171500,67.6,68.2,52500,250,500,GRASIM,2460.0,PE,27-FEB-2025
2025-02-03 14:38:18.960566,GRASIM27FEB25P2460,OPTSTK,68.2,171500,67.45,68.15,52500,250,250,GRASIM,2460.0,PE,27-FEB-2025
2025-02-03 14:38:25.683895,GRASIM27FEB25P2460,OPTSTK,68.2,171500,67.45,68.15,52500,250,250,GRASIM,2460.0,PE,27-FEB-2025
2025-02-03 14:38:32.013801,GRASIM27FEB25P2460,OPTSTK,68.2,171500,67.45,68.15,52500,250,250,GRASIM,2460.0,PE,27-FEB-2025
2025-02-03 14:38:38.344636,GRASIM27FEB25P2460,OPTSTK,67.1,171500,67.45,68.15,53750,250,250,GRASIM,2460.0,PE,27-FEB-2025
2025-02-03 14:38:44.564038,GRASIM27FEB25P2460,OPTSTK,67.1,173000,66.55,67.15,53750,250,250,GRASIM,2460.0,PE,27-FEB-2025
2025-02-03 14:38:51.358824,GRASIM27FEB25P2460,OPTSTK,67.1,173000,66.55,67.15,53750,250,250,GRASIM,2460.0,PE,27-FEB-2025
2025-02-03 14:38:57.774138,GRASIM27FEB25P2460,OPTSTK,65.85,173000,66.55,67.15,53750,250,250,GRASIM,2460.0,PE,27-FEB-2025
2025-02-03 14:39:06.403608,GRASIM27FEB25P2460,OPTSTK,65.85,173250,65.3,65.9,53750,500,250,GRASIM,2460.0,PE,27-FEB-2025
2025-02-03 14:39:14.195858,GRASIM27FEB25P2460,OPTSTK,65.85,173250,65.3,65.9,53750,500,250,GRASIM,2460.0,PE,27-FEB-2025
2025-02-03 14:39:20.934328,GRASIM27FEB25P2460,OPTSTK,65.85,173250,65.3,65.9,53750,500,250,GRASIM,2460.0,PE,27-FEB-2025
2025-02-03 14:39:27.762571,GRASIM27FEB25P2460,OPTSTK,65.85,173250,65.3,65.9,53750,500,250,GRASIM,2460.0,PE,27-FEB-2025
2025-02-03 14:39:33.992854,GRASIM27FEB25P2460,OPTSTK,65.9,173250,65.3,65.9,53750,500,250,GRASIM,2460.0,PE,27-FEB-2025
2025-02-03 14:39:40.309778,GRASIM27FEB25P2460,OPTSTK,65.5,173500,65.15,65.95,53750,250,250,GRASIM,2460.0,PE,27-FEB-2025
2025-02-03 14:39:46.918502,GRASIM27FEB25P2460,OPTSTK,65.5,173500,65.15,65.95,53750,250,250,GRASIM,2460.0,PE,27-FEB-2025
2025-02-03 14:39:53.503095,GRASIM27FEB25P2460,OPTSTK,65.5,173500,65.15,65.95,53750,250,250,GRASIM,2460.0,PE,27-FEB-2025
2025-02-03 14:40:00.088547,GRASIM27FEB25P2460,OPTSTK,65.5,173500,65.15,65.95,53750,250,250,GRASIM,2460.0,PE,27-FEB-2025
2025-02-03 14:40:06.603530,GRASIM27FEB25P2460,OPTSTK,65.15,173750,65.1,65.65,53750,1000,250,GRASIM,2460.0,PE,27-FEB-2025
2025-02-03 14:40:13.048124,GRASIM27FEB25P2460,OPTSTK,65.1,173750,65.1,65.65,53750,1000,250,GRASIM,2460.0,PE,27-FEB-2025
2025-02-03 14:40:21.578147,GRASIM27FEB25P2460,OPTSTK,65.1,173750,65.1,65.65,53750,1000,250,GRASIM,2460.0,PE,27-FEB-2025
2025-02-03 14:40:29.990044,GRASIM27FEB25P2460,OPTSTK,65.1,175500,64.95,65.55,53750,500,250,GRASIM,2460.0,PE,27-FEB-2025
2025-02-03 14:40:37.349855,GRASIM27FEB25P2460,OPTSTK,65.1,175500,64.95,65.55,53750,500,250,GRASIM,2460.0,PE,27-FEB-2025
2025-02-03 14:40:43.528012,GRASIM27FEB25P2460,OPTSTK,65.1,175500,64.95,65.55,53750,500,250,GRASIM,2460.0,PE,27-FEB-2025
2025-02-03 14:40:50.011492,GRASIM27FEB25P2460,OPTSTK,65.1,175500,64.95,65.55,53750,500,250,GRASIM,2460.0,PE,27-FEB-2025
2025-02-03 14:40:56.240907,GRASIM27FEB25P2460,OPTSTK,65.1,175500,65.2,65.95,53750,250,500,GRASIM,2460.0,PE,27-FEB-2025
2025-02-03 14:41:02.633069,GRASIM27FEB25P2460,OPTSTK,65.1,175500,65.2,65.95,53750,250,500,GRASIM,2460.0,PE,27-FEB-2025
2025-02-03 14:41:09.064053,GRASIM27FEB25P2460,OPTSTK,65.1,175500,65.2,65.95,53750,250,500,GRASIM,2460.0,PE,27-FEB-2025
2025-02-03 14:41:15.261637,GRASIM27FEB25P2460,OPTSTK,65.6,175500,65.2,65.95,54000,250,500,GRASIM,2460.0,PE,27-FEB-2025
2025-02-03 14:41:21.599837,GRASIM27FEB25P2460,OPTSTK,65.6,175500,65.2,65.95,54000,250,500,GRASIM,2460.0,PE,27-FEB-2025
2025-02-03 14:41:27.926808,GRASIM27FEB25P2460,OPTSTK,65.6,175750,64.7,65.5,54000,250,250,GRASIM,2460.0,PE,27-FEB-2025
2025-02-03 14:41:34.943655,GRASIM27FEB25P2460,OPTSTK,65.6,175750,64.7,65.5,54000,250,250,GRASIM,2460.0,PE,27-FEB-2025
2025-02-03 14:41:43.426665,GRASIM27FEB25P2460,OPTSTK,65.6,175750,64.7,65.5,54000,250,250,GRASIM,2460.0,PE,27-FEB-2025
2025-02-03 14:41:51.194085,GRASIM27FEB25P2460,OPTSTK,65.6,175750,64.5,65.05,54000,250,250,GRASIM,2460.0,PE,27-FEB-2025
2025-02-03 14:41:57.474344,GRASIM27FEB25P2460,OPTSTK,65.0,175750,64.5,65.05,54000,250,250,GRASIM,2460.0,PE,27-FEB-2025
2025-02-03 14:42:03.826622,GRASIM27FEB25P2460,OPTSTK,65.0,175750,64.5,65.05,54000,250,250,GRASIM,2460.0,PE,27-FEB-2025
2025-02-03 14:42:10.270653,GRASIM27FEB25P2460,OPTSTK,65.0,175750,64.5,65.05,54000,250,250,GRASIM,2460.0,PE,27-FEB-2025
2025-02-03 14:42:16.495354,GRASIM27FEB25P2460,OPTSTK,65.0,176000,64.75,65.35,54000,250,750,GRASIM,2460.0,PE,27-FEB-2025
2025-02-03 14:42:22.931241,GRASIM27FEB25P2460,OPTSTK,65.0,176000,64.75,65.35,54000,250,750,GRASIM,2460.0,PE,27-FEB-2025
2025-02-03 14:42:29.554002,GRASIM27FEB25P2460,OPTSTK,65.0,176000,64.75,65.35,54000,250,750,GRASIM,2460.0,PE,27-FEB-2025
2025-02-03 14:42:35.710849,GRASIM27FEB25P2460,OPTSTK,65.0,176000,64.75,65.35,54000,250,750,GRASIM,2460.0,PE,27-FEB-2025
2025-02-03 14:42:41.915742,GRASIM27FEB25P2460,OPTSTK,65.0,176000,64.6,65.2,54000,250,250,GRASIM,2460.0,PE,27-FEB-2025
2025-02-03 14:42:48.294588,GRASIM27FEB25P2460,OPTSTK,65.0,176000,64.6,65.2,54000,250,250,GRASIM,2460.0,PE,27-FEB-2025
2025-02-03 14:42:57.035959,GRASIM27FEB25P2460,OPTSTK,65.0,176000,64.6,65.2,54000,250,250,GRASIM,2460.0,PE,27-FEB-2025
2025-02-03 14:43:05.608867,GRASIM27FEB25P2460,OPTSTK,65.0,176000,64.6,65.2,54000,250,250,GRASIM,2460.0,PE,27-FEB-2025
2025-02-03 14:43:12.647252,GRASIM27FEB25P2460,OPTSTK,65.0,176000,64.4,64.95,54000,250,250,GRASIM,2460.0,PE,27-FEB-2025
2025-02-03 14:43:18.940664,GRASIM27FEB25P2460,OPTSTK,65.0,176000,64.4,64.95,54000,250,250,GRASIM,2460.0,PE,27-FEB-2025
2025-02-03 14:43:25.311483,GRASIM27FEB25P2460,OPTSTK,65.0,176000,64.4,64.95,54000,250,250,GRASIM,2460.0,PE,27-FEB-2025
2025-02-03 14:43:31.585523,GRASIM27FEB25P2460,OPTSTK,65.0,176000,64.4,64.95,54000,250,250,GRASIM,2460.0,PE,27-FEB-2025
2025-02-03 14:43:37.977546,GRASIM27FEB25P2460,OPTSTK,65.0,176000,64.5,65.05,54000,250,250,GRASIM,2460.0,PE,27-FEB-2025
2025-02-03 14:43:44.222541,GRASIM27FEB25P2460,OPTSTK,65.0,176000,64.5,65.05,54000,250,250,GRASIM,2460.0,PE,27-FEB-2025
2025-02-03 14:43:50.470534,GRASIM27FEB25P2460,OPTSTK,65.0,176000,64.5,65.05,54000,250,250,GRASIM,2460.0,PE,27-FEB-2025
2025-02-03 14:43:57.053217,GRASIM27FEB25P2460,OPTSTK,65.0,176000,64.5,65.05,54000,250,250,GRASIM,2460.0,PE,27-FEB-2025
2025-02-03 14:44:03.393319,GRASIM27FEB25P2460,OPTSTK,65.0,176000,64.5,64.95,54000,250,250,GRASIM,2460.0,PE,27-FEB-2025
2025-02-03 14:44:11.365658,GRASIM27FEB25P2460,OPTSTK,64.5,176000,64.5,64.95,53750,250,250,GRASIM,2460.0,PE,27-FEB-2025
2025-02-03 14:44:19.394425,GRASIM27FEB25P2460,OPTSTK,64.5,176000,64.5,64.95,53750,250,250,GRASIM,2460.0,PE,27-FEB-2025
2025-02-03 14:44:26.397670,GRASIM27FEB25P2460,OPTSTK,64.5,176250,63.55,64.15,53750,250,500,GRASIM,2460.0,PE,27-FEB-2025
2025-02-03 14:44:33.010164,GRASIM27FEB25P2460,OPTSTK,64.5,176250,63.55,64.15,53750,250,500,GRASIM,2460.0,PE,27-FEB-2025
2025-02-03 14:44:39.260957,GRASIM27FEB25P2460,OPTSTK,64.5,176250,63.55,64.15,53750,250,500,GRASIM,2460.0,PE,27-FEB-2025
2025-02-03 14:44:45.818625,GRASIM27FEB25P2460,OPTSTK,64.15,176250,63.55,64.15,53750,250,500,GRASIM,2460.0,PE,27-FEB-2025
2025-02-03 14:44:52.617484,GRASIM27FEB25P2460,OPTSTK,64.15,176500,63.55,64.2,53750,250,250,GRASIM,2460.0,PE,27-FEB-2025
2025-02-03 14:44:58.864660,GRASIM27FEB25P2460,OPTSTK,64.15,176500,63.55,64.2,53750,250,250,GRASIM,2460.0,PE,27-FEB-2025
2025-02-03 14:45:05.214754,GRASIM27FEB25P2460,OPTSTK,64.0,176500,63.55,64.2,53750,250,250,GRASIM,2460.0,PE,27-FEB-2025
2025-02-03 14:45:11.626391,GRASIM27FEB25P2460,OPTSTK,64.0,176500,63.55,64.2,53750,250,250,GRASIM,2460.0,PE,27-FEB-2025
2025-02-03 14:45:17.818790,GRASIM27FEB25P2460,OPTSTK,64.0,176500,63.55,64.2,53750,250,250,GRASIM,2460.0,PE,27-FEB-2025
2025-02-03 14:45:24.537700,GRASIM27FEB25P2460,OPTSTK,64.0,176750,63.9,64.65,53750,250,250,GRASIM,2460.0,PE,27-FEB-2025
2025-02-03 14:45:33.037186,GRASIM27FEB25P2460,OPTSTK,64.0,176750,63.9,64.65,53750,250,250,GRASIM,2460.0,PE,27-FEB-2025
2025-02-03 14:45:40.546649,GRASIM27FEB25P2460,OPTSTK,64.0,176750,63.9,64.65,53750,250,250,GRASIM,2460.0,PE,27-FEB-2025
2025-02-03 14:45:48.523788,GRASIM27FEB25P2460,OPTSTK,64.0,176750,63.85,64.3,53750,250,250,GRASIM,2460.0,PE,27-FEB-2025
2025-02-03 14:45:57.292330,GRASIM27FEB25P2460,OPTSTK,64.0,176750,63.85,64.3,53750,250,250,GRASIM,2460.0,PE,27-FEB-2025
2025-02-03 14:46:04.862977,GRASIM27FEB25P2460,OPTSTK,64.0,176750,63.85,64.3,53750,250,250,GRASIM,2460.0,PE,27-FEB-2025
2025-02-03 14:46:11.119662,GRASIM27FEB25P2460,OPTSTK,64.0,176750,63.55,64.35,53750,250,500,GRASIM,2460.0,PE,27-FEB-2025
2025-02-03 14:46:17.262589,GRASIM27FEB25P2460,OPTSTK,64.35,176750,63.55,64.35,53750,250,500,GRASIM,2460.0,PE,27-FEB-2025
2025-02-03 14:46:23.451248,GRASIM27FEB25P2460,OPTSTK,64.35,176750,63.55,64.35,53750,250,500,GRASIM,2460.0,PE,27-FEB-2025
2025-02-03 14:46:29.846875,GRASIM27FEB25P2460,OPTSTK,64.35,176750,63.55,64.35,53750,250,500,GRASIM,2460.0,PE,27-FEB-2025
2025-02-03 14:46:36.520288,GRASIM27FEB25P2460,OPTSTK,64.35,177000,64.05,64.8,53750,250,250,GRASIM,2460.0,PE,27-FEB-2025
2025-02-03 14:46:44.337293,GRASIM27FEB25P2460,OPTSTK,64.35,177000,64.05,64.8,53750,250,250,GRASIM,2460.0,PE,27-FEB-2025
2025-02-03 14:46:52.496312,GRASIM27FEB25P2460,OPTSTK,64.35,177000,64.05,64.8,53750,250,250,GRASIM,2460.0,PE,27-FEB-2025
2025-02-03 14:46:59.551367,GRASIM27FEB25P2460,OPTSTK,64.35,177000,64.05,64.8,53750,250,250,GRASIM,2460.0,PE,27-FEB-2025
2025-02-03 14:47:06.046836,GRASIM27FEB25P2460,OPTSTK,64.35,177000,64.25,64.95,53750,250,500,GRASIM,2460.0,PE,27-FEB-2025
2025-02-03 14:47:13.146971,GRASIM27FEB25P2460,OPTSTK,64.35,177000,64.25,64.95,53750,250,500,GRASIM,2460.0,PE,27-FEB-2025
2025-02-03 14:47:19.663022,GRASIM27FEB25P2460,OPTSTK,64.35,177000,64.25,64.95,53750,250,500,GRASIM,2460.0,PE,27-FEB-2025
2025-02-03 14:47:25.964992,GRASIM27FEB25P2460,OPTSTK,64.35,177000,64.25,64.95,53750,250,500,GRASIM,2460.0,PE,27-FEB-2025
2025-02-03 14:47:32.436638,GRASIM27FEB25P2460,OPTSTK,64.35,177000,64.35,65.05,53750,250,500,GRASIM,2460.0,PE,27-FEB-2025
2025-02-03 14:47:38.735917,GRASIM27FEB25P2460,OPTSTK,64.35,177000,64.35,65.05,53750,250,500,GRASIM,2460.0,PE,27-FEB-2025
2025-02-03 14:47:45.269326,GRASIM27FEB25P2460,OPTSTK,64.35,177000,64.35,65.05,53750,250,500,GRASIM,2460.0,PE,27-FEB-2025
2025-02-03 14:47:51.976828,GRASIM27FEB25P2460,OPTSTK,64.35,177000,64.35,65.05,53500,250,500,GRASIM,2460.0,PE,27-FEB-2025
2025-02-03 14:47:59.651841,GRASIM27FEB25P2460,OPTSTK,64.35,177250,63.9,64.6,53500,250,500,GRASIM,2460.0,PE,27-FEB-2025
2025-02-03 14:48:08.050000,GRASIM27FEB25P2460,OPTSTK,64.35,177250,63.9,64.6,53500,250,500,GRASIM,2460.0,PE,27-FEB-2025
2025-02-03 14:48:15.676863,GRASIM27FEB25P2460,OPTSTK,64.35,177250,63.9,64.6,53500,250,500,GRASIM,2460.0,PE,27-FEB-2025
2025-02-03 14:48:22.069486,GRASIM27FEB25P2460,OPTSTK,64.35,177250,63.9,64.6,53500,250,500,GRASIM,2460.0,PE,27-FEB-2025
2025-02-03 14:48:28.571181,GRASIM27FEB25P2460,OPTSTK,64.35,177250,63.9,64.6,53500,500,250,GRASIM,2460.0,PE,27-FEB-2025
2025-02-03 14:48:34.912440,GRASIM27FEB25P2460,OPTSTK,64.35,177250,63.9,64.6,53500,500,250,GRASIM,2460.0,PE,27-FEB-2025
2025-02-03 14:48:41.407054,GRASIM27FEB25P2460,OPTSTK,64.35,177250,63.9,64.6,53500,500,250,GRASIM,2460.0,PE,27-FEB-2025
2025-02-03 14:48:48.035570,GRASIM27FEB25P2460,OPTSTK,64.35,177250,63.9,64.6,53500,500,250,GRASIM,2460.0,PE,27-FEB-2025
2025-02-03 14:48:54.584398,GRASIM27FEB25P2460,OPTSTK,64.35,177250,64.15,64.65,53500,250,250,GRASIM,2460.0,PE,27-FEB-2025
2025-02-03 14:49:00.976977,GRASIM27FEB25P2460,OPTSTK,64.35,177250,64.15,64.65,53500,250,250,GRASIM,2460.0,PE,27-FEB-2025
2025-02-03 14:49:07.603887,GRASIM27FEB25P2460,OPTSTK,64.35,177250,64.15,64.65,53500,250,250,GRASIM,2460.0,PE,27-FEB-2025
2025-02-03 14:49:14.718555,GRASIM27FEB25P2460,OPTSTK,64.1,177250,64.15,64.65,53500,250,250,GRASIM,2460.0,PE,27-FEB-2025
2025-02-03 14:49:23.395901,GRASIM27FEB25P2460,OPTSTK,64.1,177500,63.65,64.35,53500,250,250,GRASIM,2460.0,PE,27-FEB-2025
2025-02-03 14:49:30.910560,GRASIM27FEB25P2460,OPTSTK,64.1,177500,63.65,64.35,53500,250,250,GRASIM,2460.0,PE,27-FEB-2025
2025-02-03 14:49:37.990478,GRASIM27FEB25P2460,OPTSTK,64.1,177500,63.65,64.35,53500,250,250,GRASIM,2460.0,PE,27-FEB-2025
2025-02-03 14:49:44.471469,GRASIM27FEB25P2460,OPTSTK,64.1,177500,63.65,64.35,53500,250,250,GRASIM,2460.0,PE,27-FEB-2025
2025-02-03 14:49:50.915892,GRASIM27FEB25P2460,OPTSTK,64.1,177500,64.05,64.65,53500,250,500,GRASIM,2460.0,PE,27-FEB-2025
2025-02-03 14:49:57.360180,GRASIM27FEB25P2460,OPTSTK,65.0,177500,64.05,64.65,53250,250,500,GRASIM,2460.0,PE,27-FEB-2025
2025-02-03 14:50:04.819787,GRASIM27FEB25P2460,OPTSTK,65.0,177500,64.05,64.65,53250,250,500,GRASIM,2460.0,PE,27-FEB-2025
2025-02-03 14:50:11.707648,GRASIM27FEB25P2460,OPTSTK,65.0,177500,64.05,64.65,53250,250,500,GRASIM,2460.0,PE,27-FEB-2025
2025-02-03 14:50:18.440010,GRASIM27FEB25P2460,OPTSTK,65.0,178000,64.4,65.15,53250,250,250,GRASIM,2460.0,PE,27-FEB-2025
2025-02-03 14:50:25.548329,GRASIM27FEB25P2460,OPTSTK,65.0,178000,64.4,65.15,53250,250,250,GRASIM,2460.0,PE,27-FEB-2025
2025-02-03 14:50:33.180960,GRASIM27FEB25P2460,OPTSTK,65.0,178000,64.4,65.15,53250,250,250,GRASIM,2460.0,PE,27-FEB-2025
2025-02-03 14:50:41.625599,GRASIM27FEB25P2460,OPTSTK,65.0,178000,64.7,65.3,53250,500,250,GRASIM,2460.0,PE,27-FEB-2025
2025-02-03 14:50:48.688659,GRASIM27FEB25P2460,OPTSTK,65.0,178000,64.7,65.3,53250,500,250,GRASIM,2460.0,PE,27-FEB-2025
2025-02-03 14:50:55.820206,GRASIM27FEB25P2460,OPTSTK,65.0,178000,64.7,65.3,53250,500,250,GRASIM,2460.0,PE,27-FEB-2025
2025-02-03 14:51:03.200568,GRASIM27FEB25P2460,OPTSTK,65.0,178000,64.7,65.3,53250,500,250,GRASIM,2460.0,PE,27-FEB-2025
2025-02-03 14:51:09.585461,GRASIM27FEB25P2460,OPTSTK,65.0,178000,64.65,65.2,53250,500,250,GRASIM,2460.0,PE,27-FEB-2025
2025-02-03 14:51:16.073234,GRASIM27FEB25P2460,OPTSTK,65.0,178000,64.65,65.2,53250,500,250,GRASIM,2460.0,PE,27-FEB-2025
2025-02-03 14:51:22.421045,GRASIM27FEB25P2460,OPTSTK,65.0,178000,64.65,65.2,53250,500,250,GRASIM,2460.0,PE,27-FEB-2025
2025-02-03 14:51:28.868115,GRASIM27FEB25P2460,OPTSTK,64.65,178000,64.65,65.2,53250,500,250,GRASIM,2460.0,PE,27-FEB-2025
2025-02-03 14:51:35.529246,GRASIM27FEB25P2460,OPTSTK,64.65,178000,64.65,65.2,53250,500,250,GRASIM,2460.0,PE,27-FEB-2025
2025-02-03 14:51:41.983002,GRASIM27FEB25P2460,OPTSTK,64.65,178250,64.25,65.0,53250,250,500,GRASIM,2460.0,PE,27-FEB-2025
2025-02-03 14:51:49.968915,GRASIM27FEB25P2460,OPTSTK,64.65,178250,64.25,65.0,53250,250,500,GRASIM,2460.0,PE,27-FEB-2025
2025-02-03 14:51:58.585139,GRASIM27FEB25P2460,OPTSTK,64.65,178250,64.25,65.0,53250,250,500,GRASIM,2460.0,PE,27-FEB-2025
2025-02-03 14:52:05.806420,GRASIM27FEB25P2460,OPTSTK,64.65,178250,64.65,65.25,53250,250,250,GRASIM,2460.0,PE,27-FEB-2025
2025-02-03 14:52:12.216894,GRASIM27FEB25P2460,OPTSTK,64.65,178250,64.65,65.25,53250,250,250,GRASIM,2460.0,PE,27-FEB-2025
2025-02-03 14:52:18.676443,GRASIM27FEB25P2460,OPTSTK,64.65,178250,64.65,65.25,53250,250,250,GRASIM,2460.0,PE,27-FEB-2025
2025-02-03 14:52:25.278041,GRASIM27FEB25P2460,OPTSTK,64.65,178250,64.65,65.25,53250,250,250,GRASIM,2460.0,PE,27-FEB-2025
2025-02-03 14:52:31.669170,GRASIM27FEB25P2460,OPTSTK,64.65,178250,64.1,64.95,53250,500,500,GRASIM,2460.0,PE,27-FEB-2025
2025-02-03 14:52:38.262941,GRASIM27FEB25P2460,OPTSTK,64.65,178250,64.1,64.95,53250,500,500,GRASIM,2460.0,PE,27-FEB-2025
2025-02-03 14:52:44.613069,GRASIM27FEB25P2460,OPTSTK,64.65,178250,64.1,64.95,53250,500,500,GRASIM,2460.0,PE,27-FEB-2025
2025-02-03 14:52:51.357191,GRASIM27FEB25P2460,OPTSTK,64.65,178250,64.1,64.95,53250,500,500,GRASIM,2460.0,PE,27-FEB-2025
2025-02-03 14:52:57.696601,GRASIM27FEB25P2460,OPTSTK,64.65,178250,64.15,64.8,53250,250,250,GRASIM,2460.0,PE,27-FEB-2025
2025-02-03 14:53:04.807335,GRASIM27FEB25P2460,OPTSTK,64.65,178250,64.15,64.8,53250,250,250,GRASIM,2460.0,PE,27-FEB-2025
2025-02-03 14:53:13.136201,GRASIM27FEB25P2460,OPTSTK,64.65,178250,64.15,64.8,53250,250,250,GRASIM,2460.0,PE,27-FEB-2025
2025-02-03 14:53:20.490542,GRASIM27FEB25P2460,OPTSTK,64.65,178250,64.15,64.8,53250,250,250,GRASIM,2460.0,PE,27-FEB-2025
2025-02-03 14:53:26.748445,GRASIM27FEB25P2460,OPTSTK,64.65,178250,64.15,64.95,53250,250,250,GRASIM,2460.0,PE,27-FEB-2025
2025-02-03 14:53:33.175633,GRASIM27FEB25P2460,OPTSTK,64.65,178250,64.15,64.95,53250,250,250,GRASIM,2460.0,PE,27-FEB-2025
2025-02-03 14:53:39.360189,GRASIM27FEB25P2460,OPTSTK,64.65,178250,64.15,64.95,53250,250,250,GRASIM,2460.0,PE,27-FEB-2025
2025-02-03 14:53:45.624156,GRASIM27FEB25P2460,OPTSTK,64.65,178250,64.15,64.95,53250,250,250,GRASIM,2460.0,PE,27-FEB-2025
2025-02-03 14:53:51.901259,GRASIM27FEB25P2460,OPTSTK,64.65,178250,64.1,64.5,53250,500,250,GRASIM,2460.0,PE,27-FEB-2025
2025-02-03 14:53:58.349190,GRASIM27FEB25P2460,OPTSTK,64.65,178250,64.1,64.5,53250,500,250,GRASIM,2460.0,PE,27-FEB-2025
2025-02-03 14:54:04.560218,GRASIM27FEB25P2460,OPTSTK,64.65,178250,64.1,64.5,53250,500,250,GRASIM,2460.0,PE,27-FEB-2025
2025-02-03 14:54:10.769230,GRASIM27FEB25P2460,OPTSTK,64.65,178250,64.1,64.5,53250,500,250,GRASIM,2460.0,PE,27-FEB-2025
2025-02-03 14:54:17.128904,GRASIM27FEB25P2460,OPTSTK,64.65,178250,64.1,64.6,53250,500,250,GRASIM,2460.0,PE,27-FEB-2025
2025-02-03 14:54:25.605203,GRASIM27FEB25P2460,OPTSTK,64.65,178250,64.1,64.6,53250,500,250,GRASIM,2460.0,PE,27-FEB-2025
2025-02-03 14:54:33.163309,GRASIM27FEB25P2460,OPTSTK,64.65,178250,64.1,64.6,53250,500,250,GRASIM,2460.0,PE,27-FEB-2025
2025-02-03 14:54:40.060149,GRASIM27FEB25P2460,OPTSTK,64.65,178250,64.1,64.6,53250,500,250,GRASIM,2460.0,PE,27-FEB-2025
2025-02-03 14:54:46.332435,GRASIM27FEB25P2460,OPTSTK,64.65,178250,64.1,64.65,53250,500,250,GRASIM,2460.0,PE,27-FEB-2025
2025-02-03 14:54:53.165793,GRASIM27FEB25P2460,OPTSTK,64.65,178250,64.1,64.65,53250,500,250,GRASIM,2460.0,PE,27-FEB-2025
2025-02-03 14:54:59.377353,GRASIM27FEB25P2460,OPTSTK,64.1,178250,64.1,64.65,53250,500,250,GRASIM,2460.0,PE,27-FEB-2025
2025-02-03 14:55:05.731568,GRASIM27FEB25P2460,OPTSTK,64.1,178250,64.1,64.65,53250,500,250,GRASIM,2460.0,PE,27-FEB-2025
2025-02-03 14:55:12.063188,GRASIM27FEB25P2460,OPTSTK,64.1,178750,63.5,64.25,53250,500,250,GRASIM,2460.0,PE,27-FEB-2025
2025-02-03 14:55:18.588751,GRASIM27FEB25P2460,OPTSTK,64.1,178750,63.5,64.25,53250,500,250,GRASIM,2460.0,PE,27-FEB-2025
2025-02-03 14:55:25.242094,GRASIM27FEB25P2460,OPTSTK,64.1,178750,63.5,64.25,53250,500,250,GRASIM,2460.0,PE,27-FEB-2025
2025-02-03 14:55:31.678907,GRASIM27FEB25P2460,OPTSTK,64.1,178750,63.5,64.25,53250,500,250,GRASIM,2460.0,PE,27-FEB-2025
2025-02-03 14:55:39.479981,GRASIM27FEB25P2460,OPTSTK,64.1,178750,63.75,64.45,53250,250,250,GRASIM,2460.0,PE,27-FEB-2025
2025-02-03 14:55:47.536032,GRASIM27FEB25P2460,OPTSTK,64.1,178750,63.75,64.45,53250,250,250,GRASIM,2460.0,PE,27-FEB-2025
2025-02-03 14:55:54.613066,GRASIM27FEB25P2460,OPTSTK,64.1,178750,63.75,64.45,53250,250,250,GRASIM,2460.0,PE,27-FEB-2025
2025-02-03 14:56:01.155876,GRASIM27FEB25P2460,OPTSTK,64.1,178750,63.75,64.45,53250,250,250,GRASIM,2460.0,PE,27-FEB-2025
2025-02-03 14:56:07.462691,GRASIM27FEB25P2460,OPTSTK,64.1,178750,63.9,64.5,53250,500,250,GRASIM,2460.0,PE,27-FEB-2025
2025-02-03 14:56:14.349718,GRASIM27FEB25P2460,OPTSTK,64.1,178750,63.9,64.5,53250,500,250,GRASIM,2460.0,PE,27-FEB-2025
2025-02-03 14:56:20.860272,GRASIM27FEB25P2460,OPTSTK,64.1,178750,63.9,64.5,53250,500,250,GRASIM,2460.0,PE,27-FEB-2025
2025-02-03 14:56:27.559436,GRASIM27FEB25P2460,OPTSTK,64.1,178750,63.9,64.5,53250,500,250,GRASIM,2460.0,PE,27-FEB-2025
2025-02-03 14:56:37.337308,GRASIM27FEB25P2460,OPTSTK,64.1,178750,63.65,64.3,53250,250,250,GRASIM,2460.0,PE,27-FEB-2025
2025-02-03 14:56:43.726973,GRASIM27FEB25P2460,OPTSTK,64.1,178750,63.65,64.3,53250,250,250,GRASIM,2460.0,PE,27-FEB-2025
2025-02-03 14:56:50.403970,GRASIM27FEB25P2460,OPTSTK,64.1,178750,63.65,64.3,53250,250,250,GRASIM,2460.0,PE,27-FEB-2025
2025-02-03 14:57:00.141865,GRASIM27FEB25P2460,OPTSTK,64.1,178750,63.8,64.45,53250,500,500,GRASIM,2460.0,PE,27-FEB-2025
2025-02-03 14:57:07.528854,GRASIM27FEB25P2460,OPTSTK,64.1,178750,63.8,64.45,53250,500,500,GRASIM,2460.0,PE,27-FEB-2025
2025-02-03 14:57:14.264664,GRASIM27FEB25P2460,OPTSTK,64.1,178750,63.8,64.45,53250,500,500,GRASIM,2460.0,PE,27-FEB-2025
2025-02-03 14:57:20.780947,GRASIM27FEB25P2460,OPTSTK,64.1,178750,63.8,64.45,53250,500,500,GRASIM,2460.0,PE,27-FEB-2025
2025-02-03 14:57:27.644034,GRASIM27FEB25P2460,OPTSTK,64.1,178750,63.35,64.15,53250,250,500,GRASIM,2460.0,PE,27-FEB-2025
2025-02-03 14:57:34.098487,GRASIM27FEB25P2460,OPTSTK,64.1,178750,63.35,64.15,53250,250,500,GRASIM,2460.0,PE,27-FEB-2025
2025-02-03 14:57:40.427291,GRASIM27FEB25P2460,OPTSTK,64.1,178750,63.35,64.15,53250,250,500,GRASIM,2460.0,PE,27-FEB-2025
2025-02-03 14:57:46.789593,GRASIM27FEB25P2460,OPTSTK,64.1,178750,63.35,64.15,53250,250,500,GRASIM,2460.0,PE,27-FEB-2025
2025-02-03 14:57:53.221135,GRASIM27FEB25P2460,OPTSTK,64.1,178750,63.35,64.15,53250,250,500,GRASIM,2460.0,PE,27-FEB-2025
2025-02-03 14:57:59.583424,GRASIM27FEB25P2460,OPTSTK,64.1,178750,63.55,64.3,53250,250,500,GRASIM,2460.0,PE,27-FEB-2025
2025-02-03 14:58:05.972816,GRASIM27FEB25P2460,OPTSTK,64.1,178750,63.55,64.3,53250,250,500,GRASIM,2460.0,PE,27-FEB-2025
2025-02-03 14:58:14.397065,GRASIM27FEB25P2460,OPTSTK,64.1,178750,63.55,64.3,53250,250,500,GRASIM,2460.0,PE,27-FEB-2025
2025-02-03 14:58:23.125954,GRASIM27FEB25P2460,OPTSTK,64.1,178750,63.35,64.2,53250,250,1250,GRASIM,2460.0,PE,27-FEB-2025
2025-02-03 14:58:29.663159,GRASIM27FEB25P2460,OPTSTK,64.1,178750,63.35,64.2,53250,250,1250,GRASIM,2460.0,PE,27-FEB-2025
2025-02-03 14:58:38.047412,GRASIM27FEB25P2460,OPTSTK,64.1,178750,63.35,64.2,53250,250,1250,GRASIM,2460.0,PE,27-FEB-2025
2025-02-03 14:58:44.481493,GRASIM27FEB25P2460,OPTSTK,64.1,178750,63.35,64.2,53250,250,1250,GRASIM,2460.0,PE,27-FEB-2025
2025-02-03 14:58:51.335135,GRASIM27FEB25P2460,OPTSTK,64.0,178750,64.0,64.4,53250,250,250,GRASIM,2460.0,PE,27-FEB-2025
2025-02-03 14:58:58.198997,GRASIM27FEB25P2460,OPTSTK,64.0,178750,64.0,64.4,53250,250,250,GRASIM,2460.0,PE,27-FEB-2025
2025-02-03 14:59:04.685011,GRASIM27FEB25P2460,OPTSTK,64.0,178750,64.0,64.4,53250,250,250,GRASIM,2460.0,PE,27-FEB-2025
2025-02-03 14:59:12.520985,GRASIM27FEB25P2460,OPTSTK,64.0,178750,64.0,64.4,53250,250,250,GRASIM,2460.0,PE,27-FEB-2025
2025-02-03 14:59:18.999171,GRASIM27FEB25P2460,OPTSTK,64.0,179000,63.25,64.0,53250,250,250,GRASIM,2460.0,PE,27-FEB-2025
2025-02-03 14:59:26.020911,GRASIM27FEB25P2460,OPTSTK,64.0,179000,63.25,64.0,53250,250,250,GRASIM,2460.0,PE,27-FEB-2025
2025-02-03 14:59:34.700460,GRASIM27FEB25P2460,OPTSTK,64.0,179000,63.25,64.0,53250,250,250,GRASIM,2460.0,PE,27-FEB-2025
2025-02-03 14:59:42.190858,GRASIM27FEB25P2460,OPTSTK,64.0,179000,63.25,64.0,53250,250,250,GRASIM,2460.0,PE,27-FEB-2025
2025-02-03 14:59:48.916543,GRASIM27FEB25P2460,OPTSTK,64.0,179000,63.3,64.15,53250,500,250,GRASIM,2460.0,PE,27-FEB-2025
2025-02-03 14:59:55.387412,GRASIM27FEB25P2460,OPTSTK,64.0,179000,63.3,64.15,53250,500,250,GRASIM,2460.0,PE,27-FEB-2025
2025-02-03 15:00:02.172116,GRASIM27FEB25P2460,OPTSTK,63.1,179000,63.3,64.15,53250,500,250,GRASIM,2460.0,PE,27-FEB-2025
2025-02-03 15:00:08.594835,GRASIM27FEB25P2460,OPTSTK,63.1,179000,63.3,64.15,53250,500,250,GRASIM,2460.0,PE,27-FEB-2025
2025-02-03 15:00:15.120372,GRASIM27FEB25P2460,OPTSTK,63.1,179500,62.0,62.6,53250,250,250,GRASIM,2460.0,PE,27-FEB-2025
2025-02-03 15:00:21.670988,GRASIM27FEB25P2460,OPTSTK,63.1,179500,62.0,62.6,53250,250,250,GRASIM,2460.0,PE,27-FEB-2025
2025-02-03 15:00:28.086384,GRASIM27FEB25P2460,OPTSTK,63.1,179500,62.0,62.6,53250,250,250,GRASIM,2460.0,PE,27-FEB-2025
2025-02-03 15:00:34.640090,GRASIM27FEB25P2460,OPTSTK,62.5,179500,62.0,62.6,53250,250,250,GRASIM,2460.0,PE,27-FEB-2025
2025-02-03 15:00:41.191936,GRASIM27FEB25P2460,OPTSTK,62.5,179500,62.0,62.6,53250,250,250,GRASIM,2460.0,PE,27-FEB-2025
2025-02-03 15:00:50.374771,GRASIM27FEB25P2460,OPTSTK,62.35,179750,62.35,62.95,53250,250,500,GRASIM,2460.0,PE,27-FEB-2025
2025-02-03 15:00:57.796674,GRASIM27FEB25P2460,OPTSTK,62.35,179750,62.35,62.95,53250,250,500,GRASIM,2460.0,PE,27-FEB-2025
2025-02-03 15:01:05.615518,GRASIM27FEB25P2460,OPTSTK,62.35,179750,62.35,62.95,53250,250,500,GRASIM,2460.0,PE,27-FEB-2025
2025-02-03 15:01:14.004851,GRASIM27FEB25P2460,OPTSTK,62.35,180000,62.45,63.05,53250,250,250,GRASIM,2460.0,PE,27-FEB-2025
2025-02-03 15:01:21.202127,GRASIM27FEB25P2460,OPTSTK,62.35,180000,62.45,63.05,53250,250,250,GRASIM,2460.0,PE,27-FEB-2025
2025-02-03 15:01:27.785728,GRASIM27FEB25P2460,OPTSTK,63.05,180000,62.45,63.05,53250,250,250,GRASIM,2460.0,PE,27-FEB-2025
2025-02-03 15:01:34.222647,GRASIM27FEB25P2460,OPTSTK,63.05,180000,62.45,63.05,53250,250,250,GRASIM,2460.0,PE,27-FEB-2025
2025-02-03 15:01:40.801480,GRASIM27FEB25P2460,OPTSTK,63.05,180000,62.45,63.05,53250,250,250,GRASIM,2460.0,PE,27-FEB-2025
2025-02-03 15:01:47.241826,GRASIM27FEB25P2460,OPTSTK,63.05,180250,62.5,62.95,53250,250,250,GRASIM,2460.0,PE,27-FEB-2025
2025-02-03 15:01:53.868951,GRASIM27FEB25P2460,OPTSTK,62.5,180250,62.5,62.95,52750,250,250,GRASIM,2460.0,PE,27-FEB-2025
2025-02-03 15:02:01.819145,GRASIM27FEB25P2460,OPTSTK,62.5,180250,62.5,62.95,52750,250,250,GRASIM,2460.0,PE,27-FEB-2025
2025-02-03 15:02:10.023178,GRASIM27FEB25P2460,OPTSTK,62.5,180500,61.8,62.15,52750,250,250,GRASIM,2460.0,PE,27-FEB-2025
2025-02-03 15:02:17.390278,GRASIM27FEB25P2460,OPTSTK,61.6,180500,61.8,62.15,52750,250,250,GRASIM,2460.0,PE,27-FEB-2025
2025-02-03 15:02:24.130221,GRASIM27FEB25P2460,OPTSTK,61.6,180500,61.8,62.15,52750,250,250,GRASIM,2460.0,PE,27-FEB-2025
2025-02-03 15:02:30.540004,GRASIM27FEB25P2460,OPTSTK,61.6,180500,61.8,62.15,52750,250,250,GRASIM,2460.0,PE,27-FEB-2025
2025-02-03 15:02:37.163467,GRASIM27FEB25P2460,OPTSTK,62.0,180500,61.8,62.15,52750,250,250,GRASIM,2460.0,PE,27-FEB-2025
2025-02-03 15:02:43.363819,GRASIM27FEB25P2460,OPTSTK,60.8,181250,61.1,61.6,52750,750,500,GRASIM,2460.0,PE,27-FEB-2025
2025-02-03 15:02:49.863182,GRASIM27FEB25P2460,OPTSTK,61.2,181250,61.1,61.6,52750,750,500,GRASIM,2460.0,PE,27-FEB-2025
2025-02-03 15:02:56.332063,GRASIM27FEB25P2460,OPTSTK,61.2,181250,61.1,61.6,52750,750,500,GRASIM,2460.0,PE,27-FEB-2025
2025-02-03 15:03:02.891980,GRASIM27FEB25P2460,OPTSTK,61.4,181250,61.1,61.6,52750,750,500,GRASIM,2460.0,PE,27-FEB-2025
2025-02-03 15:03:09.508637,GRASIM27FEB25P2460,OPTSTK,61.4,183000,60.85,61.6,52750,250,250,GRASIM,2460.0,PE,27-FEB-2025
2025-02-03 15:03:17.505533,GRASIM27FEB25P2460,OPTSTK,61.65,183000,60.85,61.6,52750,250,250,GRASIM,2460.0,PE,27-FEB-2025
2025-02-03 15:03:26.466474,GRASIM27FEB25P2460,OPTSTK,61.65,183000,60.85,61.6,52750,250,250,GRASIM,2460.0,PE,27-FEB-2025
2025-02-03 15:03:33.493878,GRASIM27FEB25P2460,OPTSTK,61.65,183000,60.85,61.6,52750,250,250,GRASIM,2460.0,PE,27-FEB-2025
2025-02-03 15:03:39.828532,GRASIM27FEB25P2460,OPTSTK,61.65,183500,62.0,62.45,52750,250,250,GRASIM,2460.0,PE,27-FEB-2025
2025-02-03 15:03:46.287627,GRASIM27FEB25P2460,OPTSTK,62.5,183500,62.0,62.45,52750,250,250,GRASIM,2460.0,PE,27-FEB-2025
2025-02-03 15:03:52.936212,GRASIM27FEB25P2460,OPTSTK,62.6,183500,62.0,62.45,52750,250,250,GRASIM,2460.0,PE,27-FEB-2025
2025-02-03 15:03:59.368095,GRASIM27FEB25P2460,OPTSTK,62.6,183500,62.0,62.45,52750,250,250,GRASIM,2460.0,PE,27-FEB-2025
2025-02-03 15:04:06.027536,GRASIM27FEB25P2460,OPTSTK,62.6,184500,62.55,63.0,52750,250,500,GRASIM,2460.0,PE,27-FEB-2025
2025-02-03 15:04:12.460474,GRASIM27FEB25P2460,OPTSTK,62.6,184500,62.55,63.0,52750,250,500,GRASIM,2460.0,PE,27-FEB-2025
2025-02-03 15:04:18.788253,GRASIM27FEB25P2460,OPTSTK,62.6,184500,62.55,63.0,52750,250,500,GRASIM,2460.0,PE,27-FEB-2025
2025-02-03 15:04:25.362128,GRASIM27FEB25P2460,OPTSTK,62.6,184500,62.55,63.0,52750,250,500,GRASIM,2460.0,PE,27-FEB-2025
2025-02-03 15:04:32.532027,GRASIM27FEB25P2460,OPTSTK,62.6,184500,62.05,62.65,52750,500,500,GRASIM,2460.0,PE,27-FEB-2025
2025-02-03 15:04:41.068059,GRASIM27FEB25P2460,OPTSTK,62.6,184500,62.05,62.65,52750,500,500,GRASIM,2460.0,PE,27-FEB-2025
2025-02-03 15:04:48.446697,GRASIM27FEB25P2460,OPTSTK,62.6,184500,62.05,62.65,52750,500,500,GRASIM,2460.0,PE,27-FEB-2025
2025-02-03 15:04:55.092303,GRASIM27FEB25P2460,OPTSTK,62.6,184500,62.05,62.65,52750,500,500,GRASIM,2460.0,PE,27-FEB-2025
2025-02-03 15:05:01.366919,GRASIM27FEB25P2460,OPTSTK,62.1,184500,61.55,62.05,50000,250,250,GRASIM,2460.0,PE,27-FEB-2025
2025-02-03 15:05:07.833353,GRASIM27FEB25P2460,OPTSTK,62.25,184500,61.55,62.05,50000,250,250,GRASIM,2460.0,PE,27-FEB-2025
2025-02-03 15:05:14.232931,GRASIM27FEB25P2460,OPTSTK,62.25,184500,61.55,62.05,50000,250,250,GRASIM,2460.0,PE,27-FEB-2025
2025-02-03 15:05:21.398298,GRASIM27FEB25P2460,OPTSTK,62.2,184500,61.55,62.05,50000,250,250,GRASIM,2460.0,PE,27-FEB-2025
2025-02-03 15:05:27.948049,GRASIM27FEB25P2460,OPTSTK,62.2,185500,62.15,62.6,50000,250,250,GRASIM,2460.0,PE,27-FEB-2025
