timestamp,symbol,instrument,ltp,volume,bid,ask,oi,bid_qty,ask_qty,stock_name,strike,option_type,expiry
2025-02-03 09:30:10.689412,SHRIRAMFIN27FEB25P530,OPTSTK,22.0,108750,21.8,22.0,279000,1500,750,SHRIRAMFIN,530.0,PE,27-FEB-2025
2025-02-03 12:02:22.495489,SHRIRAMFIN27FEB25P530,OPTSTK,20.5,423000,20.05,20.3,348750,750,750,SHRIRAMFIN,530.0,PE,27-FEB-2025
2025-02-03 12:02:29.160118,SHRIRAMFIN27FEB25P530,OPTSTK,20.5,423000,20.05,20.3,348750,750,750,SHRIRAMFIN,530.0,PE,27-FEB-2025
2025-02-03 12:02:35.537620,SHRIRAMFIN27FEB25P530,OPTSTK,20.5,423000,20.05,20.3,348750,750,750,SHRIRAMFIN,530.0,PE,27-FEB-2025
2025-02-03 12:02:41.835332,SHRIRAMFIN27FEB25P530,OPTSTK,20.5,423000,20.35,20.5,348750,750,750,SHRIRAMFIN,530.0,PE,27-FEB-2025
2025-02-03 12:02:48.310071,SHRIRAMFIN27FEB25P530,OPTSTK,20.5,423000,20.35,20.5,348750,750,750,SHRIRAMFIN,530.0,PE,27-FEB-2025
2025-02-03 12:02:54.442539,SHRIRAMFIN27FEB25P530,OPTSTK,20.5,423000,20.35,20.5,348750,750,750,SHRIRAMFIN,530.0,PE,27-FEB-2025
2025-02-03 12:03:01.072712,SHRIRAMFIN27FEB25P530,OPTSTK,20.5,423000,20.35,20.5,348750,750,750,SHRIRAMFIN,530.0,PE,27-FEB-2025
2025-02-03 12:03:07.547840,SHRIRAMFIN27FEB25P530,OPTSTK,20.5,423000,20.5,20.65,348750,750,750,SHRIRAMFIN,530.0,PE,27-FEB-2025
2025-02-03 12:03:14.798111,SHRIRAMFIN27FEB25P530,OPTSTK,20.5,423000,20.5,20.65,348750,750,750,SHRIRAMFIN,530.0,PE,27-FEB-2025
2025-02-03 12:03:23.493666,SHRIRAMFIN27FEB25P530,OPTSTK,20.5,423000,20.5,20.65,348750,750,750,SHRIRAMFIN,530.0,PE,27-FEB-2025
2025-02-03 12:03:31.167340,SHRIRAMFIN27FEB25P530,OPTSTK,20.5,423000,20.3,20.55,348750,3750,750,SHRIRAMFIN,530.0,PE,27-FEB-2025
2025-02-03 12:03:37.577525,SHRIRAMFIN27FEB25P530,OPTSTK,20.5,423000,20.3,20.55,348750,3750,750,SHRIRAMFIN,530.0,PE,27-FEB-2025
2025-02-03 12:03:44.256401,SHRIRAMFIN27FEB25P530,OPTSTK,20.5,423000,20.3,20.55,348750,3750,750,SHRIRAMFIN,530.0,PE,27-FEB-2025
2025-02-03 12:03:50.940092,SHRIRAMFIN27FEB25P530,OPTSTK,20.5,423000,20.3,20.55,348750,3750,750,SHRIRAMFIN,530.0,PE,27-FEB-2025
2025-02-03 12:03:57.496482,SHRIRAMFIN27FEB25P530,OPTSTK,20.5,423000,20.3,20.55,348750,750,2250,SHRIRAMFIN,530.0,PE,27-FEB-2025
2025-02-03 12:04:04.124672,SHRIRAMFIN27FEB25P530,OPTSTK,20.5,423000,20.3,20.55,348750,750,2250,SHRIRAMFIN,530.0,PE,27-FEB-2025
2025-02-03 12:04:10.517507,SHRIRAMFIN27FEB25P530,OPTSTK,20.5,423000,20.3,20.55,348750,750,2250,SHRIRAMFIN,530.0,PE,27-FEB-2025
2025-02-03 12:04:17.082864,SHRIRAMFIN27FEB25P530,OPTSTK,20.5,423000,20.3,20.55,348750,750,2250,SHRIRAMFIN,530.0,PE,27-FEB-2025
2025-02-03 12:04:23.491034,SHRIRAMFIN27FEB25P530,OPTSTK,20.5,423000,20.35,20.55,348750,1500,1500,SHRIRAMFIN,530.0,PE,27-FEB-2025
2025-02-03 12:04:30.613074,SHRIRAMFIN27FEB25P530,OPTSTK,20.5,423000,20.35,20.55,348750,1500,1500,SHRIRAMFIN,530.0,PE,27-FEB-2025
2025-02-03 12:04:39.374480,SHRIRAMFIN27FEB25P530,OPTSTK,20.5,423000,20.35,20.55,348750,1500,1500,SHRIRAMFIN,530.0,PE,27-FEB-2025
2025-02-03 12:04:47.358396,SHRIRAMFIN27FEB25P530,OPTSTK,20.5,423000,20.3,20.5,348750,750,750,SHRIRAMFIN,530.0,PE,27-FEB-2025
2025-02-03 12:04:53.723411,SHRIRAMFIN27FEB25P530,OPTSTK,20.5,423000,20.3,20.5,348750,750,750,SHRIRAMFIN,530.0,PE,27-FEB-2025
2025-02-03 12:05:00.218201,SHRIRAMFIN27FEB25P530,OPTSTK,20.5,423000,20.3,20.5,348750,750,750,SHRIRAMFIN,530.0,PE,27-FEB-2025
2025-02-03 12:05:06.863694,SHRIRAMFIN27FEB25P530,OPTSTK,20.5,423000,20.15,20.4,348750,750,750,SHRIRAMFIN,530.0,PE,27-FEB-2025
2025-02-03 12:05:13.487224,SHRIRAMFIN27FEB25P530,OPTSTK,20.5,423000,20.15,20.4,348750,750,750,SHRIRAMFIN,530.0,PE,27-FEB-2025
2025-02-03 12:05:20.337355,SHRIRAMFIN27FEB25P530,OPTSTK,20.5,423000,20.15,20.4,348750,750,750,SHRIRAMFIN,530.0,PE,27-FEB-2025
2025-02-03 12:05:27.104185,SHRIRAMFIN27FEB25P530,OPTSTK,20.5,423000,20.15,20.4,348750,750,750,SHRIRAMFIN,530.0,PE,27-FEB-2025
2025-02-03 12:05:33.677661,SHRIRAMFIN27FEB25P530,OPTSTK,20.5,423000,20.2,20.35,348750,750,750,SHRIRAMFIN,530.0,PE,27-FEB-2025
2025-02-03 12:05:40.181061,SHRIRAMFIN27FEB25P530,OPTSTK,20.5,423000,20.2,20.35,348750,750,750,SHRIRAMFIN,530.0,PE,27-FEB-2025
2025-02-03 12:05:47.118992,SHRIRAMFIN27FEB25P530,OPTSTK,20.3,423000,20.2,20.35,348000,750,750,SHRIRAMFIN,530.0,PE,27-FEB-2025
2025-02-03 12:05:55.774945,SHRIRAMFIN27FEB25P530,OPTSTK,20.3,423750,20.0,20.25,348000,750,750,SHRIRAMFIN,530.0,PE,27-FEB-2025
2025-02-03 12:06:03.408807,SHRIRAMFIN27FEB25P530,OPTSTK,20.3,423750,20.0,20.25,348000,750,750,SHRIRAMFIN,530.0,PE,27-FEB-2025
2025-02-03 12:06:10.120414,SHRIRAMFIN27FEB25P530,OPTSTK,20.3,423750,20.0,20.25,348000,750,750,SHRIRAMFIN,530.0,PE,27-FEB-2025
2025-02-03 12:06:17.162783,SHRIRAMFIN27FEB25P530,OPTSTK,20.0,423750,20.0,20.25,348000,750,750,SHRIRAMFIN,530.0,PE,27-FEB-2025
2025-02-03 12:06:23.545967,SHRIRAMFIN27FEB25P530,OPTSTK,20.0,424500,20.0,20.2,348000,1500,750,SHRIRAMFIN,530.0,PE,27-FEB-2025
2025-02-03 12:06:30.116975,SHRIRAMFIN27FEB25P530,OPTSTK,20.0,424500,20.0,20.2,348000,1500,750,SHRIRAMFIN,530.0,PE,27-FEB-2025
2025-02-03 12:06:36.843339,SHRIRAMFIN27FEB25P530,OPTSTK,20.0,424500,20.0,20.2,348000,1500,750,SHRIRAMFIN,530.0,PE,27-FEB-2025
2025-02-03 12:06:43.874922,SHRIRAMFIN27FEB25P530,OPTSTK,20.0,426750,20.0,20.2,348000,750,750,SHRIRAMFIN,530.0,PE,27-FEB-2025
2025-02-03 12:06:50.781930,SHRIRAMFIN27FEB25P530,OPTSTK,20.0,426750,20.0,20.2,348000,750,750,SHRIRAMFIN,530.0,PE,27-FEB-2025
2025-02-03 12:06:59.984782,SHRIRAMFIN27FEB25P530,OPTSTK,20.0,426750,20.0,20.2,348000,750,750,SHRIRAMFIN,530.0,PE,27-FEB-2025
2025-02-03 12:07:09.193038,SHRIRAMFIN27FEB25P530,OPTSTK,19.7,429750,19.8,20.05,349500,750,750,SHRIRAMFIN,530.0,PE,27-FEB-2025
2025-02-03 12:07:16.901949,SHRIRAMFIN27FEB25P530,OPTSTK,19.65,429750,19.8,20.05,349500,750,750,SHRIRAMFIN,530.0,PE,27-FEB-2025
2025-02-03 12:07:24.395123,SHRIRAMFIN27FEB25P530,OPTSTK,19.65,429750,19.8,20.05,349500,750,750,SHRIRAMFIN,530.0,PE,27-FEB-2025
2025-02-03 12:07:31.915628,SHRIRAMFIN27FEB25P530,OPTSTK,19.75,433500,19.75,20.0,349500,750,750,SHRIRAMFIN,530.0,PE,27-FEB-2025
2025-02-03 12:07:39.628928,SHRIRAMFIN27FEB25P530,OPTSTK,19.75,433500,19.75,20.0,349500,750,750,SHRIRAMFIN,530.0,PE,27-FEB-2025
2025-02-03 12:07:46.876476,SHRIRAMFIN27FEB25P530,OPTSTK,19.75,433500,19.75,20.0,349500,750,750,SHRIRAMFIN,530.0,PE,27-FEB-2025
2025-02-03 12:07:54.338502,SHRIRAMFIN27FEB25P530,OPTSTK,19.75,433500,19.75,20.0,349500,750,750,SHRIRAMFIN,530.0,PE,27-FEB-2025
2025-02-03 12:08:01.752295,SHRIRAMFIN27FEB25P530,OPTSTK,19.75,433500,19.75,19.9,349500,750,750,SHRIRAMFIN,530.0,PE,27-FEB-2025
2025-02-03 12:08:09.972501,SHRIRAMFIN27FEB25P530,OPTSTK,19.75,433500,19.75,19.9,349500,750,750,SHRIRAMFIN,530.0,PE,27-FEB-2025
2025-02-03 12:08:17.972200,SHRIRAMFIN27FEB25P530,OPTSTK,19.6,433500,19.75,19.9,349500,750,750,SHRIRAMFIN,530.0,PE,27-FEB-2025
2025-02-03 12:08:26.746816,SHRIRAMFIN27FEB25P530,OPTSTK,19.85,435000,19.5,19.75,349500,1500,750,SHRIRAMFIN,530.0,PE,27-FEB-2025
2025-02-03 12:08:34.261976,SHRIRAMFIN27FEB25P530,OPTSTK,19.85,435000,19.5,19.75,349500,1500,750,SHRIRAMFIN,530.0,PE,27-FEB-2025
2025-02-03 12:08:40.760716,SHRIRAMFIN27FEB25P530,OPTSTK,19.85,435000,19.5,19.75,349500,1500,750,SHRIRAMFIN,530.0,PE,27-FEB-2025
2025-02-03 12:08:47.420881,SHRIRAMFIN27FEB25P530,OPTSTK,19.85,435750,19.55,19.7,349500,750,750,SHRIRAMFIN,530.0,PE,27-FEB-2025
2025-02-03 12:08:53.698292,SHRIRAMFIN27FEB25P530,OPTSTK,19.85,435750,19.55,19.7,349500,750,750,SHRIRAMFIN,530.0,PE,27-FEB-2025
2025-02-03 12:09:00.068386,SHRIRAMFIN27FEB25P530,OPTSTK,19.85,435750,19.55,19.7,349500,750,750,SHRIRAMFIN,530.0,PE,27-FEB-2025
2025-02-03 12:09:06.319953,SHRIRAMFIN27FEB25P530,OPTSTK,19.85,435750,19.55,19.7,349500,750,750,SHRIRAMFIN,530.0,PE,27-FEB-2025
2025-02-03 12:09:12.515053,SHRIRAMFIN27FEB25P530,OPTSTK,19.85,435750,19.55,19.8,349500,1500,750,SHRIRAMFIN,530.0,PE,27-FEB-2025
2025-02-03 12:09:18.854341,SHRIRAMFIN27FEB25P530,OPTSTK,19.85,435750,19.55,19.8,349500,1500,750,SHRIRAMFIN,530.0,PE,27-FEB-2025
2025-02-03 12:09:25.053807,SHRIRAMFIN27FEB25P530,OPTSTK,19.85,435750,19.55,19.8,349500,1500,750,SHRIRAMFIN,530.0,PE,27-FEB-2025
2025-02-03 12:09:31.513459,SHRIRAMFIN27FEB25P530,OPTSTK,19.0,435750,19.55,19.8,349500,1500,750,SHRIRAMFIN,530.0,PE,27-FEB-2025
2025-02-03 12:09:39.324431,SHRIRAMFIN27FEB25P530,OPTSTK,19.0,438000,18.8,19.1,349500,750,750,SHRIRAMFIN,530.0,PE,27-FEB-2025
2025-02-03 12:09:47.911842,SHRIRAMFIN27FEB25P530,OPTSTK,19.05,438000,18.8,19.1,349500,750,750,SHRIRAMFIN,530.0,PE,27-FEB-2025
2025-02-03 12:09:55.334552,SHRIRAMFIN27FEB25P530,OPTSTK,19.1,438000,18.8,19.1,349500,750,750,SHRIRAMFIN,530.0,PE,27-FEB-2025
2025-02-03 12:10:01.717189,SHRIRAMFIN27FEB25P530,OPTSTK,19.1,439500,18.8,19.1,349500,750,750,SHRIRAMFIN,530.0,PE,27-FEB-2025
2025-02-03 12:10:08.135247,SHRIRAMFIN27FEB25P530,OPTSTK,19.1,439500,18.8,19.1,349500,750,750,SHRIRAMFIN,530.0,PE,27-FEB-2025
2025-02-03 12:10:14.477131,SHRIRAMFIN27FEB25P530,OPTSTK,19.1,439500,18.8,19.1,349500,750,750,SHRIRAMFIN,530.0,PE,27-FEB-2025
2025-02-03 12:10:20.703987,SHRIRAMFIN27FEB25P530,OPTSTK,19.25,439500,18.8,19.1,356250,750,750,SHRIRAMFIN,530.0,PE,27-FEB-2025
2025-02-03 12:10:26.951573,SHRIRAMFIN27FEB25P530,OPTSTK,19.25,440250,19.1,19.35,356250,750,750,SHRIRAMFIN,530.0,PE,27-FEB-2025
2025-02-03 12:10:33.174260,SHRIRAMFIN27FEB25P530,OPTSTK,19.25,440250,19.1,19.35,356250,750,750,SHRIRAMFIN,530.0,PE,27-FEB-2025
2025-02-03 12:10:41.199737,SHRIRAMFIN27FEB25P530,OPTSTK,19.1,440250,19.1,19.35,356250,750,750,SHRIRAMFIN,530.0,PE,27-FEB-2025
2025-02-03 12:10:47.779677,SHRIRAMFIN27FEB25P530,OPTSTK,19.1,441000,18.85,19.15,356250,750,1500,SHRIRAMFIN,530.0,PE,27-FEB-2025
2025-02-03 12:10:55.186393,SHRIRAMFIN27FEB25P530,OPTSTK,19.1,441000,18.85,19.15,356250,750,1500,SHRIRAMFIN,530.0,PE,27-FEB-2025
2025-02-03 12:11:03.632710,SHRIRAMFIN27FEB25P530,OPTSTK,19.1,441000,18.85,19.15,356250,750,1500,SHRIRAMFIN,530.0,PE,27-FEB-2025
2025-02-03 12:11:11.054897,SHRIRAMFIN27FEB25P530,OPTSTK,19.1,441000,18.85,19.05,356250,750,750,SHRIRAMFIN,530.0,PE,27-FEB-2025
2025-02-03 12:11:17.364811,SHRIRAMFIN27FEB25P530,OPTSTK,19.0,441000,18.85,19.05,356250,750,750,SHRIRAMFIN,530.0,PE,27-FEB-2025
2025-02-03 12:11:23.650592,SHRIRAMFIN27FEB25P530,OPTSTK,19.0,441000,18.85,19.05,356250,750,750,SHRIRAMFIN,530.0,PE,27-FEB-2025
2025-02-03 12:11:29.838463,SHRIRAMFIN27FEB25P530,OPTSTK,19.0,441000,18.85,19.05,356250,750,750,SHRIRAMFIN,530.0,PE,27-FEB-2025
2025-02-03 12:11:36.179363,SHRIRAMFIN27FEB25P530,OPTSTK,19.0,442500,19.15,19.45,356250,750,1500,SHRIRAMFIN,530.0,PE,27-FEB-2025
2025-02-03 12:11:42.521041,SHRIRAMFIN27FEB25P530,OPTSTK,19.35,442500,19.15,19.45,356250,750,1500,SHRIRAMFIN,530.0,PE,27-FEB-2025
2025-02-03 12:11:48.827884,SHRIRAMFIN27FEB25P530,OPTSTK,19.35,442500,19.15,19.45,356250,750,1500,SHRIRAMFIN,530.0,PE,27-FEB-2025
2025-02-03 12:11:55.420623,SHRIRAMFIN27FEB25P530,OPTSTK,19.35,442500,19.15,19.45,356250,750,1500,SHRIRAMFIN,530.0,PE,27-FEB-2025
2025-02-03 12:12:01.934417,SHRIRAMFIN27FEB25P530,OPTSTK,19.35,443250,19.35,19.6,356250,750,1500,SHRIRAMFIN,530.0,PE,27-FEB-2025
2025-02-03 12:12:08.113975,SHRIRAMFIN27FEB25P530,OPTSTK,19.6,443250,19.35,19.6,356250,750,1500,SHRIRAMFIN,530.0,PE,27-FEB-2025
2025-02-03 12:12:16.718988,SHRIRAMFIN27FEB25P530,OPTSTK,19.6,443250,19.35,19.6,356250,750,1500,SHRIRAMFIN,530.0,PE,27-FEB-2025
2025-02-03 12:12:24.389120,SHRIRAMFIN27FEB25P530,OPTSTK,19.6,444000,19.35,19.65,356250,750,1500,SHRIRAMFIN,530.0,PE,27-FEB-2025
2025-02-03 12:12:30.725101,SHRIRAMFIN27FEB25P530,OPTSTK,19.6,444000,19.35,19.65,356250,750,1500,SHRIRAMFIN,530.0,PE,27-FEB-2025
2025-02-03 12:12:36.882144,SHRIRAMFIN27FEB25P530,OPTSTK,19.6,444000,19.35,19.65,356250,750,1500,SHRIRAMFIN,530.0,PE,27-FEB-2025
2025-02-03 12:12:43.100752,SHRIRAMFIN27FEB25P530,OPTSTK,19.6,444000,19.35,19.65,356250,750,1500,SHRIRAMFIN,530.0,PE,27-FEB-2025
2025-02-03 12:12:49.447816,SHRIRAMFIN27FEB25P530,OPTSTK,19.6,444000,19.45,19.75,356250,3750,750,SHRIRAMFIN,530.0,PE,27-FEB-2025
2025-02-03 12:12:55.589660,SHRIRAMFIN27FEB25P530,OPTSTK,19.55,444000,19.45,19.75,356250,3750,750,SHRIRAMFIN,530.0,PE,27-FEB-2025
2025-02-03 12:13:01.720395,SHRIRAMFIN27FEB25P530,OPTSTK,19.55,444000,19.45,19.75,356250,3750,750,SHRIRAMFIN,530.0,PE,27-FEB-2025
2025-02-03 12:13:07.969203,SHRIRAMFIN27FEB25P530,OPTSTK,19.55,444000,19.45,19.75,356250,3750,750,SHRIRAMFIN,530.0,PE,27-FEB-2025
2025-02-03 12:13:14.706528,SHRIRAMFIN27FEB25P530,OPTSTK,19.55,444750,19.25,19.55,356250,750,1500,SHRIRAMFIN,530.0,PE,27-FEB-2025
2025-02-03 12:13:20.903039,SHRIRAMFIN27FEB25P530,OPTSTK,19.55,444750,19.25,19.55,356250,750,1500,SHRIRAMFIN,530.0,PE,27-FEB-2025
2025-02-03 12:13:28.713410,SHRIRAMFIN27FEB25P530,OPTSTK,19.55,444750,19.25,19.55,356250,750,1500,SHRIRAMFIN,530.0,PE,27-FEB-2025
2025-02-03 12:13:36.668911,SHRIRAMFIN27FEB25P530,OPTSTK,19.55,444750,19.1,19.35,356250,750,1500,SHRIRAMFIN,530.0,PE,27-FEB-2025
2025-02-03 12:13:43.715750,SHRIRAMFIN27FEB25P530,OPTSTK,19.55,444750,19.1,19.35,356250,750,1500,SHRIRAMFIN,530.0,PE,27-FEB-2025
2025-02-03 12:13:50.235930,SHRIRAMFIN27FEB25P530,OPTSTK,19.55,444750,19.1,19.35,356250,750,1500,SHRIRAMFIN,530.0,PE,27-FEB-2025
2025-02-03 12:13:56.587088,SHRIRAMFIN27FEB25P530,OPTSTK,19.55,444750,19.1,19.35,356250,750,1500,SHRIRAMFIN,530.0,PE,27-FEB-2025
2025-02-03 12:14:03.900102,SHRIRAMFIN27FEB25P530,OPTSTK,19.4,445500,19.1,19.35,356250,750,750,SHRIRAMFIN,530.0,PE,27-FEB-2025
2025-02-03 12:14:10.448915,SHRIRAMFIN27FEB25P530,OPTSTK,19.4,445500,19.1,19.35,356250,750,750,SHRIRAMFIN,530.0,PE,27-FEB-2025
2025-02-03 12:14:16.950709,SHRIRAMFIN27FEB25P530,OPTSTK,19.4,445500,19.1,19.35,356250,750,750,SHRIRAMFIN,530.0,PE,27-FEB-2025
2025-02-03 12:14:24.541553,SHRIRAMFIN27FEB25P530,OPTSTK,19.4,446250,19.2,19.45,356250,750,750,SHRIRAMFIN,530.0,PE,27-FEB-2025
2025-02-03 12:14:31.199731,SHRIRAMFIN27FEB25P530,OPTSTK,19.4,446250,19.2,19.45,356250,750,750,SHRIRAMFIN,530.0,PE,27-FEB-2025
2025-02-03 12:14:37.751088,SHRIRAMFIN27FEB25P530,OPTSTK,19.4,446250,19.2,19.45,356250,750,750,SHRIRAMFIN,530.0,PE,27-FEB-2025
2025-02-03 12:14:45.348502,SHRIRAMFIN27FEB25P530,OPTSTK,19.4,446250,19.2,19.45,356250,750,750,SHRIRAMFIN,530.0,PE,27-FEB-2025
2025-02-03 12:14:53.406093,SHRIRAMFIN27FEB25P530,OPTSTK,19.4,446250,19.4,19.6,356250,1500,1500,SHRIRAMFIN,530.0,PE,27-FEB-2025
2025-02-03 12:15:00.557362,SHRIRAMFIN27FEB25P530,OPTSTK,19.4,446250,19.4,19.6,356250,1500,1500,SHRIRAMFIN,530.0,PE,27-FEB-2025
2025-02-03 12:15:06.799970,SHRIRAMFIN27FEB25P530,OPTSTK,19.4,446250,19.4,19.6,356250,1500,1500,SHRIRAMFIN,530.0,PE,27-FEB-2025
2025-02-03 12:15:13.157010,SHRIRAMFIN27FEB25P530,OPTSTK,19.45,447750,19.3,19.55,356250,750,2250,SHRIRAMFIN,530.0,PE,27-FEB-2025
2025-02-03 12:15:20.203286,SHRIRAMFIN27FEB25P530,OPTSTK,19.45,447750,19.3,19.55,356250,750,2250,SHRIRAMFIN,530.0,PE,27-FEB-2025
2025-02-03 12:15:26.946202,SHRIRAMFIN27FEB25P530,OPTSTK,19.45,447750,19.3,19.55,356250,750,2250,SHRIRAMFIN,530.0,PE,27-FEB-2025
2025-02-03 12:15:33.487346,SHRIRAMFIN27FEB25P530,OPTSTK,19.45,447750,19.3,19.55,356250,750,2250,SHRIRAMFIN,530.0,PE,27-FEB-2025
2025-02-03 12:15:39.976742,SHRIRAMFIN27FEB25P530,OPTSTK,19.45,450750,19.15,19.45,356250,750,1500,SHRIRAMFIN,530.0,PE,27-FEB-2025
2025-02-03 12:15:46.500406,SHRIRAMFIN27FEB25P530,OPTSTK,19.45,450750,19.15,19.45,356250,750,1500,SHRIRAMFIN,530.0,PE,27-FEB-2025
2025-02-03 13:09:08.160236,SHRIRAMFIN27FEB25P530,OPTSTK,18.2,495000,17.95,18.15,371250,1500,1500,SHRIRAMFIN,530.0,PE,27-FEB-2025
2025-02-03 13:10:54.982493,SHRIRAMFIN27FEB25P530,OPTSTK,17.8,497250,17.9,18.1,371250,1500,750,SHRIRAMFIN,530.0,PE,27-FEB-2025
2025-02-03 13:11:01.483146,SHRIRAMFIN27FEB25P530,OPTSTK,18.2,497250,17.9,18.1,372000,1500,750,SHRIRAMFIN,530.0,PE,27-FEB-2025
2025-02-03 13:12:06.975173,SHRIRAMFIN27FEB25P530,OPTSTK,18.5,515250,18.2,18.4,372000,750,2250,SHRIRAMFIN,530.0,PE,27-FEB-2025
2025-02-03 13:12:13.563337,SHRIRAMFIN27FEB25P530,OPTSTK,18.5,515250,18.2,18.4,372000,750,2250,SHRIRAMFIN,530.0,PE,27-FEB-2025
2025-02-03 13:12:21.566476,SHRIRAMFIN27FEB25P530,OPTSTK,18.5,515250,18.2,18.4,372000,750,2250,SHRIRAMFIN,530.0,PE,27-FEB-2025
2025-02-03 13:12:28.095515,SHRIRAMFIN27FEB25P530,OPTSTK,18.5,515250,18.0,18.05,372000,1500,1500,SHRIRAMFIN,530.0,PE,27-FEB-2025
2025-02-03 13:12:35.248046,SHRIRAMFIN27FEB25P530,OPTSTK,18.5,515250,18.0,18.05,372000,1500,1500,SHRIRAMFIN,530.0,PE,27-FEB-2025
2025-02-03 13:12:41.351801,SHRIRAMFIN27FEB25P530,OPTSTK,18.0,515250,18.0,18.05,372000,1500,1500,SHRIRAMFIN,530.0,PE,27-FEB-2025
2025-02-03 13:12:48.725243,SHRIRAMFIN27FEB25P530,OPTSTK,18.0,515250,18.0,18.05,372000,1500,1500,SHRIRAMFIN,530.0,PE,27-FEB-2025
2025-02-03 13:12:57.061552,SHRIRAMFIN27FEB25P530,OPTSTK,18.0,516750,17.7,17.9,372000,750,1500,SHRIRAMFIN,530.0,PE,27-FEB-2025
2025-02-03 13:13:04.976348,SHRIRAMFIN27FEB25P530,OPTSTK,17.95,516750,17.7,17.9,372000,750,1500,SHRIRAMFIN,530.0,PE,27-FEB-2025
2025-02-03 13:13:11.519569,SHRIRAMFIN27FEB25P530,OPTSTK,17.9,516750,17.7,17.9,372000,750,1500,SHRIRAMFIN,530.0,PE,27-FEB-2025
2025-02-03 13:13:17.996264,SHRIRAMFIN27FEB25P530,OPTSTK,17.9,519000,17.75,17.95,373500,3000,4500,SHRIRAMFIN,530.0,PE,27-FEB-2025
2025-02-03 13:13:23.973374,SHRIRAMFIN27FEB25P530,OPTSTK,17.95,519000,17.75,17.95,373500,3000,4500,SHRIRAMFIN,530.0,PE,27-FEB-2025
2025-02-03 13:13:30.210383,SHRIRAMFIN27FEB25P530,OPTSTK,17.75,519000,17.75,17.95,373500,3000,4500,SHRIRAMFIN,530.0,PE,27-FEB-2025
2025-02-03 13:13:36.333333,SHRIRAMFIN27FEB25P530,OPTSTK,17.75,519000,17.75,17.95,373500,3000,4500,SHRIRAMFIN,530.0,PE,27-FEB-2025
2025-02-03 13:13:42.779416,SHRIRAMFIN27FEB25P530,OPTSTK,17.8,522750,17.75,17.9,373500,750,1500,SHRIRAMFIN,530.0,PE,27-FEB-2025
2025-02-03 13:13:49.069028,SHRIRAMFIN27FEB25P530,OPTSTK,17.8,522750,17.75,17.9,373500,750,1500,SHRIRAMFIN,530.0,PE,27-FEB-2025
2025-02-03 13:13:56.673382,SHRIRAMFIN27FEB25P530,OPTSTK,17.8,522750,17.75,17.9,373500,750,1500,SHRIRAMFIN,530.0,PE,27-FEB-2025
2025-02-03 13:14:03.740793,SHRIRAMFIN27FEB25P530,OPTSTK,17.8,522750,17.75,17.9,373500,750,1500,SHRIRAMFIN,530.0,PE,27-FEB-2025
2025-02-03 13:14:12.348317,SHRIRAMFIN27FEB25P530,OPTSTK,17.95,538500,18.05,18.2,373500,750,2250,SHRIRAMFIN,530.0,PE,27-FEB-2025
2025-02-03 13:14:19.787887,SHRIRAMFIN27FEB25P530,OPTSTK,17.95,538500,18.05,18.2,373500,750,2250,SHRIRAMFIN,530.0,PE,27-FEB-2025
2025-02-03 13:14:26.030632,SHRIRAMFIN27FEB25P530,OPTSTK,17.95,538500,18.05,18.2,373500,750,2250,SHRIRAMFIN,530.0,PE,27-FEB-2025
2025-02-03 13:14:32.362911,SHRIRAMFIN27FEB25P530,OPTSTK,17.95,542250,18.0,18.15,373500,750,1500,SHRIRAMFIN,530.0,PE,27-FEB-2025
2025-02-03 13:14:38.639461,SHRIRAMFIN27FEB25P530,OPTSTK,17.95,542250,18.0,18.15,373500,750,1500,SHRIRAMFIN,530.0,PE,27-FEB-2025
2025-02-03 13:14:45.013626,SHRIRAMFIN27FEB25P530,OPTSTK,18.0,542250,18.0,18.15,373500,750,1500,SHRIRAMFIN,530.0,PE,27-FEB-2025
2025-02-03 13:14:51.861991,SHRIRAMFIN27FEB25P530,OPTSTK,18.0,542250,18.0,18.15,373500,750,1500,SHRIRAMFIN,530.0,PE,27-FEB-2025
2025-02-03 13:14:58.180985,SHRIRAMFIN27FEB25P530,OPTSTK,18.0,543000,17.8,18.0,373500,2250,1500,SHRIRAMFIN,530.0,PE,27-FEB-2025
2025-02-03 13:15:04.440904,SHRIRAMFIN27FEB25P530,OPTSTK,17.75,543000,17.8,18.0,373500,2250,1500,SHRIRAMFIN,530.0,PE,27-FEB-2025
2025-02-03 13:15:10.692247,SHRIRAMFIN27FEB25P530,OPTSTK,17.75,543000,17.8,18.0,373500,2250,1500,SHRIRAMFIN,530.0,PE,27-FEB-2025
2025-02-03 13:15:16.824503,SHRIRAMFIN27FEB25P530,OPTSTK,17.75,543750,17.75,17.95,373500,750,1500,SHRIRAMFIN,530.0,PE,27-FEB-2025
2025-02-03 13:15:25.123495,SHRIRAMFIN27FEB25P530,OPTSTK,17.75,543750,17.75,17.95,373500,750,1500,SHRIRAMFIN,530.0,PE,27-FEB-2025
2025-02-03 13:15:33.459915,SHRIRAMFIN27FEB25P530,OPTSTK,17.75,543750,17.75,17.95,373500,750,1500,SHRIRAMFIN,530.0,PE,27-FEB-2025
2025-02-03 13:15:41.032587,SHRIRAMFIN27FEB25P530,OPTSTK,17.75,543750,17.75,17.95,373500,750,1500,SHRIRAMFIN,530.0,PE,27-FEB-2025
2025-02-03 13:15:47.244282,SHRIRAMFIN27FEB25P530,OPTSTK,17.75,544500,17.6,17.8,373500,1500,750,SHRIRAMFIN,530.0,PE,27-FEB-2025
2025-02-03 13:15:53.472636,SHRIRAMFIN27FEB25P530,OPTSTK,17.75,544500,17.6,17.8,373500,1500,750,SHRIRAMFIN,530.0,PE,27-FEB-2025
2025-02-03 13:15:59.925373,SHRIRAMFIN27FEB25P530,OPTSTK,17.75,544500,17.6,17.8,373500,1500,750,SHRIRAMFIN,530.0,PE,27-FEB-2025
2025-02-03 13:16:06.191434,SHRIRAMFIN27FEB25P530,OPTSTK,17.7,544500,17.6,17.8,373500,1500,750,SHRIRAMFIN,530.0,PE,27-FEB-2025
2025-02-03 13:16:12.849391,SHRIRAMFIN27FEB25P530,OPTSTK,17.7,546000,17.6,17.75,373500,750,750,SHRIRAMFIN,530.0,PE,27-FEB-2025
2025-02-03 13:16:19.924427,SHRIRAMFIN27FEB25P530,OPTSTK,17.5,546000,17.6,17.75,375750,750,750,SHRIRAMFIN,530.0,PE,27-FEB-2025
2025-02-03 13:16:27.248636,SHRIRAMFIN27FEB25P530,OPTSTK,17.5,546000,17.6,17.75,375750,750,750,SHRIRAMFIN,530.0,PE,27-FEB-2025
2025-02-03 13:16:33.824304,SHRIRAMFIN27FEB25P530,OPTSTK,17.5,546750,17.2,17.4,375750,1500,750,SHRIRAMFIN,530.0,PE,27-FEB-2025
2025-02-03 13:16:40.847391,SHRIRAMFIN27FEB25P530,OPTSTK,17.5,546750,17.2,17.4,375750,1500,750,SHRIRAMFIN,530.0,PE,27-FEB-2025
2025-02-03 13:16:47.548584,SHRIRAMFIN27FEB25P530,OPTSTK,17.4,546750,17.2,17.4,375750,1500,750,SHRIRAMFIN,530.0,PE,27-FEB-2025
2025-02-03 13:16:54.136902,SHRIRAMFIN27FEB25P530,OPTSTK,17.4,546750,17.2,17.4,375750,1500,750,SHRIRAMFIN,530.0,PE,27-FEB-2025
2025-02-03 13:17:00.585656,SHRIRAMFIN27FEB25P530,OPTSTK,17.4,547500,17.2,17.35,375750,1500,1500,SHRIRAMFIN,530.0,PE,27-FEB-2025
2025-02-03 13:17:06.941623,SHRIRAMFIN27FEB25P530,OPTSTK,17.4,547500,17.2,17.35,375750,1500,1500,SHRIRAMFIN,530.0,PE,27-FEB-2025
2025-02-03 13:17:14.289780,SHRIRAMFIN27FEB25P530,OPTSTK,17.35,547500,17.2,17.35,375750,1500,1500,SHRIRAMFIN,530.0,PE,27-FEB-2025
2025-02-03 13:17:20.676920,SHRIRAMFIN27FEB25P530,OPTSTK,17.35,547500,17.2,17.35,375750,1500,1500,SHRIRAMFIN,530.0,PE,27-FEB-2025
2025-02-03 13:17:27.089729,SHRIRAMFIN27FEB25P530,OPTSTK,17.35,549000,17.35,17.55,375750,1500,750,SHRIRAMFIN,530.0,PE,27-FEB-2025
2025-02-03 13:17:33.395518,SHRIRAMFIN27FEB25P530,OPTSTK,17.25,549000,17.35,17.55,375750,1500,750,SHRIRAMFIN,530.0,PE,27-FEB-2025
2025-02-03 13:17:39.779757,SHRIRAMFIN27FEB25P530,OPTSTK,17.25,549000,17.35,17.55,375750,1500,750,SHRIRAMFIN,530.0,PE,27-FEB-2025
2025-02-03 13:17:46.092434,SHRIRAMFIN27FEB25P530,OPTSTK,17.25,549000,17.35,17.55,375750,1500,750,SHRIRAMFIN,530.0,PE,27-FEB-2025
2025-02-03 13:17:52.429219,SHRIRAMFIN27FEB25P530,OPTSTK,17.25,549750,17.25,17.4,375750,1500,750,SHRIRAMFIN,530.0,PE,27-FEB-2025
2025-02-03 13:17:59.188757,SHRIRAMFIN27FEB25P530,OPTSTK,17.3,549750,17.25,17.4,375750,1500,750,SHRIRAMFIN,530.0,PE,27-FEB-2025
2025-02-03 13:18:05.694481,SHRIRAMFIN27FEB25P530,OPTSTK,17.3,549750,17.25,17.4,375750,1500,750,SHRIRAMFIN,530.0,PE,27-FEB-2025
2025-02-03 13:18:12.204483,SHRIRAMFIN27FEB25P530,OPTSTK,17.3,552000,17.25,17.45,375750,750,750,SHRIRAMFIN,530.0,PE,27-FEB-2025
2025-02-03 13:18:18.494409,SHRIRAMFIN27FEB25P530,OPTSTK,17.3,552000,17.25,17.45,375750,750,750,SHRIRAMFIN,530.0,PE,27-FEB-2025
2025-02-03 13:18:24.702243,SHRIRAMFIN27FEB25P530,OPTSTK,17.3,552000,17.25,17.45,375750,750,750,SHRIRAMFIN,530.0,PE,27-FEB-2025
2025-02-03 13:18:31.123235,SHRIRAMFIN27FEB25P530,OPTSTK,17.25,552000,17.25,17.45,375750,750,750,SHRIRAMFIN,530.0,PE,27-FEB-2025
2025-02-03 13:18:37.634491,SHRIRAMFIN27FEB25P530,OPTSTK,17.25,552750,17.25,17.45,375750,1500,750,SHRIRAMFIN,530.0,PE,27-FEB-2025
2025-02-03 13:18:43.953525,SHRIRAMFIN27FEB25P530,OPTSTK,17.25,552750,17.25,17.45,375750,1500,750,SHRIRAMFIN,530.0,PE,27-FEB-2025
2025-02-03 13:18:50.535270,SHRIRAMFIN27FEB25P530,OPTSTK,17.25,552750,17.25,17.45,375750,1500,750,SHRIRAMFIN,530.0,PE,27-FEB-2025
2025-02-03 13:18:56.951202,SHRIRAMFIN27FEB25P530,OPTSTK,17.35,552750,17.25,17.45,375750,1500,750,SHRIRAMFIN,530.0,PE,27-FEB-2025
2025-02-03 13:19:03.489672,SHRIRAMFIN27FEB25P530,OPTSTK,17.35,553500,17.25,17.4,375750,2250,750,SHRIRAMFIN,530.0,PE,27-FEB-2025
2025-02-03 13:19:09.942267,SHRIRAMFIN27FEB25P530,OPTSTK,17.35,553500,17.25,17.4,375750,2250,750,SHRIRAMFIN,530.0,PE,27-FEB-2025
2025-02-03 13:19:16.323081,SHRIRAMFIN27FEB25P530,OPTSTK,17.35,553500,17.25,17.4,375750,2250,750,SHRIRAMFIN,530.0,PE,27-FEB-2025
2025-02-03 13:19:22.741035,SHRIRAMFIN27FEB25P530,OPTSTK,17.35,553500,17.25,17.4,375750,2250,750,SHRIRAMFIN,530.0,PE,27-FEB-2025
2025-02-03 13:19:29.070981,SHRIRAMFIN27FEB25P530,OPTSTK,17.35,553500,17.4,17.55,375750,1500,750,SHRIRAMFIN,530.0,PE,27-FEB-2025
2025-02-03 13:19:35.456421,SHRIRAMFIN27FEB25P530,OPTSTK,17.35,553500,17.4,17.55,375750,1500,750,SHRIRAMFIN,530.0,PE,27-FEB-2025
2025-02-03 13:19:42.188868,SHRIRAMFIN27FEB25P530,OPTSTK,17.35,553500,17.4,17.55,375750,1500,750,SHRIRAMFIN,530.0,PE,27-FEB-2025
2025-02-03 13:19:48.724003,SHRIRAMFIN27FEB25P530,OPTSTK,17.35,553500,17.4,17.55,375750,1500,750,SHRIRAMFIN,530.0,PE,27-FEB-2025
2025-02-03 13:19:55.083237,SHRIRAMFIN27FEB25P530,OPTSTK,17.35,553500,17.65,17.85,375750,750,750,SHRIRAMFIN,530.0,PE,27-FEB-2025
2025-02-03 13:20:01.518622,SHRIRAMFIN27FEB25P530,OPTSTK,17.35,553500,17.65,17.85,375750,750,750,SHRIRAMFIN,530.0,PE,27-FEB-2025
2025-02-03 13:20:07.924854,SHRIRAMFIN27FEB25P530,OPTSTK,17.35,553500,17.65,17.85,375750,750,750,SHRIRAMFIN,530.0,PE,27-FEB-2025
2025-02-03 13:20:14.281806,SHRIRAMFIN27FEB25P530,OPTSTK,17.35,553500,17.65,17.85,375750,750,750,SHRIRAMFIN,530.0,PE,27-FEB-2025
2025-02-03 13:20:20.721747,SHRIRAMFIN27FEB25P530,OPTSTK,17.35,553500,17.65,17.85,375750,750,750,SHRIRAMFIN,530.0,PE,27-FEB-2025
2025-02-03 13:20:27.127637,SHRIRAMFIN27FEB25P530,OPTSTK,17.35,553500,17.65,17.85,375750,750,750,SHRIRAMFIN,530.0,PE,27-FEB-2025
2025-02-03 13:20:33.692291,SHRIRAMFIN27FEB25P530,OPTSTK,17.35,553500,17.65,17.85,375750,750,750,SHRIRAMFIN,530.0,PE,27-FEB-2025
2025-02-03 13:20:40.066753,SHRIRAMFIN27FEB25P530,OPTSTK,17.35,553500,17.65,17.85,375750,750,750,SHRIRAMFIN,530.0,PE,27-FEB-2025
2025-02-03 13:20:46.297966,SHRIRAMFIN27FEB25P530,OPTSTK,17.35,553500,17.65,17.85,375750,750,1500,SHRIRAMFIN,530.0,PE,27-FEB-2025
2025-02-03 13:20:52.523648,SHRIRAMFIN27FEB25P530,OPTSTK,17.35,553500,17.65,17.85,375750,750,1500,SHRIRAMFIN,530.0,PE,27-FEB-2025
2025-02-03 13:20:58.935701,SHRIRAMFIN27FEB25P530,OPTSTK,17.35,553500,17.65,17.85,375750,750,1500,SHRIRAMFIN,530.0,PE,27-FEB-2025
2025-02-03 13:21:05.269726,SHRIRAMFIN27FEB25P530,OPTSTK,17.35,553500,17.65,17.85,375750,750,1500,SHRIRAMFIN,530.0,PE,27-FEB-2025
2025-02-03 13:21:11.578966,SHRIRAMFIN27FEB25P530,OPTSTK,17.35,553500,17.4,17.55,375750,1500,750,SHRIRAMFIN,530.0,PE,27-FEB-2025
2025-02-03 13:21:17.965591,SHRIRAMFIN27FEB25P530,OPTSTK,17.35,553500,17.4,17.55,375750,1500,750,SHRIRAMFIN,530.0,PE,27-FEB-2025
2025-02-03 13:21:24.369142,SHRIRAMFIN27FEB25P530,OPTSTK,17.35,553500,17.4,17.55,375750,1500,750,SHRIRAMFIN,530.0,PE,27-FEB-2025
2025-02-03 13:21:30.767186,SHRIRAMFIN27FEB25P530,OPTSTK,17.35,553500,17.25,17.45,375750,1500,750,SHRIRAMFIN,530.0,PE,27-FEB-2025
2025-02-03 13:21:37.194889,SHRIRAMFIN27FEB25P530,OPTSTK,17.35,553500,17.25,17.45,375750,1500,750,SHRIRAMFIN,530.0,PE,27-FEB-2025
2025-02-03 13:21:45.611640,SHRIRAMFIN27FEB25P530,OPTSTK,17.35,553500,17.25,17.45,375750,1500,750,SHRIRAMFIN,530.0,PE,27-FEB-2025
2025-02-03 13:21:53.409303,SHRIRAMFIN27FEB25P530,OPTSTK,17.35,553500,17.25,17.45,375750,1500,750,SHRIRAMFIN,530.0,PE,27-FEB-2025
2025-02-03 13:22:00.596889,SHRIRAMFIN27FEB25P530,OPTSTK,17.35,553500,17.3,17.5,375750,750,1500,SHRIRAMFIN,530.0,PE,27-FEB-2025
2025-02-03 13:22:06.963403,SHRIRAMFIN27FEB25P530,OPTSTK,17.35,553500,17.3,17.5,375750,750,1500,SHRIRAMFIN,530.0,PE,27-FEB-2025
2025-02-03 13:22:13.247029,SHRIRAMFIN27FEB25P530,OPTSTK,17.35,553500,17.3,17.5,375750,750,1500,SHRIRAMFIN,530.0,PE,27-FEB-2025
2025-02-03 13:22:19.515639,SHRIRAMFIN27FEB25P530,OPTSTK,17.35,553500,17.3,17.5,375750,750,1500,SHRIRAMFIN,530.0,PE,27-FEB-2025
2025-02-03 13:22:26.114069,SHRIRAMFIN27FEB25P530,OPTSTK,17.8,553500,17.65,17.95,379500,750,750,SHRIRAMFIN,530.0,PE,27-FEB-2025
2025-02-03 13:22:34.816071,SHRIRAMFIN27FEB25P530,OPTSTK,17.8,553500,17.65,17.95,379500,750,750,SHRIRAMFIN,530.0,PE,27-FEB-2025
2025-02-03 13:22:42.011673,SHRIRAMFIN27FEB25P530,OPTSTK,17.8,553500,17.65,17.95,379500,750,750,SHRIRAMFIN,530.0,PE,27-FEB-2025
2025-02-03 13:22:50.413868,SHRIRAMFIN27FEB25P530,OPTSTK,17.8,554250,17.65,17.9,379500,3000,750,SHRIRAMFIN,530.0,PE,27-FEB-2025
2025-02-03 13:22:58.795152,SHRIRAMFIN27FEB25P530,OPTSTK,17.8,554250,17.65,17.9,379500,3000,750,SHRIRAMFIN,530.0,PE,27-FEB-2025
2025-02-03 13:23:06.166247,SHRIRAMFIN27FEB25P530,OPTSTK,17.8,554250,17.65,17.9,379500,3000,750,SHRIRAMFIN,530.0,PE,27-FEB-2025
2025-02-03 13:23:13.435098,SHRIRAMFIN27FEB25P530,OPTSTK,17.8,554250,17.6,17.85,379500,2250,750,SHRIRAMFIN,530.0,PE,27-FEB-2025
2025-02-03 13:23:19.737294,SHRIRAMFIN27FEB25P530,OPTSTK,17.8,554250,17.6,17.85,379500,2250,750,SHRIRAMFIN,530.0,PE,27-FEB-2025
2025-02-03 13:23:26.037675,SHRIRAMFIN27FEB25P530,OPTSTK,17.8,554250,17.6,17.85,379500,2250,750,SHRIRAMFIN,530.0,PE,27-FEB-2025
2025-02-03 13:23:32.450346,SHRIRAMFIN27FEB25P530,OPTSTK,17.8,554250,17.6,17.85,379500,2250,750,SHRIRAMFIN,530.0,PE,27-FEB-2025
2025-02-03 13:23:38.745201,SHRIRAMFIN27FEB25P530,OPTSTK,17.8,554250,17.55,17.75,379500,750,1500,SHRIRAMFIN,530.0,PE,27-FEB-2025
2025-02-03 13:23:45.011329,SHRIRAMFIN27FEB25P530,OPTSTK,17.8,554250,17.55,17.75,379500,750,1500,SHRIRAMFIN,530.0,PE,27-FEB-2025
2025-02-03 13:23:51.329648,SHRIRAMFIN27FEB25P530,OPTSTK,17.8,554250,17.55,17.75,379500,750,1500,SHRIRAMFIN,530.0,PE,27-FEB-2025
2025-02-03 13:23:57.715341,SHRIRAMFIN27FEB25P530,OPTSTK,17.8,554250,17.55,17.75,379500,750,1500,SHRIRAMFIN,530.0,PE,27-FEB-2025
2025-02-03 13:24:03.991662,SHRIRAMFIN27FEB25P530,OPTSTK,17.8,555000,17.4,17.65,379500,750,3750,SHRIRAMFIN,530.0,PE,27-FEB-2025
2025-02-03 13:24:10.444109,SHRIRAMFIN27FEB25P530,OPTSTK,17.35,555000,17.4,17.65,379500,750,3750,SHRIRAMFIN,530.0,PE,27-FEB-2025
2025-02-03 13:24:16.883577,SHRIRAMFIN27FEB25P530,OPTSTK,17.35,555000,17.4,17.65,379500,750,3750,SHRIRAMFIN,530.0,PE,27-FEB-2025
2025-02-03 13:24:23.272892,SHRIRAMFIN27FEB25P530,OPTSTK,17.35,557250,17.4,17.55,379500,750,750,SHRIRAMFIN,530.0,PE,27-FEB-2025
2025-02-03 13:24:29.606585,SHRIRAMFIN27FEB25P530,OPTSTK,17.35,557250,17.4,17.55,379500,750,750,SHRIRAMFIN,530.0,PE,27-FEB-2025
2025-02-03 13:24:36.071258,SHRIRAMFIN27FEB25P530,OPTSTK,17.35,557250,17.4,17.55,379500,750,750,SHRIRAMFIN,530.0,PE,27-FEB-2025
2025-02-03 13:24:42.465993,SHRIRAMFIN27FEB25P530,OPTSTK,17.35,557250,17.4,17.55,379500,750,750,SHRIRAMFIN,530.0,PE,27-FEB-2025
2025-02-03 13:24:48.880176,SHRIRAMFIN27FEB25P530,OPTSTK,17.35,557250,17.6,17.8,379500,1500,1500,SHRIRAMFIN,530.0,PE,27-FEB-2025
2025-02-03 13:24:55.232481,SHRIRAMFIN27FEB25P530,OPTSTK,17.35,557250,17.6,17.8,379500,1500,1500,SHRIRAMFIN,530.0,PE,27-FEB-2025
2025-02-03 13:25:01.620597,SHRIRAMFIN27FEB25P530,OPTSTK,17.35,557250,17.6,17.8,379500,1500,1500,SHRIRAMFIN,530.0,PE,27-FEB-2025
2025-02-03 13:25:08.045240,SHRIRAMFIN27FEB25P530,OPTSTK,17.35,557250,17.6,17.8,379500,1500,1500,SHRIRAMFIN,530.0,PE,27-FEB-2025
2025-02-03 13:25:14.511115,SHRIRAMFIN27FEB25P530,OPTSTK,17.35,557250,17.65,17.85,379500,750,1500,SHRIRAMFIN,530.0,PE,27-FEB-2025
2025-02-03 13:25:20.936597,SHRIRAMFIN27FEB25P530,OPTSTK,17.35,557250,17.65,17.85,379500,750,1500,SHRIRAMFIN,530.0,PE,27-FEB-2025
2025-02-03 13:25:27.235767,SHRIRAMFIN27FEB25P530,OPTSTK,17.35,557250,17.65,17.85,379500,750,1500,SHRIRAMFIN,530.0,PE,27-FEB-2025
2025-02-03 13:25:33.955168,SHRIRAMFIN27FEB25P530,OPTSTK,17.55,557250,17.65,17.85,381000,750,1500,SHRIRAMFIN,530.0,PE,27-FEB-2025
2025-02-03 13:25:40.226864,SHRIRAMFIN27FEB25P530,OPTSTK,17.55,558000,17.55,17.85,381000,1500,3750,SHRIRAMFIN,530.0,PE,27-FEB-2025
2025-02-03 13:25:46.674480,SHRIRAMFIN27FEB25P530,OPTSTK,17.55,558000,17.55,17.85,381000,1500,3750,SHRIRAMFIN,530.0,PE,27-FEB-2025
2025-02-03 13:25:53.103587,SHRIRAMFIN27FEB25P530,OPTSTK,17.55,558000,17.55,17.85,381000,1500,3750,SHRIRAMFIN,530.0,PE,27-FEB-2025
2025-02-03 13:25:59.481253,SHRIRAMFIN27FEB25P530,OPTSTK,17.55,558000,17.9,18.05,381000,750,750,SHRIRAMFIN,530.0,PE,27-FEB-2025
2025-02-03 13:26:05.887218,SHRIRAMFIN27FEB25P530,OPTSTK,17.55,558000,17.9,18.05,381000,750,750,SHRIRAMFIN,530.0,PE,27-FEB-2025
2025-02-03 13:26:12.232531,SHRIRAMFIN27FEB25P530,OPTSTK,17.55,558000,17.9,18.05,381000,750,750,SHRIRAMFIN,530.0,PE,27-FEB-2025
2025-02-03 13:26:18.602633,SHRIRAMFIN27FEB25P530,OPTSTK,17.55,558000,17.9,18.05,381000,750,750,SHRIRAMFIN,530.0,PE,27-FEB-2025
2025-02-03 13:26:24.907325,SHRIRAMFIN27FEB25P530,OPTSTK,17.55,558000,18.0,18.25,381000,750,1500,SHRIRAMFIN,530.0,PE,27-FEB-2025
2025-02-03 13:26:31.279470,SHRIRAMFIN27FEB25P530,OPTSTK,17.55,558000,18.0,18.25,381000,750,1500,SHRIRAMFIN,530.0,PE,27-FEB-2025
2025-02-03 13:26:37.643416,SHRIRAMFIN27FEB25P530,OPTSTK,17.55,558000,18.0,18.25,381000,750,1500,SHRIRAMFIN,530.0,PE,27-FEB-2025
2025-02-03 13:26:43.905396,SHRIRAMFIN27FEB25P530,OPTSTK,17.55,558000,18.0,18.25,381000,750,1500,SHRIRAMFIN,530.0,PE,27-FEB-2025
2025-02-03 13:26:50.448558,SHRIRAMFIN27FEB25P530,OPTSTK,17.55,558000,17.9,18.1,381000,750,750,SHRIRAMFIN,530.0,PE,27-FEB-2025
2025-02-03 13:26:56.759444,SHRIRAMFIN27FEB25P530,OPTSTK,17.55,558000,17.9,18.1,381000,750,750,SHRIRAMFIN,530.0,PE,27-FEB-2025
2025-02-03 13:27:03.205867,SHRIRAMFIN27FEB25P530,OPTSTK,17.55,558000,17.9,18.1,381000,750,750,SHRIRAMFIN,530.0,PE,27-FEB-2025
2025-02-03 13:27:09.608901,SHRIRAMFIN27FEB25P530,OPTSTK,17.55,558000,17.9,18.1,381000,750,750,SHRIRAMFIN,530.0,PE,27-FEB-2025
2025-02-03 13:27:15.992246,SHRIRAMFIN27FEB25P530,OPTSTK,17.55,558000,17.75,17.9,381000,1500,750,SHRIRAMFIN,530.0,PE,27-FEB-2025
2025-02-03 13:27:22.241878,SHRIRAMFIN27FEB25P530,OPTSTK,17.55,558000,17.75,17.9,381000,1500,750,SHRIRAMFIN,530.0,PE,27-FEB-2025
2025-02-03 13:27:28.578825,SHRIRAMFIN27FEB25P530,OPTSTK,17.55,558000,17.75,17.9,381000,1500,750,SHRIRAMFIN,530.0,PE,27-FEB-2025
2025-02-03 13:27:34.895150,SHRIRAMFIN27FEB25P530,OPTSTK,17.55,558000,17.75,17.9,381000,1500,750,SHRIRAMFIN,530.0,PE,27-FEB-2025
2025-02-03 13:27:41.179431,SHRIRAMFIN27FEB25P530,OPTSTK,17.55,558000,17.7,17.9,381000,750,1500,SHRIRAMFIN,530.0,PE,27-FEB-2025
2025-02-03 13:27:47.484989,SHRIRAMFIN27FEB25P530,OPTSTK,17.55,558000,17.7,17.9,381000,750,1500,SHRIRAMFIN,530.0,PE,27-FEB-2025
2025-02-03 13:27:53.827029,SHRIRAMFIN27FEB25P530,OPTSTK,17.55,558000,17.7,17.9,381000,750,1500,SHRIRAMFIN,530.0,PE,27-FEB-2025
2025-02-03 13:28:00.246651,SHRIRAMFIN27FEB25P530,OPTSTK,17.55,558000,17.7,17.9,381000,750,1500,SHRIRAMFIN,530.0,PE,27-FEB-2025
2025-02-03 13:28:06.657008,SHRIRAMFIN27FEB25P530,OPTSTK,17.55,558000,17.65,17.9,381000,750,1500,SHRIRAMFIN,530.0,PE,27-FEB-2025
2025-02-03 13:28:12.926536,SHRIRAMFIN27FEB25P530,OPTSTK,17.55,558000,17.65,17.9,381000,750,1500,SHRIRAMFIN,530.0,PE,27-FEB-2025
2025-02-03 13:28:19.215588,SHRIRAMFIN27FEB25P530,OPTSTK,17.9,558000,17.65,17.9,381000,750,1500,SHRIRAMFIN,530.0,PE,27-FEB-2025
2025-02-03 13:28:25.477776,SHRIRAMFIN27FEB25P530,OPTSTK,17.9,558000,17.65,17.9,381000,750,1500,SHRIRAMFIN,530.0,PE,27-FEB-2025
2025-02-03 13:28:31.959401,SHRIRAMFIN27FEB25P530,OPTSTK,17.9,558750,17.75,18.0,381000,1500,750,SHRIRAMFIN,530.0,PE,27-FEB-2025
2025-02-03 13:28:38.379396,SHRIRAMFIN27FEB25P530,OPTSTK,17.9,558750,17.75,18.0,381000,1500,750,SHRIRAMFIN,530.0,PE,27-FEB-2025
2025-02-03 13:28:44.649387,SHRIRAMFIN27FEB25P530,OPTSTK,17.9,558750,17.75,18.0,381000,1500,750,SHRIRAMFIN,530.0,PE,27-FEB-2025
2025-02-03 13:28:51.137134,SHRIRAMFIN27FEB25P530,OPTSTK,17.9,558750,17.75,18.0,381000,1500,750,SHRIRAMFIN,530.0,PE,27-FEB-2025
2025-02-03 13:28:57.390700,SHRIRAMFIN27FEB25P530,OPTSTK,17.9,558750,18.15,18.35,381000,750,750,SHRIRAMFIN,530.0,PE,27-FEB-2025
2025-02-03 13:29:03.739733,SHRIRAMFIN27FEB25P530,OPTSTK,17.9,558750,18.15,18.35,381000,750,750,SHRIRAMFIN,530.0,PE,27-FEB-2025
2025-02-03 13:29:10.166623,SHRIRAMFIN27FEB25P530,OPTSTK,17.9,558750,18.15,18.35,381000,750,750,SHRIRAMFIN,530.0,PE,27-FEB-2025
2025-02-03 13:29:16.430368,SHRIRAMFIN27FEB25P530,OPTSTK,18.05,558750,18.15,18.35,381750,750,750,SHRIRAMFIN,530.0,PE,27-FEB-2025
2025-02-03 13:29:22.797471,SHRIRAMFIN27FEB25P530,OPTSTK,18.05,560250,17.85,18.0,381750,750,750,SHRIRAMFIN,530.0,PE,27-FEB-2025
2025-02-03 13:29:29.132470,SHRIRAMFIN27FEB25P530,OPTSTK,18.05,560250,17.85,18.0,381750,750,750,SHRIRAMFIN,530.0,PE,27-FEB-2025
2025-02-03 13:29:35.501497,SHRIRAMFIN27FEB25P530,OPTSTK,18.05,560250,17.85,18.0,381750,750,750,SHRIRAMFIN,530.0,PE,27-FEB-2025
2025-02-03 13:29:42.049420,SHRIRAMFIN27FEB25P530,OPTSTK,18.05,560250,17.65,17.9,381750,750,1500,SHRIRAMFIN,530.0,PE,27-FEB-2025
2025-02-03 13:29:48.405768,SHRIRAMFIN27FEB25P530,OPTSTK,18.05,560250,17.65,17.9,381750,750,1500,SHRIRAMFIN,530.0,PE,27-FEB-2025
2025-02-03 13:29:55.216080,SHRIRAMFIN27FEB25P530,OPTSTK,18.05,560250,17.65,17.9,381750,750,1500,SHRIRAMFIN,530.0,PE,27-FEB-2025
2025-02-03 13:30:01.849137,SHRIRAMFIN27FEB25P530,OPTSTK,18.05,560250,17.65,17.9,381750,750,1500,SHRIRAMFIN,530.0,PE,27-FEB-2025
2025-02-03 13:30:08.522307,SHRIRAMFIN27FEB25P530,OPTSTK,18.05,560250,17.65,17.85,381750,750,2250,SHRIRAMFIN,530.0,PE,27-FEB-2025
2025-02-03 13:30:14.949345,SHRIRAMFIN27FEB25P530,OPTSTK,18.05,560250,17.65,17.85,381750,750,2250,SHRIRAMFIN,530.0,PE,27-FEB-2025
2025-02-03 13:30:21.328275,SHRIRAMFIN27FEB25P530,OPTSTK,18.05,560250,17.65,17.85,381750,750,2250,SHRIRAMFIN,530.0,PE,27-FEB-2025
2025-02-03 13:30:27.677861,SHRIRAMFIN27FEB25P530,OPTSTK,18.05,560250,17.65,17.85,381750,750,2250,SHRIRAMFIN,530.0,PE,27-FEB-2025
2025-02-03 13:30:33.937628,SHRIRAMFIN27FEB25P530,OPTSTK,18.05,560250,17.55,17.85,381750,750,3750,SHRIRAMFIN,530.0,PE,27-FEB-2025
2025-02-03 13:30:40.456545,SHRIRAMFIN27FEB25P530,OPTSTK,18.05,560250,17.55,17.85,381750,750,3750,SHRIRAMFIN,530.0,PE,27-FEB-2025
2025-02-03 13:30:46.744297,SHRIRAMFIN27FEB25P530,OPTSTK,18.05,560250,17.55,17.85,381750,750,3750,SHRIRAMFIN,530.0,PE,27-FEB-2025
2025-02-03 13:30:53.227541,SHRIRAMFIN27FEB25P530,OPTSTK,18.05,560250,17.55,17.85,381750,750,3750,SHRIRAMFIN,530.0,PE,27-FEB-2025
2025-02-03 13:30:59.570261,SHRIRAMFIN27FEB25P530,OPTSTK,18.05,560250,17.5,17.7,381750,750,1500,SHRIRAMFIN,530.0,PE,27-FEB-2025
2025-02-03 13:31:05.938707,SHRIRAMFIN27FEB25P530,OPTSTK,18.05,560250,17.5,17.7,381750,750,1500,SHRIRAMFIN,530.0,PE,27-FEB-2025
2025-02-03 13:31:12.427546,SHRIRAMFIN27FEB25P530,OPTSTK,18.05,560250,17.5,17.7,381750,750,1500,SHRIRAMFIN,530.0,PE,27-FEB-2025
2025-02-03 13:31:18.754869,SHRIRAMFIN27FEB25P530,OPTSTK,18.05,560250,17.5,17.7,381750,750,1500,SHRIRAMFIN,530.0,PE,27-FEB-2025
2025-02-03 13:31:25.398575,SHRIRAMFIN27FEB25P530,OPTSTK,18.05,560250,17.8,18.05,381750,750,750,SHRIRAMFIN,530.0,PE,27-FEB-2025
2025-02-03 13:31:31.850946,SHRIRAMFIN27FEB25P530,OPTSTK,18.05,560250,17.8,18.05,381750,750,750,SHRIRAMFIN,530.0,PE,27-FEB-2025
2025-02-03 13:31:38.170677,SHRIRAMFIN27FEB25P530,OPTSTK,18.05,560250,17.8,18.05,381750,750,750,SHRIRAMFIN,530.0,PE,27-FEB-2025
2025-02-03 13:31:44.533036,SHRIRAMFIN27FEB25P530,OPTSTK,18.05,560250,17.8,18.05,381750,750,750,SHRIRAMFIN,530.0,PE,27-FEB-2025
2025-02-03 13:31:50.661512,SHRIRAMFIN27FEB25P530,OPTSTK,18.05,560250,17.8,18.0,381750,750,750,SHRIRAMFIN,530.0,PE,27-FEB-2025
2025-02-03 13:31:56.975323,SHRIRAMFIN27FEB25P530,OPTSTK,18.05,560250,17.8,18.0,381750,750,750,SHRIRAMFIN,530.0,PE,27-FEB-2025
2025-02-03 13:32:03.433601,SHRIRAMFIN27FEB25P530,OPTSTK,18.05,560250,17.8,18.0,381750,750,750,SHRIRAMFIN,530.0,PE,27-FEB-2025
2025-02-03 13:32:09.815768,SHRIRAMFIN27FEB25P530,OPTSTK,18.05,560250,17.7,17.95,381750,750,750,SHRIRAMFIN,530.0,PE,27-FEB-2025
2025-02-03 13:32:16.195632,SHRIRAMFIN27FEB25P530,OPTSTK,18.05,560250,17.7,17.95,381750,750,750,SHRIRAMFIN,530.0,PE,27-FEB-2025
2025-02-03 13:32:22.525494,SHRIRAMFIN27FEB25P530,OPTSTK,18.05,560250,17.7,17.95,381750,750,750,SHRIRAMFIN,530.0,PE,27-FEB-2025
2025-02-03 13:32:28.802589,SHRIRAMFIN27FEB25P530,OPTSTK,18.05,560250,17.7,17.95,381750,750,750,SHRIRAMFIN,530.0,PE,27-FEB-2025
2025-02-03 13:32:35.031458,SHRIRAMFIN27FEB25P530,OPTSTK,18.05,560250,17.7,17.85,381750,750,750,SHRIRAMFIN,530.0,PE,27-FEB-2025
2025-02-03 13:32:41.362662,SHRIRAMFIN27FEB25P530,OPTSTK,18.05,560250,17.7,17.85,381750,750,750,SHRIRAMFIN,530.0,PE,27-FEB-2025
2025-02-03 13:32:47.735677,SHRIRAMFIN27FEB25P530,OPTSTK,18.05,560250,17.7,17.85,381750,750,750,SHRIRAMFIN,530.0,PE,27-FEB-2025
2025-02-03 13:32:54.066884,SHRIRAMFIN27FEB25P530,OPTSTK,18.05,560250,17.7,17.85,381750,750,750,SHRIRAMFIN,530.0,PE,27-FEB-2025
2025-02-03 13:33:00.476345,SHRIRAMFIN27FEB25P530,OPTSTK,18.05,560250,17.75,17.95,381750,750,1500,SHRIRAMFIN,530.0,PE,27-FEB-2025
2025-02-03 13:33:06.737518,SHRIRAMFIN27FEB25P530,OPTSTK,18.05,560250,17.75,17.95,381750,750,1500,SHRIRAMFIN,530.0,PE,27-FEB-2025
2025-02-03 13:33:13.098293,SHRIRAMFIN27FEB25P530,OPTSTK,18.05,560250,17.75,17.95,381750,750,1500,SHRIRAMFIN,530.0,PE,27-FEB-2025
2025-02-03 13:33:19.280985,SHRIRAMFIN27FEB25P530,OPTSTK,18.05,560250,17.75,17.95,381750,750,1500,SHRIRAMFIN,530.0,PE,27-FEB-2025
2025-02-03 13:33:25.696656,SHRIRAMFIN27FEB25P530,OPTSTK,18.05,560250,17.9,18.1,381750,1500,1500,SHRIRAMFIN,530.0,PE,27-FEB-2025
2025-02-03 13:33:32.027087,SHRIRAMFIN27FEB25P530,OPTSTK,18.05,560250,17.9,18.1,381750,1500,1500,SHRIRAMFIN,530.0,PE,27-FEB-2025
2025-02-03 13:33:38.447995,SHRIRAMFIN27FEB25P530,OPTSTK,18.05,560250,17.9,18.1,381750,1500,1500,SHRIRAMFIN,530.0,PE,27-FEB-2025
2025-02-03 13:33:44.699612,SHRIRAMFIN27FEB25P530,OPTSTK,18.05,560250,17.9,18.1,381750,1500,1500,SHRIRAMFIN,530.0,PE,27-FEB-2025
2025-02-03 13:33:51.137495,SHRIRAMFIN27FEB25P530,OPTSTK,18.05,560250,17.85,18.05,381750,750,1500,SHRIRAMFIN,530.0,PE,27-FEB-2025
2025-02-03 13:33:57.577585,SHRIRAMFIN27FEB25P530,OPTSTK,18.05,560250,17.85,18.05,381750,750,1500,SHRIRAMFIN,530.0,PE,27-FEB-2025
2025-02-03 13:34:03.879203,SHRIRAMFIN27FEB25P530,OPTSTK,18.05,560250,17.85,18.05,381750,750,1500,SHRIRAMFIN,530.0,PE,27-FEB-2025
2025-02-03 13:34:10.400728,SHRIRAMFIN27FEB25P530,OPTSTK,18.05,560250,17.85,18.05,381750,750,1500,SHRIRAMFIN,530.0,PE,27-FEB-2025
2025-02-03 13:34:17.179686,SHRIRAMFIN27FEB25P530,OPTSTK,18.05,560250,17.65,17.85,381750,750,750,SHRIRAMFIN,530.0,PE,27-FEB-2025
2025-02-03 13:34:23.565431,SHRIRAMFIN27FEB25P530,OPTSTK,18.05,560250,17.65,17.85,381750,750,750,SHRIRAMFIN,530.0,PE,27-FEB-2025
2025-02-03 13:34:30.026211,SHRIRAMFIN27FEB25P530,OPTSTK,18.05,560250,17.65,17.85,381750,750,750,SHRIRAMFIN,530.0,PE,27-FEB-2025
2025-02-03 13:34:36.769623,SHRIRAMFIN27FEB25P530,OPTSTK,18.05,560250,17.6,17.8,381750,750,750,SHRIRAMFIN,530.0,PE,27-FEB-2025
2025-02-03 13:34:43.329271,SHRIRAMFIN27FEB25P530,OPTSTK,18.05,560250,17.6,17.8,381750,750,750,SHRIRAMFIN,530.0,PE,27-FEB-2025
2025-02-03 13:34:49.622739,SHRIRAMFIN27FEB25P530,OPTSTK,18.05,560250,17.6,17.8,381750,750,750,SHRIRAMFIN,530.0,PE,27-FEB-2025
2025-02-03 13:34:56.069824,SHRIRAMFIN27FEB25P530,OPTSTK,18.05,560250,17.6,17.8,381750,750,750,SHRIRAMFIN,530.0,PE,27-FEB-2025
2025-02-03 13:35:02.538746,SHRIRAMFIN27FEB25P530,OPTSTK,18.05,560250,17.5,17.75,381750,750,750,SHRIRAMFIN,530.0,PE,27-FEB-2025
2025-02-03 13:35:08.860746,SHRIRAMFIN27FEB25P530,OPTSTK,18.05,560250,17.5,17.75,381750,750,750,SHRIRAMFIN,530.0,PE,27-FEB-2025
2025-02-03 13:35:15.247464,SHRIRAMFIN27FEB25P530,OPTSTK,18.05,560250,17.5,17.75,381750,750,750,SHRIRAMFIN,530.0,PE,27-FEB-2025
2025-02-03 13:35:21.700431,SHRIRAMFIN27FEB25P530,OPTSTK,18.05,560250,17.5,17.75,381750,750,750,SHRIRAMFIN,530.0,PE,27-FEB-2025
2025-02-03 13:35:28.051769,SHRIRAMFIN27FEB25P530,OPTSTK,18.05,560250,17.45,17.7,381750,750,1500,SHRIRAMFIN,530.0,PE,27-FEB-2025
2025-02-03 13:35:34.355864,SHRIRAMFIN27FEB25P530,OPTSTK,18.05,560250,17.45,17.7,381750,750,1500,SHRIRAMFIN,530.0,PE,27-FEB-2025
2025-02-03 13:35:40.632978,SHRIRAMFIN27FEB25P530,OPTSTK,18.05,560250,17.45,17.7,381750,750,1500,SHRIRAMFIN,530.0,PE,27-FEB-2025
2025-02-03 13:35:47.053947,SHRIRAMFIN27FEB25P530,OPTSTK,17.05,560250,17.45,17.7,381750,750,1500,SHRIRAMFIN,530.0,PE,27-FEB-2025
2025-02-03 13:35:53.409147,SHRIRAMFIN27FEB25P530,OPTSTK,17.05,561000,17.05,17.5,381750,2250,1500,SHRIRAMFIN,530.0,PE,27-FEB-2025
2025-02-03 13:35:59.713466,SHRIRAMFIN27FEB25P530,OPTSTK,17.05,561000,17.05,17.5,381750,2250,1500,SHRIRAMFIN,530.0,PE,27-FEB-2025
2025-02-03 13:36:06.069166,SHRIRAMFIN27FEB25P530,OPTSTK,17.05,561000,17.05,17.5,381750,2250,1500,SHRIRAMFIN,530.0,PE,27-FEB-2025
2025-02-03 13:36:12.482074,SHRIRAMFIN27FEB25P530,OPTSTK,17.05,561000,17.05,17.5,381750,2250,1500,SHRIRAMFIN,530.0,PE,27-FEB-2025
2025-02-03 13:36:18.926472,SHRIRAMFIN27FEB25P530,OPTSTK,17.05,561000,16.95,17.2,381750,750,750,SHRIRAMFIN,530.0,PE,27-FEB-2025
2025-02-03 13:36:25.244098,SHRIRAMFIN27FEB25P530,OPTSTK,17.05,561000,16.95,17.2,381750,750,750,SHRIRAMFIN,530.0,PE,27-FEB-2025
2025-02-03 13:36:31.641257,SHRIRAMFIN27FEB25P530,OPTSTK,17.05,561000,16.95,17.2,381750,750,750,SHRIRAMFIN,530.0,PE,27-FEB-2025
2025-02-03 13:36:37.993028,SHRIRAMFIN27FEB25P530,OPTSTK,17.05,561000,16.95,17.2,381750,750,750,SHRIRAMFIN,530.0,PE,27-FEB-2025
2025-02-03 13:36:44.299454,SHRIRAMFIN27FEB25P530,OPTSTK,17.05,564000,16.9,17.25,381750,1500,1500,SHRIRAMFIN,530.0,PE,27-FEB-2025
2025-02-03 13:36:50.650866,SHRIRAMFIN27FEB25P530,OPTSTK,17.05,564000,16.9,17.25,381750,1500,1500,SHRIRAMFIN,530.0,PE,27-FEB-2025
2025-02-03 13:36:56.869086,SHRIRAMFIN27FEB25P530,OPTSTK,17.05,564000,16.9,17.25,381750,1500,1500,SHRIRAMFIN,530.0,PE,27-FEB-2025
2025-02-03 13:37:03.290320,SHRIRAMFIN27FEB25P530,OPTSTK,17.05,564000,16.85,17.1,381750,750,750,SHRIRAMFIN,530.0,PE,27-FEB-2025
2025-02-03 13:37:09.572748,SHRIRAMFIN27FEB25P530,OPTSTK,17.05,564000,16.85,17.1,381750,750,750,SHRIRAMFIN,530.0,PE,27-FEB-2025
2025-02-03 13:37:15.849105,SHRIRAMFIN27FEB25P530,OPTSTK,17.05,564000,16.85,17.1,381750,750,750,SHRIRAMFIN,530.0,PE,27-FEB-2025
2025-02-03 13:37:22.269099,SHRIRAMFIN27FEB25P530,OPTSTK,17.05,564000,16.85,17.1,381750,750,750,SHRIRAMFIN,530.0,PE,27-FEB-2025
2025-02-03 13:37:28.508410,SHRIRAMFIN27FEB25P530,OPTSTK,17.05,564000,16.85,17.1,381750,1500,750,SHRIRAMFIN,530.0,PE,27-FEB-2025
2025-02-03 13:37:34.739856,SHRIRAMFIN27FEB25P530,OPTSTK,17.05,564000,16.85,17.1,381750,1500,750,SHRIRAMFIN,530.0,PE,27-FEB-2025
2025-02-03 13:37:41.022193,SHRIRAMFIN27FEB25P530,OPTSTK,17.15,564000,16.85,17.1,385500,1500,750,SHRIRAMFIN,530.0,PE,27-FEB-2025
2025-02-03 13:37:47.293923,SHRIRAMFIN27FEB25P530,OPTSTK,17.0,564000,16.85,17.1,385500,1500,750,SHRIRAMFIN,530.0,PE,27-FEB-2025
2025-02-03 13:37:53.702605,SHRIRAMFIN27FEB25P530,OPTSTK,17.0,566250,17.05,17.25,385500,750,1500,SHRIRAMFIN,530.0,PE,27-FEB-2025
2025-02-03 13:38:00.082619,SHRIRAMFIN27FEB25P530,OPTSTK,17.0,566250,17.05,17.25,385500,750,1500,SHRIRAMFIN,530.0,PE,27-FEB-2025
2025-02-03 13:38:06.423651,SHRIRAMFIN27FEB25P530,OPTSTK,17.0,566250,17.05,17.25,385500,750,1500,SHRIRAMFIN,530.0,PE,27-FEB-2025
2025-02-03 13:38:12.871353,SHRIRAMFIN27FEB25P530,OPTSTK,17.0,566250,17.05,17.25,385500,750,1500,SHRIRAMFIN,530.0,PE,27-FEB-2025
2025-02-03 13:38:19.139078,SHRIRAMFIN27FEB25P530,OPTSTK,17.0,566250,16.75,17.05,385500,750,3000,SHRIRAMFIN,530.0,PE,27-FEB-2025
2025-02-03 13:38:25.385056,SHRIRAMFIN27FEB25P530,OPTSTK,17.0,566250,16.75,17.05,385500,750,3000,SHRIRAMFIN,530.0,PE,27-FEB-2025
2025-02-03 13:38:31.869549,SHRIRAMFIN27FEB25P530,OPTSTK,17.0,566250,16.75,17.05,385500,750,3000,SHRIRAMFIN,530.0,PE,27-FEB-2025
2025-02-03 13:38:38.246110,SHRIRAMFIN27FEB25P530,OPTSTK,17.0,566250,16.75,17.05,385500,750,3000,SHRIRAMFIN,530.0,PE,27-FEB-2025
2025-02-03 13:38:44.616826,SHRIRAMFIN27FEB25P530,OPTSTK,17.0,566250,16.8,17.0,385500,750,750,SHRIRAMFIN,530.0,PE,27-FEB-2025
2025-02-03 13:38:50.965497,SHRIRAMFIN27FEB25P530,OPTSTK,17.0,566250,16.8,17.0,385500,750,750,SHRIRAMFIN,530.0,PE,27-FEB-2025
2025-02-03 13:38:57.374829,SHRIRAMFIN27FEB25P530,OPTSTK,17.0,566250,16.8,17.0,385500,750,750,SHRIRAMFIN,530.0,PE,27-FEB-2025
2025-02-03 13:39:03.749054,SHRIRAMFIN27FEB25P530,OPTSTK,17.0,566250,16.8,17.0,385500,750,750,SHRIRAMFIN,530.0,PE,27-FEB-2025
2025-02-03 13:39:10.287048,SHRIRAMFIN27FEB25P530,OPTSTK,17.05,566250,16.8,17.0,385500,750,750,SHRIRAMFIN,530.0,PE,27-FEB-2025
2025-02-03 13:39:16.663125,SHRIRAMFIN27FEB25P530,OPTSTK,16.95,566250,16.8,17.0,385500,750,750,SHRIRAMFIN,530.0,PE,27-FEB-2025
2025-02-03 13:39:23.190593,SHRIRAMFIN27FEB25P530,OPTSTK,16.95,566250,16.8,17.0,385500,750,750,SHRIRAMFIN,530.0,PE,27-FEB-2025
2025-02-03 13:39:29.579070,SHRIRAMFIN27FEB25P530,OPTSTK,16.95,567750,16.7,16.95,385500,750,3750,SHRIRAMFIN,530.0,PE,27-FEB-2025
2025-02-03 13:39:35.742607,SHRIRAMFIN27FEB25P530,OPTSTK,16.65,567750,16.7,16.95,385500,750,3750,SHRIRAMFIN,530.0,PE,27-FEB-2025
2025-02-03 13:39:41.914067,SHRIRAMFIN27FEB25P530,OPTSTK,16.65,567750,16.7,16.95,385500,750,3750,SHRIRAMFIN,530.0,PE,27-FEB-2025
2025-02-03 13:39:48.261605,SHRIRAMFIN27FEB25P530,OPTSTK,16.65,567750,16.7,16.95,385500,750,3750,SHRIRAMFIN,530.0,PE,27-FEB-2025
2025-02-03 13:39:54.583904,SHRIRAMFIN27FEB25P530,OPTSTK,16.65,568500,16.75,16.9,385500,750,1500,SHRIRAMFIN,530.0,PE,27-FEB-2025
2025-02-03 13:40:00.908780,SHRIRAMFIN27FEB25P530,OPTSTK,16.65,568500,16.75,16.9,385500,750,1500,SHRIRAMFIN,530.0,PE,27-FEB-2025
2025-02-03 13:40:07.244180,SHRIRAMFIN27FEB25P530,OPTSTK,16.25,568500,16.75,16.9,385500,750,1500,SHRIRAMFIN,530.0,PE,27-FEB-2025
2025-02-03 13:40:13.620991,SHRIRAMFIN27FEB25P530,OPTSTK,16.25,568500,16.75,16.9,385500,750,1500,SHRIRAMFIN,530.0,PE,27-FEB-2025
2025-02-03 13:40:22.978843,SHRIRAMFIN27FEB25P530,OPTSTK,16.25,569250,16.4,16.6,384750,1500,750,SHRIRAMFIN,530.0,PE,27-FEB-2025
2025-02-03 13:40:30.999431,SHRIRAMFIN27FEB25P530,OPTSTK,16.25,569250,16.4,16.6,384750,1500,750,SHRIRAMFIN,530.0,PE,27-FEB-2025
2025-02-03 13:40:37.608657,SHRIRAMFIN27FEB25P530,OPTSTK,16.25,569250,16.4,16.6,384750,1500,750,SHRIRAMFIN,530.0,PE,27-FEB-2025
2025-02-03 13:40:44.003231,SHRIRAMFIN27FEB25P530,OPTSTK,16.25,573750,16.4,16.6,384750,750,750,SHRIRAMFIN,530.0,PE,27-FEB-2025
2025-02-03 13:40:50.527353,SHRIRAMFIN27FEB25P530,OPTSTK,16.25,573750,16.4,16.6,384750,750,750,SHRIRAMFIN,530.0,PE,27-FEB-2025
2025-02-03 13:40:56.827175,SHRIRAMFIN27FEB25P530,OPTSTK,16.25,573750,16.4,16.6,384750,750,750,SHRIRAMFIN,530.0,PE,27-FEB-2025
2025-02-03 13:41:03.280140,SHRIRAMFIN27FEB25P530,OPTSTK,16.25,573750,16.4,16.6,384750,750,750,SHRIRAMFIN,530.0,PE,27-FEB-2025
2025-02-03 13:41:09.791663,SHRIRAMFIN27FEB25P530,OPTSTK,16.25,573750,16.15,16.3,384750,750,1500,SHRIRAMFIN,530.0,PE,27-FEB-2025
2025-02-03 13:41:16.361517,SHRIRAMFIN27FEB25P530,OPTSTK,16.25,573750,16.15,16.3,384750,750,1500,SHRIRAMFIN,530.0,PE,27-FEB-2025
2025-02-03 13:41:22.728350,SHRIRAMFIN27FEB25P530,OPTSTK,16.25,573750,16.15,16.3,384750,750,1500,SHRIRAMFIN,530.0,PE,27-FEB-2025
2025-02-03 13:41:29.129600,SHRIRAMFIN27FEB25P530,OPTSTK,16.3,573750,16.15,16.3,384750,750,1500,SHRIRAMFIN,530.0,PE,27-FEB-2025
2025-02-03 13:41:35.774764,SHRIRAMFIN27FEB25P530,OPTSTK,16.3,582000,16.3,16.5,384750,1500,3000,SHRIRAMFIN,530.0,PE,27-FEB-2025
2025-02-03 13:41:42.260726,SHRIRAMFIN27FEB25P530,OPTSTK,16.3,582000,16.3,16.5,384750,1500,3000,SHRIRAMFIN,530.0,PE,27-FEB-2025
2025-02-03 13:41:48.694064,SHRIRAMFIN27FEB25P530,OPTSTK,16.45,582000,16.3,16.5,384750,1500,3000,SHRIRAMFIN,530.0,PE,27-FEB-2025
2025-02-03 13:41:55.134784,SHRIRAMFIN27FEB25P530,OPTSTK,16.45,583500,16.3,16.5,384750,750,1500,SHRIRAMFIN,530.0,PE,27-FEB-2025
2025-02-03 13:42:01.706268,SHRIRAMFIN27FEB25P530,OPTSTK,16.5,583500,16.3,16.5,384750,750,1500,SHRIRAMFIN,530.0,PE,27-FEB-2025
2025-02-03 13:42:08.135313,SHRIRAMFIN27FEB25P530,OPTSTK,16.5,583500,16.3,16.5,384750,750,1500,SHRIRAMFIN,530.0,PE,27-FEB-2025
2025-02-03 13:42:14.631053,SHRIRAMFIN27FEB25P530,OPTSTK,16.5,583500,16.3,16.5,384750,750,1500,SHRIRAMFIN,530.0,PE,27-FEB-2025
2025-02-03 13:42:20.950351,SHRIRAMFIN27FEB25P530,OPTSTK,16.5,585000,16.45,16.55,384750,750,2250,SHRIRAMFIN,530.0,PE,27-FEB-2025
2025-02-03 13:42:27.527588,SHRIRAMFIN27FEB25P530,OPTSTK,16.4,585000,16.45,16.55,384750,750,2250,SHRIRAMFIN,530.0,PE,27-FEB-2025
2025-02-03 13:42:34.313046,SHRIRAMFIN27FEB25P530,OPTSTK,16.4,585000,16.45,16.55,384750,750,2250,SHRIRAMFIN,530.0,PE,27-FEB-2025
2025-02-03 13:42:40.849557,SHRIRAMFIN27FEB25P530,OPTSTK,16.4,585000,16.45,16.55,384750,750,2250,SHRIRAMFIN,530.0,PE,27-FEB-2025
2025-02-03 13:42:47.516875,SHRIRAMFIN27FEB25P530,OPTSTK,16.4,586500,16.3,16.5,384750,750,2250,SHRIRAMFIN,530.0,PE,27-FEB-2025
2025-02-03 13:42:53.957091,SHRIRAMFIN27FEB25P530,OPTSTK,16.4,586500,16.3,16.5,384750,750,2250,SHRIRAMFIN,530.0,PE,27-FEB-2025
2025-02-03 13:43:00.371546,SHRIRAMFIN27FEB25P530,OPTSTK,16.4,586500,16.3,16.5,384750,750,2250,SHRIRAMFIN,530.0,PE,27-FEB-2025
2025-02-03 13:43:06.802858,SHRIRAMFIN27FEB25P530,OPTSTK,16.4,586500,16.3,16.5,384750,750,2250,SHRIRAMFIN,530.0,PE,27-FEB-2025
2025-02-03 13:43:13.141390,SHRIRAMFIN27FEB25P530,OPTSTK,16.4,586500,16.3,16.55,384750,750,3000,SHRIRAMFIN,530.0,PE,27-FEB-2025
2025-02-03 13:43:19.738011,SHRIRAMFIN27FEB25P530,OPTSTK,16.4,586500,16.3,16.55,384750,750,3000,SHRIRAMFIN,530.0,PE,27-FEB-2025
2025-02-03 13:43:26.112298,SHRIRAMFIN27FEB25P530,OPTSTK,16.4,586500,16.3,16.55,384750,750,3000,SHRIRAMFIN,530.0,PE,27-FEB-2025
2025-02-03 13:43:32.570289,SHRIRAMFIN27FEB25P530,OPTSTK,16.4,586500,16.35,16.5,384750,750,2250,SHRIRAMFIN,530.0,PE,27-FEB-2025
2025-02-03 13:43:39.042248,SHRIRAMFIN27FEB25P530,OPTSTK,16.4,586500,16.35,16.5,384750,750,2250,SHRIRAMFIN,530.0,PE,27-FEB-2025
2025-02-03 13:43:45.673878,SHRIRAMFIN27FEB25P530,OPTSTK,16.35,586500,16.35,16.5,383250,750,2250,SHRIRAMFIN,530.0,PE,27-FEB-2025
2025-02-03 13:43:52.046364,SHRIRAMFIN27FEB25P530,OPTSTK,16.35,586500,16.35,16.5,383250,750,2250,SHRIRAMFIN,530.0,PE,27-FEB-2025
2025-02-03 13:43:58.664684,SHRIRAMFIN27FEB25P530,OPTSTK,16.35,587250,16.3,16.5,383250,1500,3000,SHRIRAMFIN,530.0,PE,27-FEB-2025
2025-02-03 13:44:05.106813,SHRIRAMFIN27FEB25P530,OPTSTK,16.35,587250,16.3,16.5,383250,1500,3000,SHRIRAMFIN,530.0,PE,27-FEB-2025
2025-02-03 13:44:11.514649,SHRIRAMFIN27FEB25P530,OPTSTK,16.35,587250,16.3,16.5,383250,1500,3000,SHRIRAMFIN,530.0,PE,27-FEB-2025
2025-02-03 13:44:17.858176,SHRIRAMFIN27FEB25P530,OPTSTK,16.35,587250,16.3,16.5,383250,1500,3000,SHRIRAMFIN,530.0,PE,27-FEB-2025
2025-02-03 13:44:24.216071,SHRIRAMFIN27FEB25P530,OPTSTK,16.35,587250,16.3,16.4,383250,750,2250,SHRIRAMFIN,530.0,PE,27-FEB-2025
2025-02-03 13:44:30.590624,SHRIRAMFIN27FEB25P530,OPTSTK,16.35,587250,16.3,16.4,383250,750,2250,SHRIRAMFIN,530.0,PE,27-FEB-2025
2025-02-03 13:44:37.003797,SHRIRAMFIN27FEB25P530,OPTSTK,16.35,587250,16.3,16.4,383250,750,2250,SHRIRAMFIN,530.0,PE,27-FEB-2025
2025-02-03 13:44:43.690580,SHRIRAMFIN27FEB25P530,OPTSTK,16.35,587250,16.3,16.4,383250,750,2250,SHRIRAMFIN,530.0,PE,27-FEB-2025
2025-02-03 13:44:50.570522,SHRIRAMFIN27FEB25P530,OPTSTK,16.35,587250,16.3,16.5,383250,1500,2250,SHRIRAMFIN,530.0,PE,27-FEB-2025
2025-02-03 13:44:56.863615,SHRIRAMFIN27FEB25P530,OPTSTK,16.35,587250,16.3,16.5,383250,1500,2250,SHRIRAMFIN,530.0,PE,27-FEB-2025
2025-02-03 13:45:03.512921,SHRIRAMFIN27FEB25P530,OPTSTK,16.3,587250,16.3,16.5,383250,1500,2250,SHRIRAMFIN,530.0,PE,27-FEB-2025
2025-02-03 13:45:09.969216,SHRIRAMFIN27FEB25P530,OPTSTK,16.3,589500,16.2,16.35,383250,750,2250,SHRIRAMFIN,530.0,PE,27-FEB-2025
2025-02-03 13:45:17.931817,SHRIRAMFIN27FEB25P530,OPTSTK,16.3,589500,16.2,16.35,383250,750,2250,SHRIRAMFIN,530.0,PE,27-FEB-2025
2025-02-03 13:45:24.236705,SHRIRAMFIN27FEB25P530,OPTSTK,16.3,589500,16.2,16.35,383250,750,2250,SHRIRAMFIN,530.0,PE,27-FEB-2025
2025-02-03 13:45:30.698340,SHRIRAMFIN27FEB25P530,OPTSTK,16.3,589500,16.2,16.35,383250,750,2250,SHRIRAMFIN,530.0,PE,27-FEB-2025
2025-02-03 13:45:37.168483,SHRIRAMFIN27FEB25P530,OPTSTK,16.3,589500,16.2,16.35,383250,750,2250,SHRIRAMFIN,530.0,PE,27-FEB-2025
2025-02-03 13:45:43.574498,SHRIRAMFIN27FEB25P530,OPTSTK,16.3,589500,16.2,16.35,383250,750,2250,SHRIRAMFIN,530.0,PE,27-FEB-2025
2025-02-03 13:45:50.171044,SHRIRAMFIN27FEB25P530,OPTSTK,16.3,589500,16.2,16.35,383250,750,2250,SHRIRAMFIN,530.0,PE,27-FEB-2025
2025-02-03 13:45:58.158653,SHRIRAMFIN27FEB25P530,OPTSTK,16.35,590250,16.25,16.45,383250,1500,3000,SHRIRAMFIN,530.0,PE,27-FEB-2025
2025-02-03 13:46:04.803411,SHRIRAMFIN27FEB25P530,OPTSTK,16.35,590250,16.25,16.45,383250,1500,3000,SHRIRAMFIN,530.0,PE,27-FEB-2025
2025-02-03 13:46:11.517452,SHRIRAMFIN27FEB25P530,OPTSTK,16.35,590250,16.25,16.45,383250,1500,3000,SHRIRAMFIN,530.0,PE,27-FEB-2025
2025-02-03 13:46:18.200862,SHRIRAMFIN27FEB25P530,OPTSTK,16.35,590250,16.25,16.45,383250,1500,3000,SHRIRAMFIN,530.0,PE,27-FEB-2025
2025-02-03 13:46:26.032605,SHRIRAMFIN27FEB25P530,OPTSTK,16.35,591000,16.4,16.55,383250,1500,2250,SHRIRAMFIN,530.0,PE,27-FEB-2025
2025-02-03 13:46:32.542317,SHRIRAMFIN27FEB25P530,OPTSTK,16.35,591000,16.4,16.55,383250,1500,2250,SHRIRAMFIN,530.0,PE,27-FEB-2025
2025-02-03 13:46:39.482012,SHRIRAMFIN27FEB25P530,OPTSTK,16.35,591000,16.4,16.55,383250,1500,2250,SHRIRAMFIN,530.0,PE,27-FEB-2025
2025-02-03 13:46:46.318643,SHRIRAMFIN27FEB25P530,OPTSTK,16.2,593250,16.2,16.3,384750,1500,2250,SHRIRAMFIN,530.0,PE,27-FEB-2025
2025-02-03 13:46:53.249638,SHRIRAMFIN27FEB25P530,OPTSTK,16.2,593250,16.2,16.3,384750,1500,2250,SHRIRAMFIN,530.0,PE,27-FEB-2025
2025-02-03 13:46:59.964463,SHRIRAMFIN27FEB25P530,OPTSTK,16.2,593250,16.2,16.3,384750,1500,2250,SHRIRAMFIN,530.0,PE,27-FEB-2025
2025-02-03 13:47:06.688596,SHRIRAMFIN27FEB25P530,OPTSTK,16.2,593250,16.2,16.3,384750,1500,2250,SHRIRAMFIN,530.0,PE,27-FEB-2025
2025-02-03 13:47:14.768233,SHRIRAMFIN27FEB25P530,OPTSTK,16.2,593250,16.25,16.4,384750,1500,2250,SHRIRAMFIN,530.0,PE,27-FEB-2025
2025-02-03 13:47:21.306336,SHRIRAMFIN27FEB25P530,OPTSTK,16.2,593250,16.25,16.4,384750,1500,2250,SHRIRAMFIN,530.0,PE,27-FEB-2025
2025-02-03 13:47:27.812968,SHRIRAMFIN27FEB25P530,OPTSTK,16.2,593250,16.25,16.4,384750,1500,2250,SHRIRAMFIN,530.0,PE,27-FEB-2025
2025-02-03 13:47:34.259052,SHRIRAMFIN27FEB25P530,OPTSTK,16.2,597000,16.1,16.35,384750,750,4500,SHRIRAMFIN,530.0,PE,27-FEB-2025
2025-02-03 13:47:40.977297,SHRIRAMFIN27FEB25P530,OPTSTK,16.2,597000,16.1,16.35,384750,750,4500,SHRIRAMFIN,530.0,PE,27-FEB-2025
2025-02-03 13:47:47.443259,SHRIRAMFIN27FEB25P530,OPTSTK,16.2,597000,16.1,16.35,384750,750,4500,SHRIRAMFIN,530.0,PE,27-FEB-2025
2025-02-03 13:47:53.879440,SHRIRAMFIN27FEB25P530,OPTSTK,16.2,597000,16.1,16.35,384750,750,4500,SHRIRAMFIN,530.0,PE,27-FEB-2025
2025-02-03 13:48:00.442756,SHRIRAMFIN27FEB25P530,OPTSTK,16.2,597000,16.05,16.25,384750,750,750,SHRIRAMFIN,530.0,PE,27-FEB-2025
2025-02-03 13:48:07.953000,SHRIRAMFIN27FEB25P530,OPTSTK,16.0,597000,16.05,16.25,384750,750,750,SHRIRAMFIN,530.0,PE,27-FEB-2025
2025-02-03 13:48:14.714984,SHRIRAMFIN27FEB25P530,OPTSTK,16.0,597000,16.05,16.25,384750,750,750,SHRIRAMFIN,530.0,PE,27-FEB-2025
2025-02-03 13:48:21.162985,SHRIRAMFIN27FEB25P530,OPTSTK,16.0,597000,16.05,16.25,384750,750,750,SHRIRAMFIN,530.0,PE,27-FEB-2025
2025-02-03 13:48:27.753542,SHRIRAMFIN27FEB25P530,OPTSTK,16.0,597750,16.0,16.2,384750,1500,1500,SHRIRAMFIN,530.0,PE,27-FEB-2025
2025-02-03 13:48:34.187952,SHRIRAMFIN27FEB25P530,OPTSTK,16.0,597750,16.0,16.2,384750,1500,1500,SHRIRAMFIN,530.0,PE,27-FEB-2025
2025-02-03 13:48:40.583121,SHRIRAMFIN27FEB25P530,OPTSTK,16.0,597750,16.0,16.2,384750,1500,1500,SHRIRAMFIN,530.0,PE,27-FEB-2025
2025-02-03 13:48:46.905128,SHRIRAMFIN27FEB25P530,OPTSTK,16.0,597750,16.0,16.2,384750,1500,1500,SHRIRAMFIN,530.0,PE,27-FEB-2025
2025-02-03 13:48:53.263084,SHRIRAMFIN27FEB25P530,OPTSTK,16.0,597750,15.95,16.1,384750,750,750,SHRIRAMFIN,530.0,PE,27-FEB-2025
2025-02-03 13:49:00.066771,SHRIRAMFIN27FEB25P530,OPTSTK,16.0,597750,15.95,16.1,384750,750,750,SHRIRAMFIN,530.0,PE,27-FEB-2025
2025-02-03 13:49:06.631628,SHRIRAMFIN27FEB25P530,OPTSTK,16.0,597750,15.95,16.1,384750,750,750,SHRIRAMFIN,530.0,PE,27-FEB-2025
2025-02-03 13:49:13.132532,SHRIRAMFIN27FEB25P530,OPTSTK,16.0,597750,16.05,16.25,384750,1500,1500,SHRIRAMFIN,530.0,PE,27-FEB-2025
2025-02-03 13:49:19.680965,SHRIRAMFIN27FEB25P530,OPTSTK,16.0,597750,16.05,16.25,384750,1500,1500,SHRIRAMFIN,530.0,PE,27-FEB-2025
2025-02-03 13:49:26.096485,SHRIRAMFIN27FEB25P530,OPTSTK,16.0,597750,16.05,16.25,384750,1500,1500,SHRIRAMFIN,530.0,PE,27-FEB-2025
2025-02-03 13:49:32.613917,SHRIRAMFIN27FEB25P530,OPTSTK,16.0,597750,16.05,16.25,384750,1500,1500,SHRIRAMFIN,530.0,PE,27-FEB-2025
2025-02-03 13:49:38.938541,SHRIRAMFIN27FEB25P530,OPTSTK,16.0,597750,16.0,16.15,384750,1500,750,SHRIRAMFIN,530.0,PE,27-FEB-2025
2025-02-03 13:49:45.467946,SHRIRAMFIN27FEB25P530,OPTSTK,16.0,597750,16.0,16.15,384750,1500,750,SHRIRAMFIN,530.0,PE,27-FEB-2025
2025-02-03 13:49:52.105453,SHRIRAMFIN27FEB25P530,OPTSTK,16.0,597750,16.0,16.15,384750,1500,750,SHRIRAMFIN,530.0,PE,27-FEB-2025
2025-02-03 13:49:58.793089,SHRIRAMFIN27FEB25P530,OPTSTK,16.0,597750,16.0,16.15,384750,1500,750,SHRIRAMFIN,530.0,PE,27-FEB-2025
2025-02-03 13:50:06.008356,SHRIRAMFIN27FEB25P530,OPTSTK,16.0,597750,16.05,16.25,384750,750,1500,SHRIRAMFIN,530.0,PE,27-FEB-2025
2025-02-03 13:50:12.716542,SHRIRAMFIN27FEB25P530,OPTSTK,16.0,597750,16.05,16.25,384750,750,1500,SHRIRAMFIN,530.0,PE,27-FEB-2025
2025-02-03 13:50:19.313889,SHRIRAMFIN27FEB25P530,OPTSTK,16.0,597750,16.05,16.25,384750,750,1500,SHRIRAMFIN,530.0,PE,27-FEB-2025
2025-02-03 13:50:25.840513,SHRIRAMFIN27FEB25P530,OPTSTK,16.0,597750,16.1,16.25,384750,1500,750,SHRIRAMFIN,530.0,PE,27-FEB-2025
2025-02-03 13:50:32.608774,SHRIRAMFIN27FEB25P530,OPTSTK,16.0,597750,16.1,16.25,384750,1500,750,SHRIRAMFIN,530.0,PE,27-FEB-2025
2025-02-03 13:50:39.047779,SHRIRAMFIN27FEB25P530,OPTSTK,16.0,597750,16.1,16.25,384750,1500,750,SHRIRAMFIN,530.0,PE,27-FEB-2025
2025-02-03 13:50:45.474854,SHRIRAMFIN27FEB25P530,OPTSTK,16.0,597750,16.1,16.25,384750,1500,750,SHRIRAMFIN,530.0,PE,27-FEB-2025
2025-02-03 13:50:52.057491,SHRIRAMFIN27FEB25P530,OPTSTK,16.0,597750,16.2,16.35,384750,750,750,SHRIRAMFIN,530.0,PE,27-FEB-2025
2025-02-03 13:50:58.766945,SHRIRAMFIN27FEB25P530,OPTSTK,16.0,597750,16.2,16.35,384750,750,750,SHRIRAMFIN,530.0,PE,27-FEB-2025
2025-02-03 13:51:05.475633,SHRIRAMFIN27FEB25P530,OPTSTK,16.0,597750,16.2,16.35,384750,750,750,SHRIRAMFIN,530.0,PE,27-FEB-2025
2025-02-03 13:51:12.028660,SHRIRAMFIN27FEB25P530,OPTSTK,16.0,597750,16.2,16.35,384750,750,750,SHRIRAMFIN,530.0,PE,27-FEB-2025
2025-02-03 13:51:18.680980,SHRIRAMFIN27FEB25P530,OPTSTK,16.0,597750,16.3,16.45,384750,750,750,SHRIRAMFIN,530.0,PE,27-FEB-2025
2025-02-03 13:51:25.013071,SHRIRAMFIN27FEB25P530,OPTSTK,16.4,597750,16.3,16.45,385500,750,750,SHRIRAMFIN,530.0,PE,27-FEB-2025
2025-02-03 13:51:31.453217,SHRIRAMFIN27FEB25P530,OPTSTK,16.4,597750,16.3,16.45,385500,750,750,SHRIRAMFIN,530.0,PE,27-FEB-2025
2025-02-03 13:51:37.905607,SHRIRAMFIN27FEB25P530,OPTSTK,16.4,597750,16.3,16.45,385500,750,750,SHRIRAMFIN,530.0,PE,27-FEB-2025
2025-02-03 13:51:44.238989,SHRIRAMFIN27FEB25P530,OPTSTK,16.7,598500,16.6,16.75,385500,1500,750,SHRIRAMFIN,530.0,PE,27-FEB-2025
2025-02-03 13:51:50.507746,SHRIRAMFIN27FEB25P530,OPTSTK,16.7,598500,16.6,16.75,385500,1500,750,SHRIRAMFIN,530.0,PE,27-FEB-2025
2025-02-03 13:51:56.883606,SHRIRAMFIN27FEB25P530,OPTSTK,16.6,598500,16.6,16.75,385500,1500,750,SHRIRAMFIN,530.0,PE,27-FEB-2025
2025-02-03 13:52:05.658859,SHRIRAMFIN27FEB25P530,OPTSTK,16.6,598500,16.6,16.75,385500,1500,750,SHRIRAMFIN,530.0,PE,27-FEB-2025
2025-02-03 13:52:12.339100,SHRIRAMFIN27FEB25P530,OPTSTK,16.6,600750,16.6,16.75,385500,750,750,SHRIRAMFIN,530.0,PE,27-FEB-2025
2025-02-03 13:52:18.727638,SHRIRAMFIN27FEB25P530,OPTSTK,16.65,600750,16.6,16.75,385500,750,750,SHRIRAMFIN,530.0,PE,27-FEB-2025
2025-02-03 13:52:25.431496,SHRIRAMFIN27FEB25P530,OPTSTK,16.7,600750,16.6,16.75,386250,750,750,SHRIRAMFIN,530.0,PE,27-FEB-2025
2025-02-03 13:52:31.797705,SHRIRAMFIN27FEB25P530,OPTSTK,16.7,600750,16.6,16.75,386250,750,750,SHRIRAMFIN,530.0,PE,27-FEB-2025
2025-02-03 13:52:38.631916,SHRIRAMFIN27FEB25P530,OPTSTK,16.7,602250,16.5,16.7,386250,1500,750,SHRIRAMFIN,530.0,PE,27-FEB-2025
2025-02-03 13:52:45.626909,SHRIRAMFIN27FEB25P530,OPTSTK,16.7,602250,16.5,16.7,386250,1500,750,SHRIRAMFIN,530.0,PE,27-FEB-2025
2025-02-03 13:52:52.108407,SHRIRAMFIN27FEB25P530,OPTSTK,16.75,602250,16.5,16.7,386250,1500,750,SHRIRAMFIN,530.0,PE,27-FEB-2025
2025-02-03 13:52:58.568033,SHRIRAMFIN27FEB25P530,OPTSTK,16.75,602250,16.5,16.7,386250,1500,750,SHRIRAMFIN,530.0,PE,27-FEB-2025
2025-02-03 13:53:06.110086,SHRIRAMFIN27FEB25P530,OPTSTK,16.75,603750,16.6,16.75,386250,1500,750,SHRIRAMFIN,530.0,PE,27-FEB-2025
2025-02-03 13:53:12.712244,SHRIRAMFIN27FEB25P530,OPTSTK,16.75,603750,16.6,16.75,386250,1500,750,SHRIRAMFIN,530.0,PE,27-FEB-2025
2025-02-03 13:53:19.190664,SHRIRAMFIN27FEB25P530,OPTSTK,16.75,603750,16.6,16.75,386250,1500,750,SHRIRAMFIN,530.0,PE,27-FEB-2025
2025-02-03 13:53:25.799296,SHRIRAMFIN27FEB25P530,OPTSTK,16.75,603750,16.6,16.75,386250,1500,750,SHRIRAMFIN,530.0,PE,27-FEB-2025
2025-02-03 13:53:32.366190,SHRIRAMFIN27FEB25P530,OPTSTK,16.75,604500,16.6,16.8,386250,1500,3750,SHRIRAMFIN,530.0,PE,27-FEB-2025
2025-02-03 13:53:39.803627,SHRIRAMFIN27FEB25P530,OPTSTK,16.75,604500,16.6,16.8,386250,1500,3750,SHRIRAMFIN,530.0,PE,27-FEB-2025
2025-02-03 13:53:46.119007,SHRIRAMFIN27FEB25P530,OPTSTK,16.75,604500,16.6,16.8,386250,1500,3750,SHRIRAMFIN,530.0,PE,27-FEB-2025
2025-02-03 13:53:52.602231,SHRIRAMFIN27FEB25P530,OPTSTK,16.75,604500,16.6,16.8,386250,1500,3750,SHRIRAMFIN,530.0,PE,27-FEB-2025
2025-02-03 13:53:59.164859,SHRIRAMFIN27FEB25P530,OPTSTK,16.75,604500,16.65,16.8,386250,750,3750,SHRIRAMFIN,530.0,PE,27-FEB-2025
2025-02-03 13:54:05.588259,SHRIRAMFIN27FEB25P530,OPTSTK,16.75,604500,16.65,16.8,386250,750,3750,SHRIRAMFIN,530.0,PE,27-FEB-2025
2025-02-03 13:54:11.915353,SHRIRAMFIN27FEB25P530,OPTSTK,16.75,604500,16.65,16.8,386250,750,3750,SHRIRAMFIN,530.0,PE,27-FEB-2025
2025-02-03 13:54:18.182617,SHRIRAMFIN27FEB25P530,OPTSTK,16.75,604500,16.65,16.8,386250,750,3750,SHRIRAMFIN,530.0,PE,27-FEB-2025
2025-02-03 13:54:24.742683,SHRIRAMFIN27FEB25P530,OPTSTK,16.75,604500,16.55,16.75,386250,2250,750,SHRIRAMFIN,530.0,PE,27-FEB-2025
2025-02-03 13:54:31.128176,SHRIRAMFIN27FEB25P530,OPTSTK,16.75,604500,16.55,16.75,386250,2250,750,SHRIRAMFIN,530.0,PE,27-FEB-2025
2025-02-03 13:54:37.682295,SHRIRAMFIN27FEB25P530,OPTSTK,16.75,604500,16.55,16.75,386250,2250,750,SHRIRAMFIN,530.0,PE,27-FEB-2025
2025-02-03 13:54:44.263125,SHRIRAMFIN27FEB25P530,OPTSTK,16.8,607500,16.75,16.95,386250,1500,750,SHRIRAMFIN,530.0,PE,27-FEB-2025
2025-02-03 13:54:52.055760,SHRIRAMFIN27FEB25P530,OPTSTK,16.8,607500,16.75,16.95,386250,1500,750,SHRIRAMFIN,530.0,PE,27-FEB-2025
2025-02-03 13:54:58.494626,SHRIRAMFIN27FEB25P530,OPTSTK,16.8,607500,16.75,16.95,386250,1500,750,SHRIRAMFIN,530.0,PE,27-FEB-2025
2025-02-03 13:55:05.157237,SHRIRAMFIN27FEB25P530,OPTSTK,16.8,607500,16.75,16.95,386250,1500,750,SHRIRAMFIN,530.0,PE,27-FEB-2025
2025-02-03 13:55:11.705489,SHRIRAMFIN27FEB25P530,OPTSTK,17.0,608250,16.9,17.1,386250,750,750,SHRIRAMFIN,530.0,PE,27-FEB-2025
2025-02-03 13:55:18.321954,SHRIRAMFIN27FEB25P530,OPTSTK,17.0,608250,16.9,17.1,386250,750,750,SHRIRAMFIN,530.0,PE,27-FEB-2025
2025-02-03 13:55:25.077898,SHRIRAMFIN27FEB25P530,OPTSTK,17.0,608250,16.9,17.1,386250,750,750,SHRIRAMFIN,530.0,PE,27-FEB-2025
2025-02-03 13:55:31.584060,SHRIRAMFIN27FEB25P530,OPTSTK,17.0,608250,16.9,17.1,386250,750,750,SHRIRAMFIN,530.0,PE,27-FEB-2025
2025-02-03 13:55:37.933230,SHRIRAMFIN27FEB25P530,OPTSTK,17.0,608250,17.0,17.2,386250,1500,3000,SHRIRAMFIN,530.0,PE,27-FEB-2025
2025-02-03 13:55:44.444472,SHRIRAMFIN27FEB25P530,OPTSTK,17.0,608250,17.0,17.2,386250,1500,3000,SHRIRAMFIN,530.0,PE,27-FEB-2025
2025-02-03 13:55:50.997841,SHRIRAMFIN27FEB25P530,OPTSTK,17.0,608250,17.0,17.2,386250,1500,3000,SHRIRAMFIN,530.0,PE,27-FEB-2025
2025-02-03 13:55:57.323705,SHRIRAMFIN27FEB25P530,OPTSTK,17.0,608250,17.0,17.2,386250,1500,3000,SHRIRAMFIN,530.0,PE,27-FEB-2025
2025-02-03 13:56:03.670876,SHRIRAMFIN27FEB25P530,OPTSTK,17.0,608250,17.15,17.35,386250,1500,750,SHRIRAMFIN,530.0,PE,27-FEB-2025
2025-02-03 13:56:10.035541,SHRIRAMFIN27FEB25P530,OPTSTK,17.0,608250,17.15,17.35,386250,1500,750,SHRIRAMFIN,530.0,PE,27-FEB-2025
2025-02-03 13:56:16.489619,SHRIRAMFIN27FEB25P530,OPTSTK,17.0,608250,17.15,17.35,386250,1500,750,SHRIRAMFIN,530.0,PE,27-FEB-2025
2025-02-03 13:56:23.061060,SHRIRAMFIN27FEB25P530,OPTSTK,17.0,608250,17.15,17.35,386250,1500,750,SHRIRAMFIN,530.0,PE,27-FEB-2025
2025-02-03 13:56:29.656241,SHRIRAMFIN27FEB25P530,OPTSTK,17.0,608250,17.05,17.25,386250,1500,750,SHRIRAMFIN,530.0,PE,27-FEB-2025
2025-02-03 13:56:36.146184,SHRIRAMFIN27FEB25P530,OPTSTK,17.0,608250,17.05,17.25,386250,1500,750,SHRIRAMFIN,530.0,PE,27-FEB-2025
2025-02-03 13:56:42.414459,SHRIRAMFIN27FEB25P530,OPTSTK,17.0,608250,17.05,17.25,386250,1500,750,SHRIRAMFIN,530.0,PE,27-FEB-2025
2025-02-03 13:56:49.001142,SHRIRAMFIN27FEB25P530,OPTSTK,17.0,608250,17.05,17.25,386250,1500,750,SHRIRAMFIN,530.0,PE,27-FEB-2025
2025-02-03 13:56:55.417925,SHRIRAMFIN27FEB25P530,OPTSTK,17.0,608250,17.2,17.4,386250,1500,1500,SHRIRAMFIN,530.0,PE,27-FEB-2025
2025-02-03 13:57:01.895863,SHRIRAMFIN27FEB25P530,OPTSTK,17.0,608250,17.2,17.4,386250,1500,1500,SHRIRAMFIN,530.0,PE,27-FEB-2025
2025-02-03 13:57:08.295504,SHRIRAMFIN27FEB25P530,OPTSTK,17.0,608250,17.2,17.4,386250,1500,1500,SHRIRAMFIN,530.0,PE,27-FEB-2025
2025-02-03 13:57:14.867053,SHRIRAMFIN27FEB25P530,OPTSTK,17.35,608250,17.2,17.4,386250,1500,1500,SHRIRAMFIN,530.0,PE,27-FEB-2025
2025-02-03 13:57:21.623502,SHRIRAMFIN27FEB25P530,OPTSTK,17.35,609000,17.15,17.35,386250,750,3750,SHRIRAMFIN,530.0,PE,27-FEB-2025
2025-02-03 13:57:28.448309,SHRIRAMFIN27FEB25P530,OPTSTK,17.35,609000,17.15,17.35,386250,750,3750,SHRIRAMFIN,530.0,PE,27-FEB-2025
2025-02-03 13:57:35.167733,SHRIRAMFIN27FEB25P530,OPTSTK,17.35,609000,17.15,17.35,386250,750,3750,SHRIRAMFIN,530.0,PE,27-FEB-2025
2025-02-03 13:57:41.562968,SHRIRAMFIN27FEB25P530,OPTSTK,17.4,609750,17.35,17.55,386250,750,750,SHRIRAMFIN,530.0,PE,27-FEB-2025
2025-02-03 13:57:47.913130,SHRIRAMFIN27FEB25P530,OPTSTK,17.55,609750,17.35,17.55,386250,750,750,SHRIRAMFIN,530.0,PE,27-FEB-2025
2025-02-03 13:57:54.236629,SHRIRAMFIN27FEB25P530,OPTSTK,17.55,609750,17.35,17.55,386250,750,750,SHRIRAMFIN,530.0,PE,27-FEB-2025
2025-02-03 13:58:00.975598,SHRIRAMFIN27FEB25P530,OPTSTK,17.55,609750,17.35,17.55,386250,750,750,SHRIRAMFIN,530.0,PE,27-FEB-2025
2025-02-03 13:58:07.459084,SHRIRAMFIN27FEB25P530,OPTSTK,17.55,613500,17.4,17.6,386250,1500,750,SHRIRAMFIN,530.0,PE,27-FEB-2025
2025-02-03 13:58:13.913687,SHRIRAMFIN27FEB25P530,OPTSTK,17.55,613500,17.4,17.6,386250,1500,750,SHRIRAMFIN,530.0,PE,27-FEB-2025
2025-02-03 13:58:20.754105,SHRIRAMFIN27FEB25P530,OPTSTK,17.55,613500,17.4,17.6,386250,1500,750,SHRIRAMFIN,530.0,PE,27-FEB-2025
2025-02-03 13:58:27.813381,SHRIRAMFIN27FEB25P530,OPTSTK,17.55,613500,17.4,17.6,386250,1500,750,SHRIRAMFIN,530.0,PE,27-FEB-2025
2025-02-03 13:58:34.980802,SHRIRAMFIN27FEB25P530,OPTSTK,17.55,613500,17.25,17.55,386250,2250,750,SHRIRAMFIN,530.0,PE,27-FEB-2025
2025-02-03 13:58:41.619495,SHRIRAMFIN27FEB25P530,OPTSTK,17.55,613500,17.25,17.55,386250,2250,750,SHRIRAMFIN,530.0,PE,27-FEB-2025
2025-02-03 13:58:48.358217,SHRIRAMFIN27FEB25P530,OPTSTK,17.55,613500,17.25,17.55,386250,2250,750,SHRIRAMFIN,530.0,PE,27-FEB-2025
2025-02-03 13:58:55.759453,SHRIRAMFIN27FEB25P530,OPTSTK,17.55,613500,17.35,17.5,386250,750,3000,SHRIRAMFIN,530.0,PE,27-FEB-2025
2025-02-03 13:59:02.256535,SHRIRAMFIN27FEB25P530,OPTSTK,17.55,613500,17.35,17.5,386250,750,3000,SHRIRAMFIN,530.0,PE,27-FEB-2025
2025-02-03 13:59:08.629692,SHRIRAMFIN27FEB25P530,OPTSTK,17.55,613500,17.35,17.5,386250,750,3000,SHRIRAMFIN,530.0,PE,27-FEB-2025
2025-02-03 13:59:15.075411,SHRIRAMFIN27FEB25P530,OPTSTK,17.55,613500,17.35,17.5,386250,750,3000,SHRIRAMFIN,530.0,PE,27-FEB-2025
2025-02-03 13:59:21.601381,SHRIRAMFIN27FEB25P530,OPTSTK,17.55,613500,17.2,17.4,386250,750,750,SHRIRAMFIN,530.0,PE,27-FEB-2025
2025-02-03 13:59:28.134271,SHRIRAMFIN27FEB25P530,OPTSTK,17.55,613500,17.2,17.4,386250,750,750,SHRIRAMFIN,530.0,PE,27-FEB-2025
2025-02-03 13:59:34.374057,SHRIRAMFIN27FEB25P530,OPTSTK,17.55,613500,17.2,17.4,386250,750,750,SHRIRAMFIN,530.0,PE,27-FEB-2025
2025-02-03 13:59:41.866116,SHRIRAMFIN27FEB25P530,OPTSTK,17.55,613500,17.2,17.4,386250,750,750,SHRIRAMFIN,530.0,PE,27-FEB-2025
2025-02-03 13:59:48.470644,SHRIRAMFIN27FEB25P530,OPTSTK,17.55,613500,17.3,17.5,386250,2250,750,SHRIRAMFIN,530.0,PE,27-FEB-2025
2025-02-03 13:59:55.116339,SHRIRAMFIN27FEB25P530,OPTSTK,17.55,613500,17.3,17.5,386250,2250,750,SHRIRAMFIN,530.0,PE,27-FEB-2025
2025-02-03 14:00:01.675797,SHRIRAMFIN27FEB25P530,OPTSTK,17.55,613500,17.3,17.5,386250,2250,750,SHRIRAMFIN,530.0,PE,27-FEB-2025
2025-02-03 14:00:08.215353,SHRIRAMFIN27FEB25P530,OPTSTK,17.55,613500,17.4,17.55,386250,750,1500,SHRIRAMFIN,530.0,PE,27-FEB-2025
2025-02-03 14:00:14.761357,SHRIRAMFIN27FEB25P530,OPTSTK,17.55,613500,17.4,17.55,386250,750,1500,SHRIRAMFIN,530.0,PE,27-FEB-2025
2025-02-03 14:00:21.295572,SHRIRAMFIN27FEB25P530,OPTSTK,17.55,613500,17.4,17.55,386250,750,1500,SHRIRAMFIN,530.0,PE,27-FEB-2025
2025-02-03 14:00:28.675177,SHRIRAMFIN27FEB25P530,OPTSTK,17.55,613500,17.4,17.55,386250,750,1500,SHRIRAMFIN,530.0,PE,27-FEB-2025
2025-02-03 14:00:35.121548,SHRIRAMFIN27FEB25P530,OPTSTK,17.55,613500,17.15,17.4,386250,1500,750,SHRIRAMFIN,530.0,PE,27-FEB-2025
2025-02-03 14:00:41.899339,SHRIRAMFIN27FEB25P530,OPTSTK,17.55,613500,17.15,17.4,386250,1500,750,SHRIRAMFIN,530.0,PE,27-FEB-2025
2025-02-03 14:00:49.354826,SHRIRAMFIN27FEB25P530,OPTSTK,17.55,613500,17.15,17.4,386250,1500,750,SHRIRAMFIN,530.0,PE,27-FEB-2025
2025-02-03 14:00:58.386711,SHRIRAMFIN27FEB25P530,OPTSTK,17.55,613500,17.0,17.15,386250,1500,1500,SHRIRAMFIN,530.0,PE,27-FEB-2025
2025-02-03 14:01:04.871270,SHRIRAMFIN27FEB25P530,OPTSTK,17.55,613500,17.0,17.15,386250,1500,1500,SHRIRAMFIN,530.0,PE,27-FEB-2025
2025-02-03 14:01:11.340441,SHRIRAMFIN27FEB25P530,OPTSTK,17.55,613500,17.0,17.15,386250,1500,1500,SHRIRAMFIN,530.0,PE,27-FEB-2025
2025-02-03 14:01:18.219650,SHRIRAMFIN27FEB25P530,OPTSTK,17.55,613500,17.0,17.15,386250,1500,1500,SHRIRAMFIN,530.0,PE,27-FEB-2025
2025-02-03 14:01:24.859078,SHRIRAMFIN27FEB25P530,OPTSTK,17.15,614250,17.1,17.25,389250,1500,1500,SHRIRAMFIN,530.0,PE,27-FEB-2025
2025-02-03 14:01:31.673951,SHRIRAMFIN27FEB25P530,OPTSTK,17.15,614250,17.1,17.25,389250,1500,1500,SHRIRAMFIN,530.0,PE,27-FEB-2025
2025-02-03 14:01:38.377523,SHRIRAMFIN27FEB25P530,OPTSTK,17.15,614250,17.1,17.25,389250,1500,1500,SHRIRAMFIN,530.0,PE,27-FEB-2025
2025-02-03 14:01:45.904814,SHRIRAMFIN27FEB25P530,OPTSTK,17.15,615000,17.0,17.15,389250,2250,1500,SHRIRAMFIN,530.0,PE,27-FEB-2025
2025-02-03 14:01:52.605048,SHRIRAMFIN27FEB25P530,OPTSTK,17.15,615000,17.0,17.15,389250,2250,1500,SHRIRAMFIN,530.0,PE,27-FEB-2025
2025-02-03 14:01:59.266513,SHRIRAMFIN27FEB25P530,OPTSTK,17.15,615000,17.0,17.15,389250,2250,1500,SHRIRAMFIN,530.0,PE,27-FEB-2025
2025-02-03 14:02:05.719748,SHRIRAMFIN27FEB25P530,OPTSTK,17.15,615000,17.0,17.15,389250,2250,1500,SHRIRAMFIN,530.0,PE,27-FEB-2025
2025-02-03 14:02:12.348743,SHRIRAMFIN27FEB25P530,OPTSTK,17.15,616500,17.0,17.2,389250,1500,750,SHRIRAMFIN,530.0,PE,27-FEB-2025
2025-02-03 14:02:19.240349,SHRIRAMFIN27FEB25P530,OPTSTK,17.15,616500,17.0,17.2,389250,1500,750,SHRIRAMFIN,530.0,PE,27-FEB-2025
2025-02-03 14:02:26.015319,SHRIRAMFIN27FEB25P530,OPTSTK,17.05,616500,17.0,17.2,389250,1500,750,SHRIRAMFIN,530.0,PE,27-FEB-2025
2025-02-03 14:02:32.663208,SHRIRAMFIN27FEB25P530,OPTSTK,17.0,616500,17.0,17.2,389250,1500,750,SHRIRAMFIN,530.0,PE,27-FEB-2025
2025-02-03 14:02:39.233274,SHRIRAMFIN27FEB25P530,OPTSTK,17.0,618000,16.85,17.0,389250,750,750,SHRIRAMFIN,530.0,PE,27-FEB-2025
2025-02-03 14:02:45.881364,SHRIRAMFIN27FEB25P530,OPTSTK,17.0,618000,16.85,17.0,389250,750,750,SHRIRAMFIN,530.0,PE,27-FEB-2025
2025-02-03 14:02:52.636977,SHRIRAMFIN27FEB25P530,OPTSTK,17.0,618000,16.85,17.0,389250,750,750,SHRIRAMFIN,530.0,PE,27-FEB-2025
2025-02-03 14:02:59.164504,SHRIRAMFIN27FEB25P530,OPTSTK,16.7,618000,16.85,17.0,389250,750,750,SHRIRAMFIN,530.0,PE,27-FEB-2025
2025-02-03 14:03:05.878869,SHRIRAMFIN27FEB25P530,OPTSTK,16.7,618750,16.75,16.9,389250,1500,750,SHRIRAMFIN,530.0,PE,27-FEB-2025
2025-02-03 14:03:12.454041,SHRIRAMFIN27FEB25P530,OPTSTK,16.7,618750,16.75,16.9,389250,1500,750,SHRIRAMFIN,530.0,PE,27-FEB-2025
2025-02-03 14:03:18.928286,SHRIRAMFIN27FEB25P530,OPTSTK,16.7,618750,16.75,16.9,389250,1500,750,SHRIRAMFIN,530.0,PE,27-FEB-2025
2025-02-03 14:03:25.587884,SHRIRAMFIN27FEB25P530,OPTSTK,16.7,618750,16.8,16.95,389250,1500,1500,SHRIRAMFIN,530.0,PE,27-FEB-2025
2025-02-03 14:03:32.233786,SHRIRAMFIN27FEB25P530,OPTSTK,16.7,618750,16.8,16.95,389250,1500,1500,SHRIRAMFIN,530.0,PE,27-FEB-2025
2025-02-03 14:03:39.041334,SHRIRAMFIN27FEB25P530,OPTSTK,16.7,618750,16.8,16.95,389250,1500,1500,SHRIRAMFIN,530.0,PE,27-FEB-2025
2025-02-03 14:03:45.661838,SHRIRAMFIN27FEB25P530,OPTSTK,16.7,618750,16.8,16.95,389250,1500,1500,SHRIRAMFIN,530.0,PE,27-FEB-2025
2025-02-03 14:03:52.159108,SHRIRAMFIN27FEB25P530,OPTSTK,16.7,618750,16.95,17.15,389250,1500,4500,SHRIRAMFIN,530.0,PE,27-FEB-2025
2025-02-03 14:03:59.225473,SHRIRAMFIN27FEB25P530,OPTSTK,16.7,618750,16.95,17.15,389250,1500,4500,SHRIRAMFIN,530.0,PE,27-FEB-2025
2025-02-03 14:04:05.835888,SHRIRAMFIN27FEB25P530,OPTSTK,16.7,618750,16.95,17.15,389250,1500,4500,SHRIRAMFIN,530.0,PE,27-FEB-2025
2025-02-03 14:04:12.338726,SHRIRAMFIN27FEB25P530,OPTSTK,17.05,618750,16.95,17.15,389250,1500,4500,SHRIRAMFIN,530.0,PE,27-FEB-2025
2025-02-03 14:04:19.207225,SHRIRAMFIN27FEB25P530,OPTSTK,17.05,619500,16.85,17.05,389250,1500,750,SHRIRAMFIN,530.0,PE,27-FEB-2025
2025-02-03 14:04:25.818358,SHRIRAMFIN27FEB25P530,OPTSTK,17.05,619500,16.85,17.05,389250,1500,750,SHRIRAMFIN,530.0,PE,27-FEB-2025
2025-02-03 14:04:32.498318,SHRIRAMFIN27FEB25P530,OPTSTK,16.7,619500,16.85,17.05,388500,1500,750,SHRIRAMFIN,530.0,PE,27-FEB-2025
2025-02-03 14:04:38.912220,SHRIRAMFIN27FEB25P530,OPTSTK,16.7,620250,16.6,16.8,388500,4500,750,SHRIRAMFIN,530.0,PE,27-FEB-2025
2025-02-03 14:04:45.396933,SHRIRAMFIN27FEB25P530,OPTSTK,16.7,620250,16.6,16.8,388500,4500,750,SHRIRAMFIN,530.0,PE,27-FEB-2025
2025-02-03 14:04:52.285241,SHRIRAMFIN27FEB25P530,OPTSTK,16.6,620250,16.6,16.8,388500,4500,750,SHRIRAMFIN,530.0,PE,27-FEB-2025
2025-02-03 14:04:58.935353,SHRIRAMFIN27FEB25P530,OPTSTK,16.6,620250,16.6,16.8,388500,4500,750,SHRIRAMFIN,530.0,PE,27-FEB-2025
2025-02-03 14:05:05.606740,SHRIRAMFIN27FEB25P530,OPTSTK,16.7,621750,16.65,16.8,388500,750,750,SHRIRAMFIN,530.0,PE,27-FEB-2025
2025-02-03 14:05:12.188737,SHRIRAMFIN27FEB25P530,OPTSTK,16.7,621750,16.65,16.8,388500,750,750,SHRIRAMFIN,530.0,PE,27-FEB-2025
2025-02-03 14:05:18.568047,SHRIRAMFIN27FEB25P530,OPTSTK,16.7,621750,16.65,16.8,388500,750,750,SHRIRAMFIN,530.0,PE,27-FEB-2025
2025-02-03 14:05:24.917560,SHRIRAMFIN27FEB25P530,OPTSTK,16.7,621750,16.65,16.8,388500,750,750,SHRIRAMFIN,530.0,PE,27-FEB-2025
2025-02-03 14:05:31.521283,SHRIRAMFIN27FEB25P530,OPTSTK,16.7,622500,16.3,16.5,388500,1500,750,SHRIRAMFIN,530.0,PE,27-FEB-2025
2025-02-03 14:05:38.062273,SHRIRAMFIN27FEB25P530,OPTSTK,16.7,622500,16.3,16.5,388500,1500,750,SHRIRAMFIN,530.0,PE,27-FEB-2025
2025-02-03 14:05:44.928848,SHRIRAMFIN27FEB25P530,OPTSTK,16.7,622500,16.3,16.5,388500,1500,750,SHRIRAMFIN,530.0,PE,27-FEB-2025
2025-02-03 14:05:51.699318,SHRIRAMFIN27FEB25P530,OPTSTK,16.7,622500,16.3,16.5,388500,1500,750,SHRIRAMFIN,530.0,PE,27-FEB-2025
2025-02-03 14:05:58.531886,SHRIRAMFIN27FEB25P530,OPTSTK,16.7,622500,16.3,16.5,388500,1500,750,SHRIRAMFIN,530.0,PE,27-FEB-2025
2025-02-03 14:06:05.527342,SHRIRAMFIN27FEB25P530,OPTSTK,16.7,622500,16.3,16.5,388500,1500,750,SHRIRAMFIN,530.0,PE,27-FEB-2025
2025-02-03 14:06:12.188012,SHRIRAMFIN27FEB25P530,OPTSTK,16.7,622500,16.3,16.5,388500,1500,750,SHRIRAMFIN,530.0,PE,27-FEB-2025
2025-02-03 14:06:18.626014,SHRIRAMFIN27FEB25P530,OPTSTK,16.7,622500,16.35,16.55,388500,1500,750,SHRIRAMFIN,530.0,PE,27-FEB-2025
2025-02-03 14:06:25.113023,SHRIRAMFIN27FEB25P530,OPTSTK,16.7,622500,16.35,16.55,388500,1500,750,SHRIRAMFIN,530.0,PE,27-FEB-2025
2025-02-03 14:06:31.722145,SHRIRAMFIN27FEB25P530,OPTSTK,16.7,622500,16.35,16.55,388500,1500,750,SHRIRAMFIN,530.0,PE,27-FEB-2025
2025-02-03 14:06:38.339126,SHRIRAMFIN27FEB25P530,OPTSTK,16.7,622500,16.2,16.4,388500,1500,750,SHRIRAMFIN,530.0,PE,27-FEB-2025
2025-02-03 14:06:44.873106,SHRIRAMFIN27FEB25P530,OPTSTK,16.7,622500,16.2,16.4,388500,1500,750,SHRIRAMFIN,530.0,PE,27-FEB-2025
2025-02-03 14:06:51.527902,SHRIRAMFIN27FEB25P530,OPTSTK,16.7,622500,16.2,16.4,388500,1500,750,SHRIRAMFIN,530.0,PE,27-FEB-2025
2025-02-03 14:06:58.129772,SHRIRAMFIN27FEB25P530,OPTSTK,16.7,622500,16.2,16.4,388500,1500,750,SHRIRAMFIN,530.0,PE,27-FEB-2025
2025-02-03 14:07:05.070753,SHRIRAMFIN27FEB25P530,OPTSTK,16.7,622500,16.4,16.55,388500,750,750,SHRIRAMFIN,530.0,PE,27-FEB-2025
2025-02-03 14:07:11.973269,SHRIRAMFIN27FEB25P530,OPTSTK,16.7,622500,16.4,16.55,388500,750,750,SHRIRAMFIN,530.0,PE,27-FEB-2025
2025-02-03 14:07:18.907353,SHRIRAMFIN27FEB25P530,OPTSTK,16.7,622500,16.4,16.55,388500,750,750,SHRIRAMFIN,530.0,PE,27-FEB-2025
2025-02-03 14:07:27.047797,SHRIRAMFIN27FEB25P530,OPTSTK,16.7,622500,16.4,16.6,388500,750,750,SHRIRAMFIN,530.0,PE,27-FEB-2025
2025-02-03 14:07:33.603165,SHRIRAMFIN27FEB25P530,OPTSTK,16.7,622500,16.4,16.6,388500,750,750,SHRIRAMFIN,530.0,PE,27-FEB-2025
2025-02-03 14:07:40.195306,SHRIRAMFIN27FEB25P530,OPTSTK,16.7,622500,16.4,16.6,388500,750,750,SHRIRAMFIN,530.0,PE,27-FEB-2025
2025-02-03 14:07:46.848182,SHRIRAMFIN27FEB25P530,OPTSTK,16.7,622500,16.4,16.6,388500,750,750,SHRIRAMFIN,530.0,PE,27-FEB-2025
2025-02-03 14:07:53.366852,SHRIRAMFIN27FEB25P530,OPTSTK,16.7,622500,16.4,16.55,388500,1500,750,SHRIRAMFIN,530.0,PE,27-FEB-2025
2025-02-03 14:07:59.915704,SHRIRAMFIN27FEB25P530,OPTSTK,16.7,622500,16.4,16.55,388500,1500,750,SHRIRAMFIN,530.0,PE,27-FEB-2025
2025-02-03 14:08:06.339235,SHRIRAMFIN27FEB25P530,OPTSTK,16.7,622500,16.4,16.55,388500,1500,750,SHRIRAMFIN,530.0,PE,27-FEB-2025
2025-02-03 14:08:12.970806,SHRIRAMFIN27FEB25P530,OPTSTK,16.7,622500,16.4,16.55,388500,1500,750,SHRIRAMFIN,530.0,PE,27-FEB-2025
2025-02-03 14:08:19.349097,SHRIRAMFIN27FEB25P530,OPTSTK,16.7,622500,16.35,16.55,388500,750,750,SHRIRAMFIN,530.0,PE,27-FEB-2025
2025-02-03 14:08:25.757041,SHRIRAMFIN27FEB25P530,OPTSTK,16.7,622500,16.35,16.55,388500,750,750,SHRIRAMFIN,530.0,PE,27-FEB-2025
2025-02-03 14:08:32.420137,SHRIRAMFIN27FEB25P530,OPTSTK,16.7,622500,16.35,16.55,388500,750,750,SHRIRAMFIN,530.0,PE,27-FEB-2025
2025-02-03 14:08:38.956554,SHRIRAMFIN27FEB25P530,OPTSTK,16.7,622500,16.4,16.6,388500,750,750,SHRIRAMFIN,530.0,PE,27-FEB-2025
2025-02-03 14:08:45.581895,SHRIRAMFIN27FEB25P530,OPTSTK,16.7,622500,16.4,16.6,388500,750,750,SHRIRAMFIN,530.0,PE,27-FEB-2025
2025-02-03 14:08:52.187410,SHRIRAMFIN27FEB25P530,OPTSTK,16.7,622500,16.4,16.6,388500,750,750,SHRIRAMFIN,530.0,PE,27-FEB-2025
2025-02-03 14:08:58.745204,SHRIRAMFIN27FEB25P530,OPTSTK,16.7,622500,16.4,16.6,388500,750,750,SHRIRAMFIN,530.0,PE,27-FEB-2025
2025-02-03 14:09:05.386928,SHRIRAMFIN27FEB25P530,OPTSTK,16.7,622500,16.5,16.65,388500,750,750,SHRIRAMFIN,530.0,PE,27-FEB-2025
2025-02-03 14:09:12.174730,SHRIRAMFIN27FEB25P530,OPTSTK,16.7,622500,16.5,16.65,388500,750,750,SHRIRAMFIN,530.0,PE,27-FEB-2025
2025-02-03 14:09:18.698972,SHRIRAMFIN27FEB25P530,OPTSTK,16.7,622500,16.5,16.65,388500,750,750,SHRIRAMFIN,530.0,PE,27-FEB-2025
2025-02-03 14:09:25.333088,SHRIRAMFIN27FEB25P530,OPTSTK,16.7,622500,16.5,16.65,388500,750,750,SHRIRAMFIN,530.0,PE,27-FEB-2025
2025-02-03 14:09:31.752539,SHRIRAMFIN27FEB25P530,OPTSTK,16.7,622500,16.4,16.6,388500,750,750,SHRIRAMFIN,530.0,PE,27-FEB-2025
2025-02-03 14:09:38.517468,SHRIRAMFIN27FEB25P530,OPTSTK,16.7,622500,16.4,16.6,388500,750,750,SHRIRAMFIN,530.0,PE,27-FEB-2025
2025-02-03 14:09:45.156672,SHRIRAMFIN27FEB25P530,OPTSTK,16.7,622500,16.4,16.6,388500,750,750,SHRIRAMFIN,530.0,PE,27-FEB-2025
2025-02-03 14:09:51.629705,SHRIRAMFIN27FEB25P530,OPTSTK,16.7,622500,16.4,16.6,388500,750,750,SHRIRAMFIN,530.0,PE,27-FEB-2025
2025-02-03 14:09:58.125498,SHRIRAMFIN27FEB25P530,OPTSTK,16.7,622500,16.45,16.65,388500,2250,750,SHRIRAMFIN,530.0,PE,27-FEB-2025
2025-02-03 14:10:04.641849,SHRIRAMFIN27FEB25P530,OPTSTK,16.7,622500,16.45,16.65,388500,2250,750,SHRIRAMFIN,530.0,PE,27-FEB-2025
2025-02-03 14:10:11.153677,SHRIRAMFIN27FEB25P530,OPTSTK,16.7,622500,16.45,16.65,388500,2250,750,SHRIRAMFIN,530.0,PE,27-FEB-2025
2025-02-03 14:10:17.622594,SHRIRAMFIN27FEB25P530,OPTSTK,16.7,622500,16.4,16.65,388500,1500,750,SHRIRAMFIN,530.0,PE,27-FEB-2025
2025-02-03 14:10:24.677624,SHRIRAMFIN27FEB25P530,OPTSTK,16.7,622500,16.4,16.65,388500,1500,750,SHRIRAMFIN,530.0,PE,27-FEB-2025
2025-02-03 14:10:31.148643,SHRIRAMFIN27FEB25P530,OPTSTK,16.7,622500,16.4,16.65,388500,1500,750,SHRIRAMFIN,530.0,PE,27-FEB-2025
2025-02-03 14:10:37.864150,SHRIRAMFIN27FEB25P530,OPTSTK,16.7,622500,16.4,16.65,388500,1500,750,SHRIRAMFIN,530.0,PE,27-FEB-2025
2025-02-03 14:10:44.499000,SHRIRAMFIN27FEB25P530,OPTSTK,16.7,622500,16.45,16.65,388500,1500,1500,SHRIRAMFIN,530.0,PE,27-FEB-2025
2025-02-03 14:10:51.635782,SHRIRAMFIN27FEB25P530,OPTSTK,16.7,622500,16.45,16.65,388500,1500,1500,SHRIRAMFIN,530.0,PE,27-FEB-2025
2025-02-03 14:10:57.989788,SHRIRAMFIN27FEB25P530,OPTSTK,16.7,622500,16.45,16.65,388500,1500,1500,SHRIRAMFIN,530.0,PE,27-FEB-2025
2025-02-03 14:11:04.402633,SHRIRAMFIN27FEB25P530,OPTSTK,16.7,622500,16.45,16.65,388500,1500,1500,SHRIRAMFIN,530.0,PE,27-FEB-2025
2025-02-03 14:11:10.919183,SHRIRAMFIN27FEB25P530,OPTSTK,16.7,622500,16.45,16.65,388500,1500,1500,SHRIRAMFIN,530.0,PE,27-FEB-2025
2025-02-03 14:11:17.371689,SHRIRAMFIN27FEB25P530,OPTSTK,16.7,622500,16.45,16.65,388500,1500,1500,SHRIRAMFIN,530.0,PE,27-FEB-2025
2025-02-03 14:11:23.722326,SHRIRAMFIN27FEB25P530,OPTSTK,16.7,622500,16.45,16.65,388500,1500,1500,SHRIRAMFIN,530.0,PE,27-FEB-2025
2025-02-03 14:11:30.019813,SHRIRAMFIN27FEB25P530,OPTSTK,16.45,623250,16.45,16.6,388500,1500,3000,SHRIRAMFIN,530.0,PE,27-FEB-2025
2025-02-03 14:11:36.373864,SHRIRAMFIN27FEB25P530,OPTSTK,16.45,623250,16.45,16.6,388500,1500,3000,SHRIRAMFIN,530.0,PE,27-FEB-2025
2025-02-03 14:11:42.768173,SHRIRAMFIN27FEB25P530,OPTSTK,16.45,623250,16.45,16.6,388500,1500,3000,SHRIRAMFIN,530.0,PE,27-FEB-2025
2025-02-03 14:11:49.117140,SHRIRAMFIN27FEB25P530,OPTSTK,16.45,623250,16.45,16.6,388500,1500,3000,SHRIRAMFIN,530.0,PE,27-FEB-2025
2025-02-03 14:11:55.466249,SHRIRAMFIN27FEB25P530,OPTSTK,16.45,624000,16.45,16.55,388500,750,750,SHRIRAMFIN,530.0,PE,27-FEB-2025
2025-02-03 14:12:03.265323,SHRIRAMFIN27FEB25P530,OPTSTK,16.45,624000,16.45,16.55,388500,750,750,SHRIRAMFIN,530.0,PE,27-FEB-2025
2025-02-03 14:12:09.684076,SHRIRAMFIN27FEB25P530,OPTSTK,16.45,624000,16.45,16.55,388500,750,750,SHRIRAMFIN,530.0,PE,27-FEB-2025
2025-02-03 14:12:16.213480,SHRIRAMFIN27FEB25P530,OPTSTK,16.2,624000,16.2,16.4,388500,750,1500,SHRIRAMFIN,530.0,PE,27-FEB-2025
2025-02-03 14:12:22.567464,SHRIRAMFIN27FEB25P530,OPTSTK,16.2,624000,16.2,16.4,388500,750,1500,SHRIRAMFIN,530.0,PE,27-FEB-2025
2025-02-03 14:12:29.126965,SHRIRAMFIN27FEB25P530,OPTSTK,16.2,624000,16.2,16.4,388500,750,1500,SHRIRAMFIN,530.0,PE,27-FEB-2025
2025-02-03 14:12:35.569249,SHRIRAMFIN27FEB25P530,OPTSTK,16.2,624000,16.2,16.4,388500,750,1500,SHRIRAMFIN,530.0,PE,27-FEB-2025
2025-02-03 14:12:42.019830,SHRIRAMFIN27FEB25P530,OPTSTK,16.2,624750,16.35,16.55,388500,750,750,SHRIRAMFIN,530.0,PE,27-FEB-2025
2025-02-03 14:12:48.526007,SHRIRAMFIN27FEB25P530,OPTSTK,16.2,624750,16.35,16.55,388500,750,750,SHRIRAMFIN,530.0,PE,27-FEB-2025
2025-02-03 14:12:54.832102,SHRIRAMFIN27FEB25P530,OPTSTK,16.2,624750,16.35,16.55,388500,750,750,SHRIRAMFIN,530.0,PE,27-FEB-2025
2025-02-03 14:13:01.325843,SHRIRAMFIN27FEB25P530,OPTSTK,16.2,624750,16.35,16.55,388500,750,750,SHRIRAMFIN,530.0,PE,27-FEB-2025
2025-02-03 14:13:07.600670,SHRIRAMFIN27FEB25P530,OPTSTK,16.2,624750,16.4,16.55,388500,1500,750,SHRIRAMFIN,530.0,PE,27-FEB-2025
2025-02-03 14:13:14.219278,SHRIRAMFIN27FEB25P530,OPTSTK,16.2,624750,16.4,16.55,388500,1500,750,SHRIRAMFIN,530.0,PE,27-FEB-2025
2025-02-03 14:13:20.576908,SHRIRAMFIN27FEB25P530,OPTSTK,16.2,624750,16.4,16.55,388500,1500,750,SHRIRAMFIN,530.0,PE,27-FEB-2025
2025-02-03 14:13:26.992615,SHRIRAMFIN27FEB25P530,OPTSTK,16.2,624750,16.5,16.7,388500,750,3000,SHRIRAMFIN,530.0,PE,27-FEB-2025
2025-02-03 14:13:33.469710,SHRIRAMFIN27FEB25P530,OPTSTK,16.7,624750,16.5,16.7,389250,750,3000,SHRIRAMFIN,530.0,PE,27-FEB-2025
2025-02-03 14:13:40.266719,SHRIRAMFIN27FEB25P530,OPTSTK,16.7,624750,16.5,16.7,389250,750,3000,SHRIRAMFIN,530.0,PE,27-FEB-2025
2025-02-03 14:13:46.807203,SHRIRAMFIN27FEB25P530,OPTSTK,16.7,624750,16.5,16.7,389250,750,3000,SHRIRAMFIN,530.0,PE,27-FEB-2025
2025-02-03 14:13:53.126898,SHRIRAMFIN27FEB25P530,OPTSTK,16.7,625500,16.6,16.75,389250,750,750,SHRIRAMFIN,530.0,PE,27-FEB-2025
2025-02-03 14:13:59.590493,SHRIRAMFIN27FEB25P530,OPTSTK,16.7,625500,16.6,16.75,389250,750,750,SHRIRAMFIN,530.0,PE,27-FEB-2025
2025-02-03 14:14:06.075387,SHRIRAMFIN27FEB25P530,OPTSTK,16.7,625500,16.6,16.75,389250,750,750,SHRIRAMFIN,530.0,PE,27-FEB-2025
2025-02-03 14:14:12.288538,SHRIRAMFIN27FEB25P530,OPTSTK,16.7,625500,16.6,16.75,389250,750,750,SHRIRAMFIN,530.0,PE,27-FEB-2025
2025-02-03 14:14:18.860145,SHRIRAMFIN27FEB25P530,OPTSTK,16.7,625500,16.6,16.8,389250,750,1500,SHRIRAMFIN,530.0,PE,27-FEB-2025
2025-02-03 14:14:25.137973,SHRIRAMFIN27FEB25P530,OPTSTK,16.7,625500,16.6,16.8,389250,750,1500,SHRIRAMFIN,530.0,PE,27-FEB-2025
2025-02-03 14:14:31.588721,SHRIRAMFIN27FEB25P530,OPTSTK,16.7,625500,16.6,16.8,389250,750,1500,SHRIRAMFIN,530.0,PE,27-FEB-2025
2025-02-03 14:14:38.194900,SHRIRAMFIN27FEB25P530,OPTSTK,16.7,625500,16.6,16.8,389250,750,1500,SHRIRAMFIN,530.0,PE,27-FEB-2025
2025-02-03 14:14:44.505210,SHRIRAMFIN27FEB25P530,OPTSTK,16.7,625500,16.6,16.8,389250,750,1500,SHRIRAMFIN,530.0,PE,27-FEB-2025
2025-02-03 14:14:50.896037,SHRIRAMFIN27FEB25P530,OPTSTK,16.7,625500,16.6,16.8,389250,750,1500,SHRIRAMFIN,530.0,PE,27-FEB-2025
2025-02-03 14:14:56.985916,SHRIRAMFIN27FEB25P530,OPTSTK,16.7,625500,16.6,16.8,389250,750,1500,SHRIRAMFIN,530.0,PE,27-FEB-2025
2025-02-03 14:15:03.324313,SHRIRAMFIN27FEB25P530,OPTSTK,16.7,625500,16.5,16.7,389250,750,750,SHRIRAMFIN,530.0,PE,27-FEB-2025
2025-02-03 14:15:09.640180,SHRIRAMFIN27FEB25P530,OPTSTK,16.7,625500,16.5,16.7,389250,750,750,SHRIRAMFIN,530.0,PE,27-FEB-2025
2025-02-03 14:15:15.996442,SHRIRAMFIN27FEB25P530,OPTSTK,16.7,625500,16.5,16.7,389250,750,750,SHRIRAMFIN,530.0,PE,27-FEB-2025
2025-02-03 14:15:22.417709,SHRIRAMFIN27FEB25P530,OPTSTK,16.7,625500,16.5,16.7,389250,750,750,SHRIRAMFIN,530.0,PE,27-FEB-2025
2025-02-03 14:15:28.813679,SHRIRAMFIN27FEB25P530,OPTSTK,16.7,625500,16.65,16.85,389250,750,3000,SHRIRAMFIN,530.0,PE,27-FEB-2025
2025-02-03 14:15:35.155085,SHRIRAMFIN27FEB25P530,OPTSTK,16.7,625500,16.65,16.85,389250,750,3000,SHRIRAMFIN,530.0,PE,27-FEB-2025
2025-02-03 14:15:41.530617,SHRIRAMFIN27FEB25P530,OPTSTK,16.7,625500,16.65,16.85,389250,750,3000,SHRIRAMFIN,530.0,PE,27-FEB-2025
2025-02-03 14:15:47.688534,SHRIRAMFIN27FEB25P530,OPTSTK,16.7,625500,16.65,16.85,389250,750,3000,SHRIRAMFIN,530.0,PE,27-FEB-2025
2025-02-03 14:15:54.032739,SHRIRAMFIN27FEB25P530,OPTSTK,16.7,625500,16.65,16.85,389250,750,4500,SHRIRAMFIN,530.0,PE,27-FEB-2025
2025-02-03 14:16:00.437682,SHRIRAMFIN27FEB25P530,OPTSTK,16.7,625500,16.65,16.85,389250,750,4500,SHRIRAMFIN,530.0,PE,27-FEB-2025
2025-02-03 14:16:06.904254,SHRIRAMFIN27FEB25P530,OPTSTK,16.7,625500,16.65,16.85,389250,750,4500,SHRIRAMFIN,530.0,PE,27-FEB-2025
2025-02-03 14:16:13.207514,SHRIRAMFIN27FEB25P530,OPTSTK,16.7,625500,16.65,16.85,389250,750,4500,SHRIRAMFIN,530.0,PE,27-FEB-2025
2025-02-03 14:16:19.746838,SHRIRAMFIN27FEB25P530,OPTSTK,16.7,625500,16.6,16.8,389250,750,750,SHRIRAMFIN,530.0,PE,27-FEB-2025
2025-02-03 14:16:26.001939,SHRIRAMFIN27FEB25P530,OPTSTK,16.7,625500,16.6,16.8,389250,750,750,SHRIRAMFIN,530.0,PE,27-FEB-2025
2025-02-03 14:16:32.358741,SHRIRAMFIN27FEB25P530,OPTSTK,16.7,625500,16.6,16.8,389250,750,750,SHRIRAMFIN,530.0,PE,27-FEB-2025
2025-02-03 14:16:38.592847,SHRIRAMFIN27FEB25P530,OPTSTK,16.7,625500,16.6,16.85,389250,750,750,SHRIRAMFIN,530.0,PE,27-FEB-2025
2025-02-03 14:16:44.806251,SHRIRAMFIN27FEB25P530,OPTSTK,16.7,625500,16.6,16.85,389250,750,750,SHRIRAMFIN,530.0,PE,27-FEB-2025
2025-02-03 14:16:51.169441,SHRIRAMFIN27FEB25P530,OPTSTK,16.7,625500,16.6,16.85,389250,750,750,SHRIRAMFIN,530.0,PE,27-FEB-2025
2025-02-03 14:16:57.602023,SHRIRAMFIN27FEB25P530,OPTSTK,16.7,625500,16.6,16.85,389250,750,750,SHRIRAMFIN,530.0,PE,27-FEB-2025
2025-02-03 14:17:03.871422,SHRIRAMFIN27FEB25P530,OPTSTK,16.7,625500,16.7,16.85,389250,750,2250,SHRIRAMFIN,530.0,PE,27-FEB-2025
2025-02-03 14:17:10.220158,SHRIRAMFIN27FEB25P530,OPTSTK,16.7,625500,16.7,16.85,389250,750,2250,SHRIRAMFIN,530.0,PE,27-FEB-2025
2025-02-03 14:17:16.509502,SHRIRAMFIN27FEB25P530,OPTSTK,16.7,625500,16.7,16.85,389250,750,2250,SHRIRAMFIN,530.0,PE,27-FEB-2025
2025-02-03 14:17:22.869598,SHRIRAMFIN27FEB25P530,OPTSTK,16.7,625500,16.7,16.85,389250,750,2250,SHRIRAMFIN,530.0,PE,27-FEB-2025
2025-02-03 14:17:29.275655,SHRIRAMFIN27FEB25P530,OPTSTK,16.7,625500,16.7,17.0,389250,750,1500,SHRIRAMFIN,530.0,PE,27-FEB-2025
2025-02-03 14:17:35.676871,SHRIRAMFIN27FEB25P530,OPTSTK,16.7,625500,16.7,17.0,389250,750,1500,SHRIRAMFIN,530.0,PE,27-FEB-2025
2025-02-03 14:17:41.980320,SHRIRAMFIN27FEB25P530,OPTSTK,16.7,625500,16.7,17.0,389250,750,1500,SHRIRAMFIN,530.0,PE,27-FEB-2025
2025-02-03 14:17:48.309903,SHRIRAMFIN27FEB25P530,OPTSTK,16.7,625500,16.7,17.0,389250,750,1500,SHRIRAMFIN,530.0,PE,27-FEB-2025
2025-02-03 14:17:54.502291,SHRIRAMFIN27FEB25P530,OPTSTK,16.8,626250,16.8,16.95,389250,750,750,SHRIRAMFIN,530.0,PE,27-FEB-2025
2025-02-03 14:18:01.061538,SHRIRAMFIN27FEB25P530,OPTSTK,16.8,626250,16.8,16.95,389250,750,750,SHRIRAMFIN,530.0,PE,27-FEB-2025
2025-02-03 14:18:07.325681,SHRIRAMFIN27FEB25P530,OPTSTK,16.8,626250,16.8,16.95,389250,750,750,SHRIRAMFIN,530.0,PE,27-FEB-2025
2025-02-03 14:18:13.787494,SHRIRAMFIN27FEB25P530,OPTSTK,16.8,626250,16.95,17.1,389250,750,750,SHRIRAMFIN,530.0,PE,27-FEB-2025
2025-02-03 14:18:20.142414,SHRIRAMFIN27FEB25P530,OPTSTK,16.8,626250,16.95,17.1,389250,750,750,SHRIRAMFIN,530.0,PE,27-FEB-2025
2025-02-03 14:18:26.469226,SHRIRAMFIN27FEB25P530,OPTSTK,16.8,626250,16.95,17.1,389250,750,750,SHRIRAMFIN,530.0,PE,27-FEB-2025
2025-02-03 14:18:33.783145,SHRIRAMFIN27FEB25P530,OPTSTK,16.8,626250,16.95,17.1,389250,750,750,SHRIRAMFIN,530.0,PE,27-FEB-2025
2025-02-03 14:18:40.065458,SHRIRAMFIN27FEB25P530,OPTSTK,16.8,626250,16.85,17.1,389250,5250,1500,SHRIRAMFIN,530.0,PE,27-FEB-2025
2025-02-03 14:18:46.439507,SHRIRAMFIN27FEB25P530,OPTSTK,16.8,626250,16.85,17.1,389250,5250,1500,SHRIRAMFIN,530.0,PE,27-FEB-2025
2025-02-03 14:18:52.796273,SHRIRAMFIN27FEB25P530,OPTSTK,16.8,626250,16.85,17.1,389250,5250,1500,SHRIRAMFIN,530.0,PE,27-FEB-2025
2025-02-03 14:18:59.231526,SHRIRAMFIN27FEB25P530,OPTSTK,16.8,626250,17.05,17.2,389250,750,750,SHRIRAMFIN,530.0,PE,27-FEB-2025
2025-02-03 14:19:05.563743,SHRIRAMFIN27FEB25P530,OPTSTK,17.2,626250,17.05,17.2,389250,750,750,SHRIRAMFIN,530.0,PE,27-FEB-2025
2025-02-03 14:19:11.989450,SHRIRAMFIN27FEB25P530,OPTSTK,17.2,626250,17.05,17.2,389250,750,750,SHRIRAMFIN,530.0,PE,27-FEB-2025
2025-02-03 14:19:18.352322,SHRIRAMFIN27FEB25P530,OPTSTK,17.2,626250,17.05,17.2,389250,750,750,SHRIRAMFIN,530.0,PE,27-FEB-2025
2025-02-03 14:19:25.658066,SHRIRAMFIN27FEB25P530,OPTSTK,17.2,627000,17.1,17.3,389250,750,750,SHRIRAMFIN,530.0,PE,27-FEB-2025
2025-02-03 14:19:31.892220,SHRIRAMFIN27FEB25P530,OPTSTK,17.15,627000,17.1,17.3,389250,750,750,SHRIRAMFIN,530.0,PE,27-FEB-2025
2025-02-03 14:19:38.314280,SHRIRAMFIN27FEB25P530,OPTSTK,17.2,627000,17.1,17.3,389250,750,750,SHRIRAMFIN,530.0,PE,27-FEB-2025
2025-02-03 14:19:44.691968,SHRIRAMFIN27FEB25P530,OPTSTK,17.2,627000,17.1,17.3,389250,750,750,SHRIRAMFIN,530.0,PE,27-FEB-2025
2025-02-03 14:19:51.151722,SHRIRAMFIN27FEB25P530,OPTSTK,17.2,630000,17.15,17.35,389250,750,2250,SHRIRAMFIN,530.0,PE,27-FEB-2025
2025-02-03 14:19:57.480237,SHRIRAMFIN27FEB25P530,OPTSTK,17.2,630000,17.15,17.35,389250,750,2250,SHRIRAMFIN,530.0,PE,27-FEB-2025
2025-02-03 14:20:03.879594,SHRIRAMFIN27FEB25P530,OPTSTK,17.2,630000,17.15,17.35,389250,750,2250,SHRIRAMFIN,530.0,PE,27-FEB-2025
2025-02-03 14:20:10.204055,SHRIRAMFIN27FEB25P530,OPTSTK,17.2,630000,17.15,17.35,389250,750,2250,SHRIRAMFIN,530.0,PE,27-FEB-2025
2025-02-03 14:20:16.384545,SHRIRAMFIN27FEB25P530,OPTSTK,17.2,630000,17.2,17.4,389250,750,3000,SHRIRAMFIN,530.0,PE,27-FEB-2025
2025-02-03 14:20:22.806691,SHRIRAMFIN27FEB25P530,OPTSTK,17.2,630000,17.2,17.4,389250,750,3000,SHRIRAMFIN,530.0,PE,27-FEB-2025
2025-02-03 14:20:29.083621,SHRIRAMFIN27FEB25P530,OPTSTK,17.2,630000,17.2,17.4,389250,750,3000,SHRIRAMFIN,530.0,PE,27-FEB-2025
2025-02-03 14:20:35.574750,SHRIRAMFIN27FEB25P530,OPTSTK,17.2,630000,17.2,17.4,389250,750,3000,SHRIRAMFIN,530.0,PE,27-FEB-2025
2025-02-03 14:20:41.868349,SHRIRAMFIN27FEB25P530,OPTSTK,17.1,630000,17.1,17.3,389250,750,750,SHRIRAMFIN,530.0,PE,27-FEB-2025
2025-02-03 14:20:48.393508,SHRIRAMFIN27FEB25P530,OPTSTK,17.1,630000,17.1,17.3,389250,750,750,SHRIRAMFIN,530.0,PE,27-FEB-2025
2025-02-03 14:20:54.714149,SHRIRAMFIN27FEB25P530,OPTSTK,17.1,630000,17.1,17.3,389250,750,750,SHRIRAMFIN,530.0,PE,27-FEB-2025
2025-02-03 14:21:01.140392,SHRIRAMFIN27FEB25P530,OPTSTK,17.1,630750,17.0,17.2,389250,750,3000,SHRIRAMFIN,530.0,PE,27-FEB-2025
2025-02-03 14:21:07.633405,SHRIRAMFIN27FEB25P530,OPTSTK,17.1,630750,17.0,17.2,389250,750,3000,SHRIRAMFIN,530.0,PE,27-FEB-2025
2025-02-03 14:21:13.900833,SHRIRAMFIN27FEB25P530,OPTSTK,17.1,630750,17.0,17.2,389250,750,3000,SHRIRAMFIN,530.0,PE,27-FEB-2025
2025-02-03 14:21:20.299601,SHRIRAMFIN27FEB25P530,OPTSTK,17.1,630750,17.0,17.2,389250,750,3000,SHRIRAMFIN,530.0,PE,27-FEB-2025
2025-02-03 14:21:26.698536,SHRIRAMFIN27FEB25P530,OPTSTK,17.1,630750,17.15,17.35,389250,1500,750,SHRIRAMFIN,530.0,PE,27-FEB-2025
2025-02-03 14:21:33.048741,SHRIRAMFIN27FEB25P530,OPTSTK,17.1,630750,17.15,17.35,389250,1500,750,SHRIRAMFIN,530.0,PE,27-FEB-2025
2025-02-03 14:21:39.378277,SHRIRAMFIN27FEB25P530,OPTSTK,17.1,630750,17.15,17.35,389250,1500,750,SHRIRAMFIN,530.0,PE,27-FEB-2025
2025-02-03 14:21:45.857745,SHRIRAMFIN27FEB25P530,OPTSTK,17.1,630750,17.15,17.35,389250,2250,750,SHRIRAMFIN,530.0,PE,27-FEB-2025
2025-02-03 14:21:52.196113,SHRIRAMFIN27FEB25P530,OPTSTK,17.1,630750,17.15,17.35,389250,2250,750,SHRIRAMFIN,530.0,PE,27-FEB-2025
2025-02-03 14:21:58.550929,SHRIRAMFIN27FEB25P530,OPTSTK,17.1,630750,17.15,17.35,389250,2250,750,SHRIRAMFIN,530.0,PE,27-FEB-2025
2025-02-03 14:22:05.008635,SHRIRAMFIN27FEB25P530,OPTSTK,17.15,630750,17.15,17.35,389250,2250,750,SHRIRAMFIN,530.0,PE,27-FEB-2025
2025-02-03 14:22:11.375002,SHRIRAMFIN27FEB25P530,OPTSTK,17.15,632250,17.15,17.3,389250,750,750,SHRIRAMFIN,530.0,PE,27-FEB-2025
2025-02-03 14:22:17.759895,SHRIRAMFIN27FEB25P530,OPTSTK,17.15,632250,17.15,17.3,389250,750,750,SHRIRAMFIN,530.0,PE,27-FEB-2025
2025-02-03 14:22:24.147150,SHRIRAMFIN27FEB25P530,OPTSTK,17.15,632250,17.15,17.3,389250,750,750,SHRIRAMFIN,530.0,PE,27-FEB-2025
2025-02-03 14:22:30.616036,SHRIRAMFIN27FEB25P530,OPTSTK,17.15,632250,17.15,17.3,389250,750,750,SHRIRAMFIN,530.0,PE,27-FEB-2025
2025-02-03 14:22:36.947860,SHRIRAMFIN27FEB25P530,OPTSTK,17.15,632250,17.05,17.3,389250,750,750,SHRIRAMFIN,530.0,PE,27-FEB-2025
2025-02-03 14:22:43.227248,SHRIRAMFIN27FEB25P530,OPTSTK,17.15,632250,17.05,17.3,392250,750,750,SHRIRAMFIN,530.0,PE,27-FEB-2025
2025-02-03 14:22:49.805927,SHRIRAMFIN27FEB25P530,OPTSTK,17.15,632250,17.05,17.3,392250,750,750,SHRIRAMFIN,530.0,PE,27-FEB-2025
2025-02-03 14:22:56.094716,SHRIRAMFIN27FEB25P530,OPTSTK,17.15,632250,17.05,17.3,392250,750,750,SHRIRAMFIN,530.0,PE,27-FEB-2025
2025-02-03 14:23:02.603249,SHRIRAMFIN27FEB25P530,OPTSTK,17.15,633000,17.2,17.35,392250,750,750,SHRIRAMFIN,530.0,PE,27-FEB-2025
2025-02-03 14:23:08.774480,SHRIRAMFIN27FEB25P530,OPTSTK,16.5,633000,17.2,17.35,392250,750,750,SHRIRAMFIN,530.0,PE,27-FEB-2025
2025-02-03 14:23:16.094885,SHRIRAMFIN27FEB25P530,OPTSTK,16.7,633000,17.2,17.35,392250,750,750,SHRIRAMFIN,530.0,PE,27-FEB-2025
2025-02-03 14:23:22.556367,SHRIRAMFIN27FEB25P530,OPTSTK,16.7,633000,17.2,17.35,392250,750,750,SHRIRAMFIN,530.0,PE,27-FEB-2025
2025-02-03 14:23:28.811035,SHRIRAMFIN27FEB25P530,OPTSTK,16.7,649500,16.85,17.05,392250,750,3000,SHRIRAMFIN,530.0,PE,27-FEB-2025
2025-02-03 14:23:35.232020,SHRIRAMFIN27FEB25P530,OPTSTK,16.7,649500,16.85,17.05,392250,750,3000,SHRIRAMFIN,530.0,PE,27-FEB-2025
2025-02-03 14:23:41.622494,SHRIRAMFIN27FEB25P530,OPTSTK,16.7,649500,16.85,17.05,392250,750,3000,SHRIRAMFIN,530.0,PE,27-FEB-2025
2025-02-03 14:23:48.077381,SHRIRAMFIN27FEB25P530,OPTSTK,16.85,651000,16.65,16.8,392250,750,2250,SHRIRAMFIN,530.0,PE,27-FEB-2025
2025-02-03 14:23:54.622635,SHRIRAMFIN27FEB25P530,OPTSTK,16.85,651000,16.65,16.8,392250,750,2250,SHRIRAMFIN,530.0,PE,27-FEB-2025
2025-02-03 14:24:00.974274,SHRIRAMFIN27FEB25P530,OPTSTK,16.85,651000,16.65,16.8,392250,750,2250,SHRIRAMFIN,530.0,PE,27-FEB-2025
2025-02-03 14:24:07.622365,SHRIRAMFIN27FEB25P530,OPTSTK,16.85,651000,16.65,16.8,392250,750,2250,SHRIRAMFIN,530.0,PE,27-FEB-2025
2025-02-03 14:24:13.816090,SHRIRAMFIN27FEB25P530,OPTSTK,16.85,651000,16.45,16.7,392250,750,750,SHRIRAMFIN,530.0,PE,27-FEB-2025
2025-02-03 14:24:20.182534,SHRIRAMFIN27FEB25P530,OPTSTK,16.85,651000,16.45,16.7,392250,750,750,SHRIRAMFIN,530.0,PE,27-FEB-2025
2025-02-03 14:24:26.450151,SHRIRAMFIN27FEB25P530,OPTSTK,16.85,651000,16.45,16.7,392250,750,750,SHRIRAMFIN,530.0,PE,27-FEB-2025
2025-02-03 14:24:32.828461,SHRIRAMFIN27FEB25P530,OPTSTK,16.85,651000,16.45,16.7,392250,750,750,SHRIRAMFIN,530.0,PE,27-FEB-2025
2025-02-03 14:24:39.417156,SHRIRAMFIN27FEB25P530,OPTSTK,16.3,651000,16.2,16.45,392250,750,750,SHRIRAMFIN,530.0,PE,27-FEB-2025
2025-02-03 14:24:45.929552,SHRIRAMFIN27FEB25P530,OPTSTK,16.25,651000,16.2,16.45,392250,750,750,SHRIRAMFIN,530.0,PE,27-FEB-2025
2025-02-03 14:24:52.386829,SHRIRAMFIN27FEB25P530,OPTSTK,16.25,651000,16.2,16.45,392250,750,750,SHRIRAMFIN,530.0,PE,27-FEB-2025
2025-02-03 14:24:58.940481,SHRIRAMFIN27FEB25P530,OPTSTK,16.05,652500,16.0,16.15,392250,2250,750,SHRIRAMFIN,530.0,PE,27-FEB-2025
2025-02-03 14:25:05.504098,SHRIRAMFIN27FEB25P530,OPTSTK,16.05,652500,16.0,16.15,392250,2250,750,SHRIRAMFIN,530.0,PE,27-FEB-2025
2025-02-03 14:25:11.916349,SHRIRAMFIN27FEB25P530,OPTSTK,16.05,652500,16.0,16.15,392250,2250,750,SHRIRAMFIN,530.0,PE,27-FEB-2025
2025-02-03 14:25:18.345099,SHRIRAMFIN27FEB25P530,OPTSTK,16.05,652500,16.0,16.15,392250,2250,750,SHRIRAMFIN,530.0,PE,27-FEB-2025
2025-02-03 14:25:24.951414,SHRIRAMFIN27FEB25P530,OPTSTK,15.8,657000,15.8,16.05,392250,1500,750,SHRIRAMFIN,530.0,PE,27-FEB-2025
2025-02-03 14:25:31.313438,SHRIRAMFIN27FEB25P530,OPTSTK,15.8,657000,15.8,16.05,392250,1500,750,SHRIRAMFIN,530.0,PE,27-FEB-2025
2025-02-03 14:25:37.786398,SHRIRAMFIN27FEB25P530,OPTSTK,15.8,657000,15.8,16.05,392250,1500,750,SHRIRAMFIN,530.0,PE,27-FEB-2025
2025-02-03 14:25:44.199325,SHRIRAMFIN27FEB25P530,OPTSTK,15.75,657000,15.8,16.05,398250,1500,750,SHRIRAMFIN,530.0,PE,27-FEB-2025
2025-02-03 14:25:50.602499,SHRIRAMFIN27FEB25P530,OPTSTK,15.75,659250,15.7,15.85,398250,750,750,SHRIRAMFIN,530.0,PE,27-FEB-2025
2025-02-03 14:25:57.141453,SHRIRAMFIN27FEB25P530,OPTSTK,15.8,659250,15.7,15.85,398250,750,750,SHRIRAMFIN,530.0,PE,27-FEB-2025
2025-02-03 14:26:03.584667,SHRIRAMFIN27FEB25P530,OPTSTK,15.8,659250,15.7,15.85,398250,750,750,SHRIRAMFIN,530.0,PE,27-FEB-2025
2025-02-03 14:26:10.062924,SHRIRAMFIN27FEB25P530,OPTSTK,16.05,663750,15.75,15.9,398250,750,1500,SHRIRAMFIN,530.0,PE,27-FEB-2025
2025-02-03 14:26:16.906081,SHRIRAMFIN27FEB25P530,OPTSTK,16.05,663750,15.75,15.9,398250,750,1500,SHRIRAMFIN,530.0,PE,27-FEB-2025
2025-02-03 14:26:23.433560,SHRIRAMFIN27FEB25P530,OPTSTK,16.05,663750,15.75,15.9,398250,750,1500,SHRIRAMFIN,530.0,PE,27-FEB-2025
2025-02-03 14:26:29.827862,SHRIRAMFIN27FEB25P530,OPTSTK,16.05,663750,15.75,15.9,398250,750,1500,SHRIRAMFIN,530.0,PE,27-FEB-2025
2025-02-03 14:26:36.256269,SHRIRAMFIN27FEB25P530,OPTSTK,16.05,672750,15.75,15.9,398250,750,3000,SHRIRAMFIN,530.0,PE,27-FEB-2025
2025-02-03 14:26:42.600440,SHRIRAMFIN27FEB25P530,OPTSTK,16.05,672750,15.75,15.9,398250,750,3000,SHRIRAMFIN,530.0,PE,27-FEB-2025
2025-02-03 14:26:49.095965,SHRIRAMFIN27FEB25P530,OPTSTK,16.05,672750,15.75,15.9,398250,750,3000,SHRIRAMFIN,530.0,PE,27-FEB-2025
2025-02-03 14:26:55.484364,SHRIRAMFIN27FEB25P530,OPTSTK,16.05,672750,15.75,15.9,398250,750,3000,SHRIRAMFIN,530.0,PE,27-FEB-2025
2025-02-03 14:27:02.018597,SHRIRAMFIN27FEB25P530,OPTSTK,15.5,672750,15.5,15.6,398250,1500,2250,SHRIRAMFIN,530.0,PE,27-FEB-2025
2025-02-03 14:27:08.348090,SHRIRAMFIN27FEB25P530,OPTSTK,15.35,672750,15.5,15.6,398250,1500,2250,SHRIRAMFIN,530.0,PE,27-FEB-2025
2025-02-03 14:27:14.496367,SHRIRAMFIN27FEB25P530,OPTSTK,15.1,672750,15.5,15.6,398250,1500,2250,SHRIRAMFIN,530.0,PE,27-FEB-2025
2025-02-03 14:27:20.878685,SHRIRAMFIN27FEB25P530,OPTSTK,15.05,678000,14.9,15.15,398250,3000,1500,SHRIRAMFIN,530.0,PE,27-FEB-2025
2025-02-03 14:27:27.355096,SHRIRAMFIN27FEB25P530,OPTSTK,15.1,678000,14.9,15.15,398250,3000,1500,SHRIRAMFIN,530.0,PE,27-FEB-2025
2025-02-03 14:27:33.744027,SHRIRAMFIN27FEB25P530,OPTSTK,15.1,678000,14.9,15.15,398250,3000,1500,SHRIRAMFIN,530.0,PE,27-FEB-2025
2025-02-03 14:27:40.052049,SHRIRAMFIN27FEB25P530,OPTSTK,15.05,678000,14.9,15.15,398250,3000,1500,SHRIRAMFIN,530.0,PE,27-FEB-2025
2025-02-03 14:27:46.586521,SHRIRAMFIN27FEB25P530,OPTSTK,15.05,681750,14.95,15.15,398250,750,5250,SHRIRAMFIN,530.0,PE,27-FEB-2025
2025-02-03 14:27:52.826674,SHRIRAMFIN27FEB25P530,OPTSTK,15.05,681750,14.95,15.15,398250,750,5250,SHRIRAMFIN,530.0,PE,27-FEB-2025
2025-02-03 14:27:59.385108,SHRIRAMFIN27FEB25P530,OPTSTK,15.05,681750,14.95,15.15,398250,750,5250,SHRIRAMFIN,530.0,PE,27-FEB-2025
2025-02-03 14:28:05.768410,SHRIRAMFIN27FEB25P530,OPTSTK,15.05,681750,14.95,15.15,398250,750,5250,SHRIRAMFIN,530.0,PE,27-FEB-2025
2025-02-03 14:28:12.081580,SHRIRAMFIN27FEB25P530,OPTSTK,15.0,684750,15.0,15.2,398250,2250,1500,SHRIRAMFIN,530.0,PE,27-FEB-2025
2025-02-03 14:28:18.557691,SHRIRAMFIN27FEB25P530,OPTSTK,15.0,684750,15.0,15.2,398250,2250,1500,SHRIRAMFIN,530.0,PE,27-FEB-2025
2025-02-03 14:28:24.881432,SHRIRAMFIN27FEB25P530,OPTSTK,15.0,684750,15.0,15.2,398250,2250,1500,SHRIRAMFIN,530.0,PE,27-FEB-2025
2025-02-03 14:28:31.138095,SHRIRAMFIN27FEB25P530,OPTSTK,14.6,684750,15.0,15.2,406500,2250,1500,SHRIRAMFIN,530.0,PE,27-FEB-2025
2025-02-03 14:28:37.500301,SHRIRAMFIN27FEB25P530,OPTSTK,14.95,688500,14.75,14.95,406500,1500,750,SHRIRAMFIN,530.0,PE,27-FEB-2025
2025-02-03 14:28:44.043855,SHRIRAMFIN27FEB25P530,OPTSTK,14.9,688500,14.75,14.95,406500,1500,750,SHRIRAMFIN,530.0,PE,27-FEB-2025
2025-02-03 14:28:50.675123,SHRIRAMFIN27FEB25P530,OPTSTK,14.9,688500,14.75,14.95,406500,1500,750,SHRIRAMFIN,530.0,PE,27-FEB-2025
2025-02-03 14:28:57.089634,SHRIRAMFIN27FEB25P530,OPTSTK,14.9,688500,14.75,14.95,406500,1500,750,SHRIRAMFIN,530.0,PE,27-FEB-2025
2025-02-03 14:29:03.503793,SHRIRAMFIN27FEB25P530,OPTSTK,15.6,690000,15.2,15.4,406500,750,1500,SHRIRAMFIN,530.0,PE,27-FEB-2025
2025-02-03 14:29:10.020105,SHRIRAMFIN27FEB25P530,OPTSTK,15.5,690000,15.2,15.4,406500,750,1500,SHRIRAMFIN,530.0,PE,27-FEB-2025
2025-02-03 14:29:17.315774,SHRIRAMFIN27FEB25P530,OPTSTK,15.5,690000,15.2,15.4,406500,750,1500,SHRIRAMFIN,530.0,PE,27-FEB-2025
2025-02-03 14:29:23.654459,SHRIRAMFIN27FEB25P530,OPTSTK,15.6,696000,15.5,15.65,406500,750,750,SHRIRAMFIN,530.0,PE,27-FEB-2025
2025-02-03 14:29:30.029858,SHRIRAMFIN27FEB25P530,OPTSTK,15.6,696000,15.5,15.65,406500,750,750,SHRIRAMFIN,530.0,PE,27-FEB-2025
2025-02-03 14:29:36.349883,SHRIRAMFIN27FEB25P530,OPTSTK,15.85,696000,15.5,15.65,406500,750,750,SHRIRAMFIN,530.0,PE,27-FEB-2025
2025-02-03 14:29:42.849842,SHRIRAMFIN27FEB25P530,OPTSTK,15.8,696000,15.5,15.65,406500,750,750,SHRIRAMFIN,530.0,PE,27-FEB-2025
2025-02-03 14:29:49.296531,SHRIRAMFIN27FEB25P530,OPTSTK,15.65,702750,15.5,15.7,406500,750,750,SHRIRAMFIN,530.0,PE,27-FEB-2025
2025-02-03 14:29:55.825036,SHRIRAMFIN27FEB25P530,OPTSTK,15.65,702750,15.5,15.7,406500,750,750,SHRIRAMFIN,530.0,PE,27-FEB-2025
2025-02-03 14:30:02.294428,SHRIRAMFIN27FEB25P530,OPTSTK,15.65,702750,15.5,15.7,406500,750,750,SHRIRAMFIN,530.0,PE,27-FEB-2025
