timestamp,symbol,instrument,ltp,volume,bid,ask,oi,bid_qty,ask_qty
2025-02-03 09:30:10.689412,COALINDIA,EQ,373.1,1136867,373.05,373.1,0,304,24
2025-02-03 09:32:39.120760,COALINDIA,EQ,372.3,1280161,372.35,372.45,0,106,1114
2025-02-03 09:32:46.760634,COALINDIA,EQ,372.3,1284715,372.45,372.65,0,561,237
2025-02-03 09:33:00.834562,COALINDIA,EQ,372.1,1304352,372.1,372.15,0,25,1783
2025-02-03 09:33:12.064897,COALINDIA,EQ,371.75,1330059,371.65,371.75,0,157,1395
2025-02-03 09:33:26.671944,COALINDIA,EQ,371.65,1339392,371.6,371.75,0,530,612
2025-02-03 09:33:34.629581,COALINDIA,EQ,371.55,1342638,371.55,371.75,0,550,887
2025-02-03 09:33:42.235199,COALINDIA,EQ,371.5,1348281,371.4,371.5,0,40,945
2025-02-03 09:33:50.053170,COALINDIA,EQ,371.2,1351792,371.2,371.4,0,402,294
2025-02-03 09:33:58.410243,COALINDIA,EQ,371.2,1355875,371.1,371.2,0,681,2317
2025-02-03 09:34:10.165932,COALINDIA,EQ,371.0,1372347,371.0,371.1,0,3815,457
2025-02-03 09:34:23.396900,COALINDIA,EQ,370.9,1384511,370.8,370.9,0,200,216
2025-02-03 09:34:31.376002,COALINDIA,EQ,371.0,1388897,370.9,371.0,0,37,573
2025-02-03 09:34:39.313070,COALINDIA,EQ,370.9,1390384,370.9,371.0,0,56,242
2025-02-03 09:34:46.643980,COALINDIA,EQ,370.7,1396686,370.65,370.7,0,154,121
2025-02-03 09:34:56.761241,COALINDIA,EQ,370.65,1404432,370.6,370.65,0,1002,293
2025-02-03 09:35:14.317654,COALINDIA,EQ,370.2,1429093,370.2,370.3,0,742,476
2025-02-03 09:35:33.040461,COALINDIA,EQ,370.35,1438026,370.35,370.5,0,374,475
2025-02-03 09:35:45.178057,COALINDIA,EQ,370.45,1447044,370.3,370.35,0,1450,217
2025-02-03 09:35:56.601437,COALINDIA,EQ,370.25,1464887,370.1,370.25,0,1299,25
2025-02-03 09:36:04.828673,COALINDIA,EQ,370.2,1473661,370.15,370.2,0,69,476
2025-02-03 09:36:12.911593,COALINDIA,EQ,370.2,1478448,370.1,370.2,0,205,235
2025-02-03 09:36:21.623829,COALINDIA,EQ,369.95,1486808,370.0,370.05,0,36861,156
2025-02-03 09:36:29.355470,COALINDIA,EQ,369.85,1539248,369.75,369.95,0,362,364
2025-02-03 09:36:39.787252,COALINDIA,EQ,369.6,1554043,369.7,369.85,0,112,1137
2025-02-03 09:36:52.072659,COALINDIA,EQ,369.65,1558823,369.6,369.65,0,10,412
2025-02-03 09:37:00.878188,COALINDIA,EQ,369.35,1572881,369.15,369.35,0,595,437
2025-02-03 09:37:09.855335,COALINDIA,EQ,369.25,1579109,369.25,369.4,0,192,672
2025-02-03 09:37:17.208727,COALINDIA,EQ,369.25,1581245,369.2,369.25,0,94,169
2025-02-03 09:37:25.181401,COALINDIA,EQ,369.3,1594217,369.25,369.3,0,55,723
2025-02-03 09:37:32.996811,COALINDIA,EQ,369.25,1598108,369.15,369.25,0,28,723
2025-02-03 09:37:42.014472,COALINDIA,EQ,369.15,1600286,369.15,369.25,0,69,98
2025-02-03 09:37:51.325264,COALINDIA,EQ,368.85,1622936,368.7,368.8,0,150,478
2025-02-03 09:38:02.250337,COALINDIA,EQ,368.65,1627262,368.55,368.65,0,664,212
2025-02-03 09:38:12.645619,COALINDIA,EQ,368.5,1640243,368.5,368.6,0,497,345
2025-02-03 09:38:22.172938,COALINDIA,EQ,368.65,1643602,368.65,368.8,0,118,178
2025-02-03 09:38:29.941115,COALINDIA,EQ,368.7,1656240,368.55,368.7,0,50,598
2025-02-03 09:38:37.493118,COALINDIA,EQ,368.45,1672141,368.4,368.45,0,64,425
2025-02-03 09:38:47.569722,COALINDIA,EQ,368.45,1684623,368.4,368.45,0,69,1054
2025-02-03 09:38:58.633076,COALINDIA,EQ,368.35,1688720,368.25,368.35,0,110,263
2025-02-03 09:39:06.989042,COALINDIA,EQ,368.35,1692568,368.2,368.35,0,95,428
2025-02-03 09:39:18.459920,COALINDIA,EQ,368.05,1709724,368.0,368.05,0,25071,557
2025-02-03 09:39:31.526679,COALINDIA,EQ,367.9,1745015,367.75,367.9,0,1385,440
2025-02-03 09:39:39.878063,COALINDIA,EQ,367.9,1753453,367.8,367.9,0,33,964
2025-02-03 09:39:47.946752,COALINDIA,EQ,367.9,1755039,367.8,367.85,0,171,175
2025-02-03 09:39:55.618354,COALINDIA,EQ,367.9,1762221,367.8,367.9,0,11,10
2025-02-03 09:40:05.079589,COALINDIA,EQ,367.8,1771700,367.7,367.8,0,10,3287
2025-02-03 09:40:16.134412,COALINDIA,EQ,367.7,1795311,367.6,367.7,0,428,184
2025-02-03 09:40:26.429727,COALINDIA,EQ,367.55,1798943,367.6,367.75,0,1107,2451
2025-02-03 09:40:38.530415,COALINDIA,EQ,367.35,1825228,367.3,367.35,0,99,1045
2025-02-03 09:40:51.853249,COALINDIA,EQ,367.4,1832723,367.25,367.4,0,372,638
2025-02-03 09:40:59.307112,COALINDIA,EQ,367.5,1840152,367.4,367.5,0,1,2521
2025-02-03 09:41:07.024663,COALINDIA,EQ,367.15,1860564,367.1,367.3,0,293,2665
2025-02-03 09:41:14.659876,COALINDIA,EQ,367.0,1865654,367.0,367.1,0,2649,553
2025-02-03 09:41:23.392542,COALINDIA,EQ,367.1,1892497,367.0,367.15,0,1534,8
2025-02-03 09:41:32.483069,COALINDIA,EQ,367.6,1900886,367.5,367.55,0,1,8
2025-02-03 09:41:40.981771,COALINDIA,EQ,367.5,1918026,367.6,367.7,0,59,685
2025-02-03 09:41:54.826687,COALINDIA,EQ,367.35,1926832,367.3,367.35,0,319,57
2025-02-03 09:42:05.270707,COALINDIA,EQ,367.75,1941952,367.6,367.8,0,292,556
2025-02-03 09:42:13.281372,COALINDIA,EQ,367.5,1944369,367.35,367.5,0,9417,1083
2025-02-03 09:42:21.534509,COALINDIA,EQ,367.4,1952522,367.35,367.4,0,3483,634
2025-02-03 09:42:29.548700,COALINDIA,EQ,367.55,1956250,367.5,367.6,0,411,240
2025-02-03 09:42:37.477223,COALINDIA,EQ,367.85,1967325,367.75,367.95,0,78,818
2025-02-03 09:42:45.118858,COALINDIA,EQ,367.6,1976159,367.6,367.7,0,532,98
2025-02-03 09:42:52.974070,COALINDIA,EQ,367.85,1992633,367.7,367.85,0,171,1371
2025-02-03 09:43:00.956799,COALINDIA,EQ,367.8,1999757,367.7,367.85,0,175,350
2025-02-03 09:43:11.158152,COALINDIA,EQ,367.65,2005083,367.6,367.75,0,500,201
2025-02-03 09:43:21.510577,COALINDIA,EQ,367.5,2011575,367.55,367.7,0,61,1428
2025-02-03 09:43:29.114381,COALINDIA,EQ,367.55,2027345,367.5,367.55,0,150,451
2025-02-03 09:43:36.758396,COALINDIA,EQ,367.7,2033175,367.7,367.85,0,331,2767
2025-02-03 09:43:44.330789,COALINDIA,EQ,368.15,2045928,367.95,368.0,0,207,53
2025-02-03 09:43:53.246563,COALINDIA,EQ,367.7,2049831,367.55,367.7,0,175,719
2025-02-03 09:44:01.282252,COALINDIA,EQ,367.65,2058333,367.55,367.7,0,88,1339
2025-02-03 09:44:09.119166,COALINDIA,EQ,367.75,2072325,367.7,367.75,0,1215,84
2025-02-03 09:44:18.035700,COALINDIA,EQ,368.0,2073439,367.8,368.0,0,284,707
2025-02-03 09:44:28.483363,COALINDIA,EQ,368.0,2075238,368.0,368.1,0,46,32
2025-02-03 09:44:37.433738,COALINDIA,EQ,368.0,2086383,367.95,368.0,0,123,30
2025-02-03 09:44:44.964017,COALINDIA,EQ,367.95,2115031,367.9,367.95,0,953,441
2025-02-03 09:44:52.759906,COALINDIA,EQ,367.75,2120646,367.65,367.75,0,8,173
2025-02-03 09:45:01.051553,COALINDIA,EQ,367.8,2124457,367.8,367.9,0,1,613
2025-02-03 09:45:08.668992,COALINDIA,EQ,367.95,2125692,367.9,367.95,0,10,935
2025-02-03 09:45:17.318050,COALINDIA,EQ,367.95,2128892,367.9,367.95,0,1,763
2025-02-03 09:45:33.114124,COALINDIA,EQ,368.15,2134018,367.95,368.15,0,31,1715
2025-02-03 09:45:44.293212,COALINDIA,EQ,367.95,2138624,367.85,367.9,0,87,84
2025-02-03 09:45:54.253925,COALINDIA,EQ,368.1,2153721,368.1,368.25,0,510,108
2025-02-03 09:46:01.886978,COALINDIA,EQ,368.1,2154364,368.05,368.15,0,75,606
2025-02-03 09:46:10.034317,COALINDIA,EQ,368.55,2156977,368.25,368.35,0,318,10
2025-02-03 09:46:17.885821,COALINDIA,EQ,368.4,2159143,368.3,368.5,0,208,1014
2025-02-03 09:46:25.671319,COALINDIA,EQ,368.5,2163609,368.4,368.5,0,50,41
2025-02-03 09:46:33.281602,COALINDIA,EQ,368.75,2169123,368.5,368.55,0,20,72
2025-02-03 09:46:41.117015,COALINDIA,EQ,369.1,2177765,368.9,369.1,0,312,294
2025-02-03 09:46:51.075093,COALINDIA,EQ,369.05,2181264,368.9,369.1,0,1980,185
2025-02-03 09:47:01.033969,COALINDIA,EQ,369.0,2183239,368.9,369.0,0,205,1048
2025-02-03 09:47:09.960535,COALINDIA,EQ,368.85,2185476,368.9,369.0,0,11484,1330
2025-02-03 09:47:18.659236,COALINDIA,EQ,368.75,2199324,368.8,368.9,0,78,2394
2025-02-03 09:47:32.975539,COALINDIA,EQ,368.15,2215746,368.05,368.15,0,100,49
2025-02-03 09:47:57.338434,COALINDIA,EQ,368.3,2235072,368.25,368.45,0,103,447
2025-02-03 09:48:05.272277,COALINDIA,EQ,368.0,2240462,368.15,368.25,0,156,3806
2025-02-03 09:48:18.069051,COALINDIA,EQ,368.25,2243240,368.0,368.15,0,578,10769
2025-02-03 09:48:27.912384,COALINDIA,EQ,368.25,2257097,368.15,368.25,0,782,1107
2025-02-03 09:48:36.879135,COALINDIA,EQ,368.4,2260639,368.25,368.45,0,248,1276
2025-02-03 09:48:44.834860,COALINDIA,EQ,368.55,2265126,368.35,368.5,0,5,1238
2025-02-03 09:48:55.163970,COALINDIA,EQ,368.3,2268933,368.2,368.3,0,51,991
2025-02-03 09:49:03.671670,COALINDIA,EQ,368.3,2272075,368.1,368.3,0,450,1425
2025-02-03 09:49:13.547883,COALINDIA,EQ,368.3,2275728,368.25,368.3,0,2,42
2025-02-03 09:49:24.816599,COALINDIA,EQ,368.0,2296351,367.95,368.0,0,77,25
2025-02-03 09:49:37.241798,COALINDIA,EQ,367.95,2299569,367.75,368.0,0,189,1010
2025-02-03 09:49:46.399856,COALINDIA,EQ,367.7,2301950,367.7,367.75,0,471,1026
2025-02-03 09:49:56.925244,COALINDIA,EQ,367.85,2308222,367.75,367.85,0,8,313
2025-02-03 09:50:06.125391,COALINDIA,EQ,367.85,2311253,367.7,367.85,0,11150,1436
2025-02-03 09:50:14.924231,COALINDIA,EQ,367.85,2319084,367.75,367.85,0,30,308
2025-02-03 09:50:24.509311,COALINDIA,EQ,368.1,2322365,368.15,368.3,0,137,612
2025-02-03 09:50:33.725145,COALINDIA,EQ,368.1,2328877,368.2,368.3,0,5,686
2025-02-03 09:50:44.188338,COALINDIA,EQ,368.05,2343223,367.85,368.05,0,3361,1259
2025-02-03 09:50:56.242089,COALINDIA,EQ,367.8,2348104,367.7,367.8,0,4676,354
2025-02-03 09:51:04.671442,COALINDIA,EQ,368.15,2352037,368.0,368.15,0,15,845
2025-02-03 09:51:12.734135,COALINDIA,EQ,368.15,2352569,368.1,368.15,0,20,337
2025-02-03 09:51:21.234346,COALINDIA,EQ,368.35,2354417,368.15,368.35,0,370,327
2025-02-03 09:51:29.355227,COALINDIA,EQ,368.75,2354629,368.25,368.35,0,1,619
2025-02-03 09:51:37.625862,COALINDIA,EQ,369.15,2364910,368.75,369.0,0,147,779
2025-02-03 09:51:46.332801,COALINDIA,EQ,368.95,2366459,368.75,368.95,0,626,730
2025-02-03 09:51:54.179862,COALINDIA,EQ,368.8,2369242,368.9,368.95,0,50,570
2025-02-03 09:52:06.612731,COALINDIA,EQ,368.7,2378475,368.55,368.7,0,263,266
2025-02-03 09:52:17.172763,COALINDIA,EQ,369.1,2383081,368.95,369.15,0,226,219
2025-02-03 09:52:27.246177,COALINDIA,EQ,369.1,2390513,369.1,369.2,0,60,235
2025-02-03 09:52:34.970862,COALINDIA,EQ,369.15,2395078,369.05,369.15,0,90,288
2025-02-03 09:52:42.730944,COALINDIA,EQ,368.9,2397067,368.95,369.05,0,114,1822
2025-02-03 09:52:50.815210,COALINDIA,EQ,368.85,2406010,368.7,368.85,0,438,1700
2025-02-03 09:52:58.175091,COALINDIA,EQ,368.65,2409474,368.5,368.65,0,420,405
2025-02-03 09:53:06.008006,COALINDIA,EQ,368.55,2410719,368.5,368.55,0,352,903
2025-02-03 09:53:16.066460,COALINDIA,EQ,368.9,2418430,368.75,368.9,0,11,797
2025-02-03 09:53:25.303169,COALINDIA,EQ,369.0,2418838,368.9,369.0,0,499,534
2025-02-03 09:53:35.676600,COALINDIA,EQ,369.0,2420891,368.95,369.0,0,67,2596
2025-02-03 09:53:43.439038,COALINDIA,EQ,369.3,2429820,369.2,369.3,0,541,585
2025-02-03 09:53:51.253233,COALINDIA,EQ,369.15,2431901,369.15,369.3,0,110,2276
2025-02-03 09:53:59.190725,COALINDIA,EQ,369.15,2435277,369.05,369.15,0,50,1320
2025-02-03 09:54:06.935036,COALINDIA,EQ,369.15,2439044,369.05,369.15,0,275,790
2025-02-03 09:54:15.011971,COALINDIA,EQ,368.75,2445754,368.8,369.0,0,244,812
2025-02-03 09:54:22.562370,COALINDIA,EQ,368.95,2446736,368.8,368.95,0,4,1388
2025-02-03 09:54:32.417166,COALINDIA,EQ,368.9,2446911,368.8,368.9,0,4,652
2025-02-03 09:54:43.500854,COALINDIA,EQ,369.0,2450152,368.9,369.0,0,110,673
2025-02-03 09:54:52.080880,COALINDIA,EQ,368.9,2450320,368.9,369.05,0,247,1730
2025-02-03 09:55:02.035852,COALINDIA,EQ,368.85,2452987,368.75,368.85,0,10,745
2025-02-03 09:55:09.699489,COALINDIA,EQ,368.75,2454299,368.6,368.75,0,59,1375
2025-02-03 09:55:17.988823,COALINDIA,EQ,369.15,2456233,368.8,368.9,0,118,377
2025-02-03 09:55:26.997021,COALINDIA,EQ,369.0,2462242,368.9,369.0,0,200,2156
2025-02-03 09:55:34.951205,COALINDIA,EQ,369.0,2465300,368.85,369.05,0,396,1182
2025-02-03 09:55:44.631709,COALINDIA,EQ,368.9,2465767,368.85,368.9,0,223,308
2025-02-03 09:55:56.618431,COALINDIA,EQ,368.15,2474969,368.8,368.95,0,55,2002
2025-02-03 09:56:06.146717,COALINDIA,EQ,368.0,2502452,367.9,368.0,0,156,5444
2025-02-03 09:56:14.394424,COALINDIA,EQ,368.45,2532585,368.3,368.45,0,126,1149
2025-02-03 09:56:21.987580,COALINDIA,EQ,368.0,2548159,367.8,367.9,0,7530,99
2025-02-03 09:56:29.847742,COALINDIA,EQ,368.05,2550268,367.8,367.9,0,10276,415
2025-02-03 09:56:37.537662,COALINDIA,EQ,367.8,2586689,367.95,368.05,0,70,126
2025-02-03 09:56:45.298199,COALINDIA,EQ,367.9,2598128,367.8,367.9,0,72,401
2025-02-03 09:56:54.951049,COALINDIA,EQ,368.15,2598488,368.0,368.15,0,458,1640
2025-02-03 09:57:04.482848,COALINDIA,EQ,368.45,2600301,368.35,368.5,0,965,39
2025-02-03 09:57:17.171237,COALINDIA,EQ,368.4,2612292,368.15,368.35,0,620,1104
2025-02-03 09:57:27.753112,COALINDIA,EQ,368.2,2614541,368.15,368.35,0,692,723
2025-02-03 09:57:37.679994,COALINDIA,EQ,368.3,2615837,368.2,368.3,0,121,324
2025-02-03 09:57:45.696550,COALINDIA,EQ,368.15,2616930,368.05,368.15,0,14,574
2025-02-03 09:57:53.153979,COALINDIA,EQ,368.15,2617807,368.15,368.25,0,41,577
2025-02-03 09:58:01.089365,COALINDIA,EQ,368.0,2622108,367.9,368.0,0,334,803
2025-02-03 09:58:08.730781,COALINDIA,EQ,367.9,2625419,367.7,367.85,0,3482,956
2025-02-03 09:58:15.960566,COALINDIA,EQ,367.7,2633414,367.5,367.7,0,5018,289
2025-02-03 09:58:27.839617,COALINDIA,EQ,367.7,2641233,367.5,367.7,0,3210,366
2025-02-03 09:58:38.514977,COALINDIA,EQ,367.7,2642997,367.7,367.9,0,492,358
2025-02-03 09:58:46.517468,COALINDIA,EQ,367.85,2648085,367.7,367.85,0,30,1427
2025-02-03 09:58:54.452505,COALINDIA,EQ,367.75,2648832,367.55,367.75,0,450,771
2025-02-03 09:59:02.704889,COALINDIA,EQ,368.15,2662296,367.95,368.05,0,1055,15
2025-02-03 09:59:13.570108,COALINDIA,EQ,368.1,2664192,367.9,368.1,0,909,302
2025-02-03 09:59:29.093519,COALINDIA,EQ,368.5,2670859,368.25,368.45,0,1101,715
2025-02-03 09:59:41.825294,COALINDIA,EQ,368.7,2674819,368.55,368.75,0,434,130
2025-02-03 09:59:52.440231,COALINDIA,EQ,368.15,2679758,368.15,368.3,0,53,807
2025-02-03 10:00:00.563992,COALINDIA,EQ,368.4,2684463,368.15,368.35,0,11,1579
2025-02-03 10:00:08.405964,COALINDIA,EQ,368.4,2684659,368.3,368.45,0,40,1188
2025-02-03 10:00:16.566616,COALINDIA,EQ,368.5,2686120,368.35,368.5,0,226,529
2025-02-03 10:00:29.216854,COALINDIA,EQ,368.3,2687964,368.25,368.3,0,111,1368
2025-02-03 10:00:40.252752,COALINDIA,EQ,368.15,2689095,368.1,368.2,0,217,175
2025-02-03 10:00:51.970051,COALINDIA,EQ,368.1,2701863,368.0,368.1,0,1217,899
2025-02-03 10:01:03.328758,COALINDIA,EQ,367.95,2708281,367.75,367.95,0,888,377
2025-02-03 10:01:14.135000,COALINDIA,EQ,368.4,2710012,368.2,368.4,0,195,1731
2025-02-03 10:01:22.497554,COALINDIA,EQ,368.3,2716385,368.15,368.3,0,200,377
2025-02-03 10:01:31.327754,COALINDIA,EQ,368.6,2718253,368.4,368.6,0,1813,133
2025-02-03 10:01:38.838023,COALINDIA,EQ,368.75,2719082,368.7,368.75,0,495,1747
2025-02-03 10:01:46.765338,COALINDIA,EQ,369.1,2725027,369.0,369.1,0,192,155
2025-02-03 10:01:55.135530,COALINDIA,EQ,369.65,2729069,369.45,369.6,0,397,208
2025-02-03 10:02:02.908097,COALINDIA,EQ,369.1,2732536,369.0,369.1,0,10,393
2025-02-03 10:02:14.152744,COALINDIA,EQ,369.3,2739922,369.1,369.3,0,118,1553
2025-02-03 10:02:25.137564,COALINDIA,EQ,369.45,2744012,369.3,369.45,0,32,3325
2025-02-03 10:02:37.133246,COALINDIA,EQ,369.4,2746285,369.15,369.4,0,2597,3283
2025-02-03 10:02:48.622138,COALINDIA,EQ,369.25,2750183,369.05,369.25,0,105,1739
2025-02-03 10:03:00.159105,COALINDIA,EQ,368.9,2760839,368.75,368.9,0,375,668
2025-02-03 10:03:09.829186,COALINDIA,EQ,368.9,2762297,368.7,368.9,0,412,228
2025-02-03 10:03:17.609249,COALINDIA,EQ,369.05,2764808,368.95,369.1,0,153,1971
2025-02-03 10:03:25.926408,COALINDIA,EQ,369.1,2767759,368.9,369.05,0,46,119
2025-02-03 10:03:41.729021,COALINDIA,EQ,369.55,2778608,369.6,369.7,0,1704,258
2025-02-03 10:03:51.426020,COALINDIA,EQ,369.55,2782855,369.45,369.55,0,1,1081
2025-02-03 10:03:59.136475,COALINDIA,EQ,369.6,2784231,369.45,369.6,0,1703,904
2025-02-03 10:04:06.983719,COALINDIA,EQ,369.6,2785436,369.5,369.6,0,10,869
2025-02-03 10:04:15.305043,COALINDIA,EQ,369.6,2787151,369.55,369.6,0,157,755
2025-02-03 10:04:26.079726,COALINDIA,EQ,369.55,2789939,369.3,369.5,0,978,747
2025-02-03 10:04:41.032025,COALINDIA,EQ,369.45,2793545,369.3,369.45,0,271,849
2025-02-03 10:04:53.242872,COALINDIA,EQ,369.7,2800591,369.5,369.7,0,18,1225
2025-02-03 10:05:02.585928,COALINDIA,EQ,369.7,2801144,369.55,369.7,0,839,235
2025-02-03 10:05:10.310853,COALINDIA,EQ,369.6,2804207,369.55,369.6,0,159,630
2025-02-03 10:05:18.435006,COALINDIA,EQ,369.6,2804392,369.55,369.6,0,988,461
2025-02-03 10:05:26.267012,COALINDIA,EQ,369.85,2807581,369.65,369.85,0,432,607
2025-02-03 10:05:33.602177,COALINDIA,EQ,369.85,2810076,369.65,369.85,0,397,309
2025-02-03 10:05:40.883727,COALINDIA,EQ,369.65,2810574,369.8,369.9,0,23,2832
2025-02-03 10:05:48.517861,COALINDIA,EQ,369.8,2814449,369.6,369.8,0,469,1122
2025-02-03 10:05:55.989612,COALINDIA,EQ,369.8,2816151,369.6,369.8,0,1891,954
2025-02-03 10:06:07.207852,COALINDIA,EQ,369.75,2818401,369.7,369.75,0,184,93
2025-02-03 10:06:17.093131,COALINDIA,EQ,370.4,2834854,370.25,370.4,0,1624,603
2025-02-03 10:06:24.808108,COALINDIA,EQ,370.6,2839925,370.3,370.4,0,347,316
2025-02-03 10:06:33.144445,COALINDIA,EQ,370.3,2844185,370.1,370.3,0,168,1775
2025-02-03 10:06:41.466248,COALINDIA,EQ,370.3,2845817,370.3,370.4,0,100,587
2025-02-03 10:06:49.310539,COALINDIA,EQ,370.4,2851007,370.2,370.3,0,227,1232
2025-02-03 10:07:04.727243,COALINDIA,EQ,370.45,2859448,370.45,370.7,0,359,1266
2025-02-03 10:07:16.639921,COALINDIA,EQ,370.65,2861355,370.65,370.7,0,153,3
2025-02-03 10:07:29.044808,COALINDIA,EQ,370.7,2865374,370.65,370.7,0,21,738
2025-02-03 10:07:37.490102,COALINDIA,EQ,371.0,2867047,370.8,371.0,0,776,18092
2025-02-03 10:07:45.040953,COALINDIA,EQ,371.0,2868959,370.75,370.9,0,9,1934
2025-02-03 10:07:52.515539,COALINDIA,EQ,370.95,2872126,370.9,370.95,0,444,106
2025-02-03 10:08:00.296098,COALINDIA,EQ,370.9,2878882,370.9,371.0,0,224,16611
2025-02-03 10:08:08.517758,COALINDIA,EQ,370.9,2889979,370.7,370.9,0,2312,250
2025-02-03 10:08:16.245908,COALINDIA,EQ,370.9,2894013,370.8,370.9,0,28,590
2025-02-03 10:08:23.781473,COALINDIA,EQ,370.65,2896279,370.75,370.8,0,107,1910
2025-02-03 10:08:31.813265,COALINDIA,EQ,370.7,2898870,370.65,370.7,0,4,483
2025-02-03 10:08:42.736094,COALINDIA,EQ,370.8,2900970,370.65,370.7,0,79,35
2025-02-03 10:08:51.965064,COALINDIA,EQ,370.8,2903438,370.8,370.9,0,103,4279
2025-02-03 10:09:02.735859,COALINDIA,EQ,370.75,2904870,370.75,370.9,0,660,3269
2025-02-03 10:09:14.519844,COALINDIA,EQ,370.8,2907947,370.75,370.8,0,76,1308
2025-02-03 10:09:24.595781,COALINDIA,EQ,370.5,2916465,370.5,370.65,0,2085,1258
2025-02-03 10:09:33.780088,COALINDIA,EQ,370.45,2919398,370.45,370.65,0,423,110
2025-02-03 10:09:41.571575,COALINDIA,EQ,370.45,2922110,370.3,370.45,0,840,757
2025-02-03 10:09:50.884164,COALINDIA,EQ,370.4,2923939,370.4,370.45,0,13,621
2025-02-03 10:10:01.997344,COALINDIA,EQ,370.7,2924757,370.4,370.45,0,19,1853
2025-02-03 10:10:10.331610,COALINDIA,EQ,370.9,2931056,370.7,370.85,0,717,20
2025-02-03 10:10:18.959043,COALINDIA,EQ,370.95,2933519,370.75,370.95,0,714,710
2025-02-03 10:10:26.730805,COALINDIA,EQ,370.9,2935760,370.75,370.9,0,225,574
2025-02-03 10:10:34.332299,COALINDIA,EQ,370.95,2936332,370.75,370.95,0,1036,758
2025-02-03 10:10:42.597585,COALINDIA,EQ,370.55,2940323,370.5,370.7,0,286,2504
2025-02-03 10:10:50.468817,COALINDIA,EQ,370.85,2944128,370.75,370.9,0,580,1000
2025-02-03 10:10:57.893339,COALINDIA,EQ,370.6,2946522,370.4,370.6,0,113,1400
2025-02-03 10:11:08.647547,COALINDIA,EQ,370.45,2947328,370.45,370.5,0,191,430
2025-02-03 10:11:19.231539,COALINDIA,EQ,370.8,2952661,370.6,370.75,0,456,1
2025-02-03 10:11:27.564733,COALINDIA,EQ,370.75,2953546,370.75,370.9,0,29,1333
2025-02-03 10:11:35.723195,COALINDIA,EQ,370.7,2954251,370.7,370.9,0,279,1050
2025-02-03 10:11:43.049588,COALINDIA,EQ,371.0,2955587,370.8,370.9,0,193,20
2025-02-03 10:11:50.411878,COALINDIA,EQ,371.05,2958687,371.0,371.1,0,954,176
2025-02-03 10:11:58.048620,COALINDIA,EQ,371.05,2960187,371.0,371.05,0,1,89
2025-02-03 10:12:05.913874,COALINDIA,EQ,371.1,2960846,371.1,371.2,0,168,1875
2025-02-03 10:12:13.936957,COALINDIA,EQ,371.2,2961246,371.1,371.2,0,121,1843
2025-02-03 10:12:23.349461,COALINDIA,EQ,371.05,2963217,371.05,371.1,0,2567,8997
2025-02-03 10:12:33.942959,COALINDIA,EQ,370.95,2963513,371.05,371.1,0,2769,8716
2025-02-03 10:12:42.658123,COALINDIA,EQ,371.0,2972052,370.8,371.0,0,863,433
2025-02-03 10:12:50.542263,COALINDIA,EQ,371.0,2975024,370.95,371.05,0,4,1417
2025-02-03 10:13:03.905967,COALINDIA,EQ,370.95,2976862,370.8,371.0,0,389,351
2025-02-03 10:13:14.652989,COALINDIA,EQ,371.0,2978904,370.8,370.95,0,429,568
2025-02-03 10:13:25.575546,COALINDIA,EQ,370.8,2980660,370.75,370.85,0,10,240
2025-02-03 10:13:33.221799,COALINDIA,EQ,370.75,2981755,370.7,370.75,0,100,427
2025-02-03 10:13:45.345379,COALINDIA,EQ,370.7,2984581,370.5,370.7,0,2198,310
2025-02-03 10:13:56.386534,COALINDIA,EQ,370.8,2987420,370.7,370.8,0,2985,479
2025-02-03 10:14:05.264666,COALINDIA,EQ,371.0,2991246,370.9,371.0,0,727,46
2025-02-03 10:14:13.226023,COALINDIA,EQ,370.8,2994163,370.7,370.8,0,848,416
2025-02-03 10:14:20.872162,COALINDIA,EQ,370.8,2996762,370.7,370.8,0,1260,98
2025-02-03 10:14:28.340635,COALINDIA,EQ,370.9,2998282,370.8,370.9,0,34,265
2025-02-03 10:14:37.534411,COALINDIA,EQ,370.8,3002056,370.75,370.8,0,65,109
2025-02-03 10:14:44.900697,COALINDIA,EQ,370.75,3002316,370.75,370.8,0,65,452
2025-02-03 10:14:52.896760,COALINDIA,EQ,370.75,3004026,370.75,370.8,0,61,1558
2025-02-03 10:15:07.834158,COALINDIA,EQ,370.45,3028647,370.25,370.45,0,152,2072
2025-02-03 10:15:17.514445,COALINDIA,EQ,370.4,3029116,370.15,370.35,0,318,782
2025-02-03 10:15:26.794558,COALINDIA,EQ,370.3,3045074,370.15,370.35,0,185,1963
2025-02-03 10:15:34.411364,COALINDIA,EQ,370.2,3046142,370.05,370.2,0,98,1326
2025-02-03 10:15:42.289101,COALINDIA,EQ,369.95,3057113,369.85,369.9,0,15,66
2025-02-03 10:15:49.679218,COALINDIA,EQ,369.9,3060598,369.8,369.9,0,148,19
2025-02-03 10:15:57.102424,COALINDIA,EQ,369.9,3063628,369.8,370.0,0,329,5621
2025-02-03 10:16:04.528643,COALINDIA,EQ,369.95,3063750,369.9,369.95,0,1,862
2025-02-03 10:16:13.599631,COALINDIA,EQ,369.95,3064623,369.85,369.95,0,84,835
2025-02-03 10:16:23.738918,COALINDIA,EQ,370.0,3068346,369.9,370.0,0,359,5728
2025-02-03 10:16:32.335437,COALINDIA,EQ,370.05,3075565,370.0,370.05,0,77,502
2025-02-03 10:16:40.976537,COALINDIA,EQ,369.75,3084187,369.6,369.75,0,60,53
2025-02-03 10:16:51.109870,COALINDIA,EQ,369.8,3086280,369.65,369.8,0,288,1876
2025-02-03 10:17:01.721017,COALINDIA,EQ,369.8,3086695,369.7,369.8,0,170,45
2025-02-03 10:17:11.523120,COALINDIA,EQ,369.8,3089201,369.75,369.9,0,542,100
2025-02-03 10:17:21.881450,COALINDIA,EQ,369.95,3090870,369.8,369.95,0,139,1213
2025-02-03 10:17:32.789613,COALINDIA,EQ,369.75,3092048,369.75,369.8,0,176,1226
2025-02-03 10:17:42.316365,COALINDIA,EQ,369.95,3097232,369.8,369.95,0,10,1725
2025-02-03 10:17:49.672900,COALINDIA,EQ,369.8,3104154,369.8,369.95,0,355,177
2025-02-03 10:17:57.374493,COALINDIA,EQ,369.95,3104526,369.8,369.95,0,222,318
2025-02-03 10:18:09.085031,COALINDIA,EQ,369.9,3105100,369.8,369.9,0,75,706
2025-02-03 10:18:18.380589,COALINDIA,EQ,369.85,3112635,369.8,369.85,0,10,842
2025-02-03 10:18:25.805101,COALINDIA,EQ,369.8,3116222,369.75,369.8,0,170,234
2025-02-03 10:18:33.177283,COALINDIA,EQ,369.9,3118262,369.75,369.9,0,724,3
2025-02-03 10:18:40.610187,COALINDIA,EQ,369.8,3118376,369.75,369.8,0,307,548
2025-02-03 10:18:51.800167,COALINDIA,EQ,369.95,3128129,369.8,369.95,0,231,2
2025-02-03 10:19:03.687324,COALINDIA,EQ,369.9,3128716,369.9,369.95,0,4,705
2025-02-03 10:19:13.288981,COALINDIA,EQ,369.7,3132794,369.65,369.8,0,260,1037
2025-02-03 10:19:23.085347,COALINDIA,EQ,369.6,3135353,369.55,369.75,0,807,327
2025-02-03 10:19:32.292043,COALINDIA,EQ,369.75,3138273,369.6,369.75,0,316,646
2025-02-03 10:19:39.884451,COALINDIA,EQ,369.85,3141474,369.8,369.85,0,23,422
2025-02-03 10:19:47.455535,COALINDIA,EQ,369.85,3143945,369.75,369.85,0,284,961
2025-02-03 10:19:54.523444,COALINDIA,EQ,369.85,3144242,369.75,369.85,0,20,38
2025-02-03 10:20:04.684337,COALINDIA,EQ,369.8,3148917,369.6,369.8,0,2355,190
2025-02-03 10:20:14.924047,COALINDIA,EQ,369.8,3159918,369.6,369.8,0,857,1183
2025-02-03 10:20:22.407835,COALINDIA,EQ,369.4,3162838,369.35,369.55,0,139,1085
2025-02-03 10:20:29.879274,COALINDIA,EQ,369.4,3166006,369.3,369.4,0,119,38
2025-02-03 10:20:37.345132,COALINDIA,EQ,369.65,3178234,369.4,369.6,0,231,441
2025-02-03 10:20:44.903496,COALINDIA,EQ,369.75,3180569,369.65,369.75,0,6,207
2025-02-03 10:20:52.931350,COALINDIA,EQ,369.85,3185842,369.75,369.9,0,843,25
2025-02-03 10:21:03.898313,COALINDIA,EQ,370.05,3188458,370.05,370.25,0,4,1756
2025-02-03 10:21:14.866910,COALINDIA,EQ,370.2,3188950,370.0,370.2,0,188,585
2025-02-03 10:21:25.586878,COALINDIA,EQ,370.7,3191140,370.35,370.45,0,108,615
2025-02-03 10:21:36.345754,COALINDIA,EQ,370.9,3195382,370.75,370.9,0,759,640
2025-02-03 10:21:44.705465,COALINDIA,EQ,371.25,3204394,371.05,371.25,0,24,898
2025-02-03 10:21:52.164946,COALINDIA,EQ,371.15,3207731,371.05,371.15,0,3,564
2025-02-03 10:21:59.738423,COALINDIA,EQ,371.15,3213706,371.05,371.15,0,3,30
2025-02-03 10:22:07.097915,COALINDIA,EQ,371.05,3213745,371.05,371.15,0,1,1195
2025-02-03 10:22:14.362273,COALINDIA,EQ,371.15,3215612,371.0,371.15,0,701,211
2025-02-03 10:22:22.529338,COALINDIA,EQ,371.25,3229472,371.15,371.25,0,718,357
2025-02-03 10:22:30.493835,COALINDIA,EQ,371.25,3231000,371.05,371.25,0,330,606
2025-02-03 10:22:41.807744,COALINDIA,EQ,371.3,3232229,371.3,371.4,0,415,125
2025-02-03 10:22:53.119017,COALINDIA,EQ,371.4,3234710,371.3,371.4,0,80,522
2025-02-03 10:23:00.758178,COALINDIA,EQ,371.5,3235595,371.4,371.5,0,50,1261
2025-02-03 10:23:16.141039,COALINDIA,EQ,371.35,3236798,371.35,371.5,0,728,366
2025-02-03 10:23:27.665979,COALINDIA,EQ,371.2,3237558,371.4,371.6,0,473,127
2025-02-03 10:23:36.807836,COALINDIA,EQ,371.15,3243635,371.0,371.15,0,8419,1259
2025-02-03 10:23:44.926093,COALINDIA,EQ,370.9,3252513,370.75,370.9,0,45,1588
2025-02-03 10:23:52.543264,COALINDIA,EQ,370.75,3254039,370.7,370.75,0,63,556
2025-02-03 10:24:00.043997,COALINDIA,EQ,370.65,3257598,370.55,370.75,0,515,1318
2025-02-03 10:24:07.307141,COALINDIA,EQ,370.75,3257689,370.65,370.75,0,1508,1565
2025-02-03 10:24:14.726965,COALINDIA,EQ,370.75,3257710,370.7,370.75,0,6,636
2025-02-03 10:24:22.364621,COALINDIA,EQ,370.75,3258075,370.65,370.75,0,1583,768
2025-02-03 10:24:29.755665,COALINDIA,EQ,370.75,3261259,370.65,370.75,0,1,2370
2025-02-03 10:24:37.052856,COALINDIA,EQ,370.7,3262254,370.55,370.7,0,383,34
2025-02-03 10:24:44.542676,COALINDIA,EQ,370.7,3262291,370.6,370.75,0,635,646
2025-02-03 10:24:52.378731,COALINDIA,EQ,371.0,3276234,370.8,371.0,0,116,2244
2025-02-03 10:25:00.838252,COALINDIA,EQ,370.95,3277159,370.9,371.0,0,402,1289
2025-02-03 10:25:08.191938,COALINDIA,EQ,371.1,3278772,371.0,371.1,0,857,464
2025-02-03 10:25:15.753799,COALINDIA,EQ,371.15,3282252,371.1,371.15,0,31,817
2025-02-03 10:25:23.271680,COALINDIA,EQ,371.15,3283504,371.1,371.15,0,110,670
2025-02-03 10:25:31.114095,COALINDIA,EQ,371.1,3286057,371.0,371.1,0,904,1334
2025-02-03 10:25:38.458326,COALINDIA,EQ,371.1,3286444,371.0,371.1,0,812,193
2025-02-03 10:25:45.835804,COALINDIA,EQ,371.15,3287821,371.1,371.15,0,99,283
2025-02-03 10:25:53.373129,COALINDIA,EQ,371.0,3288932,371.0,371.15,0,298,583
2025-02-03 10:26:02.245233,COALINDIA,EQ,371.15,3289141,371.1,371.15,0,45,255
2025-02-03 10:26:09.671504,COALINDIA,EQ,371.15,3290187,371.05,371.15,0,251,224
2025-02-03 10:26:17.058369,COALINDIA,EQ,371.15,3296831,371.15,371.25,0,2766,500
2025-02-03 10:26:24.707697,COALINDIA,EQ,371.25,3296851,371.2,371.25,0,516,485
2025-02-03 10:26:33.396854,COALINDIA,EQ,371.25,3297799,371.25,371.35,0,557,90
2025-02-03 10:26:42.344861,COALINDIA,EQ,371.25,3298345,371.2,371.25,0,102,1603
2025-02-03 10:26:51.931419,COALINDIA,EQ,371.15,3303015,371.05,371.15,0,81,2526
2025-02-03 10:27:02.235984,COALINDIA,EQ,371.1,3303432,371.0,371.15,0,2830,2537
2025-02-03 10:27:13.185328,COALINDIA,EQ,370.85,3320577,370.9,371.05,0,578,14
2025-02-03 10:27:22.645118,COALINDIA,EQ,371.0,3320900,370.85,371.0,0,69,1158
2025-02-03 10:27:30.097339,COALINDIA,EQ,371.0,3324110,370.85,371.0,0,318,492
2025-02-03 10:27:38.016688,COALINDIA,EQ,370.95,3324785,370.8,370.95,0,157,309
2025-02-03 10:27:45.423692,COALINDIA,EQ,370.8,3324838,370.8,370.95,0,78,1442
2025-02-03 10:27:52.543148,COALINDIA,EQ,370.8,3327022,370.75,370.8,0,248,438
2025-02-03 10:27:59.841599,COALINDIA,EQ,370.6,3329250,370.6,370.75,0,374,32
2025-02-03 10:28:07.110348,COALINDIA,EQ,370.65,3329411,370.65,370.8,0,1147,472
2025-02-03 10:28:14.591597,COALINDIA,EQ,370.65,3329501,370.65,370.8,0,931,432
2025-02-03 10:28:22.138321,COALINDIA,EQ,370.8,3339013,370.65,370.8,0,285,16
2025-02-03 10:28:29.320161,COALINDIA,EQ,370.8,3348076,370.8,370.9,0,102,114
2025-02-03 10:28:36.598619,COALINDIA,EQ,370.65,3348329,370.8,370.85,0,1,67
2025-02-03 10:28:43.862333,COALINDIA,EQ,370.95,3358668,370.75,370.95,0,13,1051
2025-02-03 10:28:52.193863,COALINDIA,EQ,370.75,3360226,370.55,370.75,0,135,970
2025-02-03 10:29:06.011085,COALINDIA,EQ,370.4,3367820,370.25,370.45,0,153,908
2025-02-03 10:29:18.686028,COALINDIA,EQ,370.3,3370423,370.2,370.3,0,73,49
2025-02-03 10:29:26.802774,COALINDIA,EQ,370.3,3370548,370.15,370.2,0,72,1447
2025-02-03 10:29:34.444191,COALINDIA,EQ,370.6,3376245,370.35,370.55,0,1128,395
2025-02-03 10:29:47.331509,COALINDIA,EQ,370.55,3382538,370.4,370.55,0,167,408
2025-02-03 10:29:55.543665,COALINDIA,EQ,370.55,3385231,370.35,370.55,0,780,266
2025-02-03 10:30:03.028967,COALINDIA,EQ,370.55,3387184,370.35,370.55,0,162,1883
2025-02-03 10:30:10.330164,COALINDIA,EQ,370.6,3387439,370.45,370.6,0,1001,91
2025-02-03 10:30:17.771943,COALINDIA,EQ,370.8,3396174,370.8,370.85,0,108,7
2025-02-03 10:30:26.382670,COALINDIA,EQ,370.95,3396439,370.8,370.95,0,128,547
2025-02-03 10:30:33.583077,COALINDIA,EQ,370.5,3397279,370.7,370.8,0,69,873
2025-02-03 10:30:40.931621,COALINDIA,EQ,370.7,3400310,370.5,370.75,0,743,1073
2025-02-03 10:30:48.442700,COALINDIA,EQ,370.8,3400844,370.6,370.8,0,617,203
2025-02-03 10:30:55.665085,COALINDIA,EQ,370.7,3400901,370.5,370.7,0,279,470
2025-02-03 10:31:02.919510,COALINDIA,EQ,370.75,3401266,370.6,370.8,0,309,446
2025-02-03 10:31:10.659177,COALINDIA,EQ,370.8,3401456,370.6,370.8,0,292,334
2025-02-03 10:31:17.999690,COALINDIA,EQ,370.9,3401545,370.8,370.9,0,766,108
2025-02-03 10:31:25.212012,COALINDIA,EQ,370.9,3402614,370.75,370.9,0,307,176
2025-02-03 10:31:32.599917,COALINDIA,EQ,371.0,3403735,370.95,371.0,0,256,538
2025-02-03 10:31:39.785422,COALINDIA,EQ,371.0,3404237,370.95,371.0,0,838,526
2025-02-03 10:31:47.504368,COALINDIA,EQ,371.35,3417574,371.15,371.25,0,960,403
2025-02-03 10:34:39.459336,COALINDIA,EQ,370.95,3443504,370.75,370.85,0,6,329
2025-02-03 10:34:47.380841,COALINDIA,EQ,371.0,3443762,370.85,371.0,0,3,3209
2025-02-03 10:34:55.544434,COALINDIA,EQ,371.0,3444337,370.95,371.0,0,657,1991
2025-02-03 10:35:02.912994,COALINDIA,EQ,371.0,3446388,371.0,371.2,0,11891,742
2025-02-03 10:35:10.149801,COALINDIA,EQ,371.2,3447215,371.05,371.2,0,1320,621
2025-02-03 10:35:17.465433,COALINDIA,EQ,371.35,3448572,371.2,371.35,0,7,2682
2025-02-03 10:38:26.386442,COALINDIA,EQ,370.9,3488829,370.9,371.0,0,1311,1524
2025-02-03 10:38:34.112239,COALINDIA,EQ,371.0,3490860,371.0,371.1,0,184,250
2025-02-03 10:38:42.300738,COALINDIA,EQ,370.95,3491116,370.95,371.05,0,463,100
2025-02-03 10:38:50.063996,COALINDIA,EQ,371.0,3491258,371.0,371.05,0,194,10
2025-02-03 10:38:57.994676,COALINDIA,EQ,371.25,3493977,371.2,371.25,0,416,172
2025-02-03 10:40:50.489871,COALINDIA,EQ,371.2,3509320,371.0,371.2,0,1923,284
2025-02-03 10:40:58.274419,COALINDIA,EQ,371.25,3509617,371.2,371.25,0,101,42
2025-02-03 10:41:06.782384,COALINDIA,EQ,371.4,3509904,371.25,371.35,0,988,16
2025-02-03 10:41:15.906003,COALINDIA,EQ,371.2,3510190,371.2,371.25,0,371,1196
2025-02-03 10:41:23.291110,COALINDIA,EQ,371.25,3512758,371.15,371.25,0,279,1041
2025-02-03 10:43:59.322773,COALINDIA,EQ,372.0,3550063,371.9,371.95,0,439,29
2025-02-03 10:44:07.423169,COALINDIA,EQ,371.95,3550201,371.95,372.0,0,695,8123
2025-02-03 10:44:20.497011,COALINDIA,EQ,372.25,3560857,372.15,372.25,0,204,1
2025-02-03 10:44:31.557140,COALINDIA,EQ,372.35,3561458,372.15,372.35,0,769,306
2025-02-03 10:44:43.687728,COALINDIA,EQ,372.25,3563910,372.2,372.3,0,71,572
2025-02-03 10:44:52.224325,COALINDIA,EQ,372.15,3564614,372.15,372.3,0,201,537
2025-02-03 10:45:01.619077,COALINDIA,EQ,372.3,3567068,372.1,372.3,0,219,1158
2025-02-03 10:45:09.453176,COALINDIA,EQ,372.3,3567784,372.2,372.3,0,191,93
2025-02-03 10:45:21.441149,COALINDIA,EQ,372.5,3570024,372.35,372.45,0,596,145
2025-02-03 12:02:22.495489,COALINDIA,EQ,373.0,4562630,372.85,373.0,0,194,4461
2025-02-03 12:02:29.160118,COALINDIA,EQ,372.8,4563788,372.8,372.95,0,314,1189
2025-02-03 12:02:35.537620,COALINDIA,EQ,372.8,4563854,372.8,372.9,0,251,926
2025-02-03 12:02:41.835332,COALINDIA,EQ,372.9,4563855,372.8,372.9,0,250,341
2025-02-03 12:02:48.310071,COALINDIA,EQ,372.8,4563855,372.8,372.9,0,250,1179
2025-02-03 12:02:54.442539,COALINDIA,EQ,372.8,4565155,372.65,372.8,0,152,963
2025-02-03 12:03:01.072712,COALINDIA,EQ,372.65,4565369,372.65,372.8,0,100,1801
2025-02-03 12:03:07.547840,COALINDIA,EQ,372.75,4565378,372.65,372.75,0,100,1681
2025-02-03 12:03:14.798111,COALINDIA,EQ,372.25,4567093,372.35,372.5,0,4,624
2025-02-03 12:03:23.493666,COALINDIA,EQ,372.4,4567907,372.25,372.4,0,567,344
2025-02-03 12:03:31.167340,COALINDIA,EQ,372.4,4568390,372.25,372.4,0,950,96
2025-02-03 12:03:37.577525,COALINDIA,EQ,372.3,4569006,372.3,372.4,0,1365,4
2025-02-03 12:03:44.256401,COALINDIA,EQ,372.5,4569083,372.35,372.5,0,850,1771
2025-02-03 12:03:50.940092,COALINDIA,EQ,372.5,4569085,372.35,372.5,0,850,1794
2025-02-03 12:03:57.496482,COALINDIA,EQ,372.5,4569131,372.4,372.5,0,100,1777
2025-02-03 12:04:04.124672,COALINDIA,EQ,372.45,4569589,372.4,372.45,0,100,1265
2025-02-03 12:04:10.517507,COALINDIA,EQ,372.45,4570775,372.35,372.45,0,218,1179
2025-02-03 12:04:17.082864,COALINDIA,EQ,372.45,4570891,372.35,372.45,0,210,1153
2025-02-03 12:04:23.491034,COALINDIA,EQ,372.35,4570892,372.35,372.45,0,142,1154
2025-02-03 12:04:30.613074,COALINDIA,EQ,372.35,4571513,372.3,372.35,0,82,542
2025-02-03 12:04:39.374480,COALINDIA,EQ,372.3,4572317,372.25,372.35,0,872,721
2025-02-03 12:04:47.358396,COALINDIA,EQ,372.25,4573818,372.25,372.35,0,194,975
2025-02-03 12:04:53.723411,COALINDIA,EQ,372.35,4573933,372.25,372.35,0,1128,861
2025-02-03 12:05:00.218201,COALINDIA,EQ,372.35,4573994,372.25,372.35,0,194,800
2025-02-03 12:05:06.863694,COALINDIA,EQ,372.35,4574137,372.25,372.35,0,328,657
2025-02-03 12:05:13.487224,COALINDIA,EQ,372.35,4574261,372.3,372.35,0,2,728
2025-02-03 12:05:20.337355,COALINDIA,EQ,372.25,4574520,372.25,372.35,0,291,676
2025-02-03 12:05:27.104185,COALINDIA,EQ,372.25,4576163,372.2,372.25,0,104,124
2025-02-03 12:05:33.677661,COALINDIA,EQ,372.2,4576403,372.2,372.25,0,104,276
2025-02-03 12:05:40.181061,COALINDIA,EQ,372.25,4576575,372.2,372.25,0,79,291
2025-02-03 12:05:47.118992,COALINDIA,EQ,372.25,4578687,372.2,372.25,0,43,490
2025-02-03 12:05:55.774945,COALINDIA,EQ,372.25,4578703,372.2,372.25,0,10,476
2025-02-03 12:06:03.408807,COALINDIA,EQ,372.15,4579258,372.15,372.25,0,205,421
2025-02-03 12:06:10.120414,COALINDIA,EQ,372.25,4579644,372.15,372.25,0,719,367
2025-02-03 12:06:17.162783,COALINDIA,EQ,372.35,4580606,372.35,372.45,0,48,102
2025-02-03 12:06:23.545967,COALINDIA,EQ,372.5,4580718,372.4,372.5,0,25,822
2025-02-03 12:06:30.116975,COALINDIA,EQ,372.5,4580724,372.4,372.5,0,25,816
2025-02-03 12:06:36.843339,COALINDIA,EQ,372.3,4581189,372.3,372.45,0,172,918
2025-02-03 12:06:43.874922,COALINDIA,EQ,372.45,4581207,372.3,372.45,0,347,390
2025-02-03 12:06:50.781930,COALINDIA,EQ,372.45,4581394,372.3,372.45,0,1086,350
2025-02-03 12:06:59.984782,COALINDIA,EQ,372.45,4581461,372.3,372.45,0,330,627
2025-02-03 12:07:09.193038,COALINDIA,EQ,372.45,4581503,372.3,372.45,0,334,3897
2025-02-03 12:07:16.901949,COALINDIA,EQ,372.3,4581906,372.3,372.4,0,110,701
2025-02-03 12:07:24.395123,COALINDIA,EQ,372.4,4581997,372.3,372.4,0,173,326
2025-02-03 12:07:31.915628,COALINDIA,EQ,372.25,4583858,372.2,372.25,0,740,313
2025-02-03 12:07:39.628928,COALINDIA,EQ,372.2,4584353,372.2,372.25,0,268,763
2025-02-03 12:07:46.876476,COALINDIA,EQ,372.25,4584605,372.2,372.25,0,116,746
2025-02-03 12:07:54.338502,COALINDIA,EQ,372.15,4584803,372.15,372.25,0,143,1777
2025-02-03 12:08:01.752295,COALINDIA,EQ,372.2,4584810,372.15,372.2,0,142,402
2025-02-03 12:08:09.972501,COALINDIA,EQ,372.2,4586393,372.2,372.25,0,34,865
2025-02-03 12:08:17.972200,COALINDIA,EQ,372.15,4586401,372.2,372.25,0,29,862
2025-02-03 12:08:26.746816,COALINDIA,EQ,372.15,4586472,372.2,372.25,0,2,601
2025-02-03 12:08:34.261976,COALINDIA,EQ,371.5,4599799,371.5,371.55,0,710,16
2025-02-03 12:08:40.760716,COALINDIA,EQ,371.35,4600554,371.45,371.5,0,5,25
2025-02-03 12:08:47.420881,COALINDIA,EQ,371.3,4600729,371.3,371.4,0,58,26
2025-02-03 12:08:53.698292,COALINDIA,EQ,371.15,4604217,371.15,371.3,0,13,487
2025-02-03 12:09:00.068386,COALINDIA,EQ,371.4,4609151,371.3,371.4,0,13,252
2025-02-03 12:09:06.319953,COALINDIA,EQ,371.35,4609261,371.3,371.4,0,11,278
2025-02-03 12:09:12.515053,COALINDIA,EQ,371.35,4609262,371.3,371.35,0,11,298
2025-02-03 12:09:18.854341,COALINDIA,EQ,371.35,4609807,371.35,371.45,0,36,190
2025-02-03 12:09:25.053807,COALINDIA,EQ,371.5,4609998,371.5,371.55,0,390,20
2025-02-03 12:09:31.513459,COALINDIA,EQ,371.45,4610026,371.5,371.55,0,252,8
2025-02-03 12:09:39.324431,COALINDIA,EQ,371.5,4610446,371.45,371.5,0,64,98
2025-02-03 12:09:47.911842,COALINDIA,EQ,371.55,4614554,371.55,371.75,0,156,543
2025-02-03 12:09:55.334552,COALINDIA,EQ,371.8,4619601,371.65,371.8,0,298,137
2025-02-03 12:10:01.717189,COALINDIA,EQ,371.8,4619603,371.65,371.8,0,298,135
2025-02-03 12:10:08.135247,COALINDIA,EQ,371.8,4624698,371.55,371.75,0,95,611
2025-02-03 12:10:14.477131,COALINDIA,EQ,371.65,4624836,371.6,371.8,0,1390,72
2025-02-03 12:10:20.703987,COALINDIA,EQ,371.6,4632359,371.5,371.6,0,122,10
2025-02-03 12:10:26.951573,COALINDIA,EQ,371.7,4632864,371.5,371.7,0,242,566
2025-02-03 12:10:33.174260,COALINDIA,EQ,371.3,4632975,371.6,371.7,0,388,919
2025-02-03 12:10:41.199737,COALINDIA,EQ,371.4,4641022,371.45,371.7,0,1120,1002
2025-02-03 12:10:47.779677,COALINDIA,EQ,371.65,4647183,371.5,371.7,0,81,3096
2025-02-03 12:10:55.186393,COALINDIA,EQ,371.6,4647194,371.6,371.7,0,131,1197
2025-02-03 12:11:03.632710,COALINDIA,EQ,371.65,4647244,371.6,371.7,0,81,710
2025-02-03 12:11:11.054897,COALINDIA,EQ,371.65,4647451,371.6,371.7,0,42,1122
2025-02-03 12:11:17.364811,COALINDIA,EQ,371.7,4647468,371.65,371.7,0,116,318
2025-02-03 12:11:23.650592,COALINDIA,EQ,371.65,4647880,371.6,371.7,0,47,1115
2025-02-03 12:11:29.838463,COALINDIA,EQ,371.55,4648451,371.55,371.65,0,1881,128
2025-02-03 12:11:36.179363,COALINDIA,EQ,371.55,4648684,371.55,371.65,0,412,2696
2025-02-03 12:11:42.521041,COALINDIA,EQ,371.65,4648754,371.5,371.65,0,46,2674
2025-02-03 12:11:48.827884,COALINDIA,EQ,371.6,4648821,371.55,371.6,0,500,536
2025-02-03 12:11:55.420623,COALINDIA,EQ,371.55,4649087,371.55,371.6,0,390,494
2025-02-03 12:12:01.934417,COALINDIA,EQ,371.55,4649639,371.5,371.6,0,487,453
2025-02-03 12:12:08.113975,COALINDIA,EQ,371.6,4649738,371.55,371.6,0,140,359
2025-02-03 12:12:16.718988,COALINDIA,EQ,371.6,4650405,371.5,371.6,0,300,1123
2025-02-03 12:12:24.389120,COALINDIA,EQ,371.6,4650449,371.5,371.6,0,230,356
2025-02-03 12:12:30.725101,COALINDIA,EQ,371.55,4651952,371.45,371.5,0,118,93
2025-02-03 12:12:36.882144,COALINDIA,EQ,371.5,4651954,371.4,371.5,0,258,91
2025-02-03 12:12:43.100752,COALINDIA,EQ,371.5,4651969,371.4,371.5,0,212,81
2025-02-03 12:12:49.447816,COALINDIA,EQ,371.4,4652636,371.3,371.4,0,222,324
2025-02-03 12:12:55.589660,COALINDIA,EQ,371.4,4652699,371.35,371.4,0,121,272
2025-02-03 12:13:01.720395,COALINDIA,EQ,371.4,4653063,371.35,371.4,0,5,630
2025-02-03 12:13:07.969203,COALINDIA,EQ,371.4,4653206,371.35,371.4,0,5,567
2025-02-03 12:13:14.706528,COALINDIA,EQ,371.4,4668208,371.35,371.4,0,28,566
2025-02-03 12:13:20.903039,COALINDIA,EQ,371.65,4668369,371.3,371.4,0,200,971
2025-02-03 12:13:28.713410,COALINDIA,EQ,371.65,4671654,371.45,371.65,0,321,3017
2025-02-03 12:13:36.668911,COALINDIA,EQ,371.65,4671716,371.5,371.65,0,1034,2416
2025-02-03 12:13:43.715750,COALINDIA,EQ,371.65,4674245,371.55,371.65,0,250,4726
2025-02-03 12:13:50.235930,COALINDIA,EQ,371.55,4675160,371.55,371.6,0,276,352
2025-02-03 12:13:56.587088,COALINDIA,EQ,371.6,4675163,371.55,371.6,0,380,349
2025-02-03 12:14:03.900102,COALINDIA,EQ,371.6,4675265,371.55,371.6,0,540,247
2025-02-03 12:14:10.448915,COALINDIA,EQ,371.9,4679002,371.75,371.9,0,879,2
2025-02-03 12:14:16.950709,COALINDIA,EQ,371.85,4679344,371.7,371.85,0,72,831
2025-02-03 12:14:24.541553,COALINDIA,EQ,371.75,4679398,371.7,371.8,0,395,261
2025-02-03 12:14:31.199731,COALINDIA,EQ,371.8,4679464,371.7,371.8,0,420,260
2025-02-03 12:14:37.751088,COALINDIA,EQ,371.75,4679928,371.65,371.75,0,379,1269
2025-02-03 12:14:45.348502,COALINDIA,EQ,371.65,4679990,371.65,371.75,0,328,1759
2025-02-03 12:14:53.406093,COALINDIA,EQ,371.65,4680501,371.65,371.7,0,219,328
2025-02-03 12:15:00.557362,COALINDIA,EQ,371.6,4681336,371.65,371.7,0,150,62
2025-02-03 12:15:06.799970,COALINDIA,EQ,371.65,4682111,371.65,371.7,0,128,62
2025-02-03 12:15:13.157010,COALINDIA,EQ,371.7,4682138,371.65,371.7,0,16,556
2025-02-03 12:15:20.203286,COALINDIA,EQ,371.65,4682210,371.6,371.65,0,1037,626
2025-02-03 12:15:26.946202,COALINDIA,EQ,371.65,4682315,371.6,371.65,0,1037,521
2025-02-03 12:15:33.487346,COALINDIA,EQ,371.65,4682357,371.6,371.65,0,1036,485
2025-02-03 12:15:39.976742,COALINDIA,EQ,371.65,4682366,371.6,371.65,0,1036,476
2025-02-03 12:15:46.500406,COALINDIA,EQ,371.65,4682373,371.6,371.65,0,1037,470
2025-02-03 12:15:52.779630,COALINDIA,EQ,371.65,4682384,371.6,371.65,0,1037,459
2025-02-03 13:09:08.160236,COALINDIA,EQ,372.2,5299341,372.1,372.2,0,869,782
2025-02-03 13:10:54.982493,COALINDIA,EQ,372.25,5333787,372.1,372.25,0,5,972
2025-02-03 13:11:01.483146,COALINDIA,EQ,372.25,5334029,372.0,372.2,0,133,1134
2025-02-03 13:12:06.975173,COALINDIA,EQ,372.3,5345638,372.3,372.35,0,59,1
2025-02-03 13:12:13.563337,COALINDIA,EQ,372.25,5347400,372.25,372.35,0,209,415
2025-02-03 13:12:21.566476,COALINDIA,EQ,372.3,5347799,372.25,372.3,0,93,1
2025-02-03 13:12:28.095515,COALINDIA,EQ,372.3,5348230,372.2,372.3,0,130,423
2025-02-03 13:12:35.248046,COALINDIA,EQ,372.2,5349357,372.2,372.25,0,33,2
2025-02-03 13:12:41.351801,COALINDIA,EQ,372.3,5350118,372.3,372.35,0,75,1
2025-02-03 13:12:48.725243,COALINDIA,EQ,372.2,5353511,372.2,372.35,0,263,644
2025-02-03 13:12:57.061552,COALINDIA,EQ,372.35,5354078,372.25,372.4,0,518,91
2025-02-03 13:13:04.976348,COALINDIA,EQ,372.5,5356584,372.5,372.55,0,1,89
2025-02-03 13:13:11.519569,COALINDIA,EQ,372.6,5358140,372.45,372.6,0,142,991
2025-02-03 13:13:17.996264,COALINDIA,EQ,372.6,5358345,372.5,372.6,0,388,332
2025-02-03 13:13:23.973374,COALINDIA,EQ,372.7,5360898,372.6,372.7,0,11,332
2025-02-03 13:13:30.210383,COALINDIA,EQ,372.8,5362382,372.6,372.7,0,1232,5
2025-02-03 13:13:36.333333,COALINDIA,EQ,372.6,5362720,372.6,372.8,0,669,1005
2025-02-03 13:13:42.779416,COALINDIA,EQ,372.9,5363358,372.7,372.9,0,410,1363
2025-02-03 13:13:49.069028,COALINDIA,EQ,372.7,5364727,372.7,372.85,0,451,95
2025-02-03 13:13:56.673382,COALINDIA,EQ,372.8,5365469,372.7,372.85,0,252,364
2025-02-03 13:14:03.740793,COALINDIA,EQ,372.85,5367256,372.7,372.85,0,235,1263
2025-02-03 13:14:12.348317,COALINDIA,EQ,372.8,5367496,372.75,372.8,0,483,1
2025-02-03 13:14:19.787887,COALINDIA,EQ,372.8,5371697,372.8,373.0,0,89,28381
2025-02-03 13:14:26.030632,COALINDIA,EQ,372.75,5372036,372.75,372.9,0,510,38
2025-02-03 13:14:32.362911,COALINDIA,EQ,372.8,5372115,372.75,372.8,0,529,472
2025-02-03 13:14:38.639461,COALINDIA,EQ,372.8,5373660,372.75,372.8,0,279,22
2025-02-03 13:14:45.013626,COALINDIA,EQ,372.8,5373749,372.75,372.8,0,489,556
2025-02-03 13:14:51.861991,COALINDIA,EQ,372.8,5373765,372.75,372.8,0,639,550
2025-02-03 13:14:58.180985,COALINDIA,EQ,372.75,5374838,372.75,372.8,0,365,303
2025-02-03 13:15:04.440904,COALINDIA,EQ,372.8,5376270,372.75,372.8,0,247,1624
2025-02-03 13:15:10.692247,COALINDIA,EQ,372.7,5376650,372.7,372.8,0,195,1609
2025-02-03 13:15:16.824503,COALINDIA,EQ,372.85,5379964,372.85,372.9,0,1,192
2025-02-03 13:15:25.123495,COALINDIA,EQ,372.8,5380748,372.8,372.85,0,179,162
2025-02-03 13:15:33.459915,COALINDIA,EQ,372.8,5381523,372.75,372.85,0,210,1285
2025-02-03 13:15:41.032587,COALINDIA,EQ,372.7,5384244,372.65,372.8,0,78,1064
2025-02-03 13:15:47.244282,COALINDIA,EQ,372.65,5384763,372.65,372.7,0,22,1048
2025-02-03 13:15:53.472636,COALINDIA,EQ,372.65,5385001,372.65,372.8,0,130,448
2025-02-03 13:15:59.925373,COALINDIA,EQ,372.7,5386112,372.6,372.75,0,115,425
2025-02-03 13:16:06.191434,COALINDIA,EQ,372.7,5388013,372.5,372.7,0,340,1138
2025-02-03 13:16:12.849391,COALINDIA,EQ,372.65,5388378,372.5,372.65,0,203,757
2025-02-03 13:16:19.924427,COALINDIA,EQ,372.5,5389006,372.55,372.65,0,179,561
2025-02-03 13:16:27.248636,COALINDIA,EQ,372.45,5391482,372.45,372.65,0,437,1377
2025-02-03 13:16:33.824304,COALINDIA,EQ,372.7,5392906,372.65,372.7,0,1,1041
2025-02-03 13:16:40.847391,COALINDIA,EQ,372.75,5393526,372.65,372.75,0,3,216
2025-02-03 13:16:47.548584,COALINDIA,EQ,372.7,5394517,372.7,372.85,0,951,48
2025-02-03 13:16:54.136902,COALINDIA,EQ,373.0,5402015,372.75,373.0,0,1885,18335
2025-02-03 13:17:00.585656,COALINDIA,EQ,372.9,5403507,372.75,372.9,0,282,645
2025-02-03 13:17:06.941623,COALINDIA,EQ,372.85,5403535,372.75,372.9,0,215,1775
2025-02-03 13:17:14.289780,COALINDIA,EQ,372.65,5405480,372.7,372.9,0,1252,1682
2025-02-03 13:17:20.676920,COALINDIA,EQ,372.85,5407765,372.7,372.85,0,207,969
2025-02-03 13:17:27.089729,COALINDIA,EQ,372.65,5408560,372.65,372.8,0,494,30
2025-02-03 13:17:33.395518,COALINDIA,EQ,372.7,5409008,372.7,372.85,0,1,130
2025-02-03 13:17:39.779757,COALINDIA,EQ,372.65,5409717,372.7,372.85,0,2,234
2025-02-03 13:17:46.092434,COALINDIA,EQ,372.7,5412097,372.6,372.65,0,164,1
2025-02-03 13:17:52.429219,COALINDIA,EQ,372.7,5412512,372.6,372.7,0,129,39
2025-02-03 13:17:59.188757,COALINDIA,EQ,372.55,5413202,372.55,372.65,0,144,1
2025-02-03 13:18:05.694481,COALINDIA,EQ,372.7,5414024,372.55,372.65,0,1449,288
2025-02-03 13:18:12.204483,COALINDIA,EQ,372.6,5415836,372.6,372.65,0,224,1
2025-02-03 13:18:18.494409,COALINDIA,EQ,372.55,5417218,372.5,372.55,0,90,118
2025-02-03 13:18:24.702243,COALINDIA,EQ,372.6,5418928,372.45,372.6,0,1854,215
2025-02-03 13:18:31.123235,COALINDIA,EQ,372.6,5419667,372.55,372.7,0,1761,1
2025-02-03 13:18:37.634491,COALINDIA,EQ,372.6,5420408,372.55,372.6,0,17,1075
2025-02-03 13:18:43.953525,COALINDIA,EQ,372.6,5421850,372.55,372.6,0,150,1093
2025-02-03 13:18:50.535270,COALINDIA,EQ,372.55,5422948,372.5,372.55,0,74,983
2025-02-03 13:18:56.951202,COALINDIA,EQ,372.5,5425086,372.35,372.55,0,944,1295
2025-02-03 13:19:03.489672,COALINDIA,EQ,372.35,5425144,372.35,372.5,0,264,71
2025-02-03 13:19:09.942267,COALINDIA,EQ,372.5,5427821,372.25,372.35,0,743,66
2025-02-03 13:19:16.323081,COALINDIA,EQ,372.45,5431129,372.3,372.45,0,1845,73
2025-02-03 13:19:22.741035,COALINDIA,EQ,372.3,5432337,372.3,372.5,0,1119,668
2025-02-03 13:19:29.070981,COALINDIA,EQ,372.45,5433230,372.3,372.45,0,758,93
2025-02-03 13:19:35.456421,COALINDIA,EQ,372.3,5435121,372.25,372.3,0,68,756
2025-02-03 13:19:42.188868,COALINDIA,EQ,372.2,5435690,372.25,372.3,0,9,748
2025-02-03 13:19:48.724003,COALINDIA,EQ,372.25,5437691,372.1,372.25,0,83,499
2025-02-03 13:19:55.083237,COALINDIA,EQ,372.0,5440240,372.0,372.15,0,37,910
2025-02-03 13:20:01.518622,COALINDIA,EQ,372.3,5440645,372.0,372.15,0,1644,354
2025-02-03 13:20:07.924854,COALINDIA,EQ,372.15,5442722,372.0,372.15,0,485,445
2025-02-03 13:20:14.281806,COALINDIA,EQ,372.0,5443274,372.0,372.1,0,570,275
2025-02-03 13:20:20.721747,COALINDIA,EQ,372.05,5443808,372.0,372.05,0,1193,22
2025-02-03 13:20:27.127637,COALINDIA,EQ,372.0,5443919,372.0,372.05,0,1098,401
2025-02-03 13:20:33.692291,COALINDIA,EQ,372.1,5447577,371.95,372.0,0,787,345
2025-02-03 13:20:40.066753,COALINDIA,EQ,372.3,5449845,372.1,372.3,0,1418,670
2025-02-03 13:20:46.297966,COALINDIA,EQ,372.25,5451356,372.1,372.25,0,49,766
2025-02-03 13:20:52.523648,COALINDIA,EQ,372.1,5451402,372.1,372.2,0,818,22
2025-02-03 13:20:58.935701,COALINDIA,EQ,372.3,5452049,372.1,372.25,0,1114,1
2025-02-03 13:21:05.269726,COALINDIA,EQ,372.15,5452454,372.15,372.3,0,705,108
2025-02-03 13:21:11.578966,COALINDIA,EQ,372.15,5454520,372.15,372.2,0,37,141
2025-02-03 13:21:17.965591,COALINDIA,EQ,372.35,5454633,372.2,372.25,0,106,129
2025-02-03 13:21:24.369142,COALINDIA,EQ,372.3,5457676,372.2,372.3,0,88,1062
2025-02-03 13:21:30.767186,COALINDIA,EQ,372.3,5457909,372.2,372.3,0,291,1023
2025-02-03 13:21:37.194889,COALINDIA,EQ,372.3,5458977,372.2,372.3,0,88,589
2025-02-03 13:21:45.611640,COALINDIA,EQ,372.3,5459479,372.2,372.3,0,232,459
2025-02-03 13:21:53.409303,COALINDIA,EQ,372.4,5462029,372.25,372.4,0,177,538
2025-02-03 13:22:00.596889,COALINDIA,EQ,372.4,5462549,372.2,372.4,0,907,212
2025-02-03 13:22:06.963403,COALINDIA,EQ,372.1,5468403,372.0,372.1,0,319,329
2025-02-03 13:22:13.247029,COALINDIA,EQ,372.05,5469862,371.9,372.05,0,397,201
2025-02-03 13:22:19.515639,COALINDIA,EQ,372.1,5473045,371.95,372.1,0,1057,224
2025-02-03 13:22:26.114069,COALINDIA,EQ,371.85,5474913,371.85,371.9,0,57,676
2025-02-03 13:22:34.816071,COALINDIA,EQ,372.15,5476102,371.95,372.15,0,383,887
2025-02-03 13:22:42.011673,COALINDIA,EQ,372.05,5477966,371.95,372.0,0,253,50
2025-02-03 13:22:50.413868,COALINDIA,EQ,372.0,5478692,371.95,372.0,0,22,2
2025-02-03 13:22:58.795152,COALINDIA,EQ,372.05,5478786,371.95,372.05,0,53,92
2025-02-03 13:23:06.166247,COALINDIA,EQ,372.15,5480628,371.95,372.15,0,1534,125
2025-02-03 13:23:13.435098,COALINDIA,EQ,372.15,5481272,372.0,372.15,0,978,2228
2025-02-03 13:23:19.737294,COALINDIA,EQ,372.25,5483540,372.1,372.25,0,1201,42
2025-02-03 13:23:26.037675,COALINDIA,EQ,372.1,5484175,372.1,372.15,0,16,6
2025-02-03 13:23:32.450346,COALINDIA,EQ,372.05,5486902,372.0,372.05,0,4601,700
2025-02-03 13:23:38.745201,COALINDIA,EQ,372.05,5487344,372.0,372.05,0,4608,480
2025-02-03 13:23:45.011329,COALINDIA,EQ,372.2,5490379,372.05,372.2,0,12,718
2025-02-03 13:23:51.329648,COALINDIA,EQ,372.1,5490421,372.1,372.2,0,75,687
2025-02-03 13:23:57.715341,COALINDIA,EQ,372.2,5490889,372.1,372.3,0,1850,622
2025-02-03 13:24:03.991662,COALINDIA,EQ,372.25,5491731,372.15,372.3,0,57,10
2025-02-03 13:24:10.444109,COALINDIA,EQ,372.25,5492023,372.15,372.25,0,36,1
2025-02-03 13:24:16.883577,COALINDIA,EQ,372.3,5492404,372.15,372.3,0,313,659
2025-02-03 13:24:23.272892,COALINDIA,EQ,372.45,5494173,372.25,372.45,0,384,838
2025-02-03 13:24:29.606585,COALINDIA,EQ,372.45,5494890,372.25,372.45,0,293,2258
2025-02-03 13:24:36.071258,COALINDIA,EQ,372.25,5498112,372.15,372.25,0,263,16
2025-02-03 13:24:42.465993,COALINDIA,EQ,372.3,5498808,372.2,372.3,0,1,154
2025-02-03 13:24:48.880176,COALINDIA,EQ,372.3,5499364,372.2,372.3,0,519,575
2025-02-03 13:24:55.232481,COALINDIA,EQ,372.3,5504800,372.2,372.3,0,229,764
2025-02-03 13:25:01.620597,COALINDIA,EQ,372.15,5505114,372.2,372.3,0,131,499
2025-02-03 13:25:08.045240,COALINDIA,EQ,372.4,5506163,372.1,372.3,0,931,346
2025-02-03 13:25:14.511115,COALINDIA,EQ,372.35,5508872,372.3,372.35,0,91,291
2025-02-03 13:25:20.936597,COALINDIA,EQ,372.3,5508965,372.3,372.35,0,393,208
2025-02-03 13:25:27.235767,COALINDIA,EQ,372.45,5509892,372.3,372.45,0,814,27
2025-02-03 13:25:33.955168,COALINDIA,EQ,372.45,5510006,372.3,372.4,0,445,1
2025-02-03 13:25:40.226864,COALINDIA,EQ,372.3,5512103,372.3,372.4,0,653,12
2025-02-03 13:25:46.674480,COALINDIA,EQ,372.45,5512591,372.4,372.45,0,10,780
2025-02-03 13:25:53.103587,COALINDIA,EQ,372.15,5515805,372.15,372.3,0,707,1050
2025-02-03 13:25:59.481253,COALINDIA,EQ,372.15,5517527,372.1,372.15,0,4,206
2025-02-03 13:26:05.887218,COALINDIA,EQ,372.1,5517987,372.0,372.1,0,4218,36
2025-02-03 13:26:12.232531,COALINDIA,EQ,372.1,5518241,372.0,372.1,0,4179,1312
2025-02-03 13:26:18.602633,COALINDIA,EQ,372.0,5519514,372.0,372.1,0,3833,1058
2025-02-03 13:26:24.907325,COALINDIA,EQ,372.05,5520158,372.0,372.05,0,3621,204
2025-02-03 13:26:31.279470,COALINDIA,EQ,371.95,5526882,371.8,372.0,0,1988,2199
2025-02-03 13:26:37.643416,COALINDIA,EQ,371.9,5527164,371.8,371.95,0,641,636
2025-02-03 13:26:43.905396,COALINDIA,EQ,371.95,5530819,371.8,371.95,0,303,365
2025-02-03 13:26:50.448558,COALINDIA,EQ,371.8,5532148,371.8,371.9,0,552,1
2025-02-03 13:26:56.759444,COALINDIA,EQ,371.9,5532254,371.8,371.9,0,286,390
2025-02-03 13:27:03.205867,COALINDIA,EQ,371.9,5532374,371.8,371.9,0,938,355
2025-02-03 13:27:09.608901,COALINDIA,EQ,371.9,5532941,371.8,371.9,0,640,96
2025-02-03 13:27:15.992246,COALINDIA,EQ,372.0,5535611,371.85,371.95,0,756,624
2025-02-03 13:27:22.241878,COALINDIA,EQ,372.0,5545668,371.9,372.0,0,509,276
2025-02-03 13:27:28.578825,COALINDIA,EQ,371.9,5547061,371.8,371.9,0,79,938
2025-02-03 13:27:34.895150,COALINDIA,EQ,371.75,5547872,371.75,371.9,0,896,1489
2025-02-03 13:27:41.179431,COALINDIA,EQ,371.85,5548134,371.75,371.85,0,916,440
2025-02-03 13:27:47.484989,COALINDIA,EQ,371.9,5550099,371.85,371.9,0,37,721
2025-02-03 13:27:53.827029,COALINDIA,EQ,371.95,5551141,371.8,371.95,0,100,755
2025-02-03 13:28:00.246651,COALINDIA,EQ,371.9,5552047,371.8,371.9,0,884,133
2025-02-03 13:28:06.657008,COALINDIA,EQ,371.85,5553965,371.8,371.85,0,884,13
2025-02-03 13:28:12.926536,COALINDIA,EQ,371.9,5554267,371.8,371.9,0,656,1010
2025-02-03 13:28:19.215588,COALINDIA,EQ,371.8,5555449,371.75,371.8,0,597,204
2025-02-03 13:28:25.477776,COALINDIA,EQ,371.8,5557749,371.7,371.8,0,92,164
2025-02-03 13:28:31.959401,COALINDIA,EQ,371.8,5558711,371.7,371.8,0,325,13
2025-02-03 13:28:38.379396,COALINDIA,EQ,371.65,5560157,371.6,371.65,0,754,1
2025-02-03 13:28:44.649387,COALINDIA,EQ,371.7,5568984,371.5,371.7,0,1211,987
2025-02-03 13:28:51.137134,COALINDIA,EQ,371.6,5570181,371.5,371.6,0,485,12
2025-02-03 13:28:57.390700,COALINDIA,EQ,371.65,5572213,371.65,371.7,0,1,348
2025-02-03 13:29:03.739733,COALINDIA,EQ,371.7,5572354,371.65,371.7,0,26,125
2025-02-03 13:29:10.166623,COALINDIA,EQ,371.9,5573702,371.7,371.9,0,1478,748
2025-02-03 13:29:16.430368,COALINDIA,EQ,371.9,5573879,371.75,371.9,0,1916,16
2025-02-03 13:29:22.797471,COALINDIA,EQ,372.0,5574580,371.9,371.95,0,6,1
2025-02-03 13:29:29.132470,COALINDIA,EQ,372.05,5579889,372.0,372.05,0,219,36
2025-02-03 13:29:35.501497,COALINDIA,EQ,372.05,5580242,372.0,372.05,0,8,21
2025-02-03 13:29:42.049420,COALINDIA,EQ,372.05,5583434,372.05,372.2,0,814,1
2025-02-03 13:29:48.405768,COALINDIA,EQ,372.25,5583494,372.05,372.25,0,907,2718
2025-02-03 13:29:55.216080,COALINDIA,EQ,372.15,5584393,372.15,372.25,0,154,2733
2025-02-03 13:30:01.849137,COALINDIA,EQ,372.25,5584470,372.15,372.25,0,153,2667
2025-02-03 13:30:08.522307,COALINDIA,EQ,372.25,5585184,372.15,372.25,0,382,3394
2025-02-03 13:30:14.949345,COALINDIA,EQ,372.25,5587696,372.15,372.25,0,1700,1174
2025-02-03 13:30:21.328275,COALINDIA,EQ,372.2,5588013,372.2,372.25,0,1607,1080
2025-02-03 13:30:27.677861,COALINDIA,EQ,372.35,5590144,372.25,372.35,0,978,39
2025-02-03 13:30:33.937628,COALINDIA,EQ,372.4,5590474,372.25,372.4,0,1826,64
2025-02-03 13:30:40.456545,COALINDIA,EQ,372.25,5590787,372.25,372.4,0,484,415
2025-02-03 13:30:46.744297,COALINDIA,EQ,372.5,5590945,372.3,372.4,0,380,329
2025-02-03 13:30:53.227541,COALINDIA,EQ,372.45,5593854,372.45,372.5,0,267,407
2025-02-03 13:30:59.570261,COALINDIA,EQ,372.6,5596077,372.5,372.55,0,11,1
2025-02-03 13:31:05.938707,COALINDIA,EQ,372.35,5598511,372.35,372.45,0,2,624
2025-02-03 13:31:12.427546,COALINDIA,EQ,372.35,5598727,372.3,372.4,0,180,1
2025-02-03 13:31:18.754869,COALINDIA,EQ,372.4,5600244,372.2,372.35,0,61,523
2025-02-03 13:31:25.398575,COALINDIA,EQ,372.2,5602098,372.2,372.25,0,626,6
2025-02-03 13:31:31.850946,COALINDIA,EQ,372.3,5603117,372.15,372.3,0,196,457
2025-02-03 13:31:38.170677,COALINDIA,EQ,372.3,5603483,372.15,372.3,0,1050,218
2025-02-03 13:31:44.533036,COALINDIA,EQ,372.35,5605184,372.2,372.4,0,190,872
2025-02-03 13:31:50.661512,COALINDIA,EQ,372.3,5605683,372.1,372.3,0,1160,233
2025-02-03 13:31:56.975323,COALINDIA,EQ,372.1,5606320,372.1,372.25,0,109,432
2025-02-03 13:32:03.433601,COALINDIA,EQ,372.2,5606463,372.1,372.2,0,133,1
2025-02-03 13:32:09.815768,COALINDIA,EQ,372.3,5607835,372.15,372.3,0,1770,18
2025-02-03 13:32:16.195632,COALINDIA,EQ,372.3,5608235,372.15,372.3,0,1254,441
2025-02-03 13:32:22.525494,COALINDIA,EQ,372.3,5609436,372.35,372.4,0,10,1553
2025-02-03 13:32:28.802589,COALINDIA,EQ,372.4,5610877,372.3,372.4,0,560,616
2025-02-03 13:32:35.031458,COALINDIA,EQ,372.3,5611769,372.2,372.3,0,89,22
2025-02-03 13:32:41.362662,COALINDIA,EQ,372.15,5612457,372.15,372.3,0,6,497
2025-02-03 13:32:47.735677,COALINDIA,EQ,372.3,5612614,372.1,372.3,0,359,1375
2025-02-03 13:32:54.066884,COALINDIA,EQ,372.3,5614409,372.1,372.3,0,1123,568
2025-02-03 13:33:00.476345,COALINDIA,EQ,372.1,5622046,372.1,372.3,0,754,1557
2025-02-03 13:33:06.737518,COALINDIA,EQ,372.3,5622899,372.1,372.3,0,464,951
2025-02-03 13:33:13.098293,COALINDIA,EQ,372.25,5624625,372.1,372.25,0,1906,62
2025-02-03 13:33:19.280985,COALINDIA,EQ,372.2,5624889,372.2,372.3,0,1131,1
2025-02-03 13:33:25.696656,COALINDIA,EQ,372.15,5626145,372.2,372.35,0,5,1453
2025-02-03 13:33:32.027087,COALINDIA,EQ,372.35,5626672,372.15,372.35,0,2584,43
2025-02-03 13:33:38.447995,COALINDIA,EQ,372.35,5628617,372.15,372.35,0,786,1339
2025-02-03 13:33:44.699612,COALINDIA,EQ,372.3,5629195,372.15,372.3,0,5,750
2025-02-03 13:33:51.137495,COALINDIA,EQ,372.35,5630104,372.2,372.35,0,1510,347
2025-02-03 13:33:57.577585,COALINDIA,EQ,372.35,5630226,372.2,372.35,0,1541,271
2025-02-03 13:34:03.879203,COALINDIA,EQ,372.45,5631987,372.25,372.45,0,1294,72
2025-02-03 13:34:10.400728,COALINDIA,EQ,372.3,5632308,372.3,372.45,0,1131,39
2025-02-03 13:34:17.179686,COALINDIA,EQ,372.5,5632877,372.45,372.5,0,1,208
2025-02-03 13:34:23.565431,COALINDIA,EQ,372.6,5635533,372.4,372.6,0,232,1874
2025-02-03 13:34:30.026211,COALINDIA,EQ,372.6,5636742,372.4,372.55,0,1650,1
2025-02-03 13:34:36.769623,COALINDIA,EQ,372.55,5637351,372.4,372.55,0,522,234
2025-02-03 13:34:43.329271,COALINDIA,EQ,372.7,5638017,372.45,372.5,0,371,1
2025-02-03 13:34:49.622739,COALINDIA,EQ,372.5,5641862,372.5,372.65,0,7,303
2025-02-03 13:34:56.069824,COALINDIA,EQ,372.45,5642108,372.45,372.7,0,1348,409
2025-02-03 13:35:02.538746,COALINDIA,EQ,372.65,5642218,372.45,372.6,0,2147,1
2025-02-03 13:35:08.860746,COALINDIA,EQ,372.7,5643055,372.55,372.65,0,1,416
2025-02-03 13:35:15.247464,COALINDIA,EQ,372.7,5645388,372.5,372.7,0,1037,616
2025-02-03 13:35:21.700431,COALINDIA,EQ,372.5,5645843,372.5,372.65,0,216,78
2025-02-03 13:35:28.051769,COALINDIA,EQ,372.7,5646039,372.5,372.7,0,942,193
2025-02-03 13:35:34.355864,COALINDIA,EQ,372.7,5647229,372.55,372.7,0,1443,892
2025-02-03 13:35:40.632978,COALINDIA,EQ,372.6,5649112,372.6,372.7,0,1360,10
2025-02-03 13:35:47.053947,COALINDIA,EQ,372.8,5649615,372.7,372.8,0,1065,12
2025-02-03 13:35:53.409147,COALINDIA,EQ,372.8,5649845,372.7,372.8,0,751,446
2025-02-03 13:35:59.713466,COALINDIA,EQ,372.95,5652626,372.75,372.8,0,324,321
2025-02-03 13:36:06.069166,COALINDIA,EQ,372.75,5654154,372.75,372.9,0,1037,1967
2025-02-03 13:36:12.482074,COALINDIA,EQ,372.75,5655842,372.75,372.8,0,340,328
2025-02-03 13:36:18.926472,COALINDIA,EQ,372.75,5656823,372.75,372.8,0,4,280
2025-02-03 13:36:25.244098,COALINDIA,EQ,372.8,5657367,372.7,372.8,0,323,551
2025-02-03 13:36:31.641257,COALINDIA,EQ,372.95,5659164,372.8,372.85,0,3,1
2025-02-03 13:36:37.993028,COALINDIA,EQ,372.9,5660026,372.9,373.0,0,6,9544
2025-02-03 13:36:44.299454,COALINDIA,EQ,372.7,5665804,372.6,372.7,0,612,15
2025-02-03 13:36:50.650866,COALINDIA,EQ,372.7,5666306,372.65,372.7,0,59,318
2025-02-03 13:36:56.869086,COALINDIA,EQ,372.7,5666696,372.6,372.7,0,685,135
2025-02-03 13:37:03.290320,COALINDIA,EQ,372.7,5666796,372.6,372.7,0,525,45
2025-02-03 13:37:09.572748,COALINDIA,EQ,372.65,5667038,372.6,372.7,0,70,384
2025-02-03 13:37:15.849105,COALINDIA,EQ,372.8,5667628,372.6,372.7,0,9,799
2025-02-03 13:37:22.269099,COALINDIA,EQ,372.55,5671074,372.55,372.6,0,72,1
2025-02-03 13:37:28.508410,COALINDIA,EQ,372.6,5672361,372.5,372.6,0,88,1090
2025-02-03 13:37:34.739856,COALINDIA,EQ,372.4,5672465,372.5,372.6,0,80,276
2025-02-03 13:37:41.022193,COALINDIA,EQ,372.35,5673489,372.35,372.4,0,11,15
2025-02-03 13:37:47.293923,COALINDIA,EQ,372.5,5675015,372.35,372.5,0,930,498
2025-02-03 13:37:53.702605,COALINDIA,EQ,372.55,5675879,372.45,372.55,0,92,42
2025-02-03 13:38:00.082619,COALINDIA,EQ,372.4,5676362,372.4,372.5,0,700,1
2025-02-03 13:38:06.423651,COALINDIA,EQ,372.55,5676831,372.4,372.55,0,8,354
2025-02-03 13:38:12.871353,COALINDIA,EQ,372.4,5678403,372.45,372.5,0,4,789
2025-02-03 13:38:19.139078,COALINDIA,EQ,372.45,5678528,372.4,372.45,0,383,1
2025-02-03 13:38:25.385056,COALINDIA,EQ,372.35,5678798,372.35,372.5,0,325,1083
2025-02-03 13:38:31.869549,COALINDIA,EQ,372.35,5678876,372.35,372.45,0,327,257
2025-02-03 13:38:38.246110,COALINDIA,EQ,372.4,5679099,372.35,372.4,0,124,248
2025-02-03 13:38:44.616826,COALINDIA,EQ,372.35,5679904,372.3,372.35,0,93,332
2025-02-03 13:38:50.965497,COALINDIA,EQ,372.25,5679970,372.3,372.35,0,94,1002
2025-02-03 13:38:57.374829,COALINDIA,EQ,372.5,5683672,372.35,372.5,0,845,953
2025-02-03 13:39:03.749054,COALINDIA,EQ,372.45,5684057,372.35,372.45,0,43,1000
2025-02-03 13:39:10.287048,COALINDIA,EQ,372.25,5684209,372.25,372.35,0,531,7
2025-02-03 13:39:16.663125,COALINDIA,EQ,372.45,5684523,372.25,372.45,0,986,324
2025-02-03 13:39:23.190593,COALINDIA,EQ,372.55,5684992,372.3,372.5,0,2210,283
2025-02-03 13:39:29.579070,COALINDIA,EQ,372.5,5687236,372.4,372.45,0,757,2
2025-02-03 13:39:35.742607,COALINDIA,EQ,372.55,5687250,372.4,372.55,0,203,724
2025-02-03 13:39:41.914067,COALINDIA,EQ,372.5,5687895,372.4,372.5,0,755,1
2025-02-03 13:39:48.261605,COALINDIA,EQ,372.6,5689689,372.55,372.6,0,1,366
2025-02-03 13:39:54.583904,COALINDIA,EQ,372.7,5690051,372.55,372.7,0,686,85
2025-02-03 13:40:00.908780,COALINDIA,EQ,372.55,5690655,372.45,372.55,0,923,59
2025-02-03 13:40:07.244180,COALINDIA,EQ,372.7,5691390,372.45,372.55,0,266,13
2025-02-03 13:40:13.620991,COALINDIA,EQ,372.7,5693452,372.6,372.7,0,569,1
2025-02-03 13:40:22.978843,COALINDIA,EQ,372.6,5694252,372.6,372.7,0,368,104
2025-02-03 13:40:30.999431,COALINDIA,EQ,372.65,5694331,372.6,372.7,0,14,71
2025-02-03 13:40:37.608657,COALINDIA,EQ,372.7,5697030,372.5,372.65,0,332,6
2025-02-03 13:40:44.003231,COALINDIA,EQ,372.7,5697405,372.5,372.7,0,305,322
2025-02-03 13:40:50.527353,COALINDIA,EQ,372.75,5697427,372.5,372.7,0,848,594
2025-02-03 13:40:56.827175,COALINDIA,EQ,372.75,5698689,372.7,372.75,0,25,9489
2025-02-03 13:41:03.280140,COALINDIA,EQ,372.75,5699307,372.7,372.75,0,140,9447
2025-02-03 13:41:09.791663,COALINDIA,EQ,372.75,5699952,372.65,372.7,0,155,87
2025-02-03 13:41:16.361517,COALINDIA,EQ,372.75,5701234,372.7,372.75,0,1,9351
2025-02-03 13:41:22.728350,COALINDIA,EQ,372.65,5701738,372.65,372.7,0,201,1
2025-02-03 13:41:29.129600,COALINDIA,EQ,372.75,5712106,372.65,372.75,0,1996,1
2025-02-03 13:41:35.774764,COALINDIA,EQ,372.9,5712898,372.7,372.8,0,10,17
2025-02-03 13:41:42.260726,COALINDIA,EQ,372.9,5715076,372.75,372.85,0,1388,1
2025-02-03 13:41:48.694064,COALINDIA,EQ,372.9,5715101,372.8,372.9,0,12,60
2025-02-03 13:41:55.134784,COALINDIA,EQ,372.8,5715667,372.8,372.9,0,481,98
2025-02-03 13:42:01.706268,COALINDIA,EQ,373.15,5726715,373.05,373.15,0,597,60
2025-02-03 13:42:08.135313,COALINDIA,EQ,373.05,5728196,373.0,373.05,0,287,21
2025-02-03 13:42:14.631053,COALINDIA,EQ,373.35,5728646,373.0,373.15,0,994,2
2025-02-03 13:42:20.950351,COALINDIA,EQ,373.15,5735484,373.0,373.1,0,94,152
2025-02-03 13:42:27.527588,COALINDIA,EQ,372.95,5742322,372.8,372.95,0,216,152
2025-02-03 13:42:34.313046,COALINDIA,EQ,373.05,5742710,372.95,373.05,0,162,7
2025-02-03 13:42:40.849557,COALINDIA,EQ,373.15,5743909,373.0,373.2,0,2,248
2025-02-03 13:42:47.516875,COALINDIA,EQ,373.15,5747636,373.1,373.15,0,2,400
2025-02-03 13:42:53.957091,COALINDIA,EQ,373.15,5752916,373.0,373.1,0,50,24
2025-02-03 13:43:00.371546,COALINDIA,EQ,373.15,5754286,373.0,373.2,0,1054,241
2025-02-03 13:43:06.802858,COALINDIA,EQ,373.05,5755001,373.0,373.05,0,91,8
2025-02-03 13:43:13.141390,COALINDIA,EQ,373.1,5755131,373.0,373.1,0,750,2
2025-02-03 13:43:19.738011,COALINDIA,EQ,373.15,5755361,373.05,373.15,0,10,127
2025-02-03 13:43:26.112298,COALINDIA,EQ,373.2,5757433,373.0,373.2,0,1073,3999
2025-02-03 13:43:32.570289,COALINDIA,EQ,373.2,5758083,373.1,373.2,0,12,3277
2025-02-03 13:43:39.042248,COALINDIA,EQ,373.2,5759260,373.0,373.2,0,3408,2678
2025-02-03 13:43:45.673878,COALINDIA,EQ,373.2,5759368,373.0,373.15,0,2517,1
2025-02-03 13:43:52.046364,COALINDIA,EQ,372.9,5761340,372.9,372.95,0,124,42
2025-02-03 13:43:58.664684,COALINDIA,EQ,373.0,5763523,372.9,373.0,0,41,210
2025-02-03 13:44:05.106813,COALINDIA,EQ,372.8,5764030,372.8,373.0,0,41,1201
2025-02-03 13:44:11.514649,COALINDIA,EQ,372.8,5765473,372.8,373.0,0,407,765
2025-02-03 13:44:17.858176,COALINDIA,EQ,372.95,5766096,372.75,372.95,0,2461,150
2025-02-03 13:44:24.216071,COALINDIA,EQ,372.95,5767383,372.8,372.95,0,980,1
2025-02-03 13:44:30.590624,COALINDIA,EQ,373.05,5770972,372.85,373.05,0,1343,53
2025-02-03 13:44:37.003797,COALINDIA,EQ,373.0,5771387,372.85,372.95,0,996,100
2025-02-03 13:44:43.690580,COALINDIA,EQ,372.95,5773233,372.85,372.95,0,833,383
2025-02-03 13:44:50.570522,COALINDIA,EQ,373.0,5774008,373.0,373.1,0,900,162
2025-02-03 13:44:56.863615,COALINDIA,EQ,372.9,5775251,372.95,373.0,0,71,689
2025-02-03 13:45:03.512921,COALINDIA,EQ,372.95,5775725,372.9,372.95,0,229,100
2025-02-03 13:45:09.969216,COALINDIA,EQ,372.95,5776363,372.85,372.95,0,524,86
2025-02-03 13:45:17.931817,COALINDIA,EQ,372.85,5776546,372.85,372.95,0,411,60
2025-02-03 13:45:24.236705,COALINDIA,EQ,373.1,5779416,372.95,373.1,0,500,231
2025-02-03 13:45:30.698340,COALINDIA,EQ,373.1,5779852,372.95,373.1,0,677,219
2025-02-03 13:45:37.168483,COALINDIA,EQ,373.15,5780967,373.1,373.2,0,5048,2092
2025-02-03 13:45:43.574498,COALINDIA,EQ,373.05,5786308,373.05,373.1,0,23,344
2025-02-03 13:45:50.171044,COALINDIA,EQ,373.0,5787391,372.95,373.0,0,50,8
2025-02-03 13:45:58.158653,COALINDIA,EQ,373.1,5789613,372.9,373.1,0,619,846
2025-02-03 13:46:04.803411,COALINDIA,EQ,372.8,5789776,372.9,373.1,0,187,1738
2025-02-03 13:46:11.517452,COALINDIA,EQ,372.85,5792079,372.85,372.95,0,9,184
2025-02-03 13:46:18.200862,COALINDIA,EQ,372.75,5793069,372.6,372.75,0,1405,674
2025-02-03 13:46:26.032605,COALINDIA,EQ,372.75,5794327,372.7,372.75,0,1,1095
2025-02-03 13:46:32.542317,COALINDIA,EQ,372.75,5796999,372.65,372.75,0,841,12
2025-02-03 13:46:39.482012,COALINDIA,EQ,372.8,5797225,372.8,372.85,0,1,25
2025-02-03 13:46:46.318643,COALINDIA,EQ,372.95,5798303,372.75,372.9,0,85,192
2025-02-03 13:46:53.249638,COALINDIA,EQ,372.75,5798311,372.8,372.85,0,13,1
2025-02-03 13:46:59.964463,COALINDIA,EQ,373.0,5800150,372.9,373.0,0,7,97
2025-02-03 13:47:06.688596,COALINDIA,EQ,372.9,5800157,372.9,373.0,0,5,262
2025-02-03 13:47:14.768233,COALINDIA,EQ,372.95,5800658,372.85,372.95,0,69,388
2025-02-03 13:47:21.306336,COALINDIA,EQ,372.85,5802824,372.95,373.0,0,1,893
2025-02-03 13:47:27.812968,COALINDIA,EQ,373.1,5803389,372.9,373.05,0,312,24
2025-02-03 13:47:34.259052,COALINDIA,EQ,373.1,5805270,372.9,373.1,0,1193,1641
2025-02-03 13:47:40.977297,COALINDIA,EQ,372.9,5805640,372.9,373.1,0,648,1589
2025-02-03 13:47:47.443259,COALINDIA,EQ,373.05,5807248,372.9,373.05,0,1309,297
2025-02-03 13:47:53.879440,COALINDIA,EQ,373.05,5807760,372.95,373.05,0,744,7
2025-02-03 13:48:00.442756,COALINDIA,EQ,373.0,5808039,372.95,373.05,0,50,73
2025-02-03 13:48:07.953000,COALINDIA,EQ,373.15,5809622,372.95,373.15,0,1848,6
2025-02-03 13:48:14.714984,COALINDIA,EQ,373.15,5810049,373.0,373.15,0,312,912
2025-02-03 13:48:21.162985,COALINDIA,EQ,373.15,5810631,373.0,373.1,0,323,1
2025-02-03 13:48:27.753542,COALINDIA,EQ,373.0,5815422,372.9,373.05,0,102,454
2025-02-03 13:48:34.187952,COALINDIA,EQ,372.95,5815460,372.9,372.95,0,102,1
2025-02-03 13:48:40.583121,COALINDIA,EQ,372.95,5816956,372.75,372.95,0,1338,281
2025-02-03 13:48:46.905128,COALINDIA,EQ,372.85,5817026,372.8,372.9,0,671,1162
2025-02-03 13:48:53.263084,COALINDIA,EQ,372.8,5819276,372.75,372.8,0,166,13
2025-02-03 13:49:00.066771,COALINDIA,EQ,372.9,5820413,372.8,372.9,0,3673,289
2025-02-03 13:49:06.631628,COALINDIA,EQ,372.85,5824692,372.7,372.85,0,201,311
2025-02-03 13:49:13.132532,COALINDIA,EQ,372.85,5824756,372.7,372.85,0,155,187
2025-02-03 13:49:19.680965,COALINDIA,EQ,372.65,5826635,372.65,372.75,0,204,1975
2025-02-03 13:49:26.096485,COALINDIA,EQ,372.75,5827298,372.65,372.75,0,74,1614
2025-02-03 13:49:32.613917,COALINDIA,EQ,372.75,5828245,372.65,372.75,0,738,725
2025-02-03 13:49:38.938541,COALINDIA,EQ,372.75,5828495,372.65,372.75,0,364,1147
2025-02-03 13:49:45.467946,COALINDIA,EQ,372.8,5829092,372.65,372.75,0,8,1028
2025-02-03 13:49:52.105453,COALINDIA,EQ,372.75,5831577,372.75,372.85,0,2,360
2025-02-03 13:49:58.793089,COALINDIA,EQ,372.85,5832340,372.65,372.75,0,142,1
2025-02-03 13:50:06.008356,COALINDIA,EQ,372.65,5832796,372.65,372.75,0,53,12
2025-02-03 13:50:12.716542,COALINDIA,EQ,372.75,5834796,372.65,372.75,0,425,2
2025-02-03 13:50:19.313889,COALINDIA,EQ,372.75,5835168,372.65,372.75,0,904,276
2025-02-03 13:50:25.840513,COALINDIA,EQ,372.6,5838279,372.55,372.65,0,18,315
2025-02-03 13:50:32.608774,COALINDIA,EQ,372.45,5840829,372.45,372.5,0,137,597
2025-02-03 13:50:39.047779,COALINDIA,EQ,372.45,5841647,372.45,372.5,0,62,352
2025-02-03 13:50:45.474854,COALINDIA,EQ,372.5,5841922,372.45,372.5,0,96,144
2025-02-03 13:50:52.057491,COALINDIA,EQ,372.45,5841928,372.45,372.5,0,102,138
2025-02-03 13:50:58.766945,COALINDIA,EQ,372.6,5845067,372.5,372.55,0,1,654
2025-02-03 13:51:05.475633,COALINDIA,EQ,372.45,5846337,372.45,372.6,0,97,663
2025-02-03 13:51:12.028660,COALINDIA,EQ,372.45,5847009,372.45,372.6,0,97,528
2025-02-03 13:51:18.680980,COALINDIA,EQ,372.6,5847260,372.45,372.6,0,51,3209
2025-02-03 13:51:25.013071,COALINDIA,EQ,372.35,5849264,372.35,372.45,0,337,4
2025-02-03 13:51:31.453217,COALINDIA,EQ,372.2,5851237,372.15,372.2,0,590,454
2025-02-03 13:51:37.905607,COALINDIA,EQ,372.25,5855176,372.2,372.25,0,1,162
2025-02-03 13:51:44.238989,COALINDIA,EQ,372.2,5855321,372.1,372.2,0,1252,4386
2025-02-03 13:51:50.507746,COALINDIA,EQ,372.2,5857091,372.05,372.2,0,597,5028
2025-02-03 13:51:56.883606,COALINDIA,EQ,372.1,5858115,372.0,372.15,0,12626,675
2025-02-03 13:52:05.658859,COALINDIA,EQ,372.0,5861412,372.0,372.05,0,11207,172
2025-02-03 13:52:12.339100,COALINDIA,EQ,371.8,5864435,372.0,372.1,0,8506,464
2025-02-03 13:52:18.727638,COALINDIA,EQ,371.75,5878521,371.65,371.75,0,654,4
2025-02-03 13:52:25.431496,COALINDIA,EQ,371.75,5879577,371.7,371.75,0,1,1048
2025-02-03 13:52:31.797705,COALINDIA,EQ,371.6,5879696,371.65,371.75,0,541,985
2025-02-03 13:52:38.631916,COALINDIA,EQ,371.5,5887584,371.5,371.6,0,7455,861
2025-02-03 13:52:45.626909,COALINDIA,EQ,371.6,5888128,371.5,371.6,0,7026,749
2025-02-03 13:52:52.108407,COALINDIA,EQ,371.55,5889799,371.5,371.6,0,7022,501
2025-02-03 13:52:58.568033,COALINDIA,EQ,371.5,5890552,371.5,371.6,0,6927,386
2025-02-03 13:53:06.110086,COALINDIA,EQ,371.55,5891548,371.55,371.6,0,997,500
2025-02-03 13:53:12.712244,COALINDIA,EQ,371.6,5891799,371.55,371.6,0,312,472
2025-02-03 13:53:19.190664,COALINDIA,EQ,371.5,5894866,371.5,371.55,0,3183,18
2025-02-03 13:53:25.799296,COALINDIA,EQ,371.7,5898507,371.55,371.7,0,305,634
2025-02-03 13:53:32.366190,COALINDIA,EQ,371.55,5898542,371.55,371.65,0,760,1
2025-02-03 13:53:39.803627,COALINDIA,EQ,371.7,5899078,371.55,371.7,0,736,394
2025-02-03 13:53:46.119007,COALINDIA,EQ,371.55,5899290,371.5,371.6,0,2789,205
2025-02-03 13:53:52.602231,COALINDIA,EQ,371.55,5912050,371.55,371.7,0,1397,622
2025-02-03 13:53:59.164859,COALINDIA,EQ,371.7,5913971,371.5,371.7,0,1089,649
2025-02-03 13:54:05.588259,COALINDIA,EQ,371.5,5915229,371.55,371.7,0,146,140
2025-02-03 13:54:11.915353,COALINDIA,EQ,371.55,5915669,371.45,371.55,0,36,2
2025-02-03 13:54:18.182617,COALINDIA,EQ,371.4,5916194,371.4,371.55,0,646,28
2025-02-03 13:54:24.742683,COALINDIA,EQ,371.4,5917113,371.4,371.5,0,20,90
2025-02-03 13:54:31.128176,COALINDIA,EQ,371.45,5917366,371.35,371.45,0,700,1
2025-02-03 13:54:37.682295,COALINDIA,EQ,371.45,5918787,371.35,371.45,0,35,183
2025-02-03 13:54:44.263125,COALINDIA,EQ,371.25,5922677,371.25,371.4,0,909,1
2025-02-03 13:54:52.055760,COALINDIA,EQ,371.35,5927324,371.2,371.35,0,626,161
2025-02-03 13:54:58.494626,COALINDIA,EQ,371.3,5927753,371.15,371.3,0,18,781
2025-02-03 13:55:05.157237,COALINDIA,EQ,371.2,5929136,371.15,371.3,0,1331,4244
2025-02-03 13:55:11.705489,COALINDIA,EQ,371.25,5929777,371.15,371.3,0,18,4296
2025-02-03 13:55:18.321954,COALINDIA,EQ,371.35,5940212,371.2,371.35,0,2032,128
2025-02-03 13:55:25.077898,COALINDIA,EQ,371.25,5941421,371.25,371.35,0,65,915
2025-02-03 13:55:31.584060,COALINDIA,EQ,371.3,5941721,371.3,371.4,0,50,704
2025-02-03 13:55:37.933230,COALINDIA,EQ,371.4,5942895,371.4,371.45,0,2,468
2025-02-03 13:55:44.444472,COALINDIA,EQ,371.45,5943380,371.4,371.45,0,152,476
2025-02-03 13:55:50.997841,COALINDIA,EQ,371.35,5943424,371.35,371.4,0,70,1
2025-02-03 13:55:57.323705,COALINDIA,EQ,371.3,5945113,371.3,371.4,0,54,943
2025-02-03 13:56:03.670876,COALINDIA,EQ,371.3,5945233,371.25,371.3,0,1189,657
2025-02-03 13:56:10.035541,COALINDIA,EQ,371.25,5946933,371.25,371.3,0,1016,806
2025-02-03 13:56:16.489619,COALINDIA,EQ,371.4,5949595,371.3,371.4,0,842,41
2025-02-03 13:56:23.061060,COALINDIA,EQ,371.35,5950228,371.35,371.55,0,1784,159
2025-02-03 13:56:29.656241,COALINDIA,EQ,371.65,5951309,371.55,371.6,0,1,327
2025-02-03 13:56:36.146184,COALINDIA,EQ,371.5,5952858,371.45,371.5,0,66,489
2025-02-03 13:56:42.414459,COALINDIA,EQ,371.5,5952944,371.45,371.5,0,9,131
2025-02-03 13:56:49.001142,COALINDIA,EQ,371.35,5953601,371.35,371.4,0,2,345
2025-02-03 13:56:55.417925,COALINDIA,EQ,371.3,5953673,371.3,371.35,0,132,11
2025-02-03 13:57:01.895863,COALINDIA,EQ,371.35,5957998,371.4,371.6,0,1045,1879
2025-02-03 13:57:08.295504,COALINDIA,EQ,371.4,5958475,371.4,371.6,0,18,1893
2025-02-03 13:57:14.867053,COALINDIA,EQ,371.6,5958525,371.35,371.5,0,1494,1
2025-02-03 13:57:21.623502,COALINDIA,EQ,371.6,5958826,371.4,371.55,0,1646,1
2025-02-03 13:57:28.448309,COALINDIA,EQ,371.6,5960798,371.5,371.6,0,10,701
2025-02-03 13:57:35.167733,COALINDIA,EQ,371.45,5960857,371.45,371.55,0,97,1
2025-02-03 13:57:41.562968,COALINDIA,EQ,371.5,5961605,371.4,371.5,0,77,1180
2025-02-03 13:57:47.913130,COALINDIA,EQ,371.4,5963207,371.35,371.4,0,258,407
2025-02-03 13:57:54.236629,COALINDIA,EQ,371.45,5968746,371.35,371.45,0,139,749
2025-02-03 13:58:00.975598,COALINDIA,EQ,371.45,5968915,371.4,371.45,0,1,626
2025-02-03 13:58:07.459084,COALINDIA,EQ,371.4,5971636,371.3,371.4,0,4764,12
2025-02-03 13:58:13.913687,COALINDIA,EQ,371.35,5971856,371.3,371.35,0,4625,2
2025-02-03 13:58:20.754105,COALINDIA,EQ,371.35,5971991,371.3,371.35,0,5206,293
2025-02-03 13:58:27.813381,COALINDIA,EQ,371.5,5974280,371.4,371.5,0,1097,466
2025-02-03 13:58:34.980802,COALINDIA,EQ,371.5,5974342,371.4,371.5,0,1,481
2025-02-03 13:58:41.619495,COALINDIA,EQ,371.45,5976598,371.35,371.45,0,944,20
2025-02-03 13:58:48.358217,COALINDIA,EQ,371.55,5977038,371.35,371.55,0,3,2228
2025-02-03 13:58:55.759453,COALINDIA,EQ,371.3,5977269,371.3,371.45,0,3450,120
2025-02-03 13:59:02.256535,COALINDIA,EQ,371.5,5977553,371.45,371.5,0,1,267
2025-02-03 13:59:08.629692,COALINDIA,EQ,371.5,5979189,371.35,371.5,0,1331,560
2025-02-03 13:59:15.075411,COALINDIA,EQ,371.4,5980037,371.3,371.45,0,11112,1
2025-02-03 13:59:21.601381,COALINDIA,EQ,371.35,5980497,371.3,371.4,0,10060,443
2025-02-03 13:59:28.134271,COALINDIA,EQ,371.4,5982308,371.35,371.4,0,652,97
2025-02-03 13:59:34.374057,COALINDIA,EQ,371.4,5982326,371.35,371.4,0,997,90
2025-02-03 13:59:41.866116,COALINDIA,EQ,371.5,5983512,371.35,371.5,0,1897,476
2025-02-03 13:59:48.470644,COALINDIA,EQ,371.5,5983855,371.35,371.5,0,2434,188
2025-02-03 13:59:55.116339,COALINDIA,EQ,371.4,5986015,371.4,371.6,0,2086,19
2025-02-03 14:00:01.675797,COALINDIA,EQ,371.6,5986098,371.5,371.55,0,2,2
2025-02-03 14:00:08.215353,COALINDIA,EQ,371.6,5986098,371.5,371.55,0,2,2
2025-02-03 14:00:14.761357,COALINDIA,EQ,371.55,5987039,371.5,371.55,0,268,152
2025-02-03 14:00:21.295572,COALINDIA,EQ,371.5,5989867,371.5,371.55,0,96,917
2025-02-03 14:00:28.675177,COALINDIA,EQ,371.55,5989966,371.5,371.55,0,39,888
2025-02-03 14:00:35.121548,COALINDIA,EQ,371.65,5991574,371.45,371.65,0,380,4402
2025-02-03 14:00:41.899339,COALINDIA,EQ,371.6,5991801,371.6,371.65,0,5,42
2025-02-03 14:00:49.354826,COALINDIA,EQ,371.65,5991890,371.6,371.65,0,956,11
2025-02-03 14:00:58.386711,COALINDIA,EQ,371.75,5993715,371.7,371.75,0,1,454
2025-02-03 14:01:04.871270,COALINDIA,EQ,371.7,5993760,371.7,371.75,0,61,421
2025-02-03 14:01:11.340441,COALINDIA,EQ,371.8,5994576,371.65,371.7,0,1352,484
2025-02-03 14:01:18.219650,COALINDIA,EQ,371.8,5995553,371.7,371.75,0,408,1
2025-02-03 14:01:24.859078,COALINDIA,EQ,371.8,5996218,371.7,371.75,0,157,1
2025-02-03 14:01:31.673951,COALINDIA,EQ,371.75,6006919,371.8,371.9,0,1,240
2025-02-03 14:01:38.377523,COALINDIA,EQ,371.75,6007054,371.75,371.8,0,363,10
2025-02-03 14:01:45.904814,COALINDIA,EQ,371.75,6007492,371.7,371.75,0,158,671
2025-02-03 14:01:52.605048,COALINDIA,EQ,371.7,6008451,371.65,371.7,0,45,174
2025-02-03 14:01:59.266513,COALINDIA,EQ,371.65,6008647,371.65,371.7,0,9,257
2025-02-03 14:02:05.719748,COALINDIA,EQ,371.65,6010645,371.6,371.65,0,102,5
2025-02-03 14:02:12.348743,COALINDIA,EQ,371.55,6011886,371.45,371.6,0,755,185
2025-02-03 14:02:19.240349,COALINDIA,EQ,371.65,6012927,371.5,371.65,0,450,623
2025-02-03 14:02:26.015319,COALINDIA,EQ,371.65,6013317,371.6,371.65,0,5,506
2025-02-03 14:02:32.663208,COALINDIA,EQ,371.75,6013563,371.55,371.65,0,92,507
2025-02-03 14:02:39.233274,COALINDIA,EQ,371.9,6015366,371.6,371.8,0,732,232
2025-02-03 14:02:45.881364,COALINDIA,EQ,371.85,6016758,371.65,371.85,0,1498,90
2025-02-03 14:02:52.636977,COALINDIA,EQ,371.95,6018243,371.75,371.85,0,920,22
2025-02-03 14:02:59.164504,COALINDIA,EQ,371.8,6018366,371.75,371.85,0,311,5
2025-02-03 14:03:05.878869,COALINDIA,EQ,371.8,6018625,371.75,371.8,0,499,32
2025-02-03 14:03:12.454041,COALINDIA,EQ,371.9,6019978,371.85,371.9,0,87,1
2025-02-03 14:03:18.928286,COALINDIA,EQ,371.95,6020228,371.85,371.95,0,811,663
2025-02-03 14:03:25.587884,COALINDIA,EQ,371.85,6020951,371.85,371.9,0,740,1
2025-02-03 14:03:32.233786,COALINDIA,EQ,371.95,6021669,371.85,371.9,0,141,2
2025-02-03 14:03:39.041334,COALINDIA,EQ,372.0,6024434,371.85,372.0,0,216,1428
2025-02-03 14:03:45.661838,COALINDIA,EQ,372.0,6025896,371.9,372.0,0,160,24
2025-02-03 14:03:52.159108,COALINDIA,EQ,371.8,6026866,371.8,371.95,0,143,1142
2025-02-03 14:03:59.225473,COALINDIA,EQ,371.75,6028490,371.65,371.75,0,232,102
2025-02-03 14:04:05.835888,COALINDIA,EQ,371.65,6029267,371.65,371.75,0,31,358
2025-02-03 14:04:12.338726,COALINDIA,EQ,371.7,6029633,371.7,371.75,0,135,93
2025-02-03 14:04:19.207225,COALINDIA,EQ,371.8,6031613,371.65,371.8,0,15,186
2025-02-03 14:04:25.818358,COALINDIA,EQ,371.8,6032528,371.7,371.8,0,250,33
2025-02-03 14:04:32.498318,COALINDIA,EQ,371.8,6033068,371.65,371.8,0,92,539
2025-02-03 14:04:38.912220,COALINDIA,EQ,372.0,6034903,371.85,372.0,0,1,1112
2025-02-03 14:04:45.396933,COALINDIA,EQ,371.8,6035436,371.8,372.0,0,2293,293
2025-02-03 14:04:52.285241,COALINDIA,EQ,372.0,6035447,371.8,372.0,0,1854,647
2025-02-03 14:04:58.935353,COALINDIA,EQ,372.0,6037879,371.8,372.0,0,367,72
2025-02-03 14:05:05.606740,COALINDIA,EQ,371.8,6039511,371.8,372.0,0,972,801
2025-02-03 14:05:12.188737,COALINDIA,EQ,371.9,6040174,371.75,371.95,0,1183,320
2025-02-03 14:05:18.568047,COALINDIA,EQ,371.95,6042141,371.9,372.1,0,286,1084
2025-02-03 14:05:24.917560,COALINDIA,EQ,372.1,6042730,371.9,372.1,0,11,534
2025-02-03 14:05:31.521283,COALINDIA,EQ,372.15,6042919,371.95,372.15,0,1040,175
2025-02-03 14:05:38.062273,COALINDIA,EQ,372.15,6043930,371.95,372.1,0,8,362
2025-02-03 14:05:44.928848,COALINDIA,EQ,372.0,6045928,372.0,372.2,0,105,510
2025-02-03 14:05:51.699318,COALINDIA,EQ,372.1,6046003,372.0,372.15,0,295,322
2025-02-03 14:05:58.531886,COALINDIA,EQ,372.15,6046275,372.0,372.15,0,107,111
2025-02-03 14:06:05.527342,COALINDIA,EQ,372.05,6049308,371.95,372.05,0,184,1347
2025-02-03 14:06:12.188012,COALINDIA,EQ,372.05,6051255,371.95,372.05,0,2,319
2025-02-03 14:06:18.626014,COALINDIA,EQ,372.05,6052021,371.9,372.05,0,203,403
2025-02-03 14:06:25.113023,COALINDIA,EQ,372.05,6052722,371.85,372.05,0,2200,759
2025-02-03 14:06:31.722145,COALINDIA,EQ,372.05,6052996,372.0,372.05,0,8,512
2025-02-03 14:06:38.339126,COALINDIA,EQ,372.3,6055958,372.1,372.3,0,759,213
2025-02-03 14:06:44.873106,COALINDIA,EQ,372.25,6056462,372.1,372.25,0,355,1
2025-02-03 14:06:51.527902,COALINDIA,EQ,372.3,6057784,372.2,372.3,0,1,680
2025-02-03 14:06:58.129772,COALINDIA,EQ,372.25,6057861,372.15,372.3,0,2,1396
2025-02-03 14:07:05.070753,COALINDIA,EQ,372.25,6058199,372.1,372.2,0,47,1
2025-02-03 14:07:11.973269,COALINDIA,EQ,372.25,6058933,372.1,372.25,0,61,133
2025-02-03 14:07:18.907353,COALINDIA,EQ,372.25,6059484,372.1,372.25,0,507,479
2025-02-03 14:07:27.047797,COALINDIA,EQ,372.2,6060383,372.1,372.2,0,13,951
2025-02-03 14:07:33.603165,COALINDIA,EQ,372.25,6061003,372.05,372.1,0,88,100
2025-02-03 14:07:40.195306,COALINDIA,EQ,372.2,6069241,372.25,372.3,0,1,163
2025-02-03 14:07:46.848182,COALINDIA,EQ,372.4,6071014,372.25,372.4,0,113,351
2025-02-03 14:07:53.366852,COALINDIA,EQ,372.35,6071237,372.3,372.35,0,509,1
2025-02-03 14:07:59.915704,COALINDIA,EQ,372.25,6073142,372.2,372.25,0,675,1044
2025-02-03 14:08:06.339235,COALINDIA,EQ,372.2,6073225,372.2,372.25,0,664,1369
2025-02-03 14:08:12.970806,COALINDIA,EQ,372.25,6076134,372.15,372.25,0,995,163
2025-02-03 14:08:19.349097,COALINDIA,EQ,372.2,6076391,372.2,372.25,0,293,95
2025-02-03 14:08:25.757041,COALINDIA,EQ,372.25,6077060,372.15,372.25,0,409,449
2025-02-03 14:08:32.420137,COALINDIA,EQ,372.2,6077171,372.15,372.25,0,136,390
2025-02-03 14:08:38.956554,COALINDIA,EQ,372.25,6078617,372.15,372.25,0,124,150
2025-02-03 14:08:45.581895,COALINDIA,EQ,372.2,6079398,372.3,372.35,0,11,98
2025-02-03 14:08:52.187410,COALINDIA,EQ,372.25,6081766,372.2,372.3,0,1,160
2025-02-03 14:08:58.745204,COALINDIA,EQ,372.35,6082535,372.15,372.35,0,182,1329
2025-02-03 14:09:05.386928,COALINDIA,EQ,372.2,6083212,372.1,372.2,0,134,14
2025-02-03 14:09:12.174730,COALINDIA,EQ,372.1,6083469,372.1,372.3,0,736,373
2025-02-03 14:09:18.698972,COALINDIA,EQ,372.15,6084373,372.2,372.25,0,1,405
2025-02-03 14:09:25.333088,COALINDIA,EQ,372.25,6087359,372.2,372.25,0,1,631
2025-02-03 14:09:31.752539,COALINDIA,EQ,372.25,6088799,372.2,372.25,0,959,75
2025-02-03 14:09:38.517468,COALINDIA,EQ,372.25,6089487,372.3,372.35,0,357,10
2025-02-03 14:09:45.156672,COALINDIA,EQ,372.45,6091592,372.25,372.45,0,440,367
2025-02-03 14:09:51.629705,COALINDIA,EQ,372.3,6091812,372.25,372.45,0,329,516
2025-02-03 14:09:58.125498,COALINDIA,EQ,372.25,6093031,372.2,372.35,0,98,32
2025-02-03 14:10:04.641849,COALINDIA,EQ,372.2,6093985,372.2,372.3,0,9,1057
2025-02-03 14:10:11.153677,COALINDIA,EQ,372.25,6095855,372.25,372.45,0,56,712
2025-02-03 14:10:17.622594,COALINDIA,EQ,372.45,6096802,372.3,372.45,0,10,1130
2025-02-03 14:10:24.677624,COALINDIA,EQ,372.4,6097500,372.2,372.45,0,1445,907
2025-02-03 14:10:31.148643,COALINDIA,EQ,372.2,6098651,372.2,372.35,0,703,1
2025-02-03 14:10:37.864150,COALINDIA,EQ,372.4,6100669,372.2,372.4,0,1193,806
2025-02-03 14:10:44.499000,COALINDIA,EQ,372.4,6100752,372.2,372.35,0,286,108
2025-02-03 14:10:51.635782,COALINDIA,EQ,372.2,6102144,372.2,372.4,0,954,119
2025-02-03 14:10:57.989788,COALINDIA,EQ,372.4,6102806,372.2,372.4,0,923,832
2025-02-03 14:11:04.402633,COALINDIA,EQ,372.3,6105014,372.2,372.3,0,774,6
2025-02-03 14:11:10.919183,COALINDIA,EQ,372.2,6105965,372.2,372.4,0,430,346
2025-02-03 14:11:17.371689,COALINDIA,EQ,372.4,6106178,372.2,372.4,0,519,549
2025-02-03 14:11:23.722326,COALINDIA,EQ,372.3,6106533,372.15,372.35,0,1520,323
2025-02-03 14:11:30.019813,COALINDIA,EQ,372.3,6107544,372.15,372.3,0,330,99
2025-02-03 14:11:36.373864,COALINDIA,EQ,372.4,6107633,372.15,372.3,0,330,21
2025-02-03 14:11:42.768173,COALINDIA,EQ,372.3,6110015,372.3,372.4,0,4,1366
2025-02-03 14:11:49.117140,COALINDIA,EQ,372.25,6110303,372.25,372.35,0,146,60
2025-02-03 14:11:55.466249,COALINDIA,EQ,372.25,6111156,372.25,372.3,0,70,217
2025-02-03 14:12:03.265323,COALINDIA,EQ,372.25,6113376,372.3,372.5,0,318,1457
2025-02-03 14:12:09.684076,COALINDIA,EQ,372.3,6114000,372.3,372.4,0,897,13
2025-02-03 14:12:16.213480,COALINDIA,EQ,372.5,6115607,372.35,372.5,0,1381,574
2025-02-03 14:12:22.567464,COALINDIA,EQ,372.5,6116408,372.5,372.55,0,10,208
2025-02-03 14:12:29.126965,COALINDIA,EQ,372.6,6118896,372.5,372.6,0,22,759
2025-02-03 14:12:35.569249,COALINDIA,EQ,372.55,6121512,372.55,372.7,0,5004,1472
2025-02-03 14:12:42.019830,COALINDIA,EQ,372.65,6121784,372.55,372.7,0,4792,960
2025-02-03 14:12:48.526007,COALINDIA,EQ,372.65,6122621,372.55,372.65,0,4271,932
2025-02-03 14:12:54.832102,COALINDIA,EQ,372.65,6123686,372.55,372.65,0,3518,69
2025-02-03 14:13:01.325843,COALINDIA,EQ,372.65,6123920,372.55,372.65,0,3452,244
2025-02-03 14:13:07.600670,COALINDIA,EQ,372.55,6123947,372.55,372.65,0,3442,237
2025-02-03 14:13:14.219278,COALINDIA,EQ,372.65,6127397,372.55,372.65,0,2741,932
2025-02-03 14:13:20.576908,COALINDIA,EQ,372.65,6132757,372.5,372.65,0,270,1423
2025-02-03 14:13:26.992615,COALINDIA,EQ,372.5,6134650,372.45,372.5,0,203,319
2025-02-03 14:13:33.469710,COALINDIA,EQ,372.5,6134697,372.45,372.5,0,193,406
2025-02-03 14:13:40.266719,COALINDIA,EQ,372.5,6135524,372.45,372.5,0,1,782
2025-02-03 14:13:46.807203,COALINDIA,EQ,372.4,6136619,372.35,372.4,0,134,43
2025-02-03 14:13:53.126898,COALINDIA,EQ,372.5,6137309,372.4,372.5,0,3,400
2025-02-03 14:13:59.590493,COALINDIA,EQ,372.35,6139031,372.35,372.5,0,443,1044
2025-02-03 14:14:06.075387,COALINDIA,EQ,372.35,6140405,372.35,372.5,0,716,710
2025-02-03 14:14:12.288538,COALINDIA,EQ,372.3,6143865,372.3,372.45,0,748,1025
2025-02-03 14:14:18.860145,COALINDIA,EQ,372.45,6143932,372.3,372.45,0,171,1018
2025-02-03 14:14:25.137973,COALINDIA,EQ,372.3,6144110,372.3,372.35,0,47,13
2025-02-03 14:14:31.588721,COALINDIA,EQ,372.45,6145921,372.3,372.4,0,556,900
2025-02-03 14:14:38.194900,COALINDIA,EQ,372.3,6147275,372.3,372.4,0,1252,156
2025-02-03 14:14:44.505210,COALINDIA,EQ,372.35,6147338,372.3,372.35,0,1131,1
2025-02-03 14:14:50.896037,COALINDIA,EQ,372.45,6149310,372.35,372.45,0,1121,96
2025-02-03 14:14:56.985916,COALINDIA,EQ,372.45,6150120,372.35,372.45,0,350,50
2025-02-03 14:15:03.324313,COALINDIA,EQ,372.4,6150725,372.35,372.45,0,277,4518
2025-02-03 14:15:09.640180,COALINDIA,EQ,372.4,6154838,372.25,372.4,0,1006,43
2025-02-03 14:15:15.996442,COALINDIA,EQ,372.3,6155010,372.3,372.4,0,769,30
2025-02-03 14:15:22.417709,COALINDIA,EQ,372.4,6157399,372.4,372.45,0,30,2738
2025-02-03 14:15:28.813679,COALINDIA,EQ,372.45,6157630,372.35,372.4,0,144,2
2025-02-03 14:15:35.155085,COALINDIA,EQ,372.45,6161133,372.4,372.45,0,634,16
2025-02-03 14:15:41.530617,COALINDIA,EQ,372.65,6164416,372.65,372.8,0,150,463
2025-02-03 14:15:47.688534,COALINDIA,EQ,372.85,6165707,372.7,372.85,0,2,242
2025-02-03 14:15:54.032739,COALINDIA,EQ,372.8,6167254,372.8,373.0,0,344,2979
2025-02-03 14:16:00.437682,COALINDIA,EQ,372.9,6167979,372.8,372.9,0,185,8
2025-02-03 14:16:06.904254,COALINDIA,EQ,373.1,6172727,373.0,373.15,0,118,840
2025-02-03 14:16:13.207514,COALINDIA,EQ,373.0,6173491,373.1,373.15,0,178,785
2025-02-03 14:16:19.746838,COALINDIA,EQ,373.15,6174479,373.1,373.15,0,475,987
2025-02-03 14:16:26.001939,COALINDIA,EQ,373.0,6176817,373.0,373.1,0,6,2058
2025-02-03 14:16:32.358741,COALINDIA,EQ,373.0,6177624,372.9,373.0,0,34,242
2025-02-03 14:16:38.592847,COALINDIA,EQ,372.95,6178735,372.85,372.95,0,37,266
2025-02-03 14:16:44.806251,COALINDIA,EQ,373.15,6181218,372.85,373.05,0,764,769
2025-02-03 14:16:51.169441,COALINDIA,EQ,373.2,6182605,373.0,373.15,0,638,13
2025-02-03 14:16:57.602023,COALINDIA,EQ,373.0,6184948,372.95,373.0,0,324,629
2025-02-03 14:17:03.871422,COALINDIA,EQ,373.0,6185590,372.9,373.0,0,126,533
2025-02-03 14:17:10.220158,COALINDIA,EQ,373.0,6186697,372.75,372.9,0,1104,13
2025-02-03 14:17:16.509502,COALINDIA,EQ,373.0,6186982,372.85,373.0,0,205,623
2025-02-03 14:17:22.869598,COALINDIA,EQ,372.85,6187905,372.85,372.95,0,28,2
2025-02-03 14:17:29.275655,COALINDIA,EQ,373.05,6190356,373.0,373.05,0,23,649
2025-02-03 14:17:35.676871,COALINDIA,EQ,372.9,6190768,372.8,372.9,0,312,1
2025-02-03 14:17:41.980320,COALINDIA,EQ,372.95,6191182,372.85,372.95,0,35,51
2025-02-03 14:17:48.309903,COALINDIA,EQ,372.95,6192632,372.95,373.0,0,1,198
2025-02-03 14:17:54.502291,COALINDIA,EQ,372.8,6194019,372.8,372.85,0,170,19
2025-02-03 14:18:01.061538,COALINDIA,EQ,373.05,6195446,372.8,373.0,0,937,324
2025-02-03 14:18:07.325681,COALINDIA,EQ,372.85,6196808,372.85,373.05,0,1,808
2025-02-03 14:18:13.787494,COALINDIA,EQ,372.95,6197928,372.75,372.95,0,639,517
2025-02-03 14:18:20.142414,COALINDIA,EQ,372.75,6199292,372.85,372.95,0,20,1000
2025-02-03 14:18:26.469226,COALINDIA,EQ,373.0,6200700,372.8,373.0,0,209,767
2025-02-03 14:18:33.783145,COALINDIA,EQ,372.95,6200865,372.8,373.0,0,137,965
2025-02-03 14:18:40.065458,COALINDIA,EQ,372.9,6205741,372.95,373.0,0,1,10351
2025-02-03 14:18:46.439507,COALINDIA,EQ,373.0,6208891,372.9,373.0,0,87,8167
2025-02-03 14:18:52.796273,COALINDIA,EQ,372.95,6209254,372.9,373.0,0,87,8220
2025-02-03 14:18:59.231526,COALINDIA,EQ,372.95,6210227,372.8,372.95,0,70,1461
2025-02-03 14:19:05.563743,COALINDIA,EQ,372.95,6210363,372.8,372.95,0,123,1362
2025-02-03 14:19:11.989450,COALINDIA,EQ,372.7,6213188,372.75,372.95,0,23,1621
2025-02-03 14:19:18.352322,COALINDIA,EQ,372.65,6213994,372.7,372.9,0,130,1546
2025-02-03 14:19:25.658066,COALINDIA,EQ,372.7,6216330,372.7,372.9,0,151,1479
2025-02-03 14:19:31.892220,COALINDIA,EQ,373.0,6226602,373.0,373.1,0,162,100
2025-02-03 14:19:38.314280,COALINDIA,EQ,372.9,6227217,372.95,373.1,0,216,13
2025-02-03 14:19:44.691968,COALINDIA,EQ,373.2,6229228,373.15,373.2,0,4,10
2025-02-03 14:19:51.151722,COALINDIA,EQ,373.15,6233184,373.15,373.2,0,3,1
2025-02-03 14:19:57.480237,COALINDIA,EQ,373.25,6233272,373.15,373.25,0,2,1677
2025-02-03 14:20:03.879594,COALINDIA,EQ,373.2,6234036,373.15,373.2,0,4,1
2025-02-03 14:20:10.204055,COALINDIA,EQ,373.3,6234713,373.15,373.25,0,1,459
2025-02-03 14:20:16.384545,COALINDIA,EQ,373.3,6235741,373.25,373.3,0,1125,63337
2025-02-03 14:20:22.806691,COALINDIA,EQ,373.05,6243033,373.1,373.25,0,1,1917
2025-02-03 14:20:29.083621,COALINDIA,EQ,373.05,6243336,373.0,373.05,0,510,21
2025-02-03 14:20:35.574750,COALINDIA,EQ,372.95,6243820,373.0,373.05,0,65,412
2025-02-03 14:20:41.868349,COALINDIA,EQ,372.85,6244902,372.9,372.95,0,418,22
2025-02-03 14:20:48.393508,COALINDIA,EQ,372.9,6247432,372.9,373.1,0,1054,564
2025-02-03 14:20:54.714149,COALINDIA,EQ,372.9,6249114,372.95,373.1,0,94,352
2025-02-03 14:21:01.140392,COALINDIA,EQ,372.85,6249781,372.85,372.9,0,683,47
2025-02-03 14:21:07.633405,COALINDIA,EQ,372.9,6250044,372.85,372.9,0,70,710
2025-02-03 14:21:13.900833,COALINDIA,EQ,373.0,6253755,372.8,373.0,0,93,1886
2025-02-03 14:21:20.299601,COALINDIA,EQ,373.15,6257032,373.05,373.2,0,731,590
2025-02-03 14:21:26.698536,COALINDIA,EQ,372.95,6257746,372.95,373.15,0,194,687
2025-02-03 14:21:33.048741,COALINDIA,EQ,372.85,6257899,372.95,373.1,0,108,477
2025-02-03 14:21:39.378277,COALINDIA,EQ,372.95,6261371,372.85,372.95,0,3939,384
2025-02-03 14:21:45.857745,COALINDIA,EQ,373.05,6263515,372.9,373.05,0,842,223
2025-02-03 14:21:52.196113,COALINDIA,EQ,372.9,6264100,372.9,372.95,0,1,3
2025-02-03 14:21:58.550929,COALINDIA,EQ,373.05,6264353,372.9,372.95,0,1,467
2025-02-03 14:22:05.008635,COALINDIA,EQ,373.0,6266687,372.85,373.0,0,3024,770
2025-02-03 14:22:11.375002,COALINDIA,EQ,373.0,6267062,372.85,373.0,0,2806,869
2025-02-03 14:22:17.759895,COALINDIA,EQ,372.95,6270227,372.85,373.0,0,1831,451
2025-02-03 14:22:24.147150,COALINDIA,EQ,373.0,6270843,372.9,373.0,0,10,601
2025-02-03 14:22:30.616036,COALINDIA,EQ,373.0,6272798,372.85,372.95,0,337,1
2025-02-03 14:22:36.947860,COALINDIA,EQ,373.0,6273253,372.95,373.0,0,128,563
2025-02-03 14:22:43.227248,COALINDIA,EQ,373.1,6278118,372.95,373.1,0,582,4698
2025-02-03 14:22:49.805927,COALINDIA,EQ,373.0,6280052,373.0,373.1,0,2,2835
2025-02-03 14:22:56.094716,COALINDIA,EQ,373.05,6280721,372.95,373.0,0,141,20
2025-02-03 14:23:02.603249,COALINDIA,EQ,373.05,6281584,372.9,372.95,0,173,19
2025-02-03 14:23:08.774480,COALINDIA,EQ,373.0,6281770,373.0,373.05,0,1,439
2025-02-03 14:23:16.094885,COALINDIA,EQ,373.0,6284412,372.95,373.0,0,64,157
2025-02-03 14:23:22.556367,COALINDIA,EQ,372.8,6285649,372.8,372.9,0,4,1565
2025-02-03 14:23:28.811035,COALINDIA,EQ,372.8,6286286,372.75,372.8,0,2,1084
2025-02-03 14:23:35.232020,COALINDIA,EQ,372.9,6288467,372.9,372.95,0,11,213
2025-02-03 14:23:41.622494,COALINDIA,EQ,372.85,6288659,372.85,372.9,0,71,34
2025-02-03 14:23:48.077381,COALINDIA,EQ,372.95,6289261,372.9,372.95,0,1,608
2025-02-03 14:23:54.622635,COALINDIA,EQ,372.85,6289489,372.85,372.9,0,108,1
2025-02-03 14:24:00.974274,COALINDIA,EQ,373.0,6290293,372.8,372.9,0,484,498
2025-02-03 14:24:07.622365,COALINDIA,EQ,372.95,6292360,372.9,372.95,0,75,7
2025-02-03 14:24:13.816090,COALINDIA,EQ,372.8,6293248,372.9,373.0,0,1,845
2025-02-03 14:24:20.182534,COALINDIA,EQ,373.0,6293396,372.8,373.0,0,1583,205
2025-02-03 14:24:26.450151,COALINDIA,EQ,373.05,6294549,373.0,373.05,0,1050,3136
2025-02-03 14:24:32.828461,COALINDIA,EQ,373.0,6298382,373.0,373.1,0,1047,744
2025-02-03 14:24:39.417156,COALINDIA,EQ,373.1,6300672,372.95,373.1,0,727,686
2025-02-03 14:24:45.929552,COALINDIA,EQ,373.1,6300926,372.95,373.1,0,557,542
2025-02-03 14:24:52.386829,COALINDIA,EQ,373.1,6302891,372.95,373.15,0,162,1195
2025-02-03 14:24:58.940481,COALINDIA,EQ,373.15,6303039,372.95,373.15,0,126,643
2025-02-03 14:25:05.504098,COALINDIA,EQ,373.05,6306203,373.05,373.2,0,837,451
2025-02-03 14:25:11.916349,COALINDIA,EQ,373.05,6311391,373.05,373.2,0,792,200
2025-02-03 14:25:18.345099,COALINDIA,EQ,373.25,6313709,373.05,373.25,0,738,8756
2025-02-03 14:25:24.951414,COALINDIA,EQ,373.25,6313953,373.2,373.25,0,90,8182
2025-02-03 14:25:31.313438,COALINDIA,EQ,373.15,6315910,373.05,373.15,0,850,1
2025-02-03 14:25:37.786398,COALINDIA,EQ,373.05,6316374,373.05,373.15,0,635,851
2025-02-03 14:25:44.199325,COALINDIA,EQ,373.2,6318381,373.05,373.1,0,148,1
2025-02-03 14:25:50.602499,COALINDIA,EQ,373.15,6319830,373.05,373.15,0,103,1
2025-02-03 14:25:57.141453,COALINDIA,EQ,373.15,6320333,373.0,373.15,0,79,1326
2025-02-03 14:26:03.584667,COALINDIA,EQ,373.0,6320568,373.1,373.2,0,143,697
2025-02-03 14:26:10.062924,COALINDIA,EQ,373.1,6321438,372.95,373.1,0,11,551
2025-02-03 14:26:16.906081,COALINDIA,EQ,372.75,6324362,372.75,372.95,0,34,1251
2025-02-03 14:26:23.433560,COALINDIA,EQ,372.85,6324985,372.7,372.75,0,41,3
2025-02-03 14:26:29.827862,COALINDIA,EQ,372.75,6326561,372.7,372.75,0,160,2
2025-02-03 14:26:36.256269,COALINDIA,EQ,372.85,6327192,372.8,372.85,0,529,48
2025-02-03 14:26:42.600440,COALINDIA,EQ,372.7,6328581,372.65,372.85,0,3258,628
2025-02-03 14:26:49.095965,COALINDIA,EQ,372.8,6330432,372.8,372.9,0,14,755
2025-02-03 14:26:55.484364,COALINDIA,EQ,372.9,6332362,372.7,372.9,0,446,314
2025-02-03 14:27:02.018597,COALINDIA,EQ,372.85,6332900,372.7,372.9,0,1067,311
2025-02-03 14:27:08.348090,COALINDIA,EQ,372.75,6334107,372.75,372.9,0,417,293
2025-02-03 14:27:14.496367,COALINDIA,EQ,373.0,6334708,372.75,372.9,0,1091,155
2025-02-03 14:27:20.878685,COALINDIA,EQ,372.85,6336925,372.85,373.0,0,1,725
2025-02-03 14:27:27.355096,COALINDIA,EQ,372.9,6337638,372.85,372.9,0,1,50
2025-02-03 14:27:33.744027,COALINDIA,EQ,372.9,6338054,372.8,372.95,0,246,1032
2025-02-03 14:27:40.052049,COALINDIA,EQ,372.85,6340809,372.85,372.9,0,1,980
2025-02-03 14:27:46.586521,COALINDIA,EQ,372.9,6341170,372.85,372.9,0,3,357
2025-02-03 14:27:52.826674,COALINDIA,EQ,372.85,6341804,372.8,372.85,0,114,16
2025-02-03 14:27:59.385108,COALINDIA,EQ,372.9,6343145,372.7,372.75,0,118,284
2025-02-03 14:28:05.768410,COALINDIA,EQ,372.9,6347081,372.7,372.9,0,446,797
2025-02-03 14:28:12.081580,COALINDIA,EQ,372.9,6347157,372.9,373.0,0,55,751
2025-02-03 14:28:18.557691,COALINDIA,EQ,373.0,6347433,372.95,373.0,0,746,383
2025-02-03 14:28:24.881432,COALINDIA,EQ,373.0,6348840,372.9,373.0,0,2526,276
2025-02-03 14:28:31.138095,COALINDIA,EQ,373.05,6352456,373.0,373.2,0,1082,782
2025-02-03 14:28:37.500301,COALINDIA,EQ,373.2,6352844,373.05,373.2,0,430,644
2025-02-03 14:28:44.043855,COALINDIA,EQ,373.2,6354782,373.1,373.25,0,502,8351
2025-02-03 14:28:50.675123,COALINDIA,EQ,373.05,6355323,373.05,373.25,0,856,8902
2025-02-03 14:28:57.089634,COALINDIA,EQ,373.2,6358314,373.05,373.2,0,1090,322
2025-02-03 14:29:03.503793,COALINDIA,EQ,373.15,6358678,373.05,373.15,0,2391,1
2025-02-03 14:29:10.020105,COALINDIA,EQ,373.2,6360157,373.05,373.2,0,551,92
2025-02-03 14:29:17.315774,COALINDIA,EQ,373.25,6360736,373.1,373.25,0,1648,7597
2025-02-03 14:29:23.654459,COALINDIA,EQ,373.25,6361172,373.1,373.25,0,994,7464
2025-02-03 14:29:30.029858,COALINDIA,EQ,373.25,6364422,373.05,373.2,0,189,1445
2025-02-03 14:29:36.349883,COALINDIA,EQ,373.05,6365900,373.0,373.05,0,125,18
2025-02-03 14:29:42.849842,COALINDIA,EQ,373.05,6366071,373.0,373.05,0,41,695
2025-02-03 14:29:49.296531,COALINDIA,EQ,372.95,6366254,373.0,373.05,0,41,476
2025-02-03 14:29:55.825036,COALINDIA,EQ,373.1,6367114,372.95,373.1,0,266,662
2025-02-03 14:30:02.294428,COALINDIA,EQ,373.15,6368008,372.95,373.1,0,1068,230
2025-02-03 14:30:43.356458,COALINDIA,EQ,372.8,6376758,372.75,372.8,0,9,905
2025-02-03 14:30:51.472723,COALINDIA,EQ,372.75,6378016,372.7,372.75,0,78,409
2025-02-03 14:30:57.680651,COALINDIA,EQ,372.6,6379913,372.6,372.75,0,562,129
2025-02-03 14:31:04.042521,COALINDIA,EQ,372.6,6380331,372.6,372.75,0,216,740
2025-02-03 14:31:10.729649,COALINDIA,EQ,372.6,6381101,372.6,372.75,0,36,825
2025-02-03 14:31:17.062359,COALINDIA,EQ,372.75,6384437,372.55,372.75,0,253,1276
2025-02-03 14:31:24.194290,COALINDIA,EQ,372.7,6385650,372.65,372.7,0,11,438
2025-02-03 14:31:32.517022,COALINDIA,EQ,372.6,6385960,372.6,372.7,0,273,194
2025-02-03 14:31:39.856788,COALINDIA,EQ,372.55,6388696,372.55,372.7,0,2,441
2025-02-03 14:31:46.142360,COALINDIA,EQ,372.8,6389501,372.55,372.8,0,139,2226
2025-02-03 14:31:52.500672,COALINDIA,EQ,372.6,6391010,372.5,372.6,0,1334,1
2025-02-03 14:31:58.981509,COALINDIA,EQ,372.6,6391143,372.5,372.6,0,725,403
2025-02-03 14:32:05.496655,COALINDIA,EQ,372.6,6393081,372.45,372.5,0,10,384
2025-02-03 14:32:12.111592,COALINDIA,EQ,372.45,6397099,372.35,372.45,0,853,999
2025-02-03 14:32:18.524116,COALINDIA,EQ,372.45,6397161,372.35,372.45,0,832,954
2025-02-03 14:32:24.670198,COALINDIA,EQ,372.3,6400413,372.25,372.4,0,3683,1
2025-02-03 14:32:30.936089,COALINDIA,EQ,372.35,6401164,372.25,372.4,0,82,1405
2025-02-03 14:32:37.285313,COALINDIA,EQ,372.25,6402498,372.3,372.45,0,836,614
2025-02-03 14:32:45.733894,COALINDIA,EQ,372.4,6406802,372.3,372.4,0,936,46
2025-02-03 14:32:53.251613,COALINDIA,EQ,372.4,6414533,372.3,372.4,0,122,50
2025-02-03 14:33:00.105556,COALINDIA,EQ,372.4,6416402,372.3,372.4,0,5,947
2025-02-03 14:33:06.589139,COALINDIA,EQ,372.4,6417512,372.3,372.4,0,1748,589
2025-02-03 14:33:12.868657,COALINDIA,EQ,372.6,6419934,372.45,372.55,0,3,181
2025-02-03 14:33:19.183295,COALINDIA,EQ,372.5,6420685,372.5,372.6,0,783,50
2025-02-03 14:33:25.400251,COALINDIA,EQ,372.55,6421094,372.55,372.7,0,852,1
2025-02-03 14:33:31.572594,COALINDIA,EQ,372.7,6421258,372.65,372.7,0,117,492
2025-02-03 14:33:37.858926,COALINDIA,EQ,372.85,6424540,372.7,372.85,0,1,446
2025-02-03 14:33:44.355900,COALINDIA,EQ,372.85,6425222,372.65,372.85,0,1566,859
2025-02-03 14:33:50.615599,COALINDIA,EQ,372.85,6425993,372.75,372.85,0,108,418
2025-02-03 14:35:44.950271,COALINDIA,EQ,372.9,6450745,372.7,372.9,0,1395,988
2025-02-03 14:35:51.344482,COALINDIA,EQ,372.9,6450883,372.7,372.9,0,1715,940
2025-02-03 14:35:57.486583,COALINDIA,EQ,372.9,6453399,372.8,372.9,0,17,1285
2025-02-03 14:36:03.689463,COALINDIA,EQ,372.85,6453730,372.7,372.9,0,799,1989
2025-02-03 14:36:09.913375,COALINDIA,EQ,372.7,6454618,372.7,372.8,0,30,3
2025-02-03 14:36:16.317857,COALINDIA,EQ,372.8,6455440,372.75,372.8,0,250,773
2025-02-03 14:36:22.586297,COALINDIA,EQ,372.75,6457490,372.65,372.75,0,383,1
2025-02-03 14:36:30.031925,COALINDIA,EQ,372.8,6458469,372.75,372.8,0,1,443
2025-02-03 14:36:38.344827,COALINDIA,EQ,372.7,6459404,372.7,372.75,0,166,22
2025-02-03 14:36:45.591613,COALINDIA,EQ,372.7,6460176,372.8,372.9,0,224,855
2025-02-03 14:36:51.956318,COALINDIA,EQ,372.95,6461524,372.9,372.95,0,4334,573
2025-02-03 14:36:58.458265,COALINDIA,EQ,372.7,6468478,372.85,372.95,0,88,371
2025-02-03 14:37:04.728030,COALINDIA,EQ,372.65,6469652,372.65,372.8,0,45,878
2025-02-03 14:37:11.300510,COALINDIA,EQ,372.8,6470521,372.6,372.8,0,968,629
2025-02-03 14:37:17.809266,COALINDIA,EQ,372.85,6470733,372.75,372.8,0,3,234
2025-02-03 14:37:24.099264,COALINDIA,EQ,372.85,6473156,372.95,373.0,0,3,791
2025-02-03 14:37:30.659246,COALINDIA,EQ,373.0,6473964,372.9,373.0,0,219,483
2025-02-03 14:37:36.914695,COALINDIA,EQ,372.95,6475821,372.85,372.95,0,3,17
2025-02-03 14:37:42.999197,COALINDIA,EQ,372.95,6476187,372.8,372.95,0,150,923
2025-02-03 14:37:52.064526,COALINDIA,EQ,372.8,6477774,372.8,372.9,0,2020,10
2025-02-03 14:37:59.585656,COALINDIA,EQ,372.8,6480506,372.75,372.8,0,139,502
2025-02-03 14:38:06.071169,COALINDIA,EQ,372.7,6481142,372.75,372.8,0,67,444
2025-02-03 14:38:12.576216,COALINDIA,EQ,372.75,6482818,372.75,372.8,0,4355,1
2025-02-03 14:38:18.960566,COALINDIA,EQ,372.75,6483311,372.8,372.85,0,1,759
2025-02-03 14:38:25.683895,COALINDIA,EQ,372.75,6484612,372.75,372.8,0,3281,1
2025-02-03 14:38:32.013801,COALINDIA,EQ,372.95,6485083,372.75,372.85,0,3523,773
2025-02-03 14:38:38.344636,COALINDIA,EQ,372.95,6487649,372.75,372.95,0,4196,302
2025-02-03 14:38:44.564038,COALINDIA,EQ,372.75,6488598,372.75,372.95,0,2667,1232
2025-02-03 14:38:51.358824,COALINDIA,EQ,372.95,6488768,372.75,372.95,0,626,1056
2025-02-03 14:38:57.774138,COALINDIA,EQ,373.0,6491108,373.0,373.1,0,6,682
2025-02-03 14:39:06.403608,COALINDIA,EQ,373.05,6492076,372.95,373.05,0,660,2694
2025-02-03 14:39:14.195858,COALINDIA,EQ,373.05,6493149,372.95,373.0,0,396,1
2025-02-03 14:39:20.934328,COALINDIA,EQ,373.0,6493510,373.0,373.05,0,1,2263
2025-02-03 14:39:27.762571,COALINDIA,EQ,372.95,6494450,372.95,373.05,0,150,2211
2025-02-03 14:39:33.992854,COALINDIA,EQ,373.05,6498386,372.85,373.05,0,576,933
2025-02-03 14:39:40.309778,COALINDIA,EQ,372.75,6499493,372.8,373.0,0,146,1739
2025-02-03 14:39:46.918502,COALINDIA,EQ,372.95,6500116,372.75,372.95,0,306,158
2025-02-03 14:39:53.503095,COALINDIA,EQ,372.95,6501980,372.95,373.05,0,36,388
2025-02-03 14:40:00.088547,COALINDIA,EQ,373.05,6503657,372.85,373.05,0,476,679
2025-02-03 14:40:06.603530,COALINDIA,EQ,372.85,6505214,372.85,373.05,0,327,1837
2025-02-03 14:40:13.048124,COALINDIA,EQ,373.0,6505435,372.95,373.0,0,42,207
2025-02-03 14:40:21.578147,COALINDIA,EQ,372.95,6507042,372.9,372.95,0,80,1
2025-02-03 14:40:29.990044,COALINDIA,EQ,373.0,6508200,372.9,373.0,0,100,228
2025-02-03 14:40:37.349855,COALINDIA,EQ,372.95,6510002,372.9,373.0,0,98,1308
2025-02-03 14:40:43.528012,COALINDIA,EQ,373.0,6511065,372.8,373.0,0,426,1535
2025-02-03 14:40:50.011492,COALINDIA,EQ,372.75,6511640,372.75,372.95,0,317,940
2025-02-03 14:40:56.240907,COALINDIA,EQ,372.95,6512519,372.9,373.0,0,1,1245
2025-02-03 14:41:02.633069,COALINDIA,EQ,372.9,6514636,372.9,372.95,0,3,101
2025-02-03 14:41:09.064053,COALINDIA,EQ,372.75,6515644,372.65,372.7,0,209,43
2025-02-03 14:41:15.261637,COALINDIA,EQ,372.6,6515989,372.7,372.75,0,10,225
2025-02-03 14:41:21.599837,COALINDIA,EQ,372.6,6518481,372.55,372.6,0,215,1
2025-02-03 14:41:27.926808,COALINDIA,EQ,372.65,6518753,372.6,372.65,0,1,210
2025-02-03 14:41:34.943655,COALINDIA,EQ,372.55,6519470,372.55,372.65,0,85,148
2025-02-03 14:41:43.426665,COALINDIA,EQ,372.3,6523128,372.4,372.55,0,1,678
2025-02-03 14:41:51.194085,COALINDIA,EQ,372.45,6524544,372.45,372.6,0,710,237
2025-02-03 14:41:57.474344,COALINDIA,EQ,372.4,6524916,372.4,372.5,0,20,119
2025-02-03 14:42:03.826622,COALINDIA,EQ,372.35,6527340,372.3,372.4,0,1370,72
2025-02-03 14:42:10.270653,COALINDIA,EQ,372.35,6530328,372.35,372.5,0,1361,13
2025-02-03 14:42:16.495354,COALINDIA,EQ,372.6,6532000,372.5,372.6,0,2,395
2025-02-03 14:42:22.931241,COALINDIA,EQ,372.5,6532384,372.4,372.5,0,189,20
2025-02-03 14:42:29.554002,COALINDIA,EQ,372.35,6533046,372.4,372.5,0,182,204
2025-02-03 14:42:35.710849,COALINDIA,EQ,372.45,6534000,372.45,372.5,0,10,30
2025-02-03 14:42:41.915742,COALINDIA,EQ,372.65,6536224,372.4,372.55,0,73,618
2025-02-03 14:42:48.294588,COALINDIA,EQ,372.6,6537797,372.55,372.6,0,2720,161
2025-02-03 14:42:57.035959,COALINDIA,EQ,372.6,6540652,372.55,372.6,0,1009,35
2025-02-03 14:43:05.608867,COALINDIA,EQ,372.55,6541977,372.55,372.6,0,314,9780
2025-02-03 14:43:12.647252,COALINDIA,EQ,372.6,6542435,372.5,372.6,0,224,9637
2025-02-03 14:43:18.940664,COALINDIA,EQ,372.45,6544438,372.5,372.6,0,144,8131
2025-02-03 14:43:25.311483,COALINDIA,EQ,372.45,6546490,372.35,372.5,0,27,1656
2025-02-03 14:43:31.585523,COALINDIA,EQ,372.5,6547214,372.4,372.5,0,20,2
2025-02-03 14:43:37.977546,COALINDIA,EQ,372.55,6549059,372.45,372.55,0,1,73
2025-02-03 14:43:44.222541,COALINDIA,EQ,372.55,6549718,372.4,372.55,0,795,274
2025-02-03 14:43:50.470534,COALINDIA,EQ,372.55,6550246,372.4,372.55,0,12,499
2025-02-03 14:43:57.053217,COALINDIA,EQ,372.6,6552138,372.4,372.6,0,300,12319
2025-02-03 14:44:03.393319,COALINDIA,EQ,372.55,6552539,372.4,372.55,0,2,2070
2025-02-03 14:44:11.365658,COALINDIA,EQ,372.5,6554498,372.35,372.55,0,151,710
2025-02-03 14:44:19.394425,COALINDIA,EQ,372.55,6556705,372.55,372.6,0,7,16147
2025-02-03 14:44:26.397670,COALINDIA,EQ,372.55,6558417,372.5,372.55,0,149,1426
2025-02-03 14:44:33.010164,COALINDIA,EQ,372.55,6559296,372.35,372.55,0,1035,1216
2025-02-03 14:44:39.260957,COALINDIA,EQ,372.5,6565293,372.55,372.6,0,12,11554
2025-02-03 14:44:45.818625,COALINDIA,EQ,372.75,6565448,372.5,372.6,0,1943,11486
2025-02-03 14:44:52.617484,COALINDIA,EQ,372.7,6578005,372.6,372.75,0,402,749
2025-02-03 14:44:58.864660,COALINDIA,EQ,372.6,6579607,372.6,372.7,0,2371,1048
2025-02-03 14:45:05.214754,COALINDIA,EQ,372.6,6581144,372.6,372.8,0,2954,141
2025-02-03 14:45:11.626391,COALINDIA,EQ,372.6,6582884,372.6,372.8,0,2392,1570
2025-02-03 14:45:17.818790,COALINDIA,EQ,372.8,6583587,372.6,372.8,0,2495,606
2025-02-03 14:45:24.537700,COALINDIA,EQ,372.7,6583943,372.6,372.75,0,1616,1280
2025-02-03 14:45:33.037186,COALINDIA,EQ,372.75,6587641,372.6,372.75,0,366,308
2025-02-03 14:45:40.546649,COALINDIA,EQ,372.55,6588640,372.55,372.7,0,1089,18
2025-02-03 14:45:48.523788,COALINDIA,EQ,372.75,6590240,372.7,372.75,0,1,373
2025-02-03 14:45:57.292330,COALINDIA,EQ,372.75,6592187,372.65,372.75,0,39,3945
2025-02-03 14:46:04.862977,COALINDIA,EQ,372.7,6594264,372.55,372.65,0,91,376
2025-02-03 14:46:11.119662,COALINDIA,EQ,372.65,6594923,372.45,372.65,0,647,551
2025-02-03 14:46:17.262589,COALINDIA,EQ,372.5,6596710,372.45,372.5,0,758,30
2025-02-03 14:46:23.451248,COALINDIA,EQ,372.5,6596930,372.4,372.5,0,100,23
2025-02-03 14:46:29.846875,COALINDIA,EQ,372.55,6598515,372.45,372.55,0,1,1296
2025-02-03 14:46:36.520288,COALINDIA,EQ,372.4,6598997,372.5,372.55,0,13,829
2025-02-03 14:46:44.337293,COALINDIA,EQ,372.4,6604950,372.35,372.4,0,671,755
2025-02-03 14:46:52.496312,COALINDIA,EQ,372.4,6605047,372.35,372.4,0,668,658
2025-02-03 14:46:59.551367,COALINDIA,EQ,372.4,6606511,372.3,372.4,0,722,203
2025-02-03 14:47:06.046836,COALINDIA,EQ,372.3,6608689,372.3,372.5,0,1276,375
2025-02-03 14:47:13.146971,COALINDIA,EQ,372.5,6609915,372.3,372.45,0,983,934
2025-02-03 14:47:19.663022,COALINDIA,EQ,372.35,6610071,372.5,372.55,0,5,865
2025-02-03 14:47:25.964992,COALINDIA,EQ,372.4,6614955,372.45,372.6,0,1212,22
2025-02-03 14:47:32.436638,COALINDIA,EQ,372.55,6616119,372.55,372.6,0,8,959
2025-02-03 14:47:38.735917,COALINDIA,EQ,372.45,6617415,372.35,372.45,0,14,1050
2025-02-03 14:47:45.269326,COALINDIA,EQ,372.45,6617841,372.3,372.45,0,136,505
2025-02-03 14:47:51.976828,COALINDIA,EQ,372.35,6618438,372.3,372.35,0,1,1026
2025-02-03 14:47:59.651841,COALINDIA,EQ,372.35,6622826,372.25,372.35,0,31,5047
2025-02-03 14:48:08.050000,COALINDIA,EQ,372.2,6623528,372.2,372.25,0,143,1048
2025-02-03 14:48:15.676863,COALINDIA,EQ,372.05,6627516,372.05,372.1,0,3515,879
2025-02-03 14:48:22.069486,COALINDIA,EQ,372.0,6635737,372.0,372.15,0,3205,487
2025-02-03 14:48:28.571181,COALINDIA,EQ,372.1,6638201,372.0,372.1,0,394,590
2025-02-03 14:48:34.912440,COALINDIA,EQ,372.1,6639390,372.0,372.1,0,153,1174
2025-02-03 14:48:41.407054,COALINDIA,EQ,372.1,6641260,372.0,372.1,0,1,1712
2025-02-03 14:48:48.035570,COALINDIA,EQ,372.1,6643970,371.9,372.1,0,1529,967
2025-02-03 14:48:54.584398,COALINDIA,EQ,372.1,6644172,371.9,372.1,0,1744,839
2025-02-03 14:49:00.976977,COALINDIA,EQ,372.1,6645990,372.05,372.1,0,208,971
2025-02-03 14:49:07.603887,COALINDIA,EQ,372.2,6648741,372.05,372.2,0,2408,50
2025-02-03 14:49:14.718555,COALINDIA,EQ,372.25,6650168,372.15,372.25,0,10,212
2025-02-03 14:49:23.395901,COALINDIA,EQ,372.15,6651552,372.1,372.15,0,5,290
2025-02-03 14:49:30.910560,COALINDIA,EQ,372.0,6654601,372.05,372.2,0,294,1100
2025-02-03 14:49:37.990478,COALINDIA,EQ,372.0,6656541,372.0,372.1,0,2,1049
2025-02-03 14:49:44.471469,COALINDIA,EQ,371.9,6656808,371.9,372.0,0,1171,43
2025-02-03 14:49:50.915892,COALINDIA,EQ,371.85,6658257,371.85,371.9,0,88,231
2025-02-03 14:49:57.360180,COALINDIA,EQ,371.95,6660507,371.8,371.95,0,1320,93
2025-02-03 14:50:04.819787,COALINDIA,EQ,371.9,6661558,371.85,371.9,0,184,1
2025-02-03 14:50:11.707648,COALINDIA,EQ,371.8,6662216,371.8,371.95,0,841,63
2025-02-03 14:50:18.440010,COALINDIA,EQ,372.0,6662874,371.95,372.0,0,10,208
2025-02-03 14:50:25.548329,COALINDIA,EQ,371.8,6665961,371.8,372.0,0,485,10419
2025-02-03 14:50:33.180960,COALINDIA,EQ,372.0,6666699,371.8,372.0,0,1448,10078
2025-02-03 14:50:41.625599,COALINDIA,EQ,371.95,6668979,371.8,371.95,0,144,192
2025-02-03 14:50:48.688659,COALINDIA,EQ,371.9,6669538,371.9,371.95,0,1041,421
2025-02-03 14:50:55.820206,COALINDIA,EQ,372.0,6674147,371.9,372.0,0,85,7503
2025-02-03 14:51:03.200568,COALINDIA,EQ,371.95,6685377,371.95,372.1,0,1350,47
2025-02-03 14:51:09.585461,COALINDIA,EQ,371.95,6686988,371.9,371.95,0,28,20
2025-02-03 14:51:16.073234,COALINDIA,EQ,371.9,6690316,371.9,372.1,0,146,1584
2025-02-03 14:51:22.421045,COALINDIA,EQ,371.85,6690831,371.85,372.05,0,311,816
2025-02-03 14:51:28.868115,COALINDIA,EQ,372.05,6691074,371.95,372.05,0,15,915
2025-02-03 14:51:35.529246,COALINDIA,EQ,372.05,6692044,371.9,372.1,0,1205,296
2025-02-03 14:51:41.983002,COALINDIA,EQ,372.0,6695289,372.1,372.15,0,3,273
2025-02-03 14:51:49.968915,COALINDIA,EQ,372.2,6695786,372.05,372.15,0,178,17
2025-02-03 14:51:58.585139,COALINDIA,EQ,372.15,6699929,372.1,372.15,0,42,1050
2025-02-03 14:52:05.806420,COALINDIA,EQ,372.05,6700241,371.9,372.05,0,1665,911
2025-02-03 14:52:12.216894,COALINDIA,EQ,372.0,6702615,371.9,371.95,0,507,150
2025-02-03 14:52:18.676443,COALINDIA,EQ,372.1,6704587,372.0,372.1,0,4342,585
2025-02-03 14:52:25.278041,COALINDIA,EQ,372.0,6707726,372.0,372.2,0,3858,3088
2025-02-03 14:52:31.669170,COALINDIA,EQ,372.2,6708257,372.05,372.2,0,20,3319
2025-02-03 14:52:38.262941,COALINDIA,EQ,372.0,6711435,372.0,372.1,0,2409,1046
2025-02-03 14:52:44.613069,COALINDIA,EQ,372.15,6711796,372.0,372.1,0,2123,1014
2025-02-03 14:52:51.357191,COALINDIA,EQ,372.15,6713404,372.0,372.15,0,1652,579
2025-02-03 14:52:57.696601,COALINDIA,EQ,372.25,6721308,372.15,372.25,0,438,970
2025-02-03 14:53:04.807335,COALINDIA,EQ,372.35,6722409,372.1,372.25,0,1336,1
2025-02-03 14:53:13.136201,COALINDIA,EQ,372.2,6723901,372.1,372.2,0,163,452
2025-02-03 14:53:20.490542,COALINDIA,EQ,372.1,6727836,372.15,372.3,0,93,1023
2025-02-03 14:53:26.748445,COALINDIA,EQ,372.1,6728919,372.1,372.25,0,186,1152
2025-02-03 14:53:33.175633,COALINDIA,EQ,372.25,6729125,372.1,372.25,0,178,452
2025-02-03 14:53:39.360189,COALINDIA,EQ,372.05,6729930,372.1,372.3,0,339,1578
2025-02-03 14:53:45.624156,COALINDIA,EQ,372.25,6732982,372.2,372.25,0,1,813
2025-02-03 14:53:51.901259,COALINDIA,EQ,372.25,6733759,372.2,372.25,0,200,780
2025-02-03 14:53:58.349190,COALINDIA,EQ,372.25,6734247,372.2,372.25,0,49,441
2025-02-03 14:54:04.560218,COALINDIA,EQ,372.2,6735320,372.2,372.25,0,463,468
2025-02-03 14:54:10.769230,COALINDIA,EQ,372.05,6735957,372.15,372.2,0,199,22
2025-02-03 14:54:17.128904,COALINDIA,EQ,372.4,6738803,372.25,372.35,0,3,285
2025-02-03 14:54:25.605203,COALINDIA,EQ,372.2,6739460,372.15,372.35,0,390,1241
2025-02-03 14:54:33.163309,COALINDIA,EQ,372.4,6739681,372.2,372.35,0,294,26
2025-02-03 14:54:40.060149,COALINDIA,EQ,372.15,6744518,372.15,372.35,0,1674,6
2025-02-03 14:54:46.332435,COALINDIA,EQ,372.2,6745106,372.1,372.2,0,192,5
2025-02-03 14:54:53.165793,COALINDIA,EQ,372.4,6746526,372.2,372.3,0,10,100
2025-02-03 14:54:59.377353,COALINDIA,EQ,372.5,6749868,372.25,372.45,0,617,96
2025-02-03 14:55:05.731568,COALINDIA,EQ,372.6,6750829,372.4,372.5,0,1003,284
2025-02-03 14:55:12.063188,COALINDIA,EQ,372.55,6759060,372.55,372.6,0,20,17
2025-02-03 14:55:18.588751,COALINDIA,EQ,372.7,6763623,372.55,372.7,0,788,964
2025-02-03 14:55:25.242094,COALINDIA,EQ,372.75,6764695,372.5,372.7,0,1151,273
2025-02-03 14:55:31.678907,COALINDIA,EQ,372.7,6765899,372.55,372.7,0,1,330
2025-02-03 14:55:39.479981,COALINDIA,EQ,372.6,6767831,372.5,372.6,0,584,90
2025-02-03 14:55:47.536032,COALINDIA,EQ,372.5,6769373,372.6,372.7,0,1,281
2025-02-03 14:55:54.613066,COALINDIA,EQ,372.65,6770954,372.65,372.7,0,1,2318
2025-02-03 14:56:01.155876,COALINDIA,EQ,372.5,6774655,372.35,372.5,0,707,985
2025-02-03 14:56:07.462691,COALINDIA,EQ,372.55,6777989,372.35,372.55,0,397,3698
2025-02-03 14:56:14.349718,COALINDIA,EQ,372.35,6778699,372.35,372.45,0,411,1037
2025-02-03 14:56:20.860272,COALINDIA,EQ,372.45,6779378,372.35,372.45,0,673,220
2025-02-03 14:56:27.559436,COALINDIA,EQ,372.4,6781492,372.5,372.55,0,10,1035
2025-02-03 14:56:37.337308,COALINDIA,EQ,372.55,6783032,372.4,372.55,0,200,637
2025-02-03 14:56:43.726973,COALINDIA,EQ,372.45,6784191,372.3,372.45,0,124,8
2025-02-03 14:56:50.403970,COALINDIA,EQ,372.45,6784762,372.3,372.45,0,56,1330
2025-02-03 14:57:00.141865,COALINDIA,EQ,372.45,6787838,372.3,372.45,0,30,1048
2025-02-03 14:57:07.528854,COALINDIA,EQ,372.35,6788696,372.25,372.35,0,460,22
2025-02-03 14:57:14.264664,COALINDIA,EQ,372.35,6789398,372.25,372.35,0,750,580
2025-02-03 14:57:20.780947,COALINDIA,EQ,372.25,6789949,372.25,372.35,0,652,534
2025-02-03 14:57:27.644034,COALINDIA,EQ,372.3,6790695,372.25,372.35,0,1082,700
2025-02-03 14:57:34.098487,COALINDIA,EQ,372.25,6791076,372.25,372.3,0,440,888
2025-02-03 14:57:40.427291,COALINDIA,EQ,372.15,6798042,372.15,372.2,0,86,7
2025-02-03 14:57:46.789593,COALINDIA,EQ,372.15,6798692,372.15,372.25,0,184,7
2025-02-03 14:57:53.221135,COALINDIA,EQ,372.2,6799269,372.1,372.25,0,149,5045
2025-02-03 14:57:59.583424,COALINDIA,EQ,372.15,6800917,372.1,372.15,0,725,8
2025-02-03 14:58:05.972816,COALINDIA,EQ,372.25,6802659,372.2,372.25,0,2,3191
2025-02-03 14:58:14.397065,COALINDIA,EQ,372.15,6803220,372.2,372.25,0,1,3377
2025-02-03 14:58:23.125954,COALINDIA,EQ,372.2,6805264,372.15,372.25,0,202,1552
2025-02-03 14:58:29.663159,COALINDIA,EQ,372.45,6811834,372.25,372.4,0,75,980
2025-02-03 14:58:38.047412,COALINDIA,EQ,372.2,6811963,372.35,372.4,0,10,69
2025-02-03 14:58:44.481493,COALINDIA,EQ,372.4,6813715,372.35,372.4,0,140,1
2025-02-03 14:58:51.335135,COALINDIA,EQ,372.3,6816707,372.35,372.45,0,1,269
2025-02-03 14:58:58.198997,COALINDIA,EQ,372.45,6817230,372.4,372.45,0,1,981
2025-02-03 14:59:04.685011,COALINDIA,EQ,372.6,6823332,372.45,372.6,0,1286,50
2025-02-03 14:59:12.520985,COALINDIA,EQ,372.55,6825330,372.55,372.6,0,15,872
2025-02-03 14:59:18.999171,COALINDIA,EQ,372.5,6826002,372.5,372.6,0,317,829
2025-02-03 14:59:26.020911,COALINDIA,EQ,372.7,6826591,372.55,372.6,0,40,462
2025-02-03 14:59:34.700460,COALINDIA,EQ,372.75,6831159,372.7,372.75,0,61,4
2025-02-03 14:59:42.190858,COALINDIA,EQ,372.75,6831555,372.65,372.8,0,300,847
2025-02-03 14:59:48.916543,COALINDIA,EQ,372.7,6833098,372.7,372.8,0,4522,849
2025-02-03 14:59:55.387412,COALINDIA,EQ,372.7,6837227,372.7,372.75,0,2424,59
2025-02-03 15:00:02.172116,COALINDIA,EQ,372.7,6837879,372.7,372.75,0,3236,87
2025-02-03 15:00:08.594835,COALINDIA,EQ,372.85,6844038,372.85,373.0,0,8,6574
2025-02-03 15:00:15.120372,COALINDIA,EQ,373.05,6865968,373.05,373.2,0,2411,1350
2025-02-03 15:00:21.670988,COALINDIA,EQ,373.25,6872176,373.05,373.25,0,788,4297
2025-02-03 15:00:28.086384,COALINDIA,EQ,373.25,6875523,373.15,373.25,0,3,518
2025-02-03 15:00:34.640090,COALINDIA,EQ,373.3,6883379,373.15,373.25,0,47,3
2025-02-03 15:00:41.191936,COALINDIA,EQ,373.5,6944694,373.4,373.5,0,1041,1404
2025-02-03 15:00:50.374771,COALINDIA,EQ,373.45,6948556,373.35,373.45,0,951,218
2025-02-03 15:00:57.796674,COALINDIA,EQ,373.35,6952607,373.25,373.35,0,177,502
2025-02-03 15:01:05.615518,COALINDIA,EQ,373.4,6954021,373.35,373.4,0,64,38
2025-02-03 15:01:14.004851,COALINDIA,EQ,373.3,6955666,373.3,373.35,0,1104,34
2025-02-03 15:01:21.202127,COALINDIA,EQ,373.35,6956733,373.3,373.35,0,386,948
2025-02-03 15:01:27.785728,COALINDIA,EQ,373.25,6959601,373.25,373.3,0,51,25
2025-02-03 15:01:34.222647,COALINDIA,EQ,373.4,6962015,373.3,373.4,0,5000,182
2025-02-03 15:01:40.801480,COALINDIA,EQ,373.3,6963139,373.3,373.4,0,5123,278
2025-02-03 15:01:47.241826,COALINDIA,EQ,373.3,6966350,373.3,373.4,0,3514,186
2025-02-03 15:01:53.868951,COALINDIA,EQ,373.4,6967202,373.4,373.45,0,10,1598
2025-02-03 15:02:01.819145,COALINDIA,EQ,373.4,6967947,373.35,373.4,0,237,32
2025-02-03 15:02:10.023178,COALINDIA,EQ,373.35,6971270,373.3,373.45,0,3805,804
2025-02-03 15:02:17.390278,COALINDIA,EQ,373.45,6979357,373.3,373.45,0,270,391
2025-02-03 15:02:24.130221,COALINDIA,EQ,373.45,6980168,373.3,373.4,0,233,1
2025-02-03 15:02:30.540004,COALINDIA,EQ,373.3,6990642,373.3,373.45,0,2040,1797
2025-02-03 15:02:37.163467,COALINDIA,EQ,373.3,6994169,373.3,373.45,0,2438,2
2025-02-03 15:02:43.363819,COALINDIA,EQ,373.35,6995220,373.35,373.5,0,2258,8058
2025-02-03 15:02:49.863182,COALINDIA,EQ,373.45,6997854,373.45,373.5,0,29,7939
2025-02-03 15:02:56.332063,COALINDIA,EQ,373.5,6998471,373.45,373.5,0,92,7696
2025-02-03 15:03:02.891980,COALINDIA,EQ,373.5,7001405,373.45,373.5,0,27,5459
2025-02-03 15:03:09.508637,COALINDIA,EQ,373.45,7002010,373.45,373.5,0,51,5964
2025-02-03 15:03:17.505533,COALINDIA,EQ,373.5,7003666,373.45,373.5,0,10031,4964
2025-02-03 15:03:26.466474,COALINDIA,EQ,373.5,7005766,373.45,373.5,0,9893,4238
2025-02-03 15:03:33.493878,COALINDIA,EQ,373.5,7006728,373.45,373.5,0,9781,3448
2025-02-03 15:03:39.828532,COALINDIA,EQ,373.55,7011462,373.5,373.55,0,3091,1789
2025-02-03 15:03:46.287627,COALINDIA,EQ,373.55,7011861,373.5,373.55,0,4815,1626
2025-02-03 15:03:52.936212,COALINDIA,EQ,373.55,7012597,373.5,373.55,0,4454,1975
2025-02-03 15:03:59.368095,COALINDIA,EQ,373.55,7013370,373.5,373.55,0,4234,1489
2025-02-03 15:04:06.027536,COALINDIA,EQ,373.65,7018967,373.65,373.8,0,7,4965
2025-02-03 15:04:12.460474,COALINDIA,EQ,373.65,7021257,373.65,373.75,0,17,204
2025-02-03 15:04:18.788253,COALINDIA,EQ,373.6,7024236,373.65,373.75,0,6460,304
2025-02-03 15:04:25.362128,COALINDIA,EQ,373.45,7036328,373.5,373.55,0,2985,210
2025-02-03 15:04:32.532027,COALINDIA,EQ,373.5,7044015,373.45,373.5,0,8,672
2025-02-03 15:04:41.068059,COALINDIA,EQ,373.5,7044351,373.4,373.5,0,2021,645
2025-02-03 15:04:48.446697,COALINDIA,EQ,373.45,7045808,373.4,373.45,0,959,5
2025-02-03 15:04:55.092303,COALINDIA,EQ,373.65,7047567,373.6,373.7,0,1,610
2025-02-03 15:05:01.366919,COALINDIA,EQ,373.75,7051366,373.7,373.75,0,1,52
2025-02-03 15:05:07.833353,COALINDIA,EQ,373.7,7052082,373.7,373.75,0,11,85
2025-02-03 15:05:14.232931,COALINDIA,EQ,373.85,7055060,373.75,373.8,0,13,97
2025-02-03 15:05:21.398298,COALINDIA,EQ,373.9,7060153,373.85,373.9,0,2725,104
2025-02-03 15:05:27.948049,COALINDIA,EQ,373.9,7062137,373.9,373.95,0,8,438
