timestamp,symbol,instrument,ltp,volume,bid,ask,oi,bid_qty,ask_qty
2025-02-03 09:30:10.689412,NTPC,EQ,309.7,1812167,309.7,309.75,0,2433,16
2025-02-03 09:32:39.120760,NTPC,EQ,309.25,2108836,309.25,309.35,0,1013,41
2025-02-03 09:32:46.760634,NTPC,EQ,308.65,2141359,308.65,308.8,0,468,324
2025-02-03 09:33:00.834562,NTPC,EQ,308.7,2146315,308.65,308.7,0,21,575
2025-02-03 09:33:12.064897,NTPC,EQ,308.25,2162519,308.25,308.35,0,2959,121
2025-02-03 09:33:26.671944,NTPC,EQ,308.1,2178169,308.1,308.15,0,1021,545
2025-02-03 09:33:34.629581,NTPC,EQ,308.1,2185812,308.1,308.15,0,1072,258
2025-02-03 09:33:42.235199,NTPC,EQ,307.95,2222066,307.95,308.0,0,53,1068
2025-02-03 09:33:50.053170,NTPC,EQ,308.0,2226917,307.9,308.0,0,141,1142
2025-02-03 09:33:58.410243,NTPC,EQ,307.8,2236722,307.7,307.8,0,240,755
2025-02-03 09:34:10.165932,NTPC,EQ,307.65,2246867,307.65,307.8,0,699,2808
2025-02-03 09:34:23.396900,NTPC,EQ,307.95,2252785,307.85,307.95,0,870,524
2025-02-03 09:34:31.376002,NTPC,EQ,307.7,2262517,307.7,307.8,0,192,578
2025-02-03 09:34:39.313070,NTPC,EQ,307.65,2273027,307.65,307.7,0,95,1
2025-02-03 09:34:46.643980,NTPC,EQ,307.4,2282491,307.4,307.6,0,2459,1048
2025-02-03 09:34:56.761241,NTPC,EQ,307.3,2322812,307.3,307.4,0,336,136
2025-02-03 09:35:14.317654,NTPC,EQ,307.0,2395268,306.95,307.0,0,522,327
2025-02-03 09:35:33.040461,NTPC,EQ,306.95,2419830,306.9,307.0,0,120,7089
2025-02-03 09:35:45.178057,NTPC,EQ,307.05,2453953,306.95,307.05,0,134,450
2025-02-03 09:35:56.601437,NTPC,EQ,306.95,2470637,306.95,307.0,0,683,85
2025-02-03 09:36:04.828673,NTPC,EQ,306.95,2480738,306.95,307.0,0,132,98
2025-02-03 09:36:12.911593,NTPC,EQ,307.0,2483535,306.95,307.0,0,1137,1781
2025-02-03 09:36:21.623829,NTPC,EQ,307.0,2484263,306.95,307.0,0,1442,1234
2025-02-03 09:36:29.355470,NTPC,EQ,306.9,2491826,306.8,306.9,0,170,554
2025-02-03 09:36:39.787252,NTPC,EQ,307.0,2502056,306.95,307.0,0,88,1554
2025-02-03 09:36:52.072659,NTPC,EQ,306.95,2510888,306.9,306.95,0,194,593
2025-02-03 09:37:00.878188,NTPC,EQ,306.9,2513744,306.85,306.9,0,1,4509
2025-02-03 09:37:09.855335,NTPC,EQ,306.9,2518545,306.85,306.9,0,152,1186
2025-02-03 09:37:17.208727,NTPC,EQ,306.9,2522298,306.85,306.9,0,327,210
2025-02-03 09:37:25.181401,NTPC,EQ,306.65,2528927,306.6,306.7,0,1778,305
2025-02-03 09:37:32.996811,NTPC,EQ,306.6,2531221,306.6,306.7,0,604,459
2025-02-03 09:37:42.014472,NTPC,EQ,306.6,2541774,306.5,306.6,0,1169,571
2025-02-03 09:37:51.325264,NTPC,EQ,306.55,2545653,306.5,306.55,0,710,780
2025-02-03 09:38:02.250337,NTPC,EQ,306.35,2556525,306.25,306.35,0,1068,352
2025-02-03 09:38:12.645619,NTPC,EQ,306.0,2589951,306.0,306.05,0,4953,584
2025-02-03 09:38:22.172938,NTPC,EQ,306.0,2604786,306.0,306.05,0,1221,2
2025-02-03 09:38:29.941115,NTPC,EQ,306.1,2611468,306.05,306.2,0,888,78
2025-02-03 09:38:37.493118,NTPC,EQ,306.3,2618417,306.2,306.3,0,71,801
2025-02-03 09:38:47.569722,NTPC,EQ,306.05,2629445,306.05,306.15,0,156,679
2025-02-03 09:38:58.633076,NTPC,EQ,306.05,2633517,306.0,306.05,0,5145,1224
2025-02-03 09:39:06.989042,NTPC,EQ,306.15,2637534,306.05,306.15,0,1,2896
2025-02-03 09:39:18.459920,NTPC,EQ,306.2,2649801,306.2,306.25,0,286,1005
2025-02-03 09:39:31.526679,NTPC,EQ,306.3,2656563,306.3,306.35,0,47,211
2025-02-03 09:39:39.878063,NTPC,EQ,306.3,2661923,306.3,306.4,0,256,984
2025-02-03 09:39:47.946752,NTPC,EQ,306.3,2661923,306.3,306.4,0,256,984
2025-02-03 09:39:55.618354,NTPC,EQ,305.85,2669612,306.2,306.25,0,694,645
2025-02-03 09:40:05.079589,NTPC,EQ,306.05,2699140,305.9,306.0,0,75,289
2025-02-03 09:40:16.134412,NTPC,EQ,306.15,2714287,306.0,306.05,0,1141,27
2025-02-03 09:40:26.429727,NTPC,EQ,306.25,2717536,306.1,306.15,0,14,1220
2025-02-03 09:40:38.530415,NTPC,EQ,306.05,2755015,306.05,306.1,0,58,81
2025-02-03 09:40:51.853249,NTPC,EQ,306.05,2768736,305.85,306.05,0,1747,2974
2025-02-03 09:40:59.307112,NTPC,EQ,306.1,2773835,306.05,306.15,0,800,20
2025-02-03 09:41:07.024663,NTPC,EQ,306.15,2778362,306.1,306.25,0,101,3093
2025-02-03 09:41:14.659876,NTPC,EQ,306.15,2784945,306.1,306.15,0,5,179
2025-02-03 09:41:23.392542,NTPC,EQ,305.9,2799179,305.85,305.9,0,569,576
2025-02-03 09:41:32.483069,NTPC,EQ,306.0,2799179,305.85,305.9,0,569,576
2025-02-03 09:41:40.981771,NTPC,EQ,305.6,2813999,305.85,305.9,0,361,421
2025-02-03 09:41:54.826687,NTPC,EQ,305.25,2833228,305.2,305.25,0,1170,112
2025-02-03 09:42:05.270707,NTPC,EQ,305.45,2855362,305.3,305.45,0,378,474
2025-02-03 09:42:13.281372,NTPC,EQ,305.35,2865948,305.3,305.35,0,401,271
2025-02-03 09:42:21.534509,NTPC,EQ,305.3,2871275,305.3,305.35,0,346,440
2025-02-03 09:42:29.548700,NTPC,EQ,305.45,2920658,305.3,305.4,0,625,8
2025-02-03 09:42:37.477223,NTPC,EQ,305.65,2926580,305.5,305.6,0,550,1556
2025-02-03 09:42:45.118858,NTPC,EQ,305.7,2939743,305.7,305.75,0,109,160
2025-02-03 09:42:52.974070,NTPC,EQ,305.6,2961204,305.55,305.75,0,2143,656
2025-02-03 09:43:00.956799,NTPC,EQ,305.65,2977232,305.6,305.65,0,55,294
2025-02-03 09:43:11.158152,NTPC,EQ,305.25,2980720,305.15,305.3,0,1914,621
2025-02-03 09:43:21.510577,NTPC,EQ,305.2,2991114,305.15,305.2,0,289,54
2025-02-03 09:43:29.114381,NTPC,EQ,305.15,2994325,305.1,305.15,0,1,222
2025-02-03 09:43:36.758396,NTPC,EQ,305.35,3007586,305.2,305.35,0,513,751
2025-02-03 09:43:44.330789,NTPC,EQ,305.3,3009922,305.25,305.45,0,622,2611
2025-02-03 09:43:53.246563,NTPC,EQ,305.1,3016423,305.0,305.1,0,28072,7
2025-02-03 09:44:01.282252,NTPC,EQ,305.05,3024259,305.05,305.1,0,3,1142
2025-02-03 09:44:09.119166,NTPC,EQ,305.05,3034530,305.05,305.1,0,1837,153
2025-02-03 09:44:18.035700,NTPC,EQ,305.3,3049166,305.2,305.25,0,35,6
2025-02-03 09:44:28.483363,NTPC,EQ,305.0,3055634,305.1,305.25,0,1151,140
2025-02-03 09:44:37.433738,NTPC,EQ,305.0,3088523,304.95,305.0,0,101,197
2025-02-03 09:44:44.964017,NTPC,EQ,305.0,3089680,304.95,305.0,0,71,805
2025-02-03 09:44:52.759906,NTPC,EQ,304.65,3092420,304.75,304.8,0,258,441
2025-02-03 09:45:01.051553,NTPC,EQ,304.5,3095045,304.6,304.65,0,151,155
2025-02-03 09:45:08.668992,NTPC,EQ,304.35,3102609,304.35,304.5,0,505,400
2025-02-03 09:45:17.318050,NTPC,EQ,304.4,3104243,304.3,304.4,0,75,1142
2025-02-03 09:45:33.114124,NTPC,EQ,304.3,3112760,304.2,304.25,0,23,120
2025-02-03 09:45:44.293212,NTPC,EQ,304.0,3120795,304.0,304.1,0,6077,3519
2025-02-03 09:45:54.253925,NTPC,EQ,304.2,3128387,304.1,304.15,0,55,150
2025-02-03 09:46:01.886978,NTPC,EQ,304.2,3135317,304.15,304.2,0,150,414
2025-02-03 09:46:10.034317,NTPC,EQ,304.55,3144597,304.5,304.6,0,3849,332
2025-02-03 09:46:17.885821,NTPC,EQ,304.5,3149223,304.45,304.5,0,822,1008
2025-02-03 09:46:25.671319,NTPC,EQ,304.5,3152053,304.5,304.6,0,1023,739
2025-02-03 09:46:33.281602,NTPC,EQ,304.75,3155951,304.6,304.75,0,1493,2966
2025-02-03 09:46:41.117015,NTPC,EQ,304.85,3185109,304.75,304.85,0,113,3146
2025-02-03 09:46:51.075093,NTPC,EQ,305.0,3192374,304.9,305.0,0,10,276
2025-02-03 09:47:01.033969,NTPC,EQ,304.9,3195235,304.85,304.9,0,1141,778
2025-02-03 09:47:09.960535,NTPC,EQ,305.05,3207904,305.1,305.2,0,313,521
2025-02-03 09:47:18.659236,NTPC,EQ,305.15,3210825,305.0,305.15,0,1044,1727
2025-02-03 09:47:32.975539,NTPC,EQ,305.15,3217726,305.0,305.15,0,609,1363
2025-02-03 09:47:57.338434,NTPC,EQ,305.0,3233709,305.05,305.15,0,408,45
2025-02-03 09:48:05.272277,NTPC,EQ,304.65,3240395,304.65,304.8,0,202,1655
2025-02-03 09:48:18.069051,NTPC,EQ,304.45,3253684,304.35,304.45,0,150,254
2025-02-03 09:48:27.912384,NTPC,EQ,304.7,3258299,304.5,304.7,0,1503,2797
2025-02-03 09:48:36.879135,NTPC,EQ,304.75,3260471,304.75,304.8,0,616,150
2025-02-03 09:48:44.834860,NTPC,EQ,305.0,3265262,304.95,305.0,0,151,1257
2025-02-03 09:48:55.163970,NTPC,EQ,304.85,3273104,304.85,304.95,0,32,2024
2025-02-03 09:49:03.671670,NTPC,EQ,304.95,3274886,304.9,304.95,0,7,485
2025-02-03 09:49:13.547883,NTPC,EQ,304.95,3276035,304.9,304.95,0,1844,264
2025-02-03 09:49:24.816599,NTPC,EQ,305.0,3278957,304.95,305.0,0,3,81
2025-02-03 09:49:37.241798,NTPC,EQ,304.8,3290697,304.8,304.85,0,382,64
2025-02-03 09:49:46.399856,NTPC,EQ,304.75,3293338,304.7,304.75,0,10,546
2025-02-03 09:49:56.925244,NTPC,EQ,304.7,3296480,304.65,304.7,0,2,324
2025-02-03 09:50:06.125391,NTPC,EQ,304.9,3300685,304.75,304.8,0,230,50
2025-02-03 09:50:14.924231,NTPC,EQ,304.85,3304173,304.8,304.95,0,11,594
2025-02-03 09:50:24.509311,NTPC,EQ,304.95,3320222,304.95,305.0,0,358,101
2025-02-03 09:50:33.725145,NTPC,EQ,305.1,3321846,305.0,305.1,0,2362,623
2025-02-03 09:50:44.188338,NTPC,EQ,305.2,3383444,305.15,305.2,0,75,1450
2025-02-03 09:50:56.242089,NTPC,EQ,305.15,3388109,305.0,305.15,0,972,1500
2025-02-03 09:51:04.671442,NTPC,EQ,305.5,3392914,305.35,305.5,0,2151,2035
2025-02-03 09:51:12.734135,NTPC,EQ,305.5,3396436,305.4,305.5,0,336,550
2025-02-03 09:51:21.234346,NTPC,EQ,305.55,3398652,305.5,305.55,0,160,124
2025-02-03 09:51:29.355227,NTPC,EQ,306.1,3439037,306.1,306.15,0,131,110
2025-02-03 09:51:37.625862,NTPC,EQ,306.25,3443629,306.25,306.4,0,201,1003
2025-02-03 09:51:46.332801,NTPC,EQ,306.5,3447542,306.35,306.45,0,523,6
2025-02-03 09:51:54.179862,NTPC,EQ,306.45,3455429,306.3,306.45,0,517,919
2025-02-03 09:52:06.612731,NTPC,EQ,306.4,3457382,306.3,306.4,0,1000,414
2025-02-03 09:52:17.172763,NTPC,EQ,306.55,3463710,306.4,306.55,0,3057,238
2025-02-03 09:52:27.246177,NTPC,EQ,306.15,3471264,306.1,306.15,0,82,1198
2025-02-03 09:52:34.970862,NTPC,EQ,306.2,3473938,306.1,306.15,0,150,267
2025-02-03 09:52:42.730944,NTPC,EQ,306.1,3478372,306.0,306.1,0,1885,718
2025-02-03 09:52:50.815210,NTPC,EQ,306.0,3480923,306.0,306.1,0,2693,476
2025-02-03 09:52:58.175091,NTPC,EQ,305.9,3485195,305.75,305.8,0,2,978
2025-02-03 09:53:06.008006,NTPC,EQ,305.7,3490593,305.65,305.7,0,150,3
2025-02-03 09:53:16.066460,NTPC,EQ,305.7,3497075,305.6,305.65,0,3,6
2025-02-03 09:53:25.303169,NTPC,EQ,305.75,3501872,305.75,305.8,0,474,526
2025-02-03 09:53:35.676600,NTPC,EQ,305.85,3504941,305.8,305.85,0,481,196
2025-02-03 09:53:43.439038,NTPC,EQ,306.1,3510331,305.95,306.1,0,286,2155
2025-02-03 09:53:51.253233,NTPC,EQ,305.7,3512656,305.5,305.7,0,2340,3301
2025-02-03 09:53:59.190725,NTPC,EQ,305.55,3514278,305.5,305.55,0,2014,1128
2025-02-03 09:54:06.935036,NTPC,EQ,305.55,3514351,305.5,305.55,0,458,1701
2025-02-03 09:54:15.011971,NTPC,EQ,305.4,3517162,305.35,305.4,0,387,108
2025-02-03 09:54:22.562370,NTPC,EQ,305.45,3520857,305.45,305.65,0,1153,1404
2025-02-03 09:54:32.417166,NTPC,EQ,305.45,3522304,305.4,305.45,0,31,1229
2025-02-03 09:54:43.500854,NTPC,EQ,305.7,3526184,305.55,305.7,0,555,464
2025-02-03 09:54:52.080880,NTPC,EQ,305.7,3526449,305.55,305.65,0,173,369
2025-02-03 09:55:02.035852,NTPC,EQ,305.7,3528333,305.55,305.7,0,117,706
2025-02-03 09:55:09.699489,NTPC,EQ,305.5,3529266,305.4,305.5,0,85,826
2025-02-03 09:55:17.988823,NTPC,EQ,305.9,3532880,305.6,305.7,0,668,29
2025-02-03 09:55:26.997021,NTPC,EQ,305.75,3536316,305.8,305.9,0,5,935
2025-02-03 09:55:34.951205,NTPC,EQ,305.9,3537656,305.8,305.9,0,500,237
2025-02-03 09:55:44.631709,NTPC,EQ,305.7,3539263,305.6,305.75,0,162,911
2025-02-03 09:55:56.618431,NTPC,EQ,305.65,3542809,305.6,305.7,0,36,1211
2025-02-03 09:56:06.146717,NTPC,EQ,305.5,3560595,305.45,305.5,0,91,1121
2025-02-03 09:56:14.394424,NTPC,EQ,305.75,3563792,305.65,305.8,0,18,1476
2025-02-03 09:56:21.987580,NTPC,EQ,305.95,3565079,305.75,305.9,0,1256,1142
2025-02-03 09:56:29.847742,NTPC,EQ,306.05,3568592,306.05,306.2,0,151,709
2025-02-03 09:56:37.537662,NTPC,EQ,306.0,3571965,305.95,306.0,0,4,4
2025-02-03 09:56:45.298199,NTPC,EQ,305.8,3574329,305.7,305.8,0,41,191
2025-02-03 09:56:54.951049,NTPC,EQ,306.1,3576311,305.9,306.05,0,698,135
2025-02-03 09:57:04.482848,NTPC,EQ,306.15,3579241,306.15,306.2,0,20,429
2025-02-03 09:57:17.171237,NTPC,EQ,305.7,3591880,305.65,305.7,0,58,1140
2025-02-03 09:57:27.753112,NTPC,EQ,305.65,3593647,305.55,305.65,0,187,127
2025-02-03 09:57:37.679994,NTPC,EQ,305.65,3596638,305.5,305.6,0,621,39
2025-02-03 09:57:45.696550,NTPC,EQ,305.35,3597884,305.35,305.5,0,144,1554
2025-02-03 09:57:53.153979,NTPC,EQ,305.35,3599009,305.3,305.35,0,216,1050
2025-02-03 09:58:01.089365,NTPC,EQ,305.05,3600992,305.05,305.15,0,336,712
2025-02-03 09:58:08.730781,NTPC,EQ,305.05,3618453,305.0,305.05,0,3,1314
2025-02-03 09:58:15.960566,NTPC,EQ,305.0,3620657,304.9,305.0,0,31,303
2025-02-03 09:58:27.839617,NTPC,EQ,304.65,3627442,304.65,304.75,0,200,3320
2025-02-03 09:58:38.514977,NTPC,EQ,304.85,3641254,304.7,304.85,0,803,387
2025-02-03 09:58:46.517468,NTPC,EQ,305.0,3643855,304.85,305.0,0,2132,1156
2025-02-03 09:58:54.452505,NTPC,EQ,304.95,3644247,304.85,304.95,0,13,1840
2025-02-03 09:59:02.704889,NTPC,EQ,305.35,3653577,305.3,305.35,0,42,145
2025-02-03 09:59:13.570108,NTPC,EQ,305.15,3658584,305.15,305.2,0,606,149
2025-02-03 09:59:29.093519,NTPC,EQ,305.6,3664424,305.6,305.7,0,161,435
2025-02-03 09:59:41.825294,NTPC,EQ,305.65,3669014,305.5,305.65,0,2534,216
2025-02-03 09:59:52.440231,NTPC,EQ,305.5,3671835,305.35,305.5,0,25,1321
2025-02-03 10:00:00.563992,NTPC,EQ,305.65,3678463,305.65,305.7,0,319,96
2025-02-03 10:00:08.405964,NTPC,EQ,305.65,3679138,305.6,305.65,0,1,309
2025-02-03 10:00:16.566616,NTPC,EQ,305.6,3680176,305.55,305.6,0,323,6
2025-02-03 10:00:29.216854,NTPC,EQ,305.4,3683963,305.3,305.4,0,61,837
2025-02-03 10:00:40.252752,NTPC,EQ,305.2,3685129,305.15,305.2,0,454,460
2025-02-03 10:00:51.970051,NTPC,EQ,305.1,3687257,305.05,305.1,0,40,2307
2025-02-03 10:01:03.328758,NTPC,EQ,305.1,3691285,305.0,305.1,0,670,31
2025-02-03 10:01:14.135000,NTPC,EQ,305.55,3695644,305.4,305.55,0,282,334
2025-02-03 10:01:22.497554,NTPC,EQ,305.4,3696146,305.55,305.6,0,10,33
2025-02-03 10:01:31.327754,NTPC,EQ,306.2,3698280,305.7,305.85,0,224,2887
2025-02-03 10:01:38.838023,NTPC,EQ,306.2,3704589,306.1,306.25,0,675,766
2025-02-03 10:01:46.765338,NTPC,EQ,306.25,3711045,306.15,306.25,0,4,5233
2025-02-03 10:01:55.135530,NTPC,EQ,306.5,3713764,306.3,306.5,0,816,2478
2025-02-03 10:02:02.908097,NTPC,EQ,306.0,3719555,305.9,306.0,0,29,888
2025-02-03 10:02:14.152744,NTPC,EQ,306.2,3720296,306.1,306.2,0,50,1101
2025-02-03 10:02:25.137564,NTPC,EQ,306.1,3721461,306.0,306.1,0,890,356
2025-02-03 10:02:37.133246,NTPC,EQ,306.0,3724119,305.9,306.0,0,32,467
2025-02-03 10:02:48.622138,NTPC,EQ,305.85,3727355,305.75,305.85,0,8,592
2025-02-03 10:03:00.159105,NTPC,EQ,305.7,3728606,305.55,305.7,0,213,1678
2025-02-03 10:03:09.829186,NTPC,EQ,305.55,3729634,305.55,305.6,0,145,5
2025-02-03 10:03:17.609249,NTPC,EQ,305.85,3734258,305.65,305.8,0,2,1897
2025-02-03 10:03:25.926408,NTPC,EQ,305.7,3734950,305.6,305.7,0,186,1892
2025-02-03 10:03:41.729021,NTPC,EQ,305.5,3738390,305.4,305.5,0,9,1939
2025-02-03 10:03:51.426020,NTPC,EQ,305.45,3739633,305.3,305.4,0,6,6
2025-02-03 10:03:59.136475,NTPC,EQ,305.55,3740148,305.4,305.55,0,3,2334
2025-02-03 10:04:06.983719,NTPC,EQ,305.75,3740451,305.65,305.75,0,1,386
2025-02-03 10:04:15.305043,NTPC,EQ,305.5,3741760,305.5,305.55,0,109,897
2025-02-03 10:04:26.079726,NTPC,EQ,305.6,3743360,305.5,305.55,0,83,285
2025-02-03 10:04:41.032025,NTPC,EQ,305.7,3748075,305.65,305.7,0,142,1719
2025-02-03 10:04:53.242872,NTPC,EQ,305.85,3787663,305.7,305.85,0,1785,67
2025-02-03 10:05:02.585928,NTPC,EQ,305.6,3790485,305.6,305.75,0,486,709
2025-02-03 10:05:10.310853,NTPC,EQ,305.65,3792331,305.6,305.65,0,3,342
2025-02-03 10:05:18.435006,NTPC,EQ,305.6,3792942,305.5,305.6,0,971,61
2025-02-03 10:05:26.267012,NTPC,EQ,305.65,3793662,305.6,305.65,0,5,84
2025-02-03 10:05:33.602177,NTPC,EQ,305.6,3794027,305.55,305.6,0,9,170
2025-02-03 10:05:40.883727,NTPC,EQ,305.6,3797126,305.65,305.7,0,603,127
2025-02-03 10:05:48.517861,NTPC,EQ,305.7,3798016,305.6,305.65,0,162,35
2025-02-03 10:05:55.989612,NTPC,EQ,305.7,3798422,305.65,305.7,0,1,503
2025-02-03 10:06:07.207852,NTPC,EQ,305.6,3798778,305.7,305.75,0,635,25
2025-02-03 10:06:17.093131,NTPC,EQ,305.7,3813882,305.65,305.7,0,536,14
2025-02-03 10:06:24.808108,NTPC,EQ,306.2,3843698,306.15,306.2,0,2409,1110
2025-02-03 10:06:33.144445,NTPC,EQ,305.95,3851209,306.0,306.1,0,1,343
2025-02-03 10:06:41.466248,NTPC,EQ,305.85,3852205,305.9,306.1,0,2489,730
2025-02-03 10:06:49.310539,NTPC,EQ,305.8,3853561,305.75,305.8,0,25,6
2025-02-03 10:07:04.727243,NTPC,EQ,305.85,3856030,305.8,305.85,0,24,30
2025-02-03 10:07:16.639921,NTPC,EQ,306.0,3857281,305.9,306.0,0,150,180
2025-02-03 10:07:29.044808,NTPC,EQ,306.0,3859272,306.0,306.15,0,140,606
2025-02-03 10:07:37.490102,NTPC,EQ,306.25,3860710,306.05,306.25,0,2337,888
2025-02-03 10:07:45.040953,NTPC,EQ,306.0,3862011,305.9,306.0,0,5,174
2025-02-03 10:07:52.515539,NTPC,EQ,306.05,3862630,306.0,306.05,0,1003,375
2025-02-03 10:08:00.296098,NTPC,EQ,306.1,3865503,306.0,306.1,0,1433,130
2025-02-03 10:08:08.517758,NTPC,EQ,306.2,3866697,306.0,306.15,0,1600,1649
2025-02-03 10:08:16.245908,NTPC,EQ,306.3,3867869,306.25,306.3,0,519,190
2025-02-03 10:08:23.781473,NTPC,EQ,306.1,3868747,306.15,306.25,0,5,492
2025-02-03 10:08:31.813265,NTPC,EQ,306.0,3874953,305.85,306.0,0,657,769
2025-02-03 10:08:42.736094,NTPC,EQ,305.95,3876014,305.9,306.0,0,1877,550
2025-02-03 10:08:51.965064,NTPC,EQ,306.2,3880633,306.05,306.2,0,2280,161
2025-02-03 10:09:02.735859,NTPC,EQ,306.2,3881670,306.1,306.2,0,50,755
2025-02-03 10:09:14.519844,NTPC,EQ,306.25,3882199,306.1,306.2,0,248,6
2025-02-03 10:09:24.595781,NTPC,EQ,306.05,3885644,306.0,306.05,0,567,203
2025-02-03 10:09:33.780088,NTPC,EQ,306.0,3888859,305.8,306.0,0,2273,1080
2025-02-03 10:09:41.571575,NTPC,EQ,305.95,3889845,305.9,305.95,0,200,3
2025-02-03 10:09:50.884164,NTPC,EQ,305.85,3890244,305.9,305.95,0,323,920
2025-02-03 10:10:01.997344,NTPC,EQ,306.05,3894675,305.9,305.95,0,188,646
2025-02-03 10:10:10.331610,NTPC,EQ,306.35,3899170,306.1,306.25,0,93,2172
2025-02-03 10:10:18.959043,NTPC,EQ,306.4,3901815,306.25,306.4,0,1229,353
2025-02-03 10:10:26.730805,NTPC,EQ,306.35,3909998,306.25,306.35,0,133,149
2025-02-03 10:10:34.332299,NTPC,EQ,306.45,3910345,306.25,306.3,0,2913,4
2025-02-03 10:10:42.597585,NTPC,EQ,306.4,3912291,306.4,306.45,0,160,139
2025-02-03 10:10:50.468817,NTPC,EQ,306.65,3914525,306.6,306.7,0,125,1696
2025-02-03 10:10:57.893339,NTPC,EQ,306.45,3914525,306.6,306.7,0,125,1696
2025-02-03 10:11:08.647547,NTPC,EQ,306.35,3920252,306.3,306.35,0,480,260
2025-02-03 10:11:19.231539,NTPC,EQ,306.7,3921557,306.65,306.7,0,52,154
2025-02-03 10:11:27.564733,NTPC,EQ,306.75,3924450,306.65,306.75,0,519,1446
2025-02-03 10:11:35.723195,NTPC,EQ,306.85,3927088,306.7,306.85,0,119,1912
2025-02-03 10:11:43.049588,NTPC,EQ,306.85,3929873,306.75,306.85,0,1394,5
2025-02-03 10:11:50.411878,NTPC,EQ,306.75,3931696,306.7,306.75,0,99,143
2025-02-03 10:11:58.048620,NTPC,EQ,306.65,3932757,306.6,306.65,0,303,251
2025-02-03 10:12:05.913874,NTPC,EQ,306.9,3938622,306.75,306.9,0,1654,1128
2025-02-03 10:12:13.936957,NTPC,EQ,306.85,3947144,306.7,306.75,0,447,3
2025-02-03 10:12:23.349461,NTPC,EQ,306.7,3948546,306.65,306.7,0,456,7
2025-02-03 10:12:33.942959,NTPC,EQ,306.7,3948755,306.5,306.7,0,2557,1018
2025-02-03 10:12:42.658123,NTPC,EQ,306.7,3953667,306.55,306.7,0,301,874
2025-02-03 10:12:50.542263,NTPC,EQ,306.55,3954878,306.55,306.6,0,29,1463
2025-02-03 10:13:03.905967,NTPC,EQ,306.45,3957956,306.3,306.45,0,41,2013
2025-02-03 10:13:14.652989,NTPC,EQ,306.4,3962303,306.35,306.45,0,150,606
2025-02-03 10:13:25.575546,NTPC,EQ,306.5,3964766,306.4,306.5,0,15,1488
2025-02-03 10:13:33.221799,NTPC,EQ,306.2,3967445,306.2,306.25,0,62,200
2025-02-03 10:13:45.345379,NTPC,EQ,306.25,3968013,306.15,306.25,0,10,237
2025-02-03 10:13:56.386534,NTPC,EQ,306.3,3969831,306.3,306.35,0,1362,638
2025-02-03 10:14:05.264666,NTPC,EQ,306.45,3973796,306.3,306.45,0,7,2386
2025-02-03 10:14:13.226023,NTPC,EQ,306.2,3974933,306.25,306.3,0,10,365
2025-02-03 10:14:20.872162,NTPC,EQ,306.4,3975031,306.3,306.35,0,32,392
2025-02-03 10:14:28.340635,NTPC,EQ,306.3,3976887,306.3,306.4,0,167,1408
2025-02-03 10:14:37.534411,NTPC,EQ,306.4,3979560,306.3,306.4,0,50,904
2025-02-03 10:14:44.900697,NTPC,EQ,306.4,3979865,306.25,306.3,0,225,5
2025-02-03 10:14:52.896760,NTPC,EQ,306.4,3982864,306.3,306.4,0,6,236
2025-02-03 10:15:07.834158,NTPC,EQ,306.15,3990822,306.0,306.15,0,1,3189
2025-02-03 10:15:17.514445,NTPC,EQ,305.9,3991215,305.9,306.05,0,1829,234
2025-02-03 10:15:26.794558,NTPC,EQ,306.0,3991672,305.9,306.0,0,408,669
2025-02-03 10:15:34.411364,NTPC,EQ,305.8,3995744,305.65,305.8,0,93,1137
2025-02-03 10:15:42.289101,NTPC,EQ,305.5,3997010,305.55,305.65,0,308,1140
2025-02-03 10:15:49.679218,NTPC,EQ,305.5,4005092,305.35,305.45,0,898,6
2025-02-03 10:15:57.102424,NTPC,EQ,305.3,4006814,305.3,305.4,0,5,363
2025-02-03 10:16:04.528643,NTPC,EQ,305.4,4009115,305.3,305.4,0,1919,231
2025-02-03 10:16:13.599631,NTPC,EQ,305.45,4015143,305.4,305.45,0,71,2249
2025-02-03 10:16:23.738918,NTPC,EQ,305.25,4021147,305.25,305.35,0,21,413
2025-02-03 10:16:32.335437,NTPC,EQ,305.3,4025933,305.2,305.3,0,2572,407
2025-02-03 10:16:40.976537,NTPC,EQ,305.25,4026626,305.2,305.25,0,1342,831
2025-02-03 10:16:51.109870,NTPC,EQ,305.25,4033233,305.1,305.2,0,2947,497
2025-02-03 10:17:01.721017,NTPC,EQ,305.1,4039791,305.1,305.15,0,39,200
2025-02-03 10:17:11.523120,NTPC,EQ,305.25,4053961,305.15,305.25,0,158,980
2025-02-03 10:17:21.881450,NTPC,EQ,305.25,4057398,305.2,305.35,0,984,1154
2025-02-03 10:17:32.789613,NTPC,EQ,305.0,4060217,305.0,305.05,0,21147,2642
2025-02-03 10:17:42.316365,NTPC,EQ,305.15,4097656,305.0,305.1,0,619,6
2025-02-03 10:17:49.672900,NTPC,EQ,305.0,4100206,305.0,305.05,0,386,765
2025-02-03 10:17:57.374493,NTPC,EQ,305.0,4104437,304.95,305.0,0,565,90
2025-02-03 10:18:09.085031,NTPC,EQ,304.95,4130583,304.9,304.95,0,150,2468
2025-02-03 10:18:18.380589,NTPC,EQ,304.55,4142516,304.55,304.7,0,602,445
2025-02-03 10:18:25.805101,NTPC,EQ,304.55,4148937,304.55,304.7,0,150,1223
2025-02-03 10:18:33.177283,NTPC,EQ,304.6,4154523,304.55,304.6,0,476,91
2025-02-03 10:18:40.610187,NTPC,EQ,304.7,4159647,304.65,304.7,0,615,3084
2025-02-03 10:18:51.800167,NTPC,EQ,304.7,4177596,304.65,304.75,0,33,732
2025-02-03 10:19:03.687324,NTPC,EQ,304.75,4181293,304.6,304.75,0,3039,504
2025-02-03 10:19:13.288981,NTPC,EQ,304.65,4182658,304.5,304.65,0,610,1178
2025-02-03 10:19:23.085347,NTPC,EQ,304.45,4189242,304.45,304.6,0,493,659
2025-02-03 10:19:32.292043,NTPC,EQ,304.5,4195412,304.35,304.5,0,842,854
2025-02-03 10:19:39.884451,NTPC,EQ,304.8,4203675,304.7,304.8,0,150,597
2025-02-03 10:19:47.455535,NTPC,EQ,304.6,4204990,304.6,304.7,0,608,447
2025-02-03 10:19:54.523444,NTPC,EQ,304.95,4212464,304.8,304.95,0,671,1488
2025-02-03 10:20:04.684337,NTPC,EQ,304.85,4215355,304.75,304.85,0,77,38
2025-02-03 10:20:14.924047,NTPC,EQ,304.7,4220367,304.7,304.8,0,89,212
2025-02-03 10:20:22.407835,NTPC,EQ,304.7,4221404,304.7,304.75,0,182,237
2025-02-03 10:20:29.879274,NTPC,EQ,304.75,4223786,304.55,304.7,0,1411,203
2025-02-03 10:20:37.345132,NTPC,EQ,304.8,4247536,304.7,304.8,0,144,304
2025-02-03 10:20:44.903496,NTPC,EQ,304.75,4249396,304.7,304.75,0,10,538
2025-02-03 10:20:52.931350,NTPC,EQ,305.35,4260995,305.35,305.4,0,25,80
2025-02-03 10:21:03.898313,NTPC,EQ,305.7,4267072,305.7,305.75,0,11,2594
2025-02-03 10:21:14.866910,NTPC,EQ,305.75,4273763,305.75,305.9,0,168,1118
2025-02-03 10:21:25.586878,NTPC,EQ,305.95,4277684,305.9,306.0,0,282,1934
2025-02-03 10:21:36.345754,NTPC,EQ,306.1,4283578,306.1,306.15,0,136,19
2025-02-03 10:21:44.705465,NTPC,EQ,306.25,4285759,306.2,306.25,0,23,387
2025-02-03 10:21:52.164946,NTPC,EQ,306.0,4290641,306.0,306.1,0,1330,2336
2025-02-03 10:21:59.738423,NTPC,EQ,305.95,4293603,305.8,305.95,0,125,2285
2025-02-03 10:22:07.097915,NTPC,EQ,305.85,4298177,305.7,305.9,0,2575,331
2025-02-03 10:22:14.362273,NTPC,EQ,305.6,4299357,305.8,305.95,0,700,1829
2025-02-03 10:22:22.529338,NTPC,EQ,305.45,4305282,305.45,305.5,0,20,509
2025-02-03 10:22:30.493835,NTPC,EQ,305.8,4308361,305.6,305.75,0,310,168
2025-02-03 10:22:41.807744,NTPC,EQ,305.9,4315047,305.9,305.95,0,250,1501
2025-02-03 10:22:53.119017,NTPC,EQ,306.05,4318310,306.05,306.1,0,200,87
2025-02-03 10:23:00.758178,NTPC,EQ,306.15,4320086,306.0,306.15,0,409,1187
2025-02-03 10:23:16.141039,NTPC,EQ,306.2,4320696,306.05,306.2,0,343,1882
2025-02-03 10:23:27.665979,NTPC,EQ,305.75,4325001,305.6,305.75,0,302,590
2025-02-03 10:23:36.807836,NTPC,EQ,305.85,4327537,305.8,305.85,0,17,500
2025-02-03 10:23:44.926093,NTPC,EQ,305.9,4345463,305.85,305.9,0,500,86
2025-02-03 10:23:52.543264,NTPC,EQ,305.95,4346156,305.85,305.95,0,193,834
2025-02-03 10:24:00.043997,NTPC,EQ,305.95,4346664,305.85,305.95,0,463,656
2025-02-03 10:24:07.307141,NTPC,EQ,306.1,4347762,305.95,306.1,0,220,2657
2025-02-03 10:24:14.726965,NTPC,EQ,306.05,4348266,305.95,306.0,0,158,6
2025-02-03 10:24:22.364621,NTPC,EQ,306.0,4348559,305.95,306.0,0,31,6
2025-02-03 10:24:29.755665,NTPC,EQ,305.95,4349846,305.85,305.95,0,2,2902
2025-02-03 10:24:37.052856,NTPC,EQ,305.9,4350445,305.8,305.9,0,838,1242
2025-02-03 10:24:44.542676,NTPC,EQ,305.9,4351009,305.8,305.9,0,538,1708
2025-02-03 10:24:52.378731,NTPC,EQ,305.85,4351875,305.8,305.85,0,21,1363
2025-02-03 10:25:00.838252,NTPC,EQ,305.85,4352929,305.7,305.85,0,1682,1099
2025-02-03 10:25:08.191938,NTPC,EQ,305.85,4353379,305.7,305.85,0,2472,721
2025-02-03 10:25:15.753799,NTPC,EQ,305.95,4356461,305.9,305.95,0,150,3366
2025-02-03 10:25:23.271680,NTPC,EQ,305.85,4359593,305.8,305.85,0,3,73
2025-02-03 10:25:31.114095,NTPC,EQ,305.85,4360365,305.8,305.85,0,53,38
2025-02-03 10:25:38.458326,NTPC,EQ,305.8,4360885,305.8,305.85,0,1,700
2025-02-03 10:25:45.835804,NTPC,EQ,305.8,4362026,305.75,305.8,0,648,459
2025-02-03 10:25:53.373129,NTPC,EQ,305.75,4365194,305.75,305.8,0,177,1400
2025-02-03 10:26:02.245233,NTPC,EQ,305.85,4366702,305.8,305.9,0,6,966
2025-02-03 10:26:09.671504,NTPC,EQ,305.8,4367446,305.75,305.8,0,34,308
2025-02-03 10:26:17.058369,NTPC,EQ,305.85,4367727,305.8,305.85,0,5,485
2025-02-03 10:26:24.707697,NTPC,EQ,306.05,4373361,306.0,306.1,0,377,459
2025-02-03 10:26:33.396854,NTPC,EQ,306.1,4374428,306.0,306.1,0,1,800
2025-02-03 10:26:42.344861,NTPC,EQ,306.0,4374558,305.95,306.1,0,1217,1103
2025-02-03 10:26:51.931419,NTPC,EQ,306.0,4376875,305.95,306.0,0,6,1303
2025-02-03 10:27:02.235984,NTPC,EQ,305.85,4377424,305.8,305.9,0,143,1293
2025-02-03 10:27:13.185328,NTPC,EQ,305.7,4378989,305.65,305.7,0,1,728
2025-02-03 10:27:22.645118,NTPC,EQ,305.6,4383690,305.6,305.65,0,8,75
2025-02-03 10:27:30.097339,NTPC,EQ,305.75,4385860,305.7,305.85,0,2188,236
2025-02-03 10:27:38.016688,NTPC,EQ,305.8,4393069,305.6,305.8,0,2651,979
2025-02-03 10:27:45.423692,NTPC,EQ,305.8,4394121,305.8,305.85,0,17,680
2025-02-03 10:27:52.543148,NTPC,EQ,305.8,4394425,305.8,305.9,0,152,277
2025-02-03 10:27:59.841599,NTPC,EQ,305.8,4394525,305.8,305.85,0,206,245
2025-02-03 10:28:07.110348,NTPC,EQ,305.9,4398065,305.85,306.0,0,273,2559
2025-02-03 10:28:14.591597,NTPC,EQ,305.95,4399848,305.95,306.0,0,137,1416
2025-02-03 10:28:22.138321,NTPC,EQ,305.9,4400773,305.9,305.95,0,134,6
2025-02-03 10:28:29.320161,NTPC,EQ,305.9,4409386,305.85,305.9,0,170,233
2025-02-03 10:28:36.598619,NTPC,EQ,305.9,4409956,305.85,305.9,0,187,1
2025-02-03 10:28:43.862333,NTPC,EQ,306.0,4411685,305.95,306.0,0,150,210
2025-02-03 10:28:52.193863,NTPC,EQ,305.9,4414154,305.85,305.9,0,1155,374
2025-02-03 10:29:06.011085,NTPC,EQ,305.6,4425511,305.5,305.6,0,9,616
2025-02-03 10:29:18.686028,NTPC,EQ,305.55,4427017,305.45,305.55,0,83,1102
2025-02-03 10:29:26.802774,NTPC,EQ,305.5,4427274,305.45,305.5,0,13,326
2025-02-03 10:29:34.444191,NTPC,EQ,305.65,4432098,305.65,305.8,0,168,2183
2025-02-03 10:29:47.331509,NTPC,EQ,305.8,4435192,305.7,305.8,0,75,542
2025-02-03 10:29:55.543665,NTPC,EQ,305.75,4436239,305.65,305.75,0,50,934
2025-02-03 10:30:03.028967,NTPC,EQ,305.7,4436441,305.65,305.75,0,24,901
2025-02-03 10:30:10.330164,NTPC,EQ,305.7,4437315,305.55,305.7,0,152,2844
2025-02-03 10:30:17.771943,NTPC,EQ,306.0,4439892,305.9,306.0,0,93,15750
2025-02-03 10:30:26.382670,NTPC,EQ,305.9,4440209,305.75,305.9,0,368,573
2025-02-03 10:30:33.583077,NTPC,EQ,305.6,4440684,305.75,305.8,0,1,778
2025-02-03 10:30:40.931621,NTPC,EQ,305.65,4441263,305.55,305.65,0,21,863
2025-02-03 10:30:48.442700,NTPC,EQ,305.7,4441660,305.6,305.65,0,631,29
2025-02-03 10:30:55.665085,NTPC,EQ,305.65,4443778,305.6,305.65,0,3,80
2025-02-03 10:31:02.919510,NTPC,EQ,305.75,4444051,305.65,305.75,0,452,952
2025-02-03 10:31:10.659177,NTPC,EQ,305.65,4444429,305.65,305.75,0,64,1047
2025-02-03 10:31:17.999690,NTPC,EQ,305.85,4452785,305.75,305.85,0,100,507
2025-02-03 10:31:25.212012,NTPC,EQ,305.8,4452785,305.75,305.85,0,100,507
2025-02-03 10:31:32.599917,NTPC,EQ,305.9,4454950,305.85,305.9,0,150,715
2025-02-03 10:31:39.785422,NTPC,EQ,306.0,4458190,305.95,306.0,0,547,15856
2025-02-03 10:31:47.504368,NTPC,EQ,306.15,4477969,306.05,306.1,0,934,1515
2025-02-03 10:34:39.459336,NTPC,EQ,305.6,4502383,305.5,305.55,0,792,8
2025-02-03 10:34:47.380841,NTPC,EQ,305.7,4504791,305.6,305.7,0,7,1101
2025-02-03 10:34:55.544434,NTPC,EQ,305.7,4505636,305.7,305.8,0,244,541
2025-02-03 10:35:02.912994,NTPC,EQ,305.75,4505962,305.7,305.8,0,39,408
2025-02-03 10:35:10.149801,NTPC,EQ,306.0,4506732,305.7,305.75,0,278,6
2025-02-03 10:35:17.465433,NTPC,EQ,305.8,4514418,305.8,305.95,0,525,258
2025-02-03 10:38:26.386442,NTPC,EQ,305.5,4573180,305.5,305.6,0,102,1068
2025-02-03 10:38:34.112239,NTPC,EQ,305.5,4574212,305.4,305.5,0,538,7
2025-02-03 10:38:42.300738,NTPC,EQ,305.5,4574894,305.45,305.5,0,68,294
2025-02-03 10:38:50.063996,NTPC,EQ,305.5,4575532,305.45,305.5,0,1,91
2025-02-03 10:38:57.994676,NTPC,EQ,305.6,4575868,305.45,305.6,0,256,1149
2025-02-03 10:40:50.489871,NTPC,EQ,305.75,4593559,305.65,305.8,0,92,510
2025-02-03 10:40:58.274419,NTPC,EQ,305.7,4593794,305.65,305.75,0,116,114
2025-02-03 10:41:06.782384,NTPC,EQ,305.85,4594049,305.75,305.8,0,160,61
2025-02-03 10:41:15.906003,NTPC,EQ,305.55,4612524,305.6,305.65,0,258,654
2025-02-03 10:41:23.291110,NTPC,EQ,305.8,4618506,305.7,305.8,0,1632,549
2025-02-03 10:43:59.322773,NTPC,EQ,306.6,4665794,306.5,306.55,0,1122,36
2025-02-03 10:44:07.423169,NTPC,EQ,306.75,4668322,306.6,306.75,0,1360,364
2025-02-03 10:44:20.497011,NTPC,EQ,306.65,4670667,306.65,306.7,0,291,334
2025-02-03 10:44:31.557140,NTPC,EQ,306.75,4673655,306.65,306.75,0,1,2116
2025-02-03 10:44:43.687728,NTPC,EQ,306.6,4676167,306.5,306.6,0,598,2137
2025-02-03 10:44:52.224325,NTPC,EQ,306.4,4679660,306.25,306.45,0,1104,1915
2025-02-03 10:45:01.619077,NTPC,EQ,306.4,4680465,306.3,306.45,0,625,1667
2025-02-03 10:45:09.453176,NTPC,EQ,306.3,4682049,306.3,306.4,0,613,6
2025-02-03 10:45:21.441149,NTPC,EQ,306.45,4685880,306.4,306.45,0,288,648
2025-02-03 12:02:22.495489,NTPC,EQ,305.95,6391612,305.85,306.0,0,697,3259
2025-02-03 12:02:29.160118,NTPC,EQ,305.9,6392272,305.8,305.9,0,225,1155
2025-02-03 12:02:35.537620,NTPC,EQ,305.8,6392877,305.75,305.9,0,536,2589
2025-02-03 12:02:41.835332,NTPC,EQ,305.8,6393090,305.75,305.8,0,84,990
2025-02-03 12:02:48.310071,NTPC,EQ,305.75,6393610,305.7,305.75,0,52,502
2025-02-03 12:02:54.442539,NTPC,EQ,305.75,6394342,305.7,305.75,0,975,283
2025-02-03 12:03:01.072712,NTPC,EQ,305.75,6394519,305.7,305.75,0,478,185
2025-02-03 12:03:07.547840,NTPC,EQ,305.75,6394828,305.75,305.8,0,4,2787
2025-02-03 12:03:14.798111,NTPC,EQ,305.7,6395165,305.7,305.75,0,90,1100
2025-02-03 12:03:23.493666,NTPC,EQ,305.65,6396890,305.6,305.65,0,210,380
2025-02-03 12:03:31.167340,NTPC,EQ,305.65,6397291,305.6,305.65,0,754,400
2025-02-03 12:03:37.577525,NTPC,EQ,305.75,6400188,305.7,305.75,0,150,92
2025-02-03 12:03:44.256401,NTPC,EQ,305.8,6400529,305.75,305.8,0,11,2465
2025-02-03 12:03:50.940092,NTPC,EQ,305.8,6401201,305.7,305.8,0,405,2856
2025-02-03 12:03:57.496482,NTPC,EQ,305.7,6402838,305.7,305.75,0,76,217
2025-02-03 12:04:04.124672,NTPC,EQ,305.75,6403409,305.7,305.75,0,3,187
2025-02-03 12:04:10.517507,NTPC,EQ,305.75,6404001,305.7,305.75,0,78,115
2025-02-03 12:04:17.082864,NTPC,EQ,305.75,6404743,305.7,305.75,0,4,161
2025-02-03 12:04:23.491034,NTPC,EQ,305.75,6404967,305.7,305.75,0,17,308
2025-02-03 12:04:30.613074,NTPC,EQ,305.8,6406149,305.75,305.8,0,1132,3159
2025-02-03 12:04:39.374480,NTPC,EQ,305.8,6406981,305.75,305.8,0,999,2835
2025-02-03 12:04:47.358396,NTPC,EQ,305.95,6435471,305.95,306.0,0,92,2656
2025-02-03 12:04:53.723411,NTPC,EQ,306.1,6440644,306.1,306.15,0,418,433
2025-02-03 12:05:00.218201,NTPC,EQ,306.05,6441354,306.0,306.05,0,20,156
2025-02-03 12:05:06.863694,NTPC,EQ,306.15,6447645,306.1,306.15,0,284,423
2025-02-03 12:05:13.487224,NTPC,EQ,306.1,6448153,306.1,306.15,0,5,485
2025-02-03 12:05:20.337355,NTPC,EQ,306.05,6448238,306.0,306.05,0,28,4
2025-02-03 12:05:27.104185,NTPC,EQ,306.05,6449381,306.0,306.05,0,213,314
2025-02-03 12:05:33.677661,NTPC,EQ,306.05,6450493,305.95,306.05,0,650,1375
2025-02-03 12:05:40.181061,NTPC,EQ,306.0,6452808,306.0,306.05,0,28,275
2025-02-03 12:05:47.118992,NTPC,EQ,305.95,6453069,305.95,306.0,0,37,11
2025-02-03 12:05:55.774945,NTPC,EQ,306.05,6457021,306.0,306.05,0,111,1479
2025-02-03 12:06:03.408807,NTPC,EQ,306.0,6457437,305.9,306.0,0,683,57
2025-02-03 12:06:10.120414,NTPC,EQ,306.0,6457809,305.9,306.0,0,793,53
2025-02-03 12:06:17.162783,NTPC,EQ,306.05,6458566,306.0,306.05,0,150,1309
2025-02-03 12:06:23.545967,NTPC,EQ,306.05,6459558,306.0,306.05,0,224,916
2025-02-03 12:06:30.116975,NTPC,EQ,306.15,6464654,306.15,306.25,0,1543,12
2025-02-03 12:06:36.843339,NTPC,EQ,306.0,6466839,306.0,306.05,0,31,1147
2025-02-03 12:06:43.874922,NTPC,EQ,306.0,6468250,305.85,306.0,0,4092,145
2025-02-03 12:06:50.781930,NTPC,EQ,306.05,6468713,306.0,306.05,0,1655,486
2025-02-03 12:06:59.984782,NTPC,EQ,306.0,6468949,306.0,306.05,0,993,403
2025-02-03 12:07:09.193038,NTPC,EQ,306.0,6469833,305.9,306.0,0,23,624
2025-02-03 12:07:16.901949,NTPC,EQ,305.95,6469997,305.95,306.0,0,94,1016
2025-02-03 12:07:24.395123,NTPC,EQ,306.0,6470651,305.85,306.0,0,1093,1252
2025-02-03 12:07:31.915628,NTPC,EQ,306.0,6471321,305.9,306.0,0,201,773
2025-02-03 12:07:39.628928,NTPC,EQ,305.95,6471859,305.95,306.0,0,24,1295
2025-02-03 12:07:46.876476,NTPC,EQ,306.0,6473975,305.85,306.0,0,216,857
2025-02-03 12:07:54.338502,NTPC,EQ,305.95,6474220,305.85,305.95,0,1,68
2025-02-03 12:08:01.752295,NTPC,EQ,305.9,6475377,305.8,305.9,0,1269,1
2025-02-03 12:08:09.972501,NTPC,EQ,305.95,6476327,305.9,305.95,0,5,655
2025-02-03 12:08:17.972200,NTPC,EQ,305.9,6476837,305.85,305.9,0,3,6
2025-02-03 12:08:26.746816,NTPC,EQ,305.9,6476946,305.9,305.95,0,1,360
2025-02-03 12:08:34.261976,NTPC,EQ,305.85,6478487,305.8,305.85,0,6,2138
2025-02-03 12:08:40.760716,NTPC,EQ,305.75,6479370,305.7,305.75,0,210,6
2025-02-03 12:08:47.420881,NTPC,EQ,305.8,6479563,305.75,305.8,0,26,371
2025-02-03 12:08:53.698292,NTPC,EQ,305.7,6480697,305.6,305.75,0,154,1429
2025-02-03 12:09:00.068386,NTPC,EQ,305.6,6483409,305.6,305.7,0,7,1252
2025-02-03 12:09:06.319953,NTPC,EQ,305.7,6484011,305.6,305.7,0,13,648
2025-02-03 12:09:12.515053,NTPC,EQ,305.6,6484356,305.6,305.7,0,17,1455
2025-02-03 12:09:18.854341,NTPC,EQ,305.65,6484628,305.65,305.7,0,20,1234
2025-02-03 12:09:25.053807,NTPC,EQ,305.7,6484800,305.65,305.7,0,21,965
2025-02-03 12:09:31.513459,NTPC,EQ,305.7,6485081,305.65,305.7,0,1304,1256
2025-02-03 12:09:39.324431,NTPC,EQ,305.55,6486956,305.65,305.7,0,8,839
2025-02-03 12:09:47.911842,NTPC,EQ,305.65,6487637,305.6,305.7,0,61,395
2025-02-03 12:09:55.334552,NTPC,EQ,305.75,6488536,305.65,305.75,0,136,585
2025-02-03 12:10:01.717189,NTPC,EQ,305.75,6488829,305.65,305.7,0,6,4
2025-02-03 12:10:08.135247,NTPC,EQ,305.75,6489883,305.7,305.75,0,10,784
2025-02-03 12:10:14.477131,NTPC,EQ,305.7,6490600,305.65,305.7,0,8,1897
2025-02-03 12:10:20.703987,NTPC,EQ,305.65,6491257,305.5,305.65,0,2424,2032
2025-02-03 12:10:26.951573,NTPC,EQ,305.65,6491570,305.6,305.65,0,2,1892
2025-02-03 12:10:33.174260,NTPC,EQ,305.65,6491734,305.6,305.65,0,8,703
2025-02-03 12:10:41.199737,NTPC,EQ,305.6,6492013,305.55,305.65,0,5,1054
2025-02-03 12:10:47.779677,NTPC,EQ,305.6,6492502,305.55,305.6,0,669,90
2025-02-03 12:10:55.186393,NTPC,EQ,305.65,6493794,305.6,305.65,0,1404,37
2025-02-03 12:11:03.632710,NTPC,EQ,305.65,6496348,305.6,305.65,0,136,966
2025-02-03 12:11:11.054897,NTPC,EQ,305.65,6496700,305.6,305.65,0,12,872
2025-02-03 12:11:17.364811,NTPC,EQ,305.65,6497179,305.6,305.65,0,956,410
2025-02-03 12:11:23.650592,NTPC,EQ,305.7,6498366,305.65,305.7,0,150,667
2025-02-03 12:11:29.838463,NTPC,EQ,305.65,6498809,305.65,305.7,0,151,406
2025-02-03 12:11:36.179363,NTPC,EQ,305.7,6499658,305.65,305.7,0,92,327
2025-02-03 12:11:42.521041,NTPC,EQ,305.7,6500185,305.65,305.7,0,291,36
2025-02-03 12:11:48.827884,NTPC,EQ,305.65,6501119,305.6,305.65,0,306,6
2025-02-03 12:11:55.420623,NTPC,EQ,305.7,6501172,305.65,305.7,0,21,87
2025-02-03 12:12:01.934417,NTPC,EQ,305.7,6501481,305.65,305.7,0,1,67
2025-02-03 12:12:08.113975,NTPC,EQ,305.7,6501961,305.6,305.7,0,291,572
2025-02-03 12:12:16.718988,NTPC,EQ,305.7,6502022,305.65,305.7,0,2,938
2025-02-03 12:12:24.389120,NTPC,EQ,305.7,6502447,305.65,305.7,0,3,2714
2025-02-03 12:12:30.725101,NTPC,EQ,305.65,6502529,305.6,305.65,0,79,4
2025-02-03 12:12:36.882144,NTPC,EQ,305.7,6502725,305.65,305.7,0,2,1761
2025-02-03 12:12:43.100752,NTPC,EQ,305.7,6502846,305.6,305.7,0,53,2015
2025-02-03 12:12:49.447816,NTPC,EQ,305.65,6503350,305.65,305.7,0,4,2111
2025-02-03 12:12:55.589660,NTPC,EQ,305.65,6504002,305.55,305.65,0,59,687
2025-02-03 12:13:01.720395,NTPC,EQ,305.55,6504199,305.55,305.6,0,450,533
2025-02-03 12:13:07.969203,NTPC,EQ,305.6,6504551,305.55,305.6,0,11,565
2025-02-03 12:13:14.706528,NTPC,EQ,305.6,6504967,305.55,305.6,0,2,1177
2025-02-03 12:13:20.903039,NTPC,EQ,305.55,6505261,305.55,305.6,0,14,969
2025-02-03 12:13:28.713410,NTPC,EQ,305.65,6506247,305.55,305.6,0,358,6
2025-02-03 12:13:36.668911,NTPC,EQ,305.65,6506454,305.6,305.65,0,9,1165
2025-02-03 12:13:43.715750,NTPC,EQ,305.65,6506642,305.6,305.65,0,4,1210
2025-02-03 12:13:50.235930,NTPC,EQ,305.6,6507028,305.6,305.65,0,2,758
2025-02-03 12:13:56.587088,NTPC,EQ,305.65,6507333,305.6,305.65,0,2,482
2025-02-03 12:14:03.900102,NTPC,EQ,305.6,6507544,305.6,305.65,0,350,727
2025-02-03 12:14:10.448915,NTPC,EQ,305.7,6514606,305.7,305.75,0,404,47
2025-02-03 12:14:16.950709,NTPC,EQ,305.75,6517116,305.7,305.75,0,18,1018
2025-02-03 12:14:24.541553,NTPC,EQ,305.75,6517116,305.7,305.75,0,18,1018
2025-02-03 12:14:31.199731,NTPC,EQ,305.75,6518827,305.65,305.75,0,209,2251
2025-02-03 12:14:37.751088,NTPC,EQ,305.65,6518827,305.65,305.75,0,209,2251
2025-02-03 12:14:45.348502,NTPC,EQ,305.7,6520895,305.65,305.7,0,1,335
2025-02-03 12:14:53.406093,NTPC,EQ,305.75,6521626,305.7,305.75,0,13,31
2025-02-03 12:15:00.557362,NTPC,EQ,305.7,6521626,305.7,305.75,0,13,31
2025-02-03 12:15:06.799970,NTPC,EQ,305.75,6522775,305.7,305.75,0,12,595
2025-02-03 12:15:13.157010,NTPC,EQ,305.7,6523830,305.6,305.7,0,364,140
2025-02-03 12:15:20.203286,NTPC,EQ,305.65,6524077,305.6,305.7,0,169,1098
2025-02-03 12:15:26.946202,NTPC,EQ,305.65,6524242,305.6,305.65,0,148,345
2025-02-03 12:15:33.487346,NTPC,EQ,305.65,6526315,305.55,305.65,0,4,3710
2025-02-03 12:15:39.976742,NTPC,EQ,305.6,6527153,305.5,305.6,0,2353,206
2025-02-03 12:15:46.500406,NTPC,EQ,305.6,6527540,305.55,305.6,0,113,140
2025-02-03 12:15:52.779630,NTPC,EQ,305.65,6528186,305.5,305.55,0,2400,6
2025-02-03 13:09:08.160236,NTPC,EQ,307.0,7829015,307.0,307.05,0,1309,3439
2025-02-03 13:10:54.982493,NTPC,EQ,307.35,7900564,307.35,307.4,0,105,80
2025-02-03 13:11:01.483146,NTPC,EQ,307.4,7902185,307.35,307.4,0,95,430
2025-02-03 13:12:06.975173,NTPC,EQ,307.35,8117529,307.25,307.35,0,2049,136
2025-02-03 13:12:13.563337,NTPC,EQ,307.25,8119646,307.15,307.25,0,12,999
2025-02-03 13:12:21.566476,NTPC,EQ,307.15,8121274,307.05,307.15,0,2401,366
2025-02-03 13:12:28.095515,NTPC,EQ,307.15,8122143,307.1,307.15,0,921,369
2025-02-03 13:12:35.248046,NTPC,EQ,307.3,8123808,307.15,307.25,0,2478,157
2025-02-03 13:12:41.351801,NTPC,EQ,307.55,8221147,307.55,307.7,0,911,181
2025-02-03 13:12:48.725243,NTPC,EQ,307.55,8239640,307.5,307.55,0,2642,221
2025-02-03 13:12:57.061552,NTPC,EQ,307.75,8451599,307.65,307.75,0,2,2139
2025-02-03 13:13:04.976348,NTPC,EQ,307.5,8461610,307.5,307.6,0,852,664
2025-02-03 13:13:11.519569,NTPC,EQ,307.5,8496355,307.5,307.55,0,2779,149
2025-02-03 13:13:17.996264,NTPC,EQ,307.6,8525066,307.6,307.65,0,785,6
2025-02-03 13:13:23.973374,NTPC,EQ,307.7,8554992,307.65,307.7,0,545,210
2025-02-03 13:13:30.210383,NTPC,EQ,307.8,8561952,307.75,307.8,0,2347,227
2025-02-03 13:13:36.333333,NTPC,EQ,307.8,8563405,307.75,307.8,0,1985,30
2025-02-03 13:13:42.779416,NTPC,EQ,307.85,8599102,307.7,307.9,0,2066,846
2025-02-03 13:13:49.069028,NTPC,EQ,307.55,8602115,307.5,307.55,0,3300,332
2025-02-03 13:13:56.673382,NTPC,EQ,307.55,8606474,307.5,307.55,0,5019,230
2025-02-03 13:14:03.740793,NTPC,EQ,307.95,8620918,307.85,307.95,0,2166,301
2025-02-03 13:14:12.348317,NTPC,EQ,308.1,8625992,308.05,308.1,0,41,313
2025-02-03 13:14:19.787887,NTPC,EQ,307.55,8791965,307.5,307.6,0,3448,1127
2025-02-03 13:14:26.030632,NTPC,EQ,307.25,8799366,307.25,307.35,0,1883,1780
2025-02-03 13:14:32.362911,NTPC,EQ,307.25,8807589,307.25,307.35,0,1370,361
2025-02-03 13:14:38.639461,NTPC,EQ,307.2,8814479,307.15,307.25,0,782,6
2025-02-03 13:14:45.013626,NTPC,EQ,307.35,8818148,307.25,307.35,0,99,3422
2025-02-03 13:14:51.861991,NTPC,EQ,307.5,8823749,307.4,307.5,0,274,107
2025-02-03 13:14:58.180985,NTPC,EQ,307.55,8825070,307.5,307.55,0,146,919
2025-02-03 13:15:04.440904,NTPC,EQ,307.75,8831702,307.7,307.75,0,2,683
2025-02-03 13:15:10.692247,NTPC,EQ,307.95,8840183,307.85,307.95,0,345,1745
2025-02-03 13:15:16.824503,NTPC,EQ,307.9,8846169,307.85,307.9,0,115,375
2025-02-03 13:15:25.123495,NTPC,EQ,307.85,8847458,307.85,307.9,0,430,1645
2025-02-03 13:15:33.459915,NTPC,EQ,307.95,8859101,307.85,307.95,0,164,474
2025-02-03 13:15:41.032587,NTPC,EQ,307.9,8867743,307.85,307.9,0,150,32
2025-02-03 13:15:47.244282,NTPC,EQ,308.0,8873285,308.0,308.05,0,12115,37
2025-02-03 13:15:53.472636,NTPC,EQ,308.0,8877035,308.0,308.15,0,10477,703
2025-02-03 13:15:59.925373,NTPC,EQ,308.05,8881896,308.0,308.05,0,6841,215
2025-02-03 13:16:06.191434,NTPC,EQ,308.05,8882791,308.0,308.05,0,7110,4
2025-02-03 13:16:12.849391,NTPC,EQ,308.15,8885818,308.1,308.15,0,1,843
2025-02-03 13:16:19.924427,NTPC,EQ,308.1,8888900,308.0,308.1,0,7485,3535
2025-02-03 13:16:27.248636,NTPC,EQ,308.25,8907449,308.15,308.3,0,1792,227
2025-02-03 13:16:33.824304,NTPC,EQ,308.25,8914112,308.25,308.4,0,284,4935
2025-02-03 13:16:40.847391,NTPC,EQ,308.3,8915295,308.25,308.3,0,307,253
2025-02-03 13:16:47.548584,NTPC,EQ,308.4,9097941,308.4,308.5,0,2282,75
2025-02-03 13:16:54.136902,NTPC,EQ,308.6,9135260,308.6,308.65,0,1714,206
2025-02-03 13:17:00.585656,NTPC,EQ,308.65,9136292,308.6,308.65,0,1269,196
2025-02-03 13:17:06.941623,NTPC,EQ,308.75,9144275,308.7,308.75,0,590,2246
2025-02-03 13:17:14.289780,NTPC,EQ,308.75,9150120,308.75,308.8,0,822,1050
2025-02-03 13:17:20.676920,NTPC,EQ,308.75,9151920,308.75,308.85,0,360,1015
2025-02-03 13:17:27.089729,NTPC,EQ,308.8,9152755,308.75,308.8,0,221,26
2025-02-03 13:17:33.395518,NTPC,EQ,308.75,9166838,308.7,308.75,0,1285,26
2025-02-03 13:17:39.779757,NTPC,EQ,308.75,9167643,308.75,308.8,0,783,207
2025-02-03 13:17:46.092434,NTPC,EQ,308.85,9170059,308.75,308.85,0,485,5663
2025-02-03 13:17:52.429219,NTPC,EQ,308.75,9170906,308.75,308.8,0,328,688
2025-02-03 13:17:59.188757,NTPC,EQ,308.95,9188692,308.85,308.9,0,2,6
2025-02-03 13:18:05.694481,NTPC,EQ,308.9,9191558,308.85,308.9,0,1052,205
2025-02-03 13:18:12.204483,NTPC,EQ,308.9,9192503,308.85,308.9,0,2751,1008
2025-02-03 13:18:18.494409,NTPC,EQ,308.9,9193693,308.85,308.9,0,2075,216
2025-02-03 13:18:24.702243,NTPC,EQ,308.9,9194597,308.85,308.9,0,2235,86
2025-02-03 13:18:31.123235,NTPC,EQ,308.9,9196477,308.85,308.9,0,1892,188
2025-02-03 13:18:37.634491,NTPC,EQ,308.85,9199309,308.85,308.9,0,588,894
2025-02-03 13:18:43.953525,NTPC,EQ,308.9,9200851,308.85,308.9,0,1675,526
2025-02-03 13:18:50.535270,NTPC,EQ,308.85,9202497,308.85,308.9,0,1663,1229
2025-02-03 13:18:56.951202,NTPC,EQ,308.9,9203853,308.85,308.9,0,1777,335
2025-02-03 13:19:03.489672,NTPC,EQ,308.9,9205234,308.85,308.9,0,1626,501
2025-02-03 13:19:09.942267,NTPC,EQ,308.9,9206137,308.85,308.9,0,760,863
2025-02-03 13:19:16.323081,NTPC,EQ,308.9,9207099,308.85,308.9,0,392,1203
2025-02-03 13:19:22.741035,NTPC,EQ,308.8,9208345,308.75,308.8,0,514,1489
2025-02-03 13:19:29.070981,NTPC,EQ,308.45,9209643,308.55,308.65,0,237,139
2025-02-03 13:19:35.456421,NTPC,EQ,308.3,9217065,308.2,308.3,0,2933,551
2025-02-03 13:19:42.188868,NTPC,EQ,308.0,9223251,308.0,308.05,0,1022,370
2025-02-03 13:19:48.724003,NTPC,EQ,308.0,9224675,308.0,308.05,0,942,1008
2025-02-03 13:19:55.083237,NTPC,EQ,308.0,9226019,308.0,308.05,0,429,1345
2025-02-03 13:20:01.518622,NTPC,EQ,308.7,9313000,308.65,308.75,0,672,384
2025-02-03 13:20:07.924854,NTPC,EQ,308.8,9333665,308.8,308.85,0,1704,409
2025-02-03 13:20:14.281806,NTPC,EQ,308.8,9337971,308.75,308.8,0,139,44
2025-02-03 13:20:20.721747,NTPC,EQ,308.8,9339786,308.7,308.8,0,2363,35
2025-02-03 13:20:27.127637,NTPC,EQ,308.65,9340550,308.65,308.7,0,1209,273
2025-02-03 13:20:33.692291,NTPC,EQ,308.55,9343215,308.55,308.65,0,1321,19
2025-02-03 13:20:40.066753,NTPC,EQ,308.6,9345230,308.6,308.65,0,2183,197
2025-02-03 13:20:46.297966,NTPC,EQ,308.65,9347307,308.65,308.7,0,12018,283
2025-02-03 13:20:52.523648,NTPC,EQ,308.75,9360063,308.75,308.8,0,345,177
2025-02-03 13:20:58.935701,NTPC,EQ,308.7,9363634,308.7,308.75,0,2397,3
2025-02-03 13:21:05.269726,NTPC,EQ,308.65,9364634,308.7,308.75,0,118,286
2025-02-03 13:21:11.578966,NTPC,EQ,308.75,9370725,308.7,308.75,0,895,242
2025-02-03 13:21:17.965591,NTPC,EQ,308.7,9372357,308.65,308.7,0,14032,26
2025-02-03 13:21:24.369142,NTPC,EQ,308.7,9374788,308.65,308.7,0,12242,3
2025-02-03 13:21:30.767186,NTPC,EQ,308.65,9377996,308.65,308.7,0,10601,203
2025-02-03 13:21:37.194889,NTPC,EQ,308.65,9382432,308.65,308.7,0,7849,472
2025-02-03 13:21:45.611640,NTPC,EQ,308.7,9384672,308.65,308.7,0,5965,2665
2025-02-03 13:21:53.409303,NTPC,EQ,308.8,9399183,308.75,308.8,0,830,2954
2025-02-03 13:22:00.596889,NTPC,EQ,309.0,9428920,309.0,309.05,0,9463,340
2025-02-03 13:22:06.963403,NTPC,EQ,308.8,9516576,308.65,308.75,0,97,2677
2025-02-03 13:22:13.247029,NTPC,EQ,308.45,9534507,308.35,308.5,0,2076,1494
2025-02-03 13:22:19.515639,NTPC,EQ,308.5,9548039,308.4,308.45,0,150,5
2025-02-03 13:22:26.114069,NTPC,EQ,308.25,9551661,308.3,308.45,0,856,4637
2025-02-03 13:22:34.816071,NTPC,EQ,308.45,9561748,308.4,308.45,0,6,95
2025-02-03 13:22:42.011673,NTPC,EQ,308.5,9567242,308.35,308.45,0,854,3
2025-02-03 13:22:50.413868,NTPC,EQ,308.55,9579888,308.45,308.55,0,1544,468
2025-02-03 13:22:58.795152,NTPC,EQ,308.6,9583248,308.45,308.55,0,381,555
2025-02-03 13:23:06.166247,NTPC,EQ,308.65,9592914,308.55,308.65,0,1734,1269
2025-02-03 13:23:13.435098,NTPC,EQ,308.65,9597663,308.65,308.75,0,39,4687
2025-02-03 13:23:19.737294,NTPC,EQ,308.65,9604941,308.75,308.8,0,10,181
2025-02-03 13:23:26.037675,NTPC,EQ,308.6,9612523,308.6,308.75,0,966,455
2025-02-03 13:23:32.450346,NTPC,EQ,308.65,9616848,308.65,308.8,0,43,4560
2025-02-03 13:23:38.745201,NTPC,EQ,308.75,9620529,308.65,308.75,0,609,12
2025-02-03 13:23:45.011329,NTPC,EQ,308.85,9626451,308.85,308.9,0,68,3020
2025-02-03 13:23:51.329648,NTPC,EQ,308.85,9633335,308.85,309.0,0,3641,2341
2025-02-03 13:23:57.715341,NTPC,EQ,308.9,9640080,308.9,309.0,0,52,3219
2025-02-03 13:24:03.991662,NTPC,EQ,308.9,9641868,308.75,308.9,0,1491,538
2025-02-03 13:24:10.444109,NTPC,EQ,308.55,9655161,308.45,308.55,0,697,246
2025-02-03 13:24:16.883577,NTPC,EQ,308.75,9662836,308.75,308.9,0,1268,286
2025-02-03 13:24:23.272892,NTPC,EQ,308.9,9664076,308.75,308.9,0,165,3905
2025-02-03 13:24:29.606585,NTPC,EQ,308.85,9666293,308.7,308.85,0,3111,160
2025-02-03 13:24:36.071258,NTPC,EQ,308.75,9667782,308.7,308.75,0,268,768
2025-02-03 13:24:42.465993,NTPC,EQ,308.7,9671490,308.65,308.7,0,184,245
2025-02-03 13:24:48.880176,NTPC,EQ,308.6,9672276,308.6,308.65,0,132,8
2025-02-03 13:24:55.232481,NTPC,EQ,308.7,9676669,308.55,308.7,0,884,3911
2025-02-03 13:25:01.620597,NTPC,EQ,308.7,9677686,308.6,308.7,0,191,3967
2025-02-03 13:25:08.045240,NTPC,EQ,308.65,9680576,308.6,308.65,0,75,113
2025-02-03 13:25:14.511115,NTPC,EQ,308.6,9681393,308.6,308.65,0,191,82
2025-02-03 13:25:20.936597,NTPC,EQ,308.65,9685057,308.6,308.65,0,890,58
2025-02-03 13:25:27.235767,NTPC,EQ,308.7,9686065,308.65,308.7,0,8,684
2025-02-03 13:25:33.955168,NTPC,EQ,308.95,9689763,308.75,308.9,0,406,1270
2025-02-03 13:25:40.226864,NTPC,EQ,308.8,9689984,308.8,308.85,0,790,12
2025-02-03 13:25:46.674480,NTPC,EQ,308.9,9691323,308.8,308.9,0,115,6040
2025-02-03 13:25:53.103587,NTPC,EQ,308.65,9694640,308.6,308.65,0,2,3167
2025-02-03 13:25:59.481253,NTPC,EQ,308.45,9698857,308.4,308.45,0,2,1492
2025-02-03 13:26:05.887218,NTPC,EQ,308.45,9700577,308.4,308.45,0,2,196
2025-02-03 13:26:12.232531,NTPC,EQ,308.5,9706099,308.45,308.5,0,677,72
2025-02-03 13:26:18.602633,NTPC,EQ,308.35,9710354,308.3,308.35,0,117,528
2025-02-03 13:26:24.907325,NTPC,EQ,308.25,9711274,308.25,308.3,0,1687,14
2025-02-03 13:26:31.279470,NTPC,EQ,308.25,9712271,308.25,308.3,0,1859,568
2025-02-03 13:26:37.643416,NTPC,EQ,308.2,9713757,308.2,308.25,0,362,1074
2025-02-03 13:26:43.905396,NTPC,EQ,308.25,9715586,308.2,308.25,0,919,488
2025-02-03 13:26:50.448558,NTPC,EQ,308.3,9718397,308.25,308.3,0,431,26
2025-02-03 13:26:56.759444,NTPC,EQ,308.4,9720087,308.35,308.4,0,25,3358
2025-02-03 13:27:03.205867,NTPC,EQ,308.35,9721208,308.35,308.45,0,386,181
2025-02-03 13:27:09.608901,NTPC,EQ,308.35,9723700,308.3,308.4,0,315,1305
2025-02-03 13:27:15.992246,NTPC,EQ,308.35,9726999,308.3,308.35,0,1115,60
2025-02-03 13:27:22.241878,NTPC,EQ,308.35,9730406,308.2,308.35,0,1029,1287
2025-02-03 13:27:28.578825,NTPC,EQ,308.25,9731634,308.2,308.25,0,795,107
2025-02-03 13:27:34.895150,NTPC,EQ,308.35,9732616,308.25,308.35,0,25,4166
2025-02-03 13:27:41.179431,NTPC,EQ,308.35,9733957,308.3,308.35,0,1,260
2025-02-03 13:27:47.484989,NTPC,EQ,308.25,9734827,308.25,308.35,0,2,1206
2025-02-03 13:27:53.827029,NTPC,EQ,308.2,9735550,308.2,308.3,0,1914,12
2025-02-03 13:28:00.246651,NTPC,EQ,308.25,9739051,308.2,308.25,0,4335,8
2025-02-03 13:28:06.657008,NTPC,EQ,308.25,9744278,308.15,308.2,0,370,914
2025-02-03 13:28:12.926536,NTPC,EQ,308.15,9745969,308.2,308.25,0,2,610
2025-02-03 13:28:19.215588,NTPC,EQ,308.3,9747433,308.3,308.35,0,2,277
2025-02-03 13:28:25.477776,NTPC,EQ,308.35,9748616,308.2,308.3,0,41,526
2025-02-03 13:28:31.959401,NTPC,EQ,308.35,9749653,308.25,308.3,0,5,41
2025-02-03 13:28:38.379396,NTPC,EQ,308.2,9753528,308.15,308.35,0,2317,3268
2025-02-03 13:28:44.649387,NTPC,EQ,308.3,9755672,308.15,308.3,0,1917,195
2025-02-03 13:28:51.137134,NTPC,EQ,308.2,9756731,308.2,308.25,0,237,11
2025-02-03 13:28:57.390700,NTPC,EQ,308.2,9757762,308.2,308.35,0,2513,309
2025-02-03 13:29:03.739733,NTPC,EQ,308.25,9761289,308.2,308.25,0,843,12
2025-02-03 13:29:10.166623,NTPC,EQ,308.35,9762572,308.2,308.25,0,48,745
2025-02-03 13:29:16.430368,NTPC,EQ,308.35,9766957,308.3,308.35,0,2,121
2025-02-03 13:29:22.797471,NTPC,EQ,308.35,9771189,308.3,308.35,0,380,75
2025-02-03 13:29:29.132470,NTPC,EQ,308.35,9772492,308.3,308.35,0,2210,65
2025-02-03 13:29:35.501497,NTPC,EQ,308.35,9773774,308.3,308.35,0,2139,119
2025-02-03 13:29:42.049420,NTPC,EQ,308.35,9774746,308.3,308.4,0,2664,1397
2025-02-03 13:29:48.405768,NTPC,EQ,308.3,9776278,308.3,308.35,0,1754,26
2025-02-03 13:29:55.216080,NTPC,EQ,308.3,9777412,308.3,308.4,0,1712,341
2025-02-03 13:30:01.849137,NTPC,EQ,308.3,9778921,308.3,308.35,0,191,3
2025-02-03 13:30:08.522307,NTPC,EQ,308.45,9780867,308.35,308.4,0,1483,171
2025-02-03 13:30:14.949345,NTPC,EQ,308.4,9784249,308.4,308.45,0,398,6
2025-02-03 13:30:21.328275,NTPC,EQ,308.6,9786794,308.5,308.6,0,2117,362
2025-02-03 13:30:27.677861,NTPC,EQ,308.75,9787822,308.65,308.75,0,2,573
2025-02-03 13:30:33.937628,NTPC,EQ,308.75,9788399,308.65,308.75,0,3,260
2025-02-03 13:30:40.456545,NTPC,EQ,308.65,9790059,308.75,308.8,0,50,2334
2025-02-03 13:30:46.744297,NTPC,EQ,308.75,9792228,308.65,308.75,0,10,179
2025-02-03 13:30:53.227541,NTPC,EQ,308.75,9793019,308.55,308.75,0,2721,1329
2025-02-03 13:30:59.570261,NTPC,EQ,308.65,9794081,308.5,308.65,0,1340,291
2025-02-03 13:31:05.938707,NTPC,EQ,308.45,9796239,308.45,308.6,0,2199,456
2025-02-03 13:31:12.427546,NTPC,EQ,308.45,9797237,308.45,308.55,0,2607,9
2025-02-03 13:31:18.754869,NTPC,EQ,308.3,9798593,308.25,308.3,0,107,1326
2025-02-03 13:31:25.398575,NTPC,EQ,308.4,9800930,308.3,308.35,0,630,11
2025-02-03 13:31:31.850946,NTPC,EQ,308.35,9802696,308.3,308.35,0,2127,11
2025-02-03 13:31:38.170677,NTPC,EQ,308.45,9803968,308.4,308.45,0,95,39
2025-02-03 13:31:44.533036,NTPC,EQ,308.25,9804584,308.3,308.35,0,2,221
2025-02-03 13:31:50.661512,NTPC,EQ,308.4,9805080,308.3,308.35,0,50,39
2025-02-03 13:31:56.975323,NTPC,EQ,308.4,9806862,308.25,308.35,0,529,502
2025-02-03 13:32:03.433601,NTPC,EQ,308.45,9808136,308.35,308.4,0,1,287
2025-02-03 13:32:09.815768,NTPC,EQ,308.4,9811760,308.25,308.35,0,2294,12
2025-02-03 13:32:16.195632,NTPC,EQ,308.45,9812917,308.3,308.4,0,899,36
2025-02-03 13:32:22.525494,NTPC,EQ,308.4,9812917,308.3,308.4,0,899,36
2025-02-03 13:32:28.802589,NTPC,EQ,308.25,9813438,308.3,308.35,0,13,3156
2025-02-03 13:32:35.031458,NTPC,EQ,308.4,9816192,308.25,308.4,0,618,3039
2025-02-03 13:32:41.362662,NTPC,EQ,308.2,9817759,308.2,308.3,0,760,3000
2025-02-03 13:32:47.735677,NTPC,EQ,308.35,9819637,308.2,308.35,0,548,1156
2025-02-03 13:32:54.066884,NTPC,EQ,308.2,9820379,308.2,308.3,0,269,29
2025-02-03 13:33:00.476345,NTPC,EQ,308.2,9820877,308.15,308.2,0,575,2967
2025-02-03 13:33:06.737518,NTPC,EQ,308.2,9822199,308.15,308.2,0,95,32
2025-02-03 13:33:13.098293,NTPC,EQ,308.2,9823016,308.05,308.2,0,2894,385
2025-02-03 13:33:19.280985,NTPC,EQ,308.2,9823608,308.1,308.2,0,1463,736
2025-02-03 13:33:25.696656,NTPC,EQ,308.05,9824109,308.1,308.2,0,503,592
2025-02-03 13:33:32.027087,NTPC,EQ,308.15,9824658,308.1,308.15,0,2,161
2025-02-03 13:33:38.447995,NTPC,EQ,308.15,9825832,308.05,308.2,0,449,5168
2025-02-03 13:33:44.699612,NTPC,EQ,308.15,9826837,308.0,308.1,0,4000,215
2025-02-03 13:33:51.137495,NTPC,EQ,308.1,9829153,308.0,308.1,0,5257,10
2025-02-03 13:33:57.577585,NTPC,EQ,308.15,9829746,308.05,308.15,0,3,1218
2025-02-03 13:34:03.879203,NTPC,EQ,308.15,9830388,308.05,308.15,0,346,485
2025-02-03 13:34:10.400728,NTPC,EQ,308.15,9830992,308.05,308.15,0,388,508
2025-02-03 13:34:17.179686,NTPC,EQ,308.15,9832920,308.1,308.15,0,927,226
2025-02-03 13:34:23.565431,NTPC,EQ,308.15,9834178,308.1,308.15,0,812,19
2025-02-03 13:34:30.026211,NTPC,EQ,308.2,9835152,308.15,308.2,0,22,515
2025-02-03 13:34:36.769623,NTPC,EQ,308.15,9835913,308.1,308.2,0,1533,209
2025-02-03 13:34:43.329271,NTPC,EQ,308.15,9836315,308.1,308.15,0,654,65
2025-02-03 13:34:49.622739,NTPC,EQ,308.2,9837699,308.1,308.15,0,15,12
2025-02-03 13:34:56.069824,NTPC,EQ,308.4,9838095,308.1,308.2,0,1759,506
2025-02-03 13:35:02.538746,NTPC,EQ,308.4,9840376,308.25,308.35,0,983,6
2025-02-03 13:35:08.860746,NTPC,EQ,308.4,9841076,308.25,308.4,0,276,622
2025-02-03 13:35:15.247464,NTPC,EQ,308.3,9841980,308.15,308.3,0,748,542
2025-02-03 13:35:21.700431,NTPC,EQ,308.3,9842488,308.2,308.25,0,1626,12
2025-02-03 13:35:28.051769,NTPC,EQ,308.3,9844217,308.25,308.3,0,3,577
2025-02-03 13:35:34.355864,NTPC,EQ,308.35,9845099,308.35,308.4,0,47,352
2025-02-03 13:35:40.632978,NTPC,EQ,308.35,9845487,308.3,308.4,0,607,345
2025-02-03 13:35:47.053947,NTPC,EQ,308.4,9846170,308.4,308.45,0,106,3207
2025-02-03 13:35:53.409147,NTPC,EQ,308.65,9857403,308.55,308.6,0,86,12
2025-02-03 13:35:59.713466,NTPC,EQ,308.55,9860479,308.4,308.55,0,932,639
2025-02-03 13:36:06.069166,NTPC,EQ,308.4,9862007,308.4,308.5,0,61,4333
2025-02-03 13:36:12.482074,NTPC,EQ,308.4,9865100,308.3,308.4,0,656,788
2025-02-03 13:36:18.926472,NTPC,EQ,308.35,9865751,308.3,308.35,0,4,19
2025-02-03 13:36:25.244098,NTPC,EQ,308.4,9868105,308.3,308.4,0,200,979
2025-02-03 13:36:31.641257,NTPC,EQ,308.4,9869397,308.35,308.4,0,3,243
2025-02-03 13:36:37.993028,NTPC,EQ,308.4,9875368,308.4,308.55,0,727,1484
2025-02-03 13:36:44.299454,NTPC,EQ,308.45,9879465,308.45,308.55,0,225,491
2025-02-03 13:36:50.650866,NTPC,EQ,308.45,9883948,308.4,308.45,0,2,12
2025-02-03 13:36:56.869086,NTPC,EQ,308.55,9884591,308.45,308.55,0,47,775
2025-02-03 13:37:03.290320,NTPC,EQ,308.45,9885157,308.45,308.55,0,3,174
2025-02-03 13:37:09.572748,NTPC,EQ,308.5,9886599,308.45,308.5,0,1,12
2025-02-03 13:37:15.849105,NTPC,EQ,308.6,9887145,308.5,308.55,0,26,30
2025-02-03 13:37:22.269099,NTPC,EQ,308.6,9888900,308.4,308.6,0,1990,3976
2025-02-03 13:37:28.508410,NTPC,EQ,308.55,9891813,308.4,308.55,0,200,1149
2025-02-03 13:37:34.739856,NTPC,EQ,308.5,9893192,308.35,308.5,0,758,196
2025-02-03 13:37:41.022193,NTPC,EQ,308.55,9894353,308.35,308.4,0,5,1555
2025-02-03 13:37:47.293923,NTPC,EQ,308.45,9902996,308.45,308.5,0,151,119
2025-02-03 13:37:53.702605,NTPC,EQ,308.55,9903957,308.5,308.55,0,14,117
2025-02-03 13:38:00.082619,NTPC,EQ,308.6,9904735,308.5,308.6,0,1463,306
2025-02-03 13:38:06.423651,NTPC,EQ,308.6,9905635,308.5,308.6,0,316,178
2025-02-03 13:38:12.871353,NTPC,EQ,308.6,9905946,308.55,308.6,0,554,279
2025-02-03 13:38:19.139078,NTPC,EQ,308.5,9907147,308.5,308.55,0,520,3
2025-02-03 13:38:25.385056,NTPC,EQ,308.45,9907923,308.55,308.6,0,1,213
2025-02-03 13:38:31.869549,NTPC,EQ,308.65,9909106,308.5,308.6,0,993,6
2025-02-03 13:38:38.246110,NTPC,EQ,308.7,9910019,308.65,308.7,0,8,1054
2025-02-03 13:38:44.616826,NTPC,EQ,308.65,9910842,308.5,308.55,0,2,8
2025-02-03 13:38:50.965497,NTPC,EQ,308.7,9911418,308.55,308.6,0,1408,15
2025-02-03 13:38:57.374829,NTPC,EQ,308.75,9916800,308.65,308.75,0,1,1084
2025-02-03 13:39:03.749054,NTPC,EQ,308.7,9917598,308.55,308.7,0,2442,3
2025-02-03 13:39:10.287048,NTPC,EQ,308.5,9918212,308.7,308.75,0,1,223
2025-02-03 13:39:16.663125,NTPC,EQ,308.65,9918694,308.5,308.65,0,347,1437
2025-02-03 13:39:23.190593,NTPC,EQ,308.55,9920122,308.55,308.65,0,662,46
2025-02-03 13:39:29.579070,NTPC,EQ,308.75,9920947,308.6,308.75,0,2,1085
2025-02-03 13:39:35.742607,NTPC,EQ,308.6,9921820,308.55,308.6,0,225,26
2025-02-03 13:39:41.914067,NTPC,EQ,308.75,9922198,308.55,308.6,0,503,24
2025-02-03 13:39:48.261605,NTPC,EQ,308.75,9922787,308.6,308.75,0,2,2256
2025-02-03 13:39:54.583904,NTPC,EQ,308.75,9924053,308.6,308.75,0,53,953
2025-02-03 13:40:00.908780,NTPC,EQ,308.7,9924507,308.65,308.7,0,1,12
2025-02-03 13:40:07.244180,NTPC,EQ,308.75,9925880,308.6,308.75,0,235,934
2025-02-03 13:40:13.620991,NTPC,EQ,308.8,9928376,308.7,308.75,0,728,25
2025-02-03 13:40:22.978843,NTPC,EQ,308.75,9930147,308.75,308.8,0,618,2542
2025-02-03 13:40:30.999431,NTPC,EQ,308.7,9932401,308.65,308.75,0,2,28
2025-02-03 13:40:37.608657,NTPC,EQ,308.65,9934421,308.6,308.65,0,6,127
2025-02-03 13:40:44.003231,NTPC,EQ,308.45,9935119,308.45,308.6,0,807,629
2025-02-03 13:40:50.527353,NTPC,EQ,308.45,9936122,308.5,308.6,0,2,198
2025-02-03 13:40:56.827175,NTPC,EQ,308.6,9936979,308.45,308.6,0,8,1375
2025-02-03 13:41:03.280140,NTPC,EQ,308.5,9939532,308.5,308.55,0,482,159
2025-02-03 13:41:09.791663,NTPC,EQ,308.65,9941210,308.55,308.6,0,199,50
2025-02-03 13:41:16.361517,NTPC,EQ,308.65,9942005,308.6,308.65,0,35,3349
2025-02-03 13:41:22.728350,NTPC,EQ,308.5,9942803,308.55,308.6,0,3,26
2025-02-03 13:41:29.129600,NTPC,EQ,308.6,9944561,308.5,308.6,0,852,127
2025-02-03 13:41:35.774764,NTPC,EQ,308.4,9946947,308.4,308.55,0,485,1917
2025-02-03 13:41:42.260726,NTPC,EQ,308.55,9947509,308.45,308.5,0,75,10
2025-02-03 13:41:48.694064,NTPC,EQ,308.6,9948172,308.55,308.6,0,1,550
2025-02-03 13:41:55.134784,NTPC,EQ,308.6,9949265,308.5,308.6,0,529,572
2025-02-03 13:42:01.706268,NTPC,EQ,309.1,9978853,308.9,309.0,0,958,1550
2025-02-03 13:42:08.135313,NTPC,EQ,309.25,9996667,309.0,309.2,0,3007,477
2025-02-03 13:42:14.631053,NTPC,EQ,309.15,9997463,309.05,309.2,0,3,1301
2025-02-03 13:42:20.950351,NTPC,EQ,309.05,9999036,309.0,309.05,0,443,404
2025-02-03 13:42:27.527588,NTPC,EQ,308.9,10001819,308.8,308.95,0,1743,227
2025-02-03 13:42:34.313046,NTPC,EQ,308.85,10003050,308.8,308.85,0,1183,8
2025-02-03 13:42:40.849557,NTPC,EQ,308.75,10004167,308.8,308.9,0,300,1093
2025-02-03 13:42:47.516875,NTPC,EQ,308.8,10005403,308.75,308.8,0,16,227
2025-02-03 13:42:53.957091,NTPC,EQ,308.9,10010197,308.85,308.9,0,75,118
2025-02-03 13:43:00.371546,NTPC,EQ,308.9,10011861,308.85,308.9,0,1,247
2025-02-03 13:43:06.802858,NTPC,EQ,308.9,10012632,308.85,308.9,0,206,547
2025-02-03 13:43:13.141390,NTPC,EQ,308.9,10013307,308.85,308.9,0,72,235
2025-02-03 13:43:19.738011,NTPC,EQ,308.95,10013915,308.9,308.95,0,953,344
2025-02-03 13:43:26.112298,NTPC,EQ,308.75,10014710,308.85,308.9,0,1282,93
2025-02-03 13:43:32.570289,NTPC,EQ,308.8,10021662,308.8,308.95,0,868,875
2025-02-03 13:43:39.042248,NTPC,EQ,309.05,10021662,308.8,308.95,0,868,875
2025-02-03 13:43:45.673878,NTPC,EQ,308.95,10023758,308.95,309.1,0,156,450
2025-02-03 13:43:52.046364,NTPC,EQ,309.05,10024149,309.0,309.05,0,47,684
2025-02-03 13:43:58.664684,NTPC,EQ,309.0,10025550,308.8,308.95,0,1408,107
2025-02-03 13:44:05.106813,NTPC,EQ,309.0,10027293,308.8,309.0,0,1042,2996
2025-02-03 13:44:11.514649,NTPC,EQ,308.65,10028628,308.75,308.8,0,15,1534
2025-02-03 13:44:17.858176,NTPC,EQ,308.7,10031390,308.6,308.75,0,2287,2166
2025-02-03 13:44:24.216071,NTPC,EQ,308.7,10032856,308.6,308.7,0,2914,246
2025-02-03 13:44:30.590624,NTPC,EQ,308.65,10035229,308.55,308.65,0,5,649
2025-02-03 13:44:37.003797,NTPC,EQ,308.6,10036664,308.5,308.6,0,62,16
2025-02-03 13:44:43.690580,NTPC,EQ,308.65,10040005,308.55,308.7,0,400,703
2025-02-03 13:44:50.570522,NTPC,EQ,308.5,10041131,308.55,308.6,0,5,1449
2025-02-03 13:44:56.863615,NTPC,EQ,308.45,10042974,308.5,308.6,0,74,1346
2025-02-03 13:45:03.512921,NTPC,EQ,308.5,10050002,308.5,308.65,0,2494,47
2025-02-03 13:45:09.969216,NTPC,EQ,308.9,10054847,308.75,308.9,0,2276,273
2025-02-03 13:45:17.931817,NTPC,EQ,309.05,10063284,308.85,309.0,0,2190,181
2025-02-03 13:45:24.236705,NTPC,EQ,309.0,10064509,308.9,309.0,0,51,146
2025-02-03 13:45:30.698340,NTPC,EQ,309.0,10080847,309.0,309.15,0,1518,113
2025-02-03 13:45:37.168483,NTPC,EQ,309.15,10084574,308.95,309.15,0,3146,1008
2025-02-03 13:45:43.574498,NTPC,EQ,309.05,10084925,309.0,309.05,0,337,73
2025-02-03 13:45:50.171044,NTPC,EQ,308.85,10090668,308.8,308.85,0,858,6
2025-02-03 13:45:58.158653,NTPC,EQ,309.0,10096315,309.0,309.05,0,2012,568
2025-02-03 13:46:04.803411,NTPC,EQ,309.05,10097896,309.0,309.05,0,1294,673
2025-02-03 13:46:11.517452,NTPC,EQ,309.0,10098550,309.0,309.05,0,711,669
2025-02-03 13:46:18.200862,NTPC,EQ,309.05,10099110,309.0,309.05,0,2867,569
2025-02-03 13:46:26.032605,NTPC,EQ,309.0,10100759,309.0,309.05,0,1722,1659
2025-02-03 13:46:32.542317,NTPC,EQ,309.0,10101776,309.0,309.05,0,1061,2171
2025-02-03 13:46:39.482012,NTPC,EQ,309.0,10102341,309.0,309.05,0,918,1865
2025-02-03 13:46:46.318643,NTPC,EQ,309.05,10103701,309.0,309.05,0,5707,1754
2025-02-03 13:46:53.249638,NTPC,EQ,309.05,10108109,309.0,309.05,0,8953,261
2025-02-03 13:46:59.964463,NTPC,EQ,309.0,10126840,309.0,309.1,0,4986,354
2025-02-03 13:47:06.688596,NTPC,EQ,309.05,10179414,309.0,309.1,0,403,336
2025-02-03 13:47:14.768233,NTPC,EQ,309.05,10186277,309.0,309.05,0,2242,1270
2025-02-03 13:47:21.306336,NTPC,EQ,309.05,10186865,309.0,309.05,0,2027,1430
2025-02-03 13:47:27.812968,NTPC,EQ,309.05,10186865,309.0,309.05,0,2027,1430
2025-02-03 13:47:34.259052,NTPC,EQ,309.05,10190439,309.0,309.05,0,1986,308
2025-02-03 13:47:40.977297,NTPC,EQ,309.0,10191792,309.0,309.05,0,1449,182
2025-02-03 13:47:47.443259,NTPC,EQ,309.1,10193863,309.05,309.1,0,4,1001
2025-02-03 13:47:53.879440,NTPC,EQ,309.1,10194450,309.05,309.1,0,2049,490
2025-02-03 13:48:00.442756,NTPC,EQ,309.05,10197104,309.0,309.05,0,5607,619
2025-02-03 13:48:07.953000,NTPC,EQ,309.05,10198283,309.0,309.05,0,5192,1043
2025-02-03 13:48:14.714984,NTPC,EQ,309.05,10199394,309.0,309.05,0,4705,500
2025-02-03 13:48:21.162985,NTPC,EQ,309.05,10201344,309.0,309.05,0,5100,212
2025-02-03 13:48:27.753542,NTPC,EQ,309.0,10202032,309.0,309.05,0,4298,206
2025-02-03 13:48:34.187952,NTPC,EQ,309.1,10202681,309.0,309.05,0,3883,368
2025-02-03 13:48:40.583121,NTPC,EQ,309.0,10205516,309.0,309.05,0,4091,12
2025-02-03 13:48:46.905128,NTPC,EQ,309.3,10232896,309.25,309.3,0,4990,1008
2025-02-03 13:48:53.263084,NTPC,EQ,309.25,10240432,309.25,309.3,0,4728,192
2025-02-03 13:49:00.066771,NTPC,EQ,309.15,10262404,309.15,309.25,0,2,1714
2025-02-03 13:49:06.631628,NTPC,EQ,309.0,10268692,309.0,309.1,0,3333,228
2025-02-03 13:49:13.132532,NTPC,EQ,309.0,10271931,309.05,309.1,0,2,185
2025-02-03 13:49:19.680965,NTPC,EQ,309.0,10313790,309.0,309.05,0,299,384
2025-02-03 13:49:26.096485,NTPC,EQ,309.0,10317061,309.0,309.05,0,2490,477
2025-02-03 13:49:32.613917,NTPC,EQ,309.0,10321583,309.0,309.05,0,5686,899
2025-02-03 13:49:38.938541,NTPC,EQ,309.05,10322219,309.0,309.05,0,6052,1473
2025-02-03 13:49:45.467946,NTPC,EQ,309.05,10333976,309.0,309.05,0,5607,1830
2025-02-03 13:49:52.105453,NTPC,EQ,309.0,10335238,309.0,309.05,0,6737,1931
2025-02-03 13:49:58.793089,NTPC,EQ,309.05,10342084,309.0,309.05,0,6199,1652
2025-02-03 13:50:06.008356,NTPC,EQ,309.05,10343140,309.0,309.05,0,5515,1624
2025-02-03 13:50:12.716542,NTPC,EQ,309.0,10343304,309.0,309.05,0,6157,1645
2025-02-03 13:50:19.313889,NTPC,EQ,309.0,10344875,309.0,309.05,0,5385,1859
2025-02-03 13:50:25.840513,NTPC,EQ,309.05,10384718,309.0,309.05,0,1277,399
2025-02-03 13:50:32.608774,NTPC,EQ,308.9,10393805,309.0,309.05,0,953,1782
2025-02-03 13:50:39.047779,NTPC,EQ,308.55,10411290,308.6,308.7,0,2249,1304
2025-02-03 13:50:45.474854,NTPC,EQ,308.8,10421841,308.65,308.8,0,3123,254
2025-02-03 13:50:52.057491,NTPC,EQ,308.8,10423625,308.7,308.8,0,1864,1653
2025-02-03 13:50:58.766945,NTPC,EQ,308.7,10425638,308.65,308.7,0,12,709
2025-02-03 13:51:05.475633,NTPC,EQ,308.65,10430396,308.5,308.65,0,2783,550
2025-02-03 13:51:12.028660,NTPC,EQ,308.55,10431631,308.5,308.55,0,171,1518
2025-02-03 13:51:18.680980,NTPC,EQ,308.4,10432225,308.4,308.5,0,1700,26
2025-02-03 13:51:25.013071,NTPC,EQ,308.5,10432939,308.4,308.5,0,1628,372
2025-02-03 13:51:31.453217,NTPC,EQ,308.4,10434538,308.3,308.4,0,57,387
2025-02-03 13:51:37.905607,NTPC,EQ,308.35,10435846,308.35,308.4,0,2,5355
2025-02-03 13:51:44.238989,NTPC,EQ,308.25,10441737,308.2,308.25,0,1,175
2025-02-03 13:51:50.507746,NTPC,EQ,308.1,10443081,308.1,308.2,0,601,36
2025-02-03 13:51:56.883606,NTPC,EQ,308.0,10450917,308.0,308.1,0,2,679
2025-02-03 13:52:05.658859,NTPC,EQ,308.25,10463335,308.1,308.25,0,323,2255
2025-02-03 13:52:12.339100,NTPC,EQ,308.05,10466447,308.0,308.1,0,502,4906
2025-02-03 13:52:18.727638,NTPC,EQ,307.75,10476755,307.75,307.9,0,150,403
2025-02-03 13:52:25.431496,NTPC,EQ,307.7,10481446,307.55,307.7,0,1140,1058
2025-02-03 13:52:31.797705,NTPC,EQ,307.7,10483257,307.65,307.7,0,111,552
2025-02-03 13:52:38.631916,NTPC,EQ,307.6,10490317,307.5,307.6,0,29,86
2025-02-03 13:52:45.626909,NTPC,EQ,307.55,10500636,307.55,307.7,0,1544,630
2025-02-03 13:52:52.108407,NTPC,EQ,307.7,10502160,307.55,307.7,0,1090,1198
2025-02-03 13:52:58.568033,NTPC,EQ,307.7,10505275,307.65,307.7,0,2,2171
2025-02-03 13:53:06.110086,NTPC,EQ,307.5,10506420,307.5,307.6,0,2026,14
2025-02-03 13:53:12.712244,NTPC,EQ,307.65,10507125,307.55,307.65,0,992,6
2025-02-03 13:53:19.190664,NTPC,EQ,307.65,10507483,307.55,307.65,0,530,4
2025-02-03 13:53:25.799296,NTPC,EQ,307.5,10508115,307.5,307.55,0,1504,129
2025-02-03 13:53:32.366190,NTPC,EQ,307.5,10508628,307.5,307.6,0,1471,448
2025-02-03 13:53:39.803627,NTPC,EQ,307.5,10510202,307.5,307.55,0,652,352
2025-02-03 13:53:46.119007,NTPC,EQ,307.55,10513224,307.45,307.55,0,1007,217
2025-02-03 13:53:52.602231,NTPC,EQ,307.55,10514592,307.5,307.55,0,706,572
2025-02-03 13:53:59.164859,NTPC,EQ,307.55,10517957,307.5,307.6,0,71,706
2025-02-03 13:54:05.588259,NTPC,EQ,307.55,10518560,307.4,307.45,0,2044,30
2025-02-03 13:54:11.915353,NTPC,EQ,307.4,10519126,307.45,307.6,0,1734,977
2025-02-03 13:54:18.182617,NTPC,EQ,307.45,10519620,307.45,307.55,0,10,5002
2025-02-03 13:54:24.742683,NTPC,EQ,307.55,10520930,307.45,307.55,0,1733,256
2025-02-03 13:54:31.128176,NTPC,EQ,307.5,10521612,307.5,307.55,0,2,270
2025-02-03 13:54:37.682295,NTPC,EQ,307.55,10522032,307.5,307.55,0,10,3103
2025-02-03 13:54:44.263125,NTPC,EQ,307.6,10525682,307.5,307.55,0,2,21
2025-02-03 13:54:52.055760,NTPC,EQ,307.6,10529834,307.4,307.6,0,2235,1224
2025-02-03 13:54:58.494626,NTPC,EQ,307.45,10532198,307.25,307.4,0,596,349
2025-02-03 13:55:05.157237,NTPC,EQ,307.55,10534429,307.35,307.45,0,538,277
2025-02-03 13:55:11.705489,NTPC,EQ,307.45,10535145,307.45,307.5,0,36,441
2025-02-03 13:55:18.321954,NTPC,EQ,307.5,10536312,307.45,307.5,0,9,670
2025-02-03 13:55:25.077898,NTPC,EQ,307.3,10538348,307.3,307.4,0,848,169
2025-02-03 13:55:31.584060,NTPC,EQ,307.45,10539201,307.4,307.5,0,38,781
2025-02-03 13:55:37.933230,NTPC,EQ,307.5,10540921,307.4,307.45,0,468,1
2025-02-03 13:55:44.444472,NTPC,EQ,307.5,10541338,307.45,307.5,0,3,1555
2025-02-03 13:55:50.997841,NTPC,EQ,307.5,10542192,307.35,307.5,0,2625,1009
2025-02-03 13:55:57.323705,NTPC,EQ,307.45,10542896,307.4,307.45,0,126,144
2025-02-03 13:56:03.670876,NTPC,EQ,307.45,10542896,307.4,307.45,0,126,144
2025-02-03 13:56:10.035541,NTPC,EQ,307.45,10547357,307.45,307.5,0,51,1176
2025-02-03 13:56:16.489619,NTPC,EQ,307.5,10547820,307.45,307.5,0,2,1177
2025-02-03 13:56:23.061060,NTPC,EQ,307.6,10547820,307.45,307.5,0,2,1177
2025-02-03 13:56:29.656241,NTPC,EQ,307.55,10551348,307.55,307.6,0,273,67
2025-02-03 13:56:36.146184,NTPC,EQ,307.7,10554166,307.65,307.7,0,9,1149
2025-02-03 13:56:42.414459,NTPC,EQ,307.7,10554785,307.5,307.65,0,3261,13
2025-02-03 13:56:49.001142,NTPC,EQ,307.7,10554785,307.5,307.65,0,3261,13
2025-02-03 13:56:55.417925,NTPC,EQ,307.5,10556393,307.5,307.6,0,2963,1573
2025-02-03 13:57:01.895863,NTPC,EQ,307.55,10557305,307.5,307.55,0,2903,7
2025-02-03 13:57:08.295504,NTPC,EQ,307.6,10558142,307.5,307.6,0,2538,5903
2025-02-03 13:57:14.867053,NTPC,EQ,307.6,10558633,307.5,307.55,0,2324,12
2025-02-03 13:57:21.623502,NTPC,EQ,307.55,10559170,307.55,307.6,0,746,629
2025-02-03 13:57:28.448309,NTPC,EQ,307.7,10561135,307.55,307.7,0,1557,512
2025-02-03 13:57:35.167733,NTPC,EQ,307.8,10561895,307.7,307.75,0,1,813
2025-02-03 13:57:41.562968,NTPC,EQ,307.6,10563794,307.65,307.75,0,877,34
2025-02-03 13:57:47.913130,NTPC,EQ,307.6,10564805,307.6,307.65,0,187,151
2025-02-03 13:57:54.236629,NTPC,EQ,308.0,10592734,307.85,308.0,0,330,376
2025-02-03 13:58:00.975598,NTPC,EQ,307.8,10600692,307.75,307.8,0,2823,12
2025-02-03 13:58:07.459084,NTPC,EQ,307.85,10602783,307.75,307.85,0,2144,260
2025-02-03 13:58:13.913687,NTPC,EQ,307.85,10611543,307.75,307.85,0,63,4008
2025-02-03 13:58:20.754105,NTPC,EQ,307.85,10613623,307.75,307.85,0,28,2185
2025-02-03 13:58:27.813381,NTPC,EQ,307.85,10616666,307.75,307.85,0,381,342
2025-02-03 13:58:34.980802,NTPC,EQ,307.85,10617457,307.75,307.85,0,377,545
2025-02-03 13:58:41.619495,NTPC,EQ,307.8,10618272,307.75,307.8,0,356,12
2025-02-03 13:58:48.358217,NTPC,EQ,307.85,10618817,307.75,307.85,0,123,684
2025-02-03 13:58:55.759453,NTPC,EQ,307.85,10623442,307.75,307.85,0,324,207
2025-02-03 13:59:02.256535,NTPC,EQ,307.75,10624563,307.75,307.85,0,795,104
2025-02-03 13:59:08.629692,NTPC,EQ,307.9,10625468,307.8,307.85,0,7,18
2025-02-03 13:59:15.075411,NTPC,EQ,307.8,10627623,307.7,307.85,0,817,5121
2025-02-03 13:59:21.601381,NTPC,EQ,307.85,10628572,307.8,307.85,0,38,1397
2025-02-03 13:59:28.134271,NTPC,EQ,307.85,10629479,307.8,307.85,0,403,872
2025-02-03 13:59:34.374057,NTPC,EQ,307.95,10630888,307.85,307.95,0,1480,158
2025-02-03 13:59:41.866116,NTPC,EQ,307.95,10632479,307.9,307.95,0,201,6
2025-02-03 13:59:48.470644,NTPC,EQ,308.0,10632597,308.0,308.05,0,9,4383
2025-02-03 13:59:55.116339,NTPC,EQ,308.0,10632902,307.95,308.0,0,66,3680
2025-02-03 14:00:01.675797,NTPC,EQ,307.85,10635926,307.8,307.85,0,278,1384
2025-02-03 14:00:08.215353,NTPC,EQ,307.9,10637220,307.7,307.85,0,2674,384
2025-02-03 14:00:14.761357,NTPC,EQ,307.85,10638426,307.8,307.85,0,9,871
2025-02-03 14:00:21.295572,NTPC,EQ,307.8,10639026,307.8,307.85,0,18,634
2025-02-03 14:00:28.675177,NTPC,EQ,308.05,10644521,308.0,308.05,0,50,1189
2025-02-03 14:00:35.121548,NTPC,EQ,308.05,10648043,308.0,308.05,0,74,689
2025-02-03 14:00:41.899339,NTPC,EQ,308.05,10648764,308.0,308.05,0,272,238
2025-02-03 14:00:49.354826,NTPC,EQ,308.05,10649312,308.0,308.05,0,9,11
2025-02-03 14:00:58.386711,NTPC,EQ,308.05,10650810,308.05,308.15,0,1811,179
2025-02-03 14:01:04.871270,NTPC,EQ,308.15,10652073,308.05,308.15,0,1238,129
2025-02-03 14:01:11.340441,NTPC,EQ,308.0,10654752,308.0,308.05,0,1,6
2025-02-03 14:01:18.219650,NTPC,EQ,308.0,10655174,308.0,308.1,0,7024,3287
2025-02-03 14:01:24.859078,NTPC,EQ,308.1,10655739,308.05,308.1,0,470,3118
2025-02-03 14:01:31.673951,NTPC,EQ,308.1,10659403,308.0,308.05,0,5443,6
2025-02-03 14:01:38.377523,NTPC,EQ,308.0,10660187,308.0,308.1,0,5920,278
2025-02-03 14:01:45.904814,NTPC,EQ,308.1,10661010,308.0,308.1,0,4777,851
2025-02-03 14:01:52.605048,NTPC,EQ,308.1,10661494,308.05,308.1,0,33,873
2025-02-03 14:01:59.266513,NTPC,EQ,308.05,10663597,308.0,308.1,0,2793,4381
2025-02-03 14:02:05.719748,NTPC,EQ,308.05,10665979,308.0,308.05,0,1090,2968
2025-02-03 14:02:12.348743,NTPC,EQ,308.0,10688171,308.0,308.05,0,41,718
2025-02-03 14:02:19.240349,NTPC,EQ,308.0,10688171,308.0,308.05,0,41,718
2025-02-03 14:02:26.015319,NTPC,EQ,308.0,10691446,308.0,308.05,0,4,221
2025-02-03 14:02:32.663208,NTPC,EQ,308.1,10693993,308.0,308.1,0,42,816
2025-02-03 14:02:39.233274,NTPC,EQ,308.1,10696507,308.05,308.1,0,1366,395
2025-02-03 14:02:45.881364,NTPC,EQ,308.1,10697835,308.05,308.1,0,150,221
2025-02-03 14:02:52.636977,NTPC,EQ,308.2,10701361,308.1,308.15,0,601,4
2025-02-03 14:02:59.164504,NTPC,EQ,308.3,10702620,308.2,308.3,0,2,3913
2025-02-03 14:03:05.878869,NTPC,EQ,308.2,10706681,308.05,308.2,0,1991,483
2025-02-03 14:03:12.454041,NTPC,EQ,308.15,10708301,308.05,308.15,0,1595,8
2025-02-03 14:03:18.928286,NTPC,EQ,308.1,10708803,308.1,308.15,0,12,24
2025-02-03 14:03:25.587884,NTPC,EQ,308.15,10709181,308.05,308.1,0,966,6
2025-02-03 14:03:32.233786,NTPC,EQ,308.2,10710621,308.1,308.2,0,2,1175
2025-02-03 14:03:39.041334,NTPC,EQ,308.2,10710994,308.15,308.2,0,1,1021
2025-02-03 14:03:45.661838,NTPC,EQ,308.2,10711337,308.1,308.15,0,2,87
2025-02-03 14:03:52.159108,NTPC,EQ,308.05,10712125,308.05,308.15,0,565,18
2025-02-03 14:03:59.225473,NTPC,EQ,308.05,10714001,308.0,308.05,0,492,581
2025-02-03 14:04:05.835888,NTPC,EQ,308.05,10715215,308.0,308.05,0,21,550
2025-02-03 14:04:12.338726,NTPC,EQ,308.05,10717292,308.0,308.05,0,50,412
2025-02-03 14:04:19.207225,NTPC,EQ,308.05,10719833,308.0,308.05,0,50,231
2025-02-03 14:04:25.818358,NTPC,EQ,308.05,10720468,308.0,308.05,0,49,142
2025-02-03 14:04:32.498318,NTPC,EQ,308.0,10721498,308.0,308.05,0,39,130
2025-02-03 14:04:38.912220,NTPC,EQ,308.15,10723880,308.05,308.15,0,367,499
2025-02-03 14:04:45.396933,NTPC,EQ,308.1,10724456,308.05,308.1,0,1722,12
2025-02-03 14:04:52.285241,NTPC,EQ,308.1,10725271,308.0,308.05,0,661,14
2025-02-03 14:04:58.935353,NTPC,EQ,308.1,10728254,308.0,308.1,0,1763,245
2025-02-03 14:05:05.606740,NTPC,EQ,308.05,10730165,308.0,308.05,0,60,251
2025-02-03 14:05:12.188737,NTPC,EQ,308.0,10731193,308.0,308.05,0,50,309
2025-02-03 14:05:18.568047,NTPC,EQ,308.05,10733493,308.0,308.05,0,51,337
2025-02-03 14:05:24.917560,NTPC,EQ,308.05,10734429,308.0,308.05,0,2,383
2025-02-03 14:05:31.521283,NTPC,EQ,308.15,10736779,308.1,308.15,0,150,59
2025-02-03 14:05:38.062273,NTPC,EQ,308.15,10739022,308.0,308.15,0,1891,58
2025-02-03 14:05:44.928848,NTPC,EQ,308.15,10740614,308.0,308.15,0,2351,240
2025-02-03 14:05:51.699318,NTPC,EQ,308.15,10741302,308.05,308.15,0,152,29
2025-02-03 14:05:58.531886,NTPC,EQ,308.15,10742762,308.05,308.15,0,2370,127
2025-02-03 14:06:05.527342,NTPC,EQ,308.05,10743357,308.0,308.05,0,3032,14
2025-02-03 14:06:12.188012,NTPC,EQ,308.15,10743829,308.0,308.05,0,2851,29
2025-02-03 14:06:18.626014,NTPC,EQ,308.05,10745456,308.0,308.05,0,1671,274
2025-02-03 14:06:25.113023,NTPC,EQ,308.15,10746391,308.0,308.05,0,880,37
2025-02-03 14:06:31.722145,NTPC,EQ,308.25,10748147,308.2,308.25,0,1,894
2025-02-03 14:06:38.339126,NTPC,EQ,308.3,10749428,308.2,308.25,0,3,10
2025-02-03 14:06:44.873106,NTPC,EQ,308.25,10750317,308.2,308.25,0,157,8
2025-02-03 14:06:51.527902,NTPC,EQ,308.2,10751498,308.15,308.2,0,160,26
2025-02-03 14:06:58.129772,NTPC,EQ,308.3,10752111,308.2,308.3,0,5,1298
2025-02-03 14:07:05.070753,NTPC,EQ,308.25,10752918,308.1,308.25,0,1337,12
2025-02-03 14:07:11.973269,NTPC,EQ,308.3,10753848,308.15,308.25,0,2,142
2025-02-03 14:07:18.907353,NTPC,EQ,308.25,10754662,308.15,308.3,0,787,1154
2025-02-03 14:07:27.047797,NTPC,EQ,308.25,10755773,308.15,308.25,0,2,149
2025-02-03 14:07:33.603165,NTPC,EQ,308.1,10756759,308.05,308.1,0,424,10
2025-02-03 14:07:40.195306,NTPC,EQ,308.1,10757627,308.05,308.1,0,3,483
2025-02-03 14:07:46.848182,NTPC,EQ,308.15,10760394,308.2,308.25,0,1,34
2025-02-03 14:07:53.366852,NTPC,EQ,308.25,10761032,308.15,308.2,0,7,12
2025-02-03 14:07:59.915704,NTPC,EQ,308.15,10762241,308.1,308.15,0,14,1151
2025-02-03 14:08:06.339235,NTPC,EQ,308.2,10762724,308.0,308.1,0,8928,3
2025-02-03 14:08:12.970806,NTPC,EQ,308.15,10764450,308.1,308.15,0,2,587
2025-02-03 14:08:19.349097,NTPC,EQ,308.15,10785058,307.95,308.15,0,2772,931
2025-02-03 14:08:25.757041,NTPC,EQ,307.9,10789751,307.9,308.05,0,2163,328
2025-02-03 14:08:32.420137,NTPC,EQ,307.95,10791050,307.95,308.05,0,203,832
2025-02-03 14:08:38.956554,NTPC,EQ,308.0,10795248,307.9,308.0,0,1307,442
2025-02-03 14:08:45.581895,NTPC,EQ,308.0,10797152,307.95,308.0,0,345,244
2025-02-03 14:08:52.187410,NTPC,EQ,308.0,10799284,307.95,308.0,0,166,65
2025-02-03 14:08:58.745204,NTPC,EQ,307.9,10800073,307.95,308.05,0,15,1696
2025-02-03 14:09:05.386928,NTPC,EQ,308.0,10802026,307.9,308.0,0,1207,35
2025-02-03 14:09:12.174730,NTPC,EQ,307.8,10802388,307.85,307.9,0,2,168
2025-02-03 14:09:18.698972,NTPC,EQ,307.8,10805318,307.65,307.8,0,2972,359
2025-02-03 14:09:25.333088,NTPC,EQ,307.7,10807407,307.7,307.8,0,778,169
2025-02-03 14:09:31.752539,NTPC,EQ,307.9,10811379,307.85,307.9,0,92,234
2025-02-03 14:09:38.517468,NTPC,EQ,308.05,10815019,307.9,308.05,0,936,875
2025-02-03 14:09:45.156672,NTPC,EQ,308.0,10815858,307.95,308.0,0,28,1135
2025-02-03 14:09:51.629705,NTPC,EQ,308.0,10817316,307.8,307.9,0,664,23
2025-02-03 14:09:58.125498,NTPC,EQ,307.9,10818775,307.8,307.9,0,2,891
2025-02-03 14:10:04.641849,NTPC,EQ,307.9,10821448,307.85,307.9,0,7,325
2025-02-03 14:10:11.153677,NTPC,EQ,307.75,10822610,307.75,307.9,0,2243,14
2025-02-03 14:10:17.622594,NTPC,EQ,307.85,10823872,307.8,307.85,0,660,14
2025-02-03 14:10:24.677624,NTPC,EQ,308.0,10824849,307.9,308.0,0,8,1475
2025-02-03 14:10:31.148643,NTPC,EQ,307.95,10826142,307.9,307.95,0,3,6
2025-02-03 14:10:37.864150,NTPC,EQ,307.95,10827215,307.9,307.95,0,2,446
2025-02-03 14:10:44.499000,NTPC,EQ,307.9,10828556,307.75,307.9,0,581,981
2025-02-03 14:10:51.635782,NTPC,EQ,307.85,10829209,307.8,307.85,0,1,9
2025-02-03 14:10:57.989788,NTPC,EQ,307.9,10830683,307.8,307.9,0,2,1428
2025-02-03 14:11:04.402633,NTPC,EQ,307.9,10831156,307.75,307.9,0,137,1263
2025-02-03 14:11:10.919183,NTPC,EQ,307.9,10832022,307.75,307.9,0,1848,699
2025-02-03 14:11:17.371689,NTPC,EQ,307.9,10832599,307.85,307.9,0,2,777
2025-02-03 14:11:23.722326,NTPC,EQ,307.9,10833510,307.8,307.9,0,1875,317
2025-02-03 14:11:30.019813,NTPC,EQ,307.9,10834468,307.85,307.9,0,20,39
2025-02-03 14:11:36.373864,NTPC,EQ,307.95,10836031,307.8,307.95,0,384,782
2025-02-03 14:11:42.768173,NTPC,EQ,307.9,10836652,307.8,307.95,0,319,715
2025-02-03 14:11:49.117140,NTPC,EQ,308.0,10839552,307.95,308.0,0,2,265
2025-02-03 14:11:55.466249,NTPC,EQ,308.0,10840099,307.95,308.0,0,17,600
2025-02-03 14:12:03.265323,NTPC,EQ,307.95,10840099,307.95,308.0,0,17,600
2025-02-03 14:12:09.684076,NTPC,EQ,307.85,10842653,307.85,308.0,0,2014,921
2025-02-03 14:12:16.213480,NTPC,EQ,308.0,10843860,307.9,308.0,0,147,540
2025-02-03 14:12:22.567464,NTPC,EQ,308.0,10845380,307.85,307.95,0,611,12
2025-02-03 14:12:29.126965,NTPC,EQ,308.0,10845380,307.85,307.95,0,611,12
2025-02-03 14:12:35.569249,NTPC,EQ,308.0,10847706,307.95,308.0,0,2,3463
2025-02-03 14:12:42.019830,NTPC,EQ,308.0,10849017,307.85,308.0,0,1037,3848
2025-02-03 14:12:48.526007,NTPC,EQ,307.9,10852293,307.85,307.9,0,150,3
2025-02-03 14:12:54.832102,NTPC,EQ,307.9,10853219,307.85,307.9,0,19,15
2025-02-03 14:13:01.325843,NTPC,EQ,308.0,10853931,307.9,308.0,0,7,1948
2025-02-03 14:13:07.600670,NTPC,EQ,307.9,10854585,307.8,307.9,0,1173,140
2025-02-03 14:13:14.219278,NTPC,EQ,307.85,10856652,307.75,307.85,0,3500,26
2025-02-03 14:13:20.576908,NTPC,EQ,307.85,10857876,307.75,307.85,0,2782,85
2025-02-03 14:13:26.992615,NTPC,EQ,307.8,10858405,307.75,307.8,0,337,1
2025-02-03 14:13:33.469710,NTPC,EQ,307.8,10858977,307.75,307.8,0,142,736
2025-02-03 14:13:40.266719,NTPC,EQ,307.8,10860403,307.75,307.8,0,4,427
2025-02-03 14:13:46.807203,NTPC,EQ,307.8,10862050,307.6,307.8,0,2352,1346
2025-02-03 14:13:53.126898,NTPC,EQ,307.7,10863154,307.65,307.75,0,315,6
2025-02-03 14:13:59.590493,NTPC,EQ,307.7,10863154,307.65,307.75,0,315,6
2025-02-03 14:14:06.075387,NTPC,EQ,307.65,10867619,307.6,307.65,0,2,243
2025-02-03 14:14:12.288538,NTPC,EQ,307.6,10869084,307.5,307.55,0,164,3
2025-02-03 14:14:18.860145,NTPC,EQ,307.55,10869643,307.55,307.6,0,4,594
2025-02-03 14:14:25.137973,NTPC,EQ,307.55,10871141,307.4,307.45,0,475,5
2025-02-03 14:14:31.588721,NTPC,EQ,307.5,10874405,307.4,307.5,0,1426,12
2025-02-03 14:14:38.194900,NTPC,EQ,307.55,10876589,307.45,307.55,0,188,111
2025-02-03 14:14:44.505210,NTPC,EQ,307.6,10876589,307.45,307.55,0,188,111
2025-02-03 14:14:50.896037,NTPC,EQ,307.6,10878461,307.5,307.65,0,93,2323
2025-02-03 14:14:56.985916,NTPC,EQ,307.6,10879951,307.45,307.6,0,297,1280
2025-02-03 14:15:03.324313,NTPC,EQ,307.5,10882037,307.45,307.5,0,533,13
2025-02-03 14:15:09.640180,NTPC,EQ,307.65,10882352,307.6,307.65,0,20,920
2025-02-03 14:15:15.996442,NTPC,EQ,307.65,10883914,307.6,307.65,0,155,216
2025-02-03 14:15:22.417709,NTPC,EQ,307.65,10885688,307.6,307.65,0,172,83
2025-02-03 14:15:28.813679,NTPC,EQ,307.65,10886992,307.6,307.65,0,340,237
2025-02-03 14:15:35.155085,NTPC,EQ,307.8,10892538,307.65,307.8,0,1742,150
2025-02-03 14:15:41.530617,NTPC,EQ,307.85,10892538,307.65,307.8,0,1742,150
2025-02-03 14:15:47.688534,NTPC,EQ,307.95,10894878,307.9,307.95,0,33,55
2025-02-03 14:15:54.032739,NTPC,EQ,307.95,10896283,307.95,308.0,0,4,3822
2025-02-03 14:16:00.437682,NTPC,EQ,308.0,10898619,307.9,308.0,0,2,3389
2025-02-03 14:16:06.904254,NTPC,EQ,308.0,10899739,307.95,308.0,0,1,2344
2025-02-03 14:16:13.207514,NTPC,EQ,307.95,10900816,307.85,308.0,0,1717,2706
2025-02-03 14:16:19.746838,NTPC,EQ,307.9,10902430,307.8,307.9,0,772,1
2025-02-03 14:16:26.001939,NTPC,EQ,307.85,10904883,307.7,307.85,0,1201,178
2025-02-03 14:16:32.358741,NTPC,EQ,307.85,10904883,307.7,307.85,0,1201,178
2025-02-03 14:16:38.592847,NTPC,EQ,307.85,10904883,307.7,307.85,0,1201,178
2025-02-03 14:16:44.806251,NTPC,EQ,307.85,10904883,307.7,307.85,0,1201,178
2025-02-03 14:16:51.169441,NTPC,EQ,307.8,10911596,307.75,307.8,0,378,12
2025-02-03 14:16:57.602023,NTPC,EQ,307.85,10912308,307.8,307.85,0,2,874
2025-02-03 14:17:03.871422,NTPC,EQ,307.85,10913532,307.75,307.8,0,120,11
2025-02-03 14:17:10.220158,NTPC,EQ,307.85,10914183,307.75,307.85,0,108,1038
2025-02-03 14:17:16.509502,NTPC,EQ,307.85,10914824,307.75,307.8,0,330,9
2025-02-03 14:17:22.869598,NTPC,EQ,307.85,10929625,307.8,307.85,0,43,10
2025-02-03 14:17:29.275655,NTPC,EQ,307.9,10931423,307.75,307.9,0,1151,3945
2025-02-03 14:17:35.676871,NTPC,EQ,307.9,10933581,307.85,307.9,0,7,2727
2025-02-03 14:17:41.980320,NTPC,EQ,307.85,10934693,307.75,307.9,0,2123,1797
2025-02-03 14:17:48.309903,NTPC,EQ,307.85,10939151,307.85,307.9,0,89,118
2025-02-03 14:17:54.502291,NTPC,EQ,307.9,10941741,307.9,307.95,0,1,90
2025-02-03 14:18:01.061538,NTPC,EQ,307.95,10943092,307.85,307.95,0,2,890
2025-02-03 14:18:07.325681,NTPC,EQ,307.9,10943828,307.8,307.9,0,59,11
2025-02-03 14:18:13.787494,NTPC,EQ,308.15,11003100,308.05,308.15,0,138,2060
2025-02-03 14:18:20.142414,NTPC,EQ,308.5,11022254,308.45,308.5,0,15,1448
2025-02-03 14:18:26.469226,NTPC,EQ,308.55,11026175,308.5,308.55,0,19,201
2025-02-03 14:18:33.783145,NTPC,EQ,308.5,11028971,308.4,308.5,0,1040,4
2025-02-03 14:18:40.065458,NTPC,EQ,308.6,11030127,308.5,308.6,0,2,1874
2025-02-03 14:18:46.439507,NTPC,EQ,308.55,11031320,308.35,308.5,0,1434,90
2025-02-03 14:18:52.796273,NTPC,EQ,308.55,11031984,308.4,308.5,0,385,16
2025-02-03 14:18:59.231526,NTPC,EQ,308.4,11033597,308.25,308.4,0,1937,437
2025-02-03 14:19:05.563743,NTPC,EQ,308.5,11042596,308.5,308.55,0,626,952
2025-02-03 14:19:11.989450,NTPC,EQ,308.55,11045623,308.5,308.55,0,298,896
2025-02-03 14:19:18.352322,NTPC,EQ,308.55,11046559,308.5,308.55,0,490,261
2025-02-03 14:19:25.658066,NTPC,EQ,308.55,11047742,308.5,308.55,0,402,769
2025-02-03 14:19:31.892220,NTPC,EQ,308.55,11049297,308.5,308.55,0,26,554
2025-02-03 14:19:38.314280,NTPC,EQ,308.55,11052496,308.5,308.55,0,525,91
2025-02-03 14:19:44.691968,NTPC,EQ,308.55,11054622,308.5,308.55,0,565,263
2025-02-03 14:19:51.151722,NTPC,EQ,308.5,11057739,308.5,308.55,0,505,513
2025-02-03 14:19:57.480237,NTPC,EQ,308.5,11059355,308.5,308.55,0,620,145
2025-02-03 14:20:03.879594,NTPC,EQ,308.55,11060162,308.5,308.55,0,374,247
2025-02-03 14:20:10.204055,NTPC,EQ,308.55,11061621,308.5,308.55,0,488,141
2025-02-03 14:20:16.384545,NTPC,EQ,308.55,11064094,308.5,308.55,0,72,847
2025-02-03 14:20:22.806691,NTPC,EQ,308.55,11066273,308.5,308.55,0,1528,11
2025-02-03 14:20:29.083621,NTPC,EQ,308.5,11069751,308.5,308.6,0,1326,119
2025-02-03 14:20:35.574750,NTPC,EQ,308.6,11070769,308.5,308.55,0,2174,12
2025-02-03 14:20:41.868349,NTPC,EQ,308.55,11070769,308.5,308.55,0,2174,12
2025-02-03 14:20:48.393508,NTPC,EQ,308.6,11074706,308.55,308.65,0,2230,113
2025-02-03 14:20:54.714149,NTPC,EQ,308.7,11075338,308.6,308.65,0,465,10
2025-02-03 14:21:01.140392,NTPC,EQ,308.7,11076554,308.65,308.7,0,14,204
2025-02-03 14:21:07.633405,NTPC,EQ,308.55,11078401,308.55,308.65,0,162,425
2025-02-03 14:21:13.900833,NTPC,EQ,308.6,11079021,308.5,308.55,0,2501,436
2025-02-03 14:21:20.299601,NTPC,EQ,308.6,11086904,308.5,308.55,0,76,453
2025-02-03 14:21:26.698536,NTPC,EQ,308.55,11089129,308.5,308.55,0,202,222
2025-02-03 14:21:33.048741,NTPC,EQ,308.55,11091848,308.5,308.55,0,500,124
2025-02-03 14:21:39.378277,NTPC,EQ,308.55,11091848,308.5,308.55,0,500,124
2025-02-03 14:21:45.857745,NTPC,EQ,308.55,11093014,308.5,308.55,0,417,654
2025-02-03 14:21:52.196113,NTPC,EQ,308.55,11094234,308.5,308.55,0,247,967
2025-02-03 14:21:58.550929,NTPC,EQ,308.55,11096465,308.5,308.55,0,500,497
2025-02-03 14:22:05.008635,NTPC,EQ,308.55,11097923,308.5,308.55,0,114,501
2025-02-03 14:22:11.375002,NTPC,EQ,308.55,11100178,308.55,308.6,0,21,1191
2025-02-03 14:22:17.759895,NTPC,EQ,308.55,11101646,308.5,308.55,0,658,112
2025-02-03 14:22:24.147150,NTPC,EQ,308.6,11103450,308.5,308.55,0,1229,181
2025-02-03 14:22:30.616036,NTPC,EQ,308.55,11106891,308.5,308.55,0,1544,780
2025-02-03 14:22:36.947860,NTPC,EQ,308.55,11107945,308.5,308.55,0,2612,710
2025-02-03 14:22:43.227248,NTPC,EQ,308.65,11111846,308.55,308.6,0,253,6
2025-02-03 14:22:49.805927,NTPC,EQ,308.7,11112285,308.6,308.65,0,307,52
2025-02-03 14:22:56.094716,NTPC,EQ,308.75,11114473,308.55,308.65,0,206,12
2025-02-03 14:23:02.603249,NTPC,EQ,308.8,11115319,308.6,308.75,0,337,659
2025-02-03 14:23:08.774480,NTPC,EQ,308.65,11118006,308.55,308.65,0,1175,11
2025-02-03 14:23:16.094885,NTPC,EQ,308.65,11118557,308.55,308.6,0,4,6
2025-02-03 14:23:22.556367,NTPC,EQ,308.55,11119597,308.5,308.65,0,2474,548
2025-02-03 14:23:28.811035,NTPC,EQ,308.55,11120274,308.5,308.55,0,434,1124
2025-02-03 14:23:35.232020,NTPC,EQ,308.55,11122964,308.5,308.55,0,421,356
2025-02-03 14:23:41.622494,NTPC,EQ,308.55,11123440,308.5,308.6,0,312,1032
2025-02-03 14:23:48.077381,NTPC,EQ,308.55,11124824,308.55,308.6,0,3,45
2025-02-03 14:23:54.622635,NTPC,EQ,308.6,11125575,308.55,308.6,0,5,419
2025-02-03 14:24:00.974274,NTPC,EQ,308.55,11127550,308.5,308.55,0,425,9
2025-02-03 14:24:07.622365,NTPC,EQ,308.6,11128523,308.55,308.6,0,3,65
2025-02-03 14:24:13.816090,NTPC,EQ,308.65,11129567,308.55,308.6,0,7,11
2025-02-03 14:24:20.182534,NTPC,EQ,308.6,11129830,308.6,308.65,0,22,236
2025-02-03 14:24:26.450151,NTPC,EQ,308.65,11131433,308.65,308.7,0,3,75
2025-02-03 14:24:32.828461,NTPC,EQ,308.7,11131805,308.65,308.75,0,20,1807
2025-02-03 14:24:39.417156,NTPC,EQ,308.75,11132892,308.7,308.75,0,1,842
2025-02-03 14:24:45.929552,NTPC,EQ,308.75,11136718,308.65,308.75,0,574,218
2025-02-03 14:24:52.386829,NTPC,EQ,308.75,11137997,308.65,308.75,0,1071,195
2025-02-03 14:24:58.940481,NTPC,EQ,308.75,11138402,308.7,308.75,0,7,643
2025-02-03 14:25:05.504098,NTPC,EQ,308.75,11142607,308.7,308.75,0,2,741
2025-02-03 14:25:11.916349,NTPC,EQ,308.75,11144206,308.7,308.75,0,650,209
2025-02-03 14:25:18.345099,NTPC,EQ,308.75,11146446,308.7,308.75,0,301,358
2025-02-03 14:25:24.951414,NTPC,EQ,308.8,11148015,308.8,308.85,0,10,438
2025-02-03 14:25:31.313438,NTPC,EQ,308.75,11149811,308.7,308.75,0,5,1
2025-02-03 14:25:37.786398,NTPC,EQ,308.8,11150215,308.75,308.8,0,3,213
2025-02-03 14:25:44.199325,NTPC,EQ,308.75,11152048,308.7,308.8,0,135,101
2025-02-03 14:25:50.602499,NTPC,EQ,308.65,11152661,308.75,308.8,0,5,816
2025-02-03 14:25:57.141453,NTPC,EQ,308.75,11155091,308.6,308.75,0,1709,344
2025-02-03 14:26:03.584667,NTPC,EQ,308.65,11156164,308.65,308.75,0,8,177
2025-02-03 14:26:10.062924,NTPC,EQ,308.8,11157399,308.65,308.8,0,834,871
2025-02-03 14:26:16.906081,NTPC,EQ,308.75,11158401,308.55,308.7,0,2045,75
2025-02-03 14:26:23.433560,NTPC,EQ,308.55,11159732,308.55,308.6,0,5,328
2025-02-03 14:26:29.827862,NTPC,EQ,308.6,11160667,308.55,308.6,0,6,1183
2025-02-03 14:26:36.256269,NTPC,EQ,308.6,11162023,308.5,308.6,0,152,850
2025-02-03 14:26:42.600440,NTPC,EQ,308.6,11162468,308.55,308.6,0,1490,197
2025-02-03 14:26:49.095965,NTPC,EQ,308.6,11166121,308.5,308.6,0,451,741
2025-02-03 14:26:55.484364,NTPC,EQ,308.55,11166544,308.5,308.55,0,425,179
2025-02-03 14:27:02.018597,NTPC,EQ,308.55,11167760,308.5,308.55,0,506,166
2025-02-03 14:27:08.348090,NTPC,EQ,308.55,11169228,308.5,308.55,0,126,936
2025-02-03 14:27:14.496367,NTPC,EQ,308.55,11171803,308.5,308.55,0,465,631
2025-02-03 14:27:20.878685,NTPC,EQ,308.55,11172823,308.5,308.55,0,449,538
2025-02-03 14:27:27.355096,NTPC,EQ,308.55,11174338,308.5,308.55,0,570,68
2025-02-03 14:27:33.744027,NTPC,EQ,308.55,11175136,308.5,308.55,0,235,236
2025-02-03 14:27:40.052049,NTPC,EQ,308.5,11179588,308.5,308.55,0,174,655
2025-02-03 14:27:46.586521,NTPC,EQ,308.5,11180257,308.5,308.55,0,496,517
2025-02-03 14:27:52.826674,NTPC,EQ,308.55,11181462,308.5,308.55,0,147,475
2025-02-03 14:27:59.385108,NTPC,EQ,308.55,11181462,308.5,308.55,0,147,475
2025-02-03 14:28:05.768410,NTPC,EQ,308.55,11183995,308.5,308.55,0,412,89
2025-02-03 14:28:12.081580,NTPC,EQ,308.55,11184635,308.5,308.55,0,311,176
2025-02-03 14:28:18.557691,NTPC,EQ,308.7,11186769,308.55,308.6,0,1012,6304
2025-02-03 14:28:24.881432,NTPC,EQ,308.85,11199887,308.7,308.8,0,354,165
2025-02-03 14:28:31.138095,NTPC,EQ,308.85,11201388,308.8,308.85,0,119,806
2025-02-03 14:28:37.500301,NTPC,EQ,308.85,11203859,308.85,308.9,0,15,774
2025-02-03 14:28:44.043855,NTPC,EQ,308.95,11205831,308.8,308.9,0,112,1
2025-02-03 14:28:50.675123,NTPC,EQ,308.9,11206326,308.9,308.95,0,26,1164
2025-02-03 14:28:57.089634,NTPC,EQ,308.9,11208889,308.8,308.85,0,4,484
2025-02-03 14:29:03.503793,NTPC,EQ,308.7,11210118,308.65,308.7,0,5,21
2025-02-03 14:29:10.020105,NTPC,EQ,308.7,11211604,308.6,308.7,0,1318,60
2025-02-03 14:29:17.315774,NTPC,EQ,308.7,11212360,308.6,308.65,0,1985,55
2025-02-03 14:29:23.654459,NTPC,EQ,308.6,11241382,308.65,308.7,0,6,755
2025-02-03 14:29:30.029858,NTPC,EQ,308.6,11252215,308.5,308.6,0,506,997
2025-02-03 14:29:36.349883,NTPC,EQ,308.6,11254430,308.55,308.6,0,6,1252
2025-02-03 14:29:42.849842,NTPC,EQ,308.6,11255340,308.5,308.6,0,571,751
2025-02-03 14:29:49.296531,NTPC,EQ,308.55,11256384,308.5,308.55,0,349,77
2025-02-03 14:29:55.825036,NTPC,EQ,308.6,11257623,308.5,308.55,0,834,53
2025-02-03 14:30:02.294428,NTPC,EQ,308.6,11261706,308.55,308.6,0,99,155
2025-02-03 14:30:43.356458,NTPC,EQ,308.25,11272609,308.45,308.5,0,1,336
2025-02-03 14:30:51.472723,NTPC,EQ,308.15,11274194,308.1,308.25,0,2259,165
2025-02-03 14:30:57.680651,NTPC,EQ,308.15,11277130,308.1,308.15,0,290,216
2025-02-03 14:31:04.042521,NTPC,EQ,308.1,11278071,308.1,308.15,0,158,371
2025-02-03 14:31:10.729649,NTPC,EQ,308.15,11279090,308.1,308.2,0,5,2364
2025-02-03 14:31:17.062359,NTPC,EQ,308.2,11279947,308.1,308.15,0,8,9
2025-02-03 14:31:24.194290,NTPC,EQ,308.15,11281902,308.15,308.2,0,5,320
2025-02-03 14:31:32.517022,NTPC,EQ,308.2,11281902,308.15,308.2,0,5,320
2025-02-03 14:31:39.856788,NTPC,EQ,308.2,11284929,308.05,308.2,0,82,992
2025-02-03 14:31:46.142360,NTPC,EQ,308.2,11286063,308.05,308.2,0,803,837
2025-02-03 14:31:52.500672,NTPC,EQ,308.1,11286658,308.05,308.15,0,178,256
2025-02-03 14:31:58.981509,NTPC,EQ,308.15,11287808,308.0,308.15,0,2611,2216
2025-02-03 14:32:05.496655,NTPC,EQ,308.05,11290146,308.0,308.05,0,1886,99
2025-02-03 14:32:12.111592,NTPC,EQ,308.05,11292273,308.0,308.05,0,679,1334
2025-02-03 14:32:18.524116,NTPC,EQ,308.05,11293519,308.0,308.05,0,633,1398
2025-02-03 14:32:24.670198,NTPC,EQ,308.05,11294211,308.0,308.05,0,416,1086
2025-02-03 14:32:30.936089,NTPC,EQ,308.05,11295457,308.0,308.05,0,232,1019
2025-02-03 14:32:37.285313,NTPC,EQ,308.1,11297262,308.0,308.05,0,328,309
2025-02-03 14:32:45.733894,NTPC,EQ,308.1,11300929,308.0,308.05,0,201,215
2025-02-03 14:32:53.251613,NTPC,EQ,308.1,11303058,308.05,308.15,0,156,1014
2025-02-03 14:33:00.105556,NTPC,EQ,308.15,11304161,308.05,308.15,0,18,1347
2025-02-03 14:33:06.589139,NTPC,EQ,308.0,11305853,308.0,308.15,0,1000,3106
2025-02-03 14:33:12.868657,NTPC,EQ,308.15,11306365,308.1,308.15,0,17,2875
2025-02-03 14:33:19.183295,NTPC,EQ,308.15,11307780,308.0,308.05,0,426,189
2025-02-03 14:33:25.400251,NTPC,EQ,308.3,11312980,308.15,308.2,0,337,6
2025-02-03 14:33:31.572594,NTPC,EQ,308.3,11316832,308.15,308.3,0,2325,8
2025-02-03 14:33:37.858926,NTPC,EQ,308.35,11317640,308.2,308.35,0,210,1867
2025-02-03 14:33:44.355900,NTPC,EQ,308.35,11318807,308.25,308.35,0,150,343
2025-02-03 14:33:50.615599,NTPC,EQ,308.35,11321550,308.35,308.4,0,32,1072
2025-02-03 14:35:44.950271,NTPC,EQ,308.55,11361686,308.4,308.55,0,532,577
2025-02-03 14:35:51.344482,NTPC,EQ,308.5,11364896,308.35,308.5,0,125,1807
2025-02-03 14:35:57.486583,NTPC,EQ,308.55,11365598,308.5,308.55,0,2,659
2025-02-03 14:36:03.689463,NTPC,EQ,308.3,11370029,308.3,308.4,0,148,229
2025-02-03 14:36:09.913375,NTPC,EQ,308.5,11372929,308.3,308.5,0,2342,1644
2025-02-03 14:36:16.317857,NTPC,EQ,308.4,11374703,308.4,308.55,0,7,1946
2025-02-03 14:36:22.586297,NTPC,EQ,308.5,11375564,308.45,308.5,0,13,11
2025-02-03 14:36:30.031925,NTPC,EQ,308.5,11377114,308.35,308.5,0,166,1590
2025-02-03 14:36:38.344827,NTPC,EQ,308.55,11378548,308.5,308.55,0,8,919
2025-02-03 14:36:45.591613,NTPC,EQ,308.5,11379619,308.4,308.5,0,143,1603
2025-02-03 14:36:51.956318,NTPC,EQ,308.5,11381964,308.45,308.5,0,41,1784
2025-02-03 14:36:58.458265,NTPC,EQ,308.5,11383277,308.4,308.5,0,169,2542
2025-02-03 14:37:04.728030,NTPC,EQ,308.45,11384597,308.4,308.45,0,5,112
2025-02-03 14:37:11.300510,NTPC,EQ,308.45,11385661,308.35,308.4,0,325,12
2025-02-03 14:37:17.809266,NTPC,EQ,308.4,11387579,308.35,308.4,0,702,24
2025-02-03 14:37:24.099264,NTPC,EQ,308.45,11390067,308.4,308.45,0,151,3
2025-02-03 14:37:30.659246,NTPC,EQ,308.4,11397610,308.4,308.45,0,36,1507
2025-02-03 14:37:36.914695,NTPC,EQ,308.45,11399669,308.4,308.45,0,50,928
2025-02-03 14:37:42.999197,NTPC,EQ,308.4,11401744,308.4,308.5,0,23,1278
2025-02-03 14:37:52.064526,NTPC,EQ,308.35,11403313,308.35,308.4,0,32,19
2025-02-03 14:37:59.585656,NTPC,EQ,308.4,11404143,308.3,308.4,0,55,1168
2025-02-03 14:38:06.071169,NTPC,EQ,308.25,11405116,308.2,308.3,0,701,46
2025-02-03 14:38:12.576216,NTPC,EQ,308.3,11406731,308.25,308.3,0,23,129
2025-02-03 14:38:18.960566,NTPC,EQ,308.3,11408287,308.2,308.3,0,88,361
2025-02-03 14:38:25.683895,NTPC,EQ,308.4,11410779,308.3,308.35,0,2,201
2025-02-03 14:38:32.013801,NTPC,EQ,308.45,11417508,308.3,308.45,0,1082,245
2025-02-03 14:38:38.344636,NTPC,EQ,308.5,11419192,308.4,308.5,0,1191,271
2025-02-03 14:38:44.564038,NTPC,EQ,308.65,11421020,308.55,308.65,0,10,2422
2025-02-03 14:38:51.358824,NTPC,EQ,308.45,11422037,308.45,308.6,0,226,1557
2025-02-03 14:38:57.774138,NTPC,EQ,308.65,11423342,308.6,308.65,0,23,40
2025-02-03 14:39:06.403608,NTPC,EQ,308.45,11425440,308.45,308.55,0,1543,11
2025-02-03 14:39:14.195858,NTPC,EQ,308.5,11426791,308.55,308.65,0,7,1500
2025-02-03 14:39:20.934328,NTPC,EQ,308.7,11429261,308.6,308.65,0,1,6
2025-02-03 14:39:27.762571,NTPC,EQ,308.65,11430165,308.55,308.65,0,2,2398
2025-02-03 14:39:33.992854,NTPC,EQ,308.6,11432706,308.5,308.6,0,116,12
2025-02-03 14:39:40.309778,NTPC,EQ,308.45,11434302,308.6,308.65,0,2,1346
2025-02-03 14:39:46.918502,NTPC,EQ,308.6,11434959,308.5,308.6,0,11,10
2025-02-03 14:39:53.503095,NTPC,EQ,308.55,11436344,308.55,308.6,0,25,292
2025-02-03 14:40:00.088547,NTPC,EQ,308.6,11438725,308.55,308.6,0,11,732
2025-02-03 14:40:06.603530,NTPC,EQ,308.6,11441606,308.45,308.6,0,173,653
2025-02-03 14:40:13.048124,NTPC,EQ,308.6,11443287,308.45,308.6,0,1643,869
2025-02-03 14:40:21.578147,NTPC,EQ,308.7,11451158,308.65,308.7,0,1,425
2025-02-03 14:40:29.990044,NTPC,EQ,308.6,11454290,308.5,308.6,0,474,87
2025-02-03 14:40:37.349855,NTPC,EQ,308.6,11457825,308.5,308.6,0,254,335
2025-02-03 14:40:43.528012,NTPC,EQ,308.6,11458883,308.5,308.6,0,6,437
2025-02-03 14:40:50.011492,NTPC,EQ,308.5,11459985,308.45,308.5,0,150,46
2025-02-03 14:40:56.240907,NTPC,EQ,308.6,11461318,308.55,308.6,0,17,2272
2025-02-03 14:41:02.633069,NTPC,EQ,308.45,11465319,308.5,308.55,0,150,5
2025-02-03 14:41:09.064053,NTPC,EQ,308.6,11470056,308.45,308.6,0,179,458
2025-02-03 14:41:15.261637,NTPC,EQ,308.55,11471466,308.4,308.55,0,157,615
2025-02-03 14:41:21.599837,NTPC,EQ,308.55,11475924,308.5,308.55,0,29,767
2025-02-03 14:41:27.926808,NTPC,EQ,308.55,11480045,308.5,308.55,0,36,576
2025-02-03 14:41:34.943655,NTPC,EQ,308.55,11485826,308.4,308.55,0,510,904
2025-02-03 14:41:43.426665,NTPC,EQ,308.55,11490693,308.4,308.55,0,97,2215
2025-02-03 14:41:51.194085,NTPC,EQ,308.55,11492555,308.4,308.55,0,282,1984
2025-02-03 14:41:57.474344,NTPC,EQ,308.55,11496094,308.45,308.55,0,2,2296
2025-02-03 14:42:03.826622,NTPC,EQ,308.5,11501907,308.35,308.5,0,615,231
2025-02-03 14:42:10.270653,NTPC,EQ,308.4,11508659,308.4,308.55,0,219,4765
2025-02-03 14:42:16.495354,NTPC,EQ,308.5,11509594,308.4,308.5,0,571,11
2025-02-03 14:42:22.931241,NTPC,EQ,308.4,11518486,308.4,308.5,0,75,1547
2025-02-03 14:42:29.554002,NTPC,EQ,308.55,11522050,308.5,308.55,0,20,109
2025-02-03 14:42:35.710849,NTPC,EQ,308.45,11524558,308.45,308.55,0,544,43
2025-02-03 14:42:41.915742,NTPC,EQ,308.55,11526020,308.5,308.55,0,1,644
2025-02-03 14:42:48.294588,NTPC,EQ,308.55,11528173,308.45,308.55,0,335,317
2025-02-03 14:42:57.035959,NTPC,EQ,308.55,11529486,308.45,308.55,0,689,361
2025-02-03 14:43:05.608867,NTPC,EQ,308.7,11535625,308.65,308.7,0,21,1146
2025-02-03 14:43:12.647252,NTPC,EQ,308.7,11540889,308.55,308.7,0,84,1293
2025-02-03 14:43:18.940664,NTPC,EQ,308.85,11544827,308.8,308.85,0,2,6
2025-02-03 14:43:25.311483,NTPC,EQ,308.6,11549600,308.45,308.6,0,1017,150
2025-02-03 14:43:31.585523,NTPC,EQ,308.6,11552692,308.5,308.6,0,23,861
2025-02-03 14:43:37.977546,NTPC,EQ,308.65,11556248,308.5,308.65,0,1692,3756
2025-02-03 14:43:44.222541,NTPC,EQ,308.6,11557874,308.55,308.6,0,25,416
2025-02-03 14:43:50.470534,NTPC,EQ,308.6,11560240,308.55,308.6,0,20,229
2025-02-03 14:43:57.053217,NTPC,EQ,308.65,11564724,308.6,308.65,0,41,46
2025-02-03 14:44:03.393319,NTPC,EQ,308.45,11566229,308.45,308.6,0,75,607
2025-02-03 14:44:11.365658,NTPC,EQ,308.6,11568082,308.55,308.6,0,118,8
2025-02-03 14:44:19.394425,NTPC,EQ,308.55,11570443,308.6,308.65,0,3,338
2025-02-03 14:44:26.397670,NTPC,EQ,308.5,11571352,308.6,308.65,0,3,101
2025-02-03 14:44:33.010164,NTPC,EQ,308.7,11579245,308.55,308.7,0,196,1988
2025-02-03 14:44:39.260957,NTPC,EQ,308.75,11584066,308.75,308.8,0,22,51
2025-02-03 14:44:45.818625,NTPC,EQ,308.9,11585982,308.85,308.9,0,18,1148
2025-02-03 14:44:52.617484,NTPC,EQ,308.85,11588114,308.75,308.85,0,6,1268
2025-02-03 14:44:58.864660,NTPC,EQ,308.85,11589681,308.7,308.85,0,1376,256
2025-02-03 14:45:05.214754,NTPC,EQ,308.85,11591343,308.75,308.85,0,75,141
2025-02-03 14:45:11.626391,NTPC,EQ,308.8,11593070,308.7,308.8,0,664,8
2025-02-03 14:45:17.818790,NTPC,EQ,308.85,11594708,308.7,308.85,0,187,1025
2025-02-03 14:45:24.537700,NTPC,EQ,308.85,11596675,308.65,308.85,0,2297,2220
2025-02-03 14:45:33.037186,NTPC,EQ,308.75,11598777,308.7,308.75,0,5,10
2025-02-03 14:45:40.546649,NTPC,EQ,309.05,11635277,309.0,309.15,0,180,3555
2025-02-03 14:45:48.523788,NTPC,EQ,309.0,11647467,309.0,309.05,0,26,734
2025-02-03 14:45:57.292330,NTPC,EQ,309.05,11651092,309.0,309.05,0,84,195
2025-02-03 14:46:04.862977,NTPC,EQ,309.05,11657549,309.0,309.05,0,31,1299
2025-02-03 14:46:11.119662,NTPC,EQ,309.05,11660471,309.0,309.05,0,84,1499
2025-02-03 14:46:17.262589,NTPC,EQ,309.0,11672831,309.0,309.15,0,163,6222
2025-02-03 14:46:23.451248,NTPC,EQ,309.1,11674986,309.0,309.1,0,90,6425
2025-02-03 14:46:29.846875,NTPC,EQ,308.95,11676270,308.95,309.05,0,3,339
2025-02-03 14:46:36.520288,NTPC,EQ,309.1,11679229,309.0,309.1,0,30,3779
2025-02-03 14:46:44.337293,NTPC,EQ,309.2,11692422,309.1,309.2,0,25,414
2025-02-03 14:46:52.496312,NTPC,EQ,309.1,11694208,309.0,309.1,0,26,3678
2025-02-03 14:46:59.551367,NTPC,EQ,309.05,11696658,309.0,309.05,0,12,4112
2025-02-03 14:47:06.046836,NTPC,EQ,309.0,11700733,309.0,309.05,0,62,1192
2025-02-03 14:47:13.146971,NTPC,EQ,309.2,11711346,309.1,309.2,0,232,65
2025-02-03 14:47:19.663022,NTPC,EQ,309.0,11713662,309.0,309.05,0,50,12
2025-02-03 14:47:25.964992,NTPC,EQ,309.1,11715588,309.05,309.1,0,2,197
2025-02-03 14:47:32.436638,NTPC,EQ,309.1,11722970,309.1,309.25,0,1318,18
2025-02-03 14:47:38.735917,NTPC,EQ,309.1,11724019,309.05,309.25,0,727,6218
2025-02-03 14:47:45.269326,NTPC,EQ,309.15,11725732,309.05,309.15,0,5,196
2025-02-03 14:47:51.976828,NTPC,EQ,309.0,11727731,309.0,309.05,0,68,109
2025-02-03 14:47:59.651841,NTPC,EQ,309.0,11729406,309.05,309.1,0,25,3163
2025-02-03 14:48:08.050000,NTPC,EQ,309.05,11743537,309.0,309.05,0,372,914
2025-02-03 14:48:15.676863,NTPC,EQ,309.05,11745113,309.0,309.05,0,329,464
2025-02-03 14:48:22.069486,NTPC,EQ,309.0,11746599,309.0,309.05,0,225,658
2025-02-03 14:48:28.571181,NTPC,EQ,309.0,11757645,309.0,309.05,0,115,2408
2025-02-03 14:48:34.912440,NTPC,EQ,309.05,11761976,309.0,309.05,0,86,715
2025-02-03 14:48:41.407054,NTPC,EQ,308.8,11784792,308.75,308.8,0,733,2643
2025-02-03 14:48:48.035570,NTPC,EQ,309.0,11872282,309.0,309.05,0,85,3690
2025-02-03 14:48:54.584398,NTPC,EQ,309.0,11890886,309.0,309.05,0,1631,4689
2025-02-03 14:49:00.976977,NTPC,EQ,309.05,11892614,309.0,309.05,0,2315,4698
2025-02-03 14:49:07.603887,NTPC,EQ,309.05,11898484,309.0,309.05,0,968,1213
2025-02-03 14:49:14.718555,NTPC,EQ,309.05,11902516,309.0,309.05,0,433,1100
2025-02-03 14:49:23.395901,NTPC,EQ,309.0,11905968,309.0,309.05,0,38,6440
2025-02-03 14:49:30.910560,NTPC,EQ,309.05,11912817,309.0,309.05,0,124,5788
2025-02-03 14:49:37.990478,NTPC,EQ,309.0,11918222,309.0,309.05,0,219,6018
2025-02-03 14:49:44.471469,NTPC,EQ,309.05,11920063,309.0,309.05,0,74,2960
2025-02-03 14:49:50.915892,NTPC,EQ,309.05,11921491,309.0,309.05,0,126,4450
2025-02-03 14:49:57.360180,NTPC,EQ,309.05,11923975,309.0,309.05,0,20,3808
2025-02-03 14:50:04.819787,NTPC,EQ,309.05,11927048,309.0,309.05,0,152,3956
2025-02-03 14:50:11.707648,NTPC,EQ,309.05,11931134,309.0,309.05,0,51,6815
2025-02-03 14:50:18.440010,NTPC,EQ,309.0,11940709,309.0,309.05,0,55,6940
2025-02-03 14:50:25.548329,NTPC,EQ,309.0,11958908,309.0,309.05,0,50,7397
2025-02-03 14:50:33.180960,NTPC,EQ,309.05,11966465,309.0,309.05,0,121,7173
2025-02-03 14:50:41.625599,NTPC,EQ,309.05,11991940,309.0,309.05,0,60,4485
2025-02-03 14:50:48.688659,NTPC,EQ,309.0,12028662,309.0,309.05,0,50,4597
2025-02-03 14:50:55.820206,NTPC,EQ,309.0,12076366,309.0,309.05,0,54,5902
2025-02-03 14:51:03.200568,NTPC,EQ,309.0,12202857,309.0,309.05,0,846,6669
2025-02-03 14:51:09.585461,NTPC,EQ,309.0,12219846,309.0,309.05,0,117,7348
2025-02-03 14:51:16.073234,NTPC,EQ,309.05,12227853,309.0,309.05,0,50,6662
2025-02-03 14:51:22.421045,NTPC,EQ,309.0,12233074,309.0,309.05,0,15,6432
2025-02-03 14:51:28.868115,NTPC,EQ,309.0,12238328,309.0,309.05,0,50,3041
2025-02-03 14:51:35.529246,NTPC,EQ,309.0,12245414,309.0,309.05,0,50,3697
2025-02-03 14:51:41.983002,NTPC,EQ,309.0,12249695,309.0,309.05,0,10,3894
2025-02-03 14:51:49.968915,NTPC,EQ,309.05,12257313,309.0,309.05,0,50,4248
2025-02-03 14:51:58.585139,NTPC,EQ,309.05,12263019,309.0,309.05,0,56,4605
2025-02-03 14:52:05.806420,NTPC,EQ,309.0,12269480,309.0,309.05,0,51,6487
2025-02-03 14:52:12.216894,NTPC,EQ,309.0,12275032,309.0,309.05,0,50,5876
2025-02-03 14:52:18.676443,NTPC,EQ,309.0,12279166,309.0,309.05,0,50,4540
2025-02-03 14:52:25.278041,NTPC,EQ,309.05,12288140,309.0,309.05,0,63,1426
2025-02-03 14:52:31.669170,NTPC,EQ,309.05,12289402,309.0,309.05,0,55,2363
2025-02-03 14:52:38.262941,NTPC,EQ,309.0,12293309,308.95,309.0,0,23,3022
2025-02-03 14:52:44.613069,NTPC,EQ,308.65,12306141,308.55,308.6,0,50,311
2025-02-03 14:52:51.357191,NTPC,EQ,308.65,12309413,308.6,308.65,0,18,993
2025-02-03 14:52:57.696601,NTPC,EQ,308.7,12317816,308.7,308.75,0,407,136
2025-02-03 14:53:04.807335,NTPC,EQ,308.95,12324802,308.9,308.95,0,19,558
2025-02-03 14:53:13.136201,NTPC,EQ,308.9,12329713,308.85,308.9,0,207,135
2025-02-03 14:53:20.490542,NTPC,EQ,308.9,12332275,308.85,308.9,0,76,1021
2025-02-03 14:53:26.748445,NTPC,EQ,308.9,12333362,308.85,308.9,0,24,1406
2025-02-03 14:53:33.175633,NTPC,EQ,308.85,12335775,308.8,308.9,0,699,824
2025-02-03 14:53:39.360189,NTPC,EQ,308.95,12339489,308.9,308.95,0,31,2543
2025-02-03 14:53:45.624156,NTPC,EQ,308.95,12341851,308.9,308.95,0,370,2237
2025-02-03 14:53:51.901259,NTPC,EQ,308.95,12343712,308.85,308.95,0,73,3870
2025-02-03 14:53:58.349190,NTPC,EQ,308.95,12346544,308.9,308.95,0,110,1381
2025-02-03 14:54:04.560218,NTPC,EQ,308.9,12349268,308.85,308.9,0,46,317
2025-02-03 14:54:10.769230,NTPC,EQ,309.05,12372651,309.05,309.1,0,152,1500
2025-02-03 14:54:17.128904,NTPC,EQ,309.1,12374551,309.0,309.05,0,1157,46
2025-02-03 14:54:25.605203,NTPC,EQ,309.0,12377448,308.9,309.0,0,152,412
2025-02-03 14:54:33.163309,NTPC,EQ,309.05,12381845,309.0,309.05,0,9,73
2025-02-03 14:54:40.060149,NTPC,EQ,308.95,12382767,308.9,309.05,0,436,2036
2025-02-03 14:54:46.332435,NTPC,EQ,309.0,12384384,308.9,309.0,0,2097,11
2025-02-03 14:54:53.165793,NTPC,EQ,309.05,12386645,309.0,309.05,0,149,258
2025-02-03 14:54:59.377353,NTPC,EQ,308.95,12388286,309.0,309.05,0,84,849
2025-02-03 14:55:05.731568,NTPC,EQ,309.05,12391545,309.05,309.1,0,154,3317
2025-02-03 14:55:12.063188,NTPC,EQ,308.95,12393099,308.95,309.0,0,2,8960
2025-02-03 14:55:18.588751,NTPC,EQ,308.9,12396079,308.85,308.9,0,179,30
2025-02-03 14:55:25.242094,NTPC,EQ,309.0,12398877,308.85,309.0,0,489,9294
2025-02-03 14:55:31.678907,NTPC,EQ,308.85,12402976,308.9,309.0,0,55,6636
2025-02-03 14:55:39.479981,NTPC,EQ,308.95,12406047,308.9,308.95,0,7,564
2025-02-03 14:55:47.536032,NTPC,EQ,308.75,12408280,308.7,308.75,0,806,2
2025-02-03 14:55:54.613066,NTPC,EQ,308.8,12410565,308.65,308.8,0,774,1107
2025-02-03 14:56:01.155876,NTPC,EQ,308.8,12415045,308.6,308.75,0,1027,75
2025-02-03 14:56:07.462691,NTPC,EQ,308.7,12423449,308.55,308.7,0,5489,75
2025-02-03 14:56:14.349718,NTPC,EQ,308.75,12427608,308.6,308.75,0,211,1062
2025-02-03 14:56:20.860272,NTPC,EQ,308.8,12430432,308.7,308.8,0,6,2965
2025-02-03 14:56:27.559436,NTPC,EQ,308.75,12434144,308.55,308.75,0,5088,2208
2025-02-03 14:56:37.337308,NTPC,EQ,308.75,12453883,308.7,308.75,0,2,883
2025-02-03 14:56:43.726973,NTPC,EQ,308.7,12456386,308.55,308.75,0,2647,2115
2025-02-03 14:56:50.403970,NTPC,EQ,308.65,12459055,308.55,308.65,0,474,492
2025-02-03 14:57:00.141865,NTPC,EQ,308.6,12462882,308.5,308.6,0,8,1409
2025-02-03 14:57:07.528854,NTPC,EQ,308.55,12466884,308.4,308.55,0,24,2276
2025-02-03 14:57:14.264664,NTPC,EQ,308.65,12469972,308.6,308.65,0,10,740
2025-02-03 14:57:20.780947,NTPC,EQ,308.55,12471827,308.55,308.65,0,3212,416
2025-02-03 14:57:27.644034,NTPC,EQ,308.6,12473924,308.55,308.6,0,2717,389
2025-02-03 14:57:34.098487,NTPC,EQ,308.6,12478912,308.6,308.65,0,5,389
2025-02-03 14:57:40.427291,NTPC,EQ,308.6,12480052,308.55,308.6,0,695,38
2025-02-03 14:57:46.789593,NTPC,EQ,308.55,12481625,308.55,308.65,0,16,3045
2025-02-03 14:57:53.221135,NTPC,EQ,308.45,12483598,308.45,308.6,0,93,3067
2025-02-03 14:57:59.583424,NTPC,EQ,308.6,12485383,308.45,308.6,0,235,1047
2025-02-03 14:58:05.972816,NTPC,EQ,308.45,12488395,308.45,308.5,0,330,39
2025-02-03 14:58:14.397065,NTPC,EQ,308.5,12490741,308.45,308.5,0,280,8
2025-02-03 14:58:23.125954,NTPC,EQ,308.5,12493711,308.4,308.5,0,660,12
2025-02-03 14:58:29.663159,NTPC,EQ,308.55,12495395,308.5,308.55,0,6,1159
2025-02-03 14:58:38.047412,NTPC,EQ,308.4,12498881,308.5,308.55,0,28,1958
2025-02-03 14:58:44.481493,NTPC,EQ,308.4,12501204,308.35,308.4,0,5,642
2025-02-03 14:58:51.335135,NTPC,EQ,308.4,12503026,308.25,308.4,0,1234,684
2025-02-03 14:58:58.198997,NTPC,EQ,308.5,12517669,308.35,308.5,0,737,1806
2025-02-03 14:59:04.685011,NTPC,EQ,308.55,12524795,308.5,308.55,0,158,778
2025-02-03 14:59:12.520985,NTPC,EQ,308.55,12526551,308.5,308.55,0,84,6
2025-02-03 14:59:18.999171,NTPC,EQ,308.55,12528447,308.45,308.55,0,1165,32
2025-02-03 14:59:26.020911,NTPC,EQ,308.5,12530054,308.45,308.5,0,111,1018
2025-02-03 14:59:34.700460,NTPC,EQ,308.55,12533962,308.6,308.65,0,116,2047
2025-02-03 14:59:42.190858,NTPC,EQ,308.65,12536407,308.6,308.65,0,1,1819
2025-02-03 14:59:48.916543,NTPC,EQ,308.6,12538165,308.55,308.6,0,38,486
2025-02-03 14:59:55.387412,NTPC,EQ,308.65,12542041,308.5,308.65,0,1017,545
2025-02-03 15:00:02.172116,NTPC,EQ,308.8,12549476,308.75,308.8,0,1054,619
2025-02-03 15:00:08.594835,NTPC,EQ,308.95,12557089,308.75,308.9,0,1702,1295
2025-02-03 15:00:15.120372,NTPC,EQ,309.0,12562406,308.9,309.0,0,499,1876
2025-02-03 15:00:21.670988,NTPC,EQ,309.0,12564283,308.95,309.0,0,1138,1725
2025-02-03 15:00:28.086384,NTPC,EQ,308.95,12570440,308.9,308.95,0,32,1418
2025-02-03 15:00:34.640090,NTPC,EQ,308.95,12574550,308.9,308.95,0,31,1429
2025-02-03 15:00:41.191936,NTPC,EQ,308.9,12576405,308.85,308.9,0,2,221
2025-02-03 15:00:50.374771,NTPC,EQ,308.8,12579818,308.75,308.8,0,619,526
2025-02-03 15:00:57.796674,NTPC,EQ,309.25,12622866,309.1,309.25,0,1295,1404
2025-02-03 15:01:05.615518,NTPC,EQ,309.25,12634274,309.05,309.25,0,2745,1169
2025-02-03 15:01:14.004851,NTPC,EQ,309.1,12636460,309.05,309.1,0,1559,11
2025-02-03 15:01:21.202127,NTPC,EQ,309.05,12637982,309.0,309.05,0,217,685
2025-02-03 15:01:27.785728,NTPC,EQ,309.05,12640706,309.0,309.05,0,2319,125
2025-02-03 15:01:34.222647,NTPC,EQ,309.0,12645348,309.0,309.15,0,2709,437
2025-02-03 15:01:40.801480,NTPC,EQ,309.0,12646793,309.0,309.15,0,2807,822
2025-02-03 15:01:47.241826,NTPC,EQ,309.05,12647667,309.05,309.15,0,1476,449
2025-02-03 15:01:53.868951,NTPC,EQ,309.2,12652980,309.1,309.2,0,1438,3
2025-02-03 15:02:01.819145,NTPC,EQ,309.15,12653995,309.05,309.2,0,1094,507
2025-02-03 15:02:10.023178,NTPC,EQ,309.25,12658912,309.2,309.25,0,3,547
2025-02-03 15:02:17.390278,NTPC,EQ,309.2,12665677,309.15,309.2,0,46,1281
2025-02-03 15:02:24.130221,NTPC,EQ,309.2,12666539,309.1,309.2,0,288,2329
2025-02-03 15:02:30.540004,NTPC,EQ,309.2,12672903,309.15,309.2,0,3261,842
2025-02-03 15:02:37.163467,NTPC,EQ,309.45,12687250,309.4,309.45,0,57,2676
2025-02-03 15:02:43.363819,NTPC,EQ,309.6,12699419,309.55,309.6,0,1,293
2025-02-03 15:02:49.863182,NTPC,EQ,309.6,12703924,309.55,309.6,0,3,628
2025-02-03 15:02:56.332063,NTPC,EQ,309.5,12705429,309.5,309.6,0,2594,312
2025-02-03 15:03:02.891980,NTPC,EQ,309.55,12710029,309.5,309.55,0,239,359
2025-02-03 15:03:09.508637,NTPC,EQ,309.3,12711894,309.35,309.45,0,6,2746
2025-02-03 15:03:17.505533,NTPC,EQ,309.25,12714702,309.25,309.3,0,520,46
2025-02-03 15:03:26.466474,NTPC,EQ,309.3,12738184,309.25,309.3,0,2,199
2025-02-03 15:03:33.493878,NTPC,EQ,309.3,12743094,309.2,309.3,0,100,157
2025-02-03 15:03:39.828532,NTPC,EQ,309.05,12744154,309.1,309.25,0,17,2275
2025-02-03 15:03:46.287627,NTPC,EQ,309.05,12745642,309.1,309.2,0,150,614
2025-02-03 15:03:52.936212,NTPC,EQ,309.3,12750470,309.15,309.3,0,75,2835
2025-02-03 15:03:59.368095,NTPC,EQ,309.3,12752820,309.2,309.3,0,524,2170
2025-02-03 15:04:06.027536,NTPC,EQ,309.3,12757014,309.25,309.3,0,70,783
2025-02-03 15:04:12.460474,NTPC,EQ,309.35,12764899,309.3,309.35,0,222,527
2025-02-03 15:04:18.788253,NTPC,EQ,309.25,12766681,309.25,309.35,0,380,347
2025-02-03 15:04:25.362128,NTPC,EQ,309.2,12767297,309.2,309.25,0,1403,13
2025-02-03 15:04:32.532027,NTPC,EQ,309.15,12771602,309.15,309.3,0,102,2388
2025-02-03 15:04:41.068059,NTPC,EQ,309.25,12772758,309.15,309.25,0,163,209
2025-02-03 15:04:48.446697,NTPC,EQ,309.3,12777114,309.2,309.3,0,757,1289
2025-02-03 15:04:55.092303,NTPC,EQ,309.1,12782040,309.15,309.25,0,95,12
2025-02-03 15:05:01.366919,NTPC,EQ,309.2,12785600,309.15,309.25,0,1905,219
2025-02-03 15:05:07.833353,NTPC,EQ,309.4,12790656,309.35,309.4,0,539,2757
2025-02-03 15:05:14.232931,NTPC,EQ,309.4,12792769,309.35,309.4,0,160,1722
2025-02-03 15:05:21.398298,NTPC,EQ,309.3,12797391,309.25,309.3,0,621,162
2025-02-03 15:05:27.948049,NTPC,EQ,309.4,12798947,309.3,309.4,0,15,3302
