timestamp,symbol,instrument,ltp,volume,bid,ask,oi,bid_qty,ask_qty
2025-02-03 09:30:10.689412,POWERGRID,EQ,283.3,1448030,283.3,283.5,0,863,1230
2025-02-03 09:32:39.120760,POWERGRID,EQ,283.35,1575963,283.2,283.35,0,1302,1059
2025-02-03 09:32:46.760634,POWERGRID,EQ,283.05,1581149,283.05,283.2,0,2061,221
2025-02-03 09:33:00.834562,POWERGRID,EQ,283.0,1594166,282.9,283.0,0,111,2635
2025-02-03 09:33:12.064897,POWERGRID,EQ,282.9,1625239,282.75,282.95,0,2746,432
2025-02-03 09:33:26.671944,POWERGRID,EQ,282.85,1636060,282.75,282.85,0,335,2226
2025-02-03 09:33:34.629581,POWERGRID,EQ,282.7,1640349,282.7,282.85,0,1,3271
2025-02-03 09:33:42.235199,POWERGRID,EQ,282.55,1651136,282.55,282.7,0,1759,220
2025-02-03 09:33:50.053170,POWERGRID,EQ,282.6,1657508,282.6,282.7,0,2551,25
2025-02-03 09:33:58.410243,POWERGRID,EQ,282.55,1664860,282.4,282.55,0,1191,23
2025-02-03 09:34:10.165932,POWERGRID,EQ,282.4,1671125,282.4,282.5,0,159,838
2025-02-03 09:34:23.396900,POWERGRID,EQ,282.3,1684182,282.3,282.45,0,1524,115
2025-02-03 09:34:31.376002,POWERGRID,EQ,282.25,1688927,282.3,282.4,0,100,1997
2025-02-03 09:34:39.313070,POWERGRID,EQ,282.2,1697149,282.1,282.25,0,44,826
2025-02-03 09:34:46.643980,POWERGRID,EQ,282.05,1703301,282.05,282.2,0,1270,1736
2025-02-03 09:34:56.761241,POWERGRID,EQ,281.8,1747990,281.65,281.8,0,1214,802
2025-02-03 09:35:14.317654,POWERGRID,EQ,281.55,1767335,281.5,281.55,0,207,100
2025-02-03 09:35:33.040461,POWERGRID,EQ,281.55,1777970,281.4,281.55,0,427,2329
2025-02-03 09:35:45.178057,POWERGRID,EQ,281.35,1796166,281.2,281.35,0,118,2487
2025-02-03 09:35:56.601437,POWERGRID,EQ,281.35,1807793,281.05,281.15,0,761,633
2025-02-03 09:36:04.828673,POWERGRID,EQ,281.2,1821403,281.05,281.2,0,907,999
2025-02-03 09:36:12.911593,POWERGRID,EQ,281.25,1853041,281.1,281.25,0,1,1000
2025-02-03 09:36:21.623829,POWERGRID,EQ,281.3,1856403,281.1,281.25,0,1413,717
2025-02-03 09:36:29.355470,POWERGRID,EQ,281.2,1862335,281.05,281.15,0,864,350
2025-02-03 09:36:39.787252,POWERGRID,EQ,281.3,1870486,281.15,281.3,0,1579,1221
2025-02-03 09:36:52.072659,POWERGRID,EQ,281.15,1871237,281.1,281.2,0,5,421
2025-02-03 09:37:00.878188,POWERGRID,EQ,280.95,1889362,280.8,280.95,0,1134,519
2025-02-03 09:37:09.855335,POWERGRID,EQ,280.95,1895692,280.75,280.85,0,142,134
2025-02-03 09:37:17.208727,POWERGRID,EQ,280.7,1899608,280.7,280.75,0,278,17
2025-02-03 09:37:25.181401,POWERGRID,EQ,280.65,1905355,280.6,280.65,0,1,10
2025-02-03 09:37:32.996811,POWERGRID,EQ,280.65,1908398,280.6,280.65,0,31,70
2025-02-03 09:37:42.014472,POWERGRID,EQ,280.6,1910081,280.55,280.65,0,1749,1341
2025-02-03 09:37:51.325264,POWERGRID,EQ,280.35,1916522,280.4,280.5,0,27,627
2025-02-03 09:38:02.250337,POWERGRID,EQ,280.0,1976707,279.85,280.0,0,426,1208
2025-02-03 09:38:12.645619,POWERGRID,EQ,280.1,1992307,280.05,280.1,0,1030,119
2025-02-03 09:38:22.172938,POWERGRID,EQ,280.15,2001904,280.1,280.15,0,1399,298
2025-02-03 09:38:29.941115,POWERGRID,EQ,280.25,2010089,280.1,280.25,0,1498,467
2025-02-03 09:38:37.493118,POWERGRID,EQ,280.25,2021763,280.15,280.25,0,769,400
2025-02-03 09:38:47.569722,POWERGRID,EQ,280.2,2026103,280.1,280.25,0,141,1280
2025-02-03 09:38:58.633076,POWERGRID,EQ,280.3,2036313,280.2,280.25,0,235,5
2025-02-03 09:39:06.989042,POWERGRID,EQ,280.25,2040048,280.2,280.25,0,25,677
2025-02-03 09:39:18.459920,POWERGRID,EQ,280.5,2063136,280.4,280.5,0,1479,986
2025-02-03 09:39:31.526679,POWERGRID,EQ,280.4,2068112,280.35,280.45,0,9,462
2025-02-03 09:39:39.878063,POWERGRID,EQ,280.15,2083912,280.25,280.45,0,1840,1145
2025-02-03 09:39:47.946752,POWERGRID,EQ,280.15,2093024,280.1,280.15,0,15,60
2025-02-03 09:39:55.618354,POWERGRID,EQ,280.0,2096888,280.1,280.15,0,1,908
2025-02-03 09:40:05.079589,POWERGRID,EQ,280.15,2106159,280.05,280.15,0,272,587
2025-02-03 09:40:16.134412,POWERGRID,EQ,280.25,2113815,280.25,280.3,0,250,62
2025-02-03 09:40:26.429727,POWERGRID,EQ,280.25,2117355,280.4,280.55,0,935,15
2025-02-03 09:40:38.530415,POWERGRID,EQ,280.2,2127222,280.1,280.2,0,203,1320
2025-02-03 09:40:51.853249,POWERGRID,EQ,280.45,2142313,280.35,280.45,0,717,1715
2025-02-03 09:40:59.307112,POWERGRID,EQ,280.45,2146108,280.4,280.5,0,565,50
2025-02-03 09:41:07.024663,POWERGRID,EQ,280.55,2148603,280.45,280.55,0,80,1444
2025-02-03 09:41:14.659876,POWERGRID,EQ,280.3,2153918,280.25,280.45,0,2990,741
2025-02-03 09:41:23.392542,POWERGRID,EQ,280.15,2160280,280.15,280.3,0,1672,753
2025-02-03 09:41:32.483069,POWERGRID,EQ,280.25,2162341,280.25,280.4,0,1293,868
2025-02-03 09:41:40.981771,POWERGRID,EQ,279.85,2184545,279.8,279.85,0,448,199
2025-02-03 09:41:54.826687,POWERGRID,EQ,279.4,2199932,279.35,279.45,0,334,101
2025-02-03 09:42:05.270707,POWERGRID,EQ,279.3,2204288,279.2,279.4,0,1704,1142
2025-02-03 09:42:13.281372,POWERGRID,EQ,279.4,2230544,279.3,279.4,0,687,125
2025-02-03 09:42:21.534509,POWERGRID,EQ,279.35,2239235,279.35,279.45,0,1102,270
2025-02-03 09:42:29.548700,POWERGRID,EQ,279.35,2257423,279.35,279.45,0,206,163
2025-02-03 09:42:37.477223,POWERGRID,EQ,279.7,2266232,279.5,279.6,0,346,76
2025-02-03 09:42:45.118858,POWERGRID,EQ,279.35,2272951,279.35,279.45,0,599,121
2025-02-03 09:42:52.974070,POWERGRID,EQ,279.5,2292760,279.5,279.55,0,1240,73
2025-02-03 09:43:00.956799,POWERGRID,EQ,279.5,2294967,279.5,279.55,0,35,75
2025-02-03 09:43:11.158152,POWERGRID,EQ,279.45,2298656,279.3,279.45,0,298,401
2025-02-03 09:43:21.510577,POWERGRID,EQ,279.2,2303201,279.25,279.3,0,508,147
2025-02-03 09:43:29.114381,POWERGRID,EQ,279.15,2305618,279.05,279.2,0,4144,535
2025-02-03 09:43:36.758396,POWERGRID,EQ,279.3,2307266,279.05,279.1,0,2252,124
2025-02-03 09:43:44.330789,POWERGRID,EQ,279.25,2320431,279.2,279.35,0,380,658
2025-02-03 09:43:53.246563,POWERGRID,EQ,279.2,2321349,279.15,279.2,0,3,597
2025-02-03 09:44:01.282252,POWERGRID,EQ,279.2,2322212,279.1,279.2,0,467,371
2025-02-03 09:44:09.119166,POWERGRID,EQ,279.2,2323998,279.2,279.3,0,3355,104
2025-02-03 09:44:18.035700,POWERGRID,EQ,279.3,2332619,279.2,279.3,0,1375,534
2025-02-03 09:44:28.483363,POWERGRID,EQ,279.2,2335957,279.2,279.3,0,2935,2214
2025-02-03 09:44:37.433738,POWERGRID,EQ,279.25,2337569,279.2,279.25,0,1858,1097
2025-02-03 09:44:44.964017,POWERGRID,EQ,279.2,2340062,279.15,279.2,0,17,375
2025-02-03 09:44:52.759906,POWERGRID,EQ,279.0,2351379,278.85,279.0,0,2834,481
2025-02-03 09:45:01.051553,POWERGRID,EQ,278.95,2352183,278.85,278.95,0,1118,384
2025-02-03 09:45:08.668992,POWERGRID,EQ,279.25,2364535,279.25,279.3,0,453,386
2025-02-03 09:45:17.318050,POWERGRID,EQ,279.1,2368559,279.0,279.1,0,5041,381
2025-02-03 09:45:33.114124,POWERGRID,EQ,279.2,2395894,279.1,279.2,0,1303,894
2025-02-03 09:45:44.293212,POWERGRID,EQ,279.0,2398667,279.0,279.15,0,2814,241
2025-02-03 09:45:54.253925,POWERGRID,EQ,279.35,2401784,279.1,279.15,0,10,278
2025-02-03 09:46:01.886978,POWERGRID,EQ,279.65,2417541,279.55,279.65,0,1800,596
2025-02-03 09:46:10.034317,POWERGRID,EQ,279.7,2421757,279.7,279.8,0,1114,70
2025-02-03 09:46:17.885821,POWERGRID,EQ,279.25,2425746,279.55,279.6,0,1196,398
2025-02-03 09:46:25.671319,POWERGRID,EQ,279.85,2450753,279.75,279.85,0,1353,1557
2025-02-03 09:46:33.281602,POWERGRID,EQ,279.85,2455684,279.75,279.85,0,844,189
2025-02-03 09:46:41.117015,POWERGRID,EQ,279.65,2460582,279.6,279.65,0,110,55
2025-02-03 09:46:51.075093,POWERGRID,EQ,279.65,2462675,279.5,279.65,0,1784,1984
2025-02-03 09:47:01.033969,POWERGRID,EQ,279.45,2465101,279.4,279.5,0,19,1030
2025-02-03 09:47:09.960535,POWERGRID,EQ,279.5,2467343,279.35,279.5,0,231,2971
2025-02-03 09:47:18.659236,POWERGRID,EQ,279.4,2467574,279.3,279.4,0,1787,472
2025-02-03 09:47:32.975539,POWERGRID,EQ,279.25,2484089,279.15,279.25,0,2371,6
2025-02-03 09:47:57.338434,POWERGRID,EQ,279.25,2494763,279.25,279.3,0,66,671
2025-02-03 09:48:05.272277,POWERGRID,EQ,279.1,2500604,279.1,279.25,0,1873,1827
2025-02-03 09:48:18.069051,POWERGRID,EQ,279.15,2506081,279.1,279.15,0,5,891
2025-02-03 09:48:27.912384,POWERGRID,EQ,279.05,2507254,279.05,279.15,0,1878,1119
2025-02-03 09:48:36.879135,POWERGRID,EQ,279.4,2523261,279.3,279.4,0,27,960
2025-02-03 09:48:44.834860,POWERGRID,EQ,279.2,2523843,279.15,279.2,0,620,40
2025-02-03 09:48:55.163970,POWERGRID,EQ,279.1,2529916,279.0,279.1,0,5075,840
2025-02-03 09:49:03.671670,POWERGRID,EQ,279.15,2531627,279.1,279.2,0,1174,184
2025-02-03 09:49:13.547883,POWERGRID,EQ,279.25,2532019,279.15,279.2,0,1473,435
2025-02-03 09:49:24.816599,POWERGRID,EQ,279.2,2536809,279.15,279.2,0,1025,812
2025-02-03 09:49:37.241798,POWERGRID,EQ,279.1,2541930,279.05,279.15,0,1864,494
2025-02-03 09:49:46.399856,POWERGRID,EQ,279.1,2554990,279.05,279.1,0,1800,1
2025-02-03 09:49:56.925244,POWERGRID,EQ,279.25,2565531,279.2,279.25,0,379,1708
2025-02-03 09:50:06.125391,POWERGRID,EQ,279.2,2569766,279.15,279.25,0,707,48
2025-02-03 09:50:14.924231,POWERGRID,EQ,279.3,2572650,279.25,279.3,0,267,188
2025-02-03 09:50:24.509311,POWERGRID,EQ,279.3,2573439,279.2,279.3,0,1203,32
2025-02-03 09:50:33.725145,POWERGRID,EQ,279.55,2577865,279.4,279.55,0,166,1484
2025-02-03 09:50:44.188338,POWERGRID,EQ,279.45,2591958,279.25,279.4,0,1252,1575
2025-02-03 09:50:56.242089,POWERGRID,EQ,279.4,2596602,279.3,279.4,0,13,423
2025-02-03 09:51:04.671442,POWERGRID,EQ,279.65,2598178,279.4,279.45,0,667,189
2025-02-03 09:51:12.734135,POWERGRID,EQ,279.55,2602016,279.5,279.55,0,539,45
2025-02-03 09:51:21.234346,POWERGRID,EQ,279.5,2602549,279.5,279.55,0,368,3
2025-02-03 09:51:29.355227,POWERGRID,EQ,279.75,2604440,279.55,279.65,0,378,744
2025-02-03 09:51:37.625862,POWERGRID,EQ,279.75,2606707,279.6,279.75,0,243,1944
2025-02-03 09:51:46.332801,POWERGRID,EQ,279.9,2616572,279.7,279.85,0,980,2605
2025-02-03 09:51:54.179862,POWERGRID,EQ,279.65,2620169,279.55,279.65,0,9,479
2025-02-03 09:52:06.612731,POWERGRID,EQ,279.7,2621804,279.75,279.8,0,271,255
2025-02-03 09:52:17.172763,POWERGRID,EQ,279.65,2621975,279.65,279.7,0,80,366
2025-02-03 09:52:27.246177,POWERGRID,EQ,279.55,2624182,279.45,279.55,0,2991,1193
2025-02-03 09:52:34.970862,POWERGRID,EQ,279.6,2626803,279.6,279.65,0,1315,11
2025-02-03 09:52:42.730944,POWERGRID,EQ,279.55,2627578,279.6,279.65,0,1025,157
2025-02-03 09:52:50.815210,POWERGRID,EQ,279.5,2629545,279.45,279.55,0,2973,1278
2025-02-03 09:52:58.175091,POWERGRID,EQ,279.2,2639255,279.15,279.3,0,77,3260
2025-02-03 09:53:06.008006,POWERGRID,EQ,279.2,2639910,279.15,279.2,0,1936,3
2025-02-03 09:53:16.066460,POWERGRID,EQ,279.15,2640362,279.1,279.2,0,299,265
2025-02-03 09:53:25.303169,POWERGRID,EQ,279.5,2647031,279.35,279.4,0,15,143
2025-02-03 09:53:35.676600,POWERGRID,EQ,279.65,2648921,279.45,279.5,0,82,218
2025-02-03 09:53:43.439038,POWERGRID,EQ,279.65,2650580,279.55,279.6,0,120,384
2025-02-03 09:53:51.253233,POWERGRID,EQ,279.4,2652632,279.3,279.4,0,24,790
2025-02-03 09:53:59.190725,POWERGRID,EQ,279.45,2654148,279.4,279.45,0,5,195
2025-02-03 09:54:06.935036,POWERGRID,EQ,279.45,2655364,279.35,279.45,0,65,162
2025-02-03 09:54:15.011971,POWERGRID,EQ,279.4,2656055,279.35,279.4,0,5,152
2025-02-03 09:54:22.562370,POWERGRID,EQ,279.3,2659971,279.25,279.3,0,138,6
2025-02-03 09:54:32.417166,POWERGRID,EQ,279.3,2660359,279.25,279.3,0,354,937
2025-02-03 09:54:43.500854,POWERGRID,EQ,279.5,2665182,279.35,279.5,0,174,1638
2025-02-03 09:54:52.080880,POWERGRID,EQ,279.55,2665442,279.35,279.4,0,15,55
2025-02-03 09:55:02.035852,POWERGRID,EQ,279.45,2678805,279.4,279.45,0,15,218
2025-02-03 09:55:09.699489,POWERGRID,EQ,279.3,2680573,279.2,279.3,0,134,668
2025-02-03 09:55:17.988823,POWERGRID,EQ,279.4,2683215,279.35,279.5,0,639,406
2025-02-03 09:55:26.997021,POWERGRID,EQ,279.3,2683332,279.45,279.5,0,100,397
2025-02-03 09:55:34.951205,POWERGRID,EQ,279.35,2684803,279.1,279.2,0,109,377
2025-02-03 09:55:44.631709,POWERGRID,EQ,279.15,2685306,279.1,279.2,0,890,162
2025-02-03 09:55:56.618431,POWERGRID,EQ,279.0,2696431,278.85,279.0,0,367,748
2025-02-03 09:56:06.146717,POWERGRID,EQ,278.9,2714402,278.7,278.9,0,910,1767
2025-02-03 09:56:14.394424,POWERGRID,EQ,278.9,2724025,278.9,279.0,0,284,838
2025-02-03 09:56:21.987580,POWERGRID,EQ,278.9,2728090,278.95,279.05,0,340,112
2025-02-03 09:56:29.847742,POWERGRID,EQ,279.15,2730408,279.05,279.15,0,696,297
2025-02-03 09:56:37.537662,POWERGRID,EQ,278.85,2732326,278.8,278.85,0,563,620
2025-02-03 09:56:45.298199,POWERGRID,EQ,278.5,2744307,278.55,278.6,0,1511,60
2025-02-03 09:56:54.951049,POWERGRID,EQ,278.5,2751416,278.5,278.55,0,189,152
2025-02-03 09:57:04.482848,POWERGRID,EQ,278.85,2755519,278.55,278.65,0,286,18
2025-02-03 09:57:17.171237,POWERGRID,EQ,278.6,2759230,278.5,278.6,0,2180,2
2025-02-03 09:57:27.753112,POWERGRID,EQ,278.7,2760104,278.55,278.7,0,221,288
2025-02-03 09:57:37.679994,POWERGRID,EQ,278.7,2761465,278.65,278.7,0,8,1157
2025-02-03 09:57:45.696550,POWERGRID,EQ,278.6,2761632,278.5,278.6,0,9,307
2025-02-03 09:57:53.153979,POWERGRID,EQ,278.55,2762381,278.5,278.55,0,79,482
2025-02-03 09:58:01.089365,POWERGRID,EQ,278.4,2778309,278.5,278.55,0,89,104
2025-02-03 09:58:08.730781,POWERGRID,EQ,278.2,2784340,278.2,278.35,0,987,402
2025-02-03 09:58:15.960566,POWERGRID,EQ,278.2,2785925,278.15,278.3,0,940,913
2025-02-03 09:58:27.839617,POWERGRID,EQ,278.15,2795867,278.05,278.15,0,1365,242
2025-02-03 09:58:38.514977,POWERGRID,EQ,278.3,2802819,278.15,278.3,0,1329,1039
2025-02-03 09:58:46.517468,POWERGRID,EQ,278.25,2805734,278.2,278.25,0,149,434
2025-02-03 09:58:54.452505,POWERGRID,EQ,278.3,2806744,278.25,278.3,0,1032,944
2025-02-03 09:59:02.704889,POWERGRID,EQ,278.45,2810073,278.35,278.4,0,1194,623
2025-02-03 09:59:13.570108,POWERGRID,EQ,278.35,2812459,278.3,278.35,0,637,92
2025-02-03 09:59:29.093519,POWERGRID,EQ,278.85,2820897,278.75,278.95,0,1156,2001
2025-02-03 09:59:41.825294,POWERGRID,EQ,278.8,2823168,278.7,278.8,0,23,550
2025-02-03 09:59:52.440231,POWERGRID,EQ,278.7,2825363,278.6,278.7,0,80,1062
2025-02-03 10:00:00.563992,POWERGRID,EQ,278.7,2827403,278.6,278.75,0,263,897
2025-02-03 10:00:08.405964,POWERGRID,EQ,278.85,2829661,278.75,278.8,0,1285,1
2025-02-03 10:00:16.566616,POWERGRID,EQ,279.0,2835175,278.95,279.0,0,1000,28
2025-02-03 10:00:29.216854,POWERGRID,EQ,278.8,2840141,278.7,278.8,0,206,954
2025-02-03 10:00:40.252752,POWERGRID,EQ,278.6,2840528,278.6,278.7,0,137,1327
2025-02-03 10:00:51.970051,POWERGRID,EQ,278.7,2844769,278.65,278.75,0,34,1650
2025-02-03 10:01:03.328758,POWERGRID,EQ,278.9,2856897,278.75,278.85,0,584,27
2025-02-03 10:01:14.135000,POWERGRID,EQ,278.9,2859981,278.8,278.9,0,554,702
2025-02-03 10:01:22.497554,POWERGRID,EQ,279.2,2865718,279.05,279.15,0,1052,2
2025-02-03 10:01:31.327754,POWERGRID,EQ,279.65,2878580,279.55,279.65,0,287,3106
2025-02-03 10:01:38.838023,POWERGRID,EQ,279.7,2882306,279.7,279.75,0,204,272
2025-02-03 10:01:46.765338,POWERGRID,EQ,280.1,2887476,279.95,280.0,0,16,137
2025-02-03 10:01:55.135530,POWERGRID,EQ,280.0,2895910,279.9,280.0,0,190,2048
2025-02-03 10:02:02.908097,POWERGRID,EQ,279.7,2931141,279.55,279.7,0,469,688
2025-02-03 10:02:14.152744,POWERGRID,EQ,279.75,2939641,279.7,279.75,0,162,101
2025-02-03 10:02:25.137564,POWERGRID,EQ,279.9,2944944,279.75,279.85,0,261,264
2025-02-03 10:02:37.133246,POWERGRID,EQ,279.75,2945932,279.75,279.8,0,31,1272
2025-02-03 10:02:48.622138,POWERGRID,EQ,279.7,2950521,279.6,279.7,0,101,1918
2025-02-03 10:03:00.159105,POWERGRID,EQ,279.4,2951682,279.35,279.4,0,5,153
2025-02-03 10:03:09.829186,POWERGRID,EQ,279.4,2952045,279.3,279.35,0,352,9
2025-02-03 10:03:17.609249,POWERGRID,EQ,279.5,2952570,279.4,279.45,0,17,1243
2025-02-03 10:03:25.926408,POWERGRID,EQ,279.55,2958082,279.5,279.55,0,204,1795
2025-02-03 10:03:41.729021,POWERGRID,EQ,279.55,2965135,279.55,279.6,0,33,53
2025-02-03 10:03:51.426020,POWERGRID,EQ,279.55,2969315,279.5,279.55,0,485,11
2025-02-03 10:03:59.136475,POWERGRID,EQ,279.9,2971964,279.75,279.85,0,815,206
2025-02-03 10:04:06.983719,POWERGRID,EQ,279.85,2972083,279.75,279.85,0,322,2504
2025-02-03 10:04:15.305043,POWERGRID,EQ,279.65,2975522,279.55,279.6,0,190,1122
2025-02-03 10:04:26.079726,POWERGRID,EQ,279.7,2976082,279.65,279.7,0,5,638
2025-02-03 10:04:41.032025,POWERGRID,EQ,279.45,2981513,279.3,279.45,0,509,141
2025-02-03 10:04:53.242872,POWERGRID,EQ,279.2,2984176,279.3,279.45,0,1648,658
2025-02-03 10:05:02.585928,POWERGRID,EQ,279.4,2990488,279.25,279.4,0,308,607
2025-02-03 10:05:10.310853,POWERGRID,EQ,279.4,2990710,279.3,279.4,0,1,257
2025-02-03 10:05:18.435006,POWERGRID,EQ,279.4,2994173,279.25,279.4,0,60,1308
2025-02-03 10:05:26.267012,POWERGRID,EQ,279.3,2994609,279.3,279.4,0,32,1763
2025-02-03 10:05:33.602177,POWERGRID,EQ,279.3,2994951,279.25,279.3,0,25,1229
2025-02-03 10:05:40.883727,POWERGRID,EQ,279.45,2998788,279.35,279.45,0,186,517
2025-02-03 10:05:48.517861,POWERGRID,EQ,279.5,3001275,279.45,279.5,0,55,265
2025-02-03 10:05:55.989612,POWERGRID,EQ,279.85,3008168,279.7,279.85,0,286,2190
2025-02-03 10:06:07.207852,POWERGRID,EQ,279.55,3009747,279.65,279.7,0,7,374
2025-02-03 10:06:17.093131,POWERGRID,EQ,280.0,3010777,279.6,279.75,0,286,2374
2025-02-03 10:06:24.808108,POWERGRID,EQ,280.15,3020667,280.0,280.15,0,230,254
2025-02-03 10:06:33.144445,POWERGRID,EQ,279.95,3026417,279.9,280.0,0,105,529
2025-02-03 10:06:41.466248,POWERGRID,EQ,280.0,3035065,279.85,280.0,0,1304,88
2025-02-03 10:06:49.310539,POWERGRID,EQ,280.0,3055908,280.0,280.1,0,576,268
2025-02-03 10:07:04.727243,POWERGRID,EQ,280.2,3065587,280.2,280.3,0,22,375
2025-02-03 10:07:16.639921,POWERGRID,EQ,280.4,3075192,280.35,280.4,0,244,123
2025-02-03 10:07:29.044808,POWERGRID,EQ,280.65,3081702,280.6,280.65,0,105,10
2025-02-03 10:07:37.490102,POWERGRID,EQ,280.8,3085306,280.7,280.8,0,1,1695
2025-02-03 10:07:45.040953,POWERGRID,EQ,280.55,3088074,280.4,280.55,0,436,1179
2025-02-03 10:07:52.515539,POWERGRID,EQ,280.75,3092151,280.75,280.8,0,195,2123
2025-02-03 10:08:00.296098,POWERGRID,EQ,280.75,3095432,280.55,280.7,0,60,2765
2025-02-03 10:08:08.517758,POWERGRID,EQ,280.85,3106526,280.85,280.95,0,498,2245
2025-02-03 10:08:16.245908,POWERGRID,EQ,280.7,3114753,280.65,280.8,0,879,1066
2025-02-03 10:08:23.781473,POWERGRID,EQ,280.7,3116470,280.65,280.7,0,729,356
2025-02-03 10:08:31.813265,POWERGRID,EQ,280.4,3121394,280.35,280.4,0,273,241
2025-02-03 10:08:42.736094,POWERGRID,EQ,280.05,3127936,280.35,280.4,0,11,264
2025-02-03 10:08:51.965064,POWERGRID,EQ,280.35,3134703,280.3,280.35,0,5,1241
2025-02-03 10:09:02.735859,POWERGRID,EQ,280.35,3139346,280.3,280.35,0,1,63
2025-02-03 10:09:14.519844,POWERGRID,EQ,280.2,3143398,280.2,280.3,0,10,1010
2025-02-03 10:09:24.595781,POWERGRID,EQ,280.0,3154516,279.95,280.0,0,262,187
2025-02-03 10:09:33.780088,POWERGRID,EQ,280.15,3157300,280.0,280.15,0,363,1848
2025-02-03 10:09:41.571575,POWERGRID,EQ,279.8,3160485,279.85,280.0,0,30,2456
2025-02-03 10:09:50.884164,POWERGRID,EQ,279.7,3173917,279.55,279.7,0,520,475
2025-02-03 10:10:01.997344,POWERGRID,EQ,279.5,3185265,279.45,279.5,0,292,971
2025-02-03 10:10:10.331610,POWERGRID,EQ,279.65,3194755,279.55,279.7,0,15,898
2025-02-03 10:10:18.959043,POWERGRID,EQ,279.9,3207215,279.7,279.9,0,563,1922
2025-02-03 10:10:26.730805,POWERGRID,EQ,279.8,3210508,279.75,279.8,0,321,202
2025-02-03 10:10:34.332299,POWERGRID,EQ,279.65,3218512,279.7,279.8,0,15,336
2025-02-03 10:10:42.597585,POWERGRID,EQ,279.5,3219752,279.5,279.6,0,377,597
2025-02-03 10:10:50.468817,POWERGRID,EQ,279.8,3224081,279.5,279.6,0,317,320
2025-02-03 10:10:57.893339,POWERGRID,EQ,279.7,3228555,279.8,279.9,0,1,2278
2025-02-03 10:11:08.647547,POWERGRID,EQ,279.9,3232902,279.5,279.55,0,503,268
2025-02-03 10:11:19.231539,POWERGRID,EQ,279.95,3244092,279.8,279.9,0,83,143
2025-02-03 10:11:27.564733,POWERGRID,EQ,279.8,3247118,279.8,279.9,0,123,282
2025-02-03 10:11:35.723195,POWERGRID,EQ,279.9,3248829,279.8,279.9,0,8,333
2025-02-03 10:11:43.049588,POWERGRID,EQ,279.7,3249616,279.8,279.9,0,235,4
2025-02-03 10:11:50.411878,POWERGRID,EQ,279.85,3253906,279.95,280.05,0,1,626
2025-02-03 10:11:58.048620,POWERGRID,EQ,279.9,3256761,279.7,279.85,0,451,598
2025-02-03 10:12:05.913874,POWERGRID,EQ,279.8,3257680,279.75,279.9,0,1243,189
2025-02-03 10:12:13.936957,POWERGRID,EQ,280.15,3267198,280.05,280.15,0,11,1238
2025-02-03 10:12:23.349461,POWERGRID,EQ,280.1,3269934,280.05,280.1,0,22,217
2025-02-03 10:12:33.942959,POWERGRID,EQ,280.05,3271768,279.95,280.05,0,185,478
2025-02-03 10:12:42.658123,POWERGRID,EQ,280.0,3273027,279.95,280.05,0,946,226
2025-02-03 10:12:50.542263,POWERGRID,EQ,279.9,3278568,279.8,279.9,0,15,741
2025-02-03 10:13:03.905967,POWERGRID,EQ,279.8,3279833,279.65,279.8,0,181,1758
2025-02-03 10:13:14.652989,POWERGRID,EQ,279.95,3297512,279.9,279.95,0,549,1852
2025-02-03 10:13:25.575546,POWERGRID,EQ,279.9,3304876,279.85,279.9,0,7,464
2025-02-03 10:13:33.221799,POWERGRID,EQ,279.85,3306541,279.75,279.9,0,7,519
2025-02-03 10:13:45.345379,POWERGRID,EQ,280.0,3310682,279.95,280.0,0,976,24
2025-02-03 10:13:56.386534,POWERGRID,EQ,280.25,3313585,280.1,280.25,0,159,250
2025-02-03 10:14:05.264666,POWERGRID,EQ,280.3,3317031,280.3,280.4,0,5,11
2025-02-03 10:14:13.226023,POWERGRID,EQ,280.2,3319008,280.1,280.2,0,8,439
2025-02-03 10:14:20.872162,POWERGRID,EQ,280.4,3323781,280.25,280.4,0,3,1993
2025-02-03 10:14:28.340635,POWERGRID,EQ,280.3,3324088,280.2,280.35,0,1547,26
2025-02-03 10:14:37.534411,POWERGRID,EQ,280.6,3330116,280.5,280.6,0,621,24
2025-02-03 10:14:44.900697,POWERGRID,EQ,280.65,3330183,280.65,280.7,0,217,474
2025-02-03 10:14:52.896760,POWERGRID,EQ,280.75,3331951,280.7,280.75,0,227,589
2025-02-03 10:15:07.834158,POWERGRID,EQ,280.65,3345809,280.6,280.65,0,60,157
2025-02-03 10:15:17.514445,POWERGRID,EQ,280.7,3353874,280.75,280.85,0,563,393
2025-02-03 10:15:26.794558,POWERGRID,EQ,280.9,3358706,280.75,280.9,0,64,759
2025-02-03 10:15:34.411364,POWERGRID,EQ,280.55,3368619,280.5,280.6,0,1001,100
2025-02-03 10:15:42.289101,POWERGRID,EQ,280.25,3372718,280.25,280.35,0,1,581
2025-02-03 10:15:49.679218,POWERGRID,EQ,280.35,3381834,280.25,280.35,0,1252,141
2025-02-03 10:15:57.102424,POWERGRID,EQ,280.4,3382903,280.25,280.35,0,633,203
2025-02-03 10:16:04.528643,POWERGRID,EQ,280.5,3396863,280.5,280.55,0,286,28
2025-02-03 10:16:13.599631,POWERGRID,EQ,280.55,3398035,280.45,280.55,0,142,1032
2025-02-03 10:16:23.738918,POWERGRID,EQ,280.6,3402124,280.4,280.5,0,1631,2507
2025-02-03 10:16:32.335437,POWERGRID,EQ,280.55,3410315,280.5,280.55,0,799,49
2025-02-03 10:16:40.976537,POWERGRID,EQ,280.4,3418936,280.45,280.5,0,233,758
2025-02-03 10:16:51.109870,POWERGRID,EQ,280.5,3426386,280.4,280.5,0,1612,4497
2025-02-03 10:17:01.721017,POWERGRID,EQ,280.4,3426665,280.4,280.45,0,1518,104
2025-02-03 10:17:11.523120,POWERGRID,EQ,280.35,3428958,280.25,280.3,0,193,382
2025-02-03 10:17:21.881450,POWERGRID,EQ,280.3,3431419,280.25,280.3,0,138,87
2025-02-03 10:17:32.789613,POWERGRID,EQ,280.1,3434656,280.0,280.1,0,1283,682
2025-02-03 10:17:42.316365,POWERGRID,EQ,280.1,3438301,280.05,280.1,0,825,223
2025-02-03 10:17:49.672900,POWERGRID,EQ,280.45,3448845,280.3,280.45,0,1036,277
2025-02-03 10:17:57.374493,POWERGRID,EQ,280.45,3449657,280.45,280.5,0,608,50
2025-02-03 10:18:09.085031,POWERGRID,EQ,280.5,3452183,280.45,280.5,0,296,73
2025-02-03 10:18:18.380589,POWERGRID,EQ,280.6,3459308,280.45,280.6,0,349,609
2025-02-03 10:18:25.805101,POWERGRID,EQ,280.6,3460810,280.5,280.6,0,101,563
2025-02-03 10:18:33.177283,POWERGRID,EQ,280.6,3467690,280.55,280.6,0,15,403
2025-02-03 10:18:40.610187,POWERGRID,EQ,280.6,3468681,280.45,280.6,0,393,389
2025-02-03 10:18:51.800167,POWERGRID,EQ,280.75,3477235,280.7,280.75,0,849,508
2025-02-03 10:19:03.687324,POWERGRID,EQ,280.8,3482681,280.75,280.8,0,238,26
2025-02-03 10:19:13.288981,POWERGRID,EQ,280.8,3483531,280.75,280.8,0,44,49
2025-02-03 10:19:23.085347,POWERGRID,EQ,280.65,3487641,280.65,280.7,0,399,157
2025-02-03 10:19:32.292043,POWERGRID,EQ,280.4,3497664,280.35,280.4,0,30,401
2025-02-03 10:19:39.884451,POWERGRID,EQ,280.2,3506345,280.15,280.3,0,301,703
2025-02-03 10:19:47.455535,POWERGRID,EQ,280.4,3508226,280.35,280.4,0,229,377
2025-02-03 10:19:54.523444,POWERGRID,EQ,280.4,3509920,280.35,280.4,0,32,996
2025-02-03 10:20:04.684337,POWERGRID,EQ,280.2,3511942,280.2,280.3,0,28,1157
2025-02-03 10:20:14.924047,POWERGRID,EQ,280.3,3515381,280.25,280.3,0,210,124
2025-02-03 10:20:22.407835,POWERGRID,EQ,280.25,3519259,280.25,280.3,0,70,538
2025-02-03 10:20:29.879274,POWERGRID,EQ,280.2,3528141,280.15,280.25,0,1,1367
2025-02-03 10:20:37.345132,POWERGRID,EQ,280.1,3545683,280.0,280.15,0,6,716
2025-02-03 10:20:44.903496,POWERGRID,EQ,280.0,3548946,279.95,280.05,0,9,1172
2025-02-03 10:20:52.931350,POWERGRID,EQ,280.15,3554999,280.15,280.25,0,261,1027
2025-02-03 10:21:03.898313,POWERGRID,EQ,280.45,3562328,280.4,280.45,0,9,1034
2025-02-03 10:21:14.866910,POWERGRID,EQ,280.35,3562922,280.15,280.25,0,100,1300
2025-02-03 10:21:25.586878,POWERGRID,EQ,280.5,3568530,280.45,280.5,0,809,6
2025-02-03 10:21:36.345754,POWERGRID,EQ,281.0,3574320,280.85,280.9,0,523,6
2025-02-03 10:21:44.705465,POWERGRID,EQ,281.05,3579912,281.05,281.15,0,174,1730
2025-02-03 10:21:52.164946,POWERGRID,EQ,281.35,3584893,281.1,281.15,0,110,836
2025-02-03 10:21:59.738423,POWERGRID,EQ,281.2,3601258,281.15,281.2,0,121,107
2025-02-03 10:22:07.097915,POWERGRID,EQ,281.0,3602114,281.0,281.15,0,454,738
2025-02-03 10:22:14.362273,POWERGRID,EQ,281.0,3602601,281.0,281.1,0,451,623
2025-02-03 10:22:22.529338,POWERGRID,EQ,281.0,3606181,281.05,281.1,0,506,45
2025-02-03 10:22:30.493835,POWERGRID,EQ,281.0,3636674,281.0,281.05,0,203,730
2025-02-03 10:22:41.807744,POWERGRID,EQ,281.15,3639955,281.1,281.15,0,174,313
2025-02-03 10:22:53.119017,POWERGRID,EQ,281.3,3643204,281.2,281.25,0,334,206
2025-02-03 10:23:00.758178,POWERGRID,EQ,281.4,3648260,281.3,281.4,0,136,729
2025-02-03 10:23:16.141039,POWERGRID,EQ,281.35,3653937,281.3,281.35,0,259,54
2025-02-03 10:23:27.665979,POWERGRID,EQ,281.15,3657251,281.15,281.2,0,13,680
2025-02-03 10:23:36.807836,POWERGRID,EQ,281.1,3658290,281.1,281.15,0,16,60
2025-02-03 10:23:44.926093,POWERGRID,EQ,281.0,3660395,281.0,281.15,0,2313,910
2025-02-03 10:23:52.543264,POWERGRID,EQ,281.0,3665253,281.0,281.05,0,121,319
2025-02-03 10:24:00.043997,POWERGRID,EQ,280.95,3666864,280.9,280.95,0,1,1158
2025-02-03 10:24:07.307141,POWERGRID,EQ,280.85,3675345,280.85,280.9,0,84,891
2025-02-03 10:24:14.726965,POWERGRID,EQ,280.9,3676209,280.85,280.9,0,6,2685
2025-02-03 10:24:22.364621,POWERGRID,EQ,280.85,3680899,280.75,280.85,0,75,1913
2025-02-03 10:24:29.755665,POWERGRID,EQ,280.7,3681624,280.6,280.7,0,207,446
2025-02-03 10:24:37.052856,POWERGRID,EQ,280.65,3681771,280.6,280.7,0,163,1563
2025-02-03 10:24:44.542676,POWERGRID,EQ,280.65,3681788,280.6,280.65,0,176,325
2025-02-03 10:24:52.378731,POWERGRID,EQ,280.8,3688446,280.7,280.8,0,329,2789
2025-02-03 10:25:00.838252,POWERGRID,EQ,280.8,3689126,280.7,280.8,0,284,475
2025-02-03 10:25:08.191938,POWERGRID,EQ,281.0,3690830,280.8,280.85,0,611,1343
2025-02-03 10:25:15.753799,POWERGRID,EQ,281.1,3694936,281.0,281.15,0,749,8
2025-02-03 10:25:23.271680,POWERGRID,EQ,281.05,3699249,281.0,281.05,0,343,16
2025-02-03 10:25:31.114095,POWERGRID,EQ,281.25,3713159,281.2,281.25,0,1,545
2025-02-03 10:25:38.458326,POWERGRID,EQ,281.3,3715548,281.25,281.3,0,950,250
2025-02-03 10:25:45.835804,POWERGRID,EQ,281.4,3717294,281.3,281.35,0,13,441
2025-02-03 10:25:53.373129,POWERGRID,EQ,281.3,3719188,281.4,281.5,0,205,611
2025-02-03 10:26:02.245233,POWERGRID,EQ,281.35,3720284,281.3,281.35,0,2,13
2025-02-03 10:26:09.671504,POWERGRID,EQ,281.45,3725336,281.45,281.55,0,229,2345
2025-02-03 10:26:17.058369,POWERGRID,EQ,281.15,3731592,281.1,281.25,0,18,1229
2025-02-03 10:26:24.707697,POWERGRID,EQ,281.25,3731717,281.2,281.25,0,665,15
2025-02-03 10:26:33.396854,POWERGRID,EQ,281.4,3737383,281.3,281.4,0,586,679
2025-02-03 10:26:42.344861,POWERGRID,EQ,281.0,3740602,281.0,281.2,0,1517,1377
2025-02-03 10:26:51.931419,POWERGRID,EQ,281.15,3745376,281.0,281.15,0,5139,937
2025-02-03 10:27:02.235984,POWERGRID,EQ,281.15,3746151,281.0,281.15,0,5370,980
2025-02-03 10:27:13.185328,POWERGRID,EQ,281.15,3753206,281.0,281.15,0,10,3324
2025-02-03 10:27:22.645118,POWERGRID,EQ,280.85,3758097,280.8,280.95,0,544,114
2025-02-03 10:27:30.097339,POWERGRID,EQ,280.95,3759347,280.9,280.95,0,3,581
2025-02-03 10:27:38.016688,POWERGRID,EQ,280.85,3759365,280.85,280.9,0,88,25
2025-02-03 10:27:45.423692,POWERGRID,EQ,280.9,3759526,280.85,280.9,0,19,1429
2025-02-03 10:27:52.543148,POWERGRID,EQ,280.95,3762894,280.85,280.95,0,189,429
2025-02-03 10:27:59.841599,POWERGRID,EQ,280.9,3763236,280.8,280.9,0,105,2075
2025-02-03 10:28:07.110348,POWERGRID,EQ,281.0,3766961,280.85,280.9,0,228,719
2025-02-03 10:28:14.591597,POWERGRID,EQ,281.0,3772140,280.85,281.0,0,999,574
2025-02-03 10:28:22.138321,POWERGRID,EQ,280.8,3774968,280.85,280.9,0,5,170
2025-02-03 10:28:29.320161,POWERGRID,EQ,280.9,3775687,280.8,280.95,0,585,191
2025-02-03 10:28:36.598619,POWERGRID,EQ,281.3,3791929,281.25,281.35,0,522,2
2025-02-03 10:28:43.862333,POWERGRID,EQ,281.35,3794015,281.25,281.35,0,19,1163
2025-02-03 10:28:52.193863,POWERGRID,EQ,281.2,3800322,281.1,281.25,0,346,6
2025-02-03 10:29:06.011085,POWERGRID,EQ,280.85,3801569,280.85,280.9,0,10,795
2025-02-03 10:29:18.686028,POWERGRID,EQ,281.1,3813268,281.1,281.15,0,49,691
2025-02-03 10:29:26.802774,POWERGRID,EQ,281.15,3815381,281.05,281.15,0,278,757
2025-02-03 10:29:34.444191,POWERGRID,EQ,281.2,3819051,281.1,281.15,0,536,189
2025-02-03 10:29:47.331509,POWERGRID,EQ,281.25,3827779,281.25,281.3,0,100,189
2025-02-03 10:29:55.543665,POWERGRID,EQ,281.1,3833224,281.1,281.25,0,223,2503
2025-02-03 10:30:03.028967,POWERGRID,EQ,281.0,3833737,280.85,281.0,0,225,872
2025-02-03 10:30:10.330164,POWERGRID,EQ,281.0,3834185,280.85,280.95,0,154,201
2025-02-03 10:30:17.771943,POWERGRID,EQ,281.25,3839599,281.15,281.25,0,2517,1
2025-02-03 10:30:26.382670,POWERGRID,EQ,281.25,3842569,281.0,281.15,0,1009,2528
2025-02-03 10:30:33.583077,POWERGRID,EQ,281.0,3861665,280.95,281.0,0,213,587
2025-02-03 10:30:40.931621,POWERGRID,EQ,280.95,3866241,280.85,280.95,0,1098,42
2025-02-03 10:30:48.442700,POWERGRID,EQ,281.15,3873690,281.05,281.15,0,295,54
2025-02-03 10:30:55.665085,POWERGRID,EQ,281.0,3882938,280.8,280.95,0,2096,48
2025-02-03 10:31:02.919510,POWERGRID,EQ,281.05,3894429,281.0,281.05,0,2498,3
2025-02-03 10:31:10.659177,POWERGRID,EQ,281.05,3898506,281.0,281.05,0,2641,595
2025-02-03 10:31:17.999690,POWERGRID,EQ,281.1,3902261,281.1,281.15,0,457,957
2025-02-03 10:31:25.212012,POWERGRID,EQ,281.15,3904794,281.1,281.15,0,28,40
2025-02-03 10:31:32.599917,POWERGRID,EQ,281.15,3907963,281.1,281.15,0,7,245
2025-02-03 10:31:39.785422,POWERGRID,EQ,281.25,3923403,281.15,281.25,0,798,446
2025-02-03 10:31:47.504368,POWERGRID,EQ,281.65,3946827,281.5,281.65,0,1028,139
2025-02-03 10:34:39.459336,POWERGRID,EQ,281.3,4079096,281.15,281.3,0,1173,2037
2025-02-03 10:34:47.380841,POWERGRID,EQ,281.4,4087429,281.35,281.4,0,128,590
2025-02-03 10:34:55.544434,POWERGRID,EQ,281.45,4102297,281.4,281.5,0,27,2234
2025-02-03 10:35:02.912994,POWERGRID,EQ,281.3,4104327,281.3,281.45,0,12,2400
2025-02-03 10:35:10.149801,POWERGRID,EQ,281.45,4106633,281.45,281.5,0,10,369
2025-02-03 10:35:17.465433,POWERGRID,EQ,281.35,4106969,281.4,281.45,0,16,54
2025-02-03 10:38:26.386442,POWERGRID,EQ,281.1,4206919,281.2,281.25,0,2,903
2025-02-03 10:38:34.112239,POWERGRID,EQ,281.25,4207392,281.1,281.25,0,1851,3401
2025-02-03 10:38:42.300738,POWERGRID,EQ,281.2,4207814,281.1,281.2,0,2713,881
2025-02-03 10:38:50.063996,POWERGRID,EQ,281.2,4207816,281.15,281.2,0,241,1033
2025-02-03 10:38:57.994676,POWERGRID,EQ,281.25,4211020,281.15,281.25,0,12,1965
2025-02-03 10:40:50.489871,POWERGRID,EQ,281.05,4244549,281.0,281.05,0,2947,657
2025-02-03 10:40:58.274419,POWERGRID,EQ,281.2,4245215,281.05,281.1,0,668,1218
2025-02-03 10:41:06.782384,POWERGRID,EQ,281.0,4275194,281.0,281.1,0,1504,2042
2025-02-03 10:41:15.906003,POWERGRID,EQ,281.0,4304602,280.9,280.95,0,1160,155
2025-02-03 10:41:23.291110,POWERGRID,EQ,281.0,4319556,281.0,281.1,0,440,1245
2025-02-03 10:43:59.322773,POWERGRID,EQ,282.5,4424307,282.45,282.55,0,1052,812
2025-02-03 10:44:07.423169,POWERGRID,EQ,282.5,4425774,282.45,282.5,0,329,250
2025-02-03 10:44:20.497011,POWERGRID,EQ,282.6,4430600,282.55,282.65,0,1169,1197
2025-02-03 10:44:31.557140,POWERGRID,EQ,282.6,4433299,282.55,282.65,0,170,695
2025-02-03 10:44:43.687728,POWERGRID,EQ,282.6,4433574,282.5,282.6,0,1404,1232
2025-02-03 10:44:52.224325,POWERGRID,EQ,282.4,4435161,282.3,282.4,0,35,586
2025-02-03 10:45:01.619077,POWERGRID,EQ,282.3,4435596,282.2,282.3,0,1434,52
2025-02-03 10:45:09.453176,POWERGRID,EQ,282.3,4439485,282.2,282.3,0,1967,632
2025-02-03 10:45:21.441149,POWERGRID,EQ,282.3,4444461,282.25,282.3,0,38,291
2025-02-03 12:02:22.495489,POWERGRID,EQ,281.55,6931171,281.6,281.75,0,959,1021
2025-02-03 12:02:29.160118,POWERGRID,EQ,281.65,6932491,281.5,281.65,0,5334,115
2025-02-03 12:02:35.537620,POWERGRID,EQ,281.5,6933031,281.5,281.55,0,131,166
2025-02-03 12:02:41.835332,POWERGRID,EQ,281.55,6934131,281.55,281.6,0,151,480
2025-02-03 12:02:48.310071,POWERGRID,EQ,281.6,6934818,281.5,281.6,0,197,484
2025-02-03 12:02:54.442539,POWERGRID,EQ,281.6,6934901,281.5,281.6,0,315,146
2025-02-03 12:03:01.072712,POWERGRID,EQ,281.65,6934951,281.5,281.55,0,315,5
2025-02-03 12:03:07.547840,POWERGRID,EQ,281.65,6936822,281.5,281.65,0,266,2498
2025-02-03 12:03:14.798111,POWERGRID,EQ,281.55,6937228,281.45,281.55,0,425,175
2025-02-03 12:03:23.493666,POWERGRID,EQ,281.55,6940055,281.5,281.55,0,573,261
2025-02-03 12:03:31.167340,POWERGRID,EQ,281.55,6940435,281.5,281.6,0,5584,1272
2025-02-03 12:03:37.577525,POWERGRID,EQ,281.65,6943546,281.6,281.65,0,488,1207
2025-02-03 12:03:44.256401,POWERGRID,EQ,281.6,6949938,281.65,281.75,0,2779,678
2025-02-03 12:03:50.940092,POWERGRID,EQ,281.75,6950015,281.7,281.75,0,1108,620
2025-02-03 12:03:57.496482,POWERGRID,EQ,281.8,6950059,281.7,281.75,0,1156,589
2025-02-03 12:04:04.124672,POWERGRID,EQ,281.75,6953026,281.75,281.8,0,43,455
2025-02-03 12:04:10.517507,POWERGRID,EQ,281.75,6953155,281.75,281.8,0,38,346
2025-02-03 12:04:17.082864,POWERGRID,EQ,281.7,6953371,281.7,281.8,0,12,1993
2025-02-03 12:04:23.491034,POWERGRID,EQ,281.65,6955153,281.7,281.75,0,30,610
2025-02-03 12:04:30.613074,POWERGRID,EQ,281.75,6955251,281.7,281.75,0,48,57
2025-02-03 12:04:39.374480,POWERGRID,EQ,281.75,6957607,281.7,281.8,0,3924,1330
2025-02-03 12:04:47.358396,POWERGRID,EQ,281.8,6957653,281.7,281.8,0,3914,2049
2025-02-03 12:04:53.723411,POWERGRID,EQ,281.8,6959299,281.75,281.8,0,4106,917
2025-02-03 12:05:00.218201,POWERGRID,EQ,281.85,6961710,281.75,281.85,0,3704,568
2025-02-03 12:05:06.863694,POWERGRID,EQ,281.8,6961711,281.8,281.85,0,7,582
2025-02-03 12:05:13.487224,POWERGRID,EQ,281.8,6961837,281.75,281.8,0,3603,4
2025-02-03 12:05:20.337355,POWERGRID,EQ,281.8,6962240,281.8,281.85,0,63,1166
2025-02-03 12:05:27.104185,POWERGRID,EQ,281.85,6963721,281.7,281.85,0,1333,1319
2025-02-03 12:05:33.677661,POWERGRID,EQ,281.85,6965180,281.75,281.85,0,50,1727
2025-02-03 12:05:40.181061,POWERGRID,EQ,281.85,6966990,281.75,281.85,0,43,2119
2025-02-03 12:05:47.118992,POWERGRID,EQ,281.7,6968668,281.65,281.75,0,1813,120
2025-02-03 12:05:55.774945,POWERGRID,EQ,281.75,6968782,281.65,281.75,0,4333,805
2025-02-03 12:06:03.408807,POWERGRID,EQ,281.75,6970622,281.7,281.75,0,50,837
2025-02-03 12:06:10.120414,POWERGRID,EQ,281.75,6972278,281.75,281.8,0,1470,106
2025-02-03 12:06:17.162783,POWERGRID,EQ,281.85,6977058,281.85,281.9,0,5656,2217
2025-02-03 12:06:23.545967,POWERGRID,EQ,281.9,6978142,281.85,281.9,0,4035,2199
2025-02-03 12:06:30.116975,POWERGRID,EQ,281.85,6978229,281.85,281.9,0,118,2119
2025-02-03 12:06:36.843339,POWERGRID,EQ,281.75,6978326,281.8,281.85,0,1906,3
2025-02-03 12:06:43.874922,POWERGRID,EQ,281.9,6980888,281.85,281.9,0,6,1928
2025-02-03 12:06:50.781930,POWERGRID,EQ,281.9,6982308,281.85,281.9,0,1809,594
2025-02-03 12:06:59.984782,POWERGRID,EQ,281.75,6988194,281.75,281.9,0,4919,396
2025-02-03 12:07:09.193038,POWERGRID,EQ,281.9,6988272,281.75,281.9,0,2821,1699
2025-02-03 12:07:16.901949,POWERGRID,EQ,281.8,6991245,281.8,281.9,0,837,1
2025-02-03 12:07:24.395123,POWERGRID,EQ,281.9,6991256,281.85,281.9,0,185,10
2025-02-03 12:07:31.915628,POWERGRID,EQ,281.9,6993247,281.8,281.9,0,82,2019
2025-02-03 12:07:39.628928,POWERGRID,EQ,281.95,6995061,281.85,281.95,0,18,2221
2025-02-03 12:07:46.876476,POWERGRID,EQ,281.55,7018530,281.55,281.65,0,1136,779
2025-02-03 12:07:54.338502,POWERGRID,EQ,281.5,7033558,281.5,281.6,0,773,21
2025-02-03 12:08:01.752295,POWERGRID,EQ,281.05,7044057,281.05,281.2,0,963,920
2025-02-03 12:08:09.972501,POWERGRID,EQ,281.0,7046566,281.0,281.05,0,1293,155
2025-02-03 12:08:17.972200,POWERGRID,EQ,280.95,7050205,280.9,281.0,0,2509,583
2025-02-03 12:08:26.746816,POWERGRID,EQ,280.85,7056297,280.8,280.9,0,65,2609
2025-02-03 12:08:34.261976,POWERGRID,EQ,280.8,7057649,280.65,280.8,0,1354,416
2025-02-03 12:08:40.760716,POWERGRID,EQ,280.8,7062394,280.8,280.9,0,533,39
2025-02-03 12:08:47.420881,POWERGRID,EQ,280.8,7065049,280.8,280.85,0,639,2060
2025-02-03 12:08:53.698292,POWERGRID,EQ,280.8,7071049,280.65,280.85,0,2374,1612
2025-02-03 12:09:00.068386,POWERGRID,EQ,280.65,7072144,280.65,280.8,0,1602,1230
2025-02-03 12:09:06.319953,POWERGRID,EQ,280.8,7074965,280.65,280.8,0,1896,1750
2025-02-03 12:09:12.515053,POWERGRID,EQ,280.75,7075276,280.7,280.8,0,1460,1630
2025-02-03 12:09:18.854341,POWERGRID,EQ,280.85,7075311,280.7,280.8,0,204,1645
2025-02-03 12:09:25.053807,POWERGRID,EQ,280.85,7079970,280.85,280.9,0,472,3015
2025-02-03 12:09:31.513459,POWERGRID,EQ,280.9,7082913,280.8,280.9,0,1138,899
2025-02-03 12:09:39.324431,POWERGRID,EQ,280.9,7085676,280.8,280.85,0,40,545
2025-02-03 12:09:47.911842,POWERGRID,EQ,280.85,7085989,280.75,280.85,0,1,3155
2025-02-03 12:09:55.334552,POWERGRID,EQ,280.85,7086424,280.7,280.8,0,256,766
2025-02-03 12:10:01.717189,POWERGRID,EQ,280.7,7088286,280.7,280.85,0,97,2853
2025-02-03 12:10:08.135247,POWERGRID,EQ,280.7,7088560,280.7,280.8,0,149,299
2025-02-03 12:10:14.477131,POWERGRID,EQ,280.65,7088761,280.7,280.75,0,60,4
2025-02-03 12:10:20.703987,POWERGRID,EQ,280.7,7088971,280.6,280.7,0,326,951
2025-02-03 12:10:26.951573,POWERGRID,EQ,280.65,7090975,280.6,280.7,0,153,1468
2025-02-03 12:10:33.174260,POWERGRID,EQ,280.6,7091933,280.6,280.65,0,60,917
2025-02-03 12:10:41.199737,POWERGRID,EQ,280.65,7094966,280.65,280.7,0,162,2119
2025-02-03 12:10:47.779677,POWERGRID,EQ,280.7,7096157,280.65,280.7,0,360,2197
2025-02-03 12:10:55.186393,POWERGRID,EQ,280.65,7097185,280.65,280.7,0,69,2123
2025-02-03 12:11:03.632710,POWERGRID,EQ,280.7,7099106,280.6,280.65,0,34,73
2025-02-03 12:11:11.054897,POWERGRID,EQ,280.6,7134914,280.4,280.55,0,2149,84
2025-02-03 12:11:17.364811,POWERGRID,EQ,280.6,7140378,280.55,280.7,0,119,1644
2025-02-03 12:11:23.650592,POWERGRID,EQ,280.7,7144431,280.55,280.7,0,1755,398
2025-02-03 12:11:29.838463,POWERGRID,EQ,280.55,7146039,280.6,280.7,0,10,842
2025-02-03 12:11:36.179363,POWERGRID,EQ,280.7,7146379,280.6,280.7,0,1,1141
2025-02-03 12:11:42.521041,POWERGRID,EQ,280.6,7150966,280.6,280.75,0,714,973
2025-02-03 12:11:48.827884,POWERGRID,EQ,280.75,7152270,280.6,280.75,0,474,1836
2025-02-03 12:11:55.420623,POWERGRID,EQ,280.55,7154530,280.55,280.7,0,1387,1081
2025-02-03 12:12:01.934417,POWERGRID,EQ,280.6,7155643,280.6,280.7,0,282,240
2025-02-03 12:12:08.113975,POWERGRID,EQ,280.7,7157588,280.7,280.75,0,7,926
2025-02-03 12:12:16.718988,POWERGRID,EQ,280.7,7158722,280.65,280.7,0,51,208
2025-02-03 12:12:24.389120,POWERGRID,EQ,280.75,7159202,280.7,280.75,0,178,753
2025-02-03 12:12:30.725101,POWERGRID,EQ,280.8,7165064,280.75,280.85,0,174,2931
2025-02-03 12:12:36.882144,POWERGRID,EQ,280.8,7165965,280.7,280.75,0,4,25
2025-02-03 12:12:43.100752,POWERGRID,EQ,280.65,7167990,280.65,280.75,0,167,367
2025-02-03 12:12:49.447816,POWERGRID,EQ,280.75,7168538,280.6,280.75,0,316,717
2025-02-03 12:12:55.589660,POWERGRID,EQ,280.65,7168703,280.65,280.75,0,75,862
2025-02-03 12:13:01.720395,POWERGRID,EQ,280.75,7170884,280.65,280.75,0,81,712
2025-02-03 12:13:07.969203,POWERGRID,EQ,280.7,7171617,280.65,280.7,0,52,118
2025-02-03 12:13:14.706528,POWERGRID,EQ,280.65,7171722,280.55,280.65,0,2400,10
2025-02-03 12:13:20.903039,POWERGRID,EQ,280.65,7173651,280.65,280.75,0,1,451
2025-02-03 12:13:28.713410,POWERGRID,EQ,280.7,7174838,280.7,280.8,0,199,1172
2025-02-03 12:13:36.668911,POWERGRID,EQ,280.7,7179207,280.65,280.7,0,457,134
2025-02-03 12:13:43.715750,POWERGRID,EQ,280.65,7182084,280.65,280.7,0,53,336
2025-02-03 12:13:50.235930,POWERGRID,EQ,280.65,7183502,280.65,280.7,0,7,330
2025-02-03 12:13:56.587088,POWERGRID,EQ,280.7,7184161,280.65,280.7,0,64,11
2025-02-03 12:14:03.900102,POWERGRID,EQ,280.8,7185326,280.75,280.8,0,178,664
2025-02-03 12:14:10.448915,POWERGRID,EQ,280.9,7186070,280.75,280.8,0,199,1127
2025-02-03 12:14:16.950709,POWERGRID,EQ,281.0,7206871,280.9,281.0,0,168,28
2025-02-03 12:14:24.541553,POWERGRID,EQ,281.0,7208866,281.0,281.05,0,140,801
2025-02-03 12:14:31.199731,POWERGRID,EQ,281.05,7210858,281.0,281.05,0,15,805
2025-02-03 12:14:37.751088,POWERGRID,EQ,280.95,7211089,280.9,281.0,0,5,354
2025-02-03 12:14:45.348502,POWERGRID,EQ,281.0,7212633,281.0,281.05,0,154,977
2025-02-03 12:14:53.406093,POWERGRID,EQ,281.0,7213346,281.0,281.05,0,128,646
2025-02-03 12:15:00.557362,POWERGRID,EQ,281.05,7215198,281.05,281.1,0,163,1068
2025-02-03 12:15:06.799970,POWERGRID,EQ,281.05,7216886,281.05,281.1,0,98,799
2025-02-03 12:15:13.157010,POWERGRID,EQ,281.0,7217170,281.0,281.05,0,227,240
2025-02-03 12:15:20.203286,POWERGRID,EQ,281.0,7218887,281.0,281.05,0,4,279
2025-02-03 12:15:26.946202,POWERGRID,EQ,281.05,7220502,281.0,281.05,0,11,1365
2025-02-03 12:15:33.487346,POWERGRID,EQ,281.05,7220751,281.0,281.05,0,209,1723
2025-02-03 12:15:39.976742,POWERGRID,EQ,281.05,7223021,281.0,281.05,0,177,188
2025-02-03 12:15:46.500406,POWERGRID,EQ,280.95,7223295,280.95,281.0,0,137,10
2025-02-03 12:15:52.779630,POWERGRID,EQ,281.0,7223909,280.95,281.0,0,419,7
2025-02-03 13:09:08.160236,POWERGRID,EQ,281.75,8308064,281.6,281.75,0,177,1267
2025-02-03 13:10:54.982493,POWERGRID,EQ,281.35,8385993,281.35,281.5,0,5551,1715
2025-02-03 13:11:01.483146,POWERGRID,EQ,281.45,8386904,281.45,281.5,0,132,1451
2025-02-03 13:12:06.975173,POWERGRID,EQ,281.45,8406237,281.35,281.45,0,36,2458
2025-02-03 13:12:13.563337,POWERGRID,EQ,281.35,8406960,281.35,281.45,0,299,1386
2025-02-03 13:12:21.566476,POWERGRID,EQ,281.4,8408021,281.4,281.45,0,131,913
2025-02-03 13:12:28.095515,POWERGRID,EQ,281.4,8410591,281.4,281.5,0,250,8846
2025-02-03 13:12:35.248046,POWERGRID,EQ,281.4,8411729,281.35,281.4,0,413,37
2025-02-03 13:12:41.351801,POWERGRID,EQ,281.5,8412134,281.4,281.5,0,1743,7123
2025-02-03 13:12:48.725243,POWERGRID,EQ,281.4,8414326,281.4,281.5,0,775,6151
2025-02-03 13:12:57.061552,POWERGRID,EQ,281.45,8419189,281.4,281.45,0,85,215
2025-02-03 13:13:04.976348,POWERGRID,EQ,281.35,8421253,281.4,281.45,0,3,630
2025-02-03 13:13:11.519569,POWERGRID,EQ,281.4,8423620,281.35,281.4,0,38,123
2025-02-03 13:13:17.996264,POWERGRID,EQ,281.45,8424208,281.3,281.35,0,3122,2
2025-02-03 13:13:23.973374,POWERGRID,EQ,281.4,8425788,281.45,281.5,0,178,4244
2025-02-03 13:13:30.210383,POWERGRID,EQ,281.45,8426955,281.35,281.45,0,166,968
2025-02-03 13:13:36.333333,POWERGRID,EQ,281.45,8428204,281.35,281.45,0,2295,190
2025-02-03 13:13:42.779416,POWERGRID,EQ,281.4,8429025,281.4,281.45,0,128,720
2025-02-03 13:13:49.069028,POWERGRID,EQ,281.35,8430892,281.35,281.5,0,2306,3997
2025-02-03 13:13:56.673382,POWERGRID,EQ,281.5,8432196,281.35,281.5,0,1663,3283
2025-02-03 13:14:03.740793,POWERGRID,EQ,281.45,8435422,281.4,281.45,0,1558,886
2025-02-03 13:14:12.348317,POWERGRID,EQ,281.4,8436458,281.4,281.45,0,192,268
2025-02-03 13:14:19.787887,POWERGRID,EQ,281.45,8442801,281.45,281.5,0,1699,1156
2025-02-03 13:14:26.030632,POWERGRID,EQ,281.5,8444410,281.45,281.5,0,1409,505
2025-02-03 13:14:32.362911,POWERGRID,EQ,281.45,8444736,281.45,281.5,0,1252,468
2025-02-03 13:14:38.639461,POWERGRID,EQ,281.45,8446003,281.45,281.5,0,773,226
2025-02-03 13:14:45.013626,POWERGRID,EQ,281.5,8449382,281.4,281.5,0,97,672
2025-02-03 13:14:51.861991,POWERGRID,EQ,281.45,8449551,281.45,281.5,0,299,849
2025-02-03 13:14:58.180985,POWERGRID,EQ,281.55,8450244,281.4,281.45,0,71,4
2025-02-03 13:15:04.440904,POWERGRID,EQ,281.4,8455164,281.4,281.55,0,1104,1022
2025-02-03 13:15:10.692247,POWERGRID,EQ,281.5,8457852,281.45,281.5,0,1197,34
2025-02-03 13:15:16.824503,POWERGRID,EQ,281.45,8458343,281.5,281.6,0,2,2971
2025-02-03 13:15:25.123495,POWERGRID,EQ,281.6,8459830,281.55,281.6,0,99,1469
2025-02-03 13:15:33.459915,POWERGRID,EQ,281.45,8462912,281.45,281.6,0,484,2228
2025-02-03 13:15:41.032587,POWERGRID,EQ,281.5,8463388,281.45,281.55,0,1441,6
2025-02-03 13:15:47.244282,POWERGRID,EQ,281.45,8466194,281.45,281.5,0,324,151
2025-02-03 13:15:53.472636,POWERGRID,EQ,281.5,8466314,281.45,281.5,0,317,99
2025-02-03 13:15:59.925373,POWERGRID,EQ,281.35,8469863,281.35,281.5,0,3226,955
2025-02-03 13:16:06.191434,POWERGRID,EQ,281.35,8470608,281.35,281.5,0,3013,1303
2025-02-03 13:16:12.849391,POWERGRID,EQ,281.35,8472082,281.35,281.45,0,322,476
2025-02-03 13:16:19.924427,POWERGRID,EQ,281.35,8479027,281.35,281.5,0,199,971
2025-02-03 13:16:27.248636,POWERGRID,EQ,281.35,8479659,281.35,281.55,0,1121,3424
2025-02-03 13:16:33.824304,POWERGRID,EQ,281.4,8480465,281.35,281.55,0,1562,2690
2025-02-03 13:16:40.847391,POWERGRID,EQ,281.4,8481679,281.4,281.45,0,46,7
2025-02-03 13:16:47.548584,POWERGRID,EQ,281.55,8483323,281.45,281.55,0,20,2039
2025-02-03 13:16:54.136902,POWERGRID,EQ,281.45,8485423,281.45,281.55,0,839,301
2025-02-03 13:17:00.585656,POWERGRID,EQ,281.6,8487034,281.55,281.6,0,75,1958
2025-02-03 13:17:06.941623,POWERGRID,EQ,281.6,8488014,281.5,281.6,0,91,2057
2025-02-03 13:17:14.289780,POWERGRID,EQ,281.45,8489472,281.5,281.6,0,150,1514
2025-02-03 13:17:20.676920,POWERGRID,EQ,281.5,8489929,281.5,281.55,0,375,484
2025-02-03 13:17:27.089729,POWERGRID,EQ,281.45,8493428,281.45,281.5,0,638,31
2025-02-03 13:17:33.395518,POWERGRID,EQ,281.45,8494491,281.45,281.5,0,417,22
2025-02-03 13:17:39.779757,POWERGRID,EQ,281.5,8495352,281.5,281.55,0,178,253
2025-02-03 13:17:46.092434,POWERGRID,EQ,281.45,8497762,281.5,281.55,0,173,8
2025-02-03 13:17:52.429219,POWERGRID,EQ,281.5,8498189,281.5,281.55,0,9,639
2025-02-03 13:17:59.188757,POWERGRID,EQ,281.5,8499198,281.45,281.5,0,172,289
2025-02-03 13:18:05.694481,POWERGRID,EQ,281.5,8499933,281.5,281.55,0,15,570
2025-02-03 13:18:12.204483,POWERGRID,EQ,281.4,8502106,281.4,281.55,0,146,2353
2025-02-03 13:18:18.494409,POWERGRID,EQ,281.4,8502741,281.4,281.5,0,33,741
2025-02-03 13:18:24.702243,POWERGRID,EQ,281.35,8504738,281.4,281.45,0,7,55
2025-02-03 13:18:31.123235,POWERGRID,EQ,281.4,8506700,281.35,281.4,0,329,394
2025-02-03 13:18:37.634491,POWERGRID,EQ,281.35,8512727,281.35,281.45,0,272,2316
2025-02-03 13:18:43.953525,POWERGRID,EQ,281.25,8516279,281.25,281.4,0,859,1792
2025-02-03 13:18:50.535270,POWERGRID,EQ,281.25,8516807,281.25,281.35,0,448,521
2025-02-03 13:18:56.951202,POWERGRID,EQ,281.3,8517720,281.25,281.3,0,335,517
2025-02-03 13:19:03.489672,POWERGRID,EQ,281.25,8520304,281.25,281.35,0,56,1332
2025-02-03 13:19:09.942267,POWERGRID,EQ,281.2,8520991,281.25,281.3,0,122,687
2025-02-03 13:19:16.323081,POWERGRID,EQ,281.15,8522142,281.2,281.3,0,88,1339
2025-02-03 13:19:22.741035,POWERGRID,EQ,281.3,8525690,281.2,281.3,0,2532,194
2025-02-03 13:19:29.070981,POWERGRID,EQ,281.2,8526379,281.2,281.3,0,1527,15
2025-02-03 13:19:35.456421,POWERGRID,EQ,281.2,8526889,281.2,281.3,0,200,608
2025-02-03 13:19:42.188868,POWERGRID,EQ,281.25,8528302,281.25,281.3,0,47,699
2025-02-03 13:19:48.724003,POWERGRID,EQ,281.2,8530373,281.15,281.2,0,1988,37
2025-02-03 13:19:55.083237,POWERGRID,EQ,281.15,8532182,281.2,281.25,0,63,276
2025-02-03 13:20:01.518622,POWERGRID,EQ,281.3,8534239,281.25,281.3,0,1054,638
2025-02-03 13:20:07.924854,POWERGRID,EQ,281.35,8536079,281.3,281.35,0,917,1396
2025-02-03 13:20:14.281806,POWERGRID,EQ,281.25,8537297,281.3,281.35,0,76,1365
2025-02-03 13:20:20.721747,POWERGRID,EQ,281.25,8539004,281.25,281.35,0,686,1939
2025-02-03 13:20:27.127637,POWERGRID,EQ,281.35,8542825,281.25,281.35,0,1317,1386
2025-02-03 13:20:33.692291,POWERGRID,EQ,281.25,8545576,281.25,281.35,0,1540,802
2025-02-03 13:20:40.066753,POWERGRID,EQ,281.3,8546049,281.25,281.3,0,490,3
2025-02-03 13:20:46.297966,POWERGRID,EQ,281.35,8546998,281.3,281.35,0,21,189
2025-02-03 13:20:52.523648,POWERGRID,EQ,281.3,8547638,281.3,281.35,0,2614,1361
2025-02-03 13:20:58.935701,POWERGRID,EQ,281.3,8551059,281.3,281.35,0,2200,622
2025-02-03 13:21:05.269726,POWERGRID,EQ,281.3,8552581,281.3,281.35,0,1928,142
2025-02-03 13:21:11.578966,POWERGRID,EQ,281.35,8553354,281.3,281.35,0,1462,147
2025-02-03 13:21:17.965591,POWERGRID,EQ,281.35,8554200,281.3,281.35,0,1382,5
2025-02-03 13:21:24.369142,POWERGRID,EQ,281.3,8556275,281.3,281.4,0,1159,889
2025-02-03 13:21:30.767186,POWERGRID,EQ,281.3,8559668,281.3,281.4,0,191,1431
2025-02-03 13:21:37.194889,POWERGRID,EQ,281.3,8559917,281.3,281.4,0,2178,1242
2025-02-03 13:21:45.611640,POWERGRID,EQ,281.6,8570930,281.5,281.65,0,778,199
2025-02-03 13:21:53.409303,POWERGRID,EQ,281.5,8574358,281.5,281.55,0,722,3
2025-02-03 13:22:00.596889,POWERGRID,EQ,281.45,8575245,281.55,281.6,0,164,759
2025-02-03 13:22:06.963403,POWERGRID,EQ,281.45,8578010,281.4,281.45,0,5,6
2025-02-03 13:22:13.247029,POWERGRID,EQ,281.45,8581014,281.3,281.45,0,157,712
2025-02-03 13:22:19.515639,POWERGRID,EQ,281.45,8583503,281.35,281.45,0,175,546
2025-02-03 13:22:26.114069,POWERGRID,EQ,281.35,8584856,281.3,281.45,0,2951,2019
2025-02-03 13:22:34.816071,POWERGRID,EQ,281.35,8585042,281.3,281.45,0,3851,934
2025-02-03 13:22:42.011673,POWERGRID,EQ,281.45,8589019,281.35,281.45,0,1110,11
2025-02-03 13:22:50.413868,POWERGRID,EQ,281.35,8589627,281.35,281.55,0,2197,1475
2025-02-03 13:22:58.795152,POWERGRID,EQ,281.4,8591665,281.35,281.45,0,4744,2
2025-02-03 13:23:06.166247,POWERGRID,EQ,281.55,8594532,281.45,281.5,0,2001,6
2025-02-03 13:23:13.435098,POWERGRID,EQ,281.45,8595179,281.45,281.5,0,340,513
2025-02-03 13:23:19.737294,POWERGRID,EQ,281.5,8600436,281.5,281.55,0,103,1163
2025-02-03 13:23:26.037675,POWERGRID,EQ,281.5,8600835,281.35,281.5,0,7942,558
2025-02-03 13:23:32.450346,POWERGRID,EQ,281.5,8602260,281.35,281.5,0,7273,1256
2025-02-03 13:23:38.745201,POWERGRID,EQ,281.5,8603454,281.35,281.5,0,6759,1102
2025-02-03 13:23:45.011329,POWERGRID,EQ,281.55,8606016,281.4,281.55,0,158,1503
2025-02-03 13:23:51.329648,POWERGRID,EQ,281.5,8606876,281.4,281.5,0,6,659
2025-02-03 13:23:57.715341,POWERGRID,EQ,281.5,8608262,281.4,281.5,0,103,595
2025-02-03 13:24:03.991662,POWERGRID,EQ,281.35,8608944,281.45,281.5,0,121,835
2025-02-03 13:24:10.444109,POWERGRID,EQ,281.45,8618491,281.4,281.6,0,1860,2419
2025-02-03 13:24:16.883577,POWERGRID,EQ,281.45,8620506,281.45,281.5,0,1904,92
2025-02-03 13:24:23.272892,POWERGRID,EQ,281.45,8622779,281.45,281.5,0,270,47
2025-02-03 13:24:29.606585,POWERGRID,EQ,281.5,8624001,281.5,281.6,0,51180,599
2025-02-03 13:24:36.071258,POWERGRID,EQ,281.6,8624116,281.5,281.6,0,50714,629
2025-02-03 13:24:42.465993,POWERGRID,EQ,281.65,8626282,281.6,281.65,0,118,1030
2025-02-03 13:24:48.880176,POWERGRID,EQ,281.55,8629256,281.55,281.6,0,470,6
2025-02-03 13:24:55.232481,POWERGRID,EQ,281.55,8629987,281.55,281.6,0,106,4
2025-02-03 13:25:01.620597,POWERGRID,EQ,281.55,8633249,281.55,281.6,0,711,5
2025-02-03 13:25:08.045240,POWERGRID,EQ,281.75,8635153,281.6,281.75,0,527,789
2025-02-03 13:25:14.511115,POWERGRID,EQ,281.6,8636568,281.6,281.75,0,201,344
2025-02-03 13:25:20.936597,POWERGRID,EQ,281.75,8638207,281.6,281.75,0,168,4224
2025-02-03 13:25:27.235767,POWERGRID,EQ,281.6,8640469,281.55,281.6,0,611,31
2025-02-03 13:25:33.955168,POWERGRID,EQ,281.6,8641181,281.55,281.6,0,814,644
2025-02-03 13:25:40.226864,POWERGRID,EQ,281.6,8642095,281.55,281.6,0,523,292
2025-02-03 13:25:46.674480,POWERGRID,EQ,281.75,8644677,281.55,281.75,0,2082,2041
2025-02-03 13:25:53.103587,POWERGRID,EQ,281.6,8645648,281.6,281.7,0,62,813
2025-02-03 13:25:59.481253,POWERGRID,EQ,281.5,8648888,281.5,281.55,0,49611,37
2025-02-03 13:26:05.887218,POWERGRID,EQ,281.5,8649629,281.5,281.65,0,49915,1389
2025-02-03 13:26:12.232531,POWERGRID,EQ,281.55,8649772,281.55,281.6,0,1508,4
2025-02-03 13:26:18.602633,POWERGRID,EQ,281.6,8650996,281.55,281.7,0,1406,1644
2025-02-03 13:26:24.907325,POWERGRID,EQ,281.55,8654304,281.55,281.6,0,414,189
2025-02-03 13:26:31.279470,POWERGRID,EQ,281.55,8655091,281.55,281.6,0,2563,37
2025-02-03 13:26:37.643416,POWERGRID,EQ,281.6,8655469,281.55,281.6,0,172,558
2025-02-03 13:26:43.905396,POWERGRID,EQ,281.35,8717676,281.35,281.5,0,1970,433
2025-02-03 13:26:50.448558,POWERGRID,EQ,281.4,8718640,281.35,281.45,0,285,406
2025-02-03 13:26:56.759444,POWERGRID,EQ,281.35,8728033,281.35,281.45,0,1219,88
2025-02-03 13:27:03.205867,POWERGRID,EQ,281.45,8729212,281.4,281.45,0,522,282
2025-02-03 13:27:09.608901,POWERGRID,EQ,281.45,8731014,281.45,281.5,0,8,670
2025-02-03 13:27:15.992246,POWERGRID,EQ,281.45,8731919,281.4,281.45,0,580,32
2025-02-03 13:27:22.241878,POWERGRID,EQ,281.45,8732407,281.45,281.5,0,81,147
2025-02-03 13:27:28.578825,POWERGRID,EQ,281.45,8733699,281.45,281.5,0,199,396
2025-02-03 13:27:34.895150,POWERGRID,EQ,281.45,8735458,281.45,281.5,0,96,668
2025-02-03 13:27:41.179431,POWERGRID,EQ,281.55,8737406,281.5,281.55,0,10,319
2025-02-03 13:27:47.484989,POWERGRID,EQ,281.55,8738915,281.5,281.55,0,39,89
2025-02-03 13:27:53.827029,POWERGRID,EQ,281.6,8739084,281.5,281.55,0,191,34
2025-02-03 13:28:00.246651,POWERGRID,EQ,281.5,8739856,281.45,281.55,0,94,617
2025-02-03 13:28:06.657008,POWERGRID,EQ,281.4,8742402,281.45,281.55,0,88,2206
2025-02-03 13:28:12.926536,POWERGRID,EQ,281.55,8748384,281.4,281.45,0,621,15
2025-02-03 13:28:19.215588,POWERGRID,EQ,281.4,8750932,281.35,281.4,0,4,10
2025-02-03 13:28:25.477776,POWERGRID,EQ,281.3,8751931,281.3,281.35,0,447,26
2025-02-03 13:28:31.959401,POWERGRID,EQ,281.35,8752295,281.3,281.35,0,148,37
2025-02-03 13:28:38.379396,POWERGRID,EQ,281.35,8753691,281.25,281.4,0,610,2146
2025-02-03 13:28:44.649387,POWERGRID,EQ,281.35,8754659,281.3,281.35,0,62,5
2025-02-03 13:28:51.137134,POWERGRID,EQ,281.55,8950645,281.55,281.65,0,1009,10
2025-02-03 13:28:57.390700,POWERGRID,EQ,281.95,8958387,281.8,281.95,0,1216,589
2025-02-03 13:29:03.739733,POWERGRID,EQ,281.65,8959741,281.65,281.8,0,1432,58
2025-02-03 13:29:10.166623,POWERGRID,EQ,281.7,8960732,281.7,281.8,0,110,115
2025-02-03 13:29:16.430368,POWERGRID,EQ,281.75,8961555,281.75,281.9,0,2540,1081
2025-02-03 13:29:22.797471,POWERGRID,EQ,281.8,8963689,281.8,281.9,0,383,920
2025-02-03 13:29:29.132470,POWERGRID,EQ,281.9,8970026,281.8,281.9,0,245,970
2025-02-03 13:29:35.501497,POWERGRID,EQ,281.75,8970598,281.75,281.85,0,2041,1
2025-02-03 13:29:42.049420,POWERGRID,EQ,281.85,8971396,281.85,281.9,0,35,263
2025-02-03 13:29:48.405768,POWERGRID,EQ,281.95,8972699,281.9,281.95,0,56,2349
2025-02-03 13:29:55.216080,POWERGRID,EQ,281.9,8973770,281.8,281.85,0,176,10
2025-02-03 13:30:01.849137,POWERGRID,EQ,281.8,8976146,281.8,281.9,0,1056,1704
2025-02-03 13:30:08.522307,POWERGRID,EQ,281.8,8976971,281.8,281.9,0,42,1589
2025-02-03 13:30:14.949345,POWERGRID,EQ,282.0,8977302,281.75,281.9,0,2298,2514
2025-02-03 13:30:21.328275,POWERGRID,EQ,282.0,8985917,282.0,282.05,0,178,405
2025-02-03 13:30:27.677861,POWERGRID,EQ,282.05,8987608,282.0,282.05,0,909,274
2025-02-03 13:30:33.937628,POWERGRID,EQ,282.05,8989578,282.05,282.1,0,2933,7
2025-02-03 13:30:40.456545,POWERGRID,EQ,282.0,8991716,282.0,282.05,0,304,1478
2025-02-03 13:30:46.744297,POWERGRID,EQ,282.05,8992701,282.0,282.05,0,213,2550
2025-02-03 13:30:53.227541,POWERGRID,EQ,281.75,8992883,282.0,282.05,0,166,3303
2025-02-03 13:30:59.570261,POWERGRID,EQ,281.85,8997268,281.75,281.9,0,1753,680
2025-02-03 13:31:05.938707,POWERGRID,EQ,281.75,8999602,281.75,281.85,0,2318,664
2025-02-03 13:31:12.427546,POWERGRID,EQ,281.6,9000003,281.65,281.7,0,898,1
2025-02-03 13:31:18.754869,POWERGRID,EQ,282.05,9051036,282.05,282.2,0,1743,1124
2025-02-03 13:31:25.398575,POWERGRID,EQ,282.2,9056135,282.15,282.2,0,2196,32
2025-02-03 13:31:31.850946,POWERGRID,EQ,282.2,9056983,282.2,282.25,0,1747,206
2025-02-03 13:31:38.170677,POWERGRID,EQ,282.35,9059459,282.35,282.5,0,1052,3154
2025-02-03 13:31:44.533036,POWERGRID,EQ,282.25,9060711,282.2,282.25,0,1546,7
2025-02-03 13:31:50.661512,POWERGRID,EQ,282.2,9060898,282.2,282.25,0,1285,38
2025-02-03 13:31:56.975323,POWERGRID,EQ,282.25,9062833,282.2,282.25,0,2233,50
2025-02-03 13:32:03.433601,POWERGRID,EQ,282.2,9063054,282.2,282.25,0,2175,27
2025-02-03 13:32:09.815768,POWERGRID,EQ,282.2,9063869,282.2,282.35,0,2034,300
2025-02-03 13:32:16.195632,POWERGRID,EQ,282.2,9067602,282.3,282.35,0,758,1245
2025-02-03 13:32:22.525494,POWERGRID,EQ,282.15,9070481,282.25,282.3,0,27,1139
2025-02-03 13:32:28.802589,POWERGRID,EQ,282.1,9071679,282.1,282.25,0,1904,1051
2025-02-03 13:32:35.031458,POWERGRID,EQ,282.15,9072746,282.1,282.15,0,1713,10
2025-02-03 13:32:41.362662,POWERGRID,EQ,282.25,9074992,282.15,282.3,0,1907,1904
2025-02-03 13:32:47.735677,POWERGRID,EQ,282.2,9075869,282.1,282.2,0,1125,1
2025-02-03 13:32:54.066884,POWERGRID,EQ,282.15,9076304,282.1,282.15,0,820,15
2025-02-03 13:33:00.476345,POWERGRID,EQ,282.0,9078646,282.0,282.05,0,19779,2
2025-02-03 13:33:06.737518,POWERGRID,EQ,282.0,9079183,282.0,282.05,0,19409,98
2025-02-03 13:33:13.098293,POWERGRID,EQ,282.05,9079501,282.0,282.05,0,17099,2614
2025-02-03 13:33:19.280985,POWERGRID,EQ,282.1,9080273,282.0,282.05,0,16429,2565
2025-02-03 13:33:25.696656,POWERGRID,EQ,282.05,9089305,282.0,282.05,0,15211,1165
2025-02-03 13:33:32.027087,POWERGRID,EQ,282.0,9090201,282.05,282.1,0,72,429
2025-02-03 13:33:38.447995,POWERGRID,EQ,282.05,9090794,282.0,282.05,0,15613,1489
2025-02-03 13:33:44.699612,POWERGRID,EQ,282.05,9095061,282.0,282.05,0,15750,39
2025-02-03 13:33:51.137495,POWERGRID,EQ,282.05,9096078,282.0,282.05,0,15118,352
2025-02-03 13:33:57.577585,POWERGRID,EQ,282.05,9097214,282.0,282.05,0,13817,152
2025-02-03 13:34:03.879203,POWERGRID,EQ,282.15,9100279,282.05,282.15,0,2166,173
2025-02-03 13:34:10.400728,POWERGRID,EQ,282.1,9101308,282.1,282.15,0,1274,3
2025-02-03 13:34:17.179686,POWERGRID,EQ,282.1,9102093,282.1,282.15,0,332,14
2025-02-03 13:34:23.565431,POWERGRID,EQ,282.1,9102286,282.1,282.15,0,209,10
2025-02-03 13:34:30.026211,POWERGRID,EQ,282.15,9104633,282.1,282.15,0,925,1537
2025-02-03 13:34:36.769623,POWERGRID,EQ,282.15,9105301,282.1,282.15,0,1006,1466
2025-02-03 13:34:43.329271,POWERGRID,EQ,282.2,9108482,282.15,282.2,0,1033,1246
2025-02-03 13:34:49.622739,POWERGRID,EQ,282.25,9112140,282.2,282.3,0,2247,1324
2025-02-03 13:34:56.069824,POWERGRID,EQ,282.3,9113504,282.25,282.3,0,2888,2292
2025-02-03 13:35:02.538746,POWERGRID,EQ,282.3,9119519,282.3,282.4,0,1349,35
2025-02-03 13:35:08.860746,POWERGRID,EQ,282.3,9120088,282.3,282.45,0,1734,171
2025-02-03 13:35:15.247464,POWERGRID,EQ,282.4,9124068,282.3,282.5,0,3164,922
2025-02-03 13:35:21.700431,POWERGRID,EQ,282.55,9126679,282.45,282.55,0,1717,1025
2025-02-03 13:35:28.051769,POWERGRID,EQ,282.55,9127784,282.5,282.55,0,1322,850
2025-02-03 13:35:34.355864,POWERGRID,EQ,282.6,9131635,282.55,282.6,0,787,8
2025-02-03 13:35:40.632978,POWERGRID,EQ,282.6,9138200,282.6,282.75,0,1488,504
2025-02-03 13:35:47.053947,POWERGRID,EQ,282.6,9138645,282.55,282.6,0,32,13
2025-02-03 13:35:53.409147,POWERGRID,EQ,282.6,9142533,282.6,282.7,0,1987,15
2025-02-03 13:35:59.713466,POWERGRID,EQ,282.55,9143943,282.55,282.65,0,2029,122
2025-02-03 13:36:06.069166,POWERGRID,EQ,282.5,9144543,282.6,282.65,0,1709,106
2025-02-03 13:36:12.482074,POWERGRID,EQ,282.55,9147289,282.45,282.55,0,1424,5
2025-02-03 13:36:18.926472,POWERGRID,EQ,282.65,9148657,282.5,282.55,0,2,153
2025-02-03 13:36:25.244098,POWERGRID,EQ,282.55,9151832,282.5,282.55,0,733,606
2025-02-03 13:36:31.641257,POWERGRID,EQ,282.5,9152685,282.5,282.55,0,1315,1020
2025-02-03 13:36:37.993028,POWERGRID,EQ,282.5,9153327,282.5,282.55,0,484,903
2025-02-03 13:36:44.299454,POWERGRID,EQ,282.6,9154015,282.5,282.55,0,847,915
2025-02-03 13:36:50.650866,POWERGRID,EQ,282.55,9155959,282.55,282.6,0,299,1044
2025-02-03 13:36:56.869086,POWERGRID,EQ,282.6,9157966,282.5,282.6,0,405,966
2025-02-03 13:37:03.290320,POWERGRID,EQ,282.6,9158306,282.5,282.6,0,213,1906
2025-02-03 13:37:09.572748,POWERGRID,EQ,282.45,9159988,282.45,282.6,0,717,1615
2025-02-03 13:37:15.849105,POWERGRID,EQ,282.45,9160307,282.45,282.6,0,516,1646
2025-02-03 13:37:22.269099,POWERGRID,EQ,282.5,9161099,282.45,282.55,0,321,1385
2025-02-03 13:37:28.508410,POWERGRID,EQ,282.4,9163939,282.4,282.55,0,1819,1008
2025-02-03 13:37:34.739856,POWERGRID,EQ,282.35,9164162,282.35,282.4,0,634,21
2025-02-03 13:37:41.022193,POWERGRID,EQ,282.35,9164741,282.35,282.4,0,663,202
2025-02-03 13:37:47.293923,POWERGRID,EQ,282.4,9165953,282.4,282.45,0,1460,2
2025-02-03 13:37:53.702605,POWERGRID,EQ,282.45,9166233,282.4,282.45,0,1051,662
2025-02-03 13:38:00.082619,POWERGRID,EQ,282.4,9169526,282.4,282.45,0,1087,26
2025-02-03 13:38:06.423651,POWERGRID,EQ,282.5,9170087,282.4,282.55,0,2097,958
2025-02-03 13:38:12.871353,POWERGRID,EQ,282.4,9170835,282.4,282.45,0,441,270
2025-02-03 13:38:19.139078,POWERGRID,EQ,282.4,9172950,282.4,282.45,0,132,36
2025-02-03 13:38:25.385056,POWERGRID,EQ,282.4,9173170,282.4,282.45,0,518,44
2025-02-03 13:38:31.869549,POWERGRID,EQ,282.3,9174104,282.3,282.35,0,2456,6
2025-02-03 13:38:38.246110,POWERGRID,EQ,282.3,9175571,282.3,282.35,0,1301,867
2025-02-03 13:38:44.616826,POWERGRID,EQ,282.35,9178026,282.25,282.35,0,5497,625
2025-02-03 13:38:50.965497,POWERGRID,EQ,282.25,9178413,282.25,282.35,0,5240,766
2025-02-03 13:38:57.374829,POWERGRID,EQ,282.35,9180058,282.3,282.35,0,1102,201
2025-02-03 13:39:03.749054,POWERGRID,EQ,282.3,9182408,282.3,282.35,0,17,296
2025-02-03 13:39:10.287048,POWERGRID,EQ,282.25,9183518,282.25,282.3,0,1868,4
2025-02-03 13:39:16.663125,POWERGRID,EQ,282.3,9184184,282.25,282.3,0,1868,20
2025-02-03 13:39:23.190593,POWERGRID,EQ,282.25,9184404,282.25,282.3,0,1711,284
2025-02-03 13:39:29.579070,POWERGRID,EQ,282.25,9185317,282.25,282.3,0,2078,147
2025-02-03 13:39:35.742607,POWERGRID,EQ,282.3,9186753,282.25,282.3,0,1346,748
2025-02-03 13:39:41.914067,POWERGRID,EQ,282.35,9189072,282.35,282.45,0,924,5
2025-02-03 13:39:48.261605,POWERGRID,EQ,282.35,9189523,282.3,282.35,0,1712,19
2025-02-03 13:39:54.583904,POWERGRID,EQ,282.3,9189805,282.3,282.35,0,694,230
2025-02-03 13:40:00.908780,POWERGRID,EQ,282.55,9196606,282.45,282.55,0,2568,2145
2025-02-03 13:40:07.244180,POWERGRID,EQ,282.6,9197116,282.45,282.55,0,2261,3802
2025-02-03 13:40:13.620991,POWERGRID,EQ,282.65,9204948,282.65,282.7,0,89,9
2025-02-03 13:40:22.978843,POWERGRID,EQ,282.55,9208218,282.55,282.6,0,93,18
2025-02-03 13:40:30.999431,POWERGRID,EQ,282.65,9213748,282.55,282.65,0,308,17
2025-02-03 13:40:37.608657,POWERGRID,EQ,282.55,9214322,282.5,282.55,0,171,38
2025-02-03 13:40:44.003231,POWERGRID,EQ,282.55,9215602,282.5,282.55,0,919,154
2025-02-03 13:40:50.527353,POWERGRID,EQ,282.5,9215737,282.5,282.55,0,1581,689
2025-02-03 13:40:56.827175,POWERGRID,EQ,282.5,9217785,282.55,282.6,0,11,5
2025-02-03 13:41:03.280140,POWERGRID,EQ,282.5,9218177,282.5,282.55,0,322,3
2025-02-03 13:41:09.791663,POWERGRID,EQ,282.45,9224026,282.4,282.55,0,1818,194
2025-02-03 13:41:16.361517,POWERGRID,EQ,282.45,9225074,282.4,282.45,0,797,1
2025-02-03 13:41:22.728350,POWERGRID,EQ,282.45,9226548,282.5,282.55,0,56,13
2025-02-03 13:41:29.129600,POWERGRID,EQ,282.5,9227471,282.4,282.45,0,1505,1
2025-02-03 13:41:35.774764,POWERGRID,EQ,282.35,9229669,282.35,282.4,0,1047,16
2025-02-03 13:41:42.260726,POWERGRID,EQ,282.35,9232010,282.3,282.45,0,2768,678
2025-02-03 13:41:48.694064,POWERGRID,EQ,282.45,9233779,282.45,282.55,0,1887,89
2025-02-03 13:41:55.134784,POWERGRID,EQ,282.4,9235803,282.45,282.5,0,152,17
2025-02-03 13:42:01.706268,POWERGRID,EQ,282.6,9238450,282.55,282.6,0,1830,19
2025-02-03 13:42:08.135313,POWERGRID,EQ,282.8,9242944,282.6,282.65,0,384,12
2025-02-03 13:42:14.631053,POWERGRID,EQ,282.55,9243625,282.55,282.6,0,1104,2
2025-02-03 13:42:20.950351,POWERGRID,EQ,282.5,9244561,282.5,282.55,0,89,4
2025-02-03 13:42:27.527588,POWERGRID,EQ,282.4,9246961,282.4,282.5,0,1027,7
2025-02-03 13:42:34.313046,POWERGRID,EQ,282.5,9248616,282.4,282.5,0,1519,130
2025-02-03 13:42:40.849557,POWERGRID,EQ,282.4,9249091,282.4,282.45,0,1636,27
2025-02-03 13:42:47.516875,POWERGRID,EQ,282.4,9249587,282.35,282.4,0,4290,5
2025-02-03 13:42:53.957091,POWERGRID,EQ,282.45,9250234,282.35,282.4,0,1846,4
2025-02-03 13:43:00.371546,POWERGRID,EQ,282.35,9252170,282.35,282.4,0,1800,51
2025-02-03 13:43:06.802858,POWERGRID,EQ,282.5,9255266,282.35,282.5,0,2928,89
2025-02-03 13:43:13.141390,POWERGRID,EQ,282.45,9256500,282.45,282.5,0,1348,1046
2025-02-03 13:43:19.738011,POWERGRID,EQ,282.5,9257963,282.3,282.4,0,2373,1
2025-02-03 13:43:26.112298,POWERGRID,EQ,282.35,9260012,282.35,282.4,0,399,6
2025-02-03 13:43:32.570289,POWERGRID,EQ,282.3,9260432,282.3,282.4,0,2187,37
2025-02-03 13:43:39.042248,POWERGRID,EQ,282.35,9263282,282.35,282.4,0,1124,34
2025-02-03 13:43:45.673878,POWERGRID,EQ,282.35,9265683,282.3,282.4,0,1739,6
2025-02-03 13:43:52.046364,POWERGRID,EQ,282.4,9265877,282.3,282.35,0,326,3
2025-02-03 13:43:58.664684,POWERGRID,EQ,282.35,9266819,282.25,282.35,0,2014,347
2025-02-03 13:44:05.106813,POWERGRID,EQ,282.2,9273498,282.2,282.3,0,2554,22
2025-02-03 13:44:11.514649,POWERGRID,EQ,282.25,9275852,282.2,282.25,0,16,751
2025-02-03 13:44:17.858176,POWERGRID,EQ,282.35,9276658,282.15,282.2,0,927,27
2025-02-03 13:44:24.216071,POWERGRID,EQ,282.2,9280440,282.25,282.3,0,263,1029
2025-02-03 13:44:30.590624,POWERGRID,EQ,282.2,9281317,282.2,282.25,0,65,23
2025-02-03 13:44:37.003797,POWERGRID,EQ,282.2,9282135,282.2,282.25,0,793,1217
2025-02-03 13:44:43.690580,POWERGRID,EQ,282.2,9283181,282.2,282.25,0,637,1276
2025-02-03 13:44:50.570522,POWERGRID,EQ,282.25,9289471,282.25,282.35,0,2,739
2025-02-03 13:44:56.863615,POWERGRID,EQ,282.15,9290158,282.1,282.2,0,958,8
2025-02-03 13:45:03.512921,POWERGRID,EQ,282.25,9290735,282.1,282.15,0,1487,27
2025-02-03 13:45:09.969216,POWERGRID,EQ,282.2,9291970,282.2,282.25,0,1117,3
2025-02-03 13:45:17.931817,POWERGRID,EQ,282.2,9292752,282.2,282.25,0,391,6
2025-02-03 13:45:24.236705,POWERGRID,EQ,282.25,9294610,282.2,282.25,0,201,90
2025-02-03 13:45:30.698340,POWERGRID,EQ,282.25,9298254,282.15,282.25,0,589,11
2025-02-03 13:45:37.168483,POWERGRID,EQ,282.15,9298454,282.15,282.2,0,617,19
2025-02-03 13:45:43.574498,POWERGRID,EQ,282.1,9300079,282.1,282.2,0,1178,36
2025-02-03 13:45:50.171044,POWERGRID,EQ,282.1,9301970,282.1,282.2,0,3477,8
2025-02-03 13:45:58.158653,POWERGRID,EQ,282.15,9303785,282.1,282.15,0,1314,37
2025-02-03 13:46:04.803411,POWERGRID,EQ,282.1,9305396,282.1,282.15,0,902,1428
2025-02-03 13:46:11.517452,POWERGRID,EQ,282.1,9307432,282.0,282.1,0,13492,695
2025-02-03 13:46:18.200862,POWERGRID,EQ,282.05,9309773,282.0,282.05,0,12756,52
2025-02-03 13:46:26.032605,POWERGRID,EQ,282.05,9311556,282.05,282.1,0,10,2
2025-02-03 13:46:32.542317,POWERGRID,EQ,282.0,9311847,282.0,282.05,0,12969,6
2025-02-03 13:46:39.482012,POWERGRID,EQ,282.1,9313551,282.0,282.05,0,11978,3
2025-02-03 13:46:46.318643,POWERGRID,EQ,282.05,9315965,282.0,282.05,0,11333,13
2025-02-03 13:46:53.249638,POWERGRID,EQ,282.1,9316870,282.0,282.05,0,11457,1
2025-02-03 13:46:59.964463,POWERGRID,EQ,282.05,9317705,282.0,282.1,0,12239,274
2025-02-03 13:47:06.688596,POWERGRID,EQ,282.1,9319232,282.0,282.1,0,11000,1605
2025-02-03 13:47:14.768233,POWERGRID,EQ,282.1,9320915,282.0,282.1,0,11787,345
2025-02-03 13:47:21.306336,POWERGRID,EQ,282.05,9321278,282.05,282.1,0,23,246
2025-02-03 13:47:27.812968,POWERGRID,EQ,282.1,9322283,282.05,282.15,0,1294,2621
2025-02-03 13:47:34.259052,POWERGRID,EQ,282.15,9327469,282.05,282.1,0,379,22
2025-02-03 13:47:40.977297,POWERGRID,EQ,282.15,9330809,282.1,282.15,0,396,58
2025-02-03 13:47:47.443259,POWERGRID,EQ,282.15,9331988,282.15,282.3,0,300,552
2025-02-03 13:47:53.879440,POWERGRID,EQ,282.15,9332624,282.15,282.2,0,4,22
2025-02-03 13:48:00.442756,POWERGRID,EQ,282.25,9333322,282.05,282.15,0,2073,4
2025-02-03 13:48:07.953000,POWERGRID,EQ,282.2,9334916,282.15,282.2,0,6,13
2025-02-03 13:48:14.714984,POWERGRID,EQ,282.15,9335231,282.1,282.15,0,50,5
2025-02-03 13:48:21.162985,POWERGRID,EQ,282.1,9336195,282.05,282.15,0,2147,1689
2025-02-03 13:48:27.753542,POWERGRID,EQ,282.15,9337798,282.05,282.1,0,717,9
2025-02-03 13:48:34.187952,POWERGRID,EQ,282.0,9338023,282.05,282.1,0,686,687
2025-02-03 13:48:40.583121,POWERGRID,EQ,282.0,9339626,282.0,282.05,0,9989,778
2025-02-03 13:48:46.905128,POWERGRID,EQ,282.1,9343247,282.05,282.1,0,1575,16
2025-02-03 13:48:53.263084,POWERGRID,EQ,282.1,9345218,282.05,282.1,0,305,15
2025-02-03 13:49:00.066771,POWERGRID,EQ,282.15,9352110,282.15,282.2,0,1694,63
2025-02-03 13:49:06.631628,POWERGRID,EQ,282.05,9355635,282.05,282.1,0,981,15
2025-02-03 13:49:13.132532,POWERGRID,EQ,282.05,9356196,282.05,282.1,0,269,17
2025-02-03 13:49:19.680965,POWERGRID,EQ,282.1,9357825,282.05,282.1,0,38,16
2025-02-03 13:49:26.096485,POWERGRID,EQ,282.05,9358053,282.05,282.1,0,17,18
2025-02-03 13:49:32.613917,POWERGRID,EQ,282.05,9358423,282.0,282.1,0,11037,2
2025-02-03 13:49:38.938541,POWERGRID,EQ,282.1,9360592,282.1,282.15,0,914,5
2025-02-03 13:49:45.467946,POWERGRID,EQ,282.1,9362272,282.05,282.1,0,1847,1
2025-02-03 13:49:52.105453,POWERGRID,EQ,282.1,9362665,282.05,282.1,0,1047,757
2025-02-03 13:49:58.793089,POWERGRID,EQ,282.1,9363099,282.05,282.1,0,676,725
2025-02-03 13:50:06.008356,POWERGRID,EQ,282.05,9364983,282.05,282.1,0,179,729
2025-02-03 13:50:12.716542,POWERGRID,EQ,282.05,9365296,282.0,282.05,0,8713,3
2025-02-03 13:50:19.313889,POWERGRID,EQ,282.0,9365559,282.0,282.05,0,8587,652
2025-02-03 13:50:25.840513,POWERGRID,EQ,282.05,9366282,282.0,282.05,0,8685,1591
2025-02-03 13:50:32.608774,POWERGRID,EQ,282.05,9393904,282.0,282.05,0,971,3575
2025-02-03 13:50:39.047779,POWERGRID,EQ,282.0,9396023,282.0,282.05,0,18769,2212
2025-02-03 13:50:45.474854,POWERGRID,EQ,282.0,9397607,282.0,282.05,0,19385,1874
2025-02-03 13:50:52.057491,POWERGRID,EQ,282.05,9398025,282.0,282.05,0,19082,2724
2025-02-03 13:50:58.766945,POWERGRID,EQ,282.05,9398510,282.0,282.05,0,18017,2630
2025-02-03 13:51:05.475633,POWERGRID,EQ,282.05,9401104,282.0,282.05,0,17759,1773
2025-02-03 13:51:12.028660,POWERGRID,EQ,282.0,9401406,282.0,282.05,0,17771,2424
2025-02-03 13:51:18.680980,POWERGRID,EQ,282.0,9401961,282.0,282.05,0,17558,2808
2025-02-03 13:51:25.013071,POWERGRID,EQ,282.0,9403961,282.0,282.05,0,17528,2245
2025-02-03 13:51:31.453217,POWERGRID,EQ,282.0,9405751,282.0,282.05,0,16411,3862
2025-02-03 13:51:37.905607,POWERGRID,EQ,282.0,9406684,282.0,282.05,0,15913,3928
2025-02-03 13:51:44.238989,POWERGRID,EQ,281.85,9518098,281.85,281.9,0,1905,27
2025-02-03 13:51:50.507746,POWERGRID,EQ,281.85,9529979,281.85,281.9,0,1182,6
2025-02-03 13:51:56.883606,POWERGRID,EQ,281.85,9532099,281.85,281.9,0,1573,13
2025-02-03 13:52:05.658859,POWERGRID,EQ,282.0,9535361,281.85,281.9,0,2684,7
2025-02-03 13:52:12.339100,POWERGRID,EQ,281.9,9540710,281.85,281.9,0,2508,1738
2025-02-03 13:52:18.727638,POWERGRID,EQ,281.85,9553035,281.85,281.9,0,2899,544
2025-02-03 13:52:25.431496,POWERGRID,EQ,281.85,9557354,281.85,281.9,0,3065,808
2025-02-03 13:52:31.797705,POWERGRID,EQ,281.9,9561782,281.85,281.9,0,3263,2707
2025-02-03 13:52:38.631916,POWERGRID,EQ,281.85,9616451,281.85,281.9,0,3670,4068
2025-02-03 13:52:45.626909,POWERGRID,EQ,281.85,9625955,281.85,281.9,0,101,4384
2025-02-03 13:52:52.108407,POWERGRID,EQ,281.9,9628054,281.85,281.9,0,6368,4671
2025-02-03 13:52:58.568033,POWERGRID,EQ,281.9,9628830,281.85,281.9,0,6428,3861
2025-02-03 13:53:06.110086,POWERGRID,EQ,281.9,9640907,281.9,281.95,0,108,1030
2025-02-03 13:53:12.712244,POWERGRID,EQ,281.9,9641530,281.85,281.9,0,10138,38
2025-02-03 13:53:19.190664,POWERGRID,EQ,281.7,9655637,281.65,281.7,0,10,691
2025-02-03 13:53:25.799296,POWERGRID,EQ,281.6,9657191,281.55,281.6,0,1878,3
2025-02-03 13:53:32.366190,POWERGRID,EQ,281.65,9660165,281.5,281.55,0,410,14
2025-02-03 13:53:39.803627,POWERGRID,EQ,281.8,9663177,281.75,281.8,0,81,657
2025-02-03 13:53:46.119007,POWERGRID,EQ,281.65,9665214,281.65,281.7,0,9,289
2025-02-03 13:53:52.602231,POWERGRID,EQ,281.75,9667919,281.7,281.75,0,812,8
2025-02-03 13:53:59.164859,POWERGRID,EQ,281.8,9670473,281.8,281.85,0,147,1030
2025-02-03 13:54:05.588259,POWERGRID,EQ,281.75,9671307,281.6,281.7,0,2727,1
2025-02-03 13:54:11.915353,POWERGRID,EQ,281.8,9671635,281.65,281.8,0,526,266
2025-02-03 13:54:18.182617,POWERGRID,EQ,281.85,9671916,281.75,281.8,0,3,724
2025-02-03 13:54:24.742683,POWERGRID,EQ,281.85,9675840,281.8,281.85,0,100,1102
2025-02-03 13:54:31.128176,POWERGRID,EQ,281.85,9676210,281.7,281.8,0,632,32
2025-02-03 13:54:37.682295,POWERGRID,EQ,282.0,9690485,281.85,282.0,0,881,1923
2025-02-03 13:54:44.263125,POWERGRID,EQ,282.0,9697023,281.85,282.0,0,2386,605
2025-02-03 13:54:52.055760,POWERGRID,EQ,282.0,9697154,281.85,282.0,0,1735,801
2025-02-03 13:54:58.494626,POWERGRID,EQ,281.9,9702398,281.75,281.9,0,956,1117
2025-02-03 13:55:05.157237,POWERGRID,EQ,281.9,9703713,281.8,281.9,0,1346,1036
2025-02-03 13:55:11.705489,POWERGRID,EQ,282.0,9707814,281.9,282.0,0,29,920
2025-02-03 13:55:18.321954,POWERGRID,EQ,282.0,9707983,281.85,282.0,0,1807,844
2025-02-03 13:55:25.077898,POWERGRID,EQ,282.0,9710746,282.0,282.05,0,33,560
2025-02-03 13:55:31.584060,POWERGRID,EQ,282.0,9711389,282.0,282.05,0,186,492
2025-02-03 13:55:37.933230,POWERGRID,EQ,282.0,9712059,282.0,282.05,0,317,1334
2025-02-03 13:55:44.444472,POWERGRID,EQ,282.0,9715128,282.0,282.05,0,213,801
2025-02-03 13:55:50.997841,POWERGRID,EQ,282.05,9716612,282.0,282.05,0,21,958
2025-02-03 13:55:57.323705,POWERGRID,EQ,282.0,9716999,281.95,282.0,0,77,13
2025-02-03 13:56:03.670876,POWERGRID,EQ,282.0,9717189,282.0,282.05,0,115,2368
2025-02-03 13:56:10.035541,POWERGRID,EQ,282.05,9719157,282.0,282.05,0,18,856
2025-02-03 13:56:16.489619,POWERGRID,EQ,282.0,9719972,282.0,282.05,0,272,930
2025-02-03 13:56:23.061060,POWERGRID,EQ,282.0,9725361,281.95,282.0,0,46,1012
2025-02-03 13:56:29.656241,POWERGRID,EQ,282.0,9725839,281.95,282.0,0,374,1875
2025-02-03 13:56:36.146184,POWERGRID,EQ,282.0,9725968,281.95,282.0,0,333,1810
2025-02-03 13:56:42.414459,POWERGRID,EQ,282.05,9728999,282.0,282.05,0,148,610
2025-02-03 13:56:49.001142,POWERGRID,EQ,282.0,9729276,282.0,282.05,0,246,486
2025-02-03 13:56:55.417925,POWERGRID,EQ,282.0,9729520,282.0,282.05,0,77,2102
2025-02-03 13:57:01.895863,POWERGRID,EQ,282.0,9731703,282.0,282.05,0,185,1101
2025-02-03 13:57:08.295504,POWERGRID,EQ,282.0,10139144,281.9,282.0,0,3,3395
2025-02-03 13:57:14.867053,POWERGRID,EQ,282.0,10139438,281.85,282.0,0,466,5050
2025-02-03 13:57:21.623502,POWERGRID,EQ,281.95,10141667,281.85,281.95,0,586,4
2025-02-03 13:57:28.448309,POWERGRID,EQ,281.95,10143708,281.85,281.95,0,1605,164
2025-02-03 13:57:35.167733,POWERGRID,EQ,281.95,10143802,281.9,281.95,0,308,1269
2025-02-03 13:57:41.562968,POWERGRID,EQ,281.95,10145993,281.9,281.95,0,856,224
2025-02-03 13:57:47.913130,POWERGRID,EQ,281.95,10149016,281.85,281.95,0,9,1093
2025-02-03 13:57:54.236629,POWERGRID,EQ,281.9,10149154,281.8,281.9,0,677,556
2025-02-03 13:58:00.975598,POWERGRID,EQ,281.85,10151609,281.8,281.9,0,948,15
2025-02-03 13:58:07.459084,POWERGRID,EQ,281.85,10151791,281.75,281.85,0,118,3
2025-02-03 13:58:13.913687,POWERGRID,EQ,281.95,10153298,281.8,281.85,0,613,15
2025-02-03 13:58:20.754105,POWERGRID,EQ,282.0,10159372,281.9,282.0,0,215,3522
2025-02-03 13:58:27.813381,POWERGRID,EQ,282.0,10162090,281.85,281.95,0,9,1155
2025-02-03 13:58:34.980802,POWERGRID,EQ,281.8,10162187,281.8,281.85,0,59,725
2025-02-03 13:58:41.619495,POWERGRID,EQ,281.9,10163331,281.9,281.95,0,207,72
2025-02-03 13:58:48.358217,POWERGRID,EQ,282.0,10167149,281.95,282.0,0,129,1411
2025-02-03 13:58:55.759453,POWERGRID,EQ,281.85,10169475,281.85,282.0,0,317,3413
2025-02-03 13:59:02.256535,POWERGRID,EQ,281.95,10172951,281.85,282.0,0,1858,1213
2025-02-03 13:59:08.629692,POWERGRID,EQ,281.85,10174238,281.85,281.95,0,1394,200
2025-02-03 13:59:15.075411,POWERGRID,EQ,281.95,10175794,281.85,281.95,0,780,234
2025-02-03 13:59:21.601381,POWERGRID,EQ,281.95,10179218,281.9,281.95,0,1272,14
2025-02-03 13:59:28.134271,POWERGRID,EQ,281.95,10179429,281.85,281.95,0,628,818
2025-02-03 13:59:34.374057,POWERGRID,EQ,281.95,10179737,281.85,281.95,0,348,662
2025-02-03 13:59:41.866116,POWERGRID,EQ,281.85,10183313,281.85,281.95,0,1254,6
2025-02-03 13:59:48.470644,POWERGRID,EQ,281.95,10183708,281.9,281.95,0,14,179
2025-02-03 13:59:55.116339,POWERGRID,EQ,281.9,10183783,281.8,281.9,0,504,13
2025-02-03 14:00:01.675797,POWERGRID,EQ,282.05,10186114,282.0,282.05,0,142,770
2025-02-03 14:00:08.215353,POWERGRID,EQ,282.0,10186868,282.0,282.05,0,80,3089
2025-02-03 14:00:14.761357,POWERGRID,EQ,282.05,10187168,282.0,282.05,0,31,3065
2025-02-03 14:00:21.295572,POWERGRID,EQ,282.0,10190551,282.0,282.05,0,70,2694
2025-02-03 14:00:28.675177,POWERGRID,EQ,282.0,10194172,281.9,282.0,0,2321,1
2025-02-03 14:00:35.121548,POWERGRID,EQ,282.05,10194807,282.0,282.05,0,2,2612
2025-02-03 14:00:41.899339,POWERGRID,EQ,282.0,10195293,282.0,282.05,0,171,3207
2025-02-03 14:00:49.354826,POWERGRID,EQ,282.05,10196846,282.0,282.05,0,134,2044
2025-02-03 14:00:58.386711,POWERGRID,EQ,282.15,10204897,282.05,282.15,0,2558,4
2025-02-03 14:01:04.871270,POWERGRID,EQ,282.05,10205062,282.0,282.05,0,1315,17
2025-02-03 14:01:11.340441,POWERGRID,EQ,282.05,10206853,282.0,282.05,0,941,17
2025-02-03 14:01:18.219650,POWERGRID,EQ,282.2,10207564,282.15,282.2,0,1,1138
2025-02-03 14:01:24.859078,POWERGRID,EQ,282.0,10207658,282.05,282.1,0,17,32
2025-02-03 14:01:31.673951,POWERGRID,EQ,282.15,10208074,282.0,282.15,0,522,1652
2025-02-03 14:01:38.377523,POWERGRID,EQ,282.1,10209990,282.05,282.1,0,3,18
2025-02-03 14:01:45.904814,POWERGRID,EQ,282.1,10210546,282.0,282.05,0,591,6
2025-02-03 14:01:52.605048,POWERGRID,EQ,282.05,10210725,282.0,282.05,0,310,1
2025-02-03 14:01:59.266513,POWERGRID,EQ,282.05,10213258,282.0,282.05,0,601,2364
2025-02-03 14:02:05.719748,POWERGRID,EQ,282.0,10213504,282.0,282.05,0,655,2302
2025-02-03 14:02:12.348743,POWERGRID,EQ,281.95,10218749,281.95,282.0,0,1,872
2025-02-03 14:02:19.240349,POWERGRID,EQ,281.95,10221211,281.85,282.0,0,1499,2158
2025-02-03 14:02:26.015319,POWERGRID,EQ,282.0,10223435,281.95,282.0,0,2,427
2025-02-03 14:02:32.663208,POWERGRID,EQ,282.0,10224170,281.9,282.0,0,908,1081
2025-02-03 14:02:39.233274,POWERGRID,EQ,282.0,10224272,281.9,282.0,0,2298,1128
2025-02-03 14:02:45.881364,POWERGRID,EQ,282.0,10228644,281.9,282.0,0,2407,674
2025-02-03 14:02:52.636977,POWERGRID,EQ,281.95,10228867,281.9,281.95,0,226,6
2025-02-03 14:02:59.164504,POWERGRID,EQ,282.0,10231321,281.9,282.0,0,2088,118
2025-02-03 14:03:05.878869,POWERGRID,EQ,282.0,10232836,281.95,282.05,0,62,1348
2025-02-03 14:03:12.454041,POWERGRID,EQ,282.0,10233444,282.0,282.05,0,1465,2252
2025-02-03 14:03:18.928286,POWERGRID,EQ,282.05,10239534,282.05,282.1,0,1333,1461
2025-02-03 14:03:25.587884,POWERGRID,EQ,282.0,10240400,282.0,282.05,0,55,1
2025-02-03 14:03:32.233786,POWERGRID,EQ,282.05,10243725,282.05,282.1,0,91,32
2025-02-03 14:03:39.041334,POWERGRID,EQ,282.05,10244250,282.0,282.05,0,1573,18
2025-02-03 14:03:45.661838,POWERGRID,EQ,282.0,10245919,282.0,282.15,0,1309,2086
2025-02-03 14:03:52.159108,POWERGRID,EQ,282.05,10246218,282.0,282.05,0,1264,18
2025-02-03 14:03:59.225473,POWERGRID,EQ,282.0,10247009,282.0,282.05,0,1067,242
2025-02-03 14:04:05.835888,POWERGRID,EQ,282.0,10248540,282.0,282.05,0,2872,161
2025-02-03 14:04:12.338726,POWERGRID,EQ,282.0,10248838,282.0,282.05,0,2396,123
2025-02-03 14:04:19.207225,POWERGRID,EQ,282.05,10249600,282.05,282.1,0,1589,38
2025-02-03 14:04:25.818358,POWERGRID,EQ,282.05,10249978,282.05,282.1,0,1285,2
2025-02-03 14:04:32.498318,POWERGRID,EQ,282.1,10251909,282.05,282.1,0,1167,18
2025-02-03 14:04:38.912220,POWERGRID,EQ,282.15,10252676,282.05,282.1,0,1067,4
2025-02-03 14:04:45.396933,POWERGRID,EQ,282.05,10255015,282.05,282.1,0,823,48
2025-02-03 14:04:52.285241,POWERGRID,EQ,282.1,10256942,282.05,282.1,0,415,12
2025-02-03 14:04:58.935353,POWERGRID,EQ,282.1,10257418,282.0,282.1,0,707,12
2025-02-03 14:05:05.606740,POWERGRID,EQ,282.0,10258883,282.0,282.05,0,718,5
2025-02-03 14:05:12.188737,POWERGRID,EQ,282.05,10259176,282.0,282.05,0,132,2
2025-02-03 14:05:18.568047,POWERGRID,EQ,282.1,10259554,282.0,282.05,0,156,721
2025-02-03 14:05:24.917560,POWERGRID,EQ,282.05,10261895,282.05,282.1,0,119,852
2025-02-03 14:05:31.521283,POWERGRID,EQ,282.1,10265113,282.05,282.1,0,652,9
2025-02-03 14:05:38.062273,POWERGRID,EQ,282.1,10267457,282.05,282.1,0,2,9
2025-02-03 14:05:44.928848,POWERGRID,EQ,282.05,10268002,282.0,282.05,0,116,2
2025-02-03 14:05:51.699318,POWERGRID,EQ,281.95,10269860,281.9,281.95,0,418,3
2025-02-03 14:05:58.531886,POWERGRID,EQ,282.0,10270107,281.95,282.0,0,2,798
2025-02-03 14:06:05.527342,POWERGRID,EQ,282.0,10271910,281.95,282.0,0,2,135
2025-02-03 14:06:12.188012,POWERGRID,EQ,281.95,10272234,281.9,281.95,0,78,5
2025-02-03 14:06:18.626014,POWERGRID,EQ,282.0,10272298,281.95,282.0,0,3,893
2025-02-03 14:06:25.113023,POWERGRID,EQ,281.95,10273845,281.85,281.95,0,4769,729
2025-02-03 14:06:31.722145,POWERGRID,EQ,281.95,10276905,281.95,282.0,0,216,388
2025-02-03 14:06:38.339126,POWERGRID,EQ,282.0,10283022,281.95,282.0,0,304,61
2025-02-03 14:06:44.873106,POWERGRID,EQ,282.05,10283983,282.0,282.05,0,62,172
2025-02-03 14:06:51.527902,POWERGRID,EQ,282.05,10286053,282.0,282.05,0,9,781
2025-02-03 14:06:58.129772,POWERGRID,EQ,282.0,10286726,282.0,282.05,0,147,612
2025-02-03 14:07:05.070753,POWERGRID,EQ,282.0,10286889,281.95,282.0,0,419,35
2025-02-03 14:07:11.973269,POWERGRID,EQ,282.0,10287084,281.95,282.0,0,418,1950
2025-02-03 14:07:18.907353,POWERGRID,EQ,282.0,10291504,282.0,282.05,0,4,1280
2025-02-03 14:07:27.047797,POWERGRID,EQ,282.0,10292090,281.95,282.0,0,219,683
2025-02-03 14:07:33.603165,POWERGRID,EQ,282.05,10294153,282.0,282.05,0,75,2121
2025-02-03 14:07:40.195306,POWERGRID,EQ,282.0,10294300,282.0,282.05,0,59,2106
2025-02-03 14:07:46.848182,POWERGRID,EQ,282.0,10294858,282.0,282.05,0,214,1982
2025-02-03 14:07:53.366852,POWERGRID,EQ,282.05,10295874,282.0,282.05,0,411,1275
2025-02-03 14:07:59.915704,POWERGRID,EQ,282.0,10299187,282.0,282.05,0,332,1001
2025-02-03 14:08:06.339235,POWERGRID,EQ,282.05,10299439,282.0,282.05,0,401,1385
2025-02-03 14:08:12.970806,POWERGRID,EQ,282.05,10300172,282.0,282.05,0,1092,1953
2025-02-03 14:08:19.349097,POWERGRID,EQ,282.0,10300574,282.0,282.05,0,1085,1932
2025-02-03 14:08:25.757041,POWERGRID,EQ,282.0,10303217,282.0,282.05,0,568,1128
2025-02-03 14:08:32.420137,POWERGRID,EQ,282.05,10304039,282.0,282.05,0,927,814
2025-02-03 14:08:38.956554,POWERGRID,EQ,282.05,10304233,282.0,282.05,0,726,764
2025-02-03 14:08:45.581895,POWERGRID,EQ,282.0,10305265,282.0,282.05,0,500,2560
2025-02-03 14:08:52.187410,POWERGRID,EQ,282.0,10307491,282.0,282.05,0,620,1573
2025-02-03 14:08:58.745204,POWERGRID,EQ,282.05,10307939,282.0,282.05,0,506,1500
2025-02-03 14:09:05.386928,POWERGRID,EQ,282.0,10308186,282.0,282.05,0,438,3537
2025-02-03 14:09:12.174730,POWERGRID,EQ,282.05,10310651,282.0,282.05,0,602,2553
2025-02-03 14:09:18.698972,POWERGRID,EQ,282.0,10310843,282.0,282.05,0,726,3958
2025-02-03 14:09:25.333088,POWERGRID,EQ,282.0,10311074,282.0,282.05,0,411,3139
2025-02-03 14:09:31.752539,POWERGRID,EQ,282.05,10311415,282.0,282.05,0,402,3050
2025-02-03 14:09:38.517468,POWERGRID,EQ,282.0,10313661,282.0,282.05,0,1704,2868
2025-02-03 14:09:45.156672,POWERGRID,EQ,282.05,10314201,282.0,282.05,0,954,3338
2025-02-03 14:09:51.629705,POWERGRID,EQ,282.05,10314254,282.0,282.05,0,970,3904
2025-02-03 14:09:58.125498,POWERGRID,EQ,282.0,10316169,282.0,282.05,0,1090,4224
2025-02-03 14:10:04.641849,POWERGRID,EQ,282.05,10317429,282.0,282.05,0,1014,3929
2025-02-03 14:10:11.153677,POWERGRID,EQ,282.05,10320996,282.0,282.05,0,660,4294
2025-02-03 14:10:17.622594,POWERGRID,EQ,282.05,10321215,282.0,282.05,0,528,4237
2025-02-03 14:10:24.677624,POWERGRID,EQ,282.0,10321340,282.0,282.05,0,534,4524
2025-02-03 14:10:31.148643,POWERGRID,EQ,282.0,10325584,282.0,282.05,0,627,3418
2025-02-03 14:10:37.864150,POWERGRID,EQ,282.05,10325781,282.0,282.05,0,883,4800
2025-02-03 14:10:44.499000,POWERGRID,EQ,282.0,10326266,282.0,282.05,0,568,4705
2025-02-03 14:10:51.635782,POWERGRID,EQ,282.0,10326553,282.0,282.05,0,1085,5469
2025-02-03 14:10:57.989788,POWERGRID,EQ,282.05,10329354,282.0,282.05,0,449,5418
2025-02-03 14:11:04.402633,POWERGRID,EQ,282.0,10329611,282.0,282.05,0,316,5502
2025-02-03 14:11:10.919183,POWERGRID,EQ,282.0,10332388,282.0,282.05,0,592,4292
2025-02-03 14:11:17.371689,POWERGRID,EQ,282.0,10332824,282.0,282.05,0,589,4150
2025-02-03 14:11:23.722326,POWERGRID,EQ,282.05,10334472,282.0,282.05,0,498,3994
2025-02-03 14:11:30.019813,POWERGRID,EQ,282.0,10334935,282.0,282.05,0,575,3960
2025-02-03 14:11:36.373864,POWERGRID,EQ,282.0,10335429,282.0,282.05,0,726,3845
2025-02-03 14:11:42.768173,POWERGRID,EQ,282.05,10339319,282.0,282.05,0,437,3797
2025-02-03 14:11:49.117140,POWERGRID,EQ,282.0,10341637,282.0,282.05,0,388,3556
2025-02-03 14:11:55.466249,POWERGRID,EQ,282.0,10341738,282.0,282.05,0,588,5177
2025-02-03 14:12:03.265323,POWERGRID,EQ,282.0,10342449,282.0,282.05,0,475,5126
2025-02-03 14:12:09.684076,POWERGRID,EQ,282.2,10357677,282.15,282.2,0,2105,1309
2025-02-03 14:12:16.213480,POWERGRID,EQ,282.15,10359538,282.1,282.15,0,199,16
2025-02-03 14:12:22.567464,POWERGRID,EQ,282.15,10359949,282.1,282.15,0,180,106
2025-02-03 14:12:29.126965,POWERGRID,EQ,282.2,10362344,282.1,282.15,0,88,3
2025-02-03 14:12:35.569249,POWERGRID,EQ,282.1,10362662,282.1,282.15,0,9,1123
2025-02-03 14:12:42.019830,POWERGRID,EQ,282.1,10364166,282.05,282.15,0,1205,1240
2025-02-03 14:12:48.526007,POWERGRID,EQ,282.15,10364409,282.05,282.1,0,603,1
2025-02-03 14:12:54.832102,POWERGRID,EQ,282.1,10364888,282.05,282.1,0,196,1
2025-02-03 14:13:01.325843,POWERGRID,EQ,282.1,10366744,282.05,282.1,0,90,8
2025-02-03 14:13:07.600670,POWERGRID,EQ,282.1,10366954,282.1,282.15,0,35,2274
2025-02-03 14:13:14.219278,POWERGRID,EQ,282.0,10368220,282.0,282.05,0,2232,6
2025-02-03 14:13:20.576908,POWERGRID,EQ,282.0,10368545,282.0,282.05,0,1611,64
2025-02-03 14:13:26.992615,POWERGRID,EQ,282.1,10372945,282.05,282.1,0,858,207
2025-02-03 14:13:33.469710,POWERGRID,EQ,282.05,10373067,282.05,282.1,0,937,778
2025-02-03 14:13:40.266719,POWERGRID,EQ,282.1,10373353,282.05,282.1,0,833,33
2025-02-03 14:13:46.807203,POWERGRID,EQ,282.05,10373791,282.05,282.1,0,431,233
2025-02-03 14:13:53.126898,POWERGRID,EQ,282.1,10376365,282.05,282.1,0,12,1217
2025-02-03 14:13:59.590493,POWERGRID,EQ,282.1,10376818,282.0,282.05,0,2361,136
2025-02-03 14:14:06.075387,POWERGRID,EQ,282.1,10377538,282.0,282.05,0,1937,5
2025-02-03 14:14:12.288538,POWERGRID,EQ,282.0,10379194,282.0,282.05,0,1896,670
2025-02-03 14:14:18.860145,POWERGRID,EQ,282.05,10383039,282.0,282.05,0,780,3406
2025-02-03 14:14:25.137973,POWERGRID,EQ,282.0,10385576,282.0,282.05,0,1738,2345
2025-02-03 14:14:31.588721,POWERGRID,EQ,282.0,10387737,282.0,282.05,0,1932,1983
2025-02-03 14:14:38.194900,POWERGRID,EQ,282.05,10388160,282.0,282.05,0,1972,1857
2025-02-03 14:14:44.505210,POWERGRID,EQ,282.05,10388994,282.0,282.05,0,1295,2486
2025-02-03 14:14:50.896037,POWERGRID,EQ,282.0,10391485,282.0,282.05,0,636,1094
2025-02-03 14:14:56.985916,POWERGRID,EQ,282.0,10391975,282.0,282.05,0,794,1875
2025-02-03 14:15:03.324313,POWERGRID,EQ,282.05,10392949,282.0,282.05,0,636,1641
2025-02-03 14:15:09.640180,POWERGRID,EQ,282.0,10393235,282.0,282.05,0,391,3136
2025-02-03 14:15:15.996442,POWERGRID,EQ,282.05,10395922,282.0,282.05,0,741,2063
2025-02-03 14:15:22.417709,POWERGRID,EQ,282.0,10396666,282.0,282.05,0,405,2185
2025-02-03 14:15:28.813679,POWERGRID,EQ,282.05,10397261,282.0,282.05,0,520,3586
2025-02-03 14:15:35.155085,POWERGRID,EQ,282.05,10398203,282.0,282.05,0,613,3279
2025-02-03 14:15:41.530617,POWERGRID,EQ,282.4,10430903,282.35,282.4,0,1143,36
2025-02-03 14:15:47.688534,POWERGRID,EQ,282.35,10435146,282.35,282.4,0,2298,584
2025-02-03 14:15:54.032739,POWERGRID,EQ,282.4,10436242,282.35,282.4,0,2200,851
2025-02-03 14:16:00.437682,POWERGRID,EQ,282.35,10438305,282.35,282.4,0,2224,179
2025-02-03 14:16:06.904254,POWERGRID,EQ,282.4,10438679,282.35,282.4,0,2723,2111
2025-02-03 14:16:13.207514,POWERGRID,EQ,282.35,10440347,282.35,282.4,0,2263,2441
2025-02-03 14:16:19.746838,POWERGRID,EQ,282.35,10440564,282.35,282.4,0,2696,2406
2025-02-03 14:16:26.001939,POWERGRID,EQ,282.35,10440620,282.35,282.4,0,2678,2444
2025-02-03 14:16:32.358741,POWERGRID,EQ,282.35,10443926,282.35,282.4,0,400,1577
2025-02-03 14:16:38.592847,POWERGRID,EQ,282.35,10444219,282.35,282.4,0,169,1472
2025-02-03 14:16:44.806251,POWERGRID,EQ,282.35,10445416,282.35,282.4,0,4023,1338
2025-02-03 14:16:51.169441,POWERGRID,EQ,282.35,10445882,282.35,282.4,0,4001,1433
2025-02-03 14:16:57.602023,POWERGRID,EQ,282.35,10446794,282.35,282.4,0,4412,827
2025-02-03 14:17:03.871422,POWERGRID,EQ,282.35,10450053,282.35,282.4,0,3719,1273
2025-02-03 14:17:10.220158,POWERGRID,EQ,282.35,10450816,282.35,282.4,0,3635,595
2025-02-03 14:17:16.509502,POWERGRID,EQ,282.45,10451356,282.35,282.4,0,3899,584
2025-02-03 14:17:22.869598,POWERGRID,EQ,282.35,10453207,282.4,282.45,0,613,509
2025-02-03 14:17:29.275655,POWERGRID,EQ,282.4,10453792,282.4,282.45,0,226,459
2025-02-03 14:17:35.676871,POWERGRID,EQ,282.35,10457789,282.35,282.4,0,2598,51
2025-02-03 14:17:41.980320,POWERGRID,EQ,282.35,10459776,282.35,282.4,0,2158,33
2025-02-03 14:17:48.309903,POWERGRID,EQ,282.35,10460074,282.35,282.4,0,650,736
2025-02-03 14:17:54.502291,POWERGRID,EQ,282.55,10460277,282.35,282.4,0,429,1324
2025-02-03 14:18:01.061538,POWERGRID,EQ,282.5,10523445,282.4,282.5,0,2239,14
2025-02-03 14:18:07.325681,POWERGRID,EQ,282.5,10528168,282.45,282.5,0,2,22
2025-02-03 14:18:13.787494,POWERGRID,EQ,282.45,10529138,282.35,282.45,0,5763,109
2025-02-03 14:18:20.142414,POWERGRID,EQ,282.5,10531696,282.5,282.55,0,4117,4
2025-02-03 14:18:26.469226,POWERGRID,EQ,282.85,10548362,282.85,282.9,0,2395,1157
2025-02-03 14:18:33.783145,POWERGRID,EQ,282.85,10551291,282.85,282.9,0,3250,1812
2025-02-03 14:18:40.065458,POWERGRID,EQ,282.85,10551758,282.85,282.9,0,3250,2399
2025-02-03 14:18:46.439507,POWERGRID,EQ,282.85,10552367,282.85,282.9,0,3676,2144
2025-02-03 14:18:52.796273,POWERGRID,EQ,282.95,10576308,282.9,283.05,0,228,870
2025-02-03 14:18:59.231526,POWERGRID,EQ,282.85,10579843,282.85,282.9,0,1321,288
2025-02-03 14:19:05.563743,POWERGRID,EQ,283.0,10594653,283.0,283.05,0,6894,503
2025-02-03 14:19:11.989450,POWERGRID,EQ,283.0,10595448,283.0,283.05,0,6927,673
2025-02-03 14:19:18.352322,POWERGRID,EQ,283.0,10596125,283.0,283.05,0,7762,1246
2025-02-03 14:19:25.658066,POWERGRID,EQ,283.05,10597502,283.0,283.05,0,6193,917
2025-02-03 14:19:31.892220,POWERGRID,EQ,283.0,10597884,283.0,283.05,0,6062,1531
2025-02-03 14:19:38.314280,POWERGRID,EQ,283.0,10599167,283.0,283.05,0,5106,1594
2025-02-03 14:19:44.691968,POWERGRID,EQ,283.0,10600241,283.0,283.05,0,4487,1347
2025-02-03 14:19:51.151722,POWERGRID,EQ,283.0,10600382,283.0,283.05,0,4423,1312
2025-02-03 14:19:57.480237,POWERGRID,EQ,283.05,10602826,283.0,283.05,0,2339,1387
2025-02-03 14:20:03.879594,POWERGRID,EQ,283.0,10604943,283.0,283.05,0,9005,1319
2025-02-03 14:20:10.204055,POWERGRID,EQ,283.0,10605458,283.0,283.05,0,8672,1192
2025-02-03 14:20:16.384545,POWERGRID,EQ,283.0,10605992,283.0,283.05,0,8201,2154
2025-02-03 14:20:22.806691,POWERGRID,EQ,283.0,10606345,283.0,283.05,0,7937,2923
2025-02-03 14:20:29.083621,POWERGRID,EQ,283.0,10607193,283.0,283.05,0,7268,2785
2025-02-03 14:20:35.574750,POWERGRID,EQ,283.0,10607770,283.0,283.05,0,7112,3504
2025-02-03 14:20:41.868349,POWERGRID,EQ,283.0,10608006,283.0,283.05,0,7087,3727
2025-02-03 14:20:48.393508,POWERGRID,EQ,283.0,10609547,283.0,283.05,0,5613,2706
2025-02-03 14:20:54.714149,POWERGRID,EQ,283.0,10613371,283.0,283.05,0,4646,188
2025-02-03 14:21:01.140392,POWERGRID,EQ,283.0,10614431,283.0,283.05,0,3701,734
2025-02-03 14:21:07.633405,POWERGRID,EQ,283.0,10614912,283.0,283.05,0,3369,681
2025-02-03 14:21:13.900833,POWERGRID,EQ,283.0,10618231,283.0,283.05,0,10129,971
2025-02-03 14:21:20.299601,POWERGRID,EQ,283.0,10655199,283.0,283.05,0,6017,516
2025-02-03 14:21:26.698536,POWERGRID,EQ,282.95,10656221,283.0,283.05,0,5,3288
2025-02-03 14:21:33.048741,POWERGRID,EQ,282.9,10656379,282.85,282.9,0,1415,41
2025-02-03 14:21:39.378277,POWERGRID,EQ,282.85,10656748,282.85,282.9,0,1528,1631
2025-02-03 14:21:45.857745,POWERGRID,EQ,282.85,10664848,282.85,282.9,0,2122,181
2025-02-03 14:21:52.196113,POWERGRID,EQ,283.05,10667015,283.0,283.05,0,1356,2298
2025-02-03 14:21:58.550929,POWERGRID,EQ,283.0,10670270,283.0,283.05,0,2107,2836
2025-02-03 14:22:05.008635,POWERGRID,EQ,283.0,10672956,283.0,283.05,0,3149,2672
2025-02-03 14:22:11.375002,POWERGRID,EQ,283.0,10675551,283.0,283.05,0,705,4612
2025-02-03 14:22:17.759895,POWERGRID,EQ,283.0,10676786,283.0,283.05,0,3031,3724
2025-02-03 14:22:24.147150,POWERGRID,EQ,283.0,10679224,283.0,283.05,0,3147,2443
2025-02-03 14:22:30.616036,POWERGRID,EQ,283.05,10679985,283.0,283.05,0,2509,2652
2025-02-03 14:22:36.947860,POWERGRID,EQ,283.1,10680433,283.0,283.05,0,2164,2593
2025-02-03 14:22:43.227248,POWERGRID,EQ,283.15,10691753,283.1,283.15,0,64,7
2025-02-03 14:22:49.805927,POWERGRID,EQ,283.05,10692338,283.05,283.1,0,97,5
2025-02-03 14:22:56.094716,POWERGRID,EQ,283.0,10692747,283.0,283.05,0,1418,6
2025-02-03 14:23:02.603249,POWERGRID,EQ,283.05,10692941,283.0,283.05,0,1709,111
2025-02-03 14:23:08.774480,POWERGRID,EQ,283.0,10693225,283.0,283.05,0,1153,54
2025-02-03 14:23:16.094885,POWERGRID,EQ,283.0,10693813,283.0,283.05,0,5732,749
2025-02-03 14:23:22.556367,POWERGRID,EQ,283.05,10693905,283.0,283.05,0,5725,928
2025-02-03 14:23:28.811035,POWERGRID,EQ,283.0,10694613,283.0,283.05,0,8768,914
2025-02-03 14:23:35.232020,POWERGRID,EQ,283.05,10698760,283.0,283.05,0,4821,793
2025-02-03 14:23:41.622494,POWERGRID,EQ,283.0,10699615,283.0,283.05,0,4164,2055
2025-02-03 14:23:48.077381,POWERGRID,EQ,283.05,10700028,283.0,283.05,0,4912,2765
2025-02-03 14:23:54.622635,POWERGRID,EQ,283.0,10700614,283.0,283.05,0,4026,3647
2025-02-03 14:24:00.974274,POWERGRID,EQ,283.05,10701200,283.0,283.05,0,10343,3790
2025-02-03 14:24:07.622365,POWERGRID,EQ,283.05,10702075,283.0,283.05,0,9741,3219
2025-02-03 14:24:13.816090,POWERGRID,EQ,283.0,10702745,283.0,283.05,0,8401,5080
2025-02-03 14:24:20.182534,POWERGRID,EQ,283.0,10702948,283.0,283.05,0,9570,5604
2025-02-03 14:24:26.450151,POWERGRID,EQ,283.05,10703225,283.0,283.05,0,7720,5592
2025-02-03 14:24:32.828461,POWERGRID,EQ,283.05,10706640,283.0,283.05,0,8710,6283
2025-02-03 14:24:39.417156,POWERGRID,EQ,283.0,10706815,283.0,283.05,0,9068,7157
2025-02-03 14:24:45.929552,POWERGRID,EQ,283.05,10707126,283.0,283.05,0,8646,6139
2025-02-03 14:24:52.386829,POWERGRID,EQ,283.05,10722005,283.05,283.1,0,1041,49
2025-02-03 14:24:58.940481,POWERGRID,EQ,283.05,10724634,283.05,283.1,0,86,635
2025-02-03 14:25:05.504098,POWERGRID,EQ,283.1,10725565,283.05,283.1,0,2370,13
2025-02-03 14:25:11.916349,POWERGRID,EQ,283.05,10726699,283.05,283.1,0,1629,646
2025-02-03 14:25:18.345099,POWERGRID,EQ,283.05,10727039,283.05,283.1,0,1248,510
2025-02-03 14:25:24.951414,POWERGRID,EQ,283.05,10728047,283.05,283.1,0,1340,164
2025-02-03 14:25:31.313438,POWERGRID,EQ,283.1,10729808,283.05,283.15,0,3106,1363
2025-02-03 14:25:37.786398,POWERGRID,EQ,283.15,10733304,283.1,283.15,0,22,31
2025-02-03 14:25:44.199325,POWERGRID,EQ,283.1,10734142,283.05,283.1,0,2906,1
2025-02-03 14:25:50.602499,POWERGRID,EQ,283.05,10734594,283.05,283.1,0,1680,2
2025-02-03 14:25:57.141453,POWERGRID,EQ,283.1,10735713,283.05,283.1,0,737,517
2025-02-03 14:26:03.584667,POWERGRID,EQ,283.1,10736283,283.05,283.1,0,276,321
2025-02-03 14:26:10.062924,POWERGRID,EQ,283.05,10736431,283.05,283.1,0,2046,1639
2025-02-03 14:26:16.906081,POWERGRID,EQ,283.1,10737096,283.05,283.1,0,1555,2360
2025-02-03 14:26:23.433560,POWERGRID,EQ,283.1,10737284,283.05,283.1,0,1904,2211
2025-02-03 14:26:29.827862,POWERGRID,EQ,283.05,10738314,283.05,283.1,0,1209,2840
2025-02-03 14:26:36.256269,POWERGRID,EQ,283.1,10744973,283.1,283.15,0,153,38
2025-02-03 14:26:42.600440,POWERGRID,EQ,283.05,10747275,283.0,283.05,0,10622,3
2025-02-03 14:26:49.095965,POWERGRID,EQ,283.0,10747779,283.0,283.05,0,10248,84
2025-02-03 14:26:55.484364,POWERGRID,EQ,283.1,10748593,283.0,283.05,0,9901,1
2025-02-03 14:27:02.018597,POWERGRID,EQ,283.0,10748716,283.0,283.05,0,12099,1844
2025-02-03 14:27:08.348090,POWERGRID,EQ,283.0,10751546,283.0,283.05,0,12694,109
2025-02-03 14:27:14.496367,POWERGRID,EQ,283.0,10752356,283.0,283.05,0,12032,21
2025-02-03 14:27:20.878685,POWERGRID,EQ,283.0,10753280,283.0,283.05,0,7988,329
2025-02-03 14:27:27.355096,POWERGRID,EQ,283.0,10753820,283.0,283.05,0,7111,1225
2025-02-03 14:27:33.744027,POWERGRID,EQ,283.05,10753991,283.0,283.05,0,7786,1721
2025-02-03 14:27:40.052049,POWERGRID,EQ,283.0,10754310,283.0,283.05,0,7900,1578
2025-02-03 14:27:46.586521,POWERGRID,EQ,283.05,10759466,283.0,283.05,0,10706,1304
2025-02-03 14:27:52.826674,POWERGRID,EQ,283.05,10773108,283.05,283.1,0,644,111
2025-02-03 14:27:59.385108,POWERGRID,EQ,283.05,10775043,283.05,283.1,0,597,27
2025-02-03 14:28:05.768410,POWERGRID,EQ,283.05,10775184,283.05,283.1,0,11,9
2025-02-03 14:28:12.081580,POWERGRID,EQ,283.05,10777913,283.0,283.05,0,7072,1589
2025-02-03 14:28:18.557691,POWERGRID,EQ,283.0,10780100,283.0,283.05,0,7741,1
2025-02-03 14:28:24.881432,POWERGRID,EQ,283.1,10781066,283.05,283.1,0,2214,1
2025-02-03 14:28:31.138095,POWERGRID,EQ,283.1,10781476,283.1,283.15,0,10,1807
2025-02-03 14:28:37.500301,POWERGRID,EQ,283.15,10782587,283.1,283.15,0,12,2219
2025-02-03 14:28:44.043855,POWERGRID,EQ,283.05,10784210,283.05,283.1,0,513,998
2025-02-03 14:28:50.675123,POWERGRID,EQ,283.05,10784382,283.0,283.05,0,9283,1
2025-02-03 14:28:57.089634,POWERGRID,EQ,283.05,10787676,283.0,283.05,0,8664,60
2025-02-03 14:29:03.503793,POWERGRID,EQ,283.0,10789930,283.0,283.05,0,8416,271
2025-02-03 14:29:10.020105,POWERGRID,EQ,283.0,10790780,283.0,283.05,0,8569,2670
2025-02-03 14:29:17.315774,POWERGRID,EQ,283.05,10791225,283.0,283.05,0,8217,3151
2025-02-03 14:29:23.654459,POWERGRID,EQ,283.0,10791310,283.0,283.05,0,7080,3171
2025-02-03 14:29:30.029858,POWERGRID,EQ,283.0,10791882,283.0,283.05,0,6581,3349
2025-02-03 14:29:36.349883,POWERGRID,EQ,283.05,10820710,283.0,283.05,0,8371,3424
2025-02-03 14:29:42.849842,POWERGRID,EQ,283.0,10823974,283.0,283.05,0,5756,3663
2025-02-03 14:29:49.296531,POWERGRID,EQ,283.0,10824436,283.0,283.05,0,5443,4203
2025-02-03 14:29:55.825036,POWERGRID,EQ,283.0,10825123,283.0,283.05,0,4874,5002
2025-02-03 14:30:02.294428,POWERGRID,EQ,283.0,10826245,283.0,283.05,0,4350,4789
2025-02-03 14:30:43.356458,POWERGRID,EQ,282.8,10917510,282.75,282.8,0,2071,93
2025-02-03 14:30:51.472723,POWERGRID,EQ,282.8,10929591,282.75,282.8,0,1595,407
2025-02-03 14:30:57.680651,POWERGRID,EQ,282.7,10955949,282.7,282.75,0,891,19
2025-02-03 14:31:04.042521,POWERGRID,EQ,283.05,11025736,283.0,283.05,0,5235,557
2025-02-03 14:31:10.729649,POWERGRID,EQ,283.0,11029564,283.0,283.05,0,2237,2191
2025-02-03 14:31:17.062359,POWERGRID,EQ,283.0,11030287,283.0,283.05,0,1834,1885
2025-02-03 14:31:24.194290,POWERGRID,EQ,283.0,11030763,283.0,283.05,0,1510,2088
2025-02-03 14:31:32.517022,POWERGRID,EQ,283.0,11031411,283.0,283.05,0,1146,2163
2025-02-03 14:31:39.856788,POWERGRID,EQ,283.0,11031750,283.0,283.05,0,909,2418
2025-02-03 14:31:46.142360,POWERGRID,EQ,283.0,11032697,283.0,283.05,0,5732,2252
2025-02-03 14:31:52.500672,POWERGRID,EQ,282.95,11032948,283.0,283.05,0,6413,2095
2025-02-03 14:31:58.981509,POWERGRID,EQ,282.9,11047169,282.85,282.9,0,3848,120
2025-02-03 14:32:05.496655,POWERGRID,EQ,282.85,11051764,282.85,282.9,0,4904,117
2025-02-03 14:32:12.111592,POWERGRID,EQ,282.85,11065878,282.85,282.9,0,1815,53
2025-02-03 14:32:18.524116,POWERGRID,EQ,282.85,11071209,282.85,282.9,0,2773,2777
2025-02-03 14:32:24.670198,POWERGRID,EQ,282.75,11079441,282.6,282.65,0,1,82
2025-02-03 14:32:30.936089,POWERGRID,EQ,282.6,11091535,282.6,282.65,0,5,85
2025-02-03 14:32:37.285313,POWERGRID,EQ,282.65,11092309,282.6,282.7,0,1865,2188
2025-02-03 14:32:45.733894,POWERGRID,EQ,282.65,11094455,282.6,282.65,0,2005,666
2025-02-03 14:32:53.251613,POWERGRID,EQ,282.8,11100787,282.75,282.8,0,1224,14
2025-02-03 14:33:00.105556,POWERGRID,EQ,282.75,11103694,282.7,282.75,0,1335,9
2025-02-03 14:33:06.589139,POWERGRID,EQ,282.65,11106372,282.7,282.75,0,38,1083
2025-02-03 14:33:12.868657,POWERGRID,EQ,282.6,11107781,282.6,282.65,0,16,2
2025-02-03 14:33:19.183295,POWERGRID,EQ,282.7,11111852,282.7,282.75,0,1855,872
2025-02-03 14:33:25.400251,POWERGRID,EQ,282.7,11113732,282.7,282.75,0,1246,1
2025-02-03 14:33:31.572594,POWERGRID,EQ,282.75,11116003,282.8,282.85,0,5,1504
2025-02-03 14:33:37.858926,POWERGRID,EQ,282.8,11117137,282.75,282.8,0,1443,2
2025-02-03 14:33:44.355900,POWERGRID,EQ,282.8,11118111,282.75,282.8,0,1193,3
2025-02-03 14:33:50.615599,POWERGRID,EQ,282.85,11120972,282.75,282.8,0,167,1
2025-02-03 14:35:44.950271,POWERGRID,EQ,282.85,11150469,282.9,283.0,0,1,3374
2025-02-03 14:35:51.344482,POWERGRID,EQ,282.95,11150889,282.85,282.9,0,153,10
2025-02-03 14:35:57.486583,POWERGRID,EQ,282.9,11151551,282.9,282.95,0,2,216
2025-02-03 14:36:03.689463,POWERGRID,EQ,282.85,11151947,282.8,282.85,0,1217,3
2025-02-03 14:36:09.913375,POWERGRID,EQ,282.85,11154822,282.75,282.85,0,1816,77
2025-02-03 14:36:16.317857,POWERGRID,EQ,282.8,11155951,282.8,282.85,0,13,694
2025-02-03 14:36:22.586297,POWERGRID,EQ,282.8,11156608,282.8,282.85,0,2,224
2025-02-03 14:36:30.031925,POWERGRID,EQ,282.8,11159442,282.75,282.8,0,11,11
2025-02-03 14:36:38.344827,POWERGRID,EQ,282.75,11160115,282.7,282.75,0,1325,575
2025-02-03 14:36:45.591613,POWERGRID,EQ,282.7,11160669,282.7,282.75,0,938,366
2025-02-03 14:36:51.956318,POWERGRID,EQ,282.8,11162895,282.75,282.8,0,1999,36
2025-02-03 14:36:58.458265,POWERGRID,EQ,282.9,11164539,282.8,282.85,0,1166,15
2025-02-03 14:37:04.728030,POWERGRID,EQ,282.85,11165277,282.85,282.9,0,1292,1523
2025-02-03 14:37:11.300510,POWERGRID,EQ,282.85,11169518,282.85,282.9,0,1020,2045
2025-02-03 14:37:17.809266,POWERGRID,EQ,282.9,11170665,282.85,282.9,0,246,1598
2025-02-03 14:37:24.099264,POWERGRID,EQ,283.0,11174257,282.9,283.0,0,2591,3886
2025-02-03 14:37:30.659246,POWERGRID,EQ,282.9,11179521,282.9,282.95,0,53,23
2025-02-03 14:37:36.914695,POWERGRID,EQ,283.0,11182043,282.9,282.95,0,57,42
2025-02-03 14:37:42.999197,POWERGRID,EQ,282.9,11185358,282.9,282.95,0,221,410
2025-02-03 14:37:52.064526,POWERGRID,EQ,282.9,11188705,282.85,282.9,0,1373,27
2025-02-03 14:37:59.585656,POWERGRID,EQ,282.85,11189653,282.85,282.9,0,2593,846
2025-02-03 14:38:06.071169,POWERGRID,EQ,282.85,11198062,282.85,282.9,0,2252,147
2025-02-03 14:38:12.576216,POWERGRID,EQ,282.9,11199278,282.85,282.9,0,1797,238
2025-02-03 14:38:18.960566,POWERGRID,EQ,282.85,11199836,282.85,282.9,0,3079,608
2025-02-03 14:38:25.683895,POWERGRID,EQ,282.85,11199995,282.85,282.9,0,3026,1972
2025-02-03 14:38:32.013801,POWERGRID,EQ,282.85,11205173,282.85,282.9,0,2892,1494
2025-02-03 14:38:38.344636,POWERGRID,EQ,282.9,11206302,282.85,282.9,0,2259,2166
2025-02-03 14:38:44.564038,POWERGRID,EQ,282.9,11211632,282.85,282.9,0,1862,25
2025-02-03 14:38:51.358824,POWERGRID,EQ,282.9,11214336,282.85,282.9,0,1623,548
2025-02-03 14:38:57.774138,POWERGRID,EQ,282.85,11214863,282.85,282.9,0,2813,1520
2025-02-03 14:39:06.403608,POWERGRID,EQ,282.85,11215908,282.85,282.9,0,2611,2593
2025-02-03 14:39:14.195858,POWERGRID,EQ,282.9,11216689,282.85,282.9,0,2915,2831
2025-02-03 14:39:20.934328,POWERGRID,EQ,282.85,11227488,282.9,282.95,0,620,1392
2025-02-03 14:39:27.762571,POWERGRID,EQ,282.9,11228774,282.85,282.9,0,1798,4
2025-02-03 14:39:33.992854,POWERGRID,EQ,282.9,11230593,282.9,282.95,0,57,1402
2025-02-03 14:39:40.309778,POWERGRID,EQ,282.9,11231289,282.85,282.9,0,2564,7
2025-02-03 14:39:46.918502,POWERGRID,EQ,282.9,11231531,282.85,282.9,0,2437,242
2025-02-03 14:39:53.503095,POWERGRID,EQ,282.85,11232333,282.85,282.9,0,2365,954
2025-02-03 14:40:00.088547,POWERGRID,EQ,282.85,11235607,282.9,282.95,0,213,140
2025-02-03 14:40:06.603530,POWERGRID,EQ,282.95,11239127,282.9,282.95,0,31,970
2025-02-03 14:40:13.048124,POWERGRID,EQ,282.95,11240285,282.9,282.95,0,671,404
2025-02-03 14:40:21.578147,POWERGRID,EQ,282.85,11242805,282.85,282.9,0,1539,32
2025-02-03 14:40:29.990044,POWERGRID,EQ,282.85,11247367,282.85,282.9,0,1537,274
2025-02-03 14:40:37.349855,POWERGRID,EQ,282.95,11249124,282.9,282.95,0,594,2270
2025-02-03 14:40:43.528012,POWERGRID,EQ,282.95,11253526,282.95,283.0,0,24,6762
2025-02-03 14:40:50.011492,POWERGRID,EQ,283.0,11266062,283.0,283.05,0,317,4330
2025-02-03 14:40:56.240907,POWERGRID,EQ,283.0,11269490,283.0,283.05,0,2614,2304
2025-02-03 14:41:02.633069,POWERGRID,EQ,283.05,11279499,283.0,283.05,0,2489,3909
2025-02-03 14:41:09.064053,POWERGRID,EQ,283.0,11282173,283.0,283.05,0,487,3243
2025-02-03 14:41:15.261637,POWERGRID,EQ,282.9,11290875,282.9,282.95,0,39,611
2025-02-03 14:41:21.599837,POWERGRID,EQ,282.95,11291653,282.9,282.95,0,239,2382
2025-02-03 14:41:27.926808,POWERGRID,EQ,282.85,11292819,282.85,282.9,0,2473,150
2025-02-03 14:41:34.943655,POWERGRID,EQ,282.95,11298200,282.95,283.0,0,803,550
2025-02-03 14:41:43.426665,POWERGRID,EQ,283.0,11299124,282.9,283.0,0,1755,456
2025-02-03 14:41:51.194085,POWERGRID,EQ,283.0,11299509,282.95,283.0,0,3,861
2025-02-03 14:41:57.474344,POWERGRID,EQ,283.05,11300396,282.9,282.95,0,1404,14
2025-02-03 14:42:03.826622,POWERGRID,EQ,283.0,11302098,283.0,283.05,0,878,410
2025-02-03 14:42:10.270653,POWERGRID,EQ,283.0,11302459,283.0,283.05,0,1406,187
2025-02-03 14:42:16.495354,POWERGRID,EQ,283.05,11303867,283.0,283.05,0,211,2528
2025-02-03 14:42:22.931241,POWERGRID,EQ,283.05,11303958,283.0,283.05,0,166,2588
2025-02-03 14:42:29.554002,POWERGRID,EQ,283.05,11309136,283.0,283.05,0,545,3204
2025-02-03 14:42:35.710849,POWERGRID,EQ,283.05,11309850,283.0,283.05,0,316,2994
2025-02-03 14:42:41.915742,POWERGRID,EQ,283.0,11310454,283.0,283.05,0,262,3223
2025-02-03 14:42:48.294588,POWERGRID,EQ,283.05,11311513,283.0,283.05,0,2203,4040
2025-02-03 14:42:57.035959,POWERGRID,EQ,283.0,11313072,283.0,283.05,0,3920,6614
2025-02-03 14:43:05.608867,POWERGRID,EQ,283.0,11316895,283.0,283.05,0,3337,7746
2025-02-03 14:43:12.647252,POWERGRID,EQ,283.05,11319776,283.0,283.05,0,1175,7456
2025-02-03 14:43:18.940664,POWERGRID,EQ,283.05,11321067,283.0,283.05,0,3432,6572
2025-02-03 14:43:25.311483,POWERGRID,EQ,283.05,11321239,283.0,283.05,0,2666,6557
2025-02-03 14:43:31.585523,POWERGRID,EQ,283.05,11322327,283.0,283.05,0,4792,6404
2025-02-03 14:43:37.977546,POWERGRID,EQ,283.05,11340900,283.0,283.1,0,6739,168
2025-02-03 14:43:44.222541,POWERGRID,EQ,283.0,11343263,283.0,283.05,0,2505,437
2025-02-03 14:43:50.470534,POWERGRID,EQ,283.0,11346433,283.0,283.05,0,2537,76
2025-02-03 14:43:57.053217,POWERGRID,EQ,283.0,11347417,283.05,283.1,0,17,10339
2025-02-03 14:44:03.393319,POWERGRID,EQ,283.05,11347887,283.0,283.05,0,3333,1
2025-02-03 14:44:11.365658,POWERGRID,EQ,283.0,11349241,283.0,283.05,0,2777,21
2025-02-03 14:44:19.394425,POWERGRID,EQ,283.05,11350185,283.05,283.1,0,24,11771
2025-02-03 14:44:26.397670,POWERGRID,EQ,283.0,11352498,283.0,283.05,0,6973,10
2025-02-03 14:44:33.010164,POWERGRID,EQ,283.05,11354300,283.0,283.1,0,7443,11782
2025-02-03 14:44:39.260957,POWERGRID,EQ,283.05,11354748,283.0,283.05,0,8234,635
2025-02-03 14:44:45.818625,POWERGRID,EQ,283.0,11355726,283.0,283.05,0,7526,2308
2025-02-03 14:44:52.617484,POWERGRID,EQ,283.05,11356205,283.0,283.05,0,7434,2628
2025-02-03 14:44:58.864660,POWERGRID,EQ,283.0,11365293,283.0,283.05,0,6092,72
2025-02-03 14:45:05.214754,POWERGRID,EQ,283.05,11365619,283.0,283.05,0,5896,1691
2025-02-03 14:45:11.626391,POWERGRID,EQ,283.05,11367026,283.0,283.05,0,9364,1829
2025-02-03 14:45:17.818790,POWERGRID,EQ,283.05,11367780,283.0,283.05,0,13802,2489
2025-02-03 14:45:24.537700,POWERGRID,EQ,283.0,11367985,283.0,283.05,0,13262,3059
2025-02-03 14:45:33.037186,POWERGRID,EQ,283.0,11369337,283.0,283.05,0,12863,4120
2025-02-03 14:45:40.546649,POWERGRID,EQ,283.0,11369909,283.0,283.05,0,15298,4274
2025-02-03 14:45:48.523788,POWERGRID,EQ,283.0,11371422,283.0,283.05,0,13968,3294
2025-02-03 14:45:57.292330,POWERGRID,EQ,283.05,11372386,283.0,283.05,0,13612,3985
2025-02-03 14:46:04.862977,POWERGRID,EQ,283.05,11375613,283.0,283.05,0,14081,3860
2025-02-03 14:46:11.119662,POWERGRID,EQ,283.05,11377039,283.0,283.05,0,13719,3610
2025-02-03 14:46:17.262589,POWERGRID,EQ,283.0,11379532,283.0,283.05,0,12810,5116
2025-02-03 14:46:23.451248,POWERGRID,EQ,283.05,11379878,283.0,283.05,0,13074,5074
2025-02-03 14:46:29.846875,POWERGRID,EQ,283.0,11380658,283.0,283.05,0,14056,5214
2025-02-03 14:46:36.520288,POWERGRID,EQ,283.2,11414853,283.1,283.15,0,918,8
2025-02-03 14:46:44.337293,POWERGRID,EQ,283.3,11422009,283.25,283.3,0,1,5
2025-02-03 14:46:52.496312,POWERGRID,EQ,283.3,11423298,283.25,283.3,0,26,911
2025-02-03 14:46:59.551367,POWERGRID,EQ,283.2,11424171,283.25,283.3,0,18,1074
2025-02-03 14:47:06.046836,POWERGRID,EQ,283.25,11425840,283.2,283.25,0,5,1116
2025-02-03 14:47:13.146971,POWERGRID,EQ,283.15,11427001,283.15,283.25,0,459,941
2025-02-03 14:47:19.663022,POWERGRID,EQ,283.2,11427687,283.2,283.25,0,5,1633
2025-02-03 14:47:25.964992,POWERGRID,EQ,283.15,11428542,283.1,283.15,0,1,6
2025-02-03 14:47:32.436638,POWERGRID,EQ,283.15,11429451,283.15,283.2,0,1,442
2025-02-03 14:47:38.735917,POWERGRID,EQ,283.15,11430769,283.15,283.2,0,301,118
2025-02-03 14:47:45.269326,POWERGRID,EQ,283.1,11431775,283.1,283.15,0,51,17
2025-02-03 14:47:51.976828,POWERGRID,EQ,283.1,11431860,283.1,283.15,0,404,130
2025-02-03 14:47:59.651841,POWERGRID,EQ,283.1,11448476,283.15,283.2,0,2,101
2025-02-03 14:48:08.050000,POWERGRID,EQ,283.05,11450853,283.05,283.1,0,378,1269
2025-02-03 14:48:15.676863,POWERGRID,EQ,283.1,11451938,283.05,283.1,0,36,1215
2025-02-03 14:48:22.069486,POWERGRID,EQ,283.1,11452123,283.0,283.1,0,20460,1153
2025-02-03 14:48:28.571181,POWERGRID,EQ,283.0,11454978,283.0,283.05,0,23354,7
2025-02-03 14:48:34.912440,POWERGRID,EQ,283.1,11456410,283.05,283.1,0,4,1272
2025-02-03 14:48:41.407054,POWERGRID,EQ,282.9,11528080,282.9,282.95,0,900,3382
2025-02-03 14:48:48.035570,POWERGRID,EQ,282.85,11553470,282.85,282.9,0,576,640
2025-02-03 14:48:54.584398,POWERGRID,EQ,282.85,11554464,282.85,282.9,0,473,966
2025-02-03 14:49:00.976977,POWERGRID,EQ,282.95,11558738,282.9,282.95,0,920,2126
2025-02-03 14:49:07.603887,POWERGRID,EQ,283.0,11563918,283.0,283.05,0,5,1990
2025-02-03 14:49:14.718555,POWERGRID,EQ,283.05,11565389,282.95,283.0,0,462,1
2025-02-03 14:49:23.395901,POWERGRID,EQ,283.0,11567541,283.0,283.05,0,1296,833
2025-02-03 14:49:30.910560,POWERGRID,EQ,283.0,11571371,283.0,283.05,0,1638,1588
2025-02-03 14:49:37.990478,POWERGRID,EQ,283.0,11572305,283.0,283.05,0,1869,1627
2025-02-03 14:49:44.471469,POWERGRID,EQ,283.0,11574670,283.0,283.05,0,1638,1929
2025-02-03 14:49:50.915892,POWERGRID,EQ,283.0,11575824,283.0,283.05,0,923,2783
2025-02-03 14:49:57.360180,POWERGRID,EQ,283.0,11587833,283.0,283.05,0,10079,3849
2025-02-03 14:50:04.819787,POWERGRID,EQ,283.0,11603265,283.0,283.05,0,12,5368
2025-02-03 14:50:11.707648,POWERGRID,EQ,282.9,11607481,282.9,282.95,0,96,96
2025-02-03 14:50:18.440010,POWERGRID,EQ,283.0,11612633,282.9,282.95,0,359,2459
2025-02-03 14:50:25.548329,POWERGRID,EQ,282.9,11622980,282.9,282.95,0,3863,3
2025-02-03 14:50:33.180960,POWERGRID,EQ,282.95,11629162,282.95,283.0,0,1094,2266
2025-02-03 14:50:41.625599,POWERGRID,EQ,283.0,11629414,282.95,283.0,0,363,2070
2025-02-03 14:50:48.688659,POWERGRID,EQ,283.0,11634914,283.0,283.05,0,2529,1002
2025-02-03 14:50:55.820206,POWERGRID,EQ,283.0,11635880,283.0,283.05,0,2087,603
2025-02-03 14:51:03.200568,POWERGRID,EQ,283.05,11636846,283.0,283.05,0,1630,256
2025-02-03 14:51:09.585461,POWERGRID,EQ,283.0,11641935,283.0,283.05,0,375,446
2025-02-03 14:51:16.073234,POWERGRID,EQ,282.9,11654314,282.85,282.9,0,4813,5
2025-02-03 14:51:22.421045,POWERGRID,EQ,283.0,11660897,282.95,283.0,0,3482,64
2025-02-03 14:51:28.868115,POWERGRID,EQ,283.0,11663430,283.0,283.1,0,3243,119
2025-02-03 14:51:35.529246,POWERGRID,EQ,283.1,11664201,283.05,283.1,0,17,2096
2025-02-03 14:51:41.983002,POWERGRID,EQ,283.05,11664964,283.05,283.1,0,1,2558
2025-02-03 14:51:49.968915,POWERGRID,EQ,283.0,11669213,283.0,283.05,0,220,2464
2025-02-03 14:51:58.585139,POWERGRID,EQ,283.0,11672797,283.0,283.05,0,3,1963
2025-02-03 14:52:05.806420,POWERGRID,EQ,282.95,11674008,282.95,283.0,0,2202,10
2025-02-03 14:52:12.216894,POWERGRID,EQ,283.0,11675239,282.95,283.0,0,1664,1122
2025-02-03 14:52:18.676443,POWERGRID,EQ,282.95,11679868,282.95,283.0,0,409,1227
2025-02-03 14:52:25.278041,POWERGRID,EQ,283.05,11683394,282.95,283.0,0,3065,177
2025-02-03 14:52:31.669170,POWERGRID,EQ,283.0,11688320,282.95,283.0,0,29,888
2025-02-03 14:52:38.262941,POWERGRID,EQ,282.95,11690090,282.95,283.0,0,840,1455
2025-02-03 14:52:44.613069,POWERGRID,EQ,283.0,11690516,282.95,283.0,0,554,1429
2025-02-03 14:52:51.357191,POWERGRID,EQ,282.95,11692743,282.95,283.0,0,303,843
2025-02-03 14:52:57.696601,POWERGRID,EQ,283.0,11693427,282.95,283.0,0,126,1009
2025-02-03 14:53:04.807335,POWERGRID,EQ,283.0,11695365,282.95,283.0,0,62,1098
2025-02-03 14:53:13.136201,POWERGRID,EQ,283.0,11696123,282.95,283.0,0,366,4324
2025-02-03 14:53:20.490542,POWERGRID,EQ,282.9,11699052,282.9,282.95,0,1466,22
2025-02-03 14:53:26.748445,POWERGRID,EQ,282.9,11699641,282.9,282.95,0,927,3033
2025-02-03 14:53:33.175633,POWERGRID,EQ,282.9,11701654,282.9,282.95,0,515,3435
2025-02-03 14:53:39.360189,POWERGRID,EQ,282.9,11715727,282.9,282.95,0,300,102
2025-02-03 14:53:45.624156,POWERGRID,EQ,282.9,11717414,282.9,282.95,0,251,396
2025-02-03 14:53:51.901259,POWERGRID,EQ,282.9,11718720,282.9,282.95,0,407,1755
2025-02-03 14:53:58.349190,POWERGRID,EQ,282.9,11721439,282.9,282.95,0,604,42
2025-02-03 14:54:04.560218,POWERGRID,EQ,282.9,11721990,282.9,282.95,0,436,2610
2025-02-03 14:54:10.769230,POWERGRID,EQ,282.95,11722607,282.9,282.95,0,319,2638
2025-02-03 14:54:17.128904,POWERGRID,EQ,282.9,11726836,282.85,282.9,0,3221,8
2025-02-03 14:54:25.605203,POWERGRID,EQ,282.85,11728465,282.85,282.9,0,1401,1389
2025-02-03 14:54:33.163309,POWERGRID,EQ,282.85,11730834,282.85,282.9,0,1039,1501
2025-02-03 14:54:40.060149,POWERGRID,EQ,282.85,11734170,282.85,282.9,0,1263,3669
2025-02-03 14:54:46.332435,POWERGRID,EQ,282.9,11740942,282.85,282.9,0,1350,1547
2025-02-03 14:54:53.165793,POWERGRID,EQ,282.9,11743705,282.85,282.95,0,1723,6053
2025-02-03 14:54:59.377353,POWERGRID,EQ,282.85,11744806,282.85,282.9,0,1564,12
2025-02-03 14:55:05.731568,POWERGRID,EQ,283.0,11751505,282.9,282.95,0,1860,6460
2025-02-03 14:55:12.063188,POWERGRID,EQ,282.95,11761942,282.95,283.0,0,3441,3000
2025-02-03 14:55:18.588751,POWERGRID,EQ,282.95,11764578,282.95,283.0,0,2784,1395
2025-02-03 14:55:25.242094,POWERGRID,EQ,282.95,11765467,282.95,283.0,0,2377,1362
2025-02-03 14:55:31.678907,POWERGRID,EQ,282.95,11767353,282.95,283.0,0,1950,2166
2025-02-03 14:55:39.479981,POWERGRID,EQ,282.95,11768920,282.95,283.0,0,1124,2177
2025-02-03 14:55:47.536032,POWERGRID,EQ,282.9,11770279,282.9,282.95,0,609,1502
2025-02-03 14:55:54.613066,POWERGRID,EQ,282.95,11776322,282.9,283.0,0,569,2678
2025-02-03 14:56:01.155876,POWERGRID,EQ,282.9,11778113,282.9,282.95,0,160,2387
2025-02-03 14:56:07.462691,POWERGRID,EQ,282.9,11783769,282.9,282.95,0,381,1603
2025-02-03 14:56:14.349718,POWERGRID,EQ,282.85,11789694,282.85,282.9,0,1021,2540
2025-02-03 14:56:20.860272,POWERGRID,EQ,282.9,11791906,282.85,282.9,0,1442,1002
2025-02-03 14:56:27.559436,POWERGRID,EQ,282.85,11792794,282.85,282.9,0,1207,2654
2025-02-03 14:56:37.337308,POWERGRID,EQ,282.8,11798966,282.8,282.85,0,2250,7
2025-02-03 14:56:43.726973,POWERGRID,EQ,282.95,11804201,282.8,282.9,0,2387,105
2025-02-03 14:56:50.403970,POWERGRID,EQ,282.9,11804633,282.85,282.9,0,17,1442
2025-02-03 14:57:00.141865,POWERGRID,EQ,282.85,11808798,282.85,282.9,0,51,1814
2025-02-03 14:57:07.528854,POWERGRID,EQ,282.85,11810051,282.85,282.9,0,345,1069
2025-02-03 14:57:14.264664,POWERGRID,EQ,282.85,11817575,282.8,282.85,0,1998,5
2025-02-03 14:57:20.780947,POWERGRID,EQ,282.8,11820090,282.8,282.95,0,3580,2052
2025-02-03 14:57:27.644034,POWERGRID,EQ,282.9,11820997,282.85,282.95,0,5,3697
2025-02-03 14:57:34.098487,POWERGRID,EQ,282.9,11823951,282.9,282.95,0,37,1174
2025-02-03 14:57:40.427291,POWERGRID,EQ,282.85,11824667,282.85,282.9,0,349,12
2025-02-03 14:57:46.789593,POWERGRID,EQ,282.85,11830280,282.85,282.9,0,473,18
2025-02-03 14:57:53.221135,POWERGRID,EQ,282.9,11832858,282.85,282.9,0,1911,6
2025-02-03 14:57:59.583424,POWERGRID,EQ,282.9,11834951,282.9,282.95,0,11,1767
2025-02-03 14:58:05.972816,POWERGRID,EQ,282.9,11836334,282.85,282.9,0,1745,5
2025-02-03 14:58:14.397065,POWERGRID,EQ,282.95,11846596,282.95,283.0,0,1805,5813
2025-02-03 14:58:23.125954,POWERGRID,EQ,283.0,11848280,282.95,283.0,0,234,6896
2025-02-03 14:58:29.663159,POWERGRID,EQ,283.0,11853839,282.95,283.0,0,670,6594
2025-02-03 14:58:38.047412,POWERGRID,EQ,282.75,11857635,282.95,283.0,0,1,6730
2025-02-03 14:58:44.481493,POWERGRID,EQ,282.75,11862303,282.75,282.8,0,2786,5
2025-02-03 14:58:51.335135,POWERGRID,EQ,282.85,11877571,282.85,282.95,0,1446,1583
2025-02-03 14:58:58.198997,POWERGRID,EQ,282.85,11880020,282.85,282.9,0,5,8
2025-02-03 14:59:04.685011,POWERGRID,EQ,282.9,11881277,282.85,282.9,0,1719,15
2025-02-03 14:59:12.520985,POWERGRID,EQ,282.95,11884018,282.85,282.9,0,1293,28
2025-02-03 14:59:18.999171,POWERGRID,EQ,282.85,11886238,282.85,282.9,0,495,745
2025-02-03 14:59:26.020911,POWERGRID,EQ,282.9,11888364,282.85,282.95,0,141,1546
2025-02-03 14:59:34.700460,POWERGRID,EQ,282.8,11897304,282.8,282.85,0,1111,20
2025-02-03 14:59:42.190858,POWERGRID,EQ,282.8,11899884,282.8,282.85,0,1038,25
2025-02-03 14:59:48.916543,POWERGRID,EQ,282.9,11900646,282.8,282.85,0,2519,546
2025-02-03 14:59:55.387412,POWERGRID,EQ,282.75,11909377,282.7,282.85,0,1464,770
2025-02-03 15:00:02.172116,POWERGRID,EQ,282.8,11921197,282.75,282.8,0,83,53
2025-02-03 15:00:08.594835,POWERGRID,EQ,282.7,11941909,282.7,282.75,0,378,8
2025-02-03 15:00:15.120372,POWERGRID,EQ,282.75,11941909,282.7,282.75,0,378,8
2025-02-03 15:00:21.670988,POWERGRID,EQ,282.7,11959443,282.7,282.75,0,2178,32
2025-02-03 15:00:28.086384,POWERGRID,EQ,282.75,11960755,282.75,282.8,0,3,1249
2025-02-03 15:00:34.640090,POWERGRID,EQ,282.75,11962488,282.75,282.8,0,135,3837
2025-02-03 15:00:41.191936,POWERGRID,EQ,282.75,11966184,282.75,282.8,0,59,3105
2025-02-03 15:00:50.374771,POWERGRID,EQ,282.7,11969711,282.7,282.75,0,69,25
2025-02-03 15:00:57.796674,POWERGRID,EQ,282.6,11973220,282.7,282.75,0,14,1253
2025-02-03 15:01:05.615518,POWERGRID,EQ,282.7,11985797,282.65,282.7,0,172,1553
2025-02-03 15:01:14.004851,POWERGRID,EQ,282.7,11990652,282.65,282.75,0,1333,6157
2025-02-03 15:01:21.202127,POWERGRID,EQ,282.75,11994292,282.65,282.7,0,2160,2
2025-02-03 15:01:27.785728,POWERGRID,EQ,282.65,11999638,282.65,282.7,0,178,3716
2025-02-03 15:01:34.222647,POWERGRID,EQ,282.65,12009045,282.65,282.7,0,5,786
2025-02-03 15:01:40.801480,POWERGRID,EQ,282.65,12012495,282.65,282.7,0,123,1863
2025-02-03 15:01:47.241826,POWERGRID,EQ,282.65,12015059,282.65,282.7,0,111,4637
2025-02-03 15:01:53.868951,POWERGRID,EQ,282.65,12019398,282.6,282.7,0,326,2458
2025-02-03 15:02:01.819145,POWERGRID,EQ,282.55,12025086,282.6,282.65,0,282,11
2025-02-03 15:02:10.023178,POWERGRID,EQ,282.6,12030853,282.6,282.65,0,157,718
2025-02-03 15:02:17.390278,POWERGRID,EQ,282.6,12033370,282.6,282.65,0,123,3069
2025-02-03 15:02:24.130221,POWERGRID,EQ,282.55,12040547,282.5,282.55,0,50,35
2025-02-03 15:02:30.540004,POWERGRID,EQ,282.55,12042682,282.4,282.45,0,121,10
2025-02-03 15:02:37.163467,POWERGRID,EQ,282.4,12047426,282.45,282.5,0,83,8
2025-02-03 15:02:43.363819,POWERGRID,EQ,282.45,12049132,282.4,282.5,0,1082,147
2025-02-03 15:02:49.863182,POWERGRID,EQ,282.45,12056082,282.4,282.5,0,1841,988
2025-02-03 15:02:56.332063,POWERGRID,EQ,282.4,12057859,282.45,282.5,0,10,3890
2025-02-03 15:03:02.891980,POWERGRID,EQ,282.3,12066055,282.3,282.35,0,963,6
2025-02-03 15:03:09.508637,POWERGRID,EQ,282.4,12072276,282.25,282.4,0,990,1429
2025-02-03 15:03:17.505533,POWERGRID,EQ,282.35,12073092,282.25,282.35,0,748,2043
2025-02-03 15:03:26.466474,POWERGRID,EQ,282.25,12084961,282.25,282.35,0,2020,1354
2025-02-03 15:03:33.493878,POWERGRID,EQ,282.3,12088397,282.25,282.3,0,339,13
2025-02-03 15:03:39.828532,POWERGRID,EQ,282.15,12094437,282.15,282.2,0,2891,15
2025-02-03 15:03:46.287627,POWERGRID,EQ,282.2,12098618,282.15,282.2,0,933,1251
2025-02-03 15:03:52.936212,POWERGRID,EQ,282.25,12109218,282.2,282.25,0,256,9241
2025-02-03 15:03:59.368095,POWERGRID,EQ,282.1,12110224,282.2,282.25,0,3,16555
2025-02-03 15:04:06.027536,POWERGRID,EQ,282.2,12162059,282.2,282.25,0,539,510
2025-02-03 15:04:12.460474,POWERGRID,EQ,282.25,12169859,282.2,282.25,0,147,15
2025-02-03 15:04:18.788253,POWERGRID,EQ,282.25,12170720,282.25,282.3,0,125,3036
2025-02-03 15:04:25.362128,POWERGRID,EQ,282.2,12175499,282.1,282.15,0,4857,22
2025-02-03 15:04:32.532027,POWERGRID,EQ,282.2,12178387,282.1,282.15,0,926,1
2025-02-03 15:04:41.068059,POWERGRID,EQ,282.15,12183659,282.15,282.2,0,10,1
2025-02-03 15:04:48.446697,POWERGRID,EQ,282.25,12186513,282.2,282.25,0,31,86
2025-02-03 15:04:55.092303,POWERGRID,EQ,282.25,12187689,282.2,282.25,0,745,553
2025-02-03 15:05:01.366919,POWERGRID,EQ,282.3,12204410,282.25,282.35,0,255,6849
2025-02-03 15:05:07.833353,POWERGRID,EQ,282.25,12206237,282.3,282.35,0,3,8411
2025-02-03 15:05:14.232931,POWERGRID,EQ,282.3,12211074,282.25,282.3,0,44,11
2025-02-03 15:05:21.398298,POWERGRID,EQ,282.2,12214309,282.2,282.25,0,1635,3
2025-02-03 15:05:27.948049,POWERGRID,EQ,282.25,12217039,282.2,282.25,0,1312,544
