timestamp,symbol,instrument,ltp,volume,bid,ask,oi,bid_qty,ask_qty,stock_name,strike,option_type,expiry
2025-02-03 09:30:10.689412,HDFCLIFE27FEB25P630,OPTSTK,18.35,618200,18.15,18.4,529100,1100,1100,HDFCLIFE,630.0,PE,27-FEB-2025
2025-02-03 09:32:39.120760,HDFCLIFE27FEB25P630,OPTSTK,17.45,689700,17.3,17.55,540100,3300,1100,HDFCLIFE,630.0,PE,27-FEB-2025
2025-02-03 09:32:46.760634,HDFCLIFE27FEB25P630,OPTSTK,18.3,697400,18.05,18.3,540100,2200,5500,HDFCLIFE,630.0,PE,27-FEB-2025
2025-02-03 09:33:00.834562,HDFCLIFE27FEB25P630,OPTSTK,18.15,697400,18.05,18.3,540100,2200,5500,HDFCLIFE,630.0,PE,27-FEB-2025
2025-02-03 09:33:12.064897,HDFCLIFE27FEB25P630,OPTSTK,18.7,718300,18.35,18.5,540100,3300,1100,HDFCLIFE,630.0,PE,27-FEB-2025
2025-02-03 09:33:26.671944,HDFCLIFE27FEB25P630,OPTSTK,18.4,718300,18.35,18.5,540100,3300,1100,HDFCLIFE,630.0,PE,27-FEB-2025
2025-02-03 09:33:34.629581,HDFCLIFE27FEB25P630,OPTSTK,18.5,718300,18.35,18.5,540100,3300,1100,HDFCLIFE,630.0,PE,27-FEB-2025
2025-02-03 09:33:42.235199,HDFCLIFE27FEB25P630,OPTSTK,18.35,741400,18.35,18.55,554400,2200,2200,HDFCLIFE,630.0,PE,27-FEB-2025
2025-02-03 09:33:50.053170,HDFCLIFE27FEB25P630,OPTSTK,18.55,741400,18.35,18.55,554400,2200,2200,HDFCLIFE,630.0,PE,27-FEB-2025
2025-02-03 09:33:58.410243,HDFCLIFE27FEB25P630,OPTSTK,18.85,741400,18.35,18.55,554400,2200,2200,HDFCLIFE,630.0,PE,27-FEB-2025
2025-02-03 09:34:10.165932,HDFCLIFE27FEB25P630,OPTSTK,18.95,745800,18.9,19.15,554400,1100,3300,HDFCLIFE,630.0,PE,27-FEB-2025
2025-02-03 09:34:23.396900,HDFCLIFE27FEB25P630,OPTSTK,18.9,745800,18.9,19.15,554400,1100,3300,HDFCLIFE,630.0,PE,27-FEB-2025
2025-02-03 09:34:31.376002,HDFCLIFE27FEB25P630,OPTSTK,19.05,745800,18.9,19.15,554400,1100,3300,HDFCLIFE,630.0,PE,27-FEB-2025
2025-02-03 09:34:39.313070,HDFCLIFE27FEB25P630,OPTSTK,19.0,757900,18.85,19.1,554400,4400,2200,HDFCLIFE,630.0,PE,27-FEB-2025
2025-02-03 09:34:46.643980,HDFCLIFE27FEB25P630,OPTSTK,19.3,757900,18.85,19.1,554400,4400,2200,HDFCLIFE,630.0,PE,27-FEB-2025
2025-02-03 09:34:56.761241,HDFCLIFE27FEB25P630,OPTSTK,19.9,784300,19.75,20.0,554400,2200,7700,HDFCLIFE,630.0,PE,27-FEB-2025
2025-02-03 09:35:14.317654,HDFCLIFE27FEB25P630,OPTSTK,20.05,784300,19.75,20.0,554400,2200,7700,HDFCLIFE,630.0,PE,27-FEB-2025
2025-02-03 09:35:33.040461,HDFCLIFE27FEB25P630,OPTSTK,20.7,803000,20.35,20.5,554400,1100,1100,HDFCLIFE,630.0,PE,27-FEB-2025
2025-02-03 09:35:45.178057,HDFCLIFE27FEB25P630,OPTSTK,21.1,803000,20.35,20.5,554400,1100,1100,HDFCLIFE,630.0,PE,27-FEB-2025
2025-02-03 09:35:56.601437,HDFCLIFE27FEB25P630,OPTSTK,20.85,823900,20.65,20.95,554400,2200,2200,HDFCLIFE,630.0,PE,27-FEB-2025
2025-02-03 09:36:04.828673,HDFCLIFE27FEB25P630,OPTSTK,21.0,823900,20.65,20.95,554400,2200,2200,HDFCLIFE,630.0,PE,27-FEB-2025
2025-02-03 09:36:12.911593,HDFCLIFE27FEB25P630,OPTSTK,21.4,823900,20.65,20.95,554400,2200,2200,HDFCLIFE,630.0,PE,27-FEB-2025
2025-02-03 09:36:21.623829,HDFCLIFE27FEB25P630,OPTSTK,21.4,823900,20.65,20.95,554400,2200,2200,HDFCLIFE,630.0,PE,27-FEB-2025
2025-02-03 09:36:29.355470,HDFCLIFE27FEB25P630,OPTSTK,20.65,845900,20.85,21.05,554400,4400,1100,HDFCLIFE,630.0,PE,27-FEB-2025
2025-02-03 09:36:39.787252,HDFCLIFE27FEB25P630,OPTSTK,20.95,845900,20.85,21.05,539000,4400,1100,HDFCLIFE,630.0,PE,27-FEB-2025
2025-02-03 09:36:52.072659,HDFCLIFE27FEB25P630,OPTSTK,21.1,852500,21.05,21.3,539000,2200,1100,HDFCLIFE,630.0,PE,27-FEB-2025
2025-02-03 09:37:00.878188,HDFCLIFE27FEB25P630,OPTSTK,20.9,852500,21.05,21.3,539000,2200,1100,HDFCLIFE,630.0,PE,27-FEB-2025
2025-02-03 09:37:09.855335,HDFCLIFE27FEB25P630,OPTSTK,21.0,852500,21.05,21.3,539000,2200,1100,HDFCLIFE,630.0,PE,27-FEB-2025
2025-02-03 09:37:17.208727,HDFCLIFE27FEB25P630,OPTSTK,21.1,859100,21.0,21.2,539000,1100,1100,HDFCLIFE,630.0,PE,27-FEB-2025
2025-02-03 09:37:25.181401,HDFCLIFE27FEB25P630,OPTSTK,21.05,859100,21.0,21.2,539000,1100,1100,HDFCLIFE,630.0,PE,27-FEB-2025
2025-02-03 09:37:32.996811,HDFCLIFE27FEB25P630,OPTSTK,21.05,859100,21.0,21.2,539000,1100,1100,HDFCLIFE,630.0,PE,27-FEB-2025
2025-02-03 09:37:42.014472,HDFCLIFE27FEB25P630,OPTSTK,20.8,859100,21.0,21.2,539000,1100,1100,HDFCLIFE,630.0,PE,27-FEB-2025
2025-02-03 09:37:51.325264,HDFCLIFE27FEB25P630,OPTSTK,20.6,863500,20.55,20.85,539000,2200,2200,HDFCLIFE,630.0,PE,27-FEB-2025
2025-02-03 09:38:02.250337,HDFCLIFE27FEB25P630,OPTSTK,20.5,863500,20.55,20.85,539000,2200,2200,HDFCLIFE,630.0,PE,27-FEB-2025
2025-02-03 09:38:12.645619,HDFCLIFE27FEB25P630,OPTSTK,20.85,867900,20.65,20.85,539000,1100,1100,HDFCLIFE,630.0,PE,27-FEB-2025
2025-02-03 09:38:22.172938,HDFCLIFE27FEB25P630,OPTSTK,20.7,867900,20.65,20.85,539000,1100,1100,HDFCLIFE,630.0,PE,27-FEB-2025
2025-02-03 09:38:29.941115,HDFCLIFE27FEB25P630,OPTSTK,20.85,867900,20.65,20.85,539000,1100,1100,HDFCLIFE,630.0,PE,27-FEB-2025
2025-02-03 09:38:37.493118,HDFCLIFE27FEB25P630,OPTSTK,20.95,873400,20.9,21.15,539000,1100,1100,HDFCLIFE,630.0,PE,27-FEB-2025
2025-02-03 09:38:47.569722,HDFCLIFE27FEB25P630,OPTSTK,21.1,873400,20.9,21.15,539000,1100,1100,HDFCLIFE,630.0,PE,27-FEB-2025
2025-02-03 09:38:58.633076,HDFCLIFE27FEB25P630,OPTSTK,21.1,873400,20.9,21.15,539000,1100,1100,HDFCLIFE,630.0,PE,27-FEB-2025
2025-02-03 09:39:06.989042,HDFCLIFE27FEB25P630,OPTSTK,21.0,883300,21.1,21.3,539000,1100,2200,HDFCLIFE,630.0,PE,27-FEB-2025
2025-02-03 09:39:18.459920,HDFCLIFE27FEB25P630,OPTSTK,20.75,883300,21.1,21.3,539000,1100,2200,HDFCLIFE,630.0,PE,27-FEB-2025
2025-02-03 09:39:31.526679,HDFCLIFE27FEB25P630,OPTSTK,20.65,891000,20.55,20.8,539000,1100,1100,HDFCLIFE,630.0,PE,27-FEB-2025
2025-02-03 09:39:39.878063,HDFCLIFE27FEB25P630,OPTSTK,20.85,891000,20.55,20.8,537900,1100,1100,HDFCLIFE,630.0,PE,27-FEB-2025
2025-02-03 09:39:47.946752,HDFCLIFE27FEB25P630,OPTSTK,20.8,891000,20.55,20.8,537900,1100,1100,HDFCLIFE,630.0,PE,27-FEB-2025
2025-02-03 09:39:55.618354,HDFCLIFE27FEB25P630,OPTSTK,20.95,891000,20.55,20.8,537900,1100,1100,HDFCLIFE,630.0,PE,27-FEB-2025
2025-02-03 09:40:05.079589,HDFCLIFE27FEB25P630,OPTSTK,20.7,904200,20.7,20.9,537900,2200,2200,HDFCLIFE,630.0,PE,27-FEB-2025
2025-02-03 09:40:16.134412,HDFCLIFE27FEB25P630,OPTSTK,20.95,904200,20.7,20.9,537900,2200,2200,HDFCLIFE,630.0,PE,27-FEB-2025
2025-02-03 09:40:26.429727,HDFCLIFE27FEB25P630,OPTSTK,20.85,910800,20.85,20.95,537900,1100,1100,HDFCLIFE,630.0,PE,27-FEB-2025
2025-02-03 09:40:38.530415,HDFCLIFE27FEB25P630,OPTSTK,20.7,910800,20.85,20.95,537900,1100,1100,HDFCLIFE,630.0,PE,27-FEB-2025
2025-02-03 09:40:51.853249,HDFCLIFE27FEB25P630,OPTSTK,20.7,910800,20.85,20.95,537900,1100,1100,HDFCLIFE,630.0,PE,27-FEB-2025
2025-02-03 09:40:59.307112,HDFCLIFE27FEB25P630,OPTSTK,20.6,917400,20.5,20.7,537900,1100,3300,HDFCLIFE,630.0,PE,27-FEB-2025
2025-02-03 09:41:07.024663,HDFCLIFE27FEB25P630,OPTSTK,20.7,917400,20.5,20.7,537900,1100,3300,HDFCLIFE,630.0,PE,27-FEB-2025
2025-02-03 09:41:14.659876,HDFCLIFE27FEB25P630,OPTSTK,20.85,917400,20.5,20.7,537900,1100,3300,HDFCLIFE,630.0,PE,27-FEB-2025
2025-02-03 09:41:23.392542,HDFCLIFE27FEB25P630,OPTSTK,20.5,922900,20.6,20.75,537900,1100,2200,HDFCLIFE,630.0,PE,27-FEB-2025
2025-02-03 09:41:32.483069,HDFCLIFE27FEB25P630,OPTSTK,20.5,922900,20.6,20.75,537900,1100,2200,HDFCLIFE,630.0,PE,27-FEB-2025
2025-02-03 09:41:40.981771,HDFCLIFE27FEB25P630,OPTSTK,21.3,922900,20.6,20.75,537900,1100,2200,HDFCLIFE,630.0,PE,27-FEB-2025
2025-02-03 09:41:54.826687,HDFCLIFE27FEB25P630,OPTSTK,21.6,943800,21.2,21.4,537900,2200,2200,HDFCLIFE,630.0,PE,27-FEB-2025
2025-02-03 09:42:05.270707,HDFCLIFE27FEB25P630,OPTSTK,21.8,943800,21.2,21.4,537900,2200,2200,HDFCLIFE,630.0,PE,27-FEB-2025
2025-02-03 09:42:13.281372,HDFCLIFE27FEB25P630,OPTSTK,21.85,951500,21.75,22.0,537900,2200,2200,HDFCLIFE,630.0,PE,27-FEB-2025
2025-02-03 09:42:21.534509,HDFCLIFE27FEB25P630,OPTSTK,21.65,951500,21.75,22.0,537900,2200,2200,HDFCLIFE,630.0,PE,27-FEB-2025
2025-02-03 09:42:29.548700,HDFCLIFE27FEB25P630,OPTSTK,21.5,951500,21.75,22.0,537900,2200,2200,HDFCLIFE,630.0,PE,27-FEB-2025
2025-02-03 09:42:37.477223,HDFCLIFE27FEB25P630,OPTSTK,21.8,951500,21.75,22.0,537900,2200,2200,HDFCLIFE,630.0,PE,27-FEB-2025
2025-02-03 09:42:45.118858,HDFCLIFE27FEB25P630,OPTSTK,21.55,957000,21.5,21.6,526900,1100,1100,HDFCLIFE,630.0,PE,27-FEB-2025
2025-02-03 09:42:52.974070,HDFCLIFE27FEB25P630,OPTSTK,21.55,957000,21.5,21.6,526900,1100,1100,HDFCLIFE,630.0,PE,27-FEB-2025
2025-02-03 09:43:00.956799,HDFCLIFE27FEB25P630,OPTSTK,21.4,957000,21.5,21.6,526900,1100,1100,HDFCLIFE,630.0,PE,27-FEB-2025
2025-02-03 09:43:11.158152,HDFCLIFE27FEB25P630,OPTSTK,21.55,975700,21.45,21.65,526900,1100,1100,HDFCLIFE,630.0,PE,27-FEB-2025
2025-02-03 09:43:21.510577,HDFCLIFE27FEB25P630,OPTSTK,21.9,975700,21.45,21.65,526900,1100,1100,HDFCLIFE,630.0,PE,27-FEB-2025
2025-02-03 09:43:29.114381,HDFCLIFE27FEB25P630,OPTSTK,21.75,975700,21.45,21.65,526900,1100,1100,HDFCLIFE,630.0,PE,27-FEB-2025
2025-02-03 09:43:36.758396,HDFCLIFE27FEB25P630,OPTSTK,21.75,981200,21.5,21.8,526900,2200,1100,HDFCLIFE,630.0,PE,27-FEB-2025
2025-02-03 09:43:44.330789,HDFCLIFE27FEB25P630,OPTSTK,21.95,981200,21.5,21.8,526900,2200,1100,HDFCLIFE,630.0,PE,27-FEB-2025
2025-02-03 09:43:53.246563,HDFCLIFE27FEB25P630,OPTSTK,22.3,981200,21.5,21.8,526900,2200,1100,HDFCLIFE,630.0,PE,27-FEB-2025
2025-02-03 09:44:01.282252,HDFCLIFE27FEB25P630,OPTSTK,22.1,985600,22.1,22.3,526900,1100,1100,HDFCLIFE,630.0,PE,27-FEB-2025
2025-02-03 09:44:09.119166,HDFCLIFE27FEB25P630,OPTSTK,22.25,985600,22.1,22.3,526900,1100,1100,HDFCLIFE,630.0,PE,27-FEB-2025
2025-02-03 09:44:18.035700,HDFCLIFE27FEB25P630,OPTSTK,22.15,985600,22.1,22.3,526900,1100,1100,HDFCLIFE,630.0,PE,27-FEB-2025
2025-02-03 09:44:28.483363,HDFCLIFE27FEB25P630,OPTSTK,22.25,993300,22.15,22.5,526900,3300,1100,HDFCLIFE,630.0,PE,27-FEB-2025
2025-02-03 09:44:37.433738,HDFCLIFE27FEB25P630,OPTSTK,22.45,993300,22.15,22.5,526900,3300,1100,HDFCLIFE,630.0,PE,27-FEB-2025
2025-02-03 09:44:44.964017,HDFCLIFE27FEB25P630,OPTSTK,22.6,993300,22.15,22.5,526900,3300,1100,HDFCLIFE,630.0,PE,27-FEB-2025
2025-02-03 09:44:52.759906,HDFCLIFE27FEB25P630,OPTSTK,22.6,997700,22.65,22.8,526900,1100,1100,HDFCLIFE,630.0,PE,27-FEB-2025
2025-02-03 09:45:01.051553,HDFCLIFE27FEB25P630,OPTSTK,22.8,997700,22.65,22.8,526900,1100,1100,HDFCLIFE,630.0,PE,27-FEB-2025
2025-02-03 09:45:08.668992,HDFCLIFE27FEB25P630,OPTSTK,22.9,997700,22.65,22.8,526900,1100,1100,HDFCLIFE,630.0,PE,27-FEB-2025
2025-02-03 09:45:17.318050,HDFCLIFE27FEB25P630,OPTSTK,22.55,1016400,22.45,22.75,526900,1100,1100,HDFCLIFE,630.0,PE,27-FEB-2025
2025-02-03 09:45:33.114124,HDFCLIFE27FEB25P630,OPTSTK,22.4,1016400,22.45,22.75,526900,1100,1100,HDFCLIFE,630.0,PE,27-FEB-2025
2025-02-03 09:45:44.293212,HDFCLIFE27FEB25P630,OPTSTK,22.3,1016400,22.45,22.75,542300,1100,1100,HDFCLIFE,630.0,PE,27-FEB-2025
2025-02-03 09:45:54.253925,HDFCLIFE27FEB25P630,OPTSTK,22.3,1019700,22.15,22.35,542300,1100,1100,HDFCLIFE,630.0,PE,27-FEB-2025
2025-02-03 09:46:01.886978,HDFCLIFE27FEB25P630,OPTSTK,22.3,1019700,22.15,22.35,542300,1100,1100,HDFCLIFE,630.0,PE,27-FEB-2025
2025-02-03 09:46:10.034317,HDFCLIFE27FEB25P630,OPTSTK,22.05,1019700,22.15,22.35,542300,1100,1100,HDFCLIFE,630.0,PE,27-FEB-2025
2025-02-03 09:46:17.885821,HDFCLIFE27FEB25P630,OPTSTK,21.9,1030700,21.9,22.25,542300,2200,1100,HDFCLIFE,630.0,PE,27-FEB-2025
2025-02-03 09:46:25.671319,HDFCLIFE27FEB25P630,OPTSTK,22.05,1030700,21.9,22.25,542300,2200,1100,HDFCLIFE,630.0,PE,27-FEB-2025
2025-02-03 09:46:33.281602,HDFCLIFE27FEB25P630,OPTSTK,22.05,1030700,21.9,22.25,542300,2200,1100,HDFCLIFE,630.0,PE,27-FEB-2025
2025-02-03 09:46:41.117015,HDFCLIFE27FEB25P630,OPTSTK,21.8,1036200,21.7,22.0,542300,3300,1100,HDFCLIFE,630.0,PE,27-FEB-2025
2025-02-03 09:46:51.075093,HDFCLIFE27FEB25P630,OPTSTK,21.8,1036200,21.7,22.0,542300,3300,1100,HDFCLIFE,630.0,PE,27-FEB-2025
2025-02-03 09:47:01.033969,HDFCLIFE27FEB25P630,OPTSTK,21.9,1036200,21.7,22.0,542300,3300,1100,HDFCLIFE,630.0,PE,27-FEB-2025
2025-02-03 09:47:09.960535,HDFCLIFE27FEB25P630,OPTSTK,21.85,1042800,21.85,22.05,542300,2200,1100,HDFCLIFE,630.0,PE,27-FEB-2025
2025-02-03 09:47:18.659236,HDFCLIFE27FEB25P630,OPTSTK,21.95,1042800,21.85,22.05,542300,2200,1100,HDFCLIFE,630.0,PE,27-FEB-2025
2025-02-03 09:47:32.975539,HDFCLIFE27FEB25P630,OPTSTK,22.1,1050500,22.15,22.4,542300,1100,1100,HDFCLIFE,630.0,PE,27-FEB-2025
2025-02-03 09:47:57.338434,HDFCLIFE27FEB25P630,OPTSTK,22.3,1050500,22.15,22.4,542300,1100,1100,HDFCLIFE,630.0,PE,27-FEB-2025
2025-02-03 09:48:05.272277,HDFCLIFE27FEB25P630,OPTSTK,22.5,1053800,22.4,22.65,542300,3300,1100,HDFCLIFE,630.0,PE,27-FEB-2025
2025-02-03 09:48:18.069051,HDFCLIFE27FEB25P630,OPTSTK,22.45,1053800,22.4,22.65,542300,3300,1100,HDFCLIFE,630.0,PE,27-FEB-2025
2025-02-03 09:48:27.912384,HDFCLIFE27FEB25P630,OPTSTK,22.55,1058200,22.5,22.7,542300,2200,2200,HDFCLIFE,630.0,PE,27-FEB-2025
2025-02-03 09:48:36.879135,HDFCLIFE27FEB25P630,OPTSTK,22.55,1058200,22.5,22.7,542300,2200,2200,HDFCLIFE,630.0,PE,27-FEB-2025
2025-02-03 09:48:44.834860,HDFCLIFE27FEB25P630,OPTSTK,22.55,1058200,22.5,22.7,542300,2200,2200,HDFCLIFE,630.0,PE,27-FEB-2025
2025-02-03 09:48:55.163970,HDFCLIFE27FEB25P630,OPTSTK,23.0,1072500,23.0,23.25,556600,2200,1100,HDFCLIFE,630.0,PE,27-FEB-2025
2025-02-03 09:49:03.671670,HDFCLIFE27FEB25P630,OPTSTK,23.0,1072500,23.0,23.25,556600,2200,1100,HDFCLIFE,630.0,PE,27-FEB-2025
2025-02-03 09:49:13.547883,HDFCLIFE27FEB25P630,OPTSTK,23.35,1072500,23.0,23.25,556600,2200,1100,HDFCLIFE,630.0,PE,27-FEB-2025
2025-02-03 09:49:24.816599,HDFCLIFE27FEB25P630,OPTSTK,23.5,1075800,23.35,23.6,556600,7700,1100,HDFCLIFE,630.0,PE,27-FEB-2025
2025-02-03 09:49:37.241798,HDFCLIFE27FEB25P630,OPTSTK,23.5,1075800,23.35,23.6,556600,7700,1100,HDFCLIFE,630.0,PE,27-FEB-2025
2025-02-03 09:49:46.399856,HDFCLIFE27FEB25P630,OPTSTK,23.6,1087900,23.55,23.65,556600,1100,1100,HDFCLIFE,630.0,PE,27-FEB-2025
2025-02-03 09:49:56.925244,HDFCLIFE27FEB25P630,OPTSTK,23.45,1087900,23.55,23.65,556600,1100,1100,HDFCLIFE,630.0,PE,27-FEB-2025
2025-02-03 09:50:06.125391,HDFCLIFE27FEB25P630,OPTSTK,23.6,1087900,23.55,23.65,556600,1100,1100,HDFCLIFE,630.0,PE,27-FEB-2025
2025-02-03 09:50:14.924231,HDFCLIFE27FEB25P630,OPTSTK,23.6,1097800,23.5,23.8,556600,1100,7700,HDFCLIFE,630.0,PE,27-FEB-2025
2025-02-03 09:50:24.509311,HDFCLIFE27FEB25P630,OPTSTK,23.45,1097800,23.5,23.8,556600,1100,7700,HDFCLIFE,630.0,PE,27-FEB-2025
2025-02-03 09:50:33.725145,HDFCLIFE27FEB25P630,OPTSTK,23.45,1097800,23.5,23.8,556600,1100,7700,HDFCLIFE,630.0,PE,27-FEB-2025
2025-02-03 09:50:44.188338,HDFCLIFE27FEB25P630,OPTSTK,23.45,1112100,23.3,23.5,556600,1100,2200,HDFCLIFE,630.0,PE,27-FEB-2025
2025-02-03 09:50:56.242089,HDFCLIFE27FEB25P630,OPTSTK,23.55,1112100,23.3,23.5,556600,1100,2200,HDFCLIFE,630.0,PE,27-FEB-2025
2025-02-03 09:51:04.671442,HDFCLIFE27FEB25P630,OPTSTK,23.55,1112100,23.3,23.5,556600,1100,2200,HDFCLIFE,630.0,PE,27-FEB-2025
2025-02-03 09:51:12.734135,HDFCLIFE27FEB25P630,OPTSTK,23.65,1114300,23.6,23.9,556600,3300,1100,HDFCLIFE,630.0,PE,27-FEB-2025
2025-02-03 09:51:21.234346,HDFCLIFE27FEB25P630,OPTSTK,23.65,1114300,23.6,23.9,556600,3300,1100,HDFCLIFE,630.0,PE,27-FEB-2025
2025-02-03 09:51:29.355227,HDFCLIFE27FEB25P630,OPTSTK,23.65,1114300,23.6,23.9,556600,3300,1100,HDFCLIFE,630.0,PE,27-FEB-2025
2025-02-03 09:51:37.625862,HDFCLIFE27FEB25P630,OPTSTK,23.95,1119800,23.8,24.0,556600,1100,1100,HDFCLIFE,630.0,PE,27-FEB-2025
2025-02-03 09:51:46.332801,HDFCLIFE27FEB25P630,OPTSTK,23.95,1119800,23.8,24.0,556600,1100,1100,HDFCLIFE,630.0,PE,27-FEB-2025
2025-02-03 09:51:54.179862,HDFCLIFE27FEB25P630,OPTSTK,24.05,1119800,23.8,24.0,543400,1100,1100,HDFCLIFE,630.0,PE,27-FEB-2025
2025-02-03 09:52:06.612731,HDFCLIFE27FEB25P630,OPTSTK,24.05,1120900,24.05,24.2,543400,1100,1100,HDFCLIFE,630.0,PE,27-FEB-2025
2025-02-03 09:52:17.172763,HDFCLIFE27FEB25P630,OPTSTK,24.05,1120900,24.05,24.2,543400,1100,1100,HDFCLIFE,630.0,PE,27-FEB-2025
2025-02-03 09:52:27.246177,HDFCLIFE27FEB25P630,OPTSTK,24.05,1123100,23.95,24.3,543400,2200,2200,HDFCLIFE,630.0,PE,27-FEB-2025
2025-02-03 09:52:34.970862,HDFCLIFE27FEB25P630,OPTSTK,24.05,1123100,23.95,24.3,543400,2200,2200,HDFCLIFE,630.0,PE,27-FEB-2025
2025-02-03 09:52:42.730944,HDFCLIFE27FEB25P630,OPTSTK,24.05,1123100,23.95,24.3,543400,2200,2200,HDFCLIFE,630.0,PE,27-FEB-2025
2025-02-03 09:52:50.815210,HDFCLIFE27FEB25P630,OPTSTK,24.05,1123100,23.95,24.3,543400,2200,2200,HDFCLIFE,630.0,PE,27-FEB-2025
2025-02-03 09:52:58.175091,HDFCLIFE27FEB25P630,OPTSTK,24.05,1123100,24.2,24.5,543400,2200,1100,HDFCLIFE,630.0,PE,27-FEB-2025
2025-02-03 09:53:06.008006,HDFCLIFE27FEB25P630,OPTSTK,24.05,1123100,24.2,24.5,543400,2200,1100,HDFCLIFE,630.0,PE,27-FEB-2025
2025-02-03 09:53:16.066460,HDFCLIFE27FEB25P630,OPTSTK,23.8,1123100,24.2,24.5,543400,2200,1100,HDFCLIFE,630.0,PE,27-FEB-2025
2025-02-03 09:53:25.303169,HDFCLIFE27FEB25P630,OPTSTK,23.8,1126400,23.75,24.05,543400,1100,1100,HDFCLIFE,630.0,PE,27-FEB-2025
2025-02-03 09:53:35.676600,HDFCLIFE27FEB25P630,OPTSTK,23.8,1126400,23.75,24.05,543400,1100,1100,HDFCLIFE,630.0,PE,27-FEB-2025
2025-02-03 09:53:43.439038,HDFCLIFE27FEB25P630,OPTSTK,23.8,1126400,23.75,24.05,543400,1100,1100,HDFCLIFE,630.0,PE,27-FEB-2025
2025-02-03 09:53:51.253233,HDFCLIFE27FEB25P630,OPTSTK,23.8,1126400,23.75,24.05,543400,1100,2200,HDFCLIFE,630.0,PE,27-FEB-2025
2025-02-03 09:53:59.190725,HDFCLIFE27FEB25P630,OPTSTK,23.8,1126400,23.75,24.05,543400,1100,2200,HDFCLIFE,630.0,PE,27-FEB-2025
2025-02-03 09:54:06.935036,HDFCLIFE27FEB25P630,OPTSTK,23.8,1126400,23.75,24.05,543400,1100,2200,HDFCLIFE,630.0,PE,27-FEB-2025
2025-02-03 09:54:15.011971,HDFCLIFE27FEB25P630,OPTSTK,23.8,1126400,23.5,23.7,543400,2200,1100,HDFCLIFE,630.0,PE,27-FEB-2025
2025-02-03 09:54:22.562370,HDFCLIFE27FEB25P630,OPTSTK,23.8,1126400,23.5,23.7,543400,2200,1100,HDFCLIFE,630.0,PE,27-FEB-2025
2025-02-03 09:54:32.417166,HDFCLIFE27FEB25P630,OPTSTK,23.8,1126400,23.5,23.7,543400,2200,1100,HDFCLIFE,630.0,PE,27-FEB-2025
2025-02-03 09:54:43.500854,HDFCLIFE27FEB25P630,OPTSTK,22.8,1128600,22.6,22.85,543400,1100,1100,HDFCLIFE,630.0,PE,27-FEB-2025
2025-02-03 09:54:52.080880,HDFCLIFE27FEB25P630,OPTSTK,22.8,1128600,22.6,22.85,543400,1100,1100,HDFCLIFE,630.0,PE,27-FEB-2025
2025-02-03 09:55:02.035852,HDFCLIFE27FEB25P630,OPTSTK,22.9,1128600,22.6,22.85,542300,1100,1100,HDFCLIFE,630.0,PE,27-FEB-2025
2025-02-03 09:55:09.699489,HDFCLIFE27FEB25P630,OPTSTK,22.9,1129700,22.7,22.95,542300,1100,2200,HDFCLIFE,630.0,PE,27-FEB-2025
2025-02-03 09:55:17.988823,HDFCLIFE27FEB25P630,OPTSTK,22.9,1129700,22.7,22.95,542300,1100,2200,HDFCLIFE,630.0,PE,27-FEB-2025
2025-02-03 09:55:26.997021,HDFCLIFE27FEB25P630,OPTSTK,22.9,1129700,22.7,22.95,542300,1100,2200,HDFCLIFE,630.0,PE,27-FEB-2025
2025-02-03 09:55:34.951205,HDFCLIFE27FEB25P630,OPTSTK,22.9,1129700,22.85,23.15,542300,2200,1100,HDFCLIFE,630.0,PE,27-FEB-2025
2025-02-03 09:55:44.631709,HDFCLIFE27FEB25P630,OPTSTK,22.9,1129700,22.85,23.15,542300,2200,1100,HDFCLIFE,630.0,PE,27-FEB-2025
2025-02-03 09:55:56.618431,HDFCLIFE27FEB25P630,OPTSTK,23.45,1131900,22.95,23.2,542300,1100,1100,HDFCLIFE,630.0,PE,27-FEB-2025
2025-02-03 09:56:06.146717,HDFCLIFE27FEB25P630,OPTSTK,23.45,1131900,22.95,23.2,542300,1100,1100,HDFCLIFE,630.0,PE,27-FEB-2025
2025-02-03 09:56:14.394424,HDFCLIFE27FEB25P630,OPTSTK,22.85,1131900,22.95,23.2,542300,1100,1100,HDFCLIFE,630.0,PE,27-FEB-2025
2025-02-03 09:56:21.987580,HDFCLIFE27FEB25P630,OPTSTK,22.85,1131900,22.95,23.2,542300,1100,1100,HDFCLIFE,630.0,PE,27-FEB-2025
2025-02-03 09:56:29.847742,HDFCLIFE27FEB25P630,OPTSTK,22.85,1136300,22.6,22.8,542300,1100,1100,HDFCLIFE,630.0,PE,27-FEB-2025
2025-02-03 09:56:37.537662,HDFCLIFE27FEB25P630,OPTSTK,22.85,1136300,22.6,22.8,542300,1100,1100,HDFCLIFE,630.0,PE,27-FEB-2025
2025-02-03 09:56:45.298199,HDFCLIFE27FEB25P630,OPTSTK,22.85,1136300,22.6,22.8,542300,1100,1100,HDFCLIFE,630.0,PE,27-FEB-2025
2025-02-03 09:56:54.951049,HDFCLIFE27FEB25P630,OPTSTK,22.85,1136300,22.55,22.8,542300,3300,1100,HDFCLIFE,630.0,PE,27-FEB-2025
2025-02-03 09:57:04.482848,HDFCLIFE27FEB25P630,OPTSTK,22.85,1136300,22.55,22.8,542300,3300,1100,HDFCLIFE,630.0,PE,27-FEB-2025
2025-02-03 09:57:17.171237,HDFCLIFE27FEB25P630,OPTSTK,22.85,1136300,22.6,22.8,542300,1100,1100,HDFCLIFE,630.0,PE,27-FEB-2025
2025-02-03 09:57:27.753112,HDFCLIFE27FEB25P630,OPTSTK,22.85,1136300,22.6,22.8,542300,1100,1100,HDFCLIFE,630.0,PE,27-FEB-2025
2025-02-03 09:57:37.679994,HDFCLIFE27FEB25P630,OPTSTK,22.85,1136300,22.6,22.8,542300,1100,1100,HDFCLIFE,630.0,PE,27-FEB-2025
2025-02-03 09:57:45.696550,HDFCLIFE27FEB25P630,OPTSTK,22.85,1137400,21.55,21.9,542300,6600,1100,HDFCLIFE,630.0,PE,27-FEB-2025
2025-02-03 09:57:53.153979,HDFCLIFE27FEB25P630,OPTSTK,21.9,1137400,21.55,21.9,544500,6600,1100,HDFCLIFE,630.0,PE,27-FEB-2025
2025-02-03 09:58:01.089365,HDFCLIFE27FEB25P630,OPTSTK,21.9,1137400,21.55,21.9,544500,6600,1100,HDFCLIFE,630.0,PE,27-FEB-2025
2025-02-03 09:58:08.730781,HDFCLIFE27FEB25P630,OPTSTK,21.9,1137400,21.55,21.9,544500,6600,1100,HDFCLIFE,630.0,PE,27-FEB-2025
2025-02-03 09:58:15.960566,HDFCLIFE27FEB25P630,OPTSTK,21.9,1138500,21.85,22.2,544500,2200,1100,HDFCLIFE,630.0,PE,27-FEB-2025
2025-02-03 09:58:27.839617,HDFCLIFE27FEB25P630,OPTSTK,21.55,1138500,21.85,22.2,544500,2200,1100,HDFCLIFE,630.0,PE,27-FEB-2025
2025-02-03 09:58:38.514977,HDFCLIFE27FEB25P630,OPTSTK,21.65,1145100,21.45,21.8,544500,2200,3300,HDFCLIFE,630.0,PE,27-FEB-2025
2025-02-03 09:58:46.517468,HDFCLIFE27FEB25P630,OPTSTK,21.65,1145100,21.45,21.8,544500,2200,3300,HDFCLIFE,630.0,PE,27-FEB-2025
2025-02-03 09:58:54.452505,HDFCLIFE27FEB25P630,OPTSTK,21.65,1145100,21.45,21.8,544500,2200,3300,HDFCLIFE,630.0,PE,27-FEB-2025
2025-02-03 09:59:02.704889,HDFCLIFE27FEB25P630,OPTSTK,21.65,1145100,22.0,22.3,544500,3300,1100,HDFCLIFE,630.0,PE,27-FEB-2025
2025-02-03 09:59:13.570108,HDFCLIFE27FEB25P630,OPTSTK,21.65,1145100,22.0,22.3,544500,3300,1100,HDFCLIFE,630.0,PE,27-FEB-2025
2025-02-03 09:59:29.093519,HDFCLIFE27FEB25P630,OPTSTK,21.65,1145100,21.7,21.95,544500,2200,1100,HDFCLIFE,630.0,PE,27-FEB-2025
2025-02-03 09:59:41.825294,HDFCLIFE27FEB25P630,OPTSTK,21.65,1145100,21.7,21.95,544500,2200,1100,HDFCLIFE,630.0,PE,27-FEB-2025
2025-02-03 09:59:52.440231,HDFCLIFE27FEB25P630,OPTSTK,21.65,1145100,21.7,21.95,544500,2200,1100,HDFCLIFE,630.0,PE,27-FEB-2025
2025-02-03 10:00:00.563992,HDFCLIFE27FEB25P630,OPTSTK,21.65,1145100,22.05,22.25,544500,1100,1100,HDFCLIFE,630.0,PE,27-FEB-2025
2025-02-03 10:00:08.405964,HDFCLIFE27FEB25P630,OPTSTK,21.65,1145100,22.05,22.25,544500,1100,1100,HDFCLIFE,630.0,PE,27-FEB-2025
2025-02-03 10:00:16.566616,HDFCLIFE27FEB25P630,OPTSTK,21.75,1145100,22.05,22.25,544500,1100,1100,HDFCLIFE,630.0,PE,27-FEB-2025
2025-02-03 10:00:29.216854,HDFCLIFE27FEB25P630,OPTSTK,21.75,1150600,21.55,21.85,544500,4400,1100,HDFCLIFE,630.0,PE,27-FEB-2025
2025-02-03 10:00:40.252752,HDFCLIFE27FEB25P630,OPTSTK,21.75,1150600,21.55,21.85,544500,4400,1100,HDFCLIFE,630.0,PE,27-FEB-2025
2025-02-03 10:00:51.970051,HDFCLIFE27FEB25P630,OPTSTK,21.75,1150600,21.6,21.8,544500,1100,2200,HDFCLIFE,630.0,PE,27-FEB-2025
2025-02-03 10:01:03.328758,HDFCLIFE27FEB25P630,OPTSTK,21.75,1150600,21.6,21.8,544500,1100,2200,HDFCLIFE,630.0,PE,27-FEB-2025
2025-02-03 10:01:14.135000,HDFCLIFE27FEB25P630,OPTSTK,21.75,1150600,21.6,21.9,544500,2200,3300,HDFCLIFE,630.0,PE,27-FEB-2025
2025-02-03 10:01:22.497554,HDFCLIFE27FEB25P630,OPTSTK,21.75,1150600,21.6,21.9,544500,2200,3300,HDFCLIFE,630.0,PE,27-FEB-2025
2025-02-03 10:01:31.327754,HDFCLIFE27FEB25P630,OPTSTK,21.75,1150600,21.6,21.9,544500,2200,3300,HDFCLIFE,630.0,PE,27-FEB-2025
2025-02-03 10:01:38.838023,HDFCLIFE27FEB25P630,OPTSTK,21.75,1150600,21.7,21.95,544500,1100,4400,HDFCLIFE,630.0,PE,27-FEB-2025
2025-02-03 10:01:46.765338,HDFCLIFE27FEB25P630,OPTSTK,21.4,1150600,21.7,21.95,545600,1100,4400,HDFCLIFE,630.0,PE,27-FEB-2025
2025-02-03 10:01:55.135530,HDFCLIFE27FEB25P630,OPTSTK,21.4,1150600,21.7,21.95,545600,1100,4400,HDFCLIFE,630.0,PE,27-FEB-2025
2025-02-03 10:02:02.908097,HDFCLIFE27FEB25P630,OPTSTK,21.4,1150600,21.7,21.95,545600,1100,4400,HDFCLIFE,630.0,PE,27-FEB-2025
2025-02-03 10:02:14.152744,HDFCLIFE27FEB25P630,OPTSTK,21.4,1151700,21.5,21.75,545600,2200,1100,HDFCLIFE,630.0,PE,27-FEB-2025
2025-02-03 10:02:25.137564,HDFCLIFE27FEB25P630,OPTSTK,21.4,1151700,21.5,21.75,545600,2200,1100,HDFCLIFE,630.0,PE,27-FEB-2025
2025-02-03 10:02:37.133246,HDFCLIFE27FEB25P630,OPTSTK,21.4,1151700,21.75,22.05,545600,2200,5500,HDFCLIFE,630.0,PE,27-FEB-2025
2025-02-03 10:02:48.622138,HDFCLIFE27FEB25P630,OPTSTK,21.4,1151700,21.75,22.05,545600,2200,5500,HDFCLIFE,630.0,PE,27-FEB-2025
2025-02-03 10:03:00.159105,HDFCLIFE27FEB25P630,OPTSTK,21.4,1151700,21.85,22.05,545600,2200,1100,HDFCLIFE,630.0,PE,27-FEB-2025
2025-02-03 10:03:09.829186,HDFCLIFE27FEB25P630,OPTSTK,21.4,1151700,21.85,22.05,545600,2200,1100,HDFCLIFE,630.0,PE,27-FEB-2025
2025-02-03 10:03:17.609249,HDFCLIFE27FEB25P630,OPTSTK,21.4,1151700,21.85,22.05,545600,2200,1100,HDFCLIFE,630.0,PE,27-FEB-2025
2025-02-03 10:03:25.926408,HDFCLIFE27FEB25P630,OPTSTK,21.4,1151700,22.1,22.3,545600,2200,1100,HDFCLIFE,630.0,PE,27-FEB-2025
2025-02-03 10:03:41.729021,HDFCLIFE27FEB25P630,OPTSTK,22.1,1151700,22.1,22.3,545600,2200,1100,HDFCLIFE,630.0,PE,27-FEB-2025
2025-02-03 10:03:51.426020,HDFCLIFE27FEB25P630,OPTSTK,22.1,1152800,21.95,22.2,545600,2200,1100,HDFCLIFE,630.0,PE,27-FEB-2025
2025-02-03 10:03:59.136475,HDFCLIFE27FEB25P630,OPTSTK,22.1,1152800,21.95,22.2,545600,2200,1100,HDFCLIFE,630.0,PE,27-FEB-2025
2025-02-03 10:04:06.983719,HDFCLIFE27FEB25P630,OPTSTK,22.1,1152800,21.95,22.2,545600,2200,1100,HDFCLIFE,630.0,PE,27-FEB-2025
2025-02-03 10:04:15.305043,HDFCLIFE27FEB25P630,OPTSTK,22.1,1152800,21.8,22.0,545600,1100,2200,HDFCLIFE,630.0,PE,27-FEB-2025
2025-02-03 10:04:26.079726,HDFCLIFE27FEB25P630,OPTSTK,22.1,1152800,21.8,22.0,545600,1100,2200,HDFCLIFE,630.0,PE,27-FEB-2025
2025-02-03 10:04:41.032025,HDFCLIFE27FEB25P630,OPTSTK,22.1,1152800,22.2,22.45,545600,1100,1100,HDFCLIFE,630.0,PE,27-FEB-2025
2025-02-03 10:04:53.242872,HDFCLIFE27FEB25P630,OPTSTK,22.1,1152800,22.2,22.45,545600,1100,1100,HDFCLIFE,630.0,PE,27-FEB-2025
2025-02-03 10:05:02.585928,HDFCLIFE27FEB25P630,OPTSTK,22.1,1152800,22.2,22.45,545600,1100,1100,HDFCLIFE,630.0,PE,27-FEB-2025
2025-02-03 10:05:10.310853,HDFCLIFE27FEB25P630,OPTSTK,22.1,1152800,21.95,22.2,545600,2200,1100,HDFCLIFE,630.0,PE,27-FEB-2025
2025-02-03 10:05:18.435006,HDFCLIFE27FEB25P630,OPTSTK,22.1,1152800,21.95,22.2,545600,2200,1100,HDFCLIFE,630.0,PE,27-FEB-2025
2025-02-03 10:05:26.267012,HDFCLIFE27FEB25P630,OPTSTK,22.1,1152800,21.95,22.2,545600,2200,1100,HDFCLIFE,630.0,PE,27-FEB-2025
2025-02-03 10:05:33.602177,HDFCLIFE27FEB25P630,OPTSTK,22.1,1152800,22.25,22.45,545600,1100,1100,HDFCLIFE,630.0,PE,27-FEB-2025
2025-02-03 10:05:40.883727,HDFCLIFE27FEB25P630,OPTSTK,22.1,1152800,22.25,22.45,545600,1100,1100,HDFCLIFE,630.0,PE,27-FEB-2025
2025-02-03 10:05:48.517861,HDFCLIFE27FEB25P630,OPTSTK,22.1,1152800,22.25,22.45,545600,1100,1100,HDFCLIFE,630.0,PE,27-FEB-2025
2025-02-03 10:05:55.989612,HDFCLIFE27FEB25P630,OPTSTK,22.1,1152800,22.1,22.3,545600,1100,1100,HDFCLIFE,630.0,PE,27-FEB-2025
2025-02-03 10:06:07.207852,HDFCLIFE27FEB25P630,OPTSTK,22.1,1152800,22.1,22.3,545600,1100,1100,HDFCLIFE,630.0,PE,27-FEB-2025
2025-02-03 10:06:17.093131,HDFCLIFE27FEB25P630,OPTSTK,22.2,1152800,22.1,22.3,544500,1100,1100,HDFCLIFE,630.0,PE,27-FEB-2025
2025-02-03 10:06:24.808108,HDFCLIFE27FEB25P630,OPTSTK,22.2,1153900,22.05,22.3,544500,1100,1100,HDFCLIFE,630.0,PE,27-FEB-2025
2025-02-03 10:06:33.144445,HDFCLIFE27FEB25P630,OPTSTK,22.2,1153900,22.05,22.3,544500,1100,1100,HDFCLIFE,630.0,PE,27-FEB-2025
2025-02-03 10:06:41.466248,HDFCLIFE27FEB25P630,OPTSTK,22.2,1153900,22.05,22.3,544500,1100,1100,HDFCLIFE,630.0,PE,27-FEB-2025
2025-02-03 10:06:49.310539,HDFCLIFE27FEB25P630,OPTSTK,22.2,1153900,22.65,22.85,544500,1100,1100,HDFCLIFE,630.0,PE,27-FEB-2025
2025-02-03 10:07:04.727243,HDFCLIFE27FEB25P630,OPTSTK,22.2,1153900,22.65,22.85,544500,1100,1100,HDFCLIFE,630.0,PE,27-FEB-2025
2025-02-03 10:07:16.639921,HDFCLIFE27FEB25P630,OPTSTK,22.2,1153900,22.8,23.0,544500,1100,1100,HDFCLIFE,630.0,PE,27-FEB-2025
2025-02-03 10:07:29.044808,HDFCLIFE27FEB25P630,OPTSTK,22.2,1153900,22.8,23.0,544500,1100,1100,HDFCLIFE,630.0,PE,27-FEB-2025
2025-02-03 10:07:37.490102,HDFCLIFE27FEB25P630,OPTSTK,22.2,1153900,22.8,23.0,544500,1100,1100,HDFCLIFE,630.0,PE,27-FEB-2025
2025-02-03 10:07:45.040953,HDFCLIFE27FEB25P630,OPTSTK,22.2,1153900,22.9,23.1,544500,1100,1100,HDFCLIFE,630.0,PE,27-FEB-2025
2025-02-03 10:07:52.515539,HDFCLIFE27FEB25P630,OPTSTK,22.2,1153900,22.9,23.1,544500,1100,1100,HDFCLIFE,630.0,PE,27-FEB-2025
2025-02-03 10:08:00.296098,HDFCLIFE27FEB25P630,OPTSTK,22.2,1153900,22.9,23.1,544500,1100,1100,HDFCLIFE,630.0,PE,27-FEB-2025
2025-02-03 10:08:08.517758,HDFCLIFE27FEB25P630,OPTSTK,22.2,1153900,23.05,23.3,544500,1100,3300,HDFCLIFE,630.0,PE,27-FEB-2025
2025-02-03 10:08:16.245908,HDFCLIFE27FEB25P630,OPTSTK,22.2,1153900,23.05,23.3,544500,1100,3300,HDFCLIFE,630.0,PE,27-FEB-2025
2025-02-03 10:08:23.781473,HDFCLIFE27FEB25P630,OPTSTK,23.35,1153900,23.05,23.3,544500,1100,3300,HDFCLIFE,630.0,PE,27-FEB-2025
2025-02-03 10:08:31.813265,HDFCLIFE27FEB25P630,OPTSTK,23.35,1155000,23.05,23.25,544500,1100,1100,HDFCLIFE,630.0,PE,27-FEB-2025
2025-02-03 10:08:42.736094,HDFCLIFE27FEB25P630,OPTSTK,23.15,1155000,23.05,23.25,544500,1100,1100,HDFCLIFE,630.0,PE,27-FEB-2025
2025-02-03 10:08:51.965064,HDFCLIFE27FEB25P630,OPTSTK,23.15,1155000,23.05,23.25,544500,1100,1100,HDFCLIFE,630.0,PE,27-FEB-2025
2025-02-03 10:09:02.735859,HDFCLIFE27FEB25P630,OPTSTK,23.15,1156100,22.85,23.05,544500,1100,1100,HDFCLIFE,630.0,PE,27-FEB-2025
2025-02-03 10:09:14.519844,HDFCLIFE27FEB25P630,OPTSTK,23.15,1156100,22.85,23.05,544500,1100,1100,HDFCLIFE,630.0,PE,27-FEB-2025
2025-02-03 10:09:24.595781,HDFCLIFE27FEB25P630,OPTSTK,23.15,1156100,22.25,22.6,544500,5500,2200,HDFCLIFE,630.0,PE,27-FEB-2025
2025-02-03 10:09:33.780088,HDFCLIFE27FEB25P630,OPTSTK,23.15,1156100,22.25,22.6,544500,5500,2200,HDFCLIFE,630.0,PE,27-FEB-2025
2025-02-03 10:09:41.571575,HDFCLIFE27FEB25P630,OPTSTK,23.15,1156100,22.25,22.6,544500,5500,2200,HDFCLIFE,630.0,PE,27-FEB-2025
2025-02-03 10:09:50.884164,HDFCLIFE27FEB25P630,OPTSTK,23.15,1156100,22.35,22.7,544500,4400,1100,HDFCLIFE,630.0,PE,27-FEB-2025
2025-02-03 10:10:01.997344,HDFCLIFE27FEB25P630,OPTSTK,23.15,1156100,22.35,22.7,544500,4400,1100,HDFCLIFE,630.0,PE,27-FEB-2025
2025-02-03 10:10:10.331610,HDFCLIFE27FEB25P630,OPTSTK,22.75,1156100,22.35,22.7,544500,4400,1100,HDFCLIFE,630.0,PE,27-FEB-2025
2025-02-03 10:10:18.959043,HDFCLIFE27FEB25P630,OPTSTK,22.75,1157200,22.6,22.8,544500,1100,1100,HDFCLIFE,630.0,PE,27-FEB-2025
2025-02-03 10:10:26.730805,HDFCLIFE27FEB25P630,OPTSTK,22.75,1157200,22.6,22.8,544500,1100,1100,HDFCLIFE,630.0,PE,27-FEB-2025
2025-02-03 10:10:34.332299,HDFCLIFE27FEB25P630,OPTSTK,22.75,1157200,22.6,22.8,544500,1100,1100,HDFCLIFE,630.0,PE,27-FEB-2025
2025-02-03 10:10:42.597585,HDFCLIFE27FEB25P630,OPTSTK,22.75,1157200,22.55,22.85,544500,1100,2200,HDFCLIFE,630.0,PE,27-FEB-2025
2025-02-03 10:10:50.468817,HDFCLIFE27FEB25P630,OPTSTK,22.75,1157200,22.55,22.85,544500,1100,2200,HDFCLIFE,630.0,PE,27-FEB-2025
2025-02-03 10:10:57.893339,HDFCLIFE27FEB25P630,OPTSTK,22.75,1157200,22.55,22.85,544500,1100,2200,HDFCLIFE,630.0,PE,27-FEB-2025
2025-02-03 10:11:08.647547,HDFCLIFE27FEB25P630,OPTSTK,22.75,1157200,22.55,22.8,544500,1100,3300,HDFCLIFE,630.0,PE,27-FEB-2025
2025-02-03 10:11:19.231539,HDFCLIFE27FEB25P630,OPTSTK,22.75,1157200,22.55,22.8,544500,1100,3300,HDFCLIFE,630.0,PE,27-FEB-2025
2025-02-03 10:11:27.564733,HDFCLIFE27FEB25P630,OPTSTK,22.75,1157200,22.55,22.8,544500,1100,3300,HDFCLIFE,630.0,PE,27-FEB-2025
2025-02-03 10:11:35.723195,HDFCLIFE27FEB25P630,OPTSTK,22.75,1157200,22.6,22.8,544500,1100,1100,HDFCLIFE,630.0,PE,27-FEB-2025
2025-02-03 10:11:43.049588,HDFCLIFE27FEB25P630,OPTSTK,22.75,1157200,22.6,22.8,544500,1100,1100,HDFCLIFE,630.0,PE,27-FEB-2025
2025-02-03 10:11:50.411878,HDFCLIFE27FEB25P630,OPTSTK,22.75,1157200,22.6,22.8,544500,1100,1100,HDFCLIFE,630.0,PE,27-FEB-2025
2025-02-03 10:11:58.048620,HDFCLIFE27FEB25P630,OPTSTK,22.75,1157200,22.6,22.8,544500,1100,1100,HDFCLIFE,630.0,PE,27-FEB-2025
2025-02-03 10:12:05.913874,HDFCLIFE27FEB25P630,OPTSTK,22.75,1157200,22.3,22.6,544500,3300,1100,HDFCLIFE,630.0,PE,27-FEB-2025
2025-02-03 10:12:13.936957,HDFCLIFE27FEB25P630,OPTSTK,22.75,1157200,22.3,22.6,544500,3300,1100,HDFCLIFE,630.0,PE,27-FEB-2025
2025-02-03 10:12:23.349461,HDFCLIFE27FEB25P630,OPTSTK,22.75,1157200,22.3,22.6,544500,3300,1100,HDFCLIFE,630.0,PE,27-FEB-2025
2025-02-03 10:12:33.942959,HDFCLIFE27FEB25P630,OPTSTK,22.75,1157200,22.4,22.6,544500,1100,1100,HDFCLIFE,630.0,PE,27-FEB-2025
2025-02-03 10:12:42.658123,HDFCLIFE27FEB25P630,OPTSTK,22.75,1157200,22.4,22.6,544500,1100,1100,HDFCLIFE,630.0,PE,27-FEB-2025
2025-02-03 10:12:50.542263,HDFCLIFE27FEB25P630,OPTSTK,22.75,1157200,22.55,22.8,544500,2200,2200,HDFCLIFE,630.0,PE,27-FEB-2025
2025-02-03 10:13:03.905967,HDFCLIFE27FEB25P630,OPTSTK,22.75,1157200,22.55,22.8,544500,2200,2200,HDFCLIFE,630.0,PE,27-FEB-2025
2025-02-03 10:13:14.652989,HDFCLIFE27FEB25P630,OPTSTK,23.05,1157200,22.55,22.8,543400,2200,2200,HDFCLIFE,630.0,PE,27-FEB-2025
2025-02-03 10:13:25.575546,HDFCLIFE27FEB25P630,OPTSTK,23.05,1158300,23.25,23.45,543400,1100,4400,HDFCLIFE,630.0,PE,27-FEB-2025
2025-02-03 10:13:33.221799,HDFCLIFE27FEB25P630,OPTSTK,23.05,1158300,23.25,23.45,543400,1100,4400,HDFCLIFE,630.0,PE,27-FEB-2025
2025-02-03 10:13:45.345379,HDFCLIFE27FEB25P630,OPTSTK,23.1,1158300,23.2,23.45,543400,1100,2200,HDFCLIFE,630.0,PE,27-FEB-2025
2025-02-03 10:13:56.386534,HDFCLIFE27FEB25P630,OPTSTK,22.75,1158300,23.2,23.45,543400,1100,2200,HDFCLIFE,630.0,PE,27-FEB-2025
2025-02-03 10:14:05.264666,HDFCLIFE27FEB25P630,OPTSTK,22.75,1158300,23.2,23.45,543400,1100,2200,HDFCLIFE,630.0,PE,27-FEB-2025
2025-02-03 10:14:13.226023,HDFCLIFE27FEB25P630,OPTSTK,22.75,1162700,22.85,23.05,543400,1100,2200,HDFCLIFE,630.0,PE,27-FEB-2025
2025-02-03 10:14:20.872162,HDFCLIFE27FEB25P630,OPTSTK,22.75,1162700,22.85,23.05,543400,1100,2200,HDFCLIFE,630.0,PE,27-FEB-2025
2025-02-03 10:14:28.340635,HDFCLIFE27FEB25P630,OPTSTK,22.75,1162700,22.85,23.05,543400,1100,2200,HDFCLIFE,630.0,PE,27-FEB-2025
2025-02-03 10:14:37.534411,HDFCLIFE27FEB25P630,OPTSTK,22.75,1162700,22.85,23.05,543400,1100,2200,HDFCLIFE,630.0,PE,27-FEB-2025
2025-02-03 10:14:44.900697,HDFCLIFE27FEB25P630,OPTSTK,23.1,1162700,23.15,23.35,543400,3300,1100,HDFCLIFE,630.0,PE,27-FEB-2025
2025-02-03 10:14:52.896760,HDFCLIFE27FEB25P630,OPTSTK,23.1,1162700,23.15,23.35,543400,3300,1100,HDFCLIFE,630.0,PE,27-FEB-2025
2025-02-03 10:15:07.834158,HDFCLIFE27FEB25P630,OPTSTK,23.1,1163800,23.1,23.35,543400,1100,1100,HDFCLIFE,630.0,PE,27-FEB-2025
2025-02-03 10:15:17.514445,HDFCLIFE27FEB25P630,OPTSTK,23.1,1163800,23.1,23.35,543400,1100,1100,HDFCLIFE,630.0,PE,27-FEB-2025
2025-02-03 10:15:26.794558,HDFCLIFE27FEB25P630,OPTSTK,23.1,1163800,23.1,23.35,543400,1100,1100,HDFCLIFE,630.0,PE,27-FEB-2025
2025-02-03 10:15:34.411364,HDFCLIFE27FEB25P630,OPTSTK,23.1,1163800,23.25,23.45,543400,2200,1100,HDFCLIFE,630.0,PE,27-FEB-2025
2025-02-03 10:15:42.289101,HDFCLIFE27FEB25P630,OPTSTK,23.35,1163800,23.25,23.45,543400,2200,1100,HDFCLIFE,630.0,PE,27-FEB-2025
2025-02-03 10:15:49.679218,HDFCLIFE27FEB25P630,OPTSTK,23.35,1163800,23.25,23.45,543400,2200,1100,HDFCLIFE,630.0,PE,27-FEB-2025
2025-02-03 10:15:57.102424,HDFCLIFE27FEB25P630,OPTSTK,23.35,1164900,23.1,23.35,543400,1100,1100,HDFCLIFE,630.0,PE,27-FEB-2025
2025-02-03 10:16:04.528643,HDFCLIFE27FEB25P630,OPTSTK,23.35,1164900,23.1,23.35,543400,1100,1100,HDFCLIFE,630.0,PE,27-FEB-2025
2025-02-03 10:16:13.599631,HDFCLIFE27FEB25P630,OPTSTK,22.7,1164900,23.1,23.35,541200,1100,1100,HDFCLIFE,630.0,PE,27-FEB-2025
2025-02-03 10:16:23.738918,HDFCLIFE27FEB25P630,OPTSTK,22.7,1169300,22.1,22.4,541200,2200,2200,HDFCLIFE,630.0,PE,27-FEB-2025
2025-02-03 10:16:32.335437,HDFCLIFE27FEB25P630,OPTSTK,22.7,1169300,22.1,22.4,541200,2200,2200,HDFCLIFE,630.0,PE,27-FEB-2025
2025-02-03 10:16:40.976537,HDFCLIFE27FEB25P630,OPTSTK,22.7,1169300,22.1,22.4,541200,2200,2200,HDFCLIFE,630.0,PE,27-FEB-2025
2025-02-03 10:16:51.109870,HDFCLIFE27FEB25P630,OPTSTK,22.25,1169300,22.15,22.4,541200,1100,1100,HDFCLIFE,630.0,PE,27-FEB-2025
2025-02-03 10:17:01.721017,HDFCLIFE27FEB25P630,OPTSTK,22.3,1169300,22.15,22.4,541200,1100,1100,HDFCLIFE,630.0,PE,27-FEB-2025
2025-02-03 10:17:11.523120,HDFCLIFE27FEB25P630,OPTSTK,22.3,1169300,22.15,22.4,541200,1100,1100,HDFCLIFE,630.0,PE,27-FEB-2025
2025-02-03 10:17:21.881450,HDFCLIFE27FEB25P630,OPTSTK,22.3,1172600,22.15,22.4,541200,1100,1100,HDFCLIFE,630.0,PE,27-FEB-2025
2025-02-03 10:17:32.789613,HDFCLIFE27FEB25P630,OPTSTK,22.25,1172600,22.15,22.4,541200,1100,1100,HDFCLIFE,630.0,PE,27-FEB-2025
2025-02-03 10:17:42.316365,HDFCLIFE27FEB25P630,OPTSTK,22.25,1174800,22.8,23.0,541200,1100,1100,HDFCLIFE,630.0,PE,27-FEB-2025
2025-02-03 10:17:49.672900,HDFCLIFE27FEB25P630,OPTSTK,22.25,1174800,22.8,23.0,541200,1100,1100,HDFCLIFE,630.0,PE,27-FEB-2025
2025-02-03 10:17:57.374493,HDFCLIFE27FEB25P630,OPTSTK,22.25,1174800,22.8,23.0,541200,1100,1100,HDFCLIFE,630.0,PE,27-FEB-2025
2025-02-03 10:18:09.085031,HDFCLIFE27FEB25P630,OPTSTK,22.25,1174800,22.5,22.8,541200,1100,3300,HDFCLIFE,630.0,PE,27-FEB-2025
2025-02-03 10:18:18.380589,HDFCLIFE27FEB25P630,OPTSTK,22.25,1174800,22.5,22.8,541200,1100,3300,HDFCLIFE,630.0,PE,27-FEB-2025
2025-02-03 10:18:25.805101,HDFCLIFE27FEB25P630,OPTSTK,22.25,1174800,22.5,22.8,541200,1100,3300,HDFCLIFE,630.0,PE,27-FEB-2025
2025-02-03 10:18:33.177283,HDFCLIFE27FEB25P630,OPTSTK,22.25,1174800,22.55,22.75,541200,3300,1100,HDFCLIFE,630.0,PE,27-FEB-2025
2025-02-03 10:18:40.610187,HDFCLIFE27FEB25P630,OPTSTK,22.25,1174800,22.55,22.75,541200,3300,1100,HDFCLIFE,630.0,PE,27-FEB-2025
2025-02-03 10:18:51.800167,HDFCLIFE27FEB25P630,OPTSTK,22.25,1174800,22.55,22.75,541200,3300,1100,HDFCLIFE,630.0,PE,27-FEB-2025
2025-02-03 10:19:03.687324,HDFCLIFE27FEB25P630,OPTSTK,22.25,1174800,22.85,23.05,541200,1100,3300,HDFCLIFE,630.0,PE,27-FEB-2025
2025-02-03 10:19:13.288981,HDFCLIFE27FEB25P630,OPTSTK,22.8,1174800,22.85,23.05,541200,1100,3300,HDFCLIFE,630.0,PE,27-FEB-2025
2025-02-03 10:19:23.085347,HDFCLIFE27FEB25P630,OPTSTK,22.8,1177000,22.55,22.75,541200,2200,2200,HDFCLIFE,630.0,PE,27-FEB-2025
2025-02-03 10:19:32.292043,HDFCLIFE27FEB25P630,OPTSTK,22.8,1177000,22.55,22.75,541200,2200,2200,HDFCLIFE,630.0,PE,27-FEB-2025
2025-02-03 10:19:39.884451,HDFCLIFE27FEB25P630,OPTSTK,22.8,1177000,22.55,22.75,541200,2200,2200,HDFCLIFE,630.0,PE,27-FEB-2025
2025-02-03 10:19:47.455535,HDFCLIFE27FEB25P630,OPTSTK,22.15,1177000,22.55,22.75,541200,2200,2200,HDFCLIFE,630.0,PE,27-FEB-2025
2025-02-03 10:19:54.523444,HDFCLIFE27FEB25P630,OPTSTK,22.15,1178100,21.95,22.2,541200,2200,1100,HDFCLIFE,630.0,PE,27-FEB-2025
2025-02-03 10:20:04.684337,HDFCLIFE27FEB25P630,OPTSTK,21.95,1178100,21.95,22.2,541200,2200,1100,HDFCLIFE,630.0,PE,27-FEB-2025
2025-02-03 10:20:14.924047,HDFCLIFE27FEB25P630,OPTSTK,21.85,1183600,21.6,21.9,541200,4400,1100,HDFCLIFE,630.0,PE,27-FEB-2025
2025-02-03 10:20:22.407835,HDFCLIFE27FEB25P630,OPTSTK,21.85,1183600,21.6,21.9,541200,4400,1100,HDFCLIFE,630.0,PE,27-FEB-2025
2025-02-03 10:20:29.879274,HDFCLIFE27FEB25P630,OPTSTK,21.85,1183600,21.6,21.9,541200,4400,1100,HDFCLIFE,630.0,PE,27-FEB-2025
2025-02-03 10:20:37.345132,HDFCLIFE27FEB25P630,OPTSTK,21.8,1183600,21.6,21.9,541200,4400,1100,HDFCLIFE,630.0,PE,27-FEB-2025
2025-02-03 10:20:44.903496,HDFCLIFE27FEB25P630,OPTSTK,21.8,1185800,22.05,22.3,541200,2200,1100,HDFCLIFE,630.0,PE,27-FEB-2025
2025-02-03 10:20:52.931350,HDFCLIFE27FEB25P630,OPTSTK,21.8,1185800,22.05,22.3,541200,2200,1100,HDFCLIFE,630.0,PE,27-FEB-2025
2025-02-03 10:21:03.898313,HDFCLIFE27FEB25P630,OPTSTK,21.8,1185800,21.9,22.1,541200,1100,1100,HDFCLIFE,630.0,PE,27-FEB-2025
2025-02-03 10:21:14.866910,HDFCLIFE27FEB25P630,OPTSTK,21.8,1185800,21.9,22.1,541200,1100,1100,HDFCLIFE,630.0,PE,27-FEB-2025
2025-02-03 10:21:25.586878,HDFCLIFE27FEB25P630,OPTSTK,21.2,1185800,21.9,22.1,541200,1100,1100,HDFCLIFE,630.0,PE,27-FEB-2025
2025-02-03 10:21:36.345754,HDFCLIFE27FEB25P630,OPTSTK,21.2,1189100,21.05,21.25,541200,6600,1100,HDFCLIFE,630.0,PE,27-FEB-2025
2025-02-03 10:21:44.705465,HDFCLIFE27FEB25P630,OPTSTK,21.2,1189100,21.05,21.25,541200,6600,1100,HDFCLIFE,630.0,PE,27-FEB-2025
2025-02-03 10:21:52.164946,HDFCLIFE27FEB25P630,OPTSTK,21.2,1189100,21.05,21.25,541200,6600,1100,HDFCLIFE,630.0,PE,27-FEB-2025
2025-02-03 10:21:59.738423,HDFCLIFE27FEB25P630,OPTSTK,21.2,1189100,21.1,21.35,541200,2200,1100,HDFCLIFE,630.0,PE,27-FEB-2025
2025-02-03 10:22:07.097915,HDFCLIFE27FEB25P630,OPTSTK,21.2,1189100,21.1,21.35,541200,2200,1100,HDFCLIFE,630.0,PE,27-FEB-2025
2025-02-03 10:22:14.362273,HDFCLIFE27FEB25P630,OPTSTK,21.15,1189100,21.1,21.35,540100,2200,1100,HDFCLIFE,630.0,PE,27-FEB-2025
2025-02-03 10:22:22.529338,HDFCLIFE27FEB25P630,OPTSTK,21.15,1189100,21.1,21.35,540100,2200,1100,HDFCLIFE,630.0,PE,27-FEB-2025
2025-02-03 10:22:30.493835,HDFCLIFE27FEB25P630,OPTSTK,21.15,1190200,21.25,21.45,540100,1100,2200,HDFCLIFE,630.0,PE,27-FEB-2025
2025-02-03 10:22:41.807744,HDFCLIFE27FEB25P630,OPTSTK,20.75,1190200,21.25,21.45,540100,1100,2200,HDFCLIFE,630.0,PE,27-FEB-2025
2025-02-03 10:22:53.119017,HDFCLIFE27FEB25P630,OPTSTK,20.75,1192400,20.7,20.9,540100,1100,1100,HDFCLIFE,630.0,PE,27-FEB-2025
2025-02-03 10:23:00.758178,HDFCLIFE27FEB25P630,OPTSTK,20.7,1192400,20.7,20.9,540100,1100,1100,HDFCLIFE,630.0,PE,27-FEB-2025
2025-02-03 10:23:16.141039,HDFCLIFE27FEB25P630,OPTSTK,20.7,1196800,20.1,20.35,540100,1100,2200,HDFCLIFE,630.0,PE,27-FEB-2025
2025-02-03 10:23:27.665979,HDFCLIFE27FEB25P630,OPTSTK,20.0,1196800,20.1,20.35,540100,1100,2200,HDFCLIFE,630.0,PE,27-FEB-2025
2025-02-03 10:23:36.807836,HDFCLIFE27FEB25P630,OPTSTK,20.0,1196800,20.1,20.35,540100,1100,2200,HDFCLIFE,630.0,PE,27-FEB-2025
2025-02-03 10:23:44.926093,HDFCLIFE27FEB25P630,OPTSTK,20.0,1201200,19.8,20.0,540100,1100,1100,HDFCLIFE,630.0,PE,27-FEB-2025
2025-02-03 10:23:52.543264,HDFCLIFE27FEB25P630,OPTSTK,20.3,1201200,19.8,20.0,540100,1100,1100,HDFCLIFE,630.0,PE,27-FEB-2025
2025-02-03 10:24:00.043997,HDFCLIFE27FEB25P630,OPTSTK,20.3,1201200,19.8,20.0,540100,1100,1100,HDFCLIFE,630.0,PE,27-FEB-2025
2025-02-03 10:24:07.307141,HDFCLIFE27FEB25P630,OPTSTK,20.3,1201200,19.8,20.0,540100,1100,1100,HDFCLIFE,630.0,PE,27-FEB-2025
2025-02-03 10:24:14.726965,HDFCLIFE27FEB25P630,OPTSTK,20.3,1204500,20.3,20.5,540100,3300,1100,HDFCLIFE,630.0,PE,27-FEB-2025
2025-02-03 10:24:22.364621,HDFCLIFE27FEB25P630,OPTSTK,20.3,1204500,20.3,20.5,540100,3300,1100,HDFCLIFE,630.0,PE,27-FEB-2025
2025-02-03 10:24:29.755665,HDFCLIFE27FEB25P630,OPTSTK,20.3,1204500,20.3,20.5,540100,3300,1100,HDFCLIFE,630.0,PE,27-FEB-2025
2025-02-03 10:24:37.052856,HDFCLIFE27FEB25P630,OPTSTK,20.75,1206700,20.5,20.8,540100,1100,3300,HDFCLIFE,630.0,PE,27-FEB-2025
2025-02-03 10:24:44.542676,HDFCLIFE27FEB25P630,OPTSTK,20.75,1206700,20.5,20.8,540100,1100,3300,HDFCLIFE,630.0,PE,27-FEB-2025
2025-02-03 10:24:52.378731,HDFCLIFE27FEB25P630,OPTSTK,20.75,1206700,20.5,20.8,540100,1100,3300,HDFCLIFE,630.0,PE,27-FEB-2025
2025-02-03 10:25:00.838252,HDFCLIFE27FEB25P630,OPTSTK,20.75,1206700,20.85,21.1,540100,2200,2200,HDFCLIFE,630.0,PE,27-FEB-2025
2025-02-03 10:25:08.191938,HDFCLIFE27FEB25P630,OPTSTK,20.75,1206700,20.85,21.1,540100,2200,2200,HDFCLIFE,630.0,PE,27-FEB-2025
2025-02-03 10:25:15.753799,HDFCLIFE27FEB25P630,OPTSTK,20.75,1206700,20.85,21.1,540100,2200,2200,HDFCLIFE,630.0,PE,27-FEB-2025
2025-02-03 10:25:23.271680,HDFCLIFE27FEB25P630,OPTSTK,20.75,1206700,20.85,21.1,540100,2200,2200,HDFCLIFE,630.0,PE,27-FEB-2025
2025-02-03 10:25:31.114095,HDFCLIFE27FEB25P630,OPTSTK,20.75,1206700,21.0,21.2,540100,2200,1100,HDFCLIFE,630.0,PE,27-FEB-2025
2025-02-03 10:25:38.458326,HDFCLIFE27FEB25P630,OPTSTK,21.0,1206700,21.0,21.2,537900,2200,1100,HDFCLIFE,630.0,PE,27-FEB-2025
2025-02-03 10:25:45.835804,HDFCLIFE27FEB25P630,OPTSTK,21.0,1206700,21.0,21.2,537900,2200,1100,HDFCLIFE,630.0,PE,27-FEB-2025
2025-02-03 10:25:53.373129,HDFCLIFE27FEB25P630,OPTSTK,21.0,1207800,20.95,21.25,537900,3300,3300,HDFCLIFE,630.0,PE,27-FEB-2025
2025-02-03 10:26:02.245233,HDFCLIFE27FEB25P630,OPTSTK,21.0,1207800,20.95,21.25,537900,3300,3300,HDFCLIFE,630.0,PE,27-FEB-2025
2025-02-03 10:26:09.671504,HDFCLIFE27FEB25P630,OPTSTK,21.0,1207800,20.95,21.25,537900,3300,3300,HDFCLIFE,630.0,PE,27-FEB-2025
2025-02-03 10:26:17.058369,HDFCLIFE27FEB25P630,OPTSTK,21.0,1207800,20.55,20.7,537900,1100,1100,HDFCLIFE,630.0,PE,27-FEB-2025
2025-02-03 10:26:24.707697,HDFCLIFE27FEB25P630,OPTSTK,21.0,1207800,20.55,20.7,537900,1100,1100,HDFCLIFE,630.0,PE,27-FEB-2025
2025-02-03 10:26:33.396854,HDFCLIFE27FEB25P630,OPTSTK,20.25,1207800,20.55,20.7,537900,1100,1100,HDFCLIFE,630.0,PE,27-FEB-2025
2025-02-03 10:26:42.344861,HDFCLIFE27FEB25P630,OPTSTK,20.25,1208900,20.5,20.75,537900,2200,1100,HDFCLIFE,630.0,PE,27-FEB-2025
2025-02-03 10:26:51.931419,HDFCLIFE27FEB25P630,OPTSTK,20.5,1208900,20.5,20.75,537900,2200,1100,HDFCLIFE,630.0,PE,27-FEB-2025
2025-02-03 10:27:02.235984,HDFCLIFE27FEB25P630,OPTSTK,20.5,1208900,20.5,20.75,537900,2200,1100,HDFCLIFE,630.0,PE,27-FEB-2025
2025-02-03 10:27:13.185328,HDFCLIFE27FEB25P630,OPTSTK,20.5,1213300,20.6,20.85,537900,3300,1100,HDFCLIFE,630.0,PE,27-FEB-2025
2025-02-03 10:27:22.645118,HDFCLIFE27FEB25P630,OPTSTK,20.5,1213300,20.6,20.85,537900,3300,1100,HDFCLIFE,630.0,PE,27-FEB-2025
2025-02-03 10:27:30.097339,HDFCLIFE27FEB25P630,OPTSTK,20.75,1213300,20.6,20.85,537900,3300,1100,HDFCLIFE,630.0,PE,27-FEB-2025
2025-02-03 10:27:38.016688,HDFCLIFE27FEB25P630,OPTSTK,20.75,1214400,20.9,21.1,537900,1100,1100,HDFCLIFE,630.0,PE,27-FEB-2025
2025-02-03 10:27:45.423692,HDFCLIFE27FEB25P630,OPTSTK,20.75,1214400,20.9,21.1,537900,1100,1100,HDFCLIFE,630.0,PE,27-FEB-2025
2025-02-03 10:27:52.543148,HDFCLIFE27FEB25P630,OPTSTK,20.75,1214400,20.9,21.1,537900,1100,1100,HDFCLIFE,630.0,PE,27-FEB-2025
2025-02-03 10:27:59.841599,HDFCLIFE27FEB25P630,OPTSTK,20.75,1215500,20.7,20.9,539000,1100,1100,HDFCLIFE,630.0,PE,27-FEB-2025
2025-02-03 10:28:07.110348,HDFCLIFE27FEB25P630,OPTSTK,20.6,1215500,20.7,20.9,539000,1100,1100,HDFCLIFE,630.0,PE,27-FEB-2025
2025-02-03 10:28:14.591597,HDFCLIFE27FEB25P630,OPTSTK,20.6,1215500,20.7,20.9,539000,1100,1100,HDFCLIFE,630.0,PE,27-FEB-2025
2025-02-03 10:28:22.138321,HDFCLIFE27FEB25P630,OPTSTK,21.1,1215500,20.7,20.9,539000,1100,1100,HDFCLIFE,630.0,PE,27-FEB-2025
2025-02-03 10:28:29.320161,HDFCLIFE27FEB25P630,OPTSTK,21.1,1219900,21.05,21.35,539000,1100,3300,HDFCLIFE,630.0,PE,27-FEB-2025
2025-02-03 10:28:36.598619,HDFCLIFE27FEB25P630,OPTSTK,21.1,1219900,21.05,21.35,539000,1100,3300,HDFCLIFE,630.0,PE,27-FEB-2025
2025-02-03 10:28:43.862333,HDFCLIFE27FEB25P630,OPTSTK,21.3,1219900,21.05,21.35,539000,1100,3300,HDFCLIFE,630.0,PE,27-FEB-2025
2025-02-03 10:28:52.193863,HDFCLIFE27FEB25P630,OPTSTK,21.35,1223200,21.15,21.45,539000,2200,3300,HDFCLIFE,630.0,PE,27-FEB-2025
2025-02-03 10:29:06.011085,HDFCLIFE27FEB25P630,OPTSTK,21.35,1223200,21.15,21.45,539000,2200,3300,HDFCLIFE,630.0,PE,27-FEB-2025
2025-02-03 10:29:18.686028,HDFCLIFE27FEB25P630,OPTSTK,21.35,1223200,21.3,21.7,539000,3300,2200,HDFCLIFE,630.0,PE,27-FEB-2025
2025-02-03 10:29:26.802774,HDFCLIFE27FEB25P630,OPTSTK,21.35,1223200,21.3,21.7,539000,3300,2200,HDFCLIFE,630.0,PE,27-FEB-2025
2025-02-03 10:29:34.444191,HDFCLIFE27FEB25P630,OPTSTK,21.35,1223200,21.3,21.7,539000,3300,2200,HDFCLIFE,630.0,PE,27-FEB-2025
2025-02-03 10:29:47.331509,HDFCLIFE27FEB25P630,OPTSTK,21.35,1223200,20.95,21.15,539000,2200,1100,HDFCLIFE,630.0,PE,27-FEB-2025
2025-02-03 10:29:55.543665,HDFCLIFE27FEB25P630,OPTSTK,21.35,1223200,20.95,21.15,539000,2200,1100,HDFCLIFE,630.0,PE,27-FEB-2025
2025-02-03 10:30:03.028967,HDFCLIFE27FEB25P630,OPTSTK,21.15,1223200,20.95,21.15,539000,2200,1100,HDFCLIFE,630.0,PE,27-FEB-2025
2025-02-03 10:30:10.330164,HDFCLIFE27FEB25P630,OPTSTK,21.15,1225400,20.95,21.2,539000,2200,1100,HDFCLIFE,630.0,PE,27-FEB-2025
2025-02-03 10:30:17.771943,HDFCLIFE27FEB25P630,OPTSTK,20.5,1225400,20.95,21.2,539000,2200,1100,HDFCLIFE,630.0,PE,27-FEB-2025
2025-02-03 10:30:26.382670,HDFCLIFE27FEB25P630,OPTSTK,20.5,1225400,20.95,21.2,539000,2200,1100,HDFCLIFE,630.0,PE,27-FEB-2025
2025-02-03 10:30:33.583077,HDFCLIFE27FEB25P630,OPTSTK,20.5,1225400,20.95,21.2,539000,2200,1100,HDFCLIFE,630.0,PE,27-FEB-2025
2025-02-03 10:30:40.931621,HDFCLIFE27FEB25P630,OPTSTK,20.25,1226500,20.25,20.5,539000,2200,2200,HDFCLIFE,630.0,PE,27-FEB-2025
2025-02-03 10:30:48.442700,HDFCLIFE27FEB25P630,OPTSTK,20.25,1226500,20.25,20.5,539000,2200,2200,HDFCLIFE,630.0,PE,27-FEB-2025
2025-02-03 10:30:55.665085,HDFCLIFE27FEB25P630,OPTSTK,20.25,1226500,20.25,20.5,539000,2200,2200,HDFCLIFE,630.0,PE,27-FEB-2025
2025-02-03 10:31:02.919510,HDFCLIFE27FEB25P630,OPTSTK,20.25,1227600,20.25,20.5,539000,2200,2200,HDFCLIFE,630.0,PE,27-FEB-2025
2025-02-03 10:31:10.659177,HDFCLIFE27FEB25P630,OPTSTK,20.25,1227600,20.25,20.5,539000,2200,2200,HDFCLIFE,630.0,PE,27-FEB-2025
2025-02-03 10:31:17.999690,HDFCLIFE27FEB25P630,OPTSTK,20.25,1227600,20.25,20.5,539000,2200,2200,HDFCLIFE,630.0,PE,27-FEB-2025
2025-02-03 10:31:25.212012,HDFCLIFE27FEB25P630,OPTSTK,20.25,1227600,20.25,20.5,539000,2200,2200,HDFCLIFE,630.0,PE,27-FEB-2025
2025-02-03 10:31:32.599917,HDFCLIFE27FEB25P630,OPTSTK,20.25,1227600,19.65,19.95,539000,3300,2200,HDFCLIFE,630.0,PE,27-FEB-2025
2025-02-03 10:31:39.785422,HDFCLIFE27FEB25P630,OPTSTK,20.25,1227600,19.65,19.95,539000,3300,2200,HDFCLIFE,630.0,PE,27-FEB-2025
2025-02-03 10:31:47.504368,HDFCLIFE27FEB25P630,OPTSTK,19.15,1232000,19.6,19.85,541200,1100,1100,HDFCLIFE,630.0,PE,27-FEB-2025
2025-02-03 10:34:39.459336,HDFCLIFE27FEB25P630,OPTSTK,19.45,1232000,19.6,19.85,540100,1100,1100,HDFCLIFE,630.0,PE,27-FEB-2025
2025-02-03 10:34:47.380841,HDFCLIFE27FEB25P630,OPTSTK,19.45,1232000,19.6,19.85,540100,1100,1100,HDFCLIFE,630.0,PE,27-FEB-2025
2025-02-03 10:34:55.544434,HDFCLIFE27FEB25P630,OPTSTK,19.2,1233100,19.05,19.2,540100,3300,1100,HDFCLIFE,630.0,PE,27-FEB-2025
2025-02-03 10:35:02.912994,HDFCLIFE27FEB25P630,OPTSTK,19.2,1233100,19.05,19.2,540100,3300,1100,HDFCLIFE,630.0,PE,27-FEB-2025
2025-02-03 10:35:10.149801,HDFCLIFE27FEB25P630,OPTSTK,19.2,1233100,19.05,19.2,540100,3300,1100,HDFCLIFE,630.0,PE,27-FEB-2025
2025-02-03 10:35:17.465433,HDFCLIFE27FEB25P630,OPTSTK,19.5,1238600,19.5,19.75,537900,1100,2200,HDFCLIFE,630.0,PE,27-FEB-2025
2025-02-03 10:38:26.386442,HDFCLIFE27FEB25P630,OPTSTK,19.5,1238600,19.5,19.75,537900,1100,2200,HDFCLIFE,630.0,PE,27-FEB-2025
2025-02-03 10:38:34.112239,HDFCLIFE27FEB25P630,OPTSTK,19.5,1238600,19.5,19.75,537900,1100,2200,HDFCLIFE,630.0,PE,27-FEB-2025
2025-02-03 10:38:42.300738,HDFCLIFE27FEB25P630,OPTSTK,19.5,1238600,19.5,19.75,537900,1100,2200,HDFCLIFE,630.0,PE,27-FEB-2025
2025-02-03 10:38:50.063996,HDFCLIFE27FEB25P630,OPTSTK,19.5,1239700,19.6,19.75,537900,1100,1100,HDFCLIFE,630.0,PE,27-FEB-2025
2025-02-03 10:38:57.994676,HDFCLIFE27FEB25P630,OPTSTK,19.25,1243000,19.75,19.95,537900,1100,2200,HDFCLIFE,630.0,PE,27-FEB-2025
2025-02-03 10:40:50.489871,HDFCLIFE27FEB25P630,OPTSTK,19.25,1243000,19.75,19.95,537900,1100,2200,HDFCLIFE,630.0,PE,27-FEB-2025
2025-02-03 10:40:58.274419,HDFCLIFE27FEB25P630,OPTSTK,19.25,1243000,19.8,20.05,537900,2200,1100,HDFCLIFE,630.0,PE,27-FEB-2025
2025-02-03 10:41:06.782384,HDFCLIFE27FEB25P630,OPTSTK,19.25,1243000,19.8,20.05,537900,2200,1100,HDFCLIFE,630.0,PE,27-FEB-2025
2025-02-03 10:41:15.906003,HDFCLIFE27FEB25P630,OPTSTK,19.25,1243000,19.8,20.05,537900,2200,1100,HDFCLIFE,630.0,PE,27-FEB-2025
2025-02-03 10:41:23.291110,HDFCLIFE27FEB25P630,OPTSTK,19.05,1251800,18.95,19.15,539000,1100,1100,HDFCLIFE,630.0,PE,27-FEB-2025
2025-02-03 10:43:59.322773,HDFCLIFE27FEB25P630,OPTSTK,19.05,1251800,18.95,19.15,539000,1100,1100,HDFCLIFE,630.0,PE,27-FEB-2025
2025-02-03 10:44:07.423169,HDFCLIFE27FEB25P630,OPTSTK,19.05,1251800,18.95,19.15,539000,1100,1100,HDFCLIFE,630.0,PE,27-FEB-2025
2025-02-03 10:44:20.497011,HDFCLIFE27FEB25P630,OPTSTK,19.05,1251800,18.95,19.25,539000,2200,2200,HDFCLIFE,630.0,PE,27-FEB-2025
2025-02-03 10:44:31.557140,HDFCLIFE27FEB25P630,OPTSTK,19.05,1251800,18.95,19.25,539000,2200,2200,HDFCLIFE,630.0,PE,27-FEB-2025
2025-02-03 10:44:43.687728,HDFCLIFE27FEB25P630,OPTSTK,19.05,1251800,19.05,19.25,539000,4400,1100,HDFCLIFE,630.0,PE,27-FEB-2025
2025-02-03 10:44:52.224325,HDFCLIFE27FEB25P630,OPTSTK,19.05,1251800,19.05,19.25,539000,4400,1100,HDFCLIFE,630.0,PE,27-FEB-2025
2025-02-03 10:45:01.619077,HDFCLIFE27FEB25P630,OPTSTK,19.05,1251800,19.05,19.25,539000,4400,1100,HDFCLIFE,630.0,PE,27-FEB-2025
2025-02-03 10:45:09.453176,HDFCLIFE27FEB25P630,OPTSTK,19.05,1251800,18.85,19.05,539000,2200,1100,HDFCLIFE,630.0,PE,27-FEB-2025
2025-02-03 13:09:08.160236,HDFCLIFE27FEB25P630,OPTSTK,16.6,1586200,16.4,16.6,536800,1100,4400,HDFCLIFE,630.0,PE,27-FEB-2025
2025-02-03 13:10:54.982493,HDFCLIFE27FEB25P630,OPTSTK,16.35,1601600,16.15,16.35,534600,2200,1100,HDFCLIFE,630.0,PE,27-FEB-2025
2025-02-03 13:11:01.483146,HDFCLIFE27FEB25P630,OPTSTK,16.35,1601600,16.25,16.45,534600,2200,2200,HDFCLIFE,630.0,PE,27-FEB-2025
2025-02-03 13:12:06.975173,HDFCLIFE27FEB25P630,OPTSTK,16.35,1601600,16.2,16.4,534600,1100,1100,HDFCLIFE,630.0,PE,27-FEB-2025
2025-02-03 13:12:13.563337,HDFCLIFE27FEB25P630,OPTSTK,16.35,1601600,16.25,16.45,534600,2200,2200,HDFCLIFE,630.0,PE,27-FEB-2025
2025-02-03 13:12:21.566476,HDFCLIFE27FEB25P630,OPTSTK,16.35,1601600,16.25,16.45,534600,2200,2200,HDFCLIFE,630.0,PE,27-FEB-2025
2025-02-03 13:12:28.095515,HDFCLIFE27FEB25P630,OPTSTK,16.35,1601600,16.25,16.45,534600,2200,2200,HDFCLIFE,630.0,PE,27-FEB-2025
2025-02-03 13:12:35.248046,HDFCLIFE27FEB25P630,OPTSTK,16.35,1601600,16.25,16.45,534600,2200,2200,HDFCLIFE,630.0,PE,27-FEB-2025
2025-02-03 13:12:41.351801,HDFCLIFE27FEB25P630,OPTSTK,16.35,1601600,16.15,16.4,534600,2200,2200,HDFCLIFE,630.0,PE,27-FEB-2025
2025-02-03 13:12:48.725243,HDFCLIFE27FEB25P630,OPTSTK,16.35,1601600,16.15,16.4,534600,2200,2200,HDFCLIFE,630.0,PE,27-FEB-2025
2025-02-03 13:12:57.061552,HDFCLIFE27FEB25P630,OPTSTK,16.35,1601600,16.15,16.4,534600,2200,2200,HDFCLIFE,630.0,PE,27-FEB-2025
2025-02-03 13:13:04.976348,HDFCLIFE27FEB25P630,OPTSTK,16.35,1601600,16.1,16.25,534600,1100,1100,HDFCLIFE,630.0,PE,27-FEB-2025
2025-02-03 13:13:11.519569,HDFCLIFE27FEB25P630,OPTSTK,16.35,1601600,16.1,16.25,534600,1100,1100,HDFCLIFE,630.0,PE,27-FEB-2025
2025-02-03 13:13:17.996264,HDFCLIFE27FEB25P630,OPTSTK,16.35,1601600,16.1,16.25,534600,1100,1100,HDFCLIFE,630.0,PE,27-FEB-2025
2025-02-03 13:13:23.973374,HDFCLIFE27FEB25P630,OPTSTK,16.35,1601600,16.1,16.25,534600,1100,1100,HDFCLIFE,630.0,PE,27-FEB-2025
2025-02-03 13:13:30.210383,HDFCLIFE27FEB25P630,OPTSTK,16.35,1601600,16.1,16.3,534600,4400,2200,HDFCLIFE,630.0,PE,27-FEB-2025
2025-02-03 13:13:36.333333,HDFCLIFE27FEB25P630,OPTSTK,16.35,1601600,16.1,16.3,534600,4400,2200,HDFCLIFE,630.0,PE,27-FEB-2025
2025-02-03 13:13:42.779416,HDFCLIFE27FEB25P630,OPTSTK,16.35,1601600,16.1,16.3,534600,4400,2200,HDFCLIFE,630.0,PE,27-FEB-2025
2025-02-03 13:13:49.069028,HDFCLIFE27FEB25P630,OPTSTK,16.35,1601600,16.1,16.3,534600,4400,2200,HDFCLIFE,630.0,PE,27-FEB-2025
2025-02-03 13:13:56.673382,HDFCLIFE27FEB25P630,OPTSTK,16.35,1601600,16.05,16.2,534600,1100,2200,HDFCLIFE,630.0,PE,27-FEB-2025
2025-02-03 13:14:03.740793,HDFCLIFE27FEB25P630,OPTSTK,16.35,1601600,16.05,16.2,534600,1100,2200,HDFCLIFE,630.0,PE,27-FEB-2025
2025-02-03 13:14:12.348317,HDFCLIFE27FEB25P630,OPTSTK,16.35,1601600,16.05,16.2,534600,1100,2200,HDFCLIFE,630.0,PE,27-FEB-2025
2025-02-03 13:14:19.787887,HDFCLIFE27FEB25P630,OPTSTK,16.35,1601600,16.25,16.45,534600,2200,2200,HDFCLIFE,630.0,PE,27-FEB-2025
2025-02-03 13:14:26.030632,HDFCLIFE27FEB25P630,OPTSTK,16.35,1601600,16.25,16.45,533500,2200,2200,HDFCLIFE,630.0,PE,27-FEB-2025
2025-02-03 13:14:32.362911,HDFCLIFE27FEB25P630,OPTSTK,16.35,1601600,16.25,16.45,533500,2200,2200,HDFCLIFE,630.0,PE,27-FEB-2025
2025-02-03 13:14:38.639461,HDFCLIFE27FEB25P630,OPTSTK,16.35,1601600,16.25,16.45,533500,2200,2200,HDFCLIFE,630.0,PE,27-FEB-2025
2025-02-03 13:14:45.013626,HDFCLIFE27FEB25P630,OPTSTK,16.35,1602700,16.25,16.45,533500,5500,1100,HDFCLIFE,630.0,PE,27-FEB-2025
2025-02-03 13:14:51.861991,HDFCLIFE27FEB25P630,OPTSTK,16.35,1602700,16.25,16.45,533500,5500,1100,HDFCLIFE,630.0,PE,27-FEB-2025
2025-02-03 13:14:58.180985,HDFCLIFE27FEB25P630,OPTSTK,16.35,1602700,16.25,16.45,533500,5500,1100,HDFCLIFE,630.0,PE,27-FEB-2025
2025-02-03 13:15:04.440904,HDFCLIFE27FEB25P630,OPTSTK,16.35,1602700,16.25,16.45,533500,5500,1100,HDFCLIFE,630.0,PE,27-FEB-2025
2025-02-03 13:15:10.692247,HDFCLIFE27FEB25P630,OPTSTK,16.35,1602700,16.2,16.35,533500,1100,1100,HDFCLIFE,630.0,PE,27-FEB-2025
2025-02-03 13:15:16.824503,HDFCLIFE27FEB25P630,OPTSTK,16.35,1602700,16.2,16.35,533500,1100,1100,HDFCLIFE,630.0,PE,27-FEB-2025
2025-02-03 13:15:25.123495,HDFCLIFE27FEB25P630,OPTSTK,16.35,1602700,16.2,16.35,533500,1100,1100,HDFCLIFE,630.0,PE,27-FEB-2025
2025-02-03 13:15:33.459915,HDFCLIFE27FEB25P630,OPTSTK,16.7,1602700,16.45,16.65,533500,1100,3300,HDFCLIFE,630.0,PE,27-FEB-2025
2025-02-03 13:15:41.032587,HDFCLIFE27FEB25P630,OPTSTK,16.7,1602700,16.45,16.65,533500,1100,3300,HDFCLIFE,630.0,PE,27-FEB-2025
2025-02-03 13:15:47.244282,HDFCLIFE27FEB25P630,OPTSTK,17.15,1602700,16.45,16.65,533500,1100,3300,HDFCLIFE,630.0,PE,27-FEB-2025
2025-02-03 13:15:53.472636,HDFCLIFE27FEB25P630,OPTSTK,17.15,1602700,16.45,16.65,533500,1100,3300,HDFCLIFE,630.0,PE,27-FEB-2025
2025-02-03 13:15:59.925373,HDFCLIFE27FEB25P630,OPTSTK,17.25,1618100,17.0,17.25,533500,3300,1100,HDFCLIFE,630.0,PE,27-FEB-2025
2025-02-03 13:16:06.191434,HDFCLIFE27FEB25P630,OPTSTK,17.25,1618100,17.0,17.25,533500,3300,1100,HDFCLIFE,630.0,PE,27-FEB-2025
2025-02-03 13:16:12.849391,HDFCLIFE27FEB25P630,OPTSTK,17.25,1618100,17.0,17.25,533500,3300,1100,HDFCLIFE,630.0,PE,27-FEB-2025
2025-02-03 13:16:19.924427,HDFCLIFE27FEB25P630,OPTSTK,17.25,1618100,17.0,17.25,533500,3300,1100,HDFCLIFE,630.0,PE,27-FEB-2025
2025-02-03 13:16:27.248636,HDFCLIFE27FEB25P630,OPTSTK,17.25,1619200,17.05,17.2,533500,1100,1100,HDFCLIFE,630.0,PE,27-FEB-2025
2025-02-03 13:16:33.824304,HDFCLIFE27FEB25P630,OPTSTK,17.25,1619200,17.05,17.2,533500,1100,1100,HDFCLIFE,630.0,PE,27-FEB-2025
2025-02-03 13:16:40.847391,HDFCLIFE27FEB25P630,OPTSTK,17.25,1619200,17.05,17.2,533500,1100,1100,HDFCLIFE,630.0,PE,27-FEB-2025
2025-02-03 13:16:47.548584,HDFCLIFE27FEB25P630,OPTSTK,17.25,1619200,16.9,17.15,533500,4400,1100,HDFCLIFE,630.0,PE,27-FEB-2025
2025-02-03 13:16:54.136902,HDFCLIFE27FEB25P630,OPTSTK,17.25,1619200,16.9,17.15,533500,4400,1100,HDFCLIFE,630.0,PE,27-FEB-2025
2025-02-03 13:17:00.585656,HDFCLIFE27FEB25P630,OPTSTK,17.25,1619200,16.9,17.15,533500,4400,1100,HDFCLIFE,630.0,PE,27-FEB-2025
2025-02-03 13:17:06.941623,HDFCLIFE27FEB25P630,OPTSTK,17.25,1619200,16.9,17.15,533500,4400,1100,HDFCLIFE,630.0,PE,27-FEB-2025
2025-02-03 13:17:14.289780,HDFCLIFE27FEB25P630,OPTSTK,17.25,1619200,16.95,17.2,533500,1100,1100,HDFCLIFE,630.0,PE,27-FEB-2025
2025-02-03 13:17:20.676920,HDFCLIFE27FEB25P630,OPTSTK,17.1,1619200,16.95,17.2,529100,1100,1100,HDFCLIFE,630.0,PE,27-FEB-2025
2025-02-03 13:17:27.089729,HDFCLIFE27FEB25P630,OPTSTK,17.1,1619200,16.95,17.2,529100,1100,1100,HDFCLIFE,630.0,PE,27-FEB-2025
2025-02-03 13:17:33.395518,HDFCLIFE27FEB25P630,OPTSTK,17.1,1619200,16.95,17.2,529100,1100,1100,HDFCLIFE,630.0,PE,27-FEB-2025
2025-02-03 13:17:39.779757,HDFCLIFE27FEB25P630,OPTSTK,17.1,1620300,17.0,17.2,529100,1100,1100,HDFCLIFE,630.0,PE,27-FEB-2025
2025-02-03 13:17:46.092434,HDFCLIFE27FEB25P630,OPTSTK,17.1,1620300,17.0,17.2,529100,1100,1100,HDFCLIFE,630.0,PE,27-FEB-2025
2025-02-03 13:17:52.429219,HDFCLIFE27FEB25P630,OPTSTK,17.1,1620300,17.0,17.2,529100,1100,1100,HDFCLIFE,630.0,PE,27-FEB-2025
2025-02-03 13:17:59.188757,HDFCLIFE27FEB25P630,OPTSTK,17.1,1620300,17.05,17.25,529100,1100,1100,HDFCLIFE,630.0,PE,27-FEB-2025
2025-02-03 13:18:05.694481,HDFCLIFE27FEB25P630,OPTSTK,17.1,1620300,17.05,17.25,529100,1100,1100,HDFCLIFE,630.0,PE,27-FEB-2025
2025-02-03 13:18:12.204483,HDFCLIFE27FEB25P630,OPTSTK,17.1,1620300,17.05,17.25,529100,1100,1100,HDFCLIFE,630.0,PE,27-FEB-2025
2025-02-03 13:18:18.494409,HDFCLIFE27FEB25P630,OPTSTK,17.1,1620300,17.05,17.25,529100,1100,1100,HDFCLIFE,630.0,PE,27-FEB-2025
2025-02-03 13:18:24.702243,HDFCLIFE27FEB25P630,OPTSTK,17.1,1620300,16.9,17.05,529100,1100,1100,HDFCLIFE,630.0,PE,27-FEB-2025
2025-02-03 13:18:31.123235,HDFCLIFE27FEB25P630,OPTSTK,17.1,1620300,16.9,17.05,529100,1100,1100,HDFCLIFE,630.0,PE,27-FEB-2025
2025-02-03 13:18:37.634491,HDFCLIFE27FEB25P630,OPTSTK,17.1,1620300,16.9,17.05,529100,1100,1100,HDFCLIFE,630.0,PE,27-FEB-2025
2025-02-03 13:18:43.953525,HDFCLIFE27FEB25P630,OPTSTK,17.1,1620300,16.9,17.05,529100,1100,1100,HDFCLIFE,630.0,PE,27-FEB-2025
2025-02-03 13:18:50.535270,HDFCLIFE27FEB25P630,OPTSTK,17.1,1620300,16.85,17.05,529100,3300,1100,HDFCLIFE,630.0,PE,27-FEB-2025
2025-02-03 13:18:56.951202,HDFCLIFE27FEB25P630,OPTSTK,17.1,1620300,16.85,17.05,529100,3300,1100,HDFCLIFE,630.0,PE,27-FEB-2025
2025-02-03 13:19:03.489672,HDFCLIFE27FEB25P630,OPTSTK,17.1,1620300,16.85,17.05,529100,3300,1100,HDFCLIFE,630.0,PE,27-FEB-2025
2025-02-03 13:19:09.942267,HDFCLIFE27FEB25P630,OPTSTK,17.1,1620300,16.85,17.05,529100,3300,1100,HDFCLIFE,630.0,PE,27-FEB-2025
2025-02-03 13:19:16.323081,HDFCLIFE27FEB25P630,OPTSTK,17.1,1620300,16.9,17.1,529100,2200,2200,HDFCLIFE,630.0,PE,27-FEB-2025
2025-02-03 13:19:22.741035,HDFCLIFE27FEB25P630,OPTSTK,17.1,1620300,16.9,17.1,529100,2200,2200,HDFCLIFE,630.0,PE,27-FEB-2025
2025-02-03 13:19:29.070981,HDFCLIFE27FEB25P630,OPTSTK,17.1,1620300,16.9,17.1,529100,2200,2200,HDFCLIFE,630.0,PE,27-FEB-2025
2025-02-03 13:19:35.456421,HDFCLIFE27FEB25P630,OPTSTK,17.1,1620300,16.9,17.1,529100,2200,2200,HDFCLIFE,630.0,PE,27-FEB-2025
2025-02-03 13:19:42.188868,HDFCLIFE27FEB25P630,OPTSTK,17.1,1620300,16.95,17.2,529100,2200,1100,HDFCLIFE,630.0,PE,27-FEB-2025
2025-02-03 13:19:48.724003,HDFCLIFE27FEB25P630,OPTSTK,17.1,1620300,16.95,17.2,529100,2200,1100,HDFCLIFE,630.0,PE,27-FEB-2025
2025-02-03 13:19:55.083237,HDFCLIFE27FEB25P630,OPTSTK,17.1,1620300,16.95,17.2,529100,2200,1100,HDFCLIFE,630.0,PE,27-FEB-2025
2025-02-03 13:20:01.518622,HDFCLIFE27FEB25P630,OPTSTK,17.1,1620300,16.7,16.9,529100,3300,2200,HDFCLIFE,630.0,PE,27-FEB-2025
2025-02-03 13:20:07.924854,HDFCLIFE27FEB25P630,OPTSTK,17.1,1620300,16.7,16.9,529100,3300,2200,HDFCLIFE,630.0,PE,27-FEB-2025
2025-02-03 13:20:14.281806,HDFCLIFE27FEB25P630,OPTSTK,17.1,1620300,16.7,16.9,529100,3300,2200,HDFCLIFE,630.0,PE,27-FEB-2025
2025-02-03 13:20:20.721747,HDFCLIFE27FEB25P630,OPTSTK,17.1,1620300,16.7,16.9,529100,3300,2200,HDFCLIFE,630.0,PE,27-FEB-2025
2025-02-03 13:20:27.127637,HDFCLIFE27FEB25P630,OPTSTK,17.1,1620300,16.7,16.9,529100,3300,2200,HDFCLIFE,630.0,PE,27-FEB-2025
2025-02-03 13:20:33.692291,HDFCLIFE27FEB25P630,OPTSTK,17.1,1620300,16.75,16.95,529100,2200,1100,HDFCLIFE,630.0,PE,27-FEB-2025
2025-02-03 13:20:40.066753,HDFCLIFE27FEB25P630,OPTSTK,17.1,1620300,16.75,16.95,529100,2200,1100,HDFCLIFE,630.0,PE,27-FEB-2025
2025-02-03 13:20:46.297966,HDFCLIFE27FEB25P630,OPTSTK,17.1,1620300,16.75,16.95,529100,2200,1100,HDFCLIFE,630.0,PE,27-FEB-2025
2025-02-03 13:20:52.523648,HDFCLIFE27FEB25P630,OPTSTK,17.1,1620300,16.7,16.9,529100,1100,1100,HDFCLIFE,630.0,PE,27-FEB-2025
2025-02-03 13:20:58.935701,HDFCLIFE27FEB25P630,OPTSTK,17.1,1620300,16.7,16.9,529100,1100,1100,HDFCLIFE,630.0,PE,27-FEB-2025
2025-02-03 13:21:05.269726,HDFCLIFE27FEB25P630,OPTSTK,17.1,1620300,16.7,16.9,529100,1100,1100,HDFCLIFE,630.0,PE,27-FEB-2025
2025-02-03 13:21:11.578966,HDFCLIFE27FEB25P630,OPTSTK,17.1,1620300,16.7,16.9,529100,1100,1100,HDFCLIFE,630.0,PE,27-FEB-2025
2025-02-03 13:21:17.965591,HDFCLIFE27FEB25P630,OPTSTK,17.1,1620300,16.85,17.05,529100,2200,1100,HDFCLIFE,630.0,PE,27-FEB-2025
2025-02-03 13:21:24.369142,HDFCLIFE27FEB25P630,OPTSTK,17.1,1620300,16.85,17.05,529100,2200,1100,HDFCLIFE,630.0,PE,27-FEB-2025
2025-02-03 13:21:30.767186,HDFCLIFE27FEB25P630,OPTSTK,17.1,1620300,16.85,17.05,529100,2200,1100,HDFCLIFE,630.0,PE,27-FEB-2025
2025-02-03 13:21:37.194889,HDFCLIFE27FEB25P630,OPTSTK,17.1,1620300,16.85,17.05,529100,2200,1100,HDFCLIFE,630.0,PE,27-FEB-2025
2025-02-03 13:21:45.611640,HDFCLIFE27FEB25P630,OPTSTK,17.1,1620300,16.7,16.95,529100,1100,1100,HDFCLIFE,630.0,PE,27-FEB-2025
2025-02-03 13:21:53.409303,HDFCLIFE27FEB25P630,OPTSTK,16.9,1620300,16.7,16.95,529100,1100,1100,HDFCLIFE,630.0,PE,27-FEB-2025
2025-02-03 13:22:00.596889,HDFCLIFE27FEB25P630,OPTSTK,16.9,1620300,16.7,16.95,529100,1100,1100,HDFCLIFE,630.0,PE,27-FEB-2025
2025-02-03 13:22:06.963403,HDFCLIFE27FEB25P630,OPTSTK,16.9,1622500,16.9,17.1,529100,2200,1100,HDFCLIFE,630.0,PE,27-FEB-2025
2025-02-03 13:22:13.247029,HDFCLIFE27FEB25P630,OPTSTK,16.9,1622500,16.9,17.1,529100,2200,1100,HDFCLIFE,630.0,PE,27-FEB-2025
2025-02-03 13:22:19.515639,HDFCLIFE27FEB25P630,OPTSTK,16.9,1622500,16.9,17.1,529100,2200,1100,HDFCLIFE,630.0,PE,27-FEB-2025
2025-02-03 13:22:26.114069,HDFCLIFE27FEB25P630,OPTSTK,17.1,1622500,16.9,17.1,530200,2200,1100,HDFCLIFE,630.0,PE,27-FEB-2025
2025-02-03 13:22:34.816071,HDFCLIFE27FEB25P630,OPTSTK,17.1,1623600,16.9,17.05,530200,1100,1100,HDFCLIFE,630.0,PE,27-FEB-2025
2025-02-03 13:22:42.011673,HDFCLIFE27FEB25P630,OPTSTK,17.1,1623600,16.9,17.05,530200,1100,1100,HDFCLIFE,630.0,PE,27-FEB-2025
2025-02-03 13:22:50.413868,HDFCLIFE27FEB25P630,OPTSTK,17.1,1623600,16.9,17.05,530200,1100,1100,HDFCLIFE,630.0,PE,27-FEB-2025
2025-02-03 13:22:58.795152,HDFCLIFE27FEB25P630,OPTSTK,17.1,1623600,16.85,17.05,530200,4400,1100,HDFCLIFE,630.0,PE,27-FEB-2025
2025-02-03 13:23:06.166247,HDFCLIFE27FEB25P630,OPTSTK,17.1,1623600,16.85,17.05,530200,4400,1100,HDFCLIFE,630.0,PE,27-FEB-2025
2025-02-03 13:23:13.435098,HDFCLIFE27FEB25P630,OPTSTK,17.1,1623600,16.85,17.05,530200,4400,1100,HDFCLIFE,630.0,PE,27-FEB-2025
2025-02-03 13:23:19.737294,HDFCLIFE27FEB25P630,OPTSTK,17.1,1623600,16.85,17.05,530200,4400,1100,HDFCLIFE,630.0,PE,27-FEB-2025
2025-02-03 13:23:26.037675,HDFCLIFE27FEB25P630,OPTSTK,17.1,1623600,16.85,17.1,530200,7700,1100,HDFCLIFE,630.0,PE,27-FEB-2025
2025-02-03 13:23:32.450346,HDFCLIFE27FEB25P630,OPTSTK,17.1,1623600,16.85,17.1,530200,7700,1100,HDFCLIFE,630.0,PE,27-FEB-2025
2025-02-03 13:23:38.745201,HDFCLIFE27FEB25P630,OPTSTK,17.0,1623600,16.85,17.1,530200,7700,1100,HDFCLIFE,630.0,PE,27-FEB-2025
2025-02-03 13:23:45.011329,HDFCLIFE27FEB25P630,OPTSTK,17.0,1623600,16.85,17.1,530200,7700,1100,HDFCLIFE,630.0,PE,27-FEB-2025
2025-02-03 13:23:51.329648,HDFCLIFE27FEB25P630,OPTSTK,17.0,1624700,16.85,17.1,530200,1100,1100,HDFCLIFE,630.0,PE,27-FEB-2025
2025-02-03 13:23:57.715341,HDFCLIFE27FEB25P630,OPTSTK,17.0,1624700,16.85,17.1,530200,1100,1100,HDFCLIFE,630.0,PE,27-FEB-2025
2025-02-03 13:24:03.991662,HDFCLIFE27FEB25P630,OPTSTK,17.0,1624700,16.85,17.1,530200,1100,1100,HDFCLIFE,630.0,PE,27-FEB-2025
2025-02-03 13:24:10.444109,HDFCLIFE27FEB25P630,OPTSTK,17.0,1624700,16.85,17.1,530200,3300,1100,HDFCLIFE,630.0,PE,27-FEB-2025
2025-02-03 13:24:16.883577,HDFCLIFE27FEB25P630,OPTSTK,17.0,1624700,16.85,17.1,530200,3300,1100,HDFCLIFE,630.0,PE,27-FEB-2025
2025-02-03 13:24:23.272892,HDFCLIFE27FEB25P630,OPTSTK,17.0,1624700,16.85,17.1,530200,3300,1100,HDFCLIFE,630.0,PE,27-FEB-2025
2025-02-03 13:24:29.606585,HDFCLIFE27FEB25P630,OPTSTK,17.0,1624700,16.85,17.1,530200,3300,1100,HDFCLIFE,630.0,PE,27-FEB-2025
2025-02-03 13:24:36.071258,HDFCLIFE27FEB25P630,OPTSTK,17.0,1624700,16.9,17.15,530200,2200,1100,HDFCLIFE,630.0,PE,27-FEB-2025
2025-02-03 13:24:42.465993,HDFCLIFE27FEB25P630,OPTSTK,17.15,1624700,16.9,17.15,530200,2200,1100,HDFCLIFE,630.0,PE,27-FEB-2025
2025-02-03 13:24:48.880176,HDFCLIFE27FEB25P630,OPTSTK,17.15,1624700,16.9,17.15,530200,2200,1100,HDFCLIFE,630.0,PE,27-FEB-2025
2025-02-03 13:24:55.232481,HDFCLIFE27FEB25P630,OPTSTK,17.15,1624700,16.9,17.15,530200,2200,1100,HDFCLIFE,630.0,PE,27-FEB-2025
2025-02-03 13:25:01.620597,HDFCLIFE27FEB25P630,OPTSTK,17.15,1625800,17.0,17.2,530200,1100,1100,HDFCLIFE,630.0,PE,27-FEB-2025
2025-02-03 13:25:08.045240,HDFCLIFE27FEB25P630,OPTSTK,17.15,1625800,17.0,17.2,530200,1100,1100,HDFCLIFE,630.0,PE,27-FEB-2025
2025-02-03 13:25:14.511115,HDFCLIFE27FEB25P630,OPTSTK,17.15,1625800,17.0,17.2,530200,1100,1100,HDFCLIFE,630.0,PE,27-FEB-2025
2025-02-03 13:25:20.936597,HDFCLIFE27FEB25P630,OPTSTK,17.15,1625800,17.0,17.2,530200,1100,1100,HDFCLIFE,630.0,PE,27-FEB-2025
2025-02-03 13:25:27.235767,HDFCLIFE27FEB25P630,OPTSTK,17.15,1625800,17.0,17.2,530200,2200,1100,HDFCLIFE,630.0,PE,27-FEB-2025
2025-02-03 13:25:33.955168,HDFCLIFE27FEB25P630,OPTSTK,17.15,1625800,17.0,17.2,530200,2200,1100,HDFCLIFE,630.0,PE,27-FEB-2025
2025-02-03 13:25:40.226864,HDFCLIFE27FEB25P630,OPTSTK,17.15,1625800,17.0,17.2,530200,2200,1100,HDFCLIFE,630.0,PE,27-FEB-2025
2025-02-03 13:25:46.674480,HDFCLIFE27FEB25P630,OPTSTK,17.15,1625800,17.1,17.2,530200,2200,1100,HDFCLIFE,630.0,PE,27-FEB-2025
2025-02-03 13:25:53.103587,HDFCLIFE27FEB25P630,OPTSTK,17.2,1625800,17.1,17.2,533500,2200,1100,HDFCLIFE,630.0,PE,27-FEB-2025
2025-02-03 13:25:59.481253,HDFCLIFE27FEB25P630,OPTSTK,17.2,1625800,17.1,17.2,533500,2200,1100,HDFCLIFE,630.0,PE,27-FEB-2025
2025-02-03 13:26:05.887218,HDFCLIFE27FEB25P630,OPTSTK,17.2,1625800,17.1,17.2,533500,2200,1100,HDFCLIFE,630.0,PE,27-FEB-2025
2025-02-03 13:26:12.232531,HDFCLIFE27FEB25P630,OPTSTK,17.2,1626900,17.15,17.35,533500,2200,1100,HDFCLIFE,630.0,PE,27-FEB-2025
2025-02-03 13:26:18.602633,HDFCLIFE27FEB25P630,OPTSTK,17.2,1626900,17.15,17.35,533500,2200,1100,HDFCLIFE,630.0,PE,27-FEB-2025
2025-02-03 13:26:24.907325,HDFCLIFE27FEB25P630,OPTSTK,17.2,1626900,17.15,17.35,533500,2200,1100,HDFCLIFE,630.0,PE,27-FEB-2025
2025-02-03 13:26:31.279470,HDFCLIFE27FEB25P630,OPTSTK,17.2,1626900,17.15,17.35,533500,2200,1100,HDFCLIFE,630.0,PE,27-FEB-2025
2025-02-03 13:26:37.643416,HDFCLIFE27FEB25P630,OPTSTK,17.2,1626900,17.1,17.3,533500,1100,1100,HDFCLIFE,630.0,PE,27-FEB-2025
2025-02-03 13:26:43.905396,HDFCLIFE27FEB25P630,OPTSTK,17.2,1626900,17.1,17.3,533500,1100,1100,HDFCLIFE,630.0,PE,27-FEB-2025
2025-02-03 13:26:50.448558,HDFCLIFE27FEB25P630,OPTSTK,17.2,1626900,17.1,17.3,533500,1100,1100,HDFCLIFE,630.0,PE,27-FEB-2025
2025-02-03 13:26:56.759444,HDFCLIFE27FEB25P630,OPTSTK,17.2,1626900,17.1,17.3,533500,1100,1100,HDFCLIFE,630.0,PE,27-FEB-2025
2025-02-03 13:27:03.205867,HDFCLIFE27FEB25P630,OPTSTK,17.2,1626900,17.05,17.2,533500,1100,1100,HDFCLIFE,630.0,PE,27-FEB-2025
2025-02-03 13:27:09.608901,HDFCLIFE27FEB25P630,OPTSTK,17.2,1626900,17.05,17.2,533500,1100,1100,HDFCLIFE,630.0,PE,27-FEB-2025
2025-02-03 13:27:15.992246,HDFCLIFE27FEB25P630,OPTSTK,17.2,1626900,17.05,17.2,533500,1100,1100,HDFCLIFE,630.0,PE,27-FEB-2025
2025-02-03 13:27:22.241878,HDFCLIFE27FEB25P630,OPTSTK,17.2,1626900,16.85,17.05,533500,2200,3300,HDFCLIFE,630.0,PE,27-FEB-2025
2025-02-03 13:27:28.578825,HDFCLIFE27FEB25P630,OPTSTK,17.2,1626900,16.85,17.05,533500,2200,3300,HDFCLIFE,630.0,PE,27-FEB-2025
2025-02-03 13:27:34.895150,HDFCLIFE27FEB25P630,OPTSTK,17.2,1626900,16.85,17.05,533500,2200,3300,HDFCLIFE,630.0,PE,27-FEB-2025
2025-02-03 13:27:41.179431,HDFCLIFE27FEB25P630,OPTSTK,17.2,1626900,16.85,17.05,533500,2200,3300,HDFCLIFE,630.0,PE,27-FEB-2025
2025-02-03 13:27:47.484989,HDFCLIFE27FEB25P630,OPTSTK,17.2,1626900,16.85,17.05,533500,2200,3300,HDFCLIFE,630.0,PE,27-FEB-2025
2025-02-03 13:27:53.827029,HDFCLIFE27FEB25P630,OPTSTK,17.2,1626900,16.9,17.1,533500,2200,1100,HDFCLIFE,630.0,PE,27-FEB-2025
2025-02-03 13:28:00.246651,HDFCLIFE27FEB25P630,OPTSTK,17.2,1626900,16.9,17.1,533500,2200,1100,HDFCLIFE,630.0,PE,27-FEB-2025
2025-02-03 13:28:06.657008,HDFCLIFE27FEB25P630,OPTSTK,17.2,1626900,16.9,17.1,533500,2200,1100,HDFCLIFE,630.0,PE,27-FEB-2025
2025-02-03 13:28:12.926536,HDFCLIFE27FEB25P630,OPTSTK,17.2,1626900,17.05,17.25,533500,1100,1100,HDFCLIFE,630.0,PE,27-FEB-2025
2025-02-03 13:28:19.215588,HDFCLIFE27FEB25P630,OPTSTK,17.2,1626900,17.05,17.25,533500,1100,1100,HDFCLIFE,630.0,PE,27-FEB-2025
2025-02-03 13:28:25.477776,HDFCLIFE27FEB25P630,OPTSTK,17.2,1626900,17.05,17.25,533500,1100,1100,HDFCLIFE,630.0,PE,27-FEB-2025
2025-02-03 13:28:31.959401,HDFCLIFE27FEB25P630,OPTSTK,17.2,1626900,17.05,17.25,533500,1100,1100,HDFCLIFE,630.0,PE,27-FEB-2025
2025-02-03 13:28:38.379396,HDFCLIFE27FEB25P630,OPTSTK,17.2,1626900,17.35,17.6,533500,1100,1100,HDFCLIFE,630.0,PE,27-FEB-2025
2025-02-03 13:28:44.649387,HDFCLIFE27FEB25P630,OPTSTK,17.2,1626900,17.35,17.6,533500,1100,1100,HDFCLIFE,630.0,PE,27-FEB-2025
2025-02-03 13:28:51.137134,HDFCLIFE27FEB25P630,OPTSTK,17.2,1626900,17.35,17.6,533500,1100,1100,HDFCLIFE,630.0,PE,27-FEB-2025
2025-02-03 13:28:57.390700,HDFCLIFE27FEB25P630,OPTSTK,17.2,1626900,17.35,17.6,533500,1100,1100,HDFCLIFE,630.0,PE,27-FEB-2025
2025-02-03 13:29:03.739733,HDFCLIFE27FEB25P630,OPTSTK,17.2,1626900,17.35,17.55,533500,1100,1100,HDFCLIFE,630.0,PE,27-FEB-2025
2025-02-03 13:29:10.166623,HDFCLIFE27FEB25P630,OPTSTK,17.2,1626900,17.35,17.55,533500,1100,1100,HDFCLIFE,630.0,PE,27-FEB-2025
2025-02-03 13:29:16.430368,HDFCLIFE27FEB25P630,OPTSTK,17.2,1626900,17.35,17.55,533500,1100,1100,HDFCLIFE,630.0,PE,27-FEB-2025
2025-02-03 13:29:22.797471,HDFCLIFE27FEB25P630,OPTSTK,17.2,1626900,17.35,17.55,533500,1100,1100,HDFCLIFE,630.0,PE,27-FEB-2025
2025-02-03 13:29:29.132470,HDFCLIFE27FEB25P630,OPTSTK,17.2,1626900,17.35,17.55,533500,1100,1100,HDFCLIFE,630.0,PE,27-FEB-2025
2025-02-03 13:29:35.501497,HDFCLIFE27FEB25P630,OPTSTK,17.2,1626900,17.35,17.55,533500,1100,1100,HDFCLIFE,630.0,PE,27-FEB-2025
2025-02-03 13:29:42.049420,HDFCLIFE27FEB25P630,OPTSTK,17.2,1626900,17.35,17.55,533500,1100,1100,HDFCLIFE,630.0,PE,27-FEB-2025
2025-02-03 13:29:48.405768,HDFCLIFE27FEB25P630,OPTSTK,17.2,1626900,17.35,17.55,533500,1100,1100,HDFCLIFE,630.0,PE,27-FEB-2025
2025-02-03 13:29:55.216080,HDFCLIFE27FEB25P630,OPTSTK,17.2,1626900,17.35,17.6,533500,1100,1100,HDFCLIFE,630.0,PE,27-FEB-2025
2025-02-03 13:30:01.849137,HDFCLIFE27FEB25P630,OPTSTK,17.2,1626900,17.35,17.6,533500,1100,1100,HDFCLIFE,630.0,PE,27-FEB-2025
2025-02-03 13:30:08.522307,HDFCLIFE27FEB25P630,OPTSTK,17.2,1626900,17.35,17.6,533500,1100,1100,HDFCLIFE,630.0,PE,27-FEB-2025
2025-02-03 13:30:14.949345,HDFCLIFE27FEB25P630,OPTSTK,17.2,1626900,17.35,17.6,533500,1100,1100,HDFCLIFE,630.0,PE,27-FEB-2025
2025-02-03 13:30:21.328275,HDFCLIFE27FEB25P630,OPTSTK,17.2,1626900,17.35,17.55,533500,1100,2200,HDFCLIFE,630.0,PE,27-FEB-2025
2025-02-03 13:30:27.677861,HDFCLIFE27FEB25P630,OPTSTK,17.2,1626900,17.35,17.55,533500,1100,2200,HDFCLIFE,630.0,PE,27-FEB-2025
2025-02-03 13:30:33.937628,HDFCLIFE27FEB25P630,OPTSTK,17.2,1626900,17.35,17.55,533500,1100,2200,HDFCLIFE,630.0,PE,27-FEB-2025
2025-02-03 13:30:40.456545,HDFCLIFE27FEB25P630,OPTSTK,17.2,1626900,17.35,17.55,533500,1100,2200,HDFCLIFE,630.0,PE,27-FEB-2025
2025-02-03 13:30:46.744297,HDFCLIFE27FEB25P630,OPTSTK,17.2,1626900,17.4,17.6,533500,1100,1100,HDFCLIFE,630.0,PE,27-FEB-2025
2025-02-03 13:30:53.227541,HDFCLIFE27FEB25P630,OPTSTK,17.2,1626900,17.4,17.6,533500,1100,1100,HDFCLIFE,630.0,PE,27-FEB-2025
2025-02-03 13:30:59.570261,HDFCLIFE27FEB25P630,OPTSTK,17.2,1626900,17.4,17.6,533500,1100,1100,HDFCLIFE,630.0,PE,27-FEB-2025
2025-02-03 13:31:05.938707,HDFCLIFE27FEB25P630,OPTSTK,17.2,1626900,17.4,17.6,533500,1100,1100,HDFCLIFE,630.0,PE,27-FEB-2025
2025-02-03 13:31:12.427546,HDFCLIFE27FEB25P630,OPTSTK,17.2,1626900,17.5,17.75,533500,1100,1100,HDFCLIFE,630.0,PE,27-FEB-2025
2025-02-03 13:31:18.754869,HDFCLIFE27FEB25P630,OPTSTK,17.2,1626900,17.5,17.75,533500,1100,1100,HDFCLIFE,630.0,PE,27-FEB-2025
2025-02-03 13:31:25.398575,HDFCLIFE27FEB25P630,OPTSTK,17.2,1626900,17.5,17.75,533500,1100,1100,HDFCLIFE,630.0,PE,27-FEB-2025
2025-02-03 13:31:31.850946,HDFCLIFE27FEB25P630,OPTSTK,17.2,1626900,17.5,17.75,533500,1100,1100,HDFCLIFE,630.0,PE,27-FEB-2025
2025-02-03 13:31:38.170677,HDFCLIFE27FEB25P630,OPTSTK,17.5,1626900,17.4,17.5,532400,1100,2200,HDFCLIFE,630.0,PE,27-FEB-2025
2025-02-03 13:31:44.533036,HDFCLIFE27FEB25P630,OPTSTK,17.5,1626900,17.4,17.5,532400,1100,2200,HDFCLIFE,630.0,PE,27-FEB-2025
2025-02-03 13:31:50.661512,HDFCLIFE27FEB25P630,OPTSTK,17.5,1626900,17.4,17.5,532400,1100,2200,HDFCLIFE,630.0,PE,27-FEB-2025
2025-02-03 13:31:56.975323,HDFCLIFE27FEB25P630,OPTSTK,17.5,1629100,17.55,17.75,532400,1100,1100,HDFCLIFE,630.0,PE,27-FEB-2025
2025-02-03 13:32:03.433601,HDFCLIFE27FEB25P630,OPTSTK,17.5,1629100,17.55,17.75,532400,1100,1100,HDFCLIFE,630.0,PE,27-FEB-2025
2025-02-03 13:32:09.815768,HDFCLIFE27FEB25P630,OPTSTK,17.5,1629100,17.55,17.75,532400,1100,1100,HDFCLIFE,630.0,PE,27-FEB-2025
2025-02-03 13:32:16.195632,HDFCLIFE27FEB25P630,OPTSTK,17.5,1629100,17.55,17.75,532400,1100,1100,HDFCLIFE,630.0,PE,27-FEB-2025
2025-02-03 13:32:22.525494,HDFCLIFE27FEB25P630,OPTSTK,17.5,1629100,17.55,17.75,532400,1100,1100,HDFCLIFE,630.0,PE,27-FEB-2025
2025-02-03 13:32:28.802589,HDFCLIFE27FEB25P630,OPTSTK,17.5,1629100,17.55,17.75,532400,1100,1100,HDFCLIFE,630.0,PE,27-FEB-2025
2025-02-03 13:32:35.031458,HDFCLIFE27FEB25P630,OPTSTK,17.5,1629100,17.55,17.75,532400,1100,1100,HDFCLIFE,630.0,PE,27-FEB-2025
2025-02-03 13:32:41.362662,HDFCLIFE27FEB25P630,OPTSTK,17.5,1629100,17.55,17.75,532400,1100,1100,HDFCLIFE,630.0,PE,27-FEB-2025
2025-02-03 13:32:47.735677,HDFCLIFE27FEB25P630,OPTSTK,17.5,1629100,17.35,17.55,532400,1100,2200,HDFCLIFE,630.0,PE,27-FEB-2025
2025-02-03 13:32:54.066884,HDFCLIFE27FEB25P630,OPTSTK,17.5,1629100,17.35,17.55,532400,1100,2200,HDFCLIFE,630.0,PE,27-FEB-2025
2025-02-03 13:33:00.476345,HDFCLIFE27FEB25P630,OPTSTK,17.5,1629100,17.35,17.55,532400,1100,2200,HDFCLIFE,630.0,PE,27-FEB-2025
2025-02-03 13:33:06.737518,HDFCLIFE27FEB25P630,OPTSTK,17.5,1629100,17.35,17.55,532400,1100,2200,HDFCLIFE,630.0,PE,27-FEB-2025
2025-02-03 13:33:13.098293,HDFCLIFE27FEB25P630,OPTSTK,17.5,1629100,17.35,17.6,532400,2200,1100,HDFCLIFE,630.0,PE,27-FEB-2025
2025-02-03 13:33:19.280985,HDFCLIFE27FEB25P630,OPTSTK,17.5,1629100,17.35,17.6,532400,2200,1100,HDFCLIFE,630.0,PE,27-FEB-2025
2025-02-03 13:33:25.696656,HDFCLIFE27FEB25P630,OPTSTK,17.5,1629100,17.35,17.6,532400,2200,1100,HDFCLIFE,630.0,PE,27-FEB-2025
2025-02-03 13:33:32.027087,HDFCLIFE27FEB25P630,OPTSTK,17.5,1629100,17.35,17.6,532400,2200,1100,HDFCLIFE,630.0,PE,27-FEB-2025
2025-02-03 13:33:38.447995,HDFCLIFE27FEB25P630,OPTSTK,17.5,1629100,17.45,17.7,532400,2200,1100,HDFCLIFE,630.0,PE,27-FEB-2025
2025-02-03 13:33:44.699612,HDFCLIFE27FEB25P630,OPTSTK,17.5,1629100,17.45,17.7,532400,2200,1100,HDFCLIFE,630.0,PE,27-FEB-2025
2025-02-03 13:33:51.137495,HDFCLIFE27FEB25P630,OPTSTK,17.5,1629100,17.45,17.7,532400,2200,1100,HDFCLIFE,630.0,PE,27-FEB-2025
2025-02-03 13:33:57.577585,HDFCLIFE27FEB25P630,OPTSTK,17.25,1630200,17.15,17.4,532400,1100,2200,HDFCLIFE,630.0,PE,27-FEB-2025
2025-02-03 13:34:03.879203,HDFCLIFE27FEB25P630,OPTSTK,17.25,1630200,17.15,17.4,532400,1100,2200,HDFCLIFE,630.0,PE,27-FEB-2025
2025-02-03 13:34:10.400728,HDFCLIFE27FEB25P630,OPTSTK,17.25,1630200,17.15,17.4,532400,1100,2200,HDFCLIFE,630.0,PE,27-FEB-2025
2025-02-03 13:34:17.179686,HDFCLIFE27FEB25P630,OPTSTK,17.25,1630200,17.15,17.4,532400,1100,2200,HDFCLIFE,630.0,PE,27-FEB-2025
2025-02-03 13:34:23.565431,HDFCLIFE27FEB25P630,OPTSTK,17.25,1630200,17.15,17.4,532400,2200,1100,HDFCLIFE,630.0,PE,27-FEB-2025
2025-02-03 13:34:30.026211,HDFCLIFE27FEB25P630,OPTSTK,17.25,1630200,17.15,17.4,532400,2200,1100,HDFCLIFE,630.0,PE,27-FEB-2025
2025-02-03 13:34:36.769623,HDFCLIFE27FEB25P630,OPTSTK,17.25,1630200,17.15,17.4,532400,2200,1100,HDFCLIFE,630.0,PE,27-FEB-2025
2025-02-03 13:34:43.329271,HDFCLIFE27FEB25P630,OPTSTK,17.25,1630200,17.15,17.4,532400,2200,1100,HDFCLIFE,630.0,PE,27-FEB-2025
2025-02-03 13:34:49.622739,HDFCLIFE27FEB25P630,OPTSTK,17.25,1630200,17.2,17.4,532400,1100,1100,HDFCLIFE,630.0,PE,27-FEB-2025
2025-02-03 13:34:56.069824,HDFCLIFE27FEB25P630,OPTSTK,17.25,1630200,17.2,17.4,532400,1100,1100,HDFCLIFE,630.0,PE,27-FEB-2025
2025-02-03 13:35:02.538746,HDFCLIFE27FEB25P630,OPTSTK,17.25,1630200,17.2,17.4,532400,1100,1100,HDFCLIFE,630.0,PE,27-FEB-2025
2025-02-03 13:35:08.860746,HDFCLIFE27FEB25P630,OPTSTK,17.25,1630200,17.2,17.4,532400,1100,1100,HDFCLIFE,630.0,PE,27-FEB-2025
2025-02-03 13:35:15.247464,HDFCLIFE27FEB25P630,OPTSTK,17.25,1630200,17.3,17.55,532400,2200,1100,HDFCLIFE,630.0,PE,27-FEB-2025
2025-02-03 13:35:21.700431,HDFCLIFE27FEB25P630,OPTSTK,17.25,1630200,17.3,17.55,532400,2200,1100,HDFCLIFE,630.0,PE,27-FEB-2025
2025-02-03 13:35:28.051769,HDFCLIFE27FEB25P630,OPTSTK,17.25,1630200,17.3,17.55,532400,2200,1100,HDFCLIFE,630.0,PE,27-FEB-2025
2025-02-03 13:35:34.355864,HDFCLIFE27FEB25P630,OPTSTK,17.25,1630200,17.3,17.55,532400,2200,1100,HDFCLIFE,630.0,PE,27-FEB-2025
2025-02-03 13:35:40.632978,HDFCLIFE27FEB25P630,OPTSTK,17.25,1630200,17.15,17.35,532400,2200,2200,HDFCLIFE,630.0,PE,27-FEB-2025
2025-02-03 13:35:47.053947,HDFCLIFE27FEB25P630,OPTSTK,17.25,1630200,17.15,17.35,532400,2200,2200,HDFCLIFE,630.0,PE,27-FEB-2025
2025-02-03 13:35:53.409147,HDFCLIFE27FEB25P630,OPTSTK,17.25,1630200,17.15,17.35,532400,2200,2200,HDFCLIFE,630.0,PE,27-FEB-2025
2025-02-03 13:35:59.713466,HDFCLIFE27FEB25P630,OPTSTK,17.25,1630200,17.15,17.35,532400,2200,2200,HDFCLIFE,630.0,PE,27-FEB-2025
2025-02-03 13:36:06.069166,HDFCLIFE27FEB25P630,OPTSTK,17.25,1630200,17.05,17.25,532400,1100,1100,HDFCLIFE,630.0,PE,27-FEB-2025
2025-02-03 13:36:12.482074,HDFCLIFE27FEB25P630,OPTSTK,17.25,1630200,17.05,17.25,532400,1100,1100,HDFCLIFE,630.0,PE,27-FEB-2025
2025-02-03 13:36:18.926472,HDFCLIFE27FEB25P630,OPTSTK,17.25,1630200,17.05,17.25,532400,1100,1100,HDFCLIFE,630.0,PE,27-FEB-2025
2025-02-03 13:36:25.244098,HDFCLIFE27FEB25P630,OPTSTK,17.25,1630200,17.05,17.25,532400,1100,1100,HDFCLIFE,630.0,PE,27-FEB-2025
2025-02-03 13:36:31.641257,HDFCLIFE27FEB25P630,OPTSTK,17.25,1630200,17.05,17.25,532400,2200,1100,HDFCLIFE,630.0,PE,27-FEB-2025
2025-02-03 13:36:37.993028,HDFCLIFE27FEB25P630,OPTSTK,17.25,1630200,17.05,17.25,532400,2200,1100,HDFCLIFE,630.0,PE,27-FEB-2025
2025-02-03 13:36:44.299454,HDFCLIFE27FEB25P630,OPTSTK,17.25,1630200,17.05,17.25,532400,2200,1100,HDFCLIFE,630.0,PE,27-FEB-2025
2025-02-03 13:36:50.650866,HDFCLIFE27FEB25P630,OPTSTK,17.25,1630200,17.05,17.2,532400,1100,2200,HDFCLIFE,630.0,PE,27-FEB-2025
2025-02-03 13:36:56.869086,HDFCLIFE27FEB25P630,OPTSTK,17.05,1630200,17.05,17.2,531300,1100,2200,HDFCLIFE,630.0,PE,27-FEB-2025
2025-02-03 13:37:03.290320,HDFCLIFE27FEB25P630,OPTSTK,17.05,1630200,17.05,17.2,531300,1100,2200,HDFCLIFE,630.0,PE,27-FEB-2025
2025-02-03 13:37:09.572748,HDFCLIFE27FEB25P630,OPTSTK,17.05,1630200,17.05,17.2,531300,1100,2200,HDFCLIFE,630.0,PE,27-FEB-2025
2025-02-03 13:37:15.849105,HDFCLIFE27FEB25P630,OPTSTK,17.05,1631300,16.9,17.15,531300,2200,1100,HDFCLIFE,630.0,PE,27-FEB-2025
2025-02-03 13:37:22.269099,HDFCLIFE27FEB25P630,OPTSTK,17.05,1631300,16.9,17.15,531300,2200,1100,HDFCLIFE,630.0,PE,27-FEB-2025
2025-02-03 13:37:28.508410,HDFCLIFE27FEB25P630,OPTSTK,17.05,1631300,16.9,17.15,531300,2200,1100,HDFCLIFE,630.0,PE,27-FEB-2025
2025-02-03 13:37:34.739856,HDFCLIFE27FEB25P630,OPTSTK,17.05,1631300,16.9,17.15,531300,2200,1100,HDFCLIFE,630.0,PE,27-FEB-2025
2025-02-03 13:37:41.022193,HDFCLIFE27FEB25P630,OPTSTK,17.05,1631300,16.8,17.0,531300,2200,2200,HDFCLIFE,630.0,PE,27-FEB-2025
2025-02-03 13:37:47.293923,HDFCLIFE27FEB25P630,OPTSTK,17.05,1631300,16.8,17.0,531300,2200,2200,HDFCLIFE,630.0,PE,27-FEB-2025
2025-02-03 13:37:53.702605,HDFCLIFE27FEB25P630,OPTSTK,17.05,1631300,16.8,17.0,531300,2200,2200,HDFCLIFE,630.0,PE,27-FEB-2025
2025-02-03 13:38:00.082619,HDFCLIFE27FEB25P630,OPTSTK,17.05,1631300,16.8,17.0,531300,2200,2200,HDFCLIFE,630.0,PE,27-FEB-2025
2025-02-03 13:38:06.423651,HDFCLIFE27FEB25P630,OPTSTK,17.05,1631300,16.75,17.0,531300,1100,1100,HDFCLIFE,630.0,PE,27-FEB-2025
2025-02-03 13:38:12.871353,HDFCLIFE27FEB25P630,OPTSTK,17.05,1631300,16.75,17.0,531300,1100,1100,HDFCLIFE,630.0,PE,27-FEB-2025
2025-02-03 13:38:19.139078,HDFCLIFE27FEB25P630,OPTSTK,17.05,1631300,16.75,17.0,531300,1100,1100,HDFCLIFE,630.0,PE,27-FEB-2025
2025-02-03 13:38:25.385056,HDFCLIFE27FEB25P630,OPTSTK,17.05,1631300,16.75,17.0,531300,1100,1100,HDFCLIFE,630.0,PE,27-FEB-2025
2025-02-03 13:38:31.869549,HDFCLIFE27FEB25P630,OPTSTK,17.05,1631300,16.95,17.2,531300,3300,1100,HDFCLIFE,630.0,PE,27-FEB-2025
2025-02-03 13:38:38.246110,HDFCLIFE27FEB25P630,OPTSTK,17.05,1631300,16.95,17.2,531300,3300,1100,HDFCLIFE,630.0,PE,27-FEB-2025
2025-02-03 13:38:44.616826,HDFCLIFE27FEB25P630,OPTSTK,17.05,1631300,16.95,17.2,531300,3300,1100,HDFCLIFE,630.0,PE,27-FEB-2025
2025-02-03 13:38:50.965497,HDFCLIFE27FEB25P630,OPTSTK,17.05,1631300,16.95,17.15,531300,1100,1100,HDFCLIFE,630.0,PE,27-FEB-2025
2025-02-03 13:38:57.374829,HDFCLIFE27FEB25P630,OPTSTK,17.05,1631300,16.95,17.15,531300,1100,1100,HDFCLIFE,630.0,PE,27-FEB-2025
2025-02-03 13:39:03.749054,HDFCLIFE27FEB25P630,OPTSTK,17.05,1631300,16.95,17.15,531300,1100,1100,HDFCLIFE,630.0,PE,27-FEB-2025
2025-02-03 13:39:10.287048,HDFCLIFE27FEB25P630,OPTSTK,17.05,1631300,16.95,17.15,531300,1100,1100,HDFCLIFE,630.0,PE,27-FEB-2025
2025-02-03 13:39:16.663125,HDFCLIFE27FEB25P630,OPTSTK,17.05,1631300,16.9,17.15,531300,2200,1100,HDFCLIFE,630.0,PE,27-FEB-2025
2025-02-03 13:39:23.190593,HDFCLIFE27FEB25P630,OPTSTK,17.05,1631300,16.9,17.15,531300,2200,1100,HDFCLIFE,630.0,PE,27-FEB-2025
2025-02-03 13:39:29.579070,HDFCLIFE27FEB25P630,OPTSTK,17.05,1631300,16.9,17.15,531300,2200,1100,HDFCLIFE,630.0,PE,27-FEB-2025
2025-02-03 13:39:35.742607,HDFCLIFE27FEB25P630,OPTSTK,17.05,1631300,16.9,17.15,531300,2200,1100,HDFCLIFE,630.0,PE,27-FEB-2025
2025-02-03 13:39:41.914067,HDFCLIFE27FEB25P630,OPTSTK,17.05,1631300,17.0,17.2,531300,1100,1100,HDFCLIFE,630.0,PE,27-FEB-2025
2025-02-03 13:39:48.261605,HDFCLIFE27FEB25P630,OPTSTK,17.05,1631300,17.0,17.2,531300,1100,1100,HDFCLIFE,630.0,PE,27-FEB-2025
2025-02-03 13:39:54.583904,HDFCLIFE27FEB25P630,OPTSTK,17.05,1631300,17.0,17.2,531300,1100,1100,HDFCLIFE,630.0,PE,27-FEB-2025
2025-02-03 13:40:00.908780,HDFCLIFE27FEB25P630,OPTSTK,17.05,1631300,17.0,17.2,531300,1100,1100,HDFCLIFE,630.0,PE,27-FEB-2025
2025-02-03 13:40:07.244180,HDFCLIFE27FEB25P630,OPTSTK,17.05,1632400,16.85,17.05,531300,1100,2200,HDFCLIFE,630.0,PE,27-FEB-2025
2025-02-03 13:40:13.620991,HDFCLIFE27FEB25P630,OPTSTK,17.05,1632400,16.85,17.05,531300,1100,2200,HDFCLIFE,630.0,PE,27-FEB-2025
2025-02-03 13:40:22.978843,HDFCLIFE27FEB25P630,OPTSTK,17.05,1632400,16.85,17.05,531300,1100,2200,HDFCLIFE,630.0,PE,27-FEB-2025
2025-02-03 13:40:30.999431,HDFCLIFE27FEB25P630,OPTSTK,17.05,1632400,16.8,17.1,531300,2200,1100,HDFCLIFE,630.0,PE,27-FEB-2025
2025-02-03 13:40:37.608657,HDFCLIFE27FEB25P630,OPTSTK,17.05,1632400,16.8,17.1,531300,2200,1100,HDFCLIFE,630.0,PE,27-FEB-2025
2025-02-03 13:40:44.003231,HDFCLIFE27FEB25P630,OPTSTK,17.05,1632400,16.8,17.1,531300,2200,1100,HDFCLIFE,630.0,PE,27-FEB-2025
2025-02-03 13:40:50.527353,HDFCLIFE27FEB25P630,OPTSTK,17.05,1632400,16.8,17.1,531300,2200,1100,HDFCLIFE,630.0,PE,27-FEB-2025
2025-02-03 13:40:56.827175,HDFCLIFE27FEB25P630,OPTSTK,17.05,1632400,16.65,16.9,531300,3300,2200,HDFCLIFE,630.0,PE,27-FEB-2025
2025-02-03 13:41:03.280140,HDFCLIFE27FEB25P630,OPTSTK,17.05,1632400,16.65,16.9,531300,3300,2200,HDFCLIFE,630.0,PE,27-FEB-2025
2025-02-03 13:41:09.791663,HDFCLIFE27FEB25P630,OPTSTK,17.05,1632400,16.65,16.9,531300,3300,2200,HDFCLIFE,630.0,PE,27-FEB-2025
2025-02-03 13:41:16.361517,HDFCLIFE27FEB25P630,OPTSTK,17.05,1632400,16.65,16.9,531300,3300,2200,HDFCLIFE,630.0,PE,27-FEB-2025
2025-02-03 13:41:22.728350,HDFCLIFE27FEB25P630,OPTSTK,17.05,1632400,16.7,16.85,531300,1100,2200,HDFCLIFE,630.0,PE,27-FEB-2025
2025-02-03 13:41:29.129600,HDFCLIFE27FEB25P630,OPTSTK,17.05,1632400,16.7,16.85,531300,1100,2200,HDFCLIFE,630.0,PE,27-FEB-2025
2025-02-03 13:41:35.774764,HDFCLIFE27FEB25P630,OPTSTK,17.05,1632400,16.7,16.85,531300,1100,2200,HDFCLIFE,630.0,PE,27-FEB-2025
2025-02-03 13:41:42.260726,HDFCLIFE27FEB25P630,OPTSTK,17.05,1632400,16.75,17.0,531300,2200,1100,HDFCLIFE,630.0,PE,27-FEB-2025
2025-02-03 13:41:48.694064,HDFCLIFE27FEB25P630,OPTSTK,17.05,1632400,16.75,17.0,531300,2200,1100,HDFCLIFE,630.0,PE,27-FEB-2025
2025-02-03 13:41:55.134784,HDFCLIFE27FEB25P630,OPTSTK,17.05,1632400,16.75,17.0,531300,2200,1100,HDFCLIFE,630.0,PE,27-FEB-2025
2025-02-03 13:42:01.706268,HDFCLIFE27FEB25P630,OPTSTK,17.05,1632400,16.75,17.0,531300,2200,1100,HDFCLIFE,630.0,PE,27-FEB-2025
2025-02-03 13:42:08.135313,HDFCLIFE27FEB25P630,OPTSTK,17.05,1632400,16.7,16.95,531300,2200,1100,HDFCLIFE,630.0,PE,27-FEB-2025
2025-02-03 13:42:14.631053,HDFCLIFE27FEB25P630,OPTSTK,17.05,1632400,16.7,16.95,531300,2200,1100,HDFCLIFE,630.0,PE,27-FEB-2025
2025-02-03 13:42:20.950351,HDFCLIFE27FEB25P630,OPTSTK,17.05,1632400,16.7,16.95,531300,2200,1100,HDFCLIFE,630.0,PE,27-FEB-2025
2025-02-03 13:42:27.527588,HDFCLIFE27FEB25P630,OPTSTK,17.05,1632400,16.7,16.95,531300,2200,1100,HDFCLIFE,630.0,PE,27-FEB-2025
2025-02-03 13:42:34.313046,HDFCLIFE27FEB25P630,OPTSTK,17.05,1632400,16.75,16.95,531300,1100,1100,HDFCLIFE,630.0,PE,27-FEB-2025
2025-02-03 13:42:40.849557,HDFCLIFE27FEB25P630,OPTSTK,17.05,1632400,16.75,16.95,531300,1100,1100,HDFCLIFE,630.0,PE,27-FEB-2025
2025-02-03 13:42:47.516875,HDFCLIFE27FEB25P630,OPTSTK,17.05,1632400,16.75,16.95,531300,1100,1100,HDFCLIFE,630.0,PE,27-FEB-2025
2025-02-03 13:42:53.957091,HDFCLIFE27FEB25P630,OPTSTK,17.05,1632400,16.75,16.95,531300,1100,1100,HDFCLIFE,630.0,PE,27-FEB-2025
2025-02-03 13:43:00.371546,HDFCLIFE27FEB25P630,OPTSTK,17.05,1632400,16.8,17.0,531300,2200,1100,HDFCLIFE,630.0,PE,27-FEB-2025
2025-02-03 13:43:06.802858,HDFCLIFE27FEB25P630,OPTSTK,17.05,1632400,16.8,17.0,531300,2200,1100,HDFCLIFE,630.0,PE,27-FEB-2025
2025-02-03 13:43:13.141390,HDFCLIFE27FEB25P630,OPTSTK,17.05,1632400,16.8,17.0,531300,2200,1100,HDFCLIFE,630.0,PE,27-FEB-2025
2025-02-03 13:43:19.738011,HDFCLIFE27FEB25P630,OPTSTK,17.05,1632400,16.9,17.1,531300,1100,2200,HDFCLIFE,630.0,PE,27-FEB-2025
2025-02-03 13:43:26.112298,HDFCLIFE27FEB25P630,OPTSTK,17.05,1632400,16.9,17.1,531300,1100,2200,HDFCLIFE,630.0,PE,27-FEB-2025
2025-02-03 13:43:32.570289,HDFCLIFE27FEB25P630,OPTSTK,17.05,1632400,16.9,17.1,531300,1100,2200,HDFCLIFE,630.0,PE,27-FEB-2025
2025-02-03 13:43:39.042248,HDFCLIFE27FEB25P630,OPTSTK,17.05,1632400,16.9,17.1,531300,1100,2200,HDFCLIFE,630.0,PE,27-FEB-2025
2025-02-03 13:43:45.673878,HDFCLIFE27FEB25P630,OPTSTK,17.05,1632400,17.05,17.3,531300,2200,1100,HDFCLIFE,630.0,PE,27-FEB-2025
2025-02-03 13:43:52.046364,HDFCLIFE27FEB25P630,OPTSTK,17.05,1632400,17.05,17.3,531300,2200,1100,HDFCLIFE,630.0,PE,27-FEB-2025
2025-02-03 13:43:58.664684,HDFCLIFE27FEB25P630,OPTSTK,17.05,1632400,17.05,17.3,531300,2200,1100,HDFCLIFE,630.0,PE,27-FEB-2025
2025-02-03 13:44:05.106813,HDFCLIFE27FEB25P630,OPTSTK,17.05,1632400,17.05,17.3,531300,2200,1100,HDFCLIFE,630.0,PE,27-FEB-2025
2025-02-03 13:44:11.514649,HDFCLIFE27FEB25P630,OPTSTK,17.05,1632400,17.1,17.25,531300,1100,1100,HDFCLIFE,630.0,PE,27-FEB-2025
2025-02-03 13:44:17.858176,HDFCLIFE27FEB25P630,OPTSTK,17.05,1632400,17.1,17.25,531300,1100,1100,HDFCLIFE,630.0,PE,27-FEB-2025
2025-02-03 13:44:24.216071,HDFCLIFE27FEB25P630,OPTSTK,17.05,1632400,17.1,17.25,531300,1100,1100,HDFCLIFE,630.0,PE,27-FEB-2025
2025-02-03 13:44:30.590624,HDFCLIFE27FEB25P630,OPTSTK,17.05,1632400,17.1,17.25,531300,1100,1100,HDFCLIFE,630.0,PE,27-FEB-2025
2025-02-03 13:44:37.003797,HDFCLIFE27FEB25P630,OPTSTK,17.05,1632400,16.95,17.2,531300,2200,1100,HDFCLIFE,630.0,PE,27-FEB-2025
2025-02-03 13:44:43.690580,HDFCLIFE27FEB25P630,OPTSTK,16.85,1632400,16.95,17.2,532400,2200,1100,HDFCLIFE,630.0,PE,27-FEB-2025
2025-02-03 13:44:50.570522,HDFCLIFE27FEB25P630,OPTSTK,16.85,1632400,16.95,17.2,532400,2200,1100,HDFCLIFE,630.0,PE,27-FEB-2025
2025-02-03 13:44:56.863615,HDFCLIFE27FEB25P630,OPTSTK,16.85,1633500,16.75,16.95,532400,1100,1100,HDFCLIFE,630.0,PE,27-FEB-2025
2025-02-03 13:45:03.512921,HDFCLIFE27FEB25P630,OPTSTK,16.85,1633500,16.75,16.95,532400,1100,1100,HDFCLIFE,630.0,PE,27-FEB-2025
2025-02-03 13:45:09.969216,HDFCLIFE27FEB25P630,OPTSTK,16.85,1633500,16.75,16.95,532400,1100,1100,HDFCLIFE,630.0,PE,27-FEB-2025
2025-02-03 13:45:17.931817,HDFCLIFE27FEB25P630,OPTSTK,16.85,1633500,16.75,16.95,532400,1100,1100,HDFCLIFE,630.0,PE,27-FEB-2025
2025-02-03 13:45:24.236705,HDFCLIFE27FEB25P630,OPTSTK,16.85,1633500,16.8,17.0,532400,1100,1100,HDFCLIFE,630.0,PE,27-FEB-2025
2025-02-03 13:45:30.698340,HDFCLIFE27FEB25P630,OPTSTK,17.05,1633500,16.8,17.0,532400,1100,1100,HDFCLIFE,630.0,PE,27-FEB-2025
2025-02-03 13:45:37.168483,HDFCLIFE27FEB25P630,OPTSTK,17.05,1633500,16.8,17.0,532400,1100,1100,HDFCLIFE,630.0,PE,27-FEB-2025
2025-02-03 13:45:43.574498,HDFCLIFE27FEB25P630,OPTSTK,17.05,1633500,16.8,17.0,532400,1100,1100,HDFCLIFE,630.0,PE,27-FEB-2025
2025-02-03 13:45:50.171044,HDFCLIFE27FEB25P630,OPTSTK,17.05,1636800,16.85,17.0,532400,1100,1100,HDFCLIFE,630.0,PE,27-FEB-2025
2025-02-03 13:45:58.158653,HDFCLIFE27FEB25P630,OPTSTK,17.05,1636800,16.85,17.0,532400,1100,1100,HDFCLIFE,630.0,PE,27-FEB-2025
2025-02-03 13:46:04.803411,HDFCLIFE27FEB25P630,OPTSTK,17.05,1636800,16.85,17.0,532400,1100,1100,HDFCLIFE,630.0,PE,27-FEB-2025
2025-02-03 13:46:11.517452,HDFCLIFE27FEB25P630,OPTSTK,17.05,1636800,16.95,17.15,532400,2200,1100,HDFCLIFE,630.0,PE,27-FEB-2025
2025-02-03 13:46:18.200862,HDFCLIFE27FEB25P630,OPTSTK,17.05,1636800,16.95,17.15,532400,2200,1100,HDFCLIFE,630.0,PE,27-FEB-2025
2025-02-03 13:46:26.032605,HDFCLIFE27FEB25P630,OPTSTK,17.05,1636800,16.95,17.15,532400,2200,1100,HDFCLIFE,630.0,PE,27-FEB-2025
2025-02-03 13:46:32.542317,HDFCLIFE27FEB25P630,OPTSTK,17.05,1636800,17.0,17.25,532400,2200,1100,HDFCLIFE,630.0,PE,27-FEB-2025
2025-02-03 13:46:39.482012,HDFCLIFE27FEB25P630,OPTSTK,17.05,1636800,17.0,17.25,532400,2200,1100,HDFCLIFE,630.0,PE,27-FEB-2025
2025-02-03 13:46:46.318643,HDFCLIFE27FEB25P630,OPTSTK,17.05,1636800,17.0,17.25,532400,2200,1100,HDFCLIFE,630.0,PE,27-FEB-2025
2025-02-03 13:46:53.249638,HDFCLIFE27FEB25P630,OPTSTK,17.05,1636800,17.0,17.25,532400,2200,1100,HDFCLIFE,630.0,PE,27-FEB-2025
2025-02-03 13:46:59.964463,HDFCLIFE27FEB25P630,OPTSTK,17.05,1636800,17.1,17.25,532400,1100,2200,HDFCLIFE,630.0,PE,27-FEB-2025
2025-02-03 13:47:06.688596,HDFCLIFE27FEB25P630,OPTSTK,17.05,1636800,17.1,17.25,532400,1100,2200,HDFCLIFE,630.0,PE,27-FEB-2025
2025-02-03 13:47:14.768233,HDFCLIFE27FEB25P630,OPTSTK,17.05,1636800,17.1,17.25,532400,1100,2200,HDFCLIFE,630.0,PE,27-FEB-2025
2025-02-03 13:47:21.306336,HDFCLIFE27FEB25P630,OPTSTK,17.05,1636800,17.05,17.25,532400,1100,2200,HDFCLIFE,630.0,PE,27-FEB-2025
2025-02-03 13:47:27.812968,HDFCLIFE27FEB25P630,OPTSTK,17.05,1636800,17.05,17.25,532400,1100,2200,HDFCLIFE,630.0,PE,27-FEB-2025
2025-02-03 13:47:34.259052,HDFCLIFE27FEB25P630,OPTSTK,17.05,1636800,17.05,17.25,532400,1100,2200,HDFCLIFE,630.0,PE,27-FEB-2025
2025-02-03 13:47:40.977297,HDFCLIFE27FEB25P630,OPTSTK,17.05,1636800,17.05,17.25,532400,1100,2200,HDFCLIFE,630.0,PE,27-FEB-2025
2025-02-03 13:47:47.443259,HDFCLIFE27FEB25P630,OPTSTK,17.05,1636800,17.05,17.25,532400,1100,1100,HDFCLIFE,630.0,PE,27-FEB-2025
2025-02-03 13:47:53.879440,HDFCLIFE27FEB25P630,OPTSTK,17.05,1636800,17.05,17.25,532400,1100,1100,HDFCLIFE,630.0,PE,27-FEB-2025
2025-02-03 13:48:00.442756,HDFCLIFE27FEB25P630,OPTSTK,17.05,1636800,17.05,17.25,532400,1100,1100,HDFCLIFE,630.0,PE,27-FEB-2025
2025-02-03 13:48:07.953000,HDFCLIFE27FEB25P630,OPTSTK,17.05,1636800,17.05,17.25,532400,1100,1100,HDFCLIFE,630.0,PE,27-FEB-2025
2025-02-03 13:48:14.714984,HDFCLIFE27FEB25P630,OPTSTK,17.05,1636800,16.9,17.15,532400,2200,1100,HDFCLIFE,630.0,PE,27-FEB-2025
2025-02-03 13:48:21.162985,HDFCLIFE27FEB25P630,OPTSTK,17.05,1636800,16.9,17.15,532400,2200,1100,HDFCLIFE,630.0,PE,27-FEB-2025
2025-02-03 13:48:27.753542,HDFCLIFE27FEB25P630,OPTSTK,17.05,1636800,16.9,17.15,532400,2200,1100,HDFCLIFE,630.0,PE,27-FEB-2025
2025-02-03 13:48:34.187952,HDFCLIFE27FEB25P630,OPTSTK,17.05,1636800,16.9,17.15,532400,2200,1100,HDFCLIFE,630.0,PE,27-FEB-2025
2025-02-03 13:48:40.583121,HDFCLIFE27FEB25P630,OPTSTK,17.05,1636800,16.85,17.15,532400,2200,1100,HDFCLIFE,630.0,PE,27-FEB-2025
2025-02-03 13:48:46.905128,HDFCLIFE27FEB25P630,OPTSTK,17.05,1636800,16.85,17.15,532400,2200,1100,HDFCLIFE,630.0,PE,27-FEB-2025
2025-02-03 13:48:53.263084,HDFCLIFE27FEB25P630,OPTSTK,17.05,1636800,16.85,17.15,532400,2200,1100,HDFCLIFE,630.0,PE,27-FEB-2025
2025-02-03 13:49:00.066771,HDFCLIFE27FEB25P630,OPTSTK,17.05,1636800,16.9,17.2,532400,2200,4400,HDFCLIFE,630.0,PE,27-FEB-2025
2025-02-03 13:49:06.631628,HDFCLIFE27FEB25P630,OPTSTK,17.05,1636800,16.9,17.2,532400,2200,4400,HDFCLIFE,630.0,PE,27-FEB-2025
2025-02-03 13:49:13.132532,HDFCLIFE27FEB25P630,OPTSTK,17.05,1636800,16.9,17.2,532400,2200,4400,HDFCLIFE,630.0,PE,27-FEB-2025
2025-02-03 13:49:19.680965,HDFCLIFE27FEB25P630,OPTSTK,17.05,1636800,16.9,17.2,532400,2200,4400,HDFCLIFE,630.0,PE,27-FEB-2025
2025-02-03 13:49:26.096485,HDFCLIFE27FEB25P630,OPTSTK,17.05,1636800,17.05,17.25,532400,2200,1100,HDFCLIFE,630.0,PE,27-FEB-2025
2025-02-03 13:49:32.613917,HDFCLIFE27FEB25P630,OPTSTK,17.05,1636800,17.05,17.25,532400,2200,1100,HDFCLIFE,630.0,PE,27-FEB-2025
2025-02-03 13:49:38.938541,HDFCLIFE27FEB25P630,OPTSTK,17.05,1636800,17.05,17.25,532400,2200,1100,HDFCLIFE,630.0,PE,27-FEB-2025
2025-02-03 13:49:45.467946,HDFCLIFE27FEB25P630,OPTSTK,17.05,1636800,17.05,17.25,532400,2200,1100,HDFCLIFE,630.0,PE,27-FEB-2025
2025-02-03 13:49:52.105453,HDFCLIFE27FEB25P630,OPTSTK,17.05,1636800,17.05,17.25,532400,1100,1100,HDFCLIFE,630.0,PE,27-FEB-2025
2025-02-03 13:49:58.793089,HDFCLIFE27FEB25P630,OPTSTK,17.05,1636800,17.05,17.25,532400,1100,1100,HDFCLIFE,630.0,PE,27-FEB-2025
2025-02-03 13:50:06.008356,HDFCLIFE27FEB25P630,OPTSTK,17.25,1636800,17.05,17.25,531300,1100,1100,HDFCLIFE,630.0,PE,27-FEB-2025
2025-02-03 13:50:12.716542,HDFCLIFE27FEB25P630,OPTSTK,17.25,1637900,17.2,17.4,531300,1100,1100,HDFCLIFE,630.0,PE,27-FEB-2025
2025-02-03 13:50:19.313889,HDFCLIFE27FEB25P630,OPTSTK,17.25,1637900,17.2,17.4,531300,1100,1100,HDFCLIFE,630.0,PE,27-FEB-2025
2025-02-03 13:50:25.840513,HDFCLIFE27FEB25P630,OPTSTK,17.25,1637900,17.2,17.4,531300,1100,1100,HDFCLIFE,630.0,PE,27-FEB-2025
2025-02-03 13:50:32.608774,HDFCLIFE27FEB25P630,OPTSTK,17.25,1637900,17.2,17.4,531300,1100,1100,HDFCLIFE,630.0,PE,27-FEB-2025
2025-02-03 13:50:39.047779,HDFCLIFE27FEB25P630,OPTSTK,17.25,1637900,17.25,17.4,531300,1100,1100,HDFCLIFE,630.0,PE,27-FEB-2025
2025-02-03 13:50:45.474854,HDFCLIFE27FEB25P630,OPTSTK,17.25,1637900,17.25,17.4,531300,1100,1100,HDFCLIFE,630.0,PE,27-FEB-2025
2025-02-03 13:50:52.057491,HDFCLIFE27FEB25P630,OPTSTK,17.25,1637900,17.25,17.4,531300,1100,1100,HDFCLIFE,630.0,PE,27-FEB-2025
2025-02-03 13:50:58.766945,HDFCLIFE27FEB25P630,OPTSTK,17.25,1637900,17.25,17.4,531300,1100,1100,HDFCLIFE,630.0,PE,27-FEB-2025
2025-02-03 13:51:05.475633,HDFCLIFE27FEB25P630,OPTSTK,17.25,1637900,17.45,17.7,531300,2200,1100,HDFCLIFE,630.0,PE,27-FEB-2025
2025-02-03 13:51:12.028660,HDFCLIFE27FEB25P630,OPTSTK,17.25,1637900,17.45,17.7,531300,2200,1100,HDFCLIFE,630.0,PE,27-FEB-2025
2025-02-03 13:51:18.680980,HDFCLIFE27FEB25P630,OPTSTK,17.25,1637900,17.45,17.7,531300,2200,1100,HDFCLIFE,630.0,PE,27-FEB-2025
2025-02-03 13:51:25.013071,HDFCLIFE27FEB25P630,OPTSTK,17.25,1637900,17.45,17.7,531300,2200,1100,HDFCLIFE,630.0,PE,27-FEB-2025
2025-02-03 13:51:31.453217,HDFCLIFE27FEB25P630,OPTSTK,17.25,1637900,17.65,17.9,531300,2200,1100,HDFCLIFE,630.0,PE,27-FEB-2025
2025-02-03 13:51:37.905607,HDFCLIFE27FEB25P630,OPTSTK,17.25,1637900,17.65,17.9,531300,2200,1100,HDFCLIFE,630.0,PE,27-FEB-2025
2025-02-03 13:51:44.238989,HDFCLIFE27FEB25P630,OPTSTK,17.25,1637900,17.65,17.9,531300,2200,1100,HDFCLIFE,630.0,PE,27-FEB-2025
2025-02-03 13:51:50.507746,HDFCLIFE27FEB25P630,OPTSTK,17.25,1637900,17.65,17.9,531300,2200,1100,HDFCLIFE,630.0,PE,27-FEB-2025
2025-02-03 13:51:56.883606,HDFCLIFE27FEB25P630,OPTSTK,17.25,1637900,17.95,18.2,531300,1100,1100,HDFCLIFE,630.0,PE,27-FEB-2025
2025-02-03 13:52:05.658859,HDFCLIFE27FEB25P630,OPTSTK,17.25,1637900,17.95,18.2,531300,1100,1100,HDFCLIFE,630.0,PE,27-FEB-2025
2025-02-03 13:52:12.339100,HDFCLIFE27FEB25P630,OPTSTK,17.25,1637900,17.95,18.2,531300,1100,1100,HDFCLIFE,630.0,PE,27-FEB-2025
2025-02-03 13:52:18.727638,HDFCLIFE27FEB25P630,OPTSTK,17.25,1637900,17.95,18.2,531300,1100,1100,HDFCLIFE,630.0,PE,27-FEB-2025
2025-02-03 13:52:25.431496,HDFCLIFE27FEB25P630,OPTSTK,17.25,1637900,18.0,18.2,531300,2200,1100,HDFCLIFE,630.0,PE,27-FEB-2025
2025-02-03 13:52:31.797705,HDFCLIFE27FEB25P630,OPTSTK,17.25,1637900,18.0,18.2,531300,2200,1100,HDFCLIFE,630.0,PE,27-FEB-2025
2025-02-03 13:52:38.631916,HDFCLIFE27FEB25P630,OPTSTK,17.25,1637900,18.0,18.2,531300,2200,1100,HDFCLIFE,630.0,PE,27-FEB-2025
2025-02-03 13:52:45.626909,HDFCLIFE27FEB25P630,OPTSTK,17.25,1637900,18.0,18.2,531300,2200,1100,HDFCLIFE,630.0,PE,27-FEB-2025
2025-02-03 13:52:52.108407,HDFCLIFE27FEB25P630,OPTSTK,17.25,1637900,18.1,18.3,531300,1100,1100,HDFCLIFE,630.0,PE,27-FEB-2025
2025-02-03 13:52:58.568033,HDFCLIFE27FEB25P630,OPTSTK,18.1,1637900,18.1,18.3,531300,1100,1100,HDFCLIFE,630.0,PE,27-FEB-2025
2025-02-03 13:53:06.110086,HDFCLIFE27FEB25P630,OPTSTK,18.1,1637900,18.1,18.3,531300,1100,1100,HDFCLIFE,630.0,PE,27-FEB-2025
2025-02-03 13:53:12.712244,HDFCLIFE27FEB25P630,OPTSTK,18.1,1637900,18.1,18.3,531300,1100,1100,HDFCLIFE,630.0,PE,27-FEB-2025
2025-02-03 13:53:19.190664,HDFCLIFE27FEB25P630,OPTSTK,18.1,1639000,17.95,18.2,531300,1100,1100,HDFCLIFE,630.0,PE,27-FEB-2025
2025-02-03 13:53:25.799296,HDFCLIFE27FEB25P630,OPTSTK,18.1,1639000,17.95,18.2,531300,1100,1100,HDFCLIFE,630.0,PE,27-FEB-2025
2025-02-03 13:53:32.366190,HDFCLIFE27FEB25P630,OPTSTK,18.1,1639000,17.95,18.2,531300,1100,1100,HDFCLIFE,630.0,PE,27-FEB-2025
2025-02-03 13:53:39.803627,HDFCLIFE27FEB25P630,OPTSTK,18.1,1639000,17.95,18.2,531300,1100,1100,HDFCLIFE,630.0,PE,27-FEB-2025
2025-02-03 13:53:46.119007,HDFCLIFE27FEB25P630,OPTSTK,18.1,1639000,17.95,18.2,531300,2200,1100,HDFCLIFE,630.0,PE,27-FEB-2025
2025-02-03 13:53:52.602231,HDFCLIFE27FEB25P630,OPTSTK,18.1,1639000,17.95,18.2,531300,2200,1100,HDFCLIFE,630.0,PE,27-FEB-2025
2025-02-03 13:53:59.164859,HDFCLIFE27FEB25P630,OPTSTK,18.0,1639000,17.95,18.2,531300,2200,1100,HDFCLIFE,630.0,PE,27-FEB-2025
2025-02-03 13:54:05.588259,HDFCLIFE27FEB25P630,OPTSTK,18.0,1639000,17.95,18.2,531300,2200,1100,HDFCLIFE,630.0,PE,27-FEB-2025
2025-02-03 13:54:11.915353,HDFCLIFE27FEB25P630,OPTSTK,18.25,1640100,18.0,18.25,531300,1100,1100,HDFCLIFE,630.0,PE,27-FEB-2025
2025-02-03 13:54:18.182617,HDFCLIFE27FEB25P630,OPTSTK,18.25,1640100,18.0,18.25,531300,1100,1100,HDFCLIFE,630.0,PE,27-FEB-2025
2025-02-03 13:54:24.742683,HDFCLIFE27FEB25P630,OPTSTK,18.25,1640100,18.0,18.25,531300,1100,1100,HDFCLIFE,630.0,PE,27-FEB-2025
2025-02-03 13:54:31.128176,HDFCLIFE27FEB25P630,OPTSTK,18.25,1640100,18.0,18.25,531300,1100,1100,HDFCLIFE,630.0,PE,27-FEB-2025
2025-02-03 13:54:37.682295,HDFCLIFE27FEB25P630,OPTSTK,18.25,1641200,17.95,18.2,531300,1100,1100,HDFCLIFE,630.0,PE,27-FEB-2025
2025-02-03 13:54:44.263125,HDFCLIFE27FEB25P630,OPTSTK,18.25,1641200,17.95,18.2,531300,1100,1100,HDFCLIFE,630.0,PE,27-FEB-2025
2025-02-03 13:54:52.055760,HDFCLIFE27FEB25P630,OPTSTK,18.25,1641200,17.95,18.2,531300,1100,1100,HDFCLIFE,630.0,PE,27-FEB-2025
2025-02-03 13:54:58.494626,HDFCLIFE27FEB25P630,OPTSTK,18.25,1641200,18.05,18.25,531300,1100,1100,HDFCLIFE,630.0,PE,27-FEB-2025
2025-02-03 13:55:05.157237,HDFCLIFE27FEB25P630,OPTSTK,18.25,1641200,18.05,18.25,531300,1100,1100,HDFCLIFE,630.0,PE,27-FEB-2025
2025-02-03 13:55:11.705489,HDFCLIFE27FEB25P630,OPTSTK,18.3,1641200,18.05,18.25,531300,1100,1100,HDFCLIFE,630.0,PE,27-FEB-2025
2025-02-03 13:55:18.321954,HDFCLIFE27FEB25P630,OPTSTK,18.3,1641200,18.05,18.25,531300,1100,1100,HDFCLIFE,630.0,PE,27-FEB-2025
2025-02-03 13:55:25.077898,HDFCLIFE27FEB25P630,OPTSTK,18.3,1642300,18.2,18.4,531300,2200,2200,HDFCLIFE,630.0,PE,27-FEB-2025
2025-02-03 13:55:31.584060,HDFCLIFE27FEB25P630,OPTSTK,18.3,1642300,18.2,18.4,531300,2200,2200,HDFCLIFE,630.0,PE,27-FEB-2025
2025-02-03 13:55:37.933230,HDFCLIFE27FEB25P630,OPTSTK,18.3,1642300,18.2,18.4,531300,2200,2200,HDFCLIFE,630.0,PE,27-FEB-2025
2025-02-03 13:55:44.444472,HDFCLIFE27FEB25P630,OPTSTK,18.3,1642300,18.2,18.4,531300,2200,2200,HDFCLIFE,630.0,PE,27-FEB-2025
2025-02-03 13:55:50.997841,HDFCLIFE27FEB25P630,OPTSTK,18.3,1642300,18.35,18.45,531300,1100,1100,HDFCLIFE,630.0,PE,27-FEB-2025
2025-02-03 13:55:57.323705,HDFCLIFE27FEB25P630,OPTSTK,18.3,1642300,18.35,18.45,531300,1100,1100,HDFCLIFE,630.0,PE,27-FEB-2025
2025-02-03 13:56:03.670876,HDFCLIFE27FEB25P630,OPTSTK,18.3,1642300,18.35,18.45,531300,1100,1100,HDFCLIFE,630.0,PE,27-FEB-2025
2025-02-03 13:56:10.035541,HDFCLIFE27FEB25P630,OPTSTK,18.3,1642300,18.35,18.45,531300,1100,1100,HDFCLIFE,630.0,PE,27-FEB-2025
2025-02-03 13:56:16.489619,HDFCLIFE27FEB25P630,OPTSTK,18.3,1642300,18.25,18.5,531300,1100,2200,HDFCLIFE,630.0,PE,27-FEB-2025
2025-02-03 13:56:23.061060,HDFCLIFE27FEB25P630,OPTSTK,18.3,1642300,18.25,18.5,531300,1100,2200,HDFCLIFE,630.0,PE,27-FEB-2025
2025-02-03 13:56:29.656241,HDFCLIFE27FEB25P630,OPTSTK,18.3,1642300,18.25,18.5,531300,1100,2200,HDFCLIFE,630.0,PE,27-FEB-2025
2025-02-03 13:56:36.146184,HDFCLIFE27FEB25P630,OPTSTK,18.3,1642300,18.25,18.5,531300,1100,2200,HDFCLIFE,630.0,PE,27-FEB-2025
2025-02-03 13:56:42.414459,HDFCLIFE27FEB25P630,OPTSTK,18.3,1642300,18.25,18.45,531300,1100,1100,HDFCLIFE,630.0,PE,27-FEB-2025
2025-02-03 13:56:49.001142,HDFCLIFE27FEB25P630,OPTSTK,18.3,1642300,18.25,18.45,531300,1100,1100,HDFCLIFE,630.0,PE,27-FEB-2025
2025-02-03 13:56:55.417925,HDFCLIFE27FEB25P630,OPTSTK,18.3,1642300,18.25,18.45,531300,1100,1100,HDFCLIFE,630.0,PE,27-FEB-2025
2025-02-03 13:57:01.895863,HDFCLIFE27FEB25P630,OPTSTK,18.3,1642300,18.25,18.45,531300,1100,1100,HDFCLIFE,630.0,PE,27-FEB-2025
2025-02-03 13:57:08.295504,HDFCLIFE27FEB25P630,OPTSTK,18.3,1642300,18.15,18.45,531300,1100,1100,HDFCLIFE,630.0,PE,27-FEB-2025
2025-02-03 13:57:14.867053,HDFCLIFE27FEB25P630,OPTSTK,18.3,1642300,18.15,18.45,531300,1100,1100,HDFCLIFE,630.0,PE,27-FEB-2025
2025-02-03 13:57:21.623502,HDFCLIFE27FEB25P630,OPTSTK,18.3,1642300,18.15,18.45,531300,1100,1100,HDFCLIFE,630.0,PE,27-FEB-2025
2025-02-03 13:57:28.448309,HDFCLIFE27FEB25P630,OPTSTK,18.3,1642300,18.35,18.55,531300,1100,1100,HDFCLIFE,630.0,PE,27-FEB-2025
2025-02-03 13:57:35.167733,HDFCLIFE27FEB25P630,OPTSTK,18.3,1642300,18.35,18.55,531300,1100,1100,HDFCLIFE,630.0,PE,27-FEB-2025
2025-02-03 13:57:41.562968,HDFCLIFE27FEB25P630,OPTSTK,18.3,1642300,18.35,18.55,531300,1100,1100,HDFCLIFE,630.0,PE,27-FEB-2025
2025-02-03 13:57:47.913130,HDFCLIFE27FEB25P630,OPTSTK,18.3,1642300,18.35,18.55,531300,1100,1100,HDFCLIFE,630.0,PE,27-FEB-2025
2025-02-03 13:57:54.236629,HDFCLIFE27FEB25P630,OPTSTK,18.3,1642300,18.4,18.65,531300,2200,1100,HDFCLIFE,630.0,PE,27-FEB-2025
2025-02-03 13:58:00.975598,HDFCLIFE27FEB25P630,OPTSTK,18.3,1642300,18.4,18.65,531300,2200,1100,HDFCLIFE,630.0,PE,27-FEB-2025
2025-02-03 13:58:07.459084,HDFCLIFE27FEB25P630,OPTSTK,18.3,1642300,18.4,18.65,531300,2200,1100,HDFCLIFE,630.0,PE,27-FEB-2025
2025-02-03 13:58:13.913687,HDFCLIFE27FEB25P630,OPTSTK,18.3,1642300,18.4,18.65,531300,2200,1100,HDFCLIFE,630.0,PE,27-FEB-2025
2025-02-03 13:58:20.754105,HDFCLIFE27FEB25P630,OPTSTK,18.3,1642300,18.1,18.3,531300,2200,1100,HDFCLIFE,630.0,PE,27-FEB-2025
2025-02-03 13:58:27.813381,HDFCLIFE27FEB25P630,OPTSTK,18.3,1642300,18.1,18.3,531300,2200,1100,HDFCLIFE,630.0,PE,27-FEB-2025
2025-02-03 13:58:34.980802,HDFCLIFE27FEB25P630,OPTSTK,18.3,1642300,18.1,18.3,531300,2200,1100,HDFCLIFE,630.0,PE,27-FEB-2025
2025-02-03 13:58:41.619495,HDFCLIFE27FEB25P630,OPTSTK,18.3,1642300,18.1,18.3,531300,2200,1100,HDFCLIFE,630.0,PE,27-FEB-2025
2025-02-03 13:58:48.358217,HDFCLIFE27FEB25P630,OPTSTK,18.3,1642300,18.15,18.4,531300,2200,1100,HDFCLIFE,630.0,PE,27-FEB-2025
2025-02-03 13:58:55.759453,HDFCLIFE27FEB25P630,OPTSTK,18.3,1642300,18.15,18.4,531300,2200,1100,HDFCLIFE,630.0,PE,27-FEB-2025
2025-02-03 13:59:02.256535,HDFCLIFE27FEB25P630,OPTSTK,18.3,1642300,18.15,18.4,531300,2200,1100,HDFCLIFE,630.0,PE,27-FEB-2025
2025-02-03 13:59:08.629692,HDFCLIFE27FEB25P630,OPTSTK,18.3,1642300,18.2,18.5,531300,2200,1100,HDFCLIFE,630.0,PE,27-FEB-2025
2025-02-03 13:59:15.075411,HDFCLIFE27FEB25P630,OPTSTK,18.3,1642300,18.2,18.5,531300,2200,1100,HDFCLIFE,630.0,PE,27-FEB-2025
2025-02-03 13:59:21.601381,HDFCLIFE27FEB25P630,OPTSTK,18.3,1642300,18.2,18.5,531300,2200,1100,HDFCLIFE,630.0,PE,27-FEB-2025
2025-02-03 13:59:28.134271,HDFCLIFE27FEB25P630,OPTSTK,18.3,1642300,18.2,18.5,531300,2200,1100,HDFCLIFE,630.0,PE,27-FEB-2025
2025-02-03 13:59:34.374057,HDFCLIFE27FEB25P630,OPTSTK,18.3,1642300,18.3,18.5,531300,2200,1100,HDFCLIFE,630.0,PE,27-FEB-2025
2025-02-03 13:59:41.866116,HDFCLIFE27FEB25P630,OPTSTK,18.3,1642300,18.3,18.5,531300,2200,1100,HDFCLIFE,630.0,PE,27-FEB-2025
2025-02-03 13:59:48.470644,HDFCLIFE27FEB25P630,OPTSTK,18.3,1642300,18.3,18.5,531300,2200,1100,HDFCLIFE,630.0,PE,27-FEB-2025
2025-02-03 13:59:55.116339,HDFCLIFE27FEB25P630,OPTSTK,18.3,1642300,18.35,18.55,531300,1100,1100,HDFCLIFE,630.0,PE,27-FEB-2025
2025-02-03 14:00:01.675797,HDFCLIFE27FEB25P630,OPTSTK,18.3,1642300,18.35,18.55,531300,1100,1100,HDFCLIFE,630.0,PE,27-FEB-2025
2025-02-03 14:00:08.215353,HDFCLIFE27FEB25P630,OPTSTK,18.3,1642300,18.35,18.55,531300,1100,1100,HDFCLIFE,630.0,PE,27-FEB-2025
2025-02-03 14:00:14.761357,HDFCLIFE27FEB25P630,OPTSTK,18.3,1642300,18.35,18.55,531300,1100,1100,HDFCLIFE,630.0,PE,27-FEB-2025
2025-02-03 14:00:21.295572,HDFCLIFE27FEB25P630,OPTSTK,18.3,1642300,18.3,18.5,531300,1100,1100,HDFCLIFE,630.0,PE,27-FEB-2025
2025-02-03 14:00:28.675177,HDFCLIFE27FEB25P630,OPTSTK,18.3,1642300,18.3,18.5,531300,1100,1100,HDFCLIFE,630.0,PE,27-FEB-2025
2025-02-03 14:00:35.121548,HDFCLIFE27FEB25P630,OPTSTK,18.3,1642300,18.3,18.5,531300,1100,1100,HDFCLIFE,630.0,PE,27-FEB-2025
2025-02-03 14:00:41.899339,HDFCLIFE27FEB25P630,OPTSTK,18.3,1642300,18.3,18.5,531300,1100,1100,HDFCLIFE,630.0,PE,27-FEB-2025
2025-02-03 14:00:49.354826,HDFCLIFE27FEB25P630,OPTSTK,18.3,1642300,18.2,18.45,531300,1100,1100,HDFCLIFE,630.0,PE,27-FEB-2025
2025-02-03 14:00:58.386711,HDFCLIFE27FEB25P630,OPTSTK,18.3,1642300,18.2,18.45,531300,1100,1100,HDFCLIFE,630.0,PE,27-FEB-2025
2025-02-03 14:01:04.871270,HDFCLIFE27FEB25P630,OPTSTK,18.2,1642300,18.2,18.45,532400,1100,1100,HDFCLIFE,630.0,PE,27-FEB-2025
2025-02-03 14:01:11.340441,HDFCLIFE27FEB25P630,OPTSTK,18.2,1643400,18.1,18.3,532400,1100,1100,HDFCLIFE,630.0,PE,27-FEB-2025
2025-02-03 14:01:18.219650,HDFCLIFE27FEB25P630,OPTSTK,18.2,1643400,18.1,18.3,532400,1100,1100,HDFCLIFE,630.0,PE,27-FEB-2025
2025-02-03 14:01:24.859078,HDFCLIFE27FEB25P630,OPTSTK,18.2,1643400,18.1,18.3,532400,1100,1100,HDFCLIFE,630.0,PE,27-FEB-2025
2025-02-03 14:01:31.673951,HDFCLIFE27FEB25P630,OPTSTK,18.2,1643400,18.1,18.3,532400,1100,1100,HDFCLIFE,630.0,PE,27-FEB-2025
2025-02-03 14:01:38.377523,HDFCLIFE27FEB25P630,OPTSTK,18.2,1643400,18.1,18.3,532400,1100,1100,HDFCLIFE,630.0,PE,27-FEB-2025
2025-02-03 14:01:45.904814,HDFCLIFE27FEB25P630,OPTSTK,18.2,1643400,18.1,18.3,532400,1100,1100,HDFCLIFE,630.0,PE,27-FEB-2025
2025-02-03 14:01:52.605048,HDFCLIFE27FEB25P630,OPTSTK,18.2,1643400,18.1,18.3,532400,1100,1100,HDFCLIFE,630.0,PE,27-FEB-2025
2025-02-03 14:01:59.266513,HDFCLIFE27FEB25P630,OPTSTK,18.2,1643400,18.2,18.5,532400,2200,1100,HDFCLIFE,630.0,PE,27-FEB-2025
2025-02-03 14:02:05.719748,HDFCLIFE27FEB25P630,OPTSTK,18.2,1643400,18.2,18.5,532400,2200,1100,HDFCLIFE,630.0,PE,27-FEB-2025
2025-02-03 14:02:12.348743,HDFCLIFE27FEB25P630,OPTSTK,18.2,1643400,18.2,18.5,532400,2200,1100,HDFCLIFE,630.0,PE,27-FEB-2025
2025-02-03 14:02:19.240349,HDFCLIFE27FEB25P630,OPTSTK,18.2,1643400,18.2,18.5,532400,2200,1100,HDFCLIFE,630.0,PE,27-FEB-2025
2025-02-03 14:02:26.015319,HDFCLIFE27FEB25P630,OPTSTK,18.2,1643400,17.95,18.2,532400,2200,1100,HDFCLIFE,630.0,PE,27-FEB-2025
2025-02-03 14:02:32.663208,HDFCLIFE27FEB25P630,OPTSTK,18.2,1643400,17.95,18.2,532400,2200,1100,HDFCLIFE,630.0,PE,27-FEB-2025
2025-02-03 14:02:39.233274,HDFCLIFE27FEB25P630,OPTSTK,18.2,1643400,17.95,18.2,532400,2200,1100,HDFCLIFE,630.0,PE,27-FEB-2025
2025-02-03 14:02:45.881364,HDFCLIFE27FEB25P630,OPTSTK,18.2,1643400,17.95,18.2,532400,2200,1100,HDFCLIFE,630.0,PE,27-FEB-2025
2025-02-03 14:02:52.636977,HDFCLIFE27FEB25P630,OPTSTK,17.85,1643400,17.85,18.1,532400,2200,1100,HDFCLIFE,630.0,PE,27-FEB-2025
2025-02-03 14:02:59.164504,HDFCLIFE27FEB25P630,OPTSTK,18.0,1643400,17.85,18.1,532400,2200,1100,HDFCLIFE,630.0,PE,27-FEB-2025
2025-02-03 14:03:05.878869,HDFCLIFE27FEB25P630,OPTSTK,18.0,1643400,17.85,18.1,532400,2200,1100,HDFCLIFE,630.0,PE,27-FEB-2025
2025-02-03 14:03:12.454041,HDFCLIFE27FEB25P630,OPTSTK,18.0,1645600,17.85,18.0,532400,1100,1100,HDFCLIFE,630.0,PE,27-FEB-2025
2025-02-03 14:03:18.928286,HDFCLIFE27FEB25P630,OPTSTK,18.0,1645600,17.85,18.0,532400,1100,1100,HDFCLIFE,630.0,PE,27-FEB-2025
2025-02-03 14:03:25.587884,HDFCLIFE27FEB25P630,OPTSTK,18.0,1645600,17.85,18.0,532400,1100,1100,HDFCLIFE,630.0,PE,27-FEB-2025
2025-02-03 14:03:32.233786,HDFCLIFE27FEB25P630,OPTSTK,18.0,1645600,17.85,18.0,532400,1100,1100,HDFCLIFE,630.0,PE,27-FEB-2025
2025-02-03 14:03:39.041334,HDFCLIFE27FEB25P630,OPTSTK,18.0,1645600,17.85,18.05,532400,1100,2200,HDFCLIFE,630.0,PE,27-FEB-2025
2025-02-03 14:03:45.661838,HDFCLIFE27FEB25P630,OPTSTK,18.0,1645600,17.85,18.05,532400,1100,2200,HDFCLIFE,630.0,PE,27-FEB-2025
2025-02-03 14:03:52.159108,HDFCLIFE27FEB25P630,OPTSTK,18.0,1645600,17.85,18.05,532400,1100,2200,HDFCLIFE,630.0,PE,27-FEB-2025
2025-02-03 14:03:59.225473,HDFCLIFE27FEB25P630,OPTSTK,18.0,1645600,17.85,18.05,532400,1100,2200,HDFCLIFE,630.0,PE,27-FEB-2025
2025-02-03 14:04:05.835888,HDFCLIFE27FEB25P630,OPTSTK,18.0,1645600,17.9,18.15,532400,2200,1100,HDFCLIFE,630.0,PE,27-FEB-2025
2025-02-03 14:04:12.338726,HDFCLIFE27FEB25P630,OPTSTK,18.0,1645600,17.9,18.15,532400,2200,1100,HDFCLIFE,630.0,PE,27-FEB-2025
2025-02-03 14:04:19.207225,HDFCLIFE27FEB25P630,OPTSTK,18.0,1645600,17.9,18.15,532400,2200,1100,HDFCLIFE,630.0,PE,27-FEB-2025
2025-02-03 14:04:25.818358,HDFCLIFE27FEB25P630,OPTSTK,18.0,1645600,17.95,18.2,532400,1100,1100,HDFCLIFE,630.0,PE,27-FEB-2025
2025-02-03 14:04:32.498318,HDFCLIFE27FEB25P630,OPTSTK,18.0,1645600,17.95,18.2,532400,1100,1100,HDFCLIFE,630.0,PE,27-FEB-2025
2025-02-03 14:04:38.912220,HDFCLIFE27FEB25P630,OPTSTK,18.0,1645600,17.95,18.2,531300,1100,1100,HDFCLIFE,630.0,PE,27-FEB-2025
2025-02-03 14:04:45.396933,HDFCLIFE27FEB25P630,OPTSTK,18.0,1645600,17.95,18.2,531300,1100,1100,HDFCLIFE,630.0,PE,27-FEB-2025
2025-02-03 14:04:52.285241,HDFCLIFE27FEB25P630,OPTSTK,18.0,1646700,17.8,18.1,531300,2200,1100,HDFCLIFE,630.0,PE,27-FEB-2025
2025-02-03 14:04:58.935353,HDFCLIFE27FEB25P630,OPTSTK,18.0,1646700,17.8,18.1,531300,2200,1100,HDFCLIFE,630.0,PE,27-FEB-2025
2025-02-03 14:05:05.606740,HDFCLIFE27FEB25P630,OPTSTK,18.0,1646700,17.8,18.1,531300,2200,1100,HDFCLIFE,630.0,PE,27-FEB-2025
2025-02-03 14:05:12.188737,HDFCLIFE27FEB25P630,OPTSTK,18.0,1646700,17.8,18.1,531300,2200,1100,HDFCLIFE,630.0,PE,27-FEB-2025
2025-02-03 14:05:18.568047,HDFCLIFE27FEB25P630,OPTSTK,18.0,1646700,17.95,18.15,531300,2200,1100,HDFCLIFE,630.0,PE,27-FEB-2025
2025-02-03 14:05:24.917560,HDFCLIFE27FEB25P630,OPTSTK,18.0,1646700,17.95,18.15,531300,2200,1100,HDFCLIFE,630.0,PE,27-FEB-2025
2025-02-03 14:05:31.521283,HDFCLIFE27FEB25P630,OPTSTK,18.0,1646700,17.95,18.15,531300,2200,1100,HDFCLIFE,630.0,PE,27-FEB-2025
2025-02-03 14:05:38.062273,HDFCLIFE27FEB25P630,OPTSTK,18.0,1646700,17.8,18.05,531300,2200,2200,HDFCLIFE,630.0,PE,27-FEB-2025
2025-02-03 14:05:44.928848,HDFCLIFE27FEB25P630,OPTSTK,18.0,1646700,17.8,18.05,531300,2200,2200,HDFCLIFE,630.0,PE,27-FEB-2025
2025-02-03 14:05:51.699318,HDFCLIFE27FEB25P630,OPTSTK,18.0,1646700,17.8,18.05,531300,2200,2200,HDFCLIFE,630.0,PE,27-FEB-2025
2025-02-03 14:05:58.531886,HDFCLIFE27FEB25P630,OPTSTK,18.0,1646700,17.8,18.05,531300,2200,2200,HDFCLIFE,630.0,PE,27-FEB-2025
2025-02-03 14:06:05.527342,HDFCLIFE27FEB25P630,OPTSTK,18.0,1646700,17.75,18.0,531300,2200,1100,HDFCLIFE,630.0,PE,27-FEB-2025
2025-02-03 14:06:12.188012,HDFCLIFE27FEB25P630,OPTSTK,18.0,1646700,17.75,18.0,531300,2200,1100,HDFCLIFE,630.0,PE,27-FEB-2025
2025-02-03 14:06:18.626014,HDFCLIFE27FEB25P630,OPTSTK,18.0,1646700,17.75,18.0,531300,2200,1100,HDFCLIFE,630.0,PE,27-FEB-2025
2025-02-03 14:06:25.113023,HDFCLIFE27FEB25P630,OPTSTK,18.0,1646700,17.8,18.0,531300,1100,2200,HDFCLIFE,630.0,PE,27-FEB-2025
2025-02-03 14:06:31.722145,HDFCLIFE27FEB25P630,OPTSTK,18.0,1646700,17.8,18.0,531300,1100,2200,HDFCLIFE,630.0,PE,27-FEB-2025
2025-02-03 14:06:38.339126,HDFCLIFE27FEB25P630,OPTSTK,18.0,1646700,17.8,18.0,531300,1100,2200,HDFCLIFE,630.0,PE,27-FEB-2025
2025-02-03 14:06:44.873106,HDFCLIFE27FEB25P630,OPTSTK,18.0,1646700,17.8,18.0,531300,1100,2200,HDFCLIFE,630.0,PE,27-FEB-2025
2025-02-03 14:06:51.527902,HDFCLIFE27FEB25P630,OPTSTK,17.85,1648900,17.75,18.0,531300,4400,1100,HDFCLIFE,630.0,PE,27-FEB-2025
2025-02-03 14:06:58.129772,HDFCLIFE27FEB25P630,OPTSTK,17.85,1648900,17.75,18.0,531300,4400,1100,HDFCLIFE,630.0,PE,27-FEB-2025
2025-02-03 14:07:05.070753,HDFCLIFE27FEB25P630,OPTSTK,17.85,1648900,17.75,18.0,531300,4400,1100,HDFCLIFE,630.0,PE,27-FEB-2025
2025-02-03 14:07:11.973269,HDFCLIFE27FEB25P630,OPTSTK,17.85,1648900,17.75,18.0,531300,4400,1100,HDFCLIFE,630.0,PE,27-FEB-2025
2025-02-03 14:07:18.907353,HDFCLIFE27FEB25P630,OPTSTK,17.85,1648900,17.8,18.05,531300,2200,1100,HDFCLIFE,630.0,PE,27-FEB-2025
2025-02-03 14:07:27.047797,HDFCLIFE27FEB25P630,OPTSTK,17.85,1648900,17.8,18.05,531300,2200,1100,HDFCLIFE,630.0,PE,27-FEB-2025
2025-02-03 14:07:33.603165,HDFCLIFE27FEB25P630,OPTSTK,17.85,1648900,17.8,18.05,531300,2200,1100,HDFCLIFE,630.0,PE,27-FEB-2025
2025-02-03 14:07:40.195306,HDFCLIFE27FEB25P630,OPTSTK,17.85,1648900,17.8,18.05,531300,1100,1100,HDFCLIFE,630.0,PE,27-FEB-2025
2025-02-03 14:07:46.848182,HDFCLIFE27FEB25P630,OPTSTK,17.85,1648900,17.8,18.05,531300,1100,1100,HDFCLIFE,630.0,PE,27-FEB-2025
2025-02-03 14:07:53.366852,HDFCLIFE27FEB25P630,OPTSTK,17.85,1648900,17.8,18.05,531300,1100,1100,HDFCLIFE,630.0,PE,27-FEB-2025
2025-02-03 14:07:59.915704,HDFCLIFE27FEB25P630,OPTSTK,17.85,1648900,17.8,18.05,531300,1100,1100,HDFCLIFE,630.0,PE,27-FEB-2025
2025-02-03 14:08:06.339235,HDFCLIFE27FEB25P630,OPTSTK,17.85,1648900,17.85,18.15,531300,2200,1100,HDFCLIFE,630.0,PE,27-FEB-2025
2025-02-03 14:08:12.970806,HDFCLIFE27FEB25P630,OPTSTK,17.85,1648900,17.85,18.15,531300,2200,1100,HDFCLIFE,630.0,PE,27-FEB-2025
2025-02-03 14:08:19.349097,HDFCLIFE27FEB25P630,OPTSTK,17.85,1648900,17.85,18.15,531300,2200,1100,HDFCLIFE,630.0,PE,27-FEB-2025
2025-02-03 14:08:25.757041,HDFCLIFE27FEB25P630,OPTSTK,17.85,1648900,17.85,18.15,531300,2200,1100,HDFCLIFE,630.0,PE,27-FEB-2025
2025-02-03 14:08:32.420137,HDFCLIFE27FEB25P630,OPTSTK,17.85,1648900,17.65,17.8,531300,1100,1100,HDFCLIFE,630.0,PE,27-FEB-2025
2025-02-03 14:08:38.956554,HDFCLIFE27FEB25P630,OPTSTK,17.85,1648900,17.65,17.8,531300,1100,1100,HDFCLIFE,630.0,PE,27-FEB-2025
2025-02-03 14:08:45.581895,HDFCLIFE27FEB25P630,OPTSTK,17.85,1648900,17.65,17.8,531300,1100,1100,HDFCLIFE,630.0,PE,27-FEB-2025
2025-02-03 14:08:52.187410,HDFCLIFE27FEB25P630,OPTSTK,17.85,1648900,17.6,17.85,531300,2200,1100,HDFCLIFE,630.0,PE,27-FEB-2025
2025-02-03 14:08:58.745204,HDFCLIFE27FEB25P630,OPTSTK,17.85,1648900,17.6,17.85,531300,2200,1100,HDFCLIFE,630.0,PE,27-FEB-2025
2025-02-03 14:09:05.386928,HDFCLIFE27FEB25P630,OPTSTK,17.85,1648900,17.6,17.85,531300,2200,1100,HDFCLIFE,630.0,PE,27-FEB-2025
2025-02-03 14:09:12.174730,HDFCLIFE27FEB25P630,OPTSTK,17.85,1648900,17.6,17.85,532400,2200,1100,HDFCLIFE,630.0,PE,27-FEB-2025
2025-02-03 14:09:18.698972,HDFCLIFE27FEB25P630,OPTSTK,17.85,1650000,17.7,18.0,532400,2200,1100,HDFCLIFE,630.0,PE,27-FEB-2025
2025-02-03 14:09:25.333088,HDFCLIFE27FEB25P630,OPTSTK,17.85,1650000,17.7,18.0,532400,2200,1100,HDFCLIFE,630.0,PE,27-FEB-2025
2025-02-03 14:09:31.752539,HDFCLIFE27FEB25P630,OPTSTK,18.1,1650000,17.7,18.0,532400,2200,1100,HDFCLIFE,630.0,PE,27-FEB-2025
2025-02-03 14:09:38.517468,HDFCLIFE27FEB25P630,OPTSTK,18.1,1650000,17.7,18.0,532400,2200,1100,HDFCLIFE,630.0,PE,27-FEB-2025
2025-02-03 14:09:45.156672,HDFCLIFE27FEB25P630,OPTSTK,18.1,1651100,17.9,18.15,532400,2200,1100,HDFCLIFE,630.0,PE,27-FEB-2025
2025-02-03 14:09:51.629705,HDFCLIFE27FEB25P630,OPTSTK,18.1,1651100,17.9,18.15,532400,2200,1100,HDFCLIFE,630.0,PE,27-FEB-2025
2025-02-03 14:09:58.125498,HDFCLIFE27FEB25P630,OPTSTK,18.1,1651100,17.9,18.15,532400,2200,1100,HDFCLIFE,630.0,PE,27-FEB-2025
2025-02-03 14:10:04.641849,HDFCLIFE27FEB25P630,OPTSTK,18.1,1651100,17.9,18.2,532400,2200,1100,HDFCLIFE,630.0,PE,27-FEB-2025
2025-02-03 14:10:11.153677,HDFCLIFE27FEB25P630,OPTSTK,18.1,1651100,17.9,18.2,532400,2200,1100,HDFCLIFE,630.0,PE,27-FEB-2025
2025-02-03 14:10:17.622594,HDFCLIFE27FEB25P630,OPTSTK,18.1,1651100,17.9,18.2,532400,2200,1100,HDFCLIFE,630.0,PE,27-FEB-2025
2025-02-03 14:10:24.677624,HDFCLIFE27FEB25P630,OPTSTK,18.1,1651100,17.9,18.2,532400,2200,1100,HDFCLIFE,630.0,PE,27-FEB-2025
2025-02-03 14:10:31.148643,HDFCLIFE27FEB25P630,OPTSTK,18.1,1651100,18.0,18.2,532400,1100,1100,HDFCLIFE,630.0,PE,27-FEB-2025
2025-02-03 14:10:37.864150,HDFCLIFE27FEB25P630,OPTSTK,18.1,1651100,18.0,18.2,532400,1100,1100,HDFCLIFE,630.0,PE,27-FEB-2025
2025-02-03 14:10:44.499000,HDFCLIFE27FEB25P630,OPTSTK,18.1,1651100,18.0,18.2,532400,1100,1100,HDFCLIFE,630.0,PE,27-FEB-2025
2025-02-03 14:10:51.635782,HDFCLIFE27FEB25P630,OPTSTK,18.1,1651100,18.0,18.2,532400,1100,1100,HDFCLIFE,630.0,PE,27-FEB-2025
2025-02-03 14:10:57.989788,HDFCLIFE27FEB25P630,OPTSTK,18.1,1651100,18.15,18.3,532400,1100,1100,HDFCLIFE,630.0,PE,27-FEB-2025
2025-02-03 14:11:04.402633,HDFCLIFE27FEB25P630,OPTSTK,18.1,1651100,18.15,18.3,532400,1100,1100,HDFCLIFE,630.0,PE,27-FEB-2025
2025-02-03 14:11:10.919183,HDFCLIFE27FEB25P630,OPTSTK,18.0,1651100,18.15,18.3,533500,1100,1100,HDFCLIFE,630.0,PE,27-FEB-2025
2025-02-03 14:11:17.371689,HDFCLIFE27FEB25P630,OPTSTK,18.0,1652200,17.85,18.1,533500,1100,1100,HDFCLIFE,630.0,PE,27-FEB-2025
2025-02-03 14:11:23.722326,HDFCLIFE27FEB25P630,OPTSTK,18.0,1652200,17.85,18.1,533500,1100,1100,HDFCLIFE,630.0,PE,27-FEB-2025
2025-02-03 14:11:30.019813,HDFCLIFE27FEB25P630,OPTSTK,18.0,1652200,17.85,18.1,533500,1100,1100,HDFCLIFE,630.0,PE,27-FEB-2025
2025-02-03 14:11:36.373864,HDFCLIFE27FEB25P630,OPTSTK,18.0,1652200,17.85,18.1,533500,1100,1100,HDFCLIFE,630.0,PE,27-FEB-2025
2025-02-03 14:11:42.768173,HDFCLIFE27FEB25P630,OPTSTK,18.0,1652200,17.9,18.1,533500,2200,1100,HDFCLIFE,630.0,PE,27-FEB-2025
2025-02-03 14:11:49.117140,HDFCLIFE27FEB25P630,OPTSTK,18.0,1652200,17.9,18.1,533500,2200,1100,HDFCLIFE,630.0,PE,27-FEB-2025
2025-02-03 14:11:55.466249,HDFCLIFE27FEB25P630,OPTSTK,18.0,1652200,17.9,18.1,533500,2200,1100,HDFCLIFE,630.0,PE,27-FEB-2025
2025-02-03 14:12:03.265323,HDFCLIFE27FEB25P630,OPTSTK,18.0,1652200,17.8,18.0,533500,1100,1100,HDFCLIFE,630.0,PE,27-FEB-2025
2025-02-03 14:12:09.684076,HDFCLIFE27FEB25P630,OPTSTK,18.0,1652200,17.8,18.0,533500,1100,1100,HDFCLIFE,630.0,PE,27-FEB-2025
2025-02-03 14:12:16.213480,HDFCLIFE27FEB25P630,OPTSTK,18.0,1652200,17.8,18.0,533500,1100,1100,HDFCLIFE,630.0,PE,27-FEB-2025
2025-02-03 14:12:22.567464,HDFCLIFE27FEB25P630,OPTSTK,18.0,1652200,17.8,18.0,533500,1100,1100,HDFCLIFE,630.0,PE,27-FEB-2025
2025-02-03 14:12:29.126965,HDFCLIFE27FEB25P630,OPTSTK,18.0,1652200,17.75,17.95,533500,2200,2200,HDFCLIFE,630.0,PE,27-FEB-2025
2025-02-03 14:12:35.569249,HDFCLIFE27FEB25P630,OPTSTK,18.0,1652200,17.75,17.95,533500,2200,2200,HDFCLIFE,630.0,PE,27-FEB-2025
2025-02-03 14:12:42.019830,HDFCLIFE27FEB25P630,OPTSTK,18.0,1652200,17.75,17.95,533500,2200,2200,HDFCLIFE,630.0,PE,27-FEB-2025
2025-02-03 14:12:48.526007,HDFCLIFE27FEB25P630,OPTSTK,18.0,1652200,17.75,17.95,533500,2200,2200,HDFCLIFE,630.0,PE,27-FEB-2025
2025-02-03 14:12:54.832102,HDFCLIFE27FEB25P630,OPTSTK,18.0,1652200,17.8,18.05,533500,1100,1100,HDFCLIFE,630.0,PE,27-FEB-2025
2025-02-03 14:13:01.325843,HDFCLIFE27FEB25P630,OPTSTK,18.0,1652200,17.8,18.05,533500,1100,1100,HDFCLIFE,630.0,PE,27-FEB-2025
2025-02-03 14:13:07.600670,HDFCLIFE27FEB25P630,OPTSTK,18.0,1652200,17.8,18.05,533500,1100,1100,HDFCLIFE,630.0,PE,27-FEB-2025
2025-02-03 14:13:14.219278,HDFCLIFE27FEB25P630,OPTSTK,18.0,1652200,17.8,18.05,533500,1100,1100,HDFCLIFE,630.0,PE,27-FEB-2025
2025-02-03 14:13:20.576908,HDFCLIFE27FEB25P630,OPTSTK,18.0,1652200,17.75,18.05,533500,2200,1100,HDFCLIFE,630.0,PE,27-FEB-2025
2025-02-03 14:13:26.992615,HDFCLIFE27FEB25P630,OPTSTK,18.0,1652200,17.75,18.05,533500,2200,1100,HDFCLIFE,630.0,PE,27-FEB-2025
2025-02-03 14:13:33.469710,HDFCLIFE27FEB25P630,OPTSTK,18.0,1652200,17.75,18.05,533500,2200,1100,HDFCLIFE,630.0,PE,27-FEB-2025
2025-02-03 14:13:40.266719,HDFCLIFE27FEB25P630,OPTSTK,18.0,1652200,17.8,18.1,533500,2200,1100,HDFCLIFE,630.0,PE,27-FEB-2025
2025-02-03 14:13:46.807203,HDFCLIFE27FEB25P630,OPTSTK,18.0,1652200,17.8,18.1,533500,2200,1100,HDFCLIFE,630.0,PE,27-FEB-2025
2025-02-03 14:13:53.126898,HDFCLIFE27FEB25P630,OPTSTK,18.0,1652200,17.8,18.1,533500,2200,1100,HDFCLIFE,630.0,PE,27-FEB-2025
2025-02-03 14:13:59.590493,HDFCLIFE27FEB25P630,OPTSTK,18.0,1652200,17.8,18.1,533500,2200,1100,HDFCLIFE,630.0,PE,27-FEB-2025
2025-02-03 14:14:06.075387,HDFCLIFE27FEB25P630,OPTSTK,18.0,1652200,17.9,18.1,533500,1100,1100,HDFCLIFE,630.0,PE,27-FEB-2025
2025-02-03 14:14:12.288538,HDFCLIFE27FEB25P630,OPTSTK,18.0,1652200,17.9,18.1,533500,1100,1100,HDFCLIFE,630.0,PE,27-FEB-2025
2025-02-03 14:14:18.860145,HDFCLIFE27FEB25P630,OPTSTK,18.0,1652200,17.9,18.1,533500,1100,1100,HDFCLIFE,630.0,PE,27-FEB-2025
2025-02-03 14:14:25.137973,HDFCLIFE27FEB25P630,OPTSTK,18.0,1652200,17.9,18.1,533500,1100,1100,HDFCLIFE,630.0,PE,27-FEB-2025
2025-02-03 14:14:31.588721,HDFCLIFE27FEB25P630,OPTSTK,18.0,1652200,17.95,18.2,533500,2200,1100,HDFCLIFE,630.0,PE,27-FEB-2025
2025-02-03 14:14:38.194900,HDFCLIFE27FEB25P630,OPTSTK,18.0,1652200,17.95,18.2,533500,2200,1100,HDFCLIFE,630.0,PE,27-FEB-2025
2025-02-03 14:14:44.505210,HDFCLIFE27FEB25P630,OPTSTK,18.0,1652200,17.95,18.2,533500,2200,1100,HDFCLIFE,630.0,PE,27-FEB-2025
2025-02-03 14:14:50.896037,HDFCLIFE27FEB25P630,OPTSTK,18.0,1652200,17.85,18.05,533500,1100,2200,HDFCLIFE,630.0,PE,27-FEB-2025
2025-02-03 14:14:56.985916,HDFCLIFE27FEB25P630,OPTSTK,18.0,1652200,17.85,18.05,533500,1100,2200,HDFCLIFE,630.0,PE,27-FEB-2025
2025-02-03 14:15:03.324313,HDFCLIFE27FEB25P630,OPTSTK,18.0,1652200,17.85,18.05,533500,1100,2200,HDFCLIFE,630.0,PE,27-FEB-2025
2025-02-03 14:15:09.640180,HDFCLIFE27FEB25P630,OPTSTK,18.0,1652200,17.85,18.05,533500,1100,2200,HDFCLIFE,630.0,PE,27-FEB-2025
2025-02-03 14:15:15.996442,HDFCLIFE27FEB25P630,OPTSTK,18.0,1652200,17.9,18.15,533500,2200,1100,HDFCLIFE,630.0,PE,27-FEB-2025
2025-02-03 14:15:22.417709,HDFCLIFE27FEB25P630,OPTSTK,18.0,1652200,17.9,18.15,533500,2200,1100,HDFCLIFE,630.0,PE,27-FEB-2025
2025-02-03 14:15:28.813679,HDFCLIFE27FEB25P630,OPTSTK,18.0,1652200,17.9,18.15,533500,2200,1100,HDFCLIFE,630.0,PE,27-FEB-2025
2025-02-03 14:15:35.155085,HDFCLIFE27FEB25P630,OPTSTK,18.0,1652200,17.9,18.15,533500,2200,1100,HDFCLIFE,630.0,PE,27-FEB-2025
2025-02-03 14:15:41.530617,HDFCLIFE27FEB25P630,OPTSTK,18.0,1652200,17.8,18.05,533500,2200,1100,HDFCLIFE,630.0,PE,27-FEB-2025
2025-02-03 14:15:47.688534,HDFCLIFE27FEB25P630,OPTSTK,18.0,1652200,17.8,18.05,533500,2200,1100,HDFCLIFE,630.0,PE,27-FEB-2025
2025-02-03 14:15:54.032739,HDFCLIFE27FEB25P630,OPTSTK,18.0,1652200,17.8,18.05,533500,2200,1100,HDFCLIFE,630.0,PE,27-FEB-2025
2025-02-03 14:16:00.437682,HDFCLIFE27FEB25P630,OPTSTK,18.0,1652200,17.8,18.05,533500,2200,1100,HDFCLIFE,630.0,PE,27-FEB-2025
2025-02-03 14:16:06.904254,HDFCLIFE27FEB25P630,OPTSTK,18.0,1652200,17.9,18.1,533500,2200,1100,HDFCLIFE,630.0,PE,27-FEB-2025
2025-02-03 14:16:13.207514,HDFCLIFE27FEB25P630,OPTSTK,18.0,1652200,17.9,18.1,533500,2200,1100,HDFCLIFE,630.0,PE,27-FEB-2025
2025-02-03 14:16:19.746838,HDFCLIFE27FEB25P630,OPTSTK,18.0,1652200,17.9,18.1,533500,2200,1100,HDFCLIFE,630.0,PE,27-FEB-2025
2025-02-03 14:16:26.001939,HDFCLIFE27FEB25P630,OPTSTK,18.0,1652200,17.9,18.15,533500,2200,1100,HDFCLIFE,630.0,PE,27-FEB-2025
2025-02-03 14:16:32.358741,HDFCLIFE27FEB25P630,OPTSTK,18.0,1652200,17.9,18.15,533500,2200,1100,HDFCLIFE,630.0,PE,27-FEB-2025
2025-02-03 14:16:38.592847,HDFCLIFE27FEB25P630,OPTSTK,18.0,1652200,17.9,18.15,533500,2200,1100,HDFCLIFE,630.0,PE,27-FEB-2025
2025-02-03 14:16:44.806251,HDFCLIFE27FEB25P630,OPTSTK,18.0,1652200,17.9,18.15,533500,2200,1100,HDFCLIFE,630.0,PE,27-FEB-2025
2025-02-03 14:16:51.169441,HDFCLIFE27FEB25P630,OPTSTK,18.0,1652200,17.9,18.1,533500,1100,1100,HDFCLIFE,630.0,PE,27-FEB-2025
2025-02-03 14:16:57.602023,HDFCLIFE27FEB25P630,OPTSTK,18.0,1652200,17.9,18.1,533500,1100,1100,HDFCLIFE,630.0,PE,27-FEB-2025
2025-02-03 14:17:03.871422,HDFCLIFE27FEB25P630,OPTSTK,18.0,1652200,17.9,18.1,533500,1100,1100,HDFCLIFE,630.0,PE,27-FEB-2025
2025-02-03 14:17:10.220158,HDFCLIFE27FEB25P630,OPTSTK,18.0,1652200,17.9,18.1,533500,1100,1100,HDFCLIFE,630.0,PE,27-FEB-2025
2025-02-03 14:17:16.509502,HDFCLIFE27FEB25P630,OPTSTK,18.0,1652200,17.95,18.15,533500,2200,1100,HDFCLIFE,630.0,PE,27-FEB-2025
2025-02-03 14:17:22.869598,HDFCLIFE27FEB25P630,OPTSTK,18.0,1652200,17.95,18.15,533500,2200,1100,HDFCLIFE,630.0,PE,27-FEB-2025
2025-02-03 14:17:29.275655,HDFCLIFE27FEB25P630,OPTSTK,18.0,1652200,17.95,18.15,533500,2200,1100,HDFCLIFE,630.0,PE,27-FEB-2025
2025-02-03 14:17:35.676871,HDFCLIFE27FEB25P630,OPTSTK,18.0,1652200,17.95,18.15,533500,2200,1100,HDFCLIFE,630.0,PE,27-FEB-2025
2025-02-03 14:17:41.980320,HDFCLIFE27FEB25P630,OPTSTK,18.0,1652200,17.9,18.05,533500,1100,1100,HDFCLIFE,630.0,PE,27-FEB-2025
2025-02-03 14:17:48.309903,HDFCLIFE27FEB25P630,OPTSTK,18.0,1652200,17.9,18.05,533500,1100,1100,HDFCLIFE,630.0,PE,27-FEB-2025
2025-02-03 14:17:54.502291,HDFCLIFE27FEB25P630,OPTSTK,18.0,1652200,17.9,18.05,533500,1100,1100,HDFCLIFE,630.0,PE,27-FEB-2025
2025-02-03 14:18:01.061538,HDFCLIFE27FEB25P630,OPTSTK,18.0,1652200,17.95,18.15,533500,2200,1100,HDFCLIFE,630.0,PE,27-FEB-2025
2025-02-03 14:18:07.325681,HDFCLIFE27FEB25P630,OPTSTK,18.0,1652200,17.95,18.15,533500,2200,1100,HDFCLIFE,630.0,PE,27-FEB-2025
2025-02-03 14:18:13.787494,HDFCLIFE27FEB25P630,OPTSTK,18.0,1652200,17.95,18.15,533500,2200,1100,HDFCLIFE,630.0,PE,27-FEB-2025
2025-02-03 14:18:20.142414,HDFCLIFE27FEB25P630,OPTSTK,18.0,1652200,17.95,18.15,533500,2200,1100,HDFCLIFE,630.0,PE,27-FEB-2025
2025-02-03 14:18:26.469226,HDFCLIFE27FEB25P630,OPTSTK,18.0,1652200,18.05,18.25,533500,2200,1100,HDFCLIFE,630.0,PE,27-FEB-2025
2025-02-03 14:18:33.783145,HDFCLIFE27FEB25P630,OPTSTK,18.0,1652200,18.05,18.25,533500,2200,1100,HDFCLIFE,630.0,PE,27-FEB-2025
2025-02-03 14:18:40.065458,HDFCLIFE27FEB25P630,OPTSTK,18.0,1652200,18.05,18.25,533500,2200,1100,HDFCLIFE,630.0,PE,27-FEB-2025
2025-02-03 14:18:46.439507,HDFCLIFE27FEB25P630,OPTSTK,18.0,1652200,18.05,18.25,533500,2200,1100,HDFCLIFE,630.0,PE,27-FEB-2025
2025-02-03 14:18:52.796273,HDFCLIFE27FEB25P630,OPTSTK,18.0,1652200,18.1,18.3,533500,2200,1100,HDFCLIFE,630.0,PE,27-FEB-2025
2025-02-03 14:18:59.231526,HDFCLIFE27FEB25P630,OPTSTK,18.0,1652200,18.1,18.3,533500,2200,1100,HDFCLIFE,630.0,PE,27-FEB-2025
2025-02-03 14:19:05.563743,HDFCLIFE27FEB25P630,OPTSTK,18.0,1652200,18.1,18.3,533500,2200,1100,HDFCLIFE,630.0,PE,27-FEB-2025
2025-02-03 14:19:11.989450,HDFCLIFE27FEB25P630,OPTSTK,18.0,1652200,18.1,18.3,533500,2200,1100,HDFCLIFE,630.0,PE,27-FEB-2025
2025-02-03 14:19:18.352322,HDFCLIFE27FEB25P630,OPTSTK,18.0,1652200,18.1,18.3,533500,2200,1100,HDFCLIFE,630.0,PE,27-FEB-2025
2025-02-03 14:19:25.658066,HDFCLIFE27FEB25P630,OPTSTK,18.0,1652200,18.1,18.3,533500,2200,1100,HDFCLIFE,630.0,PE,27-FEB-2025
2025-02-03 14:19:31.892220,HDFCLIFE27FEB25P630,OPTSTK,18.0,1652200,18.1,18.3,533500,2200,1100,HDFCLIFE,630.0,PE,27-FEB-2025
2025-02-03 14:19:38.314280,HDFCLIFE27FEB25P630,OPTSTK,18.0,1652200,18.05,18.3,533500,2200,1100,HDFCLIFE,630.0,PE,27-FEB-2025
2025-02-03 14:19:44.691968,HDFCLIFE27FEB25P630,OPTSTK,18.0,1652200,18.05,18.3,533500,2200,1100,HDFCLIFE,630.0,PE,27-FEB-2025
2025-02-03 14:19:51.151722,HDFCLIFE27FEB25P630,OPTSTK,18.0,1652200,18.05,18.3,533500,2200,1100,HDFCLIFE,630.0,PE,27-FEB-2025
2025-02-03 14:19:57.480237,HDFCLIFE27FEB25P630,OPTSTK,18.0,1652200,18.05,18.3,533500,2200,1100,HDFCLIFE,630.0,PE,27-FEB-2025
2025-02-03 14:20:03.879594,HDFCLIFE27FEB25P630,OPTSTK,18.0,1652200,18.1,18.3,533500,2200,1100,HDFCLIFE,630.0,PE,27-FEB-2025
2025-02-03 14:20:10.204055,HDFCLIFE27FEB25P630,OPTSTK,18.0,1652200,18.1,18.3,533500,2200,1100,HDFCLIFE,630.0,PE,27-FEB-2025
2025-02-03 14:20:16.384545,HDFCLIFE27FEB25P630,OPTSTK,18.0,1652200,18.1,18.3,533500,2200,1100,HDFCLIFE,630.0,PE,27-FEB-2025
2025-02-03 14:20:22.806691,HDFCLIFE27FEB25P630,OPTSTK,18.0,1652200,18.1,18.3,533500,2200,1100,HDFCLIFE,630.0,PE,27-FEB-2025
2025-02-03 14:20:29.083621,HDFCLIFE27FEB25P630,OPTSTK,18.0,1652200,18.0,18.25,533500,2200,1100,HDFCLIFE,630.0,PE,27-FEB-2025
2025-02-03 14:20:35.574750,HDFCLIFE27FEB25P630,OPTSTK,18.0,1652200,18.0,18.25,532400,2200,1100,HDFCLIFE,630.0,PE,27-FEB-2025
2025-02-03 14:20:41.868349,HDFCLIFE27FEB25P630,OPTSTK,18.0,1652200,18.0,18.25,532400,2200,1100,HDFCLIFE,630.0,PE,27-FEB-2025
2025-02-03 14:20:48.393508,HDFCLIFE27FEB25P630,OPTSTK,18.0,1653300,17.9,18.2,532400,2200,1100,HDFCLIFE,630.0,PE,27-FEB-2025
2025-02-03 14:20:54.714149,HDFCLIFE27FEB25P630,OPTSTK,18.0,1653300,17.9,18.2,532400,2200,1100,HDFCLIFE,630.0,PE,27-FEB-2025
2025-02-03 14:21:01.140392,HDFCLIFE27FEB25P630,OPTSTK,18.0,1653300,17.9,18.2,532400,2200,1100,HDFCLIFE,630.0,PE,27-FEB-2025
2025-02-03 14:21:07.633405,HDFCLIFE27FEB25P630,OPTSTK,18.0,1653300,17.9,18.2,532400,2200,1100,HDFCLIFE,630.0,PE,27-FEB-2025
2025-02-03 14:21:13.900833,HDFCLIFE27FEB25P630,OPTSTK,18.0,1653300,17.95,18.1,532400,1100,1100,HDFCLIFE,630.0,PE,27-FEB-2025
2025-02-03 14:21:20.299601,HDFCLIFE27FEB25P630,OPTSTK,18.0,1653300,17.95,18.1,532400,1100,1100,HDFCLIFE,630.0,PE,27-FEB-2025
2025-02-03 14:21:26.698536,HDFCLIFE27FEB25P630,OPTSTK,18.0,1653300,17.95,18.1,532400,1100,1100,HDFCLIFE,630.0,PE,27-FEB-2025
2025-02-03 14:21:33.048741,HDFCLIFE27FEB25P630,OPTSTK,18.0,1653300,17.95,18.1,532400,1100,1100,HDFCLIFE,630.0,PE,27-FEB-2025
2025-02-03 14:21:39.378277,HDFCLIFE27FEB25P630,OPTSTK,18.0,1653300,17.9,18.1,532400,1100,2200,HDFCLIFE,630.0,PE,27-FEB-2025
2025-02-03 14:21:45.857745,HDFCLIFE27FEB25P630,OPTSTK,18.0,1653300,17.9,18.1,532400,1100,2200,HDFCLIFE,630.0,PE,27-FEB-2025
2025-02-03 14:21:52.196113,HDFCLIFE27FEB25P630,OPTSTK,18.0,1653300,17.9,18.1,532400,1100,2200,HDFCLIFE,630.0,PE,27-FEB-2025
2025-02-03 14:21:58.550929,HDFCLIFE27FEB25P630,OPTSTK,18.0,1653300,17.95,18.2,532400,1100,1100,HDFCLIFE,630.0,PE,27-FEB-2025
2025-02-03 14:22:05.008635,HDFCLIFE27FEB25P630,OPTSTK,18.0,1653300,17.95,18.2,532400,1100,1100,HDFCLIFE,630.0,PE,27-FEB-2025
2025-02-03 14:22:11.375002,HDFCLIFE27FEB25P630,OPTSTK,18.0,1653300,17.95,18.2,532400,1100,1100,HDFCLIFE,630.0,PE,27-FEB-2025
2025-02-03 14:22:17.759895,HDFCLIFE27FEB25P630,OPTSTK,18.0,1653300,17.95,18.2,532400,1100,1100,HDFCLIFE,630.0,PE,27-FEB-2025
2025-02-03 14:22:24.147150,HDFCLIFE27FEB25P630,OPTSTK,18.0,1653300,17.8,18.05,532400,2200,1100,HDFCLIFE,630.0,PE,27-FEB-2025
2025-02-03 14:22:30.616036,HDFCLIFE27FEB25P630,OPTSTK,18.0,1653300,17.8,18.05,532400,2200,1100,HDFCLIFE,630.0,PE,27-FEB-2025
2025-02-03 14:22:36.947860,HDFCLIFE27FEB25P630,OPTSTK,18.0,1653300,17.8,18.05,532400,2200,1100,HDFCLIFE,630.0,PE,27-FEB-2025
2025-02-03 14:22:43.227248,HDFCLIFE27FEB25P630,OPTSTK,18.0,1653300,17.8,18.05,532400,2200,1100,HDFCLIFE,630.0,PE,27-FEB-2025
2025-02-03 14:22:49.805927,HDFCLIFE27FEB25P630,OPTSTK,18.0,1653300,17.85,18.05,532400,1100,1100,HDFCLIFE,630.0,PE,27-FEB-2025
2025-02-03 14:22:56.094716,HDFCLIFE27FEB25P630,OPTSTK,18.0,1653300,17.85,18.05,532400,1100,1100,HDFCLIFE,630.0,PE,27-FEB-2025
2025-02-03 14:23:02.603249,HDFCLIFE27FEB25P630,OPTSTK,18.0,1653300,17.85,18.05,532400,1100,1100,HDFCLIFE,630.0,PE,27-FEB-2025
2025-02-03 14:23:08.774480,HDFCLIFE27FEB25P630,OPTSTK,18.0,1653300,17.95,18.25,532400,2200,1100,HDFCLIFE,630.0,PE,27-FEB-2025
2025-02-03 14:23:16.094885,HDFCLIFE27FEB25P630,OPTSTK,18.0,1653300,17.95,18.25,532400,2200,1100,HDFCLIFE,630.0,PE,27-FEB-2025
2025-02-03 14:23:22.556367,HDFCLIFE27FEB25P630,OPTSTK,18.0,1653300,17.95,18.25,532400,2200,1100,HDFCLIFE,630.0,PE,27-FEB-2025
2025-02-03 14:23:28.811035,HDFCLIFE27FEB25P630,OPTSTK,18.0,1653300,17.95,18.25,532400,2200,1100,HDFCLIFE,630.0,PE,27-FEB-2025
2025-02-03 14:23:35.232020,HDFCLIFE27FEB25P630,OPTSTK,18.0,1653300,17.95,18.2,532400,1100,1100,HDFCLIFE,630.0,PE,27-FEB-2025
2025-02-03 14:23:41.622494,HDFCLIFE27FEB25P630,OPTSTK,18.0,1653300,17.95,18.2,532400,1100,1100,HDFCLIFE,630.0,PE,27-FEB-2025
2025-02-03 14:23:48.077381,HDFCLIFE27FEB25P630,OPTSTK,18.0,1653300,17.95,18.2,532400,1100,1100,HDFCLIFE,630.0,PE,27-FEB-2025
2025-02-03 14:23:54.622635,HDFCLIFE27FEB25P630,OPTSTK,18.0,1653300,17.95,18.2,532400,1100,1100,HDFCLIFE,630.0,PE,27-FEB-2025
2025-02-03 14:24:00.974274,HDFCLIFE27FEB25P630,OPTSTK,18.0,1653300,17.95,18.2,532400,1100,1100,HDFCLIFE,630.0,PE,27-FEB-2025
2025-02-03 14:24:07.622365,HDFCLIFE27FEB25P630,OPTSTK,18.0,1653300,17.95,18.2,532400,1100,1100,HDFCLIFE,630.0,PE,27-FEB-2025
2025-02-03 14:24:13.816090,HDFCLIFE27FEB25P630,OPTSTK,18.0,1653300,17.95,18.2,532400,1100,1100,HDFCLIFE,630.0,PE,27-FEB-2025
2025-02-03 14:24:20.182534,HDFCLIFE27FEB25P630,OPTSTK,18.0,1653300,17.95,18.2,532400,1100,1100,HDFCLIFE,630.0,PE,27-FEB-2025
2025-02-03 14:24:26.450151,HDFCLIFE27FEB25P630,OPTSTK,18.0,1653300,17.95,18.15,532400,1100,1100,HDFCLIFE,630.0,PE,27-FEB-2025
2025-02-03 14:24:32.828461,HDFCLIFE27FEB25P630,OPTSTK,18.0,1653300,17.95,18.15,532400,1100,1100,HDFCLIFE,630.0,PE,27-FEB-2025
2025-02-03 14:24:39.417156,HDFCLIFE27FEB25P630,OPTSTK,18.0,1653300,17.95,18.15,532400,1100,1100,HDFCLIFE,630.0,PE,27-FEB-2025
2025-02-03 14:24:45.929552,HDFCLIFE27FEB25P630,OPTSTK,18.0,1653300,17.95,18.15,532400,1100,1100,HDFCLIFE,630.0,PE,27-FEB-2025
2025-02-03 14:24:52.386829,HDFCLIFE27FEB25P630,OPTSTK,18.0,1653300,17.95,18.15,532400,1100,1100,HDFCLIFE,630.0,PE,27-FEB-2025
2025-02-03 14:24:58.940481,HDFCLIFE27FEB25P630,OPTSTK,18.0,1653300,17.95,18.15,532400,1100,1100,HDFCLIFE,630.0,PE,27-FEB-2025
2025-02-03 14:25:05.504098,HDFCLIFE27FEB25P630,OPTSTK,18.0,1653300,17.95,18.15,532400,1100,1100,HDFCLIFE,630.0,PE,27-FEB-2025
2025-02-03 14:25:11.916349,HDFCLIFE27FEB25P630,OPTSTK,18.0,1653300,17.9,18.1,532400,1100,2200,HDFCLIFE,630.0,PE,27-FEB-2025
2025-02-03 14:25:18.345099,HDFCLIFE27FEB25P630,OPTSTK,18.1,1653300,17.9,18.1,532400,1100,2200,HDFCLIFE,630.0,PE,27-FEB-2025
2025-02-03 14:25:24.951414,HDFCLIFE27FEB25P630,OPTSTK,18.1,1653300,17.9,18.1,532400,1100,2200,HDFCLIFE,630.0,PE,27-FEB-2025
2025-02-03 14:25:31.313438,HDFCLIFE27FEB25P630,OPTSTK,18.1,1653300,17.9,18.1,532400,1100,2200,HDFCLIFE,630.0,PE,27-FEB-2025
2025-02-03 14:25:37.786398,HDFCLIFE27FEB25P630,OPTSTK,18.1,1654400,17.85,18.05,532400,1100,2200,HDFCLIFE,630.0,PE,27-FEB-2025
2025-02-03 14:25:44.199325,HDFCLIFE27FEB25P630,OPTSTK,18.1,1654400,17.85,18.05,532400,1100,2200,HDFCLIFE,630.0,PE,27-FEB-2025
2025-02-03 14:25:50.602499,HDFCLIFE27FEB25P630,OPTSTK,18.1,1654400,17.85,18.05,532400,1100,2200,HDFCLIFE,630.0,PE,27-FEB-2025
2025-02-03 14:25:57.141453,HDFCLIFE27FEB25P630,OPTSTK,18.1,1654400,17.8,17.95,532400,1100,1100,HDFCLIFE,630.0,PE,27-FEB-2025
2025-02-03 14:26:03.584667,HDFCLIFE27FEB25P630,OPTSTK,18.1,1654400,17.8,17.95,532400,1100,1100,HDFCLIFE,630.0,PE,27-FEB-2025
2025-02-03 14:26:10.062924,HDFCLIFE27FEB25P630,OPTSTK,18.1,1654400,17.8,17.95,532400,1100,1100,HDFCLIFE,630.0,PE,27-FEB-2025
2025-02-03 14:26:16.906081,HDFCLIFE27FEB25P630,OPTSTK,18.1,1654400,17.8,17.95,533500,1100,1100,HDFCLIFE,630.0,PE,27-FEB-2025
2025-02-03 14:26:23.433560,HDFCLIFE27FEB25P630,OPTSTK,18.1,1656600,18.2,18.4,533500,1100,1100,HDFCLIFE,630.0,PE,27-FEB-2025
2025-02-03 14:26:29.827862,HDFCLIFE27FEB25P630,OPTSTK,18.1,1656600,18.2,18.4,533500,1100,1100,HDFCLIFE,630.0,PE,27-FEB-2025
2025-02-03 14:26:36.256269,HDFCLIFE27FEB25P630,OPTSTK,18.1,1656600,18.2,18.4,533500,1100,1100,HDFCLIFE,630.0,PE,27-FEB-2025
2025-02-03 14:26:42.600440,HDFCLIFE27FEB25P630,OPTSTK,18.1,1656600,18.2,18.4,533500,1100,1100,HDFCLIFE,630.0,PE,27-FEB-2025
2025-02-03 14:26:49.095965,HDFCLIFE27FEB25P630,OPTSTK,18.3,1656600,18.3,18.45,533500,1100,1100,HDFCLIFE,630.0,PE,27-FEB-2025
2025-02-03 14:26:55.484364,HDFCLIFE27FEB25P630,OPTSTK,18.3,1656600,18.3,18.45,533500,1100,1100,HDFCLIFE,630.0,PE,27-FEB-2025
2025-02-03 14:27:02.018597,HDFCLIFE27FEB25P630,OPTSTK,18.3,1656600,18.3,18.45,533500,1100,1100,HDFCLIFE,630.0,PE,27-FEB-2025
2025-02-03 14:27:08.348090,HDFCLIFE27FEB25P630,OPTSTK,18.3,1657700,18.25,18.4,533500,1100,1100,HDFCLIFE,630.0,PE,27-FEB-2025
2025-02-03 14:27:14.496367,HDFCLIFE27FEB25P630,OPTSTK,18.3,1657700,18.25,18.4,533500,1100,1100,HDFCLIFE,630.0,PE,27-FEB-2025
2025-02-03 14:27:20.878685,HDFCLIFE27FEB25P630,OPTSTK,18.4,1657700,18.25,18.4,533500,1100,1100,HDFCLIFE,630.0,PE,27-FEB-2025
2025-02-03 14:27:27.355096,HDFCLIFE27FEB25P630,OPTSTK,18.4,1657700,18.25,18.4,533500,1100,1100,HDFCLIFE,630.0,PE,27-FEB-2025
2025-02-03 14:27:33.744027,HDFCLIFE27FEB25P630,OPTSTK,18.4,1658800,18.2,18.4,533500,1100,1100,HDFCLIFE,630.0,PE,27-FEB-2025
2025-02-03 14:27:40.052049,HDFCLIFE27FEB25P630,OPTSTK,18.4,1658800,18.2,18.4,533500,1100,1100,HDFCLIFE,630.0,PE,27-FEB-2025
2025-02-03 14:27:46.586521,HDFCLIFE27FEB25P630,OPTSTK,18.4,1658800,18.2,18.4,533500,1100,1100,HDFCLIFE,630.0,PE,27-FEB-2025
2025-02-03 14:27:52.826674,HDFCLIFE27FEB25P630,OPTSTK,18.4,1658800,18.2,18.4,533500,1100,1100,HDFCLIFE,630.0,PE,27-FEB-2025
2025-02-03 14:27:59.385108,HDFCLIFE27FEB25P630,OPTSTK,18.4,1658800,18.2,18.45,533500,2200,1100,HDFCLIFE,630.0,PE,27-FEB-2025
2025-02-03 14:28:05.768410,HDFCLIFE27FEB25P630,OPTSTK,18.4,1658800,18.2,18.45,533500,2200,1100,HDFCLIFE,630.0,PE,27-FEB-2025
2025-02-03 14:28:12.081580,HDFCLIFE27FEB25P630,OPTSTK,18.4,1658800,18.2,18.45,533500,2200,1100,HDFCLIFE,630.0,PE,27-FEB-2025
2025-02-03 14:28:18.557691,HDFCLIFE27FEB25P630,OPTSTK,18.4,1658800,18.2,18.45,533500,2200,1100,HDFCLIFE,630.0,PE,27-FEB-2025
2025-02-03 14:28:24.881432,HDFCLIFE27FEB25P630,OPTSTK,18.4,1658800,18.15,18.35,533500,2200,2200,HDFCLIFE,630.0,PE,27-FEB-2025
2025-02-03 14:28:31.138095,HDFCLIFE27FEB25P630,OPTSTK,18.4,1658800,18.15,18.35,533500,2200,2200,HDFCLIFE,630.0,PE,27-FEB-2025
2025-02-03 14:28:37.500301,HDFCLIFE27FEB25P630,OPTSTK,18.4,1658800,18.15,18.35,533500,2200,2200,HDFCLIFE,630.0,PE,27-FEB-2025
2025-02-03 14:28:44.043855,HDFCLIFE27FEB25P630,OPTSTK,18.4,1658800,18.15,18.35,533500,2200,2200,HDFCLIFE,630.0,PE,27-FEB-2025
2025-02-03 14:28:50.675123,HDFCLIFE27FEB25P630,OPTSTK,18.4,1658800,18.15,18.35,533500,1100,2200,HDFCLIFE,630.0,PE,27-FEB-2025
2025-02-03 14:28:57.089634,HDFCLIFE27FEB25P630,OPTSTK,18.4,1658800,18.15,18.35,533500,1100,2200,HDFCLIFE,630.0,PE,27-FEB-2025
2025-02-03 14:29:03.503793,HDFCLIFE27FEB25P630,OPTSTK,18.4,1658800,18.15,18.35,533500,1100,2200,HDFCLIFE,630.0,PE,27-FEB-2025
2025-02-03 14:29:10.020105,HDFCLIFE27FEB25P630,OPTSTK,18.4,1658800,18.0,18.2,533500,2200,2200,HDFCLIFE,630.0,PE,27-FEB-2025
2025-02-03 14:29:17.315774,HDFCLIFE27FEB25P630,OPTSTK,18.4,1658800,18.0,18.2,533500,2200,2200,HDFCLIFE,630.0,PE,27-FEB-2025
2025-02-03 14:29:23.654459,HDFCLIFE27FEB25P630,OPTSTK,18.4,1658800,18.0,18.2,533500,2200,2200,HDFCLIFE,630.0,PE,27-FEB-2025
2025-02-03 14:29:30.029858,HDFCLIFE27FEB25P630,OPTSTK,18.4,1658800,18.0,18.2,533500,2200,2200,HDFCLIFE,630.0,PE,27-FEB-2025
2025-02-03 14:29:36.349883,HDFCLIFE27FEB25P630,OPTSTK,18.4,1658800,18.1,18.3,533500,1100,2200,HDFCLIFE,630.0,PE,27-FEB-2025
2025-02-03 14:29:42.849842,HDFCLIFE27FEB25P630,OPTSTK,18.4,1658800,18.1,18.3,533500,1100,2200,HDFCLIFE,630.0,PE,27-FEB-2025
2025-02-03 14:29:49.296531,HDFCLIFE27FEB25P630,OPTSTK,18.4,1658800,18.1,18.3,533500,1100,2200,HDFCLIFE,630.0,PE,27-FEB-2025
2025-02-03 14:29:55.825036,HDFCLIFE27FEB25P630,OPTSTK,18.4,1658800,18.1,18.3,533500,1100,2200,HDFCLIFE,630.0,PE,27-FEB-2025
2025-02-03 14:30:02.294428,HDFCLIFE27FEB25P630,OPTSTK,18.4,1658800,18.1,18.3,533500,1100,1100,HDFCLIFE,630.0,PE,27-FEB-2025
