timestamp,symbol,instrument,ltp,volume,bid,ask,oi,bid_qty,ask_qty,stock_name,strike,option_type,expiry
2025-02-03 09:30:10.689412,BPCL27FEB25C245,OPTSTK,10.6,163800,10.6,10.75,244800,7200,9000,BPCL,245.0,CE,27-FEB-2025
2025-02-03 09:32:39.120760,BPCL27FEB25C245,OPTSTK,10.4,203400,10.35,10.45,250200,1800,1800,BPCL,245.0,CE,27-FEB-2025
2025-02-03 09:32:46.760634,BPCL27FEB25C245,OPTSTK,10.3,203400,10.35,10.45,250200,1800,1800,BPCL,245.0,CE,27-FEB-2025
2025-02-03 09:33:00.834562,BPCL27FEB25C245,OPTSTK,10.25,221400,10.25,10.35,250200,1800,3600,BPCL,245.0,CE,27-FEB-2025
2025-02-03 09:33:12.064897,BPCL27FEB25C245,OPTSTK,10.2,226800,10.1,10.2,250200,3600,5400,BPCL,245.0,CE,27-FEB-2025
2025-02-03 09:33:26.671944,BPCL27FEB25C245,OPTSTK,10.2,226800,10.1,10.2,250200,3600,5400,BPCL,245.0,CE,27-FEB-2025
2025-02-03 09:33:34.629581,BPCL27FEB25C245,OPTSTK,10.0,226800,10.1,10.2,250200,3600,5400,BPCL,245.0,CE,27-FEB-2025
2025-02-03 09:33:42.235199,BPCL27FEB25C245,OPTSTK,10.0,226800,10.1,10.2,250200,3600,5400,BPCL,245.0,CE,27-FEB-2025
2025-02-03 09:33:50.053170,BPCL27FEB25C245,OPTSTK,10.0,248400,9.9,10.0,250200,5400,3600,BPCL,245.0,CE,27-FEB-2025
2025-02-03 09:33:58.410243,BPCL27FEB25C245,OPTSTK,9.7,248400,9.9,10.0,300600,5400,3600,BPCL,245.0,CE,27-FEB-2025
2025-02-03 09:34:10.165932,BPCL27FEB25C245,OPTSTK,9.7,261000,9.65,9.8,300600,7200,5400,BPCL,245.0,CE,27-FEB-2025
2025-02-03 09:34:23.396900,BPCL27FEB25C245,OPTSTK,9.7,261000,9.65,9.8,300600,7200,5400,BPCL,245.0,CE,27-FEB-2025
2025-02-03 09:34:31.376002,BPCL27FEB25C245,OPTSTK,9.8,261000,9.65,9.8,300600,7200,5400,BPCL,245.0,CE,27-FEB-2025
2025-02-03 09:34:39.313070,BPCL27FEB25C245,OPTSTK,9.7,277200,9.7,9.85,300600,3600,9000,BPCL,245.0,CE,27-FEB-2025
2025-02-03 09:34:46.643980,BPCL27FEB25C245,OPTSTK,9.7,277200,9.7,9.85,300600,3600,9000,BPCL,245.0,CE,27-FEB-2025
2025-02-03 09:34:56.761241,BPCL27FEB25C245,OPTSTK,9.8,288000,9.55,9.7,300600,10800,5400,BPCL,245.0,CE,27-FEB-2025
2025-02-03 09:35:14.317654,BPCL27FEB25C245,OPTSTK,9.7,297000,9.65,9.75,300600,1800,5400,BPCL,245.0,CE,27-FEB-2025
2025-02-03 09:35:33.040461,BPCL27FEB25C245,OPTSTK,9.65,297000,9.65,9.75,300600,1800,5400,BPCL,245.0,CE,27-FEB-2025
2025-02-03 09:35:45.178057,BPCL27FEB25C245,OPTSTK,9.6,298800,9.5,9.6,300600,7200,1800,BPCL,245.0,CE,27-FEB-2025
2025-02-03 09:35:56.601437,BPCL27FEB25C245,OPTSTK,9.45,298800,9.5,9.6,300600,7200,1800,BPCL,245.0,CE,27-FEB-2025
2025-02-03 09:36:04.828673,BPCL27FEB25C245,OPTSTK,9.45,298800,9.5,9.6,300600,7200,1800,BPCL,245.0,CE,27-FEB-2025
2025-02-03 09:36:12.911593,BPCL27FEB25C245,OPTSTK,9.45,313200,9.35,9.45,300600,3600,7200,BPCL,245.0,CE,27-FEB-2025
2025-02-03 09:36:21.623829,BPCL27FEB25C245,OPTSTK,9.45,313200,9.35,9.45,300600,3600,7200,BPCL,245.0,CE,27-FEB-2025
2025-02-03 09:36:29.355470,BPCL27FEB25C245,OPTSTK,9.45,315000,9.3,9.4,300600,1800,5400,BPCL,245.0,CE,27-FEB-2025
2025-02-03 09:36:39.787252,BPCL27FEB25C245,OPTSTK,9.45,315000,9.3,9.4,300600,1800,5400,BPCL,245.0,CE,27-FEB-2025
2025-02-03 09:36:52.072659,BPCL27FEB25C245,OPTSTK,9.35,315000,9.3,9.4,343800,1800,5400,BPCL,245.0,CE,27-FEB-2025
2025-02-03 09:37:00.878188,BPCL27FEB25C245,OPTSTK,9.35,318600,9.3,9.45,343800,32400,9000,BPCL,245.0,CE,27-FEB-2025
2025-02-03 09:37:09.855335,BPCL27FEB25C245,OPTSTK,9.35,318600,9.3,9.45,343800,32400,9000,BPCL,245.0,CE,27-FEB-2025
2025-02-03 09:37:17.208727,BPCL27FEB25C245,OPTSTK,9.45,318600,9.3,9.45,343800,32400,9000,BPCL,245.0,CE,27-FEB-2025
2025-02-03 09:37:25.181401,BPCL27FEB25C245,OPTSTK,9.35,327600,9.3,9.45,343800,41400,5400,BPCL,245.0,CE,27-FEB-2025
2025-02-03 09:37:32.996811,BPCL27FEB25C245,OPTSTK,9.35,327600,9.3,9.45,343800,41400,5400,BPCL,245.0,CE,27-FEB-2025
2025-02-03 09:37:42.014472,BPCL27FEB25C245,OPTSTK,9.1,360000,9.1,9.2,343800,1800,7200,BPCL,245.0,CE,27-FEB-2025
2025-02-03 09:37:51.325264,BPCL27FEB25C245,OPTSTK,9.0,360000,9.1,9.2,343800,1800,7200,BPCL,245.0,CE,27-FEB-2025
2025-02-03 09:38:02.250337,BPCL27FEB25C245,OPTSTK,9.0,360000,9.1,9.2,343800,1800,7200,BPCL,245.0,CE,27-FEB-2025
2025-02-03 09:38:12.645619,BPCL27FEB25C245,OPTSTK,9.1,369000,9.05,9.2,343800,12600,5400,BPCL,245.0,CE,27-FEB-2025
2025-02-03 09:38:22.172938,BPCL27FEB25C245,OPTSTK,9.1,369000,9.05,9.2,343800,12600,5400,BPCL,245.0,CE,27-FEB-2025
2025-02-03 09:38:29.941115,BPCL27FEB25C245,OPTSTK,9.1,390600,9.0,9.15,343800,5400,10800,BPCL,245.0,CE,27-FEB-2025
2025-02-03 09:38:37.493118,BPCL27FEB25C245,OPTSTK,9.05,390600,9.0,9.15,343800,5400,10800,BPCL,245.0,CE,27-FEB-2025
2025-02-03 09:38:47.569722,BPCL27FEB25C245,OPTSTK,9.05,390600,9.0,9.15,343800,5400,10800,BPCL,245.0,CE,27-FEB-2025
2025-02-03 09:38:58.633076,BPCL27FEB25C245,OPTSTK,9.05,397800,8.9,9.05,343800,14400,3600,BPCL,245.0,CE,27-FEB-2025
2025-02-03 09:39:06.989042,BPCL27FEB25C245,OPTSTK,9.05,397800,8.9,9.05,343800,14400,3600,BPCL,245.0,CE,27-FEB-2025
2025-02-03 09:39:18.459920,BPCL27FEB25C245,OPTSTK,9.0,406800,8.85,9.0,343800,5400,7200,BPCL,245.0,CE,27-FEB-2025
2025-02-03 09:39:31.526679,BPCL27FEB25C245,OPTSTK,9.0,406800,8.85,9.0,343800,5400,7200,BPCL,245.0,CE,27-FEB-2025
2025-02-03 09:39:39.878063,BPCL27FEB25C245,OPTSTK,9.0,408600,8.75,8.9,343800,5400,14400,BPCL,245.0,CE,27-FEB-2025
2025-02-03 09:39:47.946752,BPCL27FEB25C245,OPTSTK,9.0,408600,8.75,8.9,343800,5400,14400,BPCL,245.0,CE,27-FEB-2025
2025-02-03 09:39:55.618354,BPCL27FEB25C245,OPTSTK,9.0,408600,8.75,8.9,343800,5400,14400,BPCL,245.0,CE,27-FEB-2025
2025-02-03 09:40:05.079589,BPCL27FEB25C245,OPTSTK,9.0,408600,8.85,8.95,343800,14400,1800,BPCL,245.0,CE,27-FEB-2025
2025-02-03 09:40:16.134412,BPCL27FEB25C245,OPTSTK,9.0,408600,8.85,8.95,343800,14400,1800,BPCL,245.0,CE,27-FEB-2025
2025-02-03 09:40:26.429727,BPCL27FEB25C245,OPTSTK,8.75,412200,8.75,8.85,383400,5400,5400,BPCL,245.0,CE,27-FEB-2025
2025-02-03 09:40:38.530415,BPCL27FEB25C245,OPTSTK,8.8,412200,8.75,8.85,383400,5400,5400,BPCL,245.0,CE,27-FEB-2025
2025-02-03 09:40:51.853249,BPCL27FEB25C245,OPTSTK,8.75,421200,8.7,8.85,383400,7200,12600,BPCL,245.0,CE,27-FEB-2025
2025-02-03 09:40:59.307112,BPCL27FEB25C245,OPTSTK,8.9,421200,8.7,8.85,383400,7200,12600,BPCL,245.0,CE,27-FEB-2025
2025-02-03 09:41:07.024663,BPCL27FEB25C245,OPTSTK,8.9,421200,8.7,8.85,383400,7200,12600,BPCL,245.0,CE,27-FEB-2025
2025-02-03 09:41:14.659876,BPCL27FEB25C245,OPTSTK,8.8,432000,8.7,8.8,383400,3600,9000,BPCL,245.0,CE,27-FEB-2025
2025-02-03 09:41:23.392542,BPCL27FEB25C245,OPTSTK,8.9,432000,8.7,8.8,383400,3600,9000,BPCL,245.0,CE,27-FEB-2025
2025-02-03 09:41:32.483069,BPCL27FEB25C245,OPTSTK,8.95,432000,8.7,8.8,383400,3600,9000,BPCL,245.0,CE,27-FEB-2025
2025-02-03 09:41:40.981771,BPCL27FEB25C245,OPTSTK,8.6,448200,8.7,8.8,383400,3600,1800,BPCL,245.0,CE,27-FEB-2025
2025-02-03 09:41:54.826687,BPCL27FEB25C245,OPTSTK,8.65,448200,8.7,8.8,383400,3600,1800,BPCL,245.0,CE,27-FEB-2025
2025-02-03 09:42:05.270707,BPCL27FEB25C245,OPTSTK,8.65,459000,8.55,8.65,383400,1800,9000,BPCL,245.0,CE,27-FEB-2025
2025-02-03 09:42:13.281372,BPCL27FEB25C245,OPTSTK,8.75,459000,8.55,8.65,383400,1800,9000,BPCL,245.0,CE,27-FEB-2025
2025-02-03 09:42:21.534509,BPCL27FEB25C245,OPTSTK,8.7,459000,8.55,8.65,383400,1800,9000,BPCL,245.0,CE,27-FEB-2025
2025-02-03 09:42:29.548700,BPCL27FEB25C245,OPTSTK,8.7,466200,8.6,8.75,383400,16200,5400,BPCL,245.0,CE,27-FEB-2025
2025-02-03 09:42:37.477223,BPCL27FEB25C245,OPTSTK,8.7,466200,8.6,8.75,383400,16200,5400,BPCL,245.0,CE,27-FEB-2025
2025-02-03 09:42:45.118858,BPCL27FEB25C245,OPTSTK,8.7,466200,8.6,8.75,383400,16200,5400,BPCL,245.0,CE,27-FEB-2025
2025-02-03 09:42:52.974070,BPCL27FEB25C245,OPTSTK,8.95,466200,8.85,8.95,424800,1800,5400,BPCL,245.0,CE,27-FEB-2025
2025-02-03 09:43:00.956799,BPCL27FEB25C245,OPTSTK,8.85,466200,8.85,8.95,424800,1800,5400,BPCL,245.0,CE,27-FEB-2025
2025-02-03 09:43:11.158152,BPCL27FEB25C245,OPTSTK,8.9,473400,8.8,8.9,424800,5400,9000,BPCL,245.0,CE,27-FEB-2025
2025-02-03 09:43:21.510577,BPCL27FEB25C245,OPTSTK,8.8,473400,8.8,8.9,424800,5400,9000,BPCL,245.0,CE,27-FEB-2025
2025-02-03 09:43:29.114381,BPCL27FEB25C245,OPTSTK,8.8,473400,8.8,8.9,424800,5400,9000,BPCL,245.0,CE,27-FEB-2025
2025-02-03 09:43:36.758396,BPCL27FEB25C245,OPTSTK,8.8,475200,8.8,8.9,424800,1800,9000,BPCL,245.0,CE,27-FEB-2025
2025-02-03 09:43:44.330789,BPCL27FEB25C245,OPTSTK,8.7,475200,8.8,8.9,424800,1800,9000,BPCL,245.0,CE,27-FEB-2025
2025-02-03 09:43:53.246563,BPCL27FEB25C245,OPTSTK,8.7,475200,8.8,8.9,424800,1800,9000,BPCL,245.0,CE,27-FEB-2025
2025-02-03 09:44:01.282252,BPCL27FEB25C245,OPTSTK,8.7,487800,8.65,8.75,424800,5400,3600,BPCL,245.0,CE,27-FEB-2025
2025-02-03 09:44:09.119166,BPCL27FEB25C245,OPTSTK,8.7,487800,8.65,8.75,424800,5400,3600,BPCL,245.0,CE,27-FEB-2025
2025-02-03 09:44:18.035700,BPCL27FEB25C245,OPTSTK,8.8,487800,8.65,8.75,424800,5400,3600,BPCL,245.0,CE,27-FEB-2025
2025-02-03 09:44:28.483363,BPCL27FEB25C245,OPTSTK,8.7,493200,8.75,8.85,424800,10800,1800,BPCL,245.0,CE,27-FEB-2025
2025-02-03 09:44:37.433738,BPCL27FEB25C245,OPTSTK,8.9,493200,8.75,8.85,424800,10800,1800,BPCL,245.0,CE,27-FEB-2025
2025-02-03 09:44:44.964017,BPCL27FEB25C245,OPTSTK,8.9,504000,8.7,8.85,424800,12600,18000,BPCL,245.0,CE,27-FEB-2025
2025-02-03 09:44:52.759906,BPCL27FEB25C245,OPTSTK,8.9,504000,8.7,8.85,424800,12600,18000,BPCL,245.0,CE,27-FEB-2025
2025-02-03 09:45:01.051553,BPCL27FEB25C245,OPTSTK,8.8,504000,8.7,8.85,424800,12600,18000,BPCL,245.0,CE,27-FEB-2025
2025-02-03 09:45:08.668992,BPCL27FEB25C245,OPTSTK,8.8,505800,8.85,8.95,424800,3600,3600,BPCL,245.0,CE,27-FEB-2025
2025-02-03 09:45:17.318050,BPCL27FEB25C245,OPTSTK,8.8,505800,8.85,8.95,424800,3600,3600,BPCL,245.0,CE,27-FEB-2025
2025-02-03 09:45:33.114124,BPCL27FEB25C245,OPTSTK,8.8,507600,8.7,8.85,424800,9000,9000,BPCL,245.0,CE,27-FEB-2025
2025-02-03 09:45:44.293212,BPCL27FEB25C245,OPTSTK,8.8,507600,8.7,8.85,424800,9000,9000,BPCL,245.0,CE,27-FEB-2025
2025-02-03 09:45:54.253925,BPCL27FEB25C245,OPTSTK,8.8,507600,8.7,8.85,424800,9000,9000,BPCL,245.0,CE,27-FEB-2025
2025-02-03 09:46:01.886978,BPCL27FEB25C245,OPTSTK,8.95,507600,8.8,8.95,442800,7200,14400,BPCL,245.0,CE,27-FEB-2025
2025-02-03 09:46:10.034317,BPCL27FEB25C245,OPTSTK,8.95,507600,8.8,8.95,442800,7200,14400,BPCL,245.0,CE,27-FEB-2025
2025-02-03 09:46:17.885821,BPCL27FEB25C245,OPTSTK,9.05,507600,8.8,8.95,442800,7200,14400,BPCL,245.0,CE,27-FEB-2025
2025-02-03 09:46:25.671319,BPCL27FEB25C245,OPTSTK,9.05,516600,9.0,9.15,442800,7200,14400,BPCL,245.0,CE,27-FEB-2025
2025-02-03 09:46:33.281602,BPCL27FEB25C245,OPTSTK,9.2,516600,9.0,9.15,442800,7200,14400,BPCL,245.0,CE,27-FEB-2025
2025-02-03 09:46:41.117015,BPCL27FEB25C245,OPTSTK,9.55,516600,9.0,9.15,442800,7200,14400,BPCL,245.0,CE,27-FEB-2025
2025-02-03 09:46:51.075093,BPCL27FEB25C245,OPTSTK,9.5,545400,9.4,9.55,442800,25200,3600,BPCL,245.0,CE,27-FEB-2025
2025-02-03 09:47:01.033969,BPCL27FEB25C245,OPTSTK,9.5,545400,9.4,9.55,442800,25200,3600,BPCL,245.0,CE,27-FEB-2025
2025-02-03 09:47:09.960535,BPCL27FEB25C245,OPTSTK,9.5,579600,9.35,9.45,442800,1800,5400,BPCL,245.0,CE,27-FEB-2025
2025-02-03 09:47:18.659236,BPCL27FEB25C245,OPTSTK,9.5,579600,9.35,9.45,442800,1800,5400,BPCL,245.0,CE,27-FEB-2025
2025-02-03 09:47:32.975539,BPCL27FEB25C245,OPTSTK,9.75,597600,9.4,9.5,442800,1800,5400,BPCL,245.0,CE,27-FEB-2025
2025-02-03 09:47:57.338434,BPCL27FEB25C245,OPTSTK,9.25,619200,9.25,9.35,442800,1800,12600,BPCL,245.0,CE,27-FEB-2025
2025-02-03 09:48:05.272277,BPCL27FEB25C245,OPTSTK,9.1,619200,9.25,9.35,442800,1800,12600,BPCL,245.0,CE,27-FEB-2025
2025-02-03 09:48:18.069051,BPCL27FEB25C245,OPTSTK,9.1,628200,9.05,9.15,442800,1800,7200,BPCL,245.0,CE,27-FEB-2025
2025-02-03 09:48:27.912384,BPCL27FEB25C245,OPTSTK,9.1,628200,9.05,9.15,442800,1800,7200,BPCL,245.0,CE,27-FEB-2025
2025-02-03 09:48:36.879135,BPCL27FEB25C245,OPTSTK,9.1,628200,9.05,9.15,442800,1800,7200,BPCL,245.0,CE,27-FEB-2025
2025-02-03 09:48:44.834860,BPCL27FEB25C245,OPTSTK,9.15,628200,9.15,9.3,437400,14400,5400,BPCL,245.0,CE,27-FEB-2025
2025-02-03 09:48:55.163970,BPCL27FEB25C245,OPTSTK,9.1,628200,9.15,9.3,437400,14400,5400,BPCL,245.0,CE,27-FEB-2025
2025-02-03 09:49:03.671670,BPCL27FEB25C245,OPTSTK,9.1,628200,9.15,9.3,437400,14400,5400,BPCL,245.0,CE,27-FEB-2025
2025-02-03 09:49:13.547883,BPCL27FEB25C245,OPTSTK,9.15,631800,9.1,9.2,437400,1800,5400,BPCL,245.0,CE,27-FEB-2025
2025-02-03 09:49:24.816599,BPCL27FEB25C245,OPTSTK,8.8,631800,9.1,9.2,437400,1800,5400,BPCL,245.0,CE,27-FEB-2025
2025-02-03 09:49:37.241798,BPCL27FEB25C245,OPTSTK,8.75,653400,8.75,8.85,437400,1800,7200,BPCL,245.0,CE,27-FEB-2025
2025-02-03 09:49:46.399856,BPCL27FEB25C245,OPTSTK,8.75,653400,8.75,8.85,437400,1800,7200,BPCL,245.0,CE,27-FEB-2025
2025-02-03 09:49:56.925244,BPCL27FEB25C245,OPTSTK,8.75,662400,8.7,8.8,437400,3600,9000,BPCL,245.0,CE,27-FEB-2025
2025-02-03 09:50:06.125391,BPCL27FEB25C245,OPTSTK,8.75,662400,8.7,8.8,437400,3600,9000,BPCL,245.0,CE,27-FEB-2025
2025-02-03 09:50:14.924231,BPCL27FEB25C245,OPTSTK,8.75,662400,8.7,8.8,437400,3600,9000,BPCL,245.0,CE,27-FEB-2025
2025-02-03 09:50:24.509311,BPCL27FEB25C245,OPTSTK,8.85,662400,8.75,8.9,437400,7200,12600,BPCL,245.0,CE,27-FEB-2025
2025-02-03 09:50:33.725145,BPCL27FEB25C245,OPTSTK,8.85,662400,8.75,8.9,437400,7200,12600,BPCL,245.0,CE,27-FEB-2025
2025-02-03 09:50:44.188338,BPCL27FEB25C245,OPTSTK,9.0,664200,8.95,9.1,437400,7200,19800,BPCL,245.0,CE,27-FEB-2025
2025-02-03 09:50:56.242089,BPCL27FEB25C245,OPTSTK,8.95,664200,8.95,9.1,437400,7200,19800,BPCL,245.0,CE,27-FEB-2025
2025-02-03 09:51:04.671442,BPCL27FEB25C245,OPTSTK,8.9,680400,8.85,9.0,437400,10800,12600,BPCL,245.0,CE,27-FEB-2025
2025-02-03 09:51:12.734135,BPCL27FEB25C245,OPTSTK,8.9,680400,8.85,9.0,437400,10800,12600,BPCL,245.0,CE,27-FEB-2025
2025-02-03 09:51:21.234346,BPCL27FEB25C245,OPTSTK,8.9,680400,8.85,9.0,437400,10800,12600,BPCL,245.0,CE,27-FEB-2025
2025-02-03 09:51:29.355227,BPCL27FEB25C245,OPTSTK,8.9,680400,8.95,9.05,437400,9000,1800,BPCL,245.0,CE,27-FEB-2025
2025-02-03 09:51:37.625862,BPCL27FEB25C245,OPTSTK,8.95,680400,8.95,9.05,437400,9000,1800,BPCL,245.0,CE,27-FEB-2025
2025-02-03 09:51:46.332801,BPCL27FEB25C245,OPTSTK,8.95,680400,8.95,9.05,437400,9000,1800,BPCL,245.0,CE,27-FEB-2025
2025-02-03 09:51:54.179862,BPCL27FEB25C245,OPTSTK,8.85,687600,8.75,8.9,466200,9000,7200,BPCL,245.0,CE,27-FEB-2025
2025-02-03 09:52:06.612731,BPCL27FEB25C245,OPTSTK,8.85,687600,8.75,8.9,466200,9000,7200,BPCL,245.0,CE,27-FEB-2025
2025-02-03 09:52:17.172763,BPCL27FEB25C245,OPTSTK,8.95,689400,8.9,9.0,466200,3600,5400,BPCL,245.0,CE,27-FEB-2025
2025-02-03 09:52:27.246177,BPCL27FEB25C245,OPTSTK,9.1,689400,8.9,9.0,466200,3600,5400,BPCL,245.0,CE,27-FEB-2025
2025-02-03 09:52:34.970862,BPCL27FEB25C245,OPTSTK,9.1,689400,8.9,9.0,466200,3600,5400,BPCL,245.0,CE,27-FEB-2025
2025-02-03 09:52:42.730944,BPCL27FEB25C245,OPTSTK,9.0,693000,8.9,9.0,466200,3600,7200,BPCL,245.0,CE,27-FEB-2025
2025-02-03 09:52:50.815210,BPCL27FEB25C245,OPTSTK,8.8,693000,8.9,9.0,466200,3600,7200,BPCL,245.0,CE,27-FEB-2025
2025-02-03 09:52:58.175091,BPCL27FEB25C245,OPTSTK,8.8,693000,8.9,9.0,466200,3600,7200,BPCL,245.0,CE,27-FEB-2025
2025-02-03 09:53:06.008006,BPCL27FEB25C245,OPTSTK,8.8,698400,8.7,8.8,466200,3600,7200,BPCL,245.0,CE,27-FEB-2025
2025-02-03 09:53:16.066460,BPCL27FEB25C245,OPTSTK,8.8,698400,8.7,8.8,466200,3600,7200,BPCL,245.0,CE,27-FEB-2025
2025-02-03 09:53:25.303169,BPCL27FEB25C245,OPTSTK,8.7,703800,8.6,8.7,466200,3600,3600,BPCL,245.0,CE,27-FEB-2025
2025-02-03 09:53:35.676600,BPCL27FEB25C245,OPTSTK,8.7,703800,8.6,8.7,466200,3600,3600,BPCL,245.0,CE,27-FEB-2025
2025-02-03 09:53:43.439038,BPCL27FEB25C245,OPTSTK,8.7,703800,8.6,8.7,466200,3600,3600,BPCL,245.0,CE,27-FEB-2025
2025-02-03 09:53:51.253233,BPCL27FEB25C245,OPTSTK,8.8,716400,8.65,8.8,466200,9000,7200,BPCL,245.0,CE,27-FEB-2025
2025-02-03 09:53:59.190725,BPCL27FEB25C245,OPTSTK,8.8,716400,8.65,8.8,466200,9000,7200,BPCL,245.0,CE,27-FEB-2025
2025-02-03 09:54:06.935036,BPCL27FEB25C245,OPTSTK,8.8,716400,8.65,8.8,466200,9000,7200,BPCL,245.0,CE,27-FEB-2025
2025-02-03 09:54:15.011971,BPCL27FEB25C245,OPTSTK,8.9,725400,8.8,8.9,466200,3600,5400,BPCL,245.0,CE,27-FEB-2025
2025-02-03 09:54:22.562370,BPCL27FEB25C245,OPTSTK,8.9,725400,8.8,8.9,466200,3600,5400,BPCL,245.0,CE,27-FEB-2025
2025-02-03 09:54:32.417166,BPCL27FEB25C245,OPTSTK,8.9,725400,8.8,8.9,466200,3600,5400,BPCL,245.0,CE,27-FEB-2025
2025-02-03 09:54:43.500854,BPCL27FEB25C245,OPTSTK,8.9,727200,8.85,9.0,466200,1800,16200,BPCL,245.0,CE,27-FEB-2025
2025-02-03 09:54:52.080880,BPCL27FEB25C245,OPTSTK,8.85,727200,8.85,9.0,487800,1800,16200,BPCL,245.0,CE,27-FEB-2025
2025-02-03 09:55:02.035852,BPCL27FEB25C245,OPTSTK,8.85,729000,8.75,8.9,487800,7200,9000,BPCL,245.0,CE,27-FEB-2025
2025-02-03 09:55:09.699489,BPCL27FEB25C245,OPTSTK,8.85,729000,8.75,8.9,487800,7200,9000,BPCL,245.0,CE,27-FEB-2025
2025-02-03 09:55:17.988823,BPCL27FEB25C245,OPTSTK,9.05,729000,8.75,8.9,487800,7200,9000,BPCL,245.0,CE,27-FEB-2025
2025-02-03 09:55:26.997021,BPCL27FEB25C245,OPTSTK,8.95,743400,8.85,9.0,487800,5400,5400,BPCL,245.0,CE,27-FEB-2025
2025-02-03 09:55:34.951205,BPCL27FEB25C245,OPTSTK,8.95,743400,8.85,9.0,487800,5400,5400,BPCL,245.0,CE,27-FEB-2025
2025-02-03 09:55:44.631709,BPCL27FEB25C245,OPTSTK,9.1,743400,8.85,9.0,487800,5400,5400,BPCL,245.0,CE,27-FEB-2025
2025-02-03 09:55:56.618431,BPCL27FEB25C245,OPTSTK,8.95,747000,8.95,9.1,487800,9000,5400,BPCL,245.0,CE,27-FEB-2025
2025-02-03 09:56:06.146717,BPCL27FEB25C245,OPTSTK,9.3,747000,8.95,9.1,487800,9000,5400,BPCL,245.0,CE,27-FEB-2025
2025-02-03 09:56:14.394424,BPCL27FEB25C245,OPTSTK,9.3,754200,9.2,9.3,487800,9000,1800,BPCL,245.0,CE,27-FEB-2025
2025-02-03 09:56:21.987580,BPCL27FEB25C245,OPTSTK,9.3,754200,9.2,9.3,487800,9000,1800,BPCL,245.0,CE,27-FEB-2025
2025-02-03 09:56:29.847742,BPCL27FEB25C245,OPTSTK,9.4,754200,9.2,9.3,487800,9000,1800,BPCL,245.0,CE,27-FEB-2025
2025-02-03 09:56:37.537662,BPCL27FEB25C245,OPTSTK,9.35,754200,9.2,9.3,487800,9000,1800,BPCL,245.0,CE,27-FEB-2025
2025-02-03 09:56:45.298199,BPCL27FEB25C245,OPTSTK,9.3,761400,9.3,9.4,487800,5400,1800,BPCL,245.0,CE,27-FEB-2025
2025-02-03 09:56:54.951049,BPCL27FEB25C245,OPTSTK,9.45,761400,9.3,9.4,487800,5400,1800,BPCL,245.0,CE,27-FEB-2025
2025-02-03 09:57:04.482848,BPCL27FEB25C245,OPTSTK,9.45,765000,9.3,9.45,487800,16200,7200,BPCL,245.0,CE,27-FEB-2025
2025-02-03 09:57:17.171237,BPCL27FEB25C245,OPTSTK,9.45,765000,9.3,9.45,487800,16200,7200,BPCL,245.0,CE,27-FEB-2025
2025-02-03 09:57:27.753112,BPCL27FEB25C245,OPTSTK,9.45,768600,9.35,9.45,487800,3600,7200,BPCL,245.0,CE,27-FEB-2025
2025-02-03 09:57:37.679994,BPCL27FEB25C245,OPTSTK,9.35,768600,9.35,9.45,487800,3600,7200,BPCL,245.0,CE,27-FEB-2025
2025-02-03 09:57:45.696550,BPCL27FEB25C245,OPTSTK,9.35,768600,9.35,9.45,487800,3600,7200,BPCL,245.0,CE,27-FEB-2025
2025-02-03 09:57:53.153979,BPCL27FEB25C245,OPTSTK,9.35,777600,9.2,9.35,487800,5400,18000,BPCL,245.0,CE,27-FEB-2025
2025-02-03 09:58:01.089365,BPCL27FEB25C245,OPTSTK,8.85,777600,9.2,9.35,500400,5400,18000,BPCL,245.0,CE,27-FEB-2025
2025-02-03 09:58:08.730781,BPCL27FEB25C245,OPTSTK,8.8,777600,9.2,9.35,500400,5400,18000,BPCL,245.0,CE,27-FEB-2025
2025-02-03 09:58:15.960566,BPCL27FEB25C245,OPTSTK,8.8,802800,8.8,8.95,500400,5400,16200,BPCL,245.0,CE,27-FEB-2025
2025-02-03 09:58:27.839617,BPCL27FEB25C245,OPTSTK,8.8,802800,8.8,8.95,500400,5400,16200,BPCL,245.0,CE,27-FEB-2025
2025-02-03 09:58:38.514977,BPCL27FEB25C245,OPTSTK,9.25,820800,9.05,9.15,500400,16200,1800,BPCL,245.0,CE,27-FEB-2025
2025-02-03 09:58:46.517468,BPCL27FEB25C245,OPTSTK,9.25,820800,9.05,9.15,500400,16200,1800,BPCL,245.0,CE,27-FEB-2025
2025-02-03 09:58:54.452505,BPCL27FEB25C245,OPTSTK,9.25,820800,9.05,9.15,500400,16200,1800,BPCL,245.0,CE,27-FEB-2025
2025-02-03 09:59:02.704889,BPCL27FEB25C245,OPTSTK,9.2,820800,9.1,9.2,500400,7200,3600,BPCL,245.0,CE,27-FEB-2025
2025-02-03 09:59:13.570108,BPCL27FEB25C245,OPTSTK,9.3,820800,9.1,9.2,500400,7200,3600,BPCL,245.0,CE,27-FEB-2025
2025-02-03 09:59:29.093519,BPCL27FEB25C245,OPTSTK,9.3,833400,9.2,9.3,500400,5400,10800,BPCL,245.0,CE,27-FEB-2025
2025-02-03 09:59:41.825294,BPCL27FEB25C245,OPTSTK,9.05,833400,9.2,9.3,500400,5400,10800,BPCL,245.0,CE,27-FEB-2025
2025-02-03 09:59:52.440231,BPCL27FEB25C245,OPTSTK,9.05,838800,9.0,9.1,500400,3600,14400,BPCL,245.0,CE,27-FEB-2025
2025-02-03 10:00:00.563992,BPCL27FEB25C245,OPTSTK,9.2,838800,9.0,9.1,500400,3600,14400,BPCL,245.0,CE,27-FEB-2025
2025-02-03 10:00:08.405964,BPCL27FEB25C245,OPTSTK,9.1,838800,9.0,9.1,500400,3600,14400,BPCL,245.0,CE,27-FEB-2025
2025-02-03 10:00:16.566616,BPCL27FEB25C245,OPTSTK,9.0,849600,9.1,9.25,500400,5400,9000,BPCL,245.0,CE,27-FEB-2025
2025-02-03 10:00:29.216854,BPCL27FEB25C245,OPTSTK,9.0,849600,9.1,9.25,500400,5400,9000,BPCL,245.0,CE,27-FEB-2025
2025-02-03 10:00:40.252752,BPCL27FEB25C245,OPTSTK,8.9,855000,8.8,8.95,500400,9000,9000,BPCL,245.0,CE,27-FEB-2025
2025-02-03 10:00:51.970051,BPCL27FEB25C245,OPTSTK,8.9,855000,8.8,8.95,500400,9000,9000,BPCL,245.0,CE,27-FEB-2025
2025-02-03 10:01:03.328758,BPCL27FEB25C245,OPTSTK,8.9,855000,8.8,8.95,500400,10800,18000,BPCL,245.0,CE,27-FEB-2025
2025-02-03 10:01:14.135000,BPCL27FEB25C245,OPTSTK,8.9,855000,8.8,8.95,500400,10800,18000,BPCL,245.0,CE,27-FEB-2025
2025-02-03 10:01:22.497554,BPCL27FEB25C245,OPTSTK,8.9,855000,9.05,9.15,500400,7200,7200,BPCL,245.0,CE,27-FEB-2025
2025-02-03 10:01:31.327754,BPCL27FEB25C245,OPTSTK,9.25,855000,9.05,9.15,532800,7200,7200,BPCL,245.0,CE,27-FEB-2025
2025-02-03 10:01:38.838023,BPCL27FEB25C245,OPTSTK,9.3,855000,9.05,9.15,532800,7200,7200,BPCL,245.0,CE,27-FEB-2025
2025-02-03 10:01:46.765338,BPCL27FEB25C245,OPTSTK,9.5,864000,9.3,9.4,532800,12600,3600,BPCL,245.0,CE,27-FEB-2025
2025-02-03 10:01:55.135530,BPCL27FEB25C245,OPTSTK,9.35,864000,9.3,9.4,532800,12600,3600,BPCL,245.0,CE,27-FEB-2025
2025-02-03 10:02:02.908097,BPCL27FEB25C245,OPTSTK,9.35,864000,9.3,9.4,532800,12600,3600,BPCL,245.0,CE,27-FEB-2025
2025-02-03 10:02:14.152744,BPCL27FEB25C245,OPTSTK,9.5,882000,9.35,9.5,532800,7200,18000,BPCL,245.0,CE,27-FEB-2025
2025-02-03 10:02:25.137564,BPCL27FEB25C245,OPTSTK,9.5,882000,9.35,9.5,532800,7200,18000,BPCL,245.0,CE,27-FEB-2025
2025-02-03 10:02:37.133246,BPCL27FEB25C245,OPTSTK,9.5,885600,9.4,9.55,532800,12600,14400,BPCL,245.0,CE,27-FEB-2025
2025-02-03 10:02:48.622138,BPCL27FEB25C245,OPTSTK,9.5,885600,9.4,9.55,532800,12600,14400,BPCL,245.0,CE,27-FEB-2025
2025-02-03 10:03:00.159105,BPCL27FEB25C245,OPTSTK,9.3,891000,9.3,9.4,532800,1800,5400,BPCL,245.0,CE,27-FEB-2025
2025-02-03 10:03:09.829186,BPCL27FEB25C245,OPTSTK,9.3,891000,9.3,9.4,532800,1800,5400,BPCL,245.0,CE,27-FEB-2025
2025-02-03 10:03:17.609249,BPCL27FEB25C245,OPTSTK,9.3,891000,9.3,9.4,532800,7200,5400,BPCL,245.0,CE,27-FEB-2025
2025-02-03 10:03:25.926408,BPCL27FEB25C245,OPTSTK,9.3,891000,9.3,9.4,532800,7200,5400,BPCL,245.0,CE,27-FEB-2025
2025-02-03 10:03:41.729021,BPCL27FEB25C245,OPTSTK,9.3,892800,9.2,9.3,532800,7200,7200,BPCL,245.0,CE,27-FEB-2025
2025-02-03 10:03:51.426020,BPCL27FEB25C245,OPTSTK,9.3,892800,9.2,9.3,532800,7200,7200,BPCL,245.0,CE,27-FEB-2025
2025-02-03 10:03:59.136475,BPCL27FEB25C245,OPTSTK,9.3,892800,9.2,9.3,532800,7200,7200,BPCL,245.0,CE,27-FEB-2025
2025-02-03 10:04:06.983719,BPCL27FEB25C245,OPTSTK,9.15,898200,9.05,9.2,509400,3600,9000,BPCL,245.0,CE,27-FEB-2025
2025-02-03 10:04:15.305043,BPCL27FEB25C245,OPTSTK,9.15,898200,9.05,9.2,509400,3600,9000,BPCL,245.0,CE,27-FEB-2025
2025-02-03 10:04:26.079726,BPCL27FEB25C245,OPTSTK,9.15,900000,9.15,9.25,509400,5400,1800,BPCL,245.0,CE,27-FEB-2025
2025-02-03 10:04:41.032025,BPCL27FEB25C245,OPTSTK,9.15,900000,9.15,9.25,509400,5400,1800,BPCL,245.0,CE,27-FEB-2025
2025-02-03 10:04:53.242872,BPCL27FEB25C245,OPTSTK,9.15,900000,9.25,9.4,509400,7200,5400,BPCL,245.0,CE,27-FEB-2025
2025-02-03 10:05:02.585928,BPCL27FEB25C245,OPTSTK,9.15,900000,9.25,9.4,509400,7200,5400,BPCL,245.0,CE,27-FEB-2025
2025-02-03 10:05:10.310853,BPCL27FEB25C245,OPTSTK,9.15,900000,9.25,9.4,509400,7200,5400,BPCL,245.0,CE,27-FEB-2025
2025-02-03 10:05:18.435006,BPCL27FEB25C245,OPTSTK,9.15,900000,9.15,9.25,509400,5400,5400,BPCL,245.0,CE,27-FEB-2025
2025-02-03 10:05:26.267012,BPCL27FEB25C245,OPTSTK,9.15,900000,9.15,9.25,509400,5400,5400,BPCL,245.0,CE,27-FEB-2025
2025-02-03 10:05:33.602177,BPCL27FEB25C245,OPTSTK,9.15,900000,9.15,9.25,509400,5400,5400,BPCL,245.0,CE,27-FEB-2025
2025-02-03 10:05:40.883727,BPCL27FEB25C245,OPTSTK,9.15,901800,9.15,9.25,509400,1800,9000,BPCL,245.0,CE,27-FEB-2025
2025-02-03 10:05:48.517861,BPCL27FEB25C245,OPTSTK,9.15,901800,9.15,9.25,509400,1800,9000,BPCL,245.0,CE,27-FEB-2025
2025-02-03 10:05:55.989612,BPCL27FEB25C245,OPTSTK,9.15,901800,9.05,9.2,509400,7200,7200,BPCL,245.0,CE,27-FEB-2025
2025-02-03 10:06:07.207852,BPCL27FEB25C245,OPTSTK,9.15,901800,9.05,9.2,509400,7200,7200,BPCL,245.0,CE,27-FEB-2025
2025-02-03 10:06:17.093131,BPCL27FEB25C245,OPTSTK,9.4,901800,9.05,9.2,509400,7200,7200,BPCL,245.0,CE,27-FEB-2025
2025-02-03 10:06:24.808108,BPCL27FEB25C245,OPTSTK,9.4,903600,9.3,9.45,509400,7200,10800,BPCL,245.0,CE,27-FEB-2025
2025-02-03 10:06:33.144445,BPCL27FEB25C245,OPTSTK,9.4,903600,9.3,9.45,509400,7200,10800,BPCL,245.0,CE,27-FEB-2025
2025-02-03 10:06:41.466248,BPCL27FEB25C245,OPTSTK,9.4,903600,9.3,9.45,509400,7200,10800,BPCL,245.0,CE,27-FEB-2025
2025-02-03 10:06:49.310539,BPCL27FEB25C245,OPTSTK,9.3,903600,9.25,9.4,514800,9000,7200,BPCL,245.0,CE,27-FEB-2025
2025-02-03 10:07:04.727243,BPCL27FEB25C245,OPTSTK,9.3,905400,9.3,9.4,514800,3600,5400,BPCL,245.0,CE,27-FEB-2025
2025-02-03 10:07:16.639921,BPCL27FEB25C245,OPTSTK,9.3,905400,9.3,9.4,514800,3600,5400,BPCL,245.0,CE,27-FEB-2025
2025-02-03 10:07:29.044808,BPCL27FEB25C245,OPTSTK,9.3,905400,9.3,9.4,514800,3600,5400,BPCL,245.0,CE,27-FEB-2025
2025-02-03 10:07:37.490102,BPCL27FEB25C245,OPTSTK,9.45,905400,9.4,9.5,514800,9000,34200,BPCL,245.0,CE,27-FEB-2025
2025-02-03 10:07:45.040953,BPCL27FEB25C245,OPTSTK,9.45,905400,9.4,9.5,514800,9000,34200,BPCL,245.0,CE,27-FEB-2025
2025-02-03 10:07:52.515539,BPCL27FEB25C245,OPTSTK,9.4,905400,9.4,9.5,514800,9000,34200,BPCL,245.0,CE,27-FEB-2025
2025-02-03 10:08:00.296098,BPCL27FEB25C245,OPTSTK,9.3,910800,9.3,9.45,514800,10800,9000,BPCL,245.0,CE,27-FEB-2025
2025-02-03 10:08:08.517758,BPCL27FEB25C245,OPTSTK,9.25,910800,9.3,9.45,514800,10800,9000,BPCL,245.0,CE,27-FEB-2025
2025-02-03 10:08:16.245908,BPCL27FEB25C245,OPTSTK,9.25,910800,9.3,9.45,514800,10800,9000,BPCL,245.0,CE,27-FEB-2025
2025-02-03 10:08:23.781473,BPCL27FEB25C245,OPTSTK,9.25,914400,9.25,9.35,514800,3600,3600,BPCL,245.0,CE,27-FEB-2025
2025-02-03 10:08:31.813265,BPCL27FEB25C245,OPTSTK,9.25,914400,9.25,9.35,514800,3600,3600,BPCL,245.0,CE,27-FEB-2025
2025-02-03 10:08:42.736094,BPCL27FEB25C245,OPTSTK,9.15,916200,9.05,9.15,514800,5400,1800,BPCL,245.0,CE,27-FEB-2025
2025-02-03 10:08:51.965064,BPCL27FEB25C245,OPTSTK,9.0,916200,9.05,9.15,514800,5400,1800,BPCL,245.0,CE,27-FEB-2025
2025-02-03 10:09:02.735859,BPCL27FEB25C245,OPTSTK,9.0,941400,9.05,9.15,514800,5400,1800,BPCL,245.0,CE,27-FEB-2025
2025-02-03 10:09:14.519844,BPCL27FEB25C245,OPTSTK,9.0,941400,9.05,9.15,514800,5400,1800,BPCL,245.0,CE,27-FEB-2025
2025-02-03 10:09:24.595781,BPCL27FEB25C245,OPTSTK,9.0,941400,9.05,9.15,514800,5400,1800,BPCL,245.0,CE,27-FEB-2025
2025-02-03 10:09:33.780088,BPCL27FEB25C245,OPTSTK,8.9,946800,8.85,9.0,514800,7200,9000,BPCL,245.0,CE,27-FEB-2025
2025-02-03 10:09:41.571575,BPCL27FEB25C245,OPTSTK,8.9,946800,8.85,9.0,514800,7200,9000,BPCL,245.0,CE,27-FEB-2025
2025-02-03 10:09:50.884164,BPCL27FEB25C245,OPTSTK,8.9,948600,8.8,8.9,513000,9000,5400,BPCL,245.0,CE,27-FEB-2025
2025-02-03 10:10:01.997344,BPCL27FEB25C245,OPTSTK,8.9,948600,8.8,8.9,513000,9000,5400,BPCL,245.0,CE,27-FEB-2025
2025-02-03 10:10:10.331610,BPCL27FEB25C245,OPTSTK,9.0,948600,8.8,8.9,513000,9000,5400,BPCL,245.0,CE,27-FEB-2025
2025-02-03 10:10:18.959043,BPCL27FEB25C245,OPTSTK,9.0,954000,8.9,9.05,513000,18000,9000,BPCL,245.0,CE,27-FEB-2025
2025-02-03 10:10:26.730805,BPCL27FEB25C245,OPTSTK,9.0,954000,8.9,9.05,513000,18000,9000,BPCL,245.0,CE,27-FEB-2025
2025-02-03 10:10:34.332299,BPCL27FEB25C245,OPTSTK,9.05,954000,8.9,9.05,513000,18000,9000,BPCL,245.0,CE,27-FEB-2025
2025-02-03 10:10:42.597585,BPCL27FEB25C245,OPTSTK,9.05,955800,8.9,9.05,513000,10800,7200,BPCL,245.0,CE,27-FEB-2025
2025-02-03 10:10:50.468817,BPCL27FEB25C245,OPTSTK,9.05,955800,8.9,9.05,513000,10800,7200,BPCL,245.0,CE,27-FEB-2025
2025-02-03 10:10:57.893339,BPCL27FEB25C245,OPTSTK,9.0,955800,8.9,9.05,513000,10800,7200,BPCL,245.0,CE,27-FEB-2025
2025-02-03 10:11:08.647547,BPCL27FEB25C245,OPTSTK,9.0,961200,8.95,9.05,513000,3600,1800,BPCL,245.0,CE,27-FEB-2025
2025-02-03 10:11:19.231539,BPCL27FEB25C245,OPTSTK,9.0,961200,8.95,9.05,513000,3600,1800,BPCL,245.0,CE,27-FEB-2025
2025-02-03 10:11:27.564733,BPCL27FEB25C245,OPTSTK,9.0,961200,9.0,9.1,513000,5400,7200,BPCL,245.0,CE,27-FEB-2025
2025-02-03 10:11:35.723195,BPCL27FEB25C245,OPTSTK,9.0,961200,9.0,9.1,513000,5400,7200,BPCL,245.0,CE,27-FEB-2025
2025-02-03 10:11:43.049588,BPCL27FEB25C245,OPTSTK,9.15,961200,9.0,9.1,513000,5400,7200,BPCL,245.0,CE,27-FEB-2025
2025-02-03 10:11:50.411878,BPCL27FEB25C245,OPTSTK,9.15,964800,9.05,9.2,513000,9000,7200,BPCL,245.0,CE,27-FEB-2025
2025-02-03 10:11:58.048620,BPCL27FEB25C245,OPTSTK,9.15,964800,9.05,9.2,513000,9000,7200,BPCL,245.0,CE,27-FEB-2025
2025-02-03 10:12:05.913874,BPCL27FEB25C245,OPTSTK,9.2,964800,9.05,9.2,513000,9000,7200,BPCL,245.0,CE,27-FEB-2025
2025-02-03 10:12:13.936957,BPCL27FEB25C245,OPTSTK,9.3,970200,9.1,9.25,513000,7200,9000,BPCL,245.0,CE,27-FEB-2025
2025-02-03 10:12:23.349461,BPCL27FEB25C245,OPTSTK,9.25,970200,9.1,9.25,513000,7200,9000,BPCL,245.0,CE,27-FEB-2025
2025-02-03 10:12:33.942959,BPCL27FEB25C245,OPTSTK,9.0,970200,9.1,9.25,513000,7200,9000,BPCL,245.0,CE,27-FEB-2025
2025-02-03 10:12:42.658123,BPCL27FEB25C245,OPTSTK,9.0,981000,8.95,9.1,513000,9000,9000,BPCL,245.0,CE,27-FEB-2025
2025-02-03 10:12:50.542263,BPCL27FEB25C245,OPTSTK,8.95,981000,8.95,9.1,534600,9000,9000,BPCL,245.0,CE,27-FEB-2025
2025-02-03 10:13:03.905967,BPCL27FEB25C245,OPTSTK,8.9,982800,8.8,8.9,534600,9000,9000,BPCL,245.0,CE,27-FEB-2025
2025-02-03 10:13:14.652989,BPCL27FEB25C245,OPTSTK,8.8,982800,8.8,8.9,534600,9000,9000,BPCL,245.0,CE,27-FEB-2025
2025-02-03 10:13:25.575546,BPCL27FEB25C245,OPTSTK,8.8,995400,8.75,8.85,534600,9000,1800,BPCL,245.0,CE,27-FEB-2025
2025-02-03 10:13:33.221799,BPCL27FEB25C245,OPTSTK,8.75,995400,8.75,8.85,534600,9000,1800,BPCL,245.0,CE,27-FEB-2025
2025-02-03 10:13:45.345379,BPCL27FEB25C245,OPTSTK,8.8,1004400,8.75,8.9,534600,9000,7200,BPCL,245.0,CE,27-FEB-2025
2025-02-03 10:13:56.386534,BPCL27FEB25C245,OPTSTK,8.8,1004400,8.75,8.9,534600,9000,7200,BPCL,245.0,CE,27-FEB-2025
2025-02-03 10:14:05.264666,BPCL27FEB25C245,OPTSTK,8.8,1004400,8.75,8.9,534600,9000,7200,BPCL,245.0,CE,27-FEB-2025
2025-02-03 10:14:13.226023,BPCL27FEB25C245,OPTSTK,8.8,1004400,8.75,8.85,534600,3600,5400,BPCL,245.0,CE,27-FEB-2025
2025-02-03 10:14:20.872162,BPCL27FEB25C245,OPTSTK,8.8,1004400,8.75,8.85,534600,3600,5400,BPCL,245.0,CE,27-FEB-2025
2025-02-03 10:14:28.340635,BPCL27FEB25C245,OPTSTK,8.8,1004400,8.75,8.85,534600,3600,5400,BPCL,245.0,CE,27-FEB-2025
2025-02-03 10:14:37.534411,BPCL27FEB25C245,OPTSTK,8.8,1004400,8.8,8.95,534600,9000,9000,BPCL,245.0,CE,27-FEB-2025
2025-02-03 10:14:44.900697,BPCL27FEB25C245,OPTSTK,8.85,1004400,8.8,8.95,534600,9000,9000,BPCL,245.0,CE,27-FEB-2025
2025-02-03 10:14:52.896760,BPCL27FEB25C245,OPTSTK,8.85,1009800,8.7,8.85,534600,10800,5400,BPCL,245.0,CE,27-FEB-2025
2025-02-03 10:15:07.834158,BPCL27FEB25C245,OPTSTK,8.7,1009800,8.7,8.85,534600,10800,5400,BPCL,245.0,CE,27-FEB-2025
2025-02-03 10:15:17.514445,BPCL27FEB25C245,OPTSTK,8.7,1017000,8.65,8.8,534600,16200,7200,BPCL,245.0,CE,27-FEB-2025
2025-02-03 10:15:26.794558,BPCL27FEB25C245,OPTSTK,8.7,1017000,8.65,8.8,534600,16200,7200,BPCL,245.0,CE,27-FEB-2025
2025-02-03 10:15:34.411364,BPCL27FEB25C245,OPTSTK,8.65,1017000,8.65,8.8,534600,16200,7200,BPCL,245.0,CE,27-FEB-2025
2025-02-03 10:15:42.289101,BPCL27FEB25C245,OPTSTK,8.6,1017000,8.65,8.8,534600,16200,7200,BPCL,245.0,CE,27-FEB-2025
2025-02-03 10:15:49.679218,BPCL27FEB25C245,OPTSTK,8.6,1026000,8.65,8.75,534600,3600,7200,BPCL,245.0,CE,27-FEB-2025
2025-02-03 10:15:57.102424,BPCL27FEB25C245,OPTSTK,8.6,1026000,8.65,8.75,534600,3600,7200,BPCL,245.0,CE,27-FEB-2025
2025-02-03 10:16:04.528643,BPCL27FEB25C245,OPTSTK,8.6,1026000,8.65,8.75,534600,3600,7200,BPCL,245.0,CE,27-FEB-2025
2025-02-03 10:16:13.599631,BPCL27FEB25C245,OPTSTK,8.6,1026000,8.6,8.75,534600,34200,9000,BPCL,245.0,CE,27-FEB-2025
2025-02-03 10:16:23.738918,BPCL27FEB25C245,OPTSTK,8.75,1026000,8.6,8.75,563400,34200,9000,BPCL,245.0,CE,27-FEB-2025
2025-02-03 10:16:32.335437,BPCL27FEB25C245,OPTSTK,8.75,1029600,8.65,8.8,563400,10800,10800,BPCL,245.0,CE,27-FEB-2025
2025-02-03 10:16:40.976537,BPCL27FEB25C245,OPTSTK,8.75,1029600,8.65,8.8,563400,10800,10800,BPCL,245.0,CE,27-FEB-2025
2025-02-03 10:16:51.109870,BPCL27FEB25C245,OPTSTK,8.7,1029600,8.65,8.8,563400,10800,10800,BPCL,245.0,CE,27-FEB-2025
2025-02-03 10:17:01.721017,BPCL27FEB25C245,OPTSTK,8.7,1035000,8.65,8.75,563400,7200,10800,BPCL,245.0,CE,27-FEB-2025
2025-02-03 10:17:11.523120,BPCL27FEB25C245,OPTSTK,8.75,1035000,8.65,8.75,563400,7200,10800,BPCL,245.0,CE,27-FEB-2025
2025-02-03 10:17:21.881450,BPCL27FEB25C245,OPTSTK,8.75,1042200,8.75,8.85,563400,3600,10800,BPCL,245.0,CE,27-FEB-2025
2025-02-03 10:17:32.789613,BPCL27FEB25C245,OPTSTK,8.7,1042200,8.75,8.85,563400,3600,10800,BPCL,245.0,CE,27-FEB-2025
2025-02-03 10:17:42.316365,BPCL27FEB25C245,OPTSTK,8.7,1047600,8.65,8.75,563400,9000,10800,BPCL,245.0,CE,27-FEB-2025
2025-02-03 10:17:49.672900,BPCL27FEB25C245,OPTSTK,8.75,1047600,8.65,8.75,563400,9000,10800,BPCL,245.0,CE,27-FEB-2025
2025-02-03 10:17:57.374493,BPCL27FEB25C245,OPTSTK,8.75,1047600,8.65,8.75,563400,9000,10800,BPCL,245.0,CE,27-FEB-2025
2025-02-03 10:18:09.085031,BPCL27FEB25C245,OPTSTK,8.75,1053000,8.7,8.8,563400,1800,9000,BPCL,245.0,CE,27-FEB-2025
2025-02-03 10:18:18.380589,BPCL27FEB25C245,OPTSTK,8.75,1053000,8.7,8.8,563400,1800,9000,BPCL,245.0,CE,27-FEB-2025
2025-02-03 10:18:25.805101,BPCL27FEB25C245,OPTSTK,8.75,1053000,8.7,8.8,563400,1800,9000,BPCL,245.0,CE,27-FEB-2025
2025-02-03 10:18:33.177283,BPCL27FEB25C245,OPTSTK,8.75,1053000,8.65,8.8,563400,12600,9000,BPCL,245.0,CE,27-FEB-2025
2025-02-03 10:18:40.610187,BPCL27FEB25C245,OPTSTK,8.75,1053000,8.65,8.8,563400,12600,9000,BPCL,245.0,CE,27-FEB-2025
2025-02-03 10:18:51.800167,BPCL27FEB25C245,OPTSTK,8.7,1054800,8.6,8.7,561600,10800,5400,BPCL,245.0,CE,27-FEB-2025
2025-02-03 10:19:03.687324,BPCL27FEB25C245,OPTSTK,8.6,1054800,8.6,8.7,561600,10800,5400,BPCL,245.0,CE,27-FEB-2025
2025-02-03 10:19:13.288981,BPCL27FEB25C245,OPTSTK,8.6,1063800,8.6,8.7,561600,7200,5400,BPCL,245.0,CE,27-FEB-2025
2025-02-03 10:19:23.085347,BPCL27FEB25C245,OPTSTK,8.6,1063800,8.6,8.7,561600,7200,5400,BPCL,245.0,CE,27-FEB-2025
2025-02-03 10:19:32.292043,BPCL27FEB25C245,OPTSTK,8.6,1063800,8.6,8.7,561600,7200,5400,BPCL,245.0,CE,27-FEB-2025
2025-02-03 10:19:39.884451,BPCL27FEB25C245,OPTSTK,8.6,1063800,8.7,8.85,561600,10800,12600,BPCL,245.0,CE,27-FEB-2025
2025-02-03 10:19:47.455535,BPCL27FEB25C245,OPTSTK,8.6,1063800,8.7,8.85,561600,10800,12600,BPCL,245.0,CE,27-FEB-2025
2025-02-03 10:19:54.523444,BPCL27FEB25C245,OPTSTK,8.6,1063800,8.7,8.85,561600,10800,12600,BPCL,245.0,CE,27-FEB-2025
2025-02-03 10:20:04.684337,BPCL27FEB25C245,OPTSTK,8.6,1063800,8.75,8.9,561600,5400,16200,BPCL,245.0,CE,27-FEB-2025
2025-02-03 10:20:14.924047,BPCL27FEB25C245,OPTSTK,8.85,1063800,8.75,8.9,561600,5400,16200,BPCL,245.0,CE,27-FEB-2025
2025-02-03 10:20:22.407835,BPCL27FEB25C245,OPTSTK,8.85,1065600,8.8,8.9,561600,5400,3600,BPCL,245.0,CE,27-FEB-2025
2025-02-03 10:20:29.879274,BPCL27FEB25C245,OPTSTK,8.85,1065600,8.8,8.9,561600,5400,3600,BPCL,245.0,CE,27-FEB-2025
2025-02-03 10:20:37.345132,BPCL27FEB25C245,OPTSTK,8.85,1065600,8.8,8.9,561600,5400,3600,BPCL,245.0,CE,27-FEB-2025
2025-02-03 10:20:44.903496,BPCL27FEB25C245,OPTSTK,8.85,1067400,8.85,8.95,561600,1800,1800,BPCL,245.0,CE,27-FEB-2025
2025-02-03 10:20:52.931350,BPCL27FEB25C245,OPTSTK,8.85,1067400,8.85,8.95,561600,1800,1800,BPCL,245.0,CE,27-FEB-2025
2025-02-03 10:21:03.898313,BPCL27FEB25C245,OPTSTK,8.85,1067400,8.85,8.95,561600,1800,1800,BPCL,245.0,CE,27-FEB-2025
2025-02-03 10:21:14.866910,BPCL27FEB25C245,OPTSTK,8.85,1067400,8.95,9.05,561600,3600,1800,BPCL,245.0,CE,27-FEB-2025
2025-02-03 10:21:25.586878,BPCL27FEB25C245,OPTSTK,8.85,1067400,8.95,9.05,561600,3600,1800,BPCL,245.0,CE,27-FEB-2025
2025-02-03 10:21:36.345754,BPCL27FEB25C245,OPTSTK,9.2,1069200,9.1,9.2,561600,7200,1800,BPCL,245.0,CE,27-FEB-2025
2025-02-03 10:21:44.705465,BPCL27FEB25C245,OPTSTK,9.2,1069200,9.1,9.2,561600,7200,1800,BPCL,245.0,CE,27-FEB-2025
2025-02-03 10:21:52.164946,BPCL27FEB25C245,OPTSTK,9.3,1069200,9.1,9.2,568800,7200,1800,BPCL,245.0,CE,27-FEB-2025
2025-02-03 10:21:59.738423,BPCL27FEB25C245,OPTSTK,9.3,1072800,9.25,9.4,568800,12600,9000,BPCL,245.0,CE,27-FEB-2025
2025-02-03 10:22:07.097915,BPCL27FEB25C245,OPTSTK,9.3,1072800,9.25,9.4,568800,12600,9000,BPCL,245.0,CE,27-FEB-2025
2025-02-03 10:22:14.362273,BPCL27FEB25C245,OPTSTK,9.1,1072800,9.25,9.4,568800,12600,9000,BPCL,245.0,CE,27-FEB-2025
2025-02-03 10:22:22.529338,BPCL27FEB25C245,OPTSTK,9.1,1074600,9.2,9.3,568800,1800,5400,BPCL,245.0,CE,27-FEB-2025
2025-02-03 10:22:30.493835,BPCL27FEB25C245,OPTSTK,9.15,1074600,9.2,9.3,568800,1800,5400,BPCL,245.0,CE,27-FEB-2025
2025-02-03 10:22:41.807744,BPCL27FEB25C245,OPTSTK,9.15,1078200,9.15,9.3,568800,5400,16200,BPCL,245.0,CE,27-FEB-2025
2025-02-03 10:22:53.119017,BPCL27FEB25C245,OPTSTK,9.3,1078200,9.15,9.3,568800,5400,16200,BPCL,245.0,CE,27-FEB-2025
2025-02-03 10:23:00.758178,BPCL27FEB25C245,OPTSTK,9.3,1078200,9.15,9.3,568800,5400,16200,BPCL,245.0,CE,27-FEB-2025
2025-02-03 10:23:16.141039,BPCL27FEB25C245,OPTSTK,9.4,1081800,9.3,9.4,568800,7200,5400,BPCL,245.0,CE,27-FEB-2025
2025-02-03 10:23:27.665979,BPCL27FEB25C245,OPTSTK,9.3,1089000,9.2,9.3,568800,3600,3600,BPCL,245.0,CE,27-FEB-2025
2025-02-03 10:23:36.807836,BPCL27FEB25C245,OPTSTK,9.3,1089000,9.2,9.3,568800,3600,3600,BPCL,245.0,CE,27-FEB-2025
2025-02-03 10:23:44.926093,BPCL27FEB25C245,OPTSTK,9.3,1089000,9.2,9.3,568800,3600,3600,BPCL,245.0,CE,27-FEB-2025
2025-02-03 10:23:52.543264,BPCL27FEB25C245,OPTSTK,9.2,1092600,9.2,9.3,568800,3600,10800,BPCL,245.0,CE,27-FEB-2025
2025-02-03 10:24:00.043997,BPCL27FEB25C245,OPTSTK,9.2,1092600,9.2,9.3,568800,3600,10800,BPCL,245.0,CE,27-FEB-2025
2025-02-03 10:24:07.307141,BPCL27FEB25C245,OPTSTK,9.2,1092600,9.2,9.3,568800,3600,10800,BPCL,245.0,CE,27-FEB-2025
2025-02-03 10:24:14.726965,BPCL27FEB25C245,OPTSTK,9.2,1098000,9.15,9.25,568800,1800,5400,BPCL,245.0,CE,27-FEB-2025
2025-02-03 10:24:22.364621,BPCL27FEB25C245,OPTSTK,9.2,1098000,9.15,9.25,568800,1800,5400,BPCL,245.0,CE,27-FEB-2025
2025-02-03 10:24:29.755665,BPCL27FEB25C245,OPTSTK,9.2,1098000,9.15,9.25,568800,1800,5400,BPCL,245.0,CE,27-FEB-2025
2025-02-03 10:24:37.052856,BPCL27FEB25C245,OPTSTK,9.2,1099800,9.15,9.3,568800,7200,14400,BPCL,245.0,CE,27-FEB-2025
2025-02-03 10:24:44.542676,BPCL27FEB25C245,OPTSTK,9.2,1099800,9.15,9.3,568800,7200,14400,BPCL,245.0,CE,27-FEB-2025
2025-02-03 10:24:52.378731,BPCL27FEB25C245,OPTSTK,9.15,1099800,9.15,9.3,572400,7200,14400,BPCL,245.0,CE,27-FEB-2025
2025-02-03 10:25:00.838252,BPCL27FEB25C245,OPTSTK,9.15,1101600,9.1,9.25,572400,5400,14400,BPCL,245.0,CE,27-FEB-2025
2025-02-03 10:25:08.191938,BPCL27FEB25C245,OPTSTK,9.15,1101600,9.1,9.25,572400,5400,14400,BPCL,245.0,CE,27-FEB-2025
2025-02-03 10:25:15.753799,BPCL27FEB25C245,OPTSTK,9.15,1101600,9.1,9.25,572400,5400,14400,BPCL,245.0,CE,27-FEB-2025
2025-02-03 10:25:23.271680,BPCL27FEB25C245,OPTSTK,9.15,1101600,9.1,9.25,572400,3600,10800,BPCL,245.0,CE,27-FEB-2025
2025-02-03 10:25:31.114095,BPCL27FEB25C245,OPTSTK,9.15,1101600,9.1,9.25,572400,3600,10800,BPCL,245.0,CE,27-FEB-2025
2025-02-03 10:25:38.458326,BPCL27FEB25C245,OPTSTK,9.1,1101600,9.1,9.25,572400,3600,10800,BPCL,245.0,CE,27-FEB-2025
2025-02-03 10:25:45.835804,BPCL27FEB25C245,OPTSTK,9.1,1103400,9.15,9.3,572400,10800,16200,BPCL,245.0,CE,27-FEB-2025
2025-02-03 10:25:53.373129,BPCL27FEB25C245,OPTSTK,9.1,1103400,9.15,9.3,572400,10800,16200,BPCL,245.0,CE,27-FEB-2025
2025-02-03 10:26:02.245233,BPCL27FEB25C245,OPTSTK,9.1,1103400,9.15,9.3,572400,10800,16200,BPCL,245.0,CE,27-FEB-2025
2025-02-03 10:26:09.671504,BPCL27FEB25C245,OPTSTK,9.1,1103400,9.2,9.3,572400,1800,7200,BPCL,245.0,CE,27-FEB-2025
2025-02-03 10:26:17.058369,BPCL27FEB25C245,OPTSTK,9.4,1103400,9.2,9.3,572400,1800,7200,BPCL,245.0,CE,27-FEB-2025
2025-02-03 10:26:24.707697,BPCL27FEB25C245,OPTSTK,9.4,1103400,9.2,9.3,572400,1800,7200,BPCL,245.0,CE,27-FEB-2025
2025-02-03 10:26:33.396854,BPCL27FEB25C245,OPTSTK,9.45,1110600,9.4,9.45,572400,1800,1800,BPCL,245.0,CE,27-FEB-2025
2025-02-03 10:26:42.344861,BPCL27FEB25C245,OPTSTK,9.45,1110600,9.4,9.45,572400,1800,1800,BPCL,245.0,CE,27-FEB-2025
2025-02-03 10:26:51.931419,BPCL27FEB25C245,OPTSTK,9.45,1114200,9.3,9.4,572400,7200,3600,BPCL,245.0,CE,27-FEB-2025
2025-02-03 10:27:02.235984,BPCL27FEB25C245,OPTSTK,9.45,1114200,9.3,9.4,572400,7200,3600,BPCL,245.0,CE,27-FEB-2025
2025-02-03 10:27:13.185328,BPCL27FEB25C245,OPTSTK,9.55,1177200,9.45,9.55,572400,3600,10800,BPCL,245.0,CE,27-FEB-2025
2025-02-03 10:27:22.645118,BPCL27FEB25C245,OPTSTK,9.55,1177200,9.45,9.55,572400,3600,10800,BPCL,245.0,CE,27-FEB-2025
2025-02-03 10:27:30.097339,BPCL27FEB25C245,OPTSTK,9.75,1177200,9.45,9.55,572400,3600,10800,BPCL,245.0,CE,27-FEB-2025
2025-02-03 10:27:38.016688,BPCL27FEB25C245,OPTSTK,9.75,1209600,9.6,9.7,572400,3600,1800,BPCL,245.0,CE,27-FEB-2025
2025-02-03 10:27:45.423692,BPCL27FEB25C245,OPTSTK,9.75,1209600,9.6,9.7,572400,3600,1800,BPCL,245.0,CE,27-FEB-2025
2025-02-03 10:27:52.543148,BPCL27FEB25C245,OPTSTK,9.75,1209600,9.6,9.7,572400,3600,1800,BPCL,245.0,CE,27-FEB-2025
2025-02-03 10:27:59.841599,BPCL27FEB25C245,OPTSTK,9.7,1211400,9.6,9.75,525600,5400,10800,BPCL,245.0,CE,27-FEB-2025
2025-02-03 10:28:07.110348,BPCL27FEB25C245,OPTSTK,9.8,1211400,9.6,9.75,525600,5400,10800,BPCL,245.0,CE,27-FEB-2025
2025-02-03 10:28:14.591597,BPCL27FEB25C245,OPTSTK,9.8,1211400,9.6,9.75,525600,5400,10800,BPCL,245.0,CE,27-FEB-2025
2025-02-03 10:28:22.138321,BPCL27FEB25C245,OPTSTK,9.8,1220400,9.65,9.75,525600,5400,3600,BPCL,245.0,CE,27-FEB-2025
2025-02-03 10:28:29.320161,BPCL27FEB25C245,OPTSTK,9.65,1220400,9.65,9.75,525600,5400,3600,BPCL,245.0,CE,27-FEB-2025
2025-02-03 10:28:36.598619,BPCL27FEB25C245,OPTSTK,9.65,1220400,9.65,9.75,525600,5400,3600,BPCL,245.0,CE,27-FEB-2025
2025-02-03 10:28:43.862333,BPCL27FEB25C245,OPTSTK,9.65,1220400,9.65,9.75,525600,5400,3600,BPCL,245.0,CE,27-FEB-2025
2025-02-03 10:28:52.193863,BPCL27FEB25C245,OPTSTK,9.4,1225800,9.55,9.65,525600,3600,9000,BPCL,245.0,CE,27-FEB-2025
2025-02-03 10:29:06.011085,BPCL27FEB25C245,OPTSTK,9.4,1234800,9.15,9.3,525600,9000,12600,BPCL,245.0,CE,27-FEB-2025
2025-02-03 10:29:18.686028,BPCL27FEB25C245,OPTSTK,9.4,1234800,9.15,9.3,525600,9000,12600,BPCL,245.0,CE,27-FEB-2025
2025-02-03 10:29:26.802774,BPCL27FEB25C245,OPTSTK,9.4,1234800,9.15,9.3,525600,9000,12600,BPCL,245.0,CE,27-FEB-2025
2025-02-03 10:29:34.444191,BPCL27FEB25C245,OPTSTK,9.4,1242000,9.35,9.5,525600,10800,5400,BPCL,245.0,CE,27-FEB-2025
2025-02-03 10:29:47.331509,BPCL27FEB25C245,OPTSTK,9.4,1242000,9.35,9.5,525600,10800,5400,BPCL,245.0,CE,27-FEB-2025
2025-02-03 10:29:55.543665,BPCL27FEB25C245,OPTSTK,9.45,1243800,9.45,9.55,525600,5400,3600,BPCL,245.0,CE,27-FEB-2025
2025-02-03 10:30:03.028967,BPCL27FEB25C245,OPTSTK,9.75,1243800,9.45,9.55,525600,5400,3600,BPCL,245.0,CE,27-FEB-2025
2025-02-03 10:30:10.330164,BPCL27FEB25C245,OPTSTK,9.75,1243800,9.45,9.55,525600,5400,3600,BPCL,245.0,CE,27-FEB-2025
2025-02-03 10:30:17.771943,BPCL27FEB25C245,OPTSTK,9.75,1252800,9.7,9.8,525600,1800,9000,BPCL,245.0,CE,27-FEB-2025
2025-02-03 10:30:26.382670,BPCL27FEB25C245,OPTSTK,9.7,1252800,9.7,9.8,525600,1800,9000,BPCL,245.0,CE,27-FEB-2025
2025-02-03 10:30:33.583077,BPCL27FEB25C245,OPTSTK,9.7,1252800,9.7,9.8,525600,1800,9000,BPCL,245.0,CE,27-FEB-2025
2025-02-03 10:30:40.931621,BPCL27FEB25C245,OPTSTK,9.7,1252800,9.7,9.8,525600,1800,9000,BPCL,245.0,CE,27-FEB-2025
2025-02-03 10:30:48.442700,BPCL27FEB25C245,OPTSTK,9.75,1258200,9.6,9.75,525600,18000,7200,BPCL,245.0,CE,27-FEB-2025
2025-02-03 10:30:55.665085,BPCL27FEB25C245,OPTSTK,9.75,1258200,9.6,9.75,514800,18000,7200,BPCL,245.0,CE,27-FEB-2025
2025-02-03 10:31:02.919510,BPCL27FEB25C245,OPTSTK,9.75,1258200,9.6,9.75,514800,18000,7200,BPCL,245.0,CE,27-FEB-2025
2025-02-03 10:31:10.659177,BPCL27FEB25C245,OPTSTK,9.75,1261800,9.65,9.75,514800,7200,5400,BPCL,245.0,CE,27-FEB-2025
2025-02-03 10:31:17.999690,BPCL27FEB25C245,OPTSTK,9.8,1261800,9.65,9.75,514800,7200,5400,BPCL,245.0,CE,27-FEB-2025
2025-02-03 10:31:25.212012,BPCL27FEB25C245,OPTSTK,9.8,1261800,9.65,9.75,514800,7200,5400,BPCL,245.0,CE,27-FEB-2025
2025-02-03 10:31:32.599917,BPCL27FEB25C245,OPTSTK,9.75,1270800,9.75,9.85,514800,1800,7200,BPCL,245.0,CE,27-FEB-2025
2025-02-03 10:31:39.785422,BPCL27FEB25C245,OPTSTK,9.95,1270800,9.75,9.85,514800,1800,7200,BPCL,245.0,CE,27-FEB-2025
2025-02-03 10:31:47.504368,BPCL27FEB25C245,OPTSTK,9.85,1355400,9.65,9.8,505800,9000,10800,BPCL,245.0,CE,27-FEB-2025
2025-02-03 10:34:39.459336,BPCL27FEB25C245,OPTSTK,9.85,1355400,9.65,9.8,505800,9000,10800,BPCL,245.0,CE,27-FEB-2025
2025-02-03 10:34:47.380841,BPCL27FEB25C245,OPTSTK,9.85,1355400,9.65,9.8,505800,9000,10800,BPCL,245.0,CE,27-FEB-2025
2025-02-03 10:34:55.544434,BPCL27FEB25C245,OPTSTK,9.85,1355400,9.8,9.95,505800,9000,12600,BPCL,245.0,CE,27-FEB-2025
2025-02-03 10:35:02.912994,BPCL27FEB25C245,OPTSTK,9.85,1355400,9.8,9.95,505800,9000,12600,BPCL,245.0,CE,27-FEB-2025
2025-02-03 10:35:10.149801,BPCL27FEB25C245,OPTSTK,9.95,1355400,9.8,9.95,505800,9000,12600,BPCL,245.0,CE,27-FEB-2025
2025-02-03 10:35:17.465433,BPCL27FEB25C245,OPTSTK,10.1,1391400,10.1,10.2,511200,1800,7200,BPCL,245.0,CE,27-FEB-2025
2025-02-03 10:38:26.386442,BPCL27FEB25C245,OPTSTK,10.1,1391400,10.1,10.2,511200,1800,7200,BPCL,245.0,CE,27-FEB-2025
2025-02-03 10:38:34.112239,BPCL27FEB25C245,OPTSTK,10.1,1391400,10.1,10.2,511200,1800,7200,BPCL,245.0,CE,27-FEB-2025
2025-02-03 10:38:42.300738,BPCL27FEB25C245,OPTSTK,10.1,1393200,9.95,10.05,511200,7200,1800,BPCL,245.0,CE,27-FEB-2025
2025-02-03 10:38:50.063996,BPCL27FEB25C245,OPTSTK,10.1,1393200,9.95,10.05,511200,7200,1800,BPCL,245.0,CE,27-FEB-2025
2025-02-03 10:38:57.994676,BPCL27FEB25C245,OPTSTK,9.9,1414800,9.8,9.95,504000,9000,7200,BPCL,245.0,CE,27-FEB-2025
2025-02-03 10:40:50.489871,BPCL27FEB25C245,OPTSTK,9.9,1414800,9.8,9.95,504000,9000,7200,BPCL,245.0,CE,27-FEB-2025
2025-02-03 10:40:58.274419,BPCL27FEB25C245,OPTSTK,9.9,1414800,9.85,9.95,504000,9000,5400,BPCL,245.0,CE,27-FEB-2025
2025-02-03 10:41:06.782384,BPCL27FEB25C245,OPTSTK,9.85,1414800,9.85,9.95,504000,9000,5400,BPCL,245.0,CE,27-FEB-2025
2025-02-03 10:41:15.906003,BPCL27FEB25C245,OPTSTK,9.85,1414800,9.85,9.95,504000,9000,5400,BPCL,245.0,CE,27-FEB-2025
2025-02-03 10:41:23.291110,BPCL27FEB25C245,OPTSTK,10.1,1431000,10.05,10.15,504000,1800,5400,BPCL,245.0,CE,27-FEB-2025
2025-02-03 10:43:59.322773,BPCL27FEB25C245,OPTSTK,10.1,1431000,10.1,10.15,504000,1800,3600,BPCL,245.0,CE,27-FEB-2025
2025-02-03 10:44:07.423169,BPCL27FEB25C245,OPTSTK,10.1,1431000,10.1,10.15,504000,1800,3600,BPCL,245.0,CE,27-FEB-2025
2025-02-03 10:44:20.497011,BPCL27FEB25C245,OPTSTK,10.1,1431000,10.1,10.2,504000,3600,7200,BPCL,245.0,CE,27-FEB-2025
2025-02-03 10:44:31.557140,BPCL27FEB25C245,OPTSTK,10.1,1431000,10.1,10.2,504000,3600,7200,BPCL,245.0,CE,27-FEB-2025
2025-02-03 10:44:43.687728,BPCL27FEB25C245,OPTSTK,10.15,1432800,10.05,10.15,502200,5400,1800,BPCL,245.0,CE,27-FEB-2025
2025-02-03 10:44:52.224325,BPCL27FEB25C245,OPTSTK,10.15,1432800,10.05,10.15,502200,5400,1800,BPCL,245.0,CE,27-FEB-2025
2025-02-03 10:45:01.619077,BPCL27FEB25C245,OPTSTK,10.15,1432800,10.05,10.15,502200,5400,1800,BPCL,245.0,CE,27-FEB-2025
2025-02-03 10:45:09.453176,BPCL27FEB25C245,OPTSTK,10.2,1434600,10.1,10.2,502200,7200,1800,BPCL,245.0,CE,27-FEB-2025
2025-02-03 12:02:22.495489,BPCL27FEB25C245,OPTSTK,10.05,1981800,10.1,10.2,513000,1800,1800,BPCL,245.0,CE,27-FEB-2025
2025-02-03 12:02:29.160118,BPCL27FEB25C245,OPTSTK,10.05,1981800,10.1,10.2,513000,1800,1800,BPCL,245.0,CE,27-FEB-2025
2025-02-03 12:02:35.537620,BPCL27FEB25C245,OPTSTK,10.05,1981800,10.1,10.2,513000,1800,1800,BPCL,245.0,CE,27-FEB-2025
2025-02-03 12:02:41.835332,BPCL27FEB25C245,OPTSTK,10.05,1981800,10.05,10.15,513000,3600,1800,BPCL,245.0,CE,27-FEB-2025
2025-02-03 12:02:48.310071,BPCL27FEB25C245,OPTSTK,10.05,1981800,10.05,10.15,513000,3600,1800,BPCL,245.0,CE,27-FEB-2025
2025-02-03 12:02:54.442539,BPCL27FEB25C245,OPTSTK,10.05,1981800,10.05,10.15,513000,3600,1800,BPCL,245.0,CE,27-FEB-2025
2025-02-03 12:03:01.072712,BPCL27FEB25C245,OPTSTK,10.05,1981800,10.05,10.15,513000,3600,1800,BPCL,245.0,CE,27-FEB-2025
2025-02-03 12:03:07.547840,BPCL27FEB25C245,OPTSTK,10.05,1981800,10.0,10.15,513000,7200,5400,BPCL,245.0,CE,27-FEB-2025
2025-02-03 12:03:14.798111,BPCL27FEB25C245,OPTSTK,10.05,1981800,10.0,10.15,513000,7200,5400,BPCL,245.0,CE,27-FEB-2025
2025-02-03 12:03:23.493666,BPCL27FEB25C245,OPTSTK,10.05,1981800,10.0,10.15,513000,7200,5400,BPCL,245.0,CE,27-FEB-2025
2025-02-03 12:03:31.167340,BPCL27FEB25C245,OPTSTK,10.05,1983600,10.0,10.1,513000,7200,1800,BPCL,245.0,CE,27-FEB-2025
2025-02-03 12:03:37.577525,BPCL27FEB25C245,OPTSTK,10.05,1983600,10.0,10.1,513000,7200,1800,BPCL,245.0,CE,27-FEB-2025
2025-02-03 12:03:44.256401,BPCL27FEB25C245,OPTSTK,10.05,1983600,10.0,10.1,513000,7200,1800,BPCL,245.0,CE,27-FEB-2025
2025-02-03 12:03:50.940092,BPCL27FEB25C245,OPTSTK,10.05,1983600,10.0,10.1,513000,9000,1800,BPCL,245.0,CE,27-FEB-2025
2025-02-03 12:03:57.496482,BPCL27FEB25C245,OPTSTK,10.05,1983600,10.0,10.1,513000,9000,1800,BPCL,245.0,CE,27-FEB-2025
2025-02-03 12:04:04.124672,BPCL27FEB25C245,OPTSTK,10.05,1983600,10.0,10.1,513000,9000,1800,BPCL,245.0,CE,27-FEB-2025
2025-02-03 12:04:10.517507,BPCL27FEB25C245,OPTSTK,10.05,1983600,10.05,10.15,513000,1800,7200,BPCL,245.0,CE,27-FEB-2025
2025-02-03 12:04:17.082864,BPCL27FEB25C245,OPTSTK,9.95,1983600,10.05,10.15,516600,1800,7200,BPCL,245.0,CE,27-FEB-2025
2025-02-03 12:04:23.491034,BPCL27FEB25C245,OPTSTK,9.95,1983600,10.05,10.15,516600,1800,7200,BPCL,245.0,CE,27-FEB-2025
2025-02-03 12:04:30.613074,BPCL27FEB25C245,OPTSTK,9.95,1990800,9.85,10.0,516600,1800,10800,BPCL,245.0,CE,27-FEB-2025
2025-02-03 12:04:39.374480,BPCL27FEB25C245,OPTSTK,9.95,1990800,9.85,10.0,516600,1800,10800,BPCL,245.0,CE,27-FEB-2025
2025-02-03 12:04:47.358396,BPCL27FEB25C245,OPTSTK,9.95,1990800,9.85,10.0,516600,1800,10800,BPCL,245.0,CE,27-FEB-2025
2025-02-03 12:04:53.723411,BPCL27FEB25C245,OPTSTK,9.95,1992600,9.9,10.0,516600,1800,3600,BPCL,245.0,CE,27-FEB-2025
2025-02-03 12:05:00.218201,BPCL27FEB25C245,OPTSTK,9.95,1992600,9.9,10.0,516600,1800,3600,BPCL,245.0,CE,27-FEB-2025
2025-02-03 12:05:06.863694,BPCL27FEB25C245,OPTSTK,9.95,1992600,9.9,10.0,516600,1800,3600,BPCL,245.0,CE,27-FEB-2025
2025-02-03 12:05:13.487224,BPCL27FEB25C245,OPTSTK,9.95,1992600,9.85,10.0,516600,1800,5400,BPCL,245.0,CE,27-FEB-2025
2025-02-03 12:05:20.337355,BPCL27FEB25C245,OPTSTK,9.95,1992600,9.85,10.0,516600,1800,5400,BPCL,245.0,CE,27-FEB-2025
2025-02-03 12:05:27.104185,BPCL27FEB25C245,OPTSTK,9.95,1992600,9.85,10.0,516600,1800,5400,BPCL,245.0,CE,27-FEB-2025
2025-02-03 12:05:33.677661,BPCL27FEB25C245,OPTSTK,9.95,1992600,9.8,9.9,516600,1800,5400,BPCL,245.0,CE,27-FEB-2025
2025-02-03 12:05:40.181061,BPCL27FEB25C245,OPTSTK,9.95,1992600,9.8,9.9,516600,1800,5400,BPCL,245.0,CE,27-FEB-2025
2025-02-03 12:05:47.118992,BPCL27FEB25C245,OPTSTK,9.75,1992600,9.8,9.9,516600,1800,5400,BPCL,245.0,CE,27-FEB-2025
2025-02-03 12:05:55.774945,BPCL27FEB25C245,OPTSTK,9.75,1996200,9.7,9.8,516600,3600,1800,BPCL,245.0,CE,27-FEB-2025
2025-02-03 12:06:03.408807,BPCL27FEB25C245,OPTSTK,9.75,1996200,9.7,9.8,516600,3600,1800,BPCL,245.0,CE,27-FEB-2025
2025-02-03 12:06:10.120414,BPCL27FEB25C245,OPTSTK,9.75,1996200,9.7,9.8,516600,3600,1800,BPCL,245.0,CE,27-FEB-2025
2025-02-03 12:06:17.162783,BPCL27FEB25C245,OPTSTK,9.9,1999800,9.8,9.9,516600,1800,1800,BPCL,245.0,CE,27-FEB-2025
2025-02-03 12:06:23.545967,BPCL27FEB25C245,OPTSTK,9.9,1999800,9.8,9.9,516600,1800,1800,BPCL,245.0,CE,27-FEB-2025
2025-02-03 12:06:30.116975,BPCL27FEB25C245,OPTSTK,9.9,1999800,9.8,9.9,516600,1800,1800,BPCL,245.0,CE,27-FEB-2025
2025-02-03 12:06:36.843339,BPCL27FEB25C245,OPTSTK,9.9,1999800,9.75,9.85,516600,1800,1800,BPCL,245.0,CE,27-FEB-2025
2025-02-03 12:06:43.874922,BPCL27FEB25C245,OPTSTK,9.9,1999800,9.75,9.85,516600,1800,1800,BPCL,245.0,CE,27-FEB-2025
2025-02-03 12:06:50.781930,BPCL27FEB25C245,OPTSTK,9.9,1999800,9.75,9.85,516600,1800,1800,BPCL,245.0,CE,27-FEB-2025
2025-02-03 12:06:59.984782,BPCL27FEB25C245,OPTSTK,9.9,1999800,9.75,9.9,516600,3600,3600,BPCL,245.0,CE,27-FEB-2025
2025-02-03 12:07:09.193038,BPCL27FEB25C245,OPTSTK,9.9,1999800,9.75,9.9,516600,3600,3600,BPCL,245.0,CE,27-FEB-2025
2025-02-03 12:07:16.901949,BPCL27FEB25C245,OPTSTK,9.9,1999800,9.75,9.85,516600,1800,1800,BPCL,245.0,CE,27-FEB-2025
2025-02-03 12:07:24.395123,BPCL27FEB25C245,OPTSTK,9.9,1999800,9.75,9.85,516600,1800,1800,BPCL,245.0,CE,27-FEB-2025
2025-02-03 12:07:31.915628,BPCL27FEB25C245,OPTSTK,9.9,1999800,9.75,9.85,516600,1800,1800,BPCL,245.0,CE,27-FEB-2025
2025-02-03 12:07:39.628928,BPCL27FEB25C245,OPTSTK,9.9,1999800,9.7,9.8,516600,3600,1800,BPCL,245.0,CE,27-FEB-2025
2025-02-03 12:07:46.876476,BPCL27FEB25C245,OPTSTK,9.9,1999800,9.7,9.8,516600,3600,1800,BPCL,245.0,CE,27-FEB-2025
2025-02-03 12:07:54.338502,BPCL27FEB25C245,OPTSTK,9.9,1999800,9.7,9.8,516600,3600,1800,BPCL,245.0,CE,27-FEB-2025
2025-02-03 12:08:01.752295,BPCL27FEB25C245,OPTSTK,9.9,1999800,9.7,9.8,516600,3600,3600,BPCL,245.0,CE,27-FEB-2025
2025-02-03 12:08:09.972501,BPCL27FEB25C245,OPTSTK,9.9,1999800,9.7,9.8,516600,3600,3600,BPCL,245.0,CE,27-FEB-2025
2025-02-03 12:08:17.972200,BPCL27FEB25C245,OPTSTK,9.9,1999800,9.7,9.8,516600,3600,3600,BPCL,245.0,CE,27-FEB-2025
2025-02-03 12:08:26.746816,BPCL27FEB25C245,OPTSTK,9.9,1999800,9.75,9.85,516600,3600,3600,BPCL,245.0,CE,27-FEB-2025
2025-02-03 12:08:34.261976,BPCL27FEB25C245,OPTSTK,9.8,1999800,9.75,9.85,529200,3600,3600,BPCL,245.0,CE,27-FEB-2025
2025-02-03 12:08:40.760716,BPCL27FEB25C245,OPTSTK,9.8,1999800,9.75,9.85,529200,3600,3600,BPCL,245.0,CE,27-FEB-2025
2025-02-03 12:08:47.420881,BPCL27FEB25C245,OPTSTK,9.8,2005200,9.8,9.9,529200,1800,3600,BPCL,245.0,CE,27-FEB-2025
2025-02-03 12:08:53.698292,BPCL27FEB25C245,OPTSTK,9.8,2005200,9.8,9.9,529200,1800,3600,BPCL,245.0,CE,27-FEB-2025
2025-02-03 12:09:00.068386,BPCL27FEB25C245,OPTSTK,9.8,2005200,9.8,9.9,529200,1800,3600,BPCL,245.0,CE,27-FEB-2025
2025-02-03 12:09:06.319953,BPCL27FEB25C245,OPTSTK,9.8,2005200,9.75,9.9,529200,5400,1800,BPCL,245.0,CE,27-FEB-2025
2025-02-03 12:09:12.515053,BPCL27FEB25C245,OPTSTK,9.8,2005200,9.75,9.9,529200,5400,1800,BPCL,245.0,CE,27-FEB-2025
2025-02-03 12:09:18.854341,BPCL27FEB25C245,OPTSTK,9.8,2005200,9.75,9.9,529200,5400,1800,BPCL,245.0,CE,27-FEB-2025
2025-02-03 12:09:25.053807,BPCL27FEB25C245,OPTSTK,9.8,2005200,9.75,9.9,529200,5400,1800,BPCL,245.0,CE,27-FEB-2025
2025-02-03 12:09:31.513459,BPCL27FEB25C245,OPTSTK,9.8,2005200,9.9,10.0,529200,1800,5400,BPCL,245.0,CE,27-FEB-2025
2025-02-03 12:09:39.324431,BPCL27FEB25C245,OPTSTK,9.8,2005200,9.9,10.0,529200,1800,5400,BPCL,245.0,CE,27-FEB-2025
2025-02-03 12:09:47.911842,BPCL27FEB25C245,OPTSTK,9.8,2005200,9.9,10.0,529200,3600,5400,BPCL,245.0,CE,27-FEB-2025
2025-02-03 12:09:55.334552,BPCL27FEB25C245,OPTSTK,9.8,2005200,9.9,10.0,529200,3600,5400,BPCL,245.0,CE,27-FEB-2025
2025-02-03 12:10:01.717189,BPCL27FEB25C245,OPTSTK,9.8,2005200,9.9,10.0,529200,3600,5400,BPCL,245.0,CE,27-FEB-2025
2025-02-03 12:10:08.135247,BPCL27FEB25C245,OPTSTK,9.8,2005200,9.85,10.0,529200,7200,5400,BPCL,245.0,CE,27-FEB-2025
2025-02-03 12:10:14.477131,BPCL27FEB25C245,OPTSTK,9.8,2005200,9.85,10.0,529200,7200,5400,BPCL,245.0,CE,27-FEB-2025
2025-02-03 12:10:20.703987,BPCL27FEB25C245,OPTSTK,9.8,2005200,9.85,10.0,529200,7200,5400,BPCL,245.0,CE,27-FEB-2025
2025-02-03 12:10:26.951573,BPCL27FEB25C245,OPTSTK,9.8,2005200,9.85,10.0,529200,7200,5400,BPCL,245.0,CE,27-FEB-2025
2025-02-03 12:10:33.174260,BPCL27FEB25C245,OPTSTK,9.8,2005200,9.85,9.95,529200,1800,1800,BPCL,245.0,CE,27-FEB-2025
2025-02-03 12:10:41.199737,BPCL27FEB25C245,OPTSTK,9.8,2005200,9.85,9.95,529200,1800,1800,BPCL,245.0,CE,27-FEB-2025
2025-02-03 12:10:47.779677,BPCL27FEB25C245,OPTSTK,9.8,2005200,9.85,9.95,529200,1800,1800,BPCL,245.0,CE,27-FEB-2025
2025-02-03 12:10:55.186393,BPCL27FEB25C245,OPTSTK,9.8,2005200,9.9,10.0,529200,3600,5400,BPCL,245.0,CE,27-FEB-2025
2025-02-03 12:11:03.632710,BPCL27FEB25C245,OPTSTK,9.8,2005200,9.9,10.0,529200,3600,5400,BPCL,245.0,CE,27-FEB-2025
2025-02-03 12:11:11.054897,BPCL27FEB25C245,OPTSTK,9.8,2005200,9.9,10.0,529200,3600,5400,BPCL,245.0,CE,27-FEB-2025
2025-02-03 12:11:17.364811,BPCL27FEB25C245,OPTSTK,9.8,2005200,9.9,10.0,529200,3600,3600,BPCL,245.0,CE,27-FEB-2025
2025-02-03 12:11:23.650592,BPCL27FEB25C245,OPTSTK,9.8,2005200,9.9,10.0,529200,3600,3600,BPCL,245.0,CE,27-FEB-2025
2025-02-03 12:11:29.838463,BPCL27FEB25C245,OPTSTK,9.8,2005200,9.9,10.0,529200,3600,3600,BPCL,245.0,CE,27-FEB-2025
2025-02-03 12:11:36.179363,BPCL27FEB25C245,OPTSTK,9.8,2005200,10.0,10.1,529200,1800,5400,BPCL,245.0,CE,27-FEB-2025
2025-02-03 12:11:42.521041,BPCL27FEB25C245,OPTSTK,9.8,2005200,10.0,10.1,529200,1800,5400,BPCL,245.0,CE,27-FEB-2025
2025-02-03 12:11:48.827884,BPCL27FEB25C245,OPTSTK,9.8,2005200,10.0,10.1,529200,1800,5400,BPCL,245.0,CE,27-FEB-2025
2025-02-03 12:11:55.420623,BPCL27FEB25C245,OPTSTK,9.8,2005200,10.0,10.1,529200,1800,3600,BPCL,245.0,CE,27-FEB-2025
2025-02-03 12:12:01.934417,BPCL27FEB25C245,OPTSTK,9.8,2005200,10.0,10.1,529200,1800,3600,BPCL,245.0,CE,27-FEB-2025
2025-02-03 12:12:08.113975,BPCL27FEB25C245,OPTSTK,9.95,2005200,10.0,10.1,532800,1800,3600,BPCL,245.0,CE,27-FEB-2025
2025-02-03 12:12:16.718988,BPCL27FEB25C245,OPTSTK,9.95,2007000,9.9,10.05,532800,3600,7200,BPCL,245.0,CE,27-FEB-2025
2025-02-03 12:12:24.389120,BPCL27FEB25C245,OPTSTK,9.95,2007000,9.9,10.05,532800,3600,7200,BPCL,245.0,CE,27-FEB-2025
2025-02-03 12:12:30.725101,BPCL27FEB25C245,OPTSTK,9.95,2007000,9.9,10.05,532800,3600,7200,BPCL,245.0,CE,27-FEB-2025
2025-02-03 12:12:36.882144,BPCL27FEB25C245,OPTSTK,9.95,2007000,9.95,10.05,532800,7200,3600,BPCL,245.0,CE,27-FEB-2025
2025-02-03 12:12:43.100752,BPCL27FEB25C245,OPTSTK,9.95,2007000,9.95,10.05,532800,7200,3600,BPCL,245.0,CE,27-FEB-2025
2025-02-03 12:12:49.447816,BPCL27FEB25C245,OPTSTK,9.95,2007000,9.95,10.05,532800,7200,3600,BPCL,245.0,CE,27-FEB-2025
2025-02-03 12:12:55.589660,BPCL27FEB25C245,OPTSTK,9.95,2007000,9.95,10.05,532800,7200,3600,BPCL,245.0,CE,27-FEB-2025
2025-02-03 12:13:01.720395,BPCL27FEB25C245,OPTSTK,9.95,2007000,9.95,10.05,532800,7200,3600,BPCL,245.0,CE,27-FEB-2025
2025-02-03 12:13:07.969203,BPCL27FEB25C245,OPTSTK,9.95,2007000,9.95,10.05,532800,7200,3600,BPCL,245.0,CE,27-FEB-2025
2025-02-03 12:13:14.706528,BPCL27FEB25C245,OPTSTK,9.95,2007000,9.95,10.05,532800,7200,3600,BPCL,245.0,CE,27-FEB-2025
2025-02-03 12:13:20.903039,BPCL27FEB25C245,OPTSTK,9.95,2007000,9.95,10.05,532800,9000,3600,BPCL,245.0,CE,27-FEB-2025
2025-02-03 12:13:28.713410,BPCL27FEB25C245,OPTSTK,9.95,2007000,9.95,10.05,532800,9000,3600,BPCL,245.0,CE,27-FEB-2025
2025-02-03 12:13:36.668911,BPCL27FEB25C245,OPTSTK,9.95,2007000,9.95,10.05,532800,9000,3600,BPCL,245.0,CE,27-FEB-2025
2025-02-03 12:13:43.715750,BPCL27FEB25C245,OPTSTK,9.95,2007000,10.0,10.15,532800,12600,5400,BPCL,245.0,CE,27-FEB-2025
2025-02-03 12:13:50.235930,BPCL27FEB25C245,OPTSTK,9.95,2007000,10.0,10.15,532800,12600,5400,BPCL,245.0,CE,27-FEB-2025
2025-02-03 12:13:56.587088,BPCL27FEB25C245,OPTSTK,9.95,2007000,10.0,10.15,532800,12600,5400,BPCL,245.0,CE,27-FEB-2025
2025-02-03 12:14:03.900102,BPCL27FEB25C245,OPTSTK,10.0,2007000,10.0,10.1,531000,7200,3600,BPCL,245.0,CE,27-FEB-2025
2025-02-03 12:14:10.448915,BPCL27FEB25C245,OPTSTK,10.0,2007000,10.0,10.1,531000,7200,3600,BPCL,245.0,CE,27-FEB-2025
2025-02-03 12:14:16.950709,BPCL27FEB25C245,OPTSTK,10.0,2007000,10.0,10.1,531000,7200,3600,BPCL,245.0,CE,27-FEB-2025
2025-02-03 12:14:24.541553,BPCL27FEB25C245,OPTSTK,9.95,2016000,9.8,9.9,531000,3600,1800,BPCL,245.0,CE,27-FEB-2025
2025-02-03 12:14:31.199731,BPCL27FEB25C245,OPTSTK,9.8,2016000,9.8,9.9,531000,3600,1800,BPCL,245.0,CE,27-FEB-2025
2025-02-03 12:14:37.751088,BPCL27FEB25C245,OPTSTK,9.8,2016000,9.8,9.9,531000,3600,1800,BPCL,245.0,CE,27-FEB-2025
2025-02-03 12:14:45.348502,BPCL27FEB25C245,OPTSTK,9.8,2017800,9.7,9.85,531000,7200,1800,BPCL,245.0,CE,27-FEB-2025
2025-02-03 12:14:53.406093,BPCL27FEB25C245,OPTSTK,9.8,2017800,9.7,9.85,531000,7200,1800,BPCL,245.0,CE,27-FEB-2025
2025-02-03 12:15:00.557362,BPCL27FEB25C245,OPTSTK,9.8,2017800,9.7,9.85,531000,7200,1800,BPCL,245.0,CE,27-FEB-2025
2025-02-03 12:15:06.799970,BPCL27FEB25C245,OPTSTK,9.8,2017800,9.75,9.85,531000,1800,1800,BPCL,245.0,CE,27-FEB-2025
2025-02-03 12:15:13.157010,BPCL27FEB25C245,OPTSTK,9.8,2017800,9.75,9.85,531000,1800,1800,BPCL,245.0,CE,27-FEB-2025
2025-02-03 12:15:20.203286,BPCL27FEB25C245,OPTSTK,9.8,2017800,9.75,9.85,531000,1800,1800,BPCL,245.0,CE,27-FEB-2025
2025-02-03 12:15:26.946202,BPCL27FEB25C245,OPTSTK,9.8,2017800,9.75,9.85,531000,1800,1800,BPCL,245.0,CE,27-FEB-2025
2025-02-03 12:15:33.487346,BPCL27FEB25C245,OPTSTK,9.8,2017800,9.8,9.9,531000,1800,5400,BPCL,245.0,CE,27-FEB-2025
2025-02-03 12:15:39.976742,BPCL27FEB25C245,OPTSTK,9.8,2017800,9.8,9.9,531000,1800,5400,BPCL,245.0,CE,27-FEB-2025
2025-02-03 12:15:46.500406,BPCL27FEB25C245,OPTSTK,9.8,2017800,9.8,9.9,531000,1800,5400,BPCL,245.0,CE,27-FEB-2025
2025-02-03 13:09:08.160236,BPCL27FEB25C245,OPTSTK,9.65,2214000,9.5,9.65,599400,3600,5400,BPCL,245.0,CE,27-FEB-2025
2025-02-03 13:10:54.982493,BPCL27FEB25C245,OPTSTK,9.75,2223000,9.5,9.65,599400,5400,9000,BPCL,245.0,CE,27-FEB-2025
2025-02-03 13:11:01.483146,BPCL27FEB25C245,OPTSTK,9.75,2223000,9.5,9.65,599400,5400,9000,BPCL,245.0,CE,27-FEB-2025
2025-02-03 13:12:06.975173,BPCL27FEB25C245,OPTSTK,9.55,2230200,9.5,9.6,592200,1800,1800,BPCL,245.0,CE,27-FEB-2025
2025-02-03 13:12:13.563337,BPCL27FEB25C245,OPTSTK,9.55,2230200,9.5,9.6,592200,1800,1800,BPCL,245.0,CE,27-FEB-2025
2025-02-03 13:12:21.566476,BPCL27FEB25C245,OPTSTK,9.55,2230200,9.5,9.6,592200,1800,1800,BPCL,245.0,CE,27-FEB-2025
2025-02-03 13:12:28.095515,BPCL27FEB25C245,OPTSTK,9.55,2230200,9.5,9.6,592200,1800,1800,BPCL,245.0,CE,27-FEB-2025
2025-02-03 13:12:35.248046,BPCL27FEB25C245,OPTSTK,9.55,2230200,9.5,9.6,592200,1800,1800,BPCL,245.0,CE,27-FEB-2025
2025-02-03 13:12:41.351801,BPCL27FEB25C245,OPTSTK,9.55,2230200,9.4,9.55,592200,3600,12600,BPCL,245.0,CE,27-FEB-2025
2025-02-03 13:12:48.725243,BPCL27FEB25C245,OPTSTK,9.55,2230200,9.4,9.55,592200,3600,12600,BPCL,245.0,CE,27-FEB-2025
2025-02-03 13:12:57.061552,BPCL27FEB25C245,OPTSTK,9.55,2230200,9.4,9.55,592200,3600,12600,BPCL,245.0,CE,27-FEB-2025
2025-02-03 13:13:04.976348,BPCL27FEB25C245,OPTSTK,9.55,2230200,9.45,9.6,592200,3600,3600,BPCL,245.0,CE,27-FEB-2025
2025-02-03 13:13:11.519569,BPCL27FEB25C245,OPTSTK,9.55,2230200,9.45,9.6,592200,3600,3600,BPCL,245.0,CE,27-FEB-2025
2025-02-03 13:13:17.996264,BPCL27FEB25C245,OPTSTK,9.55,2230200,9.45,9.6,592200,3600,3600,BPCL,245.0,CE,27-FEB-2025
2025-02-03 13:13:23.973374,BPCL27FEB25C245,OPTSTK,9.55,2230200,9.45,9.6,592200,3600,3600,BPCL,245.0,CE,27-FEB-2025
2025-02-03 13:13:30.210383,BPCL27FEB25C245,OPTSTK,9.55,2230200,9.55,9.7,592200,3600,5400,BPCL,245.0,CE,27-FEB-2025
2025-02-03 13:13:36.333333,BPCL27FEB25C245,OPTSTK,9.55,2230200,9.55,9.7,592200,3600,5400,BPCL,245.0,CE,27-FEB-2025
2025-02-03 13:13:42.779416,BPCL27FEB25C245,OPTSTK,9.65,2230200,9.55,9.7,594000,3600,5400,BPCL,245.0,CE,27-FEB-2025
2025-02-03 13:13:49.069028,BPCL27FEB25C245,OPTSTK,9.65,2232000,9.55,9.7,594000,3600,1800,BPCL,245.0,CE,27-FEB-2025
2025-02-03 13:13:56.673382,BPCL27FEB25C245,OPTSTK,9.65,2232000,9.55,9.7,594000,3600,1800,BPCL,245.0,CE,27-FEB-2025
2025-02-03 13:14:03.740793,BPCL27FEB25C245,OPTSTK,9.65,2232000,9.55,9.7,594000,3600,1800,BPCL,245.0,CE,27-FEB-2025
2025-02-03 13:14:12.348317,BPCL27FEB25C245,OPTSTK,9.65,2232000,9.55,9.7,594000,7200,1800,BPCL,245.0,CE,27-FEB-2025
2025-02-03 13:14:19.787887,BPCL27FEB25C245,OPTSTK,9.65,2232000,9.55,9.7,594000,7200,1800,BPCL,245.0,CE,27-FEB-2025
2025-02-03 13:14:26.030632,BPCL27FEB25C245,OPTSTK,9.65,2232000,9.55,9.7,594000,7200,1800,BPCL,245.0,CE,27-FEB-2025
2025-02-03 13:14:32.362911,BPCL27FEB25C245,OPTSTK,9.65,2232000,9.6,9.7,594000,3600,1800,BPCL,245.0,CE,27-FEB-2025
2025-02-03 13:14:38.639461,BPCL27FEB25C245,OPTSTK,9.65,2232000,9.6,9.7,594000,3600,1800,BPCL,245.0,CE,27-FEB-2025
2025-02-03 13:14:45.013626,BPCL27FEB25C245,OPTSTK,9.65,2232000,9.6,9.7,594000,3600,1800,BPCL,245.0,CE,27-FEB-2025
2025-02-03 13:14:51.861991,BPCL27FEB25C245,OPTSTK,9.65,2233800,9.65,9.75,594000,1800,3600,BPCL,245.0,CE,27-FEB-2025
2025-02-03 13:14:58.180985,BPCL27FEB25C245,OPTSTK,9.65,2233800,9.65,9.75,594000,1800,3600,BPCL,245.0,CE,27-FEB-2025
2025-02-03 13:15:04.440904,BPCL27FEB25C245,OPTSTK,9.65,2233800,9.65,9.75,594000,1800,3600,BPCL,245.0,CE,27-FEB-2025
2025-02-03 13:15:10.692247,BPCL27FEB25C245,OPTSTK,9.65,2233800,9.65,9.75,594000,1800,3600,BPCL,245.0,CE,27-FEB-2025
2025-02-03 13:15:16.824503,BPCL27FEB25C245,OPTSTK,9.65,2233800,9.65,9.75,594000,3600,1800,BPCL,245.0,CE,27-FEB-2025
2025-02-03 13:15:25.123495,BPCL27FEB25C245,OPTSTK,9.65,2233800,9.65,9.75,594000,3600,1800,BPCL,245.0,CE,27-FEB-2025
2025-02-03 13:15:33.459915,BPCL27FEB25C245,OPTSTK,9.65,2233800,9.65,9.75,594000,3600,1800,BPCL,245.0,CE,27-FEB-2025
2025-02-03 13:15:41.032587,BPCL27FEB25C245,OPTSTK,9.65,2233800,9.65,9.75,594000,3600,1800,BPCL,245.0,CE,27-FEB-2025
2025-02-03 13:15:47.244282,BPCL27FEB25C245,OPTSTK,9.65,2233800,9.65,9.75,594000,3600,1800,BPCL,245.0,CE,27-FEB-2025
2025-02-03 13:15:53.472636,BPCL27FEB25C245,OPTSTK,9.65,2233800,9.65,9.75,594000,3600,1800,BPCL,245.0,CE,27-FEB-2025
2025-02-03 13:15:59.925373,BPCL27FEB25C245,OPTSTK,9.65,2233800,9.65,9.75,594000,3600,5400,BPCL,245.0,CE,27-FEB-2025
2025-02-03 13:16:06.191434,BPCL27FEB25C245,OPTSTK,9.65,2233800,9.65,9.75,594000,3600,5400,BPCL,245.0,CE,27-FEB-2025
2025-02-03 13:16:12.849391,BPCL27FEB25C245,OPTSTK,9.65,2233800,9.65,9.75,594000,3600,5400,BPCL,245.0,CE,27-FEB-2025
2025-02-03 13:16:19.924427,BPCL27FEB25C245,OPTSTK,9.65,2233800,9.65,9.75,594000,3600,1800,BPCL,245.0,CE,27-FEB-2025
2025-02-03 13:16:27.248636,BPCL27FEB25C245,OPTSTK,9.65,2233800,9.65,9.75,594000,3600,1800,BPCL,245.0,CE,27-FEB-2025
2025-02-03 13:16:33.824304,BPCL27FEB25C245,OPTSTK,9.65,2233800,9.65,9.75,594000,3600,1800,BPCL,245.0,CE,27-FEB-2025
2025-02-03 13:16:40.847391,BPCL27FEB25C245,OPTSTK,9.8,2239200,9.75,9.9,594000,3600,7200,BPCL,245.0,CE,27-FEB-2025
2025-02-03 13:16:47.548584,BPCL27FEB25C245,OPTSTK,9.8,2239200,9.75,9.9,594000,3600,7200,BPCL,245.0,CE,27-FEB-2025
2025-02-03 13:16:54.136902,BPCL27FEB25C245,OPTSTK,9.8,2239200,9.75,9.9,594000,3600,7200,BPCL,245.0,CE,27-FEB-2025
2025-02-03 13:17:00.585656,BPCL27FEB25C245,OPTSTK,9.8,2239200,9.75,9.9,594000,3600,7200,BPCL,245.0,CE,27-FEB-2025
2025-02-03 13:17:06.941623,BPCL27FEB25C245,OPTSTK,9.95,2239200,9.85,9.95,594000,3600,5400,BPCL,245.0,CE,27-FEB-2025
2025-02-03 13:17:14.289780,BPCL27FEB25C245,OPTSTK,9.95,2239200,9.85,9.95,594000,3600,5400,BPCL,245.0,CE,27-FEB-2025
2025-02-03 13:17:20.676920,BPCL27FEB25C245,OPTSTK,9.95,2239200,9.85,9.95,594000,3600,5400,BPCL,245.0,CE,27-FEB-2025
2025-02-03 13:17:27.089729,BPCL27FEB25C245,OPTSTK,10.0,2246400,9.85,9.95,594000,1800,3600,BPCL,245.0,CE,27-FEB-2025
2025-02-03 13:17:33.395518,BPCL27FEB25C245,OPTSTK,10.0,2246400,9.85,9.95,594000,1800,3600,BPCL,245.0,CE,27-FEB-2025
2025-02-03 13:17:39.779757,BPCL27FEB25C245,OPTSTK,10.0,2246400,9.85,9.95,594000,1800,3600,BPCL,245.0,CE,27-FEB-2025
2025-02-03 13:17:46.092434,BPCL27FEB25C245,OPTSTK,10.0,2246400,9.85,9.95,594000,1800,3600,BPCL,245.0,CE,27-FEB-2025
2025-02-03 13:17:52.429219,BPCL27FEB25C245,OPTSTK,9.95,2246400,9.85,9.95,594000,1800,3600,BPCL,245.0,CE,27-FEB-2025
2025-02-03 13:17:59.188757,BPCL27FEB25C245,OPTSTK,9.95,2246400,9.85,9.95,594000,1800,3600,BPCL,245.0,CE,27-FEB-2025
2025-02-03 13:18:05.694481,BPCL27FEB25C245,OPTSTK,9.9,2246400,9.85,9.95,594000,1800,3600,BPCL,245.0,CE,27-FEB-2025
2025-02-03 13:18:12.204483,BPCL27FEB25C245,OPTSTK,9.9,2251800,9.85,10.0,594000,1800,7200,BPCL,245.0,CE,27-FEB-2025
2025-02-03 13:18:18.494409,BPCL27FEB25C245,OPTSTK,9.9,2251800,9.85,10.0,594000,1800,7200,BPCL,245.0,CE,27-FEB-2025
2025-02-03 13:18:24.702243,BPCL27FEB25C245,OPTSTK,9.9,2251800,9.85,10.0,594000,1800,7200,BPCL,245.0,CE,27-FEB-2025
2025-02-03 13:18:31.123235,BPCL27FEB25C245,OPTSTK,9.9,2253600,9.75,9.85,594000,1800,3600,BPCL,245.0,CE,27-FEB-2025
2025-02-03 13:18:37.634491,BPCL27FEB25C245,OPTSTK,9.9,2253600,9.75,9.85,594000,1800,3600,BPCL,245.0,CE,27-FEB-2025
2025-02-03 13:18:43.953525,BPCL27FEB25C245,OPTSTK,9.9,2253600,9.75,9.85,594000,1800,3600,BPCL,245.0,CE,27-FEB-2025
2025-02-03 13:18:50.535270,BPCL27FEB25C245,OPTSTK,9.9,2253600,9.75,9.85,594000,1800,3600,BPCL,245.0,CE,27-FEB-2025
2025-02-03 13:18:56.951202,BPCL27FEB25C245,OPTSTK,9.9,2253600,9.7,9.85,594000,3600,9000,BPCL,245.0,CE,27-FEB-2025
2025-02-03 13:19:03.489672,BPCL27FEB25C245,OPTSTK,9.9,2253600,9.7,9.85,594000,3600,9000,BPCL,245.0,CE,27-FEB-2025
2025-02-03 13:19:09.942267,BPCL27FEB25C245,OPTSTK,9.8,2253600,9.7,9.85,594000,3600,9000,BPCL,245.0,CE,27-FEB-2025
2025-02-03 13:19:16.323081,BPCL27FEB25C245,OPTSTK,9.8,2255400,9.65,9.8,594000,7200,5400,BPCL,245.0,CE,27-FEB-2025
2025-02-03 13:19:22.741035,BPCL27FEB25C245,OPTSTK,9.8,2255400,9.65,9.8,594000,7200,5400,BPCL,245.0,CE,27-FEB-2025
2025-02-03 13:19:29.070981,BPCL27FEB25C245,OPTSTK,9.8,2255400,9.65,9.8,594000,7200,5400,BPCL,245.0,CE,27-FEB-2025
2025-02-03 13:19:35.456421,BPCL27FEB25C245,OPTSTK,9.8,2255400,9.65,9.75,594000,3600,3600,BPCL,245.0,CE,27-FEB-2025
2025-02-03 13:19:42.188868,BPCL27FEB25C245,OPTSTK,9.8,2255400,9.65,9.75,594000,3600,3600,BPCL,245.0,CE,27-FEB-2025
2025-02-03 13:19:48.724003,BPCL27FEB25C245,OPTSTK,9.8,2255400,9.65,9.75,594000,3600,3600,BPCL,245.0,CE,27-FEB-2025
2025-02-03 13:19:55.083237,BPCL27FEB25C245,OPTSTK,9.8,2255400,9.65,9.75,594000,3600,3600,BPCL,245.0,CE,27-FEB-2025
2025-02-03 13:20:01.518622,BPCL27FEB25C245,OPTSTK,9.8,2255400,9.6,9.7,594000,3600,1800,BPCL,245.0,CE,27-FEB-2025
2025-02-03 13:20:07.924854,BPCL27FEB25C245,OPTSTK,9.8,2255400,9.6,9.7,594000,3600,1800,BPCL,245.0,CE,27-FEB-2025
2025-02-03 13:20:14.281806,BPCL27FEB25C245,OPTSTK,9.8,2255400,9.6,9.7,594000,3600,1800,BPCL,245.0,CE,27-FEB-2025
2025-02-03 13:20:20.721747,BPCL27FEB25C245,OPTSTK,9.8,2255400,9.6,9.7,594000,3600,1800,BPCL,245.0,CE,27-FEB-2025
2025-02-03 13:20:27.127637,BPCL27FEB25C245,OPTSTK,9.8,2255400,9.55,9.65,594000,1800,3600,BPCL,245.0,CE,27-FEB-2025
2025-02-03 13:20:33.692291,BPCL27FEB25C245,OPTSTK,9.8,2255400,9.55,9.65,594000,1800,3600,BPCL,245.0,CE,27-FEB-2025
2025-02-03 13:20:40.066753,BPCL27FEB25C245,OPTSTK,9.8,2255400,9.55,9.65,594000,1800,3600,BPCL,245.0,CE,27-FEB-2025
2025-02-03 13:20:46.297966,BPCL27FEB25C245,OPTSTK,9.65,2257200,9.55,9.7,592200,3600,5400,BPCL,245.0,CE,27-FEB-2025
2025-02-03 13:20:52.523648,BPCL27FEB25C245,OPTSTK,9.65,2257200,9.55,9.7,592200,3600,5400,BPCL,245.0,CE,27-FEB-2025
2025-02-03 13:20:58.935701,BPCL27FEB25C245,OPTSTK,9.65,2257200,9.55,9.7,592200,3600,5400,BPCL,245.0,CE,27-FEB-2025
2025-02-03 13:21:05.269726,BPCL27FEB25C245,OPTSTK,9.65,2257200,9.45,9.55,592200,3600,1800,BPCL,245.0,CE,27-FEB-2025
2025-02-03 13:21:11.578966,BPCL27FEB25C245,OPTSTK,9.65,2257200,9.45,9.55,592200,3600,1800,BPCL,245.0,CE,27-FEB-2025
2025-02-03 13:21:17.965591,BPCL27FEB25C245,OPTSTK,9.65,2257200,9.45,9.55,592200,3600,1800,BPCL,245.0,CE,27-FEB-2025
2025-02-03 13:21:24.369142,BPCL27FEB25C245,OPTSTK,9.65,2257200,9.45,9.55,592200,3600,1800,BPCL,245.0,CE,27-FEB-2025
2025-02-03 13:21:30.767186,BPCL27FEB25C245,OPTSTK,9.65,2257200,9.45,9.6,592200,9000,1800,BPCL,245.0,CE,27-FEB-2025
2025-02-03 13:21:37.194889,BPCL27FEB25C245,OPTSTK,9.65,2257200,9.45,9.6,592200,9000,1800,BPCL,245.0,CE,27-FEB-2025
2025-02-03 13:21:45.611640,BPCL27FEB25C245,OPTSTK,9.65,2257200,9.45,9.6,592200,9000,1800,BPCL,245.0,CE,27-FEB-2025
2025-02-03 13:21:53.409303,BPCL27FEB25C245,OPTSTK,9.65,2257200,9.5,9.6,592200,3600,1800,BPCL,245.0,CE,27-FEB-2025
2025-02-03 13:22:00.596889,BPCL27FEB25C245,OPTSTK,9.65,2257200,9.5,9.6,592200,3600,1800,BPCL,245.0,CE,27-FEB-2025
2025-02-03 13:22:06.963403,BPCL27FEB25C245,OPTSTK,9.65,2257200,9.5,9.6,592200,3600,1800,BPCL,245.0,CE,27-FEB-2025
2025-02-03 13:22:13.247029,BPCL27FEB25C245,OPTSTK,9.65,2257200,9.45,9.55,592200,1800,3600,BPCL,245.0,CE,27-FEB-2025
2025-02-03 13:22:19.515639,BPCL27FEB25C245,OPTSTK,9.65,2257200,9.45,9.55,592200,1800,3600,BPCL,245.0,CE,27-FEB-2025
2025-02-03 13:22:26.114069,BPCL27FEB25C245,OPTSTK,9.65,2257200,9.45,9.55,592200,1800,3600,BPCL,245.0,CE,27-FEB-2025
2025-02-03 13:22:34.816071,BPCL27FEB25C245,OPTSTK,9.65,2257200,9.45,9.55,592200,3600,1800,BPCL,245.0,CE,27-FEB-2025
2025-02-03 13:22:42.011673,BPCL27FEB25C245,OPTSTK,9.65,2257200,9.45,9.55,592200,3600,1800,BPCL,245.0,CE,27-FEB-2025
2025-02-03 13:22:50.413868,BPCL27FEB25C245,OPTSTK,9.65,2257200,9.45,9.55,592200,3600,1800,BPCL,245.0,CE,27-FEB-2025
2025-02-03 13:22:58.795152,BPCL27FEB25C245,OPTSTK,9.65,2257200,9.45,9.55,592200,3600,1800,BPCL,245.0,CE,27-FEB-2025
2025-02-03 13:23:06.166247,BPCL27FEB25C245,OPTSTK,9.65,2257200,9.45,9.55,592200,3600,1800,BPCL,245.0,CE,27-FEB-2025
2025-02-03 13:23:13.435098,BPCL27FEB25C245,OPTSTK,9.65,2257200,9.45,9.55,592200,3600,1800,BPCL,245.0,CE,27-FEB-2025
2025-02-03 13:23:19.737294,BPCL27FEB25C245,OPTSTK,9.65,2257200,9.5,9.65,592200,7200,1800,BPCL,245.0,CE,27-FEB-2025
2025-02-03 13:23:26.037675,BPCL27FEB25C245,OPTSTK,9.65,2257200,9.5,9.65,592200,7200,1800,BPCL,245.0,CE,27-FEB-2025
2025-02-03 13:23:32.450346,BPCL27FEB25C245,OPTSTK,9.65,2257200,9.5,9.65,592200,7200,1800,BPCL,245.0,CE,27-FEB-2025
2025-02-03 13:23:38.745201,BPCL27FEB25C245,OPTSTK,9.65,2257200,9.55,9.65,592200,3600,3600,BPCL,245.0,CE,27-FEB-2025
2025-02-03 13:23:45.011329,BPCL27FEB25C245,OPTSTK,9.65,2257200,9.55,9.65,592200,3600,3600,BPCL,245.0,CE,27-FEB-2025
2025-02-03 13:23:51.329648,BPCL27FEB25C245,OPTSTK,9.65,2257200,9.55,9.65,592200,3600,3600,BPCL,245.0,CE,27-FEB-2025
2025-02-03 13:23:57.715341,BPCL27FEB25C245,OPTSTK,9.65,2259000,9.6,9.75,590400,3600,12600,BPCL,245.0,CE,27-FEB-2025
2025-02-03 13:24:03.991662,BPCL27FEB25C245,OPTSTK,9.65,2259000,9.6,9.75,590400,3600,12600,BPCL,245.0,CE,27-FEB-2025
2025-02-03 13:24:10.444109,BPCL27FEB25C245,OPTSTK,9.65,2259000,9.6,9.75,590400,3600,12600,BPCL,245.0,CE,27-FEB-2025
2025-02-03 13:24:16.883577,BPCL27FEB25C245,OPTSTK,9.65,2259000,9.6,9.75,590400,3600,12600,BPCL,245.0,CE,27-FEB-2025
2025-02-03 13:24:23.272892,BPCL27FEB25C245,OPTSTK,9.65,2259000,9.65,9.75,590400,3600,1800,BPCL,245.0,CE,27-FEB-2025
2025-02-03 13:24:29.606585,BPCL27FEB25C245,OPTSTK,9.65,2259000,9.65,9.75,590400,3600,1800,BPCL,245.0,CE,27-FEB-2025
2025-02-03 13:24:36.071258,BPCL27FEB25C245,OPTSTK,9.65,2259000,9.65,9.75,590400,3600,1800,BPCL,245.0,CE,27-FEB-2025
2025-02-03 13:24:42.465993,BPCL27FEB25C245,OPTSTK,9.65,2259000,9.55,9.7,590400,3600,10800,BPCL,245.0,CE,27-FEB-2025
2025-02-03 13:24:48.880176,BPCL27FEB25C245,OPTSTK,9.65,2259000,9.55,9.7,590400,3600,10800,BPCL,245.0,CE,27-FEB-2025
2025-02-03 13:24:55.232481,BPCL27FEB25C245,OPTSTK,9.65,2259000,9.55,9.7,590400,3600,10800,BPCL,245.0,CE,27-FEB-2025
2025-02-03 13:25:01.620597,BPCL27FEB25C245,OPTSTK,9.65,2259000,9.55,9.7,590400,1800,10800,BPCL,245.0,CE,27-FEB-2025
2025-02-03 13:25:08.045240,BPCL27FEB25C245,OPTSTK,9.65,2259000,9.55,9.7,590400,1800,10800,BPCL,245.0,CE,27-FEB-2025
2025-02-03 13:25:14.511115,BPCL27FEB25C245,OPTSTK,9.65,2259000,9.55,9.7,590400,1800,10800,BPCL,245.0,CE,27-FEB-2025
2025-02-03 13:25:20.936597,BPCL27FEB25C245,OPTSTK,9.65,2259000,9.55,9.7,590400,1800,10800,BPCL,245.0,CE,27-FEB-2025
2025-02-03 13:25:27.235767,BPCL27FEB25C245,OPTSTK,9.65,2259000,9.55,9.7,590400,7200,1800,BPCL,245.0,CE,27-FEB-2025
2025-02-03 13:25:33.955168,BPCL27FEB25C245,OPTSTK,9.65,2259000,9.55,9.7,590400,7200,1800,BPCL,245.0,CE,27-FEB-2025
2025-02-03 13:25:40.226864,BPCL27FEB25C245,OPTSTK,9.65,2259000,9.55,9.7,590400,7200,1800,BPCL,245.0,CE,27-FEB-2025
2025-02-03 13:25:46.674480,BPCL27FEB25C245,OPTSTK,9.65,2259000,9.6,9.7,590400,3600,1800,BPCL,245.0,CE,27-FEB-2025
2025-02-03 13:25:53.103587,BPCL27FEB25C245,OPTSTK,9.65,2259000,9.6,9.7,590400,3600,1800,BPCL,245.0,CE,27-FEB-2025
2025-02-03 13:25:59.481253,BPCL27FEB25C245,OPTSTK,9.5,2259000,9.6,9.7,588600,3600,1800,BPCL,245.0,CE,27-FEB-2025
2025-02-03 13:26:05.887218,BPCL27FEB25C245,OPTSTK,9.5,2259000,9.6,9.7,588600,3600,1800,BPCL,245.0,CE,27-FEB-2025
2025-02-03 13:26:12.232531,BPCL27FEB25C245,OPTSTK,9.5,2260800,9.5,9.6,588600,1800,1800,BPCL,245.0,CE,27-FEB-2025
2025-02-03 13:26:18.602633,BPCL27FEB25C245,OPTSTK,9.5,2260800,9.5,9.6,588600,1800,1800,BPCL,245.0,CE,27-FEB-2025
2025-02-03 13:26:24.907325,BPCL27FEB25C245,OPTSTK,9.5,2260800,9.5,9.6,588600,1800,1800,BPCL,245.0,CE,27-FEB-2025
2025-02-03 13:26:31.279470,BPCL27FEB25C245,OPTSTK,9.5,2260800,9.5,9.65,588600,7200,1800,BPCL,245.0,CE,27-FEB-2025
2025-02-03 13:26:37.643416,BPCL27FEB25C245,OPTSTK,9.5,2260800,9.5,9.65,588600,7200,1800,BPCL,245.0,CE,27-FEB-2025
2025-02-03 13:26:43.905396,BPCL27FEB25C245,OPTSTK,9.5,2260800,9.5,9.65,588600,7200,1800,BPCL,245.0,CE,27-FEB-2025
2025-02-03 13:26:50.448558,BPCL27FEB25C245,OPTSTK,9.5,2260800,9.5,9.65,588600,3600,3600,BPCL,245.0,CE,27-FEB-2025
2025-02-03 13:26:56.759444,BPCL27FEB25C245,OPTSTK,9.5,2260800,9.5,9.65,588600,3600,3600,BPCL,245.0,CE,27-FEB-2025
2025-02-03 13:27:03.205867,BPCL27FEB25C245,OPTSTK,9.5,2260800,9.5,9.65,588600,3600,3600,BPCL,245.0,CE,27-FEB-2025
2025-02-03 13:27:09.608901,BPCL27FEB25C245,OPTSTK,9.5,2260800,9.5,9.65,588600,3600,3600,BPCL,245.0,CE,27-FEB-2025
2025-02-03 13:27:15.992246,BPCL27FEB25C245,OPTSTK,9.5,2260800,9.5,9.65,588600,3600,9000,BPCL,245.0,CE,27-FEB-2025
2025-02-03 13:27:22.241878,BPCL27FEB25C245,OPTSTK,9.5,2260800,9.5,9.65,588600,3600,9000,BPCL,245.0,CE,27-FEB-2025
2025-02-03 13:27:28.578825,BPCL27FEB25C245,OPTSTK,9.55,2260800,9.5,9.65,588600,3600,9000,BPCL,245.0,CE,27-FEB-2025
2025-02-03 13:27:34.895150,BPCL27FEB25C245,OPTSTK,9.55,2260800,9.5,9.65,588600,3600,9000,BPCL,245.0,CE,27-FEB-2025
2025-02-03 13:27:41.179431,BPCL27FEB25C245,OPTSTK,9.55,2262600,9.55,9.65,588600,1800,1800,BPCL,245.0,CE,27-FEB-2025
2025-02-03 13:27:47.484989,BPCL27FEB25C245,OPTSTK,9.55,2262600,9.55,9.65,588600,1800,1800,BPCL,245.0,CE,27-FEB-2025
2025-02-03 13:27:53.827029,BPCL27FEB25C245,OPTSTK,9.55,2262600,9.55,9.65,588600,1800,1800,BPCL,245.0,CE,27-FEB-2025
2025-02-03 13:28:00.246651,BPCL27FEB25C245,OPTSTK,9.55,2266200,9.4,9.55,588600,3600,3600,BPCL,245.0,CE,27-FEB-2025
2025-02-03 13:28:06.657008,BPCL27FEB25C245,OPTSTK,9.55,2266200,9.4,9.55,588600,3600,3600,BPCL,245.0,CE,27-FEB-2025
2025-02-03 13:28:12.926536,BPCL27FEB25C245,OPTSTK,9.55,2266200,9.4,9.55,588600,3600,3600,BPCL,245.0,CE,27-FEB-2025
2025-02-03 13:28:19.215588,BPCL27FEB25C245,OPTSTK,9.55,2266200,9.4,9.5,588600,1800,3600,BPCL,245.0,CE,27-FEB-2025
2025-02-03 13:28:25.477776,BPCL27FEB25C245,OPTSTK,9.55,2266200,9.4,9.5,588600,1800,3600,BPCL,245.0,CE,27-FEB-2025
2025-02-03 13:28:31.959401,BPCL27FEB25C245,OPTSTK,9.55,2266200,9.4,9.5,588600,1800,3600,BPCL,245.0,CE,27-FEB-2025
2025-02-03 13:28:38.379396,BPCL27FEB25C245,OPTSTK,9.55,2266200,9.4,9.5,588600,1800,3600,BPCL,245.0,CE,27-FEB-2025
2025-02-03 13:28:44.649387,BPCL27FEB25C245,OPTSTK,9.4,2266200,9.4,9.5,585000,3600,1800,BPCL,245.0,CE,27-FEB-2025
2025-02-03 13:28:51.137134,BPCL27FEB25C245,OPTSTK,9.4,2266200,9.4,9.5,585000,3600,1800,BPCL,245.0,CE,27-FEB-2025
2025-02-03 13:28:57.390700,BPCL27FEB25C245,OPTSTK,9.4,2266200,9.4,9.5,585000,3600,1800,BPCL,245.0,CE,27-FEB-2025
2025-02-03 13:29:03.739733,BPCL27FEB25C245,OPTSTK,9.4,2266200,9.4,9.5,585000,3600,1800,BPCL,245.0,CE,27-FEB-2025
2025-02-03 13:29:10.166623,BPCL27FEB25C245,OPTSTK,9.4,2268000,9.5,9.6,585000,1800,3600,BPCL,245.0,CE,27-FEB-2025
2025-02-03 13:29:16.430368,BPCL27FEB25C245,OPTSTK,9.4,2268000,9.5,9.6,585000,1800,3600,BPCL,245.0,CE,27-FEB-2025
2025-02-03 13:29:22.797471,BPCL27FEB25C245,OPTSTK,9.4,2268000,9.5,9.6,585000,1800,3600,BPCL,245.0,CE,27-FEB-2025
2025-02-03 13:29:29.132470,BPCL27FEB25C245,OPTSTK,9.4,2268000,9.5,9.6,585000,1800,3600,BPCL,245.0,CE,27-FEB-2025
2025-02-03 13:29:35.501497,BPCL27FEB25C245,OPTSTK,9.4,2268000,9.55,9.7,585000,5400,7200,BPCL,245.0,CE,27-FEB-2025
2025-02-03 13:29:42.049420,BPCL27FEB25C245,OPTSTK,9.4,2268000,9.55,9.7,585000,5400,7200,BPCL,245.0,CE,27-FEB-2025
2025-02-03 13:29:48.405768,BPCL27FEB25C245,OPTSTK,9.4,2268000,9.55,9.7,585000,5400,7200,BPCL,245.0,CE,27-FEB-2025
2025-02-03 13:29:55.216080,BPCL27FEB25C245,OPTSTK,9.4,2268000,9.55,9.65,585000,5400,1800,BPCL,245.0,CE,27-FEB-2025
2025-02-03 13:30:01.849137,BPCL27FEB25C245,OPTSTK,9.4,2268000,9.55,9.65,585000,5400,1800,BPCL,245.0,CE,27-FEB-2025
2025-02-03 13:30:08.522307,BPCL27FEB25C245,OPTSTK,9.4,2268000,9.55,9.65,585000,5400,1800,BPCL,245.0,CE,27-FEB-2025
2025-02-03 13:30:14.949345,BPCL27FEB25C245,OPTSTK,9.4,2268000,9.65,9.75,585000,1800,5400,BPCL,245.0,CE,27-FEB-2025
2025-02-03 13:30:21.328275,BPCL27FEB25C245,OPTSTK,9.4,2268000,9.65,9.75,585000,1800,5400,BPCL,245.0,CE,27-FEB-2025
2025-02-03 13:30:27.677861,BPCL27FEB25C245,OPTSTK,9.4,2268000,9.65,9.75,585000,1800,5400,BPCL,245.0,CE,27-FEB-2025
2025-02-03 13:30:33.937628,BPCL27FEB25C245,OPTSTK,9.4,2268000,9.65,9.75,585000,1800,5400,BPCL,245.0,CE,27-FEB-2025
2025-02-03 13:30:40.456545,BPCL27FEB25C245,OPTSTK,9.4,2268000,9.7,9.8,585000,3600,5400,BPCL,245.0,CE,27-FEB-2025
2025-02-03 13:30:46.744297,BPCL27FEB25C245,OPTSTK,9.4,2268000,9.7,9.8,585000,3600,5400,BPCL,245.0,CE,27-FEB-2025
2025-02-03 13:30:53.227541,BPCL27FEB25C245,OPTSTK,9.75,2268000,9.7,9.8,585000,3600,5400,BPCL,245.0,CE,27-FEB-2025
2025-02-03 13:30:59.570261,BPCL27FEB25C245,OPTSTK,9.75,2269800,9.7,9.8,585000,3600,5400,BPCL,245.0,CE,27-FEB-2025
2025-02-03 13:31:05.938707,BPCL27FEB25C245,OPTSTK,9.75,2269800,9.7,9.8,585000,3600,5400,BPCL,245.0,CE,27-FEB-2025
2025-02-03 13:31:12.427546,BPCL27FEB25C245,OPTSTK,9.75,2269800,9.7,9.8,585000,3600,5400,BPCL,245.0,CE,27-FEB-2025
2025-02-03 13:31:18.754869,BPCL27FEB25C245,OPTSTK,9.65,2269800,9.7,9.8,588600,3600,5400,BPCL,245.0,CE,27-FEB-2025
2025-02-03 13:31:25.398575,BPCL27FEB25C245,OPTSTK,9.65,2275200,9.6,9.75,588600,1800,10800,BPCL,245.0,CE,27-FEB-2025
2025-02-03 13:31:31.850946,BPCL27FEB25C245,OPTSTK,9.65,2275200,9.6,9.75,588600,1800,10800,BPCL,245.0,CE,27-FEB-2025
2025-02-03 13:31:38.170677,BPCL27FEB25C245,OPTSTK,9.65,2275200,9.6,9.75,588600,1800,10800,BPCL,245.0,CE,27-FEB-2025
2025-02-03 13:31:44.533036,BPCL27FEB25C245,OPTSTK,9.65,2275200,9.65,9.75,588600,1800,7200,BPCL,245.0,CE,27-FEB-2025
2025-02-03 13:31:50.661512,BPCL27FEB25C245,OPTSTK,9.65,2275200,9.65,9.75,588600,1800,7200,BPCL,245.0,CE,27-FEB-2025
2025-02-03 13:31:56.975323,BPCL27FEB25C245,OPTSTK,9.65,2275200,9.65,9.75,588600,1800,7200,BPCL,245.0,CE,27-FEB-2025
2025-02-03 13:32:03.433601,BPCL27FEB25C245,OPTSTK,9.65,2275200,9.65,9.75,588600,3600,3600,BPCL,245.0,CE,27-FEB-2025
2025-02-03 13:32:09.815768,BPCL27FEB25C245,OPTSTK,9.65,2275200,9.65,9.75,588600,3600,3600,BPCL,245.0,CE,27-FEB-2025
2025-02-03 13:32:16.195632,BPCL27FEB25C245,OPTSTK,9.65,2275200,9.65,9.75,588600,3600,3600,BPCL,245.0,CE,27-FEB-2025
2025-02-03 13:32:22.525494,BPCL27FEB25C245,OPTSTK,9.65,2275200,9.65,9.75,588600,3600,3600,BPCL,245.0,CE,27-FEB-2025
2025-02-03 13:32:28.802589,BPCL27FEB25C245,OPTSTK,9.65,2275200,9.7,9.8,588600,1800,5400,BPCL,245.0,CE,27-FEB-2025
2025-02-03 13:32:35.031458,BPCL27FEB25C245,OPTSTK,9.8,2275200,9.7,9.8,588600,1800,5400,BPCL,245.0,CE,27-FEB-2025
2025-02-03 13:32:41.362662,BPCL27FEB25C245,OPTSTK,9.8,2275200,9.7,9.8,588600,1800,5400,BPCL,245.0,CE,27-FEB-2025
2025-02-03 13:32:47.735677,BPCL27FEB25C245,OPTSTK,9.8,2278800,9.7,9.8,588600,5400,1800,BPCL,245.0,CE,27-FEB-2025
2025-02-03 13:32:54.066884,BPCL27FEB25C245,OPTSTK,9.8,2278800,9.7,9.8,588600,5400,1800,BPCL,245.0,CE,27-FEB-2025
2025-02-03 13:33:00.476345,BPCL27FEB25C245,OPTSTK,9.8,2278800,9.7,9.8,588600,5400,1800,BPCL,245.0,CE,27-FEB-2025
2025-02-03 13:33:06.737518,BPCL27FEB25C245,OPTSTK,9.8,2278800,9.7,9.8,588600,5400,1800,BPCL,245.0,CE,27-FEB-2025
2025-02-03 13:33:13.098293,BPCL27FEB25C245,OPTSTK,9.7,2278800,9.7,9.8,588600,1800,1800,BPCL,245.0,CE,27-FEB-2025
2025-02-03 13:33:19.280985,BPCL27FEB25C245,OPTSTK,9.7,2278800,9.7,9.8,588600,1800,1800,BPCL,245.0,CE,27-FEB-2025
2025-02-03 13:33:25.696656,BPCL27FEB25C245,OPTSTK,9.7,2278800,9.7,9.8,588600,1800,1800,BPCL,245.0,CE,27-FEB-2025
2025-02-03 13:33:32.027087,BPCL27FEB25C245,OPTSTK,9.7,2280600,9.65,9.8,588600,3600,9000,BPCL,245.0,CE,27-FEB-2025
2025-02-03 13:33:38.447995,BPCL27FEB25C245,OPTSTK,9.7,2280600,9.65,9.8,588600,3600,9000,BPCL,245.0,CE,27-FEB-2025
2025-02-03 13:33:44.699612,BPCL27FEB25C245,OPTSTK,9.7,2280600,9.65,9.8,588600,3600,9000,BPCL,245.0,CE,27-FEB-2025
2025-02-03 13:33:51.137495,BPCL27FEB25C245,OPTSTK,9.75,2282400,9.7,9.8,588600,5400,3600,BPCL,245.0,CE,27-FEB-2025
2025-02-03 13:33:57.577585,BPCL27FEB25C245,OPTSTK,9.8,2282400,9.7,9.8,588600,5400,3600,BPCL,245.0,CE,27-FEB-2025
2025-02-03 13:34:03.879203,BPCL27FEB25C245,OPTSTK,9.8,2282400,9.7,9.8,588600,5400,3600,BPCL,245.0,CE,27-FEB-2025
2025-02-03 13:34:10.400728,BPCL27FEB25C245,OPTSTK,9.8,2282400,9.7,9.8,588600,5400,3600,BPCL,245.0,CE,27-FEB-2025
2025-02-03 13:34:17.179686,BPCL27FEB25C245,OPTSTK,9.8,2286000,9.75,9.9,588600,3600,12600,BPCL,245.0,CE,27-FEB-2025
2025-02-03 13:34:23.565431,BPCL27FEB25C245,OPTSTK,9.8,2286000,9.75,9.9,581400,3600,12600,BPCL,245.0,CE,27-FEB-2025
2025-02-03 13:34:30.026211,BPCL27FEB25C245,OPTSTK,9.8,2286000,9.75,9.9,581400,3600,12600,BPCL,245.0,CE,27-FEB-2025
2025-02-03 13:34:36.769623,BPCL27FEB25C245,OPTSTK,9.85,2287800,9.8,9.85,581400,1800,1800,BPCL,245.0,CE,27-FEB-2025
2025-02-03 13:34:43.329271,BPCL27FEB25C245,OPTSTK,9.85,2287800,9.8,9.85,581400,1800,1800,BPCL,245.0,CE,27-FEB-2025
2025-02-03 13:34:49.622739,BPCL27FEB25C245,OPTSTK,9.85,2287800,9.8,9.85,581400,1800,1800,BPCL,245.0,CE,27-FEB-2025
2025-02-03 13:34:56.069824,BPCL27FEB25C245,OPTSTK,9.85,2289600,9.8,9.95,581400,9000,1800,BPCL,245.0,CE,27-FEB-2025
2025-02-03 13:35:02.538746,BPCL27FEB25C245,OPTSTK,9.85,2289600,9.8,9.95,581400,9000,1800,BPCL,245.0,CE,27-FEB-2025
2025-02-03 13:35:08.860746,BPCL27FEB25C245,OPTSTK,9.85,2289600,9.8,9.95,581400,9000,1800,BPCL,245.0,CE,27-FEB-2025
2025-02-03 13:35:15.247464,BPCL27FEB25C245,OPTSTK,9.85,2289600,9.8,9.95,581400,9000,1800,BPCL,245.0,CE,27-FEB-2025
2025-02-03 13:35:21.700431,BPCL27FEB25C245,OPTSTK,9.85,2289600,9.85,10.0,581400,5400,7200,BPCL,245.0,CE,27-FEB-2025
2025-02-03 13:35:28.051769,BPCL27FEB25C245,OPTSTK,10.0,2289600,9.85,10.0,581400,5400,7200,BPCL,245.0,CE,27-FEB-2025
2025-02-03 13:35:34.355864,BPCL27FEB25C245,OPTSTK,10.0,2289600,9.85,10.0,581400,5400,7200,BPCL,245.0,CE,27-FEB-2025
2025-02-03 13:35:40.632978,BPCL27FEB25C245,OPTSTK,10.0,2293200,10.0,10.1,581400,3600,3600,BPCL,245.0,CE,27-FEB-2025
2025-02-03 13:35:47.053947,BPCL27FEB25C245,OPTSTK,10.0,2293200,10.0,10.1,581400,3600,3600,BPCL,245.0,CE,27-FEB-2025
2025-02-03 13:35:53.409147,BPCL27FEB25C245,OPTSTK,10.2,2293200,10.0,10.1,581400,3600,3600,BPCL,245.0,CE,27-FEB-2025
2025-02-03 13:35:59.713466,BPCL27FEB25C245,OPTSTK,10.2,2293200,10.0,10.1,581400,3600,3600,BPCL,245.0,CE,27-FEB-2025
2025-02-03 13:36:06.069166,BPCL27FEB25C245,OPTSTK,10.2,2302200,9.95,10.15,581400,3600,3600,BPCL,245.0,CE,27-FEB-2025
2025-02-03 13:36:12.482074,BPCL27FEB25C245,OPTSTK,10.2,2302200,9.95,10.15,581400,3600,3600,BPCL,245.0,CE,27-FEB-2025
2025-02-03 13:36:18.926472,BPCL27FEB25C245,OPTSTK,10.2,2302200,9.95,10.15,581400,3600,3600,BPCL,245.0,CE,27-FEB-2025
2025-02-03 13:36:25.244098,BPCL27FEB25C245,OPTSTK,10.2,2304000,10.1,10.25,581400,5400,7200,BPCL,245.0,CE,27-FEB-2025
2025-02-03 13:36:31.641257,BPCL27FEB25C245,OPTSTK,10.2,2304000,10.1,10.25,581400,5400,7200,BPCL,245.0,CE,27-FEB-2025
2025-02-03 13:36:37.993028,BPCL27FEB25C245,OPTSTK,10.2,2304000,10.1,10.25,581400,5400,7200,BPCL,245.0,CE,27-FEB-2025
2025-02-03 13:36:44.299454,BPCL27FEB25C245,OPTSTK,10.2,2304000,10.1,10.25,581400,5400,7200,BPCL,245.0,CE,27-FEB-2025
2025-02-03 13:36:50.650866,BPCL27FEB25C245,OPTSTK,10.2,2304000,10.05,10.2,581400,3600,12600,BPCL,245.0,CE,27-FEB-2025
2025-02-03 13:36:56.869086,BPCL27FEB25C245,OPTSTK,10.2,2304000,10.05,10.2,581400,3600,12600,BPCL,245.0,CE,27-FEB-2025
2025-02-03 13:37:03.290320,BPCL27FEB25C245,OPTSTK,10.2,2304000,10.05,10.2,581400,3600,12600,BPCL,245.0,CE,27-FEB-2025
2025-02-03 13:37:09.572748,BPCL27FEB25C245,OPTSTK,10.2,2304000,10.05,10.15,581400,3600,3600,BPCL,245.0,CE,27-FEB-2025
2025-02-03 13:37:15.849105,BPCL27FEB25C245,OPTSTK,10.05,2304000,10.05,10.15,581400,3600,3600,BPCL,245.0,CE,27-FEB-2025
2025-02-03 13:37:22.269099,BPCL27FEB25C245,OPTSTK,10.05,2304000,10.05,10.15,581400,3600,3600,BPCL,245.0,CE,27-FEB-2025
2025-02-03 13:37:28.508410,BPCL27FEB25C245,OPTSTK,10.05,2304000,10.05,10.15,581400,3600,3600,BPCL,245.0,CE,27-FEB-2025
2025-02-03 13:37:34.739856,BPCL27FEB25C245,OPTSTK,10.05,2305800,10.0,10.1,581400,3600,1800,BPCL,245.0,CE,27-FEB-2025
2025-02-03 13:37:41.022193,BPCL27FEB25C245,OPTSTK,10.05,2305800,10.0,10.1,581400,3600,1800,BPCL,245.0,CE,27-FEB-2025
2025-02-03 13:37:47.293923,BPCL27FEB25C245,OPTSTK,10.05,2305800,10.0,10.1,581400,3600,1800,BPCL,245.0,CE,27-FEB-2025
2025-02-03 13:37:53.702605,BPCL27FEB25C245,OPTSTK,10.05,2305800,10.0,10.05,581400,5400,1800,BPCL,245.0,CE,27-FEB-2025
2025-02-03 13:38:00.082619,BPCL27FEB25C245,OPTSTK,10.05,2305800,10.0,10.05,585000,5400,1800,BPCL,245.0,CE,27-FEB-2025
2025-02-03 13:38:06.423651,BPCL27FEB25C245,OPTSTK,10.05,2305800,10.0,10.05,585000,5400,1800,BPCL,245.0,CE,27-FEB-2025
2025-02-03 13:38:12.871353,BPCL27FEB25C245,OPTSTK,10.05,2305800,10.0,10.05,585000,5400,1800,BPCL,245.0,CE,27-FEB-2025
2025-02-03 13:38:19.139078,BPCL27FEB25C245,OPTSTK,10.05,2307600,10.05,10.15,585000,3600,1800,BPCL,245.0,CE,27-FEB-2025
2025-02-03 13:38:25.385056,BPCL27FEB25C245,OPTSTK,10.05,2307600,10.05,10.15,585000,3600,1800,BPCL,245.0,CE,27-FEB-2025
2025-02-03 13:38:31.869549,BPCL27FEB25C245,OPTSTK,10.05,2307600,10.05,10.15,585000,3600,1800,BPCL,245.0,CE,27-FEB-2025
2025-02-03 13:38:38.246110,BPCL27FEB25C245,OPTSTK,10.05,2307600,10.05,10.15,585000,3600,1800,BPCL,245.0,CE,27-FEB-2025
2025-02-03 13:38:44.616826,BPCL27FEB25C245,OPTSTK,10.05,2307600,10.05,10.15,585000,3600,1800,BPCL,245.0,CE,27-FEB-2025
2025-02-03 13:38:50.965497,BPCL27FEB25C245,OPTSTK,10.05,2307600,10.05,10.15,585000,3600,1800,BPCL,245.0,CE,27-FEB-2025
2025-02-03 13:38:57.374829,BPCL27FEB25C245,OPTSTK,10.05,2307600,10.0,10.15,585000,1800,12600,BPCL,245.0,CE,27-FEB-2025
2025-02-03 13:39:03.749054,BPCL27FEB25C245,OPTSTK,10.05,2307600,10.0,10.15,585000,1800,12600,BPCL,245.0,CE,27-FEB-2025
2025-02-03 13:39:10.287048,BPCL27FEB25C245,OPTSTK,10.05,2307600,10.0,10.15,585000,1800,12600,BPCL,245.0,CE,27-FEB-2025
2025-02-03 13:39:16.663125,BPCL27FEB25C245,OPTSTK,10.05,2307600,10.0,10.15,585000,5400,10800,BPCL,245.0,CE,27-FEB-2025
2025-02-03 13:39:23.190593,BPCL27FEB25C245,OPTSTK,10.15,2307600,10.0,10.15,585000,5400,10800,BPCL,245.0,CE,27-FEB-2025
2025-02-03 13:39:29.579070,BPCL27FEB25C245,OPTSTK,10.15,2307600,10.0,10.15,585000,5400,10800,BPCL,245.0,CE,27-FEB-2025
2025-02-03 13:39:35.742607,BPCL27FEB25C245,OPTSTK,10.1,2307600,10.0,10.15,585000,5400,10800,BPCL,245.0,CE,27-FEB-2025
2025-02-03 13:39:41.914067,BPCL27FEB25C245,OPTSTK,10.1,2313000,10.1,10.2,585000,3600,5400,BPCL,245.0,CE,27-FEB-2025
2025-02-03 13:39:48.261605,BPCL27FEB25C245,OPTSTK,10.2,2313000,10.1,10.2,585000,3600,5400,BPCL,245.0,CE,27-FEB-2025
2025-02-03 13:39:54.583904,BPCL27FEB25C245,OPTSTK,10.2,2313000,10.1,10.2,585000,3600,5400,BPCL,245.0,CE,27-FEB-2025
2025-02-03 13:40:00.908780,BPCL27FEB25C245,OPTSTK,10.2,2318400,10.2,10.3,585000,3600,1800,BPCL,245.0,CE,27-FEB-2025
2025-02-03 13:40:07.244180,BPCL27FEB25C245,OPTSTK,10.3,2318400,10.2,10.3,585000,3600,1800,BPCL,245.0,CE,27-FEB-2025
2025-02-03 13:40:13.620991,BPCL27FEB25C245,OPTSTK,10.4,2318400,10.2,10.3,585000,3600,1800,BPCL,245.0,CE,27-FEB-2025
2025-02-03 13:40:22.978843,BPCL27FEB25C245,OPTSTK,10.4,2322000,10.35,10.45,585000,3600,1800,BPCL,245.0,CE,27-FEB-2025
2025-02-03 13:40:30.999431,BPCL27FEB25C245,OPTSTK,10.4,2322000,10.35,10.45,585000,3600,1800,BPCL,245.0,CE,27-FEB-2025
2025-02-03 13:40:37.608657,BPCL27FEB25C245,OPTSTK,10.4,2322000,10.35,10.45,585000,3600,1800,BPCL,245.0,CE,27-FEB-2025
2025-02-03 13:40:44.003231,BPCL27FEB25C245,OPTSTK,10.35,2323800,10.3,10.4,570600,5400,1800,BPCL,245.0,CE,27-FEB-2025
2025-02-03 13:40:50.527353,BPCL27FEB25C245,OPTSTK,10.3,2323800,10.3,10.4,570600,5400,1800,BPCL,245.0,CE,27-FEB-2025
2025-02-03 13:40:56.827175,BPCL27FEB25C245,OPTSTK,10.35,2323800,10.3,10.4,570600,5400,1800,BPCL,245.0,CE,27-FEB-2025
2025-02-03 13:41:03.280140,BPCL27FEB25C245,OPTSTK,10.35,2323800,10.3,10.4,570600,5400,1800,BPCL,245.0,CE,27-FEB-2025
2025-02-03 13:41:09.791663,BPCL27FEB25C245,OPTSTK,10.35,2327400,10.35,10.5,570600,1800,12600,BPCL,245.0,CE,27-FEB-2025
2025-02-03 13:41:16.361517,BPCL27FEB25C245,OPTSTK,10.45,2327400,10.35,10.5,570600,1800,12600,BPCL,245.0,CE,27-FEB-2025
2025-02-03 13:41:22.728350,BPCL27FEB25C245,OPTSTK,10.45,2327400,10.35,10.5,570600,1800,12600,BPCL,245.0,CE,27-FEB-2025
2025-02-03 13:41:29.129600,BPCL27FEB25C245,OPTSTK,10.45,2329200,10.3,10.4,570600,3600,3600,BPCL,245.0,CE,27-FEB-2025
2025-02-03 13:41:35.774764,BPCL27FEB25C245,OPTSTK,10.45,2329200,10.3,10.4,570600,3600,3600,BPCL,245.0,CE,27-FEB-2025
2025-02-03 13:41:42.260726,BPCL27FEB25C245,OPTSTK,10.45,2329200,10.3,10.4,570600,3600,3600,BPCL,245.0,CE,27-FEB-2025
2025-02-03 13:41:48.694064,BPCL27FEB25C245,OPTSTK,10.4,2329200,10.3,10.4,570600,3600,3600,BPCL,245.0,CE,27-FEB-2025
2025-02-03 13:41:55.134784,BPCL27FEB25C245,OPTSTK,10.4,2331000,10.35,10.45,570600,1800,3600,BPCL,245.0,CE,27-FEB-2025
2025-02-03 13:42:01.706268,BPCL27FEB25C245,OPTSTK,10.4,2331000,10.35,10.45,570600,1800,3600,BPCL,245.0,CE,27-FEB-2025
2025-02-03 13:42:08.135313,BPCL27FEB25C245,OPTSTK,10.4,2331000,10.35,10.45,570600,1800,3600,BPCL,245.0,CE,27-FEB-2025
2025-02-03 13:42:14.631053,BPCL27FEB25C245,OPTSTK,10.4,2331000,10.3,10.4,570600,1800,1800,BPCL,245.0,CE,27-FEB-2025
2025-02-03 13:42:20.950351,BPCL27FEB25C245,OPTSTK,10.4,2331000,10.3,10.4,570600,1800,1800,BPCL,245.0,CE,27-FEB-2025
2025-02-03 13:42:27.527588,BPCL27FEB25C245,OPTSTK,10.25,2331000,10.3,10.4,570600,1800,1800,BPCL,245.0,CE,27-FEB-2025
2025-02-03 13:42:34.313046,BPCL27FEB25C245,OPTSTK,10.25,2332800,10.2,10.35,570600,3600,3600,BPCL,245.0,CE,27-FEB-2025
2025-02-03 13:42:40.849557,BPCL27FEB25C245,OPTSTK,10.25,2332800,10.2,10.35,570600,3600,3600,BPCL,245.0,CE,27-FEB-2025
2025-02-03 13:42:47.516875,BPCL27FEB25C245,OPTSTK,10.25,2332800,10.2,10.35,570600,3600,3600,BPCL,245.0,CE,27-FEB-2025
2025-02-03 13:42:53.957091,BPCL27FEB25C245,OPTSTK,10.25,2332800,10.3,10.45,570600,1800,5400,BPCL,245.0,CE,27-FEB-2025
2025-02-03 13:43:00.371546,BPCL27FEB25C245,OPTSTK,10.25,2332800,10.3,10.45,570600,1800,5400,BPCL,245.0,CE,27-FEB-2025
2025-02-03 13:43:06.802858,BPCL27FEB25C245,OPTSTK,10.25,2332800,10.3,10.45,570600,1800,5400,BPCL,245.0,CE,27-FEB-2025
2025-02-03 13:43:13.141390,BPCL27FEB25C245,OPTSTK,10.25,2332800,10.3,10.45,570600,1800,5400,BPCL,245.0,CE,27-FEB-2025
2025-02-03 13:43:19.738011,BPCL27FEB25C245,OPTSTK,10.45,2332800,10.3,10.45,570600,1800,9000,BPCL,245.0,CE,27-FEB-2025
2025-02-03 13:43:26.112298,BPCL27FEB25C245,OPTSTK,10.45,2332800,10.3,10.45,570600,1800,9000,BPCL,245.0,CE,27-FEB-2025
2025-02-03 13:43:32.570289,BPCL27FEB25C245,OPTSTK,10.45,2332800,10.3,10.45,570600,1800,9000,BPCL,245.0,CE,27-FEB-2025
2025-02-03 13:43:39.042248,BPCL27FEB25C245,OPTSTK,10.45,2334600,10.25,10.4,570600,5400,5400,BPCL,245.0,CE,27-FEB-2025
2025-02-03 13:43:45.673878,BPCL27FEB25C245,OPTSTK,10.45,2334600,10.25,10.4,570600,5400,5400,BPCL,245.0,CE,27-FEB-2025
2025-02-03 13:43:52.046364,BPCL27FEB25C245,OPTSTK,10.45,2334600,10.25,10.4,570600,5400,5400,BPCL,245.0,CE,27-FEB-2025
2025-02-03 13:43:58.664684,BPCL27FEB25C245,OPTSTK,10.45,2334600,10.25,10.35,570600,3600,1800,BPCL,245.0,CE,27-FEB-2025
2025-02-03 13:44:05.106813,BPCL27FEB25C245,OPTSTK,10.45,2334600,10.25,10.35,570600,3600,1800,BPCL,245.0,CE,27-FEB-2025
2025-02-03 13:44:11.514649,BPCL27FEB25C245,OPTSTK,10.45,2334600,10.25,10.35,570600,3600,1800,BPCL,245.0,CE,27-FEB-2025
2025-02-03 13:44:17.858176,BPCL27FEB25C245,OPTSTK,10.45,2334600,10.25,10.35,570600,3600,1800,BPCL,245.0,CE,27-FEB-2025
2025-02-03 13:44:24.216071,BPCL27FEB25C245,OPTSTK,10.45,2334600,10.25,10.35,570600,3600,1800,BPCL,245.0,CE,27-FEB-2025
2025-02-03 13:44:30.590624,BPCL27FEB25C245,OPTSTK,10.45,2334600,10.25,10.35,570600,3600,1800,BPCL,245.0,CE,27-FEB-2025
2025-02-03 13:44:37.003797,BPCL27FEB25C245,OPTSTK,10.45,2334600,10.25,10.35,570600,3600,1800,BPCL,245.0,CE,27-FEB-2025
2025-02-03 13:44:43.690580,BPCL27FEB25C245,OPTSTK,10.45,2334600,10.3,10.4,570600,1800,5400,BPCL,245.0,CE,27-FEB-2025
2025-02-03 13:44:50.570522,BPCL27FEB25C245,OPTSTK,10.45,2334600,10.3,10.4,570600,1800,5400,BPCL,245.0,CE,27-FEB-2025
2025-02-03 13:44:56.863615,BPCL27FEB25C245,OPTSTK,10.45,2334600,10.3,10.4,570600,1800,5400,BPCL,245.0,CE,27-FEB-2025
2025-02-03 13:45:03.512921,BPCL27FEB25C245,OPTSTK,10.45,2334600,10.35,10.45,570600,5400,3600,BPCL,245.0,CE,27-FEB-2025
2025-02-03 13:45:09.969216,BPCL27FEB25C245,OPTSTK,10.45,2334600,10.35,10.45,570600,5400,3600,BPCL,245.0,CE,27-FEB-2025
2025-02-03 13:45:17.931817,BPCL27FEB25C245,OPTSTK,10.45,2334600,10.35,10.45,570600,5400,3600,BPCL,245.0,CE,27-FEB-2025
2025-02-03 13:45:24.236705,BPCL27FEB25C245,OPTSTK,10.45,2334600,10.4,10.45,570600,1800,1800,BPCL,245.0,CE,27-FEB-2025
2025-02-03 13:45:30.698340,BPCL27FEB25C245,OPTSTK,10.45,2334600,10.4,10.45,563400,1800,1800,BPCL,245.0,CE,27-FEB-2025
2025-02-03 13:45:37.168483,BPCL27FEB25C245,OPTSTK,10.45,2334600,10.4,10.45,563400,1800,1800,BPCL,245.0,CE,27-FEB-2025
2025-02-03 13:45:43.574498,BPCL27FEB25C245,OPTSTK,10.45,2334600,10.4,10.45,563400,1800,1800,BPCL,245.0,CE,27-FEB-2025
2025-02-03 13:45:50.171044,BPCL27FEB25C245,OPTSTK,10.45,2338200,10.35,10.45,563400,7200,1800,BPCL,245.0,CE,27-FEB-2025
2025-02-03 13:45:58.158653,BPCL27FEB25C245,OPTSTK,10.45,2338200,10.35,10.45,563400,7200,1800,BPCL,245.0,CE,27-FEB-2025
2025-02-03 13:46:04.803411,BPCL27FEB25C245,OPTSTK,10.45,2338200,10.35,10.45,563400,7200,1800,BPCL,245.0,CE,27-FEB-2025
2025-02-03 13:46:11.517452,BPCL27FEB25C245,OPTSTK,10.45,2338200,10.3,10.45,563400,3600,7200,BPCL,245.0,CE,27-FEB-2025
2025-02-03 13:46:18.200862,BPCL27FEB25C245,OPTSTK,10.45,2338200,10.3,10.45,563400,3600,7200,BPCL,245.0,CE,27-FEB-2025
2025-02-03 13:46:26.032605,BPCL27FEB25C245,OPTSTK,10.45,2338200,10.3,10.45,563400,3600,7200,BPCL,245.0,CE,27-FEB-2025
2025-02-03 13:46:32.542317,BPCL27FEB25C245,OPTSTK,10.45,2338200,10.35,10.4,563400,1800,1800,BPCL,245.0,CE,27-FEB-2025
2025-02-03 13:46:39.482012,BPCL27FEB25C245,OPTSTK,10.4,2338200,10.35,10.4,561600,1800,1800,BPCL,245.0,CE,27-FEB-2025
2025-02-03 13:46:46.318643,BPCL27FEB25C245,OPTSTK,10.4,2338200,10.35,10.4,561600,1800,1800,BPCL,245.0,CE,27-FEB-2025
2025-02-03 13:46:53.249638,BPCL27FEB25C245,OPTSTK,10.4,2340000,10.35,10.45,561600,12600,1800,BPCL,245.0,CE,27-FEB-2025
2025-02-03 13:46:59.964463,BPCL27FEB25C245,OPTSTK,10.4,2340000,10.35,10.45,561600,12600,1800,BPCL,245.0,CE,27-FEB-2025
2025-02-03 13:47:06.688596,BPCL27FEB25C245,OPTSTK,10.4,2340000,10.35,10.45,561600,12600,1800,BPCL,245.0,CE,27-FEB-2025
2025-02-03 13:47:14.768233,BPCL27FEB25C245,OPTSTK,10.45,2340000,10.35,10.5,561600,12600,9000,BPCL,245.0,CE,27-FEB-2025
2025-02-03 13:47:21.306336,BPCL27FEB25C245,OPTSTK,10.45,2340000,10.35,10.5,561600,12600,9000,BPCL,245.0,CE,27-FEB-2025
2025-02-03 13:47:27.812968,BPCL27FEB25C245,OPTSTK,10.45,2340000,10.35,10.5,561600,12600,9000,BPCL,245.0,CE,27-FEB-2025
2025-02-03 13:47:34.259052,BPCL27FEB25C245,OPTSTK,10.45,2341800,10.45,10.55,561600,1800,1800,BPCL,245.0,CE,27-FEB-2025
2025-02-03 13:47:40.977297,BPCL27FEB25C245,OPTSTK,10.45,2341800,10.45,10.55,561600,1800,1800,BPCL,245.0,CE,27-FEB-2025
2025-02-03 13:47:47.443259,BPCL27FEB25C245,OPTSTK,10.5,2341800,10.45,10.55,561600,1800,1800,BPCL,245.0,CE,27-FEB-2025
2025-02-03 13:47:53.879440,BPCL27FEB25C245,OPTSTK,10.5,2343600,10.45,10.6,561600,3600,9000,BPCL,245.0,CE,27-FEB-2025
2025-02-03 13:48:00.442756,BPCL27FEB25C245,OPTSTK,10.5,2343600,10.45,10.6,561600,3600,9000,BPCL,245.0,CE,27-FEB-2025
2025-02-03 13:48:07.953000,BPCL27FEB25C245,OPTSTK,10.5,2343600,10.45,10.6,561600,3600,9000,BPCL,245.0,CE,27-FEB-2025
2025-02-03 13:48:14.714984,BPCL27FEB25C245,OPTSTK,10.5,2345400,10.4,10.5,561600,7200,1800,BPCL,245.0,CE,27-FEB-2025
2025-02-03 13:48:21.162985,BPCL27FEB25C245,OPTSTK,10.5,2345400,10.4,10.5,561600,7200,1800,BPCL,245.0,CE,27-FEB-2025
2025-02-03 13:48:27.753542,BPCL27FEB25C245,OPTSTK,10.5,2345400,10.4,10.5,561600,7200,1800,BPCL,245.0,CE,27-FEB-2025
2025-02-03 13:48:34.187952,BPCL27FEB25C245,OPTSTK,10.5,2345400,10.4,10.5,561600,7200,1800,BPCL,245.0,CE,27-FEB-2025
2025-02-03 13:48:40.583121,BPCL27FEB25C245,OPTSTK,10.5,2345400,10.35,10.5,561600,16200,1800,BPCL,245.0,CE,27-FEB-2025
2025-02-03 13:48:46.905128,BPCL27FEB25C245,OPTSTK,10.5,2345400,10.35,10.5,561600,16200,1800,BPCL,245.0,CE,27-FEB-2025
2025-02-03 13:48:53.263084,BPCL27FEB25C245,OPTSTK,10.4,2345400,10.35,10.5,561600,16200,1800,BPCL,245.0,CE,27-FEB-2025
2025-02-03 13:49:00.066771,BPCL27FEB25C245,OPTSTK,10.4,2347200,10.35,10.5,561600,16200,1800,BPCL,245.0,CE,27-FEB-2025
2025-02-03 13:49:06.631628,BPCL27FEB25C245,OPTSTK,10.4,2347200,10.35,10.5,561600,16200,1800,BPCL,245.0,CE,27-FEB-2025
2025-02-03 13:49:13.132532,BPCL27FEB25C245,OPTSTK,10.4,2347200,10.35,10.5,561600,16200,1800,BPCL,245.0,CE,27-FEB-2025
2025-02-03 13:49:19.680965,BPCL27FEB25C245,OPTSTK,10.4,2347200,10.4,10.5,561600,5400,1800,BPCL,245.0,CE,27-FEB-2025
2025-02-03 13:49:26.096485,BPCL27FEB25C245,OPTSTK,10.4,2347200,10.4,10.5,561600,5400,1800,BPCL,245.0,CE,27-FEB-2025
2025-02-03 13:49:32.613917,BPCL27FEB25C245,OPTSTK,10.4,2347200,10.4,10.5,561600,5400,1800,BPCL,245.0,CE,27-FEB-2025
2025-02-03 13:49:38.938541,BPCL27FEB25C245,OPTSTK,10.4,2350800,10.35,10.45,554400,10800,1800,BPCL,245.0,CE,27-FEB-2025
2025-02-03 13:49:45.467946,BPCL27FEB25C245,OPTSTK,10.4,2350800,10.35,10.45,554400,10800,1800,BPCL,245.0,CE,27-FEB-2025
2025-02-03 13:49:52.105453,BPCL27FEB25C245,OPTSTK,10.4,2350800,10.35,10.45,554400,10800,1800,BPCL,245.0,CE,27-FEB-2025
2025-02-03 13:49:58.793089,BPCL27FEB25C245,OPTSTK,10.4,2350800,10.35,10.45,554400,10800,1800,BPCL,245.0,CE,27-FEB-2025
2025-02-03 13:50:06.008356,BPCL27FEB25C245,OPTSTK,10.4,2350800,10.35,10.45,554400,9000,7200,BPCL,245.0,CE,27-FEB-2025
2025-02-03 13:50:12.716542,BPCL27FEB25C245,OPTSTK,10.4,2350800,10.35,10.45,554400,9000,7200,BPCL,245.0,CE,27-FEB-2025
2025-02-03 13:50:19.313889,BPCL27FEB25C245,OPTSTK,10.35,2350800,10.35,10.45,554400,9000,7200,BPCL,245.0,CE,27-FEB-2025
2025-02-03 13:50:25.840513,BPCL27FEB25C245,OPTSTK,10.35,2359800,10.25,10.4,554400,9000,7200,BPCL,245.0,CE,27-FEB-2025
2025-02-03 13:50:32.608774,BPCL27FEB25C245,OPTSTK,10.35,2359800,10.25,10.4,554400,9000,7200,BPCL,245.0,CE,27-FEB-2025
2025-02-03 13:50:39.047779,BPCL27FEB25C245,OPTSTK,10.35,2359800,10.25,10.4,554400,9000,7200,BPCL,245.0,CE,27-FEB-2025
2025-02-03 13:50:45.474854,BPCL27FEB25C245,OPTSTK,10.35,2359800,10.3,10.35,554400,1800,10800,BPCL,245.0,CE,27-FEB-2025
2025-02-03 13:50:52.057491,BPCL27FEB25C245,OPTSTK,10.35,2359800,10.3,10.35,554400,1800,10800,BPCL,245.0,CE,27-FEB-2025
2025-02-03 13:50:58.766945,BPCL27FEB25C245,OPTSTK,10.35,2359800,10.3,10.35,554400,1800,10800,BPCL,245.0,CE,27-FEB-2025
2025-02-03 13:51:05.475633,BPCL27FEB25C245,OPTSTK,10.35,2359800,10.25,10.35,554400,3600,10800,BPCL,245.0,CE,27-FEB-2025
2025-02-03 13:51:12.028660,BPCL27FEB25C245,OPTSTK,10.35,2359800,10.25,10.35,554400,3600,10800,BPCL,245.0,CE,27-FEB-2025
2025-02-03 13:51:18.680980,BPCL27FEB25C245,OPTSTK,10.35,2359800,10.25,10.35,554400,3600,10800,BPCL,245.0,CE,27-FEB-2025
2025-02-03 13:51:25.013071,BPCL27FEB25C245,OPTSTK,10.35,2359800,10.25,10.35,554400,3600,10800,BPCL,245.0,CE,27-FEB-2025
2025-02-03 13:51:31.453217,BPCL27FEB25C245,OPTSTK,10.35,2359800,10.2,10.35,554400,5400,18000,BPCL,245.0,CE,27-FEB-2025
2025-02-03 13:51:37.905607,BPCL27FEB25C245,OPTSTK,10.35,2359800,10.2,10.35,554400,5400,18000,BPCL,245.0,CE,27-FEB-2025
2025-02-03 13:51:44.238989,BPCL27FEB25C245,OPTSTK,10.35,2359800,10.2,10.35,554400,5400,18000,BPCL,245.0,CE,27-FEB-2025
2025-02-03 13:51:50.507746,BPCL27FEB25C245,OPTSTK,10.35,2359800,10.2,10.35,554400,5400,18000,BPCL,245.0,CE,27-FEB-2025
2025-02-03 13:51:56.883606,BPCL27FEB25C245,OPTSTK,10.35,2359800,10.15,10.3,554400,3600,5400,BPCL,245.0,CE,27-FEB-2025
2025-02-03 13:52:05.658859,BPCL27FEB25C245,OPTSTK,10.35,2359800,10.15,10.3,554400,3600,5400,BPCL,245.0,CE,27-FEB-2025
2025-02-03 13:52:12.339100,BPCL27FEB25C245,OPTSTK,10.35,2359800,10.15,10.3,554400,3600,5400,BPCL,245.0,CE,27-FEB-2025
2025-02-03 13:52:18.727638,BPCL27FEB25C245,OPTSTK,10.35,2359800,10.1,10.2,554400,10800,3600,BPCL,245.0,CE,27-FEB-2025
2025-02-03 13:52:25.431496,BPCL27FEB25C245,OPTSTK,10.35,2359800,10.1,10.2,554400,10800,3600,BPCL,245.0,CE,27-FEB-2025
2025-02-03 13:52:31.797705,BPCL27FEB25C245,OPTSTK,10.35,2359800,10.1,10.2,554400,10800,3600,BPCL,245.0,CE,27-FEB-2025
2025-02-03 13:52:38.631916,BPCL27FEB25C245,OPTSTK,10.35,2359800,10.1,10.2,554400,10800,3600,BPCL,245.0,CE,27-FEB-2025
2025-02-03 13:52:45.626909,BPCL27FEB25C245,OPTSTK,10.35,2359800,10.1,10.2,554400,9000,3600,BPCL,245.0,CE,27-FEB-2025
2025-02-03 13:52:52.108407,BPCL27FEB25C245,OPTSTK,10.35,2359800,10.1,10.2,554400,9000,3600,BPCL,245.0,CE,27-FEB-2025
2025-02-03 13:52:58.568033,BPCL27FEB25C245,OPTSTK,10.35,2359800,10.1,10.2,554400,9000,3600,BPCL,245.0,CE,27-FEB-2025
2025-02-03 13:53:06.110086,BPCL27FEB25C245,OPTSTK,10.35,2359800,10.1,10.2,554400,9000,3600,BPCL,245.0,CE,27-FEB-2025
2025-02-03 13:53:12.712244,BPCL27FEB25C245,OPTSTK,10.35,2359800,10.1,10.2,554400,9000,3600,BPCL,245.0,CE,27-FEB-2025
2025-02-03 13:53:19.190664,BPCL27FEB25C245,OPTSTK,10.35,2359800,10.1,10.2,554400,9000,3600,BPCL,245.0,CE,27-FEB-2025
2025-02-03 13:53:25.799296,BPCL27FEB25C245,OPTSTK,10.35,2359800,10.1,10.2,554400,9000,3600,BPCL,245.0,CE,27-FEB-2025
2025-02-03 13:53:32.366190,BPCL27FEB25C245,OPTSTK,10.35,2359800,10.1,10.25,554400,12600,3600,BPCL,245.0,CE,27-FEB-2025
2025-02-03 13:53:39.803627,BPCL27FEB25C245,OPTSTK,10.35,2359800,10.1,10.25,554400,12600,3600,BPCL,245.0,CE,27-FEB-2025
2025-02-03 13:53:46.119007,BPCL27FEB25C245,OPTSTK,10.35,2359800,10.1,10.25,554400,12600,3600,BPCL,245.0,CE,27-FEB-2025
2025-02-03 13:53:52.602231,BPCL27FEB25C245,OPTSTK,10.35,2359800,10.15,10.25,554400,1800,3600,BPCL,245.0,CE,27-FEB-2025
2025-02-03 13:53:59.164859,BPCL27FEB25C245,OPTSTK,10.35,2359800,10.15,10.25,554400,1800,3600,BPCL,245.0,CE,27-FEB-2025
2025-02-03 13:54:05.588259,BPCL27FEB25C245,OPTSTK,10.35,2359800,10.15,10.25,554400,1800,3600,BPCL,245.0,CE,27-FEB-2025
2025-02-03 13:54:11.915353,BPCL27FEB25C245,OPTSTK,10.35,2359800,10.1,10.25,554400,10800,5400,BPCL,245.0,CE,27-FEB-2025
2025-02-03 13:54:18.182617,BPCL27FEB25C245,OPTSTK,10.35,2359800,10.1,10.25,554400,10800,5400,BPCL,245.0,CE,27-FEB-2025
2025-02-03 13:54:24.742683,BPCL27FEB25C245,OPTSTK,10.35,2359800,10.1,10.25,554400,10800,5400,BPCL,245.0,CE,27-FEB-2025
2025-02-03 13:54:31.128176,BPCL27FEB25C245,OPTSTK,10.35,2359800,10.1,10.25,554400,10800,5400,BPCL,245.0,CE,27-FEB-2025
2025-02-03 13:54:37.682295,BPCL27FEB25C245,OPTSTK,10.35,2359800,10.15,10.25,554400,1800,3600,BPCL,245.0,CE,27-FEB-2025
2025-02-03 13:54:44.263125,BPCL27FEB25C245,OPTSTK,10.35,2359800,10.15,10.25,554400,1800,3600,BPCL,245.0,CE,27-FEB-2025
2025-02-03 13:54:52.055760,BPCL27FEB25C245,OPTSTK,10.35,2359800,10.15,10.25,554400,1800,3600,BPCL,245.0,CE,27-FEB-2025
2025-02-03 13:54:58.494626,BPCL27FEB25C245,OPTSTK,10.35,2359800,10.1,10.25,554400,10800,3600,BPCL,245.0,CE,27-FEB-2025
2025-02-03 13:55:05.157237,BPCL27FEB25C245,OPTSTK,10.35,2359800,10.1,10.25,554400,10800,3600,BPCL,245.0,CE,27-FEB-2025
2025-02-03 13:55:11.705489,BPCL27FEB25C245,OPTSTK,10.35,2359800,10.1,10.25,554400,10800,3600,BPCL,245.0,CE,27-FEB-2025
2025-02-03 13:55:18.321954,BPCL27FEB25C245,OPTSTK,10.35,2359800,10.1,10.25,554400,12600,3600,BPCL,245.0,CE,27-FEB-2025
2025-02-03 13:55:25.077898,BPCL27FEB25C245,OPTSTK,10.35,2359800,10.1,10.25,554400,12600,3600,BPCL,245.0,CE,27-FEB-2025
2025-02-03 13:55:31.584060,BPCL27FEB25C245,OPTSTK,10.35,2359800,10.1,10.25,554400,12600,3600,BPCL,245.0,CE,27-FEB-2025
2025-02-03 13:55:37.933230,BPCL27FEB25C245,OPTSTK,10.35,2359800,10.15,10.25,554400,1800,3600,BPCL,245.0,CE,27-FEB-2025
2025-02-03 13:55:44.444472,BPCL27FEB25C245,OPTSTK,10.35,2359800,10.15,10.25,554400,1800,3600,BPCL,245.0,CE,27-FEB-2025
2025-02-03 13:55:50.997841,BPCL27FEB25C245,OPTSTK,10.35,2359800,10.15,10.25,554400,1800,3600,BPCL,245.0,CE,27-FEB-2025
2025-02-03 13:55:57.323705,BPCL27FEB25C245,OPTSTK,10.35,2359800,10.1,10.2,554400,9000,1800,BPCL,245.0,CE,27-FEB-2025
2025-02-03 13:56:03.670876,BPCL27FEB25C245,OPTSTK,10.35,2359800,10.1,10.2,554400,9000,1800,BPCL,245.0,CE,27-FEB-2025
2025-02-03 13:56:10.035541,BPCL27FEB25C245,OPTSTK,10.35,2359800,10.1,10.2,554400,9000,1800,BPCL,245.0,CE,27-FEB-2025
2025-02-03 13:56:16.489619,BPCL27FEB25C245,OPTSTK,10.35,2359800,10.1,10.2,554400,9000,1800,BPCL,245.0,CE,27-FEB-2025
2025-02-03 13:56:23.061060,BPCL27FEB25C245,OPTSTK,10.35,2359800,10.1,10.2,554400,9000,3600,BPCL,245.0,CE,27-FEB-2025
2025-02-03 13:56:29.656241,BPCL27FEB25C245,OPTSTK,10.35,2359800,10.1,10.2,554400,9000,3600,BPCL,245.0,CE,27-FEB-2025
2025-02-03 13:56:36.146184,BPCL27FEB25C245,OPTSTK,10.35,2359800,10.1,10.2,554400,9000,3600,BPCL,245.0,CE,27-FEB-2025
2025-02-03 13:56:42.414459,BPCL27FEB25C245,OPTSTK,10.35,2359800,10.1,10.2,554400,9000,3600,BPCL,245.0,CE,27-FEB-2025
2025-02-03 13:56:49.001142,BPCL27FEB25C245,OPTSTK,10.1,2359800,10.1,10.2,563400,9000,3600,BPCL,245.0,CE,27-FEB-2025
2025-02-03 13:56:55.417925,BPCL27FEB25C245,OPTSTK,10.1,2359800,10.1,10.2,563400,9000,3600,BPCL,245.0,CE,27-FEB-2025
2025-02-03 13:57:01.895863,BPCL27FEB25C245,OPTSTK,10.1,2359800,10.1,10.2,563400,9000,3600,BPCL,245.0,CE,27-FEB-2025
2025-02-03 13:57:08.295504,BPCL27FEB25C245,OPTSTK,10.1,2368800,10.0,10.1,563400,3600,3600,BPCL,245.0,CE,27-FEB-2025
2025-02-03 13:57:14.867053,BPCL27FEB25C245,OPTSTK,10.1,2368800,10.0,10.1,563400,3600,3600,BPCL,245.0,CE,27-FEB-2025
2025-02-03 13:57:21.623502,BPCL27FEB25C245,OPTSTK,10.1,2368800,10.0,10.1,563400,3600,3600,BPCL,245.0,CE,27-FEB-2025
2025-02-03 13:57:28.448309,BPCL27FEB25C245,OPTSTK,10.1,2368800,10.0,10.1,563400,3600,3600,BPCL,245.0,CE,27-FEB-2025
2025-02-03 13:57:35.167733,BPCL27FEB25C245,OPTSTK,10.1,2368800,10.0,10.1,563400,3600,3600,BPCL,245.0,CE,27-FEB-2025
2025-02-03 13:57:41.562968,BPCL27FEB25C245,OPTSTK,10.1,2368800,10.0,10.1,563400,3600,3600,BPCL,245.0,CE,27-FEB-2025
2025-02-03 13:57:47.913130,BPCL27FEB25C245,OPTSTK,10.05,2370600,9.9,10.05,563400,7200,5400,BPCL,245.0,CE,27-FEB-2025
2025-02-03 13:57:54.236629,BPCL27FEB25C245,OPTSTK,10.05,2370600,9.9,10.05,563400,7200,5400,BPCL,245.0,CE,27-FEB-2025
2025-02-03 13:58:00.975598,BPCL27FEB25C245,OPTSTK,10.05,2370600,9.9,10.05,563400,7200,5400,BPCL,245.0,CE,27-FEB-2025
2025-02-03 13:58:07.459084,BPCL27FEB25C245,OPTSTK,10.05,2370600,9.9,10.05,563400,7200,5400,BPCL,245.0,CE,27-FEB-2025
2025-02-03 13:58:13.913687,BPCL27FEB25C245,OPTSTK,10.05,2370600,9.9,10.05,563400,7200,3600,BPCL,245.0,CE,27-FEB-2025
2025-02-03 13:58:20.754105,BPCL27FEB25C245,OPTSTK,10.05,2370600,9.9,10.05,563400,7200,3600,BPCL,245.0,CE,27-FEB-2025
2025-02-03 13:58:27.813381,BPCL27FEB25C245,OPTSTK,10.05,2370600,9.9,10.05,563400,7200,3600,BPCL,245.0,CE,27-FEB-2025
2025-02-03 13:58:34.980802,BPCL27FEB25C245,OPTSTK,10.0,2379600,9.9,10.0,574200,9000,1800,BPCL,245.0,CE,27-FEB-2025
2025-02-03 13:58:41.619495,BPCL27FEB25C245,OPTSTK,10.0,2379600,9.9,10.0,574200,9000,1800,BPCL,245.0,CE,27-FEB-2025
2025-02-03 13:58:48.358217,BPCL27FEB25C245,OPTSTK,10.0,2379600,9.9,10.0,574200,9000,1800,BPCL,245.0,CE,27-FEB-2025
2025-02-03 13:58:55.759453,BPCL27FEB25C245,OPTSTK,10.0,2379600,9.85,10.0,574200,9000,5400,BPCL,245.0,CE,27-FEB-2025
2025-02-03 13:59:02.256535,BPCL27FEB25C245,OPTSTK,10.0,2379600,9.85,10.0,574200,9000,5400,BPCL,245.0,CE,27-FEB-2025
2025-02-03 13:59:08.629692,BPCL27FEB25C245,OPTSTK,10.0,2379600,9.85,10.0,574200,9000,5400,BPCL,245.0,CE,27-FEB-2025
2025-02-03 13:59:15.075411,BPCL27FEB25C245,OPTSTK,10.0,2379600,9.85,10.0,574200,9000,3600,BPCL,245.0,CE,27-FEB-2025
2025-02-03 13:59:21.601381,BPCL27FEB25C245,OPTSTK,10.0,2379600,9.85,10.0,574200,9000,3600,BPCL,245.0,CE,27-FEB-2025
2025-02-03 13:59:28.134271,BPCL27FEB25C245,OPTSTK,10.0,2379600,9.85,10.0,574200,9000,3600,BPCL,245.0,CE,27-FEB-2025
2025-02-03 13:59:34.374057,BPCL27FEB25C245,OPTSTK,10.0,2379600,9.85,10.0,574200,9000,3600,BPCL,245.0,CE,27-FEB-2025
2025-02-03 13:59:41.866116,BPCL27FEB25C245,OPTSTK,10.0,2379600,9.9,10.05,574200,7200,3600,BPCL,245.0,CE,27-FEB-2025
2025-02-03 13:59:48.470644,BPCL27FEB25C245,OPTSTK,10.0,2379600,9.9,10.05,574200,7200,3600,BPCL,245.0,CE,27-FEB-2025
2025-02-03 13:59:55.116339,BPCL27FEB25C245,OPTSTK,10.0,2379600,9.9,10.05,574200,7200,3600,BPCL,245.0,CE,27-FEB-2025
2025-02-03 14:00:01.675797,BPCL27FEB25C245,OPTSTK,10.0,2379600,9.95,10.1,574200,3600,3600,BPCL,245.0,CE,27-FEB-2025
2025-02-03 14:00:08.215353,BPCL27FEB25C245,OPTSTK,10.0,2379600,9.95,10.1,574200,3600,3600,BPCL,245.0,CE,27-FEB-2025
2025-02-03 14:00:14.761357,BPCL27FEB25C245,OPTSTK,10.0,2379600,9.95,10.1,574200,3600,3600,BPCL,245.0,CE,27-FEB-2025
2025-02-03 14:00:21.295572,BPCL27FEB25C245,OPTSTK,10.0,2381400,10.05,10.2,574200,1800,5400,BPCL,245.0,CE,27-FEB-2025
2025-02-03 14:00:28.675177,BPCL27FEB25C245,OPTSTK,10.0,2381400,10.05,10.2,574200,1800,5400,BPCL,245.0,CE,27-FEB-2025
2025-02-03 14:00:35.121548,BPCL27FEB25C245,OPTSTK,10.0,2381400,10.05,10.2,574200,1800,5400,BPCL,245.0,CE,27-FEB-2025
2025-02-03 14:00:41.899339,BPCL27FEB25C245,OPTSTK,10.0,2381400,10.1,10.2,574200,1800,3600,BPCL,245.0,CE,27-FEB-2025
2025-02-03 14:00:49.354826,BPCL27FEB25C245,OPTSTK,10.2,2381400,10.1,10.2,574200,1800,3600,BPCL,245.0,CE,27-FEB-2025
2025-02-03 14:00:58.386711,BPCL27FEB25C245,OPTSTK,10.2,2381400,10.1,10.2,574200,1800,3600,BPCL,245.0,CE,27-FEB-2025
2025-02-03 14:01:04.871270,BPCL27FEB25C245,OPTSTK,10.2,2386800,10.15,10.3,574200,3600,3600,BPCL,245.0,CE,27-FEB-2025
2025-02-03 14:01:11.340441,BPCL27FEB25C245,OPTSTK,10.2,2386800,10.15,10.3,574200,3600,3600,BPCL,245.0,CE,27-FEB-2025
2025-02-03 14:01:18.219650,BPCL27FEB25C245,OPTSTK,10.2,2386800,10.15,10.3,574200,3600,3600,BPCL,245.0,CE,27-FEB-2025
2025-02-03 14:01:24.859078,BPCL27FEB25C245,OPTSTK,10.2,2386800,10.2,10.3,574200,3600,1800,BPCL,245.0,CE,27-FEB-2025
2025-02-03 14:01:31.673951,BPCL27FEB25C245,OPTSTK,10.2,2386800,10.2,10.3,574200,3600,1800,BPCL,245.0,CE,27-FEB-2025
2025-02-03 14:01:38.377523,BPCL27FEB25C245,OPTSTK,10.2,2386800,10.2,10.3,574200,3600,1800,BPCL,245.0,CE,27-FEB-2025
2025-02-03 14:01:45.904814,BPCL27FEB25C245,OPTSTK,10.2,2386800,10.2,10.35,574200,7200,16200,BPCL,245.0,CE,27-FEB-2025
2025-02-03 14:01:52.605048,BPCL27FEB25C245,OPTSTK,10.2,2386800,10.2,10.35,574200,7200,16200,BPCL,245.0,CE,27-FEB-2025
2025-02-03 14:01:59.266513,BPCL27FEB25C245,OPTSTK,10.2,2386800,10.2,10.35,574200,7200,16200,BPCL,245.0,CE,27-FEB-2025
2025-02-03 14:02:05.719748,BPCL27FEB25C245,OPTSTK,10.2,2386800,10.2,10.35,574200,3600,19800,BPCL,245.0,CE,27-FEB-2025
2025-02-03 14:02:12.348743,BPCL27FEB25C245,OPTSTK,10.2,2386800,10.2,10.35,574200,3600,19800,BPCL,245.0,CE,27-FEB-2025
2025-02-03 14:02:19.240349,BPCL27FEB25C245,OPTSTK,10.2,2386800,10.2,10.35,574200,3600,19800,BPCL,245.0,CE,27-FEB-2025
2025-02-03 14:02:26.015319,BPCL27FEB25C245,OPTSTK,10.2,2386800,10.2,10.35,574200,5400,23400,BPCL,245.0,CE,27-FEB-2025
2025-02-03 14:02:32.663208,BPCL27FEB25C245,OPTSTK,10.2,2386800,10.2,10.35,574200,5400,23400,BPCL,245.0,CE,27-FEB-2025
2025-02-03 14:02:39.233274,BPCL27FEB25C245,OPTSTK,10.2,2386800,10.2,10.35,574200,5400,23400,BPCL,245.0,CE,27-FEB-2025
2025-02-03 14:02:45.881364,BPCL27FEB25C245,OPTSTK,10.2,2386800,10.2,10.35,574200,5400,23400,BPCL,245.0,CE,27-FEB-2025
2025-02-03 14:02:52.636977,BPCL27FEB25C245,OPTSTK,10.2,2386800,10.25,10.35,574200,3600,14400,BPCL,245.0,CE,27-FEB-2025
2025-02-03 14:02:59.164504,BPCL27FEB25C245,OPTSTK,10.35,2386800,10.25,10.35,579600,3600,14400,BPCL,245.0,CE,27-FEB-2025
2025-02-03 14:03:05.878869,BPCL27FEB25C245,OPTSTK,10.35,2386800,10.25,10.35,579600,3600,14400,BPCL,245.0,CE,27-FEB-2025
2025-02-03 14:03:12.454041,BPCL27FEB25C245,OPTSTK,10.35,2401200,10.3,10.45,579600,3600,5400,BPCL,245.0,CE,27-FEB-2025
2025-02-03 14:03:18.928286,BPCL27FEB25C245,OPTSTK,10.35,2401200,10.3,10.45,579600,3600,5400,BPCL,245.0,CE,27-FEB-2025
2025-02-03 14:03:25.587884,BPCL27FEB25C245,OPTSTK,10.35,2401200,10.3,10.45,579600,3600,5400,BPCL,245.0,CE,27-FEB-2025
2025-02-03 14:03:32.233786,BPCL27FEB25C245,OPTSTK,10.35,2401200,10.3,10.45,579600,7200,5400,BPCL,245.0,CE,27-FEB-2025
2025-02-03 14:03:39.041334,BPCL27FEB25C245,OPTSTK,10.35,2401200,10.3,10.45,579600,7200,5400,BPCL,245.0,CE,27-FEB-2025
2025-02-03 14:03:45.661838,BPCL27FEB25C245,OPTSTK,10.35,2401200,10.3,10.45,579600,7200,5400,BPCL,245.0,CE,27-FEB-2025
2025-02-03 14:03:52.159108,BPCL27FEB25C245,OPTSTK,10.35,2401200,10.3,10.45,579600,7200,5400,BPCL,245.0,CE,27-FEB-2025
2025-02-03 14:03:59.225473,BPCL27FEB25C245,OPTSTK,10.35,2401200,10.2,10.35,579600,5400,5400,BPCL,245.0,CE,27-FEB-2025
2025-02-03 14:04:05.835888,BPCL27FEB25C245,OPTSTK,10.35,2401200,10.2,10.35,579600,5400,5400,BPCL,245.0,CE,27-FEB-2025
2025-02-03 14:04:12.338726,BPCL27FEB25C245,OPTSTK,10.35,2401200,10.2,10.35,579600,5400,5400,BPCL,245.0,CE,27-FEB-2025
2025-02-03 14:04:19.207225,BPCL27FEB25C245,OPTSTK,10.35,2401200,10.2,10.35,579600,5400,3600,BPCL,245.0,CE,27-FEB-2025
2025-02-03 14:04:25.818358,BPCL27FEB25C245,OPTSTK,10.35,2401200,10.2,10.35,579600,5400,3600,BPCL,245.0,CE,27-FEB-2025
2025-02-03 14:04:32.498318,BPCL27FEB25C245,OPTSTK,10.35,2401200,10.2,10.35,579600,5400,3600,BPCL,245.0,CE,27-FEB-2025
2025-02-03 14:04:38.912220,BPCL27FEB25C245,OPTSTK,10.35,2401200,10.2,10.35,579600,5400,7200,BPCL,245.0,CE,27-FEB-2025
2025-02-03 14:04:45.396933,BPCL27FEB25C245,OPTSTK,10.35,2401200,10.2,10.35,579600,5400,7200,BPCL,245.0,CE,27-FEB-2025
2025-02-03 14:04:52.285241,BPCL27FEB25C245,OPTSTK,10.35,2401200,10.2,10.35,579600,5400,7200,BPCL,245.0,CE,27-FEB-2025
2025-02-03 14:04:58.935353,BPCL27FEB25C245,OPTSTK,10.35,2401200,10.2,10.35,579600,5400,7200,BPCL,245.0,CE,27-FEB-2025
2025-02-03 14:05:05.606740,BPCL27FEB25C245,OPTSTK,10.35,2401200,10.2,10.35,579600,5400,7200,BPCL,245.0,CE,27-FEB-2025
2025-02-03 14:05:12.188737,BPCL27FEB25C245,OPTSTK,10.35,2401200,10.2,10.35,579600,5400,7200,BPCL,245.0,CE,27-FEB-2025
2025-02-03 14:05:18.568047,BPCL27FEB25C245,OPTSTK,10.35,2401200,10.3,10.35,579600,3600,3600,BPCL,245.0,CE,27-FEB-2025
2025-02-03 14:05:24.917560,BPCL27FEB25C245,OPTSTK,10.35,2401200,10.3,10.35,567000,3600,3600,BPCL,245.0,CE,27-FEB-2025
2025-02-03 14:05:31.521283,BPCL27FEB25C245,OPTSTK,10.45,2401200,10.3,10.35,567000,3600,3600,BPCL,245.0,CE,27-FEB-2025
2025-02-03 14:05:38.062273,BPCL27FEB25C245,OPTSTK,10.45,2415600,10.3,10.45,567000,3600,7200,BPCL,245.0,CE,27-FEB-2025
2025-02-03 14:05:44.928848,BPCL27FEB25C245,OPTSTK,10.45,2415600,10.3,10.45,567000,3600,7200,BPCL,245.0,CE,27-FEB-2025
2025-02-03 14:05:51.699318,BPCL27FEB25C245,OPTSTK,10.45,2415600,10.3,10.45,567000,3600,7200,BPCL,245.0,CE,27-FEB-2025
2025-02-03 14:05:58.531886,BPCL27FEB25C245,OPTSTK,10.45,2417400,10.35,10.45,567000,3600,1800,BPCL,245.0,CE,27-FEB-2025
2025-02-03 14:06:05.527342,BPCL27FEB25C245,OPTSTK,10.45,2417400,10.35,10.45,567000,3600,1800,BPCL,245.0,CE,27-FEB-2025
2025-02-03 14:06:12.188012,BPCL27FEB25C245,OPTSTK,10.45,2417400,10.35,10.45,567000,3600,1800,BPCL,245.0,CE,27-FEB-2025
2025-02-03 14:06:18.626014,BPCL27FEB25C245,OPTSTK,10.45,2417400,10.35,10.45,567000,3600,1800,BPCL,245.0,CE,27-FEB-2025
2025-02-03 14:06:25.113023,BPCL27FEB25C245,OPTSTK,10.45,2417400,10.35,10.45,567000,7200,1800,BPCL,245.0,CE,27-FEB-2025
2025-02-03 14:06:31.722145,BPCL27FEB25C245,OPTSTK,10.45,2417400,10.35,10.45,567000,7200,1800,BPCL,245.0,CE,27-FEB-2025
2025-02-03 14:06:38.339126,BPCL27FEB25C245,OPTSTK,10.45,2417400,10.35,10.45,567000,7200,1800,BPCL,245.0,CE,27-FEB-2025
2025-02-03 14:06:44.873106,BPCL27FEB25C245,OPTSTK,10.45,2417400,10.4,10.55,567000,7200,3600,BPCL,245.0,CE,27-FEB-2025
2025-02-03 14:06:51.527902,BPCL27FEB25C245,OPTSTK,10.45,2417400,10.4,10.55,567000,7200,3600,BPCL,245.0,CE,27-FEB-2025
2025-02-03 14:06:58.129772,BPCL27FEB25C245,OPTSTK,10.45,2417400,10.4,10.55,567000,7200,3600,BPCL,245.0,CE,27-FEB-2025
2025-02-03 14:07:05.070753,BPCL27FEB25C245,OPTSTK,10.45,2417400,10.4,10.55,567000,3600,7200,BPCL,245.0,CE,27-FEB-2025
2025-02-03 14:07:11.973269,BPCL27FEB25C245,OPTSTK,10.45,2417400,10.4,10.55,567000,3600,7200,BPCL,245.0,CE,27-FEB-2025
2025-02-03 14:07:18.907353,BPCL27FEB25C245,OPTSTK,10.45,2417400,10.4,10.55,567000,3600,7200,BPCL,245.0,CE,27-FEB-2025
2025-02-03 14:07:27.047797,BPCL27FEB25C245,OPTSTK,10.45,2417400,10.4,10.55,567000,3600,7200,BPCL,245.0,CE,27-FEB-2025
2025-02-03 14:07:33.603165,BPCL27FEB25C245,OPTSTK,10.45,2417400,10.4,10.55,567000,3600,7200,BPCL,245.0,CE,27-FEB-2025
2025-02-03 14:07:40.195306,BPCL27FEB25C245,OPTSTK,10.45,2417400,10.4,10.55,567000,3600,7200,BPCL,245.0,CE,27-FEB-2025
2025-02-03 14:07:46.848182,BPCL27FEB25C245,OPTSTK,10.45,2417400,10.4,10.55,558000,3600,7200,BPCL,245.0,CE,27-FEB-2025
2025-02-03 14:07:53.366852,BPCL27FEB25C245,OPTSTK,10.45,2426400,10.4,10.55,558000,3600,7200,BPCL,245.0,CE,27-FEB-2025
2025-02-03 14:07:59.915704,BPCL27FEB25C245,OPTSTK,10.45,2426400,10.4,10.55,558000,3600,7200,BPCL,245.0,CE,27-FEB-2025
2025-02-03 14:08:06.339235,BPCL27FEB25C245,OPTSTK,10.45,2426400,10.4,10.55,558000,3600,7200,BPCL,245.0,CE,27-FEB-2025
2025-02-03 14:08:12.970806,BPCL27FEB25C245,OPTSTK,10.45,2426400,10.35,10.5,558000,7200,3600,BPCL,245.0,CE,27-FEB-2025
2025-02-03 14:08:19.349097,BPCL27FEB25C245,OPTSTK,10.45,2426400,10.35,10.5,558000,7200,3600,BPCL,245.0,CE,27-FEB-2025
2025-02-03 14:08:25.757041,BPCL27FEB25C245,OPTSTK,10.45,2426400,10.35,10.5,558000,7200,3600,BPCL,245.0,CE,27-FEB-2025
2025-02-03 14:08:32.420137,BPCL27FEB25C245,OPTSTK,10.45,2426400,10.35,10.5,558000,7200,3600,BPCL,245.0,CE,27-FEB-2025
2025-02-03 14:08:38.956554,BPCL27FEB25C245,OPTSTK,10.45,2426400,10.4,10.55,558000,3600,9000,BPCL,245.0,CE,27-FEB-2025
2025-02-03 14:08:45.581895,BPCL27FEB25C245,OPTSTK,10.45,2426400,10.4,10.55,558000,3600,9000,BPCL,245.0,CE,27-FEB-2025
2025-02-03 14:08:52.187410,BPCL27FEB25C245,OPTSTK,10.45,2426400,10.4,10.55,558000,3600,9000,BPCL,245.0,CE,27-FEB-2025
2025-02-03 14:08:58.745204,BPCL27FEB25C245,OPTSTK,10.45,2428200,10.45,10.55,558000,1800,3600,BPCL,245.0,CE,27-FEB-2025
2025-02-03 14:09:05.386928,BPCL27FEB25C245,OPTSTK,10.45,2428200,10.45,10.55,558000,1800,3600,BPCL,245.0,CE,27-FEB-2025
2025-02-03 14:09:12.174730,BPCL27FEB25C245,OPTSTK,10.45,2428200,10.45,10.55,558000,1800,3600,BPCL,245.0,CE,27-FEB-2025
2025-02-03 14:09:18.698972,BPCL27FEB25C245,OPTSTK,10.5,2430000,10.35,10.5,558000,7200,3600,BPCL,245.0,CE,27-FEB-2025
2025-02-03 14:09:25.333088,BPCL27FEB25C245,OPTSTK,10.5,2430000,10.35,10.5,558000,7200,3600,BPCL,245.0,CE,27-FEB-2025
2025-02-03 14:09:31.752539,BPCL27FEB25C245,OPTSTK,10.5,2430000,10.35,10.5,558000,7200,3600,BPCL,245.0,CE,27-FEB-2025
2025-02-03 14:09:38.517468,BPCL27FEB25C245,OPTSTK,10.5,2430000,10.35,10.5,558000,7200,3600,BPCL,245.0,CE,27-FEB-2025
2025-02-03 14:09:45.156672,BPCL27FEB25C245,OPTSTK,10.5,2430000,10.4,10.55,558000,3600,5400,BPCL,245.0,CE,27-FEB-2025
2025-02-03 14:09:51.629705,BPCL27FEB25C245,OPTSTK,10.5,2430000,10.4,10.55,558000,3600,5400,BPCL,245.0,CE,27-FEB-2025
2025-02-03 14:09:58.125498,BPCL27FEB25C245,OPTSTK,10.5,2430000,10.4,10.55,558000,3600,5400,BPCL,245.0,CE,27-FEB-2025
2025-02-03 14:10:04.641849,BPCL27FEB25C245,OPTSTK,10.5,2430000,10.4,10.55,558000,3600,3600,BPCL,245.0,CE,27-FEB-2025
2025-02-03 14:10:11.153677,BPCL27FEB25C245,OPTSTK,10.5,2430000,10.4,10.55,558000,3600,3600,BPCL,245.0,CE,27-FEB-2025
2025-02-03 14:10:17.622594,BPCL27FEB25C245,OPTSTK,10.5,2430000,10.4,10.55,558000,3600,3600,BPCL,245.0,CE,27-FEB-2025
2025-02-03 14:10:24.677624,BPCL27FEB25C245,OPTSTK,10.5,2430000,10.4,10.55,558000,7200,3600,BPCL,245.0,CE,27-FEB-2025
2025-02-03 14:10:31.148643,BPCL27FEB25C245,OPTSTK,10.5,2430000,10.4,10.55,558000,7200,3600,BPCL,245.0,CE,27-FEB-2025
2025-02-03 14:10:37.864150,BPCL27FEB25C245,OPTSTK,10.5,2430000,10.4,10.55,558000,7200,3600,BPCL,245.0,CE,27-FEB-2025
2025-02-03 14:10:44.499000,BPCL27FEB25C245,OPTSTK,10.5,2430000,10.4,10.5,558000,7200,1800,BPCL,245.0,CE,27-FEB-2025
2025-02-03 14:10:51.635782,BPCL27FEB25C245,OPTSTK,10.5,2430000,10.4,10.5,558000,7200,1800,BPCL,245.0,CE,27-FEB-2025
2025-02-03 14:10:57.989788,BPCL27FEB25C245,OPTSTK,10.5,2430000,10.4,10.5,558000,7200,1800,BPCL,245.0,CE,27-FEB-2025
2025-02-03 14:11:04.402633,BPCL27FEB25C245,OPTSTK,10.5,2430000,10.4,10.5,558000,7200,1800,BPCL,245.0,CE,27-FEB-2025
2025-02-03 14:11:10.919183,BPCL27FEB25C245,OPTSTK,10.5,2430000,10.4,10.5,558000,7200,1800,BPCL,245.0,CE,27-FEB-2025
2025-02-03 14:11:17.371689,BPCL27FEB25C245,OPTSTK,10.5,2430000,10.4,10.5,558000,7200,1800,BPCL,245.0,CE,27-FEB-2025
2025-02-03 14:11:23.722326,BPCL27FEB25C245,OPTSTK,10.5,2430000,10.4,10.5,558000,7200,1800,BPCL,245.0,CE,27-FEB-2025
2025-02-03 14:11:30.019813,BPCL27FEB25C245,OPTSTK,10.5,2430000,10.4,10.55,558000,3600,5400,BPCL,245.0,CE,27-FEB-2025
2025-02-03 14:11:36.373864,BPCL27FEB25C245,OPTSTK,10.5,2430000,10.4,10.55,558000,3600,5400,BPCL,245.0,CE,27-FEB-2025
2025-02-03 14:11:42.768173,BPCL27FEB25C245,OPTSTK,10.5,2430000,10.4,10.55,558000,3600,5400,BPCL,245.0,CE,27-FEB-2025
2025-02-03 14:11:49.117140,BPCL27FEB25C245,OPTSTK,10.5,2430000,10.4,10.55,558000,3600,5400,BPCL,245.0,CE,27-FEB-2025
2025-02-03 14:11:55.466249,BPCL27FEB25C245,OPTSTK,10.5,2430000,10.4,10.55,558000,3600,5400,BPCL,245.0,CE,27-FEB-2025
2025-02-03 14:12:03.265323,BPCL27FEB25C245,OPTSTK,10.5,2430000,10.4,10.55,558000,3600,5400,BPCL,245.0,CE,27-FEB-2025
2025-02-03 14:12:09.684076,BPCL27FEB25C245,OPTSTK,10.5,2430000,10.5,10.6,558000,1800,5400,BPCL,245.0,CE,27-FEB-2025
2025-02-03 14:12:16.213480,BPCL27FEB25C245,OPTSTK,10.5,2430000,10.5,10.6,558000,1800,5400,BPCL,245.0,CE,27-FEB-2025
2025-02-03 14:12:22.567464,BPCL27FEB25C245,OPTSTK,10.5,2430000,10.5,10.6,558000,1800,5400,BPCL,245.0,CE,27-FEB-2025
2025-02-03 14:12:29.126965,BPCL27FEB25C245,OPTSTK,10.5,2430000,10.5,10.6,558000,5400,7200,BPCL,245.0,CE,27-FEB-2025
2025-02-03 14:12:35.569249,BPCL27FEB25C245,OPTSTK,10.5,2430000,10.5,10.6,550800,5400,7200,BPCL,245.0,CE,27-FEB-2025
2025-02-03 14:12:42.019830,BPCL27FEB25C245,OPTSTK,10.5,2430000,10.5,10.6,550800,5400,7200,BPCL,245.0,CE,27-FEB-2025
2025-02-03 14:12:48.526007,BPCL27FEB25C245,OPTSTK,10.6,2430000,10.5,10.6,550800,5400,7200,BPCL,245.0,CE,27-FEB-2025
2025-02-03 14:12:54.832102,BPCL27FEB25C245,OPTSTK,10.6,2433600,10.5,10.55,550800,12600,1800,BPCL,245.0,CE,27-FEB-2025
2025-02-03 14:13:01.325843,BPCL27FEB25C245,OPTSTK,10.55,2433600,10.5,10.55,550800,12600,1800,BPCL,245.0,CE,27-FEB-2025
2025-02-03 14:13:07.600670,BPCL27FEB25C245,OPTSTK,10.55,2433600,10.5,10.55,550800,12600,1800,BPCL,245.0,CE,27-FEB-2025
2025-02-03 14:13:14.219278,BPCL27FEB25C245,OPTSTK,10.55,2435400,10.5,10.6,550800,12600,7200,BPCL,245.0,CE,27-FEB-2025
2025-02-03 14:13:20.576908,BPCL27FEB25C245,OPTSTK,10.5,2435400,10.5,10.6,550800,12600,7200,BPCL,245.0,CE,27-FEB-2025
2025-02-03 14:13:26.992615,BPCL27FEB25C245,OPTSTK,10.5,2435400,10.5,10.6,550800,12600,7200,BPCL,245.0,CE,27-FEB-2025
2025-02-03 14:13:33.469710,BPCL27FEB25C245,OPTSTK,10.5,2448000,10.4,10.5,550800,3600,3600,BPCL,245.0,CE,27-FEB-2025
2025-02-03 14:13:40.266719,BPCL27FEB25C245,OPTSTK,10.5,2448000,10.4,10.5,550800,3600,3600,BPCL,245.0,CE,27-FEB-2025
2025-02-03 14:13:46.807203,BPCL27FEB25C245,OPTSTK,10.5,2448000,10.4,10.5,550800,3600,3600,BPCL,245.0,CE,27-FEB-2025
2025-02-03 14:13:53.126898,BPCL27FEB25C245,OPTSTK,10.5,2448000,10.4,10.5,550800,3600,3600,BPCL,245.0,CE,27-FEB-2025
2025-02-03 14:13:59.590493,BPCL27FEB25C245,OPTSTK,10.5,2448000,10.4,10.5,550800,1800,5400,BPCL,245.0,CE,27-FEB-2025
2025-02-03 14:14:06.075387,BPCL27FEB25C245,OPTSTK,10.5,2448000,10.4,10.5,550800,1800,5400,BPCL,245.0,CE,27-FEB-2025
2025-02-03 14:14:12.288538,BPCL27FEB25C245,OPTSTK,10.5,2448000,10.4,10.5,550800,1800,5400,BPCL,245.0,CE,27-FEB-2025
2025-02-03 14:14:18.860145,BPCL27FEB25C245,OPTSTK,10.4,2449800,10.35,10.45,559800,1800,9000,BPCL,245.0,CE,27-FEB-2025
2025-02-03 14:14:25.137973,BPCL27FEB25C245,OPTSTK,10.4,2449800,10.35,10.45,559800,1800,9000,BPCL,245.0,CE,27-FEB-2025
2025-02-03 14:14:31.588721,BPCL27FEB25C245,OPTSTK,10.4,2449800,10.35,10.45,559800,1800,9000,BPCL,245.0,CE,27-FEB-2025
2025-02-03 14:14:38.194900,BPCL27FEB25C245,OPTSTK,10.4,2449800,10.35,10.45,559800,1800,10800,BPCL,245.0,CE,27-FEB-2025
2025-02-03 14:14:44.505210,BPCL27FEB25C245,OPTSTK,10.4,2449800,10.35,10.45,559800,1800,10800,BPCL,245.0,CE,27-FEB-2025
2025-02-03 14:14:50.896037,BPCL27FEB25C245,OPTSTK,10.4,2449800,10.35,10.45,559800,1800,10800,BPCL,245.0,CE,27-FEB-2025
2025-02-03 14:14:56.985916,BPCL27FEB25C245,OPTSTK,10.4,2449800,10.3,10.45,559800,3600,12600,BPCL,245.0,CE,27-FEB-2025
2025-02-03 14:15:03.324313,BPCL27FEB25C245,OPTSTK,10.4,2449800,10.3,10.45,559800,3600,12600,BPCL,245.0,CE,27-FEB-2025
2025-02-03 14:15:09.640180,BPCL27FEB25C245,OPTSTK,10.25,2449800,10.3,10.45,559800,3600,12600,BPCL,245.0,CE,27-FEB-2025
2025-02-03 14:15:15.996442,BPCL27FEB25C245,OPTSTK,10.25,2449800,10.3,10.45,559800,3600,12600,BPCL,245.0,CE,27-FEB-2025
2025-02-03 14:15:22.417709,BPCL27FEB25C245,OPTSTK,10.4,2455200,10.25,10.4,559800,3600,5400,BPCL,245.0,CE,27-FEB-2025
2025-02-03 14:15:28.813679,BPCL27FEB25C245,OPTSTK,10.4,2455200,10.25,10.4,559800,3600,5400,BPCL,245.0,CE,27-FEB-2025
2025-02-03 14:15:35.155085,BPCL27FEB25C245,OPTSTK,10.4,2455200,10.25,10.4,559800,3600,5400,BPCL,245.0,CE,27-FEB-2025
2025-02-03 14:15:41.530617,BPCL27FEB25C245,OPTSTK,10.4,2462400,10.3,10.4,559800,1800,3600,BPCL,245.0,CE,27-FEB-2025
2025-02-03 14:15:47.688534,BPCL27FEB25C245,OPTSTK,10.4,2462400,10.3,10.4,559800,1800,3600,BPCL,245.0,CE,27-FEB-2025
2025-02-03 14:15:54.032739,BPCL27FEB25C245,OPTSTK,10.4,2462400,10.3,10.4,559800,1800,3600,BPCL,245.0,CE,27-FEB-2025
2025-02-03 14:16:00.437682,BPCL27FEB25C245,OPTSTK,10.4,2462400,10.3,10.4,559800,1800,3600,BPCL,245.0,CE,27-FEB-2025
2025-02-03 14:16:06.904254,BPCL27FEB25C245,OPTSTK,10.4,2464200,10.3,10.45,559800,3600,10800,BPCL,245.0,CE,27-FEB-2025
2025-02-03 14:16:13.207514,BPCL27FEB25C245,OPTSTK,10.4,2464200,10.3,10.45,559800,3600,10800,BPCL,245.0,CE,27-FEB-2025
2025-02-03 14:16:19.746838,BPCL27FEB25C245,OPTSTK,10.4,2464200,10.3,10.45,559800,3600,10800,BPCL,245.0,CE,27-FEB-2025
2025-02-03 14:16:26.001939,BPCL27FEB25C245,OPTSTK,10.4,2464200,10.25,10.4,559800,3600,5400,BPCL,245.0,CE,27-FEB-2025
2025-02-03 14:16:32.358741,BPCL27FEB25C245,OPTSTK,10.4,2464200,10.25,10.4,559800,3600,5400,BPCL,245.0,CE,27-FEB-2025
2025-02-03 14:16:38.592847,BPCL27FEB25C245,OPTSTK,10.4,2464200,10.25,10.4,559800,3600,5400,BPCL,245.0,CE,27-FEB-2025
2025-02-03 14:16:44.806251,BPCL27FEB25C245,OPTSTK,10.4,2464200,10.25,10.4,559800,3600,7200,BPCL,245.0,CE,27-FEB-2025
2025-02-03 14:16:51.169441,BPCL27FEB25C245,OPTSTK,10.4,2464200,10.25,10.4,559800,3600,7200,BPCL,245.0,CE,27-FEB-2025
2025-02-03 14:16:57.602023,BPCL27FEB25C245,OPTSTK,10.4,2464200,10.25,10.4,559800,3600,7200,BPCL,245.0,CE,27-FEB-2025
2025-02-03 14:17:03.871422,BPCL27FEB25C245,OPTSTK,10.4,2464200,10.25,10.4,559800,3600,7200,BPCL,245.0,CE,27-FEB-2025
2025-02-03 14:17:10.220158,BPCL27FEB25C245,OPTSTK,10.4,2464200,10.25,10.4,559800,3600,7200,BPCL,245.0,CE,27-FEB-2025
2025-02-03 14:17:16.509502,BPCL27FEB25C245,OPTSTK,10.4,2464200,10.25,10.4,559800,3600,7200,BPCL,245.0,CE,27-FEB-2025
2025-02-03 14:17:22.869598,BPCL27FEB25C245,OPTSTK,10.4,2464200,10.25,10.4,559800,3600,7200,BPCL,245.0,CE,27-FEB-2025
2025-02-03 14:17:29.275655,BPCL27FEB25C245,OPTSTK,10.4,2464200,10.25,10.4,559800,3600,7200,BPCL,245.0,CE,27-FEB-2025
2025-02-03 14:17:35.676871,BPCL27FEB25C245,OPTSTK,10.4,2464200,10.25,10.4,559800,3600,7200,BPCL,245.0,CE,27-FEB-2025
2025-02-03 14:17:41.980320,BPCL27FEB25C245,OPTSTK,10.4,2464200,10.25,10.4,559800,3600,7200,BPCL,245.0,CE,27-FEB-2025
2025-02-03 14:17:48.309903,BPCL27FEB25C245,OPTSTK,10.4,2464200,10.25,10.4,559800,3600,5400,BPCL,245.0,CE,27-FEB-2025
2025-02-03 14:17:54.502291,BPCL27FEB25C245,OPTSTK,10.4,2464200,10.25,10.4,559800,3600,5400,BPCL,245.0,CE,27-FEB-2025
2025-02-03 14:18:01.061538,BPCL27FEB25C245,OPTSTK,10.4,2464200,10.25,10.4,559800,3600,5400,BPCL,245.0,CE,27-FEB-2025
2025-02-03 14:18:07.325681,BPCL27FEB25C245,OPTSTK,10.4,2464200,10.25,10.35,559800,3600,1800,BPCL,245.0,CE,27-FEB-2025
2025-02-03 14:18:13.787494,BPCL27FEB25C245,OPTSTK,10.4,2464200,10.25,10.35,559800,3600,1800,BPCL,245.0,CE,27-FEB-2025
2025-02-03 14:18:20.142414,BPCL27FEB25C245,OPTSTK,10.4,2464200,10.25,10.35,559800,3600,1800,BPCL,245.0,CE,27-FEB-2025
2025-02-03 14:18:26.469226,BPCL27FEB25C245,OPTSTK,10.4,2464200,10.3,10.45,559800,1800,5400,BPCL,245.0,CE,27-FEB-2025
2025-02-03 14:18:33.783145,BPCL27FEB25C245,OPTSTK,10.4,2464200,10.3,10.45,559800,1800,5400,BPCL,245.0,CE,27-FEB-2025
2025-02-03 14:18:40.065458,BPCL27FEB25C245,OPTSTK,10.4,2464200,10.3,10.45,559800,1800,5400,BPCL,245.0,CE,27-FEB-2025
2025-02-03 14:18:46.439507,BPCL27FEB25C245,OPTSTK,10.4,2464200,10.3,10.45,559800,1800,5400,BPCL,245.0,CE,27-FEB-2025
2025-02-03 14:18:52.796273,BPCL27FEB25C245,OPTSTK,10.4,2464200,10.3,10.45,559800,3600,1800,BPCL,245.0,CE,27-FEB-2025
2025-02-03 14:18:59.231526,BPCL27FEB25C245,OPTSTK,10.4,2464200,10.3,10.45,559800,3600,1800,BPCL,245.0,CE,27-FEB-2025
2025-02-03 14:19:05.563743,BPCL27FEB25C245,OPTSTK,10.4,2464200,10.3,10.45,559800,3600,1800,BPCL,245.0,CE,27-FEB-2025
2025-02-03 14:19:11.989450,BPCL27FEB25C245,OPTSTK,10.4,2464200,10.25,10.35,559800,1800,1800,BPCL,245.0,CE,27-FEB-2025
2025-02-03 14:19:18.352322,BPCL27FEB25C245,OPTSTK,10.4,2464200,10.25,10.35,559800,1800,1800,BPCL,245.0,CE,27-FEB-2025
2025-02-03 14:19:25.658066,BPCL27FEB25C245,OPTSTK,10.4,2464200,10.25,10.35,559800,1800,1800,BPCL,245.0,CE,27-FEB-2025
2025-02-03 14:19:31.892220,BPCL27FEB25C245,OPTSTK,10.35,2466000,10.3,10.4,558000,1800,1800,BPCL,245.0,CE,27-FEB-2025
2025-02-03 14:19:38.314280,BPCL27FEB25C245,OPTSTK,10.35,2466000,10.3,10.4,558000,1800,1800,BPCL,245.0,CE,27-FEB-2025
2025-02-03 14:19:44.691968,BPCL27FEB25C245,OPTSTK,10.35,2466000,10.3,10.4,558000,1800,1800,BPCL,245.0,CE,27-FEB-2025
2025-02-03 14:19:51.151722,BPCL27FEB25C245,OPTSTK,10.35,2466000,10.3,10.4,558000,10800,1800,BPCL,245.0,CE,27-FEB-2025
2025-02-03 14:19:57.480237,BPCL27FEB25C245,OPTSTK,10.35,2466000,10.3,10.4,558000,10800,1800,BPCL,245.0,CE,27-FEB-2025
2025-02-03 14:20:03.879594,BPCL27FEB25C245,OPTSTK,10.35,2466000,10.3,10.4,558000,10800,1800,BPCL,245.0,CE,27-FEB-2025
2025-02-03 14:20:10.204055,BPCL27FEB25C245,OPTSTK,10.35,2466000,10.3,10.4,558000,10800,1800,BPCL,245.0,CE,27-FEB-2025
2025-02-03 14:20:16.384545,BPCL27FEB25C245,OPTSTK,10.35,2467800,10.3,10.35,558000,1800,1800,BPCL,245.0,CE,27-FEB-2025
2025-02-03 14:20:22.806691,BPCL27FEB25C245,OPTSTK,10.35,2467800,10.3,10.35,558000,1800,1800,BPCL,245.0,CE,27-FEB-2025
2025-02-03 14:20:29.083621,BPCL27FEB25C245,OPTSTK,10.35,2467800,10.3,10.35,558000,1800,1800,BPCL,245.0,CE,27-FEB-2025
2025-02-03 14:20:35.574750,BPCL27FEB25C245,OPTSTK,10.35,2469600,10.25,10.35,558000,3600,1800,BPCL,245.0,CE,27-FEB-2025
2025-02-03 14:20:41.868349,BPCL27FEB25C245,OPTSTK,10.35,2469600,10.25,10.35,558000,3600,1800,BPCL,245.0,CE,27-FEB-2025
2025-02-03 14:20:48.393508,BPCL27FEB25C245,OPTSTK,10.35,2469600,10.25,10.35,558000,3600,1800,BPCL,245.0,CE,27-FEB-2025
2025-02-03 14:20:54.714149,BPCL27FEB25C245,OPTSTK,10.35,2469600,10.25,10.4,558000,3600,3600,BPCL,245.0,CE,27-FEB-2025
2025-02-03 14:21:01.140392,BPCL27FEB25C245,OPTSTK,10.35,2469600,10.25,10.4,558000,3600,3600,BPCL,245.0,CE,27-FEB-2025
2025-02-03 14:21:07.633405,BPCL27FEB25C245,OPTSTK,10.35,2469600,10.25,10.4,558000,3600,3600,BPCL,245.0,CE,27-FEB-2025
2025-02-03 14:21:13.900833,BPCL27FEB25C245,OPTSTK,10.35,2469600,10.25,10.4,558000,3600,3600,BPCL,245.0,CE,27-FEB-2025
2025-02-03 14:21:20.299601,BPCL27FEB25C245,OPTSTK,10.35,2469600,10.25,10.35,558000,3600,3600,BPCL,245.0,CE,27-FEB-2025
2025-02-03 14:21:26.698536,BPCL27FEB25C245,OPTSTK,10.35,2469600,10.25,10.35,558000,3600,3600,BPCL,245.0,CE,27-FEB-2025
2025-02-03 14:21:33.048741,BPCL27FEB25C245,OPTSTK,10.35,2469600,10.25,10.35,558000,3600,3600,BPCL,245.0,CE,27-FEB-2025
2025-02-03 14:21:39.378277,BPCL27FEB25C245,OPTSTK,10.35,2469600,10.25,10.4,558000,3600,10800,BPCL,245.0,CE,27-FEB-2025
2025-02-03 14:21:45.857745,BPCL27FEB25C245,OPTSTK,10.35,2469600,10.25,10.4,558000,3600,10800,BPCL,245.0,CE,27-FEB-2025
2025-02-03 14:21:52.196113,BPCL27FEB25C245,OPTSTK,10.35,2469600,10.25,10.4,558000,3600,10800,BPCL,245.0,CE,27-FEB-2025
2025-02-03 14:21:58.550929,BPCL27FEB25C245,OPTSTK,10.35,2469600,10.3,10.4,558000,7200,1800,BPCL,245.0,CE,27-FEB-2025
2025-02-03 14:22:05.008635,BPCL27FEB25C245,OPTSTK,10.35,2469600,10.3,10.4,558000,7200,1800,BPCL,245.0,CE,27-FEB-2025
2025-02-03 14:22:11.375002,BPCL27FEB25C245,OPTSTK,10.4,2469600,10.3,10.4,558000,7200,1800,BPCL,245.0,CE,27-FEB-2025
2025-02-03 14:22:17.759895,BPCL27FEB25C245,OPTSTK,10.4,2471400,10.4,10.5,558000,1800,9000,BPCL,245.0,CE,27-FEB-2025
2025-02-03 14:22:24.147150,BPCL27FEB25C245,OPTSTK,10.4,2471400,10.4,10.5,558000,1800,9000,BPCL,245.0,CE,27-FEB-2025
2025-02-03 14:22:30.616036,BPCL27FEB25C245,OPTSTK,10.4,2471400,10.4,10.5,558000,1800,9000,BPCL,245.0,CE,27-FEB-2025
2025-02-03 14:22:36.947860,BPCL27FEB25C245,OPTSTK,10.4,2471400,10.4,10.5,558000,1800,9000,BPCL,245.0,CE,27-FEB-2025
2025-02-03 14:22:43.227248,BPCL27FEB25C245,OPTSTK,10.4,2471400,10.45,10.5,558000,1800,1800,BPCL,245.0,CE,27-FEB-2025
2025-02-03 14:22:49.805927,BPCL27FEB25C245,OPTSTK,10.4,2471400,10.45,10.5,558000,1800,1800,BPCL,245.0,CE,27-FEB-2025
2025-02-03 14:22:56.094716,BPCL27FEB25C245,OPTSTK,10.4,2471400,10.45,10.5,558000,1800,1800,BPCL,245.0,CE,27-FEB-2025
2025-02-03 14:23:02.603249,BPCL27FEB25C245,OPTSTK,10.4,2471400,10.35,10.5,558000,5400,5400,BPCL,245.0,CE,27-FEB-2025
2025-02-03 14:23:08.774480,BPCL27FEB25C245,OPTSTK,10.4,2471400,10.35,10.5,558000,5400,5400,BPCL,245.0,CE,27-FEB-2025
2025-02-03 14:23:16.094885,BPCL27FEB25C245,OPTSTK,10.4,2471400,10.35,10.5,558000,5400,5400,BPCL,245.0,CE,27-FEB-2025
2025-02-03 14:23:22.556367,BPCL27FEB25C245,OPTSTK,10.4,2471400,10.35,10.45,558000,1800,5400,BPCL,245.0,CE,27-FEB-2025
2025-02-03 14:23:28.811035,BPCL27FEB25C245,OPTSTK,10.4,2471400,10.35,10.45,558000,1800,5400,BPCL,245.0,CE,27-FEB-2025
2025-02-03 14:23:35.232020,BPCL27FEB25C245,OPTSTK,10.45,2471400,10.35,10.45,554400,1800,5400,BPCL,245.0,CE,27-FEB-2025
2025-02-03 14:23:41.622494,BPCL27FEB25C245,OPTSTK,10.5,2471400,10.35,10.45,554400,1800,5400,BPCL,245.0,CE,27-FEB-2025
2025-02-03 14:23:48.077381,BPCL27FEB25C245,OPTSTK,10.5,2475000,10.45,10.6,554400,3600,9000,BPCL,245.0,CE,27-FEB-2025
2025-02-03 14:23:54.622635,BPCL27FEB25C245,OPTSTK,10.5,2475000,10.45,10.6,554400,3600,9000,BPCL,245.0,CE,27-FEB-2025
2025-02-03 14:24:00.974274,BPCL27FEB25C245,OPTSTK,10.5,2475000,10.45,10.6,554400,3600,9000,BPCL,245.0,CE,27-FEB-2025
2025-02-03 14:24:07.622365,BPCL27FEB25C245,OPTSTK,10.5,2476800,10.45,10.6,554400,7200,3600,BPCL,245.0,CE,27-FEB-2025
2025-02-03 14:24:13.816090,BPCL27FEB25C245,OPTSTK,10.5,2476800,10.45,10.6,554400,7200,3600,BPCL,245.0,CE,27-FEB-2025
2025-02-03 14:24:20.182534,BPCL27FEB25C245,OPTSTK,10.5,2476800,10.45,10.6,554400,7200,3600,BPCL,245.0,CE,27-FEB-2025
2025-02-03 14:24:26.450151,BPCL27FEB25C245,OPTSTK,10.5,2476800,10.45,10.6,554400,7200,3600,BPCL,245.0,CE,27-FEB-2025
2025-02-03 14:24:32.828461,BPCL27FEB25C245,OPTSTK,10.5,2476800,10.45,10.55,554400,5400,1800,BPCL,245.0,CE,27-FEB-2025
2025-02-03 14:24:39.417156,BPCL27FEB25C245,OPTSTK,10.5,2476800,10.45,10.55,554400,5400,1800,BPCL,245.0,CE,27-FEB-2025
2025-02-03 14:24:45.929552,BPCL27FEB25C245,OPTSTK,10.5,2476800,10.45,10.55,554400,5400,1800,BPCL,245.0,CE,27-FEB-2025
2025-02-03 14:24:52.386829,BPCL27FEB25C245,OPTSTK,10.55,2478600,10.5,10.6,554400,3600,3600,BPCL,245.0,CE,27-FEB-2025
2025-02-03 14:24:58.940481,BPCL27FEB25C245,OPTSTK,10.55,2478600,10.5,10.6,554400,3600,3600,BPCL,245.0,CE,27-FEB-2025
2025-02-03 14:25:05.504098,BPCL27FEB25C245,OPTSTK,10.55,2478600,10.5,10.6,554400,3600,3600,BPCL,245.0,CE,27-FEB-2025
2025-02-03 14:25:11.916349,BPCL27FEB25C245,OPTSTK,10.55,2480400,10.45,10.55,554400,5400,5400,BPCL,245.0,CE,27-FEB-2025
2025-02-03 14:25:18.345099,BPCL27FEB25C245,OPTSTK,10.55,2480400,10.45,10.55,554400,5400,5400,BPCL,245.0,CE,27-FEB-2025
2025-02-03 14:25:24.951414,BPCL27FEB25C245,OPTSTK,10.55,2480400,10.45,10.55,554400,5400,5400,BPCL,245.0,CE,27-FEB-2025
2025-02-03 14:25:31.313438,BPCL27FEB25C245,OPTSTK,10.55,2480400,10.45,10.55,554400,5400,5400,BPCL,245.0,CE,27-FEB-2025
2025-02-03 14:25:37.786398,BPCL27FEB25C245,OPTSTK,10.55,2480400,10.45,10.55,554400,5400,5400,BPCL,245.0,CE,27-FEB-2025
2025-02-03 14:25:44.199325,BPCL27FEB25C245,OPTSTK,10.55,2480400,10.45,10.55,554400,5400,5400,BPCL,245.0,CE,27-FEB-2025
2025-02-03 14:25:50.602499,BPCL27FEB25C245,OPTSTK,10.55,2480400,10.45,10.55,554400,3600,10800,BPCL,245.0,CE,27-FEB-2025
2025-02-03 14:25:57.141453,BPCL27FEB25C245,OPTSTK,10.55,2480400,10.45,10.55,554400,3600,10800,BPCL,245.0,CE,27-FEB-2025
2025-02-03 14:26:03.584667,BPCL27FEB25C245,OPTSTK,10.55,2480400,10.45,10.55,554400,3600,10800,BPCL,245.0,CE,27-FEB-2025
2025-02-03 14:26:10.062924,BPCL27FEB25C245,OPTSTK,10.55,2480400,10.45,10.55,554400,3600,10800,BPCL,245.0,CE,27-FEB-2025
2025-02-03 14:26:16.906081,BPCL27FEB25C245,OPTSTK,10.55,2480400,10.45,10.55,549000,3600,9000,BPCL,245.0,CE,27-FEB-2025
2025-02-03 14:26:23.433560,BPCL27FEB25C245,OPTSTK,10.45,2480400,10.45,10.55,549000,3600,9000,BPCL,245.0,CE,27-FEB-2025
2025-02-03 14:26:29.827862,BPCL27FEB25C245,OPTSTK,10.45,2480400,10.45,10.55,549000,3600,9000,BPCL,245.0,CE,27-FEB-2025
2025-02-03 14:26:36.256269,BPCL27FEB25C245,OPTSTK,10.45,2485800,10.35,10.45,549000,3600,9000,BPCL,245.0,CE,27-FEB-2025
2025-02-03 14:26:42.600440,BPCL27FEB25C245,OPTSTK,10.45,2485800,10.35,10.45,549000,3600,9000,BPCL,245.0,CE,27-FEB-2025
2025-02-03 14:26:49.095965,BPCL27FEB25C245,OPTSTK,10.45,2485800,10.35,10.45,549000,3600,9000,BPCL,245.0,CE,27-FEB-2025
2025-02-03 14:26:55.484364,BPCL27FEB25C245,OPTSTK,10.45,2485800,10.35,10.45,549000,3600,1800,BPCL,245.0,CE,27-FEB-2025
2025-02-03 14:27:02.018597,BPCL27FEB25C245,OPTSTK,10.45,2485800,10.35,10.45,549000,3600,1800,BPCL,245.0,CE,27-FEB-2025
2025-02-03 14:27:08.348090,BPCL27FEB25C245,OPTSTK,10.45,2485800,10.35,10.45,549000,3600,1800,BPCL,245.0,CE,27-FEB-2025
2025-02-03 14:27:14.496367,BPCL27FEB25C245,OPTSTK,10.45,2485800,10.35,10.45,549000,3600,1800,BPCL,245.0,CE,27-FEB-2025
2025-02-03 14:27:20.878685,BPCL27FEB25C245,OPTSTK,10.45,2485800,10.35,10.45,549000,3600,1800,BPCL,245.0,CE,27-FEB-2025
2025-02-03 14:27:27.355096,BPCL27FEB25C245,OPTSTK,10.45,2485800,10.35,10.45,549000,3600,1800,BPCL,245.0,CE,27-FEB-2025
2025-02-03 14:27:33.744027,BPCL27FEB25C245,OPTSTK,10.45,2485800,10.35,10.45,549000,3600,1800,BPCL,245.0,CE,27-FEB-2025
2025-02-03 14:27:40.052049,BPCL27FEB25C245,OPTSTK,10.45,2485800,10.35,10.45,549000,3600,1800,BPCL,245.0,CE,27-FEB-2025
2025-02-03 14:27:46.586521,BPCL27FEB25C245,OPTSTK,10.6,2485800,10.35,10.45,549000,3600,1800,BPCL,245.0,CE,27-FEB-2025
2025-02-03 14:27:52.826674,BPCL27FEB25C245,OPTSTK,10.6,2485800,10.35,10.45,549000,3600,1800,BPCL,245.0,CE,27-FEB-2025
2025-02-03 14:27:59.385108,BPCL27FEB25C245,OPTSTK,10.6,2523600,10.65,10.75,549000,1800,5400,BPCL,245.0,CE,27-FEB-2025
2025-02-03 14:28:05.768410,BPCL27FEB25C245,OPTSTK,10.6,2523600,10.65,10.75,549000,1800,5400,BPCL,245.0,CE,27-FEB-2025
2025-02-03 14:28:12.081580,BPCL27FEB25C245,OPTSTK,10.6,2523600,10.65,10.75,549000,1800,5400,BPCL,245.0,CE,27-FEB-2025
2025-02-03 14:28:18.557691,BPCL27FEB25C245,OPTSTK,10.8,2523600,10.65,10.75,549000,1800,5400,BPCL,245.0,CE,27-FEB-2025
2025-02-03 14:28:24.881432,BPCL27FEB25C245,OPTSTK,10.8,2525400,10.8,10.95,549000,5400,10800,BPCL,245.0,CE,27-FEB-2025
2025-02-03 14:28:31.138095,BPCL27FEB25C245,OPTSTK,10.8,2525400,10.8,10.95,549000,5400,10800,BPCL,245.0,CE,27-FEB-2025
2025-02-03 14:28:37.500301,BPCL27FEB25C245,OPTSTK,10.9,2525400,10.8,10.95,561600,5400,10800,BPCL,245.0,CE,27-FEB-2025
2025-02-03 14:28:44.043855,BPCL27FEB25C245,OPTSTK,10.9,2527200,10.85,10.95,561600,1800,1800,BPCL,245.0,CE,27-FEB-2025
2025-02-03 14:28:50.675123,BPCL27FEB25C245,OPTSTK,10.9,2527200,10.85,10.95,561600,1800,1800,BPCL,245.0,CE,27-FEB-2025
2025-02-03 14:28:57.089634,BPCL27FEB25C245,OPTSTK,10.9,2527200,10.85,10.95,561600,1800,1800,BPCL,245.0,CE,27-FEB-2025
2025-02-03 14:29:03.503793,BPCL27FEB25C245,OPTSTK,10.9,2527200,10.85,10.95,561600,3600,1800,BPCL,245.0,CE,27-FEB-2025
2025-02-03 14:29:10.020105,BPCL27FEB25C245,OPTSTK,10.9,2527200,10.85,10.95,561600,3600,1800,BPCL,245.0,CE,27-FEB-2025
2025-02-03 14:29:17.315774,BPCL27FEB25C245,OPTSTK,10.9,2527200,10.85,10.95,561600,3600,1800,BPCL,245.0,CE,27-FEB-2025
2025-02-03 14:29:23.654459,BPCL27FEB25C245,OPTSTK,10.9,2527200,10.85,10.95,561600,3600,1800,BPCL,245.0,CE,27-FEB-2025
2025-02-03 14:29:30.029858,BPCL27FEB25C245,OPTSTK,10.85,2527200,10.9,11.0,561600,3600,5400,BPCL,245.0,CE,27-FEB-2025
2025-02-03 14:29:36.349883,BPCL27FEB25C245,OPTSTK,10.85,2527200,10.9,11.0,561600,3600,5400,BPCL,245.0,CE,27-FEB-2025
2025-02-03 14:29:42.849842,BPCL27FEB25C245,OPTSTK,10.85,2527200,10.9,11.0,561600,3600,5400,BPCL,245.0,CE,27-FEB-2025
2025-02-03 14:29:49.296531,BPCL27FEB25C245,OPTSTK,10.85,2530800,10.75,10.9,561600,5400,5400,BPCL,245.0,CE,27-FEB-2025
2025-02-03 14:29:55.825036,BPCL27FEB25C245,OPTSTK,10.85,2530800,10.75,10.9,561600,5400,5400,BPCL,245.0,CE,27-FEB-2025
2025-02-03 14:30:02.294428,BPCL27FEB25C245,OPTSTK,10.85,2530800,10.75,10.9,561600,5400,5400,BPCL,245.0,CE,27-FEB-2025
