timestamp,symbol,index_name,ltp,volume,bid,ask,oi,bid_qty,ask_qty
2025-01-29 10:03:19.487388,BANKNIFTY30JAN25F,BANKNIFTY,48953.85,240060,48940.4,48955.0,1459980,120,150
2025-01-29 10:03:20.865138,BANKNIFTY30JAN25F,BANKNIFTY,48940.4,240060,48940.4,48955.0,1459980,120,150
2025-01-29 10:03:22.210297,BANKNIFTY30JAN25F,BANKNIFTY,48955.0,240150,48940.65,48955.0,1459980,150,150
2025-01-29 10:03:23.588858,BANKNIFTY30JAN25F,BANKNIFTY,48954.95,240210,48940.0,48954.35,1459980,90,135
2025-01-29 10:03:24.916374,BANKNIFTY30JAN25F,BANKNIFTY,48950.0,240300,48940.0,48954.95,1459980,90,150
2025-01-29 10:03:26.316372,BANKNIFTY30JAN25F,BANKNIFTY,48943.7,240420,48945.0,48953.0,1459980,15,60
2025-01-29 10:03:27.732064,BANKNIFTY30JAN25F,BANKNIFTY,48945.0,240465,48940.05,48952.95,1459980,120,15
2025-01-29 10:03:29.123080,BANKNIFTY30JAN25F,BANKNIFTY,48945.0,240465,48940.05,48952.95,1459980,120,15
2025-01-29 10:03:30.429761,BANKNIFTY30JAN25F,BANKNIFTY,48950.0,240465,48940.05,48950.0,1459980,150,135
2025-01-29 10:03:31.770454,BANKNIFTY30JAN25F,BANKNIFTY,48947.45,240495,48947.45,48950.0,1459980,15,120
2025-01-29 10:03:33.235125,BANKNIFTY30JAN25F,BANKNIFTY,48946.85,240645,48946.25,48949.9,1459980,60,15
2025-01-29 10:03:34.590000,BANKNIFTY30JAN25F,BANKNIFTY,48950.0,240675,48948.05,48950.0,1459980,15,225
2025-01-29 10:03:35.935094,BANKNIFTY30JAN25F,BANKNIFTY,48949.0,240675,48948.05,48950.0,1459980,15,225
2025-01-29 10:03:37.385239,BANKNIFTY30JAN25F,BANKNIFTY,48947.0,240705,48946.25,48947.0,1459980,15,15
2025-01-29 10:03:38.757382,BANKNIFTY30JAN25F,BANKNIFTY,48950.0,240735,48947.0,48950.0,1459980,15,240
2025-01-29 10:03:40.095158,BANKNIFTY30JAN25F,BANKNIFTY,48955.0,241020,48949.9,48955.0,1459980,45,15
2025-01-29 10:03:41.423910,BANKNIFTY30JAN25F,BANKNIFTY,48955.0,241035,48952.45,48958.85,1459980,30,45
2025-01-29 10:03:42.889981,BANKNIFTY30JAN25F,BANKNIFTY,48962.65,241095,48947.0,48962.6,1459980,15,120
2025-01-29 10:03:44.367078,BANKNIFTY30JAN25F,BANKNIFTY,48962.65,241095,48947.0,48962.6,1459980,15,120
2025-01-29 10:03:45.695693,BANKNIFTY30JAN25F,BANKNIFTY,48941.8,241245,48947.0,48958.9,1459980,15,105
2025-01-29 10:03:47.006849,BANKNIFTY30JAN25F,BANKNIFTY,48950.0,241305,48945.05,48960.9,1459980,120,90
2025-01-29 10:03:48.338494,BANKNIFTY30JAN25F,BANKNIFTY,48963.05,241350,48950.0,48961.75,1459980,75,75
2025-01-29 10:03:49.666497,BANKNIFTY30JAN25F,BANKNIFTY,48959.1,241365,48950.0,48959.55,1459980,75,60
2025-01-29 10:03:51.012757,BANKNIFTY30JAN25F,BANKNIFTY,48950.0,241365,48950.0,48959.55,1459980,75,60
2025-01-29 10:03:52.312799,BANKNIFTY30JAN25F,BANKNIFTY,48950.1,241455,48945.0,48955.2,1459980,30,75
2025-01-29 10:03:53.641776,BANKNIFTY30JAN25F,BANKNIFTY,48947.55,241470,48945.0,48947.55,1459980,30,30
2025-01-29 10:03:54.933519,BANKNIFTY30JAN25F,BANKNIFTY,48947.55,241500,48945.0,48956.65,1459980,30,45
2025-01-29 10:03:56.287400,BANKNIFTY30JAN25F,BANKNIFTY,48940.0,241515,48945.0,48953.8,1459980,15,45
2025-01-29 10:03:57.607200,BANKNIFTY30JAN25F,BANKNIFTY,48938.15,241560,48941.6,48957.55,1459980,120,60
2025-01-29 10:03:58.958612,BANKNIFTY30JAN25F,BANKNIFTY,48941.6,241560,48941.6,48957.55,1459980,120,60
2025-01-29 10:04:00.302356,BANKNIFTY30JAN25F,BANKNIFTY,48938.25,241635,48939.5,48944.4,1459980,120,30
2025-01-29 10:04:02.305997,BANKNIFTY30JAN25F,BANKNIFTY,48938.35,241710,48938.95,48940.0,1459980,105,135
2025-01-29 10:04:03.706148,BANKNIFTY30JAN25F,BANKNIFTY,48938.35,241800,48938.15,48940.0,1459980,30,105
2025-01-29 10:04:05.035958,BANKNIFTY30JAN25F,BANKNIFTY,48938.15,241800,48939.05,48940.0,1459980,15,105
2025-01-29 10:04:06.384056,BANKNIFTY30JAN25F,BANKNIFTY,48938.15,241830,48938.15,48940.0,1459980,15,90
2025-01-29 10:04:07.737275,BANKNIFTY30JAN25F,BANKNIFTY,48940.0,241845,48938.15,48940.0,1459980,15,75
2025-01-29 10:04:09.061516,BANKNIFTY30JAN25F,BANKNIFTY,48940.0,241845,48938.15,48940.0,1459980,15,75
2025-01-29 10:04:10.394032,BANKNIFTY30JAN25F,BANKNIFTY,48938.15,241860,48935.0,48940.0,1459980,30,90
2025-01-29 10:04:11.759462,BANKNIFTY30JAN25F,BANKNIFTY,48949.3,241980,48940.15,48950.0,1459980,30,135
2025-01-29 10:04:13.087273,BANKNIFTY30JAN25F,BANKNIFTY,48940.0,241980,48945.05,48950.0,1459125,15,135
2025-01-29 10:04:14.408381,BANKNIFTY30JAN25F,BANKNIFTY,48940.0,241980,48945.05,48950.0,1459125,15,135
2025-01-29 10:04:15.759791,BANKNIFTY30JAN25F,BANKNIFTY,48940.0,242010,48940.0,48945.05,1459125,45,15
2025-01-29 10:04:17.066590,BANKNIFTY30JAN25F,BANKNIFTY,48949.9,242115,48939.2,48949.3,1459125,120,15
2025-01-29 10:04:18.449473,BANKNIFTY30JAN25F,BANKNIFTY,48949.3,242115,48944.25,48949.3,1459125,15,15
2025-01-29 10:04:19.773923,BANKNIFTY30JAN25F,BANKNIFTY,48949.3,242130,48940.0,48945.0,1459125,60,90
2025-01-29 10:04:21.085929,BANKNIFTY30JAN25F,BANKNIFTY,48940.0,242175,48940.5,48945.0,1459125,15,120
2025-01-29 10:04:22.414871,BANKNIFTY30JAN25F,BANKNIFTY,48945.0,242175,48940.5,48945.0,1459125,15,120
2025-01-29 10:04:23.902524,BANKNIFTY30JAN25F,BANKNIFTY,48952.85,242520,48945.75,48959.95,1459125,30,45
2025-01-29 10:04:25.243910,BANKNIFTY30JAN25F,BANKNIFTY,48959.35,242565,48942.55,48959.55,1459125,120,75
2025-01-29 10:04:26.570259,BANKNIFTY30JAN25F,BANKNIFTY,48959.35,242805,48940.1,48950.0,1459125,120,45
2025-01-29 10:04:27.899681,BANKNIFTY30JAN25F,BANKNIFTY,48945.05,242820,48945.05,48950.0,1459125,15,75
2025-01-29 10:04:29.249765,BANKNIFTY30JAN25F,BANKNIFTY,48941.7,242820,48945.05,48950.0,1459125,15,75
2025-01-29 10:04:30.566718,BANKNIFTY30JAN25F,BANKNIFTY,48949.95,242880,48942.3,48949.95,1459125,150,30
2025-01-29 10:04:31.949833,BANKNIFTY30JAN25F,BANKNIFTY,48949.95,242910,48943.3,48950.0,1459125,120,30
2025-01-29 10:04:33.289431,BANKNIFTY30JAN25F,BANKNIFTY,48949.95,242910,48941.0,48950.0,1459125,15,30
2025-01-29 10:04:34.616928,BANKNIFTY30JAN25F,BANKNIFTY,48949.95,242910,48941.5,48950.0,1459125,120,45
2025-01-29 10:04:35.924796,BANKNIFTY30JAN25F,BANKNIFTY,48942.15,242910,48941.5,48950.0,1459125,120,45
2025-01-29 10:04:37.234986,BANKNIFTY30JAN25F,BANKNIFTY,48949.95,242940,48942.9,48950.0,1459125,120,45
2025-01-29 10:04:38.557444,BANKNIFTY30JAN25F,BANKNIFTY,48949.95,242985,48943.45,48950.0,1459125,30,60
2025-01-29 10:04:39.973046,BANKNIFTY30JAN25F,BANKNIFTY,48943.45,242985,48943.45,48950.0,1459125,15,60
2025-01-29 10:04:41.280506,BANKNIFTY30JAN25F,BANKNIFTY,48950.0,243015,48943.3,48950.0,1459125,30,45
2025-01-29 10:04:42.583386,BANKNIFTY30JAN25F,BANKNIFTY,48943.3,243015,48943.3,48950.0,1459125,30,45
2025-01-29 10:04:43.882397,BANKNIFTY30JAN25F,BANKNIFTY,48950.0,243060,48943.15,48943.3,1459125,15,15
2025-01-29 10:04:45.211599,BANKNIFTY30JAN25F,BANKNIFTY,48943.3,243150,48943.1,48959.15,1459125,150,105
2025-01-29 10:04:46.546583,BANKNIFTY30JAN25F,BANKNIFTY,48951.1,243165,48941.15,48957.35,1459125,15,135
2025-01-29 10:04:47.917468,BANKNIFTY30JAN25F,BANKNIFTY,48940.0,243165,48940.05,48955.15,1459125,30,135
2025-01-29 10:04:49.231997,BANKNIFTY30JAN25F,BANKNIFTY,48940.0,243165,48940.05,48955.15,1459125,30,135
2025-01-29 10:04:50.620041,BANKNIFTY30JAN25F,BANKNIFTY,48940.0,243195,48940.0,48954.0,1459125,75,180
2025-01-29 10:04:51.969552,BANKNIFTY30JAN25F,BANKNIFTY,48940.0,243195,48941.3,48953.95,1459125,150,15
2025-01-29 10:04:53.329722,BANKNIFTY30JAN25F,BANKNIFTY,48940.0,243195,48942.0,48950.0,1459125,30,30
2025-01-29 10:04:54.665490,BANKNIFTY30JAN25F,BANKNIFTY,48940.0,243195,48942.0,48948.45,1459125,30,150
2025-01-29 10:04:56.002152,BANKNIFTY30JAN25F,BANKNIFTY,48942.0,243195,48942.0,48948.45,1459125,30,150
2025-01-29 10:04:57.312501,BANKNIFTY30JAN25F,BANKNIFTY,48944.15,243240,48940.0,48948.35,1459125,60,150
2025-01-29 10:04:58.647041,BANKNIFTY30JAN25F,BANKNIFTY,48940.0,243255,48940.0,48948.25,1459125,60,165
2025-01-29 10:04:59.989053,BANKNIFTY30JAN25F,BANKNIFTY,48940.0,243315,48934.55,48948.2,1459125,120,45
2025-01-29 10:05:01.316961,BANKNIFTY30JAN25F,BANKNIFTY,48946.3,243330,48932.05,48946.3,1459125,120,150
2025-01-29 10:05:02.675396,BANKNIFTY30JAN25F,BANKNIFTY,48946.3,243330,48932.05,48946.3,1459125,120,150
2025-01-29 10:05:04.021796,BANKNIFTY30JAN25F,BANKNIFTY,48945.75,243330,48932.0,48946.3,1459125,15,210
2025-01-29 10:05:05.349469,BANKNIFTY30JAN25F,BANKNIFTY,48932.0,243390,48932.0,48945.75,1459125,15,90
2025-01-29 10:05:06.675375,BANKNIFTY30JAN25F,BANKNIFTY,48930.3,243465,48932.2,48945.3,1459125,120,15
2025-01-29 10:05:08.083569,BANKNIFTY30JAN25F,BANKNIFTY,48930.3,243465,48936.35,48945.25,1459125,120,15
2025-01-29 10:05:09.415435,BANKNIFTY30JAN25F,BANKNIFTY,48934.4,243480,48934.8,48945.15,1459125,150,15
2025-01-29 10:05:10.742601,BANKNIFTY30JAN25F,BANKNIFTY,48934.8,243480,48934.8,48945.15,1459125,150,15
2025-01-29 10:05:12.143512,BANKNIFTY30JAN25F,BANKNIFTY,48934.1,243510,48934.1,48945.1,1459125,120,60
2025-01-29 10:05:13.490607,BANKNIFTY30JAN25F,BANKNIFTY,48938.35,243615,48938.95,48945.05,1459125,75,45
2025-01-29 10:05:14.823471,BANKNIFTY30JAN25F,BANKNIFTY,48944.95,243615,48942.0,48945.0,1459125,15,30
2025-01-29 10:05:16.196507,BANKNIFTY30JAN25F,BANKNIFTY,48936.15,243690,48936.35,48944.9,1459125,30,15
2025-01-29 10:05:17.531155,BANKNIFTY30JAN25F,BANKNIFTY,48936.15,243690,48936.35,48944.9,1459125,30,15
2025-01-29 10:05:18.855260,BANKNIFTY30JAN25F,BANKNIFTY,48940.6,243690,48940.6,48944.75,1459125,15,15
2025-01-29 10:05:20.203013,BANKNIFTY30JAN25F,BANKNIFTY,48940.6,243705,48936.15,48944.7,1459125,30,30
2025-01-29 10:05:21.550818,BANKNIFTY30JAN25F,BANKNIFTY,48936.15,243720,48936.15,48944.65,1459125,15,15
2025-01-29 10:05:22.930782,BANKNIFTY30JAN25F,BANKNIFTY,48938.6,243735,48937.1,48939.95,1459125,15,15
2025-01-29 10:05:24.295472,BANKNIFTY30JAN25F,BANKNIFTY,48939.95,243735,48937.1,48939.95,1459125,15,15
2025-01-29 10:05:25.658543,BANKNIFTY30JAN25F,BANKNIFTY,48937.45,245280,48944.75,48955.6,1459125,15,120
2025-01-29 10:05:26.993087,BANKNIFTY30JAN25F,BANKNIFTY,48945.05,245580,48938.15,48952.0,1459125,150,30
2025-01-29 10:05:28.368416,BANKNIFTY30JAN25F,BANKNIFTY,48945.05,245610,48945.15,48958.95,1459125,120,15
2025-01-29 10:05:29.719338,BANKNIFTY30JAN25F,BANKNIFTY,48945.05,245610,48944.5,48958.85,1459125,30,120
2025-01-29 10:05:31.071077,BANKNIFTY30JAN25F,BANKNIFTY,48944.55,245640,48947.3,48958.95,1459125,90,30
2025-01-29 10:05:32.390332,BANKNIFTY30JAN25F,BANKNIFTY,48950.05,245640,48947.3,48958.95,1459125,90,30
2025-01-29 10:05:34.056460,BANKNIFTY30JAN25F,BANKNIFTY,48950.05,245820,48949.0,48958.95,1459125,30,30
2025-01-29 10:05:35.390294,BANKNIFTY30JAN25F,BANKNIFTY,48959.1,245865,48959.1,48965.0,1459125,45,315
2025-01-29 10:05:36.762144,BANKNIFTY30JAN25F,BANKNIFTY,48964.95,246045,48960.0,48964.95,1459125,180,15
2025-01-29 10:05:38.127158,BANKNIFTY30JAN25F,BANKNIFTY,48958.95,246525,48947.9,48963.2,1459125,30,255
2025-01-29 10:05:39.458527,BANKNIFTY30JAN25F,BANKNIFTY,48963.2,247005,48955.55,48961.35,1459125,30,15
2025-01-29 10:05:40.783897,BANKNIFTY30JAN25F,BANKNIFTY,48962.9,247005,48955.55,48961.35,1459125,30,15
2025-01-29 10:05:42.113481,BANKNIFTY30JAN25F,BANKNIFTY,48946.2,247350,48944.8,48961.3,1459125,120,30
2025-01-29 10:05:43.431342,BANKNIFTY30JAN25F,BANKNIFTY,48946.2,247425,48947.0,48955.55,1459125,120,30
2025-01-29 10:05:44.787701,BANKNIFTY30JAN25F,BANKNIFTY,48946.2,247425,48951.25,48955.55,1459125,15,45
2025-01-29 10:05:46.107601,BANKNIFTY30JAN25F,BANKNIFTY,48951.25,247470,48948.6,48955.55,1459125,30,45
2025-01-29 10:05:47.442219,BANKNIFTY30JAN25F,BANKNIFTY,48955.55,247470,48948.6,48955.55,1459125,30,45
2025-01-29 10:05:48.780643,BANKNIFTY30JAN25F,BANKNIFTY,48955.55,247485,48951.25,48955.55,1459125,30,75
2025-01-29 10:05:50.136737,BANKNIFTY30JAN25F,BANKNIFTY,48955.55,247485,48951.25,48955.5,1459125,30,30
2025-01-29 10:05:51.477417,BANKNIFTY30JAN25F,BANKNIFTY,48951.25,247500,48951.25,48955.5,1459125,45,30
2025-01-29 10:05:52.847667,BANKNIFTY30JAN25F,BANKNIFTY,48955.45,247560,48951.25,48955.5,1459125,15,60
2025-01-29 10:05:54.170875,BANKNIFTY30JAN25F,BANKNIFTY,48943.0,247560,48951.25,48955.5,1459125,15,60
2025-01-29 10:05:55.494371,BANKNIFTY30JAN25F,BANKNIFTY,48944.95,247740,48943.25,48955.35,1459125,90,45
2025-01-29 10:05:56.816007,BANKNIFTY30JAN25F,BANKNIFTY,48944.95,247785,48942.9,48955.35,1459125,15,45
2025-01-29 10:05:58.162798,BANKNIFTY30JAN25F,BANKNIFTY,48944.95,247785,48946.65,48955.35,1459125,30,75
2025-01-29 10:05:59.489586,BANKNIFTY30JAN25F,BANKNIFTY,48944.95,247785,48946.35,48951.25,1459125,60,30
2025-01-29 10:06:00.840949,BANKNIFTY30JAN25F,BANKNIFTY,48944.95,247785,48948.7,48951.25,1459125,60,135
2025-01-29 10:06:02.563316,BANKNIFTY30JAN25F,BANKNIFTY,48944.95,247785,48948.7,48951.25,1459125,60,135
2025-01-29 10:06:03.900365,BANKNIFTY30JAN25F,BANKNIFTY,48940.15,247785,48939.9,48951.25,1459125,120,135
2025-01-29 10:06:05.249368,BANKNIFTY30JAN25F,BANKNIFTY,48940.0,247860,48942.95,48951.25,1459125,15,135
2025-01-29 10:06:06.575980,BANKNIFTY30JAN25F,BANKNIFTY,48944.25,247875,48944.25,48951.15,1459125,15,30
2025-01-29 10:06:07.917067,BANKNIFTY30JAN25F,BANKNIFTY,48951.15,247890,48947.7,48951.15,1459125,15,90
2025-01-29 10:06:09.268224,BANKNIFTY30JAN25F,BANKNIFTY,48955.55,247890,48947.7,48951.15,1459125,15,90
2025-01-29 10:06:10.640127,BANKNIFTY30JAN25F,BANKNIFTY,48955.55,248025,48950.0,48955.55,1459125,30,15
2025-01-29 10:06:11.972788,BANKNIFTY30JAN25F,BANKNIFTY,48955.55,248025,48952.75,48955.55,1459125,15,15
2025-01-29 10:06:13.321321,BANKNIFTY30JAN25F,BANKNIFTY,48950.0,248055,48950.0,48957.5,1459125,30,150
2025-01-29 10:06:14.629148,BANKNIFTY30JAN25F,BANKNIFTY,48955.55,248190,48945.8,48958.45,1459125,30,15
2025-01-29 10:06:15.954399,BANKNIFTY30JAN25F,BANKNIFTY,48952.1,248190,48945.8,48958.45,1459125,30,15
2025-01-29 10:06:17.272345,BANKNIFTY30JAN25F,BANKNIFTY,48952.1,248205,48942.9,48957.25,1459125,15,120
2025-01-29 10:06:18.603028,BANKNIFTY30JAN25F,BANKNIFTY,48952.1,248205,48940.15,48956.85,1459125,45,165
2025-01-29 10:06:19.937230,BANKNIFTY30JAN25F,BANKNIFTY,48942.5,248235,48942.3,48956.85,1459125,45,165
2025-01-29 10:06:21.279145,BANKNIFTY30JAN25F,BANKNIFTY,48942.5,248235,48940.0,48942.3,1459125,15,30
2025-01-29 10:06:22.632638,BANKNIFTY30JAN25F,BANKNIFTY,48942.3,248235,48940.0,48942.3,1459125,15,30
2025-01-29 10:06:23.993489,BANKNIFTY30JAN25F,BANKNIFTY,48942.3,248280,48940.0,48942.3,1459125,15,30
2025-01-29 10:06:25.331687,BANKNIFTY30JAN25F,BANKNIFTY,48940.0,248280,48940.0,48942.3,1459125,15,45
2025-01-29 10:06:26.695890,BANKNIFTY30JAN25F,BANKNIFTY,48954.75,248355,48952.1,48957.4,1459125,15,120
2025-01-29 10:06:28.057060,BANKNIFTY30JAN25F,BANKNIFTY,48956.7,248430,48939.1,48956.0,1459125,15,180
2025-01-29 10:06:29.423665,BANKNIFTY30JAN25F,BANKNIFTY,48956.7,248430,48938.45,48942.5,1459125,15,45
2025-01-29 10:06:30.809563,BANKNIFTY30JAN25F,BANKNIFTY,48942.5,248430,48938.45,48942.5,1459125,15,45
2025-01-29 10:06:32.187524,BANKNIFTY30JAN25F,BANKNIFTY,48945.35,248505,48938.8,48942.5,1459125,30,15
2025-01-29 10:06:33.560085,BANKNIFTY30JAN25F,BANKNIFTY,48958.4,248565,48945.55,48958.45,1459125,225,15
2025-01-29 10:06:34.896691,BANKNIFTY30JAN25F,BANKNIFTY,48958.4,248580,48951.45,48958.45,1459125,30,15
2025-01-29 10:06:36.246229,BANKNIFTY30JAN25F,BANKNIFTY,48958.45,248580,48951.5,48958.45,1459125,15,15
2025-01-29 10:06:37.581012,BANKNIFTY30JAN25F,BANKNIFTY,48958.45,248580,48951.5,48958.45,1459125,15,15
2025-01-29 10:06:38.918867,BANKNIFTY30JAN25F,BANKNIFTY,48951.5,248595,48947.85,48951.5,1459125,30,15
2025-01-29 10:06:40.239349,BANKNIFTY30JAN25F,BANKNIFTY,48951.5,248625,48947.6,48951.5,1459125,30,45
2025-01-29 10:06:41.558819,BANKNIFTY30JAN25F,BANKNIFTY,48950.0,248700,48944.8,48959.95,1459125,60,120
2025-01-29 10:06:42.914446,BANKNIFTY30JAN25F,BANKNIFTY,48943.15,248745,48944.75,48950.0,1459125,30,300
2025-01-29 10:06:44.285022,BANKNIFTY30JAN25F,BANKNIFTY,48950.0,249075,48939.85,48954.45,1459125,15,120
2025-01-29 10:06:45.597141,BANKNIFTY30JAN25F,BANKNIFTY,48950.0,249075,48939.85,48954.45,1459125,15,120
2025-01-29 10:06:46.921658,BANKNIFTY30JAN25F,BANKNIFTY,48954.6,249075,48947.15,48954.5,1459125,45,15
2025-01-29 10:06:48.564888,BANKNIFTY30JAN25F,BANKNIFTY,48943.0,249120,48938.35,48952.6,1459125,15,120
2025-01-29 10:06:49.902271,BANKNIFTY30JAN25F,BANKNIFTY,48943.0,249150,48945.0,48957.9,1459125,15,150
2025-01-29 10:06:51.227343,BANKNIFTY30JAN25F,BANKNIFTY,48943.0,249150,48945.0,48953.45,1459125,15,120
2025-01-29 10:06:52.534365,BANKNIFTY30JAN25F,BANKNIFTY,48945.0,249165,48939.15,48953.4,1459125,60,120
2025-01-29 10:06:53.901798,BANKNIFTY30JAN25F,BANKNIFTY,48945.0,249165,48939.15,48953.4,1459125,60,120
2025-01-29 10:06:55.219132,BANKNIFTY30JAN25F,BANKNIFTY,48950.0,249165,48937.4,48952.35,1459125,30,120
2025-01-29 10:06:56.538210,BANKNIFTY30JAN25F,BANKNIFTY,48941.95,249360,48934.0,48949.95,1459125,120,135
2025-01-29 10:06:57.851445,BANKNIFTY30JAN25F,BANKNIFTY,48934.3,249435,48934.3,48948.75,1459125,60,120
2025-01-29 10:06:59.211656,BANKNIFTY30JAN25F,BANKNIFTY,48950.0,249840,48935.35,48950.0,1459125,30,315
2025-01-29 10:07:00.515189,BANKNIFTY30JAN25F,BANKNIFTY,48950.0,249840,48935.35,48950.0,1459125,30,315
2025-01-29 10:07:01.818519,BANKNIFTY30JAN25F,BANKNIFTY,48949.1,249855,48942.65,48949.1,1459125,30,30
2025-01-29 10:07:03.126818,BANKNIFTY30JAN25F,BANKNIFTY,48947.35,249885,48930.65,48946.8,1459125,150,225
2025-01-29 10:07:04.774244,BANKNIFTY30JAN25F,BANKNIFTY,48942.65,249915,48930.15,48943.85,1459125,120,30
2025-01-29 10:07:06.128599,BANKNIFTY30JAN25F,BANKNIFTY,48938.9,250230,48930.95,48946.9,1459125,120,210
2025-01-29 10:07:07.483813,BANKNIFTY30JAN25F,BANKNIFTY,48938.9,250245,48938.9,48946.75,1459125,15,15
2025-01-29 10:07:08.830104,BANKNIFTY30JAN25F,BANKNIFTY,48930.9,250245,48938.9,48946.75,1459125,15,15
2025-01-29 10:07:10.180498,BANKNIFTY30JAN25F,BANKNIFTY,48930.9,250440,48933.05,48949.2,1459125,150,150
2025-01-29 10:07:11.512731,BANKNIFTY30JAN25F,BANKNIFTY,48949.2,250680,48941.1,48949.2,1459125,30,15
2025-01-29 10:07:13.042746,BANKNIFTY30JAN25F,BANKNIFTY,48945.15,250725,48932.15,48938.9,1459125,180,30
2025-01-29 10:07:14.379820,BANKNIFTY30JAN25F,BANKNIFTY,48950.0,250845,48936.15,48950.0,1458675,150,225
2025-01-29 10:07:15.727408,BANKNIFTY30JAN25F,BANKNIFTY,48950.0,251235,48937.65,48954.2,1458675,120,105
2025-01-29 10:07:17.060441,BANKNIFTY30JAN25F,BANKNIFTY,48950.0,251235,48937.65,48954.2,1458675,120,105
2025-01-29 10:07:18.403503,BANKNIFTY30JAN25F,BANKNIFTY,48939.1,251310,48938.05,48953.85,1458675,120,30
2025-01-29 10:07:19.764223,BANKNIFTY30JAN25F,BANKNIFTY,48939.1,251310,48938.1,48952.75,1458675,120,30
2025-01-29 10:07:21.105570,BANKNIFTY30JAN25F,BANKNIFTY,48939.1,251310,48935.05,48951.15,1458675,120,30
2025-01-29 10:07:22.429607,BANKNIFTY30JAN25F,BANKNIFTY,48939.1,251310,48938.05,48953.55,1458675,120,45
2025-01-29 10:07:23.755011,BANKNIFTY30JAN25F,BANKNIFTY,48939.1,251310,48935.05,48951.1,1458675,120,30
2025-01-29 10:07:25.137132,BANKNIFTY30JAN25F,BANKNIFTY,48939.1,251310,48935.05,48951.1,1458675,120,30
2025-01-29 10:07:26.609680,BANKNIFTY30JAN25F,BANKNIFTY,48939.1,251310,48935.0,48949.9,1458675,45,30
2025-01-29 10:07:27.900064,BANKNIFTY30JAN25F,BANKNIFTY,48935.1,251310,48935.1,48949.85,1458675,120,45
2025-01-29 10:07:29.212321,BANKNIFTY30JAN25F,BANKNIFTY,48935.1,251340,48935.65,48951.25,1458675,120,75
2025-01-29 10:07:30.528903,BANKNIFTY30JAN25F,BANKNIFTY,48943.45,251355,48937.7,48951.2,1458675,120,30
2025-01-29 10:07:31.857895,BANKNIFTY30JAN25F,BANKNIFTY,48943.45,251355,48937.7,48951.2,1458675,120,30
2025-01-29 10:07:33.605496,BANKNIFTY30JAN25F,BANKNIFTY,48943.45,251355,48943.45,48951.15,1458675,30,30
2025-01-29 10:07:34.927851,BANKNIFTY30JAN25F,BANKNIFTY,48943.45,251355,48943.45,48951.15,1458675,30,30
2025-01-29 10:07:36.282709,BANKNIFTY30JAN25F,BANKNIFTY,48943.45,251355,48943.45,48948.95,1458675,30,15
2025-01-29 10:07:37.643333,BANKNIFTY30JAN25F,BANKNIFTY,48943.45,251385,48940.65,48948.95,1458675,120,15
2025-01-29 10:07:39.020134,BANKNIFTY30JAN25F,BANKNIFTY,48943.45,251385,48943.05,48948.9,1458675,120,30
2025-01-29 10:07:40.330197,BANKNIFTY30JAN25F,BANKNIFTY,48943.45,251385,48939.1,48947.95,1458675,30,30
2025-01-29 10:07:41.682498,BANKNIFTY30JAN25F,BANKNIFTY,48943.45,251385,48939.1,48947.95,1458675,30,30
2025-01-29 10:07:43.051697,BANKNIFTY30JAN25F,BANKNIFTY,48943.45,251385,48939.15,48947.9,1458675,150,30
2025-01-29 10:07:44.472637,BANKNIFTY30JAN25F,BANKNIFTY,48939.3,251385,48939.15,48939.3,1458675,120,15
2025-01-29 10:07:45.813953,BANKNIFTY30JAN25F,BANKNIFTY,48947.8,251445,48939.3,48947.8,1458675,15,15
2025-01-29 10:07:47.136163,BANKNIFTY30JAN25F,BANKNIFTY,48947.8,251445,48939.3,48947.8,1458675,15,15
2025-01-29 10:07:48.434395,BANKNIFTY30JAN25F,BANKNIFTY,48947.8,251445,48939.3,48947.75,1458675,15,30
2025-01-29 10:07:49.749298,BANKNIFTY30JAN25F,BANKNIFTY,48946.95,251445,48939.3,48946.95,1458675,15,15
2025-01-29 10:07:51.087813,BANKNIFTY30JAN25F,BANKNIFTY,48946.95,251460,48939.1,48947.0,1458675,30,120
2025-01-29 10:07:52.395522,BANKNIFTY30JAN25F,BANKNIFTY,48939.1,251490,48937.85,48946.95,1458675,120,30
2025-01-29 10:07:54.027228,BANKNIFTY30JAN25F,BANKNIFTY,48939.1,251490,48942.4,48946.95,1458675,15,45
2025-01-29 10:07:55.393749,BANKNIFTY30JAN25F,BANKNIFTY,48938.1,251535,48936.8,48946.0,1458675,120,90
2025-01-29 10:07:56.706958,BANKNIFTY30JAN25F,BANKNIFTY,48937.25,251535,48936.8,48946.0,1458675,120,90
2025-01-29 10:07:58.081415,BANKNIFTY30JAN25F,BANKNIFTY,48943.25,251685,48940.5,48946.0,1458675,90,120
2025-01-29 10:07:59.393717,BANKNIFTY30JAN25F,BANKNIFTY,48941.05,251745,48942.75,48946.0,1458675,30,120
2025-01-29 10:08:00.728503,BANKNIFTY30JAN25F,BANKNIFTY,48941.05,251775,48936.75,48945.95,1458675,15,30
2025-01-29 10:08:02.050890,BANKNIFTY30JAN25F,BANKNIFTY,48941.35,251790,48935.0,48943.9,1458675,45,15
2025-01-29 10:08:03.370133,BANKNIFTY30JAN25F,BANKNIFTY,48941.35,251790,48935.0,48943.9,1458675,45,15
2025-01-29 10:08:04.774725,BANKNIFTY30JAN25F,BANKNIFTY,48935.0,251805,48935.0,48941.95,1458675,30,30
2025-01-29 10:08:06.169910,BANKNIFTY30JAN25F,BANKNIFTY,48931.65,251835,48931.1,48934.95,1458675,15,15
2025-01-29 10:08:07.612487,BANKNIFTY30JAN25F,BANKNIFTY,48930.0,251865,48931.45,48934.85,1458675,45,15
2025-01-29 10:08:08.962430,BANKNIFTY30JAN25F,BANKNIFTY,48940.0,252210,48939.1,48940.0,1458675,15,60
2025-01-29 10:08:10.316360,BANKNIFTY30JAN25F,BANKNIFTY,48939.1,252210,48939.1,48940.0,1458675,15,60
2025-01-29 10:08:11.660732,BANKNIFTY30JAN25F,BANKNIFTY,48938.6,252465,48937.2,48940.0,1458675,15,60
2025-01-29 10:08:13.021018,BANKNIFTY30JAN25F,BANKNIFTY,48940.0,252495,48938.1,48940.0,1458675,30,75
2025-01-29 10:08:14.361598,BANKNIFTY30JAN25F,BANKNIFTY,48939.5,252615,48940.0,48940.45,1458675,15,15
2025-01-29 10:08:15.750271,BANKNIFTY30JAN25F,BANKNIFTY,48939.5,252690,48940.7,48942.0,1458675,75,300
2025-01-29 10:08:17.113475,BANKNIFTY30JAN25F,BANKNIFTY,48946.0,253035,48944.35,48946.0,1458675,30,15
2025-01-29 10:08:18.464931,BANKNIFTY30JAN25F,BANKNIFTY,48950.0,253035,48944.35,48946.0,1458675,30,15
2025-01-29 10:08:19.773365,BANKNIFTY30JAN25F,BANKNIFTY,48955.0,253770,48950.4,48955.0,1458675,75,15
2025-01-29 10:08:22.078144,BANKNIFTY30JAN25F,BANKNIFTY,48955.2,253860,48953.0,48957.95,1458675,15,120
2025-01-29 10:08:23.427632,BANKNIFTY30JAN25F,BANKNIFTY,48953.0,253860,48953.0,48957.95,1458675,15,120
2025-01-29 10:08:24.804369,BANKNIFTY30JAN25F,BANKNIFTY,48949.3,253875,48945.65,48953.0,1458675,75,15
2025-01-29 10:08:26.125653,BANKNIFTY30JAN25F,BANKNIFTY,48949.3,253890,48951.2,48958.0,1458675,210,15
2025-01-29 10:08:27.458422,BANKNIFTY30JAN25F,BANKNIFTY,48953.0,253920,48953.9,48958.0,1458675,30,15
2025-01-29 10:08:28.817534,BANKNIFTY30JAN25F,BANKNIFTY,48953.0,253920,48954.6,48958.0,1458675,195,15
2025-01-29 10:08:30.133331,BANKNIFTY30JAN25F,BANKNIFTY,48960.0,253920,48954.6,48958.0,1458675,195,15
2025-01-29 10:08:31.448391,BANKNIFTY30JAN25F,BANKNIFTY,48976.7,254250,48974.45,48979.0,1458675,15,15
2025-01-29 10:08:32.836529,BANKNIFTY30JAN25F,BANKNIFTY,48966.3,254400,48965.05,48980.55,1458675,45,165
2025-01-29 10:08:34.158972,BANKNIFTY30JAN25F,BANKNIFTY,48962.45,254430,48966.4,48980.2,1458675,30,150
2025-01-29 10:08:35.523364,BANKNIFTY30JAN25F,BANKNIFTY,48962.45,254460,48958.0,48974.9,1458675,180,150
2025-01-29 10:08:36.869892,BANKNIFTY30JAN25F,BANKNIFTY,48958.0,254460,48958.0,48974.9,1458675,180,150
2025-01-29 10:08:38.204136,BANKNIFTY30JAN25F,BANKNIFTY,48955.8,254520,48950.0,48961.6,1458675,30,135
2025-01-29 10:08:39.656535,BANKNIFTY30JAN25F,BANKNIFTY,48950.05,254565,48950.05,48958.05,1458675,150,120
2025-01-29 10:08:41.000048,BANKNIFTY30JAN25F,BANKNIFTY,48950.05,254625,48950.6,48958.15,1458675,60,15
2025-01-29 10:08:42.332600,BANKNIFTY30JAN25F,BANKNIFTY,48975.75,255525,48962.55,48978.8,1458675,30,90
2025-01-29 10:08:43.662408,BANKNIFTY30JAN25F,BANKNIFTY,48971.65,255555,48970.65,48976.4,1458675,90,90
2025-01-29 10:08:45.035609,BANKNIFTY30JAN25F,BANKNIFTY,48970.65,255555,48970.65,48976.4,1458675,90,90
2025-01-29 10:08:46.401633,BANKNIFTY30JAN25F,BANKNIFTY,48970.65,255645,48957.4,48973.95,1458675,15,120
2025-01-29 10:08:47.738589,BANKNIFTY30JAN25F,BANKNIFTY,48971.65,255660,48959.95,48973.0,1458675,120,15
2025-01-29 10:08:49.058543,BANKNIFTY30JAN25F,BANKNIFTY,48961.0,255660,48961.0,48970.25,1458675,15,60
2025-01-29 10:08:50.832875,BANKNIFTY30JAN25F,BANKNIFTY,48972.35,256275,48960.1,48972.6,1458675,15,60
2025-01-29 10:08:52.203094,BANKNIFTY30JAN25F,BANKNIFTY,48966.35,256350,48960.1,48966.35,1458675,15,30
2025-01-29 10:08:53.644216,BANKNIFTY30JAN25F,BANKNIFTY,48969.35,256950,48960.1,48969.85,1458675,15,15
2025-01-29 10:08:54.992682,BANKNIFTY30JAN25F,BANKNIFTY,48964.95,256950,48960.1,48969.85,1458675,15,15
2025-01-29 10:08:56.304412,BANKNIFTY30JAN25F,BANKNIFTY,48964.95,257010,48960.1,48970.9,1458675,15,30
2025-01-29 10:08:57.645488,BANKNIFTY30JAN25F,BANKNIFTY,48960.05,257010,48960.1,48969.5,1458675,15,150
2025-01-29 10:08:58.974731,BANKNIFTY30JAN25F,BANKNIFTY,48963.7,257040,48960.05,48967.4,1458675,135,60
2025-01-29 10:09:00.392613,BANKNIFTY30JAN25F,BANKNIFTY,48960.05,257085,48960.05,48967.4,1458675,105,15
2025-01-29 10:09:02.504277,BANKNIFTY30JAN25F,BANKNIFTY,48960.05,257100,48960.05,48967.4,1458675,90,30
2025-01-29 10:09:03.851246,BANKNIFTY30JAN25F,BANKNIFTY,48960.05,257145,48960.05,48967.4,1458675,45,45
2025-01-29 10:09:05.190868,BANKNIFTY30JAN25F,BANKNIFTY,48959.25,257145,48960.05,48967.4,1458675,45,45
2025-01-29 10:09:06.578329,BANKNIFTY30JAN25F,BANKNIFTY,48959.25,257205,48957.75,48967.4,1458675,150,45
2025-01-29 10:09:07.932593,BANKNIFTY30JAN25F,BANKNIFTY,48967.4,257205,48962.55,48967.4,1458675,15,60
2025-01-29 10:09:09.253528,BANKNIFTY30JAN25F,BANKNIFTY,48958.1,257820,48957.45,48962.55,1458675,120,15
2025-01-29 10:09:10.587388,BANKNIFTY30JAN25F,BANKNIFTY,48967.4,257850,48960.0,48967.4,1458675,60,15
2025-01-29 10:09:11.933617,BANKNIFTY30JAN25F,BANKNIFTY,48970.0,257955,48960.05,48967.4,1458675,90,30
2025-01-29 10:09:13.271402,BANKNIFTY30JAN25F,BANKNIFTY,48970.0,257955,48960.05,48967.4,1458675,90,30
2025-01-29 10:09:14.645901,BANKNIFTY30JAN25F,BANKNIFTY,48965.0,257955,48963.7,48965.0,1458675,15,30
2025-01-29 10:09:15.962980,BANKNIFTY30JAN25F,BANKNIFTY,48965.0,257970,48960.05,48965.0,1458675,90,45
2025-01-29 10:09:17.325253,BANKNIFTY30JAN25F,BANKNIFTY,48960.05,258030,48960.05,48965.0,1458675,45,75
2025-01-29 10:09:18.664133,BANKNIFTY30JAN25F,BANKNIFTY,48960.05,258030,48962.25,48965.0,1458675,30,60
2025-01-29 10:09:19.963688,BANKNIFTY30JAN25F,BANKNIFTY,48960.05,258030,48962.25,48965.0,1458675,30,60
2025-01-29 10:09:21.309816,BANKNIFTY30JAN25F,BANKNIFTY,48960.1,258030,48960.1,48964.95,1458675,120,45
2025-01-29 10:09:22.625984,BANKNIFTY30JAN25F,BANKNIFTY,48960.9,258060,48960.9,48964.95,1458675,90,45
2025-01-29 10:09:23.956308,BANKNIFTY30JAN25F,BANKNIFTY,48960.9,258060,48960.1,48964.95,1458675,90,45
2025-01-29 10:09:25.299471,BANKNIFTY30JAN25F,BANKNIFTY,48965.65,258060,48960.1,48964.95,1458675,90,45
2025-01-29 10:09:26.598240,BANKNIFTY30JAN25F,BANKNIFTY,48967.9,258150,48964.8,48971.0,1458675,30,15
2025-01-29 10:09:27.927836,BANKNIFTY30JAN25F,BANKNIFTY,48965.0,258165,48960.15,48965.0,1458675,45,15
2025-01-29 10:09:29.276405,BANKNIFTY30JAN25F,BANKNIFTY,48964.8,258195,48960.15,48971.0,1458675,75,15
2025-01-29 10:09:30.605231,BANKNIFTY30JAN25F,BANKNIFTY,48964.8,258210,48960.35,48964.8,1458675,45,45
2025-01-29 10:09:31.948789,BANKNIFTY30JAN25F,BANKNIFTY,48962.45,258300,48962.35,48964.8,1458675,15,45
2025-01-29 10:09:33.299046,BANKNIFTY30JAN25F,BANKNIFTY,48962.45,258300,48962.35,48964.8,1458675,15,45
2025-01-29 10:09:34.647387,BANKNIFTY30JAN25F,BANKNIFTY,48964.8,258330,48963.55,48964.8,1458675,15,15
2025-01-29 10:09:36.000517,BANKNIFTY30JAN25F,BANKNIFTY,48965.65,258375,48960.15,48965.65,1458675,30,210
2025-01-29 10:09:37.374890,BANKNIFTY30JAN25F,BANKNIFTY,48965.65,258375,48962.9,48965.65,1458675,15,210
2025-01-29 10:09:38.768405,BANKNIFTY30JAN25F,BANKNIFTY,48965.65,258390,48960.9,48965.65,1458675,30,195
2025-01-29 10:09:40.104543,BANKNIFTY30JAN25F,BANKNIFTY,48965.65,258390,48960.9,48965.65,1458675,30,195
2025-01-29 10:09:41.419987,BANKNIFTY30JAN25F,BANKNIFTY,48960.05,258420,48960.05,48965.65,1458675,45,195
2025-01-29 10:09:42.762701,BANKNIFTY30JAN25F,BANKNIFTY,48960.05,258420,48960.15,48965.65,1458675,15,195
2025-01-29 10:09:44.087019,BANKNIFTY30JAN25F,BANKNIFTY,48960.1,258420,48960.7,48962.7,1458675,15,15
2025-01-29 10:09:45.488237,BANKNIFTY30JAN25F,BANKNIFTY,48965.65,258570,48962.7,48965.65,1458675,15,195
2025-01-29 10:09:46.800853,BANKNIFTY30JAN25F,BANKNIFTY,48962.7,258570,48962.7,48965.65,1458675,15,195
2025-01-29 10:09:48.133433,BANKNIFTY30JAN25F,BANKNIFTY,48962.7,258600,48960.1,48965.65,1458675,30,195
2025-01-29 10:09:49.460980,BANKNIFTY30JAN25F,BANKNIFTY,48962.7,258600,48961.75,48965.65,1458675,15,195
2025-01-29 10:09:50.808887,BANKNIFTY30JAN25F,BANKNIFTY,48965.65,258615,48964.55,48965.65,1458675,30,180
2025-01-29 10:09:52.157000,BANKNIFTY30JAN25F,BANKNIFTY,48980.0,260130,48976.2,48980.0,1458675,15,30
2025-01-29 10:09:53.745827,BANKNIFTY30JAN25F,BANKNIFTY,48980.95,260205,48978.1,48980.95,1458675,150,510
2025-01-29 10:09:55.166068,BANKNIFTY30JAN25F,BANKNIFTY,48978.15,260205,48978.1,48980.95,1458675,150,510
2025-01-29 10:09:56.504674,BANKNIFTY30JAN25F,BANKNIFTY,48980.95,260445,48975.35,48980.0,1458675,15,15
2025-01-29 10:09:57.878360,BANKNIFTY30JAN25F,BANKNIFTY,48980.95,260745,48973.9,48980.95,1458675,15,120
2025-01-29 10:09:59.207493,BANKNIFTY30JAN25F,BANKNIFTY,48985.0,260895,48980.95,48985.0,1458675,105,60
2025-01-29 10:10:00.544777,BANKNIFTY30JAN25F,BANKNIFTY,48983.0,260970,48980.95,48984.95,1458675,105,120
2025-01-29 10:10:01.990710,BANKNIFTY30JAN25F,BANKNIFTY,48984.95,261120,48975.0,48985.0,1458675,45,15
2025-01-29 10:10:03.345793,BANKNIFTY30JAN25F,BANKNIFTY,48984.95,261120,48975.0,48985.0,1458675,45,15
2025-01-29 10:10:04.658017,BANKNIFTY30JAN25F,BANKNIFTY,48984.9,261135,48980.0,48984.95,1458675,15,135
2025-01-29 10:10:06.001790,BANKNIFTY30JAN25F,BANKNIFTY,48984.9,261210,48975.0,48984.85,1458675,45,105
2025-01-29 10:10:07.391176,BANKNIFTY30JAN25F,BANKNIFTY,48977.45,261270,48975.0,48979.95,1458675,15,75
2025-01-29 10:10:08.722694,BANKNIFTY30JAN25F,BANKNIFTY,48960.05,261450,48965.85,48974.65,1458675,15,15
2025-01-29 10:10:13.130967,BANKNIFTY30JAN25F,BANKNIFTY,48979.9,261450,48970.25,48979.85,1458675,15,45
2025-01-29 10:10:14.489764,BANKNIFTY30JAN25F,BANKNIFTY,48979.85,261465,48973.55,48979.85,1456995,45,30
2025-01-29 10:10:15.845995,BANKNIFTY30JAN25F,BANKNIFTY,48979.85,261495,48968.15,48979.85,1456995,30,30
2025-01-29 10:10:17.232587,BANKNIFTY30JAN25F,BANKNIFTY,48974.95,261510,48973.3,48979.85,1456995,30,30
2025-01-29 10:10:18.578331,BANKNIFTY30JAN25F,BANKNIFTY,48979.85,261540,48969.95,48979.85,1456995,30,15
2025-01-29 10:10:19.943169,BANKNIFTY30JAN25F,BANKNIFTY,48974.95,261540,48969.95,48979.85,1456995,30,15
2025-01-29 10:10:21.286285,BANKNIFTY30JAN25F,BANKNIFTY,48979.85,261600,48974.9,48979.85,1456995,15,15
2025-01-29 10:10:22.597791,BANKNIFTY30JAN25F,BANKNIFTY,48983.0,261675,48980.0,48980.95,1456995,15,30
2025-01-29 10:10:23.961629,BANKNIFTY30JAN25F,BANKNIFTY,48980.0,261765,48979.85,48983.0,1456995,30,420
2025-01-29 10:10:25.274581,BANKNIFTY30JAN25F,BANKNIFTY,48979.85,261765,48979.85,48983.0,1456995,30,420
2025-01-29 10:10:26.601533,BANKNIFTY30JAN25F,BANKNIFTY,48987.0,262230,48978.6,48979.85,1456995,60,45
2025-01-29 10:10:27.954759,BANKNIFTY30JAN25F,BANKNIFTY,48998.55,262890,48998.1,48999.0,1456995,30,120
2025-01-29 10:10:29.294157,BANKNIFTY30JAN25F,BANKNIFTY,48996.0,263385,48996.0,48999.85,1456995,15,15
2025-01-29 10:10:30.631665,BANKNIFTY30JAN25F,BANKNIFTY,48998.55,263460,48992.0,48999.0,1456995,15,45
2025-01-29 10:10:31.970020,BANKNIFTY30JAN25F,BANKNIFTY,48991.65,263460,48992.0,48999.0,1456995,15,45
2025-01-29 10:10:33.278265,BANKNIFTY30JAN25F,BANKNIFTY,48998.95,263520,48991.4,48998.95,1456995,15,15
2025-01-29 10:10:34.614099,BANKNIFTY30JAN25F,BANKNIFTY,48999.0,263580,48991.2,48999.0,1456995,30,15
2025-01-29 10:10:35.932618,BANKNIFTY30JAN25F,BANKNIFTY,48998.0,263610,48990.0,48997.95,1456995,15,15
2025-01-29 10:10:37.314216,BANKNIFTY30JAN25F,BANKNIFTY,48998.05,263745,48986.8,48999.9,1456995,120,15
2025-01-29 10:10:38.706086,BANKNIFTY30JAN25F,BANKNIFTY,48999.95,263805,48993.35,48999.95,1456995,15,60
2025-01-29 10:10:40.064526,BANKNIFTY30JAN25F,BANKNIFTY,48983.7,263805,48993.35,48999.95,1456995,15,60
2025-01-29 10:10:41.425877,BANKNIFTY30JAN25F,BANKNIFTY,48996.0,263955,48980.55,48995.55,1456995,30,30
2025-01-29 10:10:42.794041,BANKNIFTY30JAN25F,BANKNIFTY,49000.0,264375,48988.05,48995.55,1456995,15,30
2025-01-29 10:10:44.135717,BANKNIFTY30JAN25F,BANKNIFTY,48999.95,266160,48991.8,49000.0,1456995,30,540
2025-01-29 10:10:45.453236,BANKNIFTY30JAN25F,BANKNIFTY,48998.55,267075,48990.0,48993.35,1456995,15,30
2025-01-29 10:10:46.785641,BANKNIFTY30JAN25F,BANKNIFTY,48993.35,267075,48990.0,48993.35,1456995,15,30
2025-01-29 10:10:48.121783,BANKNIFTY30JAN25F,BANKNIFTY,48997.9,267135,48991.65,48999.0,1456995,105,15
2025-01-29 10:10:49.446444,BANKNIFTY30JAN25F,BANKNIFTY,48991.0,267330,48995.0,48998.55,1456995,15,30
2025-01-29 10:10:50.809217,BANKNIFTY30JAN25F,BANKNIFTY,48996.75,267435,48990.0,48996.75,1456995,30,15
2025-01-29 10:10:52.118610,BANKNIFTY30JAN25F,BANKNIFTY,48995.0,267555,48993.35,48995.0,1456995,15,30
2025-01-29 10:10:53.474835,BANKNIFTY30JAN25F,BANKNIFTY,48995.35,267555,48993.35,48995.0,1456995,15,30
2025-01-29 10:10:54.843944,BANKNIFTY30JAN25F,BANKNIFTY,48996.55,268650,49009.1,49014.7,1456995,15,120
2025-01-29 10:10:56.217250,BANKNIFTY30JAN25F,BANKNIFTY,48996.25,269085,48995.0,49003.3,1456995,60,15
2025-01-29 10:10:57.561969,BANKNIFTY30JAN25F,BANKNIFTY,49002.35,269190,48995.0,49009.75,1456995,60,195
2025-01-29 10:10:58.981663,BANKNIFTY30JAN25F,BANKNIFTY,49016.1,269925,48999.8,49014.85,1456995,30,30
2025-01-29 10:11:00.303965,BANKNIFTY30JAN25F,BANKNIFTY,49007.3,269925,48999.8,49014.85,1456995,30,30
2025-01-29 10:11:01.627909,BANKNIFTY30JAN25F,BANKNIFTY,48999.5,270465,49007.3,49013.85,1456995,30,15
2025-01-29 10:11:02.966948,BANKNIFTY30JAN25F,BANKNIFTY,49007.3,270600,49000.5,49007.3,1456995,120,15
2025-01-29 10:11:04.308312,BANKNIFTY30JAN25F,BANKNIFTY,49007.05,270630,49004.25,49017.95,1456995,120,15
2025-01-29 10:11:05.631403,BANKNIFTY30JAN25F,BANKNIFTY,49012.4,275280,49011.2,49025.8,1456995,30,180
2025-01-29 10:11:06.969566,BANKNIFTY30JAN25F,BANKNIFTY,49023.9,275280,49011.2,49025.8,1456995,30,180
2025-01-29 10:11:08.295363,BANKNIFTY30JAN25F,BANKNIFTY,49020.15,275865,49007.9,49023.85,1456995,120,30
2025-01-29 10:11:09.628357,BANKNIFTY30JAN25F,BANKNIFTY,49024.1,275925,49015.9,49023.9,1456995,150,90
2025-01-29 10:11:11.054209,BANKNIFTY30JAN25F,BANKNIFTY,49023.1,276420,49008.05,49023.25,1456995,30,105
2025-01-29 10:11:12.428764,BANKNIFTY30JAN25F,BANKNIFTY,49018.75,276600,49015.65,49021.9,1456995,30,210
2025-01-29 10:11:13.763015,BANKNIFTY30JAN25F,BANKNIFTY,49007.05,276960,49006.25,49020.5,1456995,30,360
2025-01-29 10:11:15.096719,BANKNIFTY30JAN25F,BANKNIFTY,49021.25,276960,49006.25,49020.5,1456995,30,360
2025-01-29 10:11:16.443172,BANKNIFTY30JAN25F,BANKNIFTY,49013.35,277605,49005.1,49021.7,1456995,120,270
2025-01-29 10:11:17.793574,BANKNIFTY30JAN25F,BANKNIFTY,49022.0,277635,49013.4,49022.0,1456995,60,210
2025-01-29 10:11:19.115726,BANKNIFTY30JAN25F,BANKNIFTY,49002.8,277725,49004.8,49013.35,1456995,120,15
2025-01-29 10:11:20.438778,BANKNIFTY30JAN25F,BANKNIFTY,49017.9,277725,49004.8,49013.35,1456995,120,15
2025-01-29 10:11:21.766331,BANKNIFTY30JAN25F,BANKNIFTY,49002.0,278310,49009.05,49016.45,1456995,15,120
2025-01-29 10:11:23.104672,BANKNIFTY30JAN25F,BANKNIFTY,49013.4,278475,49003.65,49019.65,1456995,120,30
2025-01-29 10:11:24.486749,BANKNIFTY30JAN25F,BANKNIFTY,49013.4,278715,49013.4,49019.95,1456995,1470,15
2025-01-29 10:11:25.842417,BANKNIFTY30JAN25F,BANKNIFTY,49013.4,278940,49013.4,49021.85,1456995,1275,90
2025-01-29 10:11:27.161702,BANKNIFTY30JAN25F,BANKNIFTY,49022.0,279045,49013.4,49022.0,1456995,1245,120
2025-01-29 10:11:28.476598,BANKNIFTY30JAN25F,BANKNIFTY,49022.0,279045,49013.4,49022.0,1456995,1245,120
2025-01-29 10:11:29.805276,BANKNIFTY30JAN25F,BANKNIFTY,49025.0,279375,49025.0,49028.0,1456995,165,15
2025-01-29 10:11:31.122535,BANKNIFTY30JAN25F,BANKNIFTY,49029.0,279885,49015.05,49029.0,1456995,120,60
2025-01-29 10:11:32.456390,BANKNIFTY30JAN25F,BANKNIFTY,49013.45,280050,49014.9,49029.95,1456995,150,15
2025-01-29 10:11:33.801401,BANKNIFTY30JAN25F,BANKNIFTY,49022.0,280050,49014.9,49029.95,1456995,150,15
2025-01-29 10:11:35.143099,BANKNIFTY30JAN25F,BANKNIFTY,49023.45,280860,49013.4,49018.65,1456995,1245,30
2025-01-29 10:11:36.460576,BANKNIFTY30JAN25F,BANKNIFTY,49013.4,281160,49016.0,49025.0,1456995,75,45
2025-01-29 10:11:37.769524,BANKNIFTY30JAN25F,BANKNIFTY,49013.4,281340,49013.4,49016.0,1456995,1215,15
2025-01-29 10:11:39.091794,BANKNIFTY30JAN25F,BANKNIFTY,49013.4,283020,49005.05,49021.55,1456995,150,30
2025-01-29 10:11:40.443966,BANKNIFTY30JAN25F,BANKNIFTY,49021.1,283020,49005.05,49021.55,1456995,150,30
2025-01-29 10:11:41.776493,BANKNIFTY30JAN25F,BANKNIFTY,49006.45,283485,49005.05,49019.35,1456995,120,45
2025-01-29 10:11:43.110194,BANKNIFTY30JAN25F,BANKNIFTY,49005.0,283695,49005.0,49017.25,1456995,45,45
2025-01-29 10:11:44.418525,BANKNIFTY30JAN25F,BANKNIFTY,49009.95,284100,49005.0,49014.95,1456995,30,45
2025-01-29 10:11:45.740788,BANKNIFTY30JAN25F,BANKNIFTY,49008.9,284595,49000.0,49005.0,1456995,165,30
2025-01-29 10:11:47.082023,BANKNIFTY30JAN25F,BANKNIFTY,49000.0,284595,49000.0,49005.0,1456995,165,30
2025-01-29 10:11:48.418309,BANKNIFTY30JAN25F,BANKNIFTY,49005.0,284805,48999.0,49005.0,1456995,30,30
2025-01-29 10:11:49.721623,BANKNIFTY30JAN25F,BANKNIFTY,49006.45,284895,48999.0,49006.45,1456995,30,180
2025-01-29 10:11:51.031429,BANKNIFTY30JAN25F,BANKNIFTY,49007.0,285285,48995.0,49007.45,1456995,30,45
2025-01-29 10:11:52.366760,BANKNIFTY30JAN25F,BANKNIFTY,48996.9,285975,48988.95,49004.9,1456995,150,15
2025-01-29 10:11:53.682301,BANKNIFTY30JAN25F,BANKNIFTY,49000.0,285975,48988.95,49004.9,1456995,150,15
2025-01-29 10:11:55.044460,BANKNIFTY30JAN25F,BANKNIFTY,48996.9,286080,48984.1,48993.9,1456995,30,15
2025-01-29 10:11:56.401387,BANKNIFTY30JAN25F,BANKNIFTY,48984.1,286410,48984.1,48995.6,1456995,30,180
2025-01-29 10:11:57.722274,BANKNIFTY30JAN25F,BANKNIFTY,48997.15,289095,48982.05,48996.6,1456995,120,30
2025-01-29 10:11:59.055728,BANKNIFTY30JAN25F,BANKNIFTY,48989.3,289125,48989.3,48990.0,1456995,255,60
2025-01-29 10:12:00.398392,BANKNIFTY30JAN25F,BANKNIFTY,48990.2,289125,48989.3,48990.0,1456995,255,60
2025-01-29 10:12:01.721351,BANKNIFTY30JAN25F,BANKNIFTY,48990.0,289380,48990.0,48990.2,1456995,45,30
2025-01-29 10:12:03.061181,BANKNIFTY30JAN25F,BANKNIFTY,48990.1,289440,48990.0,48990.2,1456995,30,45
2025-01-29 10:12:04.371446,BANKNIFTY30JAN25F,BANKNIFTY,48990.2,289710,48983.6,48990.0,1456995,120,15
2025-01-29 10:12:05.703176,BANKNIFTY30JAN25F,BANKNIFTY,48996.6,289830,48986.85,48996.6,1456995,15,15
2025-01-29 10:12:07.040426,BANKNIFTY30JAN25F,BANKNIFTY,48989.35,289830,48986.85,48996.6,1456995,15,15
2025-01-29 10:12:08.394486,BANKNIFTY30JAN25F,BANKNIFTY,48993.7,289875,48987.0,49000.45,1456995,15,150
2025-01-29 10:12:09.741300,BANKNIFTY30JAN25F,BANKNIFTY,48984.15,289920,48984.15,48999.95,1456995,120,120
2025-01-29 10:12:11.079784,BANKNIFTY30JAN25F,BANKNIFTY,48990.0,290040,48984.2,48999.95,1456995,15,120
2025-01-29 10:12:12.389861,BANKNIFTY30JAN25F,BANKNIFTY,48990.0,290040,48992.05,49000.0,1456995,15,15
2025-01-29 10:12:13.746464,BANKNIFTY30JAN25F,BANKNIFTY,48985.8,290040,48992.05,49000.0,1456995,15,15
2025-01-29 10:12:15.065184,BANKNIFTY30JAN25F,BANKNIFTY,48985.8,290070,48989.5,49006.6,1456995,45,120
2025-01-29 10:12:16.386592,BANKNIFTY30JAN25F,BANKNIFTY,49000.0,290100,48991.4,49000.0,1456995,30,15
2025-01-29 10:12:17.775842,BANKNIFTY30JAN25F,BANKNIFTY,49000.0,290115,48990.6,49007.85,1456995,75,120
2025-01-29 10:12:19.075658,BANKNIFTY30JAN25F,BANKNIFTY,48991.9,290235,48991.65,49006.35,1456995,15,120
2025-01-29 10:12:20.411837,BANKNIFTY30JAN25F,BANKNIFTY,48999.0,290250,48991.6,49000.0,1456995,15,15
2025-01-29 10:12:21.752515,BANKNIFTY30JAN25F,BANKNIFTY,48987.15,290250,48991.6,49000.0,1456995,15,15
2025-01-29 10:12:23.106740,BANKNIFTY30JAN25F,BANKNIFTY,48999.95,290280,48990.0,48999.95,1456995,30,120
2025-01-29 10:12:24.472515,BANKNIFTY30JAN25F,BANKNIFTY,48990.0,290430,48985.95,49000.0,1456995,30,15
2025-01-29 10:12:25.837383,BANKNIFTY30JAN25F,BANKNIFTY,48998.75,290430,48985.9,48998.1,1456995,45,120
2025-01-29 10:12:27.148724,BANKNIFTY30JAN25F,BANKNIFTY,48985.9,290430,48985.9,48998.1,1456995,45,120
2025-01-29 10:12:28.479585,BANKNIFTY30JAN25F,BANKNIFTY,48995.0,290490,48985.85,48999.95,1456995,15,120
2025-01-29 10:12:29.814765,BANKNIFTY30JAN25F,BANKNIFTY,48988.25,290790,48986.55,48995.0,1456995,45,150
2025-01-29 10:12:31.159975,BANKNIFTY30JAN25F,BANKNIFTY,48990.8,290895,48990.8,48995.0,1456995,15,150
2025-01-29 10:12:32.495551,BANKNIFTY30JAN25F,BANKNIFTY,48995.0,291045,48989.95,49000.0,1456995,30,15
2025-01-29 10:12:33.821133,BANKNIFTY30JAN25F,BANKNIFTY,48995.0,291045,48985.8,48995.0,1456995,15,15
2025-01-29 10:12:35.183464,BANKNIFTY30JAN25F,BANKNIFTY,48995.0,291045,48985.8,48995.0,1456995,15,15
2025-01-29 10:12:36.700988,BANKNIFTY30JAN25F,BANKNIFTY,48990.0,291045,48990.0,48995.0,1456995,300,15
2025-01-29 10:12:38.237604,BANKNIFTY30JAN25F,BANKNIFTY,48990.0,291390,48985.8,48990.0,1456995,15,1500
2025-01-29 10:12:39.569450,BANKNIFTY30JAN25F,BANKNIFTY,48990.0,291495,48987.2,48990.0,1456995,30,1440
2025-01-29 10:12:40.904377,BANKNIFTY30JAN25F,BANKNIFTY,48990.0,291990,48985.8,48990.0,1456995,15,945
2025-01-29 10:12:42.331739,BANKNIFTY30JAN25F,BANKNIFTY,48990.0,292290,48985.8,48990.0,1456995,15,660
2025-01-29 10:12:43.653301,BANKNIFTY30JAN25F,BANKNIFTY,48990.0,292290,48985.8,48990.0,1456995,15,660
2025-01-29 10:12:45.027386,BANKNIFTY30JAN25F,BANKNIFTY,48990.0,292335,48984.1,48990.0,1456995,210,645
2025-01-29 10:12:46.360425,BANKNIFTY30JAN25F,BANKNIFTY,48988.85,292710,48987.2,48990.0,1456995,30,315
2025-01-29 10:12:47.748703,BANKNIFTY30JAN25F,BANKNIFTY,48990.0,292740,48989.3,48990.0,1456995,30,315
2025-01-29 10:12:49.095074,BANKNIFTY30JAN25F,BANKNIFTY,48998.75,293085,48988.95,48992.55,1456995,75,30
2025-01-29 10:12:50.483534,BANKNIFTY30JAN25F,BANKNIFTY,48990.35,293175,48990.35,48992.55,1456995,15,30
2025-01-29 10:12:51.817946,BANKNIFTY30JAN25F,BANKNIFTY,48992.55,293175,48990.35,48992.55,1456995,15,30
2025-01-29 10:12:53.173308,BANKNIFTY30JAN25F,BANKNIFTY,48992.55,293205,48990.05,48998.75,1456995,30,285
2025-01-29 10:12:54.507069,BANKNIFTY30JAN25F,BANKNIFTY,48998.75,293265,48990.0,48998.75,1456995,15,225
2025-01-29 10:12:55.880254,BANKNIFTY30JAN25F,BANKNIFTY,48990.35,293295,48990.55,48998.75,1456995,30,225
2025-01-29 10:12:57.242610,BANKNIFTY30JAN25F,BANKNIFTY,48990.35,293430,48991.55,48998.75,1456995,75,225
2025-01-29 10:12:58.660554,BANKNIFTY30JAN25F,BANKNIFTY,48990.35,293430,48995.15,48998.75,1456995,15,225
2025-01-29 10:13:00.003534,BANKNIFTY30JAN25F,BANKNIFTY,48995.15,293430,48995.15,48998.75,1456995,15,225
2025-01-29 10:13:01.401635,BANKNIFTY30JAN25F,BANKNIFTY,48991.0,293475,48990.55,48998.75,1456995,30,225
2025-01-29 10:13:02.810082,BANKNIFTY30JAN25F,BANKNIFTY,48998.75,293475,48990.55,48998.75,1456995,30,255
2025-01-29 10:13:04.584500,BANKNIFTY30JAN25F,BANKNIFTY,48994.65,293535,48990.55,48998.75,1456995,30,195
2025-01-29 10:13:06.797932,BANKNIFTY30JAN25F,BANKNIFTY,48992.8,293925,48990.0,48995.65,1456995,165,135
2025-01-29 10:13:09.101591,BANKNIFTY30JAN25F,BANKNIFTY,48984.0,294285,48982.55,48985.0,1456995,15,15
2025-01-29 10:13:10.991288,BANKNIFTY30JAN25F,BANKNIFTY,48980.0,294645,48980.0,48985.75,1456995,255,30
2025-01-29 10:13:13.054350,BANKNIFTY30JAN25F,BANKNIFTY,48975.05,294810,48980.0,48984.4,1456995,120,15
2025-01-29 10:13:14.779246,BANKNIFTY30JAN25F,BANKNIFTY,48980.5,295365,48975.0,48986.05,1470735,15,75
2025-01-29 10:13:16.718808,BANKNIFTY30JAN25F,BANKNIFTY,48986.05,295365,48975.0,48986.05,1470735,15,75
2025-01-29 10:13:18.365659,BANKNIFTY30JAN25F,BANKNIFTY,48980.5,295380,48980.5,48986.05,1470735,15,15
2025-01-29 10:13:19.679622,BANKNIFTY30JAN25F,BANKNIFTY,48975.0,295395,48975.0,48986.05,1470735,15,15
2025-01-29 10:13:20.999037,BANKNIFTY30JAN25F,BANKNIFTY,48988.95,295440,48975.0,48988.95,1470735,30,75
2025-01-29 10:13:22.341623,BANKNIFTY30JAN25F,BANKNIFTY,48982.25,295500,48977.6,48986.05,1470735,120,315
2025-01-29 10:13:24.145598,BANKNIFTY30JAN25F,BANKNIFTY,48982.1,295530,48982.3,48986.05,1470735,120,315
2025-01-29 10:13:25.922728,BANKNIFTY30JAN25F,BANKNIFTY,48990.6,295950,48989.45,48998.0,1470735,60,15
2025-01-29 10:13:28.630589,BANKNIFTY30JAN25F,BANKNIFTY,49000.0,296280,49003.05,49010.0,1470735,120,15
2025-01-29 10:13:30.659420,BANKNIFTY30JAN25F,BANKNIFTY,49010.0,296340,49009.9,49015.15,1470735,30,15
2025-01-29 10:13:32.482894,BANKNIFTY30JAN25F,BANKNIFTY,49012.45,296445,49018.15,49024.8,1470735,15,30
2025-01-29 10:13:34.446633,BANKNIFTY30JAN25F,BANKNIFTY,49006.7,296925,49004.3,49018.0,1470735,75,120
2025-01-29 10:13:36.580466,BANKNIFTY30JAN25F,BANKNIFTY,49022.95,298620,49005.4,49014.0,1470735,30,15
2025-01-29 10:13:38.560434,BANKNIFTY30JAN25F,BANKNIFTY,49022.0,299010,49008.9,49020.9,1470735,30,30
2025-01-29 10:13:41.383084,BANKNIFTY30JAN25F,BANKNIFTY,49016.55,299325,49000.1,49017.7,1470735,120,30
2025-01-29 10:13:43.684299,BANKNIFTY30JAN25F,BANKNIFTY,49000.0,299535,49000.0,49008.9,1470735,15,15
2025-01-29 10:13:45.468617,BANKNIFTY30JAN25F,BANKNIFTY,49016.05,299850,49000.05,49015.85,1470735,120,90
2025-01-29 10:13:49.588509,BANKNIFTY30JAN25F,BANKNIFTY,49015.3,300210,49000.25,49016.9,1470735,120,15
2025-01-29 10:13:51.475879,BANKNIFTY30JAN25F,BANKNIFTY,49000.65,300255,49001.15,49016.65,1470735,120,60
2025-01-29 10:13:55.665689,BANKNIFTY30JAN25F,BANKNIFTY,49010.0,300915,49001.25,49008.8,1470735,150,15
2025-01-29 10:13:58.137266,BANKNIFTY30JAN25F,BANKNIFTY,49005.0,301260,49005.0,49018.9,1470735,30,15
2025-01-29 10:14:00.028593,BANKNIFTY30JAN25F,BANKNIFTY,49020.0,301335,49011.95,49020.05,1470735,15,15
2025-01-29 10:14:01.774445,BANKNIFTY30JAN25F,BANKNIFTY,49001.35,301365,49001.35,49017.0,1470735,150,45
2025-01-29 10:14:03.695515,BANKNIFTY30JAN25F,BANKNIFTY,49017.05,301485,49001.45,49017.05,1470735,120,75
2025-01-29 10:14:05.017062,BANKNIFTY30JAN25F,BANKNIFTY,49004.6,301620,49006.15,49015.0,1470735,15,75
2025-01-29 10:14:06.334350,BANKNIFTY30JAN25F,BANKNIFTY,49010.55,301620,49006.15,49015.0,1470735,15,75
2025-01-29 10:14:07.645439,BANKNIFTY30JAN25F,BANKNIFTY,48996.2,303930,48990.0,49004.1,1470735,15,165
2025-01-29 10:14:56.951096,BANKNIFTY30JAN25F,BANKNIFTY,48996.8,304965,48993.7,49010.55,1470735,150,15
2025-01-29 10:14:58.287893,BANKNIFTY30JAN25F,BANKNIFTY,49002.1,305055,49002.1,49012.55,1470735,30,90
2025-01-29 10:14:59.604696,BANKNIFTY30JAN25F,BANKNIFTY,49007.3,305055,49002.1,49012.55,1470735,30,90
2025-01-29 10:15:00.992891,BANKNIFTY30JAN25F,BANKNIFTY,49000.0,305115,49000.0,49007.0,1470735,15,45
2025-01-29 10:15:02.367553,BANKNIFTY30JAN25F,BANKNIFTY,48993.85,305190,48997.9,49007.0,1470735,120,60
2025-01-29 10:15:03.760142,BANKNIFTY30JAN25F,BANKNIFTY,48997.9,305325,48995.25,49003.65,1470735,120,15
2025-01-29 10:15:05.125193,BANKNIFTY30JAN25F,BANKNIFTY,49003.65,305340,48999.8,49003.65,1470735,165,15
2025-01-29 10:15:06.730261,BANKNIFTY30JAN25F,BANKNIFTY,49013.9,305625,48998.65,49006.95,1470735,180,15
2025-01-29 10:15:08.092203,BANKNIFTY30JAN25F,BANKNIFTY,48999.5,305625,48998.65,49006.95,1470735,180,15
2025-01-29 10:15:09.435717,BANKNIFTY30JAN25F,BANKNIFTY,49013.2,305730,48996.8,49000.75,1470735,120,30
2025-01-29 10:15:10.930282,BANKNIFTY30JAN25F,BANKNIFTY,49002.45,305985,49000.05,49002.45,1470735,120,30
2025-01-29 10:15:12.304721,BANKNIFTY30JAN25F,BANKNIFTY,49016.95,306060,49002.45,49010.0,1470735,150,15
2025-01-29 11:49:58.165970,BANKNIFTY30JAN25F,BANKNIFTY,49045.7,665145,49046.0,49059.95,1413000,30,120
2025-01-29 11:49:59.677934,BANKNIFTY30JAN25F,BANKNIFTY,49040.35,665145,49043.85,49058.7,1413000,15,150
2025-01-29 11:50:01.048281,BANKNIFTY30JAN25F,BANKNIFTY,49045.0,665190,49040.0,49045.25,1413000,45,15
2025-01-29 11:50:02.430885,BANKNIFTY30JAN25F,BANKNIFTY,49046.0,665250,49045.85,49050.0,1413000,75,15
2025-01-29 11:50:04.132454,BANKNIFTY30JAN25F,BANKNIFTY,49052.7,665325,49042.5,49057.75,1413000,15,120
2025-01-29 11:50:05.475896,BANKNIFTY30JAN25F,BANKNIFTY,49051.5,665460,49037.9,49051.5,1413000,15,120
2025-01-29 11:50:07.284016,BANKNIFTY30JAN25F,BANKNIFTY,49034.9,665535,49034.15,49047.35,1413000,60,120
2025-01-29 11:50:08.680499,BANKNIFTY30JAN25F,BANKNIFTY,49039.55,665625,49039.6,49047.35,1413000,15,15
2025-01-29 11:50:10.259733,BANKNIFTY30JAN25F,BANKNIFTY,49047.35,665655,49040.9,49051.55,1413000,15,15
2025-01-29 11:50:11.634228,BANKNIFTY30JAN25F,BANKNIFTY,49039.85,665655,49040.9,49051.55,1413000,15,15
2025-01-29 11:50:13.173673,BANKNIFTY30JAN25F,BANKNIFTY,49039.85,665700,49035.4,49047.25,1413000,135,30
2025-01-29 11:50:14.503563,BANKNIFTY30JAN25F,BANKNIFTY,49039.85,665700,49037.25,49039.45,1413000,150,15
2025-01-29 11:50:15.838294,BANKNIFTY30JAN25F,BANKNIFTY,49039.45,665715,49035.2,49039.45,1413000,15,15
2025-01-29 11:50:17.204587,BANKNIFTY30JAN25F,BANKNIFTY,49039.45,665715,49033.05,49037.35,1413000,120,15
2025-01-29 11:50:18.506843,BANKNIFTY30JAN25F,BANKNIFTY,49037.35,665745,49033.35,49047.95,1413000,75,150
2025-01-29 11:50:19.885779,BANKNIFTY30JAN25F,BANKNIFTY,49033.35,665745,49033.35,49047.95,1413000,75,150
2025-01-29 11:50:21.174947,BANKNIFTY30JAN25F,BANKNIFTY,49050.0,665835,49040.85,49055.45,1413000,120,120
2025-01-29 11:50:22.473669,BANKNIFTY30JAN25F,BANKNIFTY,49050.0,665865,49039.9,49050.0,1413000,15,195
2025-01-29 11:50:23.758818,BANKNIFTY30JAN25F,BANKNIFTY,49050.0,665865,49039.8,49050.0,1413000,30,195
2025-01-29 11:50:25.054282,BANKNIFTY30JAN25F,BANKNIFTY,49038.45,665865,49039.8,49050.0,1413000,30,195
2025-01-29 11:50:26.361499,BANKNIFTY30JAN25F,BANKNIFTY,49042.45,666015,49040.05,49050.0,1413000,30,195
2025-01-29 11:50:27.673722,BANKNIFTY30JAN25F,BANKNIFTY,49060.0,666045,49045.7,49050.0,1413000,75,195
2025-01-29 11:50:28.998743,BANKNIFTY30JAN25F,BANKNIFTY,49051.05,666345,49046.1,49059.95,1413000,15,120
2025-01-29 11:50:30.298933,BANKNIFTY30JAN25F,BANKNIFTY,49042.35,666345,49044.4,49059.95,1413000,120,150
2025-01-29 11:50:31.666956,BANKNIFTY30JAN25F,BANKNIFTY,49041.45,666345,49044.4,49059.95,1413000,120,150
2025-01-29 11:50:33.008832,BANKNIFTY30JAN25F,BANKNIFTY,49057.6,666465,49043.3,49044.4,1413000,60,30
2025-01-29 11:50:34.330181,BANKNIFTY30JAN25F,BANKNIFTY,49046.15,666510,49044.8,49058.45,1413000,15,120
2025-01-29 11:50:35.620240,BANKNIFTY30JAN25F,BANKNIFTY,49046.15,666525,49046.1,49059.55,1413000,15,120
2025-01-29 11:50:36.943531,BANKNIFTY30JAN25F,BANKNIFTY,49046.15,666525,49044.4,49051.05,1413000,15,15
2025-01-29 11:50:38.299564,BANKNIFTY30JAN25F,BANKNIFTY,49046.15,666525,49044.4,49051.05,1413000,15,15
2025-01-29 11:50:39.607575,BANKNIFTY30JAN25F,BANKNIFTY,49046.15,666525,49044.4,49051.05,1413000,15,15
2025-01-29 11:50:40.917446,BANKNIFTY30JAN25F,BANKNIFTY,49046.15,666525,49044.4,49047.75,1413000,15,30
2025-01-29 11:50:42.234842,BANKNIFTY30JAN25F,BANKNIFTY,49044.4,666525,49044.4,49047.75,1413000,15,45
2025-01-29 11:50:43.537150,BANKNIFTY30JAN25F,BANKNIFTY,49044.4,666540,49037.0,49047.0,1413000,15,45
2025-01-29 11:50:44.832711,BANKNIFTY30JAN25F,BANKNIFTY,49044.4,666540,49037.0,49047.0,1413000,15,45
2025-01-29 11:50:46.126914,BANKNIFTY30JAN25F,BANKNIFTY,49037.0,666540,49037.0,49047.0,1413000,15,15
2025-01-29 11:50:47.425236,BANKNIFTY30JAN25F,BANKNIFTY,49042.0,666570,49044.0,49047.0,1413000,15,30
2025-01-29 11:50:48.725732,BANKNIFTY30JAN25F,BANKNIFTY,49044.0,666570,49044.0,49047.0,1413000,15,30
2025-01-29 11:50:50.034373,BANKNIFTY30JAN25F,BANKNIFTY,49044.0,666570,49044.0,49047.0,1413000,15,30
2025-01-29 11:50:51.319942,BANKNIFTY30JAN25F,BANKNIFTY,49039.7,666585,49038.75,49047.0,1413000,30,45
2025-01-29 11:50:52.618140,BANKNIFTY30JAN25F,BANKNIFTY,49039.7,666690,49040.75,49047.0,1413000,15,30
2025-01-29 11:50:53.923569,BANKNIFTY30JAN25F,BANKNIFTY,49039.7,666690,49039.65,49047.0,1413000,15,30
2025-01-29 11:50:55.217534,BANKNIFTY30JAN25F,BANKNIFTY,49039.7,666690,49037.85,49047.0,1413000,45,30
2025-01-29 11:50:56.513381,BANKNIFTY30JAN25F,BANKNIFTY,49039.7,666690,49037.85,49047.0,1413000,45,30
2025-01-29 11:50:57.815609,BANKNIFTY30JAN25F,BANKNIFTY,49042.0,666690,49030.75,49042.0,1413000,15,15
2025-01-29 11:50:59.128195,BANKNIFTY30JAN25F,BANKNIFTY,49042.0,666705,49031.95,49042.0,1413000,15,30
2025-01-29 11:51:00.417501,BANKNIFTY30JAN25F,BANKNIFTY,49030.0,666735,49030.0,49035.85,1413000,15,120
2025-01-29 11:51:01.718057,BANKNIFTY30JAN25F,BANKNIFTY,49021.4,666735,49030.0,49035.85,1413000,15,120
2025-01-29 11:51:03.034170,BANKNIFTY30JAN25F,BANKNIFTY,49018.25,666810,49017.4,49030.15,1413000,30,30
2025-01-29 11:51:04.343995,BANKNIFTY30JAN25F,BANKNIFTY,49018.25,666810,49018.2,49030.1,1413000,15,30
2025-01-29 11:51:05.678511,BANKNIFTY30JAN25F,BANKNIFTY,49018.25,666810,49014.6,49016.85,1413000,15,15
2025-01-29 11:51:06.981118,BANKNIFTY30JAN25F,BANKNIFTY,49016.85,666825,49015.55,49016.85,1413000,15,30
2025-01-29 11:51:08.292668,BANKNIFTY30JAN25F,BANKNIFTY,49016.1,666825,49015.55,49016.85,1413000,15,30
2025-01-29 11:51:09.623394,BANKNIFTY30JAN25F,BANKNIFTY,49016.2,666885,49014.6,49016.2,1413000,15,30
2025-01-29 11:51:10.928145,BANKNIFTY30JAN25F,BANKNIFTY,49016.2,666915,49011.0,49016.2,1413000,15,15
2025-01-29 11:51:12.489421,BANKNIFTY30JAN25F,BANKNIFTY,49016.2,666930,49011.0,49018.25,1413000,15,15
2025-01-29 11:51:13.970089,BANKNIFTY30JAN25F,BANKNIFTY,49016.2,666930,49011.0,49016.2,1413000,15,15
2025-01-29 11:51:15.675662,BANKNIFTY30JAN25F,BANKNIFTY,49011.0,666945,49007.15,49010.05,1413000,15,15
2025-01-29 11:51:17.083170,BANKNIFTY30JAN25F,BANKNIFTY,49011.0,666945,49007.15,49010.05,1413000,15,30
2025-01-29 11:51:18.460488,BANKNIFTY30JAN25F,BANKNIFTY,49011.0,666945,49008.9,49010.05,1413000,15,30
2025-01-29 11:51:19.989788,BANKNIFTY30JAN25F,BANKNIFTY,49008.85,666945,49008.9,49010.05,1413000,15,30
2025-01-29 11:51:21.371440,BANKNIFTY30JAN25F,BANKNIFTY,49010.05,667005,49010.35,49016.2,1413000,15,15
2025-01-29 11:51:22.674790,BANKNIFTY30JAN25F,BANKNIFTY,49010.05,667005,49013.7,49016.2,1413000,15,15
2025-01-29 11:51:24.067063,BANKNIFTY30JAN25F,BANKNIFTY,49009.85,667005,49011.0,49016.2,1413000,15,15
2025-01-29 11:51:25.475452,BANKNIFTY30JAN25F,BANKNIFTY,49018.25,667065,49015.5,49016.2,1413000,15,15
2025-01-29 11:51:26.771705,BANKNIFTY30JAN25F,BANKNIFTY,49022.75,667170,49021.95,49036.25,1413000,60,120
2025-01-29 11:51:28.405840,BANKNIFTY30JAN25F,BANKNIFTY,49023.5,667230,49022.45,49035.75,1413000,30,150
2025-01-29 11:51:29.720055,BANKNIFTY30JAN25F,BANKNIFTY,49022.7,667230,49022.45,49035.75,1413000,30,150
2025-01-29 11:51:31.022071,BANKNIFTY30JAN25F,BANKNIFTY,49020.3,667290,49019.9,49032.35,1413000,15,30
2025-01-29 11:51:32.747778,BANKNIFTY30JAN25F,BANKNIFTY,49033.25,667290,49020.1,49032.1,1413000,15,30
2025-01-29 11:51:34.061958,BANKNIFTY30JAN25F,BANKNIFTY,49019.7,667320,49020.25,49033.6,1413000,45,120
2025-01-29 11:51:35.368842,BANKNIFTY30JAN25F,BANKNIFTY,49018.7,667395,49019.6,49034.55,1413000,30,150
2025-01-29 11:51:36.683845,BANKNIFTY30JAN25F,BANKNIFTY,49031.6,667440,49020.9,49034.4,1413000,30,120
2025-01-29 11:51:37.992159,BANKNIFTY30JAN25F,BANKNIFTY,49034.3,667440,49020.9,49034.4,1413000,30,120
2025-01-29 11:51:39.314875,BANKNIFTY30JAN25F,BANKNIFTY,49016.85,667485,49016.8,49030.5,1413000,90,120
2025-01-29 11:51:40.667056,BANKNIFTY30JAN25F,BANKNIFTY,49022.45,667590,49017.1,49031.65,1413000,15,120
2025-01-29 11:51:42.006211,BANKNIFTY30JAN25F,BANKNIFTY,49016.7,668190,49017.15,49030.25,1413000,60,30
2025-01-29 11:51:43.309428,BANKNIFTY30JAN25F,BANKNIFTY,49016.7,668190,49019.1,49030.25,1413000,45,15
2025-01-29 11:51:44.606228,BANKNIFTY30JAN25F,BANKNIFTY,49018.65,668190,49019.1,49030.25,1413000,45,15
2025-01-29 11:51:45.933824,BANKNIFTY30JAN25F,BANKNIFTY,49018.65,668265,49018.6,49030.25,1413000,30,15
2025-01-29 11:51:47.242188,BANKNIFTY30JAN25F,BANKNIFTY,49018.1,668265,49017.7,49030.25,1413000,15,15
2025-01-29 11:51:48.552850,BANKNIFTY30JAN25F,BANKNIFTY,49018.1,668280,49017.0,49030.2,1413000,45,120
2025-01-29 11:51:49.891971,BANKNIFTY30JAN25F,BANKNIFTY,49018.1,668280,49016.8,49027.75,1413000,15,30
2025-01-29 11:51:51.189519,BANKNIFTY30JAN25F,BANKNIFTY,49018.1,668280,49016.8,49027.75,1413000,15,30
2025-01-29 11:51:52.504139,BANKNIFTY30JAN25F,BANKNIFTY,49018.1,668280,49016.8,49027.75,1413000,15,15
2025-01-29 11:51:53.799591,BANKNIFTY30JAN25F,BANKNIFTY,49018.1,668280,49019.7,49027.75,1413000,45,15
2025-01-29 11:51:55.105364,BANKNIFTY30JAN25F,BANKNIFTY,49017.95,668565,49019.85,49023.75,1413000,15,30
2025-01-29 11:51:56.422549,BANKNIFTY30JAN25F,BANKNIFTY,49017.95,668565,49021.85,49023.7,1413000,75,15
2025-01-29 11:51:57.714201,BANKNIFTY30JAN25F,BANKNIFTY,49017.95,668565,49021.85,49023.7,1413000,75,15
2025-01-29 11:51:59.002968,BANKNIFTY30JAN25F,BANKNIFTY,49017.95,668565,49021.9,49023.7,1413000,15,30
2025-01-29 11:52:00.312206,BANKNIFTY30JAN25F,BANKNIFTY,49016.8,668565,49016.8,49023.7,1413000,15,30
2025-01-29 11:52:01.641477,BANKNIFTY30JAN25F,BANKNIFTY,49012.65,668595,49011.0,49020.25,1413000,15,15
2025-01-29 11:52:02.946394,BANKNIFTY30JAN25F,BANKNIFTY,49012.65,668595,49015.0,49020.25,1413000,15,15
2025-01-29 11:52:04.249574,BANKNIFTY30JAN25F,BANKNIFTY,49012.65,668595,49015.0,49020.25,1413000,15,15
2025-01-29 11:52:05.549903,BANKNIFTY30JAN25F,BANKNIFTY,49012.65,668595,49015.0,49020.25,1413000,15,15
2025-01-29 11:52:06.843951,BANKNIFTY30JAN25F,BANKNIFTY,49012.65,668595,49015.0,49020.25,1413000,15,15
2025-01-29 11:52:08.153625,BANKNIFTY30JAN25F,BANKNIFTY,49015.0,668595,49015.0,49026.4,1413000,15,120
2025-01-29 11:52:09.449038,BANKNIFTY30JAN25F,BANKNIFTY,49015.0,668610,49011.0,49015.0,1413000,15,15
2025-01-29 11:52:10.786314,BANKNIFTY30JAN25F,BANKNIFTY,49013.0,668610,49011.0,49015.0,1413000,15,15
2025-01-29 11:52:12.093547,BANKNIFTY30JAN25F,BANKNIFTY,49015.0,668655,49015.0,49026.2,1413000,30,120
2025-01-29 11:52:13.439061,BANKNIFTY30JAN25F,BANKNIFTY,49015.0,668685,49013.15,49026.25,1413000,15,15
2025-01-29 11:52:14.747877,BANKNIFTY30JAN25F,BANKNIFTY,49013.05,668790,49013.7,49026.25,1413000,75,30
2025-01-29 11:52:16.052873,BANKNIFTY30JAN25F,BANKNIFTY,49013.05,668805,49015.0,49026.25,1413000,120,15
2025-01-29 11:52:17.347310,BANKNIFTY30JAN25F,BANKNIFTY,49013.05,668805,49015.0,49026.25,1413000,120,15
2025-01-29 11:52:18.668441,BANKNIFTY30JAN25F,BANKNIFTY,49013.05,668805,49015.0,49026.25,1413000,120,15
2025-01-29 11:52:19.959711,BANKNIFTY30JAN25F,BANKNIFTY,49013.05,668805,49016.25,49020.65,1413000,15,15
2025-01-29 11:52:21.250498,BANKNIFTY30JAN25F,BANKNIFTY,49013.05,668805,49016.25,49020.65,1413000,15,15
2025-01-29 11:52:22.552346,BANKNIFTY30JAN25F,BANKNIFTY,49020.65,668805,49016.25,49020.65,1413000,15,15
2025-01-29 11:52:23.857654,BANKNIFTY30JAN25F,BANKNIFTY,49020.65,668820,49016.25,49020.65,1413000,15,15
2025-01-29 11:52:25.152021,BANKNIFTY30JAN25F,BANKNIFTY,49016.25,668835,49015.0,49020.0,1413000,120,45
2025-01-29 11:52:26.447747,BANKNIFTY30JAN25F,BANKNIFTY,49015.0,668880,49015.0,49020.0,1413000,75,45
2025-01-29 11:52:28.076284,BANKNIFTY30JAN25F,BANKNIFTY,49010.3,668985,49010.3,49020.0,1413000,45,45
2025-01-29 11:52:29.456923,BANKNIFTY30JAN25F,BANKNIFTY,49035.0,669165,49021.25,49035.0,1413000,30,30
2025-01-29 11:52:30.941704,BANKNIFTY30JAN25F,BANKNIFTY,49024.9,669165,49021.25,49035.0,1405800,30,30
2025-01-29 11:52:32.329855,BANKNIFTY30JAN25F,BANKNIFTY,49024.95,669255,49025.15,49035.0,1405800,30,75
2025-01-29 11:52:33.800577,BANKNIFTY30JAN25F,BANKNIFTY,49046.9,669255,49023.4,49035.0,1405800,15,75
2025-01-29 11:52:35.333076,BANKNIFTY30JAN25F,BANKNIFTY,49031.5,669630,49030.7,49047.05,1405800,105,150
2025-01-29 11:52:36.742581,BANKNIFTY30JAN25F,BANKNIFTY,49026.45,669630,49025.95,49040.8,1405800,105,150
2025-01-29 11:52:38.085731,BANKNIFTY30JAN25F,BANKNIFTY,49026.45,669660,49022.95,49037.95,1405800,75,150
2025-01-29 11:52:39.611563,BANKNIFTY30JAN25F,BANKNIFTY,49021.7,669690,49017.8,49034.55,1405800,45,150
2025-01-29 11:52:40.965463,BANKNIFTY30JAN25F,BANKNIFTY,49021.7,669690,49017.8,49034.55,1405800,45,150
2025-01-29 11:52:42.289079,BANKNIFTY30JAN25F,BANKNIFTY,49021.7,669690,49015.0,49027.45,1405800,15,120
2025-01-29 11:52:43.878677,BANKNIFTY30JAN25F,BANKNIFTY,49015.0,669690,49015.0,49022.55,1405800,15,135
2025-01-29 11:52:45.256620,BANKNIFTY30JAN25F,BANKNIFTY,49015.0,669705,49010.0,49018.8,1405800,30,15
2025-01-29 11:52:46.559377,BANKNIFTY30JAN25F,BANKNIFTY,49015.0,669705,49010.0,49017.05,1405800,30,30
2025-01-29 11:52:47.849287,BANKNIFTY30JAN25F,BANKNIFTY,49020.85,670305,49010.0,49021.7,1405800,30,45
2025-01-29 11:52:49.153136,BANKNIFTY30JAN25F,BANKNIFTY,49020.85,670305,49010.0,49021.7,1405800,30,45
2025-01-29 11:52:50.454893,BANKNIFTY30JAN25F,BANKNIFTY,49020.85,670305,49010.0,49019.55,1405800,30,30
2025-01-29 11:52:51.740142,BANKNIFTY30JAN25F,BANKNIFTY,49020.85,670305,49010.0,49018.9,1405800,30,120
2025-01-29 11:52:53.036827,BANKNIFTY30JAN25F,BANKNIFTY,49020.85,670305,49010.0,49018.25,1405800,30,150
2025-01-29 11:52:54.348426,BANKNIFTY30JAN25F,BANKNIFTY,49005.0,670305,49010.0,49018.25,1405800,30,150
2025-01-29 11:52:55.628926,BANKNIFTY30JAN25F,BANKNIFTY,49000.0,670350,49000.05,49004.0,1405800,15,15
2025-01-29 11:52:56.932736,BANKNIFTY30JAN25F,BANKNIFTY,49001.0,670410,49000.0,49002.05,1405800,15,15
2025-01-29 11:52:58.360752,BANKNIFTY30JAN25F,BANKNIFTY,49001.0,670425,49000.0,49002.05,1405800,15,15
2025-01-29 11:52:59.656416,BANKNIFTY30JAN25F,BANKNIFTY,49002.05,670455,49002.6,49017.6,1405800,45,120
2025-01-29 11:53:00.954719,BANKNIFTY30JAN25F,BANKNIFTY,49002.6,670455,49002.6,49017.6,1405800,45,120
2025-01-29 11:53:02.320613,BANKNIFTY30JAN25F,BANKNIFTY,49002.35,670485,49002.25,49016.9,1405800,45,15
2025-01-29 11:53:03.621249,BANKNIFTY30JAN25F,BANKNIFTY,49002.35,670500,49001.45,49016.25,1405800,30,150
2025-01-29 11:53:04.924341,BANKNIFTY30JAN25F,BANKNIFTY,49006.65,670755,49006.25,49020.7,1405800,75,120
2025-01-29 11:53:06.220539,BANKNIFTY30JAN25F,BANKNIFTY,49005.25,670800,49004.9,49018.2,1405800,195,15
2025-01-29 11:53:07.513585,BANKNIFTY30JAN25F,BANKNIFTY,49005.25,670800,49004.9,49018.2,1405800,195,15
2025-01-29 11:53:08.805772,BANKNIFTY30JAN25F,BANKNIFTY,49005.25,670800,49005.55,49018.2,1405800,15,15
2025-01-29 11:53:10.090896,BANKNIFTY30JAN25F,BANKNIFTY,49005.25,670800,49013.25,49018.2,1405800,30,30
2025-01-29 11:53:11.380592,BANKNIFTY30JAN25F,BANKNIFTY,49018.2,670815,49009.35,49018.2,1405800,75,15
2025-01-29 11:53:12.680235,BANKNIFTY30JAN25F,BANKNIFTY,49018.2,670815,49009.35,49018.2,1405800,75,15
2025-01-29 11:53:13.971273,BANKNIFTY30JAN25F,BANKNIFTY,49024.75,670815,49009.75,49018.2,1405800,30,15
2025-01-29 11:53:15.272210,BANKNIFTY30JAN25F,BANKNIFTY,49024.75,670845,49011.15,49025.95,1405800,15,120
2025-01-29 11:53:16.562011,BANKNIFTY30JAN25F,BANKNIFTY,49012.7,670875,49012.7,49026.0,1405800,15,15
2025-01-29 11:53:17.857619,BANKNIFTY30JAN25F,BANKNIFTY,49012.7,670875,49015.75,49026.0,1405800,30,30
2025-01-29 11:53:19.165419,BANKNIFTY30JAN25F,BANKNIFTY,49012.7,670875,49015.75,49026.0,1405800,30,30
2025-01-29 11:53:20.454866,BANKNIFTY30JAN25F,BANKNIFTY,49012.7,670875,49017.65,49026.0,1405800,15,60
2025-01-29 11:53:21.750902,BANKNIFTY30JAN25F,BANKNIFTY,49017.65,670905,49016.7,49026.0,1405800,15,75
2025-01-29 11:53:23.038818,BANKNIFTY30JAN25F,BANKNIFTY,49017.0,670965,49017.45,49026.0,1405800,15,45
2025-01-29 11:53:24.336808,BANKNIFTY30JAN25F,BANKNIFTY,49017.0,670965,49017.45,49026.0,1405800,15,45
2025-01-29 11:53:25.621120,BANKNIFTY30JAN25F,BANKNIFTY,49017.4,670965,49017.6,49025.95,1405800,45,30
2025-01-29 11:53:26.929480,BANKNIFTY30JAN25F,BANKNIFTY,49017.4,670980,49016.45,49025.95,1405800,15,45
2025-01-29 11:53:28.229191,BANKNIFTY30JAN25F,BANKNIFTY,49014.15,670980,49014.6,49025.95,1405800,15,45
2025-01-29 11:53:29.532808,BANKNIFTY30JAN25F,BANKNIFTY,49014.15,671010,49014.55,49025.95,1405800,15,45
2025-01-29 11:53:30.818035,BANKNIFTY30JAN25F,BANKNIFTY,49014.15,671010,49013.7,49025.95,1405800,15,45
2025-01-29 11:53:32.128104,BANKNIFTY30JAN25F,BANKNIFTY,49013.65,671010,49013.7,49025.95,1405800,15,45
2025-01-29 11:53:33.440754,BANKNIFTY30JAN25F,BANKNIFTY,49016.2,671025,49016.0,49019.85,1405800,15,15
2025-01-29 11:53:34.761920,BANKNIFTY30JAN25F,BANKNIFTY,49016.2,671055,49016.35,49019.8,1405800,45,45
2025-01-29 11:53:36.066067,BANKNIFTY30JAN25F,BANKNIFTY,49015.45,671085,49016.65,49019.8,1405800,45,45
2025-01-29 11:53:37.357315,BANKNIFTY30JAN25F,BANKNIFTY,49020.15,671160,49020.9,49030.3,1405800,30,15
2025-01-29 11:53:38.663172,BANKNIFTY30JAN25F,BANKNIFTY,49020.15,671160,49020.9,49030.3,1405800,30,15
2025-01-29 11:53:39.966310,BANKNIFTY30JAN25F,BANKNIFTY,49020.15,671160,49021.05,49030.3,1405800,90,15
2025-01-29 11:53:41.265906,BANKNIFTY30JAN25F,BANKNIFTY,49021.15,671160,49019.95,49030.3,1405800,30,60
2025-01-29 11:53:42.571160,BANKNIFTY30JAN25F,BANKNIFTY,49021.15,671190,49020.45,49029.7,1405800,15,15
2025-01-29 11:53:43.880554,BANKNIFTY30JAN25F,BANKNIFTY,49029.7,671220,49020.65,49029.7,1405800,15,30
2025-01-29 11:53:45.338968,BANKNIFTY30JAN25F,BANKNIFTY,49029.7,671220,49019.7,49020.5,1405800,30,15
2025-01-29 11:53:46.728367,BANKNIFTY30JAN25F,BANKNIFTY,49020.5,671235,49017.0,49020.5,1405800,15,30
2025-01-29 11:53:48.183316,BANKNIFTY30JAN25F,BANKNIFTY,49020.5,671235,49017.0,49020.5,1405800,15,30
2025-01-29 11:53:49.554663,BANKNIFTY30JAN25F,BANKNIFTY,49020.15,671280,49020.25,49034.9,1405800,30,150
2025-01-29 11:53:50.930600,BANKNIFTY30JAN25F,BANKNIFTY,49035.0,671310,49027.7,49034.95,1405800,30,15
2025-01-29 11:53:52.373580,BANKNIFTY30JAN25F,BANKNIFTY,49035.0,671370,49027.85,49030.1,1405800,90,15
2025-01-29 11:53:53.758168,BANKNIFTY30JAN25F,BANKNIFTY,49035.0,671370,49030.0,49030.1,1405800,30,45
2025-01-29 11:53:55.048832,BANKNIFTY30JAN25F,BANKNIFTY,49035.0,671520,49032.85,49038.0,1405800,75,15
2025-01-29 11:53:56.403352,BANKNIFTY30JAN25F,BANKNIFTY,49031.0,671520,49032.85,49038.0,1405800,75,15
2025-01-29 11:53:57.709845,BANKNIFTY30JAN25F,BANKNIFTY,49035.0,671550,49035.0,49038.0,1405800,90,15
2025-01-29 11:53:59.180405,BANKNIFTY30JAN25F,BANKNIFTY,49035.0,671550,49035.0,49038.0,1405800,90,15
2025-01-29 11:54:00.566335,BANKNIFTY30JAN25F,BANKNIFTY,49035.0,671550,49035.0,49038.0,1405800,105,15
2025-01-29 11:54:01.871663,BANKNIFTY30JAN25F,BANKNIFTY,49035.0,671655,49024.1,49037.85,1405800,60,30
2025-01-29 11:54:03.168107,BANKNIFTY30JAN25F,BANKNIFTY,49035.0,671655,49030.0,49038.0,1405800,15,30
2025-01-29 11:54:04.470416,BANKNIFTY30JAN25F,BANKNIFTY,49035.0,671655,49030.0,49038.0,1405800,15,30
2025-01-29 11:54:05.761622,BANKNIFTY30JAN25F,BANKNIFTY,49035.0,671655,49030.0,49035.0,1405800,15,30
2025-01-29 11:54:07.172997,BANKNIFTY30JAN25F,BANKNIFTY,49030.0,671670,49030.0,49035.0,1405800,15,15
2025-01-29 11:54:08.702427,BANKNIFTY30JAN25F,BANKNIFTY,49021.6,671685,49025.7,49035.0,1405800,15,45
2025-01-29 11:54:10.076314,BANKNIFTY30JAN25F,BANKNIFTY,49020.0,671745,49019.75,49032.95,1405800,15,120
2025-01-29 11:54:11.447004,BANKNIFTY30JAN25F,BANKNIFTY,49020.55,671775,49021.3,49034.9,1405800,15,120
2025-01-29 11:54:12.903758,BANKNIFTY30JAN25F,BANKNIFTY,49020.55,671775,49020.0,49029.95,1405800,600,120
2025-01-29 11:54:14.268903,BANKNIFTY30JAN25F,BANKNIFTY,49020.0,671865,49020.0,49025.0,1405800,510,30
2025-01-29 11:54:15.896429,BANKNIFTY30JAN25F,BANKNIFTY,49025.0,671895,49020.0,49025.0,1405800,510,45
2025-01-29 11:54:17.203208,BANKNIFTY30JAN25F,BANKNIFTY,49020.0,671895,49020.0,49025.0,1405800,510,45
2025-01-29 11:54:18.564143,BANKNIFTY30JAN25F,BANKNIFTY,49020.0,672135,49020.0,49024.15,1405800,270,30
2025-01-29 11:54:19.935090,BANKNIFTY30JAN25F,BANKNIFTY,49020.0,672165,49020.0,49024.15,1405800,855,30
2025-01-29 11:54:21.262917,BANKNIFTY30JAN25F,BANKNIFTY,49028.4,672345,49020.0,49028.7,1405800,855,120
2025-01-29 11:54:22.652408,BANKNIFTY30JAN25F,BANKNIFTY,49020.0,672390,49020.0,49026.15,1405800,810,120
2025-01-29 11:54:23.936701,BANKNIFTY30JAN25F,BANKNIFTY,49020.0,672390,49020.0,49026.15,1405800,810,120
2025-01-29 11:54:25.371685,BANKNIFTY30JAN25F,BANKNIFTY,49020.0,672390,49020.0,49025.05,1405800,810,30
2025-01-29 11:54:26.701364,BANKNIFTY30JAN25F,BANKNIFTY,49020.0,672405,49020.0,49024.05,1405800,795,15
2025-01-29 11:54:28.027522,BANKNIFTY30JAN25F,BANKNIFTY,49025.0,672465,49020.0,49025.05,1405800,735,15
2025-01-29 11:54:29.329729,BANKNIFTY30JAN25F,BANKNIFTY,49025.0,672480,49020.0,49025.05,1405800,735,15
2025-01-29 11:54:30.734661,BANKNIFTY30JAN25F,BANKNIFTY,49024.9,672495,49020.0,49025.05,1405800,735,45
2025-01-29 11:54:32.059513,BANKNIFTY30JAN25F,BANKNIFTY,49020.0,672495,49020.0,49025.05,1405800,735,45
2025-01-29 11:54:33.373930,BANKNIFTY30JAN25F,BANKNIFTY,49020.0,672690,49020.0,49024.8,1405800,540,45
2025-01-29 11:54:34.682795,BANKNIFTY30JAN25F,BANKNIFTY,49020.0,672735,49020.0,49024.8,1405800,495,90
2025-01-29 11:54:36.005838,BANKNIFTY30JAN25F,BANKNIFTY,49020.0,672750,49020.0,49024.8,1405800,480,15
2025-01-29 11:54:37.309405,BANKNIFTY30JAN25F,BANKNIFTY,49020.0,672765,49020.0,49024.8,1405800,465,15
2025-01-29 11:54:38.645303,BANKNIFTY30JAN25F,BANKNIFTY,49020.0,672765,49020.0,49024.8,1405800,465,15
2025-01-29 11:54:39.965239,BANKNIFTY30JAN25F,BANKNIFTY,49020.0,672780,49020.0,49022.4,1405800,450,15
2025-01-29 11:54:41.268822,BANKNIFTY30JAN25F,BANKNIFTY,49024.8,672870,49020.0,49030.85,1405800,390,15
2025-01-29 11:54:42.560493,BANKNIFTY30JAN25F,BANKNIFTY,49024.8,672870,49020.0,49029.8,1405800,390,15
2025-01-29 11:54:43.865465,BANKNIFTY30JAN25F,BANKNIFTY,49024.8,672870,49020.0,49029.75,1405800,390,30
2025-01-29 11:54:45.154552,BANKNIFTY30JAN25F,BANKNIFTY,49024.8,672870,49020.0,49029.75,1405800,390,30
2025-01-29 11:54:46.442797,BANKNIFTY30JAN25F,BANKNIFTY,49024.8,672870,49020.0,49029.35,1405800,390,45
2025-01-29 11:54:47.737286,BANKNIFTY30JAN25F,BANKNIFTY,49024.8,672870,49020.0,49024.7,1405800,390,15
2025-01-29 11:54:49.107041,BANKNIFTY30JAN25F,BANKNIFTY,49024.65,672900,49020.0,49024.65,1405800,360,15
2025-01-29 11:54:50.421220,BANKNIFTY30JAN25F,BANKNIFTY,49020.0,673275,49010.0,49021.8,1405800,15,90
2025-01-29 11:54:51.721215,BANKNIFTY30JAN25F,BANKNIFTY,49021.5,673275,49010.0,49021.8,1405800,15,90
2025-01-29 11:54:53.014647,BANKNIFTY30JAN25F,BANKNIFTY,49021.5,673320,49010.0,49021.45,1405800,15,90
2025-01-29 11:54:54.375932,BANKNIFTY30JAN25F,BANKNIFTY,49021.45,673380,49010.05,49021.45,1405800,90,15
2025-01-29 11:54:55.682011,BANKNIFTY30JAN25F,BANKNIFTY,49021.45,673380,49010.05,49021.45,1405800,90,45
2025-01-29 11:54:56.990881,BANKNIFTY30JAN25F,BANKNIFTY,49010.05,673440,49010.05,49015.75,1405800,30,15
2025-01-29 11:54:58.298357,BANKNIFTY30JAN25F,BANKNIFTY,49010.05,673440,49010.05,49015.75,1405800,30,15
2025-01-29 11:54:59.599407,BANKNIFTY30JAN25F,BANKNIFTY,49010.05,673440,49010.05,49015.75,1405800,30,30
2025-01-29 11:55:01.084388,BANKNIFTY30JAN25F,BANKNIFTY,49010.05,673440,49013.0,49015.75,1405800,60,60
2025-01-29 11:55:02.545322,BANKNIFTY30JAN25F,BANKNIFTY,49010.9,673500,49010.9,49013.0,1405800,15,15
2025-01-29 11:55:04.061766,BANKNIFTY30JAN25F,BANKNIFTY,49013.2,673575,49013.3,49015.75,1405800,15,15
2025-01-29 11:55:05.472990,BANKNIFTY30JAN25F,BANKNIFTY,49013.2,673605,49014.7,49015.75,1405800,30,15
2025-01-29 11:55:06.850525,BANKNIFTY30JAN25F,BANKNIFTY,49013.2,673605,49010.7,49015.75,1405800,15,30
2025-01-29 11:55:08.364727,BANKNIFTY30JAN25F,BANKNIFTY,49013.2,673605,49012.25,49015.75,1405800,15,30
2025-01-29 11:55:09.855562,BANKNIFTY30JAN25F,BANKNIFTY,49013.2,673605,49010.65,49015.7,1405800,15,15
2025-01-29 11:55:11.234197,BANKNIFTY30JAN25F,BANKNIFTY,49015.7,673605,49010.65,49015.7,1405800,15,15
2025-01-29 11:55:12.532884,BANKNIFTY30JAN25F,BANKNIFTY,49012.0,673620,49012.0,49015.75,1405800,195,45
2025-01-29 11:55:13.948998,BANKNIFTY30JAN25F,BANKNIFTY,49012.0,673680,49012.0,49015.75,1405800,135,60
2025-01-29 11:55:15.241837,BANKNIFTY30JAN25F,BANKNIFTY,49021.05,673710,49012.0,49015.75,1405800,105,45
2025-01-29 11:55:16.628565,BANKNIFTY30JAN25F,BANKNIFTY,49012.0,673875,49012.0,49016.7,1405800,15,30
2025-01-29 11:55:18.233788,BANKNIFTY30JAN25F,BANKNIFTY,49012.0,673890,49010.0,49012.0,1405800,30,15
2025-01-29 11:55:19.575105,BANKNIFTY30JAN25F,BANKNIFTY,49010.0,673890,49010.0,49012.0,1405800,30,15
2025-01-29 11:55:20.875702,BANKNIFTY30JAN25F,BANKNIFTY,49010.0,673905,49010.0,49013.55,1405800,15,60
2025-01-29 11:55:22.154931,BANKNIFTY30JAN25F,BANKNIFTY,49010.0,673920,49006.65,49008.3,1405800,15,30
2025-01-29 11:55:23.481043,BANKNIFTY30JAN25F,BANKNIFTY,49010.0,673920,49006.65,49008.3,1405800,15,45
2025-01-29 11:55:24.797511,BANKNIFTY30JAN25F,BANKNIFTY,49008.3,673980,49002.0,49008.3,1405800,15,30
2025-01-29 11:55:26.099149,BANKNIFTY30JAN25F,BANKNIFTY,49000.95,673980,49002.0,49008.3,1405800,15,30
2025-01-29 11:55:27.401524,BANKNIFTY30JAN25F,BANKNIFTY,49000.0,674025,49000.0,49005.1,1405800,30,30
2025-01-29 11:55:28.703882,BANKNIFTY30JAN25F,BANKNIFTY,49000.0,674055,48991.0,49002.85,1405800,15,15
2025-01-29 11:55:30.025498,BANKNIFTY30JAN25F,BANKNIFTY,49000.0,674055,48995.1,49002.85,1405800,45,15
2025-01-29 11:55:31.319818,BANKNIFTY30JAN25F,BANKNIFTY,49000.0,674115,49000.0,49005.15,1405800,15,30
2025-01-29 11:55:32.650803,BANKNIFTY30JAN25F,BANKNIFTY,49008.6,674115,49000.0,49005.15,1406085,15,30
2025-01-29 11:55:33.948765,BANKNIFTY30JAN25F,BANKNIFTY,49000.0,674175,48996.95,49010.0,1406085,15,15
2025-01-29 11:55:35.243328,BANKNIFTY30JAN25F,BANKNIFTY,48996.95,674190,48996.9,49010.0,1406085,15,15
2025-01-29 11:55:36.581366,BANKNIFTY30JAN25F,BANKNIFTY,48996.95,674190,48998.05,49010.0,1406085,30,30
2025-01-29 11:55:37.922756,BANKNIFTY30JAN25F,BANKNIFTY,48996.95,674190,48998.65,49010.0,1406085,15,30
2025-01-29 11:55:39.228842,BANKNIFTY30JAN25F,BANKNIFTY,48996.95,674190,48998.65,49010.0,1406085,15,30
2025-01-29 11:55:40.530871,BANKNIFTY30JAN25F,BANKNIFTY,48999.4,674205,48998.95,49010.0,1406085,15,30
2025-01-29 11:55:41.836202,BANKNIFTY30JAN25F,BANKNIFTY,48999.4,674205,49003.05,49004.5,1406085,15,15
2025-01-29 11:55:43.127448,BANKNIFTY30JAN25F,BANKNIFTY,49010.0,674235,49002.15,49004.45,1406085,45,75
2025-01-29 11:55:44.458510,BANKNIFTY30JAN25F,BANKNIFTY,49019.35,674400,49005.15,49020.85,1406085,45,120
2025-01-29 11:55:45.753356,BANKNIFTY30JAN25F,BANKNIFTY,49006.1,674400,49005.15,49020.85,1406085,45,120
2025-01-29 11:55:47.062148,BANKNIFTY30JAN25F,BANKNIFTY,49006.5,674460,49006.75,49020.85,1406085,30,15
2025-01-29 11:55:48.419649,BANKNIFTY30JAN25F,BANKNIFTY,49006.5,674460,49008.65,49020.85,1406085,15,15
2025-01-29 11:55:49.726692,BANKNIFTY30JAN25F,BANKNIFTY,49006.5,674460,49006.9,49020.6,1406085,15,150
2025-01-29 11:55:51.055261,BANKNIFTY30JAN25F,BANKNIFTY,49005.0,674490,49005.0,49013.75,1406085,585,15
2025-01-29 11:55:52.369392,BANKNIFTY30JAN25F,BANKNIFTY,49013.75,674490,49005.0,49013.75,1406085,585,15
2025-01-29 11:55:53.656792,BANKNIFTY30JAN25F,BANKNIFTY,49013.75,674505,49005.15,49013.75,1406085,30,15
2025-01-29 11:55:54.944808,BANKNIFTY30JAN25F,BANKNIFTY,49005.0,674520,49005.0,49013.75,1406085,570,30
2025-01-29 11:55:56.238892,BANKNIFTY30JAN25F,BANKNIFTY,49005.0,674520,49005.0,49009.3,1406085,570,30
2025-01-29 11:55:57.577991,BANKNIFTY30JAN25F,BANKNIFTY,49009.3,674535,49005.0,49009.3,1406085,570,15
2025-01-29 11:55:58.893856,BANKNIFTY30JAN25F,BANKNIFTY,49007.15,674565,49005.0,49009.3,1406085,1155,15
2025-01-29 11:56:00.616391,BANKNIFTY30JAN25F,BANKNIFTY,49005.0,674565,49005.0,49009.3,1406085,1155,15
2025-01-29 11:56:01.952415,BANKNIFTY30JAN25F,BANKNIFTY,49005.0,675720,48991.45,49006.2,1406085,15,120
2025-01-29 11:56:03.295261,BANKNIFTY30JAN25F,BANKNIFTY,48993.0,675750,48991.45,48993.0,1406085,15,30
2025-01-29 11:56:04.613366,BANKNIFTY30JAN25F,BANKNIFTY,48993.0,675780,48992.9,49006.2,1406085,15,15
2025-01-29 11:56:05.929896,BANKNIFTY30JAN25F,BANKNIFTY,48993.0,675780,48993.45,49006.2,1406085,15,15
2025-01-29 11:56:07.264418,BANKNIFTY30JAN25F,BANKNIFTY,48993.0,675780,48993.45,49006.2,1406085,15,15
2025-01-29 11:56:08.580581,BANKNIFTY30JAN25F,BANKNIFTY,48992.65,675780,48994.25,49006.2,1406085,15,15
2025-01-29 11:56:09.898961,BANKNIFTY30JAN25F,BANKNIFTY,48992.65,675795,48992.15,49000.25,1406085,45,15
2025-01-29 11:56:11.226749,BANKNIFTY30JAN25F,BANKNIFTY,48992.65,675795,48995.0,49000.25,1406085,600,15
2025-01-29 11:56:12.529509,BANKNIFTY30JAN25F,BANKNIFTY,48992.65,675795,48995.0,49000.25,1406085,600,15
2025-01-29 11:56:13.863351,BANKNIFTY30JAN25F,BANKNIFTY,48997.7,675810,48995.05,49000.25,1406085,15,15
2025-01-29 11:56:15.187274,BANKNIFTY30JAN25F,BANKNIFTY,48997.7,675810,48995.05,49000.25,1406085,15,15
2025-01-29 11:56:16.489654,BANKNIFTY30JAN25F,BANKNIFTY,48997.7,675810,48995.1,49000.25,1406085,30,15
2025-01-29 11:56:17.989285,BANKNIFTY30JAN25F,BANKNIFTY,48997.7,675810,48995.1,49000.25,1406085,30,15
2025-01-29 11:56:19.567926,BANKNIFTY30JAN25F,BANKNIFTY,48997.7,675810,48997.4,49009.3,1406085,30,15
2025-01-29 11:56:21.039456,BANKNIFTY30JAN25F,BANKNIFTY,48995.7,675840,48995.1,49003.35,1406085,30,30
2025-01-29 11:56:22.437280,BANKNIFTY30JAN25F,BANKNIFTY,48995.7,675840,48995.25,48997.0,1406085,60,30
2025-01-29 11:56:23.913605,BANKNIFTY30JAN25F,BANKNIFTY,48995.7,675840,48995.1,48996.15,1406085,30,30
2025-01-29 11:56:25.401649,BANKNIFTY30JAN25F,BANKNIFTY,48995.7,675840,48995.1,48996.15,1406085,30,30
2025-01-29 11:56:26.829408,BANKNIFTY30JAN25F,BANKNIFTY,48995.1,675840,48995.1,48996.15,1406085,30,30
2025-01-29 11:56:28.139334,BANKNIFTY30JAN25F,BANKNIFTY,48997.0,675855,48996.0,48997.0,1406085,15,15
2025-01-29 11:56:29.528360,BANKNIFTY30JAN25F,BANKNIFTY,48995.4,675870,48995.75,49005.0,1406085,15,30
2025-01-29 11:56:30.848223,BANKNIFTY30JAN25F,BANKNIFTY,48995.0,675975,48997.9,49000.4,1406085,15,30
2025-01-29 11:56:32.543892,BANKNIFTY30JAN25F,BANKNIFTY,48995.0,675975,48995.1,49000.4,1406085,15,30
2025-01-29 11:56:33.873065,BANKNIFTY30JAN25F,BANKNIFTY,48996.15,675990,48995.6,49000.4,1406085,15,60
2025-01-29 11:56:35.277115,BANKNIFTY30JAN25F,BANKNIFTY,48995.0,675990,48995.6,49000.4,1406085,15,60
2025-01-29 11:56:36.582979,BANKNIFTY30JAN25F,BANKNIFTY,48995.0,676035,48995.0,49000.3,1406085,495,45
2025-01-29 11:56:37.889047,BANKNIFTY30JAN25F,BANKNIFTY,48995.0,676215,48995.0,49000.3,1406085,315,30
2025-01-29 11:56:39.200957,BANKNIFTY30JAN25F,BANKNIFTY,48995.0,676230,48995.05,48997.65,1406085,15,30
2025-01-29 11:56:40.526873,BANKNIFTY30JAN25F,BANKNIFTY,48995.0,676230,48996.3,48997.6,1406085,15,15
2025-01-29 11:56:41.849149,BANKNIFTY30JAN25F,BANKNIFTY,48996.55,676230,48996.3,48997.6,1406085,15,15
2025-01-29 11:56:43.152706,BANKNIFTY30JAN25F,BANKNIFTY,48996.55,676260,48995.8,48997.6,1406085,15,15
2025-01-29 11:56:44.466075,BANKNIFTY30JAN25F,BANKNIFTY,48997.65,676305,49000.3,49002.0,1406085,75,30
2025-01-29 11:56:45.807441,BANKNIFTY30JAN25F,BANKNIFTY,48997.65,676305,49000.25,49002.0,1406085,45,30
2025-01-29 11:56:47.129316,BANKNIFTY30JAN25F,BANKNIFTY,49002.0,676335,49001.0,49002.0,1406085,270,30
2025-01-29 11:56:48.434720,BANKNIFTY30JAN25F,BANKNIFTY,49002.0,676335,49001.0,49002.0,1406085,270,30
2025-01-29 11:56:49.792243,BANKNIFTY30JAN25F,BANKNIFTY,49005.0,676365,49001.9,49005.0,1406085,15,30
2025-01-29 11:56:51.086112,BANKNIFTY30JAN25F,BANKNIFTY,49005.0,676425,49005.85,49008.0,1406085,30,15
2025-01-29 11:56:52.392160,BANKNIFTY30JAN25F,BANKNIFTY,49007.95,676455,49005.85,49008.0,1406085,150,15
2025-01-29 11:56:53.735679,BANKNIFTY30JAN25F,BANKNIFTY,49007.95,676455,49005.85,49008.0,1406085,150,15
2025-01-29 11:56:55.040550,BANKNIFTY30JAN25F,BANKNIFTY,49007.95,676455,49003.3,49008.0,1406085,15,30
2025-01-29 11:56:56.340253,BANKNIFTY30JAN25F,BANKNIFTY,49007.95,676455,49004.7,49008.0,1406085,15,30
2025-01-29 11:56:57.662400,BANKNIFTY30JAN25F,BANKNIFTY,49007.95,676455,49002.8,49008.0,1406085,15,30
2025-01-29 11:56:58.996838,BANKNIFTY30JAN25F,BANKNIFTY,49007.95,676455,49003.25,49008.0,1406085,15,30
2025-01-29 11:57:00.388307,BANKNIFTY30JAN25F,BANKNIFTY,49007.95,676455,49003.25,49008.0,1406085,15,30
2025-01-29 11:57:01.727444,BANKNIFTY30JAN25F,BANKNIFTY,49002.8,676455,49002.8,49008.0,1406085,15,60
2025-01-29 11:57:03.034915,BANKNIFTY30JAN25F,BANKNIFTY,49000.45,676485,49000.45,49008.0,1406085,105,60
2025-01-29 11:57:04.351428,BANKNIFTY30JAN25F,BANKNIFTY,49000.5,676545,48999.85,49008.0,1406085,90,75
2025-01-29 11:57:05.637825,BANKNIFTY30JAN25F,BANKNIFTY,49008.05,676680,49006.5,49009.3,1406085,15,15
2025-01-29 11:57:07.424045,BANKNIFTY30JAN25F,BANKNIFTY,49011.7,676815,49009.95,49024.55,1406085,15,150
2025-01-29 11:57:08.755234,BANKNIFTY30JAN25F,BANKNIFTY,49010.0,676845,49004.95,49020.7,1406085,15,150
2025-01-29 11:57:10.042088,BANKNIFTY30JAN25F,BANKNIFTY,49010.0,676845,49004.95,49020.7,1406085,15,150
2025-01-29 11:57:11.352099,BANKNIFTY30JAN25F,BANKNIFTY,49010.0,676845,49002.4,49016.55,1406085,45,30
2025-01-29 11:57:13.488337,BANKNIFTY30JAN25F,BANKNIFTY,49007.2,676845,49006.0,49016.55,1406085,15,15
2025-01-29 11:57:14.797825,BANKNIFTY30JAN25F,BANKNIFTY,49005.7,676860,49005.4,49016.55,1406085,15,15
2025-01-29 11:57:16.100573,BANKNIFTY30JAN25F,BANKNIFTY,49004.35,677010,49005.6,49016.55,1406085,15,15
2025-01-29 11:57:17.418643,BANKNIFTY30JAN25F,BANKNIFTY,49016.45,677025,49003.7,49016.55,1406085,105,15
2025-01-29 11:57:18.821697,BANKNIFTY30JAN25F,BANKNIFTY,49016.45,677025,49004.55,49016.4,1406085,15,120
2025-01-29 11:57:20.149548,BANKNIFTY30JAN25F,BANKNIFTY,49001.15,677025,49004.55,49016.4,1406085,15,120
2025-01-29 11:57:21.455613,BANKNIFTY30JAN25F,BANKNIFTY,49001.35,677085,49001.35,49014.45,1406085,45,120
2025-01-29 11:57:22.766447,BANKNIFTY30JAN25F,BANKNIFTY,49002.2,677085,49002.2,49014.35,1406085,15,120
2025-01-29 11:57:24.064096,BANKNIFTY30JAN25F,BANKNIFTY,49002.9,677145,49002.55,49008.3,1406085,15,15
2025-01-29 11:57:25.362882,BANKNIFTY30JAN25F,BANKNIFTY,49016.45,677220,49001.35,49015.05,1406085,45,120
2025-01-29 11:57:26.654431,BANKNIFTY30JAN25F,BANKNIFTY,48998.8,677220,49001.35,49015.05,1406085,45,120
2025-01-29 11:57:27.964338,BANKNIFTY30JAN25F,BANKNIFTY,49012.5,677250,49000.4,49013.95,1406085,15,120
2025-01-29 11:57:29.257918,BANKNIFTY30JAN25F,BANKNIFTY,49006.45,677265,49006.45,49011.8,1406085,15,120
2025-01-29 11:57:30.554515,BANKNIFTY30JAN25F,BANKNIFTY,49006.45,677280,48999.8,49012.05,1406085,15,120
2025-01-29 11:57:31.893689,BANKNIFTY30JAN25F,BANKNIFTY,49006.45,677280,48999.8,49012.05,1406085,15,120
2025-01-29 11:57:33.232335,BANKNIFTY30JAN25F,BANKNIFTY,49006.45,677280,48999.85,49013.75,1406085,30,120
2025-01-29 11:57:34.535496,BANKNIFTY30JAN25F,BANKNIFTY,49006.45,677280,49005.0,49006.8,1406085,60,15
2025-01-29 11:57:35.829551,BANKNIFTY30JAN25F,BANKNIFTY,49006.45,677280,49005.0,49006.8,1406085,60,15
2025-01-29 11:57:37.142182,BANKNIFTY30JAN25F,BANKNIFTY,49005.0,677295,49005.0,49006.8,1406085,45,15
2025-01-29 11:57:38.472211,BANKNIFTY30JAN25F,BANKNIFTY,49005.0,677295,49005.0,49006.8,1406085,45,15
2025-01-29 11:57:39.804537,BANKNIFTY30JAN25F,BANKNIFTY,49005.0,677325,49005.0,49006.8,1406085,15,15
2025-01-29 11:57:41.106123,BANKNIFTY30JAN25F,BANKNIFTY,49000.05,677355,49000.05,49008.25,1406085,285,30
2025-01-29 11:57:42.427519,BANKNIFTY30JAN25F,BANKNIFTY,49010.35,677370,49000.05,49010.35,1406085,285,120
2025-01-29 11:57:43.739301,BANKNIFTY30JAN25F,BANKNIFTY,49008.9,677445,49000.05,49008.8,1406085,225,30
2025-01-29 11:57:45.077255,BANKNIFTY30JAN25F,BANKNIFTY,49008.25,677445,49000.05,49008.8,1406085,225,30
2025-01-29 11:57:46.394187,BANKNIFTY30JAN25F,BANKNIFTY,49000.05,677520,49000.05,49004.45,1406085,165,30
2025-01-29 11:57:47.733430,BANKNIFTY30JAN25F,BANKNIFTY,49000.05,677565,49000.05,49004.45,1406085,120,60
2025-01-29 11:57:49.161957,BANKNIFTY30JAN25F,BANKNIFTY,49004.3,677715,48995.0,49004.45,1406085,15,60
2025-01-29 11:57:50.529151,BANKNIFTY30JAN25F,BANKNIFTY,49004.3,677715,48995.0,49004.45,1406085,15,60
2025-01-29 11:57:51.850747,BANKNIFTY30JAN25F,BANKNIFTY,48995.75,677715,48995.0,49004.45,1406085,15,60
2025-01-29 11:57:53.147700,BANKNIFTY30JAN25F,BANKNIFTY,49009.75,677745,49004.45,49009.2,1406085,15,120
2025-01-29 11:57:54.499407,BANKNIFTY30JAN25F,BANKNIFTY,48996.7,677790,48995.0,49007.15,1406085,15,120
2025-01-29 11:57:55.809286,BANKNIFTY30JAN25F,BANKNIFTY,49001.1,677835,49002.8,49010.0,1406085,75,15
2025-01-29 11:57:57.203141,BANKNIFTY30JAN25F,BANKNIFTY,49010.0,677850,49000.2,49012.5,1406085,75,15
2025-01-29 11:57:58.570245,BANKNIFTY30JAN25F,BANKNIFTY,49012.5,677850,49000.2,49012.5,1406085,75,15
2025-01-29 11:57:59.912574,BANKNIFTY30JAN25F,BANKNIFTY,49001.1,677865,49000.35,49014.9,1406085,75,120
2025-01-29 11:58:01.232383,BANKNIFTY30JAN25F,BANKNIFTY,49014.75,677910,49000.85,49014.65,1406085,30,120
2025-01-29 11:58:02.568524,BANKNIFTY30JAN25F,BANKNIFTY,49000.05,677940,49000.95,49010.0,1406085,30,15
2025-01-29 11:58:03.912571,BANKNIFTY30JAN25F,BANKNIFTY,49000.05,678060,49000.05,49009.7,1406085,495,30
2025-01-29 11:58:05.237110,BANKNIFTY30JAN25F,BANKNIFTY,49000.05,678060,49000.05,49009.7,1406085,495,30
2025-01-29 11:58:06.540330,BANKNIFTY30JAN25F,BANKNIFTY,49002.1,678075,49000.05,49002.1,1406085,480,15
2025-01-29 11:58:07.867860,BANKNIFTY30JAN25F,BANKNIFTY,49000.05,678090,49000.05,49002.1,1406085,480,30
2025-01-29 11:58:09.179719,BANKNIFTY30JAN25F,BANKNIFTY,49000.05,678135,49000.05,49002.1,1406085,435,30
2025-01-29 11:58:10.505398,BANKNIFTY30JAN25F,BANKNIFTY,49000.05,678240,49000.05,49002.1,1406085,330,30
2025-01-29 11:58:11.833444,BANKNIFTY30JAN25F,BANKNIFTY,49000.05,678240,49000.05,49002.1,1406085,330,30
2025-01-29 11:58:13.143169,BANKNIFTY30JAN25F,BANKNIFTY,49000.05,678255,49000.05,49002.1,1406085,915,30
2025-01-29 11:58:14.446822,BANKNIFTY30JAN25F,BANKNIFTY,49000.05,678255,49000.05,49002.1,1406085,915,45
2025-01-29 11:58:15.803530,BANKNIFTY30JAN25F,BANKNIFTY,49000.05,678315,49000.05,49002.1,1406085,855,45
2025-01-29 11:58:17.329627,BANKNIFTY30JAN25F,BANKNIFTY,49000.05,678420,49000.05,49002.1,1406085,750,30
2025-01-29 11:58:18.695996,BANKNIFTY30JAN25F,BANKNIFTY,49000.05,678420,49000.05,49002.1,1406085,750,30
2025-01-29 11:58:20.072048,BANKNIFTY30JAN25F,BANKNIFTY,49000.05,678540,49000.05,49002.1,1406085,630,15
2025-01-29 11:58:21.404445,BANKNIFTY30JAN25F,BANKNIFTY,49000.05,678540,49000.05,49002.1,1406085,630,15
2025-01-29 11:58:22.711869,BANKNIFTY30JAN25F,BANKNIFTY,49000.05,678555,49000.05,49002.05,1406085,630,15
2025-01-29 11:58:24.035174,BANKNIFTY30JAN25F,BANKNIFTY,49000.05,678570,49000.05,49001.05,1406085,615,30
2025-01-29 11:58:25.331708,BANKNIFTY30JAN25F,BANKNIFTY,49000.05,678570,49000.05,49001.05,1406085,615,30
2025-01-29 11:58:26.689554,BANKNIFTY30JAN25F,BANKNIFTY,49002.05,678630,49002.65,49009.85,1406085,15,15
2025-01-29 11:58:28.075827,BANKNIFTY30JAN25F,BANKNIFTY,49002.05,678630,49002.75,49009.85,1406085,15,15
2025-01-29 11:58:29.408711,BANKNIFTY30JAN25F,BANKNIFTY,49000.95,678630,49000.55,49009.85,1406085,30,30
2025-01-29 11:58:30.736357,BANKNIFTY30JAN25F,BANKNIFTY,49001.0,678660,49000.1,49009.85,1406085,15,30
2025-01-29 11:58:32.066164,BANKNIFTY30JAN25F,BANKNIFTY,49000.05,679065,49000.05,49009.85,1406085,195,45
2025-01-29 11:58:33.396632,BANKNIFTY30JAN25F,BANKNIFTY,49000.05,679065,49000.05,49009.85,1406745,195,45
2025-01-29 11:58:34.710332,BANKNIFTY30JAN25F,BANKNIFTY,49000.05,679110,49000.05,49009.85,1406745,150,30
2025-01-29 11:58:36.012548,BANKNIFTY30JAN25F,BANKNIFTY,49000.05,679110,49000.05,49009.85,1406745,150,30
2025-01-29 11:58:37.324619,BANKNIFTY30JAN25F,BANKNIFTY,49000.05,679110,49000.35,49008.0,1406745,15,15
2025-01-29 11:58:38.655168,BANKNIFTY30JAN25F,BANKNIFTY,49000.05,679215,49000.05,49004.05,1406745,60,30
2025-01-29 11:58:39.948177,BANKNIFTY30JAN25F,BANKNIFTY,49000.05,679215,49000.05,49004.05,1406745,60,30
2025-01-29 11:58:41.235511,BANKNIFTY30JAN25F,BANKNIFTY,49004.2,679215,49000.05,49004.2,1406745,60,15
2025-01-29 11:58:42.542823,BANKNIFTY30JAN25F,BANKNIFTY,49004.2,679230,49000.05,49008.0,1406745,60,30
2025-01-29 11:58:43.845874,BANKNIFTY30JAN25F,BANKNIFTY,49000.05,679260,49000.3,49008.0,1406745,15,30
2025-01-29 11:58:45.170413,BANKNIFTY30JAN25F,BANKNIFTY,49000.05,679260,49000.3,49008.0,1406745,15,30
2025-01-29 11:58:46.462531,BANKNIFTY30JAN25F,BANKNIFTY,49000.05,679260,49000.05,49008.0,1406745,45,45
2025-01-29 11:58:47.771672,BANKNIFTY30JAN25F,BANKNIFTY,48995.55,679305,48995.55,49000.05,1406745,15,15
2025-01-29 11:58:49.151278,BANKNIFTY30JAN25F,BANKNIFTY,48996.95,679350,48996.5,49000.05,1406745,15,15
2025-01-29 11:58:50.453009,BANKNIFTY30JAN25F,BANKNIFTY,48996.95,679350,48996.6,48998.3,1406745,15,30
2025-01-29 11:58:51.860394,BANKNIFTY30JAN25F,BANKNIFTY,48995.25,679350,48996.6,48998.3,1406745,15,30
2025-01-29 11:58:53.139938,BANKNIFTY30JAN25F,BANKNIFTY,48996.35,679365,48995.4,48998.3,1406745,75,30
2025-01-29 11:58:54.449230,BANKNIFTY30JAN25F,BANKNIFTY,48998.3,679425,48995.05,48998.3,1406745,45,30
2025-01-29 11:58:55.753123,BANKNIFTY30JAN25F,BANKNIFTY,48998.3,679425,48995.35,48998.3,1406745,15,30
2025-01-29 11:58:57.059098,BANKNIFTY30JAN25F,BANKNIFTY,48996.85,679440,48996.6,48998.3,1406745,15,30
2025-01-29 11:58:58.372515,BANKNIFTY30JAN25F,BANKNIFTY,48996.85,679440,48996.6,48998.3,1406745,15,30
2025-01-29 11:58:59.682203,BANKNIFTY30JAN25F,BANKNIFTY,48995.0,679440,48995.0,48998.2,1406745,15,45
2025-01-29 11:59:00.982190,BANKNIFTY30JAN25F,BANKNIFTY,49004.35,679590,49004.3,49009.85,1406745,15,15
2025-01-29 11:59:02.392896,BANKNIFTY30JAN25F,BANKNIFTY,49016.45,679635,49004.3,49016.45,1406745,15,15
2025-01-29 11:59:03.703354,BANKNIFTY30JAN25F,BANKNIFTY,49019.75,679710,49006.85,49019.95,1406745,15,120
2025-01-29 11:59:05.004408,BANKNIFTY30JAN25F,BANKNIFTY,49006.9,679710,49006.85,49019.95,1406745,15,120
2025-01-29 11:59:06.346788,BANKNIFTY30JAN25F,BANKNIFTY,49007.2,679785,49008.65,49020.0,1406745,15,30
2025-01-29 11:59:07.673048,BANKNIFTY30JAN25F,BANKNIFTY,49020.0,679860,49010.15,49020.0,1406745,45,30
2025-01-29 11:59:08.963638,BANKNIFTY30JAN25F,BANKNIFTY,49020.0,679875,49008.25,49020.0,1406745,120,15
2025-01-29 11:59:10.265781,BANKNIFTY30JAN25F,BANKNIFTY,49009.6,679875,49008.25,49020.0,1406745,120,15
2025-01-29 11:59:11.559108,BANKNIFTY30JAN25F,BANKNIFTY,49009.6,679890,49009.6,49020.0,1406745,225,30
2025-01-29 11:59:12.958866,BANKNIFTY30JAN25F,BANKNIFTY,49009.6,679890,49010.9,49020.0,1406745,30,30
2025-01-29 11:59:14.334235,BANKNIFTY30JAN25F,BANKNIFTY,49025.0,679890,49011.55,49015.45,1406745,30,15
2025-01-29 11:59:15.650367,BANKNIFTY30JAN25F,BANKNIFTY,49025.0,679950,49012.5,49025.0,1406745,15,180
2025-01-29 11:59:16.958467,BANKNIFTY30JAN25F,BANKNIFTY,49011.05,679980,49009.6,49023.85,1406745,15,120
2025-01-29 11:59:18.277991,BANKNIFTY30JAN25F,BANKNIFTY,49009.3,679980,49009.6,49023.85,1406745,15,120
2025-01-29 11:59:19.595968,BANKNIFTY30JAN25F,BANKNIFTY,49012.2,680040,49009.9,49023.35,1406745,45,120
2025-01-29 11:59:20.900362,BANKNIFTY30JAN25F,BANKNIFTY,49012.2,680085,49011.15,49024.8,1406745,15,120
2025-01-29 11:59:22.205824,BANKNIFTY30JAN25F,BANKNIFTY,49012.2,680085,49009.45,49023.95,1406745,45,120
2025-01-29 11:59:23.528373,BANKNIFTY30JAN25F,BANKNIFTY,49009.55,680115,49009.2,49016.7,1406745,30,15
2025-01-29 11:59:24.820349,BANKNIFTY30JAN25F,BANKNIFTY,49009.55,680115,49009.2,49016.7,1406745,30,15
2025-01-29 11:59:26.122989,BANKNIFTY30JAN25F,BANKNIFTY,49009.55,680115,49005.1,49016.7,1406745,15,15
2025-01-29 11:59:27.487214,BANKNIFTY30JAN25F,BANKNIFTY,49009.55,680115,49004.75,49016.7,1406745,60,15
2025-01-29 11:59:28.994044,BANKNIFTY30JAN25F,BANKNIFTY,49006.75,680145,49006.2,49016.7,1406745,15,15
2025-01-29 11:59:30.405017,BANKNIFTY30JAN25F,BANKNIFTY,49016.4,680175,49004.3,49016.4,1406745,15,120
2025-01-29 11:59:31.870591,BANKNIFTY30JAN25F,BANKNIFTY,49004.25,680175,49004.3,49016.4,1406745,15,120
2025-01-29 11:59:33.241909,BANKNIFTY30JAN25F,BANKNIFTY,49004.3,680220,49006.2,49016.7,1406745,15,15
2025-01-29 11:59:34.619282,BANKNIFTY30JAN25F,BANKNIFTY,49004.3,680235,49000.35,49011.45,1406745,30,15
2025-01-29 11:59:36.072150,BANKNIFTY30JAN25F,BANKNIFTY,49004.3,680235,49001.75,49011.45,1406745,15,15
2025-01-29 11:59:37.478094,BANKNIFTY30JAN25F,BANKNIFTY,49004.3,680235,48999.65,49011.45,1406745,30,15
2025-01-29 11:59:38.783829,BANKNIFTY30JAN25F,BANKNIFTY,49004.3,680235,49000.0,49011.45,1406745,15,30
2025-01-29 11:59:40.195935,BANKNIFTY30JAN25F,BANKNIFTY,49004.3,680235,49002.6,49011.45,1406745,15,45
2025-01-29 11:59:41.601116,BANKNIFTY30JAN25F,BANKNIFTY,49004.6,680235,49002.6,49011.45,1406745,15,45
2025-01-29 11:59:42.941803,BANKNIFTY30JAN25F,BANKNIFTY,49004.9,680310,49004.7,49007.05,1406745,15,15
2025-01-29 11:59:44.475188,BANKNIFTY30JAN25F,BANKNIFTY,49004.95,680310,49003.7,49004.95,1406745,30,15
2025-01-29 11:59:45.869519,BANKNIFTY30JAN25F,BANKNIFTY,49006.15,680430,49006.4,49007.05,1406745,15,15
2025-01-29 11:59:47.237809,BANKNIFTY30JAN25F,BANKNIFTY,49007.05,680445,49006.65,49015.0,1406745,15,15
2025-01-29 11:59:48.590412,BANKNIFTY30JAN25F,BANKNIFTY,49007.05,680445,49007.2,49010.0,1406745,15,180
2025-01-29 11:59:49.924073,BANKNIFTY30JAN25F,BANKNIFTY,49010.0,680445,49007.2,49010.0,1406745,15,180
2025-01-29 11:59:51.241595,BANKNIFTY30JAN25F,BANKNIFTY,49010.0,680655,49009.95,49015.0,1406745,15,15
2025-01-29 11:59:52.555839,BANKNIFTY30JAN25F,BANKNIFTY,49010.0,680655,49009.9,49015.0,1406745,75,30
2025-01-29 11:59:53.876291,BANKNIFTY30JAN25F,BANKNIFTY,49010.0,680655,49009.65,49015.0,1406745,15,30
2025-01-29 11:59:55.180478,BANKNIFTY30JAN25F,BANKNIFTY,49010.0,680655,49010.05,49015.0,1406745,15,45
2025-01-29 11:59:56.474343,BANKNIFTY30JAN25F,BANKNIFTY,49020.0,680655,49010.05,49015.0,1406745,15,45
2025-01-29 11:59:57.776050,BANKNIFTY30JAN25F,BANKNIFTY,49020.0,680745,49014.4,49024.0,1406745,15,15
2025-01-29 11:59:59.068452,BANKNIFTY30JAN25F,BANKNIFTY,49025.0,680790,49024.45,49025.0,1406745,75,270
2025-01-29 12:00:00.363512,BANKNIFTY30JAN25F,BANKNIFTY,49019.8,680850,49021.3,49025.0,1406745,75,240
2025-01-29 12:00:01.655239,BANKNIFTY30JAN25F,BANKNIFTY,49019.8,680850,49021.3,49025.0,1406745,75,240
2025-01-29 12:00:02.990281,BANKNIFTY30JAN25F,BANKNIFTY,49019.8,680850,49021.35,49025.0,1406745,15,240
2025-01-29 12:00:04.375673,BANKNIFTY30JAN25F,BANKNIFTY,49015.8,680850,49016.9,49025.0,1406745,75,255
2025-01-29 12:00:05.744182,BANKNIFTY30JAN25F,BANKNIFTY,49025.0,680910,49015.9,49025.0,1406745,75,255
2025-01-29 12:00:07.039614,BANKNIFTY30JAN25F,BANKNIFTY,49022.45,680985,49023.0,49025.0,1406745,15,255
2025-01-29 12:00:08.388259,BANKNIFTY30JAN25F,BANKNIFTY,49025.0,680985,49023.0,49025.0,1406745,15,255
2025-01-29 12:00:10.055459,BANKNIFTY30JAN25F,BANKNIFTY,49025.0,681165,49023.5,49025.0,1406745,195,75
2025-01-29 12:00:11.387265,BANKNIFTY30JAN25F,BANKNIFTY,49025.0,681165,49024.65,49025.0,1406745,15,90
2025-01-29 12:01:56.255991,BANKNIFTY30JAN25F,BANKNIFTY,49028.45,686925,49027.1,49030.0,1405665,15,915
2025-01-29 12:01:57.592949,BANKNIFTY30JAN25F,BANKNIFTY,49028.45,686925,49024.55,49030.0,1405665,15,915
2025-01-29 12:01:58.880731,BANKNIFTY30JAN25F,BANKNIFTY,49024.55,686955,49024.8,49030.0,1405665,15,930
2025-01-29 12:02:00.186905,BANKNIFTY30JAN25F,BANKNIFTY,49024.55,686955,49023.15,49027.4,1405665,15,15
2025-01-29 12:02:01.675700,BANKNIFTY30JAN25F,BANKNIFTY,49024.55,686955,49026.05,49027.4,1405665,15,15
2025-01-29 12:02:03.164229,BANKNIFTY30JAN25F,BANKNIFTY,49027.4,686985,49027.05,49030.0,1405665,15,900
2025-01-29 12:02:04.720915,BANKNIFTY30JAN25F,BANKNIFTY,49027.05,686985,49027.05,49030.0,1405665,15,900
2025-01-29 12:02:06.109521,BANKNIFTY30JAN25F,BANKNIFTY,49025.0,687015,49025.0,49029.9,1405665,30,15
2025-01-29 12:02:07.704837,BANKNIFTY30JAN25F,BANKNIFTY,49024.55,687045,49023.65,49024.55,1405665,15,510
2025-01-29 12:02:09.084803,BANKNIFTY30JAN25F,BANKNIFTY,49024.4,687075,49023.95,49024.4,1405665,75,15
2025-01-29 12:02:10.564493,BANKNIFTY30JAN25F,BANKNIFTY,49025.0,688125,49024.5,49026.75,1405665,15,30
2025-01-29 12:02:12.098536,BANKNIFTY30JAN25F,BANKNIFTY,49025.1,688155,49025.55,49026.75,1405665,15,15
2025-01-29 12:02:13.492043,BANKNIFTY30JAN25F,BANKNIFTY,49026.75,688170,49025.7,49026.75,1405665,30,15
2025-01-29 12:02:14.832589,BANKNIFTY30JAN25F,BANKNIFTY,49026.75,688170,49025.0,49026.75,1405665,15,15
2025-01-29 12:02:16.363375,BANKNIFTY30JAN25F,BANKNIFTY,49025.0,688170,49025.0,49026.75,1405665,15,15
2025-01-29 12:02:17.778073,BANKNIFTY30JAN25F,BANKNIFTY,49025.0,688185,49019.95,49026.75,1405665,15,15
2025-01-29 12:02:19.154408,BANKNIFTY30JAN25F,BANKNIFTY,49019.95,688185,49019.95,49025.4,1405665,15,120
2025-01-29 12:02:20.547095,BANKNIFTY30JAN25F,BANKNIFTY,49014.1,688230,49014.85,49023.35,1405665,15,15
2025-01-29 12:02:21.856624,BANKNIFTY30JAN25F,BANKNIFTY,49014.1,688230,49015.0,49023.35,1405665,15,15
2025-01-29 12:02:23.169962,BANKNIFTY30JAN25F,BANKNIFTY,49014.1,688230,49018.2,49023.35,1405665,15,15
2025-01-29 12:02:24.501594,BANKNIFTY30JAN25F,BANKNIFTY,49014.1,688230,49018.2,49023.35,1405665,15,15
2025-01-29 12:02:25.813682,BANKNIFTY30JAN25F,BANKNIFTY,49014.1,688230,49018.85,49023.35,1405665,15,15
2025-01-29 12:02:27.129797,BANKNIFTY30JAN25F,BANKNIFTY,49014.1,688230,49017.8,49023.35,1405665,15,30
2025-01-29 12:02:28.424344,BANKNIFTY30JAN25F,BANKNIFTY,49018.6,688245,49018.45,49020.6,1405665,15,15
2025-01-29 12:02:29.703839,BANKNIFTY30JAN25F,BANKNIFTY,49020.6,688245,49018.45,49020.6,1405665,15,15
2025-01-29 12:02:31.023227,BANKNIFTY30JAN25F,BANKNIFTY,49020.6,688260,49018.6,49020.6,1405665,90,15
2025-01-29 12:02:32.348573,BANKNIFTY30JAN25F,BANKNIFTY,49019.6,688290,49019.45,49028.45,1405665,15,15
2025-01-29 12:02:33.671264,BANKNIFTY30JAN25F,BANKNIFTY,49019.6,688290,49022.9,49028.45,1405665,15,15
2025-01-29 12:02:35.009179,BANKNIFTY30JAN25F,BANKNIFTY,49022.0,688335,49021.8,49030.0,1405665,45,1110
2025-01-29 12:02:36.307578,BANKNIFTY30JAN25F,BANKNIFTY,49023.85,688335,49021.8,49030.0,1405665,45,1110
2025-01-29 12:02:37.638091,BANKNIFTY30JAN25F,BANKNIFTY,49020.95,688410,49022.5,49030.0,1405665,15,1110
2025-01-29 12:02:38.953037,BANKNIFTY30JAN25F,BANKNIFTY,49019.95,688440,49019.3,49029.9,1405665,45,120
2025-01-29 12:02:40.319078,BANKNIFTY30JAN25F,BANKNIFTY,49020.45,688500,49020.8,49029.85,1405665,90,45
2025-01-29 12:02:41.640944,BANKNIFTY30JAN25F,BANKNIFTY,49030.0,689670,49028.5,49030.0,1405665,15,15
2025-01-29 12:02:43.058631,BANKNIFTY30JAN25F,BANKNIFTY,49030.0,689670,49027.1,49030.0,1405665,60,15
2025-01-29 12:02:44.439751,BANKNIFTY30JAN25F,BANKNIFTY,49030.0,689670,49027.1,49030.0,1405665,60,15
2025-01-29 12:02:45.954319,BANKNIFTY30JAN25F,BANKNIFTY,49040.0,689670,49028.35,49030.0,1405665,15,15
2025-01-29 12:02:47.457427,BANKNIFTY30JAN25F,BANKNIFTY,49025.3,689700,49027.15,49039.85,1405665,15,120
2025-01-29 12:02:48.892070,BANKNIFTY30JAN25F,BANKNIFTY,49022.6,689730,49025.65,49039.55,1405665,75,150
2025-01-29 12:02:50.204605,BANKNIFTY30JAN25F,BANKNIFTY,49020.0,689820,49019.8,49025.65,1405665,90,15
2025-01-29 12:02:51.505773,BANKNIFTY30JAN25F,BANKNIFTY,49025.65,689850,49020.75,49033.9,1405665,15,120
2025-01-29 12:02:52.802985,BANKNIFTY30JAN25F,BANKNIFTY,49025.65,689850,49020.75,49033.9,1405665,15,120
2025-01-29 12:02:54.175850,BANKNIFTY30JAN25F,BANKNIFTY,49028.35,689850,49018.95,49031.5,1405665,15,120
2025-01-29 12:02:55.492203,BANKNIFTY30JAN25F,BANKNIFTY,49028.35,689865,49020.05,49028.35,1405665,15,15
2025-01-29 12:02:56.779218,BANKNIFTY30JAN25F,BANKNIFTY,49028.35,689865,49019.55,49028.35,1405665,30,30
2025-01-29 12:02:58.093401,BANKNIFTY30JAN25F,BANKNIFTY,49028.35,689880,49016.35,49028.2,1405665,15,120
2025-01-29 12:02:59.389294,BANKNIFTY30JAN25F,BANKNIFTY,49016.75,689880,49016.35,49028.2,1405665,15,120
2025-01-29 12:03:00.701764,BANKNIFTY30JAN25F,BANKNIFTY,49016.75,689895,49017.05,49028.0,1405665,15,15
2025-01-29 12:03:02.032546,BANKNIFTY30JAN25F,BANKNIFTY,49016.75,689895,49015.5,49027.85,1405665,15,120
2025-01-29 12:03:03.378508,BANKNIFTY30JAN25F,BANKNIFTY,49027.45,689895,49015.3,49027.5,1405665,15,120
2025-01-29 12:03:04.681756,BANKNIFTY30JAN25F,BANKNIFTY,49027.45,689910,49016.65,49027.85,1405665,45,15
2025-01-29 12:03:05.988268,BANKNIFTY30JAN25F,BANKNIFTY,49027.45,689910,49016.65,49027.85,1405665,45,15
2025-01-29 12:03:07.298029,BANKNIFTY30JAN25F,BANKNIFTY,49027.45,689910,49017.6,49027.85,1405665,15,15
2025-01-29 12:03:08.597582,BANKNIFTY30JAN25F,BANKNIFTY,49016.95,689910,49017.6,49027.85,1405665,15,45
2025-01-29 12:03:10.065028,BANKNIFTY30JAN25F,BANKNIFTY,49016.95,689940,49017.95,49027.85,1405665,15,60
2025-01-29 12:03:11.361357,BANKNIFTY30JAN25F,BANKNIFTY,49016.95,689940,49016.75,49025.55,1405665,15,135
2025-01-29 12:03:12.767610,BANKNIFTY30JAN25F,BANKNIFTY,49016.75,689940,49016.75,49025.55,1405665,15,15
2025-01-29 12:03:14.261345,BANKNIFTY30JAN25F,BANKNIFTY,49016.75,689970,49010.8,49021.65,1405665,15,15
2025-01-29 12:03:15.577377,BANKNIFTY30JAN25F,BANKNIFTY,49021.65,689970,49010.8,49021.65,1405665,15,15
2025-01-29 12:03:16.889997,BANKNIFTY30JAN25F,BANKNIFTY,49021.65,689985,49003.95,49016.6,1405665,15,120
2025-01-29 12:03:18.369094,BANKNIFTY30JAN25F,BANKNIFTY,49010.25,690030,49004.4,49010.3,1405665,60,30
2025-01-29 12:03:19.743791,BANKNIFTY30JAN25F,BANKNIFTY,49010.25,690075,49006.8,49010.3,1405665,15,30
2025-01-29 12:03:21.241277,BANKNIFTY30JAN25F,BANKNIFTY,49003.65,690090,49002.6,49010.3,1405665,75,30
2025-01-29 12:03:22.725770,BANKNIFTY30JAN25F,BANKNIFTY,49003.65,690090,49005.3,49010.3,1405665,45,45
2025-01-29 12:03:24.161767,BANKNIFTY30JAN25F,BANKNIFTY,49010.3,690165,49009.6,49023.7,1405665,75,120
2025-01-29 12:03:25.550686,BANKNIFTY30JAN25F,BANKNIFTY,49009.6,690165,49009.6,49023.7,1405665,75,120
2025-01-29 12:03:27.029427,BANKNIFTY30JAN25F,BANKNIFTY,49010.9,690195,49010.0,49023.7,1405665,75,120
2025-01-29 12:03:28.587355,BANKNIFTY30JAN25F,BANKNIFTY,49010.25,690270,49010.45,49023.7,1405665,15,15
2025-01-29 12:03:29.958788,BANKNIFTY30JAN25F,BANKNIFTY,49023.4,690270,49010.05,49023.55,1405665,135,120
2025-01-29 12:03:31.273739,BANKNIFTY30JAN25F,BANKNIFTY,49025.0,690390,49011.05,49023.55,1405665,15,15
2025-01-29 12:03:32.797410,BANKNIFTY30JAN25F,BANKNIFTY,49025.0,690660,49010.15,49023.55,1405665,15,150
2025-01-29 12:03:34.165193,BANKNIFTY30JAN25F,BANKNIFTY,49025.0,690660,49009.7,49023.35,1405665,15,120
2025-01-29 12:03:35.486115,BANKNIFTY30JAN25F,BANKNIFTY,49025.0,690660,49009.7,49023.35,1405665,15,120
2025-01-29 12:03:36.828117,BANKNIFTY30JAN25F,BANKNIFTY,49009.15,690660,49008.6,49020.0,1405665,120,105
2025-01-29 12:03:38.137797,BANKNIFTY30JAN25F,BANKNIFTY,49009.15,690705,49007.7,49020.0,1405665,105,90
2025-01-29 12:03:39.437611,BANKNIFTY30JAN25F,BANKNIFTY,49009.15,690705,49010.0,49019.9,1405665,60,120
2025-01-29 12:03:40.751826,BANKNIFTY30JAN25F,BANKNIFTY,49010.0,690705,49010.0,49014.95,1405665,60,15
2025-01-29 12:03:42.077699,BANKNIFTY30JAN25F,BANKNIFTY,49010.0,690705,49010.0,49014.95,1405665,60,15
2025-01-29 12:03:43.387024,BANKNIFTY30JAN25F,BANKNIFTY,49010.0,690720,49010.0,49014.95,1405665,45,30
2025-01-29 12:03:44.762900,BANKNIFTY30JAN25F,BANKNIFTY,49010.05,690735,49010.0,49014.95,1405665,30,30
2025-01-29 12:03:46.339563,BANKNIFTY30JAN25F,BANKNIFTY,49010.05,690750,49010.55,49014.95,1405665,150,30
2025-01-29 12:03:48.021203,BANKNIFTY30JAN25F,BANKNIFTY,49010.35,690750,49010.35,49014.95,1405665,150,30
2025-01-29 12:03:49.576641,BANKNIFTY30JAN25F,BANKNIFTY,49010.35,690825,49010.0,49014.95,1405665,45,30
2025-01-29 12:03:51.263662,BANKNIFTY30JAN25F,BANKNIFTY,49010.0,690825,49010.0,49014.9,1405665,30,15
2025-01-29 12:03:53.359479,BANKNIFTY30JAN25F,BANKNIFTY,48999.4,691140,48999.0,49013.7,1405665,105,120
2025-01-29 12:03:54.859802,BANKNIFTY30JAN25F,BANKNIFTY,48999.4,691245,48997.8,49010.0,1405665,15,15
2025-01-29 12:03:56.302918,BANKNIFTY30JAN25F,BANKNIFTY,48997.55,691260,48997.55,49010.0,1405665,15,15
2025-01-29 12:03:57.997805,BANKNIFTY30JAN25F,BANKNIFTY,48997.65,691275,48997.9,49003.8,1405665,15,30
2025-01-29 12:03:59.626713,BANKNIFTY30JAN25F,BANKNIFTY,49000.0,691305,49000.1,49003.7,1405665,15,45
2025-01-29 12:04:01.090620,BANKNIFTY30JAN25F,BANKNIFTY,49000.0,691320,49000.05,49003.65,1405665,15,15
2025-01-29 12:04:02.394311,BANKNIFTY30JAN25F,BANKNIFTY,49001.85,691335,49000.85,49001.85,1405665,15,15
2025-01-29 12:04:03.688840,BANKNIFTY30JAN25F,BANKNIFTY,49001.85,691350,48997.75,49001.8,1405665,15,15
2025-01-29 12:04:05.006314,BANKNIFTY30JAN25F,BANKNIFTY,49001.85,691350,48997.75,49001.8,1405665,15,15
2025-01-29 12:04:06.347728,BANKNIFTY30JAN25F,BANKNIFTY,49001.85,691350,48997.65,49001.8,1405665,15,30
2025-01-29 12:04:07.656661,BANKNIFTY30JAN25F,BANKNIFTY,49001.85,691350,48997.65,49001.7,1405665,15,15
2025-01-29 12:04:09.009359,BANKNIFTY30JAN25F,BANKNIFTY,48999.7,691350,48997.65,48999.7,1405665,15,15
2025-01-29 12:04:10.335772,BANKNIFTY30JAN25F,BANKNIFTY,49001.45,691530,49001.55,49003.7,1405665,105,30
2025-01-29 12:04:11.663585,BANKNIFTY30JAN25F,BANKNIFTY,49003.7,691530,49002.1,49003.7,1405665,15,30
2025-01-29 12:04:12.987690,BANKNIFTY30JAN25F,BANKNIFTY,49003.7,691530,49002.1,49003.7,1405665,15,30
2025-01-29 12:04:14.333777,BANKNIFTY30JAN25F,BANKNIFTY,49004.7,691575,49003.95,49018.85,1405665,75,120
2025-01-29 12:04:15.750548,BANKNIFTY30JAN25F,BANKNIFTY,49004.7,691650,49002.9,49017.55,1405665,15,120
2025-01-29 12:04:17.074926,BANKNIFTY30JAN25F,BANKNIFTY,49004.7,691650,49003.0,49016.3,1405665,15,150
2025-01-29 12:04:18.425854,BANKNIFTY30JAN25F,BANKNIFTY,49013.5,691650,49000.8,49013.5,1405665,15,150
2025-01-29 12:04:19.845804,BANKNIFTY30JAN25F,BANKNIFTY,49013.5,691665,49003.7,49013.55,1405665,60,30
2025-01-29 12:04:21.184823,BANKNIFTY30JAN25F,BANKNIFTY,49003.7,691725,48997.65,49008.1,1405665,15,120
2025-01-29 12:04:22.681645,BANKNIFTY30JAN25F,BANKNIFTY,48997.35,691725,48997.65,49008.1,1405665,15,120
2025-01-29 12:04:24.033254,BANKNIFTY30JAN25F,BANKNIFTY,48997.65,691770,48997.4,49009.95,1405665,15,120
2025-01-29 12:04:25.373616,BANKNIFTY30JAN25F,BANKNIFTY,48998.35,691800,48998.65,49009.95,1405665,15,15
2025-01-29 12:04:26.678754,BANKNIFTY30JAN25F,BANKNIFTY,48998.35,691800,48998.95,49009.95,1405665,15,15
2025-01-29 12:04:27.999853,BANKNIFTY30JAN25F,BANKNIFTY,48998.35,691800,48998.95,49009.95,1405665,15,15
2025-01-29 12:04:29.349726,BANKNIFTY30JAN25F,BANKNIFTY,49000.25,691800,49002.65,49004.45,1405665,15,15
2025-01-29 12:04:30.663890,BANKNIFTY30JAN25F,BANKNIFTY,49000.25,691815,48997.4,49004.45,1405665,15,15
2025-01-29 12:04:31.988499,BANKNIFTY30JAN25F,BANKNIFTY,49000.25,691815,48997.7,49002.1,1405665,30,180
2025-01-29 12:04:57.341813,BANKNIFTY30JAN25F,BANKNIFTY,49000.0,692625,48999.95,49000.0,1403115,15,210
2025-01-29 12:04:58.673719,BANKNIFTY30JAN25F,BANKNIFTY,48997.75,692760,48997.75,49000.0,1403115,15,150
2025-01-29 12:04:59.976915,BANKNIFTY30JAN25F,BANKNIFTY,48999.05,692775,48997.8,48999.95,1403115,60,30
2025-01-29 12:05:01.401797,BANKNIFTY30JAN25F,BANKNIFTY,49000.0,692940,48997.7,49002.1,1403115,15,15
2025-01-29 12:05:02.936080,BANKNIFTY30JAN25F,BANKNIFTY,48997.45,692970,48997.3,49002.1,1403115,30,15
2025-01-29 12:05:04.415600,BANKNIFTY30JAN25F,BANKNIFTY,48996.5,692970,48997.3,49002.1,1403115,30,15
2025-01-29 12:05:05.724870,BANKNIFTY30JAN25F,BANKNIFTY,48996.5,692985,48995.0,48999.0,1403115,195,30
2025-01-29 12:05:07.172259,BANKNIFTY30JAN25F,BANKNIFTY,48996.5,692985,48998.55,48999.0,1403115,60,30
2025-01-29 12:05:08.580890,BANKNIFTY30JAN25F,BANKNIFTY,48999.0,693000,48996.55,48999.0,1403115,30,15
2025-01-29 12:05:09.870313,BANKNIFTY30JAN25F,BANKNIFTY,48999.0,693000,48998.75,48999.0,1403115,30,15
2025-01-29 12:05:11.189141,BANKNIFTY30JAN25F,BANKNIFTY,48999.0,693000,48998.75,48999.0,1403115,30,15
2025-01-29 12:05:12.504197,BANKNIFTY30JAN25F,BANKNIFTY,48999.0,693030,48998.7,48999.0,1403115,15,15
2025-01-29 12:05:13.845929,BANKNIFTY30JAN25F,BANKNIFTY,48999.45,693045,48999.15,49002.1,1403115,15,15
2025-01-29 12:05:15.194327,BANKNIFTY30JAN25F,BANKNIFTY,48999.45,693075,48998.75,49002.1,1403115,75,30
2025-01-29 12:05:16.499531,BANKNIFTY30JAN25F,BANKNIFTY,49000.2,693105,48999.95,49002.1,1403115,15,90
2025-01-29 12:05:17.840923,BANKNIFTY30JAN25F,BANKNIFTY,48998.85,693270,48999.0,49002.05,1403115,15,75
2025-01-29 12:05:19.188109,BANKNIFTY30JAN25F,BANKNIFTY,48999.0,693270,48999.0,49002.05,1403115,15,75
2025-01-29 12:05:20.478101,BANKNIFTY30JAN25F,BANKNIFTY,48998.65,693330,48998.8,49001.95,1403115,15,75
2025-01-29 12:05:21.795371,BANKNIFTY30JAN25F,BANKNIFTY,48998.65,693360,48997.15,49001.85,1403115,30,75
2025-01-29 12:05:23.104106,BANKNIFTY30JAN25F,BANKNIFTY,48998.65,693360,48998.25,49001.8,1403115,120,75
2025-01-29 12:05:24.428701,BANKNIFTY30JAN25F,BANKNIFTY,49002.05,693360,48998.25,49001.8,1403115,120,75
2025-01-29 12:05:25.743920,BANKNIFTY30JAN25F,BANKNIFTY,49021.0,693660,49003.55,49015.0,1403115,15,15
2025-01-29 12:05:27.083209,BANKNIFTY30JAN25F,BANKNIFTY,49021.0,693690,49005.9,49022.3,1403115,30,150
2025-01-29 12:05:28.438178,BANKNIFTY30JAN25F,BANKNIFTY,49021.0,693690,49008.8,49021.8,1403115,15,150
2025-01-29 12:05:29.741500,BANKNIFTY30JAN25F,BANKNIFTY,49021.0,693690,49009.6,49021.7,1403115,15,150
2025-01-29 12:05:31.050592,BANKNIFTY30JAN25F,BANKNIFTY,49021.7,693690,49009.6,49021.7,1403115,15,150
2025-01-29 12:05:32.392511,BANKNIFTY30JAN25F,BANKNIFTY,49021.7,693705,49010.1,49021.65,1403115,15,120
2025-01-29 12:05:33.716997,BANKNIFTY30JAN25F,BANKNIFTY,49010.5,693750,49009.1,49021.65,1403115,15,120
2025-01-29 12:05:35.031515,BANKNIFTY30JAN25F,BANKNIFTY,49010.7,693765,49012.5,49021.7,1403115,15,15
2025-01-29 12:05:36.360399,BANKNIFTY30JAN25F,BANKNIFTY,49011.7,694020,49008.8,49021.65,1403115,15,120
2025-01-29 12:05:37.702159,BANKNIFTY30JAN25F,BANKNIFTY,49011.7,694020,49008.8,49021.65,1403115,15,120
2025-01-29 12:05:39.039004,BANKNIFTY30JAN25F,BANKNIFTY,49011.7,694020,49010.95,49021.7,1403115,15,15
2025-01-29 12:05:40.355964,BANKNIFTY30JAN25F,BANKNIFTY,49011.7,694020,49009.25,49021.6,1403115,75,120
2025-01-29 12:05:41.694401,BANKNIFTY30JAN25F,BANKNIFTY,49011.7,694020,49009.0,49018.7,1403115,15,120
2025-01-29 12:05:43.021790,BANKNIFTY30JAN25F,BANKNIFTY,49009.0,694080,48997.8,49010.8,1403115,15,60
2025-01-29 12:05:44.376694,BANKNIFTY30JAN25F,BANKNIFTY,49009.0,694080,48997.8,49010.8,1403115,15,60
2025-01-29 12:05:45.692893,BANKNIFTY30JAN25F,BANKNIFTY,49009.0,694080,48997.25,49008.8,1403115,15,30
2025-01-29 12:05:46.984202,BANKNIFTY30JAN25F,BANKNIFTY,48978.45,694695,48976.15,48987.65,1403115,15,30
2025-01-29 12:05:48.312696,BANKNIFTY30JAN25F,BANKNIFTY,48978.45,694710,48982.5,48987.65,1403115,15,30
2025-01-29 12:05:49.628245,BANKNIFTY30JAN25F,BANKNIFTY,48968.5,694710,48974.0,48984.35,1403115,15,150
2025-01-29 12:05:51.140722,BANKNIFTY30JAN25F,BANKNIFTY,48972.45,694710,48974.0,48984.35,1403115,15,150
2025-01-29 12:05:52.617605,BANKNIFTY30JAN25F,BANKNIFTY,48969.25,694830,48966.0,48972.45,1403115,30,30
2025-01-29 12:05:53.992949,BANKNIFTY30JAN25F,BANKNIFTY,48983.95,694905,48967.7,48983.95,1403115,30,120
2025-01-29 12:05:55.811011,BANKNIFTY30JAN25F,BANKNIFTY,48979.45,694980,48966.55,48979.45,1403115,30,15
2025-01-29 12:05:57.188616,BANKNIFTY30JAN25F,BANKNIFTY,48997.75,695085,48978.6,48990.0,1403115,60,15
2025-01-29 12:05:59.038583,BANKNIFTY30JAN25F,BANKNIFTY,48997.7,695160,48983.85,48997.75,1403115,15,120
2025-01-29 12:06:00.644067,BANKNIFTY30JAN25F,BANKNIFTY,49016.95,695295,48997.1,49012.95,1403115,15,120
2025-01-29 12:06:02.054600,BANKNIFTY30JAN25F,BANKNIFTY,49016.95,695325,49002.85,49016.4,1403115,30,30
2025-01-29 12:06:03.371893,BANKNIFTY30JAN25F,BANKNIFTY,49026.0,695385,49009.35,49025.45,1403115,30,150
2025-01-29 12:06:04.896366,BANKNIFTY30JAN25F,BANKNIFTY,49013.15,695415,49013.1,49025.35,1403115,30,15
2025-01-29 12:06:06.295929,BANKNIFTY30JAN25F,BANKNIFTY,49013.15,695415,49015.7,49025.3,1403115,15,15
2025-01-29 12:06:07.655171,BANKNIFTY30JAN25F,BANKNIFTY,49026.0,695415,49015.7,49025.3,1403115,15,15
2025-01-29 12:06:09.055117,BANKNIFTY30JAN25F,BANKNIFTY,49026.0,695475,49018.75,49025.0,1403115,75,60
2025-01-29 12:06:10.420765,BANKNIFTY30JAN25F,BANKNIFTY,49026.0,695490,49021.1,49025.0,1403115,15,75
2025-01-29 12:06:11.799122,BANKNIFTY30JAN25F,BANKNIFTY,49026.0,695625,49023.35,49026.0,1403115,300,105
2025-01-29 12:06:13.127142,BANKNIFTY30JAN25F,BANKNIFTY,49023.25,695715,49023.45,49026.0,1403115,15,45
2025-01-29 12:06:14.487575,BANKNIFTY30JAN25F,BANKNIFTY,49023.25,695715,49023.45,49026.0,1403115,15,45
2025-01-29 12:06:15.832778,BANKNIFTY30JAN25F,BANKNIFTY,49023.25,695715,49019.8,49021.1,1403115,15,45
2025-01-29 12:06:17.154246,BANKNIFTY30JAN25F,BANKNIFTY,49015.85,695745,49015.1,49020.0,1403115,150,210
2025-01-29 12:06:18.497166,BANKNIFTY30JAN25F,BANKNIFTY,49015.85,695745,49016.05,49020.0,1403115,15,210
2025-01-29 12:06:19.924530,BANKNIFTY30JAN25F,BANKNIFTY,49015.85,695745,49011.6,49018.05,1403115,15,15
2025-01-29 12:06:21.224981,BANKNIFTY30JAN25F,BANKNIFTY,49015.85,695745,49011.6,49018.05,1403115,15,15
2025-01-29 12:06:22.536784,BANKNIFTY30JAN25F,BANKNIFTY,49008.0,695745,49009.7,49018.05,1403115,15,15
2025-01-29 12:06:23.872345,BANKNIFTY30JAN25F,BANKNIFTY,49008.0,695760,49008.05,49018.05,1403115,15,15
2025-01-29 12:06:25.178433,BANKNIFTY30JAN25F,BANKNIFTY,49008.0,695760,49004.3,49016.95,1403115,75,30
2025-01-29 12:06:26.493496,BANKNIFTY30JAN25F,BANKNIFTY,49008.0,695760,49002.55,49010.0,1403115,15,210
2025-01-29 12:06:27.807134,BANKNIFTY30JAN25F,BANKNIFTY,49000.75,695835,49001.05,49010.0,1403115,15,210
2025-01-29 12:06:29.243532,BANKNIFTY30JAN25F,BANKNIFTY,49001.05,695835,49001.05,49010.0,1403115,15,210
2025-01-29 12:06:30.560456,BANKNIFTY30JAN25F,BANKNIFTY,49007.35,695895,49000.0,49007.1,1403115,30,30
2025-01-29 12:06:31.872545,BANKNIFTY30JAN25F,BANKNIFTY,49000.0,695925,49000.0,49010.0,1403115,30,210
2025-01-29 12:06:33.237449,BANKNIFTY30JAN25F,BANKNIFTY,49005.0,695955,49000.0,49005.0,1403115,15,15
2025-01-29 12:06:34.548308,BANKNIFTY30JAN25F,BANKNIFTY,49000.0,695955,49000.0,49005.0,1403115,15,15
2025-01-29 12:06:35.866470,BANKNIFTY30JAN25F,BANKNIFTY,48992.25,695970,48992.3,49000.0,1403115,15,240
2025-01-29 12:06:37.182685,BANKNIFTY30JAN25F,BANKNIFTY,48992.25,696000,48991.55,49000.0,1403115,45,240
2025-01-29 12:06:38.509158,BANKNIFTY30JAN25F,BANKNIFTY,48992.25,696000,48993.0,49000.0,1403115,15,270
2025-01-29 12:06:39.844059,BANKNIFTY30JAN25F,BANKNIFTY,48991.65,696225,48991.75,48996.5,1403115,15,30
2025-01-29 12:06:41.152328,BANKNIFTY30JAN25F,BANKNIFTY,48991.65,696225,48991.75,48996.5,1403115,15,30
2025-01-29 12:06:42.453554,BANKNIFTY30JAN25F,BANKNIFTY,48991.65,696225,48993.4,48996.5,1403115,15,30
2025-01-29 12:06:43.766088,BANKNIFTY30JAN25F,BANKNIFTY,48988.75,696270,48986.9,48995.5,1403115,15,30
2025-01-29 12:06:45.102794,BANKNIFTY30JAN25F,BANKNIFTY,48988.75,696270,48979.5,48994.9,1403115,15,120
2025-01-29 12:06:46.391331,BANKNIFTY30JAN25F,BANKNIFTY,48980.7,696300,48983.0,48991.05,1403115,15,30
2025-01-29 12:07:34.797146,BANKNIFTY30JAN25F,BANKNIFTY,48965.0,700110,48960.0,48973.7,1400850,60,120
2025-01-29 12:07:36.091004,BANKNIFTY30JAN25F,BANKNIFTY,48960.05,700155,48962.05,48974.65,1400850,15,15
2025-01-29 12:07:37.399711,BANKNIFTY30JAN25F,BANKNIFTY,48961.25,700155,48962.05,48974.65,1400850,15,15
2025-01-29 12:07:38.711167,BANKNIFTY30JAN25F,BANKNIFTY,48958.15,700350,48958.35,48968.35,1400850,15,15
2025-01-29 12:07:40.012503,BANKNIFTY30JAN25F,BANKNIFTY,48958.15,700380,48958.45,48963.3,1400850,15,60
2025-01-29 12:07:41.318183,BANKNIFTY30JAN25F,BANKNIFTY,48963.3,700440,48960.3,48963.3,1400850,30,45
2025-01-29 12:07:42.646187,BANKNIFTY30JAN25F,BANKNIFTY,48963.4,700515,48961.85,48963.3,1400850,150,15
2025-01-29 12:07:43.949283,BANKNIFTY30JAN25F,BANKNIFTY,48963.3,700515,48961.85,48963.3,1400850,150,15
2025-01-29 12:07:45.248192,BANKNIFTY30JAN25F,BANKNIFTY,48963.3,700545,48963.3,48975.85,1400850,15,150
2025-01-29 12:07:46.630863,BANKNIFTY30JAN25F,BANKNIFTY,48963.3,700545,48963.3,48975.15,1400850,15,30
2025-01-29 12:07:47.925048,BANKNIFTY30JAN25F,BANKNIFTY,48973.3,700560,48963.3,48973.3,1400850,15,30
2025-01-29 12:07:49.323451,BANKNIFTY30JAN25F,BANKNIFTY,48973.3,700560,48963.3,48973.3,1400850,15,15
2025-01-29 12:07:50.680928,BANKNIFTY30JAN25F,BANKNIFTY,48973.3,700560,48963.3,48973.3,1400850,15,15
2025-01-29 12:07:51.974928,BANKNIFTY30JAN25F,BANKNIFTY,48973.3,700575,48969.5,48975.85,1400850,135,15
