timestamp,symbol,index_name,ltp,volume,bid,ask,oi,bid_qty,ask_qty
2025-01-29 10:03:19.487388,FINNIFTY30JAN25F,FINNIFTY,22892.1,9900,22882.4,22890.6,47175,25,75
2025-01-29 10:03:20.865138,FINNIFTY30JAN25F,FINNIFTY,22892.1,9900,22882.4,22890.6,47175,25,75
2025-01-29 10:03:22.210297,FINNIFTY30JAN25F,FINNIFTY,22892.1,9900,22883.25,22890.5,47175,25,50
2025-01-29 10:03:23.588858,FINNIFTY30JAN25F,FINNIFTY,22892.1,9900,22882.8,22890.2,47175,25,50
2025-01-29 10:03:24.916374,FINNIFTY30JAN25F,FINNIFTY,22892.1,9900,22882.9,22889.35,47175,25,25
2025-01-29 10:03:26.316372,FINNIFTY30JAN25F,FINNIFTY,22892.1,9900,22884.3,22891.9,47175,25,50
2025-01-29 10:03:27.732064,FINNIFTY30JAN25F,FINNIFTY,22892.1,9900,22882.15,22890.0,47175,75,50
2025-01-29 10:03:29.123080,FINNIFTY30JAN25F,FINNIFTY,22892.1,9900,22882.15,22890.0,47175,75,50
2025-01-29 10:03:30.429761,FINNIFTY30JAN25F,FINNIFTY,22892.1,9900,22881.2,22890.0,47175,25,125
2025-01-29 10:03:31.770454,FINNIFTY30JAN25F,FINNIFTY,22892.1,9900,22883.85,22890.75,47175,25,75
2025-01-29 10:03:33.235125,FINNIFTY30JAN25F,FINNIFTY,22892.1,9900,22885.6,22892.9,47175,25,50
2025-01-29 10:03:34.590000,FINNIFTY30JAN25F,FINNIFTY,22892.1,9900,22883.7,22891.4,47175,25,50
2025-01-29 10:03:35.935094,FINNIFTY30JAN25F,FINNIFTY,22892.1,9900,22884.3,22892.4,47175,25,50
2025-01-29 10:03:37.385239,FINNIFTY30JAN25F,FINNIFTY,22892.1,9900,22884.3,22892.4,47175,25,50
2025-01-29 10:03:38.757382,FINNIFTY30JAN25F,FINNIFTY,22892.1,9900,22885.45,22893.5,47175,25,125
2025-01-29 10:03:40.095158,FINNIFTY30JAN25F,FINNIFTY,22892.1,9900,22889.15,22896.6,47175,100,50
2025-01-29 10:03:41.423910,FINNIFTY30JAN25F,FINNIFTY,22892.1,9900,22887.2,22894.8,47175,25,50
2025-01-29 10:03:42.889981,FINNIFTY30JAN25F,FINNIFTY,22892.1,9900,22888.25,22894.8,47175,25,25
2025-01-29 10:03:44.367078,FINNIFTY30JAN25F,FINNIFTY,22892.1,9900,22886.75,22894.9,47175,25,75
2025-01-29 10:03:45.695693,FINNIFTY30JAN25F,FINNIFTY,22892.1,9900,22886.75,22894.9,47175,25,75
2025-01-29 10:03:47.006849,FINNIFTY30JAN25F,FINNIFTY,22892.1,9900,22886.9,22895.0,47175,350,75
2025-01-29 10:03:48.338494,FINNIFTY30JAN25F,FINNIFTY,22892.1,9900,22886.9,22894.95,47175,25,75
2025-01-29 10:03:49.666497,FINNIFTY30JAN25F,FINNIFTY,22892.1,9900,22886.8,22893.55,47175,25,75
2025-01-29 10:03:51.012757,FINNIFTY30JAN25F,FINNIFTY,22892.1,9900,22886.8,22893.55,47175,25,75
2025-01-29 10:03:52.312799,FINNIFTY30JAN25F,FINNIFTY,22892.1,9900,22885.15,22892.0,47175,25,50
2025-01-29 10:03:53.641776,FINNIFTY30JAN25F,FINNIFTY,22892.1,10000,22886.5,22893.45,47175,50,25
2025-01-29 10:03:54.933519,FINNIFTY30JAN25F,FINNIFTY,22892.1,10000,22885.95,22893.45,47175,50,25
2025-01-29 10:03:56.287400,FINNIFTY30JAN25F,FINNIFTY,22892.1,10000,22885.3,22893.3,47175,125,50
2025-01-29 10:03:57.607200,FINNIFTY30JAN25F,FINNIFTY,22892.1,10000,22886.9,22894.65,47175,25,25
2025-01-29 10:03:58.958612,FINNIFTY30JAN25F,FINNIFTY,22892.1,10000,22886.9,22894.65,47175,25,25
2025-01-29 10:04:00.302356,FINNIFTY30JAN25F,FINNIFTY,22892.1,10000,22885.05,22892.45,47175,100,50
2025-01-29 10:04:02.305997,FINNIFTY30JAN25F,FINNIFTY,22892.1,10000,22887.1,22895.25,47175,25,50
2025-01-29 10:04:03.706148,FINNIFTY30JAN25F,FINNIFTY,22892.1,10000,22885.5,22892.8,47175,25,50
2025-01-29 10:04:05.035958,FINNIFTY30JAN25F,FINNIFTY,22892.1,10000,22885.85,22892.8,47175,25,50
2025-01-29 10:04:06.384056,FINNIFTY30JAN25F,FINNIFTY,22892.1,10000,22885.9,22892.8,47175,50,50
2025-01-29 10:04:07.737275,FINNIFTY30JAN25F,FINNIFTY,22892.1,10000,22885.0,22892.95,47175,50,50
2025-01-29 10:04:09.061516,FINNIFTY30JAN25F,FINNIFTY,22892.1,10000,22885.0,22892.95,47175,50,50
2025-01-29 10:04:10.394032,FINNIFTY30JAN25F,FINNIFTY,22892.1,10000,22884.6,22892.75,47175,50,50
2025-01-29 10:04:11.759462,FINNIFTY30JAN25F,FINNIFTY,22892.1,10000,22889.0,22896.9,47175,25,50
2025-01-29 10:04:13.087273,FINNIFTY30JAN25F,FINNIFTY,22892.1,10000,22887.25,22894.65,47175,25,50
2025-01-29 10:04:14.408381,FINNIFTY30JAN25F,FINNIFTY,22892.1,10000,22885.6,22893.8,47175,25,50
2025-01-29 10:04:15.759791,FINNIFTY30JAN25F,FINNIFTY,22892.1,10000,22885.6,22893.8,47175,25,50
2025-01-29 10:04:17.066590,FINNIFTY30JAN25F,FINNIFTY,22892.1,10000,22886.8,22894.05,47175,25,25
2025-01-29 10:04:18.449473,FINNIFTY30JAN25F,FINNIFTY,22892.1,10000,22886.45,22894.0,47175,25,50
2025-01-29 10:04:19.773923,FINNIFTY30JAN25F,FINNIFTY,22892.1,10000,22885.95,22893.25,47175,100,50
2025-01-29 10:04:21.085929,FINNIFTY30JAN25F,FINNIFTY,22892.1,10000,22888.6,22895.3,47175,25,25
2025-01-29 10:04:22.414871,FINNIFTY30JAN25F,FINNIFTY,22892.1,10000,22888.6,22895.3,47175,25,25
2025-01-29 10:04:23.902524,FINNIFTY30JAN25F,FINNIFTY,22892.1,10000,22889.85,22897.3,47175,25,50
2025-01-29 10:04:25.243910,FINNIFTY30JAN25F,FINNIFTY,22892.1,10000,22888.15,22896.65,47175,25,50
2025-01-29 10:04:26.570259,FINNIFTY30JAN25F,FINNIFTY,22892.1,10000,22887.5,22896.0,47175,25,50
2025-01-29 10:04:27.899681,FINNIFTY30JAN25F,FINNIFTY,22892.1,10000,22888.1,22895.2,47175,25,50
2025-01-29 10:04:29.249765,FINNIFTY30JAN25F,FINNIFTY,22892.1,10000,22888.1,22895.2,47175,25,50
2025-01-29 10:04:30.566718,FINNIFTY30JAN25F,FINNIFTY,22892.1,10000,22888.4,22895.55,47175,25,50
2025-01-29 10:04:31.949833,FINNIFTY30JAN25F,FINNIFTY,22892.1,10000,22889.85,22893.15,47175,25,25
2025-01-29 10:04:33.289431,FINNIFTY30JAN25F,FINNIFTY,22892.1,10000,22888.15,22893.15,47175,50,25
2025-01-29 10:04:34.616928,FINNIFTY30JAN25F,FINNIFTY,22892.1,10000,22892.1,22893.15,47175,25,25
2025-01-29 10:04:35.924796,FINNIFTY30JAN25F,FINNIFTY,22892.1,10000,22892.1,22893.15,47175,25,25
2025-01-29 10:04:37.234986,FINNIFTY30JAN25F,FINNIFTY,22892.1,10000,22892.1,22893.15,47175,25,25
2025-01-29 10:04:38.557444,FINNIFTY30JAN25F,FINNIFTY,22892.1,10000,22892.1,22893.15,47175,25,25
2025-01-29 10:04:39.973046,FINNIFTY30JAN25F,FINNIFTY,22892.1,10000,22892.1,22893.15,47175,25,25
2025-01-29 10:04:41.280506,FINNIFTY30JAN25F,FINNIFTY,22892.1,10000,22892.1,22893.15,47175,25,25
2025-01-29 10:04:42.583386,FINNIFTY30JAN25F,FINNIFTY,22892.1,10000,22892.1,22893.15,47175,25,25
2025-01-29 10:04:43.882397,FINNIFTY30JAN25F,FINNIFTY,22892.1,10000,22892.1,22893.15,47175,25,25
2025-01-29 10:04:45.211599,FINNIFTY30JAN25F,FINNIFTY,22892.1,10000,22892.1,22895.9,47175,25,25
2025-01-29 10:04:46.546583,FINNIFTY30JAN25F,FINNIFTY,22892.1,10000,22892.1,22895.7,47175,25,75
2025-01-29 10:04:47.917468,FINNIFTY30JAN25F,FINNIFTY,22892.1,10025,22886.9,22890.85,47225,100,25
2025-01-29 10:04:49.231997,FINNIFTY30JAN25F,FINNIFTY,22892.1,10025,22885.75,22893.15,47225,25,50
2025-01-29 10:04:50.620041,FINNIFTY30JAN25F,FINNIFTY,22892.1,10025,22885.75,22893.15,47225,25,50
2025-01-29 10:04:51.969552,FINNIFTY30JAN25F,FINNIFTY,22892.1,10025,22887.3,22893.7,47225,25,25
2025-01-29 10:04:53.329722,FINNIFTY30JAN25F,FINNIFTY,22892.1,10025,22885.15,22892.95,47225,25,50
2025-01-29 10:04:54.665490,FINNIFTY30JAN25F,FINNIFTY,22892.1,10025,22883.8,22891.7,47225,25,25
2025-01-29 10:04:56.002152,FINNIFTY30JAN25F,FINNIFTY,22892.1,10025,22883.25,22890.9,47225,25,50
2025-01-29 10:04:57.312501,FINNIFTY30JAN25F,FINNIFTY,22892.1,10025,22883.25,22890.9,47225,25,50
2025-01-29 10:04:58.647041,FINNIFTY30JAN25F,FINNIFTY,22892.1,10025,22883.15,22890.3,47225,175,50
2025-01-29 10:04:59.989053,FINNIFTY30JAN25F,FINNIFTY,22892.1,10025,22884.4,22892.05,47225,25,50
2025-01-29 10:05:01.316961,FINNIFTY30JAN25F,FINNIFTY,22892.1,10025,22883.6,22891.3,47225,25,50
2025-01-29 10:05:02.675396,FINNIFTY30JAN25F,FINNIFTY,22892.1,10025,22883.6,22891.3,47225,25,50
2025-01-29 10:05:04.021796,FINNIFTY30JAN25F,FINNIFTY,22892.1,10025,22883.8,22891.3,47225,25,25
2025-01-29 10:05:05.349469,FINNIFTY30JAN25F,FINNIFTY,22892.1,10025,22882.5,22890.5,47225,100,50
2025-01-29 10:05:06.675375,FINNIFTY30JAN25F,FINNIFTY,22892.1,10025,22882.65,22890.95,47225,75,50
2025-01-29 10:05:08.083569,FINNIFTY30JAN25F,FINNIFTY,22892.1,10025,22885.5,22891.3,47225,100,25
2025-01-29 10:05:09.415435,FINNIFTY30JAN25F,FINNIFTY,22892.1,10025,22885.5,22891.3,47225,25,25
2025-01-29 10:05:10.742601,FINNIFTY30JAN25F,FINNIFTY,22892.1,10025,22885.5,22891.3,47225,25,25
2025-01-29 10:05:12.143512,FINNIFTY30JAN25F,FINNIFTY,22892.1,10025,22884.85,22891.3,47225,100,25
2025-01-29 10:05:13.490607,FINNIFTY30JAN25F,FINNIFTY,22892.1,10025,22887.65,22891.3,47225,300,25
2025-01-29 10:05:14.823471,FINNIFTY30JAN25F,FINNIFTY,22892.1,10025,22886.85,22891.3,47225,25,25
2025-01-29 10:05:16.196507,FINNIFTY30JAN25F,FINNIFTY,22892.1,10025,22887.3,22891.3,47225,250,25
2025-01-29 10:05:17.531155,FINNIFTY30JAN25F,FINNIFTY,22892.1,10025,22887.3,22891.3,47225,250,25
2025-01-29 10:05:18.855260,FINNIFTY30JAN25F,FINNIFTY,22892.1,10025,22885.0,22891.3,47225,25,25
2025-01-29 10:05:20.203013,FINNIFTY30JAN25F,FINNIFTY,22892.1,10025,22886.1,22891.3,47225,250,25
2025-01-29 10:05:21.550818,FINNIFTY30JAN25F,FINNIFTY,22892.1,10025,22886.0,22891.3,47225,25,25
2025-01-29 10:05:22.930782,FINNIFTY30JAN25F,FINNIFTY,22892.1,10025,22888.1,22891.3,47225,25,25
2025-01-29 10:05:24.295472,FINNIFTY30JAN25F,FINNIFTY,22892.1,10025,22888.1,22891.3,47225,25,25
2025-01-29 10:05:25.658543,FINNIFTY30JAN25F,FINNIFTY,22892.1,10025,22888.0,22895.75,47225,25,50
2025-01-29 10:05:26.993087,FINNIFTY30JAN25F,FINNIFTY,22892.1,10025,22887.8,22892.45,47225,25,25
2025-01-29 10:05:28.368416,FINNIFTY30JAN25F,FINNIFTY,22892.1,10025,22891.4,22895.1,47225,100,25
2025-01-29 10:05:29.719338,FINNIFTY30JAN25F,FINNIFTY,22892.1,10025,22890.3,22895.1,47225,250,25
2025-01-29 10:05:31.071077,FINNIFTY30JAN25F,FINNIFTY,22895.1,10050,22894.15,22896.3,47225,25,25
2025-01-29 10:05:32.390332,FINNIFTY30JAN25F,FINNIFTY,22895.1,10050,22894.15,22896.3,47225,25,25
2025-01-29 10:05:34.056460,FINNIFTY30JAN25F,FINNIFTY,22895.1,10050,22894.25,22896.3,47225,25,25
2025-01-29 10:05:35.390294,FINNIFTY30JAN25F,FINNIFTY,22898.25,10125,22898.15,22905.95,47225,50,25
2025-01-29 10:05:36.762144,FINNIFTY30JAN25F,FINNIFTY,22898.25,10125,22898.45,22900.9,47225,100,25
2025-01-29 10:05:38.127158,FINNIFTY30JAN25F,FINNIFTY,22898.25,10125,22893.4,22897.9,47225,25,25
2025-01-29 10:05:39.458527,FINNIFTY30JAN25F,FINNIFTY,22898.25,10125,22891.7,22897.9,47225,25,50
2025-01-29 10:05:40.783897,FINNIFTY30JAN25F,FINNIFTY,22898.25,10125,22891.7,22897.9,47225,25,50
2025-01-29 10:05:42.113481,FINNIFTY30JAN25F,FINNIFTY,22898.25,10125,22891.7,22897.85,47225,25,75
2025-01-29 10:05:43.431342,FINNIFTY30JAN25F,FINNIFTY,22898.25,10125,22892.3,22895.8,47225,25,25
2025-01-29 10:05:44.787701,FINNIFTY30JAN25F,FINNIFTY,22898.25,10125,22893.1,22895.8,47225,25,25
2025-01-29 10:05:46.107601,FINNIFTY30JAN25F,FINNIFTY,22894.9,10200,22893.95,22902.55,47225,25,50
2025-01-29 10:05:47.442219,FINNIFTY30JAN25F,FINNIFTY,22894.9,10200,22893.95,22902.55,47225,25,50
2025-01-29 10:05:48.780643,FINNIFTY30JAN25F,FINNIFTY,22894.9,10200,22894.75,22902.35,47225,25,50
2025-01-29 10:05:50.136737,FINNIFTY30JAN25F,FINNIFTY,22898.7,10225,22892.75,22900.85,47225,100,50
2025-01-29 10:05:51.477417,FINNIFTY30JAN25F,FINNIFTY,22898.7,10225,22893.6,22900.75,47225,25,50
2025-01-29 10:05:52.847667,FINNIFTY30JAN25F,FINNIFTY,22898.7,10225,22892.0,22899.4,47225,150,50
2025-01-29 10:05:54.170875,FINNIFTY30JAN25F,FINNIFTY,22898.7,10225,22892.0,22899.4,47225,150,50
2025-01-29 10:05:55.494371,FINNIFTY30JAN25F,FINNIFTY,22898.7,10225,22893.0,22899.4,47225,25,25
2025-01-29 10:05:56.816007,FINNIFTY30JAN25F,FINNIFTY,22898.7,10225,22892.15,22899.25,47225,25,50
2025-01-29 10:05:58.162798,FINNIFTY30JAN25F,FINNIFTY,22898.7,10225,22893.55,22899.25,47225,100,25
2025-01-29 10:05:59.489586,FINNIFTY30JAN25F,FINNIFTY,22898.7,10225,22893.6,22899.25,47225,100,25
2025-01-29 10:06:00.840949,FINNIFTY30JAN25F,FINNIFTY,22898.7,10225,22895.05,22901.8,47225,25,25
2025-01-29 10:06:02.563316,FINNIFTY30JAN25F,FINNIFTY,22898.7,10225,22895.05,22901.8,47225,25,25
2025-01-29 10:06:03.900365,FINNIFTY30JAN25F,FINNIFTY,22898.7,10225,22891.15,22899.2,47225,25,50
2025-01-29 10:06:05.249368,FINNIFTY30JAN25F,FINNIFTY,22898.7,10225,22893.0,22899.0,47225,25,25
2025-01-29 10:06:06.575980,FINNIFTY30JAN25F,FINNIFTY,22898.7,10225,22894.8,22901.75,47225,25,50
2025-01-29 10:06:07.917067,FINNIFTY30JAN25F,FINNIFTY,22898.7,10225,22894.25,22901.3,47225,25,50
2025-01-29 10:06:09.268224,FINNIFTY30JAN25F,FINNIFTY,22898.7,10225,22894.45,22901.15,47225,25,25
2025-01-29 10:06:10.640127,FINNIFTY30JAN25F,FINNIFTY,22898.7,10225,22894.45,22901.15,47225,25,25
2025-01-29 10:06:11.972788,FINNIFTY30JAN25F,FINNIFTY,22898.7,10225,22893.55,22900.85,47225,250,25
2025-01-29 10:06:13.321321,FINNIFTY30JAN25F,FINNIFTY,22898.7,10225,22893.15,22900.6,47225,25,50
2025-01-29 10:06:14.629148,FINNIFTY30JAN25F,FINNIFTY,22898.7,10225,22895.25,22901.9,47225,25,25
2025-01-29 10:06:15.954399,FINNIFTY30JAN25F,FINNIFTY,22898.7,10225,22894.2,22901.75,47225,50,50
2025-01-29 10:06:17.272345,FINNIFTY30JAN25F,FINNIFTY,22898.7,10225,22894.2,22901.75,47225,50,50
2025-01-29 10:06:18.603028,FINNIFTY30JAN25F,FINNIFTY,22898.7,10225,22892.7,22900.2,47225,25,50
2025-01-29 10:06:19.937230,FINNIFTY30JAN25F,FINNIFTY,22898.7,10225,22892.45,22899.4,47225,25,25
2025-01-29 10:06:21.279145,FINNIFTY30JAN25F,FINNIFTY,22898.7,10225,22891.5,22899.15,47225,25,50
2025-01-29 10:06:22.632638,FINNIFTY30JAN25F,FINNIFTY,22898.7,10225,22890.0,22896.55,47225,50,50
2025-01-29 10:06:23.993489,FINNIFTY30JAN25F,FINNIFTY,22898.7,10225,22890.0,22896.55,47225,50,50
2025-01-29 10:06:25.331687,FINNIFTY30JAN25F,FINNIFTY,22898.7,10225,22890.0,22895.95,47225,50,25
2025-01-29 10:06:26.695890,FINNIFTY30JAN25F,FINNIFTY,22898.7,10225,22892.1,22898.35,47225,25,25
2025-01-29 10:06:28.057060,FINNIFTY30JAN25F,FINNIFTY,22898.7,10225,22891.7,22898.3,47225,25,25
2025-01-29 10:06:29.423665,FINNIFTY30JAN25F,FINNIFTY,22898.7,10225,22892.2,22898.3,47225,25,25
2025-01-29 10:06:30.809563,FINNIFTY30JAN25F,FINNIFTY,22898.7,10225,22892.35,22898.3,47225,25,25
2025-01-29 10:06:32.187524,FINNIFTY30JAN25F,FINNIFTY,22898.7,10225,22892.35,22898.3,47225,25,25
2025-01-29 10:06:33.560085,FINNIFTY30JAN25F,FINNIFTY,22898.7,10225,22894.8,22901.6,47225,25,25
2025-01-29 10:06:34.896691,FINNIFTY30JAN25F,FINNIFTY,22898.7,10225,22899.1,22904.8,47225,25,25
2025-01-29 10:06:36.246229,FINNIFTY30JAN25F,FINNIFTY,22898.7,10225,22896.5,22904.1,47225,25,50
2025-01-29 10:06:37.581012,FINNIFTY30JAN25F,FINNIFTY,22898.7,10225,22896.5,22904.1,47225,25,50
2025-01-29 10:06:38.918867,FINNIFTY30JAN25F,FINNIFTY,22898.7,10225,22897.5,22904.0,47225,25,25
2025-01-29 10:06:40.239349,FINNIFTY30JAN25F,FINNIFTY,22898.7,10225,22895.7,22903.9,47225,25,50
2025-01-29 10:06:41.558819,FINNIFTY30JAN25F,FINNIFTY,22898.7,10225,22894.65,22902.75,47225,25,50
2025-01-29 10:06:42.914446,FINNIFTY30JAN25F,FINNIFTY,22898.7,10225,22893.6,22898.7,47225,25,100
2025-01-29 10:06:44.285022,FINNIFTY30JAN25F,FINNIFTY,22898.7,10225,22892.2,22898.6,47225,75,25
2025-01-29 10:06:45.597141,FINNIFTY30JAN25F,FINNIFTY,22898.7,10225,22892.2,22898.6,47225,75,25
2025-01-29 10:06:46.921658,FINNIFTY30JAN25F,FINNIFTY,22898.7,10225,22893.5,22898.6,47225,25,25
2025-01-29 10:06:48.564888,FINNIFTY30JAN25F,FINNIFTY,22898.7,10225,22891.6,22897.7,47225,25,25
2025-01-29 10:06:49.902271,FINNIFTY30JAN25F,FINNIFTY,22898.7,10225,22893.55,22898.7,47225,25,100
2025-01-29 10:06:51.227343,FINNIFTY30JAN25F,FINNIFTY,22898.7,10225,22892.0,22898.65,47225,100,25
2025-01-29 10:06:52.534365,FINNIFTY30JAN25F,FINNIFTY,22898.7,10225,22892.0,22898.65,47225,100,25
2025-01-29 10:06:53.901798,FINNIFTY30JAN25F,FINNIFTY,22898.7,10225,22892.65,22898.65,47225,25,25
2025-01-29 10:06:55.219132,FINNIFTY30JAN25F,FINNIFTY,22898.7,10225,22891.5,22898.5,47225,25,50
2025-01-29 10:06:56.538210,FINNIFTY30JAN25F,FINNIFTY,22898.7,10225,22890.05,22897.6,47225,25,50
2025-01-29 10:06:57.851445,FINNIFTY30JAN25F,FINNIFTY,22898.7,10225,22890.05,22895.0,47225,25,100
2025-01-29 10:06:59.211656,FINNIFTY30JAN25F,FINNIFTY,22898.7,10225,22890.05,22895.0,47225,25,100
2025-01-29 10:07:00.515189,FINNIFTY30JAN25F,FINNIFTY,22895.0,10225,22890.05,22895.0,47225,25,100
2025-01-29 10:07:01.818519,FINNIFTY30JAN25F,FINNIFTY,22895.0,10250,22890.0,22895.0,47225,50,75
2025-01-29 10:07:03.126818,FINNIFTY30JAN25F,FINNIFTY,22895.0,10250,22890.0,22894.75,47225,50,50
2025-01-29 10:07:04.774244,FINNIFTY30JAN25F,FINNIFTY,22895.0,10250,22890.0,22894.25,47225,50,50
2025-01-29 10:07:06.128599,FINNIFTY30JAN25F,FINNIFTY,22895.0,10250,22890.0,22894.2,47225,50,25
2025-01-29 10:07:07.483813,FINNIFTY30JAN25F,FINNIFTY,22895.0,10250,22890.0,22894.2,47225,50,25
2025-01-29 10:07:08.830104,FINNIFTY30JAN25F,FINNIFTY,22895.0,10250,22890.0,22894.15,47225,50,25
2025-01-29 10:07:10.180498,FINNIFTY30JAN25F,FINNIFTY,22895.0,10250,22890.0,22894.15,47225,50,25
2025-01-29 10:07:11.512731,FINNIFTY30JAN25F,FINNIFTY,22895.0,10250,22890.0,22894.15,47225,50,25
2025-01-29 10:07:13.042746,FINNIFTY30JAN25F,FINNIFTY,22895.0,10250,22890.9,22895.0,47225,25,75
2025-01-29 10:07:14.379820,FINNIFTY30JAN25F,FINNIFTY,22895.0,10250,22892.6,22895.0,47225,25,75
2025-01-29 10:07:15.727408,FINNIFTY30JAN25F,FINNIFTY,22895.0,10250,22892.6,22895.0,47225,25,75
2025-01-29 10:07:17.060441,FINNIFTY30JAN25F,FINNIFTY,22895.0,10250,22891.75,22895.0,47225,25,75
2025-01-29 10:07:18.403503,FINNIFTY30JAN25F,FINNIFTY,22895.0,10250,22891.5,22895.0,47225,25,75
2025-01-29 10:07:19.764223,FINNIFTY30JAN25F,FINNIFTY,22895.0,10250,22890.65,22895.0,47225,25,75
2025-01-29 10:07:21.105570,FINNIFTY30JAN25F,FINNIFTY,22895.0,10250,22891.55,22895.0,47225,25,75
2025-01-29 10:07:22.429607,FINNIFTY30JAN25F,FINNIFTY,22895.0,10250,22891.55,22895.0,47225,25,75
2025-01-29 10:07:23.755011,FINNIFTY30JAN25F,FINNIFTY,22895.0,10250,22891.85,22895.0,47225,25,75
2025-01-29 10:07:25.137132,FINNIFTY30JAN25F,FINNIFTY,22895.0,10250,22890.35,22895.0,47225,25,75
2025-01-29 10:07:26.609680,FINNIFTY30JAN25F,FINNIFTY,22895.0,10250,22890.7,22895.0,47225,25,75
2025-01-29 10:07:27.900064,FINNIFTY30JAN25F,FINNIFTY,22895.0,10250,22891.25,22895.0,47225,100,75
2025-01-29 10:07:29.212321,FINNIFTY30JAN25F,FINNIFTY,22895.0,10250,22891.25,22895.0,47225,100,75
2025-01-29 10:07:30.528903,FINNIFTY30JAN25F,FINNIFTY,22893.0,10250,22891.35,22895.0,47350,25,75
2025-01-29 10:07:31.857895,FINNIFTY30JAN25F,FINNIFTY,22893.0,10325,22892.55,22899.75,47350,25,50
2025-01-29 10:07:33.605496,FINNIFTY30JAN25F,FINNIFTY,22893.0,10325,22894.75,22899.75,47350,250,25
2025-01-29 10:07:34.927851,FINNIFTY30JAN25F,FINNIFTY,22893.0,10325,22895.25,22900.0,47350,25,25
2025-01-29 10:07:36.282709,FINNIFTY30JAN25F,FINNIFTY,22893.0,10325,22894.35,22900.0,47350,50,50
2025-01-29 10:07:37.643333,FINNIFTY30JAN25F,FINNIFTY,22893.0,10325,22894.35,22900.0,47350,50,50
2025-01-29 10:07:39.020134,FINNIFTY30JAN25F,FINNIFTY,22893.0,10325,22893.25,22899.95,47350,50,25
2025-01-29 10:07:40.330197,FINNIFTY30JAN25F,FINNIFTY,22893.0,10325,22894.8,22900.0,47350,275,25
2025-01-29 10:07:41.682498,FINNIFTY30JAN25F,FINNIFTY,22893.0,10325,22894.65,22900.0,47350,50,50
2025-01-29 10:07:43.051697,FINNIFTY30JAN25F,FINNIFTY,22893.0,10325,22894.9,22900.0,47350,50,50
2025-01-29 10:07:44.472637,FINNIFTY30JAN25F,FINNIFTY,22893.0,10325,22895.1,22900.0,47350,25,25
2025-01-29 10:07:45.813953,FINNIFTY30JAN25F,FINNIFTY,22893.0,10325,22895.1,22900.0,47350,25,25
2025-01-29 10:07:47.136163,FINNIFTY30JAN25F,FINNIFTY,22893.0,10325,22893.25,22899.85,47350,50,25
2025-01-29 10:07:48.434395,FINNIFTY30JAN25F,FINNIFTY,22893.0,10325,22893.35,22899.8,47350,50,25
2025-01-29 10:07:49.749298,FINNIFTY30JAN25F,FINNIFTY,22893.0,10325,22894.2,22899.8,47350,25,25
2025-01-29 10:07:51.087813,FINNIFTY30JAN25F,FINNIFTY,22893.0,10325,22894.55,22899.8,47350,50,25
2025-01-29 10:07:52.395522,FINNIFTY30JAN25F,FINNIFTY,22893.0,10325,22894.55,22899.8,47350,50,25
2025-01-29 10:07:54.027228,FINNIFTY30JAN25F,FINNIFTY,22893.0,10325,22896.25,22900.0,47350,50,25
2025-01-29 10:07:55.393749,FINNIFTY30JAN25F,FINNIFTY,22893.0,10325,22893.95,22900.0,47350,50,50
2025-01-29 10:07:56.706958,FINNIFTY30JAN25F,FINNIFTY,22893.0,10325,22894.4,22900.0,47350,50,50
2025-01-29 10:07:58.081415,FINNIFTY30JAN25F,FINNIFTY,22893.0,10325,22895.85,22900.0,47350,50,25
2025-01-29 10:07:59.393717,FINNIFTY30JAN25F,FINNIFTY,22893.0,10325,22895.85,22900.0,47350,25,25
2025-01-29 10:08:00.728503,FINNIFTY30JAN25F,FINNIFTY,22893.0,10325,22895.85,22900.0,47350,25,25
2025-01-29 10:08:02.050890,FINNIFTY30JAN25F,FINNIFTY,22893.0,10325,22890.5,22898.2,47350,50,50
2025-01-29 10:08:03.370133,FINNIFTY30JAN25F,FINNIFTY,22893.0,10325,22890.05,22896.1,47350,25,25
2025-01-29 10:08:04.774725,FINNIFTY30JAN25F,FINNIFTY,22893.0,10325,22890.0,22893.0,47350,75,25
2025-01-29 10:08:06.169910,FINNIFTY30JAN25F,FINNIFTY,22893.0,10325,22891.1,22893.0,47350,325,25
2025-01-29 10:08:07.612487,FINNIFTY30JAN25F,FINNIFTY,22893.0,10325,22891.1,22893.0,47350,325,25
2025-01-29 10:08:08.962430,FINNIFTY30JAN25F,FINNIFTY,22893.0,10350,22892.15,22897.9,47350,50,25
2025-01-29 10:08:10.316360,FINNIFTY30JAN25F,FINNIFTY,22893.0,10350,22893.9,22900.0,47350,25,50
2025-01-29 10:08:11.660732,FINNIFTY30JAN25F,FINNIFTY,22893.0,10350,22893.5,22900.0,47350,25,50
2025-01-29 10:08:13.021018,FINNIFTY30JAN25F,FINNIFTY,22893.0,10350,22894.3,22900.0,47350,25,50
2025-01-29 10:08:14.361598,FINNIFTY30JAN25F,FINNIFTY,22893.0,10350,22894.3,22900.0,47350,25,50
2025-01-29 10:08:15.750271,FINNIFTY30JAN25F,FINNIFTY,22893.0,10350,22894.3,22900.0,47350,25,50
2025-01-29 10:08:17.113475,FINNIFTY30JAN25F,FINNIFTY,22893.0,10350,22895.4,22900.0,47350,50,25
2025-01-29 10:08:18.464931,FINNIFTY30JAN25F,FINNIFTY,22900.0,10375,22900.0,22903.7,47350,25,25
2025-01-29 10:08:19.773365,FINNIFTY30JAN25F,FINNIFTY,22900.0,10375,22898.0,22905.15,47350,50,50
2025-01-29 10:08:22.078144,FINNIFTY30JAN25F,FINNIFTY,22900.0,10375,22898.0,22904.6,47350,25,50
2025-01-29 10:08:23.427632,FINNIFTY30JAN25F,FINNIFTY,22900.0,10375,22897.65,22903.85,47350,100,25
2025-01-29 10:08:24.804369,FINNIFTY30JAN25F,FINNIFTY,22900.0,10375,22899.65,22905.45,47350,25,50
2025-01-29 10:08:26.125653,FINNIFTY30JAN25F,FINNIFTY,22900.0,10375,22899.7,22905.3,47350,25,25
2025-01-29 10:08:27.458422,FINNIFTY30JAN25F,FINNIFTY,22900.0,10375,22899.7,22905.3,47350,25,25
2025-01-29 10:08:28.817534,FINNIFTY30JAN25F,FINNIFTY,22900.0,10375,22900.35,22907.45,47350,25,50
2025-01-29 10:08:30.133331,FINNIFTY30JAN25F,FINNIFTY,22908.85,10475,22907.35,22913.35,47350,50,50
2025-01-29 10:08:31.448391,FINNIFTY30JAN25F,FINNIFTY,22908.85,10475,22906.75,22914.15,47350,25,50
2025-01-29 10:08:32.836529,FINNIFTY30JAN25F,FINNIFTY,22908.85,10475,22906.25,22912.3,47350,25,25
2025-01-29 10:08:34.158972,FINNIFTY30JAN25F,FINNIFTY,22908.85,10475,22906.25,22912.3,47350,25,25
2025-01-29 10:08:35.523364,FINNIFTY30JAN25F,FINNIFTY,22908.85,10475,22906.25,22912.2,47350,25,100
2025-01-29 10:08:36.869892,FINNIFTY30JAN25F,FINNIFTY,22908.85,10475,22900.0,22904.5,47350,25,25
2025-01-29 10:08:38.204136,FINNIFTY30JAN25F,FINNIFTY,22908.85,10475,22900.0,22905.05,47350,25,50
2025-01-29 10:08:39.656535,FINNIFTY30JAN25F,FINNIFTY,22908.85,10475,22900.0,22903.15,47350,25,25
2025-01-29 10:08:41.000048,FINNIFTY30JAN25F,FINNIFTY,22908.85,10475,22900.0,22903.15,47350,25,25
2025-01-29 10:08:42.332600,FINNIFTY30JAN25F,FINNIFTY,22908.85,10475,22901.3,22907.0,47350,25,25
2025-01-29 10:08:43.662408,FINNIFTY30JAN25F,FINNIFTY,22908.85,10475,22903.55,22910.95,47350,25,50
2025-01-29 10:08:45.035609,FINNIFTY30JAN25F,FINNIFTY,22908.85,10475,22903.3,22909.2,47350,25,25
2025-01-29 10:08:46.401633,FINNIFTY30JAN25F,FINNIFTY,22908.85,10475,22902.75,22909.2,47350,25,25
2025-01-29 10:08:47.738589,FINNIFTY30JAN25F,FINNIFTY,22908.85,10475,22902.65,22909.2,47350,25,25
2025-01-29 10:08:49.058543,FINNIFTY30JAN25F,FINNIFTY,22908.85,10475,22902.55,22907.7,47350,25,25
2025-01-29 10:08:50.832875,FINNIFTY30JAN25F,FINNIFTY,22908.85,10475,22902.55,22907.7,47350,25,25
2025-01-29 10:08:52.203094,FINNIFTY30JAN25F,FINNIFTY,22908.85,10475,22902.65,22909.35,47350,25,25
2025-01-29 10:08:53.644216,FINNIFTY30JAN25F,FINNIFTY,22908.85,10475,22900.05,22907.15,47350,25,50
2025-01-29 10:08:54.992682,FINNIFTY30JAN25F,FINNIFTY,22908.85,10475,22900.8,22907.15,47350,25,25
2025-01-29 10:08:56.304412,FINNIFTY30JAN25F,FINNIFTY,22908.85,10475,22900.05,22906.75,47350,25,50
2025-01-29 10:08:57.645488,FINNIFTY30JAN25F,FINNIFTY,22908.85,10475,22900.05,22906.75,47350,25,50
2025-01-29 10:08:58.974731,FINNIFTY30JAN25F,FINNIFTY,22908.85,10475,22900.2,22906.5,47350,25,25
2025-01-29 10:09:00.392613,FINNIFTY30JAN25F,FINNIFTY,22908.85,10475,22902.25,22909.1,47350,25,75
2025-01-29 10:09:02.504277,FINNIFTY30JAN25F,FINNIFTY,22908.85,10475,22902.25,22909.1,47350,25,75
2025-01-29 10:09:03.851246,FINNIFTY30JAN25F,FINNIFTY,22908.85,10475,22901.75,22908.4,47350,25,50
2025-01-29 10:09:05.190868,FINNIFTY30JAN25F,FINNIFTY,22908.85,10475,22902.85,22911.3,47350,25,50
2025-01-29 10:09:06.578329,FINNIFTY30JAN25F,FINNIFTY,22908.85,10475,22905.1,22912.3,47350,25,75
2025-01-29 10:09:07.932593,FINNIFTY30JAN25F,FINNIFTY,22908.85,10475,22903.95,22910.3,47350,25,50
2025-01-29 10:09:09.253528,FINNIFTY30JAN25F,FINNIFTY,22908.85,10475,22903.95,22910.3,47350,25,50
2025-01-29 10:09:10.587388,FINNIFTY30JAN25F,FINNIFTY,22908.85,10475,22904.15,22911.75,47350,25,50
2025-01-29 10:09:11.933617,FINNIFTY30JAN25F,FINNIFTY,22908.85,10475,22904.65,22910.65,47350,25,25
2025-01-29 10:09:13.271402,FINNIFTY30JAN25F,FINNIFTY,22908.85,10475,22904.2,22910.65,47350,25,25
2025-01-29 10:09:14.645901,FINNIFTY30JAN25F,FINNIFTY,22908.85,10475,22905.45,22911.95,47350,25,25
2025-01-29 10:09:15.962980,FINNIFTY30JAN25F,FINNIFTY,22908.85,10475,22903.95,22911.15,47350,25,50
2025-01-29 10:09:17.325253,FINNIFTY30JAN25F,FINNIFTY,22908.85,10475,22903.95,22911.15,47350,25,50
2025-01-29 10:09:18.664133,FINNIFTY30JAN25F,FINNIFTY,22908.85,10475,22906.2,22913.9,47350,25,50
2025-01-29 10:09:19.963688,FINNIFTY30JAN25F,FINNIFTY,22908.85,10475,22905.45,22912.85,47350,25,50
2025-01-29 10:09:21.309816,FINNIFTY30JAN25F,FINNIFTY,22908.85,10475,22906.0,22913.9,47350,150,50
2025-01-29 10:09:22.625984,FINNIFTY30JAN25F,FINNIFTY,22908.85,10475,22905.85,22912.95,47350,25,50
2025-01-29 10:09:23.956308,FINNIFTY30JAN25F,FINNIFTY,22908.85,10475,22905.85,22912.95,47350,25,50
2025-01-29 10:09:25.299471,FINNIFTY30JAN25F,FINNIFTY,22908.85,10475,22904.3,22911.15,47350,25,50
2025-01-29 10:09:26.598240,FINNIFTY30JAN25F,FINNIFTY,22908.85,10475,22904.45,22911.6,47350,250,50
2025-01-29 10:09:27.927836,FINNIFTY30JAN25F,FINNIFTY,22908.85,10475,22903.1,22910.35,47350,25,50
2025-01-29 10:09:29.276405,FINNIFTY30JAN25F,FINNIFTY,22908.85,10475,22903.1,22910.35,47350,25,50
2025-01-29 10:09:30.605231,FINNIFTY30JAN25F,FINNIFTY,22908.85,10475,22903.45,22911.7,47350,25,50
2025-01-29 10:09:31.948789,FINNIFTY30JAN25F,FINNIFTY,22908.85,10475,22904.15,22909.5,47350,25,25
2025-01-29 10:09:33.299046,FINNIFTY30JAN25F,FINNIFTY,22908.85,10475,22904.45,22910.85,47350,25,50
2025-01-29 10:09:34.647387,FINNIFTY30JAN25F,FINNIFTY,22908.85,10475,22904.15,22910.4,47350,25,50
2025-01-29 10:09:36.000517,FINNIFTY30JAN25F,FINNIFTY,22908.85,10475,22903.85,22909.7,47350,25,50
2025-01-29 10:09:37.374890,FINNIFTY30JAN25F,FINNIFTY,22908.85,10475,22903.85,22909.7,47350,25,50
2025-01-29 10:09:38.768405,FINNIFTY30JAN25F,FINNIFTY,22908.85,10475,22903.5,22911.0,47350,25,50
2025-01-29 10:09:40.104543,FINNIFTY30JAN25F,FINNIFTY,22908.85,10475,22902.3,22909.25,47350,25,50
2025-01-29 10:09:41.419987,FINNIFTY30JAN25F,FINNIFTY,22908.85,10475,22902.75,22908.85,47350,25,50
2025-01-29 10:09:42.762701,FINNIFTY30JAN25F,FINNIFTY,22908.85,10475,22903.45,22910.25,47350,100,50
2025-01-29 10:09:44.087019,FINNIFTY30JAN25F,FINNIFTY,22908.85,10475,22903.45,22910.25,47350,100,50
2025-01-29 10:09:45.488237,FINNIFTY30JAN25F,FINNIFTY,22908.85,10475,22904.2,22910.25,47350,100,50
2025-01-29 10:09:46.800853,FINNIFTY30JAN25F,FINNIFTY,22908.85,10475,22904.95,22911.95,47350,25,50
2025-01-29 10:09:48.133433,FINNIFTY30JAN25F,FINNIFTY,22908.85,10475,22904.65,22912.8,47350,25,100
2025-01-29 10:09:49.460980,FINNIFTY30JAN25F,FINNIFTY,22908.85,10475,22904.4,22911.5,47350,75,25
2025-01-29 10:09:50.808887,FINNIFTY30JAN25F,FINNIFTY,22908.85,10475,22904.4,22911.5,47350,75,25
2025-01-29 10:09:52.157000,FINNIFTY30JAN25F,FINNIFTY,22908.85,10475,22911.25,22919.15,47350,25,25
2025-01-29 10:09:53.745827,FINNIFTY30JAN25F,FINNIFTY,22908.85,10475,22911.35,22917.95,47350,25,25
2025-01-29 10:09:55.166068,FINNIFTY30JAN25F,FINNIFTY,22908.85,10475,22909.8,22915.45,47350,25,25
2025-01-29 10:09:56.504674,FINNIFTY30JAN25F,FINNIFTY,22908.85,10475,22912.65,22919.75,47350,25,25
2025-01-29 10:09:57.878360,FINNIFTY30JAN25F,FINNIFTY,22908.85,10475,22909.6,22916.4,47350,50,25
2025-01-29 10:09:59.207493,FINNIFTY30JAN25F,FINNIFTY,22908.85,10475,22909.6,22916.4,47350,50,25
2025-01-29 10:10:00.544777,FINNIFTY30JAN25F,FINNIFTY,22908.85,10475,22907.95,22915.7,47350,25,50
2025-01-29 10:10:01.990710,FINNIFTY30JAN25F,FINNIFTY,22908.85,10475,22908.85,22914.5,47350,25,25
2025-01-29 10:10:03.345793,FINNIFTY30JAN25F,FINNIFTY,22908.85,10475,22910.2,22916.65,47350,25,25
2025-01-29 10:10:04.658017,FINNIFTY30JAN25F,FINNIFTY,22908.85,10475,22908.8,22915.75,47350,25,25
2025-01-29 10:10:06.001790,FINNIFTY30JAN25F,FINNIFTY,22908.85,10475,22907.25,22913.95,47350,25,50
2025-01-29 10:10:07.391176,FINNIFTY30JAN25F,FINNIFTY,22908.85,10475,22907.25,22913.95,47350,25,50
2025-01-29 10:10:08.722694,FINNIFTY30JAN25F,FINNIFTY,22908.85,10475,22908.35,22915.25,47350,25,50
2025-01-29 10:10:13.130967,FINNIFTY30JAN25F,FINNIFTY,22908.85,10475,22912.2,22918.4,47350,50,50
2025-01-29 10:10:14.489764,FINNIFTY30JAN25F,FINNIFTY,22908.85,10475,22911.75,22917.5,47350,25,25
2025-01-29 10:10:15.845995,FINNIFTY30JAN25F,FINNIFTY,22908.85,10475,22911.75,22917.5,47350,25,25
2025-01-29 10:10:17.232587,FINNIFTY30JAN25F,FINNIFTY,22908.85,10475,22910.7,22916.45,47350,75,50
2025-01-29 10:10:18.578331,FINNIFTY30JAN25F,FINNIFTY,22908.85,10475,22911.1,22918.7,47350,25,50
2025-01-29 10:10:19.943169,FINNIFTY30JAN25F,FINNIFTY,22908.85,10475,22912.1,22918.6,47350,25,50
2025-01-29 10:10:21.286285,FINNIFTY30JAN25F,FINNIFTY,22908.85,10475,22914.9,22920.15,47350,25,25
2025-01-29 10:10:22.597791,FINNIFTY30JAN25F,FINNIFTY,22908.85,10475,22914.0,22921.2,47350,75,50
2025-01-29 10:10:23.961629,FINNIFTY30JAN25F,FINNIFTY,22908.85,10475,22914.0,22921.2,47350,75,50
2025-01-29 10:10:25.274581,FINNIFTY30JAN25F,FINNIFTY,22908.85,10475,22914.7,22920.3,47350,25,25
2025-01-29 10:10:26.601533,FINNIFTY30JAN25F,FINNIFTY,22908.85,10475,22918.05,22925.7,47350,75,50
2025-01-29 10:10:27.954759,FINNIFTY30JAN25F,FINNIFTY,22908.85,10475,22922.25,22927.55,47350,50,50
2025-01-29 10:10:29.294157,FINNIFTY30JAN25F,FINNIFTY,22908.85,10475,22922.25,22927.55,47350,50,50
2025-01-29 10:10:30.631665,FINNIFTY30JAN25F,FINNIFTY,22908.85,10475,22921.6,22929.85,47350,25,50
2025-01-29 10:10:31.970020,FINNIFTY30JAN25F,FINNIFTY,22908.85,10475,22920.45,22927.85,47350,25,50
2025-01-29 10:10:33.278265,FINNIFTY30JAN25F,FINNIFTY,22908.85,10475,22920.8,22927.0,47350,25,50
2025-01-29 10:10:34.614099,FINNIFTY30JAN25F,FINNIFTY,22920.55,10575,22919.35,22926.55,47350,25,25
2025-01-29 10:10:35.932618,FINNIFTY30JAN25F,FINNIFTY,22920.55,10575,22919.35,22926.55,47350,25,25
2025-01-29 10:10:37.314216,FINNIFTY30JAN25F,FINNIFTY,22920.55,10575,22916.6,22924.25,47350,25,50
2025-01-29 10:10:38.706086,FINNIFTY30JAN25F,FINNIFTY,22919.3,10575,22918.05,22924.95,47350,25,25
2025-01-29 10:10:40.064526,FINNIFTY30JAN25F,FINNIFTY,22919.3,10600,22917.3,22924.55,47350,50,50
2025-01-29 10:10:41.425877,FINNIFTY30JAN25F,FINNIFTY,22919.3,10600,22916.7,22920.0,47350,50,25
2025-01-29 10:10:42.794041,FINNIFTY30JAN25F,FINNIFTY,22919.3,10600,22918.4,22920.0,47350,50,25
2025-01-29 10:10:44.135717,FINNIFTY30JAN25F,FINNIFTY,22920.0,10600,22918.4,22920.0,47350,50,25
2025-01-29 10:10:45.453236,FINNIFTY30JAN25F,FINNIFTY,22920.0,10625,22918.25,22924.85,47350,50,25
2025-01-29 10:10:46.785641,FINNIFTY30JAN25F,FINNIFTY,22920.0,10625,22919.0,22926.8,47350,50,50
2025-01-29 10:10:48.121783,FINNIFTY30JAN25F,FINNIFTY,22920.0,10625,22918.2,22925.5,47350,50,50
2025-01-29 10:10:49.446444,FINNIFTY30JAN25F,FINNIFTY,22920.0,10625,22919.0,22925.4,47350,50,25
2025-01-29 10:10:50.809217,FINNIFTY30JAN25F,FINNIFTY,22920.0,10625,22919.0,22925.4,47350,50,25
2025-01-29 10:10:52.118610,FINNIFTY30JAN25F,FINNIFTY,22920.0,10625,22919.5,22925.4,47350,50,25
2025-01-29 10:10:53.474835,FINNIFTY30JAN25F,FINNIFTY,22920.0,10625,22922.35,22930.05,47350,100,50
2025-01-29 10:10:54.843944,FINNIFTY30JAN25F,FINNIFTY,22920.0,10625,22923.7,22931.2,47350,100,50
2025-01-29 10:10:56.217250,FINNIFTY30JAN25F,FINNIFTY,22920.0,10625,22923.25,22929.1,47350,50,25
2025-01-29 10:10:57.561969,FINNIFTY30JAN25F,FINNIFTY,22920.0,10625,22923.1,22929.1,47350,50,25
2025-01-29 10:10:58.981663,FINNIFTY30JAN25F,FINNIFTY,22920.0,10625,22923.1,22929.1,47350,50,25
2025-01-29 10:11:00.303965,FINNIFTY30JAN25F,FINNIFTY,22920.0,10625,22923.6,22931.25,47350,225,50
2025-01-29 10:11:01.627909,FINNIFTY30JAN25F,FINNIFTY,22920.0,10625,22923.75,22930.0,47350,50,25
2025-01-29 10:11:02.966948,FINNIFTY30JAN25F,FINNIFTY,22920.0,10625,22928.1,22935.45,47350,50,50
2025-01-29 10:11:04.308312,FINNIFTY30JAN25F,FINNIFTY,22920.0,10625,22928.1,22935.45,47350,50,50
2025-01-29 10:11:05.631403,FINNIFTY30JAN25F,FINNIFTY,22920.0,10625,22930.15,22935.75,47350,50,25
2025-01-29 10:11:06.969566,FINNIFTY30JAN25F,FINNIFTY,22920.0,10625,22927.5,22935.4,47350,25,50
2025-01-29 10:11:08.295363,FINNIFTY30JAN25F,FINNIFTY,22920.0,10625,22926.9,22934.05,47350,150,25
2025-01-29 10:11:09.628357,FINNIFTY30JAN25F,FINNIFTY,22920.0,10625,22926.8,22933.75,47350,50,25
2025-01-29 10:11:11.054209,FINNIFTY30JAN25F,FINNIFTY,22920.0,10625,22926.25,22932.5,47350,50,50
2025-01-29 10:11:12.428764,FINNIFTY30JAN25F,FINNIFTY,22920.0,10625,22926.25,22932.5,47350,50,50
2025-01-29 10:11:13.763015,FINNIFTY30JAN25F,FINNIFTY,22920.0,10625,22924.55,22932.25,47350,50,50
2025-01-29 10:11:15.096719,FINNIFTY30JAN25F,FINNIFTY,22920.0,10625,22924.95,22929.6,47350,125,25
2025-01-29 10:11:16.443172,FINNIFTY30JAN25F,FINNIFTY,22920.0,10625,22925.0,22929.6,47350,75,25
2025-01-29 10:11:17.793574,FINNIFTY30JAN25F,FINNIFTY,22920.0,10625,22923.25,22929.6,47350,50,50
2025-01-29 10:11:19.115726,FINNIFTY30JAN25F,FINNIFTY,22920.0,10625,22923.25,22929.6,47350,50,50
2025-01-29 10:11:20.438778,FINNIFTY30JAN25F,FINNIFTY,22920.0,10625,22923.8,22929.6,47350,25,25
2025-01-29 10:11:21.766331,FINNIFTY30JAN25F,FINNIFTY,22920.0,10625,22922.0,22929.55,47350,50,50
2025-01-29 10:11:23.104672,FINNIFTY30JAN25F,FINNIFTY,22920.0,10625,22925.05,22929.6,47350,75,25
2025-01-29 10:11:24.486749,FINNIFTY30JAN25F,FINNIFTY,22920.0,10625,22923.45,22929.6,47350,50,25
2025-01-29 10:11:25.842417,FINNIFTY30JAN25F,FINNIFTY,22920.0,10625,22923.45,22929.6,47350,50,25
2025-01-29 10:11:27.161702,FINNIFTY30JAN25F,FINNIFTY,22920.0,10625,22924.65,22929.6,47350,50,25
2025-01-29 10:11:28.476598,FINNIFTY30JAN25F,FINNIFTY,22929.6,10650,22927.75,22934.55,47350,50,25
2025-01-29 10:11:29.805276,FINNIFTY30JAN25F,FINNIFTY,22929.6,10650,22930.05,22934.45,47350,50,25
2025-01-29 10:11:31.122535,FINNIFTY30JAN25F,FINNIFTY,22929.6,10650,22930.1,22936.8,47350,75,25
2025-01-29 10:11:32.456390,FINNIFTY30JAN25F,FINNIFTY,22929.6,10650,22930.1,22936.8,47350,75,25
2025-01-29 10:11:33.801401,FINNIFTY30JAN25F,FINNIFTY,22929.6,10650,22926.8,22934.5,47350,50,50
2025-01-29 10:11:35.143099,FINNIFTY30JAN25F,FINNIFTY,22929.6,10650,22926.35,22933.1,47350,50,25
2025-01-29 10:11:36.460576,FINNIFTY30JAN25F,FINNIFTY,22929.6,10650,22928.05,22933.1,47350,125,25
2025-01-29 10:11:37.769524,FINNIFTY30JAN25F,FINNIFTY,22929.6,10650,22923.75,22929.65,47350,50,25
2025-01-29 10:11:39.091794,FINNIFTY30JAN25F,FINNIFTY,22929.6,10650,22923.75,22929.65,47350,50,25
2025-01-29 10:11:40.443966,FINNIFTY30JAN25F,FINNIFTY,22929.6,10650,22923.7,22930.8,47350,25,50
2025-01-29 10:11:41.776493,FINNIFTY30JAN25F,FINNIFTY,22929.6,10650,22926.3,22930.8,47350,75,25
2025-01-29 10:11:43.110194,FINNIFTY30JAN25F,FINNIFTY,22929.6,10650,22924.8,22930.65,47350,75,25
2025-01-29 10:11:44.418525,FINNIFTY30JAN25F,FINNIFTY,22929.6,10650,22924.8,22930.65,47350,75,25
2025-01-29 10:11:45.740788,FINNIFTY30JAN25F,FINNIFTY,22929.6,10650,22921.3,22928.65,47350,50,50
2025-01-29 10:11:47.082023,FINNIFTY30JAN25F,FINNIFTY,22925.0,10650,22920.05,22926.45,47350,75,25
2025-01-29 10:11:48.418309,FINNIFTY30JAN25F,FINNIFTY,22925.0,10675,22920.0,22925.05,47350,25,50
2025-01-29 10:11:49.721623,FINNIFTY30JAN25F,FINNIFTY,22925.0,10675,22920.0,22923.95,47350,25,25
2025-01-29 10:11:51.031429,FINNIFTY30JAN25F,FINNIFTY,22920.0,10675,22920.0,22923.95,47350,25,25
2025-01-29 10:11:52.366760,FINNIFTY30JAN25F,FINNIFTY,22920.0,10700,22917.4,22923.85,47350,75,25
2025-01-29 10:11:53.682301,FINNIFTY30JAN25F,FINNIFTY,22920.0,10700,22915.15,22923.1,47350,50,50
2025-01-29 10:11:55.044460,FINNIFTY30JAN25F,FINNIFTY,22920.0,10700,22915.0,22918.35,47350,50,50
2025-01-29 10:11:56.401387,FINNIFTY30JAN25F,FINNIFTY,22915.0,10750,22909.9,22916.55,47350,75,25
2025-01-29 10:11:57.722274,FINNIFTY30JAN25F,FINNIFTY,22915.0,10750,22914.0,22921.1,47350,50,50
2025-01-29 10:11:59.055728,FINNIFTY30JAN25F,FINNIFTY,22915.0,10750,22914.0,22921.1,47350,50,50
2025-01-29 10:12:00.398392,FINNIFTY30JAN25F,FINNIFTY,22915.0,10750,22912.4,22919.9,47350,75,50
2025-01-29 10:12:01.721351,FINNIFTY30JAN25F,FINNIFTY,22915.0,10750,22910.9,22918.0,47350,225,50
2025-01-29 10:12:03.061181,FINNIFTY30JAN25F,FINNIFTY,22915.0,10750,22911.65,22917.95,47350,50,25
2025-01-29 10:12:04.371446,FINNIFTY30JAN25F,FINNIFTY,22915.0,10750,22911.65,22917.95,47350,50,25
2025-01-29 10:12:05.703176,FINNIFTY30JAN25F,FINNIFTY,22915.0,10750,22914.0,22920.55,47350,75,50
2025-01-29 10:12:07.040426,FINNIFTY30JAN25F,FINNIFTY,22915.0,10750,22915.05,22920.5,47350,75,25
2025-01-29 10:12:08.394486,FINNIFTY30JAN25F,FINNIFTY,22915.0,10750,22913.5,22920.35,47350,200,50
2025-01-29 10:12:09.741300,FINNIFTY30JAN25F,FINNIFTY,22915.0,10750,22914.4,22920.25,47350,75,25
2025-01-29 10:12:11.079784,FINNIFTY30JAN25F,FINNIFTY,22915.0,10750,22914.4,22920.25,47350,75,25
2025-01-29 10:12:12.389861,FINNIFTY30JAN25F,FINNIFTY,22915.0,10750,22914.65,22920.25,47350,50,25
2025-01-29 10:12:13.746464,FINNIFTY30JAN25F,FINNIFTY,22915.0,10750,22916.05,22923.25,47350,50,50
2025-01-29 10:12:15.065184,FINNIFTY30JAN25F,FINNIFTY,22915.0,10750,22917.85,22925.8,47350,225,50
2025-01-29 10:12:16.386592,FINNIFTY30JAN25F,FINNIFTY,22915.0,10750,22917.2,22924.5,47350,50,50
2025-01-29 10:12:17.775842,FINNIFTY30JAN25F,FINNIFTY,22915.0,10750,22917.2,22924.5,47350,50,50
2025-01-29 10:12:19.075658,FINNIFTY30JAN25F,FINNIFTY,22915.0,10750,22918.4,22924.4,47350,50,25
2025-01-29 10:12:20.411837,FINNIFTY30JAN25F,FINNIFTY,22915.0,10750,22915.75,22923.6,47350,125,50
2025-01-29 10:12:21.752515,FINNIFTY30JAN25F,FINNIFTY,22915.0,10750,22917.05,22923.4,47350,75,25
2025-01-29 10:12:23.106740,FINNIFTY30JAN25F,FINNIFTY,22915.0,10750,22915.6,22922.5,47350,50,25
2025-01-29 10:12:24.472515,FINNIFTY30JAN25F,FINNIFTY,22915.0,10750,22914.75,22921.55,47350,225,25
2025-01-29 10:12:25.837383,FINNIFTY30JAN25F,FINNIFTY,22915.0,10750,22914.75,22921.55,47350,225,25
2025-01-29 10:12:27.148724,FINNIFTY30JAN25F,FINNIFTY,22915.0,10750,22914.9,22921.35,47350,75,25
2025-01-29 10:12:28.479585,FINNIFTY30JAN25F,FINNIFTY,22915.0,10750,22915.35,22921.35,47350,75,25
2025-01-29 10:12:29.814765,FINNIFTY30JAN25F,FINNIFTY,22915.0,10750,22917.7,22924.6,47350,50,25
2025-01-29 10:12:31.159975,FINNIFTY30JAN25F,FINNIFTY,22915.0,10750,22917.7,22924.6,47350,50,25
2025-01-29 10:12:32.495551,FINNIFTY30JAN25F,FINNIFTY,22915.0,10750,22918.4,22924.55,47350,75,25
2025-01-29 10:12:33.821133,FINNIFTY30JAN25F,FINNIFTY,22915.0,10750,22914.85,22922.45,47350,125,50
2025-01-29 10:12:35.183464,FINNIFTY30JAN25F,FINNIFTY,22915.0,10750,22916.5,22922.25,47350,75,25
2025-01-29 10:12:36.700988,FINNIFTY30JAN25F,FINNIFTY,22915.0,10750,22916.2,22922.25,47350,50,25
2025-01-29 10:12:38.237604,FINNIFTY30JAN25F,FINNIFTY,22915.0,10750,22916.05,22922.0,47350,50,25
2025-01-29 10:12:39.569450,FINNIFTY30JAN25F,FINNIFTY,22915.0,10750,22915.0,22922.0,47350,50,25
2025-01-29 10:12:40.904377,FINNIFTY30JAN25F,FINNIFTY,22915.0,10750,22915.0,22922.0,47350,50,25
2025-01-29 10:12:42.331739,FINNIFTY30JAN25F,FINNIFTY,22915.0,10750,22914.35,22921.5,47350,75,50
2025-01-29 10:12:43.653301,FINNIFTY30JAN25F,FINNIFTY,22915.0,10750,22914.65,22921.35,47350,50,25
2025-01-29 10:12:45.027386,FINNIFTY30JAN25F,FINNIFTY,22915.0,10750,22916.7,22921.35,47350,75,25
2025-01-29 10:12:46.360425,FINNIFTY30JAN25F,FINNIFTY,22915.0,10750,22917.7,22924.3,47350,75,25
2025-01-29 10:12:47.748703,FINNIFTY30JAN25F,FINNIFTY,22915.0,10750,22917.7,22924.3,47350,75,25
2025-01-29 10:12:49.095074,FINNIFTY30JAN25F,FINNIFTY,22915.0,10750,22917.1,22924.0,47350,75,25
2025-01-29 10:12:50.483534,FINNIFTY30JAN25F,FINNIFTY,22915.0,10750,22917.95,22924.0,47350,75,25
2025-01-29 10:12:51.817946,FINNIFTY30JAN25F,FINNIFTY,22915.0,10750,22918.65,22924.0,47350,50,25
2025-01-29 10:12:53.173308,FINNIFTY30JAN25F,FINNIFTY,22915.0,10750,22916.95,22923.9,47350,75,50
2025-01-29 10:12:54.507069,FINNIFTY30JAN25F,FINNIFTY,22915.0,10750,22917.6,22923.85,47350,75,25
2025-01-29 10:12:55.880254,FINNIFTY30JAN25F,FINNIFTY,22915.0,10750,22917.6,22923.85,47350,75,25
2025-01-29 10:12:57.242610,FINNIFTY30JAN25F,FINNIFTY,22915.0,10750,22918.75,22926.65,47350,75,50
2025-01-29 10:12:58.660554,FINNIFTY30JAN25F,FINNIFTY,22915.0,10750,22918.5,22926.25,47350,50,50
2025-01-29 10:13:00.003534,FINNIFTY30JAN25F,FINNIFTY,22918.7,10775,22918.95,22925.6,47350,50,50
2025-01-29 10:13:01.401635,FINNIFTY30JAN25F,FINNIFTY,22918.7,10775,22916.9,22924.25,47350,50,50
2025-01-29 10:13:02.810082,FINNIFTY30JAN25F,FINNIFTY,22918.7,10775,22918.25,22924.25,47350,275,25
2025-01-29 10:13:04.584500,FINNIFTY30JAN25F,FINNIFTY,22918.7,10775,22916.8,22923.9,47350,50,50
2025-01-29 10:13:06.797932,FINNIFTY30JAN25F,FINNIFTY,22918.7,10775,22915.25,22922.7,47350,50,50
2025-01-29 10:13:09.101591,FINNIFTY30JAN25F,FINNIFTY,22918.7,10775,22910.0,22916.35,47350,25,50
2025-01-29 10:13:10.991288,FINNIFTY30JAN25F,FINNIFTY,22918.7,10775,22910.0,22914.95,47350,25,25
2025-01-29 10:13:13.054350,FINNIFTY30JAN25F,FINNIFTY,22918.7,10775,22910.0,22914.15,47350,25,25
2025-01-29 10:13:14.779246,FINNIFTY30JAN25F,FINNIFTY,22918.7,10775,22910.0,22915.55,47350,25,25
2025-01-29 10:13:16.718808,FINNIFTY30JAN25F,FINNIFTY,22918.7,10775,22910.8,22915.55,47350,50,25
2025-01-29 10:13:18.365659,FINNIFTY30JAN25F,FINNIFTY,22918.7,10775,22911.65,22918.2,47350,50,25
2025-01-29 10:13:19.679622,FINNIFTY30JAN25F,FINNIFTY,22918.7,10775,22910.1,22917.25,47350,50,50
2025-01-29 10:13:20.999037,FINNIFTY30JAN25F,FINNIFTY,22918.7,10775,22910.1,22917.25,47350,50,50
2025-01-29 10:13:22.341623,FINNIFTY30JAN25F,FINNIFTY,22918.7,10775,22913.75,22920.1,47350,50,25
2025-01-29 10:13:24.145598,FINNIFTY30JAN25F,FINNIFTY,22918.7,10775,22918.8,22924.55,47350,50,25
2025-01-29 10:13:25.922728,FINNIFTY30JAN25F,FINNIFTY,22918.7,10775,22920.2,22927.45,47350,50,50
2025-01-29 10:13:28.630589,FINNIFTY30JAN25F,FINNIFTY,22918.7,10775,22925.75,22932.75,47350,50,50
2025-01-29 10:13:30.659420,FINNIFTY30JAN25F,FINNIFTY,22918.7,10775,22931.5,22939.5,47350,50,50
2025-01-29 10:13:32.482894,FINNIFTY30JAN25F,FINNIFTY,22929.95,10825,22928.35,22936.15,44750,50,50
2025-01-29 10:13:34.446633,FINNIFTY30JAN25F,FINNIFTY,22929.95,10825,22926.0,22933.7,44750,50,50
2025-01-29 10:13:36.580466,FINNIFTY30JAN25F,FINNIFTY,22929.95,10825,22928.9,22936.6,44750,50,50
2025-01-29 10:13:38.560434,FINNIFTY30JAN25F,FINNIFTY,22929.95,10825,22927.95,22934.95,44750,275,25
2025-01-29 10:13:41.383084,FINNIFTY30JAN25F,FINNIFTY,22929.95,10825,22926.35,22933.3,44750,50,25
2025-01-29 10:13:43.684299,FINNIFTY30JAN25F,FINNIFTY,22929.95,10825,22924.45,22931.9,44750,50,50
2025-01-29 10:13:45.468617,FINNIFTY30JAN25F,FINNIFTY,22929.95,10825,22924.1,22930.55,44750,50,25
2025-01-29 10:13:49.588509,FINNIFTY30JAN25F,FINNIFTY,22929.95,10825,22924.9,22930.55,44750,25,25
2025-01-29 10:13:51.475879,FINNIFTY30JAN25F,FINNIFTY,22929.95,10825,22928.4,22935.85,44750,50,50
2025-01-29 10:13:55.665689,FINNIFTY30JAN25F,FINNIFTY,22929.5,10875,22927.35,22934.5,44750,125,50
2025-01-29 10:13:58.137266,FINNIFTY30JAN25F,FINNIFTY,22929.5,10875,22928.35,22934.4,44750,50,25
2025-01-29 10:14:00.028593,FINNIFTY30JAN25F,FINNIFTY,22929.5,10875,22929.85,22934.4,44750,50,25
2025-01-29 10:14:01.774445,FINNIFTY30JAN25F,FINNIFTY,22929.5,10875,22926.55,22933.6,44750,50,25
2025-01-29 10:14:03.695515,FINNIFTY30JAN25F,FINNIFTY,22929.5,10875,22927.25,22933.6,44750,50,25
2025-01-29 10:14:05.017062,FINNIFTY30JAN25F,FINNIFTY,22929.5,10875,22926.25,22933.25,44750,25,50
2025-01-29 10:14:06.334350,FINNIFTY30JAN25F,FINNIFTY,22929.5,10875,22926.3,22933.0,44750,25,25
2025-01-29 10:14:07.645439,FINNIFTY30JAN25F,FINNIFTY,22920.85,11125,22921.25,22928.2,44750,175,25
2025-01-29 10:14:56.951096,FINNIFTY30JAN25F,FINNIFTY,22920.85,11125,22922.8,22931.3,44750,175,50
2025-01-29 10:14:58.287893,FINNIFTY30JAN25F,FINNIFTY,22920.85,11125,22924.25,22930.8,44750,175,25
2025-01-29 10:14:59.604696,FINNIFTY30JAN25F,FINNIFTY,22920.85,11125,22925.2,22930.8,44750,175,25
2025-01-29 10:15:00.992891,FINNIFTY30JAN25F,FINNIFTY,22920.85,11125,22925.2,22930.8,44750,175,25
2025-01-29 10:15:02.367553,FINNIFTY30JAN25F,FINNIFTY,22920.85,11125,22926.35,22933.85,44750,175,25
2025-01-29 10:15:03.760142,FINNIFTY30JAN25F,FINNIFTY,22933.55,11250,22927.7,22930.0,44750,25,25
2025-01-29 10:15:05.125193,FINNIFTY30JAN25F,FINNIFTY,22930.0,11250,22928.75,22930.0,44750,25,25
2025-01-29 10:15:06.730261,FINNIFTY30JAN25F,FINNIFTY,22930.0,11275,22928.9,22936.4,44750,50,50
2025-01-29 10:15:08.092203,FINNIFTY30JAN25F,FINNIFTY,22930.0,11275,22928.9,22935.95,44750,25,50
2025-01-29 10:15:09.435717,FINNIFTY30JAN25F,FINNIFTY,22930.0,11275,22928.9,22935.95,44750,25,50
2025-01-29 10:15:10.930282,FINNIFTY30JAN25F,FINNIFTY,22930.0,11275,22928.8,22934.8,44750,100,25
2025-01-29 10:15:12.304721,FINNIFTY30JAN25F,FINNIFTY,22930.0,11275,22929.25,22934.75,44750,50,25
2025-01-29 11:49:58.165970,FINNIFTY30JAN25F,FINNIFTY,22991.15,27650,22986.5,22992.85,42900,250,25
2025-01-29 11:49:59.677934,FINNIFTY30JAN25F,FINNIFTY,22991.15,27650,22984.65,22991.75,42900,250,25
2025-01-29 11:50:01.048281,FINNIFTY30JAN25F,FINNIFTY,22991.15,27650,22984.65,22991.75,42900,250,25
2025-01-29 11:50:02.430885,FINNIFTY30JAN25F,FINNIFTY,22991.15,27650,22986.65,22993.25,42900,125,25
2025-01-29 11:50:04.132454,FINNIFTY30JAN25F,FINNIFTY,22991.15,27650,22986.35,22992.2,42900,25,25
2025-01-29 11:50:05.475896,FINNIFTY30JAN25F,FINNIFTY,22991.15,27650,22981.9,22988.95,42900,125,75
2025-01-29 11:50:07.284016,FINNIFTY30JAN25F,FINNIFTY,22991.15,27650,22981.05,22987.25,42900,25,75
2025-01-29 11:50:08.680499,FINNIFTY30JAN25F,FINNIFTY,22991.15,27650,22982.5,22989.25,42900,125,75
2025-01-29 11:50:10.259733,FINNIFTY30JAN25F,FINNIFTY,22991.15,27650,22983.0,22988.6,42900,125,25
2025-01-29 11:50:11.634228,FINNIFTY30JAN25F,FINNIFTY,22991.15,27650,22980.7,22987.1,42900,125,75
2025-01-29 11:50:13.173673,FINNIFTY30JAN25F,FINNIFTY,22991.15,27650,22981.0,22985.65,42900,25,25
2025-01-29 11:50:14.503563,FINNIFTY30JAN25F,FINNIFTY,22991.15,27650,22981.0,22985.65,42900,25,25
2025-01-29 11:50:15.838294,FINNIFTY30JAN25F,FINNIFTY,22991.15,27650,22979.4,22985.65,42900,50,25
2025-01-29 11:50:17.204587,FINNIFTY30JAN25F,FINNIFTY,22991.15,27650,22980.05,22985.6,42900,125,25
2025-01-29 11:50:18.506843,FINNIFTY30JAN25F,FINNIFTY,22991.15,27650,22979.85,22985.5,42900,25,25
2025-01-29 11:50:19.885779,FINNIFTY30JAN25F,FINNIFTY,22991.15,27650,22979.85,22985.5,42900,25,25
2025-01-29 11:50:21.174947,FINNIFTY30JAN25F,FINNIFTY,22991.15,27650,22982.55,22989.05,42900,25,25
2025-01-29 11:50:22.473669,FINNIFTY30JAN25F,FINNIFTY,22991.15,27650,22983.2,22989.0,42900,25,25
2025-01-29 11:50:23.758818,FINNIFTY30JAN25F,FINNIFTY,22991.15,27650,22982.0,22989.0,42900,50,25
2025-01-29 11:50:25.054282,FINNIFTY30JAN25F,FINNIFTY,22991.15,27650,22983.55,22988.45,42900,250,25
2025-01-29 11:50:26.361499,FINNIFTY30JAN25F,FINNIFTY,22991.15,27650,22983.55,22988.45,42900,250,25
2025-01-29 11:50:27.673722,FINNIFTY30JAN25F,FINNIFTY,22991.15,27650,22985.25,22990.0,42900,25,50
2025-01-29 11:50:28.998743,FINNIFTY30JAN25F,FINNIFTY,22991.15,27650,22985.1,22990.0,42900,125,50
2025-01-29 11:50:30.298933,FINNIFTY30JAN25F,FINNIFTY,22991.15,27650,22984.7,22989.8,42900,100,75
2025-01-29 11:50:31.666956,FINNIFTY30JAN25F,FINNIFTY,22991.15,27650,22984.1,22989.7,42900,250,25
2025-01-29 11:50:33.008832,FINNIFTY30JAN25F,FINNIFTY,22991.15,27650,22984.1,22989.7,42900,250,25
2025-01-29 11:50:34.330181,FINNIFTY30JAN25F,FINNIFTY,22991.15,27650,22984.15,22989.7,42900,125,25
2025-01-29 11:50:35.620240,FINNIFTY30JAN25F,FINNIFTY,22991.15,27650,22984.9,22989.7,42900,125,25
2025-01-29 11:50:36.943531,FINNIFTY30JAN25F,FINNIFTY,22991.15,27650,22983.05,22988.95,42900,150,25
2025-01-29 11:50:38.299564,FINNIFTY30JAN25F,FINNIFTY,22991.15,27650,22982.2,22988.65,42900,125,25
2025-01-29 11:50:39.607575,FINNIFTY30JAN25F,FINNIFTY,22991.15,27650,22982.2,22988.65,42900,125,25
2025-01-29 11:50:40.917446,FINNIFTY30JAN25F,FINNIFTY,22991.15,27650,22981.65,22987.9,42900,125,25
2025-01-29 11:50:42.234842,FINNIFTY30JAN25F,FINNIFTY,22991.15,27650,22981.45,22987.3,42900,25,25
2025-01-29 11:50:43.537150,FINNIFTY30JAN25F,FINNIFTY,22991.15,27650,22980.65,22985.0,42900,125,75
2025-01-29 11:50:44.832711,FINNIFTY30JAN25F,FINNIFTY,22991.15,27650,22979.85,22984.95,42900,250,25
2025-01-29 11:50:46.126914,FINNIFTY30JAN25F,FINNIFTY,22991.15,27650,22979.85,22984.95,42900,250,25
2025-01-29 11:50:47.425236,FINNIFTY30JAN25F,FINNIFTY,22991.15,27650,22978.9,22984.9,42900,25,25
2025-01-29 11:50:48.725732,FINNIFTY30JAN25F,FINNIFTY,22991.15,27650,22979.45,22984.9,42900,125,25
2025-01-29 11:50:50.034373,FINNIFTY30JAN25F,FINNIFTY,22991.15,27650,22979.65,22984.9,42900,375,25
2025-01-29 11:50:51.319942,FINNIFTY30JAN25F,FINNIFTY,22991.15,27650,22980.9,22985.0,42900,150,50
2025-01-29 11:50:52.618140,FINNIFTY30JAN25F,FINNIFTY,22982.15,27650,22980.9,22985.0,42900,150,50
2025-01-29 11:50:53.923569,FINNIFTY30JAN25F,FINNIFTY,22981.2,27750,22981.2,22987.5,42900,75,75
2025-01-29 11:50:55.217534,FINNIFTY30JAN25F,FINNIFTY,22981.2,27750,22979.8,22986.1,42900,125,75
2025-01-29 11:50:56.513381,FINNIFTY30JAN25F,FINNIFTY,22981.2,27750,22977.65,22984.0,42900,125,75
2025-01-29 11:50:57.815609,FINNIFTY30JAN25F,FINNIFTY,22981.2,27750,22976.9,22983.0,42900,250,25
2025-01-29 11:50:59.128195,FINNIFTY30JAN25F,FINNIFTY,22981.2,27750,22976.9,22983.0,42900,250,25
2025-01-29 11:51:00.417501,FINNIFTY30JAN25F,FINNIFTY,22981.2,27750,22977.35,22983.0,42900,125,25
2025-01-29 11:51:01.718057,FINNIFTY30JAN25F,FINNIFTY,22981.2,27750,22970.35,22977.3,42900,50,75
2025-01-29 11:51:03.034170,FINNIFTY30JAN25F,FINNIFTY,22981.2,27750,22971.9,22977.25,42900,125,25
2025-01-29 11:51:04.343995,FINNIFTY30JAN25F,FINNIFTY,22981.2,27750,22971.9,22977.25,42900,125,25
2025-01-29 11:51:05.678511,FINNIFTY30JAN25F,FINNIFTY,22981.2,27750,22969.55,22975.45,42900,125,75
2025-01-29 11:51:06.981118,FINNIFTY30JAN25F,FINNIFTY,22981.2,27750,22969.15,22975.35,42900,125,25
2025-01-29 11:51:08.292668,FINNIFTY30JAN25F,FINNIFTY,22981.2,27750,22970.15,22975.35,42900,25,25
2025-01-29 11:51:09.623394,FINNIFTY30JAN25F,FINNIFTY,22981.2,27750,22970.05,22975.35,42900,25,25
2025-01-29 11:51:10.928145,FINNIFTY30JAN25F,FINNIFTY,22981.2,27750,22968.8,22974.9,42900,125,75
2025-01-29 11:51:12.489421,FINNIFTY30JAN25F,FINNIFTY,22981.2,27750,22966.55,22973.1,42900,25,75
2025-01-29 11:51:13.970089,FINNIFTY30JAN25F,FINNIFTY,22981.2,27750,22969.65,22976.3,42900,125,50
2025-01-29 11:51:15.675662,FINNIFTY30JAN25F,FINNIFTY,22981.2,27750,22969.65,22976.3,42900,125,50
2025-01-29 11:51:17.083170,FINNIFTY30JAN25F,FINNIFTY,22981.2,27750,22968.2,22974.7,42900,125,75
2025-01-29 11:51:18.460488,FINNIFTY30JAN25F,FINNIFTY,22981.2,27750,22970.0,22974.7,42900,125,25
2025-01-29 11:51:19.989788,FINNIFTY30JAN25F,FINNIFTY,22981.2,27750,22969.25,22974.7,42900,150,25
2025-01-29 11:51:21.371440,FINNIFTY30JAN25F,FINNIFTY,22981.2,27750,22970.2,22974.7,42900,250,25
2025-01-29 11:51:22.674790,FINNIFTY30JAN25F,FINNIFTY,22981.2,27750,22972.1,22977.55,42900,125,25
2025-01-29 11:51:24.067063,FINNIFTY30JAN25F,FINNIFTY,22981.2,27750,22972.1,22977.55,42900,125,25
2025-01-29 11:51:25.475452,FINNIFTY30JAN25F,FINNIFTY,22981.2,27750,22971.85,22976.75,42900,25,25
2025-01-29 11:51:26.771705,FINNIFTY30JAN25F,FINNIFTY,22973.5,27750,22974.7,22980.8,42900,125,25
2025-01-29 11:51:28.405840,FINNIFTY30JAN25F,FINNIFTY,22973.5,28050,22974.1,22980.75,42900,125,75
2025-01-29 11:51:29.720055,FINNIFTY30JAN25F,FINNIFTY,22980.3,28075,22972.3,22979.8,42900,50,75
2025-01-29 11:51:31.022071,FINNIFTY30JAN25F,FINNIFTY,22980.3,28075,22973.4,22979.3,42900,125,25
2025-01-29 11:51:32.747778,FINNIFTY30JAN25F,FINNIFTY,22980.3,28075,22973.0,22979.3,42900,150,25
2025-01-29 11:51:34.061958,FINNIFTY30JAN25F,FINNIFTY,22980.3,28075,22973.0,22979.3,42900,150,25
2025-01-29 11:51:35.368842,FINNIFTY30JAN25F,FINNIFTY,22980.3,28075,22972.7,22979.0,42900,125,75
2025-01-29 11:51:36.683845,FINNIFTY30JAN25F,FINNIFTY,22980.3,28075,22972.35,22978.75,42900,125,75
2025-01-29 11:51:37.992159,FINNIFTY30JAN25F,FINNIFTY,22980.3,28075,22974.2,22978.75,42900,125,25
2025-01-29 11:51:39.314875,FINNIFTY30JAN25F,FINNIFTY,22980.3,28075,22972.3,22978.7,42900,25,75
2025-01-29 11:51:40.667056,FINNIFTY30JAN25F,FINNIFTY,22980.3,28075,22972.3,22978.7,42900,25,75
2025-01-29 11:51:42.006211,FINNIFTY30JAN25F,FINNIFTY,22980.3,28075,22973.25,22978.7,42900,125,25
2025-01-29 11:51:43.309428,FINNIFTY30JAN25F,FINNIFTY,22980.3,28075,22973.85,22978.7,42900,125,25
2025-01-29 11:51:44.606228,FINNIFTY30JAN25F,FINNIFTY,22980.3,28075,22973.65,22980.5,42900,125,75
2025-01-29 11:51:45.933824,FINNIFTY30JAN25F,FINNIFTY,22980.3,28075,22973.95,22980.1,42900,125,25
2025-01-29 11:51:47.242188,FINNIFTY30JAN25F,FINNIFTY,22980.3,28075,22973.95,22980.1,42900,125,25
2025-01-29 11:51:48.552850,FINNIFTY30JAN25F,FINNIFTY,22980.3,28075,22972.55,22978.5,42900,25,25
2025-01-29 11:51:49.891971,FINNIFTY30JAN25F,FINNIFTY,22980.3,28075,22972.25,22978.5,42900,125,25
2025-01-29 11:51:51.189519,FINNIFTY30JAN25F,FINNIFTY,22980.3,28075,22972.95,22978.05,42900,125,25
2025-01-29 11:51:52.504139,FINNIFTY30JAN25F,FINNIFTY,22980.3,28075,22972.95,22978.05,42900,125,25
2025-01-29 11:51:53.799591,FINNIFTY30JAN25F,FINNIFTY,22980.3,28075,22974.25,22980.95,42900,25,100
2025-01-29 11:51:55.105364,FINNIFTY30JAN25F,FINNIFTY,22980.3,28075,22973.2,22979.45,42900,25,25
2025-01-29 11:51:56.422549,FINNIFTY30JAN25F,FINNIFTY,22980.3,28075,22973.1,22980.15,42900,250,25
2025-01-29 11:51:57.714201,FINNIFTY30JAN25F,FINNIFTY,22980.3,28075,22973.8,22979.65,42900,125,25
2025-01-29 11:51:59.002968,FINNIFTY30JAN25F,FINNIFTY,22980.3,28075,22973.8,22979.65,42900,125,25
2025-01-29 11:52:00.312206,FINNIFTY30JAN25F,FINNIFTY,22980.3,28075,22970.9,22977.45,42900,125,75
2025-01-29 11:52:01.641477,FINNIFTY30JAN25F,FINNIFTY,22980.3,28075,22968.9,22975.35,42900,25,75
2025-01-29 11:52:02.946394,FINNIFTY30JAN25F,FINNIFTY,22980.3,28075,22970.2,22975.35,42900,125,25
2025-01-29 11:52:04.249574,FINNIFTY30JAN25F,FINNIFTY,22980.3,28075,22970.2,22975.35,42900,125,25
2025-01-29 11:52:05.549903,FINNIFTY30JAN25F,FINNIFTY,22980.3,28075,22969.25,22975.3,42900,125,25
2025-01-29 11:52:06.843951,FINNIFTY30JAN25F,FINNIFTY,22980.3,28075,22969.25,22975.3,42900,125,25
2025-01-29 11:52:08.153625,FINNIFTY30JAN25F,FINNIFTY,22980.3,28075,22968.9,22975.3,42900,125,25
2025-01-29 11:52:09.449038,FINNIFTY30JAN25F,FINNIFTY,22980.3,28075,22969.4,22975.3,42900,125,25
2025-01-29 11:52:10.786314,FINNIFTY30JAN25F,FINNIFTY,22980.3,28075,22969.4,22975.3,42900,125,25
2025-01-29 11:52:12.093547,FINNIFTY30JAN25F,FINNIFTY,22980.3,28075,22970.05,22975.3,42900,125,25
2025-01-29 11:52:13.439061,FINNIFTY30JAN25F,FINNIFTY,22980.3,28075,22969.7,22975.3,42900,125,25
2025-01-29 11:52:14.747877,FINNIFTY30JAN25F,FINNIFTY,22980.3,28075,22969.7,22975.3,42900,125,25
2025-01-29 11:52:16.052873,FINNIFTY30JAN25F,FINNIFTY,22980.3,28075,22969.55,22975.3,42900,125,25
2025-01-29 11:52:17.347310,FINNIFTY30JAN25F,FINNIFTY,22980.3,28075,22969.55,22975.3,42900,125,25
2025-01-29 11:52:18.668441,FINNIFTY30JAN25F,FINNIFTY,22980.3,28075,22969.7,22975.3,42900,125,25
2025-01-29 11:52:19.959711,FINNIFTY30JAN25F,FINNIFTY,22980.3,28075,22969.5,22975.3,42900,125,25
2025-01-29 11:52:21.250498,FINNIFTY30JAN25F,FINNIFTY,22980.3,28075,22968.65,22975.25,42900,25,75
2025-01-29 11:52:22.552346,FINNIFTY30JAN25F,FINNIFTY,22980.3,28075,22969.45,22975.25,42900,125,25
2025-01-29 11:52:23.857654,FINNIFTY30JAN25F,FINNIFTY,22980.3,28075,22969.45,22975.25,42900,125,25
2025-01-29 11:52:25.152021,FINNIFTY30JAN25F,FINNIFTY,22980.3,28075,22967.65,22973.65,42900,125,25
2025-01-29 11:52:26.447747,FINNIFTY30JAN25F,FINNIFTY,22980.3,28075,22969.0,22975.45,42900,25,100
2025-01-29 11:52:28.076284,FINNIFTY30JAN25F,FINNIFTY,22980.3,28075,22968.95,22975.35,42900,125,75
2025-01-29 11:52:29.456923,FINNIFTY30JAN25F,FINNIFTY,22980.3,28075,22974.85,22978.8,42900,125,25
2025-01-29 11:52:30.941704,FINNIFTY30JAN25F,FINNIFTY,22980.3,28075,22974.95,22981.75,42900,125,25
2025-01-29 11:52:32.329855,FINNIFTY30JAN25F,FINNIFTY,22980.3,28075,22974.95,22981.75,42900,125,25
2025-01-29 11:52:33.800577,FINNIFTY30JAN25F,FINNIFTY,22980.3,28075,22974.2,22981.0,42900,25,75
2025-01-29 11:52:35.333076,FINNIFTY30JAN25F,FINNIFTY,22980.3,28075,22976.9,22982.8,42900,125,25
2025-01-29 11:52:36.742581,FINNIFTY30JAN25F,FINNIFTY,22980.3,28075,22974.1,22981.25,42900,50,75
2025-01-29 11:52:38.085731,FINNIFTY30JAN25F,FINNIFTY,22980.3,28075,22971.9,22979.55,42900,25,50
2025-01-29 11:52:39.611563,FINNIFTY30JAN25F,FINNIFTY,22980.3,28075,22970.85,22977.55,42900,25,75
2025-01-29 11:52:40.965463,FINNIFTY30JAN25F,FINNIFTY,22980.3,28075,22969.5,22976.1,42900,250,75
2025-01-29 11:52:42.289079,FINNIFTY30JAN25F,FINNIFTY,22980.3,28075,22964.75,22971.1,42900,25,75
2025-01-29 11:52:43.878677,FINNIFTY30JAN25F,FINNIFTY,22980.3,28075,22964.75,22971.1,42900,25,75
2025-01-29 11:52:45.256620,FINNIFTY30JAN25F,FINNIFTY,22980.3,28075,22965.45,22972.1,42900,125,100
2025-01-29 11:52:46.559377,FINNIFTY30JAN25F,FINNIFTY,22980.3,28075,22962.4,22969.65,42900,50,75
2025-01-29 11:52:47.849287,FINNIFTY30JAN25F,FINNIFTY,22980.3,28075,22963.75,22971.15,42900,125,75
2025-01-29 11:52:49.153136,FINNIFTY30JAN25F,FINNIFTY,22980.3,28075,22964.55,22970.95,42900,250,25
2025-01-29 11:52:50.454893,FINNIFTY30JAN25F,FINNIFTY,22980.3,28075,22964.55,22970.95,42900,250,25
2025-01-29 11:52:51.740142,FINNIFTY30JAN25F,FINNIFTY,22980.3,28075,22963.05,22968.85,42900,250,25
2025-01-29 11:52:53.036827,FINNIFTY30JAN25F,FINNIFTY,22980.3,28075,22961.7,22968.3,42900,375,25
2025-01-29 11:52:54.348426,FINNIFTY30JAN25F,FINNIFTY,22980.3,28075,22958.8,22965.5,42900,250,75
2025-01-29 11:52:55.628926,FINNIFTY30JAN25F,FINNIFTY,22980.3,28075,22959.5,22964.85,42900,25,25
2025-01-29 11:52:56.932736,FINNIFTY30JAN25F,FINNIFTY,22980.3,28075,22959.5,22964.85,42900,25,25
2025-01-29 11:52:58.360752,FINNIFTY30JAN25F,FINNIFTY,22980.3,28075,22958.7,22964.85,42900,125,25
2025-01-29 11:52:59.656416,FINNIFTY30JAN25F,FINNIFTY,22980.3,28075,22961.15,22967.1,42900,25,25
2025-01-29 11:53:00.954719,FINNIFTY30JAN25F,FINNIFTY,22980.3,28075,22963.4,22969.9,42900,125,25
2025-01-29 11:53:02.320613,FINNIFTY30JAN25F,FINNIFTY,22980.3,28075,22963.85,22969.75,42900,125,25
2025-01-29 11:53:03.621249,FINNIFTY30JAN25F,FINNIFTY,22980.3,28075,22963.85,22969.75,42900,125,25
2025-01-29 11:53:04.924341,FINNIFTY30JAN25F,FINNIFTY,22980.3,28075,22965.75,22971.95,42900,125,25
2025-01-29 11:53:06.220539,FINNIFTY30JAN25F,FINNIFTY,22980.3,28075,22964.35,22970.45,42900,275,25
2025-01-29 11:53:07.513585,FINNIFTY30JAN25F,FINNIFTY,22980.3,28075,22964.85,22970.45,42900,125,25
2025-01-29 11:53:08.805772,FINNIFTY30JAN25F,FINNIFTY,22980.3,28075,22966.05,22970.5,42900,125,25
2025-01-29 11:53:10.090896,FINNIFTY30JAN25F,FINNIFTY,22980.3,28075,22966.05,22970.5,42900,125,25
2025-01-29 11:53:11.380592,FINNIFTY30JAN25F,FINNIFTY,22980.3,28075,22971.0,22973.65,42900,50,50
2025-01-29 11:53:12.680235,FINNIFTY30JAN25F,FINNIFTY,22980.3,28075,22971.0,22973.6,42900,50,100
2025-01-29 11:53:13.971273,FINNIFTY30JAN25F,FINNIFTY,22980.3,28075,22971.0,22973.55,42900,50,50
2025-01-29 11:53:15.272210,FINNIFTY30JAN25F,FINNIFTY,22980.3,28075,22971.0,22973.55,42900,50,50
2025-01-29 11:53:16.562011,FINNIFTY30JAN25F,FINNIFTY,22980.3,28075,22971.0,22973.5,42900,50,25
2025-01-29 11:53:17.857619,FINNIFTY30JAN25F,FINNIFTY,22980.3,28075,22967.15,22973.5,42900,300,25
2025-01-29 11:53:19.165419,FINNIFTY30JAN25F,FINNIFTY,22980.3,28075,22969.65,22975.9,42900,125,25
2025-01-29 11:53:20.454866,FINNIFTY30JAN25F,FINNIFTY,22980.3,28075,22971.0,22975.25,42900,50,25
2025-01-29 11:53:21.750902,FINNIFTY30JAN25F,FINNIFTY,22980.3,28075,22971.0,22975.25,42900,50,25
2025-01-29 11:53:23.038818,FINNIFTY30JAN25F,FINNIFTY,22980.3,28075,22971.0,22975.25,42900,50,25
2025-01-29 11:53:24.336808,FINNIFTY30JAN25F,FINNIFTY,22980.3,28075,22971.0,22975.25,42900,50,25
2025-01-29 11:53:25.621120,FINNIFTY30JAN25F,FINNIFTY,22980.3,28075,22971.0,22975.15,42900,50,25
2025-01-29 11:53:26.929480,FINNIFTY30JAN25F,FINNIFTY,22971.0,28075,22971.0,22975.15,42375,50,25
2025-01-29 11:53:28.229191,FINNIFTY30JAN25F,FINNIFTY,22971.0,28125,22968.1,22970.0,42375,125,100
2025-01-29 11:53:29.532808,FINNIFTY30JAN25F,FINNIFTY,22971.0,28125,22967.2,22970.0,42375,250,100
2025-01-29 11:53:30.818035,FINNIFTY30JAN25F,FINNIFTY,22971.0,28125,22967.65,22970.0,42375,25,100
2025-01-29 11:53:32.128104,FINNIFTY30JAN25F,FINNIFTY,22971.0,28125,22968.6,22970.0,42375,125,100
2025-01-29 11:53:33.440754,FINNIFTY30JAN25F,FINNIFTY,22971.0,28125,22968.6,22970.0,42375,125,100
2025-01-29 11:53:34.761920,FINNIFTY30JAN25F,FINNIFTY,22971.0,28125,22969.45,22970.0,42375,125,100
2025-01-29 11:53:36.066067,FINNIFTY30JAN25F,FINNIFTY,22970.0,28125,22969.85,22970.0,42375,125,100
2025-01-29 11:53:37.357315,FINNIFTY30JAN25F,FINNIFTY,22970.0,28225,22971.15,22975.95,42375,250,25
2025-01-29 11:53:38.663172,FINNIFTY30JAN25F,FINNIFTY,22975.95,28250,22970.9,22977.4,42375,250,25
2025-01-29 11:53:39.966310,FINNIFTY30JAN25F,FINNIFTY,22975.95,28250,22970.9,22977.4,42375,250,25
2025-01-29 11:53:41.265906,FINNIFTY30JAN25F,FINNIFTY,22975.95,28250,22971.25,22977.35,42375,250,25
2025-01-29 11:53:42.571160,FINNIFTY30JAN25F,FINNIFTY,22975.95,28250,22970.9,22977.3,42375,125,25
2025-01-29 11:53:43.880554,FINNIFTY30JAN25F,FINNIFTY,22975.95,28250,22970.8,22976.85,42375,125,25
2025-01-29 11:53:45.338968,FINNIFTY30JAN25F,FINNIFTY,22975.95,28250,22970.65,22976.35,42375,125,25
2025-01-29 11:53:46.728367,FINNIFTY30JAN25F,FINNIFTY,22975.95,28250,22969.7,22976.3,42375,125,75
2025-01-29 11:53:48.183316,FINNIFTY30JAN25F,FINNIFTY,22975.95,28250,22969.7,22976.3,42375,125,75
2025-01-29 11:53:49.554663,FINNIFTY30JAN25F,FINNIFTY,22975.95,28250,22970.95,22976.25,42375,125,25
2025-01-29 11:53:50.930600,FINNIFTY30JAN25F,FINNIFTY,22975.95,28250,22973.8,22976.0,42375,100,150
2025-01-29 11:53:52.373580,FINNIFTY30JAN25F,FINNIFTY,22975.95,28250,22973.85,22976.0,42375,125,150
2025-01-29 11:53:53.758168,FINNIFTY30JAN25F,FINNIFTY,22975.95,28250,22973.9,22976.0,42375,375,150
2025-01-29 11:53:55.048832,FINNIFTY30JAN25F,FINNIFTY,22976.0,28400,22976.5,22983.8,42375,50,25
2025-01-29 11:53:56.403352,FINNIFTY30JAN25F,FINNIFTY,22976.0,28400,22976.5,22983.8,42375,50,25
2025-01-29 11:53:57.709845,FINNIFTY30JAN25F,FINNIFTY,22976.0,28400,22975.75,22982.0,42375,125,25
2025-01-29 11:53:59.180405,FINNIFTY30JAN25F,FINNIFTY,22976.0,28400,22976.5,22981.3,42375,125,25
2025-01-29 11:54:00.566335,FINNIFTY30JAN25F,FINNIFTY,22976.0,28400,22974.65,22981.25,42375,125,100
2025-01-29 11:54:01.871663,FINNIFTY30JAN25F,FINNIFTY,22976.0,28400,22972.95,22977.1,42375,50,25
2025-01-29 11:54:03.168107,FINNIFTY30JAN25F,FINNIFTY,22976.0,28400,22972.95,22977.1,42375,50,25
2025-01-29 11:54:04.470416,FINNIFTY30JAN25F,FINNIFTY,22976.0,28400,22974.8,22978.4,42375,125,25
2025-01-29 11:54:05.761622,FINNIFTY30JAN25F,FINNIFTY,22976.0,28400,22976.0,22979.3,42375,125,50
2025-01-29 11:54:07.172997,FINNIFTY30JAN25F,FINNIFTY,22976.0,28400,22976.0,22978.4,42375,125,25
2025-01-29 11:54:08.702427,FINNIFTY30JAN25F,FINNIFTY,22976.0,28400,22973.95,22977.7,42375,250,25
2025-01-29 11:54:10.076314,FINNIFTY30JAN25F,FINNIFTY,22976.0,28400,22972.45,22976.55,42375,250,25
2025-01-29 11:54:11.447004,FINNIFTY30JAN25F,FINNIFTY,22976.0,28400,22972.3,22976.2,42375,125,25
2025-01-29 11:54:12.903758,FINNIFTY30JAN25F,FINNIFTY,22976.0,28400,22972.3,22976.2,42375,125,25
2025-01-29 11:54:14.268903,FINNIFTY30JAN25F,FINNIFTY,22976.0,28400,22970.05,22974.35,42375,125,25
2025-01-29 11:54:15.896429,FINNIFTY30JAN25F,FINNIFTY,22976.0,28400,22969.75,22974.1,42375,125,25
2025-01-29 11:54:17.203208,FINNIFTY30JAN25F,FINNIFTY,22976.0,28400,22968.4,22973.05,42375,125,25
2025-01-29 11:54:18.564143,FINNIFTY30JAN25F,FINNIFTY,22976.0,28400,22967.65,22972.85,42375,125,50
2025-01-29 11:54:19.935090,FINNIFTY30JAN25F,FINNIFTY,22976.0,28400,22969.5,22973.35,42375,125,25
2025-01-29 11:54:21.262917,FINNIFTY30JAN25F,FINNIFTY,22976.0,28400,22969.5,22973.35,42375,125,25
2025-01-29 11:54:22.652408,FINNIFTY30JAN25F,FINNIFTY,22976.0,28400,22968.8,22972.6,42375,150,50
2025-01-29 11:54:23.936701,FINNIFTY30JAN25F,FINNIFTY,22976.0,28400,22966.85,22971.0,42375,125,25
2025-01-29 11:54:25.371685,FINNIFTY30JAN25F,FINNIFTY,22976.0,28400,22965.85,22969.55,42375,375,25
2025-01-29 11:54:26.701364,FINNIFTY30JAN25F,FINNIFTY,22976.0,28400,22967.05,22970.5,42375,250,25
2025-01-29 11:54:28.027522,FINNIFTY30JAN25F,FINNIFTY,22976.0,28400,22967.05,22970.5,42375,250,25
2025-01-29 11:54:29.329729,FINNIFTY30JAN25F,FINNIFTY,22976.0,28400,22967.3,22971.0,42375,250,25
2025-01-29 11:54:30.734661,FINNIFTY30JAN25F,FINNIFTY,22976.0,28400,22966.65,22969.75,42375,125,25
2025-01-29 11:54:32.059513,FINNIFTY30JAN25F,FINNIFTY,22976.0,28400,22965.9,22968.9,42375,250,25
2025-01-29 11:54:33.373930,FINNIFTY30JAN25F,FINNIFTY,22976.0,28400,22967.1,22970.75,42375,125,25
2025-01-29 11:54:34.682795,FINNIFTY30JAN25F,FINNIFTY,22976.0,28400,22967.1,22970.75,42375,125,25
2025-01-29 11:54:36.005838,FINNIFTY30JAN25F,FINNIFTY,22976.0,28400,22967.35,22971.3,42375,125,25
2025-01-29 11:54:37.309405,FINNIFTY30JAN25F,FINNIFTY,22976.0,28400,22968.4,22971.9,42375,125,25
2025-01-29 11:54:38.645303,FINNIFTY30JAN25F,FINNIFTY,22976.0,28400,22968.25,22971.7,42375,125,25
2025-01-29 11:54:39.965239,FINNIFTY30JAN25F,FINNIFTY,22976.0,28400,22968.1,22971.45,42375,150,50
2025-01-29 11:54:41.268822,FINNIFTY30JAN25F,FINNIFTY,22976.0,28400,22969.2,22974.1,42375,125,50
2025-01-29 11:54:42.560493,FINNIFTY30JAN25F,FINNIFTY,22976.0,28400,22969.2,22974.1,42375,125,50
2025-01-29 11:54:43.865465,FINNIFTY30JAN25F,FINNIFTY,22976.0,28400,22969.45,22971.5,42375,250,25
2025-01-29 11:54:45.154552,FINNIFTY30JAN25F,FINNIFTY,22976.0,28400,22968.7,22971.1,42375,125,25
2025-01-29 11:54:46.442797,FINNIFTY30JAN25F,FINNIFTY,22976.0,28400,22967.15,22970.75,42375,125,50
2025-01-29 11:54:47.737286,FINNIFTY30JAN25F,FINNIFTY,22976.0,28400,22967.75,22971.35,42375,125,25
2025-01-29 11:54:49.107041,FINNIFTY30JAN25F,FINNIFTY,22976.0,28400,22967.75,22971.35,42375,125,25
2025-01-29 11:54:50.421220,FINNIFTY30JAN25F,FINNIFTY,22976.0,28400,22966.0,22969.0,42375,25,25
2025-01-29 11:54:51.721215,FINNIFTY30JAN25F,FINNIFTY,22976.0,28400,22965.3,22970.9,42375,250,50
2025-01-29 11:54:53.014647,FINNIFTY30JAN25F,FINNIFTY,22976.0,28400,22965.45,22968.45,42375,375,25
2025-01-29 11:54:54.375932,FINNIFTY30JAN25F,FINNIFTY,22976.0,28400,22965.35,22968.3,42375,250,50
2025-01-29 11:54:55.682011,FINNIFTY30JAN25F,FINNIFTY,22976.0,28400,22965.35,22968.3,42375,250,50
2025-01-29 11:54:56.990881,FINNIFTY30JAN25F,FINNIFTY,22976.0,28400,22966.1,22969.4,42375,125,25
2025-01-29 11:54:58.298357,FINNIFTY30JAN25F,FINNIFTY,22976.0,28400,22966.75,22969.9,42375,125,25
2025-01-29 11:54:59.599407,FINNIFTY30JAN25F,FINNIFTY,22970.5,28425,22968.45,22974.9,42375,250,25
2025-01-29 11:55:01.084388,FINNIFTY30JAN25F,FINNIFTY,22970.5,28425,22967.45,22974.15,42375,125,25
2025-01-29 11:55:02.545322,FINNIFTY30JAN25F,FINNIFTY,22970.5,28425,22968.8,22973.6,42375,125,25
2025-01-29 11:55:04.061766,FINNIFTY30JAN25F,FINNIFTY,22970.5,28425,22968.8,22973.6,42375,125,25
2025-01-29 11:55:05.472990,FINNIFTY30JAN25F,FINNIFTY,22970.5,28425,22968.5,22973.6,42375,375,25
2025-01-29 11:55:06.850525,FINNIFTY30JAN25F,FINNIFTY,22970.5,28425,22967.65,22973.6,42375,125,25
2025-01-29 11:55:08.364727,FINNIFTY30JAN25F,FINNIFTY,22970.5,28425,22967.05,22973.4,42375,125,25
2025-01-29 11:55:09.855562,FINNIFTY30JAN25F,FINNIFTY,22970.5,28425,22967.0,22973.35,42375,125,75
2025-01-29 11:55:11.234197,FINNIFTY30JAN25F,FINNIFTY,22970.5,28425,22966.0,22972.45,42375,125,75
2025-01-29 11:55:12.532884,FINNIFTY30JAN25F,FINNIFTY,22970.5,28425,22964.2,22970.3,42375,125,75
2025-01-29 11:55:13.948998,FINNIFTY30JAN25F,FINNIFTY,22970.5,28425,22964.2,22970.3,42375,125,75
2025-01-29 11:55:15.241837,FINNIFTY30JAN25F,FINNIFTY,22970.5,28425,22964.25,22970.3,42375,125,25
2025-01-29 11:55:16.628565,FINNIFTY30JAN25F,FINNIFTY,22970.5,28425,22964.55,22970.3,42375,125,25
2025-01-29 11:55:18.233788,FINNIFTY30JAN25F,FINNIFTY,22970.5,28425,22963.6,22969.35,42375,250,25
2025-01-29 11:55:19.575105,FINNIFTY30JAN25F,FINNIFTY,22970.5,28425,22962.6,22968.55,42375,250,25
2025-01-29 11:55:20.875702,FINNIFTY30JAN25F,FINNIFTY,22970.5,28425,22961.85,22966.3,42375,250,25
2025-01-29 11:55:22.154931,FINNIFTY30JAN25F,FINNIFTY,22970.5,28425,22962.95,22967.45,42375,125,25
2025-01-29 11:55:23.481043,FINNIFTY30JAN25F,FINNIFTY,22970.5,28425,22962.95,22967.45,42375,125,25
2025-01-29 11:55:24.797511,FINNIFTY30JAN25F,FINNIFTY,22970.5,28425,22962.75,22965.15,42375,125,25
2025-01-29 11:55:26.099149,FINNIFTY30JAN25F,FINNIFTY,22970.5,28425,22961.2,22963.85,42375,25,25
2025-01-29 11:55:27.401524,FINNIFTY30JAN25F,FINNIFTY,22970.5,28425,22959.3,22963.85,42375,375,50
2025-01-29 11:55:28.703882,FINNIFTY30JAN25F,FINNIFTY,22970.5,28425,22959.3,22963.85,42375,375,50
2025-01-29 11:55:30.025498,FINNIFTY30JAN25F,FINNIFTY,22970.5,28425,22962.1,22966.4,42375,125,50
2025-01-29 11:55:31.319818,FINNIFTY30JAN25F,FINNIFTY,22970.5,28425,22963.75,22967.45,42375,125,50
2025-01-29 11:55:32.650803,FINNIFTY30JAN25F,FINNIFTY,22970.5,28425,22962.6,22967.8,42375,125,50
2025-01-29 11:55:33.948765,FINNIFTY30JAN25F,FINNIFTY,22970.5,28425,22962.0,22965.95,42375,125,50
2025-01-29 11:55:35.243328,FINNIFTY30JAN25F,FINNIFTY,22970.5,28425,22962.0,22965.95,42375,125,50
2025-01-29 11:55:36.581366,FINNIFTY30JAN25F,FINNIFTY,22970.5,28425,22963.05,22968.85,42375,250,50
2025-01-29 11:55:37.922756,FINNIFTY30JAN25F,FINNIFTY,22970.5,28425,22962.7,22966.65,42375,125,50
2025-01-29 11:55:39.228842,FINNIFTY30JAN25F,FINNIFTY,22970.5,28425,22962.65,22966.5,42375,375,25
2025-01-29 11:55:40.530871,FINNIFTY30JAN25F,FINNIFTY,22970.5,28425,22965.45,22969.45,42375,125,50
2025-01-29 11:55:41.836202,FINNIFTY30JAN25F,FINNIFTY,22970.5,28425,22965.45,22969.45,42375,125,50
2025-01-29 11:55:43.127448,FINNIFTY30JAN25F,FINNIFTY,22970.5,28425,22964.8,22967.75,42375,125,50
2025-01-29 11:55:44.458510,FINNIFTY30JAN25F,FINNIFTY,22970.5,28425,22964.6,22970.0,42375,250,50
2025-01-29 11:55:45.753356,FINNIFTY30JAN25F,FINNIFTY,22966.2,28425,22965.85,22970.75,42175,125,50
2025-01-29 11:55:47.062148,FINNIFTY30JAN25F,FINNIFTY,22966.2,28575,22966.1,22968.75,42175,25,25
2025-01-29 11:55:48.419649,FINNIFTY30JAN25F,FINNIFTY,22966.2,28575,22966.1,22968.75,42175,25,25
2025-01-29 11:55:49.726692,FINNIFTY30JAN25F,FINNIFTY,22966.2,28575,22965.35,22968.8,42175,125,50
2025-01-29 11:55:51.055261,FINNIFTY30JAN25F,FINNIFTY,22966.2,28575,22964.8,22968.4,42175,125,25
2025-01-29 11:55:52.369392,FINNIFTY30JAN25F,FINNIFTY,22966.2,28575,22965.15,22968.25,42175,125,25
2025-01-29 11:55:53.656792,FINNIFTY30JAN25F,FINNIFTY,22966.2,28575,22965.15,22968.25,42175,125,25
2025-01-29 11:55:54.944808,FINNIFTY30JAN25F,FINNIFTY,22966.2,28575,22965.75,22968.5,42175,25,25
2025-01-29 11:55:56.238892,FINNIFTY30JAN25F,FINNIFTY,22966.2,28575,22964.7,22968.15,42175,125,25
2025-01-29 11:55:57.577991,FINNIFTY30JAN25F,FINNIFTY,22966.2,28575,22965.4,22968.3,42175,125,25
2025-01-29 11:55:58.893856,FINNIFTY30JAN25F,FINNIFTY,22966.2,28575,22964.65,22967.95,42175,125,25
2025-01-29 11:56:00.616391,FINNIFTY30JAN25F,FINNIFTY,22966.2,28575,22960.25,22965.25,42175,50,25
2025-01-29 11:56:01.952415,FINNIFTY30JAN25F,FINNIFTY,22966.2,28575,22960.25,22965.25,42175,50,25
2025-01-29 11:56:03.295261,FINNIFTY30JAN25F,FINNIFTY,22966.2,28575,22961.25,22966.55,42175,25,50
2025-01-29 11:56:04.613366,FINNIFTY30JAN25F,FINNIFTY,22966.2,28575,22962.6,22964.7,42175,125,50
2025-01-29 11:56:05.929896,FINNIFTY30JAN25F,FINNIFTY,22966.2,28575,22961.3,22965.25,42175,25,25
2025-01-29 11:56:07.264418,FINNIFTY30JAN25F,FINNIFTY,22966.2,28575,22962.2,22965.55,42175,150,25
2025-01-29 11:56:08.580581,FINNIFTY30JAN25F,FINNIFTY,22966.2,28575,22962.2,22965.55,42175,150,25
2025-01-29 11:56:09.898961,FINNIFTY30JAN25F,FINNIFTY,22966.2,28575,22961.6,22965.3,42175,125,25
2025-01-29 11:56:11.226749,FINNIFTY30JAN25F,FINNIFTY,22966.2,28575,22962.7,22966.05,42175,250,25
2025-01-29 11:56:12.529509,FINNIFTY30JAN25F,FINNIFTY,22966.2,28575,22962.35,22964.7,42175,125,25
2025-01-29 11:56:13.863351,FINNIFTY30JAN25F,FINNIFTY,22966.2,28575,22962.35,22964.7,42175,125,25
2025-01-29 11:56:15.187274,FINNIFTY30JAN25F,FINNIFTY,22966.2,28575,22962.1,22965.15,42175,125,25
2025-01-29 11:56:16.489654,FINNIFTY30JAN25F,FINNIFTY,22966.2,28575,22962.3,22965.3,42175,150,25
2025-01-29 11:56:17.989285,FINNIFTY30JAN25F,FINNIFTY,22966.2,28575,22962.75,22965.5,42175,25,25
2025-01-29 11:56:19.567926,FINNIFTY30JAN25F,FINNIFTY,22966.2,28575,22963.55,22969.3,42175,125,50
2025-01-29 11:56:21.039456,FINNIFTY30JAN25F,FINNIFTY,22966.2,28575,22961.9,22964.75,42175,125,25
2025-01-29 11:56:22.437280,FINNIFTY30JAN25F,FINNIFTY,22966.2,28575,22962.4,22965.95,42175,125,25
2025-01-29 11:56:23.913605,FINNIFTY30JAN25F,FINNIFTY,22966.2,28575,22962.85,22966.1,42175,125,25
2025-01-29 11:56:25.401649,FINNIFTY30JAN25F,FINNIFTY,22966.2,28575,22961.85,22966.4,42175,25,25
2025-01-29 11:56:26.829408,FINNIFTY30JAN25F,FINNIFTY,22966.2,28575,22961.85,22966.4,42175,25,25
2025-01-29 11:56:28.139334,FINNIFTY30JAN25F,FINNIFTY,22966.2,28575,22962.85,22966.75,42175,250,25
2025-01-29 11:56:29.528360,FINNIFTY30JAN25F,FINNIFTY,22966.2,28575,22963.8,22969.3,42175,250,50
2025-01-29 11:56:30.848223,FINNIFTY30JAN25F,FINNIFTY,22966.2,28575,22965.25,22969.15,42175,150,50
2025-01-29 11:56:32.543892,FINNIFTY30JAN25F,FINNIFTY,22966.2,28575,22963.7,22967.55,42175,125,25
2025-01-29 11:56:33.873065,FINNIFTY30JAN25F,FINNIFTY,22966.2,28575,22963.15,22967.25,42175,150,25
2025-01-29 11:56:35.277115,FINNIFTY30JAN25F,FINNIFTY,22966.2,28575,22963.15,22967.25,42175,150,25
2025-01-29 11:56:36.582979,FINNIFTY30JAN25F,FINNIFTY,22966.2,28575,22962.35,22966.55,42175,125,25
2025-01-29 11:56:37.889047,FINNIFTY30JAN25F,FINNIFTY,22966.2,28575,22963.7,22969.25,42175,125,25
2025-01-29 11:56:39.200957,FINNIFTY30JAN25F,FINNIFTY,22966.2,28575,22963.75,22967.65,42175,125,25
2025-01-29 11:56:40.526873,FINNIFTY30JAN25F,FINNIFTY,22966.2,28575,22964.6,22970.05,42175,125,25
2025-01-29 11:56:41.849149,FINNIFTY30JAN25F,FINNIFTY,22966.2,28575,22964.6,22970.05,42175,125,25
2025-01-29 11:56:43.152706,FINNIFTY30JAN25F,FINNIFTY,22966.2,28575,22964.45,22968.05,42175,250,25
2025-01-29 11:56:44.466075,FINNIFTY30JAN25F,FINNIFTY,22966.2,28575,22965.8,22970.3,42175,125,50
2025-01-29 11:56:45.807441,FINNIFTY30JAN25F,FINNIFTY,22966.2,28575,22966.15,22969.3,42175,125,25
2025-01-29 11:56:47.129316,FINNIFTY30JAN25F,FINNIFTY,22966.2,28575,22966.15,22969.3,42175,125,25
2025-01-29 11:56:48.434720,FINNIFTY30JAN25F,FINNIFTY,22966.2,28575,22966.1,22969.25,42175,125,25
2025-01-29 11:56:49.792243,FINNIFTY30JAN25F,FINNIFTY,22966.2,28575,22966.8,22969.6,42175,125,25
2025-01-29 11:56:51.086112,FINNIFTY30JAN25F,FINNIFTY,22966.2,28575,22968.55,22971.7,42175,125,25
2025-01-29 11:56:52.392160,FINNIFTY30JAN25F,FINNIFTY,22966.2,28575,22968.15,22971.7,42175,125,25
2025-01-29 11:56:53.735679,FINNIFTY30JAN25F,FINNIFTY,22966.2,28575,22968.15,22971.7,42175,125,25
2025-01-29 11:56:55.040550,FINNIFTY30JAN25F,FINNIFTY,22966.2,28575,22967.2,22971.7,42175,125,25
2025-01-29 11:56:56.340253,FINNIFTY30JAN25F,FINNIFTY,22966.2,28575,22968.2,22971.7,42175,125,25
2025-01-29 11:56:57.662400,FINNIFTY30JAN25F,FINNIFTY,22966.2,28575,22966.95,22971.7,42175,250,25
2025-01-29 11:56:58.996838,FINNIFTY30JAN25F,FINNIFTY,22966.2,28575,22966.75,22971.7,42175,125,25
2025-01-29 11:57:00.388307,FINNIFTY30JAN25F,FINNIFTY,22966.2,28575,22966.75,22971.7,42175,125,25
2025-01-29 11:57:01.727444,FINNIFTY30JAN25F,FINNIFTY,22966.2,28575,22966.5,22971.7,42175,125,25
2025-01-29 11:57:03.034915,FINNIFTY30JAN25F,FINNIFTY,22966.2,28575,22965.8,22971.7,42175,125,25
2025-01-29 11:57:04.351428,FINNIFTY30JAN25F,FINNIFTY,22966.2,28575,22966.3,22971.7,42175,25,25
2025-01-29 11:57:05.637825,FINNIFTY30JAN25F,FINNIFTY,22972.0,28575,22970.4,22972.0,42175,125,150
2025-01-29 11:57:07.424045,FINNIFTY30JAN25F,FINNIFTY,22972.0,28725,22970.25,22977.1,42175,50,75
2025-01-29 11:57:08.755234,FINNIFTY30JAN25F,FINNIFTY,22972.0,28725,22970.25,22977.1,42175,50,75
2025-01-29 11:57:10.042088,FINNIFTY30JAN25F,FINNIFTY,22972.0,28725,22969.35,22975.5,42175,25,75
2025-01-29 11:57:11.352099,FINNIFTY30JAN25F,FINNIFTY,22972.0,28725,22968.45,22974.75,42175,125,75
2025-01-29 11:57:13.488337,FINNIFTY30JAN25F,FINNIFTY,22972.0,28725,22971.15,22974.75,42175,150,25
2025-01-29 11:57:14.797825,FINNIFTY30JAN25F,FINNIFTY,22972.0,28725,22970.2,22976.45,42175,125,75
2025-01-29 11:57:16.100573,FINNIFTY30JAN25F,FINNIFTY,22972.0,28725,22969.55,22975.55,42175,125,25
2025-01-29 11:57:17.418643,FINNIFTY30JAN25F,FINNIFTY,22972.0,28725,22968.85,22975.05,42175,25,25
2025-01-29 11:57:18.821697,FINNIFTY30JAN25F,FINNIFTY,22972.0,28725,22967.9,22974.15,42175,125,100
2025-01-29 11:57:20.149548,FINNIFTY30JAN25F,FINNIFTY,22972.0,28725,22967.9,22974.15,42175,125,100
2025-01-29 11:57:21.455613,FINNIFTY30JAN25F,FINNIFTY,22972.0,28725,22969.7,22974.05,42175,125,25
2025-01-29 11:57:22.766447,FINNIFTY30JAN25F,FINNIFTY,22972.0,28725,22969.65,22974.05,42175,125,25
2025-01-29 11:57:24.064096,FINNIFTY30JAN25F,FINNIFTY,22972.0,28725,22969.95,22974.05,42175,250,25
2025-01-29 11:57:25.362882,FINNIFTY30JAN25F,FINNIFTY,22972.0,28725,22969.95,22974.05,42175,250,25
2025-01-29 11:57:26.654431,FINNIFTY30JAN25F,FINNIFTY,22972.0,28725,22968.25,22974.0,42175,125,125
2025-01-29 11:57:27.964338,FINNIFTY30JAN25F,FINNIFTY,22972.0,28725,22967.8,22973.95,42175,125,75
2025-01-29 11:57:29.257918,FINNIFTY30JAN25F,FINNIFTY,22972.0,28725,22969.05,22973.95,42175,125,25
2025-01-29 11:57:30.554515,FINNIFTY30JAN25F,FINNIFTY,22972.0,28725,22969.25,22973.9,42175,125,25
2025-01-29 11:57:31.893689,FINNIFTY30JAN25F,FINNIFTY,22972.0,28725,22969.25,22973.9,42175,125,25
2025-01-29 11:57:33.232335,FINNIFTY30JAN25F,FINNIFTY,22972.0,28725,22970.85,22974.0,42175,125,100
2025-01-29 11:57:34.535496,FINNIFTY30JAN25F,FINNIFTY,22972.0,28725,22971.1,22974.0,42175,125,100
2025-01-29 11:57:35.829551,FINNIFTY30JAN25F,FINNIFTY,22972.0,28725,22971.3,22974.0,42175,125,100
2025-01-29 11:57:37.142182,FINNIFTY30JAN25F,FINNIFTY,22972.0,28725,22969.75,22974.0,42175,100,100
2025-01-29 11:57:38.472211,FINNIFTY30JAN25F,FINNIFTY,22972.0,28725,22969.75,22974.0,42175,100,100
2025-01-29 11:57:39.804537,FINNIFTY30JAN25F,FINNIFTY,22972.0,28725,22971.1,22974.0,42175,125,100
2025-01-29 11:57:41.106123,FINNIFTY30JAN25F,FINNIFTY,22972.0,28725,22967.15,22972.75,42175,125,75
2025-01-29 11:57:42.427519,FINNIFTY30JAN25F,FINNIFTY,22972.0,28725,22967.4,22972.75,42175,125,25
2025-01-29 11:57:43.739301,FINNIFTY30JAN25F,FINNIFTY,22972.0,28725,22966.25,22972.4,42175,125,50
2025-01-29 11:57:45.077255,FINNIFTY30JAN25F,FINNIFTY,22972.0,28725,22966.25,22972.4,42175,125,50
2025-01-29 11:57:46.394187,FINNIFTY30JAN25F,FINNIFTY,22972.0,28725,22965.4,22971.0,42175,225,25
2025-01-29 11:57:47.733430,FINNIFTY30JAN25F,FINNIFTY,22972.0,28725,22963.6,22970.05,42175,125,50
2025-01-29 11:57:49.161957,FINNIFTY30JAN25F,FINNIFTY,22972.0,28725,22964.35,22970.0,42175,100,25
2025-01-29 11:57:50.529151,FINNIFTY30JAN25F,FINNIFTY,22972.0,28725,22964.4,22970.0,42175,125,25
2025-01-29 11:57:51.850747,FINNIFTY30JAN25F,FINNIFTY,22972.0,28725,22964.4,22970.0,42175,125,25
2025-01-29 11:57:53.147700,FINNIFTY30JAN25F,FINNIFTY,22972.0,28725,22965.1,22969.95,42175,125,25
2025-01-29 11:57:54.499407,FINNIFTY30JAN25F,FINNIFTY,22972.0,28725,22964.65,22969.95,42175,225,25
2025-01-29 11:57:55.809286,FINNIFTY30JAN25F,FINNIFTY,22972.0,28725,22968.9,22974.0,42175,250,100
2025-01-29 11:57:57.203141,FINNIFTY30JAN25F,FINNIFTY,22972.0,28725,22968.4,22974.0,42175,225,125
2025-01-29 11:57:58.570245,FINNIFTY30JAN25F,FINNIFTY,22972.0,28725,22968.4,22974.0,42175,225,125
2025-01-29 11:57:59.912574,FINNIFTY30JAN25F,FINNIFTY,22972.0,28725,22968.65,22974.0,42175,125,125
2025-01-29 11:58:01.232383,FINNIFTY30JAN25F,FINNIFTY,22972.0,28725,22968.45,22973.95,42175,250,25
2025-01-29 11:58:02.568524,FINNIFTY30JAN25F,FINNIFTY,22972.0,28725,22968.15,22973.9,42175,125,75
2025-01-29 11:58:03.912571,FINNIFTY30JAN25F,FINNIFTY,22972.0,28725,22964.95,22971.3,42175,125,25
2025-01-29 11:58:05.237110,FINNIFTY30JAN25F,FINNIFTY,22972.0,28725,22964.95,22971.3,42175,125,25
2025-01-29 11:58:06.540330,FINNIFTY30JAN25F,FINNIFTY,22972.0,28725,22966.0,22971.3,42175,125,25
2025-01-29 11:58:07.867860,FINNIFTY30JAN25F,FINNIFTY,22972.0,28725,22964.5,22971.0,42175,250,75
2025-01-29 11:58:09.179719,FINNIFTY30JAN25F,FINNIFTY,22972.0,28725,22964.3,22970.65,42175,125,100
2025-01-29 11:58:10.505398,FINNIFTY30JAN25F,FINNIFTY,22972.0,28725,22964.85,22970.65,42175,125,25
2025-01-29 11:58:11.833444,FINNIFTY30JAN25F,FINNIFTY,22972.0,28725,22964.85,22970.65,42175,125,25
2025-01-29 11:58:13.143169,FINNIFTY30JAN25F,FINNIFTY,22972.0,28725,22966.25,22970.65,42175,125,25
2025-01-29 11:58:14.446822,FINNIFTY30JAN25F,FINNIFTY,22972.0,28725,22965.0,22970.65,42175,125,25
2025-01-29 11:58:15.803530,FINNIFTY30JAN25F,FINNIFTY,22972.0,28725,22965.45,22970.65,42175,125,25
2025-01-29 11:58:17.329627,FINNIFTY30JAN25F,FINNIFTY,22972.0,28725,22965.05,22970.65,42175,125,25
2025-01-29 11:58:18.695996,FINNIFTY30JAN25F,FINNIFTY,22972.0,28725,22962.65,22968.8,42175,100,75
2025-01-29 11:58:20.072048,FINNIFTY30JAN25F,FINNIFTY,22972.0,28725,22963.85,22968.5,42175,250,25
2025-01-29 11:58:21.404445,FINNIFTY30JAN25F,FINNIFTY,22972.0,28725,22963.85,22968.5,42175,250,25
2025-01-29 11:58:22.711869,FINNIFTY30JAN25F,FINNIFTY,22972.0,28725,22965.55,22971.75,42175,125,25
2025-01-29 11:58:24.035174,FINNIFTY30JAN25F,FINNIFTY,22972.0,28725,22966.0,22971.2,42175,125,25
2025-01-29 11:58:25.331708,FINNIFTY30JAN25F,FINNIFTY,22972.0,28725,22966.1,22971.2,42175,125,25
2025-01-29 11:58:26.689554,FINNIFTY30JAN25F,FINNIFTY,22972.0,28725,22966.1,22971.2,42175,125,25
2025-01-29 11:58:28.075827,FINNIFTY30JAN25F,FINNIFTY,22972.0,28725,22967.9,22973.75,42175,125,25
2025-01-29 11:58:29.408711,FINNIFTY30JAN25F,FINNIFTY,22972.0,28725,22966.55,22973.05,42175,125,75
2025-01-29 11:58:30.736357,FINNIFTY30JAN25F,FINNIFTY,22972.0,28725,22965.6,22972.2,42175,250,25
2025-01-29 11:58:32.066164,FINNIFTY30JAN25F,FINNIFTY,22972.0,28725,22966.15,22972.2,42175,250,25
2025-01-29 11:58:33.396632,FINNIFTY30JAN25F,FINNIFTY,22972.0,28725,22966.15,22972.2,42175,250,25
2025-01-29 11:58:34.710332,FINNIFTY30JAN25F,FINNIFTY,22972.0,28725,22966.05,22972.1,42175,125,25
2025-01-29 11:58:36.012548,FINNIFTY30JAN25F,FINNIFTY,22972.0,28725,22966.6,22972.1,42175,125,25
2025-01-29 11:58:37.324619,FINNIFTY30JAN25F,FINNIFTY,22972.0,28725,22966.7,22972.1,42175,125,25
2025-01-29 11:58:38.655168,FINNIFTY30JAN25F,FINNIFTY,22972.0,28725,22962.4,22969.1,42175,50,75
2025-01-29 11:58:39.948177,FINNIFTY30JAN25F,FINNIFTY,22969.1,28725,22962.4,22969.1,41900,50,75
2025-01-29 11:58:41.235511,FINNIFTY30JAN25F,FINNIFTY,22969.1,28750,22964.7,22969.15,41900,125,25
2025-01-29 11:58:42.542823,FINNIFTY30JAN25F,FINNIFTY,22969.1,28750,22965.15,22971.3,41900,125,75
2025-01-29 11:58:43.845874,FINNIFTY30JAN25F,FINNIFTY,22969.1,28750,22966.95,22971.3,41900,125,25
2025-01-29 11:58:45.170413,FINNIFTY30JAN25F,FINNIFTY,22969.1,28750,22966.1,22972.35,41900,100,75
2025-01-29 11:58:46.462531,FINNIFTY30JAN25F,FINNIFTY,22969.1,28750,22966.1,22972.35,41900,100,75
2025-01-29 11:58:47.771672,FINNIFTY30JAN25F,FINNIFTY,22969.1,28750,22965.2,22970.75,41900,125,25
2025-01-29 11:58:49.151278,FINNIFTY30JAN25F,FINNIFTY,22969.1,28750,22966.2,22970.75,41900,125,25
2025-01-29 11:58:50.453009,FINNIFTY30JAN25F,FINNIFTY,22969.1,28750,22966.05,22970.75,41900,125,25
2025-01-29 11:58:51.860394,FINNIFTY30JAN25F,FINNIFTY,22969.1,28750,22966.05,22970.75,41900,125,25
2025-01-29 11:58:53.139938,FINNIFTY30JAN25F,FINNIFTY,22969.1,28750,22964.55,22970.0,41900,125,25
2025-01-29 11:58:54.449230,FINNIFTY30JAN25F,FINNIFTY,22969.1,28750,22965.45,22970.0,41900,125,25
2025-01-29 11:58:55.753123,FINNIFTY30JAN25F,FINNIFTY,22969.1,28750,22965.3,22970.0,41900,125,25
2025-01-29 11:58:57.059098,FINNIFTY30JAN25F,FINNIFTY,22969.1,28750,22965.0,22970.0,41900,125,25
2025-01-29 11:58:58.372515,FINNIFTY30JAN25F,FINNIFTY,22969.1,28750,22965.0,22970.0,41900,125,25
2025-01-29 11:58:59.682203,FINNIFTY30JAN25F,FINNIFTY,22969.1,28750,22963.8,22970.0,41900,125,75
2025-01-29 11:59:00.982190,FINNIFTY30JAN25F,FINNIFTY,22969.1,28750,22967.7,22974.0,41900,250,125
2025-01-29 11:59:02.392896,FINNIFTY30JAN25F,FINNIFTY,22969.1,28750,22968.65,22973.9,41900,125,25
2025-01-29 11:59:03.703354,FINNIFTY30JAN25F,FINNIFTY,22969.1,28750,22970.15,22973.9,41900,100,25
2025-01-29 11:59:05.004408,FINNIFTY30JAN25F,FINNIFTY,22969.1,28750,22970.15,22973.9,41900,100,25
2025-01-29 11:59:06.346788,FINNIFTY30JAN25F,FINNIFTY,22969.1,28750,22970.35,22973.9,41900,125,25
2025-01-29 11:59:07.673048,FINNIFTY30JAN25F,FINNIFTY,22969.1,28750,22971.75,22974.0,41900,125,100
2025-01-29 11:59:08.963638,FINNIFTY30JAN25F,FINNIFTY,22969.1,28750,22971.65,22974.0,41900,125,100
2025-01-29 11:59:10.265781,FINNIFTY30JAN25F,FINNIFTY,22969.1,28750,22971.8,22974.0,41900,125,100
2025-01-29 11:59:11.559108,FINNIFTY30JAN25F,FINNIFTY,22969.1,28750,22971.8,22974.0,41900,125,100
2025-01-29 11:59:12.958866,FINNIFTY30JAN25F,FINNIFTY,22969.1,28750,22972.25,22974.0,41900,150,100
2025-01-29 11:59:14.334235,FINNIFTY30JAN25F,FINNIFTY,22974.0,28850,22974.05,22979.95,41900,125,25
2025-01-29 11:59:15.650367,FINNIFTY30JAN25F,FINNIFTY,22974.0,28850,22971.15,22976.25,41900,25,25
2025-01-29 11:59:16.958467,FINNIFTY30JAN25F,FINNIFTY,22974.0,28850,22970.55,22976.25,41900,125,25
2025-01-29 11:59:18.277991,FINNIFTY30JAN25F,FINNIFTY,22974.0,28850,22970.55,22976.25,41900,125,25
2025-01-29 11:59:19.595968,FINNIFTY30JAN25F,FINNIFTY,22974.0,28850,22970.65,22976.25,41900,100,25
2025-01-29 11:59:20.900362,FINNIFTY30JAN25F,FINNIFTY,22974.0,28850,22971.4,22976.25,41900,125,25
2025-01-29 11:59:22.205824,FINNIFTY30JAN25F,FINNIFTY,22974.0,28850,22969.8,22975.9,41900,150,25
2025-01-29 11:59:23.528373,FINNIFTY30JAN25F,FINNIFTY,22974.0,28850,22969.8,22975.9,41900,150,25
2025-01-29 11:59:24.820349,FINNIFTY30JAN25F,FINNIFTY,22974.0,28850,22970.8,22975.9,41900,125,25
2025-01-29 11:59:26.122989,FINNIFTY30JAN25F,FINNIFTY,22974.0,28850,22969.25,22975.5,41900,100,75
2025-01-29 11:59:27.487214,FINNIFTY30JAN25F,FINNIFTY,22974.0,28850,22969.35,22974.75,41900,125,25
2025-01-29 11:59:28.994044,FINNIFTY30JAN25F,FINNIFTY,22974.0,28850,22970.95,22974.75,41900,250,25
2025-01-29 11:59:30.405017,FINNIFTY30JAN25F,FINNIFTY,22969.55,28850,22969.55,22974.75,41900,100,25
2025-01-29 11:59:31.870591,FINNIFTY30JAN25F,FINNIFTY,22969.55,28875,22970.35,22974.75,41900,125,25
2025-01-29 11:59:33.241909,FINNIFTY30JAN25F,FINNIFTY,22969.55,28875,22970.35,22974.75,41900,125,25
2025-01-29 11:59:34.619282,FINNIFTY30JAN25F,FINNIFTY,22969.55,28875,22969.2,22974.5,41900,125,25
2025-01-29 11:59:36.072150,FINNIFTY30JAN25F,FINNIFTY,22969.55,28875,22969.35,22974.5,41900,125,25
2025-01-29 11:59:37.478094,FINNIFTY30JAN25F,FINNIFTY,22969.55,28875,22968.3,22974.45,41900,250,25
2025-01-29 11:59:38.783829,FINNIFTY30JAN25F,FINNIFTY,22969.55,28875,22968.15,22974.1,41900,125,25
2025-01-29 11:59:40.195935,FINNIFTY30JAN25F,FINNIFTY,22969.55,28875,22968.9,22974.1,41900,150,25
2025-01-29 11:59:41.601116,FINNIFTY30JAN25F,FINNIFTY,22969.55,28875,22968.9,22974.1,41900,150,25
2025-01-29 11:59:42.941803,FINNIFTY30JAN25F,FINNIFTY,22969.55,28875,22970.0,22974.1,41900,125,25
2025-01-29 11:59:44.475188,FINNIFTY30JAN25F,FINNIFTY,22969.55,28875,22969.55,22974.1,41900,250,25
2025-01-29 11:59:45.869519,FINNIFTY30JAN25F,FINNIFTY,22969.55,28875,22969.85,22974.1,41900,125,25
2025-01-29 11:59:47.237809,FINNIFTY30JAN25F,FINNIFTY,22969.55,28875,22970.3,22974.1,41900,125,25
2025-01-29 11:59:48.590412,FINNIFTY30JAN25F,FINNIFTY,22969.55,28875,22971.1,22977.6,41900,125,25
2025-01-29 11:59:49.924073,FINNIFTY30JAN25F,FINNIFTY,22969.55,28875,22971.1,22977.6,41900,125,25
2025-01-29 11:59:51.241595,FINNIFTY30JAN25F,FINNIFTY,22969.55,28875,22972.3,22977.55,41900,125,25
2025-01-29 11:59:52.555839,FINNIFTY30JAN25F,FINNIFTY,22969.55,28875,22972.05,22977.55,41900,125,25
2025-01-29 11:59:53.876291,FINNIFTY30JAN25F,FINNIFTY,22969.55,28875,22972.7,22977.55,41900,75,25
2025-01-29 11:59:55.180478,FINNIFTY30JAN25F,FINNIFTY,22969.55,28875,22972.7,22977.55,41900,75,25
2025-01-29 11:59:56.474343,FINNIFTY30JAN25F,FINNIFTY,22969.55,28875,22973.6,22977.55,41900,125,25
2025-01-29 11:59:57.776050,FINNIFTY30JAN25F,FINNIFTY,22969.55,28875,22973.9,22980.3,41900,250,25
2025-01-29 11:59:59.068452,FINNIFTY30JAN25F,FINNIFTY,22969.55,28875,22977.05,22982.85,41900,125,25
2025-01-29 12:00:00.363512,FINNIFTY30JAN25F,FINNIFTY,22969.55,28875,22978.0,22982.1,41900,125,25
2025-01-29 12:00:01.655239,FINNIFTY30JAN25F,FINNIFTY,22969.55,28875,22978.0,22982.1,41900,125,25
2025-01-29 12:00:02.990281,FINNIFTY30JAN25F,FINNIFTY,22969.55,28875,22977.35,22983.0,41900,200,25
2025-01-29 12:00:04.375673,FINNIFTY30JAN25F,FINNIFTY,22969.55,28875,22976.05,22982.1,41900,125,25
2025-01-29 12:00:05.744182,FINNIFTY30JAN25F,FINNIFTY,22969.55,28875,22975.45,22982.05,41900,75,25
2025-01-29 12:00:07.039614,FINNIFTY30JAN25F,FINNIFTY,22969.55,28875,22978.0,22984.95,41900,75,25
2025-01-29 12:00:08.388259,FINNIFTY30JAN25F,FINNIFTY,22969.55,28875,22978.15,22984.85,41900,75,75
2025-01-29 12:00:10.055459,FINNIFTY30JAN25F,FINNIFTY,22969.55,28875,22978.7,22984.85,41900,250,25
2025-01-29 12:00:11.387265,FINNIFTY30JAN25F,FINNIFTY,22969.55,28875,22978.7,22984.85,41900,250,25
2025-01-29 12:01:56.255991,FINNIFTY30JAN25F,FINNIFTY,22975.0,28900,22981.75,22987.75,41900,125,25
2025-01-29 12:01:57.592949,FINNIFTY30JAN25F,FINNIFTY,22975.0,28900,22981.1,22987.7,41900,75,75
2025-01-29 12:01:58.880731,FINNIFTY30JAN25F,FINNIFTY,22975.0,28900,22981.85,22987.5,41900,125,25
2025-01-29 12:02:00.186905,FINNIFTY30JAN25F,FINNIFTY,22975.0,28900,22981.75,22987.5,41900,125,25
2025-01-29 12:02:01.675700,FINNIFTY30JAN25F,FINNIFTY,22975.0,28900,22982.8,22987.5,41900,125,25
2025-01-29 12:02:03.164229,FINNIFTY30JAN25F,FINNIFTY,22975.0,28900,22982.8,22987.5,41900,125,25
2025-01-29 12:02:04.720915,FINNIFTY30JAN25F,FINNIFTY,22975.0,28900,22983.45,22987.5,41900,125,25
2025-01-29 12:02:06.109521,FINNIFTY30JAN25F,FINNIFTY,22975.0,28900,22982.25,22987.5,41900,125,25
2025-01-29 12:02:07.704837,FINNIFTY30JAN25F,FINNIFTY,22975.0,28900,22981.8,22987.5,41900,125,25
2025-01-29 12:02:09.084803,FINNIFTY30JAN25F,FINNIFTY,22975.0,28900,22982.45,22987.5,41900,125,25
2025-01-29 12:02:10.564493,FINNIFTY30JAN25F,FINNIFTY,22975.0,28900,22982.05,22987.5,41900,75,25
2025-01-29 12:02:12.098536,FINNIFTY30JAN25F,FINNIFTY,22975.0,28900,22982.35,22987.5,41900,125,25
2025-01-29 12:02:13.492043,FINNIFTY30JAN25F,FINNIFTY,22975.0,28900,22982.3,22987.5,41900,125,25
2025-01-29 12:02:14.832589,FINNIFTY30JAN25F,FINNIFTY,22975.0,28900,22977.85,22985.35,41900,50,75
2025-01-29 12:02:16.363375,FINNIFTY30JAN25F,FINNIFTY,22975.0,28900,22978.4,22983.7,41900,125,25
2025-01-29 12:02:17.778073,FINNIFTY30JAN25F,FINNIFTY,22975.0,28900,22978.4,22983.7,41900,125,25
2025-01-29 12:02:19.154408,FINNIFTY30JAN25F,FINNIFTY,22975.0,28900,22976.75,22983.4,41900,75,100
2025-01-29 12:02:20.547095,FINNIFTY30JAN25F,FINNIFTY,22975.0,28900,22976.15,22981.2,41900,125,25
2025-01-29 12:02:21.856624,FINNIFTY30JAN25F,FINNIFTY,22975.0,28900,22976.2,22981.2,41900,125,25
2025-01-29 12:02:23.169962,FINNIFTY30JAN25F,FINNIFTY,22975.0,28900,22976.75,22983.55,41900,325,75
2025-01-29 12:02:24.501594,FINNIFTY30JAN25F,FINNIFTY,22975.0,28900,22976.75,22983.55,41900,325,75
2025-01-29 12:02:25.813682,FINNIFTY30JAN25F,FINNIFTY,22975.0,28900,22978.3,22983.55,41900,125,25
2025-01-29 12:02:27.129797,FINNIFTY30JAN25F,FINNIFTY,22975.0,28900,22977.4,22983.55,41900,125,25
2025-01-29 12:02:28.424344,FINNIFTY30JAN25F,FINNIFTY,22975.0,28900,22977.45,22983.55,41900,125,25
2025-01-29 12:02:29.703839,FINNIFTY30JAN25F,FINNIFTY,22975.0,28900,22978.2,22983.55,41900,150,25
2025-01-29 12:02:31.023227,FINNIFTY30JAN25F,FINNIFTY,22975.0,28900,22978.2,22983.55,41900,150,25
2025-01-29 12:02:32.348573,FINNIFTY30JAN25F,FINNIFTY,22975.0,28900,22978.15,22983.55,41900,125,25
2025-01-29 12:02:33.671264,FINNIFTY30JAN25F,FINNIFTY,22975.0,28900,22979.35,22983.55,41900,75,25
2025-01-29 12:02:35.009179,FINNIFTY30JAN25F,FINNIFTY,22975.0,28900,22978.6,22983.55,41900,125,25
2025-01-29 12:02:36.307578,FINNIFTY30JAN25F,FINNIFTY,22975.0,28900,22979.15,22985.85,41900,125,100
2025-01-29 12:02:37.638091,FINNIFTY30JAN25F,FINNIFTY,22975.0,28900,22979.15,22985.85,41900,125,100
2025-01-29 12:02:38.953037,FINNIFTY30JAN25F,FINNIFTY,22975.0,28900,22977.7,22984.3,41900,250,75
2025-01-29 12:02:40.319078,FINNIFTY30JAN25F,FINNIFTY,22975.0,28900,22980.8,22984.3,41900,125,25
2025-01-29 12:02:41.640944,FINNIFTY30JAN25F,FINNIFTY,22975.0,28900,22984.85,22987.95,41900,25,25
2025-01-29 12:02:43.058631,FINNIFTY30JAN25F,FINNIFTY,22975.0,28900,22982.6,22989.45,41900,75,75
2025-01-29 12:02:44.439751,FINNIFTY30JAN25F,FINNIFTY,22975.0,28900,22982.9,22988.5,41900,125,25
2025-01-29 12:02:45.954319,FINNIFTY30JAN25F,FINNIFTY,22975.0,28900,22983.0,22988.5,41900,200,25
2025-01-29 12:02:47.457427,FINNIFTY30JAN25F,FINNIFTY,22975.0,28900,22983.0,22988.5,41900,200,25
2025-01-29 12:02:48.892070,FINNIFTY30JAN25F,FINNIFTY,22975.0,28900,22982.65,22988.5,41900,125,25
2025-01-29 12:02:50.204605,FINNIFTY30JAN25F,FINNIFTY,22975.0,28900,22979.8,22986.3,41900,75,75
2025-01-29 12:02:51.505773,FINNIFTY30JAN25F,FINNIFTY,22975.0,28900,22980.7,22986.3,41900,250,25
2025-01-29 12:02:52.802985,FINNIFTY30JAN25F,FINNIFTY,22975.0,28900,22981.65,22986.3,41900,125,25
2025-01-29 12:02:54.175850,FINNIFTY30JAN25F,FINNIFTY,22975.0,28900,22981.6,22986.3,41900,125,25
2025-01-29 12:02:55.492203,FINNIFTY30JAN25F,FINNIFTY,22975.0,28900,22981.6,22986.3,41900,125,25
2025-01-29 12:02:56.779218,FINNIFTY30JAN25F,FINNIFTY,22985.95,28900,22980.55,22985.95,41825,75,25
2025-01-29 12:02:58.093401,FINNIFTY30JAN25F,FINNIFTY,22985.95,28925,22979.9,22986.0,41825,125,25
2025-01-29 12:02:59.389294,FINNIFTY30JAN25F,FINNIFTY,22985.95,28925,22980.05,22985.65,41825,125,25
2025-01-29 12:03:00.701764,FINNIFTY30JAN25F,FINNIFTY,22985.95,28925,22978.55,22984.4,41825,75,25
2025-01-29 12:03:02.032546,FINNIFTY30JAN25F,FINNIFTY,22985.95,28925,22978.55,22984.4,41825,75,25
2025-01-29 12:03:03.378508,FINNIFTY30JAN25F,FINNIFTY,22985.95,28925,22979.55,22984.4,41825,125,25
2025-01-29 12:03:04.681756,FINNIFTY30JAN25F,FINNIFTY,22985.95,28925,22980.45,22984.4,41825,250,25
2025-01-29 12:03:05.988268,FINNIFTY30JAN25F,FINNIFTY,22985.95,28925,22980.1,22986.65,41825,125,75
2025-01-29 12:03:07.298029,FINNIFTY30JAN25F,FINNIFTY,22985.95,28925,22980.1,22986.65,41825,125,75
2025-01-29 12:03:08.597582,FINNIFTY30JAN25F,FINNIFTY,22985.95,28925,22980.3,22986.65,41825,125,75
2025-01-29 12:03:10.065028,FINNIFTY30JAN25F,FINNIFTY,22985.95,28925,22980.25,22986.65,41825,125,25
2025-01-29 12:03:11.361357,FINNIFTY30JAN25F,FINNIFTY,22985.95,28925,22978.45,22985.0,41825,125,75
2025-01-29 12:03:12.767610,FINNIFTY30JAN25F,FINNIFTY,22985.95,28925,22979.8,22985.0,41825,125,25
2025-01-29 12:03:14.261345,FINNIFTY30JAN25F,FINNIFTY,22985.95,28925,22978.0,22982.65,41825,125,25
2025-01-29 12:03:15.577377,FINNIFTY30JAN25F,FINNIFTY,22985.95,28925,22974.25,22981.1,41825,25,75
2025-01-29 12:03:16.889997,FINNIFTY30JAN25F,FINNIFTY,22985.95,28925,22974.25,22981.1,41825,25,75
2025-01-29 12:03:18.369094,FINNIFTY30JAN25F,FINNIFTY,22985.95,28925,22974.4,22980.1,41825,250,25
2025-01-29 12:03:19.743791,FINNIFTY30JAN25F,FINNIFTY,22985.95,28925,22975.4,22980.1,41825,125,25
2025-01-29 12:03:21.241277,FINNIFTY30JAN25F,FINNIFTY,22985.95,28925,22973.5,22979.9,41825,125,75
2025-01-29 12:03:22.725770,FINNIFTY30JAN25F,FINNIFTY,22985.95,28925,22973.35,22979.75,41825,125,75
2025-01-29 12:03:24.161767,FINNIFTY30JAN25F,FINNIFTY,22985.95,28925,22975.55,22981.9,41825,25,25
2025-01-29 12:03:25.550686,FINNIFTY30JAN25F,FINNIFTY,22985.95,28925,22975.55,22981.9,41825,125,25
2025-01-29 12:03:27.029427,FINNIFTY30JAN25F,FINNIFTY,22985.95,28925,22975.35,22981.75,41825,125,75
2025-01-29 12:03:28.587355,FINNIFTY30JAN25F,FINNIFTY,22985.95,28925,22975.35,22981.75,41825,125,75
2025-01-29 12:03:29.958788,FINNIFTY30JAN25F,FINNIFTY,22985.95,28925,22975.6,22981.35,41825,125,25
2025-01-29 12:03:31.273739,FINNIFTY30JAN25F,FINNIFTY,22985.95,28925,22975.35,22981.3,41825,125,25
2025-01-29 12:03:32.797410,FINNIFTY30JAN25F,FINNIFTY,22985.95,28925,22974.45,22981.15,41825,200,100
2025-01-29 12:03:34.165193,FINNIFTY30JAN25F,FINNIFTY,22985.95,28925,22974.3,22980.2,41825,125,25
2025-01-29 12:03:35.486115,FINNIFTY30JAN25F,FINNIFTY,22985.95,28925,22975.85,22980.2,41825,125,25
2025-01-29 12:03:36.828117,FINNIFTY30JAN25F,FINNIFTY,22985.95,28925,22975.85,22980.2,41825,125,25
2025-01-29 12:03:38.137797,FINNIFTY30JAN25F,FINNIFTY,22985.95,28925,22974.8,22980.2,41825,125,25
2025-01-29 12:03:39.437611,FINNIFTY30JAN25F,FINNIFTY,22985.95,28925,22974.8,22980.2,41825,125,25
2025-01-29 12:03:40.751826,FINNIFTY30JAN25F,FINNIFTY,22985.95,28925,22975.3,22980.2,41825,125,25
2025-01-29 12:03:42.077699,FINNIFTY30JAN25F,FINNIFTY,22985.95,28925,22975.3,22980.2,41825,125,25
2025-01-29 12:03:43.387024,FINNIFTY30JAN25F,FINNIFTY,22985.95,28925,22975.3,22980.2,41825,250,25
2025-01-29 12:03:44.762900,FINNIFTY30JAN25F,FINNIFTY,22985.95,28925,22976.4,22982.65,41825,250,25
2025-01-29 12:03:46.339563,FINNIFTY30JAN25F,FINNIFTY,22985.95,28925,22976.7,22982.65,41825,125,25
2025-01-29 12:03:48.021203,FINNIFTY30JAN25F,FINNIFTY,22985.95,28925,22976.2,22982.6,41825,75,75
2025-01-29 12:03:49.576641,FINNIFTY30JAN25F,FINNIFTY,22985.95,28925,22975.05,22981.65,41825,125,75
2025-01-29 12:03:51.263662,FINNIFTY30JAN25F,FINNIFTY,22985.95,28925,22974.9,22981.2,41825,125,75
2025-01-29 12:03:53.359479,FINNIFTY30JAN25F,FINNIFTY,22985.95,28925,22972.45,22976.8,41825,250,25
2025-01-29 12:03:54.859802,FINNIFTY30JAN25F,FINNIFTY,22985.95,28925,22971.2,22976.8,41825,250,25
2025-01-29 12:03:56.302918,FINNIFTY30JAN25F,FINNIFTY,22985.95,28925,22971.2,22976.8,41825,250,25
2025-01-29 12:03:57.997805,FINNIFTY30JAN25F,FINNIFTY,22985.95,28925,22971.5,22976.8,41825,250,25
2025-01-29 12:03:59.626713,FINNIFTY30JAN25F,FINNIFTY,22985.95,28925,22973.1,22979.25,41825,125,25
2025-01-29 12:04:01.090620,FINNIFTY30JAN25F,FINNIFTY,22985.95,28925,22973.0,22978.75,41825,125,25
2025-01-29 12:04:02.394311,FINNIFTY30JAN25F,FINNIFTY,22985.95,28925,22973.55,22978.75,41825,125,25
2025-01-29 12:04:03.688840,FINNIFTY30JAN25F,FINNIFTY,22985.95,28925,22973.55,22978.75,41825,125,25
2025-01-29 12:04:05.006314,FINNIFTY30JAN25F,FINNIFTY,22985.95,28925,22971.2,22977.7,41825,25,75
2025-01-29 12:04:06.347728,FINNIFTY30JAN25F,FINNIFTY,22985.95,28925,22971.7,22977.7,41825,125,25
2025-01-29 12:04:07.656661,FINNIFTY30JAN25F,FINNIFTY,22985.95,28925,22970.7,22977.45,41825,250,100
2025-01-29 12:04:09.009359,FINNIFTY30JAN25F,FINNIFTY,22985.95,28925,22971.25,22977.4,41825,125,25
2025-01-29 12:04:10.335772,FINNIFTY30JAN25F,FINNIFTY,22985.95,28925,22971.25,22977.4,41825,125,25
2025-01-29 12:04:11.663585,FINNIFTY30JAN25F,FINNIFTY,22985.95,28925,22972.25,22977.4,41825,200,25
2025-01-29 12:04:12.987690,FINNIFTY30JAN25F,FINNIFTY,22985.95,28925,22971.8,22977.4,41825,75,25
2025-01-29 12:04:14.333777,FINNIFTY30JAN25F,FINNIFTY,22985.95,28925,22972.45,22977.4,41825,125,25
2025-01-29 12:04:15.750548,FINNIFTY30JAN25F,FINNIFTY,22985.95,28925,22972.05,22977.4,41825,125,25
2025-01-29 12:04:17.074926,FINNIFTY30JAN25F,FINNIFTY,22985.95,28925,22970.95,22977.4,41825,125,25
2025-01-29 12:04:18.425854,FINNIFTY30JAN25F,FINNIFTY,22985.95,28925,22970.95,22977.4,41825,125,25
2025-01-29 12:04:19.845804,FINNIFTY30JAN25F,FINNIFTY,22985.95,28925,22970.8,22977.4,41825,125,25
2025-01-29 12:04:21.184823,FINNIFTY30JAN25F,FINNIFTY,22985.95,28925,22971.15,22977.4,41825,125,25
2025-01-29 12:04:22.681645,FINNIFTY30JAN25F,FINNIFTY,22985.95,28925,22970.0,22975.8,41825,175,25
2025-01-29 12:04:24.033254,FINNIFTY30JAN25F,FINNIFTY,22985.95,28925,22970.35,22975.8,41825,125,25
2025-01-29 12:04:25.373616,FINNIFTY30JAN25F,FINNIFTY,22985.95,28925,22970.35,22975.8,41825,125,25
2025-01-29 12:04:26.678754,FINNIFTY30JAN25F,FINNIFTY,22985.95,28925,22971.0,22975.8,41825,125,25
2025-01-29 12:04:27.999853,FINNIFTY30JAN25F,FINNIFTY,22985.95,28925,22970.95,22977.55,41825,25,75
2025-01-29 12:04:29.349726,FINNIFTY30JAN25F,FINNIFTY,22985.95,28925,22971.95,22977.55,41825,75,25
2025-01-29 12:04:30.663890,FINNIFTY30JAN25F,FINNIFTY,22985.95,28925,22970.7,22976.8,41825,125,25
2025-01-29 12:04:31.988499,FINNIFTY30JAN25F,FINNIFTY,22985.95,28925,22970.7,22976.8,41825,125,25
2025-01-29 12:04:57.341813,FINNIFTY30JAN25F,FINNIFTY,22985.95,28925,22971.25,22977.65,41825,125,75
2025-01-29 12:04:58.673719,FINNIFTY30JAN25F,FINNIFTY,22985.95,28925,22971.25,22977.65,41825,125,75
2025-01-29 12:04:59.976915,FINNIFTY30JAN25F,FINNIFTY,22985.95,28925,22971.25,22977.65,41825,125,75
2025-01-29 12:05:01.401797,FINNIFTY30JAN25F,FINNIFTY,22985.95,28925,22972.1,22977.65,41825,25,25
2025-01-29 12:05:02.936080,FINNIFTY30JAN25F,FINNIFTY,22985.95,28925,22970.85,22977.35,41825,125,25
2025-01-29 12:05:04.415600,FINNIFTY30JAN25F,FINNIFTY,22985.95,28925,22970.65,22977.2,41825,125,75
2025-01-29 12:05:05.724870,FINNIFTY30JAN25F,FINNIFTY,22985.95,28925,22970.1,22976.55,41825,25,25
2025-01-29 12:05:07.172259,FINNIFTY30JAN25F,FINNIFTY,22985.95,28925,22970.75,22976.55,41825,200,25
2025-01-29 12:05:08.580890,FINNIFTY30JAN25F,FINNIFTY,22985.95,28925,22970.75,22976.55,41825,200,25
2025-01-29 12:05:09.870313,FINNIFTY30JAN25F,FINNIFTY,22985.95,28925,22970.2,22976.55,41825,75,25
2025-01-29 12:05:11.189141,FINNIFTY30JAN25F,FINNIFTY,22985.95,28925,22971.1,22976.55,41825,75,25
2025-01-29 12:05:12.504197,FINNIFTY30JAN25F,FINNIFTY,22985.95,28925,22972.2,22976.55,41825,125,25
2025-01-29 12:05:13.845929,FINNIFTY30JAN25F,FINNIFTY,22985.95,28925,22972.1,22979.15,41825,25,75
2025-01-29 12:05:15.194327,FINNIFTY30JAN25F,FINNIFTY,22985.95,28925,22972.1,22979.15,41825,25,75
2025-01-29 12:05:16.499531,FINNIFTY30JAN25F,FINNIFTY,22985.95,28925,22972.35,22977.7,41825,125,25
2025-01-29 12:05:17.840923,FINNIFTY30JAN25F,FINNIFTY,22985.95,28925,22972.45,22977.7,41825,250,25
2025-01-29 12:05:19.188109,FINNIFTY30JAN25F,FINNIFTY,22985.95,28925,22972.45,22977.7,41825,250,25
2025-01-29 12:05:20.478101,FINNIFTY30JAN25F,FINNIFTY,22985.95,28925,22972.45,22977.7,41825,250,25
2025-01-29 12:05:21.795371,FINNIFTY30JAN25F,FINNIFTY,22977.05,28925,22971.1,22977.65,41825,200,75
2025-01-29 12:05:23.104106,FINNIFTY30JAN25F,FINNIFTY,22977.05,28950,22970.65,22977.05,41825,125,25
2025-01-29 12:05:24.428701,FINNIFTY30JAN25F,FINNIFTY,22977.05,28950,22971.55,22977.0,41825,325,25
2025-01-29 12:05:25.743920,FINNIFTY30JAN25F,FINNIFTY,22977.05,28950,22974.75,22979.8,41825,125,25
2025-01-29 12:05:27.083209,FINNIFTY30JAN25F,FINNIFTY,22977.05,28950,22973.85,22979.8,41825,25,25
2025-01-29 12:05:28.438178,FINNIFTY30JAN25F,FINNIFTY,22977.05,28950,22973.85,22979.8,41825,25,25
2025-01-29 12:05:29.741500,FINNIFTY30JAN25F,FINNIFTY,22977.05,28950,22974.4,22979.8,41825,25,25
2025-01-29 12:05:31.050592,FINNIFTY30JAN25F,FINNIFTY,22977.05,28950,22974.45,22979.8,41825,25,25
2025-01-29 12:05:32.392511,FINNIFTY30JAN25F,FINNIFTY,22977.05,28950,22974.7,22979.8,41825,125,25
2025-01-29 12:05:33.716997,FINNIFTY30JAN25F,FINNIFTY,22977.05,28950,22974.7,22979.8,41825,125,25
2025-01-29 12:05:35.031515,FINNIFTY30JAN25F,FINNIFTY,22977.05,28950,22974.25,22979.8,41825,75,25
2025-01-29 12:05:36.360399,FINNIFTY30JAN25F,FINNIFTY,22975.8,28975,22975.25,22981.8,41825,125,50
2025-01-29 12:05:37.702159,FINNIFTY30JAN25F,FINNIFTY,22975.8,28975,22973.8,22980.5,41825,125,50
2025-01-29 12:05:39.039004,FINNIFTY30JAN25F,FINNIFTY,22975.8,28975,22974.7,22980.45,41825,125,25
2025-01-29 12:05:40.355964,FINNIFTY30JAN25F,FINNIFTY,22975.8,28975,22974.7,22980.45,41825,125,25
2025-01-29 12:05:41.694401,FINNIFTY30JAN25F,FINNIFTY,22975.8,28975,22972.45,22979.05,41825,125,75
2025-01-29 12:05:43.021790,FINNIFTY30JAN25F,FINNIFTY,22975.8,28975,22973.4,22979.05,41825,125,25
2025-01-29 12:05:44.376694,FINNIFTY30JAN25F,FINNIFTY,22975.8,28975,22970.0,22975.6,41825,50,75
2025-01-29 12:05:45.692893,FINNIFTY30JAN25F,FINNIFTY,22963.25,29075,22962.2,22965.2,41825,125,25
2025-01-29 12:05:46.984202,FINNIFTY30JAN25F,FINNIFTY,22963.25,29075,22962.2,22965.2,41825,125,25
2025-01-29 12:05:48.312696,FINNIFTY30JAN25F,FINNIFTY,22963.25,29075,22962.95,22968.45,41825,25,75
2025-01-29 12:05:49.628245,FINNIFTY30JAN25F,FINNIFTY,22963.25,29075,22959.4,22965.8,41825,50,75
2025-01-29 12:05:51.140722,FINNIFTY30JAN25F,FINNIFTY,22963.25,29075,22953.9,22959.9,41825,25,25
2025-01-29 12:05:52.617605,FINNIFTY30JAN25F,FINNIFTY,22963.25,29075,22956.35,22962.5,41825,125,25
2025-01-29 12:05:53.992949,FINNIFTY30JAN25F,FINNIFTY,22963.25,29075,22955.25,22961.25,41825,25,25
2025-01-29 12:05:55.811011,FINNIFTY30JAN25F,FINNIFTY,22963.65,29075,22960.55,22963.65,41825,125,125
2025-01-29 12:05:57.188616,FINNIFTY30JAN25F,FINNIFTY,22963.65,29200,22964.45,22970.95,41825,125,25
2025-01-29 12:05:59.038583,FINNIFTY30JAN25F,FINNIFTY,22963.65,29200,22967.7,22974.4,41825,25,25
2025-01-29 12:06:00.644067,FINNIFTY30JAN25F,FINNIFTY,22963.65,29200,22972.95,22979.9,41825,75,50
2025-01-29 12:06:02.054600,FINNIFTY30JAN25F,FINNIFTY,22963.65,29200,22972.95,22979.9,41825,75,50
2025-01-29 12:06:03.371893,FINNIFTY30JAN25F,FINNIFTY,22963.65,29200,22976.65,22981.8,41825,25,125
2025-01-29 12:06:04.896366,FINNIFTY30JAN25F,FINNIFTY,22963.65,29200,22975.25,22981.4,41825,125,25
2025-01-29 12:06:06.295929,FINNIFTY30JAN25F,FINNIFTY,22963.65,29200,22977.8,22983.95,41825,50,25
2025-01-29 12:06:07.655171,FINNIFTY30JAN25F,FINNIFTY,22963.65,29200,22979.35,22985.8,41825,125,50
2025-01-29 12:06:09.055117,FINNIFTY30JAN25F,FINNIFTY,22963.65,29200,22977.85,22983.1,41825,275,25
2025-01-29 12:06:10.420765,FINNIFTY30JAN25F,FINNIFTY,22963.65,29200,22977.85,22983.1,41825,275,25
2025-01-29 12:06:11.799122,FINNIFTY30JAN25F,FINNIFTY,22963.65,29200,22980.7,22985.95,41825,125,50
2025-01-29 12:06:13.127142,FINNIFTY30JAN25F,FINNIFTY,22963.65,29200,22979.6,22985.85,41825,250,75
2025-01-29 12:06:14.487575,FINNIFTY30JAN25F,FINNIFTY,22963.65,29200,22976.15,22983.45,41825,50,75
2025-01-29 12:06:15.832778,FINNIFTY30JAN25F,FINNIFTY,22963.65,29200,22977.15,22983.1,41825,125,25
2025-01-29 12:06:17.154246,FINNIFTY30JAN25F,FINNIFTY,22963.65,29200,22977.15,22983.1,41825,125,25
2025-01-29 12:06:18.497166,FINNIFTY30JAN25F,FINNIFTY,22963.65,29200,22974.9,22980.95,41825,125,75
2025-01-29 12:06:19.924530,FINNIFTY30JAN25F,FINNIFTY,22963.65,29200,22974.95,22980.95,41825,75,25
2025-01-29 12:06:21.224981,FINNIFTY30JAN25F,FINNIFTY,22963.65,29200,22973.45,22979.8,41825,125,75
2025-01-29 12:06:22.536784,FINNIFTY30JAN25F,FINNIFTY,22963.65,29200,22972.05,22978.4,41825,125,75
2025-01-29 12:06:23.872345,FINNIFTY30JAN25F,FINNIFTY,22963.65,29200,22972.05,22978.4,41825,125,75
2025-01-29 12:06:25.178433,FINNIFTY30JAN25F,FINNIFTY,22963.65,29200,22972.55,22978.4,41825,125,25
2025-01-29 12:06:26.493496,FINNIFTY30JAN25F,FINNIFTY,22963.65,29200,22971.95,22976.75,41825,125,25
2025-01-29 12:06:27.807134,FINNIFTY30JAN25F,FINNIFTY,22972.65,29275,22969.7,22977.15,41825,50,75
2025-01-29 12:06:29.243532,FINNIFTY30JAN25F,FINNIFTY,22972.65,29275,22969.8,22975.55,41825,125,25
2025-01-29 12:06:30.560456,FINNIFTY30JAN25F,FINNIFTY,22972.65,29275,22969.8,22975.55,41825,125,25
2025-01-29 12:06:31.872545,FINNIFTY30JAN25F,FINNIFTY,22972.65,29275,22971.45,22977.1,41825,125,25
2025-01-29 12:06:33.237449,FINNIFTY30JAN25F,FINNIFTY,22972.65,29275,22967.55,22974.4,41825,25,75
2025-01-29 12:06:34.548308,FINNIFTY30JAN25F,FINNIFTY,22972.65,29275,22968.45,22974.4,41825,75,25
2025-01-29 12:06:35.866470,FINNIFTY30JAN25F,FINNIFTY,22972.65,29275,22967.4,22973.95,41825,250,75
2025-01-29 12:06:37.182685,FINNIFTY30JAN25F,FINNIFTY,22972.65,29275,22967.4,22973.95,41825,250,75
2025-01-29 12:06:38.509158,FINNIFTY30JAN25F,FINNIFTY,22972.65,29275,22967.05,22973.2,41825,125,25
2025-01-29 12:06:39.844059,FINNIFTY30JAN25F,FINNIFTY,22972.65,29275,22965.8,22972.65,41825,25,75
2025-01-29 12:06:41.152328,FINNIFTY30JAN25F,FINNIFTY,22972.65,29275,22968.55,22973.8,41825,75,25
2025-01-29 12:06:42.453554,FINNIFTY30JAN25F,FINNIFTY,22972.65,29275,22965.45,22972.65,41825,25,75
2025-01-29 12:06:43.766088,FINNIFTY30JAN25F,FINNIFTY,22972.65,29275,22965.45,22972.65,41825,25,75
2025-01-29 12:06:45.102794,FINNIFTY30JAN25F,FINNIFTY,22972.65,29275,22963.25,22970.3,41825,75,75
2025-01-29 12:06:46.391331,FINNIFTY30JAN25F,FINNIFTY,22972.65,29275,22963.25,22966.95,41825,25,75
2025-01-29 12:07:34.797146,FINNIFTY30JAN25F,FINNIFTY,22963.25,29350,22952.8,22958.25,41825,25,100
2025-01-29 12:07:36.091004,FINNIFTY30JAN25F,FINNIFTY,22963.25,29350,22954.5,22960.3,41825,25,25
2025-01-29 12:07:37.399711,FINNIFTY30JAN25F,FINNIFTY,22963.25,29350,22953.0,22958.35,41825,25,50
2025-01-29 12:07:38.711167,FINNIFTY30JAN25F,FINNIFTY,22963.25,29350,22953.0,22958.35,41825,25,50
2025-01-29 12:07:40.012503,FINNIFTY30JAN25F,FINNIFTY,22963.25,29350,22950.9,22956.25,41825,25,25
2025-01-29 12:07:41.318183,FINNIFTY30JAN25F,FINNIFTY,22963.25,29350,22952.35,22956.25,41825,25,25
2025-01-29 12:07:42.646187,FINNIFTY30JAN25F,FINNIFTY,22963.25,29350,22953.1,22958.8,41825,25,25
2025-01-29 12:07:43.949283,FINNIFTY30JAN25F,FINNIFTY,22963.25,29350,22951.65,22958.8,41825,25,50
2025-01-29 12:07:45.248192,FINNIFTY30JAN25F,FINNIFTY,22963.25,29350,22951.65,22958.8,41825,25,50
2025-01-29 12:07:46.630863,FINNIFTY30JAN25F,FINNIFTY,22963.25,29350,22953.05,22959.45,41825,25,25
2025-01-29 12:07:47.925048,FINNIFTY30JAN25F,FINNIFTY,22963.25,29350,22951.65,22958.3,41825,25,25
2025-01-29 12:07:49.323451,FINNIFTY30JAN25F,FINNIFTY,22963.25,29350,22950.75,22957.5,41825,25,50
2025-01-29 12:07:50.680928,FINNIFTY30JAN25F,FINNIFTY,22963.25,29350,22956.5,22962.9,41825,25,25
