timestamp,symbol,index_name,ltp,volume,bid,ask,oi,bid_qty,ask_qty
2025-01-29 10:03:19.487388,NIFTY30JAN25F,NIFTY,23062.75,1046050,23060.4,23060.7,8998625,25,225
2025-01-29 10:03:20.865138,NIFTY30JAN25F,NIFTY,23060.4,1047550,23060.4,23062.7,8998625,25,25
2025-01-29 10:03:22.210297,NIFTY30JAN25F,NIFTY,23062.85,1048350,23059.45,23062.85,8998625,125,350
2025-01-29 10:03:23.588858,NIFTY30JAN25F,NIFTY,23062.6,1048950,23061.75,23062.7,8998625,125,125
2025-01-29 10:03:24.916374,NIFTY30JAN25F,NIFTY,23062.7,1048950,23061.75,23062.7,8998625,125,125
2025-01-29 10:03:26.316372,NIFTY30JAN25F,NIFTY,23063.85,1050050,23062.7,23063.7,8998625,50,25
2025-01-29 10:03:27.732064,NIFTY30JAN25F,NIFTY,23059.05,1050900,23060.2,23064.1,8998625,100,50
2025-01-29 10:03:29.123080,NIFTY30JAN25F,NIFTY,23059.05,1050900,23059.9,23064.35,8998625,50,50
2025-01-29 10:03:30.429761,NIFTY30JAN25F,NIFTY,23059.95,1050925,23060.05,23064.35,8998625,100,50
2025-01-29 10:03:31.770454,NIFTY30JAN25F,NIFTY,23059.95,1050925,23060.05,23064.35,8998625,100,50
2025-01-29 10:03:33.235125,NIFTY30JAN25F,NIFTY,23064.35,1050925,23060.15,23064.0,8998625,25,100
2025-01-29 10:03:34.590000,NIFTY30JAN25F,NIFTY,23064.0,1051625,23060.3,23064.45,8998625,150,50
2025-01-29 10:03:35.935094,NIFTY30JAN25F,NIFTY,23064.3,1051625,23060.15,23064.3,8998625,100,75
2025-01-29 10:03:37.385239,NIFTY30JAN25F,NIFTY,23064.3,1052975,23064.0,23064.4,8998625,25,75
2025-01-29 10:03:38.757382,NIFTY30JAN25F,NIFTY,23067.4,1054600,23066.0,23067.65,8998625,25,25
2025-01-29 10:03:40.095158,NIFTY30JAN25F,NIFTY,23067.7,1054600,23066.0,23067.65,8998625,25,25
2025-01-29 10:03:41.423910,NIFTY30JAN25F,NIFTY,23067.8,1056525,23063.2,23068.2,8998625,75,75
2025-01-29 10:03:42.889981,NIFTY30JAN25F,NIFTY,23068.45,1057725,23066.25,23067.8,8998625,50,50
2025-01-29 10:03:44.367078,NIFTY30JAN25F,NIFTY,23067.8,1058300,23062.45,23067.15,8998625,325,50
2025-01-29 10:03:45.695693,NIFTY30JAN25F,NIFTY,23067.8,1058300,23066.3,23067.3,8998625,325,50
2025-01-29 10:03:47.006849,NIFTY30JAN25F,NIFTY,23067.7,1059350,23066.35,23067.7,8998625,25,50
2025-01-29 10:03:48.338494,NIFTY30JAN25F,NIFTY,23066.45,1059350,23066.35,23067.7,8998625,25,50
2025-01-29 10:03:49.666497,NIFTY30JAN25F,NIFTY,23068.2,1059500,23066.45,23068.6,8998625,250,50
2025-01-29 10:03:51.012757,NIFTY30JAN25F,NIFTY,23067.55,1059725,23066.45,23067.3,8998625,250,25
2025-01-29 10:03:52.312799,NIFTY30JAN25F,NIFTY,23067.55,1059800,23066.5,23067.1,8998625,75,25
2025-01-29 10:03:53.641776,NIFTY30JAN25F,NIFTY,23068.25,1060275,23068.2,23068.3,8998625,25,75
2025-01-29 10:03:54.933519,NIFTY30JAN25F,NIFTY,23068.2,1060275,23068.2,23068.3,8998625,25,75
2025-01-29 10:03:56.287400,NIFTY30JAN25F,NIFTY,23066.3,1060875,23066.25,23067.05,8998625,25,50
2025-01-29 10:03:57.607200,NIFTY30JAN25F,NIFTY,23068.15,1061075,23066.3,23066.45,8998625,50,100
2025-01-29 10:03:58.958612,NIFTY30JAN25F,NIFTY,23069.0,1061725,23066.45,23068.5,8998625,25,50
2025-01-29 10:04:00.302356,NIFTY30JAN25F,NIFTY,23067.85,1061900,23062.45,23067.55,8998625,100,125
2025-01-29 10:04:02.305997,NIFTY30JAN25F,NIFTY,23069.65,1062300,23067.1,23069.6,8998625,25,50
2025-01-29 10:04:03.706148,NIFTY30JAN25F,NIFTY,23067.05,1062400,23067.05,23067.75,8998625,50,25
2025-01-29 10:04:05.035958,NIFTY30JAN25F,NIFTY,23068.2,1062400,23067.05,23067.75,8998625,50,25
2025-01-29 10:04:06.384056,NIFTY30JAN25F,NIFTY,23068.2,1062650,23067.05,23067.8,8998625,25,25
2025-01-29 10:04:07.737275,NIFTY30JAN25F,NIFTY,23067.15,1062750,23067.15,23067.65,9008625,25,50
2025-01-29 10:04:09.061516,NIFTY30JAN25F,NIFTY,23067.0,1062950,23067.05,23067.8,9008625,25,25
2025-01-29 10:04:10.394032,NIFTY30JAN25F,NIFTY,23068.4,1062975,23068.35,23069.0,9008625,25,100
2025-01-29 10:04:11.759462,NIFTY30JAN25F,NIFTY,23067.0,1062975,23068.35,23069.0,9008625,25,100
2025-01-29 10:04:13.087273,NIFTY30JAN25F,NIFTY,23067.0,1063600,23067.0,23068.4,9008625,1450,25
2025-01-29 10:04:14.408381,NIFTY30JAN25F,NIFTY,23067.0,1063700,23067.0,23067.75,9008625,1375,25
2025-01-29 10:04:15.759791,NIFTY30JAN25F,NIFTY,23067.9,1064450,23067.05,23068.0,9008625,50,25
2025-01-29 10:04:17.066590,NIFTY30JAN25F,NIFTY,23067.0,1064750,23067.05,23067.9,9008625,25,50
2025-01-29 10:04:18.449473,NIFTY30JAN25F,NIFTY,23068.35,1065500,23067.05,23068.5,9008625,50,50
2025-01-29 10:04:19.773923,NIFTY30JAN25F,NIFTY,23068.65,1065500,23067.05,23068.5,9008625,50,50
2025-01-29 10:04:21.085929,NIFTY30JAN25F,NIFTY,23067.0,1066075,23067.0,23067.3,9008625,1175,50
2025-01-29 10:04:22.414871,NIFTY30JAN25F,NIFTY,23067.0,1066975,23067.05,23069.0,9008625,25,25
2025-01-29 10:04:23.902524,NIFTY30JAN25F,NIFTY,23067.0,1066975,23067.05,23069.0,9008625,50,25
2025-01-29 10:04:25.243910,NIFTY30JAN25F,NIFTY,23067.05,1067650,23067.15,23069.0,9008625,50,125
2025-01-29 10:04:26.570259,NIFTY30JAN25F,NIFTY,23069.55,1067650,23067.15,23069.0,9008625,50,125
2025-01-29 10:04:27.899681,NIFTY30JAN25F,NIFTY,23069.05,1068550,23069.0,23070.0,9008625,75,300
2025-01-29 10:04:29.249765,NIFTY30JAN25F,NIFTY,23070.5,1069150,23067.3,23069.55,9008625,100,50
2025-01-29 10:04:30.566718,NIFTY30JAN25F,NIFTY,23069.65,1069800,23068.85,23069.7,9008625,25,25
2025-01-29 10:04:31.949833,NIFTY30JAN25F,NIFTY,23068.75,1070025,23067.3,23070.4,9008625,100,25
2025-01-29 10:04:33.289431,NIFTY30JAN25F,NIFTY,23068.75,1070025,23067.3,23070.4,9008625,100,25
2025-01-29 10:04:34.616928,NIFTY30JAN25F,NIFTY,23069.3,1070250,23067.3,23068.85,9008625,100,75
2025-01-29 10:04:35.924796,NIFTY30JAN25F,NIFTY,23070.15,1071100,23070.05,23070.4,9008625,150,75
2025-01-29 10:04:37.234986,NIFTY30JAN25F,NIFTY,23070.05,1072775,23067.05,23069.85,9008625,125,75
2025-01-29 10:04:38.557444,NIFTY30JAN25F,NIFTY,23069.65,1073475,23067.8,23069.65,9008625,25,400
2025-01-29 10:04:39.973046,NIFTY30JAN25F,NIFTY,23069.25,1073475,23067.8,23069.65,9008625,25,400
2025-01-29 10:04:41.280506,NIFTY30JAN25F,NIFTY,23068.05,1073600,23067.1,23067.65,9008625,50,150
2025-01-29 10:04:42.583386,NIFTY30JAN25F,NIFTY,23067.65,1074400,23067.65,23069.0,9008625,50,25
2025-01-29 10:04:43.882397,NIFTY30JAN25F,NIFTY,23069.25,1074475,23064.25,23069.25,9008625,75,25
2025-01-29 10:04:45.211599,NIFTY30JAN25F,NIFTY,23069.25,1074475,23064.35,23069.2,9008625,25,25
2025-01-29 10:04:46.546583,NIFTY30JAN25F,NIFTY,23064.25,1074475,23064.35,23069.2,9008625,25,25
2025-01-29 10:04:47.917468,NIFTY30JAN25F,NIFTY,23063.7,1074600,23063.1,23067.7,9008625,25,25
2025-01-29 10:04:49.231997,NIFTY30JAN25F,NIFTY,23067.35,1074725,23063.25,23064.25,9008625,150,25
2025-01-29 10:04:50.620041,NIFTY30JAN25F,NIFTY,23063.25,1074875,23063.35,23064.3,9008625,250,25
2025-01-29 10:04:51.969552,NIFTY30JAN25F,NIFTY,23063.55,1075425,23063.2,23064.95,9008625,100,300
2025-01-29 10:04:53.329722,NIFTY30JAN25F,NIFTY,23064.95,1075425,23063.2,23064.95,9008625,100,300
2025-01-29 10:04:54.665490,NIFTY30JAN25F,NIFTY,23066.1,1075800,23063.25,23066.15,9008625,125,50
2025-01-29 10:04:56.002152,NIFTY30JAN25F,NIFTY,23066.1,1075800,23063.35,23065.1,9008625,125,25
2025-01-29 10:04:57.312501,NIFTY30JAN25F,NIFTY,23066.15,1075875,23063.35,23065.55,9008625,200,75
2025-01-29 10:04:58.647041,NIFTY30JAN25F,NIFTY,23065.5,1076175,23063.35,23065.55,9008625,150,50
2025-01-29 10:04:59.989053,NIFTY30JAN25F,NIFTY,23063.4,1076175,23063.35,23065.55,9008625,150,50
2025-01-29 10:05:01.316961,NIFTY30JAN25F,NIFTY,23065.0,1076575,23063.3,23065.0,9008625,50,150
2025-01-29 10:05:02.675396,NIFTY30JAN25F,NIFTY,23064.65,1078250,23062.2,23064.75,9008625,50,75
2025-01-29 10:05:04.021796,NIFTY30JAN25F,NIFTY,23064.75,1078775,23061.05,23064.85,9008625,50,50
2025-01-29 10:05:05.349469,NIFTY30JAN25F,NIFTY,23064.75,1078775,23061.9,23064.1,9008625,75,50
2025-01-29 10:05:06.675375,NIFTY30JAN25F,NIFTY,23065.0,1078775,23061.9,23064.1,9008625,75,50
2025-01-29 10:05:08.083569,NIFTY30JAN25F,NIFTY,23067.75,1081350,23062.25,23066.95,9008625,200,50
2025-01-29 10:05:09.415435,NIFTY30JAN25F,NIFTY,23067.15,1081700,23064.0,23066.5,9008625,225,75
2025-01-29 10:05:10.742601,NIFTY30JAN25F,NIFTY,23067.0,1082275,23062.9,23067.0,9008625,150,150
2025-01-29 10:05:12.143512,NIFTY30JAN25F,NIFTY,23067.5,1082600,23065.3,23067.75,9008625,25,25
2025-01-29 10:05:13.490607,NIFTY30JAN25F,NIFTY,23067.75,1082600,23065.3,23067.75,9008625,25,25
2025-01-29 10:05:14.823471,NIFTY30JAN25F,NIFTY,23069.55,1082800,23067.75,23069.55,9008625,25,100
2025-01-29 10:05:16.196507,NIFTY30JAN25F,NIFTY,23068.85,1083475,23068.8,23069.65,9008625,25,50
2025-01-29 10:05:17.531155,NIFTY30JAN25F,NIFTY,23069.15,1083575,23068.85,23069.65,9008625,25,25
2025-01-29 10:05:18.855260,NIFTY30JAN25F,NIFTY,23068.45,1083775,23067.05,23068.65,9008625,50,75
2025-01-29 10:05:20.203013,NIFTY30JAN25F,NIFTY,23068.8,1084400,23065.0,23068.9,9008625,150,25
2025-01-29 10:05:21.550818,NIFTY30JAN25F,NIFTY,23065.0,1084400,23065.0,23068.9,9008625,150,25
2025-01-29 10:05:22.930782,NIFTY30JAN25F,NIFTY,23065.0,1084425,23065.0,23068.85,9008625,125,25
2025-01-29 10:05:24.295472,NIFTY30JAN25F,NIFTY,23069.55,1084425,23067.2,23069.55,9008625,100,250
2025-01-29 10:05:25.658543,NIFTY30JAN25F,NIFTY,23070.1,1085350,23069.95,23071.1,9008625,50,50
2025-01-29 10:05:26.993087,NIFTY30JAN25F,NIFTY,23071.55,1085925,23070.1,23071.65,9008625,25,25
2025-01-29 10:05:28.368416,NIFTY30JAN25F,NIFTY,23072.0,1086150,23072.0,23073.75,9008625,50,25
2025-01-29 10:05:29.719338,NIFTY30JAN25F,NIFTY,23072.15,1086150,23072.0,23073.75,9008625,50,25
2025-01-29 10:05:31.071077,NIFTY30JAN25F,NIFTY,23070.0,1086300,23072.3,23073.7,9008625,50,25
2025-01-29 10:05:32.390332,NIFTY30JAN25F,NIFTY,23074.35,1086700,23074.35,23075.0,9008625,25,100
2025-01-29 10:05:34.056460,NIFTY30JAN25F,NIFTY,23074.55,1087375,23071.3,23076.55,9008625,50,100
2025-01-29 10:05:35.390294,NIFTY30JAN25F,NIFTY,23076.55,1087850,23073.8,23077.0,9008625,200,250
2025-01-29 10:05:36.762144,NIFTY30JAN25F,NIFTY,23077.0,1088150,23073.8,23077.0,9008625,25,50
2025-01-29 10:05:38.127158,NIFTY30JAN25F,NIFTY,23073.85,1088150,23073.8,23077.0,9008625,25,50
2025-01-29 10:05:39.458527,NIFTY30JAN25F,NIFTY,23074.85,1088325,23072.15,23074.85,9008625,25,25
2025-01-29 10:05:40.783897,NIFTY30JAN25F,NIFTY,23073.75,1090350,23068.75,23073.75,9008625,25,100
2025-01-29 10:05:42.113481,NIFTY30JAN25F,NIFTY,23073.75,1090750,23068.7,23074.55,9008625,75,50
2025-01-29 10:05:43.431342,NIFTY30JAN25F,NIFTY,23075.0,1091350,23070.75,23075.0,9008625,25,50
2025-01-29 10:05:44.787701,NIFTY30JAN25F,NIFTY,23070.6,1091350,23070.75,23075.0,9008625,25,50
2025-01-29 10:05:46.107601,NIFTY30JAN25F,NIFTY,23073.75,1091425,23073.8,23074.0,9008625,50,25
2025-01-29 10:05:47.442219,NIFTY30JAN25F,NIFTY,23070.3,1091800,23071.9,23073.0,9008625,25,75
2025-01-29 10:05:48.780643,NIFTY30JAN25F,NIFTY,23074.2,1092175,23074.0,23076.45,9008625,25,50
2025-01-29 10:05:50.136737,NIFTY30JAN25F,NIFTY,23074.0,1092175,23074.0,23076.45,9008625,25,50
2025-01-29 10:05:51.477417,NIFTY30JAN25F,NIFTY,23073.0,1092200,23071.1,23074.0,9008625,75,475
2025-01-29 10:05:52.847667,NIFTY30JAN25F,NIFTY,23074.0,1092450,23071.05,23074.0,9008625,25,425
2025-01-29 10:05:54.170875,NIFTY30JAN25F,NIFTY,23067.85,1093150,23068.4,23074.0,9008625,100,400
2025-01-29 10:05:55.494371,NIFTY30JAN25F,NIFTY,23074.0,1093225,23068.8,23074.0,9008625,125,325
2025-01-29 10:05:56.816007,NIFTY30JAN25F,NIFTY,23074.85,1093300,23069.4,23074.85,9008625,100,25
2025-01-29 10:05:58.162798,NIFTY30JAN25F,NIFTY,23068.15,1093300,23069.4,23074.85,9008625,100,25
2025-01-29 10:05:59.489586,NIFTY30JAN25F,NIFTY,23074.0,1093475,23068.1,23074.05,9008625,75,100
2025-01-29 10:06:00.840949,NIFTY30JAN25F,NIFTY,23074.9,1093525,23069.55,23074.9,9008625,125,125
2025-01-29 10:06:02.563316,NIFTY30JAN25F,NIFTY,23074.9,1093575,23069.95,23074.9,9008625,75,75
2025-01-29 10:06:03.900365,NIFTY30JAN25F,NIFTY,23074.15,1093750,23070.0,23074.5,9008625,25,300
2025-01-29 10:06:05.249368,NIFTY30JAN25F,NIFTY,23074.0,1093775,23070.0,23073.0,9008625,50,150
2025-01-29 10:06:06.575980,NIFTY30JAN25F,NIFTY,23073.0,1093775,23070.0,23073.0,9008625,50,150
2025-01-29 10:06:07.917067,NIFTY30JAN25F,NIFTY,23072.1,1093875,23072.1,23073.0,9008625,25,50
2025-01-29 10:06:09.268224,NIFTY30JAN25F,NIFTY,23072.0,1093900,23072.1,23072.9,9008625,50,75
2025-01-29 10:06:10.640127,NIFTY30JAN25F,NIFTY,23073.0,1095300,23072.05,23072.75,9008625,25,25
2025-01-29 10:06:11.972788,NIFTY30JAN25F,NIFTY,23072.0,1097625,23072.0,23072.95,9008625,21675,50
2025-01-29 10:06:13.321321,NIFTY30JAN25F,NIFTY,23072.0,1097625,23072.0,23072.95,9008625,21675,50
2025-01-29 10:06:14.629148,NIFTY30JAN25F,NIFTY,23073.45,1097750,23072.0,23072.4,9008625,21600,25
2025-01-29 10:06:15.954399,NIFTY30JAN25F,NIFTY,23073.0,1098050,23073.0,23073.45,9008625,25,50
2025-01-29 10:06:17.272345,NIFTY30JAN25F,NIFTY,23073.45,1098050,23073.15,23073.45,9008625,75,50
2025-01-29 10:06:18.603028,NIFTY30JAN25F,NIFTY,23074.3,1098900,23073.2,23074.5,9008625,25,100
2025-01-29 10:06:19.937230,NIFTY30JAN25F,NIFTY,23074.05,1098900,23073.2,23074.5,9008625,25,100
2025-01-29 10:06:21.279145,NIFTY30JAN25F,NIFTY,23074.3,1099050,23073.2,23073.95,9008625,50,125
2025-01-29 10:06:22.632638,NIFTY30JAN25F,NIFTY,23072.3,1099425,23072.3,23073.1,9008625,525,200
2025-01-29 10:06:23.993489,NIFTY30JAN25F,NIFTY,23072.65,1099950,23072.0,23072.9,9008625,21550,25
2025-01-29 10:06:25.331687,NIFTY30JAN25F,NIFTY,23072.0,1100625,23072.0,23073.9,9008625,20875,100
2025-01-29 10:06:26.695890,NIFTY30JAN25F,NIFTY,23075.0,1100625,23072.0,23073.9,9008625,20875,100
2025-01-29 10:06:28.057060,NIFTY30JAN25F,NIFTY,23072.1,1101200,23072.1,23074.0,9008625,75,25
2025-01-29 10:06:29.423665,NIFTY30JAN25F,NIFTY,23074.9,1101625,23072.05,23074.5,9008625,50,25
2025-01-29 10:06:30.809563,NIFTY30JAN25F,NIFTY,23073.0,1101650,23072.1,23073.0,9008625,50,125
2025-01-29 10:06:32.187524,NIFTY30JAN25F,NIFTY,23073.0,1101775,23073.1,23075.0,9008625,100,100
2025-01-29 10:06:33.560085,NIFTY30JAN25F,NIFTY,23077.75,1102200,23073.4,23075.05,9008625,525,150
2025-01-29 10:06:34.896691,NIFTY30JAN25F,NIFTY,23076.1,1102200,23073.4,23075.05,9008625,525,150
2025-01-29 10:06:36.246229,NIFTY30JAN25F,NIFTY,23078.0,1102475,23076.9,23078.0,9008625,75,525
2025-01-29 10:06:37.581012,NIFTY30JAN25F,NIFTY,23078.0,1102600,23076.95,23078.0,9008625,25,650
2025-01-29 10:06:38.918867,NIFTY30JAN25F,NIFTY,23078.0,1102750,23076.95,23078.0,9008625,25,575
2025-01-29 10:06:40.239349,NIFTY30JAN25F,NIFTY,23076.9,1103225,23076.9,23077.5,9008625,300,50
2025-01-29 10:06:41.558819,NIFTY30JAN25F,NIFTY,23076.9,1103225,23076.9,23077.5,9008625,300,50
2025-01-29 10:06:42.914446,NIFTY30JAN25F,NIFTY,23077.6,1103625,23074.0,23077.1,9008625,25,100
2025-01-29 10:06:44.285022,NIFTY30JAN25F,NIFTY,23076.65,1103675,23074.0,23076.5,9008625,50,50
2025-01-29 10:06:45.597141,NIFTY30JAN25F,NIFTY,23072.0,1104525,23071.05,23072.0,9008625,75,20125
2025-01-29 10:06:46.921658,NIFTY30JAN25F,NIFTY,23070.4,1105075,23066.3,23070.7,9008625,25,75
2025-01-29 10:06:48.564888,NIFTY30JAN25F,NIFTY,23070.4,1105075,23070.0,23072.0,9008625,25,19850
2025-01-29 10:06:49.902271,NIFTY30JAN25F,NIFTY,23070.05,1105075,23070.0,23072.0,9008625,25,19850
2025-01-29 10:06:51.227343,NIFTY30JAN25F,NIFTY,23072.0,1105200,23070.0,23072.0,9008625,50,19775
2025-01-29 10:06:52.534365,NIFTY30JAN25F,NIFTY,23072.0,1105750,23067.75,23070.0,9008625,1025,125
2025-01-29 10:06:53.901798,NIFTY30JAN25F,NIFTY,23070.0,1106275,23066.8,23072.0,9008625,75,19350
2025-01-29 10:06:55.219132,NIFTY30JAN25F,NIFTY,23071.0,1106500,23068.1,23070.0,9008625,25,125
2025-01-29 10:06:56.538210,NIFTY30JAN25F,NIFTY,23068.1,1106500,23068.1,23070.0,9008625,25,125
2025-01-29 10:06:57.851445,NIFTY30JAN25F,NIFTY,23068.0,1107350,23066.7,23071.6,9008625,25,50
2025-01-29 10:06:59.211656,NIFTY30JAN25F,NIFTY,23068.0,1107350,23067.1,23071.45,9008625,25,50
2025-01-29 10:07:00.515189,NIFTY30JAN25F,NIFTY,23068.0,1107350,23067.1,23071.45,9008625,50,50
2025-01-29 10:07:01.818519,NIFTY30JAN25F,NIFTY,23068.0,1107350,23067.1,23071.45,9008625,50,50
2025-01-29 10:07:03.126818,NIFTY30JAN25F,NIFTY,23067.15,1107350,23067.1,23070.55,9008625,50,200
2025-01-29 10:07:04.774244,NIFTY30JAN25F,NIFTY,23067.0,1107775,23065.05,23066.6,9008625,25,250
2025-01-29 10:07:06.128599,NIFTY30JAN25F,NIFTY,23066.6,1108075,23066.6,23067.05,9008625,75,975
2025-01-29 10:07:07.483813,NIFTY30JAN25F,NIFTY,23067.0,1108400,23065.0,23067.0,9015000,25,925
2025-01-29 10:07:08.830104,NIFTY30JAN25F,NIFTY,23065.0,1108600,23065.0,23066.95,9015000,25,25
2025-01-29 10:07:10.180498,NIFTY30JAN25F,NIFTY,23064.9,1108750,23064.9,23067.0,9015000,25,850
2025-01-29 10:07:11.512731,NIFTY30JAN25F,NIFTY,23065.0,1108750,23064.9,23067.0,9015000,25,850
2025-01-29 10:07:13.042746,NIFTY30JAN25F,NIFTY,23067.0,1109250,23064.95,23065.0,9015000,50,200
2025-01-29 10:07:14.379820,NIFTY30JAN25F,NIFTY,23067.0,1109675,23066.15,23067.0,9015000,75,500
2025-01-29 10:07:15.727408,NIFTY30JAN25F,NIFTY,23067.05,1110325,23066.1,23067.0,9015000,50,125
2025-01-29 10:07:17.060441,NIFTY30JAN25F,NIFTY,23067.05,1110675,23066.2,23067.05,9015000,25,825
2025-01-29 10:07:18.403503,NIFTY30JAN25F,NIFTY,23065.0,1111275,23064.85,23065.0,9015000,75,250
2025-01-29 10:07:19.764223,NIFTY30JAN25F,NIFTY,23065.0,1111275,23064.85,23065.0,9015000,75,250
2025-01-29 10:07:21.105570,NIFTY30JAN25F,NIFTY,23065.75,1111575,23064.95,23066.0,9015000,250,700
2025-01-29 10:07:22.429607,NIFTY30JAN25F,NIFTY,23066.0,1111875,23065.9,23066.0,9015000,25,475
2025-01-29 10:07:23.755011,NIFTY30JAN25F,NIFTY,23066.0,1112200,23065.9,23066.0,9015000,50,150
2025-01-29 10:07:25.137132,NIFTY30JAN25F,NIFTY,23066.95,1112800,23066.9,23066.95,9015000,50,200
2025-01-29 10:07:26.609680,NIFTY30JAN25F,NIFTY,23066.95,1112800,23066.9,23066.95,9015000,50,200
2025-01-29 10:07:27.900064,NIFTY30JAN25F,NIFTY,23067.0,1113300,23065.0,23067.8,9015000,200,50
2025-01-29 10:07:29.212321,NIFTY30JAN25F,NIFTY,23067.0,1113300,23065.0,23068.0,9015000,200,25
2025-01-29 10:07:30.528903,NIFTY30JAN25F,NIFTY,23065.0,1113375,23065.0,23067.75,9015000,125,100
2025-01-29 10:07:31.857895,NIFTY30JAN25F,NIFTY,23065.0,1113475,23065.05,23065.75,9015000,25,150
2025-01-29 10:07:33.605496,NIFTY30JAN25F,NIFTY,23066.95,1113725,23066.75,23068.5,9015000,25,50
2025-01-29 10:07:34.927851,NIFTY30JAN25F,NIFTY,23068.5,1113725,23066.75,23068.5,9015000,25,50
2025-01-29 10:07:36.282709,NIFTY30JAN25F,NIFTY,23067.75,1113850,23067.0,23067.75,9015000,25,125
2025-01-29 10:07:37.643333,NIFTY30JAN25F,NIFTY,23065.9,1114550,23067.75,23068.7,9015000,75,50
2025-01-29 10:07:39.020134,NIFTY30JAN25F,NIFTY,23071.5,1114775,23066.2,23070.0,9015000,50,150
2025-01-29 10:07:40.330197,NIFTY30JAN25F,NIFTY,23070.2,1115450,23066.2,23069.3,9015000,25,100
2025-01-29 10:07:41.682498,NIFTY30JAN25F,NIFTY,23070.15,1115450,23066.2,23069.3,9015000,25,100
2025-01-29 10:07:43.051697,NIFTY30JAN25F,NIFTY,23070.75,1115950,23069.3,23070.25,9015000,25,50
2025-01-29 10:07:44.472637,NIFTY30JAN25F,NIFTY,23069.45,1115950,23069.35,23070.0,9015000,25,25
2025-01-29 10:07:45.813953,NIFTY30JAN25F,NIFTY,23069.65,1116075,23067.1,23069.4,9015000,25,25
2025-01-29 10:07:47.136163,NIFTY30JAN25F,NIFTY,23069.7,1116275,23067.1,23069.7,9015000,25,100
2025-01-29 10:07:48.434395,NIFTY30JAN25F,NIFTY,23067.7,1116750,23066.95,23069.45,9015000,100,25
2025-01-29 10:07:49.749298,NIFTY30JAN25F,NIFTY,23067.7,1116750,23066.95,23069.45,9015000,100,25
2025-01-29 10:07:51.087813,NIFTY30JAN25F,NIFTY,23069.0,1116750,23067.0,23069.0,9015000,25,100
2025-01-29 10:07:52.395522,NIFTY30JAN25F,NIFTY,23069.05,1117425,23064.45,23070.0,9015000,125,325
2025-01-29 10:07:54.027228,NIFTY30JAN25F,NIFTY,23069.4,1117800,23066.95,23069.4,9015000,525,150
2025-01-29 10:07:55.393749,NIFTY30JAN25F,NIFTY,23070.0,1118625,23066.3,23070.0,9015000,75,100
2025-01-29 10:07:56.706958,NIFTY30JAN25F,NIFTY,23068.0,1118625,23066.3,23070.0,9015000,75,100
2025-01-29 10:07:58.081415,NIFTY30JAN25F,NIFTY,23071.0,1119450,23066.5,23071.0,9015000,425,75
2025-01-29 10:07:59.393717,NIFTY30JAN25F,NIFTY,23069.0,1119750,23065.85,23069.0,9015000,400,1000
2025-01-29 10:08:00.728503,NIFTY30JAN25F,NIFTY,23069.0,1120225,23067.05,23069.0,9015000,25,625
2025-01-29 10:08:02.050890,NIFTY30JAN25F,NIFTY,23068.9,1120675,23067.0,23068.7,9015000,900,125
2025-01-29 10:08:03.370133,NIFTY30JAN25F,NIFTY,23064.2,1121825,23064.25,23066.65,9015000,25,25
2025-01-29 10:08:04.774725,NIFTY30JAN25F,NIFTY,23068.0,1121825,23064.25,23066.65,9015000,25,25
2025-01-29 10:08:06.169910,NIFTY30JAN25F,NIFTY,23068.0,1122000,23064.3,23067.85,9015000,150,25
2025-01-29 10:08:07.612487,NIFTY30JAN25F,NIFTY,23064.3,1122025,23064.3,23067.85,9015000,125,25
2025-01-29 10:08:08.962430,NIFTY30JAN25F,NIFTY,23069.0,1122050,23064.3,23067.95,9015000,125,25
2025-01-29 10:08:10.316360,NIFTY30JAN25F,NIFTY,23066.15,1122575,23066.15,23069.0,9015000,200,25
2025-01-29 10:08:11.660732,NIFTY30JAN25F,NIFTY,23066.15,1122575,23066.15,23069.0,9015000,200,25
2025-01-29 10:08:13.021018,NIFTY30JAN25F,NIFTY,23066.15,1122600,23066.15,23069.0,9015000,175,25
2025-01-29 10:08:14.361598,NIFTY30JAN25F,NIFTY,23069.0,1122600,23066.15,23069.0,9015000,175,175
2025-01-29 10:08:15.750271,NIFTY30JAN25F,NIFTY,23066.15,1122975,23066.15,23069.0,9015000,100,150
2025-01-29 10:08:17.113475,NIFTY30JAN25F,NIFTY,23069.0,1123225,23066.15,23069.0,9015000,50,150
2025-01-29 10:08:18.464931,NIFTY30JAN25F,NIFTY,23071.0,1123650,23070.0,23071.0,9015000,250,700
2025-01-29 10:08:19.773365,NIFTY30JAN25F,NIFTY,23070.95,1124150,23065.6,23071.0,9015000,275,550
2025-01-29 10:08:22.078144,NIFTY30JAN25F,NIFTY,23070.95,1124600,23065.7,23068.95,9015000,100,25
2025-01-29 10:08:23.427632,NIFTY30JAN25F,NIFTY,23071.0,1124700,23066.75,23071.0,9015000,300,525
2025-01-29 10:08:24.804369,NIFTY30JAN25F,NIFTY,23069.0,1124700,23066.75,23071.0,9015000,300,525
2025-01-29 10:08:26.125653,NIFTY30JAN25F,NIFTY,23070.2,1124950,23070.2,23071.0,9015000,25,375
2025-01-29 10:08:27.458422,NIFTY30JAN25F,NIFTY,23073.1,1125900,23072.35,23072.75,9015000,225,25
2025-01-29 10:08:28.817534,NIFTY30JAN25F,NIFTY,23074.75,1126800,23074.0,23074.7,9015000,50,125
2025-01-29 10:08:30.133331,NIFTY30JAN25F,NIFTY,23077.0,1128000,23073.95,23077.0,9015000,100,1075
2025-01-29 10:08:31.448391,NIFTY30JAN25F,NIFTY,23077.0,1128000,23073.95,23077.0,9015000,100,1075
2025-01-29 10:08:32.836529,NIFTY30JAN25F,NIFTY,23075.8,1128300,23075.8,23077.0,9015000,50,775
2025-01-29 10:08:34.158972,NIFTY30JAN25F,NIFTY,23075.95,1128550,23075.95,23077.0,9015000,25,550
2025-01-29 10:08:35.523364,NIFTY30JAN25F,NIFTY,23077.0,1129100,23076.1,23077.0,9015000,50,50
2025-01-29 10:08:36.869892,NIFTY30JAN25F,NIFTY,23075.0,1129475,23074.75,23075.25,9015000,25,300
2025-01-29 10:08:38.204136,NIFTY30JAN25F,NIFTY,23076.0,1129475,23074.75,23075.25,9015000,25,300
2025-01-29 10:08:39.656535,NIFTY30JAN25F,NIFTY,23074.35,1129900,23071.0,23074.0,9015000,25,25
2025-01-29 10:08:41.000048,NIFTY30JAN25F,NIFTY,23074.5,1130250,23070.05,23074.85,9015000,50,25
2025-01-29 10:08:42.332600,NIFTY30JAN25F,NIFTY,23077.0,1130250,23073.0,23077.0,9015000,125,75
2025-01-29 10:08:43.662408,NIFTY30JAN25F,NIFTY,23075.0,1130575,23073.05,23075.0,9015000,75,125
2025-01-29 10:08:45.035609,NIFTY30JAN25F,NIFTY,23077.2,1131450,23076.05,23077.0,9015000,100,25
2025-01-29 10:08:46.401633,NIFTY30JAN25F,NIFTY,23077.2,1131450,23076.05,23077.0,9015000,100,25
2025-01-29 10:08:47.738589,NIFTY30JAN25F,NIFTY,23076.0,1131900,23076.05,23077.0,9015000,50,800
2025-01-29 10:08:49.058543,NIFTY30JAN25F,NIFTY,23075.3,1132750,23072.05,23075.1,9015000,25,225
2025-01-29 10:08:50.832875,NIFTY30JAN25F,NIFTY,23076.6,1132975,23076.05,23076.8,9015000,50,125
2025-01-29 10:08:52.203094,NIFTY30JAN25F,NIFTY,23076.8,1133350,23075.0,23076.95,9015000,500,50
2025-01-29 10:08:53.644216,NIFTY30JAN25F,NIFTY,23075.05,1133500,23075.0,23075.75,9015000,425,50
2025-01-29 10:08:54.992682,NIFTY30JAN25F,NIFTY,23075.05,1133500,23075.0,23075.75,9015000,425,50
2025-01-29 10:08:56.304412,NIFTY30JAN25F,NIFTY,23075.0,1133500,23075.0,23075.8,9015000,425,25
2025-01-29 10:08:57.645488,NIFTY30JAN25F,NIFTY,23075.05,1133675,23075.0,23075.4,9015000,250,25
2025-01-29 10:08:58.974731,NIFTY30JAN25F,NIFTY,23075.2,1134600,23073.95,23075.2,9015000,500,125
2025-01-29 10:09:00.392613,NIFTY30JAN25F,NIFTY,23075.8,1135350,23075.8,23076.75,9015000,25,25
2025-01-29 10:09:02.504277,NIFTY30JAN25F,NIFTY,23075.8,1135400,23075.0,23076.95,9015000,25,25
2025-01-29 10:09:03.851246,NIFTY30JAN25F,NIFTY,23076.95,1135500,23073.0,23076.95,9015000,25,50
2025-01-29 10:09:05.190868,NIFTY30JAN25F,NIFTY,23077.0,1135650,23073.15,23075.05,9015000,500,275
2025-01-29 10:09:06.578329,NIFTY30JAN25F,NIFTY,23075.05,1135650,23073.15,23075.05,9015000,500,275
2025-01-29 10:09:07.932593,NIFTY30JAN25F,NIFTY,23077.0,1135950,23073.0,23077.0,9015000,25,525
2025-01-29 10:09:09.253528,NIFTY30JAN25F,NIFTY,23078.05,1136875,23074.1,23078.0,9015000,25,250
2025-01-29 10:09:10.587388,NIFTY30JAN25F,NIFTY,23079.65,1138050,23075.05,23079.7,9015000,50,100
2025-01-29 10:09:11.933617,NIFTY30JAN25F,NIFTY,23079.95,1138475,23075.6,23077.0,9015000,50,25
2025-01-29 10:09:13.271402,NIFTY30JAN25F,NIFTY,23075.85,1138475,23075.6,23077.0,9015000,50,25
2025-01-29 10:09:14.645901,NIFTY30JAN25F,NIFTY,23075.8,1138525,23075.75,23077.0,9015000,50,25
2025-01-29 10:09:15.962980,NIFTY30JAN25F,NIFTY,23078.0,1138900,23075.05,23079.0,9015000,50,50
2025-01-29 10:09:17.325253,NIFTY30JAN25F,NIFTY,23078.0,1140050,23076.0,23079.0,9015000,850,75
2025-01-29 10:09:18.664133,NIFTY30JAN25F,NIFTY,23080.0,1141800,23079.0,23080.0,9015000,25,1925
2025-01-29 10:09:19.963688,NIFTY30JAN25F,NIFTY,23080.0,1141800,23079.0,23080.0,9015000,25,1925
2025-01-29 10:09:21.309816,NIFTY30JAN25F,NIFTY,23079.9,1142250,23076.0,23079.75,9015000,800,125
2025-01-29 10:09:22.625984,NIFTY30JAN25F,NIFTY,23079.75,1142600,23076.05,23079.0,9015000,50,250
2025-01-29 10:09:23.956308,NIFTY30JAN25F,NIFTY,23076.05,1142975,23076.05,23079.0,9015000,25,25
2025-01-29 10:09:25.299471,NIFTY30JAN25F,NIFTY,23076.05,1143000,23076.0,23079.0,9015000,700,25
2025-01-29 10:09:26.598240,NIFTY30JAN25F,NIFTY,23076.0,1143000,23076.0,23079.0,9015000,700,25
2025-01-29 10:09:27.927836,NIFTY30JAN25F,NIFTY,23076.0,1143050,23076.0,23078.6,9015000,650,150
2025-01-29 10:09:29.276405,NIFTY30JAN25F,NIFTY,23076.0,1143575,23076.0,23077.15,9015000,400,125
2025-01-29 10:09:30.605231,NIFTY30JAN25F,NIFTY,23076.85,1144100,23076.0,23076.8,9015000,225,50
2025-01-29 10:09:31.948789,NIFTY30JAN25F,NIFTY,23076.0,1144200,23076.0,23077.45,9015000,200,1500
2025-01-29 10:09:33.299046,NIFTY30JAN25F,NIFTY,23077.45,1144200,23076.0,23077.45,9015000,200,1500
2025-01-29 10:09:34.647387,NIFTY30JAN25F,NIFTY,23077.45,1144675,23076.05,23077.45,9015000,25,1200
2025-01-29 10:09:36.000517,NIFTY30JAN25F,NIFTY,23077.45,1145075,23075.05,23077.45,9015000,25,950
2025-01-29 10:09:37.374890,NIFTY30JAN25F,NIFTY,23077.45,1146275,23073.0,23077.45,9015000,25,150
2025-01-29 10:09:38.768405,NIFTY30JAN25F,NIFTY,23077.5,1147025,23077.5,23078.3,9015000,25,25
2025-01-29 10:09:40.104543,NIFTY30JAN25F,NIFTY,23072.75,1147025,23077.5,23078.3,9015000,25,25
2025-01-29 10:09:41.419987,NIFTY30JAN25F,NIFTY,23076.5,1147200,23072.7,23076.0,9015000,50,25
2025-01-29 10:09:42.762701,NIFTY30JAN25F,NIFTY,23075.05,1147350,23075.05,23076.9,9015000,25,25
2025-01-29 10:09:44.087019,NIFTY30JAN25F,NIFTY,23077.2,1147425,23075.05,23077.2,9015000,50,75
2025-01-29 10:09:45.488237,NIFTY30JAN25F,NIFTY,23076.0,1147775,23075.0,23076.0,9015000,25,125
2025-01-29 10:09:46.800853,NIFTY30JAN25F,NIFTY,23077.55,1147775,23075.0,23076.0,9015000,25,125
2025-01-29 10:09:48.133433,NIFTY30JAN25F,NIFTY,23077.45,1148600,23077.45,23077.65,9015000,1275,25
2025-01-29 10:09:49.460980,NIFTY30JAN25F,NIFTY,23077.45,1149950,23075.2,23077.7,9015000,25,25
2025-01-29 10:09:50.808887,NIFTY30JAN25F,NIFTY,23075.1,1150100,23075.1,23078.15,9015000,25,25
2025-01-29 10:09:52.157000,NIFTY30JAN25F,NIFTY,23088.9,1161025,23086.35,23088.9,9015000,200,125
2025-01-29 10:09:53.745827,NIFTY30JAN25F,NIFTY,23089.0,1175025,23089.0,23089.9,9015000,50,25
2025-01-29 10:09:55.166068,NIFTY30JAN25F,NIFTY,23089.1,1175925,23085.0,23088.7,9015000,25,150
2025-01-29 10:09:56.504674,NIFTY30JAN25F,NIFTY,23088.7,1175925,23085.0,23088.7,9015000,25,150
2025-01-29 10:09:57.878360,NIFTY30JAN25F,NIFTY,23085.8,1176450,23085.5,23091.5,9015000,75,25
2025-01-29 10:09:59.207493,NIFTY30JAN25F,NIFTY,23093.0,1176675,23089.0,23093.0,9015000,50,200
2025-01-29 10:10:00.544777,NIFTY30JAN25F,NIFTY,23092.0,1177075,23089.1,23092.0,9015000,25,100
2025-01-29 10:10:01.990710,NIFTY30JAN25F,NIFTY,23090.5,1179725,23090.5,23091.0,9015000,275,125
2025-01-29 10:10:03.345793,NIFTY30JAN25F,NIFTY,23090.5,1179725,23090.5,23091.0,9015000,275,125
2025-01-29 10:10:04.658017,NIFTY30JAN25F,NIFTY,23090.5,1180475,23090.5,23094.0,9015000,100,200
2025-01-29 10:10:06.001790,NIFTY30JAN25F,NIFTY,23093.3,1180975,23089.05,23092.0,9015000,50,275
2025-01-29 10:10:07.391176,NIFTY30JAN25F,NIFTY,23093.35,1182025,23092.0,23093.55,9026400,150,50
2025-01-29 10:10:08.722694,NIFTY30JAN25F,NIFTY,23092.75,1182650,23090.15,23093.3,9026400,200,50
2025-01-29 10:10:13.130967,NIFTY30JAN25F,NIFTY,23101.85,1189325,23095.0,23097.7,9026400,25,50
2025-01-29 10:10:14.489764,NIFTY30JAN25F,NIFTY,23107.05,1210700,23101.85,23107.05,9026400,25,175
2025-01-29 10:10:15.845995,NIFTY30JAN25F,NIFTY,23100.1,1213325,23101.05,23104.05,9026400,25,50
2025-01-29 10:10:17.232587,NIFTY30JAN25F,NIFTY,23099.8,1215825,23099.8,23103.15,9026400,150,125
2025-01-29 10:10:18.578331,NIFTY30JAN25F,NIFTY,23103.2,1215825,23099.8,23103.15,9026400,150,125
2025-01-29 10:10:19.943169,NIFTY30JAN25F,NIFTY,23100.1,1218475,23098.0,23104.35,9026400,25,200
2025-01-29 10:10:21.286285,NIFTY30JAN25F,NIFTY,23105.0,1218825,23100.85,23105.0,9026400,125,25
2025-01-29 10:10:22.597791,NIFTY30JAN25F,NIFTY,23109.0,1222575,23105.0,23109.0,9026400,25,50
2025-01-29 10:10:23.961629,NIFTY30JAN25F,NIFTY,23104.95,1224200,23105.05,23105.95,9026400,50,250
2025-01-29 10:10:25.274581,NIFTY30JAN25F,NIFTY,23106.65,1226225,23103.2,23106.15,9026400,25,175
2025-01-29 10:10:26.601533,NIFTY30JAN25F,NIFTY,23106.0,1226225,23103.2,23106.15,9026400,25,175
2025-01-29 10:10:27.954759,NIFTY30JAN25F,NIFTY,23107.5,1226600,23102.65,23105.0,9026400,1500,50
2025-01-29 10:10:29.294157,NIFTY30JAN25F,NIFTY,23106.15,1227425,23102.7,23105.5,9026400,25,25
2025-01-29 10:10:30.631665,NIFTY30JAN25F,NIFTY,23106.0,1227925,23102.65,23106.0,9026400,1075,175
2025-01-29 10:10:31.970020,NIFTY30JAN25F,NIFTY,23102.65,1227925,23102.65,23106.0,9026400,1075,175
2025-01-29 10:10:33.278265,NIFTY30JAN25F,NIFTY,23106.0,1228450,23104.35,23106.15,9026400,50,25
2025-01-29 10:10:34.614099,NIFTY30JAN25F,NIFTY,23105.0,1228600,23104.3,23105.0,9026400,375,125
2025-01-29 10:10:35.932618,NIFTY30JAN25F,NIFTY,23104.8,1229125,23104.8,23106.0,9026400,275,300
2025-01-29 10:10:37.314216,NIFTY30JAN25F,NIFTY,23104.8,1229250,23104.85,23106.0,9026400,75,275
2025-01-29 10:10:38.706086,NIFTY30JAN25F,NIFTY,23106.65,1229800,23105.8,23106.65,9026400,50,25
2025-01-29 10:10:40.064526,NIFTY30JAN25F,NIFTY,23106.9,1229800,23105.8,23106.65,9026400,50,25
2025-01-29 10:10:41.425877,NIFTY30JAN25F,NIFTY,23104.8,1229950,23106.0,23106.9,9026400,25,25
2025-01-29 10:10:42.794041,NIFTY30JAN25F,NIFTY,23106.7,1230500,23104.8,23106.55,9026400,75,200
2025-01-29 10:10:44.135717,NIFTY30JAN25F,NIFTY,23106.0,1230675,23104.8,23106.0,9026400,100,225
2025-01-29 10:10:45.453236,NIFTY30JAN25F,NIFTY,23106.65,1231475,23103.5,23106.85,9026400,375,25
2025-01-29 10:10:46.785641,NIFTY30JAN25F,NIFTY,23106.9,1231475,23103.5,23106.85,9026400,375,25
2025-01-29 10:10:48.121783,NIFTY30JAN25F,NIFTY,23106.0,1231725,23103.5,23107.15,9026400,300,150
2025-01-29 10:10:49.446444,NIFTY30JAN25F,NIFTY,23105.0,1231775,23103.5,23105.0,9026400,400,50
2025-01-29 10:10:50.809217,NIFTY30JAN25F,NIFTY,23106.25,1232000,23106.0,23106.6,9026400,50,275
2025-01-29 10:10:52.118610,NIFTY30JAN25F,NIFTY,23106.05,1232650,23106.0,23106.6,9026400,25,250
2025-01-29 10:10:53.474835,NIFTY30JAN25F,NIFTY,23108.0,1232650,23106.0,23106.6,9026400,25,250
2025-01-29 10:10:54.843944,NIFTY30JAN25F,NIFTY,23112.0,1240300,23111.55,23112.0,9026400,400,75
2025-01-29 10:10:56.217250,NIFTY30JAN25F,NIFTY,23112.05,1240800,23112.65,23114.95,9026400,50,225
2025-01-29 10:10:57.561969,NIFTY30JAN25F,NIFTY,23106.65,1241300,23106.65,23112.0,9026400,100,100
2025-01-29 10:10:58.981663,NIFTY30JAN25F,NIFTY,23112.0,1241550,23107.65,23112.0,9026400,50,75
2025-01-29 10:11:00.303965,NIFTY30JAN25F,NIFTY,23106.0,1241750,23106.0,23110.7,9026400,25,50
2025-01-29 10:11:01.627909,NIFTY30JAN25F,NIFTY,23110.55,1241750,23106.0,23110.7,9026400,25,50
2025-01-29 10:11:02.966948,NIFTY30JAN25F,NIFTY,23106.25,1241875,23106.0,23111.8,9026400,50,175
2025-01-29 10:11:04.308312,NIFTY30JAN25F,NIFTY,23106.85,1242100,23107.1,23110.0,9026400,100,25
2025-01-29 10:11:05.631403,NIFTY30JAN25F,NIFTY,23107.45,1242375,23106.9,23110.0,9026400,175,25
2025-01-29 10:11:06.969566,NIFTY30JAN25F,NIFTY,23106.1,1242375,23106.9,23110.0,9026400,175,25
2025-01-29 10:11:08.295363,NIFTY30JAN25F,NIFTY,23110.0,1242425,23106.0,23110.0,9026400,50,25
2025-01-29 10:11:09.628357,NIFTY30JAN25F,NIFTY,23109.0,1242475,23106.25,23109.0,9026400,25,125
2025-01-29 10:11:11.054209,NIFTY30JAN25F,NIFTY,23111.0,1242900,23107.0,23109.0,9026400,25,50
2025-01-29 10:11:12.428764,NIFTY30JAN25F,NIFTY,23107.0,1243925,23106.0,23109.8,9026400,25,150
2025-01-29 10:11:13.763015,NIFTY30JAN25F,NIFTY,23109.5,1244050,23106.0,23108.35,9026400,275,200
2025-01-29 10:11:15.096719,NIFTY30JAN25F,NIFTY,23106.0,1244050,23106.0,23108.35,9026400,275,200
2025-01-29 10:11:16.443172,NIFTY30JAN25F,NIFTY,23107.8,1244175,23106.0,23107.8,9026400,225,150
2025-01-29 10:11:17.793574,NIFTY30JAN25F,NIFTY,23105.0,1244650,23106.8,23108.05,9026400,25,150
2025-01-29 10:11:19.115726,NIFTY30JAN25F,NIFTY,23102.65,1246275,23102.65,23106.0,9026400,950,150
2025-01-29 10:11:20.438778,NIFTY30JAN25F,NIFTY,23104.0,1246400,23104.0,23105.95,9026400,50,150
2025-01-29 10:11:21.766331,NIFTY30JAN25F,NIFTY,23104.9,1246400,23104.0,23105.95,9026400,50,150
2025-01-29 10:11:23.104672,NIFTY30JAN25F,NIFTY,23102.65,1246775,23102.65,23105.2,9026400,800,150
2025-01-29 10:11:24.486749,NIFTY30JAN25F,NIFTY,23105.65,1246950,23102.65,23105.4,9026400,650,75
2025-01-29 10:11:25.842417,NIFTY30JAN25F,NIFTY,23102.7,1246975,23102.7,23104.2,9026400,75,125
2025-01-29 10:11:27.161702,NIFTY30JAN25F,NIFTY,23102.7,1247000,23102.75,23104.55,9026400,125,25
2025-01-29 10:11:28.476598,NIFTY30JAN25F,NIFTY,23103.0,1247000,23102.75,23104.55,9026400,125,25
2025-01-29 10:11:29.805276,NIFTY30JAN25F,NIFTY,23102.2,1247600,23102.8,23104.25,9026400,25,175
2025-01-29 10:11:31.122535,NIFTY30JAN25F,NIFTY,23102.2,1248450,23102.2,23103.3,9026400,400,275
2025-01-29 10:11:32.456390,NIFTY30JAN25F,NIFTY,23101.2,1249450,23100.0,23102.1,9026400,275,175
2025-01-29 10:11:33.801401,NIFTY30JAN25F,NIFTY,23099.85,1250100,23096.5,23100.15,9026400,50,175
2025-01-29 10:11:35.143099,NIFTY30JAN25F,NIFTY,23100.85,1250100,23096.5,23100.15,9026400,50,175
2025-01-29 10:11:36.460576,NIFTY30JAN25F,NIFTY,23100.7,1251925,23098.05,23101.2,9026400,25,50
2025-01-29 10:11:37.769524,NIFTY30JAN25F,NIFTY,23098.25,1252025,23098.15,23099.6,9026400,25,350
2025-01-29 10:11:39.091794,NIFTY30JAN25F,NIFTY,23095.45,1252225,23092.2,23095.8,9026400,450,125
2025-01-29 10:11:40.443966,NIFTY30JAN25F,NIFTY,23095.0,1254100,23090.15,23096.9,9026400,100,200
2025-01-29 10:11:41.776493,NIFTY30JAN25F,NIFTY,23090.6,1254100,23090.15,23096.9,9026400,100,200
2025-01-29 10:11:43.110194,NIFTY30JAN25F,NIFTY,23097.05,1254225,23091.0,23096.7,9026400,525,50
2025-01-29 10:11:44.418525,NIFTY30JAN25F,NIFTY,23093.8,1254350,23093.8,23094.75,9026400,325,50
2025-01-29 10:11:45.740788,NIFTY30JAN25F,NIFTY,23092.05,1256025,23090.5,23092.0,9026400,150,50
2025-01-29 10:11:47.082023,NIFTY30JAN25F,NIFTY,23083.65,1256025,23090.5,23092.0,9026400,150,50
2025-01-29 10:11:48.418309,NIFTY30JAN25F,NIFTY,23084.25,1256625,23085.35,23091.95,9026400,150,50
2025-01-29 10:11:49.721623,NIFTY30JAN25F,NIFTY,23084.55,1257100,23083.8,23090.3,9026400,50,50
2025-01-29 10:11:51.031429,NIFTY30JAN25F,NIFTY,23085.05,1257250,23084.75,23091.3,9026400,150,50
2025-01-29 10:11:52.366760,NIFTY30JAN25F,NIFTY,23085.0,1257300,23085.05,23091.3,9026400,225,50
2025-01-29 10:11:53.682301,NIFTY30JAN25F,NIFTY,23091.05,1257300,23085.05,23091.3,9026400,225,50
2025-01-29 10:11:55.044460,NIFTY30JAN25F,NIFTY,23088.05,1257325,23088.05,23091.2,9026400,25,125
2025-01-29 10:11:56.401387,NIFTY30JAN25F,NIFTY,23088.05,1257975,23088.05,23088.8,9026400,50,425
2025-01-29 10:11:57.722274,NIFTY30JAN25F,NIFTY,23087.85,1258300,23086.45,23087.85,9026400,25,250
2025-01-29 10:11:59.055728,NIFTY30JAN25F,NIFTY,23086.45,1258700,23086.45,23087.75,9026400,25,250
2025-01-29 10:12:00.398392,NIFTY30JAN25F,NIFTY,23086.45,1260500,23085.0,23085.9,9026400,25,100
2025-01-29 10:12:01.721351,NIFTY30JAN25F,NIFTY,23085.9,1260500,23085.0,23085.9,9026400,25,100
2025-01-29 10:12:03.061181,NIFTY30JAN25F,NIFTY,23085.4,1260800,23085.4,23086.45,9026400,375,50
2025-01-29 10:12:04.371446,NIFTY30JAN25F,NIFTY,23086.15,1261375,23084.0,23085.75,9026400,25,25
2025-01-29 10:12:05.703176,NIFTY30JAN25F,NIFTY,23083.2,1261475,23083.2,23086.45,9026400,525,50
2025-01-29 10:12:07.040426,NIFTY30JAN25F,NIFTY,23083.25,1261475,23083.2,23086.45,9026400,525,50
2025-01-29 10:12:08.394486,NIFTY30JAN25F,NIFTY,23083.2,1261725,23083.2,23086.45,9026400,425,25
2025-01-29 10:12:09.741300,NIFTY30JAN25F,NIFTY,23084.8,1262100,23084.8,23086.1,9026400,350,250
2025-01-29 10:12:11.079784,NIFTY30JAN25F,NIFTY,23085.5,1262750,23083.2,23086.2,9026400,400,25
2025-01-29 10:12:12.389861,NIFTY30JAN25F,NIFTY,23083.2,1262900,23083.2,23087.3,9026400,250,325
2025-01-29 10:12:13.746464,NIFTY30JAN25F,NIFTY,23088.1,1262900,23083.2,23087.3,9026400,250,325
2025-01-29 10:12:15.065184,NIFTY30JAN25F,NIFTY,23088.3,1263500,23083.2,23088.3,9026400,225,150
2025-01-29 10:12:16.386592,NIFTY30JAN25F,NIFTY,23088.85,1263600,23083.85,23088.8,9026400,50,50
2025-01-29 10:12:17.775842,NIFTY30JAN25F,NIFTY,23086.3,1263975,23083.85,23086.3,9026400,100,1625
2025-01-29 10:12:19.075658,NIFTY30JAN25F,NIFTY,23086.3,1265150,23083.9,23086.3,9026400,25,500
2025-01-29 10:12:20.411837,NIFTY30JAN25F,NIFTY,23083.95,1265475,23083.9,23086.3,9026400,125,200
2025-01-29 10:12:21.752515,NIFTY30JAN25F,NIFTY,23088.0,1265475,23083.9,23086.3,9026400,125,200
2025-01-29 10:12:23.106740,NIFTY30JAN25F,NIFTY,23086.3,1265950,23083.0,23087.25,9026400,325,50
2025-01-29 10:12:24.472515,NIFTY30JAN25F,NIFTY,23085.0,1265950,23085.0,23086.0,9026400,25,25
2025-01-29 10:12:25.837383,NIFTY30JAN25F,NIFTY,23082.5,1266900,23081.8,23082.3,9026400,25,25
2025-01-29 10:12:27.148724,NIFTY30JAN25F,NIFTY,23081.8,1266975,23081.0,23082.25,9026400,25,25
2025-01-29 10:12:28.479585,NIFTY30JAN25F,NIFTY,23081.0,1266975,23081.0,23082.25,9026400,25,25
2025-01-29 10:12:29.814765,NIFTY30JAN25F,NIFTY,23080.65,1267500,23080.6,23082.8,9026400,50,50
2025-01-29 10:12:31.159975,NIFTY30JAN25F,NIFTY,23080.65,1267575,23080.6,23084.7,9026400,50,25
2025-01-29 10:12:32.495551,NIFTY30JAN25F,NIFTY,23084.35,1268175,23080.2,23083.7,9026400,475,225
2025-01-29 10:12:33.821133,NIFTY30JAN25F,NIFTY,23080.55,1270750,23077.15,23080.45,9026400,75,75
2025-01-29 10:12:35.183464,NIFTY30JAN25F,NIFTY,23080.45,1270750,23077.15,23080.45,9026400,75,75
2025-01-29 10:12:36.700988,NIFTY30JAN25F,NIFTY,23081.2,1271075,23077.15,23079.6,9026400,75,25
2025-01-29 10:12:38.237604,NIFTY30JAN25F,NIFTY,23077.2,1271175,23077.15,23079.65,9026400,75,25
2025-01-29 10:12:39.569450,NIFTY30JAN25F,NIFTY,23077.2,1272350,23077.3,23080.0,9026400,25,150
2025-01-29 10:12:40.904377,NIFTY30JAN25F,NIFTY,23079.2,1272925,23078.05,23079.35,9026400,25,125
2025-01-29 10:12:42.331739,NIFTY30JAN25F,NIFTY,23078.5,1273325,23077.15,23078.5,9026400,75,25
2025-01-29 10:12:43.653301,NIFTY30JAN25F,NIFTY,23077.15,1273350,23077.15,23079.15,9026400,50,75
2025-01-29 10:12:45.027386,NIFTY30JAN25F,NIFTY,23078.45,1273350,23077.15,23079.15,9026400,50,75
2025-01-29 10:12:46.360425,NIFTY30JAN25F,NIFTY,23079.5,1273600,23077.15,23079.65,9026400,50,125
2025-01-29 10:12:47.748703,NIFTY30JAN25F,NIFTY,23077.2,1273750,23077.2,23079.75,9026400,25,25
2025-01-29 10:12:49.095074,NIFTY30JAN25F,NIFTY,23077.2,1273875,23077.15,23080.0,9026400,25,325
2025-01-29 10:12:50.483534,NIFTY30JAN25F,NIFTY,23080.0,1274625,23080.0,23080.95,9026400,25,25
2025-01-29 10:12:51.817946,NIFTY30JAN25F,NIFTY,23081.5,1274625,23080.0,23080.95,9026400,25,25
2025-01-29 10:12:53.173308,NIFTY30JAN25F,NIFTY,23081.5,1275275,23077.0,23081.0,9026400,25,25
2025-01-29 10:12:54.507069,NIFTY30JAN25F,NIFTY,23077.75,1275275,23077.75,23079.5,9026400,25,25
2025-01-29 10:12:55.880254,NIFTY30JAN25F,NIFTY,23079.5,1275325,23077.05,23081.45,9026400,75,25
2025-01-29 10:12:57.242610,NIFTY30JAN25F,NIFTY,23079.05,1275700,23078.95,23081.5,9026400,500,25
2025-01-29 10:12:58.660554,NIFTY30JAN25F,NIFTY,23081.1,1276225,23077.25,23080.9,9026400,75,25
2025-01-29 10:13:00.003534,NIFTY30JAN25F,NIFTY,23080.0,1276225,23077.25,23080.9,9026400,75,25
2025-01-29 10:13:01.401635,NIFTY30JAN25F,NIFTY,23080.95,1276375,23077.25,23081.65,9026400,75,25
2025-01-29 10:13:02.810082,NIFTY30JAN25F,NIFTY,23081.6,1276700,23077.25,23080.75,9026400,50,75
2025-01-29 10:13:04.584500,NIFTY30JAN25F,NIFTY,23081.3,1277200,23077.2,23081.05,9026400,25,25
2025-01-29 10:13:06.797932,NIFTY30JAN25F,NIFTY,23077.05,1277250,23077.2,23079.35,9035750,25,25
2025-01-29 10:13:09.101591,NIFTY30JAN25F,NIFTY,23075.3,1277500,23076.0,23076.55,9035750,75,25
2025-01-29 10:13:10.991288,NIFTY30JAN25F,NIFTY,23076.2,1279600,23073.0,23076.2,9035750,25,200
2025-01-29 10:13:13.054350,NIFTY30JAN25F,NIFTY,23078.55,1279925,23073.0,23078.5,9035750,150,25
2025-01-29 10:13:14.779246,NIFTY30JAN25F,NIFTY,23073.25,1280075,23074.7,23077.0,9035750,600,150
2025-01-29 10:13:16.718808,NIFTY30JAN25F,NIFTY,23079.0,1282050,23079.0,23080.0,9035750,75,300
2025-01-29 10:13:18.365659,NIFTY30JAN25F,NIFTY,23079.95,1282325,23077.8,23079.95,9035750,25,425
2025-01-29 10:13:19.679622,NIFTY30JAN25F,NIFTY,23079.9,1283175,23073.65,23078.7,9035750,25,50
2025-01-29 10:13:20.999037,NIFTY30JAN25F,NIFTY,23077.05,1283300,23074.25,23079.95,9035750,250,175
2025-01-29 10:13:22.341623,NIFTY30JAN25F,NIFTY,23080.0,1283975,23080.45,23080.95,9035750,200,100
2025-01-29 10:13:24.145598,NIFTY30JAN25F,NIFTY,23082.35,1284275,23082.35,23083.35,9035750,50,25
2025-01-29 10:13:25.922728,NIFTY30JAN25F,NIFTY,23085.0,1284375,23083.45,23085.0,9035750,25,425
2025-01-29 10:13:28.630589,NIFTY30JAN25F,NIFTY,23089.25,1287700,23086.05,23089.05,9035750,50,25
2025-01-29 10:13:30.659420,NIFTY30JAN25F,NIFTY,23093.6,1287850,23089.1,23090.0,9035750,50,175
2025-01-29 10:13:32.482894,NIFTY30JAN25F,NIFTY,23096.95,1288225,23092.5,23094.5,9035750,50,25
2025-01-29 10:13:34.446633,NIFTY30JAN25F,NIFTY,23089.0,1288650,23086.15,23089.0,9035750,100,25
2025-01-29 10:13:36.580466,NIFTY30JAN25F,NIFTY,23089.0,1288700,23089.0,23089.25,9035750,175,25
2025-01-29 10:13:38.560434,NIFTY30JAN25F,NIFTY,23088.1,1288875,23085.05,23088.1,9035750,500,475
2025-01-29 10:13:41.383084,NIFTY30JAN25F,NIFTY,23085.95,1290225,23082.0,23085.95,9035750,25,50
2025-01-29 10:13:43.684299,NIFTY30JAN25F,NIFTY,23085.2,1290575,23082.2,23085.25,9035750,150,50
2025-01-29 10:13:45.468617,NIFTY30JAN25F,NIFTY,23082.25,1290625,23082.2,23085.45,9035750,150,75
2025-01-29 10:13:49.588509,NIFTY30JAN25F,NIFTY,23085.85,1292750,23081.3,23082.05,9035750,100,125
2025-01-29 10:13:51.475879,NIFTY30JAN25F,NIFTY,23086.95,1293125,23085.1,23085.95,9035750,25,100
2025-01-29 10:13:55.665689,NIFTY30JAN25F,NIFTY,23088.95,1294075,23084.4,23089.0,9035750,100,75
2025-01-29 10:13:58.137266,NIFTY30JAN25F,NIFTY,23082.85,1294325,23084.4,23089.25,9035750,25,50
2025-01-29 10:14:00.028593,NIFTY30JAN25F,NIFTY,23083.25,1294900,23083.25,23089.25,9035750,100,25
2025-01-29 10:14:01.774445,NIFTY30JAN25F,NIFTY,23089.75,1294975,23085.5,23086.3,9035750,100,25
2025-01-29 10:14:03.695515,NIFTY30JAN25F,NIFTY,23089.75,1294975,23085.5,23086.3,9035750,100,25
2025-01-29 10:14:05.017062,NIFTY30JAN25F,NIFTY,23089.0,1294975,23085.65,23086.0,9035750,75,150
2025-01-29 10:14:06.334350,NIFTY30JAN25F,NIFTY,23089.8,1295350,23089.8,23090.0,9035750,150,50
2025-01-29 10:14:07.645439,NIFTY30JAN25F,NIFTY,23089.85,1295450,23089.8,23091.95,9035750,350,25
2025-01-29 10:14:56.951096,NIFTY30JAN25F,NIFTY,23079.25,1308900,23076.0,23079.25,9035750,50,125
2025-01-29 10:14:58.287893,NIFTY30JAN25F,NIFTY,23078.95,1309225,23076.0,23078.45,9035750,25,25
2025-01-29 10:14:59.604696,NIFTY30JAN25F,NIFTY,23077.6,1309450,23076.0,23077.55,9035750,25,50
2025-01-29 10:15:00.992891,NIFTY30JAN25F,NIFTY,23075.85,1309450,23076.0,23077.55,9035750,25,50
2025-01-29 10:15:02.367553,NIFTY30JAN25F,NIFTY,23075.05,1309900,23075.0,23077.55,9035750,150,50
2025-01-29 10:15:03.760142,NIFTY30JAN25F,NIFTY,23075.0,1309975,23075.0,23077.25,9035750,150,175
2025-01-29 10:15:05.125193,NIFTY30JAN25F,NIFTY,23078.2,1310650,23075.7,23078.1,9035750,25,25
2025-01-29 10:15:06.730261,NIFTY30JAN25F,NIFTY,23079.0,1310825,23075.7,23079.05,9035750,50,75
2025-01-29 10:15:08.092203,NIFTY30JAN25F,NIFTY,23074.0,1311925,23074.55,23080.0,9035750,75,1800
2025-01-29 10:15:09.435717,NIFTY30JAN25F,NIFTY,23075.7,1312325,23075.7,23080.0,9035750,100,1650
2025-01-29 10:15:10.930282,NIFTY30JAN25F,NIFTY,23080.0,1312325,23075.7,23080.0,9035750,100,1650
2025-01-29 10:15:12.304721,NIFTY30JAN25F,NIFTY,23080.0,1313475,23077.55,23080.0,9035750,125,550
2025-01-29 10:15:13.758482,NIFTY30JAN25F,NIFTY,23074.95,1313725,23077.6,23080.0,9035750,25,325
2025-01-29 11:49:58.165970,NIFTY30JAN25F,NIFTY,23141.0,3283650,23138.9,23142.05,9379975,100,150
2025-01-29 11:49:59.677934,NIFTY30JAN25F,NIFTY,23140.5,3285725,23135.0,23140.2,9379975,500,250
2025-01-29 11:50:01.048281,NIFTY30JAN25F,NIFTY,23140.0,3286550,23135.0,23139.35,9379975,700,125
2025-01-29 11:50:02.430885,NIFTY30JAN25F,NIFTY,23141.5,3286700,23135.5,23141.6,9379975,50,25
2025-01-29 11:50:04.132454,NIFTY30JAN25F,NIFTY,23139.25,3287650,23135.0,23138.9,9379975,175,300
2025-01-29 11:50:05.475896,NIFTY30JAN25F,NIFTY,23129.55,3288600,23130.65,23137.7,9379975,200,200
2025-01-29 11:50:07.284016,NIFTY30JAN25F,NIFTY,23126.25,3288775,23126.05,23132.4,9379975,175,300
2025-01-29 11:50:08.680499,NIFTY30JAN25F,NIFTY,23128.55,3289050,23127.6,23134.1,9379975,250,150
2025-01-29 11:50:10.259733,NIFTY30JAN25F,NIFTY,23128.55,3289050,23127.6,23134.1,9379975,250,150
2025-01-29 11:50:11.634228,NIFTY30JAN25F,NIFTY,23126.45,3289200,23127.85,23134.45,9379975,50,50
2025-01-29 11:50:13.173673,NIFTY30JAN25F,NIFTY,23128.0,3289425,23125.0,23127.85,9379975,275,450
2025-01-29 11:50:14.503563,NIFTY30JAN25F,NIFTY,23125.3,3289750,23125.6,23127.85,9379975,200,200
2025-01-29 11:50:15.838294,NIFTY30JAN25F,NIFTY,23125.65,3290250,23125.6,23127.85,9379975,25,200
2025-01-29 11:50:17.204587,NIFTY30JAN25F,NIFTY,23126.05,3290550,23125.6,23127.85,9379975,25,100
2025-01-29 11:50:18.506843,NIFTY30JAN25F,NIFTY,23129.55,3290550,23125.6,23127.85,9379975,25,100
2025-01-29 11:50:19.885779,NIFTY30JAN25F,NIFTY,23125.0,3290900,23125.0,23130.0,9379975,100,100
2025-01-29 11:50:21.174947,NIFTY30JAN25F,NIFTY,23130.0,3291025,23125.0,23130.0,9379975,100,75
2025-01-29 11:50:22.473669,NIFTY30JAN25F,NIFTY,23125.1,3291450,23125.05,23127.85,9379975,250,25
2025-01-29 11:50:23.758818,NIFTY30JAN25F,NIFTY,23125.1,3291450,23125.05,23127.85,9379975,250,25
2025-01-29 11:50:25.054282,NIFTY30JAN25F,NIFTY,23127.85,3291450,23126.05,23127.85,9379975,50,25
2025-01-29 11:50:26.361499,NIFTY30JAN25F,NIFTY,23127.85,3291475,23127.85,23130.0,9379975,125,175
2025-01-29 11:50:27.673722,NIFTY30JAN25F,NIFTY,23125.7,3291475,23127.85,23129.5,9379975,150,75
2025-01-29 11:50:28.998743,NIFTY30JAN25F,NIFTY,23125.95,3292025,23125.7,23129.0,9379975,25,900
2025-01-29 11:50:30.298933,NIFTY30JAN25F,NIFTY,23125.7,3292025,23125.7,23129.0,9379975,25,900
2025-01-29 11:50:31.666956,NIFTY30JAN25F,NIFTY,23129.0,3292325,23126.15,23129.0,9379975,25,750
2025-01-29 11:50:33.008832,NIFTY30JAN25F,NIFTY,23129.0,3292375,23126.15,23129.0,9379975,25,725
2025-01-29 11:50:34.330181,NIFTY30JAN25F,NIFTY,23129.0,3292600,23126.3,23129.0,9379975,425,500
2025-01-29 11:50:35.620240,NIFTY30JAN25F,NIFTY,23129.0,3292625,23126.45,23129.0,9379975,25,750
2025-01-29 11:50:36.943531,NIFTY30JAN25F,NIFTY,23129.0,3292625,23126.45,23129.0,9379975,25,750
2025-01-29 11:50:38.299564,NIFTY30JAN25F,NIFTY,23126.2,3292625,23126.45,23129.0,9379975,25,850
2025-01-29 11:50:39.607575,NIFTY30JAN25F,NIFTY,23126.45,3292700,23126.45,23128.5,9379975,25,50
2025-01-29 11:50:40.917446,NIFTY30JAN25F,NIFTY,23128.85,3292750,23126.45,23129.0,9379975,25,750
2025-01-29 11:50:42.234842,NIFTY30JAN25F,NIFTY,23126.45,3292800,23125.0,23127.35,9379975,225,400
2025-01-29 11:50:43.537150,NIFTY30JAN25F,NIFTY,23125.0,3292800,23125.0,23127.35,9379975,225,400
2025-01-29 11:50:44.832711,NIFTY30JAN25F,NIFTY,23125.0,3293050,23123.0,23124.35,9379975,125,200
2025-01-29 11:50:46.126914,NIFTY30JAN25F,NIFTY,23125.0,3293725,23122.0,23123.0,9379975,375,250
2025-01-29 11:50:47.425236,NIFTY30JAN25F,NIFTY,23125.0,3294125,23122.0,23126.45,9379975,375,25
2025-01-29 11:50:48.725732,NIFTY30JAN25F,NIFTY,23123.0,3294125,23122.0,23126.45,9379975,375,25
2025-01-29 11:50:50.034373,NIFTY30JAN25F,NIFTY,23125.0,3294375,23122.05,23126.45,9379975,25,525
2025-01-29 11:50:51.319942,NIFTY30JAN25F,NIFTY,23126.45,3294400,23123.0,23126.45,9379975,150,525
2025-01-29 11:50:52.618140,NIFTY30JAN25F,NIFTY,23123.0,3294525,23123.0,23126.45,9379975,175,450
2025-01-29 11:50:53.923569,NIFTY30JAN25F,NIFTY,23123.0,3294600,23123.0,23126.0,9379975,100,25
2025-01-29 11:50:55.217534,NIFTY30JAN25F,NIFTY,23123.0,3294600,23123.0,23126.0,9379975,100,25
2025-01-29 11:50:56.513381,NIFTY30JAN25F,NIFTY,23126.45,3294900,23123.0,23126.45,9379975,100,200
2025-01-29 11:50:57.815609,NIFTY30JAN25F,NIFTY,23126.4,3295000,23123.0,23126.2,9379975,25,300
2025-01-29 11:50:59.128195,NIFTY30JAN25F,NIFTY,23126.4,3295025,23123.05,23125.0,9379975,25,25
2025-01-29 11:51:00.417501,NIFTY30JAN25F,NIFTY,23125.0,3295025,23123.05,23125.0,9379975,25,25
2025-01-29 11:51:01.718057,NIFTY30JAN25F,NIFTY,23116.65,3295725,23116.65,23120.0,9379975,225,25
2025-01-29 11:51:03.034170,NIFTY30JAN25F,NIFTY,23116.65,3295775,23116.65,23119.0,9379975,175,25
2025-01-29 11:51:04.343995,NIFTY30JAN25F,NIFTY,23116.65,3295775,23116.65,23119.0,9379975,175,25
2025-01-29 11:51:05.678511,NIFTY30JAN25F,NIFTY,23118.0,3295800,23118.0,23119.0,9379975,275,25
2025-01-29 11:51:06.981118,NIFTY30JAN25F,NIFTY,23118.0,3295800,23118.0,23119.0,9379975,275,25
2025-01-29 11:51:08.292668,NIFTY30JAN25F,NIFTY,23119.0,3295800,23118.0,23119.0,9379975,275,25
2025-01-29 11:51:09.623394,NIFTY30JAN25F,NIFTY,23119.0,3295825,23118.0,23119.0,9379975,275,75
2025-01-29 11:51:10.928145,NIFTY30JAN25F,NIFTY,23119.0,3295925,23118.0,23120.0,9379975,250,50
2025-01-29 11:51:12.489421,NIFTY30JAN25F,NIFTY,23118.0,3296050,23118.0,23120.4,9379975,200,175
2025-01-29 11:51:13.970089,NIFTY30JAN25F,NIFTY,23119.0,3296600,23116.65,23119.0,9379975,175,1000
2025-01-29 11:51:15.675662,NIFTY30JAN25F,NIFTY,23116.0,3297000,23116.0,23119.0,9379975,100,925
2025-01-29 11:51:17.083170,NIFTY30JAN25F,NIFTY,23116.0,3297100,23116.0,23119.0,9379975,100,875
2025-01-29 11:51:18.460488,NIFTY30JAN25F,NIFTY,23113.9,3297100,23116.0,23119.0,9379975,100,875
2025-01-29 11:51:19.989788,NIFTY30JAN25F,NIFTY,23116.0,3297350,23116.0,23119.0,9379975,25,875
2025-01-29 11:51:21.371440,NIFTY30JAN25F,NIFTY,23119.0,3297375,23116.0,23119.0,9379975,25,875
2025-01-29 11:51:22.674790,NIFTY30JAN25F,NIFTY,23115.05,3298475,23114.85,23120.0,9379975,75,4000
2025-01-29 11:51:24.067063,NIFTY30JAN25F,NIFTY,23115.05,3298550,23114.85,23118.75,9379975,25,50
2025-01-29 11:51:25.475452,NIFTY30JAN25F,NIFTY,23120.0,3298775,23114.95,23120.0,9379975,100,3800
2025-01-29 11:51:26.771705,NIFTY30JAN25F,NIFTY,23120.0,3298775,23114.95,23120.0,9379975,100,3800
2025-01-29 11:51:28.405840,NIFTY30JAN25F,NIFTY,23117.2,3299050,23117.2,23120.0,9379975,25,3575
2025-01-29 11:51:29.720055,NIFTY30JAN25F,NIFTY,23117.1,3299075,23117.25,23120.0,9379975,350,3575
2025-01-29 11:51:31.022071,NIFTY30JAN25F,NIFTY,23120.0,3299200,23115.45,23120.0,9379975,25,3500
2025-01-29 11:51:32.747778,NIFTY30JAN25F,NIFTY,23120.0,3299475,23115.55,23120.0,9379975,400,3300
2025-01-29 11:51:34.061958,NIFTY30JAN25F,NIFTY,23120.0,3299475,23115.6,23120.0,9379975,200,3300
2025-01-29 11:51:35.368842,NIFTY30JAN25F,NIFTY,23115.35,3300275,23115.25,23120.0,9379975,125,3100
2025-01-29 11:51:36.683845,NIFTY30JAN25F,NIFTY,23115.35,3300275,23115.25,23120.0,9379975,125,3100
2025-01-29 11:51:37.992159,NIFTY30JAN25F,NIFTY,23119.0,3300275,23115.5,23119.0,9379975,50,475
2025-01-29 11:51:39.314875,NIFTY30JAN25F,NIFTY,23119.0,3300325,23115.5,23119.0,9379975,125,425
2025-01-29 11:51:40.667056,NIFTY30JAN25F,NIFTY,23119.0,3300325,23115.65,23119.0,9379975,475,425
2025-01-29 11:51:42.006211,NIFTY30JAN25F,NIFTY,23119.0,3300325,23115.65,23119.0,9379975,475,425
2025-01-29 11:51:43.309428,NIFTY30JAN25F,NIFTY,23119.0,3300450,23115.65,23119.0,9379975,25,325
2025-01-29 11:51:44.606228,NIFTY30JAN25F,NIFTY,23119.0,3300600,23116.0,23119.0,9379975,75,175
2025-01-29 11:51:45.933824,NIFTY30JAN25F,NIFTY,23119.0,3300675,23117.25,23119.0,9379975,450,100
2025-01-29 11:51:47.242188,NIFTY30JAN25F,NIFTY,23119.0,3300675,23116.75,23118.95,9379975,25,50
2025-01-29 11:51:48.552850,NIFTY30JAN25F,NIFTY,23119.0,3300675,23116.75,23118.95,9379975,25,50
2025-01-29 11:51:49.891971,NIFTY30JAN25F,NIFTY,23119.0,3300675,23116.75,23118.95,9379975,25,50
2025-01-29 11:51:51.189519,NIFTY30JAN25F,NIFTY,23119.0,3300675,23116.75,23118.95,9379975,25,50
2025-01-29 11:51:52.504139,NIFTY30JAN25F,NIFTY,23118.95,3300700,23117.0,23118.95,9379975,150,25
2025-01-29 11:51:53.799591,NIFTY30JAN25F,NIFTY,23117.0,3300775,23117.0,23118.95,9379975,75,25
2025-01-29 11:51:55.105364,NIFTY30JAN25F,NIFTY,23117.0,3300775,23117.0,23118.95,9379975,75,25
2025-01-29 11:51:56.422549,NIFTY30JAN25F,NIFTY,23118.95,3300800,23117.0,23118.95,9379975,50,75
2025-01-29 11:51:57.714201,NIFTY30JAN25F,NIFTY,23118.95,3301100,23118.15,23119.0,9379975,25,225
2025-01-29 11:51:59.002968,NIFTY30JAN25F,NIFTY,23118.95,3301100,23118.15,23119.0,9379975,25,1325
2025-01-29 11:52:00.312206,NIFTY30JAN25F,NIFTY,23118.9,3301100,23118.15,23119.0,9379975,25,1325
2025-01-29 11:52:01.641477,NIFTY30JAN25F,NIFTY,23116.0,3301350,23116.0,23118.5,9379975,75,175
2025-01-29 11:52:02.946394,NIFTY30JAN25F,NIFTY,23115.5,3301500,23115.5,23118.95,9379975,50,175
2025-01-29 11:52:04.249574,NIFTY30JAN25F,NIFTY,23115.5,3301550,23114.0,23114.95,9379975,25,25
2025-01-29 11:52:05.549903,NIFTY30JAN25F,NIFTY,23114.0,3301575,23113.0,23118.45,9379975,50,175
2025-01-29 11:52:06.843951,NIFTY30JAN25F,NIFTY,23114.0,3301575,23113.0,23118.45,9379975,50,175
2025-01-29 11:52:08.153625,NIFTY30JAN25F,NIFTY,23119.0,3301650,23114.05,23119.0,9379975,375,1550
2025-01-29 11:52:09.449038,NIFTY30JAN25F,NIFTY,23119.0,3301650,23113.4,23118.85,9379975,25,175
2025-01-29 11:52:10.786314,NIFTY30JAN25F,NIFTY,23119.0,3301650,23113.25,23118.0,9379975,350,25
2025-01-29 11:52:12.093547,NIFTY30JAN25F,NIFTY,23113.4,3301650,23113.25,23118.0,9379975,350,25
2025-01-29 11:52:13.439061,NIFTY30JAN25F,NIFTY,23118.75,3301675,23114.5,23118.0,9379975,75,25
2025-01-29 11:52:14.747877,NIFTY30JAN25F,NIFTY,23114.5,3301825,23114.5,23118.75,9379975,75,100
2025-01-29 11:52:16.052873,NIFTY30JAN25F,NIFTY,23118.0,3301975,23113.55,23118.0,9379975,100,50
2025-01-29 11:52:17.347310,NIFTY30JAN25F,NIFTY,23118.0,3301975,23113.7,23118.0,9379975,25,50
2025-01-29 11:52:18.668441,NIFTY30JAN25F,NIFTY,23118.0,3301975,23113.7,23118.0,9379975,25,50
2025-01-29 11:52:19.959711,NIFTY30JAN25F,NIFTY,23118.0,3301975,23113.4,23118.0,9379975,25,50
2025-01-29 11:52:21.250498,NIFTY30JAN25F,NIFTY,23118.0,3301975,23113.85,23116.0,9379975,25,75
2025-01-29 11:52:22.552346,NIFTY30JAN25F,NIFTY,23118.0,3301975,23113.6,23116.0,9379975,25,75
2025-01-29 11:52:23.857654,NIFTY30JAN25F,NIFTY,23118.0,3302450,23113.25,23118.0,9367300,125,125
2025-01-29 11:52:25.152021,NIFTY30JAN25F,NIFTY,23113.8,3302450,23113.25,23118.0,9367300,125,125
2025-01-29 11:52:26.447747,NIFTY30JAN25F,NIFTY,23113.8,3303950,23113.8,23118.0,9367300,25,225
2025-01-29 11:52:28.076284,NIFTY30JAN25F,NIFTY,23113.8,3303950,23114.0,23118.0,9367300,250,1800
2025-01-29 11:52:29.456923,NIFTY30JAN25F,NIFTY,23120.0,3306250,23119.1,23120.0,9367300,25,3025
2025-01-29 11:52:30.941704,NIFTY30JAN25F,NIFTY,23123.0,3309300,23120.3,23123.0,9367300,25,100
2025-01-29 11:52:32.329855,NIFTY30JAN25F,NIFTY,23123.0,3309400,23119.8,23124.35,9367300,25,50
2025-01-29 11:52:33.800577,NIFTY30JAN25F,NIFTY,23128.65,3309775,23125.0,23129.0,9367300,50,50
2025-01-29 11:52:35.333076,NIFTY30JAN25F,NIFTY,23128.65,3309775,23125.0,23129.0,9367300,50,50
2025-01-29 11:52:36.742581,NIFTY30JAN25F,NIFTY,23125.35,3309775,23125.0,23127.8,9367300,50,50
2025-01-29 11:52:38.085731,NIFTY30JAN25F,NIFTY,23125.35,3311300,23119.0,23124.65,9367300,25,50
2025-01-29 11:52:39.611563,NIFTY30JAN25F,NIFTY,23115.55,3311350,23115.35,23121.85,9367300,125,75
2025-01-29 11:52:40.965463,NIFTY30JAN25F,NIFTY,23119.9,3311475,23115.0,23120.65,9367300,75,325
2025-01-29 11:52:42.289079,NIFTY30JAN25F,NIFTY,23120.0,3311500,23115.0,23120.3,9367300,50,50
2025-01-29 11:52:43.878677,NIFTY30JAN25F,NIFTY,23115.0,3311625,23115.0,23118.75,9367300,25,275
2025-01-29 11:52:45.256620,NIFTY30JAN25F,NIFTY,23118.1,3311625,23115.0,23118.75,9367300,25,275
2025-01-29 11:52:46.559377,NIFTY30JAN25F,NIFTY,23118.0,3311800,23112.05,23118.1,9367300,50,50
2025-01-29 11:52:47.849287,NIFTY30JAN25F,NIFTY,23118.0,3311800,23112.0,23117.3,9367300,375,50
2025-01-29 11:52:49.153136,NIFTY30JAN25F,NIFTY,23117.45,3311825,23112.0,23117.15,9367300,375,150
2025-01-29 11:52:50.454893,NIFTY30JAN25F,NIFTY,23117.45,3311825,23112.0,23117.15,9367300,375,150
2025-01-29 11:52:51.740142,NIFTY30JAN25F,NIFTY,23117.45,3311825,23112.0,23116.0,9367300,375,100
2025-01-29 11:52:53.036827,NIFTY30JAN25F,NIFTY,23117.45,3311825,23112.0,23116.0,9367300,375,100
2025-01-29 11:52:54.348426,NIFTY30JAN25F,NIFTY,23112.05,3312375,23110.0,23113.0,9367300,150,100
2025-01-29 11:52:55.628926,NIFTY30JAN25F,NIFTY,23106.25,3315025,23107.1,23113.45,9367300,50,200
2025-01-29 11:52:56.932736,NIFTY30JAN25F,NIFTY,23106.5,3315025,23107.1,23113.45,9367300,50,200
2025-01-29 11:52:58.360752,NIFTY30JAN25F,NIFTY,23106.5,3315075,23107.0,23113.3,9367300,50,200
2025-01-29 11:52:59.656416,NIFTY30JAN25F,NIFTY,23115.45,3315075,23109.45,23115.0,9367300,50,1000
2025-01-29 11:53:00.954719,NIFTY30JAN25F,NIFTY,23117.4,3316700,23112.05,23117.4,9367300,25,100
2025-01-29 11:53:02.320613,NIFTY30JAN25F,NIFTY,23117.4,3316750,23114.0,23117.45,9367300,25,400
2025-01-29 11:53:03.621249,NIFTY30JAN25F,NIFTY,23117.45,3316750,23114.0,23117.45,9367300,25,400
2025-01-29 11:53:04.924341,NIFTY30JAN25F,NIFTY,23117.45,3316950,23114.4,23117.45,9367300,50,225
2025-01-29 11:53:06.220539,NIFTY30JAN25F,NIFTY,23117.45,3317025,23114.4,23117.45,9367300,25,150
2025-01-29 11:53:07.513585,NIFTY30JAN25F,NIFTY,23114.0,3317100,23112.95,23117.45,9367300,200,150
2025-01-29 11:53:08.805772,NIFTY30JAN25F,NIFTY,23113.55,3317100,23112.95,23117.45,9367300,200,150
2025-01-29 11:53:10.090896,NIFTY30JAN25F,NIFTY,23120.0,3317175,23114.6,23117.45,9367300,200,225
2025-01-29 11:53:11.380592,NIFTY30JAN25F,NIFTY,23120.0,3317550,23117.45,23122.15,9367300,25,225
2025-01-29 11:53:12.680235,NIFTY30JAN25F,NIFTY,23120.0,3317550,23117.45,23122.95,9367300,50,50
2025-01-29 11:53:13.971273,NIFTY30JAN25F,NIFTY,23120.0,3317575,23117.45,23122.95,9367300,50,175
2025-01-29 11:53:15.272210,NIFTY30JAN25F,NIFTY,23117.5,3317575,23117.45,23122.95,9367300,50,175
2025-01-29 11:53:16.562011,NIFTY30JAN25F,NIFTY,23123.0,3317875,23117.45,23123.35,9367300,25,175
2025-01-29 11:53:17.857619,NIFTY30JAN25F,NIFTY,23123.0,3317900,23117.45,23123.7,9367300,25,175
2025-01-29 11:53:19.165419,NIFTY30JAN25F,NIFTY,23120.3,3317975,23120.3,23123.0,9367300,150,225
2025-01-29 11:53:20.454866,NIFTY30JAN25F,NIFTY,23120.3,3318100,23117.0,23122.0,9367300,75,75
2025-01-29 11:53:21.750902,NIFTY30JAN25F,NIFTY,23120.3,3318100,23117.0,23122.0,9367300,75,75
2025-01-29 11:53:23.038818,NIFTY30JAN25F,NIFTY,23123.0,3318150,23117.2,23123.0,9367300,50,200
2025-01-29 11:53:24.336808,NIFTY30JAN25F,NIFTY,23123.0,3318150,23120.3,23123.0,9367300,50,200
2025-01-29 11:53:25.621120,NIFTY30JAN25F,NIFTY,23123.0,3318150,23120.3,23123.0,9367300,75,200
2025-01-29 11:53:26.929480,NIFTY30JAN25F,NIFTY,23123.0,3318150,23120.3,23123.0,9367300,75,200
2025-01-29 11:53:28.229191,NIFTY30JAN25F,NIFTY,23123.0,3318150,23120.3,23123.0,9367300,75,200
2025-01-29 11:53:29.532808,NIFTY30JAN25F,NIFTY,23123.0,3318300,23120.3,23123.0,9367300,75,50
2025-01-29 11:53:30.818035,NIFTY30JAN25F,NIFTY,23120.3,3318400,23120.3,23123.0,9367300,50,25
2025-01-29 11:53:32.128104,NIFTY30JAN25F,NIFTY,23120.3,3318400,23120.3,23123.0,9367300,50,25
2025-01-29 11:53:33.440754,NIFTY30JAN25F,NIFTY,23120.3,3318400,23120.3,23123.0,9367300,75,25
2025-01-29 11:53:34.761920,NIFTY30JAN25F,NIFTY,23120.3,3318400,23120.3,23123.0,9367300,75,50
2025-01-29 11:53:36.066067,NIFTY30JAN25F,NIFTY,23120.3,3318475,23120.3,23123.0,9367300,25,50
2025-01-29 11:53:37.357315,NIFTY30JAN25F,NIFTY,23125.0,3318925,23121.1,23125.0,9367300,50,300
2025-01-29 11:53:38.663172,NIFTY30JAN25F,NIFTY,23125.0,3318925,23121.1,23125.0,9367300,50,300
2025-01-29 11:53:39.966310,NIFTY30JAN25F,NIFTY,23121.1,3318925,23121.1,23125.0,9367300,25,325
2025-01-29 11:53:41.265906,NIFTY30JAN25F,NIFTY,23125.0,3319075,23121.1,23125.0,9367300,75,225
2025-01-29 11:53:42.571160,NIFTY30JAN25F,NIFTY,23125.0,3319150,23121.1,23125.0,9367300,75,250
2025-01-29 11:53:43.880554,NIFTY30JAN25F,NIFTY,23124.95,3319250,23121.1,23124.95,9367300,75,25
2025-01-29 11:53:45.338968,NIFTY30JAN25F,NIFTY,23124.95,3319250,23121.1,23124.95,9367300,75,25
2025-01-29 11:53:46.728367,NIFTY30JAN25F,NIFTY,23124.95,3319250,23121.1,23125.0,9367300,100,725
2025-01-29 11:53:48.183316,NIFTY30JAN25F,NIFTY,23124.95,3319250,23121.1,23124.95,9367300,100,25
2025-01-29 11:53:49.554663,NIFTY30JAN25F,NIFTY,23120.0,3319250,23121.1,23125.0,9367300,100,725
2025-01-29 11:53:50.930600,NIFTY30JAN25F,NIFTY,23126.25,3326450,23126.3,23130.0,9367300,50,1750
2025-01-29 11:53:52.373580,NIFTY30JAN25F,NIFTY,23129.95,3326550,23122.75,23129.2,9367300,200,125
2025-01-29 11:53:53.758168,NIFTY30JAN25F,NIFTY,23129.95,3326550,23122.75,23129.2,9367300,200,125
2025-01-29 11:53:55.048832,NIFTY30JAN25F,NIFTY,23130.0,3326550,23126.35,23129.95,9367300,50,125
2025-01-29 11:53:56.403352,NIFTY30JAN25F,NIFTY,23134.0,3328875,23129.2,23134.0,9367300,25,225
2025-01-29 11:53:57.709845,NIFTY30JAN25F,NIFTY,23128.05,3328875,23129.2,23130.0,9367300,50,1800
2025-01-29 11:53:59.180405,NIFTY30JAN25F,NIFTY,23126.9,3329150,23126.35,23130.0,9367300,50,2400
2025-01-29 11:54:00.566335,NIFTY30JAN25F,NIFTY,23126.9,3329150,23126.35,23130.0,9367300,75,2425
2025-01-29 11:54:01.871663,NIFTY30JAN25F,NIFTY,23130.0,3329150,23126.35,23130.0,9367300,75,2425
2025-01-29 11:54:03.168107,NIFTY30JAN25F,NIFTY,23129.0,3329225,23127.55,23129.0,9367300,250,1275
2025-01-29 11:54:04.470416,NIFTY30JAN25F,NIFTY,23129.0,3329250,23127.55,23128.95,9367300,25,1000
2025-01-29 11:54:05.761622,NIFTY30JAN25F,NIFTY,23128.95,3329675,23127.55,23128.95,9367300,25,700
2025-01-29 11:54:07.172997,NIFTY30JAN25F,NIFTY,23127.55,3329700,23127.55,23128.95,9367300,25,700
2025-01-29 11:54:08.702427,NIFTY30JAN25F,NIFTY,23128.95,3329700,23127.55,23128.95,9367300,25,700
2025-01-29 11:54:10.076314,NIFTY30JAN25F,NIFTY,23123.0,3329825,23123.0,23128.35,9367300,1000,100
2025-01-29 11:54:11.447004,NIFTY30JAN25F,NIFTY,23123.05,3329850,23123.0,23127.95,9367300,975,75
2025-01-29 11:54:12.903758,NIFTY30JAN25F,NIFTY,23123.05,3330200,23123.0,23126.7,9367300,1000,125
2025-01-29 11:54:14.268903,NIFTY30JAN25F,NIFTY,23126.1,3330300,23123.0,23125.9,9367300,1000,375
2025-01-29 11:54:15.896429,NIFTY30JAN25F,NIFTY,23125.0,3330375,23123.0,23125.0,9367300,1000,225
2025-01-29 11:54:17.203208,NIFTY30JAN25F,NIFTY,23125.0,3330375,23123.0,23125.0,9367300,1000,225
2025-01-29 11:54:18.564143,NIFTY30JAN25F,NIFTY,23123.35,3330650,23123.0,23123.9,9367300,1000,375
2025-01-29 11:54:19.935090,NIFTY30JAN25F,NIFTY,23123.35,3331725,23121.0,23125.0,9367300,1800,200
2025-01-29 11:54:21.262917,NIFTY30JAN25F,NIFTY,23121.0,3331725,23121.0,23125.0,9367300,2325,750
2025-01-29 11:54:22.652408,NIFTY30JAN25F,NIFTY,23121.0,3332225,23121.0,23124.1,9367300,1825,150
2025-01-29 11:54:23.936701,NIFTY30JAN25F,NIFTY,23123.2,3332225,23121.0,23124.1,9367300,1825,150
2025-01-29 11:54:25.371685,NIFTY30JAN25F,NIFTY,23121.0,3332475,23121.0,23122.95,9367300,1675,425
2025-01-29 11:54:26.701364,NIFTY30JAN25F,NIFTY,23122.9,3334525,23120.0,23122.9,9367300,50,125
2025-01-29 11:54:28.027522,NIFTY30JAN25F,NIFTY,23121.0,3334750,23117.05,23121.0,9367300,50,25
2025-01-29 11:54:29.329729,NIFTY30JAN25F,NIFTY,23121.0,3334825,23115.9,23121.0,9367300,225,200
2025-01-29 11:54:30.734661,NIFTY30JAN25F,NIFTY,23121.0,3334825,23116.5,23121.0,9367300,50,200
2025-01-29 11:54:32.059513,NIFTY30JAN25F,NIFTY,23121.0,3334825,23116.5,23121.0,9367300,50,200
2025-01-29 11:54:33.373930,NIFTY30JAN25F,NIFTY,23120.0,3334825,23116.5,23121.0,9367300,25,300
2025-01-29 11:54:34.682795,NIFTY30JAN25F,NIFTY,23120.0,3334900,23116.55,23120.0,9367300,25,150
2025-01-29 11:54:36.005838,NIFTY30JAN25F,NIFTY,23120.0,3335200,23120.0,23120.95,9367300,25,350
2025-01-29 11:54:37.309405,NIFTY30JAN25F,NIFTY,23120.0,3335200,23120.0,23120.95,9367300,25,350
2025-01-29 11:54:38.645303,NIFTY30JAN25F,NIFTY,23120.0,3335250,23115.3,23120.9,9367300,50,50
2025-01-29 11:54:39.965239,NIFTY30JAN25F,NIFTY,23120.8,3335250,23115.3,23120.35,9367300,25,225
2025-01-29 11:54:41.268822,NIFTY30JAN25F,NIFTY,23120.3,3336350,23117.0,23122.4,9367300,250,50
2025-01-29 11:54:42.560493,NIFTY30JAN25F,NIFTY,23121.35,3336650,23117.0,23121.35,9367300,250,175
2025-01-29 11:54:43.865465,NIFTY30JAN25F,NIFTY,23121.0,3336650,23117.0,23121.35,9367300,250,175
2025-01-29 11:54:45.154552,NIFTY30JAN25F,NIFTY,23120.0,3336725,23117.0,23121.0,9367300,275,100
2025-01-29 11:54:46.442797,NIFTY30JAN25F,NIFTY,23119.55,3337100,23117.0,23119.55,9367300,200,125
2025-01-29 11:54:47.737286,NIFTY30JAN25F,NIFTY,23119.5,3337100,23118.0,23119.5,9367300,25,150
2025-01-29 11:54:49.107041,NIFTY30JAN25F,NIFTY,23117.0,3337400,23117.0,23118.75,9367300,75,550
2025-01-29 11:54:50.421220,NIFTY30JAN25F,NIFTY,23117.0,3337400,23117.0,23118.75,9367300,75,550
2025-01-29 11:54:51.721215,NIFTY30JAN25F,NIFTY,23117.45,3337500,23115.0,23117.65,9367300,25,800
2025-01-29 11:54:53.014647,NIFTY30JAN25F,NIFTY,23117.0,3337600,23115.0,23117.0,9367300,25,100
2025-01-29 11:54:54.375932,NIFTY30JAN25F,NIFTY,23119.05,3337750,23115.0,23119.2,9367300,25,750
2025-01-29 11:54:55.682011,NIFTY30JAN25F,NIFTY,23119.3,3337850,23115.0,23119.0,9367300,25,50
2025-01-29 11:54:56.990881,NIFTY30JAN25F,NIFTY,23119.55,3337850,23115.0,23119.0,9367300,25,50
2025-01-29 11:54:58.298357,NIFTY30JAN25F,NIFTY,23116.0,3337925,23116.0,23119.55,9367300,250,475
2025-01-29 11:54:59.599407,NIFTY30JAN25F,NIFTY,23118.0,3338125,23116.0,23118.6,9367300,125,25
2025-01-29 11:55:01.084388,NIFTY30JAN25F,NIFTY,23119.55,3338275,23116.0,23120.0,9367300,50,1000
2025-01-29 11:55:02.545322,NIFTY30JAN25F,NIFTY,23118.0,3338300,23117.0,23119.5,9367300,25,25
2025-01-29 11:55:04.061766,NIFTY30JAN25F,NIFTY,23120.0,3338550,23117.0,23120.0,9367300,50,250
2025-01-29 11:55:05.472990,NIFTY30JAN25F,NIFTY,23120.0,3338550,23117.0,23120.0,9367300,50,250
2025-01-29 11:55:06.850525,NIFTY30JAN25F,NIFTY,23119.3,3338850,23116.0,23120.0,9367300,25,150
2025-01-29 11:55:08.364727,NIFTY30JAN25F,NIFTY,23119.45,3339025,23116.0,23119.45,9367300,50,175
2025-01-29 11:55:09.855562,NIFTY30JAN25F,NIFTY,23115.05,3339375,23115.0,23119.05,9367300,25,125
2025-01-29 11:55:11.234197,NIFTY30JAN25F,NIFTY,23118.8,3339525,23116.0,23118.4,9367300,25,300
2025-01-29 11:55:12.532884,NIFTY30JAN25F,NIFTY,23115.0,3339600,23114.0,23115.8,9367300,25,150
2025-01-29 11:55:13.948998,NIFTY30JAN25F,NIFTY,23115.0,3339600,23114.0,23115.8,9367300,25,150
2025-01-29 11:55:15.241837,NIFTY30JAN25F,NIFTY,23111.15,3339600,23114.0,23115.0,9367300,50,25
2025-01-29 11:55:16.628565,NIFTY30JAN25F,NIFTY,23110.7,3339750,23111.0,23116.0,9367300,25,75
2025-01-29 11:55:18.233788,NIFTY30JAN25F,NIFTY,23116.0,3340000,23110.25,23116.85,9367300,200,150
2025-01-29 11:55:19.575105,NIFTY30JAN25F,NIFTY,23116.0,3340000,23110.25,23115.8,9367300,25,150
2025-01-29 11:55:20.875702,NIFTY30JAN25F,NIFTY,23111.0,3340025,23110.25,23114.45,9367300,25,50
2025-01-29 11:55:22.154931,NIFTY30JAN25F,NIFTY,23112.0,3340025,23110.25,23114.45,9367300,25,50
2025-01-29 11:55:23.481043,NIFTY30JAN25F,NIFTY,23112.0,3340050,23110.25,23114.2,9367300,25,50
2025-01-29 11:55:24.797511,NIFTY30JAN25F,NIFTY,23110.25,3340050,23110.25,23114.55,9376650,25,50
2025-01-29 11:55:26.099149,NIFTY30JAN25F,NIFTY,23110.0,3340075,23110.25,23112.0,9376650,25,75
2025-01-29 11:55:27.401524,NIFTY30JAN25F,NIFTY,23111.45,3341125,23110.0,23112.0,9376650,25,125
2025-01-29 11:55:28.703882,NIFTY30JAN25F,NIFTY,23112.95,3341125,23110.0,23112.0,9376650,25,125
2025-01-29 11:55:30.025498,NIFTY30JAN25F,NIFTY,23106.75,3342400,23106.95,23112.85,9376650,50,50
2025-01-29 11:55:31.319818,NIFTY30JAN25F,NIFTY,23106.95,3342425,23108.05,23112.0,9376650,50,50
2025-01-29 11:55:32.650803,NIFTY30JAN25F,NIFTY,23108.25,3342450,23108.05,23112.0,9376650,25,50
2025-01-29 11:55:33.948765,NIFTY30JAN25F,NIFTY,23108.05,3342450,23108.05,23112.0,9376650,25,50
2025-01-29 11:55:35.243328,NIFTY30JAN25F,NIFTY,23108.05,3342500,23107.1,23110.0,9376650,200,300
2025-01-29 11:55:36.581366,NIFTY30JAN25F,NIFTY,23108.7,3342500,23108.7,23110.0,9376650,50,850
2025-01-29 11:55:37.922756,NIFTY30JAN25F,NIFTY,23107.4,3342775,23107.7,23109.95,9376650,150,50
2025-01-29 11:55:39.228842,NIFTY30JAN25F,NIFTY,23107.9,3342800,23108.4,23109.95,9376650,200,50
2025-01-29 11:55:40.530871,NIFTY30JAN25F,NIFTY,23110.0,3342800,23108.4,23109.95,9376650,200,50
2025-01-29 11:55:41.836202,NIFTY30JAN25F,NIFTY,23116.5,3344950,23111.7,23115.0,9376650,50,75
2025-01-29 11:55:43.127448,NIFTY30JAN25F,NIFTY,23111.7,3345100,23111.7,23116.15,9376650,25,200
2025-01-29 11:55:44.458510,NIFTY30JAN25F,NIFTY,23116.85,3345325,23110.35,23116.65,9376650,175,200
2025-01-29 11:55:45.753356,NIFTY30JAN25F,NIFTY,23110.9,3345425,23110.6,23116.35,9376650,25,200
2025-01-29 11:55:47.062148,NIFTY30JAN25F,NIFTY,23110.9,3345425,23110.6,23116.35,9376650,25,200
2025-01-29 11:55:48.419649,NIFTY30JAN25F,NIFTY,23108.0,3345425,23108.45,23114.95,9376650,100,200
2025-01-29 11:55:49.726692,NIFTY30JAN25F,NIFTY,23111.7,3346775,23111.7,23114.5,9376650,25,50
2025-01-29 11:55:51.055261,NIFTY30JAN25F,NIFTY,23108.0,3346900,23108.0,23113.5,9376650,450,650
2025-01-29 11:55:52.369392,NIFTY30JAN25F,NIFTY,23108.0,3346900,23108.05,23113.65,9376650,50,50
2025-01-29 11:55:53.656792,NIFTY30JAN25F,NIFTY,23113.65,3346900,23108.05,23113.65,9376650,50,50
2025-01-29 11:55:54.944808,NIFTY30JAN25F,NIFTY,23113.65,3346925,23108.0,23112.55,9376650,450,650
2025-01-29 11:55:56.238892,NIFTY30JAN25F,NIFTY,23113.65,3346925,23108.0,23111.55,9376650,450,50
2025-01-29 11:55:57.577991,NIFTY30JAN25F,NIFTY,23109.0,3346925,23109.0,23110.0,9376650,275,600
2025-01-29 11:55:58.893856,NIFTY30JAN25F,NIFTY,23109.0,3347025,23109.0,23110.0,9376650,175,600
2025-01-29 11:56:00.616391,NIFTY30JAN25F,NIFTY,23110.0,3347025,23109.0,23110.0,9376650,175,600
2025-01-29 11:56:01.952415,NIFTY30JAN25F,NIFTY,23110.0,3348275,23106.1,23110.95,9376650,100,475
2025-01-29 11:56:03.295261,NIFTY30JAN25F,NIFTY,23106.1,3348275,23106.1,23110.6,9376650,100,725
2025-01-29 11:56:04.613366,NIFTY30JAN25F,NIFTY,23106.1,3348300,23108.0,23110.7,9376650,25,350
2025-01-29 11:56:05.929896,NIFTY30JAN25F,NIFTY,23106.1,3348475,23106.1,23111.1,9376650,25,450
2025-01-29 11:56:07.264418,NIFTY30JAN25F,NIFTY,23111.0,3348475,23106.1,23111.1,9376650,25,450
2025-01-29 11:56:08.580581,NIFTY30JAN25F,NIFTY,23111.0,3348500,23106.1,23111.1,9376650,25,25
2025-01-29 11:56:09.898961,NIFTY30JAN25F,NIFTY,23110.25,3348500,23106.1,23110.25,9376650,25,425
2025-01-29 11:56:11.226749,NIFTY30JAN25F,NIFTY,23109.85,3348575,23106.1,23110.4,9376650,25,400
2025-01-29 11:56:12.529509,NIFTY30JAN25F,NIFTY,23105.0,3349550,23107.35,23109.55,9376650,750,400
2025-01-29 11:56:13.863351,NIFTY30JAN25F,NIFTY,23110.35,3349550,23107.35,23109.55,9376650,750,400
2025-01-29 11:56:15.187274,NIFTY30JAN25F,NIFTY,23107.35,3349625,23107.35,23109.8,9376650,725,125
2025-01-29 11:56:16.489654,NIFTY30JAN25F,NIFTY,23107.35,3349625,23107.35,23109.45,9376650,725,50
2025-01-29 11:56:17.989285,NIFTY30JAN25F,NIFTY,23107.35,3349725,23107.35,23108.0,9376650,650,2000
2025-01-29 11:56:19.567926,NIFTY30JAN25F,NIFTY,23107.35,3349725,23107.35,23108.0,9376650,650,2000
2025-01-29 11:56:21.039456,NIFTY30JAN25F,NIFTY,23108.0,3349775,23107.35,23108.0,9376650,600,2000
2025-01-29 11:56:22.437280,NIFTY30JAN25F,NIFTY,23108.0,3350350,23107.35,23108.0,9376650,625,1425
2025-01-29 11:56:23.913605,NIFTY30JAN25F,NIFTY,23107.35,3350350,23107.35,23108.0,9376650,625,1425
2025-01-29 11:56:25.401649,NIFTY30JAN25F,NIFTY,23108.0,3350525,23107.35,23108.0,9376650,475,1425
2025-01-29 11:56:26.829408,NIFTY30JAN25F,NIFTY,23107.35,3350750,23107.35,23108.0,9376650,275,2300
2025-01-29 11:56:28.139334,NIFTY30JAN25F,NIFTY,23107.35,3350775,23107.35,23108.0,9376650,25,2300
2025-01-29 11:56:29.528360,NIFTY30JAN25F,NIFTY,23110.0,3351825,23107.35,23110.0,9376650,25,125
2025-01-29 11:56:30.848223,NIFTY30JAN25F,NIFTY,23110.0,3352000,23108.4,23111.0,9376650,50,200
2025-01-29 11:56:32.543892,NIFTY30JAN25F,NIFTY,23110.0,3352000,23108.4,23111.0,9376650,25,225
2025-01-29 11:56:33.873065,NIFTY30JAN25F,NIFTY,23110.0,3352000,23108.4,23111.0,9376650,25,225
2025-01-29 11:56:35.277115,NIFTY30JAN25F,NIFTY,23110.0,3352000,23108.5,23111.0,9376650,75,225
2025-01-29 11:56:36.582979,NIFTY30JAN25F,NIFTY,23110.0,3352000,23108.5,23111.0,9376650,100,225
2025-01-29 11:56:37.889047,NIFTY30JAN25F,NIFTY,23111.0,3352025,23109.95,23111.0,9376650,200,225
2025-01-29 11:56:39.200957,NIFTY30JAN25F,NIFTY,23113.0,3352275,23109.95,23113.65,9376650,25,25
2025-01-29 11:56:40.526873,NIFTY30JAN25F,NIFTY,23113.0,3352275,23109.95,23113.65,9376650,25,25
2025-01-29 11:56:41.849149,NIFTY30JAN25F,NIFTY,23113.0,3352275,23110.2,23113.65,9376650,250,25
2025-01-29 11:56:43.152706,NIFTY30JAN25F,NIFTY,23114.65,3352275,23108.8,23113.65,9376650,25,25
2025-01-29 11:56:44.466075,NIFTY30JAN25F,NIFTY,23114.65,3352500,23110.1,23115.0,9376650,25,750
2025-01-29 11:56:45.807441,NIFTY30JAN25F,NIFTY,23114.65,3352500,23110.4,23115.0,9376650,250,750
2025-01-29 11:56:47.129316,NIFTY30JAN25F,NIFTY,23114.65,3352500,23110.4,23115.0,9376650,250,750
2025-01-29 11:56:48.434720,NIFTY30JAN25F,NIFTY,23115.0,3352500,23110.4,23115.0,9376650,25,750
2025-01-29 11:56:49.792243,NIFTY30JAN25F,NIFTY,23110.2,3352700,23111.0,23115.0,9376650,75,950
2025-01-29 11:56:51.086112,NIFTY30JAN25F,NIFTY,23110.2,3352700,23111.05,23115.0,9376650,200,950
2025-01-29 11:56:52.392160,NIFTY30JAN25F,NIFTY,23111.05,3352725,23111.05,23115.0,9376650,200,950
2025-01-29 11:56:53.735679,NIFTY30JAN25F,NIFTY,23111.05,3352725,23111.05,23115.0,9376650,200,950
2025-01-29 11:56:55.040550,NIFTY30JAN25F,NIFTY,23111.1,3352825,23111.1,23115.0,9376650,25,875
2025-01-29 11:56:56.340253,NIFTY30JAN25F,NIFTY,23115.0,3352925,23111.1,23115.0,9376650,25,800
2025-01-29 11:56:57.662400,NIFTY30JAN25F,NIFTY,23115.0,3352925,23111.1,23113.0,9376650,25,300
2025-01-29 11:56:58.996838,NIFTY30JAN25F,NIFTY,23111.1,3354050,23111.1,23116.65,9376650,25,50
2025-01-29 11:57:00.388307,NIFTY30JAN25F,NIFTY,23111.1,3354050,23111.1,23116.65,9376650,25,50
2025-01-29 11:57:01.727444,NIFTY30JAN25F,NIFTY,23110.2,3354250,23111.15,23116.8,9376650,25,150
2025-01-29 11:57:03.034915,NIFTY30JAN25F,NIFTY,23116.4,3354825,23111.0,23116.4,9376650,25,50
2025-01-29 11:57:04.351428,NIFTY30JAN25F,NIFTY,23116.4,3354825,23111.25,23117.0,9376650,375,50
2025-01-29 11:57:05.637825,NIFTY30JAN25F,NIFTY,23120.0,3354825,23111.25,23117.0,9376650,375,50
2025-01-29 11:57:07.424045,NIFTY30JAN25F,NIFTY,23116.1,3355250,23115.15,23119.0,9376650,25,300
2025-01-29 11:57:08.755234,NIFTY30JAN25F,NIFTY,23119.0,3355250,23115.15,23119.0,9376650,25,300
2025-01-29 11:57:10.042088,NIFTY30JAN25F,NIFTY,23111.15,3355425,23111.0,23117.4,9376650,25,50
2025-01-29 11:57:11.352099,NIFTY30JAN25F,NIFTY,23111.15,3355575,23111.0,23117.4,9376650,50,100
2025-01-29 11:57:13.488337,NIFTY30JAN25F,NIFTY,23111.15,3355575,23113.6,23119.0,9376650,525,275
2025-01-29 11:57:14.797825,NIFTY30JAN25F,NIFTY,23111.15,3355575,23113.6,23118.2,9376650,25,50
2025-01-29 11:57:16.100573,NIFTY30JAN25F,NIFTY,23111.55,3355975,23112.05,23118.4,9376650,200,200
2025-01-29 11:57:17.418643,NIFTY30JAN25F,NIFTY,23117.05,3355975,23112.05,23118.4,9376650,200,200
2025-01-29 11:57:18.821697,NIFTY30JAN25F,NIFTY,23111.4,3356000,23112.1,23118.25,9376650,250,200
2025-01-29 11:57:20.149548,NIFTY30JAN25F,NIFTY,23110.2,3356375,23110.0,23115.25,9376650,250,50
2025-01-29 11:57:21.455613,NIFTY30JAN25F,NIFTY,23110.8,3356375,23110.05,23115.9,9376650,225,200
2025-01-29 11:57:22.766447,NIFTY30JAN25F,NIFTY,23110.8,3356400,23111.05,23115.95,9376650,25,25
2025-01-29 11:57:24.064096,NIFTY30JAN25F,NIFTY,23110.8,3356400,23111.8,23115.95,9376650,200,25
2025-01-29 11:57:25.362882,NIFTY30JAN25F,NIFTY,23111.2,3356400,23111.8,23115.95,9376650,200,25
2025-01-29 11:57:26.654431,NIFTY30JAN25F,NIFTY,23111.0,3356500,23111.0,23115.85,9376650,200,50
2025-01-29 11:57:27.964338,NIFTY30JAN25F,NIFTY,23111.0,3356500,23111.0,23115.45,9376650,200,50
2025-01-29 11:57:29.257918,NIFTY30JAN25F,NIFTY,23111.0,3356650,23111.0,23115.5,9376650,50,50
2025-01-29 11:57:30.554515,NIFTY30JAN25F,NIFTY,23111.0,3356650,23111.0,23115.5,9376650,50,50
2025-01-29 11:57:31.893689,NIFTY30JAN25F,NIFTY,23110.0,3356650,23111.0,23115.0,9376650,75,200
2025-01-29 11:57:33.232335,NIFTY30JAN25F,NIFTY,23114.6,3357475,23110.25,23114.6,9376650,100,25
2025-01-29 11:57:34.535496,NIFTY30JAN25F,NIFTY,23110.0,3357550,23109.85,23116.0,9376650,50,50
2025-01-29 11:57:35.829551,NIFTY30JAN25F,NIFTY,23109.85,3358875,23108.95,23115.7,9376650,200,50
2025-01-29 11:57:37.142182,NIFTY30JAN25F,NIFTY,23114.6,3358875,23108.95,23115.7,9376650,200,50
2025-01-29 11:57:38.472211,NIFTY30JAN25F,NIFTY,23114.6,3358900,23110.0,23115.1,9376650,25,100
2025-01-29 11:57:39.804537,NIFTY30JAN25F,NIFTY,23114.45,3359425,23110.0,23111.0,9376650,50,475
2025-01-29 11:57:41.106123,NIFTY30JAN25F,NIFTY,23105.3,3361825,23105.45,23108.0,9376650,250,25
2025-01-29 11:57:42.427519,NIFTY30JAN25F,NIFTY,23112.5,3361825,23105.45,23108.0,9376650,250,25
2025-01-29 11:57:43.739301,NIFTY30JAN25F,NIFTY,23112.65,3362100,23105.65,23112.05,9376650,50,50
2025-01-29 11:57:45.077255,NIFTY30JAN25F,NIFTY,23112.65,3362100,23105.65,23111.35,9376650,25,175
2025-01-29 11:57:46.394187,NIFTY30JAN25F,NIFTY,23109.75,3362100,23105.65,23109.75,9376650,25,100
2025-01-29 11:57:47.733430,NIFTY30JAN25F,NIFTY,23109.3,3363375,23107.0,23109.35,9376650,25,100
2025-01-29 11:57:49.161957,NIFTY30JAN25F,NIFTY,23109.3,3363575,23107.0,23109.05,9376650,25,50
2025-01-29 11:57:50.529151,NIFTY30JAN25F,NIFTY,23109.3,3363575,23107.0,23109.05,9376650,25,50
2025-01-29 11:57:51.850747,NIFTY30JAN25F,NIFTY,23109.05,3363575,23107.0,23108.7,9376650,25,225
2025-01-29 11:57:53.147700,NIFTY30JAN25F,NIFTY,23108.45,3363625,23107.0,23108.9,9376650,50,175
2025-01-29 11:57:54.499407,NIFTY30JAN25F,NIFTY,23104.5,3363825,23105.0,23107.0,9376650,25,25
2025-01-29 11:57:55.809286,NIFTY30JAN25F,NIFTY,23112.0,3363925,23109.75,23112.0,9376650,50,25
2025-01-29 11:57:57.203141,NIFTY30JAN25F,NIFTY,23112.0,3363925,23109.75,23112.0,9376650,50,25
2025-01-29 11:57:58.570245,NIFTY30JAN25F,NIFTY,23112.0,3363925,23107.5,23112.0,9376650,50,25
2025-01-29 11:57:59.912574,NIFTY30JAN25F,NIFTY,23112.0,3363925,23106.7,23112.0,9376650,200,25
2025-01-29 11:58:01.232383,NIFTY30JAN25F,NIFTY,23112.0,3363925,23106.95,23111.0,9376650,200,25
2025-01-29 11:58:02.568524,NIFTY30JAN25F,NIFTY,23112.0,3363925,23105.0,23110.5,9376650,25,25
2025-01-29 11:58:03.912571,NIFTY30JAN25F,NIFTY,23112.0,3363925,23105.0,23110.5,9376650,25,25
2025-01-29 11:58:05.237110,NIFTY30JAN25F,NIFTY,23111.0,3364075,23106.15,23112.0,9376650,200,25
2025-01-29 11:58:06.540330,NIFTY30JAN25F,NIFTY,23110.0,3364100,23107.15,23110.0,9376650,50,75
2025-01-29 11:58:07.867860,NIFTY30JAN25F,NIFTY,23110.0,3364300,23107.15,23110.0,9376650,25,50
2025-01-29 11:58:09.179719,NIFTY30JAN25F,NIFTY,23110.0,3364300,23107.15,23110.0,9376650,25,50
2025-01-29 11:58:10.505398,NIFTY30JAN25F,NIFTY,23106.0,3364300,23107.15,23110.0,9376650,25,50
2025-01-29 11:58:11.833444,NIFTY30JAN25F,NIFTY,23106.0,3364650,23107.15,23112.0,9376650,25,50
2025-01-29 11:58:13.143169,NIFTY30JAN25F,NIFTY,23111.0,3364675,23107.15,23111.0,9376650,25,75
2025-01-29 11:58:14.446822,NIFTY30JAN25F,NIFTY,23111.0,3364675,23107.15,23111.0,9376650,25,75
2025-01-29 11:58:15.803530,NIFTY30JAN25F,NIFTY,23111.0,3364675,23107.15,23111.0,9376650,25,75
2025-01-29 11:58:17.329627,NIFTY30JAN25F,NIFTY,23111.0,3364675,23107.15,23111.0,9376650,25,75
2025-01-29 11:58:18.695996,NIFTY30JAN25F,NIFTY,23111.0,3364675,23107.15,23111.0,9376650,25,75
2025-01-29 11:58:20.072048,NIFTY30JAN25F,NIFTY,23111.0,3364675,23107.15,23110.45,9376650,175,200
2025-01-29 11:58:21.404445,NIFTY30JAN25F,NIFTY,23107.15,3364875,23107.15,23111.0,9376650,150,175
2025-01-29 11:58:22.711869,NIFTY30JAN25F,NIFTY,23107.15,3364875,23107.15,23111.0,9376650,150,175
2025-01-29 11:58:24.035174,NIFTY30JAN25F,NIFTY,23107.15,3364875,23107.15,23111.0,9376650,150,175
2025-01-29 11:58:25.331708,NIFTY30JAN25F,NIFTY,23107.15,3364875,23107.15,23110.0,9386650,150,50
2025-01-29 11:58:26.689554,NIFTY30JAN25F,NIFTY,23107.15,3364900,23107.9,23110.0,9386650,50,50
2025-01-29 11:58:28.075827,NIFTY30JAN25F,NIFTY,23107.75,3364950,23107.2,23110.0,9386650,25,50
2025-01-29 11:58:29.408711,NIFTY30JAN25F,NIFTY,23106.3,3365950,23106.15,23112.0,9386650,100,75
2025-01-29 11:58:30.736357,NIFTY30JAN25F,NIFTY,23112.0,3365975,23107.0,23112.0,9386650,75,50
2025-01-29 11:58:32.066164,NIFTY30JAN25F,NIFTY,23110.95,3365975,23107.0,23112.0,9386650,75,50
2025-01-29 11:58:33.396632,NIFTY30JAN25F,NIFTY,23111.75,3366300,23106.7,23112.0,9386650,25,50
2025-01-29 11:58:34.710332,NIFTY30JAN25F,NIFTY,23106.0,3366400,23106.7,23111.45,9386650,25,200
2025-01-29 11:58:36.012548,NIFTY30JAN25F,NIFTY,23106.0,3366475,23106.7,23111.7,9386650,25,225
2025-01-29 11:58:37.324619,NIFTY30JAN25F,NIFTY,23106.0,3366475,23106.7,23111.7,9386650,25,225
2025-01-29 11:58:38.655168,NIFTY30JAN25F,NIFTY,23107.75,3369550,23103.0,23107.8,9386650,25,100
2025-01-29 11:58:39.948177,NIFTY30JAN25F,NIFTY,23106.35,3372000,23101.75,23107.95,9386650,50,50
2025-01-29 11:58:41.235511,NIFTY30JAN25F,NIFTY,23106.35,3372000,23102.55,23108.5,9386650,50,50
2025-01-29 11:58:42.542823,NIFTY30JAN25F,NIFTY,23108.15,3372050,23103.2,23109.2,9386650,100,125
2025-01-29 11:58:43.845874,NIFTY30JAN25F,NIFTY,23108.15,3372050,23103.2,23109.2,9386650,100,125
2025-01-29 11:58:45.170413,NIFTY30JAN25F,NIFTY,23104.05,3372050,23104.8,23110.75,9386650,50,50
2025-01-29 11:58:46.462531,NIFTY30JAN25F,NIFTY,23104.0,3372425,23104.0,23109.95,9386650,100,200
2025-01-29 11:58:47.771672,NIFTY30JAN25F,NIFTY,23104.0,3372450,23104.0,23109.75,9386650,100,200
2025-01-29 11:58:49.151278,NIFTY30JAN25F,NIFTY,23103.6,3372450,23104.0,23109.75,9386650,100,200
2025-01-29 11:58:50.453009,NIFTY30JAN25F,NIFTY,23109.8,3372625,23104.35,23109.85,9386650,25,200
2025-01-29 11:58:51.860394,NIFTY30JAN25F,NIFTY,23109.8,3372625,23104.35,23110.0,9386650,50,75
2025-01-29 11:58:53.139938,NIFTY30JAN25F,NIFTY,23109.8,3372625,23104.35,23110.0,9386650,50,75
2025-01-29 11:58:54.449230,NIFTY30JAN25F,NIFTY,23109.8,3372625,23104.5,23110.0,9386650,25,75
2025-01-29 11:58:55.753123,NIFTY30JAN25F,NIFTY,23104.5,3372625,23104.5,23110.0,9386650,25,75
2025-01-29 11:58:57.059098,NIFTY30JAN25F,NIFTY,23104.5,3372775,23104.45,23110.55,9386650,50,200
2025-01-29 11:58:58.372515,NIFTY30JAN25F,NIFTY,23104.5,3372775,23104.45,23109.95,9386650,25,50
2025-01-29 11:58:59.682203,NIFTY30JAN25F,NIFTY,23109.7,3372800,23105.0,23109.7,9386650,500,200
2025-01-29 11:59:00.982190,NIFTY30JAN25F,NIFTY,23114.55,3374050,23108.1,23114.05,9386650,25,200
2025-01-29 11:59:02.392896,NIFTY30JAN25F,NIFTY,23114.55,3374050,23108.1,23114.0,9386650,25,200
2025-01-29 11:59:03.703354,NIFTY30JAN25F,NIFTY,23114.55,3374050,23108.1,23114.0,9386650,25,200
2025-01-29 11:59:05.004408,NIFTY30JAN25F,NIFTY,23114.55,3374050,23108.15,23113.6,9386650,75,200
2025-01-29 11:59:06.346788,NIFTY30JAN25F,NIFTY,23114.55,3374050,23108.2,23114.0,9386650,75,200
2025-01-29 11:59:07.673048,NIFTY30JAN25F,NIFTY,23114.05,3374100,23108.4,23114.25,9386650,50,50
2025-01-29 11:59:08.963638,NIFTY30JAN25F,NIFTY,23114.05,3374100,23108.4,23114.25,9386650,50,50
2025-01-29 11:59:10.265781,NIFTY30JAN25F,NIFTY,23114.05,3374100,23109.85,23114.6,9386650,50,25
2025-01-29 11:59:11.559108,NIFTY30JAN25F,NIFTY,23111.3,3374625,23111.3,23114.0,9386650,25,25
2025-01-29 11:59:12.958866,NIFTY30JAN25F,NIFTY,23111.3,3374625,23111.3,23114.0,9386650,50,25
2025-01-29 11:59:14.334235,NIFTY30JAN25F,NIFTY,23114.0,3375100,23112.1,23114.0,9386650,50,25
2025-01-29 11:59:15.650367,NIFTY30JAN25F,NIFTY,23115.0,3375100,23112.1,23114.0,9386650,50,25
2025-01-29 11:59:16.958467,NIFTY30JAN25F,NIFTY,23115.0,3375275,23114.65,23115.0,9386650,50,275
2025-01-29 11:59:18.277991,NIFTY30JAN25F,NIFTY,23115.05,3375950,23110.15,23116.4,9386650,50,50
2025-01-29 11:59:19.595968,NIFTY30JAN25F,NIFTY,23109.45,3376075,23109.85,23115.0,9386650,50,50
2025-01-29 11:59:20.900362,NIFTY30JAN25F,NIFTY,23109.9,3376125,23110.1,23115.0,9386650,100,50
2025-01-29 11:59:22.205824,NIFTY30JAN25F,NIFTY,23109.9,3376125,23110.1,23115.0,9386650,100,50
2025-01-29 11:59:23.528373,NIFTY30JAN25F,NIFTY,23109.9,3376125,23109.55,23115.0,9386650,75,50
2025-01-29 11:59:24.820349,NIFTY30JAN25F,NIFTY,23115.1,3376125,23110.0,23115.0,9386650,475,50
2025-01-29 11:59:26.122989,NIFTY30JAN25F,NIFTY,23114.85,3377925,23110.0,23115.1,9386650,100,50
2025-01-29 11:59:27.487214,NIFTY30JAN25F,NIFTY,23114.85,3377925,23110.0,23114.15,9386650,100,25
2025-01-29 11:59:28.994044,NIFTY30JAN25F,NIFTY,23114.3,3378250,23109.0,23114.1,9386650,25,50
2025-01-29 11:59:30.405017,NIFTY30JAN25F,NIFTY,23113.2,3378250,23109.0,23114.1,9386650,25,50
2025-01-29 11:59:31.870591,NIFTY30JAN25F,NIFTY,23114.15,3378375,23107.6,23114.05,9386650,200,75
2025-01-29 11:59:33.241909,NIFTY30JAN25F,NIFTY,23114.4,3378725,23108.3,23114.45,9386650,50,75
2025-01-29 11:59:34.619282,NIFTY30JAN25F,NIFTY,23114.4,3378725,23108.3,23114.4,9386650,25,100
2025-01-29 11:59:36.072150,NIFTY30JAN25F,NIFTY,23114.4,3378725,23109.0,23115.0,9386650,50,50
2025-01-29 11:59:37.478094,NIFTY30JAN25F,NIFTY,23108.45,3378825,23108.45,23114.8,9386650,50,50
2025-01-29 11:59:38.783829,NIFTY30JAN25F,NIFTY,23114.85,3378825,23108.45,23114.8,9386650,50,50
2025-01-29 11:59:40.195935,NIFTY30JAN25F,NIFTY,23114.85,3378975,23110.0,23115.75,9386650,100,50
2025-01-29 11:59:41.601116,NIFTY30JAN25F,NIFTY,23114.85,3378975,23109.6,23114.4,9386650,50,25
2025-01-29 11:59:42.941803,NIFTY30JAN25F,NIFTY,23114.85,3378975,23109.25,23114.4,9386650,50,25
2025-01-29 11:59:44.475188,NIFTY30JAN25F,NIFTY,23114.85,3378975,23108.45,23114.4,9386650,100,25
2025-01-29 11:59:45.869519,NIFTY30JAN25F,NIFTY,23114.85,3378975,23108.8,23114.4,9386650,50,25
2025-01-29 11:59:47.237809,NIFTY30JAN25F,NIFTY,23114.9,3378975,23108.8,23114.4,9386650,50,25
2025-01-29 11:59:48.590412,NIFTY30JAN25F,NIFTY,23115.05,3379425,23110.0,23115.05,9386650,525,175
2025-01-29 11:59:49.924073,NIFTY30JAN25F,NIFTY,23110.7,3379700,23110.6,23115.7,9386650,50,50
2025-01-29 11:59:51.241595,NIFTY30JAN25F,NIFTY,23110.0,3379850,23110.0,23116.15,9386650,350,50
2025-01-29 11:59:52.555839,NIFTY30JAN25F,NIFTY,23108.1,3381725,23108.5,23114.65,9386650,200,200
2025-01-29 11:59:53.876291,NIFTY30JAN25F,NIFTY,23109.3,3381725,23108.5,23114.65,9386650,200,200
2025-01-29 11:59:55.180478,NIFTY30JAN25F,NIFTY,23111.75,3381950,23109.7,23115.9,9386650,200,75
2025-01-29 11:59:56.474343,NIFTY30JAN25F,NIFTY,23111.75,3382025,23110.0,23114.0,9386650,300,100
2025-01-29 11:59:57.776050,NIFTY30JAN25F,NIFTY,23114.0,3382025,23110.95,23114.0,9386650,50,100
2025-01-29 11:59:59.068452,NIFTY30JAN25F,NIFTY,23113.5,3384100,23113.2,23119.75,9386650,50,200
2025-01-29 12:00:00.363512,NIFTY30JAN25F,NIFTY,23113.5,3384100,23113.2,23119.75,9386650,50,200
2025-01-29 12:00:01.655239,NIFTY30JAN25F,NIFTY,23113.65,3385475,23113.25,23120.25,9386650,100,200
2025-01-29 12:00:02.990281,NIFTY30JAN25F,NIFTY,23119.25,3385625,23113.9,23119.25,9386650,150,100
2025-01-29 12:00:04.375673,NIFTY30JAN25F,NIFTY,23118.8,3386750,23113.15,23118.35,9386650,175,25
2025-01-29 12:00:05.744182,NIFTY30JAN25F,NIFTY,23114.9,3386750,23113.15,23118.35,9386650,175,25
2025-01-29 12:00:07.039614,NIFTY30JAN25F,NIFTY,23114.6,3386950,23114.55,23120.95,9386650,125,200
2025-01-29 12:00:08.388259,NIFTY30JAN25F,NIFTY,23119.0,3387050,23117.7,23119.0,9386650,50,50
2025-01-29 12:00:10.055459,NIFTY30JAN25F,NIFTY,23119.0,3387100,23117.7,23119.05,9386650,75,200
2025-01-29 12:00:11.387265,NIFTY30JAN25F,NIFTY,23117.7,3387225,23113.5,23119.05,9386650,50,200
2025-01-29 12:01:56.255991,NIFTY30JAN25F,NIFTY,23119.55,3408700,23120.9,23123.0,9399250,25,50
2025-01-29 12:01:57.592949,NIFTY30JAN25F,NIFTY,23120.9,3408725,23120.9,23123.0,9399250,25,50
2025-01-29 12:01:58.880731,NIFTY30JAN25F,NIFTY,23120.9,3408725,23120.9,23123.0,9399250,25,50
2025-01-29 12:02:00.186905,NIFTY30JAN25F,NIFTY,23120.9,3408725,23120.9,23123.0,9399250,25,50
2025-01-29 12:02:01.675700,NIFTY30JAN25F,NIFTY,23120.9,3408725,23120.9,23123.0,9399250,25,50
2025-01-29 12:02:03.164229,NIFTY30JAN25F,NIFTY,23120.9,3408725,23120.9,23122.95,9399250,25,125
2025-01-29 12:02:04.720915,NIFTY30JAN25F,NIFTY,23122.95,3408800,23120.9,23122.95,9399250,25,50
2025-01-29 12:02:06.109521,NIFTY30JAN25F,NIFTY,23120.9,3408850,23120.9,23122.95,9399250,25,50
2025-01-29 12:02:07.704837,NIFTY30JAN25F,NIFTY,23120.9,3408850,23120.9,23122.9,9399250,25,50
2025-01-29 12:02:09.084803,NIFTY30JAN25F,NIFTY,23122.95,3408850,23120.9,23122.9,9399250,25,50
2025-01-29 12:02:10.564493,NIFTY30JAN25F,NIFTY,23122.95,3408925,23121.0,23122.95,9399250,25,25
2025-01-29 12:02:12.098536,NIFTY30JAN25F,NIFTY,23119.55,3408925,23121.0,23122.95,9399250,50,25
2025-01-29 12:02:13.492043,NIFTY30JAN25F,NIFTY,23119.55,3409000,23118.45,23120.9,9399250,25,225
2025-01-29 12:02:14.832589,NIFTY30JAN25F,NIFTY,23120.9,3409000,23118.45,23120.9,9399250,25,225
2025-01-29 12:02:16.363375,NIFTY30JAN25F,NIFTY,23114.35,3409200,23114.35,23118.4,9399250,125,25
2025-01-29 12:02:17.778073,NIFTY30JAN25F,NIFTY,23114.75,3409225,23114.9,23118.0,9399250,75,200
2025-01-29 12:02:19.154408,NIFTY30JAN25F,NIFTY,23118.0,3409500,23114.5,23119.45,9399250,25,50
2025-01-29 12:02:20.547095,NIFTY30JAN25F,NIFTY,23119.75,3409500,23114.5,23119.45,9399250,25,50
2025-01-29 12:02:21.856624,NIFTY30JAN25F,NIFTY,23120.1,3410050,23114.5,23119.5,9399250,25,100
2025-01-29 12:02:23.169962,NIFTY30JAN25F,NIFTY,23120.1,3410150,23116.4,23122.0,9399250,50,50
2025-01-29 12:02:24.501594,NIFTY30JAN25F,NIFTY,23120.1,3410150,23120.9,23122.0,9399250,50,50
2025-01-29 12:02:25.813682,NIFTY30JAN25F,NIFTY,23122.9,3410150,23120.9,23122.0,9399250,50,50
2025-01-29 12:02:27.129797,NIFTY30JAN25F,NIFTY,23122.9,3410300,23120.0,23122.1,9399250,100,100
2025-01-29 12:02:28.424344,NIFTY30JAN25F,NIFTY,23120.0,3410325,23120.0,23121.7,9399250,100,50
2025-01-29 12:02:29.703839,NIFTY30JAN25F,NIFTY,23122.0,3410325,23120.0,23122.4,9399250,100,50
2025-01-29 12:02:31.023227,NIFTY30JAN25F,NIFTY,23122.9,3410375,23120.0,23122.35,9399250,150,125
2025-01-29 12:02:32.348573,NIFTY30JAN25F,NIFTY,23120.0,3410375,23120.0,23122.35,9399250,150,125
2025-01-29 12:02:33.671264,NIFTY30JAN25F,NIFTY,23120.0,3410450,23120.0,23122.1,9399250,75,50
2025-01-29 12:02:35.009179,NIFTY30JAN25F,NIFTY,23120.0,3410475,23120.0,23122.3,9399250,75,125
2025-01-29 12:02:36.307578,NIFTY30JAN25F,NIFTY,23120.0,3410475,23120.0,23122.95,9399250,75,75
2025-01-29 12:02:37.638091,NIFTY30JAN25F,NIFTY,23121.9,3410575,23120.0,23122.15,9399250,75,75
2025-01-29 12:02:38.953037,NIFTY30JAN25F,NIFTY,23120.0,3410575,23120.0,23122.15,9399250,75,75
2025-01-29 12:02:40.319078,NIFTY30JAN25F,NIFTY,23116.25,3410650,23120.0,23122.4,9399250,25,25
2025-01-29 12:02:41.640944,NIFTY30JAN25F,NIFTY,23124.75,3411175,23120.8,23125.0,9399250,50,625
2025-01-29 12:02:43.058631,NIFTY30JAN25F,NIFTY,23126.15,3411875,23120.8,23126.15,9399250,25,25
2025-01-29 12:02:44.439751,NIFTY30JAN25F,NIFTY,23121.0,3411950,23121.0,23124.25,9399250,50,50
2025-01-29 12:02:45.954319,NIFTY30JAN25F,NIFTY,23121.0,3412000,23121.0,23122.0,9399250,25,200
2025-01-29 12:02:47.457427,NIFTY30JAN25F,NIFTY,23117.55,3412000,23121.0,23122.0,9399250,25,200
2025-01-29 12:02:48.892070,NIFTY30JAN25F,NIFTY,23121.0,3412200,23121.0,23122.0,9399250,25,75
2025-01-29 12:02:50.204605,NIFTY30JAN25F,NIFTY,23121.0,3412325,23117.35,23122.9,9399250,150,100
2025-01-29 12:02:51.505773,NIFTY30JAN25F,NIFTY,23117.35,3412400,23117.35,23123.05,9399250,175,50
2025-01-29 12:02:52.802985,NIFTY30JAN25F,NIFTY,23117.35,3412475,23117.3,23123.0,9399250,100,50
2025-01-29 12:02:54.175850,NIFTY30JAN25F,NIFTY,23122.75,3412550,23117.3,23122.65,9399250,100,75
2025-01-29 12:02:55.492203,NIFTY30JAN25F,NIFTY,23122.75,3412550,23117.3,23122.65,9399250,100,75
2025-01-29 12:02:56.779218,NIFTY30JAN25F,NIFTY,23121.0,3412550,23116.05,23121.0,9399250,50,25
2025-01-29 12:02:58.093401,NIFTY30JAN25F,NIFTY,23116.0,3412650,23115.6,23121.0,9399250,50,100
2025-01-29 12:02:59.389294,NIFTY30JAN25F,NIFTY,23121.0,3412725,23115.85,23121.0,9399250,50,50
2025-01-29 12:03:00.701764,NIFTY30JAN25F,NIFTY,23121.0,3412725,23115.85,23121.0,9399250,50,50
2025-01-29 12:03:02.032546,NIFTY30JAN25F,NIFTY,23120.7,3412725,23117.0,23120.7,9399250,100,50
2025-01-29 12:03:03.378508,NIFTY30JAN25F,NIFTY,23121.45,3412775,23117.0,23120.7,9399250,100,50
2025-01-29 12:03:04.681756,NIFTY30JAN25F,NIFTY,23117.0,3413050,23117.0,23120.7,9399250,75,25
2025-01-29 12:03:05.988268,NIFTY30JAN25F,NIFTY,23118.0,3413075,23118.0,23120.1,9399250,500,50
2025-01-29 12:03:07.298029,NIFTY30JAN25F,NIFTY,23120.1,3413075,23118.0,23120.1,9399250,500,50
2025-01-29 12:03:08.597582,NIFTY30JAN25F,NIFTY,23118.0,3413125,23118.0,23120.1,9399250,500,25
2025-01-29 12:03:10.065028,NIFTY30JAN25F,NIFTY,23118.0,3413200,23118.0,23120.1,9399250,425,25
2025-01-29 12:03:11.361357,NIFTY30JAN25F,NIFTY,23114.15,3413725,23114.0,23117.15,9399250,25,25
2025-01-29 12:03:12.767610,NIFTY30JAN25F,NIFTY,23114.15,3413725,23116.0,23117.15,9399250,25,50
2025-01-29 12:03:14.261345,NIFTY30JAN25F,NIFTY,23114.15,3413725,23116.0,23117.1,9399250,25,25
2025-01-29 12:03:15.577377,NIFTY30JAN25F,NIFTY,23115.0,3413725,23116.0,23117.1,9399250,25,25
2025-01-29 12:03:16.889997,NIFTY30JAN25F,NIFTY,23114.0,3413975,23114.0,23115.85,9399250,25,50
2025-01-29 12:03:18.369094,NIFTY30JAN25F,NIFTY,23111.5,3414000,23111.4,23115.85,9399250,200,25
2025-01-29 12:03:19.743791,NIFTY30JAN25F,NIFTY,23111.5,3414100,23111.35,23115.85,9399250,200,25
2025-01-29 12:03:21.241277,NIFTY30JAN25F,NIFTY,23115.0,3414100,23111.0,23111.2,9399250,25,25
2025-01-29 12:03:22.725770,NIFTY30JAN25F,NIFTY,23115.0,3414500,23111.2,23115.0,9399250,25,100
2025-01-29 12:03:24.161767,NIFTY30JAN25F,NIFTY,23115.0,3414500,23111.2,23115.0,9399250,25,100
2025-01-29 12:03:25.550686,NIFTY30JAN25F,NIFTY,23111.8,3414550,23111.8,23115.0,9399250,175,50
2025-01-29 12:03:27.029427,NIFTY30JAN25F,NIFTY,23111.8,3414575,23111.35,23115.0,9399250,200,50
2025-01-29 12:03:28.587355,NIFTY30JAN25F,NIFTY,23111.8,3414575,23111.85,23115.0,9399250,200,50
2025-01-29 12:03:29.958788,NIFTY30JAN25F,NIFTY,23115.0,3414600,23111.8,23115.0,9399250,150,325
2025-01-29 12:03:31.273739,NIFTY30JAN25F,NIFTY,23115.0,3414625,23111.8,23115.0,9399250,175,325
2025-01-29 12:03:32.797410,NIFTY30JAN25F,NIFTY,23115.0,3414625,23111.8,23115.0,9399250,175,325
2025-01-29 12:03:34.165193,NIFTY30JAN25F,NIFTY,23111.8,3414625,23111.8,23115.0,9399250,175,325
2025-01-29 12:03:35.486115,NIFTY30JAN25F,NIFTY,23111.8,3414700,23111.8,23115.0,9399250,25,325
2025-01-29 12:03:36.828117,NIFTY30JAN25F,NIFTY,23115.0,3414725,23111.8,23115.0,9399250,150,300
2025-01-29 12:03:38.137797,NIFTY30JAN25F,NIFTY,23115.0,3414750,23111.8,23115.0,9399250,150,275
2025-01-29 12:03:39.437611,NIFTY30JAN25F,NIFTY,23115.0,3414750,23111.8,23115.0,9399250,150,275
2025-01-29 12:03:40.751826,NIFTY30JAN25F,NIFTY,23111.8,3414750,23111.8,23115.0,9399250,150,275
2025-01-29 12:03:42.077699,NIFTY30JAN25F,NIFTY,23111.8,3414925,23110.95,23115.0,9399250,125,275
2025-01-29 12:03:43.387024,NIFTY30JAN25F,NIFTY,23111.8,3414925,23111.0,23115.0,9399250,125,275
2025-01-29 12:03:44.762900,NIFTY30JAN25F,NIFTY,23111.8,3414925,23111.05,23115.0,9399250,125,275
2025-01-29 12:03:46.339563,NIFTY30JAN25F,NIFTY,23111.8,3414925,23111.05,23115.0,9399250,150,275
2025-01-29 12:03:48.021203,NIFTY30JAN25F,NIFTY,23111.8,3414925,23111.05,23115.0,9399250,25,425
2025-01-29 12:03:49.576641,NIFTY30JAN25F,NIFTY,23111.8,3414925,23111.05,23114.5,9399250,150,50
2025-01-29 12:03:51.263662,NIFTY30JAN25F,NIFTY,23106.3,3417525,23106.4,23111.05,9399250,200,25
2025-01-29 12:03:53.359479,NIFTY30JAN25F,NIFTY,23106.3,3417525,23106.8,23111.05,9399250,125,25
2025-01-29 12:03:54.859802,NIFTY30JAN25F,NIFTY,23106.3,3417525,23107.5,23111.05,9399250,125,25
2025-01-29 12:03:56.302918,NIFTY30JAN25F,NIFTY,23107.55,3417525,23107.55,23111.05,9399250,125,25
2025-01-29 12:03:57.997805,NIFTY30JAN25F,NIFTY,23108.0,3417550,23108.0,23111.75,9399250,100,75
2025-01-29 12:03:59.626713,NIFTY30JAN25F,NIFTY,23112.1,3417750,23107.5,23112.05,9399250,125,50
2025-01-29 12:04:01.090620,NIFTY30JAN25F,NIFTY,23112.1,3417750,23106.5,23110.35,9399250,125,50
2025-01-29 12:04:02.394311,NIFTY30JAN25F,NIFTY,23112.1,3417750,23106.5,23110.35,9399250,125,50
2025-01-29 12:04:03.688840,NIFTY30JAN25F,NIFTY,23112.1,3417750,23106.05,23110.0,9399250,50,50
2025-01-29 12:04:05.006314,NIFTY30JAN25F,NIFTY,23112.1,3417750,23106.05,23109.35,9399250,25,50
2025-01-29 12:04:06.347728,NIFTY30JAN25F,NIFTY,23112.1,3417750,23106.05,23110.0,9399250,25,50
2025-01-29 12:04:07.656661,NIFTY30JAN25F,NIFTY,23110.0,3418250,23107.0,23110.0,9399250,50,100
2025-01-29 12:04:09.009359,NIFTY30JAN25F,NIFTY,23107.0,3418250,23107.0,23110.0,9399250,50,100
2025-01-29 12:04:10.335772,NIFTY30JAN25F,NIFTY,23105.4,3418425,23105.4,23109.95,9399250,150,25
2025-01-29 12:04:11.663585,NIFTY30JAN25F,NIFTY,23105.4,3419150,23105.35,23111.75,9399250,150,25
2025-01-29 12:04:12.987690,NIFTY30JAN25F,NIFTY,23105.35,3419175,23105.3,23111.45,9399250,225,25
2025-01-29 12:04:14.333777,NIFTY30JAN25F,NIFTY,23112.05,3419250,23105.35,23111.7,9399250,200,100
2025-01-29 12:04:15.750548,NIFTY30JAN25F,NIFTY,23112.05,3419250,23105.35,23111.7,9399250,200,100
2025-01-29 12:04:17.074926,NIFTY30JAN25F,NIFTY,23105.35,3419250,23106.1,23111.8,9399250,25,75
2025-01-29 12:04:18.425854,NIFTY30JAN25F,NIFTY,23110.0,3419400,23105.15,23110.0,9399250,150,50
2025-01-29 12:04:19.845804,NIFTY30JAN25F,NIFTY,23110.0,3419450,23105.2,23111.0,9399250,100,75
2025-01-29 12:04:21.184823,NIFTY30JAN25F,NIFTY,23110.0,3419450,23107.0,23110.9,9399250,25,25
2025-01-29 12:04:22.681645,NIFTY30JAN25F,NIFTY,23110.0,3419450,23107.0,23110.45,9399250,50,25
2025-01-29 12:04:24.033254,NIFTY30JAN25F,NIFTY,23110.0,3419450,23107.0,23110.45,9399250,50,25
2025-01-29 12:04:25.373616,NIFTY30JAN25F,NIFTY,23110.0,3419450,23107.0,23110.35,9399250,50,75
2025-01-29 12:04:26.678754,NIFTY30JAN25F,NIFTY,23110.9,3419575,23107.0,23110.95,9405475,50,25
2025-01-29 12:04:27.999853,NIFTY30JAN25F,NIFTY,23110.9,3419575,23107.0,23110.95,9405475,50,25
2025-01-29 12:04:29.349726,NIFTY30JAN25F,NIFTY,23110.9,3419575,23107.0,23110.95,9405475,50,25
2025-01-29 12:04:30.663890,NIFTY30JAN25F,NIFTY,23110.85,3419575,23107.0,23110.95,9405475,50,25
2025-01-29 12:04:31.988499,NIFTY30JAN25F,NIFTY,23107.0,3420650,23107.0,23110.0,9405475,50,50
2025-01-29 12:04:57.341813,NIFTY30JAN25F,NIFTY,23110.1,3424975,23105.65,23111.65,9405475,50,25
2025-01-29 12:04:58.673719,NIFTY30JAN25F,NIFTY,23110.1,3424975,23105.3,23111.1,9405475,150,200
2025-01-29 12:04:59.976915,NIFTY30JAN25F,NIFTY,23110.35,3425050,23105.3,23110.1,9405475,175,200
2025-01-29 12:05:01.401797,NIFTY30JAN25F,NIFTY,23106.4,3425975,23105.8,23112.05,9405475,50,200
2025-01-29 12:05:02.936080,NIFTY30JAN25F,NIFTY,23106.4,3425975,23105.8,23110.0,9405475,25,200
2025-01-29 12:05:04.415600,NIFTY30JAN25F,NIFTY,23104.75,3425975,23105.8,23108.8,9405475,25,200
2025-01-29 12:05:05.724870,NIFTY30JAN25F,NIFTY,23107.05,3425975,23105.8,23108.8,9405475,25,200
2025-01-29 12:05:07.172259,NIFTY30JAN25F,NIFTY,23104.55,3428325,23104.05,23110.15,9405475,200,125
2025-01-29 12:05:08.580890,NIFTY30JAN25F,NIFTY,23104.55,3428625,23104.5,23110.7,9405475,50,200
2025-01-29 12:05:09.870313,NIFTY30JAN25F,NIFTY,23103.95,3428700,23104.9,23111.05,9405475,125,50
2025-01-29 12:05:11.189141,NIFTY30JAN25F,NIFTY,23105.8,3429050,23104.5,23110.9,9405475,75,50
2025-01-29 12:05:12.504197,NIFTY30JAN25F,NIFTY,23105.8,3429050,23104.5,23110.9,9405475,75,50
2025-01-29 12:05:13.845929,NIFTY30JAN25F,NIFTY,23105.8,3429050,23105.8,23111.45,9405475,50,50
2025-01-29 12:05:15.194327,NIFTY30JAN25F,NIFTY,23112.15,3429650,23107.0,23112.85,9405475,50,200
2025-01-29 12:05:16.499531,NIFTY30JAN25F,NIFTY,23112.15,3429650,23107.0,23112.5,9405475,25,50
2025-01-29 12:05:17.840923,NIFTY30JAN25F,NIFTY,23106.1,3429700,23107.0,23112.1,9405475,25,200
2025-01-29 12:05:19.188109,NIFTY30JAN25F,NIFTY,23112.55,3429925,23107.0,23112.15,9405475,25,175
2025-01-29 12:05:20.478101,NIFTY30JAN25F,NIFTY,23112.55,3429925,23107.0,23112.15,9405475,25,175
2025-01-29 12:05:21.795371,NIFTY30JAN25F,NIFTY,23112.55,3429925,23107.0,23112.35,9405475,175,175
2025-01-29 12:05:23.104106,NIFTY30JAN25F,NIFTY,23112.55,3429925,23107.0,23111.65,9405475,175,175
2025-01-29 12:05:24.428701,NIFTY30JAN25F,NIFTY,23112.55,3429925,23107.05,23112.15,9405475,175,100
2025-01-29 12:05:25.743920,NIFTY30JAN25F,NIFTY,23110.0,3430975,23108.55,23110.0,9405475,25,1375
2025-01-29 12:05:27.083209,NIFTY30JAN25F,NIFTY,23110.0,3430975,23108.55,23110.0,9405475,25,1375
2025-01-29 12:05:28.438178,NIFTY30JAN25F,NIFTY,23110.0,3430975,23108.6,23110.0,9405475,25,1375
2025-01-29 12:05:29.741500,NIFTY30JAN25F,NIFTY,23110.0,3431000,23108.6,23110.0,9405475,50,1350
2025-01-29 12:05:31.050592,NIFTY30JAN25F,NIFTY,23110.0,3431200,23108.6,23110.0,9405475,25,1250
2025-01-29 12:05:32.392511,NIFTY30JAN25F,NIFTY,23107.8,3431200,23108.6,23110.0,9405475,25,1250
2025-01-29 12:05:33.716997,NIFTY30JAN25F,NIFTY,23106.9,3431275,23108.6,23110.0,9405475,25,1250
2025-01-29 12:05:35.031515,NIFTY30JAN25F,NIFTY,23106.85,3431500,23106.05,23110.0,9405475,100,1250
2025-01-29 12:05:36.360399,NIFTY30JAN25F,NIFTY,23107.3,3431525,23106.25,23110.0,9405475,50,1250
2025-01-29 12:05:37.702159,NIFTY30JAN25F,NIFTY,23106.75,3431575,23106.55,23110.0,9405475,100,1250
2025-01-29 12:05:39.039004,NIFTY30JAN25F,NIFTY,23110.0,3431575,23106.55,23110.0,9405475,100,1250
2025-01-29 12:05:40.355964,NIFTY30JAN25F,NIFTY,23110.0,3431725,23106.7,23110.0,9405475,50,1100
2025-01-29 12:05:41.694401,NIFTY30JAN25F,NIFTY,23110.0,3431875,23106.7,23110.0,9405475,75,1000
2025-01-29 12:05:43.021790,NIFTY30JAN25F,NIFTY,23106.75,3431875,23106.75,23110.0,9405475,75,1000
2025-01-29 12:05:44.376694,NIFTY30JAN25F,NIFTY,23108.25,3432675,23104.55,23108.75,9405475,100,200
2025-01-29 12:05:45.692893,NIFTY30JAN25F,NIFTY,23109.05,3432675,23104.55,23108.75,9405475,100,200
2025-01-29 12:05:46.984202,NIFTY30JAN25F,NIFTY,23100.95,3436250,23094.0,23096.65,9405475,75,25
2025-01-29 12:05:48.312696,NIFTY30JAN25F,NIFTY,23096.05,3438100,23096.0,23101.6,9405475,150,25
2025-01-29 12:05:49.628245,NIFTY30JAN25F,NIFTY,23099.15,3438275,23095.3,23098.85,9405475,25,50
2025-01-29 12:05:51.140722,NIFTY30JAN25F,NIFTY,23096.75,3441525,23090.2,23097.2,9405475,200,50
2025-01-29 12:05:52.617605,NIFTY30JAN25F,NIFTY,23097.75,3441825,23091.65,23097.3,9405475,125,50
2025-01-29 12:05:53.992949,NIFTY30JAN25F,NIFTY,23091.65,3441850,23092.35,23098.2,9405475,100,50
2025-01-29 12:05:55.811011,NIFTY30JAN25F,NIFTY,23102.5,3442625,23102.45,23109.0,9405475,325,150
2025-01-29 12:05:57.188616,NIFTY30JAN25F,NIFTY,23101.5,3442625,23102.45,23109.0,9405475,325,150
2025-01-29 12:05:59.038583,NIFTY30JAN25F,NIFTY,23111.55,3443025,23103.4,23109.65,9405475,50,200
2025-01-29 12:06:00.644067,NIFTY30JAN25F,NIFTY,23108.5,3444500,23106.55,23112.6,9405475,100,200
2025-01-29 12:06:02.054600,NIFTY30JAN25F,NIFTY,23107.75,3445075,23108.15,23114.5,9405475,50,200
2025-01-29 12:06:03.371893,NIFTY30JAN25F,NIFTY,23115.0,3445375,23111.25,23115.0,9405475,50,200
2025-01-29 12:06:04.896366,NIFTY30JAN25F,NIFTY,23115.0,3445450,23111.3,23115.0,9405475,50,225
2025-01-29 12:06:06.295929,NIFTY30JAN25F,NIFTY,23115.0,3446000,23113.6,23117.0,9405475,150,50
2025-01-29 12:06:07.655171,NIFTY30JAN25F,NIFTY,23120.0,3446250,23114.5,23120.0,9405475,150,275
2025-01-29 12:06:09.055117,NIFTY30JAN25F,NIFTY,23119.95,3446250,23114.5,23120.0,9405475,150,275
2025-01-29 12:06:10.420765,NIFTY30JAN25F,NIFTY,23115.0,3446850,23114.5,23115.0,9405475,25,75
2025-01-29 12:06:11.799122,NIFTY30JAN25F,NIFTY,23112.8,3446875,23114.5,23115.0,9405475,25,50
2025-01-29 12:06:13.127142,NIFTY30JAN25F,NIFTY,23112.8,3447075,23114.5,23115.0,9405475,25,50
2025-01-29 12:06:14.487575,NIFTY30JAN25F,NIFTY,23114.5,3447150,23112.8,23114.55,9405475,25,50
2025-01-29 12:06:15.832778,NIFTY30JAN25F,NIFTY,23108.45,3447525,23112.8,23114.1,9405475,25,50
2025-01-29 12:06:17.154246,NIFTY30JAN25F,NIFTY,23112.45,3447525,23112.8,23114.1,9405475,25,50
2025-01-29 12:06:18.497166,NIFTY30JAN25F,NIFTY,23112.5,3447875,23108.2,23112.8,9405475,150,200
2025-01-29 12:06:19.924530,NIFTY30JAN25F,NIFTY,23110.55,3449625,23107.95,23112.75,9405475,150,25
2025-01-29 12:06:21.224981,NIFTY30JAN25F,NIFTY,23107.85,3449700,23110.55,23111.4,9405475,25,25
2025-01-29 12:06:22.536784,NIFTY30JAN25F,NIFTY,23106.15,3449775,23106.05,23110.0,9405475,150,25
2025-01-29 12:06:23.872345,NIFTY30JAN25F,NIFTY,23106.15,3449775,23106.05,23110.0,9405475,150,25
2025-01-29 12:06:25.178433,NIFTY30JAN25F,NIFTY,23109.35,3450475,23105.6,23110.0,9405475,25,25
2025-01-29 12:06:26.493496,NIFTY30JAN25F,NIFTY,23109.35,3450550,23105.6,23108.3,9405475,25,25
2025-01-29 12:06:27.807134,NIFTY30JAN25F,NIFTY,23109.35,3450550,23106.15,23108.3,9405475,50,25
2025-01-29 12:06:29.243532,NIFTY30JAN25F,NIFTY,23106.15,3450550,23106.15,23108.3,9405475,50,25
2025-01-29 12:06:30.560456,NIFTY30JAN25F,NIFTY,23106.1,3450625,23103.25,23106.1,9405475,150,25
2025-01-29 12:06:31.872545,NIFTY30JAN25F,NIFTY,23107.95,3450650,23105.0,23107.95,9405475,200,275
2025-01-29 12:06:33.237449,NIFTY30JAN25F,NIFTY,23105.0,3450750,23105.0,23106.8,9405475,150,50
2025-01-29 12:06:34.548308,NIFTY30JAN25F,NIFTY,23105.0,3450875,23105.0,23106.0,9405475,50,375
2025-01-29 12:06:35.866470,NIFTY30JAN25F,NIFTY,23100.95,3450875,23105.0,23106.0,9405475,50,375
2025-01-29 12:06:37.182685,NIFTY30JAN25F,NIFTY,23101.15,3451350,23101.15,23106.0,9405475,150,225
2025-01-29 12:06:38.509158,NIFTY30JAN25F,NIFTY,23101.15,3451350,23101.15,23106.0,9405475,175,350
2025-01-29 12:06:39.844059,NIFTY30JAN25F,NIFTY,23105.0,3451625,23101.15,23104.85,9405475,25,50
2025-01-29 12:06:41.152328,NIFTY30JAN25F,NIFTY,23105.0,3451625,23101.15,23105.0,9405475,25,225
2025-01-29 12:06:42.453554,NIFTY30JAN25F,NIFTY,23104.85,3451625,23101.15,23105.0,9405475,25,225
2025-01-29 12:06:43.766088,NIFTY30JAN25F,NIFTY,23101.15,3451700,23101.15,23103.55,9405475,25,50
2025-01-29 12:06:45.102794,NIFTY30JAN25F,NIFTY,23092.0,3454025,23094.6,23099.9,9405475,150,25
2025-01-29 12:06:46.391331,NIFTY30JAN25F,NIFTY,23097.2,3454800,23092.0,23097.2,9405475,100,25
2025-01-29 12:07:34.797146,NIFTY30JAN25F,NIFTY,23090.55,3468525,23092.0,23096.65,9419975,25,175
2025-01-29 12:07:36.091004,NIFTY30JAN25F,NIFTY,23096.7,3468825,23092.5,23098.85,9419975,50,50
2025-01-29 12:07:37.399711,NIFTY30JAN25F,NIFTY,23090.55,3468825,23092.5,23098.85,9419975,50,50
2025-01-29 12:07:38.711167,NIFTY30JAN25F,NIFTY,23090.55,3469000,23091.15,23097.3,9419975,200,200
2025-01-29 12:07:40.012503,NIFTY30JAN25F,NIFTY,23096.85,3469275,23091.3,23097.1,9419975,100,250
2025-01-29 12:07:41.318183,NIFTY30JAN25F,NIFTY,23091.55,3469375,23092.2,23098.25,9419975,100,300
2025-01-29 12:07:42.646187,NIFTY30JAN25F,NIFTY,23091.55,3469375,23092.2,23098.25,9419975,100,300
2025-01-29 12:07:43.949283,NIFTY30JAN25F,NIFTY,23091.3,3469375,23092.2,23097.9,9419975,25,175
2025-01-29 12:07:45.248192,NIFTY30JAN25F,NIFTY,23091.3,3469450,23092.2,23097.0,9419975,25,25
2025-01-29 12:07:46.630863,NIFTY30JAN25F,NIFTY,23091.6,3469525,23092.2,23096.8,9419975,25,50
2025-01-29 12:07:47.925048,NIFTY30JAN25F,NIFTY,23092.2,3469550,23092.2,23096.8,9419975,25,150
2025-01-29 12:07:49.323451,NIFTY30JAN25F,NIFTY,23092.2,3469550,23092.2,23096.8,9419975,25,150
2025-01-29 12:07:50.680928,NIFTY30JAN25F,NIFTY,23092.2,3469600,23091.45,23096.6,9419975,50,50
2025-01-29 12:07:51.974928,NIFTY30JAN25F,NIFTY,23094.3,3471325,23094.3,23100.65,9419975,25,200
